id,type,reporting_category,source_id,amount,fee,net,currency,description,status,created,available_on
txn_3k3cVlSISbWMBzCG4jH7m19l,charge,charge,ch_3MMR7ZQU3vwyz2iAxBLkIC2o,200000,6525,193475,eur,Payment for invoice KIM69TMV-0001,available,1644914954,1645174154
txn_3gfENsSENWKn9kenGNo5Wlt3,charge,charge,ch_3DyWgcHtFBwKJtBEt9DMDRZL,59900,1972,57928,eur,Payment for invoice 0L8I4T2H-0001,available,1647955332,1648214532
txn_337CAVmeJ1BzHDPHsxdIkqzS,charge,charge,ch_3ryD9UhhmGgBr59pXM8uujFJ,100000,1525,98475,eur,Payment for invoice X4S6PAUB-0001,available,1648021536,1648280736
txn_3mbOGmb2tCEYOeHe7qezD6Ea,charge,charge,ch_3W5PkUBblQkeyqaezX73pgTm,59900,1972,57928,eur,Payment for invoice DIZ23WU3-0001,available,1649309235,1649568435
txn_3a2QmfIqyEU5YSvPMMtXF4lm,charge,charge,ch_3TH3mDk3gC0YFyKfZghYnzt9,59900,923,58977,eur,Payment for invoice 3YQ0R2G2-0001,available,1649347638,1649606838
txn_3yY5CQCVPGc5AX1pZyHePghN,charge,charge,ch_37C5j0Kproh0V5I86JyZpakW,100000,1525,98475,eur,Payment for invoice JGQW18DW-0001,available,1649359447,1649618647
txn_3yGiUA1bSWlplFB70rxIMT1i,charge,charge,ch_3ZIY73akm4nHRL2RPMAXqNnF,100000,1525,98475,eur,Payment for invoice 93GJJCWW-0001,available,1650459200,1650718400
txn_3zNFsjPCRLPBgk5p3uqlTazg,charge,charge,ch_3sZYzQF2EvFWCqzRbF6agw06,59900,1972,57928,eur,Payment for invoice 4QOQZSAT-0001,available,1650906323,1651165523
txn_3fwjtokTTdBEQKmUxIkeIp2A,charge,charge,ch_3if59oAu39b1jUrdGkUvOPCY,200000,3025,196975,eur,Payment for invoice DZEAD7WB-0001,available,1653753394,1654012594
txn_3bchLOiSZP4UWsAZOWvPmTDN,charge,charge,ch_3biKKddiaq8eLqBFbBSPHcZU,100000,1525,98475,eur,Payment for invoice XF48UHQT-0001,available,1653898854,1654158054
txn_3mW1DC3G1PurSPMw45tneFeG,charge,charge,ch_39uap55kRthnFeg6QYRPFzAH,59900,1523,58377,eur,Payment for invoice AQTI8DGK-0001,available,1654090963,1654350163
txn_3stx04ThKkEZGU4lbnvkNvDh,charge,charge,ch_3g5Gjo4AzvQGaToehrcFVkIO,100000,3275,96725,eur,Payment for invoice BPPQSC3G-0001,available,1655382136,1655641336
txn_3OPFWUV9HQ99Cz7igh0ruyjD,charge,charge,ch_3nPunPUUCVT4O2Zqws1u3lgv,100000,2525,97475,eur,Payment for invoice 9U5QVLHT-0001,available,1656425397,1656684597
txn_3hAMA9oLJkNU62ws9USqagKS,charge,charge,ch_3FUp1cxxVdZUvCndeSLnLTnm,59900,923,58977,eur,Payment for invoice XP9TV2XZ-0001,available,1656576419,1656835619
txn_3czA0im3ddpYbikQqUHIltFF,charge,charge,ch_3fc2zwTXJIyuwUgUJ2ekxBOp,100000,3275,96725,eur,Payment for invoice WHXKZE7M-0001,available,1656673300,1656932500
txn_3oMwaR9xdwi0xNGDsHrTIsBC,charge,charge,ch_3hKV3VvmKTHHujNMsSCw7Ypq,59900,923,58977,eur,Payment for invoice DK83F255-0001,available,1656878686,1657137886
txn_3woJBcIZXwrUJ4Md5RlGsphs,charge,charge,ch_3f0DlncAI80cgQHEpP5zbxxt,100000,1525,98475,eur,Payment for invoice U7HLF0HO-0001,available,1656953476,1657212676
txn_3HmXU5nf2K6378xgJczbmCOK,charge,charge,ch_3gLFjRvSm7Dl4LXUoQFOMsnj,59900,923,58977,eur,Payment for invoice CASLFB9W-0001,available,1657586117,1657845317
txn_3qfZXZllEC2TFFO9TRcZWKAG,charge,charge,ch_3eKTROCdLAgBQtN5xwukjPay,119800,1822,117978,eur,Payment for invoice MPRYY7OQ-0001,available,1658210964,1658470164
txn_3PYexeqwXO1nE0EK7FRAqaj9,charge,charge,ch_3E1q6QpGKVBjhcZlqxsX4Wdh,100000,1525,98475,eur,Payment for invoice L83O1UFA-0001,available,1659438981,1659698181
txn_3AHbU5QoOIyNEc2g5CeE63vt,charge,charge,ch_3s0lxg4NirlUfZtYDFbu137z,59900,1972,57928,eur,Payment for invoice L0IBADSQ-0001,available,1659623222,1659882422
txn_3sGCa2Y36dMBpeudUub2o3av,charge,charge,ch_3ExA8Qw1osSxBYB8zNcUYD1I,59900,1972,57928,eur,Payment for invoice 5H8TF93A-0001,available,1660920332,1661179532
txn_3QqSOcANPybfKT7QtEmFWBEK,charge,charge,ch_3XXs1b0zEu7CqV9HKs2QQHNm,100000,3275,96725,eur,Payment for invoice NLYFHUU2-0001,available,1661146169,1661405369
txn_3SMwdCswcNx9vqD1ba58yM6Y,charge,charge,ch_3llFBtqaRgh9Gqef0cO4eOR2,59900,923,58977,eur,Payment for invoice T6E0LWIR-0001,available,1661416592,1661675792
txn_3B6uhOg2JRBME5j8lAeb4RRz,charge,charge,ch_3EcTY0vb7IfLaP2iidqEt7Hz,100000,3275,96725,eur,Payment for invoice G7WVPE5J-0001,available,1661513080,1661772280
txn_3JcVgWItnVxAby2jEou8t09G,charge,charge,ch_3pzNSxVXPut86mWrxsDZ3ML5,100000,3275,96725,eur,Payment for invoice ZWOJF3MG-0001,available,1662461546,1662720746
txn_3BWxWbBT2TcfIw9UKIMe9Dr8,charge,charge,ch_3hLSPJPK1Toh2CQ0APp2SmMC,100000,3275,96725,eur,Payment for invoice 0GL0QPGT-0001,available,1663076959,1663336159
txn_3ujUMLTU7LIlbNhM2Q87aOr1,charge,charge,ch_3bnEbspV9bObMCEaTtUDsfHb,119800,3919,115881,eur,Payment for invoice 2M87OZQ5-0001,available,1663651661,1663910861
txn_3wxSztqlKBk2ZkGVXClVeEx7,charge,charge,ch_3t73maPVDHBqb3jGUoTFoDYT,100000,3275,96725,eur,Payment for invoice NOQHSK8C-0001,available,1663764375,1664023575
txn_3m3uLSIGyCfNBpmuYZEzjJD9,charge,charge,ch_3UfTwcrUBoehlcEpZBw49GDk,59900,1972,57928,eur,Payment for invoice HM087HJ6-0001,available,1663832011,1664091211
txn_3evSrVhnHG3U3iILeQLcFYZ5,charge,charge,ch_3yi6ZHNN01a9bgTNsm2tygyo,100000,1525,98475,eur,Payment for invoice F1U64IGI-0001,available,1663953117,1664212317
txn_3EEO6o6kd2TOEBTiK9D6OAmK,charge,charge,ch_3SysQcuq8g3HSAGn4WVZ7Zdf,100000,3275,96725,eur,Payment for invoice Z5DD8SLC-0001,available,1664097783,1664356983
txn_33MCmyP1xDmnaHinwjTllj4S,charge,charge,ch_30H6WVaL0EB3M64FyPWzWF1c,59900,923,58977,eur,Payment for invoice 3YQ0R2G2-0002,available,1665158838,1665418038
txn_34JBbIxAI6g6VDTT1XLc99o2,charge,charge,ch_3MKyzeFsDJgPACmI3V1pNSqH,59900,514,59386,eur,Payment for invoice PCQYI7D4-0001,available,1665662362,1666094362
txn_3hQu2f0RbQauxbGWfRIpA0Pc,charge,charge,ch_3tdaFzcOawthYTKf2y5OBivC,100000,3275,96725,eur,Payment for invoice P0NX83AN-0001,available,1666088963,1666348163
txn_3TWWaG2r7xAKo5ccS36jaLIZ,charge,charge,ch_3C6mDYITLNUEkgvQDOhOViaQ,100000,2525,97475,eur,Payment for invoice VYXKUEHL-0001,available,1666118826,1666378026
txn_3SowPF8fNi1gjanNndJUqVxq,charge,charge,ch_3Idpu66LX9MRRJ0tnckVCngs,59900,1972,57928,eur,Payment for invoice 7OBJ82KF-0001,available,1666184999,1666444199
txn_31NtwmVZ5GxtCE5JqOpoQFRP,charge,charge,ch_3u3Azi3hOdv60U042hyb7CUi,59900,1972,57928,eur,Payment for invoice Z5RRBRLU-0001,available,1666193460,1666452660
txn_3MgfzLUElRLMlNRZgPh2Vnr7,charge,charge,ch_3ObqAhEXYrX7nrNMs3UMoq6o,200000,3025,196975,eur,Payment for invoice A556517V-0001,available,1666705669,1666964869
txn_3cn9Eh8jPaTyAH4QYzEOKczK,charge,charge,ch_3yAyuJBO3LTd2znWFMJeKXGj,100000,1525,98475,eur,Payment for invoice 3I7MLMZY-0001,available,1666820159,1667079359
txn_3MKuVTF7M5KzdieGH6GsrO4p,charge,charge,ch_3RYxv3IxoSafmegVL2UroxhY,100000,3275,96725,eur,Payment for invoice NHULT017-0001,available,1666863574,1667122774
txn_3MOzGSFAaXvr1Q8b24jahGq8,charge,charge,ch_31PmEraFfmK8c0gb1dCiXwC4,59900,1972,57928,eur,Payment for invoice V3M25V76-0001,available,1667246663,1667505863
txn_3xSav6DUlcSW0nATvWAMjtX2,charge,charge,ch_3dziUBS2zqwSOYafQXEFwRAS,300000,7525,292475,eur,Payment for invoice JKG19HIT-0001,available,1668403563,1668662763
txn_32rt5qScZ4CL1b1Uenbrg1CT,charge,charge,ch_3M6xoT2uEQiqQ9nQRS2wXY0E,200000,6525,193475,eur,Payment for invoice SRFGSXNG-0001,available,1668607580,1668866780
txn_3BWFgYAd62ArE6TBixtSjBsx,charge,charge,ch_3cxVN6OHxh8NOVZyS9gC8gzf,100000,3275,96725,eur,Payment for invoice 6JG8TBMR-0001,available,1668687589,1668946789
txn_37gug2Cuc1y0S704WbHT6Ezo,charge,charge,ch_3hCitW6gTnT45yQEWpo2mgM3,100000,3275,96725,eur,Payment for invoice U587FT79-0001,available,1668688410,1668947610
txn_3nyMjQdcYBP8EWyJmxlrEpt0,charge,charge,ch_3O62u54B5J4w0F1grNxfmmom,179700,2721,176979,eur,Payment for invoice 28C5E84Z-0001,available,1669382829,1669642029
txn_32gCZHWlclFVUVUMCokauxvP,charge,charge,ch_34xR8gNPyQIEor91JY4E0iOW,100000,2525,97475,eur,Payment for invoice AQTI8DGK-0002,available,1669902163,1670161363
txn_3lqxxMTh8sP8KSNPwszEOZTR,charge,charge,ch_3sP1XEHyqqJUDYlojkjCpzJ3,100000,2525,97475,eur,Payment for invoice XA42VDX3-0001,available,1670210057,1670469257
txn_377crubcemiauIasNyXU1hug,charge,charge,ch_3qFX4Cxtq15OwWVdaO7fG8Gh,100000,3275,96725,eur,Payment for invoice 13MY3ZHD-0001,available,1670583342,1670842542
txn_3qc2FCbMG4rbluqtXNs8u3uY,charge,charge,ch_36h5Xojj0VNUALL5Cv4Zae77,100000,3275,96725,eur,Payment for invoice NTZQI2T9-0001,available,1671457649,1671716849
txn_3lOTzo6IjPcOvc9GJgGroD2r,charge,charge,ch_35TdK39wZxHVGVyyc3CtHnMl,100000,3275,96725,eur,Payment for invoice CEW5HS0R-0001,available,1671516569,1671775769
txn_30h4FvzhRXrLVVE4XsvdnFg0,charge,charge,ch_3DdrwU5tewnpwDLf119l7x49,100000,1525,98475,eur,Payment for invoice 92V1RXA3-0001,available,1671562450,1671821650
txn_3YK5z7p2ib8J2ZGByWjQUNiI,charge,charge,ch_3RSi8f9LhyiVdw4r2V7aI3EY,59900,1972,57928,eur,Payment for invoice D5ADI74N-0001,available,1672041044,1672300244
txn_3qtn9PAjH66mZCPm7vK8cURz,charge,charge,ch_3bV3WDbqC42P6say7adFOatP,100000,1525,98475,eur,Payment for invoice LKYQ52VC-0001,available,1672073974,1672333174
txn_3lDYGQMpBY3OGLb9UNJNnh38,charge,charge,ch_3mZyMPzIXiRUXG74SvvgTanz,100000,1525,98475,eur,Payment for invoice 53FC41TZ-0001,available,1672156734,1672415934
txn_3rZHlFLXpRIxh1pwlwk6ZxMr,charge,charge,ch_3XzTp3vhGLWzILoxKmOrjVGD,100000,3275,96725,eur,Payment for invoice 7GM1AVUH-0001,available,1672157916,1672417116
txn_3yMnNAreCW8eQAi5p6Q8ThBj,charge,charge,ch_3dSgNAXd6mEArbmpmyylwOfZ,100000,1525,98475,eur,Payment for invoice AX3BILQ8-0001,available,1672310019,1672569219
txn_3FCy7IXLBWWHQrHZxhq3gjnH,charge,charge,ch_3N0xE8v8qiXc7d65uz0cm2MI,119800,1822,117978,eur,Payment for invoice DK83F255-0002,available,1672776286,1673035486
txn_3ssV7V8faauTZjklnDUIPWYv,charge,charge,ch_3vUqhaxfiBVcveYgbPBjhKYP,119800,3919,115881,eur,Payment for invoice AX0KUZMY-0001,available,1672958002,1673217202
txn_3C8ZjJVH2gmKGzKLvJZb3xB1,charge,charge,ch_3H8R4GYQWSdCEtrx4sjvmohd,100000,3275,96725,eur,Payment for invoice UBDQ085B-0001,available,1673348721,1673607921
txn_3QfHSq0V1KPMwUu6hjmJHf5p,charge,charge,ch_3sIYt6if1nppoHa60JNA1saC,59900,923,58977,eur,Payment for invoice CASLFB9W-0002,available,1673483717,1673742917
txn_3Wcb7r9DcSyq6Mm4ujWdZ6lw,charge,charge,ch_31UDlbSBB1ayqnVcmclzKpJs,59900,514,59386,eur,Payment for invoice NP1CW4PK-0001,available,1673523568,1673955568
txn_3e6l4rP12Vm2wWdrkAnpCDNj,charge,charge,ch_3bl0lPf4SVDV2l3mLWZIm4Pu,59900,923,58977,eur,Payment for invoice U5CAF49A-0001,available,1673864500,1674123700
txn_3MvNwWEUhFPU6X8IwOA9DLxY,charge,charge,ch_34SJRXM3memt9sIvK4z7giWk,59900,923,58977,eur,Payment for invoice 6AD4166F-0001,available,1673866047,1674125247
txn_33DBKjdVFnB6xBX8y6Awz8YV,charge,charge,ch_3AzTGLEGbr4wbvEUbnrlTNXk,100000,1525,98475,eur,Payment for invoice L1ODXC0P-0001,available,1673884533,1674143733
txn_3HsZSn9SRLHXP9aYiA9lgDMZ,charge,charge,ch_3GGAChu9mso1ExtWxDaXXtIw,100000,3275,96725,eur,Payment for invoice 8T9E1IJ2-0001,available,1673964079,1674223279
txn_3J58VRMcyt5gfB0GPDau6wW2,charge,charge,ch_3EIU6rmDoTXN87RG0mXdmikL,100000,1525,98475,eur,Payment for invoice QA5H20MO-0001,available,1674310994,1674570194
txn_3mGK9pDHrs2UzbdwlqXH5es1,charge,charge,ch_3IXax8BrNa7N6W2ifROESb8B,100000,3275,96725,eur,Payment for invoice 2BMVWFC8-0001,available,1674742171,1675001371
txn_3tib08whm4RsLZDuUx0RvAbP,charge,charge,ch_30yqfhzMXywz4KRi9KlsOT1w,100000,3275,96725,eur,Payment for invoice OTBQME95-0001,available,1674836785,1675095985
txn_3StlmGlAmUR2haRYIzsEuPBr,charge,charge,ch_3tQMV1gvv43VHtklBCwvzHKX,59900,1972,57928,eur,Payment for invoice QXUJ6FQI-0001,available,1674859049,1675118249
txn_3jYBLLHZOtYT8yAFMp0wrgp8,charge,charge,ch_37CnS7gHUYjxsdBXpMtlbKqB,59900,1523,58377,eur,Payment for invoice 5FF1ZYZN-0001,available,1675195703,1675454903
txn_3wbhImD6K4JzIgRlaKLxwkGk,charge,charge,ch_33ZswWEuO2RIlhyv1gBDY8Z7,59900,923,58977,eur,Payment for invoice YG8CT8DY-0001,available,1675258322,1675517522
txn_3EbdcVz9fl8kzBJn7KAC6OG6,charge,charge,ch_3KgPRGqK7AgOefs5x0FcBSqG,119800,1822,117978,eur,Payment for invoice 6J4CW15O-0001,available,1675771126,1676030326
txn_3jnYXZWuYeZU64K6AFUcn30m,charge,charge,ch_3tgYFktLGPy4C3iW1Y5RBpnH,59900,1972,57928,eur,Payment for invoice CW9XE9BK-0001,available,1676377361,1676636561
txn_33kzLqaSqrz4pIeYONbHa40q,charge,charge,ch_3ntuMThGV0fKH2luuRgf4F98,100000,1525,98475,eur,Payment for invoice P79JVPU3-0001,available,1676413130,1676672330
txn_3YOipKCbjtLunomz9qnbPCac,charge,charge,ch_35OURfNjXlEmrrVIGjh2XrUR,200000,6525,193475,eur,Payment for invoice KIM69TMV-0002,available,1676450954,1676710154
txn_3tM0N7sYaqpk2qJ7TT4dEUAF,charge,charge,ch_3FIIGVRrbKnCI9PJaexSPz8d,100000,3275,96725,eur,Payment for invoice 55KLYHIP-0001,available,1676467693,1676726893
txn_3UiOkTHwPwpdcpubiau0sk6c,charge,charge,ch_3g9nWB2X2Vud6pe48ukf2lhv,200000,3025,196975,eur,Payment for invoice D43JIC2U-0001,available,1676884859,1677144059
txn_3VTAKTrpjXo1KKHuMzDj1lZj,charge,charge,ch_3ETujQt6Pq4wr5HhOiR7Yzu8,59900,1972,57928,eur,Payment for invoice TKMHYKPS-0001,available,1677001314,1677260514
txn_3aqpOXUtAkRUbFDCdrKjDmh1,charge,charge,ch_38QtbhRYljAj0s7P02DdPiB3,100000,1525,98475,eur,Payment for invoice T6E0LWIR-0002,available,1677314192,1677573392
txn_3e97X915iwJ7tAyXx2Okeqpi,charge,charge,ch_37ZxPsPghi4Pno1QFU2H3OMR,59900,1972,57928,eur,Payment for invoice N9JC1RZS-0001,available,1677506429,1677765629
txn_3jUZ7lelMMPoO6sAp7a8E4IY,charge,charge,ch_3xB0hpccoLxzUR20nF1E4LxI,59900,1523,58377,eur,Payment for invoice 0CEB8KP4-0001,available,1677682308,1677941508
txn_3i41CqNLDNWDPqvYe5fTYLx3,charge,charge,ch_3kVeoM0H5T2musiuDsjfzz4D,100000,1525,98475,eur,Payment for invoice TVZLBCWE-0001,available,1677714290,1677973490
txn_3jqMwSB4QAYMc3gkLg4U8kCZ,charge,charge,ch_3qEWXpLxtK4B1V1AXxFr6Q9F,100000,1525,98475,eur,Payment for invoice WKTW89RR-0001,available,1677772423,1678031623
txn_3uAlcD8CsFeU5Qd5NPEJYQhw,charge,charge,ch_3mEgCIrFzKDihffxin9qpb2K,100000,1525,98475,eur,Payment for invoice 0RC59GWA-0001,available,1677938766,1678197966
txn_3pr7pe6LdebcPjs3QULtzaQ2,charge,charge,ch_36PbDEPvND1TAbtXOuNNVvgV,59900,1523,58377,eur,Payment for invoice OF159R7A-0001,available,1678032814,1678292014
txn_3JPbNV1eGfaaqdAw0EBJnmyt,charge,charge,ch_3XHLiwNvBEXbrn0ttufUGNWa,100000,3275,96725,eur,Payment for invoice 89MI1BVX-0001,available,1678114593,1678373793
txn_3EVsP1yHOsmhREetQzO0vC3T,charge,charge,ch_3YSAaUIkXlpRUmyiX5k2TfHH,200000,6525,193475,eur,Payment for invoice Q6G6HZ7C-0001,available,1678218355,1678477555
txn_3xhBBXqbXfbO9bE2Oz0uvgO4,charge,charge,ch_3KziIOmQ5VGWnMRMdGGTCJs1,100000,1525,98475,eur,Payment for invoice EMO6I0I6-0001,available,1678368078,1678627278
txn_32J5S9RwbjJ95CVx8tfNJo2k,charge,charge,ch_3X43SM0ft2fyGdoyPY5VtsZX,59900,1972,57928,eur,Payment for invoice S9SEAK66-0001,available,1678719394,1678978594
txn_3kgwRm12ba4pwfUuCILLkRBV,charge,charge,ch_3GWeVoYy6jq08DYJ4wdMek0R,59900,1972,57928,eur,Payment for invoice NF04417H-0001,available,1678949781,1679208981
txn_3Fi9LZqLlcGqLh5Q1YPuw9dI,charge,charge,ch_3gphM7OCZIZIs5HJuLUbc4Ct,59900,514,59386,eur,Payment for invoice ZEM3WKP1-0001,available,1678963739,1679395739
txn_3cN4hvWpvi7b0h64iP6MizQl,charge,charge,ch_36j1lubmpHZHetXwIYK5gCdQ,100000,635,99365,eur,Payment for invoice U3DFFTB6-0001,available,1678969732,1679401732
txn_302V0ehJy3YSusVmUfA5Kyid,charge,charge,ch_3ptPFDtXVowAU75NZNuRsn2A,59900,1972,57928,eur,Payment for invoice OAOKOB66-0001,available,1679066508,1679325708
txn_3j3BUzm3QWUdM3R6hsYzCIkM,charge,charge,ch_3w0H3V1FbdoMbajlWQFfZiOs,119800,3919,115881,eur,Payment for invoice 2M87OZQ5-0002,available,1679290061,1679549261
txn_3mv3NzzJcUIJDxQB4LkHDf0A,charge,charge,ch_3TIUxQh9LSIMpFpwk3zlni3p,59900,1972,57928,eur,Payment for invoice IYZGY15S-0001,available,1679319213,1679578413
txn_3ca7LVctfpviKJW3Z2OvirYa,charge,charge,ch_3opjMJDq1UrqFoAgbtRnwPSI,59900,1972,57928,eur,Payment for invoice 17IJYYHH-0001,available,1679334721,1679593921
txn_3dZ4dDPiAXLOSdfmRjj6QFOq,charge,charge,ch_3V54glAJdoqkTtdLndD6WeWx,100000,1525,98475,eur,Payment for invoice J7LGUTMX-0001,available,1679495957,1679755157
txn_3QchBIFiTWD55ghKNb3bfpAL,charge,charge,ch_3zVFaov8rGB7B44eYlbGcP3l,100000,3275,96725,eur,Payment for invoice ZH0CIIX7-0001,available,1679556808,1679816008
txn_3n9qgRXZt5KIVrElwKOUsCge,charge,charge,ch_3Ycyg613CKWKFRMtBilxLsrJ,100000,1525,98475,eur,Payment for invoice X4S6PAUB-0002,available,1679557536,1679816736
txn_3rxj9hJXHJ8M0ei442ZgxbvA,charge,charge,ch_32jymcaeFoi8ZnPYIVZbprtx,100000,3275,96725,eur,Payment for invoice T26KP25P-0001,available,1679921553,1680180753
txn_3asDl5DfDKlS9RivGDGSrL7v,charge,charge,ch_321qAZNmfO7tCgEgDTD9HvRf,100000,3275,96725,eur,Payment for invoice VCWWF8EK-0001,available,1680100412,1680359612
txn_3Y7LukYSpszqT4j4SxItkmB6,charge,charge,ch_3ov9fW5s2dd8zZXLNzRPGtqn,100000,3275,96725,eur,Payment for invoice HFJJ7YEO-0001,available,1680262552,1680521752
txn_32m1CB0XZ4B3bj5FI0tdCB3X,charge,charge,ch_3b7Z8GmO1mvnVwAie6KNeoeQ,100000,3275,96725,eur,Payment for invoice N7C4C4IA-0001,available,1680528011,1680787211
txn_33rWeX4uszGr1yJ5EMARLfaL,charge,charge,ch_3pSMl9qeGMlJZeGsyXoua80x,59900,923,58977,eur,Payment for invoice W399RH85-0001,available,1680617263,1680876463
txn_3YpBGzxnYfDyoy27lHa6RvRd,charge,charge,ch_3w650OQdP95zaj1nlnAgYOXR,59900,923,58977,eur,Payment for invoice 99MV6H32-0001,available,1680713908,1680973108
txn_3gGHwNRh1kwgLOUf8NGy3Uhz,charge,charge,ch_3A6EXDuVUFXNeBerdxPVaTqL,100000,3275,96725,eur,Payment for invoice RUY8BZSA-0001,available,1680721683,1680980883
txn_3mQx80s0Z6knAQKr4wA6kU00,charge,charge,ch_3RrpprqkYsKSx7wy3yYANm5s,59900,1972,57928,eur,Payment for invoice 7SVU2SR9-0001,available,1680881909,1681141109
txn_3AItClUgHyTe1ACZYQ6ONY8F,charge,charge,ch_3QyWLvkpfGxLOtN3tFN9QwoF,100000,3275,96725,eur,Payment for invoice BB77BSR4-0001,available,1680901823,1681161023
txn_33y2A2sCuZi0mSZpbEVijpGe,charge,charge,ch_3GSOTwIuPOKu9r0dZjgF7oXU,100000,3275,96725,eur,Payment for invoice P4HH4KX6-0001,available,1680964525,1681223725
txn_3kuzwAw2c0x834G0iuic5xn3,payment,charge,py_3D6yQF5yPhxcFNlDQu5ew88E,11000000,500,10999500,eur,Payment for invoice JYJW87YV-0001,available,1681145787,1681577787
txn_3QXFViv1NiJeGHSyVo6N52nE,charge,charge,ch_3EtvYER2uQS8IkMPI8lXqofX,100000,1525,98475,eur,Payment for invoice I90ZQOBE-0001,available,1681205141,1681464341
txn_3FpIGAnqGqSTXUYeGfgqUvwM,charge,charge,ch_3JHVjoplVa86OpSsR2iuUfga,59900,923,58977,eur,Payment for invoice PDGCA21X-0001,available,1681210621,1681469821
txn_3vbYKyoCgI7I2gyzrKYbPCxW,charge,charge,ch_3tGiotmN8YYZu1xjgknNMo1P,119800,635,119165,eur,Payment for invoice PCQYI7D4-0002,available,1681387162,1681819162
txn_3BkyYRf5PrVHzNM0Uov8H4ub,charge,charge,ch_33h6VL3j4nmDnpU4L1CKRUUC,59900,1972,57928,eur,Payment for invoice B0FX1K2I-0001,available,1681400947,1681660147
txn_3kapXPFqbjDQSMdzpZUkuBKD,charge,charge,ch_3FDQ7xik0cah814YRr6UeMaF,59900,1972,57928,eur,Payment for invoice B7PNJH2X-0001,available,1681491135,1681750335
txn_3pAiGZXKVbguEokKJD6kJF9g,charge,charge,ch_3UihN0vinqG8dfDS4htWQsYN,100000,3275,96725,eur,Payment for invoice 9BWE0J48-0001,available,1681562538,1681821738
txn_3AONvgZgyv0DqvxWPubaZCcK,charge,charge,ch_3R0wTc7BTB6MxM87MZVTBxaY,59900,1972,57928,eur,Payment for invoice Z5RRBRLU-0002,available,1681918260,1682177460
txn_3zqPR8HFVFlefw76LRRp5C8S,charge,charge,ch_3jhJZpyyQUehantrrrxKbetk,100000,3275,96725,eur,Payment for invoice BYZXVS75-0001,available,1681963949,1682223149
txn_3skj1shw2ZVVHTwRo0MUob1o,charge,charge,ch_3AdvVld4R61NqOOfhGoofWVB,59900,1972,57928,eur,Payment for invoice 3NVIUVLY-0001,available,1681986264,1682245464
txn_3ML5QAAhKUKgJlJeuS7xvhtu,charge,charge,ch_3zvVyeCujhESPsh589xixxCh,100000,1525,98475,eur,Payment for invoice 93GJJCWW-0002,available,1681995200,1682254400
txn_3BUczsyu7WAlXzY9Qo6jkSnr,charge,charge,ch_3vReXarMBK4ztNTwfOtYT3Ia,100000,1525,98475,eur,Payment for invoice ESQ4WJMR-0001,available,1682243501,1682502701
txn_3yDCNsPbxDNxCQQpeJLfQXxc,charge,charge,ch_34tdctE5iGnTxpO15gQPQqAP,100000,1525,98475,eur,Payment for invoice TGMGGBYN-0001,available,1682362343,1682621543
txn_3hKMjx0k2BiTZsqiPE0paUFV,charge,charge,ch_3ev6asEFSt69f83veVzmZhn6,59900,1972,57928,eur,Payment for invoice 03UZOON8-0001,available,1682530058,1682789258
txn_3BTk3awxC4BjDCovdo9uSkxu,charge,charge,ch_3NMUn36OukTJN3JafvY0o0Pu,59900,1523,58377,eur,Payment for invoice NRC1GP3L-0001,available,1682638632,1682897832
txn_3J5GCNoKBL6HGtBNjuYCjUCF,charge,charge,ch_3spKklmTywiApt9AJMQlSrJJ,119800,3919,115881,eur,Payment for invoice QSG83D9P-0001,available,1683864396,1684123596
txn_3VrcIOZQ765w9EgLF37pPqKx,charge,charge,ch_3Yh32gHIpiBndAsZOgzC98um,100000,2525,97475,eur,Payment for invoice 01F3WY6Q-0001,available,1683984065,1684243265
txn_3oiwmy2VEHmuooUmM0tcBkIl,charge,charge,ch_3jmya62zmkrFsMs06HNPWadJ,119800,1822,117978,eur,Payment for invoice 0IITRZUG-0001,available,1684067843,1684327043
txn_3Y0HHCVOTtSHX1bAYnkwFDFC,charge,charge,ch_3H2wq5QOhk1UsCdI3WvW5Tcy,59900,1972,57928,eur,Payment for invoice EC71ORJI-0001,available,1684157515,1684416715
txn_3iwjKHOxqwKsqo3JfHIvY13w,charge,charge,ch_3XOsNDOUf9Fhhp4jsik7ddc3,100000,1525,98475,eur,Payment for invoice D9230VU2-0001,available,1684325582,1684584782
txn_3UWqMAXm4mRYPTq2aSOmALTF,charge,charge,ch_3yneJr8zRvld7kvEPSOd7ddn,100000,3275,96725,eur,Payment for invoice BSFQNJGW-0001,available,1684355240,1684614440
txn_3nCJ7uVRVI69VkjiLHi6cLg1,charge,charge,ch_3hGTpL9OkGk3yDEskTmaJ2T0,119800,3919,115881,eur,Payment for invoice Z29STCZ2-0001,available,1684748236,1685007436
txn_3vr9F6BJX9Nt0Kh3XuYbTk45,charge,charge,ch_3rMBE9oS9kP0NNJSrltd5Qq7,100000,2525,97475,eur,Payment for invoice AZY8KFFJ-0001,available,1684836018,1685095218
txn_37E0uskxKFwVvToDNFnxeMBg,charge,charge,ch_3CvbYeNm27mY0nOS0tx0K3hZ,119800,3020,116780,eur,Payment for invoice CACH6671-0001,available,1684917415,1685176615
txn_3nLGGg9G6wyZsBIItPoDpWZE,charge,charge,ch_3yRT6u3xBoI5DOxI3lnAcAuV,200000,3025,196975,eur,Payment for invoice DZEAD7WB-0002,available,1685289394,1685548594
txn_3eYPBG840ymi1GWQSxtg000b,charge,charge,ch_3iVCFQwrHQhuA7dPGh3srl4C,100000,3275,96725,eur,Payment for invoice CHUXB8AL-0001,available,1685347919,1685607119
txn_3G7tOunzjZ8E6RRsCUsIpDxy,charge,charge,ch_3cuwmlfgY8Jx6MAwGiC6kCtJ,100000,1525,98475,eur,Payment for invoice XF48UHQT-0002,available,1685434854,1685694054
txn_3oFKe54J0To174Ctn8rMKsVH,charge,charge,ch_3aQBRufGCu5ZG4iyodzGFiHp,59900,923,58977,eur,Payment for invoice FLOYW4T3-0001,available,1685461997,1685721197
txn_30hP37XwSs9zUKmBG8VB3EO7,charge,charge,ch_3LaD21iDzHpSsqQjcoX5EiNk,500000,16275,483725,eur,Payment for invoice IK0FKR7O-0001,available,1685610301,1685869501
txn_3XkzDY3jzWBvCCrZEw0sGqMk,charge,charge,ch_3PhDiMYEKvDMB94qsCmyP6Kh,100000,3275,96725,eur,Payment for invoice YP6N2HSS-0001,available,1686145555,1686404755
txn_33bYTFjJL74Uuaxa32zvbe6n,charge,charge,ch_3xWssHfN9yKPP3nJqYKr7EIO,200000,3025,196975,eur,Payment for invoice 3FTUXD3O-0001,available,1686235186,1686494386
txn_3KtM4RZ5jbyIjTfdDF1BMDfs,charge,charge,ch_30ZvztujzFiDn9wKuyfuEB64,100000,1525,98475,eur,Payment for invoice U747RV2Q-0001,available,1686242609,1686501809
txn_3b7JyiuanmufivTBgHFEAGfF,charge,charge,ch_3fr7jzknthBbxXpk7vJIlQaD,100000,3275,96725,eur,Payment for invoice BPPQSC3G-0002,available,1686918136,1687177336
txn_3Qohbq9eQjHLWWhkDtKhLASK,charge,charge,ch_3k7xSd24HtzP1AZS9msbe4K3,59900,1972,57928,eur,Payment for invoice J0CZXG0H-0001,available,1687168732,1687427932
txn_3Bq0fVImsfFtkpKCxM83lA5E,charge,charge,ch_38m13nP1AkZppRePx7ITqaz4,100000,1525,98475,eur,Payment for invoice VMHZL1S2-0001,available,1687250511,1687509711
txn_309HKuKTXFiXo6F50EygX8cA,charge,charge,ch_3rPgvfBXGknmMOt53CusnDf9,59900,923,58977,eur,Payment for invoice U0NM2FKZ-0001,available,1687252870,1687512070
txn_36p2LoLeh4YQqXt4ZHbu2bWT,charge,charge,ch_3Gbp1iJ7cPw10BsryAwXacGM,59900,1972,57928,eur,Payment for invoice 9UIRSOD8-0001,available,1687369534,1687628734
txn_3LQxlhaEEsQlzBZ0G9emwbTS,charge,charge,ch_3VIOKGLkp07hVm4Ze9B9q0gz,179700,2721,176979,eur,Payment for invoice 6S8RY5UM-0001,available,1687441767,1687700967
txn_3IJYmIer34NNSa1FDRzjBWeE,charge,charge,ch_3VxdcwDqUNIeFY5hzKKJh0E9,100000,1525,98475,eur,Payment for invoice YRFS4ALS-0001,available,1687462337,1687721537
txn_3IyTAPFWQr4f4FB6G5ZQ6yXz,charge,charge,ch_3rFjeWKK8dKPZAd0X68LrnoE,100000,1525,98475,eur,Payment for invoice 62BIN83D-0001,available,1687500739,1687759939
txn_3WZ2OXVTrnZvQ25MdkVpRoJM,charge,charge,ch_3BW0VSPWfgilBC0Iwfn9wQuQ,100000,3275,96725,eur,Payment for invoice BO4F77TT-0001,available,1687516620,1687775820
txn_3zkyJrggURKs3XQfzyXKAGbn,charge,charge,ch_3zF9auXH1KmDf2Zq5TcwbOXp,100000,635,99365,eur,Payment for invoice QPCEQ1P0-0001,available,1687692889,1688124889
txn_3xmSLvyckydZMrF0Y03cvaNl,charge,charge,ch_3h09xtobUThIobshg9gyhs3i,59900,923,58977,eur,Payment for invoice FHYNE5EU-0001,available,1687778856,1688038056
txn_3JWbQhPr362KBrXOi87j0fFq,charge,charge,ch_3aQgZZQ6f4LQvOfv43zkJ1vz,100000,1525,98475,eur,Payment for invoice RYZC0746-0001,available,1687792905,1688052105
txn_3ia07rKKMuj0mdOOgI1oK24M,charge,charge,ch_30UE2vfjtjwQMJtgXGeltF0P,100000,2525,97475,eur,Payment for invoice 9U5QVLHT-0002,available,1687961397,1688220597
txn_3aSD1TFj6xclYheOxhvuhfOQ,charge,charge,ch_3jMFKfFUyu8M2ahSVagSoxNB,100000,3275,96725,eur,Payment for invoice IDW09TKB-0001,available,1688053258,1688312458
txn_3TfGOw7Sp0erKFIcqCiRBWT1,charge,charge,ch_3aCOOugssj4WnaEw4xW873az,100000,3275,96725,eur,Payment for invoice CIDZNGGU-0001,available,1688123427,1688382627
txn_3NQXkcGtbXIh7fzu26iN7XLn,charge,charge,ch_3oHSrQ4s7e1CREU7L5GUb4ei,59900,1523,58377,eur,Payment for invoice J1JRVVRG-0001,available,1688230060,1688489260
txn_3agBotM2ZG0Dbd8zkh8oPjij,charge,charge,ch_3iAiXEKIFFvET6AHFLZDFILr,59900,923,58977,eur,Payment for invoice RYSRC0SA-0001,available,1688314214,1688573414
txn_36arG1vRjFKxsMSybcIvUs1z,charge,charge,ch_3mW28rXMtW8unhNSDd1JdFhj,119800,1822,117978,eur,Payment for invoice DK83F255-0003,available,1688414686,1688673886
txn_3D5tiP61xbIjPO7C99sqQh8q,charge,charge,ch_3cA3FT802Z3Mhca7WAP0rkdA,100000,1525,98475,eur,Payment for invoice U7HLF0HO-0002,available,1688489476,1688748676
txn_3SGVTgDyawwWFaaYDXbkWluI,charge,charge,ch_3IL6ZI0CY3XQCXwL18KRSZls,59900,923,58977,eur,Payment for invoice CASLFB9W-0003,available,1689122117,1689381317
txn_38Wj3xnwe2uoQjtn82PKKcrs,charge,charge,ch_35DGHQhC5glIg1b416R2DJsg,59900,514,59386,eur,Payment for invoice NP1CW4PK-0002,available,1689161968,1689593968
txn_355w4BsfIgzWRPCQpunkBXiQ,charge,charge,ch_3QUziUP2UE9i3YO7YWboo7bp,59900,1972,57928,eur,Payment for invoice LW7NG71H-0001,available,1689260002,1689519202
txn_3w9NHVaauDgqNIF5AXrzMads,charge,charge,ch_32BdsWtzO9B9VJMeXrNh8r6Q,59900,1972,57928,eur,Payment for invoice G5NNGXYV-0001,available,1689272871,1689532071
txn_3COoiA3UPluORgWEyz0nXISg,charge,charge,ch_3yYPmr53vtUTUAASxpRgMI0n,59900,1972,57928,eur,Payment for invoice Q3I4UCYK-0001,available,1689937840,1690197040
txn_3WremVWy2HTZKRN6y1FZNOni,charge,charge,ch_3XWoo6SJQqlWRl3xZHfBCmgE,100000,3275,96725,eur,Payment for invoice F15DVR0P-0001,available,1690193867,1690453067
txn_3V95VeDBPHeXJ1nijcZWdTru,charge,charge,ch_3WqMOMywlHVNMFotuZmao9XZ,179700,2721,176979,eur,Payment for invoice CAPUK6AB-0001,available,1690200841,1690460041
txn_3lxVSU4Fb3b9STxXaUGnVSfR,charge,charge,ch_35rDAPWEuiliP0S2vEb5dkrC,200000,3025,196975,eur,Payment for invoice XHVTXX0G-0001,available,1690415819,1690675019
txn_30dOkO6aHZUrR60jcep9qwGw,charge,charge,ch_3tt4nWpniiScD1Rg8dSRqOcm,100000,1525,98475,eur,Payment for invoice CSCOCJD6-0001,available,1690487455,1690746655
txn_3m32hTzBdHXUzvX3EcjIKzLg,charge,charge,ch_3sZy21qe1rigfS7Vc7mj0A3N,59900,1972,57928,eur,Payment for invoice QXUJ6FQI-0002,available,1690497449,1690756649
txn_3qfp0dyZbkJY9LmgfCk4vKZ9,charge,charge,ch_3QvotGQdvjbyKU1Ml1VP8xpp,100000,3275,96725,eur,Payment for invoice 59NSS2G4-0001,available,1690558185,1690817385
txn_3B1fsf55Stwqeuo7rN21KuL1,charge,charge,ch_3leItoTGNfWLiew69pnhkAxr,179700,5865,173835,eur,Payment for invoice LC01CC64-0001,available,1690798948,1691058148
txn_35AVxAJ3gQj4trdY0xRdF11G,charge,charge,ch_3ht4RhJ4VlrAKJsRqOyKVCVc,100000,3275,96725,eur,Payment for invoice IHJ29VW2-0001,available,1690801233,1691060433
txn_31S5fVrXa2mHu5SoMA0NQmh0,charge,charge,ch_3iFOrY2qZgZUXJP7b2DuS26X,59900,923,58977,eur,Payment for invoice 8EFJJ76M-0001,available,1690843664,1691102864
txn_3R3qges3Sm2lKzw1zTVmzLwI,charge,charge,ch_3idy62sC4rVaxxJKY4MPlapW,59900,923,58977,eur,Payment for invoice YG8CT8DY-0002,available,1690896722,1691155922
txn_3CqqvsEJihK1V7rWdEW5fkMc,charge,charge,ch_3SiVMUZ4yjw5vXcPOgnMhatw,100000,1525,98475,eur,Payment for invoice L83O1UFA-0002,available,1690974981,1691234181
txn_3JoaaBcoP7NxJQlFVvqiD4jj,charge,charge,ch_3yHbV9VsNHdidP7qVUjpH3xD,119800,1822,117978,eur,Payment for invoice 6J4CW15O-0002,available,1691409526,1691668726
txn_3fZjQoZuHBqqmmZm8GXwaJna,charge,charge,ch_3ogueSBYFrK0PGBSdey7yqBJ,100000,1525,98475,eur,Payment for invoice MNLR98D0-0001,available,1691434869,1691694069
txn_3Pckb9fXkBsW28ogGka9DK2d,charge,charge,ch_32mgxq61LUEsLSiZTN8gimtu,100000,1525,98475,eur,Payment for invoice GJSRBFF8-0001,available,1691474843,1691734043
txn_3O2GihzD0GpRXYPTgPYRtAjU,charge,charge,ch_3ttsPhge5NdLfmodojpoPl1J,59900,1972,57928,eur,Payment for invoice 2RDHRFGF-0001,available,1691661873,1691921073
txn_34m323ZPNA71WjwyDZ52Avht,charge,charge,ch_3mUTlYIUCsLVniHlTXQrnkZZ,59900,1972,57928,eur,Payment for invoice CW9XE9BK-0002,available,1692015761,1692274961
txn_3FdMVBIzg544AGXpi8ykZQzm,charge,charge,ch_3rc35y7z7vTeSTbJPZI5KAKE,200000,6525,193475,eur,Payment for invoice NJ88LZ1Y-0001,available,1692038802,1692298002
txn_3aCBM7m4wrG8KbfaGOsX3rwP,charge,charge,ch_3nNMGFuXVp3BueUBFwdIh6Sk,59900,1972,57928,eur,Payment for invoice JX5IRC6T-0001,available,1692093481,1692352681
txn_3w9N4Xk4mJOZ4hxAtVRYfdNl,charge,charge,ch_304LmJLq4a3YRNOpdEqFTpsc,100000,3275,96725,eur,Payment for invoice 61ZRLYNJ-0001,available,1692280035,1692539235
txn_39DSIWQAq3Aj9fREi1VDwWDX,charge,charge,ch_3tra5s2cZjTYTCIqX829s6yR,59900,923,58977,eur,Payment for invoice W5BQMEZJ-0001,available,1692290115,1692549315
txn_3lYZH1L1avIPX1oIRdhcf9hH,charge,charge,ch_3EzHUDDshoZeUXcrYoU4i6iL,100000,3275,96725,eur,Payment for invoice NLYFHUU2-0002,available,1692682169,1692941369
txn_3FqB73e4bxfbL7hUsagHZzDI,charge,charge,ch_3fOnszPivh0Vzwhjor0zxDqD,200000,6525,193475,eur,Payment for invoice EPPZTXRB-0001,available,1692704329,1692963529
txn_3ftdqjvVApcnloNacleO3Vgv,charge,charge,ch_3RIK6LMh6M5ciq6bCMUvQhRJ,119800,1822,117978,eur,Payment for invoice 6DY36O0U-0001,available,1692952036,1693211236
txn_3T9WKpErzB5xoefzAxEHMBBJ,charge,charge,ch_3xtBEFICDW2C9EpDWX5CJkP5,100000,3275,96725,eur,Payment for invoice 981HTZLW-0001,available,1692978722,1693237922
txn_3VCBTS0yPpxn3WNDJl3i86bN,charge,charge,ch_3s1tZdXZOWwEcHoFAKIuvXEb,100000,3275,96725,eur,Payment for invoice G7WVPE5J-0002,available,1693049080,1693308280
txn_3kjHgzt042yUH2hwaBxhg1h5,charge,charge,ch_3K047NA2RJp76abIyB1CvDrE,59900,1972,57928,eur,Payment for invoice N9JC1RZS-0002,available,1693144829,1693404029
txn_372L1JikrTwsMdlccPPhLaSm,charge,charge,ch_3dRdmJiFerBSOtPQcjDpoAiV,100000,2525,97475,eur,Payment for invoice SLPUW4QQ-0001,available,1693210030,1693469230
txn_3XlfZe10MvykkyCYWagrugdA,charge,charge,ch_3C7i0kYIRkM8OvVc1W3PJNn5,100000,1525,98475,eur,Payment for invoice BS9YFPEA-0001,available,1693310391,1693569591
txn_3av6CzRdmPIK9TKNv6zoaPep,charge,charge,ch_3cZ963JQg6aNRlxJyapVnxvJ,119800,3020,116780,eur,Payment for invoice K3WK5JA5-0001,available,1693375145,1693634345
txn_3L0bRVKIccERT2HI8ubPbPQo,charge,charge,ch_34r7FmboxUnLOUofxYLWq2Pl,100000,1525,98475,eur,Payment for invoice G8OQRJCH-0001,available,1693406947,1693666147
txn_3Z225S8HRWF7LsgCQ5nXaNpc,charge,charge,ch_3Z9e5cxOywAxLsIMFAgU0VG7,100000,3275,96725,eur,Payment for invoice I95ZJUK0-0001,available,1693487057,1693746257
txn_3LAT8lYMT9ZAWbESNr13obe6,charge,charge,ch_3KfErheMFiZq86WUdpigixWg,100000,1525,98475,eur,Payment for invoice 44RH4CF3-0001,available,1693569254,1693828454
txn_3ZA1P63rlxBsE6vQidVJ3GZM,charge,charge,ch_34SAVlJjB7MupVQSrFvzHkSh,59900,1523,58377,eur,Payment for invoice 0CEB8KP4-0002,available,1693579908,1693839108
txn_3GZV8BEiY9w2eF4Va8zLGYqs,charge,charge,ch_32H0HnqzipljcASeITRobz51,100000,3275,96725,eur,Payment for invoice WTLZJXEW-0001,available,1693916005,1694175205
txn_340MWXYkYIMuHW6nhHw3wGFl,charge,charge,ch_35tpUldFEXGJUkw9S7YRddXw,59900,1523,58377,eur,Payment for invoice OF159R7A-0002,available,1693930414,1694189614
txn_3MkSzUjHl4fXaaK5ZmdAntqm,charge,charge,ch_3fVnhJWBEwJ6g21WZk7GvLgG,200000,6525,193475,eur,Payment for invoice CYIROZIN-0001,available,1694025583,1694284783
txn_3tljYEsP1m3qs1I59jDJy95V,charge,charge,ch_3rP1wnCu9PV3mtdS9JsrIWLs,100000,3275,96725,eur,Payment for invoice IT3T9Y61-0001,available,1694044607,1694303807
txn_32hPZ96nMJ6xKBSQ2c3vElv3,charge,charge,ch_3qVjoRJuxygJSnHPFuwnrUh6,59900,1972,57928,eur,Payment for invoice OR5DTKMW-0001,available,1694128440,1694387640
txn_38skdNGsFQuW5ukRSG6c79cU,charge,charge,ch_34UrUNhednMrVD8npafIzl1n,100000,1525,98475,eur,Payment for invoice EHKC032G-0001,available,1694175128,1694434328
txn_3Hmmvo3ZvMyZlE6YZGOkpIfS,charge,charge,ch_3c5oW97hRbF8nCHDIBMAokOC,100000,1525,98475,eur,Payment for invoice RCCG8K99-0001,available,1694351174,1694610374
txn_3kmEm3rQS6uwB23EaL0aiQcC,charge,charge,ch_3cP16gWPmzy4i1gJZQKZyOc9,179700,5865,173835,eur,Payment for invoice LHS75SUL-0001,available,1694529562,1694788762
txn_3L68Hr18eud5gUSivVMCnh3q,charge,charge,ch_3v53S1LFJrsyvfGiyxNhR7cH,300000,9775,290225,eur,Payment for invoice K0XP6INP-0001,available,1694562880,1694822080
txn_3c9zE6PqlJZiaTShDdP4CS3n,charge,charge,ch_3sPh5pjPEW2YI8GZJPFLWnOY,59900,1972,57928,eur,Payment for invoice S9SEAK66-0002,available,1694616994,1694876194
txn_3HtbPfWFM17fnMT7VwtKtHPQ,charge,charge,ch_3XhldDn5JhpE5ZuvvyMV2w0A,59900,923,58977,eur,Payment for invoice XX8XEW30-0001,available,1694795193,1695054393
txn_3RSzXq7CR9tkpYreQnOkwyez,charge,charge,ch_3jdHP6F5boQWGJIPc1eUUmGo,59900,1972,57928,eur,Payment for invoice NF04417H-0002,available,1694847381,1695106581
txn_3Gix7dioK2tGvtkZnhel3MLu,charge,charge,ch_3pIHpKt1sHl9Srit2lczkjaU,59900,923,58977,eur,Payment for invoice QL73V2DW-0001,available,1695015594,1695274794
txn_3hSNPIt829aXjsUa9HYhBm5R,charge,charge,ch_36LftCTNctsoCCXvmLvBNmg5,100000,3275,96725,eur,Payment for invoice RLNV4XS7-0001,available,1695035577,1695294777
txn_35voVEc5ZEoWoN9qi3ZhBdVn,charge,charge,ch_3aU9RRVppYiUmQmS6JvqZ3A0,100000,3275,96725,eur,Payment for invoice BB9EESGG-0001,available,1695143313,1695402513
txn_3nbCQQpzFyFmu85l2iPdxXMB,charge,charge,ch_30HdlxBFiwJJOTQqF2Oo4xgD,119800,3919,115881,eur,Payment for invoice 2M87OZQ5-0003,available,1695187661,1695446861
txn_369zGb999oW93oDkb5aVqItD,charge,charge,ch_37pDwjtPfZI8VUykLiyOREEW,100000,1525,98475,eur,Payment for invoice L6YST2MX-0001,available,1695222628,1695481828
txn_3aP4TJToGM0KsnQeojkVMu0l,charge,charge,ch_3ZYnBKrbDf4yoilxqLNoHMTf,59900,1972,57928,eur,Payment for invoice 17IJYYHH-0002,available,1695232321,1695491521
txn_3t9ATgPnbyK8V2ZVDxy438ie,charge,charge,ch_3LVWfF6bWh0O8VGqBmpyfZ6g,100000,3275,96725,eur,Payment for invoice NOQHSK8C-0002,available,1695300375,1695559575
txn_3e12ObdzD4HJGVpDfiVG4tQp,charge,charge,ch_3XiMzwR70T5r8NfhrHL3cneF,100000,3275,96725,eur,Payment for invoice BTSMW3VW-0001,available,1695382913,1695642113
txn_3X9AOMPyNjuF4DhRgkYPqok9,charge,charge,ch_37j5eR3o3GD3HPsI2ywRJ4RY,100000,1525,98475,eur,Payment for invoice IGMUAY8W-0001,available,1695415638,1695674838
txn_399O4CyU4IHN0jvtKKRxdO9c,charge,charge,ch_3nzaLKt0Sri0MxK9f0Sae6zz,59900,1972,57928,eur,Payment for invoice CHJDK95C-0001,available,1695720339,1695979539
txn_3DNAA24TnBh68LUv9dwBv3Iv,charge,charge,ch_3ThbD8nZA0CjWVgpQMkIZJLH,59900,923,58977,eur,Payment for invoice 0PITO1V7-0001,available,1695721988,1695981188
txn_3tnFJo5SZ8abOxQVYXi3t07F,charge,charge,ch_3idreBV4UXj4BkqdkeCyT4eI,59900,1972,57928,eur,Payment for invoice 1AOVSO6E-0001,available,1695725642,1695984842
txn_3XPQ6gTk0VoAyfQPogDJdBHi,charge,charge,ch_3TOCPSd6cc6IvQlaUg40ZQqc,100000,3275,96725,eur,Payment for invoice K7GY4YYO-0001,available,1695806586,1696065786
txn_31TeOd1q2Cjz8FhE9uB9jQhd,refund,refund,re_38YEaEWTkouZt9RrtJsbfEJx,-100000,0,-100000,eur,REFUND FOR CHARGE (Subscription creation),available,1695844737,1695844737
txn_363L5cznJFSsaKFhu6IG9O86,charge,charge,ch_3x43u3IPmAfHh7qbIBH8D65v,100000,3275,96725,eur,Payment for invoice XDVJO63A-0001,available,1695889130,1696148330
txn_3P8rQyqdz6uz8XbnKkDahwn8,charge,charge,ch_37ciAACv60cKkqCsZOr8Z37R,59900,1523,58377,eur,Payment for invoice AVXM8F5M-0001,available,1695899231,1696158431
txn_3wilY1kYoGEOrDgHEe8dsmN2,charge,charge,ch_3Bdl8z6ecks36zDav9hCbFvK,100000,3275,96725,eur,Payment for invoice 3ROQ98SU-0001,available,1695995039,1696254239
txn_3gcMtCQPHd41DMi83xKBhJdj,payment,charge,py_3fToeQpp7vK7SyExTsLykFgU,13500000,500,13499500,eur,Payment for invoice 1N2FR0LR-0001,available,1696010047,1696442047
txn_304MewlOevycojvns38OYMAI,charge,charge,ch_3OU0cmcqll9Jb3CNlaHZagAk,100000,2525,97475,eur,Payment for invoice GIEA9MIV-0001,available,1696267537,1696526737
txn_3O8LkfbI9gbCWmXGZu9OZ2rm,charge,charge,ch_3NT3K6astFq645TE7Mw7r7GW,100000,1525,98475,eur,Payment for invoice Z2RIMSI6-0001,available,1696504815,1696764015
txn_3cPY2bRQQWLZZZoDGZZwDl4u,charge,charge,ch_3yA4WzGP8aWqQqeoPkUFbL88,59900,923,58977,eur,Payment for invoice 99MV6H32-0002,available,1696525108,1696784308
txn_3P7P43zbL9s2uMWvtC2yqGxv,charge,charge,ch_3yykNadUNW8g1pGYEWUe7f0V,100000,3275,96725,eur,Payment for invoice 1YHXNB6Q-0001,available,1696577173,1696836373
txn_3jdaISEEzfqqDGIqwA50iPV1,charge,charge,ch_3L2L2CxK1JoAGXQBANey1fUp,59900,923,58977,eur,Payment for invoice 1P3O8N3R-0001,available,1696614760,1696873960
txn_33E3sYK836xOXku7uj0yJjvy,charge,charge,ch_3ba7tZyrRgokjMUwB9xiEUPi,59900,1972,57928,eur,Payment for invoice 7SVU2SR9-0002,available,1696693109,1696952309
txn_3eh1HUUVG65FMrudDnP2fmbz,charge,charge,ch_3NnhH3ZOda43TyBuzFz7B05e,59900,923,58977,eur,Payment for invoice 8V0CJ17R-0001,available,1696851465,1697110665
txn_3lrwbpf92Eluoandtt44g8kk,charge,charge,ch_3NeoSx98xe16I0jOyrSGvVT4,100000,3275,96725,eur,Payment for invoice 1PRC2URK-0001,available,1696934419,1697193619
txn_3ZnASb3CTz0sT5S6Z2Zqec3D,charge,charge,ch_3Q1jzlzagvDfMBT305nzURMy,119800,1822,117978,eur,Payment for invoice PDGCA21X-0002,available,1697021821,1697281021
txn_3duVTlVuHklNgjGyaIlzSYOV,charge,charge,ch_37e2TSMJGGMlqzP6hsy5MtiO,200000,3025,196975,eur,Payment for invoice CTT7N062-0001,available,1697104074,1697363274
txn_38BGH0mjVvkYI0qaVxZGHD0t,charge,charge,ch_3qV7X85d1oZR06DJZCKXolbC,500000,16275,483725,eur,Payment for invoice IWY7ZSMJ-0001,available,1697108015,1697367215
txn_3PPqkChqu5hq2XBx8P40dOWv,charge,charge,ch_3TpsgXIZ7OkvwTU8lXA81tVY,59900,1972,57928,eur,Payment for invoice B0FX1K2I-0002,available,1697212147,1697471347
txn_3sEfN84A5oSfljarnihucK0K,charge,charge,ch_3G64awXHuOlKYq1mDwPUalrH,200000,6525,193475,eur,Payment for invoice P0NX83AN-0002,available,1697624963,1697884163
txn_3Gk6o9jxShYGDx5njTCyAtMC,charge,charge,ch_34V7p4eFn6t3Zv8fyXuKsKbC,100000,2525,97475,eur,Payment for invoice VYXKUEHL-0002,available,1697654826,1697914026
txn_3kih0RffM4Lf7ExbrPJmS04y,charge,charge,ch_3PTdb07X1utu7qzw7cwae691,59900,1972,57928,eur,Payment for invoice 3NVIUVLY-0002,available,1697797464,1698056664
txn_34w8jEANbKxVKaQZ50PZhVVw,charge,charge,ch_32Nx3SKH0lVLnC9KTdAMEI10,100000,3275,96725,eur,Payment for invoice H9OLT3WL-0001,available,1697815764,1698074964
txn_39S5zOm5f7xj5FKh1bHrJALV,charge,charge,ch_30SbMSUhSejGKgDNNIHuLW5m,200000,3025,196975,eur,Payment for invoice A556517V-0002,available,1698241669,1698500869
txn_3YowR5iTvBLrrwAQ4yLNXQ96,charge,charge,ch_3y3xr8TsnnXwdr6z6uk6FEXm,300000,4525,295475,eur,Payment for invoice 60RDYF9X-0001,available,1698245009,1698504209
txn_3oaLQd6cdtOe7kxLhcqPnPdN,charge,charge,ch_3JOP6SDM4B0xjvvt7XICQAlb,59900,1523,58377,eur,Payment for invoice ECAB02TS-0001,available,1698334249,1698593449
txn_3HIX19oMR4bMhzB9vVIE4PX4,charge,charge,ch_3TKIdsHWiONPj016tQdaO4jm,100000,3275,96725,eur,Payment for invoice NHULT017-0002,available,1698399574,1698658774
txn_3x6FcmvEprA7qHs80dYa5ten,charge,charge,ch_3CNdR0I4chULnrzMMcw9MGP4,200000,6525,193475,eur,Payment for invoice U5UYC1HT-0001,available,1698409766,1698668966
txn_3t7nSLE2wmyOFTqNHlDyogWt,charge,charge,ch_3k62vX2HsWjpLmrPMI8761en,100000,1525,98475,eur,Payment for invoice 219KNECW-0001,available,1698681586,1698940786
txn_37FeJQAKTmTXf4ZIrdrucVFG,charge,charge,ch_3gMzyHzLPfF25E1wandCVs6f,59900,1523,58377,eur,Payment for invoice NRC1GP3L-0002,available,1698712877,1698972077
txn_3Dy43ac5rX3rRM323y6mXBXM,charge,charge,ch_3q3BsCF8fV6pBAnJUAyHT6Eh,100000,3275,96725,eur,Payment for invoice 5Q54KS47-0001,available,1698839724,1699098924
txn_3kIYEGCviTv1H4A5ZIKtP0z7,charge,charge,ch_3un77XpMHwtk3M2ZA3ZW6O9T,100000,1525,98475,eur,Payment for invoice P1NDERFM-0001,available,1698911168,1699170368
txn_3LuS70VJvXK77KMA8mwdhxfj,charge,charge,ch_3V7oWdiohdu4bu4PhH8gCF1M,100000,1525,98475,eur,Payment for invoice BEDUS7J3-0001,available,1699026558,1699285758
txn_3XKh7etpqFuo01KmbwvUK3HI,charge,charge,ch_3bTg0e6b9JKj46S19d2nttp8,119800,3919,115881,eur,Payment for invoice FVEC9DYZ-0001,available,1699094285,1699353485
txn_3MO4MUS1DiHKwpirAABuzGg6,charge,charge,ch_3QoirVEkQhjWlTxKp76YwLsW,100000,1525,98475,eur,Payment for invoice M9SFG97W-0001,available,1699356141,1699615341
txn_3xs2FHmeYS20oMP3OWIFMc2P,charge,charge,ch_3Di16vKWhNFi9rQtO2btnGax,100000,1525,98475,eur,Payment for invoice U8M68O8H-0001,available,1699386809,1699646009
txn_3lT1Ymul0uqa1ghClUqGlWH3,charge,charge,ch_3CxZFPIAdOnVwgMt59cWrcKN,100000,3275,96725,eur,Payment for invoice JB7DD27X-0001,available,1699620404,1699879604
txn_3p5bfBEMAGQtMdluYH2xNLdI,charge,charge,ch_3UpK41JtXFmsyINND0v6zwQi,59900,923,58977,eur,Payment for invoice JQLKA1NL-0001,available,1699884798,1700143998
txn_3nAnR1TGX9G8BLAWyqVmPbHZ,charge,charge,ch_38VMhNNULBV8cMWCF3HkntiX,179700,2721,176979,eur,Payment for invoice 8RAWAVVU-0001,available,1699891788,1700150988
txn_3aEvMhNjnYSovCXNdIYTNykk,charge,charge,ch_3DxuKu3QJzie8iIOP7gf17wi,300000,7525,292475,eur,Payment for invoice JKG19HIT-0002,available,1699939563,1700198763
txn_3dCmFWOMvUDrZ97uuMkYqxJM,charge,charge,ch_3EKhO33SUFNTPxV1V5IIZTdJ,200000,3025,196975,eur,Payment for invoice 0IITRZUG-0002,available,1699965443,1700224643
txn_3ITxTwMBwI866WsZ15JBk2Ay,charge,charge,ch_3FyjBeQa5cFSQSBxsHimJpi6,59900,1972,57928,eur,Payment for invoice EC71ORJI-0002,available,1700055115,1700314315
txn_3kDb8iK7ZUDJD5NGQsv09BxB,charge,charge,ch_3JmIDZssKtN5ZmLWnfTp7ZyH,200000,635,199365,eur,Payment for invoice B3ME94VX-0001,available,1700141454,1700573454
txn_3QCLSH6uaUKYEq7k7R600DFO,charge,charge,ch_3K4oonn9oniGnlUWx88onAAW,200000,6525,193475,eur,Payment for invoice SRFGSXNG-0002,available,1700143580,1700402780
txn_3L4kZPgTP94O0xG6VI8fnphp,charge,charge,ch_3rLgdL4p9NnqsvTOcuYA9LAQ,59900,514,59386,eur,Payment for invoice 50F6727A-0001,available,1700145042,1700577042
txn_3TEKS1b0AzZFc6HhXwPqiZnd,charge,charge,ch_3AdYKqMnu7ZExDOBit8r9iZ9,59900,923,58977,eur,Payment for invoice 81MAUHFJ-0001,available,1700220440,1700479640
txn_3i3yPe3SEpinlbtBbxNs0P52,charge,charge,ch_3j3CkbH8dJdpiOzRQNAEnI8a,200000,6525,193475,eur,Payment for invoice 6JG8TBMR-0002,available,1700223589,1700482789
txn_3m7zYxoaBW88SBe7JqINmYni,charge,charge,ch_3Lb1URVB33iY9G8QX01lMVHw,200000,5025,194975,eur,Payment for invoice J4UUO1HL-0001,available,1700553647,1700812847
txn_39fouBzYTeg0KpFbD3w6L46Y,charge,charge,ch_3BsSF0WyS6shZRhQUkvY2U6k,59900,1972,57928,eur,Payment for invoice 51FR4Y2O-0001,available,1700632371,1700891571
txn_3e7hqp7Z9GeaxyHYPlkOLSWj,charge,charge,ch_3wdHz8yMFLwJvY0sFAoKPcqO,119800,3919,115881,eur,Payment for invoice Z29STCZ2-0002,available,1700645836,1700905036
txn_3sRwaBngs9EXqP6FbQMM8wc7,charge,charge,ch_3yStzsqblmPTQvVy6vID6RJs,119800,3919,115881,eur,Payment for invoice X3DOPLME-0001,available,1700656631,1700915831
txn_3NjOBQLWv7RWgRsFrRINpPDv,charge,charge,ch_36mGf5rDcsSqBRQjOvmsCFtK,59900,923,58977,eur,Payment for invoice 72EMCSUA-0001,available,1700664090,1700923290
txn_3sHrjI0ni8yHhb8dynqW7tex,charge,charge,ch_3T1U2O1PgTkFQI9ApBFPZtFQ,179700,4517,175183,eur,Payment for invoice CACH6671-0002,available,1700815015,1701074215
txn_3WLJQQMuFaB4B4PwcQnGv2xk,charge,charge,ch_3u4M9sAvYWivATX9has5c8XQ,300000,9775,290225,eur,Payment for invoice 0GODUL0X-0001,available,1701095893,1701355093
txn_3sqHPVAbzUSfrrEULAbjTZ6w,charge,charge,ch_36JCWiqg9zkvUZE8nWsAnJPy,59900,1523,58377,eur,Payment for invoice JG60FPC6-0001,available,1701153166,1701412366
txn_3xEfxoHQTBiusem8OzTVHEmV,charge,charge,ch_3aoVVFPvKjqiE4glY0fI5WNe,200000,5025,194975,eur,Payment for invoice MFZLHHRA-0001,available,1701262849,1701522049
txn_3rXMABlEiX1YoNnAjGODAL1y,charge,charge,ch_3qOBC99a6ELHOMEcvDS0bSQU,59900,1972,57928,eur,Payment for invoice B966PEPI-0001,available,1701434258,1701693458
txn_3jUUBWDPIBz7fQlsDFyGkXhg,charge,charge,ch_3oC84lWLqvkLDUjcl9edvi9t,100000,2525,97475,eur,Payment for invoice AQTI8DGK-0003,available,1701438163,1701697363
txn_3hxKA5oHYEN3C7uDkBOxXNom,charge,charge,ch_3GcdrbRDq2kpkFjKnHi1lUDo,59900,1523,58377,eur,Payment for invoice MMZTUYRR-0001,available,1701438376,1701697576
txn_3WrxBWmCvmiVFzJTHNVsexq1,charge,charge,ch_3Y0U33ULCbRqBrDfCoJyi5cB,100000,3275,96725,eur,Payment for invoice SUH6QA2R-0001,available,1701679000,1701938200
txn_3vnFQJxkK1HXXx5I2Df9SnQt,charge,charge,ch_375VDtCTzw0enE8iYnDzGFjh,100000,2525,97475,eur,Payment for invoice XA42VDX3-0002,available,1701746057,1702005257
txn_3AFr5WJ1iSm5CdMOMyBsrI5b,charge,charge,ch_3LlfvbFzw5Y9fvBKb2e9zKDo,100000,3275,96725,eur,Payment for invoice 4NP9ZR1W-0001,available,1701793913,1702053113
txn_3jnCjH9ZtzjxJ1FmkaxRg1FG,charge,charge,ch_3oGSrOSR954xG8JqVqjyofMH,200000,3025,196975,eur,Payment for invoice 4S13CVKL-0001,available,1701846336,1702105536
txn_3UEM0CI2iE4hMOz8FwcCtkb6,charge,charge,ch_3m7eY2xCjUWivgPLMyvLvh1F,59900,923,58977,eur,Payment for invoice UWNFYR5O-0001,available,1701952966,1702212166
txn_3rHMihyFiG7yf5Gjd8GqAeCN,charge,charge,ch_36nnLEHQsRU0K7Bg51WMudg5,100000,2525,97475,eur,Payment for invoice U3R7XMYH-0001,available,1701968938,1702228138
txn_3cn6orcGXPLtleQ34O9aQkAF,charge,charge,ch_30ih9edng5Y3deSnPTuk9M8W,100000,3275,96725,eur,Payment for invoice 13MY3ZHD-0002,available,1702119342,1702378542
txn_3QUlIqtsqyEUuQX9lMv8Jq8R,charge,charge,ch_3bIQkCQY1BCHJvLhvhPED7Ko,59900,1972,57928,eur,Payment for invoice 9VR4IC6Q-0001,available,1702364037,1702623237
txn_3MsvGPmOEqeIU9zqoTKALmTQ,charge,charge,ch_3TE5aT50Wyn5jKA3eB7vdGjH,200000,6525,193475,eur,Payment for invoice DX6JYE2D-0001,available,1702468538,1702727738
txn_30hLl9kXjOrEic6dZnZqZAO0,charge,charge,ch_3ke2TDjA901lWvdGl4LmblAI,59900,923,58977,eur,Payment for invoice IPXA0J28-0001,available,1702651857,1702911057
txn_3vniLB8lsMACDeFRofaBWCZK,charge,charge,ch_3ELZGj2aQ6c5r1hWkhV6Buec,179700,635,179065,eur,Payment for invoice 0XSF7SYF-0001,available,1702655959,1703087959
txn_3gGvSCiw1lsZxMDcyUyqXfKP,charge,charge,ch_3uqUPvkZX78rdzpCXc6SjJ6i,100000,2525,97475,eur,Payment for invoice SH8RF8N1-0001,available,1702658211,1702917411
txn_3PAXvwf8GZ5yKcxFLzcmnEd3,charge,charge,ch_3a5pv9h5fW8CRS6pxXtt5UYu,59900,923,58977,eur,Payment for invoice P7KSG1X8-0001,available,1702904736,1703163936
txn_3CSGqatwU9ePFk4sUxLsjfDz,charge,charge,ch_3rtkBHAmAHTr8qMf0X7xxkz8,100000,3275,96725,eur,Payment for invoice K0MT5CH5-0001,available,1702998754,1703257954
txn_3e4DwJPAX8BBdjfr5qPQb41H,charge,charge,ch_3N901i2c3Nmv6VMWonZH58cv,500000,7525,492475,eur,Payment for invoice KLBQ0KDY-0001,available,1703498585,1703757785
txn_360ZOxlvWkaF9FnGEFgZ4pdS,charge,charge,ch_3K6RdG0zxHeaky0H9qGcLz2m,100000,3275,96725,eur,Payment for invoice 3SA6T2OX-0001,available,1703523745,1703782945
txn_3xdCA3nMtirc7YOL5r7y2RrO,charge,charge,ch_34ROxqvHVqhfGcjDxCac49g3,59900,923,58977,eur,Payment for invoice FHYNE5EU-0002,available,1703590056,1703849256
txn_3OneaYyFMmVVkr7tf9znDIBA,charge,charge,ch_33VTje9BK5Y7MGamd5a3E6gI,100000,1525,98475,eur,Payment for invoice LKYQ52VC-0002,available,1703609974,1703869174
txn_3wVpRDX0G84jPd5XeDmTiqGg,charge,charge,ch_3UDOmIopG547IG3Snu3OZYwO,59900,1523,58377,eur,Payment for invoice VHPJC4UZ-0001,available,1703686579,1703945779
txn_3bHZm0HHZXiK7oz952x8QSMi,charge,charge,ch_38Pae0rla6HcXKlFRomse768,100000,1525,98475,eur,Payment for invoice 53FC41TZ-0002,available,1703692734,1703951934
txn_3tUpuKixb8R8aGiX1SFeAoKb,charge,charge,ch_3KI5IiHEkNbWlDmEPcpG3IeR,100000,3275,96725,eur,Payment for invoice 7GM1AVUH-0002,available,1703693916,1703953116
txn_3p01WnKJye3rPtcpMCPlVJMG,charge,charge,ch_31qnzQzA7iO8XELEeJQY7Uco,100000,1525,98475,eur,Payment for invoice AX3BILQ8-0002,available,1703846019,1704105219
txn_3MVBMPaBMmldNQfB23BPKpZw,charge,charge,ch_3YSctcadOFJF0YqLc2BmHzYn,59900,1972,57928,eur,Payment for invoice QA9VATZ2-0001,available,1704033317,1704292517
txn_3m9hpKtD0bb2eUgUON8F6e24,charge,charge,ch_3FlbdjNYr6X5mdmV7iQAxvuB,200000,6525,193475,eur,Payment for invoice 0FEES6ZF-0001,available,1704100228,1704359428
txn_33I8Ao3lW71GO3fa7WjDFI3u,charge,charge,ch_3lnmfShOrODvAyrLkwQ0XNGw,59900,1523,58377,eur,Payment for invoice J1JRVVRG-0002,available,1704127660,1704386860
txn_3xxN3z7dai3U9qUIZBbyV7ak,charge,charge,ch_3Tsi7m0ddsz4vyH9Em7admXx,59900,1972,57928,eur,Payment for invoice JGB6DROC-0001,available,1704211044,1704470244
txn_36yuP2sBRAfFtqA3BQysMptS,charge,charge,ch_3afMUbss2gqUyFEoPQAzIBvO,59900,923,58977,eur,Payment for invoice RYSRC0SA-0002,available,1704211814,1704471014
txn_31NeJDpdSbks7ceqCdQCnKv1,charge,charge,ch_36KBLkGX20UESh0YVgAiAyCJ,119800,1822,117978,eur,Payment for invoice DK83F255-0004,available,1704312286,1704571486
txn_3lxbhV7XEvh5P9TvYsByKAVZ,charge,charge,ch_3E85uE4mHP1Bbm8sF4rDmXAN,100000,3275,96725,eur,Payment for invoice UBDQ085B-0002,available,1704884721,1705143921
txn_3inEA9e2YTJKoJfDZ6nvb2cW,charge,charge,ch_3XMQsNQJYqhMKydNjKHLbhTt,59900,1972,57928,eur,Payment for invoice W5K88WHZ-0001,available,1704895317,1705154517
txn_3tjOt1UxvTzQob8kz4cRGRXy,charge,charge,ch_3j4MUUpqVdJM1ywUfyelf2sj,119800,3919,115881,eur,Payment for invoice 5Q6UHQ80-0001,available,1704976086,1705235286
txn_3jHzkpgaKQatlADu9xR8bEN2,charge,charge,ch_3tvK4wQNLYw5uLkB9Nsw7v6Y,100000,635,99365,eur,Payment for invoice NP1CW4PK-0003,available,1705059568,1705491568
txn_3HAHmfH0Cn6jd5sh384GWoQu,charge,charge,ch_3PgFI6M6rhKLRunl0iK5uWLG,59900,1972,57928,eur,Payment for invoice LW7NG71H-0002,available,1705157602,1705416802
txn_3Ztrs4DQxxmDs4299xqOSElv,charge,charge,ch_37KPLu5snPRWpfFZXq0X3Q3J,59900,1972,57928,eur,Payment for invoice G5NNGXYV-0002,available,1705170471,1705429671
txn_3MvmJUTriJuzzFb58mHVqzaj,charge,charge,ch_3hlTY4TvQcmwcZLXlTb35gPn,59900,923,58977,eur,Payment for invoice ZIF3VZPI-0001,available,1705399591,1705658791
txn_3BsKEgFMGzs6jSXQUcYSx7xP,charge,charge,ch_35xIUasyJdMeucS4ss1nuaFc,100000,1525,98475,eur,Payment for invoice L1ODXC0P-0002,available,1705420533,1705679733
txn_3xdoAh06b5t8Pga8w9eveRpE,charge,charge,ch_32eezRIfxOfG9oZUE1CnXnxz,100000,1525,98475,eur,Payment for invoice CP7B7BJ5-0001,available,1705675271,1705934471
txn_32eDRFrvB2P5fUt5xjEO84EB,charge,charge,ch_38FgVlPMxAylobyNHs7WQCNx,59900,1972,57928,eur,Payment for invoice Q3I4UCYK-0002,available,1705835440,1706094640
txn_373vEePU9m8u91e0rsA2ryKx,charge,charge,ch_3o1y4idJWo1Nn3dnafEn0LHw,100000,1525,98475,eur,Payment for invoice QA5H20MO-0002,available,1705846994,1706106194
txn_3GXUV0MKiRz7dUi5LFGpGLIB,charge,charge,ch_3CFdtNNWl3lGXdUljX2ZZqui,100000,3275,96725,eur,Payment for invoice I78LRFKS-0001,available,1705917462,1706176662
txn_3F9TxKXqvaYN9zD8MquuFVYB,charge,charge,ch_38bVJvWEXAvFHaLv1IgQ1nRs,300000,4525,295475,eur,Payment for invoice A4BRCSZ4-0001,available,1706001313,1706260513
txn_3HNXaqrOesFiKYT31QI8t3kv,charge,charge,ch_30vP6Jbux2cIGdeBmsOVnkma,59900,1972,57928,eur,Payment for invoice 8CX3ZCGD-0001,available,1706035831,1706295031
txn_3aUi3tDgnjI6NnZas8RY352P,charge,charge,ch_3Qj9WMbGawQomdQAoNknD2O5,300000,4525,295475,eur,Payment for invoice CAPUK6AB-0002,available,1706098441,1706357641
txn_3ejOrFqiuBW6tvbfj0Ksk7ST,charge,charge,ch_35uHhPQGse9HxEPT9O6ow41N,59900,1972,57928,eur,Payment for invoice FJTZLOM4-0001,available,1706102834,1706362034
txn_3nwoWbQSS461UOkceYyk2hBo,charge,charge,ch_3IkXfB4l7iflQgpAa2UewBD2,100000,1525,98475,eur,Payment for invoice I2IX21NA-0001,available,1706184758,1706443958
txn_3ioHDDDk6scxxRtjnTJ1lx8z,charge,charge,ch_3kW1MhPwQo019xBDMLm1qLx6,100000,3275,96725,eur,Payment for invoice 2BMVWFC8-0002,available,1706278171,1706537371
txn_37edXyvtmT3YvHFNl8zJJpz4,charge,charge,ch_37yQF9j6Z1Ckpu0TqzNxNxni,100000,3275,96725,eur,Payment for invoice 87KHO9CB-0001,available,1706278895,1706538095
txn_3d087FUXWv4HVdmN0RXUkhG1,charge,charge,ch_3RvdvpGVq7jGhRaQtYFxcerj,59900,1972,57928,eur,Payment for invoice QXUJ6FQI-0003,available,1706395049,1706654249
txn_3TPAZoaF9V0H1T1DIPL0QW2H,charge,charge,ch_3Y1ZTkoGyG2RTtIlnnRp1mG6,59900,1972,57928,eur,Payment for invoice BXZM5L5L-0001,available,1706542257,1706801457
txn_3hJAdaNUHAtgKeC7Y1C3tvu7,charge,charge,ch_3GHgbFyk2Z3IjM7uWZuiGZZV,100000,3275,96725,eur,Payment for invoice L7S20PUH-0001,available,1706629477,1706888677
txn_3W4UZvLK8S3Sr5fSJY2lt9vS,charge,charge,ch_3HTF1FWP3E5K6o1wtl8QkwSi,179700,5865,173835,eur,Payment for invoice LC01CC64-0002,available,1706696548,1706955748
txn_3CP2gjCHlopEifIgF5DipWo1,charge,charge,ch_3duoNA7lk7Ta2lVmUMdL7kMg,100000,3275,96725,eur,Payment for invoice TQ7KTZSE-0001,available,1706706938,1706966138
txn_3BF1kwTsyyafZ0z37vh6WItJ,charge,charge,ch_32NawslUyHryji1Ngms1Amli,59900,923,58977,eur,Payment for invoice 8EFJJ76M-0002,available,1706741264,1707000464
txn_34Utotw9l3thajXZpUYqJ8XO,charge,charge,ch_3iW1EokeC1indCN8UaA811gZ,100000,3275,96725,eur,Payment for invoice 8XY4CWTO-0001,available,1706929064,1707188264
txn_31KxPt8eK5dzePr0BAQsl0tW,charge,charge,ch_37I1rHCRXyKEMoGkDJs2iaFi,100000,3275,96725,eur,Payment for invoice 77NWU9EL-0001,available,1707118725,1707377925
txn_3JoVa9H25OhiKRAbzt6TGuAV,charge,charge,ch_3ZHa6BIUFAUYDJZIWQjlTOf4,119800,3919,115881,eur,Payment for invoice JBER5KBG-0001,available,1707235667,1707494867
txn_39Gt8cWkQfjuusFavuXvPqBF,charge,charge,ch_39FfaSrx9IbYYQUW691tSy1P,179700,5865,173835,eur,Payment for invoice ULRIBXUJ-0001,available,1707273741,1707532941
txn_3wbcu0z22lFNbbzwwAhCKHNn,charge,charge,ch_3ciZ8wR2iIoLfZ8nBEHeox9Y,100000,3275,96725,eur,Payment for invoice MSQNPPXZ-0001,available,1707388873,1707648073
txn_3NJ7UXvzQBY773v5xemaMOy3,charge,charge,ch_3R5Ejbs7xSb0ypkGXme57tLC,59900,923,58977,eur,Payment for invoice NZ1U6H6M-0001,available,1707398003,1707657203
txn_3GhdXqN5IyTYxXS3sCIf32qv,charge,charge,ch_3h37QklOBp1DLmPR0hu50LfO,100000,1525,98475,eur,Payment for invoice P9X3DL1R-0001,available,1707402606,1707661806
txn_3XDhdBK8eY6QMrmWOTEkKnaG,charge,charge,ch_3ts66kR9Ln449MmEanUtzcgv,200000,3025,196975,eur,Payment for invoice 4ZX24QK8-0001,available,1707444563,1707703763
txn_3Vp1jF1B4rYbu8hMBdayGExS,charge,charge,ch_39E9mwD0wsiQOoFDWXfHpet8,100000,3275,96725,eur,Payment for invoice E6GCPGXX-0001,available,1707488824,1707748024
txn_3r8qpTKEuwDYSCHqou9WkReK,charge,charge,ch_3HRb6NEAESKqY6NxaYv4RCS6,59900,923,58977,eur,Payment for invoice U758CJP5-0001,available,1707800855,1708060055
txn_3vcW3rkibFTe9iILV774frQA,charge,charge,ch_3rcsVAKlsDxsa4AlpiXuI2hw,119800,3919,115881,eur,Payment for invoice CI0DABFI-0001,available,1707836011,1708095211
txn_36p18zTEcRuyqWtPfBmW3bhM,charge,charge,ch_3ZpxNVdyaO7McqEqEqnLvybx,59900,1972,57928,eur,Payment for invoice QLOCJNRT-0001,available,1707912263,1708171463
txn_3DP4nzjicf0IW9LKWQZH1Xqt,charge,charge,ch_38uSw0WgcXxodzgaR1WrZ6el,59900,1972,57928,eur,Payment for invoice CW9XE9BK-0003,available,1707913361,1708172561
txn_3XAElzVOQdgjw0a16yFIyhA6,charge,charge,ch_3lMIIfndkA8eOIOLxLdkw6Th,200000,3025,196975,eur,Payment for invoice XGHXXCYL-0001,available,1707924840,1708184040
txn_3nFbxSbCypHx0Ot5mupocPqL,charge,charge,ch_3mi0s2uUBAxkLCh5GQQs0oHS,100000,1525,98475,eur,Payment for invoice P79JVPU3-0002,available,1707949130,1708208330
txn_3tHplCsvrqslhy4YMIfuOAud,charge,charge,ch_31X2IuJohm70AqCzOzoHEasi,200000,6525,193475,eur,Payment for invoice KIM69TMV-0003,available,1707986954,1708246154
txn_3X52aeif3t6Q4xpuXEDHDU90,charge,charge,ch_3oZCvZIlChwM2R53kFsD01Wo,100000,3275,96725,eur,Payment for invoice A410114X-0001,available,1707996610,1708255810
txn_3lIvQoBais9dgWGbnDQxVyuj,charge,charge,ch_3lLPK2W6IBmAYlJXUg7vjfZX,100000,3275,96725,eur,Payment for invoice 55KLYHIP-0002,available,1708003693,1708262893
txn_3J1H5hJaiYMcXQnBmnlPNngf,charge,charge,ch_3v0Btpnc1rKAkEXZbM3lBZFS,59900,923,58977,eur,Payment for invoice URQ11C3T-0001,available,1708083479,1708342679
txn_3tgIWj4vCS2wtRXUtBge0xDx,charge,charge,ch_3UAfKgsIXToGUJyy4ch9s75u,59900,1972,57928,eur,Payment for invoice U8F22GJ1-0001,available,1708095987,1708355187
txn_3tGKWGF6HRWkCxpn0QGeuKba,charge,charge,ch_3A1EsfvwJx0f5Ueu3Kaqyyp1,200000,6525,193475,eur,Payment for invoice 02F0JFZJ-0001,available,1708353475,1708612675
txn_3RJaCuHufZJLQGrLPR7DYpIH,charge,charge,ch_33RyUpPtCnyABSeSycRnNsHz,200000,3025,196975,eur,Payment for invoice D43JIC2U-0002,available,1708420859,1708680059
txn_3VjT8blb1CwxwdKbMv34t75p,charge,charge,ch_3tFxpVSFjmLtZgY6VTxypTZf,179700,4517,175183,eur,Payment for invoice KU6J62GF-0001,available,1708427342,1708686542
txn_3hWPz2MyXOHkjSJWfrfkcm7q,charge,charge,ch_36OYF2DWFrpsmJN5heAo9VGp,59900,1523,58377,eur,Payment for invoice 1I23T4PY-0001,available,1708527412,1708786612
txn_3d79nKeFwAXYHScZ0echiU73,charge,charge,ch_3dndGM2usV8SLjXK4KZBX3d2,100000,3275,96725,eur,Payment for invoice VCYZWRAM-0001,available,1708627299,1708886499
txn_3X42Oox0HHT9K75QlWfz4oFo,charge,charge,ch_3MMGqXITeUXwIgiUVjYekawb,119800,1822,117978,eur,Payment for invoice 6DY36O0U-0002,available,1708849636,1709108836
txn_3fhKgZhSrmh6D736QMq7yM1p,charge,charge,ch_3DdiLR3AgtxcR9n59OfovBfM,100000,1525,98475,eur,Payment for invoice T6E0LWIR-0003,available,1708850192,1709109392
txn_3EQAO0s4XQxbMNFRHLwJwW9I,charge,charge,ch_3XsJwwtG4NCRAIiBe48baKyO,59900,1972,57928,eur,Payment for invoice 5U52A8YS-0001,available,1708931199,1709190399
txn_3ZO81qdqwbPta2qzGWh3Dvcn,charge,charge,ch_34FwhjDcjlChyu5gm0MtmetZ,59900,1972,57928,eur,Payment for invoice OACS77FM-0001,available,1709038166,1709297366
txn_3WYJmb6dtuARk5NYyufObSE7,charge,charge,ch_3EeI4cYl0Uuf6VN4ZHwYvDIr,59900,1972,57928,eur,Payment for invoice N9JC1RZS-0003,available,1709042429,1709301629
txn_3saHf2EoWYaO1r0PoKTLp0uN,charge,charge,ch_3RKb6b2ukk7mXspKGw8BmNbm,100000,3275,96725,eur,Payment for invoice MAIRK3K7-0001,available,1709046384,1709305584
txn_3vESUzlLcYG8wCW6rksGetcl,charge,charge,ch_3Cr88FCyfuDkRtw0t5EcwZJW,59900,1972,57928,eur,Payment for invoice 6CV2XGNY-0001,available,1709056671,1709315871
txn_31jBJwYsKMZBZS07YZJBCeVW,charge,charge,ch_3rXNEMjYKPELuNfUuS9s5Yeo,100000,3275,96725,eur,Payment for invoice KZJARF2L-0001,available,1709112822,1709372022
txn_3PrOTclXX9J7f1bHhSrOlM3U,charge,charge,ch_3oy4ir4qys9AAx0VowbbMTse,59900,923,58977,eur,Payment for invoice LFJMYMGY-0001,available,1709216944,1709476144
txn_32GWz79RwwhHza830yHKwS0h,charge,charge,ch_3uBKlSh59oGtbIXhrtm33jtH,300000,4525,295475,eur,Payment for invoice AJ8TC1K7-0001,available,1709293375,1709552575
txn_3TChBtPL0MKbEJstckq2ko9D,charge,charge,ch_33XouvJO33XfAHc2wQZC4axT,300000,9775,290225,eur,Payment for invoice QX2SON75-0001,available,1709307741,1709566941
txn_3IzXlWaofBmBuXD8NaCF0qUo,charge,charge,ch_3yUJFOcabDGSIWQfgmD6ln07,100000,3275,96725,eur,Payment for invoice RYMMSSBB-0001,available,1709312444,1709571644
txn_3SlUo8QmFw3JYCiWfEQYxsd9,charge,charge,ch_3WzwyleeA2X66gdkf9mlS8zC,59900,923,58977,eur,Payment for invoice S6I072Q5-0001,available,1709370180,1709629380
txn_3UXuVxSyHLAuIwbp7WXFCEMF,charge,charge,ch_3YHci9zXz0OuDfZ8Cgbiz7jV,59900,923,58977,eur,Payment for invoice 0RC59GWA-0002,available,1709561166,1709820366
txn_3BFcQsEjPnoHQjw3fkjcWpfY,charge,charge,ch_3FMsJCrdtYxzYqU6fowX42S2,100000,2525,97475,eur,Payment for invoice OF159R7A-0003,available,1709655214,1709914414
txn_3hr5h1CIxmp8LrDJRg7pZtKa,charge,charge,ch_3K3PaEV5ckSYfsPWMVJ5xsDP,100000,3275,96725,eur,Payment for invoice 89MI1BVX-0002,available,1709736993,1709996193
txn_3wqfM71bosC0XKD6CLIs0h1c,charge,charge,ch_3ZrO8cZ915sDskPdwvwIgFIr,200000,6525,193475,eur,Payment for invoice Q6G6HZ7C-0002,available,1709840755,1710099955
txn_3RU4SZtKTSyOqp1P95FIgO0o,charge,charge,ch_33iYy9KU7dtoBv26Xo1uARo1,59900,1972,57928,eur,Payment for invoice OR5DTKMW-0002,available,1709853240,1710112440
txn_3mFHUM0AUzdEbsj2eyH3rgNH,charge,charge,ch_3hi9DLztgFlg42SmUnZPZ5cL,59900,1972,57928,eur,Payment for invoice S9SEAK66-0003,available,1710341794,1710600994
txn_3PoW3YvhwIWRONVBdet5abKY,charge,charge,ch_3ChLVSNChdjd6DSSdREYS5Od,59900,1972,57928,eur,Payment for invoice RV9IEHX4-0001,available,1710510437,1710769637
txn_3uK8LbQr6xjbwivkw04sPQbF,charge,charge,ch_3L4lmbod2AOtbdrg5uzWiAvX,300000,9775,290225,eur,Payment for invoice LHS75SUL-0002,available,1710516322,1710775522
txn_3zHtcf8lWWmw007wZglFoim0,charge,charge,ch_3SXcXPNJnXQvSl30HrZWfp7g,100000,1525,98475,eur,Payment for invoice XX8XEW30-0002,available,1710519993,1710779193
txn_3Y8JYCPQ9bIPrgw3x3rmqdSr,charge,charge,ch_3udIaxjaVlmjt2HYPWSpKOZJ,100000,635,99365,eur,Payment for invoice U3DFFTB6-0002,available,1710592132,1711024132
txn_3joxs1pddQp8n8g1mdS2on1D,charge,charge,ch_3GC1LmBRIegVcB13Fgwl3Rxr,500000,16275,483725,eur,Payment for invoice KI8EZE4E-0001,available,1710593319,1710852519
txn_3qxqqjBE22S5gsyF7aRcQ5Ec,payment,charge,py_3ygtVRr818rd78cmEiftgN7l,18000000,500,17999500,eur,Payment for invoice L99WZD41-0001,available,1710683163,1711115163
txn_32AOHa2s9TZ8oRJPZMqj0Rp5,charge,charge,ch_3hiRrgxLkS55ApBbhB9MlzyU,59900,923,58977,eur,Payment for invoice QL73V2DW-0002,available,1710740394,1710999594
txn_3cbGiAumzhiV52AwbLRJtwOa,charge,charge,ch_3kky1gV0aHn2OptgWxs8KtMf,59900,1972,57928,eur,Payment for invoice X3A4SO4Q-0001,available,1710863549,1711122749
txn_3lTH1xWtOQpsGQew5PCIHmfa,charge,charge,ch_3BomY0Sp05qwfvmLHcBXs5s3,200000,6525,193475,eur,Payment for invoice 2M87OZQ5-0004,available,1710912461,1711171661
txn_3Z48AaoWfBO6bAQbPQq5CNom,charge,charge,ch_30FNobUK1Aa7jlcZnl10MMcg,59900,923,58977,eur,Payment for invoice FI1Y21L7-0001,available,1710933380,1711192580
txn_3danBkilRy2NPigGM8OzVIjS,charge,charge,ch_3PeQ3xOyPSv9Yr9EDZRKeVm4,119800,1822,117978,eur,Payment for invoice T0LGSZQ1-0001,available,1711025070,1711284270
txn_3IQ09EP6jZjWTvglSnA2obAf,charge,charge,ch_30k0p83Jxuid6atFOF7DIbif,200000,3025,196975,eur,Payment for invoice J7LGUTMX-0002,available,1711118357,1711377557
txn_3tqyrCzSYn5jZ1Enq2pQsDtc,charge,charge,ch_3nCREon8QdtMgV1Jn3gYFsSg,100000,3275,96725,eur,Payment for invoice ZH0CIIX7-0002,available,1711179208,1711438408
txn_3QyyqA7GDMJ5JWRZSluhXPkb,charge,charge,ch_3i0h7tbRIlblBYUPDEfdmeNq,100000,1525,98475,eur,Payment for invoice X4S6PAUB-0003,available,1711179936,1711439136
txn_3lFvLLfsLZE37ophFKYgNsmG,charge,charge,ch_3opMMZODWqmn2QrFOb3CkoV3,100000,3275,96725,eur,Payment for invoice TQA3QZ44-0001,available,1711273831,1711533031
txn_3fB7yGCFBBaXKWycijfjWlJ7,charge,charge,ch_3IejrquoREyGS8QqezhTaBSl,100000,1525,98475,eur,Payment for invoice LUZY615W-0001,available,1711360595,1711619795
txn_30li8hSjJHNHgWS64QaURY7d,charge,charge,ch_3dtmikUzjHkpMltW1YamOBPn,59900,1972,57928,eur,Payment for invoice YRHMCN1S-0001,available,1711375218,1711634418
txn_3roi78MbHeAZbac9pGSb4mCy,charge,charge,ch_335Q4BqQcAgo12Ahz70lGhGi,100000,3275,96725,eur,Payment for invoice XVWJ7TYY-0001,available,1711380610,1711639810
txn_3ERlT5UhaoFpc3cxlib79xAP,charge,charge,ch_36yfhlVRMx3Qz9nvpi5QzYyO,100000,1525,98475,eur,Payment for invoice 0PITO1V7-0002,available,1711446788,1711705988
txn_3MWC2s42BgMTitE4JRkeytHY,charge,charge,ch_3P73anA5WGq0Lg8GEmffszD6,100000,1525,98475,eur,Payment for invoice 8EVMFA3D-0001,available,1711521934,1711781134
txn_3EeNaCrrkKmEV8eRlEtOn2YF,charge,charge,ch_32Frg9tUmpN12LgRgs420cej,100000,1525,98475,eur,Payment for invoice 9OG0VQ3T-0001,available,1711537413,1711796613
txn_36ZZgsx7aabcL2sGhCvQ0yT0,charge,charge,ch_3m3BxYlv08kdpzOeVXQ9bE2H,59900,923,58977,eur,Payment for invoice 94UKBJO1-0001,available,1711620743,1711879943
txn_3rS8JGyWya0Fkx2S7uNhmkSB,charge,charge,ch_3bzCfkHcsEBJwUIYPuWiYiQx,100000,1525,98475,eur,Payment for invoice G85I8T6Y-0001,available,1711796723,1712055923
txn_3sqig19VYmTSA9fxlJ6MTTyV,charge,charge,ch_3gh8PTotvX9jzsNIJBMTRGlu,59900,923,58977,eur,Payment for invoice B6K9BY1G-0001,available,1712084301,1712343501
txn_310FiT9pv2dhGqoQomXwxkg3,charge,charge,ch_3jgra6t5i2I6kdg6HjlQuOB6,59900,923,58977,eur,Payment for invoice 5VDTMU3D-0001,available,1712131029,1712390229
txn_3aFIEWehwPvccrn90lHBgL1l,charge,charge,ch_39JYeUDtPJI1jVfEklGkQVkt,100000,3275,96725,eur,Payment for invoice N7C4C4IA-0002,available,1712150411,1712409611
txn_3jizSVGbzt9j0AdPksCpcCaY,charge,charge,ch_3JN8QDIFVB6ySUlvSxjLEoTe,119800,1822,117978,eur,Payment for invoice 8KK58QVR-0001,available,1712222170,1712481370
txn_3HR22IDqlkPsJCYQvIZITmEu,charge,charge,ch_3PcP8CrUr6ZsoqjRlJyGa27N,100000,1525,98475,eur,Payment for invoice RDKB52TF-0001,available,1712224457,1712483657
txn_3Gh03CDEgwaROkVTLtwzrUqw,charge,charge,ch_3wB1KXDhhI6VcA5h4EuGMp93,200000,3025,196975,eur,Payment for invoice 6IYZPL43-0001,available,1712240185,1712499385
txn_3rWTsVD9WOn960qpFsXO660j,charge,charge,ch_3bADNRPxDMEM5tVyvKKw7w7q,59900,1523,58377,eur,Payment for invoice 2QMKSV34-0001,available,1712304223,1712563423
txn_3m5xIMbPwVJfKVmDaRU0XNXX,charge,charge,ch_3LUlPlo2JgMyOHZchmzUj1ff,100000,3275,96725,eur,Payment for invoice 1PFZGX7V-0001,available,1712326692,1712585892
txn_3YSgyLx3MksXTCuqCRTibTGj,charge,charge,ch_3FRmWCzfqeVARpNGqDpxAZuN,59900,923,58977,eur,Payment for invoice 99MV6H32-0003,available,1712336308,1712595508
txn_37tJVgU2cAc3SbCPe8tdQD7n,charge,charge,ch_3zk3yZbuOIE4wsVXcZi7E6er,100000,3275,96725,eur,Payment for invoice RUY8BZSA-0002,available,1712344083,1712603283
txn_3taWTaV13yjkifGlAK1BIfPh,charge,charge,ch_3KHtGmcyTGBAS7FsmBJqR0V6,119800,3020,116780,eur,Payment for invoice S5965XGD-0001,available,1712351849,1712611049
txn_3hCwfJXIQfUEuepsgWh48EyD,refund,refund,re_3lPnqkXja47RXfktx6G1xmOh,-200000,0,-200000,eur,REFUND FOR CHARGE (Subscription creation),available,1712418745,1712418745
txn_3u4erqVfzbJhH8nKP8r201gf,charge,charge,ch_3grBN3tkl0X510Dh6liGJADZ,100000,3275,96725,eur,Payment for invoice 7SVU2SR9-0003,available,1712504309,1712763509
txn_3bDPZ85WB8K7HoGNo8Shzl3Y,charge,charge,ch_3SjrUDnIQX0cd0Y5UHLjhczc,100000,3275,96725,eur,Payment for invoice BB77BSR4-0002,available,1712524223,1712783423
txn_3lmodUa3EqhmNGMvx2Cce6bJ,payment,charge,py_3YZ19hqg6LMMNhiUqlPkJoVp,12100000,500,12099500,eur,Payment for invoice JYJW87YV-0002,available,1712524767,1712956767
txn_3XXBMijg9xjbIieeiDaZqzxd,charge,charge,ch_3VEwTA8ds3WQZaOz2z9sbLTy,100000,1525,98475,eur,Payment for invoice KBAZVO7K-0001,available,1712578804,1712838004
txn_3Ep6KrEHCJhPGEhG8lnQiXbA,charge,charge,ch_3epztE6T7KWphuotn0mpwMyO,119800,3919,115881,eur,Payment for invoice MTK3HS53-0001,available,1712585018,1712844218
txn_3V5ja35tn6F8bSw01usijdeW,charge,charge,ch_3gPNcM51L9RW03HZPaLNmDkt,59900,1972,57928,eur,Payment for invoice 7FMHSU49-0001,available,1712651370,1712910570
txn_3c1du8HmmApEx985AcJiPj0O,charge,charge,ch_3ztBF5wmUDMTt5T3tMP6HWq5,59900,923,58977,eur,Payment for invoice 8V0CJ17R-0002,available,1712662665,1712921865
txn_3F64fDm4swxFDFYgX6EV0YiN,charge,charge,ch_3Ij6FPKXFNz1tR2yWeoHAhV6,59900,1972,57928,eur,Payment for invoice CI9M28XT-0001,available,1712665168,1712924368
txn_3v1C6LMpq2z0RPMclV7JTl5w,charge,charge,ch_30zFUpjYbM2FQJac71irGc6S,59900,1972,57928,eur,Payment for invoice FB0PIEGU-0001,available,1712747157,1713006357
txn_3tPgRDiCGGwvFkzORwhr35ky,charge,charge,ch_3aDGQ0pR3z7rmzTxYLCBItB1,100000,3275,96725,eur,Payment for invoice UGU1LHH4-0001,available,1712748413,1713007613
txn_3Lki8InZHqxtxwHDRTZnYZJJ,charge,charge,ch_3WWUEF5AexQWDOx98utfenNA,100000,1525,98475,eur,Payment for invoice I90ZQOBE-0002,available,1712827541,1713086741
txn_33yK6t3eJ0rMBAib7c4lK9ov,charge,charge,ch_3iKkJ7KsFwUHMR8b8OppBe4s,200000,6525,193475,eur,Payment for invoice XKCB0OCE-0001,available,1712828120,1713087320
txn_3SiVYBH0JduNgIuJPJKtvJ4D,charge,charge,ch_3VEhFYDGELGYY6NW659CSumo,59900,1972,57928,eur,Payment for invoice B0FX1K2I-0003,available,1713023347,1713282547
txn_3FOqgwoaHTZwnGuQSRKZE3Kt,charge,charge,ch_3rS4TcLSYvWbmmmFDjrxB9mv,59900,923,58977,eur,Payment for invoice 5P5YQTQE-0001,available,1713255028,1713514228
txn_3jtyM9FBkxeD93JWulZnKhzX,charge,charge,ch_304De5tPsbd6bQhbNleKBYCJ,100000,2525,97475,eur,Payment for invoice T6L9341P-0001,available,1713258262,1713517462
txn_3lHCrmxWA4inpLytZ45IVjRv,charge,charge,ch_3wBWR8hBUFRvmhl0ERgsmzQ0,100000,2525,97475,eur,Payment for invoice XIJP57IL-0001,available,1713545246,1713804446
txn_3rE7JJsoiC1MJtlCaa1DK6W5,charge,charge,ch_3Zodtckz87rGdWoD2T1vzjRt,300000,9775,290225,eur,Payment for invoice PIQ5B3E9-0001,available,1713546380,1713805580
txn_3iKI9iI6pRtp3TbeQjCAM3o9,charge,charge,ch_3IR7xmetNT9xTPJM2fmh48ew,59900,1972,57928,eur,Payment for invoice 3NVIUVLY-0003,available,1713608664,1713867864
txn_3OQeRPZfEXqVS2tD0dy2tx0p,charge,charge,ch_3bdeusp9eSnpmAs7x6YNaRDI,100000,1525,98475,eur,Payment for invoice 93GJJCWW-0003,available,1713617600,1713876800
txn_3jv8sIMerzASpoPBVk0g6AlQ,charge,charge,ch_3ohkpbIyoLykn3gVq0dU95Fm,100000,3275,96725,eur,Payment for invoice DLXKIJJR-0001,available,1713675579,1713934779
txn_3KQUaAxmG0jpP0HCysq8Jg1d,charge,charge,ch_3ye8CHI6QdCFnocd1HWdWHGU,59900,1972,57928,eur,Payment for invoice XYB8FTBU-0001,available,1713707091,1713966291
txn_3uXpDpDzJfrCiEMSTx8KuGEc,charge,charge,ch_3NwkxgcAB8wXhkNeLKZijEKt,100000,1525,98475,eur,Payment for invoice WND2LW6T-0001,available,1713766979,1714026179
txn_30KqkChGoVUQZbX3YUsrmOMV,charge,charge,ch_3pDMqWLb0G9stJLKdvFTLpLg,100000,1525,98475,eur,Payment for invoice ESQ4WJMR-0002,available,1713865901,1714125101
txn_3lVAA7FNQ3hw52x5VApQmT2Z,charge,charge,ch_3NZb71Uv1JjTwcAlqjnZq3Ra,100000,1525,98475,eur,Payment for invoice G746DZQI-0001,available,1713900570,1714159770
txn_3jP6xNzObnotRvCTPsrEqQfz,charge,charge,ch_37RcxEsnslalWjEgsnJjqIuF,100000,2525,97475,eur,Payment for invoice IQOWE4FB-0001,available,1714048282,1714307482
txn_36ra38fmqt8tDp5DR17NYg2i,charge,charge,ch_3jdU9ZF8mrp4KR1aW2tg6Bii,59900,1523,58377,eur,Payment for invoice ECAB02TS-0002,available,1714145449,1714404649
txn_3VTpyxg8CCTb96nmWssATjen,charge,charge,ch_3RshCEp8xzAkNOfoqm1YcTLw,119800,3020,116780,eur,Payment for invoice NRC1GP3L-0003,available,1714260497,1714519697
txn_3Ktve8hf19qslgIrADAHT5x5,charge,charge,ch_3qnouauRxbPvzD9YqFwhsVtg,299500,635,298865,eur,Payment for invoice H4MO3F2B-0001,available,1714482228,1714914228
txn_3xno0Y7JaBZ7YgFKL3Z8gs1R,charge,charge,ch_3BJ4halwW44yW2es08MqcC92,100000,2525,97475,eur,Payment for invoice 3JTB1KO7-0001,available,1714485475,1714744675
txn_30FjfBaqoPH2PMNVTAfj9PGL,charge,charge,ch_3w0SbxwjIBwyq2zVt3Exi8CE,59900,923,58977,eur,Payment for invoice GLYV94YP-0001,available,1714494845,1714754045
txn_34HhnCgn6d87wJ7c1oLYUYhg,charge,charge,ch_3TobL9iKV8vMN5T6bQYZPoWb,59900,923,58977,eur,Payment for invoice IW88EVZA-0001,available,1714519041,1714778241
txn_3LMbTpbA3xAPNDQuA46rCeGS,charge,charge,ch_3QwQsGju1eakQ1oJ859b6Bp4,200000,6525,193475,eur,Payment for invoice 2BPKCYEF-0001,available,1714570629,1714829829
txn_37GhOGddTw8o0poiPDywivBB,charge,charge,ch_3ixro8wo9gszezOvjxHgGSC5,100000,1525,98475,eur,Payment for invoice TV6W4GBB-0001,available,1714647662,1714906862
txn_3axW5CcMTir3ZZx09Tj2gBIv,charge,charge,ch_308zzqht7JQgJhyAi4lzHLO4,100000,1525,98475,eur,Payment for invoice ITTMB0JM-0001,available,1715009463,1715268663
txn_3jKCz2SjDtDI0jghjoHbGSlh,charge,charge,ch_3sc335bvX3XfV3VIFfcpLGya,59900,1972,57928,eur,Payment for invoice O14BVT74-0001,available,1715070617,1715329817
txn_3b86lKGb3m1jLuEMdOwDURgr,charge,charge,ch_34rl8vmniroEWZesH1va0haj,300000,9775,290225,eur,Payment for invoice LMWT9NKO-0001,available,1715085028,1715344228
txn_3CY3OBqvrzhBghytTRjFtEG0,charge,charge,ch_3RzP4GXUCeAfinLDGoWdKrsQ,119800,1822,117978,eur,Payment for invoice FYL80FKS-0001,available,1715106722,1715365922
txn_33rsachDp0ekOgJIysOulrCF,charge,charge,ch_3fyh6ViOtxWn3gkITuDEelgK,200000,6525,193475,eur,Payment for invoice WBNH5S0K-0001,available,1715175666,1715434866
txn_3x1NobPDo9y1nDc6qE2S8cQR,charge,charge,ch_3sG6VVD8aXLXG0lvO2jEUHUs,200000,3025,196975,eur,Payment for invoice HZMK39MN-0001,available,1715258960,1715518160
txn_3Jpu5ob4AFRV9xcpQ1iWOcgN,charge,charge,ch_3XcSUV5aCPC5MiZoJKHs4PUv,59900,923,58977,eur,Payment for invoice OHM3NCQ6-0001,available,1715382527,1715641727
txn_3QNB4OwOcdfoOwH2Nw8ZbrSA,charge,charge,ch_3M6UEttszv3dPoPEGzkU1CWy,100000,2525,97475,eur,Payment for invoice YBJRQ7LY-0001,available,1715603151,1715862351
txn_3vnYCP0rQ7MnUp4nJlX6roNb,charge,charge,ch_3YlacMg2y14NSIZKT9iCZUm0,100000,2525,97475,eur,Payment for invoice 01F3WY6Q-0002,available,1715606465,1715865665
txn_3XjWgDkTWoKQnK4hQ6Y1lZpe,charge,charge,ch_3PDHIM5PZvC78YutKu899RGt,179700,2721,176979,eur,Payment for invoice 8RAWAVVU-0002,available,1715616588,1715875788
txn_33SQ5FcmiMkiyWOiMJ4eJJMM,charge,charge,ch_3URKYfFJ0mVbE13l4TWhHagF,100000,2525,97475,eur,Payment for invoice JKUHTV57-0001,available,1715676151,1715935351
txn_3OrWzWPeXrUC5Ecyi0QqZi9a,charge,charge,ch_3x7tgPlOMvfvI35dMUywkxZF,100000,635,99365,eur,Payment for invoice EV79MD2Y-0001,available,1715689297,1716121297
txn_3t0Gy6zHTdFF8Yrr9ZiuJMpj,charge,charge,ch_3zhh2ah4vWNibi5QDAZAsHqr,59900,1972,57928,eur,Payment for invoice EC71ORJI-0003,available,1715779915,1716039115
txn_3tnakZQVC6rtirsDn2L1xtyL,charge,charge,ch_3a8eAdsYUR5I0YCi5ALATih0,119800,1822,117978,eur,Payment for invoice F5Z21IX1-0001,available,1715783924,1716043124
txn_3fXqEn2eJz8AL4c3iLOMf81R,charge,charge,ch_3yt8p9vBMTveeowzGWbGBANa,100000,635,99365,eur,Payment for invoice SEZ9PG43-0001,available,1715848387,1716280387
txn_3cXptgFgI9A9N5ZzPkyvTpHZ,charge,charge,ch_38SWmoGoSuOgWCqbc2hwwmuH,59900,514,59386,eur,Payment for invoice 50F6727A-0002,available,1715869842,1716301842
txn_3YtLMwJmwga2EEDU5dfAWQLK,charge,charge,ch_3ua43sITS4qE61GIZIksk0s8,119800,3919,115881,eur,Payment for invoice O24OYZOT-0001,available,1715923626,1716182826
txn_3kuxkpX8qSkBTCY8RQJBs7ua,charge,charge,ch_3S6DKvIH3XwJlyxPQHHb7FXM,119800,1822,117978,eur,Payment for invoice 81MAUHFJ-0002,available,1715945240,1716204440
txn_3la7AjeqfL0SPVRxImNyhxgn,charge,charge,ch_3f6HNaRpDnnyXd41sc9RbCpL,100000,1525,98475,eur,Payment for invoice D9230VU2-0002,available,1715947623,1716206823
txn_3NCfbRQtSJs3j9hci758tXrU,charge,charge,ch_3K0dNeQuQ8ovL2tyKgVdbEPF,200000,6525,193475,eur,Payment for invoice BSFQNJGW-0002,available,1715977257,1716236457
txn_3RXbxf6l2CSmFq7UCUpxxMAH,charge,charge,ch_3ThE9grNAuMRPs5TgGfG2Xhj,100000,3275,96725,eur,Payment for invoice UHDQ5KHT-0001,available,1716295048,1716554248
txn_3Ym8MRXD70DGt6gcd3zpA38B,charge,charge,ch_3ee2XS0C5soGkJDOXELOmWjI,119800,3020,116780,eur,Payment for invoice VK6SFG9L-0001,available,1716295917,1716555117
txn_3NbAKQrba8Vl4P12kUY1bEmA,charge,charge,ch_3IZhBOFzW0LYlPNkclErSd1V,100000,1525,98475,eur,Payment for invoice MEFY9MKH-0001,available,1716299713,1716558913
txn_3PdbGbaIhxfwQBLwcZ4MERMw,charge,charge,ch_3SSAnv0J81vD1YIjLE1a6tN9,119800,3919,115881,eur,Payment for invoice Z29STCZ2-0003,available,1716370636,1716629836
txn_3QMGj3h84SiuCdCvtHJ8gGhP,charge,charge,ch_3JLwHNUUiz5QaM2Uqxrtrt3F,59900,1972,57928,eur,Payment for invoice 35Y23DE9-0001,available,1716384545,1716643745
txn_3B4Dq6m5Lv0Wc7lca8T4rk4V,charge,charge,ch_31kJTHzNoD594vH7Gr5fPApo,179700,4517,175183,eur,Payment for invoice YGG95D2A-0001,available,1716438144,1716697344
txn_3x4OYW9PCVa5gokOXd3MjSka,charge,charge,ch_32TxBrFKcP2hm2bTpGvweNkI,100000,2525,97475,eur,Payment for invoice AZY8KFFJ-0002,available,1716458418,1716717618
txn_3imKFIUIdHWnMKoSE4N1JX73,charge,charge,ch_3CStl7NIlKQQKDeKmIlq38ZI,100000,1525,98475,eur,Payment for invoice IA2YW3ZC-0001,available,1716459952,1716719152
txn_3RB2DZ41gIQPdy8URw74Scpr,charge,charge,ch_3f6I8mh2jslqLzalF8dJ84hQ,200000,5025,194975,eur,Payment for invoice LJD5A5M6-0001,available,1716580238,1716839438
txn_36Vs7VRWN2A1JsZtQeO8XmQj,charge,charge,ch_3Q4Y9LkKmvniq8VYzRW0PbYy,100000,3275,96725,eur,Payment for invoice KTKEHURL-0001,available,1716646486,1716905686
txn_3QOL73ToKydWxdLURKBApuUs,charge,charge,ch_3dWeUYewbJncDblqEPMZ8IfP,100000,3275,96725,eur,Payment for invoice ZELFKGM1-0001,available,1716909397,1717168597
txn_3qInlGUdlfRh4JGo0PiG7cOF,charge,charge,ch_3yshnxzZJkkYGBWEOSfD03zp,100000,1525,98475,eur,Payment for invoice B4QXK0M8-0001,available,1716989998,1717249198
txn_3e9pr4xq9Im82yk6PLeM7gQm,charge,charge,ch_3pR3R8Vk7sjiSSVtv6KX6d06,59900,923,58977,eur,Payment for invoice 72EMCSUA-0002,available,1717084590,1717343790
txn_3vwJTOSeYo6JZTP1MwTGDoZg,charge,charge,ch_3JiYfV6Y7WQTRjJeEl16dGbn,500000,16275,483725,eur,Payment for invoice IK0FKR7O-0002,available,1717232701,1717491901
txn_3A9fS5CnE5uqqBqIvfWtww0z,charge,charge,ch_3Nerg1WPJ1L9QdQ81OQvv6wE,100000,3275,96725,eur,Payment for invoice 16HJQETG-0001,available,1717510249,1717769449
txn_37GPq1kPwXvBEY5p3kmxCfZG,charge,charge,ch_3OnNdDtMUC9h7k4LewNNR76z,200000,6525,193475,eur,Payment for invoice XWMVABP4-0001,available,1717598868,1717858068
txn_3fAvhIpNn6ZU7KNHEv4h4Qm8,charge,charge,ch_3KAoWs4jtItrAppaVmFv1jrO,100000,1525,98475,eur,Payment for invoice IALAZ4AO-0001,available,1717612487,1717871687
txn_3lblwoYaTCf5XoZxZFSZHxrB,charge,charge,ch_38WeaqCU9PM5XVUuscIC0Nk8,59900,923,58977,eur,Payment for invoice TTAFINK5-0001,available,1717654719,1717913919
txn_3EZPnVpv6ucbEgGwQfzAuXoS,charge,charge,ch_3zz4g1symKmypJJTAAAmnSMM,59900,923,58977,eur,Payment for invoice HB78H7K2-0001,available,1717711872,1717971072
txn_3bisOQNZ696i47iYWqEhDraR,charge,charge,ch_3a9w7zwIcdjYrH5JrdT6nLzE,59900,514,59386,eur,Payment for invoice 3U0BPLCJ-0001,available,1717759604,1718191604
txn_3BfFeDUQ8KH7noZnJNyuzMyv,charge,charge,ch_3K7zMmoS26bQPAiXNS4AVTl6,200000,3025,196975,eur,Payment for invoice 3FTUXD3O-0002,available,1717857586,1718116786
txn_3koCIX5nJsarFg0lOsvGd92Q,charge,charge,ch_3mAewBQjv5JKaCFmURvRyvTu,100000,1525,98475,eur,Payment for invoice U747RV2Q-0002,available,1717865009,1718124209
txn_38XKcZjyi24L1aw43P7JWXFS,charge,charge,ch_3zGIBEbeHCaetwSKE4Ml9gau,59900,1972,57928,eur,Payment for invoice 9VR4IC6Q-0002,available,1718175237,1718434437
txn_33KEZTOrG0Sf3cXCqaTJuQon,charge,charge,ch_3XM0iAkImA3TVwdKS6ga86TX,59900,1523,58377,eur,Payment for invoice 0HPHHJUQ-0001,available,1718348769,1718607969
txn_3NfoHiHTGLkJLZxVt1G7mavs,charge,charge,ch_3VRR6izJWfHzoxp1fmrrgYcA,100000,3275,96725,eur,Payment for invoice 8LJLI8XR-0001,available,1718366021,1718625221
txn_3gkC7Ivz88M8sTUiDTVyjMg6,charge,charge,ch_3sKz0mM2eLVMFf5Tdzdtc1ZL,100000,3275,96725,eur,Payment for invoice NCFU0LX6-0001,available,1718382121,1718641321
txn_399uuZkf8gh7oJY2ypaGu3GJ,charge,charge,ch_3upZT07hwct23jT7CD2zk3mN,100000,1525,98475,eur,Payment for invoice 07NY7ZNZ-0001,available,1718385006,1718644206
txn_3g3eb07rFTn6Tkv66MTySFnZ,charge,charge,ch_3y93Glrqnrpl0KnN1TGeHtL6,179700,635,179065,eur,Payment for invoice 0XSF7SYF-0002,available,1718467159,1718899159
txn_3D22D0lTVs1sxqEepIoB3ULt,charge,charge,ch_34KbMZBF59YQEj3PtSL5tpnt,100000,3275,96725,eur,Payment for invoice BPPQSC3G-0003,available,1718540536,1718799736
txn_3ygeUHxsGCwtXwdfirroLmKU,payment,charge,py_30mWa5tNHpCZHZAvtHrcrlQF,12400000,500,12399500,eur,Payment for invoice I6GZV5W8-0001,available,1718576267,1719008267
txn_32aLosJCaRk0WWcqxt4zx3Jx,charge,charge,ch_3TOBTBr2DSiO8raWsh6V2jYW,100000,1525,98475,eur,Payment for invoice GCYBR7Z8-0001,available,1718642668,1718901868
txn_3RmQZx6E6NC3W7aWFoNmNjKN,charge,charge,ch_3o3bqSNgqjNU3UQvIk2KLKiM,59900,923,58977,eur,Payment for invoice P7KSG1X8-0002,available,1718715936,1718975136
txn_3a0AePaxqixZdTOJmgddeF2D,charge,charge,ch_3Xh4pdTpA7zDjdguOuWUyDnd,100000,3275,96725,eur,Payment for invoice VGVACAAL-0001,available,1718872262,1719131462
txn_3VYO9hvEUwka08hl8YIfz8Pw,charge,charge,ch_3rdY1E84dJjOqvslvIusBz8S,100000,1525,98475,eur,Payment for invoice VMHZL1S2-0002,available,1718872911,1719132111
txn_3OQlhUCoN7RmOsvmGptPRfRq,charge,charge,ch_3D3oj34XDaD0B4mnPe42R8Xg,59900,1972,57928,eur,Payment for invoice JOTTLM1V-0001,available,1718962525,1719221725
txn_3zbOuYChwhHhX7vgLkQgmi2O,charge,charge,ch_3eR5sFuvLz9XurLpU4d1XOdA,100000,1525,98475,eur,Payment for invoice YRFS4ALS-0002,available,1719084737,1719343937
txn_38XpTdfjMSvZT820DmLzXlNr,charge,charge,ch_3eveRYr7H73vDIHWweeAqrkG,100000,1525,98475,eur,Payment for invoice 62BIN83D-0002,available,1719123139,1719382339
txn_34mDNl1xZOzivxOlWSXy4d9s,charge,charge,ch_3grV2M1lNUBLt25Ua6DD2KoS,200000,5025,194975,eur,Payment for invoice FBQGSPRR-0001,available,1719310608,1719569808
txn_3orNGbMWh4WpzyrXPwrZmxj6,charge,charge,ch_34GtR7MByyirmXXWKuBDJs63,59900,514,59386,eur,Payment for invoice QPCEQ1P0-0002,available,1719315289,1719747289
txn_3Azd9wY95qA5JKVmHRpCDteF,charge,charge,ch_3UySLF9rbEOvYeUhY810FDDZ,100000,1525,98475,eur,Payment for invoice RYZC0746-0002,available,1719415305,1719674505
txn_3ZjKLBKyc6WhDHXGaApTJKOc,charge,charge,ch_3Rk6Nxxt9QmVhPLhw8FrMsKN,200000,3025,196975,eur,Payment for invoice YKQTNJBU-0001,available,1719433663,1719692863
txn_3aL5rLMGhk6SJU3mgAwlgado,charge,charge,ch_3RuJnu5svLSyCIdYRci1wJyR,200000,3025,196975,eur,Payment for invoice UE5F7LFE-0001,available,1719501409,1719760609
txn_3565wzEmPqJG61Tp9yPiWvLF,charge,charge,ch_37BuPHxHdlX9tOfZ6Yr07m18,119800,3020,116780,eur,Payment for invoice F882YZMW-0001,available,1719593205,1719852405
txn_3DRXrIemxM2ga4YpqwysKzA6,charge,charge,ch_3PwlpFrjOgACcShEuCYZcgpE,59900,1972,57928,eur,Payment for invoice KXRYEAEN-0001,available,1719593973,1719853173
txn_3Vf7ZA9xghC2NnqC5otP6TIL,charge,charge,ch_3OnPegaibBKzbQkSrvTguHgq,119800,1822,117978,eur,Payment for invoice 9ILRACQJ-0001,available,1719611191,1719870391
txn_3Ad63UomMklrMc5JGjWphTNf,charge,charge,ch_343I7Ugtt3Hi4jpluZD9cSHs,59900,923,58977,eur,Payment for invoice FHYNE5EU-0003,available,1719664296,1719923496
txn_36aZlkGz6GWifJaBn8i7IMOb,charge,charge,ch_3Eqlt51wJkoW6fTugPDNJHkP,100000,3275,96725,eur,Payment for invoice IDW09TKB-0002,available,1719675658,1719934858
txn_3tOeFfYY2FOjrHh958BZvLFN,charge,charge,ch_3W3NPqG8jai2SBcUYwYr9Lyu,100000,3275,96725,eur,Payment for invoice CIDZNGGU-0002,available,1719745827,1720005027
txn_3etVNWcGeaeqQkvNBNBzUxgl,charge,charge,ch_3iMlTKTin9AIqnwFDScr4TIN,59900,1972,57928,eur,Payment for invoice 6V8QDKWX-0001,available,1719830205,1720089405
txn_3TQCjqJBjBIFctr6YJTSVs9B,charge,charge,ch_3PhRJaXdNbbjPKyXK80xoluv,100000,3275,96725,eur,Payment for invoice W5Z1NW9D-0001,available,1719830981,1720090181
txn_3YsPBM9nl9ZNQqqBwBGMv2gk,charge,charge,ch_3wboeKBhFfGHpC8ixAJeiXmb,100000,3275,96725,eur,Payment for invoice BO4F77TT-0002,available,1719835440,1720094640
txn_3rcgLf6Jk9DoPKtjDQ12GoFc,charge,charge,ch_3VFycRKuADcAmMMR70OoOFO2,100000,2525,97475,eur,Payment for invoice J1JRVVRG-0003,available,1719852460,1720111660
txn_32JgHxctjrFQhExn6LbgTjTM,charge,charge,ch_33QqeAgOKRNEVSw6LJcxiJH6,59900,1972,57928,eur,Payment for invoice JGB6DROC-0002,available,1719935844,1720195044
txn_3XL7MTlfkBprWfimdPQokSdG,charge,charge,ch_3cIMBcaybjtkgsrpPXCMpy47,119800,635,119165,eur,Payment for invoice C1DGXPKB-0001,available,1719989902,1720421902
txn_3Fz5MAJ3x3blcZy1J2ZJmcof,charge,charge,ch_3Sr2EtgOjRENH1P2wmKCe7Au,59900,923,58977,eur,Payment for invoice QLMFBAZG-0001,available,1720011442,1720270642
txn_38PEL14WwnzsgzyGNFSVWEpE,charge,charge,ch_3i6HEfWGKOLtA8vKZBHGSzt2,119800,1822,117978,eur,Payment for invoice DK83F255-0005,available,1720037086,1720296286
txn_3YmsM2GixfboDYZT3mRtThLJ,charge,charge,ch_3Mz1ytDl299vztbhC4KexJuh,100000,1525,98475,eur,Payment for invoice U7HLF0HO-0003,available,1720111876,1720371076
txn_383qyRZJqhPdoQiIhzFvusJv,charge,charge,ch_3AGQYn3N6BtJ9QAmBJQFL3T1,100000,1525,98475,eur,Payment for invoice DHNODIT8-0001,available,1720277071,1720536271
txn_3BeQ47Hmd0UAR1bsjh0Zf2pW,charge,charge,ch_38l9Iej2vwCFZqMiptSroeDD,299500,9759,289741,eur,Payment for invoice IH7GCTMO-0001,available,1720533324,1720792524
txn_3QNu5jVWMiuomecnHOMAry8G,charge,charge,ch_3PmGFfGxKjlvr1gx4LG7incZ,100000,1525,98475,eur,Payment for invoice Z29JZCMZ-0001,available,1720611067,1720870267
txn_3YQUJXqrt7eBQSfVs6QykW0d,charge,charge,ch_3hqXM60vxq4SAGbDc4pO5VAm,119800,3919,115881,eur,Payment for invoice RZA7K3G3-0001,available,1720614398,1720873598
txn_30FPCch0ywi0u68vlgxw7fTT,charge,charge,ch_3BgV3twlH5LBAHZ1N9GhB5sj,59900,1972,57928,eur,Payment for invoice UKZ4P7XS-0001,available,1720617302,1720876502
txn_3X2U1KMgzs8rLQjpttZJGisz,charge,charge,ch_348BJzdAPOWACrhe4KaCK9To,100000,3275,96725,eur,Payment for invoice G2DURNT8-0001,available,1720624470,1720883670
txn_3hbhziUZCHBwwvmv1xgWAvWC,charge,charge,ch_3CjfyMydjf0oPU7DdYwhbp3s,300000,9775,290225,eur,Payment for invoice B4684YE7-0001,available,1720627089,1720886289
txn_3WMDBOqnMKj8Eblz48xCfWoZ,charge,charge,ch_3rPIdcbu0idqCNruqqkNeYGQ,100000,1525,98475,eur,Payment for invoice GZIZLGD5-0001,available,1720707030,1720966230
txn_3Fytw5KDcR9mEIdG2nsgM3ct,charge,charge,ch_3rN7ESottSg8q3QtkyPugXjh,59900,1972,57928,eur,Payment for invoice LW7NG71H-0003,available,1720882402,1721141602
txn_32bXcvLoh8O2viFzCJGyh7sy,charge,charge,ch_3KRgVGJ230Ajq0SUiN6wfUiL,59900,1972,57928,eur,Payment for invoice G5NNGXYV-0003,available,1720895271,1721154471
txn_3WhlmztTllQP3Lp5ejYzkqIU,charge,charge,ch_3pSCuS1DKDITummvHwQp8IvZ,100000,3275,96725,eur,Payment for invoice R2W5B6MD-0001,available,1720977435,1721236635
txn_3llFAZSwoRG2BdEfHYuP99QM,charge,charge,ch_3OXWcxRVh0GedmbIulxIdhQC,59900,923,58977,eur,Payment for invoice ZIF3VZPI-0002,available,1721124391,1721383591
txn_3VepMmbHL9batKkoihyfp3Za,charge,charge,ch_3sJMAFU2nHYuLtBW1Fe7n0TR,100000,3275,96725,eur,Payment for invoice TALTACNP-0001,available,1721413717,1721672917
txn_3sQMtWrEKc2CIgO4g2Pu7Xkq,charge,charge,ch_3M7mQ2utM8qroc1mGyLCB6c1,119800,3919,115881,eur,Payment for invoice Q3I4UCYK-0003,available,1721560240,1721819440
txn_3ZxzoVvrQXBvo8yVN0gDUdAC,charge,charge,ch_3oAjiCO5xzEhIACqb4MatMsg,100000,3275,96725,eur,Payment for invoice GEYK2S44-0001,available,1721661745,1721920945
txn_3un6E7OizuxWDZjhLs4eZqxy,charge,charge,ch_39Inn08DtKIwnTaGh94u1C8e,59900,1972,57928,eur,Payment for invoice 8CX3ZCGD-0002,available,1721760631,1722019831
txn_3YAM1v0LIHNNONRZCkt9AICL,charge,charge,ch_3C7BWFqovA12kXjKstSaolYD,200000,3025,196975,eur,Payment for invoice E5KLA9J4-0001,available,1721893265,1722152465
txn_3Y7aolU62loyXarOz5CyM8fi,charge,charge,ch_3Kev6fq0ThB95ndjsM75VIbt,200000,6525,193475,eur,Payment for invoice 58JCC6SM-0001,available,1721912365,1722171565
txn_3dfhlDSOeZRflTGibZPhBeHO,charge,charge,ch_3uf8rdUt11w359Zj97E751YX,200000,3025,196975,eur,Payment for invoice XHVTXX0G-0002,available,1722038219,1722297419
txn_3gHLyESJdiUpTC6UOX3fIYsB,charge,charge,ch_3LgpxY04wcVlW6r2pk44Izbs,100000,3275,96725,eur,Payment for invoice 59NSS2G4-0002,available,1722180585,1722439785
txn_30F7jDIG5MzX0I4TS0YPTYW8,charge,charge,ch_3LZSscY1MPiIfFKo828KCDky,119800,1822,117978,eur,Payment for invoice 70NT4DNG-0001,available,1722246331,1722505531
txn_3gPxoABfxPLkYE5TIxcy3cbC,charge,charge,ch_3SRuu5RQixBNGVH42YMoAx3W,59900,1972,57928,eur,Payment for invoice BXZM5L5L-0002,available,1722267057,1722526257
txn_3oqcugXRQRQa2ryGcf8FQvrQ,charge,charge,ch_3ff1t0EuqtHQvXatQXSOYz5F,100000,3275,96725,eur,Payment for invoice IHJ29VW2-0002,available,1722423633,1722682833
txn_3hCfMxTsEMGka2K8U45lBtko,charge,charge,ch_3k5d2xQydnGzDHeCzzoZlUZr,100000,1525,98475,eur,Payment for invoice L83O1UFA-0003,available,1722597381,1722856581
txn_32VUGR5yBQEphZIqy6nm0FfK,charge,charge,ch_34IMJygsqQRTtlzehVXHfBNd,59900,1972,57928,eur,Payment for invoice T4CH913S-0001,available,1722699956,1722959156
txn_36wyjoMt4J8wQo3ByKFji89e,charge,charge,ch_3u09fryZJ5rl7TlPXLMq36c6,100000,3275,96725,eur,Payment for invoice S16556SI-0001,available,1722870021,1723129221
txn_3NES63a09Sl5FpqM6hgOqr3G,charge,charge,ch_3zRWXyEpIDd2KjFyVj5v67sE,179700,5865,173835,eur,Payment for invoice ULRIBXUJ-0002,available,1722998541,1723257741
txn_36a8KPZQaYHDcQFqJ1QMHsdc,charge,charge,ch_3x2cbGYduQwOWXSIeSBGmIhU,100000,1525,98475,eur,Payment for invoice MNLR98D0-0002,available,1723057269,1723316469
txn_37GdUURjcAGyS7qdhgKPo2Vt,charge,charge,ch_307TFCfdjhqhviqt4ivrbMIj,100000,1525,98475,eur,Payment for invoice GJSRBFF8-0002,available,1723097243,1723356443
txn_35DrF9K0BoJbFMUtkOKVp8sq,charge,charge,ch_3pBx3QfTk18wlQ1XFM0GHu1g,179700,5865,173835,eur,Payment for invoice H80MLA8H-0001,available,1723107739,1723366939
txn_39WH2Msm9YMkWZoVEZXaJ9eU,charge,charge,ch_33O2z9Uqq7uZCXmEp586GRd0,200000,3025,196975,eur,Payment for invoice NZ1U6H6M-0002,available,1723122803,1723382003
txn_32kxzzkh1AZ1GMjxM4pLZeQl,charge,charge,ch_3LoylQq6j7tZsKXtr2wFrhgw,100000,1525,98475,eur,Payment for invoice 8ETGS4GH-0001,available,1723214529,1723473729
txn_30wOaXhZpc9fGkfp0CFaiCIo,charge,charge,ch_3bnnefopFby4WMCqsBI6eMIY,100000,3275,96725,eur,Payment for invoice R4Q494NO-0001,available,1723297680,1723556880
txn_3AitaJvZUQE7RPfbFkMTz8hB,charge,charge,ch_3u82MaenA20J8vqNHCd9oQsP,100000,2525,97475,eur,Payment for invoice N9BJ87SZ-0001,available,1723457748,1723716948
txn_3oan1th79rYqJzoH6IkSuko1,charge,charge,ch_3JGpRwkSLHAChbaLM6oCxezy,100000,3275,96725,eur,Payment for invoice 6W00IRNT-0001,available,1723474987,1723734187
txn_3pTvojcQCwHXN8lQq7Llv2Lh,charge,charge,ch_33TrqLqWjrpWvqyZvDSF2ewg,300000,9775,290225,eur,Payment for invoice 5UJV1W5D-0001,available,1723555664,1723814864
txn_3CN7uoamf6kJ3rjsytbgKAaw,charge,charge,ch_3E95cmdGKCeJOtaBK1yJaCsq,59900,1972,57928,eur,Payment for invoice QLOCJNRT-0002,available,1723637063,1723896263
txn_3AMcHT0WmD61YLe9qQ5W2YG5,charge,charge,ch_3rcmckfnZfT1cOGw6n4x8J29,59900,923,58977,eur,Payment for invoice URQ11C3T-0002,available,1723808279,1724067479
txn_3dtN0MuZlNgqVqAMtFtaAkeF,charge,charge,ch_38FgEFTVj8uX9lAHHZcoP4l0,100000,3275,96725,eur,Payment for invoice 61ZRLYNJ-0002,available,1723902435,1724161635
txn_3lzOGH19hx4vqCcqYHoOJBhu,charge,charge,ch_3O29EMoehbD4YsnDi1hKg1nt,100000,1525,98475,eur,Payment for invoice B7EA6ANB-0001,available,1724056232,1724315432
txn_3sqRgZxNuDaxD4xmyPIEu6xW,charge,charge,ch_3dNmTUx6PnLNQXzAPorfJdZt,100000,1525,98475,eur,Payment for invoice MKGRLK7X-0001,available,1724076616,1724335816
txn_3cRJ1JXKJtmpNU0T1LCwgiKa,charge,charge,ch_378Zf1DrKWbqy1hOniHmn4sQ,100000,3275,96725,eur,Payment for invoice NLYFHUU2-0003,available,1724304569,1724563769
txn_3pN5YAGlq3bmoruM7DGpVahl,charge,charge,ch_3rjWvK96nSErwZgjvNBGd1vS,300000,9775,290225,eur,Payment for invoice EPPZTXRB-0002,available,1724326729,1724585929
txn_3jSdM4gXXVKObHlwmdEGPMT6,charge,charge,ch_37ke1T4FEGwAAFXDBsJ1shnT,200000,6525,193475,eur,Payment for invoice V4UVOYEA-0001,available,1724445259,1724704459
txn_3xbSTxDt3R7Ldwgc0nKBk5oU,charge,charge,ch_3IxAEGFeU73dRprsonobJPui,200000,5025,194975,eur,Payment for invoice VN5XM43Z-0001,available,1724495045,1724754245
txn_3WQt6Ei5HsDgmZIg0G93vxn3,charge,charge,ch_3bIj7RwMkPLStkcPBD2LU5Jo,59900,1972,57928,eur,Payment for invoice K74CO0RQ-0001,available,1724502586,1724761786
txn_3wk91At26sk8bIdBGGXZbWou,charge,charge,ch_3tek8CjaMNTMbfu6qjrbsxOk,119800,1822,117978,eur,Payment for invoice 6DY36O0U-0003,available,1724574436,1724833636
txn_3vWjB54H2u5WthLiZ80ZDwmz,charge,charge,ch_3yXTvH2wvBDBq37p6t23O7mq,100000,3275,96725,eur,Payment for invoice 981HTZLW-0002,available,1724601122,1724860322
txn_37p2cghGldQb8pNeAKnm99PF,charge,charge,ch_3hyqhNAqPJRkKyTbFwtuYhsC,59900,1972,57928,eur,Payment for invoice 5U52A8YS-0002,available,1724655999,1724915199
txn_3KLepNVySc9ZLz0ueX57p8uy,charge,charge,ch_3L1D8Df7iiC7KVDhNeZyBfMZ,100000,3275,96725,eur,Payment for invoice G7WVPE5J-0003,available,1724671480,1724930680
txn_3dS2vwi4htEHVsuG0p4O0RdF,charge,charge,ch_3yoovZ3vDxWSjlPwEycUMvVb,100000,3275,96725,eur,Payment for invoice OACS77FM-0002,available,1724762966,1725022166
txn_3vE8uqGetbICjM5YolTQMmML,charge,charge,ch_3nC8kKKXjOubT7Q8pYVmi1V1,59900,1972,57928,eur,Payment for invoice N9JC1RZS-0004,available,1724767229,1725026429
txn_36GAIAy3YEtC0jaYa6jHQqAI,charge,charge,ch_38F63EJDMSUA8yFBLEhivSkU,100000,2525,97475,eur,Payment for invoice SLPUW4QQ-0002,available,1724832430,1725091630
txn_3X7FSFu64343hWVDicopVKEU,charge,charge,ch_3Zm91FzKaKE1hpmJ1fqND8hZ,100000,1525,98475,eur,Payment for invoice BS9YFPEA-0002,available,1724932791,1725191991
txn_3sXFZ313MjEB8DKtCDZbN5cI,charge,charge,ch_3I7t6wkmXo9NpKw8gP4Yl6vj,59900,923,58977,eur,Payment for invoice LFJMYMGY-0002,available,1724941744,1725200944
txn_3GdAx5uOgw7ijQdpER8YjTg3,charge,charge,ch_3AU9KPPHNptz36BoDHoD8Uge,300000,4525,295475,eur,Payment for invoice CLWY0H3R-0001,available,1724953012,1725212212
txn_38VRyA5Xyh0Ti7qRc6EimNgJ,charge,charge,ch_3ILUZmlX1wcTpNm9stNvsHL7,100000,1525,98475,eur,Payment for invoice G8OQRJCH-0002,available,1725029347,1725288547
txn_3cyux8AMAYxHO6QmGkzOokCD,charge,charge,ch_3LllDDSaWmWkvnb8GRDWMr7J,100000,635,99365,eur,Payment for invoice EBYJGUJ4-0001,available,1725034397,1725466397
txn_3YcabAefiqzV3e4dOyS6p7kI,charge,charge,ch_3SsyqI9HOSWHepxl1BX4PpIe,100000,3275,96725,eur,Payment for invoice I95ZJUK0-0002,available,1725109457,1725368657
txn_3RhcfeC9vh9I1y8WeOGwRVmK,charge,charge,ch_3IuNfg0BeE677bzrmkt2Y3k7,100000,1525,98475,eur,Payment for invoice 44RH4CF3-0002,available,1725191654,1725450854
txn_3dMnSgnQogNDTJU3cxYCkDRo,charge,charge,ch_3HWHgpxS9oclYPo5dvTSFUtJ,100000,3275,96725,eur,Payment for invoice O3GSNB1O-0001,available,1725201822,1725461022
txn_3Lh7RFY7NaoK2KEQnSccWmcP,charge,charge,ch_3RUFqty9xQannDLmOStxA561,119800,1822,117978,eur,Payment for invoice S6I072Q5-0002,available,1725267780,1725526980
txn_38impwQDfNUuUONOydvLZ1Sy,charge,charge,ch_3vZ08MEjSaOMSfGpVEa8w6Sk,59900,923,58977,eur,Payment for invoice DK3IM0MW-0001,available,1725290585,1725549785
txn_3nTTYMTXeemWZ7nJuwgIjXcx,charge,charge,ch_3qCNN4nKfcOiE5ewYNgNFZ1J,59900,923,58977,eur,Payment for invoice 8SBP954O-0001,available,1725303783,1725562983
txn_3zBRXW7YXCjJZLN3qMEUQUUn,charge,charge,ch_3IhOeS7U5m5KyBaWI3ztTVnQ,100000,1525,98475,eur,Payment for invoice 0RC59GWA-0003,available,1725458766,1725717966
txn_3KKWgXJkdI92WWOSXipQvnru,charge,charge,ch_3h9D1cebB1eP24oCs2thGxnU,100000,3275,96725,eur,Payment for invoice WTLZJXEW-0002,available,1725538405,1725797605
txn_3ZGQ1Klf6vIZU0E45zgj9Y8d,charge,charge,ch_3AOHAX61EMMZX8V7KIrXV4g9,200000,6525,193475,eur,Payment for invoice H5D0BVTV-0001,available,1725550337,1725809537
txn_3fcD0zlimJUfMpO0ocGWg441,charge,charge,ch_3eMgdtLhxSWrgN03SPTWD2KN,200000,6525,193475,eur,Payment for invoice XY8O6O3L-0001,available,1725720362,1725979562
txn_3I04OAjdJf8RBQWWqZNmRuyS,charge,charge,ch_38R5cUha8WLKiA4rnLVUStvN,100000,1525,98475,eur,Payment for invoice EHKC032G-0002,available,1725797528,1726056728
txn_3TfPSMv1YcxEHUukAXo9bQkU,charge,charge,ch_3e2LSXbfNWxdQEbHjbTRgr4Z,100000,1525,98475,eur,Payment for invoice EIW2B9YA-0001,available,1725843541,1726102741
txn_3kD32dsBjb4esj5C1PROBxTH,charge,charge,ch_3s9cgEqF4WMutUgP1ecxR7CF,59900,1523,58377,eur,Payment for invoice 470K965G-0001,available,1725881360,1726140560
txn_30J7JBBIfsp9D0AP368gVRcd,charge,charge,ch_3Ryo0BVRTQdvfBNmvKXofAkE,59900,1523,58377,eur,Payment for invoice DEF6UBIG-0001,available,1725898704,1726157904
txn_3QKkZjtnjeJvaFCFn4UBhbIV,charge,charge,ch_3UMlyO0aI0Ly89aFwzqYjGLr,200000,6525,193475,eur,Payment for invoice CYIROZIN-0002,available,1725909403,1726168603
txn_32a5qK9UBTPu7TuLObnPs9ko,charge,charge,ch_3avKqocfvItM1l46yeQA9CE5,200000,6525,193475,eur,Payment for invoice IT3T9Y61-0002,available,1725929687,1726188887
txn_3DfZBi4ya7JaiIwtcst2p6uT,charge,charge,ch_36nkxDvv9zKUlMuN7y9Zj9SV,200000,3025,196975,eur,Payment for invoice F5QH1C5G-0001,available,1725969822,1726229022
txn_3h00L59ECQi3nQUp24IdWnfk,charge,charge,ch_37TNedqg2cOVEVHBxVgkbIOo,100000,1525,98475,eur,Payment for invoice RCCG8K99-0002,available,1725973574,1726232774
txn_34rGUJP204Nq2UiRYu36R3Kq,charge,charge,ch_3I6LjeCUHGIjAbhxm28qLfDI,100000,1525,98475,eur,Payment for invoice XET173ZO-0001,available,1726136859,1726396059
txn_3sl3J8efJCgDuqdj4do23zc0,charge,charge,ch_3yry1nZhH1VzyiRCUekjYZV7,300000,9775,290225,eur,Payment for invoice K0XP6INP-0002,available,1726185280,1726444480
txn_36ijaVmisc1L4vku98DgxElk,charge,charge,ch_3UJKC30F6b3whwMqIPz7yjY2,100000,3275,96725,eur,Payment for invoice 9BDACPXN-0001,available,1726232548,1726491748
txn_3GacPnHsASwqnhzijmL3VfJe,charge,charge,ch_3IgDvEmFele7KuCyEsG8kKnI,100000,3275,96725,eur,Payment for invoice S9SEAK66-0004,available,1726239394,1726498594
txn_3FnSFHmOFgZyEzIGrY5IOqEL,charge,charge,ch_3QznoWjuxjEaOx4p2kHlryud,119800,1822,117978,eur,Payment for invoice D6XZLO6R-0001,available,1726409813,1726669013
txn_304SAaoyCQeK8XDiEqJh7Kts,charge,charge,ch_3D9W09W2KXB1vGyVX8xVAJWs,59900,514,59386,eur,Payment for invoice 5TERFD3Y-0001,available,1726478451,1726910451
txn_3UIZwmoWG3HVzTQzI9yAa6sg,charge,charge,ch_3i4dalNqBEc37E4rEGbGgt9F,59900,1972,57928,eur,Payment for invoice 112617JL-0001,available,1726481881,1726741081
txn_3ZiUvUX00DflcLyZwkngbfkj,charge,charge,ch_3sM7WHoNH5FkbTFCA6zb7mVI,100000,1525,98475,eur,Payment for invoice 11KM54CH-0001,available,1726512880,1726772080
txn_3lX8ovFm5gco6a0DcFl84XX5,charge,charge,ch_3SjlbEfG44munqdaQgB5NByO,100000,2525,97475,eur,Payment for invoice NHGQ2XJR-0001,available,1726557954,1726817154
txn_3irfQiLPqxZ5xJ9ESmKooPaP,charge,charge,ch_33YTvDSH7ohiZSTIEQRtTtq4,59900,923,58977,eur,Payment for invoice VVVPGMBM-0001,available,1726567838,1726827038
txn_3xFi1HK1DZ8ZE6dTPoLGQpci,charge,charge,ch_3nmPfifJIifuEjRS6BFqC5q8,59900,923,58977,eur,Payment for invoice QL73V2DW-0003,available,1726637994,1726897194
txn_3qlPqsy9TY00l2PTAxyIsVEB,charge,charge,ch_377luKR41vjDbLQdPmW3n5Wb,59900,923,58977,eur,Payment for invoice RGOTFY3R-0001,available,1726658667,1726917867
txn_3ea7Q9PXF6KSzY1UEQ0owWDc,charge,charge,ch_3Da0N2ol8bouNK74jf4t0EHy,100000,3275,96725,eur,Payment for invoice RM9NGT1Q-0001,available,1726678833,1726938033
txn_3fFx35xknCdpFL8Rwqj9FUfl,charge,charge,ch_3t3eYbQ4bUVrT7isTklY5RuH,119800,1822,117978,eur,Payment for invoice X2JBCN3B-0001,available,1726837832,1727097032
txn_3F2lbiIXH1kL4yXGYvQkSC8B,charge,charge,ch_3Ouqb4tf74ye9g8WdmCKoomh,100000,1525,98475,eur,Payment for invoice L6YST2MX-0002,available,1726845028,1727104228
txn_3VhL5VvGplM1qxrgoQjNyOO4,charge,charge,ch_36byI7ikIMgq6BveSThU6EPU,300000,9775,290225,eur,Payment for invoice SCLLI670-0001,available,1726862038,1727121238
txn_3XB4NiVHOCZLKPyYnkeupKtd,charge,charge,ch_3KYHJ8kzVFHaDN3nodTlVnnj,59900,923,58977,eur,Payment for invoice 7RLMRWEJ-0001,available,1726875518,1727134718
txn_3gX6Cyfx4mtpoYCqvAGu3eUC,charge,charge,ch_3kjD6CWVJr5rh7XRcYmVYgS2,119800,1822,117978,eur,Payment for invoice T0LGSZQ1-0002,available,1726922670,1727181870
txn_3NM3iboY1ReDForuTfwniO3f,charge,charge,ch_32mfQJ9e4WNCdG9m1cBRZGiA,100000,3275,96725,eur,Payment for invoice BTSMW3VW-0002,available,1727005313,1727264513
txn_3tDx4SiPvpcrIV22GoT9t6zZ,charge,charge,ch_3ock4TZs3cNMW48zNbtioVC0,100000,1525,98475,eur,Payment for invoice IGMUAY8W-0002,available,1727038038,1727297238
txn_3u1IojI1ZH7mDGphHJPP8ycT,charge,charge,ch_3L9dY5OOklKb2BPZdoMNNqsB,100000,2525,97475,eur,Payment for invoice WCIRCIHD-0001,available,1727063447,1727322647
txn_3QOkqpOhXeM7imCEj0qH0F9C,charge,charge,ch_3vDbpHhjsOQdL6cpoxxtwdWS,100000,3275,96725,eur,Payment for invoice NOQHSK8C-0003,available,1727183895,1727443095
txn_3ZzZSOJ1TbWAV59JrWFsNeeA,charge,charge,ch_3CcJFqqQLKFIYi44JtBwXxN6,300000,9775,290225,eur,Payment for invoice SVLG8LDU-0001,available,1727198845,1727458045
txn_3pKzavBWQ82mNydpOwp71ORR,charge,charge,ch_30yV3QLEM47uYWTYLCU5UvZn,200000,3025,196975,eur,Payment for invoice P0Q18VWU-0001,available,1727438037,1727697237
txn_3NA97Iw9Cisy7QzGZAgoQpSy,charge,charge,ch_3zCuROLcEjhrU6tPonCBOvIT,200000,3025,196975,eur,Payment for invoice TXTSULQL-0001,available,1727447557,1727706757
txn_33AacVfa1VwDSGoJZByo7Bzk,payment,charge,py_3Ig3UIWGNs9e6x71FEAmOfgJ,15000000,500,14999500,eur,Payment for invoice 1N2FR0LR-0002,available,1727455867,1727887867
txn_3QGa8atYBFaPlZBrVd9vdS9D,charge,charge,ch_3NYeyB6BmurPKkS5WqUyzdOy,100000,3275,96725,eur,Payment for invoice LOTEBBD1-0001,available,1727458045,1727717245
txn_3no8liStcx7EocEQSyKx7uMc,charge,charge,ch_3X4w4jvC5g6cPesxTvam5wam,100000,3275,96725,eur,Payment for invoice XDVJO63A-0002,available,1727511530,1727770730
txn_3RGdBpresjWtufXShxHYkfoS,charge,charge,ch_3AaoZ0kxHI5Jalb1t1dheZIT,59900,923,58977,eur,Payment for invoice 94UKBJO1-0002,available,1727518343,1727777543
txn_3jUGtyQh5pyRGu2dNe0uMGJo,charge,charge,ch_3e4GqQ9lZJmrjHAf4X6BY1Im,200000,3025,196975,eur,Payment for invoice IQSO0EZQ-0001,available,1727530090,1727789290
txn_3QO7hGgHZkFGDiFdsq2SYxzq,charge,charge,ch_3PltDRKsWWaM8bM72A42CFnj,100000,3275,96725,eur,Payment for invoice 3ROQ98SU-0002,available,1727617439,1727876639
txn_3dTTy75yFXGJOt9YAAhey3aG,charge,charge,ch_3DE8RgJg8AZ4df4n6SvG47D9,100000,1525,98475,eur,Payment for invoice X3IJL3GB-0001,available,1727878992,1728138192
txn_3r7blap00clrAIdpIdnrU7GM,charge,charge,ch_3pgWFpYBM0nK2cIZ5G2sVezi,100000,2525,97475,eur,Payment for invoice GIEA9MIV-0002,available,1727889937,1728149137
txn_3DINvbR47pWU3ZGAFv7t8GFr,charge,charge,ch_3fFA51zeSifujVSN2gLLKoNc,59900,923,58977,eur,Payment for invoice B6K9BY1G-0002,available,1727895501,1728154701
txn_3xZthFdqfEKZKoTqxehCjDlI,charge,charge,ch_3qcDUOu9ChmE26LEOeoWOThE,59900,923,58977,eur,Payment for invoice 5VDTMU3D-0002,available,1727942229,1728201429
txn_35XQNjKlKWxzoBpQhwtuZZia,charge,charge,ch_3ctGf230y6xMIZYbKuHi4g8W,119800,1822,117978,eur,Payment for invoice 8KK58QVR-0002,available,1728033370,1728292570
txn_3P2KGFbQ9VNO9E6W1ZanO1aF,charge,charge,ch_3YcrBtElQ1K07LD3ylky5fk9,100000,1525,98475,eur,Payment for invoice Z2RIMSI6-0002,available,1728127215,1728386415
txn_3zSJjTX0jwGs30FJlKjvGf6e,charge,charge,ch_3YrV2n2tgxFy1eC9JOmbUVF1,200000,5025,194975,eur,Payment for invoice S5965XGD-0002,available,1728163049,1728422249
txn_31ExY0V4cOyyVDznEhhaj7QF,charge,charge,ch_3qIxxWSD4fA54cyP05nRmtRp,100000,3275,96725,eur,Payment for invoice 1YHXNB6Q-0002,available,1728199573,1728458773
txn_3uaDVrVAlSwcmtPok5Q3ZCZ2,charge,charge,ch_3ZMHbcblP1gVU46MGHRDGbqq,100000,1525,98475,eur,Payment for invoice KG7RTN9Q-0001,available,1728205140,1728464340
txn_3LB74DNh1yBcn8eBOlcvwLCJ,charge,charge,ch_3GGgss60iBpxCTFeDy9qV2L6,200000,6525,193475,eur,Payment for invoice UEKPWOE4-0001,available,1728395088,1728654288
txn_3YbQYhVp1BlqYzJW7lIbufYW,charge,charge,ch_36kPFtYhqYp0twhHTSY43aAZ,59900,923,58977,eur,Payment for invoice 8V0CJ17R-0003,available,1728473865,1728733065
txn_3TMWq484YwqLyLaD1P9Rcw0H,charge,charge,ch_3JxaQC1xrERvmGVX408qJH5O,59900,923,58977,eur,Payment for invoice V8PJU90E-0001,available,1728484152,1728743352
txn_3WPROsm4u8peTePlIb3PsrkH,charge,charge,ch_3NnxqegISY9wfxhP7MWF9PbS,100000,3275,96725,eur,Payment for invoice 670N7R8N-0001,available,1728553385,1728812585
txn_37JpCMmRv7hvYNZN0DD4qMV4,charge,charge,ch_3YZ2xt0Cb6YHIB3JzYn9TCDZ,200000,6525,193475,eur,Payment for invoice FB0PIEGU-0002,available,1728558357,1728817557
txn_3L9AmUHX4sdNpf26VnMjWKIq,charge,charge,ch_3YwBJ8tomrSaeN4lXJcEyyza,200000,3025,196975,eur,Payment for invoice CTT7N062-0002,available,1728726474,1728985674
txn_3MuL0OdgmcTpx5vpF8zlxav6,charge,charge,ch_3I5JpC7OlbtKKq8cOI0EXggI,500000,16275,483725,eur,Payment for invoice IWY7ZSMJ-0002,available,1728730415,1728989615
txn_3vOo2yxwUvSH1jrGHSkm6c30,charge,charge,ch_3KTVpOVQswLoIFluJ7PQc1VG,59900,1972,57928,eur,Payment for invoice B0FX1K2I-0004,available,1728834547,1729093747
txn_3O3chjilTlqOrOJd1ZoAmfl2,charge,charge,ch_38guxCqfXYj0Zs5JFl13YlAy,100000,1525,98475,eur,Payment for invoice 06IB9EME-0001,available,1728856780,1729115980
txn_3P7VnZT0JhJImg4GHtuqN4tL,charge,charge,ch_3c7RrFG6gKCPcop29GIVNAmw,300000,4525,295475,eur,Payment for invoice 6LBU1HTD-0001,available,1728977797,1729236997
txn_3eYqiOIWOGn66GngUkuaIKpp,charge,charge,ch_3fCAHQKl0jyQYdsD8qJXwAlr,100000,3275,96725,eur,Payment for invoice VQ7DH7Z0-0001,available,1729058234,1729317434
txn_3nHWf9mYTy4iJkPHKbbyTe6d,charge,charge,ch_35gdLGD1Iz7HQstwNhnQG2YM,100000,1525,98475,eur,Payment for invoice 5P5YQTQE-0002,available,1729066228,1729325428
txn_37Exn3US66AgHXVUckBeEG9H,charge,charge,ch_3THf6aZQdOHixAcDEVMGR20t,59900,923,58977,eur,Payment for invoice KDO8X1CT-0001,available,1729151208,1729410408
txn_3WwQvKwH0U3jboQvEWNSZYN1,charge,charge,ch_3KZQyKM7wBDVpY2yauTai8nk,100000,3275,96725,eur,Payment for invoice 3KOQYEPJ-0001,available,1729252785,1729511985
txn_3f25P71GGwEzQJwzGAD86nRB,charge,charge,ch_3R7auSo5cw8NjBc0Dnp1oy5E,100000,2525,97475,eur,Payment for invoice VYXKUEHL-0003,available,1729277226,1729536426
txn_3KwAQybg6FEBdc0yLMgYawfr,charge,charge,ch_3AmSG7env4i0FGVjW0gSBNqe,200000,6525,193475,eur,Payment for invoice MK17G2WI-0001,available,1729288585,1729547785
txn_3OVQLlN1LT8JeYuWmTN5wTXy,charge,charge,ch_3n4m4QzWIc0n4Pg6mj0dapNo,100000,3275,96725,eur,Payment for invoice H9OLT3WL-0002,available,1729438164,1729697364
txn_3up0BcjjpnLhq1hNoVjlTEfY,charge,charge,ch_30JFYOyiMQMH3vyAx21LYAld,59900,1972,57928,eur,Payment for invoice XYB8FTBU-0002,available,1729518291,1729777491
txn_3ZHFbc72ezATqjsLqgFRTmws,charge,charge,ch_3Vmxfo15oQC6On1SklL2kVpr,100000,3275,96725,eur,Payment for invoice Y8CIAZ7I-0001,available,1729590056,1729849256
txn_3dm57tIP9Tuw8Vtd4V1asTAz,charge,charge,ch_3LcIL5C7Q3gkpdEoM69Npzf3,59900,1972,57928,eur,Payment for invoice ZSZO57Z6-0001,available,1729783380,1730042580
txn_30wsBY1Zr5m5iRik2qZLcqMM,charge,charge,ch_3EUjzXXjrVgjwYQJ4OBwAkbu,200000,3025,196975,eur,Payment for invoice A556517V-0003,available,1729864069,1730123269
txn_341yw1TzYZtuyoG4o6rw5A85,charge,charge,ch_3RPD3S6tTFqcE3mxLK4vWKZC,300000,4525,295475,eur,Payment for invoice 60RDYF9X-0002,available,1729867409,1730126609
txn_37tnEykXryYcenujtpguxORr,charge,charge,ch_31mpfGur7hhP5P6ebHIvMSib,200000,6525,193475,eur,Payment for invoice P0NX83AN-0003,available,1729941623,1730200823
txn_3LmHiWsu32zsH5Vm1gpBWaBW,charge,charge,ch_3T0O9doYxRO4Aj6ym4jGdoAY,100000,3275,96725,eur,Payment for invoice NHULT017-0003,available,1730021974,1730281174
txn_3YKJFnB8UlBfEfgt4DUxX94L,charge,charge,ch_3nfwuuUkimeqDyYCtbger5P6,200000,6525,193475,eur,Payment for invoice U5UYC1HT-0002,available,1730032166,1730291366
txn_3eja0EGa6Kkg2Wee3hMTo6vi,charge,charge,ch_34WspqIM5BfRL36JYfoxqWCs,100000,1525,98475,eur,Payment for invoice TAOL0DFI-0001,available,1730287030,1730546230
txn_33weNVeM5mYc53SBtXJVdq5a,charge,charge,ch_3Wmz1pKVxyvouPQdMMF6z3kn,299500,635,298865,eur,Payment for invoice H4MO3F2B-0002,available,1730293428,1730725428
txn_34eXpFG4SvK08BNXcK7J4HFn,charge,charge,ch_3gjnIyWfBGGza8FWuhlsSmkS,100000,1525,98475,eur,Payment for invoice 219KNECW-0002,available,1730303986,1730563186
txn_3ChzU00nPcr2ybitW9rWcjy3,charge,charge,ch_3iCiInl5ZC9rJntChQ5S0P53,59900,923,58977,eur,Payment for invoice GLYV94YP-0002,available,1730306045,1730565245
txn_38aFT2IDnH5hxy8QhYFteE0g,charge,charge,ch_3NTcq20BHUmJUu4MmWEZdGTT,59900,923,58977,eur,Payment for invoice IW88EVZA-0002,available,1730330241,1730589441
txn_32jLKJPMHmB2p2SMeNplcNm0,charge,charge,ch_3zGDKNDivUexcBOsi21i94s8,300000,9775,290225,eur,Payment for invoice AW9XCIVH-0001,available,1730354976,1730614176
txn_38B3tXTbVpjzF2pPQKM7XUeY,charge,charge,ch_3UbW6u5TYTuOZiGnlrVufTeM,100000,3275,96725,eur,Payment for invoice CLDPCQE2-0001,available,1730368442,1730627642
txn_3K0kAgmTlPhRzpcztOa5iYr8,charge,charge,ch_3VjIoDmM1Yr0qlxl9jalHdwX,200000,6525,193475,eur,Payment for invoice U12BIDGF-0001,available,1730403286,1730662486
txn_3tLqBtP3zBAkJuFkYjuxeia6,charge,charge,ch_3o6staazbqngI5UGJ7VoqRHL,100000,3275,96725,eur,Payment for invoice DZWWR5KE-0001,available,1730434587,1730693787
txn_3zmrwPVhuhrWzobwyK2hObgp,charge,charge,ch_3Ddpvgxc8urQ9gWIIMIbaAid,100000,1525,98475,eur,Payment for invoice TWDWXZ5Y-0001,available,1730459852,1730719052
txn_3CAoY7g72k3olrOoAb4oguet,charge,charge,ch_3rcymgWEOLB3DLxeEIUPlLSY,100000,3275,96725,eur,Payment for invoice 5Q54KS47-0002,available,1730462124,1730721324
txn_3G4SzSQ0LUpEloxDTz1UsLJL,charge,charge,ch_3eRzDOvVsyCVCCu3HYb0dcbE,119800,1822,117978,eur,Payment for invoice 4M4R9MF6-0001,available,1730462928,1730722128
txn_323CH6A5kEKG2p13vNuK0Ewj,charge,charge,ch_3rQREstNLj8dRjc8Qyz4dEcY,100000,1525,98475,eur,Payment for invoice 9E6ODFV0-0001,available,1730465755,1730724955
txn_3YcJvrWHG9VXuNIjjgG30tTw,charge,charge,ch_3HPWtNo59D5uLv9JFJndc7He,100000,2525,97475,eur,Payment for invoice 578XDZ0S-0001,available,1730496847,1730756047
txn_3n1nC86e74knquLPOmfOiyha,charge,charge,ch_3lC7KppGBd3zkZxinoAFGBqT,100000,3275,96725,eur,Payment for invoice 9I43KOMH-0001,available,1730535538,1730794738
txn_31hgSbLc34WVQlwK7xpk5Xwy,charge,charge,ch_3HEuWHzWlUctCwdwVQKv0A6U,179700,5865,173835,eur,Payment for invoice QAYPQ7VE-0001,available,1730540422,1730799622
txn_3SXbs5xXKSdualwl5WfJpyDi,charge,charge,ch_3CJeJTyqRrZInsuhURQdmAnh,100000,1525,98475,eur,Payment for invoice BEDUS7J3-0002,available,1730648958,1730908158
txn_3JMKon578KhnnQlEdNIPJlXW,charge,charge,ch_3Nv7EsAADHlgMDOl2v0eZcy4,59900,923,58977,eur,Payment for invoice E92NI6WQ-0001,available,1730719102,1730978302
txn_30kW5HnHKXZSTsoVjGyc5kyH,charge,charge,ch_3bVLnB5s89yPlVMfiqgl1FeF,100000,1525,98475,eur,Payment for invoice 2X1UJKH3-0001,available,1730812708,1731071908
txn_3m6E7RiAde9kcR68GBeHU7SK,charge,charge,ch_3RIzJomNzz9yKW5yP2j5mgke,100000,2525,97475,eur,Payment for invoice R88BVU59-0001,available,1730816957,1731076157
txn_3sqQOHZWUSbaIA1eUglOkbm3,charge,charge,ch_3W6K8THiHQdLSudU6uWZrUbv,59900,923,58977,eur,Payment for invoice WXPO315Y-0001,available,1730834473,1731093673
txn_3AaCkDSZ0qjq4TqtbxuJcrfM,charge,charge,ch_3FWZdYB35PAZ0XUELy10K8qF,119800,1822,117978,eur,Payment for invoice 074AKGEY-0001,available,1730887142,1731146342
txn_3A5dH4e1hpuLphAes9Qpd48b,charge,charge,ch_3RfUnTw5JnbSvrZvaDZn2YYW,100000,3275,96725,eur,Payment for invoice 0E5DHDNI-0001,available,1730923652,1731182852
txn_3vTvfSuWy4jpnQglLjJYtcZm,charge,charge,ch_3e5n1tWgIk9zsb829WmsXwBq,59900,1972,57928,eur,Payment for invoice EIZY2MUU-0001,available,1730994073,1731253273
txn_3T4r6i5wPM4RoMJVDjmszHQn,charge,charge,ch_3H5JHIOFCjJdq4JK0w0l8MWW,200000,3025,196975,eur,Payment for invoice E0P0OU84-0001,available,1731004141,1731263341
txn_31R9gW36XAqfryQKuxRhnLnC,charge,charge,ch_32zhhfG1uKrtr9074XMEJQaq,100000,1525,98475,eur,Payment for invoice U8M68O8H-0002,available,1731009209,1731268409
txn_3WFI41l3LHNaEq5U9ezdAHwD,charge,charge,ch_3Qw2jJuou3LSEZsrMLtKeKV4,100000,3275,96725,eur,Payment for invoice JB7DD27X-0002,available,1731242804,1731502004
txn_3xcxooff7MkPrUb3KMzTNqe1,charge,charge,ch_3QyW19LIjIvl81prN5sxbzOb,59900,923,58977,eur,Payment for invoice OHM3NCQ6-0002,available,1731280127,1731539327
txn_3PM1YAkYd5n2rzErYfhie76E,charge,charge,ch_3c5nxDJ6WdF0iHus4k0G6Qzx,100000,3275,96725,eur,Payment for invoice 726K2YH2-0001,available,1731351322,1731610522
txn_37xGYibuwcwiRIAQTa60RnlL,charge,charge,ch_3ID7I5zdbDWcwbxXZuCGNrcR,179700,2721,176979,eur,Payment for invoice 8RAWAVVU-0003,available,1731514188,1731773388
txn_33259VMD4u3HR6w3litwUIME,charge,charge,ch_3ufsW2E3Az2IiGjTElJ09vNY,300000,7525,292475,eur,Payment for invoice JKG19HIT-0003,available,1731561963,1731821163
txn_3QjDO1rLZpjNZCO0CKHNeIn9,charge,charge,ch_3X95JZnjow4ufYvBdkRqbdzI,100000,1525,98475,eur,Payment for invoice SWN3G7G1-0001,available,1731581495,1731840695
txn_3f9PGBrUcUFRR6HNrOu2HfU7,charge,charge,ch_3U6Olno9l2fpqHAHYzHcHhTj,100000,1525,98475,eur,Payment for invoice 0IITRZUG-0003,available,1731587843,1731847043
txn_3DXqCXPEqlj8lpWna6dZP28i,charge,charge,ch_3d8LYjCXrOAl9nJPzYudEu7E,59900,1972,57928,eur,Payment for invoice 4UCCG3EH-0001,available,1731673575,1731932775
txn_3wNUykkZOxJEYTIMeJkHtUY8,charge,charge,ch_386dQWmESLNEhlBFUZAqoGgI,59900,1972,57928,eur,Payment for invoice EC71ORJI-0004,available,1731677515,1731936715
txn_3wWGGPtOARgyfsDfT0CwfroG,charge,charge,ch_3VK0kZRp4rAbe6DrIpoeZsDV,119800,1822,117978,eur,Payment for invoice F5Z21IX1-0002,available,1731681524,1731940724
txn_3O32BbTzU6sVQbe2pVLFKtLH,charge,charge,ch_3BDWDd4Ex9CPsuGIgoBazTxA,200000,635,199365,eur,Payment for invoice B3ME94VX-0002,available,1731763854,1732195854
txn_3hOPEz7lpldKygpLJ7fNwLKT,charge,charge,ch_3qMtwGAgh79E3o3AopEJvVF2,200000,6525,193475,eur,Payment for invoice SRFGSXNG-0003,available,1731765980,1732025180
txn_3eWVDpUJ3sRfa8E3zo22hUCc,charge,charge,ch_3Lc2W7jDbdgsLzV58bNoZMFu,100000,635,99365,eur,Payment for invoice 50F6727A-0003,available,1731767442,1732199442
txn_33g2ti2azoC8PZnztHxO0Fnc,charge,charge,ch_3YvtJQVxhgTnNFv6qkFDrLWE,119800,3919,115881,eur,Payment for invoice O24OYZOT-0002,available,1731821226,1732080426
txn_34WeGt0b03epN5mvKkoH2ubK,charge,charge,ch_39XZopQYmfQ1Ac67yee7ogVv,300000,9775,290225,eur,Payment for invoice 6JG8TBMR-0003,available,1731845989,1732105189
txn_3CtcLNCbrCMPgMsJWsYb3Ux5,charge,charge,ch_3mOtZnj5uRmwHBoGc7ZnJnCe,100000,2525,97475,eur,Payment for invoice 0AD55VCV-0001,available,1731860784,1732119984
txn_3yVzaLyvwP3i7ofoczK6VlS0,charge,charge,ch_3EShu5R5NY3TR08TIacUn7TG,59900,923,58977,eur,Payment for invoice T92F6ZDZ-0001,available,1731927182,1732186382
txn_3Ef8jcpnKFYYr7CyGIK1N5OY,charge,charge,ch_3lhDDAM7PVTE8r8ZjjP0YmJi,59900,1523,58377,eur,Payment for invoice TYSPQY57-0001,available,1731932613,1732191813
txn_3GKGYC4kLJ18eGGC3rI07r1K,charge,charge,ch_3dCQ0F0TsoC3XY0FVJavGQmH,59900,1972,57928,eur,Payment for invoice VXA2A431-0001,available,1732017724,1732276924
txn_3m8NHMG1m2zL3MiG1SjVzIWc,charge,charge,ch_38HJZiAcVoGnjAfeGF43Xyp7,59900,923,58977,eur,Payment for invoice 334YEW7L-0001,available,1732023878,1732283078
txn_3Ff8ZKBvauvCVL8HOvzDyJm9,charge,charge,ch_3FXrw7Gi8IT5zSDwk60UEG5z,59900,923,58977,eur,Payment for invoice L8H30GTD-0001,available,1732035091,1732294291
txn_3Id6o9eDMYFQZR3Sc9PqeAgG,charge,charge,ch_3bIieglVoFRLXsOOOza0YbeO,100000,2525,97475,eur,Payment for invoice MOFGE2MY-0001,available,1732084583,1732343783
txn_3ZWCgUx9rx5AwoMH9NmuJDZf,charge,charge,ch_3twS6dKrI2g025uOBDjgj6cN,100000,3275,96725,eur,Payment for invoice A4LQFXC3-0001,available,1732164275,1732423475
txn_3YKMdYIZDONCbRJKT53NtX5Y,charge,charge,ch_30xewu3xL0uJxQFMjkmj7qkF,300000,7525,292475,eur,Payment for invoice J4UUO1HL-0002,available,1732176047,1732435247
txn_36NafhhzLoAQI2Ub55MvmkLI,charge,charge,ch_32TgbTnI1lnsGwZv3NwtEAOj,119800,3020,116780,eur,Payment for invoice VK6SFG9L-0002,available,1732193517,1732452717
txn_3F7cOMiWBW0B6ko6cUnr4U0E,charge,charge,ch_3CEXyKVHI4XffGKsyexf5Nw6,59900,1972,57928,eur,Payment for invoice TPD94JYC-0001,available,1732213254,1732472454
txn_3BjZDub0jbDTfDGDQzhXj4Ql,charge,charge,ch_3IJ1ACumEFnhQtgpJddpmywk,300000,7525,292475,eur,Payment for invoice YGG95D2A-0002,available,1732335744,1732594944
txn_3PugY19e0FjR0EI0PCoYb5qa,charge,charge,ch_3kGOrqoio8Ve44xzjVH5RAat,200000,5025,194975,eur,Payment for invoice RKBIX07D-0001,available,1732540839,1732800039
txn_3H5ijLFnYmue6DZK8GIeL6Iy,charge,charge,ch_3ii1VyQFThTBpga3PpsH1xkL,100000,1525,98475,eur,Payment for invoice M3BFKXC5-0001,available,1732549848,1732809048
txn_35SQvSTUQ53y8nDl49AmjPKF,charge,charge,ch_3PPHJ9FRctdmzuDzyOkymdwy,100000,3275,96725,eur,Payment for invoice P3NWG9SS-0001,available,1732561723,1732820923
txn_31K5kmOO1RzRBboU2Ryjlmrp,charge,charge,ch_34M4sd1ph3SgWSvOlIaz9WQ8,59900,1523,58377,eur,Payment for invoice PAQV6TL9-0001,available,1732565732,1732824932
txn_3N8dxVTZDWhCClLTN1qFvO76,charge,charge,ch_3E2R8TAaa1hktzKYk1MIhPJq,59900,1972,57928,eur,Payment for invoice LD2FWCPI-0001,available,1732606783,1732865983
txn_3jniWVNLND1l11hnDZvrWsHk,charge,charge,ch_3QsqlwpaJKkjWm0flDYk6Zwn,300000,9775,290225,eur,Payment for invoice 0GODUL0X-0002,available,1732718293,1732977493
txn_3A411T3IFz0sR6Ks31Ml43AC,charge,charge,ch_3bElgPnMUfI2kej8PsgZjvSK,200000,5025,194975,eur,Payment for invoice AQTI8DGK-0004,available,1733060563,1733319763
txn_3SxRtSMMYaIm2IKQpWWjGf8m,charge,charge,ch_3NVt2UEL3uZS80f1G8FIeyN6,100000,1525,98475,eur,Payment for invoice C5H8JYZA-0001,available,1733132192,1733391392
txn_3Ep4H6NE9x2t1X5uxdvPJc62,charge,charge,ch_3DqxPrDpQy5SX88oOIaTXRgk,100000,3275,96725,eur,Payment for invoice EZY1Z8WT-0001,available,1733177813,1733437013
txn_3Aw8leAlmwxvCDd5eaRMg1j7,charge,charge,ch_3fCIHB35gn7Oe7IZN5I6vNvV,59900,923,58977,eur,Payment for invoice VWRMHBUK-0001,available,1733262281,1733521481
txn_3vmr5x6iWrJANvzbAqXhjxxX,charge,charge,ch_3Kc7HIBS4m3sOt5VIt1WDA6z,100000,2525,97475,eur,Payment for invoice XA42VDX3-0003,available,1733368457,1733627657
txn_3W8us4LYNEdl5XbuO4n7Pvtn,charge,charge,ch_3nMugsoz2H74DpXngiYWkUFg,59900,923,58977,eur,Payment for invoice ALDRE9WF-0001,available,1733407875,1733667075
txn_3yiSoQYlhTabCN9zQl7F0YxU,charge,charge,ch_3TWdd1LiSKF8I17PfOpFqD95,100000,3275,96725,eur,Payment for invoice 4NP9ZR1W-0002,available,1733416313,1733675513
txn_3y2FVqf5XgM6bXPhJGUv21YE,charge,charge,ch_3qnDdACBVtiA0DSnjv41kEBH,59900,923,58977,eur,Payment for invoice TTAFINK5-0002,available,1733465919,1733725119
txn_3Qv66TGDMzdPRlJeMeSND0WN,charge,charge,ch_3yuZcnW34x61tWbbTcZddCPG,200000,3025,196975,eur,Payment for invoice 4S13CVKL-0002,available,1733468736,1733727936
txn_3Iejc5B49eSbI3XoKVfFAkqc,charge,charge,ch_31WwnS4XhgNWjMSeBuHTJorb,100000,1525,98475,eur,Payment for invoice 0R5Q4JX5-0001,available,1733485893,1733745093
txn_3Bn4Xfe4SuQ2cIuuNOu2aEIM,charge,charge,ch_3Ze4CUBS92qf2lsIpllOioC9,100000,1525,98475,eur,Payment for invoice 5TVUQJP5-0001,available,1733492038,1733751238
txn_3kxq8R9ps1nrvmudbRLM9GCj,charge,charge,ch_3oeSI7RyjmeQFyWsfv5Z05KA,59900,923,58977,eur,Payment for invoice HQHZFSL7-0001,available,1733494060,1733753260
txn_351Axtvkq0ASkVxh78W5z6zg,charge,charge,ch_38EpTv37dMxHKidWDuDuHXFO,59900,1972,57928,eur,Payment for invoice U7N6E9AE-0001,available,1733504746,1733763946
txn_3urcHTkeceNmgGv5Z1dYMzQ5,charge,charge,ch_3E4uHvIC92fzu5ALIxqwzDL0,59900,514,59386,eur,Payment for invoice 3U0BPLCJ-0002,available,1733570804,1734002804
txn_3Rbx9tGW4AXqt4LhjZKaDGEq,charge,charge,ch_3CXsC2stdIzYFxx6ZSV34opT,100000,2525,97475,eur,Payment for invoice U3R7XMYH-0002,available,1733591338,1733850538
txn_3MT5YxKgiZ89cNLuMkne3NB5,charge,charge,ch_3dDIILe6aTwOYFTvtxlHtvaL,100000,3275,96725,eur,Payment for invoice 13MY3ZHD-0003,available,1733741742,1734000942
txn_3KOnUwbLo0olEvx7K4nnQkDY,charge,charge,ch_3b3QO002xcIP2VDRpY95l0SK,59900,1972,57928,eur,Payment for invoice 9VR4IC6Q-0003,available,1733986437,1734245637
txn_3xN4Qb36qUCgXqmsdFbyrcmQ,charge,charge,ch_3RP7OVOrcn8j3C6iTvK4jpA8,59900,1972,57928,eur,Payment for invoice Z7GF1FV5-0001,available,1733988683,1734247883
txn_3C2zxdCTq7i544ztdZ4CtAiL,charge,charge,ch_3a3D0tCPqTSgPKYwqQo4OC8G,59900,514,59386,eur,Payment for invoice XA3XJUZM-0001,available,1733991887,1734423887
txn_3hA8n8vWRBtUfkUsFRSV86Uk,charge,charge,ch_3VyfzYcJiUsCgp4cMB8mAeJG,100000,3275,96725,eur,Payment for invoice SUH6QA2R-0002,available,1733993380,1734252580
txn_31C3JmCpU3EdbsspAj6rWgfL,charge,charge,ch_3FJ49NgGfRxsBGdh1LqfNBH3,100000,3275,96725,eur,Payment for invoice HOD603UV-0001,available,1734085741,1734344941
txn_3jpmLxwROxjqEUvyEF3K3tkB,charge,charge,ch_3VYemTyXMPC6Qbv2Sn4hyKag,100000,3275,96725,eur,Payment for invoice 4YKUPB6Y-0001,available,1734088794,1734347994
txn_3HCW8tG14YUBeYjRdlbh0qmb,charge,charge,ch_3hPPfvbUY33v8u23kiUyvZLj,100000,3275,96725,eur,Payment for invoice Z8BKG001-0001,available,1734107770,1734366970
txn_3VrpU3NliViGVHFaBdPb5k9t,charge,charge,ch_3FvbEh7Bqj8DX63VguU8FNcc,59900,1523,58377,eur,Payment for invoice 0HPHHJUQ-0002,available,1734159969,1734419169
txn_3fKPpgRtn1NmvrvK3Ee7DsZj,charge,charge,ch_35rcPInBobLCKEVTTG4bDzFK,200000,6525,193475,eur,Payment for invoice 0F3VFKWY-0001,available,1734179162,1734438362
txn_3hfRhHkuVoXwZvsNKoJEuhgv,charge,charge,ch_3gT4h2q8BndMhAOZikBwhii7,179700,635,179065,eur,Payment for invoice 0XSF7SYF-0003,available,1734278359,1734710359
txn_3Bmpms0AOMLdiynLBrIdrnKD,charge,charge,ch_337ZwXAF88La1Uwn42jqOVMC,100000,2525,97475,eur,Payment for invoice SH8RF8N1-0002,available,1734280611,1734539811
txn_35qBd55XwWR535xA6AfOKJeq,charge,charge,ch_3hQOBFlRXWnQeZ4jd1NQiLvm,100000,1525,98475,eur,Payment for invoice MRNP3Q3W-0001,available,1734364053,1734623253
txn_3rUVjeizu86RNWhsuE6b5cDm,charge,charge,ch_3nziOIzzFxLVYVFBvI6hcSKY,59900,923,58977,eur,Payment for invoice P7KSG1X8-0003,available,1734527136,1734786336
txn_3K0cB2KmmCY0evhsgy2Q4HP7,charge,charge,ch_3WVeo2DrdROAa9wgCHKjVmD1,100000,3275,96725,eur,Payment for invoice K0MT5CH5-0002,available,1734621154,1734880354
txn_3bxUW1JmsQMGuukEYicO2OF8,charge,charge,ch_3LH59GCi4CbBGuJFhW1cqRuv,59900,1972,57928,eur,Payment for invoice JOTTLM1V-0002,available,1734773725,1735032925
txn_3n0LlDJqzOQ0LQj1fDEvCGAW,charge,charge,ch_3ruVHzt9yGq7H5fCIRGeJreP,59900,923,58977,eur,Payment for invoice ZQCG6VQ8-0001,available,1734961917,1735221117
txn_39XHnEFX7TFVcidCJTYFMiKm,charge,charge,ch_3j3aVjPqsTZquxF4aGpdQMZr,59900,923,58977,eur,Payment for invoice ZQQ66UZW-0001,available,1735036271,1735295471
txn_3iKvDKUCpPBtDQcEyzmfSej3,charge,charge,ch_30C7TB97MjZY8Lg2OCfXAfIG,500000,7525,492475,eur,Payment for invoice KLBQ0KDY-0002,available,1735120985,1735380185
txn_3ePgR01DgljLLIXxPzwuwnJF,charge,charge,ch_3kli4LgZklUWG7JmxSVEMM6v,59900,514,59386,eur,Payment for invoice QPCEQ1P0-0003,available,1735126489,1735558489
txn_3uRtMFogrDWpkhH3gu36HbRx,charge,charge,ch_3zFiVLsKETHR7yqcXitfkhke,119800,1822,117978,eur,Payment for invoice QK4X3790-0001,available,1735131126,1735390326
txn_3uYhwp3oQTLgaeFbaW8B4C6F,charge,charge,ch_3f5plkMakTfkvcYEKMMKfbIt,300000,9775,290225,eur,Payment for invoice UQ7654J3-0001,available,1735202627,1735461827
txn_3UIWF7ImAztVFpNoOBoSEkJk,charge,charge,ch_39X3FHD1GJXtX9etrFgJqTz7,59900,923,58977,eur,Payment for invoice FHYNE5EU-0004,available,1735212456,1735471656
txn_385HWO0IVnJwRbfgkH56J5IE,charge,charge,ch_3AtNLTjOBtEWeMGHDyXsx7bh,59900,1972,57928,eur,Payment for invoice T6LCZF2M-0001,available,1735290524,1735549724
txn_3obfFtpg6us9mhb8DIlqm2Qn,charge,charge,ch_3uMkdeZvKzsdHUrsiQFPeeDO,59900,923,58977,eur,Payment for invoice O9N7Y2ME-0001,available,1735310248,1735569448
txn_3iY4FJHIRFBlO4oIXhfY2kmN,charge,charge,ch_3LdPnkhr4RPtTLfdcMvhSFxO,100000,1525,98475,eur,Payment for invoice 53FC41TZ-0003,available,1735315134,1735574334
txn_3UPL9mbu5BqfhqWiK7qORUQh,charge,charge,ch_3PBjVqSaLMhk5iDXlobJHLOY,100000,3275,96725,eur,Payment for invoice 7GM1AVUH-0003,available,1735316316,1735575516
txn_3Zu3UPD8DknuHjeKN40ytSe4,charge,charge,ch_3xlfM6RoZ8k68J6bZzEw34j2,100000,3275,96725,eur,Payment for invoice KXRYEAEN-0002,available,1735405173,1735664373
txn_327mg0SlMOwAd4PoN2n9edkx,charge,charge,ch_39WIuid24uANaDwKfJDiCoka,179700,5865,173835,eur,Payment for invoice X9WMGVFJ-0001,available,1735463438,1735722638
txn_3xayVrgeoQt2Uo6iNTguzpIY,charge,charge,ch_3bgYkwc0niOLdmQEHOakgr0T,100000,1525,98475,eur,Payment for invoice DV12QH87-0001,available,1735578847,1735838047
txn_3wUbIPR7W6rOlaxToqp6TsQG,charge,charge,ch_3vmaTXv5Ed0IpBXx57xsMH9R,100000,1525,98475,eur,Payment for invoice 6WTK4BAB-0001,available,1735643742,1735902942
txn_39n7NBG8J1SYGKIA2OHVogoy,charge,charge,ch_3iSP06DFWW3kuMkD39g7MZq8,59900,1972,57928,eur,Payment for invoice FBN5E93T-0001,available,1735652800,1735912000
txn_3pssuP9wIrETotgizAA08FJr,charge,charge,ch_3dVhp1FpsYTPc5YcZXdRae5M,200000,6525,193475,eur,Payment for invoice 0FEES6ZF-0002,available,1735722628,1735981828
txn_3CDPj2aJG038k1mEDE2cbJH6,charge,charge,ch_3ORg6zdL3OsEm9gOxFEjWuBq,59900,1972,57928,eur,Payment for invoice 6V8QDKWX-0002,available,1735727805,1735987005
txn_3kaEPxtHbPsTXy5R8dcVM0Vi,charge,charge,ch_3k015Tz3hAjFQkkvPzagFFHF,100000,1525,98475,eur,Payment for invoice AX3BILQ8-0003,available,1735729839,1735989039
txn_3ALkBmjPKCDezGt6scSOneUz,charge,charge,ch_3zOTETJ7p97nUAHWQXCUJntG,100000,1525,98475,eur,Payment for invoice JV1SDH9A-0001,available,1735816352,1736075552
txn_3vFmx4gF5rdkl1zQRIUEbg77,charge,charge,ch_36vZaw71b7E0DAe5u2qacoqn,59900,1972,57928,eur,Payment for invoice HCL2WX2Q-0001,available,1735829889,1736089089
txn_3B48sk68FvtiUKTEoL9hqy7u,charge,charge,ch_35i0SMarFX7VXMZp9XXWf0OR,59900,1972,57928,eur,Payment for invoice JGB6DROC-0003,available,1735833444,1736092644
txn_3hFAaYpcey1NovLamCvnJTe7,charge,charge,ch_3UgiFjViugKD5QUCEk9GPN7J,59900,923,58977,eur,Payment for invoice QLMFBAZG-0002,available,1735909042,1736168242
txn_3UXjqCjsoII0WpVgU8Iusd4N,charge,charge,ch_35spJnwsmNyvJX8sKCLd0dGp,100000,2525,97475,eur,Payment for invoice T1WHOWD6-0001,available,1735920806,1736180006
txn_3ovrQFaLw9dzmGAuSC5DSIvh,charge,charge,ch_3wYxKRqWjB6RzeTgBNdJhIDG,119800,1822,117978,eur,Payment for invoice DK83F255-0006,available,1735934686,1736193886
txn_3dIL6mY71b5tTQUZYIzx7xHq,charge,charge,ch_3PdZppO2arS0pDhlxbbipR42,100000,3275,96725,eur,Payment for invoice L9OWEZFH-0001,available,1736047871,1736307071
txn_3AoZgLhbLDJar3mLU7cX8cOG,charge,charge,ch_3FFSXlYocoDJA4yMPtKhjo3p,100000,1525,98475,eur,Payment for invoice 7YJDA0U0-0001,available,1736350900,1736610100
txn_31Cv7q1tOPZMxLZvXUVoGaOe,charge,charge,ch_3iR8dZKmYNtrb5N8xuW9yshG,200000,3025,196975,eur,Payment for invoice 2A5BNG16-0001,available,1736417865,1736677065
txn_3x2SwA8rZp58a94cjvpObgjm,charge,charge,ch_3ZHfm9MpwX63QkhWjyTIQYgp,400000,13025,386975,eur,Payment for invoice IH7GCTMO-0002,available,1736430924,1736690124
txn_3EpcuvT9YexaCjEP5fFgDkCn,charge,charge,ch_3E42ntVSexNvw5n1fU0gIwLp,100000,3275,96725,eur,Payment for invoice UBDQ085B-0003,available,1736507121,1736766321
txn_3668Q2dhKD1rEI9upA9KPDJz,charge,charge,ch_3lOMmgW4vRpYBTccwPF68GUI,100000,635,99365,eur,Payment for invoice NP1CW4PK-0004,available,1736681968,1737113968
txn_3oo8GzkP1M8Op66rusHtjGS6,charge,charge,ch_3tB2gDoeOhjtSZdZ4lu0XFgK,100000,3275,96725,eur,Payment for invoice UKZ4P7XS-0002,available,1736775002,1737034202
txn_3o92H9FBlTovU5EXk6NvdqlM,charge,charge,ch_32xSSDrYkTA2ynzfGrPH0VS3,119800,1822,117978,eur,Payment for invoice M9IHIVX8-0001,available,1736780862,1737040062
txn_3BzsQE4vGDgFCs3zXuTPaj5e,charge,charge,ch_3g7sqhwO2xS1zTIF2uMUEok3,59900,923,58977,eur,Payment for invoice ZIF3VZPI-0003,available,1737021991,1737281191
txn_3klHHhlmwEldSSp2MGKBI0E8,charge,charge,ch_3uOs06PBdS8ysS6XC2A8PeYA,59900,1972,57928,eur,Payment for invoice TSJDKO9P-0001,available,1737038081,1737297281
txn_3Fa25j41Rpd9aBjVbzkILd5t,charge,charge,ch_3YbVXcVlZALkv9egevuZ7nw4,59900,1972,57928,eur,Payment for invoice X11HWJQZ-0001,available,1737038311,1737297511
txn_3ch3k3Ak1CXSMSrrTjeqDqTx,charge,charge,ch_3fQdtpuF3S3wzOWh8voaMnQU,100000,1525,98475,eur,Payment for invoice L1ODXC0P-0003,available,1737042933,1737302133
txn_3Mcpr6RWqVUCx0t2PjVMhkZf,charge,charge,ch_390GVEbjArCsA2BSwqWfQ5uL,200000,6525,193475,eur,Payment for invoice ZCXINQ7H-0001,available,1737049543,1737308743
txn_35PPD9ceSDb8vetSnvFgGyEE,charge,charge,ch_3K0qLDiWcTpiXew3LONx6JKO,59900,923,58977,eur,Payment for invoice 5D8TTIGM-0001,available,1737120749,1737379949
txn_3U760ecvhOKlioOGsyyG5eR2,charge,charge,ch_3k1pmHuSJKfJPZhssZj797y4,100000,1525,98475,eur,Payment for invoice AMAW8G4T-0001,available,1737126895,1737386095
txn_3Isieq1OVy9tXIIVXcbTdu7n,charge,charge,ch_3gpPbsiuuHhHtgU9fX0rc1TJ,100000,3275,96725,eur,Payment for invoice 7JYYKN5L-0001,available,1737306355,1737565555
txn_3RZEnyJkevl5Dabi6HiCGuxP,charge,charge,ch_30ouCvcE1VlYLwtybOpEmMjU,100000,1525,98475,eur,Payment for invoice B08T8MK4-0001,available,1737311073,1737570273
txn_31Ff9dtILWkzUKegLlLk6Rmt,charge,charge,ch_3I85AzpFIxPTLOznmu1VdxNi,200000,3025,196975,eur,Payment for invoice Y8CUW3Z0-0001,available,1737349743,1737608943
txn_3yE5zR0td1TbS24iWnaK0Tqu,charge,charge,ch_3WilGuepvjDkNX8ZEsWU9brM,59900,923,58977,eur,Payment for invoice FGVANHNY-0001,available,1737359684,1737618884
txn_3jXcMZkWzM0OpfHwkbib1m0C,charge,charge,ch_3LMOG4pKUozAXHx27ynJHn2S,59900,1972,57928,eur,Payment for invoice 9SSDNXQS-0001,available,1737384665,1737643865
txn_3QegkzrQE6FnEHMEoTLhX0bu,charge,charge,ch_30ch7lsAxT1AJsslRdbP5RFr,100000,1525,98475,eur,Payment for invoice 62BXVUTX-0001,available,1737448866,1737708066
txn_3q1VYi4NkhseWKM0oNMbEAzH,charge,charge,ch_36Z6ZS4PhwWVHVSaWtfShiw5,200000,6525,193475,eur,Payment for invoice 55XGQND7-0001,available,1737502072,1737761272
txn_3n2til44H4Qa7z5CJZRlcYfm,charge,charge,ch_30g0jfqueOIAbdJUJlc704wh,300000,635,299365,eur,Payment for invoice QDTMIWM3-0001,available,1737511867,1737943867
txn_3EyyGeSPGiL77X4M10NKXUfq,charge,charge,ch_317OwBjL19a0Kt5sjjXtBzNR,100000,3275,96725,eur,Payment for invoice I78LRFKS-0002,available,1737539862,1737799062
txn_3bamgKrjwrsFaXNyK1RsTZkd,charge,charge,ch_3dMmO4a3SChcQY4MlH5nEYDU,59900,1972,57928,eur,Payment for invoice Q6D0IVTW-0001,available,1737575976,1737835176
txn_3szWL0dGhJLsqcpgK0sMCGX1,charge,charge,ch_33ZyM1KBUci3LuNlPBURtmJl,119800,3919,115881,eur,Payment for invoice ZGTWJSK1-0001,available,1737620798,1737879998
txn_3zQwq56T5562rqX40ZhIyCLu,charge,charge,ch_3yt7H9yreEPn82WMTYqieLbR,100000,1525,98475,eur,Payment for invoice XYSX1BVH-0001,available,1737623189,1737882389
txn_3GYhz6ymJHu3vUaZwNEaOnN3,charge,charge,ch_3rnrI2t9OpxDpbuGVnDat7lB,300000,4525,295475,eur,Payment for invoice A4BRCSZ4-0002,available,1737623713,1737882913
txn_3puzxvyUh8tpBKq1JS8T9kJ6,charge,charge,ch_3CuSN0L6dvCWGTJ3JRFTefwW,59900,1972,57928,eur,Payment for invoice 8CX3ZCGD-0003,available,1737658231,1737917431
txn_3dHC8ydjOHoKjLC2JIUBi21L,charge,charge,ch_3ipc7qYosAt3XY3gtBPSbZZb,100000,2525,97475,eur,Payment for invoice 17SJMDXP-0001,available,1737708845,1737968045
txn_3K9dBcLFymYS1gqf6hcFNWms,charge,charge,ch_3iOtUgsGFZV5kSoVQD9XM8WU,179700,2721,176979,eur,Payment for invoice CAPUK6AB-0003,available,1737720841,1737980041
txn_3rKFjespTFe2b7M5JNymbax4,charge,charge,ch_3cKrEvIjItOlgVKHJlPnVFln,100000,3275,96725,eur,Payment for invoice 2BMVWFC8-0003,available,1737900571,1738159771
txn_3G4RW02eOZqSGPEJa8CWnQrE,charge,charge,ch_3SvKfttZAMnmZEmZ6EqqJ40x,59900,923,58977,eur,Payment for invoice VY6R38CW-0001,available,1738182474,1738441674
txn_3NuATqZ2BtFK9O99IwN2oT4k,charge,charge,ch_3JSvBCuNd4UOtP2v3RHR2mit,119800,3919,115881,eur,Payment for invoice OGF91CB8-0001,available,1738245399,1738504599
txn_3RVsRCfBlYP8mrG3Fgi6YF8Q,charge,charge,ch_39jvr41cmg2pQwDb8XYk9Mvi,100000,3275,96725,eur,Payment for invoice L7S20PUH-0002,available,1738251877,1738511077
txn_33OaDqfZ7hmqEXbN7evXzHzR,charge,charge,ch_3xRSZoedQzWWWTeRDvvqHeer,100000,3275,96725,eur,Payment for invoice TQ7KTZSE-0002,available,1738329338,1738588538
txn_3DV6hn5zGuRK1OG2iyqj2juC,charge,charge,ch_3KZdB312fWUVg34oMbvE5InR,59900,1972,57928,eur,Payment for invoice 4B600USI-0001,available,1738356997,1738616197
txn_3VKihaKtedJzML9NjHEvvtAh,charge,charge,ch_3Utny7Pxh0uPi77soIPgM9Qj,100000,3275,96725,eur,Payment for invoice 8XY4CWTO-0002,available,1738551464,1738810664
txn_31XbyeEpnrJUaiFJTXqc1kgY,charge,charge,ch_3PWeWWvMDFPXYbm153OgRwfj,59900,1972,57928,eur,Payment for invoice T4CH913S-0002,available,1738597556,1738856756
txn_3X8FsM5TVCA1hYeS8tcUQM39,charge,charge,ch_3uE85hgXXuCxbnt7kFLLU4ej,119800,3919,115881,eur,Payment for invoice 7DNYI22B-0001,available,1738657608,1738916808
txn_3yhoC4LC6UVr6OzlXhiQ42Ej,charge,charge,ch_3BbjngNRAlPO0D2oe0ffwRfu,59900,923,58977,eur,Payment for invoice 8EU7L7AX-0001,available,1738659202,1738918402
txn_3N3yrpveKtZ8AtZAjByA69kY,charge,charge,ch_3C4NhkqDBaKmLir4JUFD1O31,100000,3275,96725,eur,Payment for invoice 77NWU9EL-0002,available,1738741125,1739000325
txn_3pPKb113sHqJpngxOfnxlJCe,charge,charge,ch_3PClYRCitXw4Xlzk6bqnrCOp,59900,1972,57928,eur,Payment for invoice 0RNP5W89-0001,available,1738760669,1739019869
txn_30lUELkCsNgPuwHKAFCnfIJy,charge,charge,ch_3f5OUoVav8LjcLz9qpJsVKng,100000,1525,98475,eur,Payment for invoice 0XYJB014-0001,available,1738762757,1739021957
txn_3XEFHgT4ELz7ZFdpNVch3FvD,payment,charge,py_3MzGsOS1jGppbausZqoGObUx,21000000,500,20999500,eur,Payment for invoice B19WZPVZ-0001,available,1738769900,1739201900
txn_3mgUGiW6isKCmy8I7HJxpSwr,charge,charge,ch_3gvMtUirLIwcab8J7LrMauUB,200000,3025,196975,eur,Payment for invoice 7B84R8RK-0001,available,1738841964,1739101164
txn_3y6SGfZAxWUXpxl2RUgf5qlM,charge,charge,ch_38dIyx5cSuSEihNujcR1QW7O,100000,1525,98475,eur,Payment for invoice 5GAEV0OF-0001,available,1738908023,1739167223
txn_3Db07fpgCTjybb4NsY8e1q83,charge,charge,ch_3ZAGMf6jvQjR725z2PTCn2Po,239600,7812,231788,eur,Payment for invoice H80MLA8H-0002,available,1739005339,1739264539
txn_3SJxVRwaKzybDSXlqGQpvkeL,charge,charge,ch_3cF0ny31YArfHyRKqBZ4Q5U1,100000,3275,96725,eur,Payment for invoice MSQNPPXZ-0002,available,1739011273,1739270473
txn_39aCAEv3acAeGEFBczKtTynB,charge,charge,ch_3WVLEfQKGQLeINvpbbLwXwW0,100000,1525,98475,eur,Payment for invoice P9X3DL1R-0002,available,1739025006,1739284206
txn_3zAonZ1CGz4d74BrvtSj57Dx,charge,charge,ch_3irz8uOLQQBGSbPbPNUDYweX,200000,3025,196975,eur,Payment for invoice 4ZX24QK8-0002,available,1739066963,1739326163
txn_345lQfcPHwIH15dBxQJSSNFq,charge,charge,ch_3lAZuyStGgLly1gHaWkDW6XY,100000,3275,96725,eur,Payment for invoice ZVUHKFIK-0001,available,1739187555,1739446755
txn_3KW8OG5ndvtOfB9QQNClvV4M,charge,charge,ch_32DQXKIVdgufHkYHzXUVg4Us,100000,1525,98475,eur,Payment for invoice OWWUGKIB-0001,available,1739204243,1739463443
txn_3XKzqLUH3xmzpaIr6rJm4y0e,charge,charge,ch_3VNYH9GCNMASi0BHFLOArJE3,300000,4525,295475,eur,Payment for invoice PQQM57MT-0001,available,1739357848,1739617048
txn_33H0bGZQgo8TWsEtzbvCx5my,charge,charge,ch_3SARCkADPA6i9aBcXRBfhQaC,100000,1525,98475,eur,Payment for invoice 3WPBKTMP-0001,available,1739380433,1739639633
txn_3ccXR3Rpie6BBqVgTl18Eq3c,charge,charge,ch_335pSZTUJeM7qSeTy2pA5BfN,100000,3275,96725,eur,Payment for invoice SCUAQ72R-0001,available,1739381769,1739640969
txn_3VJIPqtXnK76MYhDt2eSxRhP,charge,charge,ch_33bgK2CTZN6NaqMele4VEOtM,119800,1822,117978,eur,Payment for invoice 6POANIJ3-0001,available,1739486332,1739745532
txn_3zF4G4P14o1hZWFpmSHpNJcx,charge,charge,ch_3v304EEPTH0sUmaz2XcLf1E1,100000,1525,98475,eur,Payment for invoice XGHXXCYL-0002,available,1739547240,1739806440
txn_3mp0ML1ECrv1doQuvDLQwPEy,charge,charge,ch_3kh2I9ShsYQ9h37TBsyvlmq9,100000,1525,98475,eur,Payment for invoice P79JVPU3-0003,available,1739571530,1739830730
txn_3lPC3A8LXlPRlXfHYHDIYrMW,charge,charge,ch_3pVbzD1ZXe8tk44TWbepdC4q,200000,6525,193475,eur,Payment for invoice KIM69TMV-0004,available,1739609354,1739868554
txn_3hmxB4ymP1rMXS3JjXJUvlZL,charge,charge,ch_3Ptmg6vTRIcvWHRquM1mZdxI,300000,9775,290225,eur,Payment for invoice RSEXDXE1-0001,available,1739618387,1739877587
txn_3c50r6LDkfY1E7PS9oafIDS1,charge,charge,ch_37TADxNmui60NNLsUEz0x73F,100000,3275,96725,eur,Payment for invoice A410114X-0002,available,1739619010,1739878210
txn_3lo2WFN2nFeWBcN3RH6waYZY,charge,charge,ch_36MzLaWNhJFWMHb9JmkgvlIw,100000,3275,96725,eur,Payment for invoice 55KLYHIP-0003,available,1739626093,1739885293
txn_3sHVOKJvx34yU18stLbr3hHd,charge,charge,ch_32xD0YaSKJjVmLjgFOmJTU4D,59900,1972,57928,eur,Payment for invoice TDZSA695-0001,available,1739636154,1739895354
txn_33Qa3zYNXGzMzdEJSngX95Jv,charge,charge,ch_3AZXdPC1ajSSrpa2SVU7nEPO,59900,923,58977,eur,Payment for invoice URQ11C3T-0003,available,1739705879,1739965079
txn_3XS4LFuDwAcanBPu9zvGtrld,charge,charge,ch_3nI636b5eyDeNpRtEqrdyORh,200000,6525,193475,eur,Payment for invoice G8YKB4U6-0001,available,1739786129,1740045329
txn_3DgD1FSeHbfhEzDovqxmWg8V,charge,charge,ch_3MO9HvXvmd5NF12kPi6xGfPi,59900,923,58977,eur,Payment for invoice V1HIIV9A-0001,available,1739865551,1740124751
txn_3BcdFwRNy0ky7ohI8krWhGAd,charge,charge,ch_3iewY6vI07H9k1C50JPF9gzc,100000,1525,98475,eur,Payment for invoice I78Z086D-0001,available,1739894621,1740153821
txn_3DwbSW35RnfzNUGAomdPAw6F,charge,charge,ch_37KcpyQMUZP7e8ieAnjcQ65T,59900,923,58977,eur,Payment for invoice XHSWW35A-0001,available,1739904782,1740163982
txn_3D1os7DZOW0ATjtFesAbIXNR,charge,charge,ch_3lFYFlhpe1eAyYyznsk6YLbC,200000,6525,193475,eur,Payment for invoice 02F0JFZJ-0002,available,1739975875,1740235075
txn_3Po4JzJCY2TwYBmAzffKelCn,charge,charge,ch_335WffyXzsTg2Te8R1QqQ01G,200000,3025,196975,eur,Payment for invoice D43JIC2U-0003,available,1740043259,1740302459
txn_3NGrHuslqmMeJQveV5KgCKoO,charge,charge,ch_3mmazyhwMPKC7wWrOP8pxb3y,59900,1972,57928,eur,Payment for invoice XPPOJVV0-0001,available,1740066166,1740325366
txn_3A7IHs3TrFcOirznEzZSYsiT,charge,charge,ch_3BLkVmQZ1Wy0n44wpOvyZ0kF,59900,923,58977,eur,Payment for invoice JMTVIZHJ-0001,available,1740150484,1740409684
txn_3WGfqBTA0t8EPGPnBp0iEBHg,charge,charge,ch_3XuI9chTTFV3bCC63QET9qLA,100000,3275,96725,eur,Payment for invoice VCYZWRAM-0002,available,1740249699,1740508899
txn_3v6MLHMyWpmHRiGEuskiIQVQ,charge,charge,ch_3EWoJAKkOREsbL5MM5VFOz2u,100000,635,99365,eur,Payment for invoice 4UIXHQT6-0001,available,1740396545,1740828545
txn_3YgQ2fT03dgD4jk8tqVSOdWx,charge,charge,ch_3bruuTGMF6NAjMVWd6HNvLwN,59900,1972,57928,eur,Payment for invoice K74CO0RQ-0002,available,1740400186,1740659386
txn_3OtlDf4l2c1as023tEs92k8S,charge,charge,ch_37zO0FrvLfg0H34kKynAdqyR,119800,1822,117978,eur,Payment for invoice 6DY36O0U-0004,available,1740472036,1740731236
txn_3YeWMH06rJIORAUMvnTqArpN,charge,charge,ch_3eFheTHQUh8nBHV127fEMSqa,100000,3275,96725,eur,Payment for invoice EFB34MP8-0001,available,1740483404,1740742604
txn_3AVDgEd79SHgqvfomFUXjGV9,charge,charge,ch_3CNKoSvMiq0US16YAa2FyXyo,59900,1523,58377,eur,Payment for invoice 4TYCYNCQ-0001,available,1740485184,1740744384
txn_3OC5QvVfWuy9IIR5VTkS521D,payment,charge,py_3BxAV22yGGQf79mzTbGLnFeO,19800000,500,19799500,eur,Payment for invoice L99WZD41-0002,available,1740499203,1740931203
txn_3nGjtgmNwnIYOzPvPu1X3GtW,charge,charge,ch_3DSlR6dxGUUs8eZdpUwPA91R,59900,1972,57928,eur,Payment for invoice L8NM3O9R-0001,available,1740508383,1740767583
txn_3NhpV4ny31qjv4yuQGR7yVqd,charge,charge,ch_3RX9hC9RLBKKKNKzx37iQSOw,59900,1972,57928,eur,Payment for invoice 5U52A8YS-0003,available,1740553599,1740812799
txn_32PbTagrVY5C7uqWJuWiVc7G,charge,charge,ch_3a5BeHhCI3mdw59upqfMabQr,59900,923,58977,eur,Payment for invoice SS7CJJ53-0001,available,1740608970,1740868170
txn_3Pzm5i9MPi4X3C7nKKeQyiGV,charge,charge,ch_3FkVPRgPTIsG1acGE0tM7EJ5,200000,3025,196975,eur,Payment for invoice EP6EWZT5-0001,available,1740647731,1740906931
txn_37YAh0uTrMjm74v4FzRvJjyA,charge,charge,ch_3QeMpOQaai1mNVcVvXWqk3rP,59900,1972,57928,eur,Payment for invoice N9JC1RZS-0005,available,1740664829,1740924029
txn_3fsjixuol156fIUcOmx7qeXr,charge,charge,ch_3ByykDd6XtiQe8MGCdlarBRP,100000,1525,98475,eur,Payment for invoice MQT8W0L0-0001,available,1740673016,1740932216
txn_3qF7WIzeozArTBfUZfAY57lB,charge,charge,ch_3PVcUxhN8Ftl7EzkSZTRs2Lz,200000,6525,193475,eur,Payment for invoice KZJARF2L-0002,available,1740735222,1740994422
txn_3OTfrP4jORykacLIh8EGW5kg,charge,charge,ch_3QHAGxk51I2hgn3oNMMeHORQ,59900,923,58977,eur,Payment for invoice LFJMYMGY-0003,available,1740752944,1741012144
txn_3EseuY4Sk696tNAmVbvYvmpw,charge,charge,ch_3hEfJ7flTtZgkqekqvAY2Wr0,300000,9775,290225,eur,Payment for invoice QX2SON75-0002,available,1740843741,1741102941
txn_3xCyHptUviCDfmF3ZpjbYZb8,charge,charge,ch_3rWREIFv3T6fGL6ZCqhRcbEV,100000,3275,96725,eur,Payment for invoice RYMMSSBB-0002,available,1740848444,1741107644
txn_3Hus34V9a1FMLrVMJN2E07pA,charge,charge,ch_3LUAi9FIoI6GUS4VJnxzR3N5,119800,1822,117978,eur,Payment for invoice S6I072Q5-0003,available,1740906180,1741165380
txn_3kbYjPiENrJR5w2aLsneKW5I,charge,charge,ch_3Vmr9i2xetSWg0cpJ8SV8Uow,59900,923,58977,eur,Payment for invoice 8SBP954O-0002,available,1740942183,1741201383
txn_3ZfyvDBs0tEVuOnoV3YoAXcP,charge,charge,ch_3dvSaorjMxd4f5lacE21H6Cy,100000,1525,98475,eur,Payment for invoice S9VSY8JL-0001,available,1741006197,1741265397
txn_3uQQsFGX55I70vzTseXvTY7o,charge,charge,ch_3oXlgTlPKHoOAmbPyognY63y,100000,1525,98475,eur,Payment for invoice 6SM4IRFD-0001,available,1741021308,1741280508
txn_3zcIZi5FjpdKQOryNjPRPGSo,charge,charge,ch_3CwY4gl8tL1Bk0RbnRw0NXL3,100000,3275,96725,eur,Payment for invoice 3FY02MSZ-0001,available,1741069962,1741329162
txn_3tt7OQH1TK6K0iQiNCQhodVa,charge,charge,ch_3VOQWsk44rXShBss1I3Yyjdi,100000,3275,96725,eur,Payment for invoice E0X47S6L-0001,available,1741079198,1741338398
txn_376zXdrFKiSUwHmxv0B7LrSf,charge,charge,ch_3sPwg0gegHWlegHPxoOdq6NB,59900,923,58977,eur,Payment for invoice BNDEFMC8-0001,available,1741095848,1741355048
txn_3hO0s1sV0qu074mk1UqDDyDz,charge,charge,ch_3XRV1qzvp6Qusrq8pPuJmOHs,100000,3275,96725,eur,Payment for invoice A3L4JY83-0001,available,1741116851,1741376051
txn_3eHhy1FfqYXLaPJyr7LBIeEM,charge,charge,ch_3bBhguMI2tCwjI7NpyGDT7bl,100000,1525,98475,eur,Payment for invoice T6E0LWIR-0004,available,1741165292,1741424492
txn_3JG2lwCk2bygFIfdXq6EXBPq,charge,charge,ch_3cQQNPbcibAHZW62cdrUAmCg,100000,2525,97475,eur,Payment for invoice OF159R7A-0004,available,1741191214,1741450414
txn_3BhgkM7nkxkmGox3FD8qReM9,charge,charge,ch_3mOk8N61FaxzUXsIJcJ4HOg8,100000,3275,96725,eur,Payment for invoice ASKFE4RU-0001,available,1741369373,1741628573
txn_3QzBvmdcxxsElFteHn3cf5OU,charge,charge,ch_3M7b8abo0Yc8YEA3hH5B2h7N,200000,6525,193475,eur,Payment for invoice Q6G6HZ7C-0003,available,1741376755,1741635955
txn_3U5RgHMt1NLLY8JwgFz4TUUS,charge,charge,ch_3rMaGvmU02RFUOu8qV4YFMS3,200000,6525,193475,eur,Payment for invoice ATXQ2IG0-0001,available,1741376850,1741636050
txn_31j9X5VBgROxa5HqpZPgK6PW,charge,charge,ch_3eocy8cV0AhQQ5IBq4yIqehc,179700,2721,176979,eur,Payment for invoice XTF3REL0-0001,available,1741702134,1741961334
txn_3jfr3nScqpbdkIOI9gOCLATR,charge,charge,ch_3tfatcZowRzS4QQoZH2kvk2z,200000,6525,193475,eur,Payment for invoice LHS75SUL-0003,available,1741790362,1742049562
txn_3IT386aO3Nxhis6kex8pbIGg,charge,charge,ch_3aHs5lhsZsQDFfaczt6HHIC7,59900,1972,57928,eur,Payment for invoice MZ551TS7-0001,available,1741796838,1742056038
txn_3WLwEolKcJWWI3aqvVGH7WhN,charge,charge,ch_3IBGHK5BLUPi3CBZC4AM3F4Q,100000,3275,96725,eur,Payment for invoice PFAIH820-0001,available,1741853821,1742113021
txn_3Tzu4GOcgwcUtkXcW9vn837w,charge,charge,ch_3SMLPRQTxBr4dgLPJqfdHKJD,300000,4525,295475,eur,Payment for invoice 3NGZRYM0-0001,available,1741864017,1742123217
txn_3a1R0t35JHtVmK0cfV7CyVLf,charge,charge,ch_3vU0UPHwxoo9asGYETTfCcf9,100000,3275,96725,eur,Payment for invoice 47ITT52M-0001,available,1741944019,1742203219
txn_3sI5T7RG8cqc990fFsmUgrCc,charge,charge,ch_38LeURAjspJcJEXP0RGI6OYY,100000,3275,96725,eur,Payment for invoice IZJV9Y2G-0001,available,1741964883,1742224083
txn_3CgjFgfRhEbzjwvN9Ag5KwI0,charge,charge,ch_3KxQQ3YzUqjDsIEGKLwMrqif,59900,923,58977,eur,Payment for invoice D6XZLO6R-0002,available,1742048213,1742307413
txn_3aQrghcvD3wtJK5PUZSEo5xU,charge,charge,ch_36ZoKA0ndl25y1Hoyft1oqhv,100000,1525,98475,eur,Payment for invoice XX8XEW30-0003,available,1742055993,1742315193
txn_3W0GV96Hc746vARWwixRAIrR,charge,charge,ch_3LbteXfoeFeNsKoTarOX2iID,59900,514,59386,eur,Payment for invoice 5TERFD3Y-0002,available,1742116851,1742548851
txn_3cYV213YwLvB0wY9xSxjNgQN,charge,charge,ch_3BQ7A1kyXPbeNFliBNWrigs5,59900,1972,57928,eur,Payment for invoice 112617JL-0002,available,1742120281,1742379481
txn_3Eu3gArMHEXzvponr3kDdVdS,charge,charge,ch_3qBcT3eIBFzFeSDWVFttxIvz,500000,16275,483725,eur,Payment for invoice KI8EZE4E-0002,available,1742129319,1742388519
txn_3Zo4CIlZ6HNUdAs8cL0QzLyl,charge,charge,ch_3iYmBYMq8iWp49SDC871Q813,59900,923,58977,eur,Payment for invoice VER8P0ZF-0001,available,1742195855,1742455055
txn_301nHVXYGLUGZBUrlVfbWGtR,charge,charge,ch_3O6ZNcqiYNJKcXQcjAmOsYpM,100000,3275,96725,eur,Payment for invoice F9DIUPL5-0001,available,1742205313,1742464513
txn_351Y8GlI3bNPmQkNm7AIDZpQ,charge,charge,ch_3sEMmL6nOpYYbVyxgCTRgqhF,119800,1822,117978,eur,Payment for invoice B0WM6LGE-0001,available,1742228494,1742487694
txn_3aKtt1iz6JDWiDeGApkuRRPJ,charge,charge,ch_3qRSJrLauJ0SS5N9yHuFmTCb,119800,1822,117978,eur,Payment for invoice QL73V2DW-0004,available,1742276394,1742535594
txn_3qqqBS8t0MSjlYf7yoO2mJJ1,charge,charge,ch_3uRs8CKgMsnMioZ2S8N1BgSG,59900,923,58977,eur,Payment for invoice RGOTFY3R-0002,available,1742297067,1742556267
txn_3hiMbMnQymsNrTpNX8odG8yt,charge,charge,ch_3D4sipDHbro4GqtRCx8bncub,100000,1525,98475,eur,Payment for invoice XFHDIR91-0001,available,1742308834,1742568034
txn_3vKUXFXAHi4SMZRgdo6jdEvv,charge,charge,ch_3MTeIthjtCTpDSpCrdCTbhe3,59900,923,58977,eur,Payment for invoice FD046KLJ-0001,available,1742387786,1742646986
txn_3cAkgNn9eDrkm2Z3BpyUF5XK,charge,charge,ch_35OkRbDp21KG9YPWx1uQKVdq,100000,3275,96725,eur,Payment for invoice T7162JH9-0001,available,1742389244,1742648444
txn_3gAH4yWgvhfE5zwLhe3Wxxra,charge,charge,ch_3xYZYRc9Q07kBnd1TZODvGe8,200000,5025,194975,eur,Payment for invoice PO5PR5SS-0001,available,1742393949,1742653149
txn_3gTxIoXbFJ3BFvFK35Z8Vq0E,refund,refund,re_3nQdXyPb9AiBjJb2LUxU6d3z,-300000,0,-300000,eur,REFUND FOR CHARGE (Subscription creation),available,1742416437,1742416437
txn_3K0KAuw4Zrj05p82JQ4yCzoV,charge,charge,ch_355GjEXDfC6HZcYQDgW3THHS,200000,6525,193475,eur,Payment for invoice 2M87OZQ5-0005,available,1742448461,1742707661
txn_3NX6Qm7LJKPa9PJaPtcQ8BCc,charge,charge,ch_3kkLyRQTXHjx05jFHy746u3B,200000,3025,196975,eur,Payment for invoice X2JBCN3B-0002,available,1742475987,1742735187
txn_3lVjoHaLKyELAvs6JfDgrGrp,charge,charge,ch_3iK70yMXiWzFiEdqfIqUFS7D,59900,923,58977,eur,Payment for invoice 7RLMRWEJ-0002,available,1742513918,1742773118
txn_3kyeBiOG356OBu30ODeAcXko,charge,charge,ch_3Km81yCNmBsmFJPxuCwb3iRj,59900,1972,57928,eur,Payment for invoice G7RTJ2DH-0001,available,1742533716,1742792916
txn_3XBajv94nJwwVmTLef8elWeD,charge,charge,ch_3l1U5xewPkSCgmd9IhxOo9Z8,59900,923,58977,eur,Payment for invoice Z1FBLVDD-0001,available,1742551747,1742810947
txn_3vx0fTj1ZXvxipkTgVjcGuZK,charge,charge,ch_3jw1KefAwX8yhBd5q5AVh79F,119800,1822,117978,eur,Payment for invoice T0LGSZQ1-0003,available,1742561070,1742820270
txn_35M6BIjp0jw52fTsRxGd1EPv,charge,charge,ch_3UJKGOcaJBGom3QUuw1ToFYL,100000,3275,96725,eur,Payment for invoice I4LERZP0-0001,available,1742577326,1742836526
txn_3WnKokwSpdedMjguvB7ZIpsI,charge,charge,ch_3CRD7HrwqyO1AZfnJHAe2BdL,100000,1525,98475,eur,Payment for invoice CUPRIZ34-0001,available,1742588729,1742847929
txn_3rpTb2JYEBh8yYST70Np6uvn,charge,charge,ch_3umhvQIWgpdWUUArBhUnnJvp,100000,3275,96725,eur,Payment for invoice XSUVXZFR-0001,available,1742650161,1742909361
txn_3W32LOvhV6PYU4Mkv20fKMJC,charge,charge,ch_3g7j4ZQWRxi2tlF0fnUZjjyW,200000,3025,196975,eur,Payment for invoice IJVSKDPA-0001,available,1742659707,1742918907
txn_3FFzIWgWDLR9IK52cNoPXLk3,charge,charge,ch_3iYtLF0gdL0BOOhJjbOMCxti,100000,3275,96725,eur,Payment for invoice ZH0CIIX7-0003,available,1742715208,1742974408
txn_3uNi0I1cHoupH4iJ2OnmQGRo,charge,charge,ch_3A8DhY4VRyTivOi57yKwrwqE,100000,1525,98475,eur,Payment for invoice X4S6PAUB-0004,available,1742715936,1742975136
txn_35Aend0Ephi24SCkvOaMmypk,charge,charge,ch_3A3K9UPEXYjE8K5vH0DQ2jSd,59900,1972,57928,eur,Payment for invoice C37GTSB3-0001,available,1742731779,1742990979
txn_3k3aZjyKGgdLNrBHBR5DZDVo,charge,charge,ch_3QKf7pXz0vmw1SmlQpvd55qr,100000,3275,96725,eur,Payment for invoice TQA3QZ44-0002,available,1742809831,1743069031
txn_3KHPxU6yT9fj4UQHSGICpa44,charge,charge,ch_3akk4ClSX7gFWQMyk7JkDqKa,100000,1525,98475,eur,Payment for invoice 7UHON0ZD-0001,available,1742820434,1743079634
txn_3OMjMPV2csDTM9Z8XKJX17Vw,charge,charge,ch_3kNWkQhXTbpx7lebR4EkIux9,100000,1525,98475,eur,Payment for invoice LUZY615W-0002,available,1742896595,1743155795
txn_3bPf4TITgUj4vxtzgMKPVgZ4,charge,charge,ch_3Yc3gxrE1LYqK0HtG64vm0v9,100000,3275,96725,eur,Payment for invoice YPA8WHEZ-0001,available,1742919059,1743178259
txn_3DcX4OdYEkAiM5FnuqJNKUQ6,charge,charge,ch_3vtfsBSRgatYjSKzwfOuluRs,100000,1525,98475,eur,Payment for invoice G3G4D72W-0001,available,1742973231,1743232431
txn_3PhPmz1llqDXswH09Z5XY9kb,charge,charge,ch_3mw4Z3L9XsRiPN3inieGt1VM,100000,1525,98475,eur,Payment for invoice 0PITO1V7-0003,available,1742982788,1743241988
txn_3k6MDys8A2lHLqv5g7IERwZb,charge,charge,ch_3AIq79bmpZ9fcr6yMh4JitMM,59900,923,58977,eur,Payment for invoice 8EVMFA3D-0002,available,1743057934,1743317134
txn_3jJ03mAWv4mhdisbOadxMuE7,charge,charge,ch_3TYKa9voOt0CY9L3K3bto9jR,100000,1525,98475,eur,Payment for invoice 9OG0VQ3T-0002,available,1743073413,1743332613
txn_3OloQC01PxcvoLbG4A87meKF,charge,charge,ch_3bl8ZdgPTDWorjjrqVy5Dunn,59900,923,58977,eur,Payment for invoice 94UKBJO1-0003,available,1743156743,1743415943
txn_3rRuVZlmRTdZ7yuAL2TRRuP8,charge,charge,ch_3AqWTm3xNAELZO9UHFjRD1UN,100000,2525,97475,eur,Payment for invoice UDWH2QPA-0001,available,1743232002,1743491202
txn_3LCFsQhXj7F3ZSidGiprPD5K,charge,charge,ch_3hV6e1eULt0de7cohoPDfOBY,59900,1972,57928,eur,Payment for invoice PC9QDCFZ-0001,available,1743511256,1743770456
txn_3HL1IayEttfi9QlbDHIpCtBo,charge,charge,ch_3WptZ7yJjj9HfXF6rfC9eeU6,59900,1523,58377,eur,Payment for invoice PM33JMH4-0001,available,1743536616,1743795816
txn_3TNG1m7bWJGHGWY6JAFBw06s,charge,charge,ch_3M7Vu4dXjNHs9RfkvA9GQD4g,59900,1972,57928,eur,Payment for invoice NCYYZGIM-0001,available,1743603099,1743862299
txn_3uHNiP1OqvAc3VpwELyaWKFV,charge,charge,ch_3xwNa7A2WsyT7FAcn7JhILGa,59900,923,58977,eur,Payment for invoice 16WCFW77-0001,available,1743675999,1743935199
txn_3QmK4I6yMIX8KUn1IZFEkXvK,charge,charge,ch_3aGlWHyuKEl2auJOxuqOBZ8e,299500,9759,289741,eur,Payment for invoice 5OGD0CG2-0001,available,1743678629,1743937829
txn_3AlNLFwecZJLs0TIbvF5CmsX,charge,charge,ch_3SeBt3hL0WzvlPHH8qcfhMK7,100000,3275,96725,eur,Payment for invoice N7C4C4IA-0003,available,1743686411,1743945611
txn_3mYnN0Nhi1SUtWI6kbsro4uh,charge,charge,ch_3oTXI4k8o0YZb6LAgQYk8H0h,119800,1822,117978,eur,Payment for invoice 8KK58QVR-0003,available,1743758170,1744017370
txn_3SffqsDmfnKCwy4saPqwuNAb,charge,charge,ch_3ZkjNJQHURl87xGagQM0P7gl,100000,1525,98475,eur,Payment for invoice RDKB52TF-0002,available,1743760457,1744019657
txn_32mARxFX9v3kw3hKsnN4WrGb,charge,charge,ch_3V4g6Dc3qlYjitoiSrql2B2m,200000,6525,193475,eur,Payment for invoice Z1JLPH2S-0001,available,1743790068,1744049268
txn_3rtC25GoLnTqfMnPsrGSDJFr,charge,charge,ch_34oAxsbgUJWKARYDdqrVvQyU,100000,3275,96725,eur,Payment for invoice 1PFZGX7V-0002,available,1743862692,1744121892
txn_3ByMCtwqL7i4X55mubTXKWvk,charge,charge,ch_3OaPIi6KL3wH8KcFVVuPXRhR,100000,1525,98475,eur,Payment for invoice S0SPZAKJ-0001,available,1743868476,1744127676
txn_3vvjVlu3aMX0qItF0qkmMHgr,charge,charge,ch_3GJnc8NP6SlJT20B12rPqxdz,100000,3275,96725,eur,Payment for invoice RUY8BZSA-0003,available,1743880083,1744139283
txn_3XeuzIKixCO3C4Jv57rzlGWk,charge,charge,ch_3U0MUVI8C06SfS8YAWg06KkU,59900,923,58977,eur,Payment for invoice VKMPPKJV-0001,available,1743949056,1744208256
txn_3EMahu6cv3mkfnDlzL089Qol,charge,charge,ch_3dVQK4cdGAAaiLyQezB1RQcq,100000,3275,96725,eur,Payment for invoice 563DBJHK-0001,available,1744019304,1744278504
txn_3bM95SBViLvsYxPndS2BAD3v,charge,charge,ch_3iOIHX91X3eihBPNV1KaOK1z,100000,3275,96725,eur,Payment for invoice 7SVU2SR9-0004,available,1744040309,1744299509
txn_369fAE0qVJX89mrk5mbCxt0H,charge,charge,ch_35xqC3ITN60GWkKNa3s7CMMM,100000,3275,96725,eur,Payment for invoice BB77BSR4-0003,available,1744060223,1744319423
txn_3r16skz35ybMhlP6Y1MjBLkv,charge,charge,ch_3YPh5XIjoYW2WJfSJ9hJCLNN,100000,1525,98475,eur,Payment for invoice KBAZVO7K-0002,available,1744114804,1744374004
txn_33Yp09dqD35hCbbEPl7DsAEI,charge,charge,ch_3MISdgWgTlWohHygPqBkEK7H,59900,923,58977,eur,Payment for invoice 5Z0JBVUL-0001,available,1744140655,1744399855
txn_372ltClYwHabqo1QQNn54Sdi,charge,charge,ch_3CIwHp8XytCjLhK1rXUHoyYN,59900,923,58977,eur,Payment for invoice Q6YBSU8R-0001,available,1744177377,1744436577
txn_3ShU4uL3R70f5VwlXQ7QRHXU,charge,charge,ch_3MnlZc7bfzN569euvWBcs1iH,59900,923,58977,eur,Payment for invoice 8V0CJ17R-0004,available,1744198665,1744457865
txn_3UGmfDkvC9Qjpc1xWrHFBRsh,charge,charge,ch_3qb9Rt7P63vFYhdXkNQNnY0u,59900,923,58977,eur,Payment for invoice V8PJU90E-0002,available,1744208952,1744468152
txn_3febbNweXCYHYdiS5F1pH5WL,charge,charge,ch_3X9gTdZU9MQAaMuSnn9gudfb,100000,3275,96725,eur,Payment for invoice UGU1LHH4-0002,available,1744284413,1744543613
txn_3HVeIGDiXeftTRjj7Oe3R72h,charge,charge,ch_3nwEBUIGjWdyKy4EtdF6afvk,200000,3025,196975,eur,Payment for invoice GIH32A1X-0001,available,1744298958,1744558158
txn_3xTnixNqDqxKToTx34yqr7mq,charge,charge,ch_3H3E8UyWf5mbHsaYETIQa70K,59900,923,58977,eur,Payment for invoice I90ZQOBE-0003,available,1744363541,1744622741
txn_3BFPe8ugbheYbzzdFByp6hqx,charge,charge,ch_3t6aa7lqTIFFXHvCCroa6g4N,119800,3919,115881,eur,Payment for invoice XKCB0OCE-0002,available,1744364120,1744623320
txn_3LesvMWoFH9xtSXPiD0M7hXy,charge,charge,ch_3Ns7rlPV1ayzqDyDt8l9OPiT,59900,1972,57928,eur,Payment for invoice B0FX1K2I-0005,available,1744559347,1744818547
txn_3TGCG4zlQjMynbV5WZyd8TfV,charge,charge,ch_3RdNCUkUPuW5YAFVI3UmG4Jd,119800,3919,115881,eur,Payment for invoice UVQMBH71-0001,available,1744566272,1744825472
txn_3DvOnCiWqOneJJEfcbpIYq3l,charge,charge,ch_31FEIDHbljPWxDBa3LZ0kdru,100000,3275,96725,eur,Payment for invoice 5U0NJQHI-0001,available,1744720371,1744979571
txn_3PPGQJUFYjEV8nfusGy0moTR,charge,charge,ch_3o6CgHk9EFFTAAULUNijGdyS,100000,2525,97475,eur,Payment for invoice T6L9341P-0002,available,1744794262,1745053462
txn_3oF530d18803POcJj0uxrzGL,charge,charge,ch_38CAiIqDFLlztutNpcs2CbdE,100000,1525,98475,eur,Payment for invoice CHIPLQMD-0001,available,1744805100,1745064300
txn_32DUoUu7mhs5ICHMqFG2eM41,charge,charge,ch_3xqjf9CVAT9vXCOlnysN892S,59900,923,58977,eur,Payment for invoice KDO8X1CT-0002,available,1744876008,1745135208
txn_3JGHNydQfmvMDXLlS1qXRNy5,charge,charge,ch_37v7DX1oIX10JqSjGwn8tB2n,179700,2721,176979,eur,Payment for invoice 38DBI9BV-0001,available,1744898679,1745157879
txn_33ysHoz6jtzWvkzgU3oA0zEH,charge,charge,ch_3c1x5rki4WCxzsr1Da1Ay4wn,100000,1525,98475,eur,Payment for invoice 3K0NKIWZ-0001,available,1744907678,1745166878
txn_3OeeHRA2Jhc4PYvFD8phmA0G,payment,charge,py_3l8NUxxnyVieqt47Yrc7L8Ve,14500000,500,14499500,eur,Payment for invoice JYJW87YV-0003,available,1744924407,1745356407
txn_3YqEJZ2tyUt6WscVKGhVwte6,charge,charge,ch_3uFFaJSgaWgjGksCzQFSs7O3,59900,1972,57928,eur,Payment for invoice BS0DXYON-0001,available,1744962674,1745221874
txn_3sb8vfdNHcly6chJx0e6j3HY,charge,charge,ch_3PhPIrP2UmFKB96cOeAbNtDH,100000,3275,96725,eur,Payment for invoice HEV7H57B-0001,available,1744974634,1745233834
txn_3fNKNCqNmmZzznO5ag4K1SR7,charge,charge,ch_3UCZwuAYqSuX8xyddZBQGLIB,59900,923,58977,eur,Payment for invoice XHACVTJE-0001,available,1744995806,1745255006
txn_3A6QNUwl8tJbE1z49ze23LI0,charge,charge,ch_3TgaAvL5stl5YlwFQISaZncf,59900,1972,57928,eur,Payment for invoice K161G4AG-0001,available,1745006946,1745266146
txn_3k15yzSvFDNM4fsBfVnbFp14,charge,charge,ch_3S1HUe1el2goSFKaVcAjtXyr,100000,1525,98475,eur,Payment for invoice J50WFB75-0001,available,1745012777,1745271977
txn_3VFI19xy17r9SEafIiRbgt2p,charge,charge,ch_3FC47lintTNvCRc3LCrqyB4R,100000,2525,97475,eur,Payment for invoice XIJP57IL-0002,available,1745081246,1745340446
txn_3n9tEeD8LpRoYRSZJ5X6jMFB,charge,charge,ch_3HgCEa1CVogKlKAulIMgzoiE,100000,1525,98475,eur,Payment for invoice 93GJJCWW-0004,available,1745153600,1745412800
txn_3UOVu42IkyDosdfbK0mohoiR,charge,charge,ch_34nyhqbRZsidULwoQ3EskxZy,100000,3275,96725,eur,Payment for invoice DLXKIJJR-0002,available,1745211416,1745470616
txn_3l7mkDvUPVZ14lHZt1tnKnag,charge,charge,ch_3AOklZyW3p82fUQ4bcm5gCpz,200000,6525,193475,eur,Payment for invoice TX6OR1K0-0001,available,1745222324,1745481524
txn_3nRuUx1nJ8tMiWKjKKCT1Z8x,charge,charge,ch_3EjvkafjHaEBriocoLb4EwVj,100000,1525,98475,eur,Payment for invoice WND2LW6T-0002,available,1745302979,1745562179
txn_3nYhcOBWEOXWYpQ1t2v7TAVw,charge,charge,ch_3ZNeHP4aoSEi7iIn5ZVWAQ34,59900,923,58977,eur,Payment for invoice C9CJ47QL-0001,available,1745337978,1745597178
txn_3V31WOekgUnkYEIv2avuhs9G,charge,charge,ch_3inCCUsmpc9ge8yj2pIyHluD,59900,923,58977,eur,Payment for invoice UI6WYWT2-0001,available,1745358653,1745617853
txn_3qE2mM7GwgciuKIkgiXydvbc,charge,charge,ch_3lBjX7yzLS1vB1dPW32Q31cl,100000,1525,98475,eur,Payment for invoice UXCB5EBA-0001,available,1745396061,1745655261
txn_3eXXSHKDn4Psyp1vCblKq38W,charge,charge,ch_3TTJ86VLYgbnGl4FlQtNlEnJ,200000,6525,193475,eur,Payment for invoice 1X4C8WQP-0001,available,1745398959,1745658159
txn_3rPawyvbWVyKx9rkNK23Yfmm,charge,charge,ch_309nizEJNXa6U0tx7SxRhAJL,100000,1525,98475,eur,Payment for invoice ESQ4WJMR-0003,available,1745401901,1745661101
txn_3JDp74r15NSbtgCt0VJUlKcb,charge,charge,ch_3dw3XSZElU1AkEvXVfxL4fBM,100000,1525,98475,eur,Payment for invoice G746DZQI-0002,available,1745436570,1745695770
txn_3wAvhz4ghPd90TsCXVHqlhU3,charge,charge,ch_3NQTb3KQoNNB9DgHQnfXzHwn,100000,2525,97475,eur,Payment for invoice GCK7O034-0001,available,1745484045,1745743245
txn_3pRMnhTwzebP6xHzanQ7I6jl,charge,charge,ch_3LuUTZsxilBUuASAUFLXtnqd,119800,3020,116780,eur,Payment for invoice BPRYD7SE-0001,available,1745490430,1745749630
txn_3MlXidRT1JXv2boUg4sGwZey,charge,charge,ch_3XaJRVkpvewvao0ncMb33UTg,59900,1972,57928,eur,Payment for invoice ZSZO57Z6-0002,available,1745508180,1745767380
txn_39PkceQ2F0Z2qzNkcy4bkVDz,charge,charge,ch_3wCXszJcQhzq2V9iLKxIvZUb,200000,5025,194975,eur,Payment for invoice MXE4EF3Y-0001,available,1745601186,1745860386
txn_3vOpt2Yb38suP7sUsVf2gmVV,charge,charge,ch_3pPibewYbkbBHunsPEK0YeC5,200000,6525,193475,eur,Payment for invoice 2NTH68OH-0001,available,1745659134,1745918334
txn_3IJgKZKbE5EzMe3HpNthExoL,charge,charge,ch_3tx2EuAOe1wZtmuG6BnRhGt3,59900,923,58977,eur,Payment for invoice YA1A6XGR-0001,available,1745842482,1746101682
txn_3EwsBMDO2M6GlBPZMpuJpnBa,charge,charge,ch_3TLzVD4GQrIyBlQBFQfxJI29,100000,1525,98475,eur,Payment for invoice PCBICAOR-0001,available,1745861743,1746120943
txn_3lBeaGvt91dxZFQmTFrrnJSY,charge,charge,ch_3AX1AzW3iNGoTjJtrLZICtyk,59900,923,58977,eur,Payment for invoice RQI0Z7VM-0001,available,1745931341,1746190541
txn_3hdVtERmCA9BlLVZYSasJsRG,charge,charge,ch_3s9xiaipVVilelSMvXIqviBa,299500,635,298865,eur,Payment for invoice H4MO3F2B-0003,available,1746018228,1746450228
txn_3muaScqLEtGU2jKi3dLBDi2J,charge,charge,ch_32spDPNCObu1sEex0Qz7gQ32,100000,2525,97475,eur,Payment for invoice 3JTB1KO7-0002,available,1746021475,1746280675
txn_3xGZwfTpwPKXnQ4IC6UFnP8u,charge,charge,ch_3r2aPb8JPIvrcSHnfx4ZE6Hk,59900,923,58977,eur,Payment for invoice GLYV94YP-0003,available,1746030845,1746290045
txn_3y5csuHKpAm7MUHInboMBDGP,charge,charge,ch_3E6GX47Jz7pjsEXYBogJ4HoI,59900,923,58977,eur,Payment for invoice IW88EVZA-0003,available,1746055041,1746314241
txn_3whS6DV6NkGc5WBWmk7By9ho,charge,charge,ch_3Xm7UXHZuE0Bbj2IxmVt4JoF,119800,1822,117978,eur,Payment for invoice 4M4R9MF6-0002,available,1746101328,1746360528
txn_37odkNhVfK4VZ6ztIJSjuLii,charge,charge,ch_3fFjWzOs2BuChII0G26ALURM,100000,2525,97475,eur,Payment for invoice 106DZU3A-0001,available,1746102945,1746362145
txn_3DvKG3n8YJyEwjj18xASIpzS,charge,charge,ch_3CBkfj6y4MMXaSXzWaxnOvJE,200000,6525,193475,eur,Payment for invoice 2BPKCYEF-0002,available,1746106629,1746365829
txn_3M510nbMtP8pYag8Ro5ttdHZ,charge,charge,ch_3ql2Eyv4m4Dy0qdq2sBZN03y,100000,3275,96725,eur,Payment for invoice HTUVRXFQ-0001,available,1746181938,1746441138
txn_321TccPN7tBBdeY9vI3YMH7C,charge,charge,ch_3RxzjeKj3c4sL5roWfA51n6z,100000,1525,98475,eur,Payment for invoice TV6W4GBB-0002,available,1746183662,1746442862
txn_3JrfK5npCHib6DgKZ1SgnEIq,charge,charge,ch_3ZlkVmMTaYjhbEJq2fg3XVJ1,179700,4517,175183,eur,Payment for invoice HTXYVRU3-0001,available,1746184216,1746443416
txn_3mIFwZm8M78A03D0A2wIubzJ,charge,charge,ch_3FB6wmo7mWL2UI4Kd93LCeIU,100000,1525,98475,eur,Payment for invoice E92NI6WQ-0002,available,1746357502,1746616702
txn_3jhv7NxLZrb5EVm346QLCH0M,charge,charge,ch_3xdculICgjE9kETtz0Fl6JuZ,100000,3275,96725,eur,Payment for invoice 1SA0RWY6-0001,available,1746388820,1746648020
txn_3J12UwdKbzTwkH5OrKHJv6Be,payment,charge,py_3Gy0gqnQstlunzNZdjPsCuKw,16000000,500,15999500,eur,Payment for invoice WDL7B9L7-0001,available,1746439738,1746871738
txn_3fFyN2g8PsiYsleIc1jvZ9IK,charge,charge,ch_3eF9venTIBcJS3IMlz4g8a0f,119800,1822,117978,eur,Payment for invoice AZ8UW6EA-0001,available,1746446356,1746705556
txn_3nlKQForM3Imbt8jEP7HuPFS,charge,charge,ch_33oQRlSU5YrOqVosuNT8TDz1,59900,923,58977,eur,Payment for invoice WXPO315Y-0002,available,1746472873,1746732073
txn_3d6wauy7kx8QR1dzsBN3j6y7,charge,charge,ch_39CUcD7E300PAymskuRoiwuR,59900,1972,57928,eur,Payment for invoice SXBWESE0-0001,available,1746521625,1746780825
txn_3wSgHSiX4DJtjTnHML3AhuDl,charge,charge,ch_3zB36qsND3JSNBKlBtAN7Okm,179700,2721,176979,eur,Payment for invoice FE7DSHXU-0001,available,1746534523,1746793723
txn_3Kz77okQfQIN9AasuQ1j9shv,charge,charge,ch_3AYjV2SMu6xR3KAmB7epb7au,100000,1525,98475,eur,Payment for invoice ITTMB0JM-0002,available,1746545463,1746804663
txn_3BcVleYEYkpkmBVte6DrwNTM,charge,charge,ch_3OwAMYKj3OYUIclJbqSkJQXQ,100000,1525,98475,eur,Payment for invoice 9OW7L2N8-0001,available,1746605452,1746864652
txn_34OAZxt6Zi78RDfjTVdXw8oh,charge,charge,ch_3A6SpTuHy2ODIr3GqltWjEh5,300000,9775,290225,eur,Payment for invoice LMWT9NKO-0002,available,1746621028,1746880228
txn_3ZsQSTg3EkPicapcciurEIBO,charge,charge,ch_358nQ57ObE7htxjRgU5nfAj5,200000,6525,193475,eur,Payment for invoice GXZBYD16-0001,available,1746709711,1746968911
txn_3tAdWycvy4YT4XEjCDPDvj0r,charge,charge,ch_3kqVB0SuXQy3a9FWLfl1siaJ,200000,6525,193475,eur,Payment for invoice WBNH5S0K-0002,available,1746711666,1746970866
txn_3N974Y7MRdx7txM4Wbv4m9JY,charge,charge,ch_3o2bW2H6XpqStMnFRUW8dXWv,200000,3025,196975,eur,Payment for invoice HZMK39MN-0002,available,1746794960,1747054160
txn_3n1h4XLAd5fbOWRHpD68bkkW,charge,charge,ch_3gAY3cHbzUOhadrWv5nyASY7,100000,1525,98475,eur,Payment for invoice OEF63AP1-0001,available,1746800107,1747059307
txn_3OBt9d145tsGn1S0CO1Opf4O,charge,charge,ch_3NktxtuLvcJsgJOjPKcz17Q1,59900,923,58977,eur,Payment for invoice OHM3NCQ6-0003,available,1746918527,1747177727
txn_3yFYaUSOz10cQ00xmRlOtGqu,charge,charge,ch_3FzdJDlPp5vwVs5STei9z8y7,59900,923,58977,eur,Payment for invoice MFAHUI9C-0001,available,1747050996,1747310196
txn_3vnIkxHfykUJJcRIpSOXCADI,charge,charge,ch_3sdhntrFMp3D3z86USGErDS7,100000,3275,96725,eur,Payment for invoice OFW5UEYL-0001,available,1747076628,1747335828
txn_3ZpOmRCtt6QxMGQ8SM5K70Ln,charge,charge,ch_3f6yk3vJOqCsNVvMQSUmKVK3,100000,2525,97475,eur,Payment for invoice YBJRQ7LY-0002,available,1747139151,1747398351
txn_3z4APeHgOCsrCpZLBlLhWRor,charge,charge,ch_39JhZioUd7qinTELDOAhfGjv,100000,2525,97475,eur,Payment for invoice 01F3WY6Q-0003,available,1747142465,1747401665
txn_3Bso3YQor504tKwe2ofNJU3K,charge,charge,ch_3H1yMm4DSnSHS5EyKwFge6yX,100000,2525,97475,eur,Payment for invoice ZPWG4PBR-0001,available,1747151168,1747410368
txn_3LzDQCrYPkXZkbCscwaU2MNt,charge,charge,ch_3u3DSAzmHk6Tu42JtcCirWZ9,100000,2525,97475,eur,Payment for invoice JKUHTV57-0002,available,1747212151,1747471351
txn_3mxPGpKE1dGGwqKCzeaes8M7,charge,charge,ch_3WsboKMwdNIMdtmNB5Y9w7rq,100000,635,99365,eur,Payment for invoice EV79MD2Y-0002,available,1747225297,1747657297
txn_37cdZ8zWyGkYMCsV17BF9vQW,charge,charge,ch_3hSvEtDF5ZQsVBurKyBH20xF,59900,1972,57928,eur,Payment for invoice 4UCCG3EH-0002,available,1747311975,1747571175
txn_3RLuokZdIROoWeLCDk87Z0oU,charge,charge,ch_3F5aEsjZfbTOflyrA56c8CN5,179700,2721,176979,eur,Payment for invoice F5Z21IX1-0003,available,1747319924,1747579124
txn_3Qi0etW9xlgp4sKWSekaYTj5,charge,charge,ch_3T9Rjado3CN4dISzQag7momo,100000,635,99365,eur,Payment for invoice SEZ9PG43-0002,available,1747384387,1747816387
txn_3oWCuDf19fyv4EgDyMUumzhW,charge,charge,ch_35Zko3s1nS82xoJxPbKZRHbd,200000,6525,193475,eur,Payment for invoice O24OYZOT-0003,available,1747459626,1747718826
txn_3uftR6mJoU1eoVYdgoIAuool,charge,charge,ch_3MLKsCkf3WhBtNOx99gfcN5v,100000,1525,98475,eur,Payment for invoice D9230VU2-0003,available,1747483623,1747742823
txn_3SKTDnlq6O9iNZls1hs5QqQW,charge,charge,ch_3xOYwJyxEibBAdwmLJluijy6,200000,6525,193475,eur,Payment for invoice BSFQNJGW-0003,available,1747513257,1747772457
txn_3HvSVuaBB1tHVJE28pBaodLF,charge,charge,ch_3y5kUJfHmkjWefYhDo3s5qQk,59900,1523,58377,eur,Payment for invoice TYSPQY57-0002,available,1747571013,1747830213
txn_3raPY4N0GjAlzACcrQpn0ieV,charge,charge,ch_3XXhyrAY8X9khUk5TqPHxE3W,100000,2525,97475,eur,Payment for invoice MNL3IULC-0001,available,1747649699,1747908899
txn_38AFvl0zPvwrLGNoWiHW76NK,charge,charge,ch_3RMRaUzJBE1pFZa2S7GyTq6P,200000,6525,193475,eur,Payment for invoice VXA2A431-0002,available,1747656124,1747915324
txn_303RDFQMYVSRD6Yqo3uJ1IEB,charge,charge,ch_3GDZwfOeAEFps2ojCa80zuf1,59900,923,58977,eur,Payment for invoice 334YEW7L-0002,available,1747662278,1747921478
txn_3eBU6TiozELYOQfbgiYSac1q,charge,charge,ch_3EFG671cjMEE6f3IPGxq1X7B,100000,1525,98475,eur,Payment for invoice 1JVO0A7E-0001,available,1747668323,1747927523
txn_3DxF7YN5LWfII2bI7JE8LdSb,charge,charge,ch_36IZpkEW9wnqgUnD4UC0YTNz,100000,1525,98475,eur,Payment for invoice VCLFJYFI-0001,available,1747669746,1747928946
txn_3mc37EcKzhJUnbiNIt5eNcLp,charge,charge,ch_3qNOl1GNq4Y7oPomHLXY8poq,100000,1525,98475,eur,Payment for invoice L8H30GTD-0002,available,1747673491,1747932691
txn_3rbVJbB160vncugnlOvMLkSF,charge,charge,ch_3utKmRcUPSPnmdD60dvcB6nU,119800,3919,115881,eur,Payment for invoice 1KITTQNM-0001,available,1747824608,1748083808
txn_3mG3Ma8bG8cvKVCIjAjzNxu5,charge,charge,ch_3WcjalEGQTLj2vatLQ9fvMBm,200000,3025,196975,eur,Payment for invoice HAFNKAPG-0001,available,1747828788,1748087988
txn_306ykzcqS97rfPDAyxjuOUuT,charge,charge,ch_36WV3Sj6DkJunCOs76UrLniN,119800,3020,116780,eur,Payment for invoice VK6SFG9L-0003,available,1747831917,1748091117
txn_36sSkBK0KmbibKHSXBIhlsxr,charge,charge,ch_36VkPRRC5L7X9NJWKP4dYv8f,100000,3275,96725,eur,Payment for invoice GDRGB79A-0001,available,1747938966,1748198166
txn_3F4ZYw02cGR15JHGUOM4H4sd,charge,charge,ch_3z2EB4T9z2R0IEdQKHV3c12Q,100000,635,99365,eur,Payment for invoice K1T2XYIZ-0001,available,1747975723,1748407723
txn_3OpfTCBKZaYU3PagGOIN0k2f,charge,charge,ch_3mqsaJ016hYWJIyMqY2J5pLc,200000,5025,194975,eur,Payment for invoice AZY8KFFJ-0003,available,1747994418,1748253618
txn_3qPhaesFUmp5ZrB2EBjkWso2,charge,charge,ch_3qVYXR2oBq7Hrw9TOs67J1Z6,100000,1525,98475,eur,Payment for invoice IA2YW3ZC-0002,available,1747995952,1748255152
txn_3yVO4VqgDvOGaDh271nQzjCh,charge,charge,ch_3TFO0vlwqIAJfxu32sLDHU2D,100000,3275,96725,eur,Payment for invoice UHDQ5KHT-0002,available,1748092468,1748351668
txn_3aeUxqsGJ8k25oOAc63SoRPW,charge,charge,ch_3PnsnxceUUsMCJv6osNpXK3k,200000,5025,194975,eur,Payment for invoice LJD5A5M6-0002,available,1748116238,1748375438
txn_38JxhefTlo9ER7jTm4YfqwJ6,charge,charge,ch_3l5QYfPOs68F1k35q0o0v0IA,100000,3275,96725,eur,Payment for invoice 1C298CUP-0001,available,1748254416,1748513616
txn_3Y31RkvoHFbmDSurFHA2Whpn,charge,charge,ch_3sS9iPsespHDESTLCH6DdjdE,300000,9775,290225,eur,Payment for invoice YJWUWHOG-0001,available,1748289606,1748548806
txn_3IgKbDuN2GmeffppXhMYrBsJ,charge,charge,ch_3R9Z9lLGrI8uxndhCxBV82pO,100000,3275,96725,eur,Payment for invoice ZELFKGM1-0002,available,1748445397,1748704597
txn_3EufNCUd6RabgSCNpyp3H8dM,charge,charge,ch_3J1zT5Z85o38sCVtuKT2jawz,100000,3275,96725,eur,Payment for invoice YSTDWKNA-0001,available,1748452289,1748711489
txn_3WwrtPHThYigU91ErNPXOJWf,charge,charge,ch_3XOexSSrKu6YeLgD91BXMqUI,500000,16275,483725,eur,Payment for invoice IK0FKR7O-0003,available,1748768701,1749027901
txn_3Vg20HcLd2b7bRH875ANCX2a,charge,charge,ch_3OJV6ikezgY3pcXXiORnWsUk,59900,923,58977,eur,Payment for invoice PQGZ3RFS-0001,available,1748956018,1749215218
txn_3LAEH0xrrKBRV7gf1pmveoTd,charge,charge,ch_37F8df21g4gSpxeA0sub6FZC,100000,1525,98475,eur,Payment for invoice 478SXSQM-0001,available,1748958432,1749217632
txn_3vHV4BBYyZKIrlLhaJkS4gAF,charge,charge,ch_33n3Q1oWgUtTAPxl3cMXykat,100000,1525,98475,eur,Payment for invoice VWRMHBUK-0002,available,1748987081,1749246281
txn_3DKCvcRIkaoHwAKUa8Tnw9LJ,charge,charge,ch_3zNabbdYUqZ1Von7TiMl8yfk,100000,3275,96725,eur,Payment for invoice 16HJQETG-0002,available,1749046249,1749305449
txn_382BcqovlyXDDqzGWd3viUV1,charge,charge,ch_3pgfuzQ9sSziJ9VzaZecTVaQ,59900,1972,57928,eur,Payment for invoice 7NXAZ3Q6-0001,available,1749048192,1749307392
txn_3I38D8i7gX0U5MUQsJuNXMQf,charge,charge,ch_3WXPXw9Phd5JqILvSavk10yk,59900,1972,57928,eur,Payment for invoice UWD5UF8R-0001,available,1749064008,1749323208
txn_3CUw3GcWigs0gMVkTIf6YIaG,charge,charge,ch_3tPFhr1iEsIlrHhnMUd8StxW,200000,6525,193475,eur,Payment for invoice XWMVABP4-0002,available,1749134868,1749394068
txn_30X6ywBqKfuUyFjvF0V9TEnp,charge,charge,ch_3nGTuNCWouZf7lGwDtAUJo1k,59900,923,58977,eur,Payment for invoice HQHZFSL7-0002,available,1749218860,1749478060
txn_3mn02kJ8r5F1q3AAThBM3AdY,charge,charge,ch_3yabyQ5wAuTsLY7ehtvZ6LA0,59900,1972,57928,eur,Payment for invoice U7N6E9AE-0002,available,1749229546,1749488746
txn_3pWd9GzNTHb3fuV4qF4PI840,charge,charge,ch_3QqYDFYAy9HtNA9jl3FVekDH,59900,514,59386,eur,Payment for invoice 3U0BPLCJ-0003,available,1749295604,1749727604
txn_3bypvNjjsZvDsFLruI4x8NmW,charge,charge,ch_3zEpgiK6gJGK9Gs171Kyhj28,200000,3025,196975,eur,Payment for invoice 3FTUXD3O-0003,available,1749393586,1749652786
txn_3hZutRzoqe2p1V7EIVvGSI5n,charge,charge,ch_3pNNSpazpgJAOQpMUiEF7dci,200000,3025,196975,eur,Payment for invoice U747RV2Q-0003,available,1749401009,1749660209
txn_301aF1xxZaVfp0yx36IgaZh4,charge,charge,ch_37xVgCXXOH7uf5Nm3ni1AoXM,100000,1525,98475,eur,Payment for invoice 9MY9OP90-0001,available,1749470660,1749729860
txn_3YaGGTlHnR1YS0zLQUn0HEIY,charge,charge,ch_3Rvp1KJNLBVV1UUoRBfMlOZG,100000,1525,98475,eur,Payment for invoice 90BWBEJ7-0001,available,1749471264,1749730464
txn_3tqJww5buOe9Irygtw74fxi7,charge,charge,ch_3LH9fVtzwd2P663Ln2IRTrau,100000,3275,96725,eur,Payment for invoice 68GDLSVZ-0001,available,1749563042,1749822242
txn_37I9WHM1ma0baFboGkXeXL7J,charge,charge,ch_3H6oQl4BpmFBV3Ou10XpgLfJ,59900,923,58977,eur,Payment for invoice NRJBU22G-0001,available,1749586107,1749845307
txn_3OiRxrGBDKdyXOktin5cJVcc,charge,charge,ch_3Hp3TPoCjbQ9rcI3eTcVRO7A,119800,3919,115881,eur,Payment for invoice LLIKMHD2-0001,available,1749655448,1749914648
txn_3CWNz5zhpdRYNggn2nJkrCmn,charge,charge,ch_3FufbWuZqRwY8EPQJ3oaAT7F,100000,1525,98475,eur,Payment for invoice EQ0ZJGYS-0001,available,1749659328,1749918528
txn_3qKA3F5YSVahDRj3BsDtJLom,charge,charge,ch_3yDpgCEDaeOfbI0NEqjYHIt1,100000,1525,98475,eur,Payment for invoice 20D3NZMV-0001,available,1749667116,1749926316
txn_3CJdMjrDGjae1F4rBtqDiYEL,charge,charge,ch_3ZNVJj7luxqxFCOqaul1uPzz,59900,1972,57928,eur,Payment for invoice 9VR4IC6Q-0004,available,1749711237,1749970437
txn_3mGIJcmzdwoH8NeUHtCp0Vxi,charge,charge,ch_3VbPziQNeMIvvcKTsQDFKlMN,59900,1972,57928,eur,Payment for invoice Z7GF1FV5-0002,available,1749713483,1749972683
txn_3Uc37GY07RsTtYiaBNtLJBaC,charge,charge,ch_3gyGGnYvDYSeKWl4QN2vph2U,100000,635,99365,eur,Payment for invoice XA3XJUZM-0002,available,1749716687,1750148687
txn_391d4nEoGi83pKVyUqKGrVEg,charge,charge,ch_3FJzlwRwgb6EakcnWcv9Hd8k,100000,2525,97475,eur,Payment for invoice 0HPHHJUQ-0003,available,1749884769,1750143969
txn_33F5mLvAU6MSX8E2AUdg4cP0,charge,charge,ch_3wQ8jWyO9ON6Yxt4rm9glu4R,100000,3275,96725,eur,Payment for invoice 8LJLI8XR-0002,available,1749902021,1750161221
txn_37vnUzNYKwBD3fxlV10z2XQs,charge,charge,ch_3W5kN2CDhy1zPSSKpJw8vru4,100000,1525,98475,eur,Payment for invoice 07NY7ZNZ-0002,available,1749921006,1750180206
txn_3Nt18dSsU5ryTa7x9O7bgyzG,charge,charge,ch_3dfJoUygtzT5UoAFA6KE8es9,179700,635,179065,eur,Payment for invoice 0XSF7SYF-0004,available,1750003159,1750435159
txn_3lGBgenn6zN0tip3d76Z99n1,charge,charge,ch_3OusgmATrceAzTBnhWJ2gVWg,100000,1525,98475,eur,Payment for invoice GCYBR7Z8-0002,available,1750178668,1750437868
txn_3VVHXpxk6fwr8vBEcTjrPZM7,charge,charge,ch_3zFo08BFvdzJjWQGlfPFOCfj,100000,1525,98475,eur,Payment for invoice 139JZL53-0001,available,1750232124,1750491324
txn_3FODnt7kvpuqAKb5EL0IhrdR,charge,charge,ch_3uubmiafDE20LWOb9pq27S4j,59900,923,58977,eur,Payment for invoice P7KSG1X8-0004,available,1750251936,1750511136
txn_3kNX80F9N3ZKudBrVPQcVqoX,charge,charge,ch_3njz7Pt2Vh9OzzmjwHQq1N1C,100000,1525,98475,eur,Payment for invoice LZSDOY1Y-0001,available,1750347130,1750606330
txn_3ifCwCNGv050jaAYUb7EQl8N,charge,charge,ch_3CO8KouzFMVdIDVmWKnDEdqL,100000,3275,96725,eur,Payment for invoice VGVACAAL-0002,available,1750408262,1750667462
txn_3Y1y8BGhSwh6xRHFsgsoP28P,charge,charge,ch_3zQaefa9BSZo7I06ZLJFxdRf,100000,1525,98475,eur,Payment for invoice VMHZL1S2-0003,available,1750408911,1750668111
txn_32UcTwG1Y8A4DDxzUjvoDAIe,charge,charge,ch_388D6u85cwUYL6bmqfpdkxHg,59900,1972,57928,eur,Payment for invoice NOFQR1VY-0001,available,1750417406,1750676606
txn_3HIsEhtIalV6wbkolJ79hYAI,charge,charge,ch_3GNSx8WaxaPW38z1XCOf3a6L,200000,6525,193475,eur,Payment for invoice U7LVSHO3-0001,available,1750419661,1750678861
txn_3eDCBOc7FlA9btjkLIg6gny9,charge,charge,ch_3khFLW23ME4WxoUpIUGS2Ewx,59900,923,58977,eur,Payment for invoice I3NN4U66-0001,available,1750424109,1750683309
txn_3xpNkRsEismWRBuozRYMHUAX,charge,charge,ch_3BvA3H4I38FgQbX4UTShb8kG,100000,1525,98475,eur,Payment for invoice WED6M4JL-0001,available,1750425710,1750684910
txn_3rDnajGfeYt2BH0WpLvVJFtw,charge,charge,ch_3ySqRNL7adR3jAnHTz9teUuO,119800,1822,117978,eur,Payment for invoice HI972L3R-0001,available,1750430890,1750690090
txn_3G8CSko7jADAADJoUFTArAMP,charge,charge,ch_3bDnE4Kn5CyWWUPxArr9jiAw,59900,1972,57928,eur,Payment for invoice JOTTLM1V-0003,available,1750498525,1750757725
txn_3FJiPhSymVRuFJ5Y4ogeTh4j,charge,charge,ch_39FOO35gvJOfZ89N23veS8VH,59900,514,59386,eur,Payment for invoice PXSW04A8-0001,available,1750523075,1750955075
txn_3KQSAXayRUPLT9fK373OCGjJ,charge,charge,ch_3XH3sgW7eB63JaDuMST2Oil3,100000,1525,98475,eur,Payment for invoice 62BIN83D-0003,available,1750659139,1750918339
txn_3dSVNWFjq9nIAbQx5SX4ddOG,charge,charge,ch_3VDkMRACBczBYdMsOINaQeKb,100000,3275,96725,eur,Payment for invoice CKGJY1QO-0001,available,1750674615,1750933815
txn_37S9bCE2ZWXetSWLjTJH2DK8,charge,charge,ch_3e1D7KqIj0LvIc3HytlaQHQX,100000,3275,96725,eur,Payment for invoice BO4F77TT-0003,available,1750675020,1750934220
txn_3xp1zaDw7BJOrZh5LKTzCV3S,charge,charge,ch_3WRHDWGk8mZ8bUW4rNszZyr0,59900,923,58977,eur,Payment for invoice ZQCG6VQ8-0002,available,1750686298,1750945498
txn_36KtrXHrUadFvuKlTjWf0DVl,charge,charge,ch_3QXCj6KZcgp6W2523xa89vYa,100000,1525,98475,eur,Payment for invoice ZQQ66UZW-0002,available,1750761071,1751020271
txn_3w7ANuC6r1e5v9GUMgECXSg9,charge,charge,ch_3vtorwZz4TptnhvqNVaSD4Mw,200000,5025,194975,eur,Payment for invoice FBQGSPRR-0002,available,1750846608,1751105808
txn_33H2hHinCZOAvEyK8RUQEetu,charge,charge,ch_32veoTdQpFQVRkQPZ0XM9Nl1,100000,2525,97475,eur,Payment for invoice 6XE2PFWL-0001,available,1750850590,1751109790
txn_3CERW03GrL563T1AWO06WnQy,charge,charge,ch_3XJKE0y9xflL6MT4y4alLGY9,100000,1525,98475,eur,Payment for invoice 4ZPPG2RS-0001,available,1750857521,1751116721
txn_3zsPqwkGVvE0C1ZIS4IiTbE3,charge,charge,ch_30ULpnHNdB4fjWJ5YxxuRl9j,59900,923,58977,eur,Payment for invoice FHYNE5EU-0005,available,1750937256,1751196456
txn_30soNOYTTHK4NyvSwHVqisRx,charge,charge,ch_3OYdHRwFePNpQeCXQF7kRDnW,200000,3025,196975,eur,Payment for invoice YKQTNJBU-0002,available,1750969663,1751228863
txn_3K6PHm8ThW2vxilbaheZrKWX,charge,charge,ch_3t6FjyFN31ieq4KrRsFXkhCs,119800,3919,115881,eur,Payment for invoice T6LCZF2M-0002,available,1751015324,1751274524
txn_3c0Nci2wRIeE6Mbyk9lQKap3,charge,charge,ch_33780JVaKkytXYlvlpSr9RoB,100000,3275,96725,eur,Payment for invoice G9DNOGQD-0001,available,1751017840,1751277040
txn_3WbSTF81rBkfseGIvtQKnwla,charge,charge,ch_3b6JaP2w2dDrM1BDTQ5K3zKO,100000,1525,98475,eur,Payment for invoice DGMGZ6OP-0001,available,1751020215,1751279415
txn_3CSJMy6enqQdlLGM4m73UvlU,charge,charge,ch_3R0rNtsJRAA0ocq3MPEaiRW2,119800,3919,115881,eur,Payment for invoice XL7TNSRW-0001,available,1751039873,1751299073
txn_3BwvEvesP9SqZVP8SUE18fJq,charge,charge,ch_3BzlsbwFrAQW8r7ZmP51aGqJ,179700,5865,173835,eur,Payment for invoice X9WMGVFJ-0002,available,1751188238,1751447438
txn_3bG8XIpVbCrEDn2K7XxWNxd0,charge,charge,ch_3H6D2PBHMFopwI2PEpxAWuxn,100000,3275,96725,eur,Payment for invoice IDW09TKB-0003,available,1751211658,1751470858
txn_3Rk5l7IDYXHEpZpnQ3VcZfCm,charge,charge,ch_3SDL9vptdRi8LgpsFgH6yhrA,100000,3275,96725,eur,Payment for invoice Y8QJW16A-0001,available,1751272740,1751531940
txn_3R35LYot5icmcn23odsVhxAS,charge,charge,ch_30lW6aXostm3wLmKSmi7Rg3N,100000,3275,96725,eur,Payment for invoice CIDZNGGU-0003,available,1751281827,1751541027
txn_3qOOPmCAob9DWBkIaqUY59WY,charge,charge,ch_3BsuAXLdDRaSleDPLp3GwLnb,100000,3275,96725,eur,Payment for invoice 6ZRG2SKS-0001,available,1751296488,1751555688
txn_3iU0ODLmARV1cw7xEDbUaX5X,charge,charge,ch_3LBVCpwqK8K7Aw4FU82PATdd,59900,1972,57928,eur,Payment for invoice 6V8QDKWX-0003,available,1751366205,1751625405
txn_3oSX3j5uWpxalOrHBGuu0Qtv,charge,charge,ch_33iFgGDcVltprLzgbsWsvuHu,100000,2525,97475,eur,Payment for invoice J1JRVVRG-0004,available,1751388460,1751647660
txn_34FgU6H4j0tPQ4XH4QkNIGg7,charge,charge,ch_3bKVYqPwc1bqsYz6LtKOQq5c,59900,1972,57928,eur,Payment for invoice 4HV546Q2-0001,available,1751397028,1751656228
txn_3w8YQ38KxLIVk0x1vdEi7SpB,charge,charge,ch_3e2HlLMiZFER89bwlMbhURNX,59900,1972,57928,eur,Payment for invoice JGB6DROC-0004,available,1751471844,1751731044
txn_3RWML5b3joNA1tJHmbUiyC8I,charge,charge,ch_3PMIKKQPft7x2xgBaP2uhlsZ,119800,1822,117978,eur,Payment for invoice QLMFBAZG-0003,available,1751547442,1751806642
txn_3ld1nF1gxuUef8xbFHfKiCSN,charge,charge,ch_3DKeKN1muFkp9sFztKvFaUsd,119800,1822,117978,eur,Payment for invoice DK83F255-0007,available,1751573086,1751832286
txn_3qIrYcL7nLCtcypp6OdtHYeK,charge,charge,ch_3KAa5OMreC9Rjb5PU6kj7F8p,100000,3275,96725,eur,Payment for invoice XKLPHMIB-0001,available,1751620965,1751880165
txn_3UxTOL9bugVJEsUpoktdm5ae,charge,charge,ch_3fRTVyIRY1rezxQlKSJ9xC3Z,119800,3919,115881,eur,Payment for invoice 8HMXFQBZ-0001,available,1751623547,1751882747
txn_35riKbqN94L38hCLHZTPEGXv,charge,charge,ch_32tRt4UDoQgwwUOlnGoFtH7X,100000,2525,97475,eur,Payment for invoice GU0EMKLU-0001,available,1751645676,1751904876
txn_3oBCmchqZkyAOIz3PFRxU5eV,charge,charge,ch_3SxuqGijlqNTKcJjdlSXt5dq,100000,1525,98475,eur,Payment for invoice U7HLF0HO-0004,available,1751647876,1751907076
txn_3s0EnWNodzKC7bXa2vHvxve0,charge,charge,ch_3pUvB3sFAiaSJpN5atY2IwRP,59900,1972,57928,eur,Payment for invoice 606DX5X6-0001,available,1752053793,1752312993
txn_3uDAiC05SRyg4uTWcgJ54QN7,charge,charge,ch_3xxM9KLtU826YTS65DORQsut,100000,3275,96725,eur,Payment for invoice ITQB1RVD-0001,available,1752154030,1752413230
txn_395ct21ZQDzvXbd3Jj72uB9g,charge,charge,ch_3YrwFFDpY3NDlodQbYQ55LpO,400000,13025,386975,eur,Payment for invoice B4684YE7-0002,available,1752163089,1752422289
txn_3DTWEEW9VWwrK4YLFprCFos5,charge,charge,ch_3tWxNWvbwnmwN2JcUCF9qiXU,200000,3025,196975,eur,Payment for invoice GZIZLGD5-0002,available,1752243030,1752502230
txn_3AROyHxGdV5FWIPvGD132wsm,charge,charge,ch_3dxtWQMJbKjvOY2bz6rKrKjS,200000,6525,193475,eur,Payment for invoice NNFLUR47-0001,available,1752243766,1752502966
txn_3Ri5XfhnZN6k1JilQGYnvSWC,charge,charge,ch_3sX0uXzZS18H5YsUtdqhZtP4,200000,3025,196975,eur,Payment for invoice M9IHIVX8-0002,available,1752419262,1752678462
txn_3M18CEcZArIQ9Ni7DJ1SCkbz,charge,charge,ch_3L5mYF8g3UebqLMHdX6xnPDR,500000,16275,483725,eur,Payment for invoice I6RSALJ1-0001,available,1752506945,1752766145
txn_3AmsVD7oSE0i2gIj1lgJZFTB,charge,charge,ch_3N7SwuJE62UG0hVA80gFvwPm,100000,3275,96725,eur,Payment for invoice R2W5B6MD-0002,available,1752513435,1752772635
txn_3466I5NyrRQNp5n01Aejwm7m,charge,charge,ch_3Qf1lf8Ghfm3VicBHYNHYLLS,59900,1972,57928,eur,Payment for invoice WE3HSS3J-0001,available,1752597205,1752856405
txn_37Ti1D27Mu6T8wPJmyrQcfOl,charge,charge,ch_3fPKK7GR1kfuwgXlbmssxRMK,59900,514,59386,eur,Payment for invoice V9758LS6-0001,available,1752618299,1753050299
txn_3QyNfMm5iHaCFQG1x8B0eg5M,charge,charge,ch_3yRAZtEqaqIXRIGgdipOSZzx,59900,1972,57928,eur,Payment for invoice X11HWJQZ-0002,available,1752676254,1752935454
txn_3yd4pJGtNQK0NQjkMt5fXwXd,charge,charge,ch_3jUZN8UtKf6jj7eCHbBFeza3,100000,3275,96725,eur,Payment for invoice BBCSF03L-0001,available,1752824143,1753083343
txn_3AmW1223HeVhJigfaYrQyuks,charge,charge,ch_3t4QcWp9QYqlnCs7o5xm87eG,100000,3275,96725,eur,Payment for invoice TALTACNP-0002,available,1752949717,1753208917
txn_3wwrMJUHq5DLRSyFsezOYR6h,charge,charge,ch_3y9K7URdV8trdqtVxzgahY50,59900,1972,57928,eur,Payment for invoice 9SSDNXQS-0002,available,1753023065,1753282265
txn_3x0zqIr3t8vgF1RRTwTx7Fmx,charge,charge,ch_3nCC0MHn3GnJ8gZZc94EKPuQ,179700,5865,173835,eur,Payment for invoice KC0GZRAW-0001,available,1753092396,1753351596
txn_3XyUuRXG7COpj3weRYfc819E,charge,charge,ch_3OvVnueisasxhxVXJFhWs72O,100000,3275,96725,eur,Payment for invoice ZGHK4JMH-0001,available,1753101703,1753360903
txn_3ZtAKiQeiWXReDkqLAfe7aZB,charge,charge,ch_37OfK0cQI3ag2W32D7eb17x1,119800,1822,117978,eur,Payment for invoice X3JKZ59C-0001,available,1753116773,1753375973
txn_3uJkZPxTVkNYeuVD4cGmQ8rk,charge,charge,ch_3OBhEglZS0YUjK3ZkI1SOsHH,100000,3275,96725,eur,Payment for invoice GEYK2S44-0002,available,1753197745,1753456945
txn_3togtZ6QKvS42Ct4rUHfhnrV,charge,charge,ch_3WCcYTYdo3CmMCwX1ehHjZek,119800,3919,115881,eur,Payment for invoice ZGTWJSK1-0002,available,1753259198,1753518398
txn_3TZ5Ve5fdxhd4rS6gwbStIId,charge,charge,ch_36xeCZiU6XIZ2doGcC8KyKTG,100000,3275,96725,eur,Payment for invoice 8CX3ZCGD-0004,available,1753296631,1753555831
txn_3vRB8iZZXnnIHwW5iU4W3xCc,charge,charge,ch_3EJhgSbh04Fm7z0krpEkY5wE,59900,923,58977,eur,Payment for invoice FDBTHRZ3-0001,available,1753321421,1753580621
txn_33WRPoUSiz3eRnsGwcOQktkY,charge,charge,ch_3cX6daq0fSX29e3w8GK8GB8Y,179700,2721,176979,eur,Payment for invoice CAPUK6AB-0004,available,1753359241,1753618441
txn_3lO4I7UBktsGgpl8ZTSKDUcc,charge,charge,ch_3D7xYE07OBvZO27sQoMDTb5I,59900,923,58977,eur,Payment for invoice IB7IRHG9-0001,available,1753361993,1753621193
txn_3ib3K709RItqoejq7Zhk9mpC,charge,charge,ch_3KJ2APJFmy9I1vY22mNZUfdK,200000,6525,193475,eur,Payment for invoice 58JCC6SM-0002,available,1753448365,1753707565
txn_3FFZ7F0RaT3lxRS8bwAvKeWn,charge,charge,ch_3Ke1E0rjFItcQtf7ZcPjofy0,200000,3025,196975,eur,Payment for invoice XHVTXX0G-0003,available,1753574219,1753833419
txn_3C4hERpgLW9ZVcYc3Y0EGing,charge,charge,ch_3uL83ykm8Vfsb7ZMog5rgwi9,500000,7525,492475,eur,Payment for invoice K0HD9QL2-0001,available,1753597838,1753857038
txn_3vtKpuo4oeAWnVURogxzwKOd,charge,charge,ch_3pbYREQU2XaFlOqvlJi1Shfg,100000,3275,96725,eur,Payment for invoice 59NSS2G4-0003,available,1753716585,1753975785
txn_3w4R9FpeqfQiwpARjsdksKPd,charge,charge,ch_3Xgo5NherQCDWujdrVQLn5zt,59900,923,58977,eur,Payment for invoice O1O1HAIT-0001,available,1753792434,1754051634
txn_3Czb3tyzsJss8eWkjfURMiKJ,charge,charge,ch_3eioT0coMH6YYI2CiYAgRcme,100000,1525,98475,eur,Payment for invoice VY6R38CW-0002,available,1753820874,1754080074
txn_3LRwRWWak3hcX5c5YSiVNqFM,charge,charge,ch_3SMdocuRzWNrF3QTE7c6dFYx,100000,1525,98475,eur,Payment for invoice POJZJ1K6-0001,available,1753832620,1754091820
txn_3hfGcZyN3o1JSny8nf5dIbPr,charge,charge,ch_31ukMFB8QfJI5ovOmPlGGCZE,179700,5865,173835,eur,Payment for invoice OGF91CB8-0002,available,1753883799,1754142999
txn_38E4iMDsh9iOzXohm3L8RdU1,charge,charge,ch_3zBXpQvlVW1Qpkr30OjBvuSr,100000,2525,97475,eur,Payment for invoice NCIV6WCZ-0001,available,1753969312,1754228512
txn_3OuAzW9pMBSNZDCIdt777zNy,charge,charge,ch_3rMc3F201BF38bmS3gs2aYNC,100000,3275,96725,eur,Payment for invoice 4B600USI-0002,available,1753995397,1754254597
txn_3VjwsqBVlklQ5AlkzwfIUCyv,charge,charge,ch_3yN5XzxflVGeyShBPKx8dYuL,59900,923,58977,eur,Payment for invoice LFZ3RC2J-0001,available,1754052007,1754311207
txn_3KPq8GUq0ITNAlKBdqKNsoAj,charge,charge,ch_3Qzgkhoj9q54jdC74EhVAy6P,100000,1525,98475,eur,Payment for invoice L83O1UFA-0004,available,1754133381,1754392581
txn_304O3RljtMVqjgmN2XVqoRj5,payment,charge,py_3o1eTUyctH7opo4aRnTtPPSs,28500000,500,28499500,eur,Payment for invoice 9QREIPSL-0001,available,1754230444,1754662444
txn_3SD602q05uviBvDIjTWRvWxD,charge,charge,ch_3gqhkkuoT3QWEOWiyO42HWX7,200000,6525,193475,eur,Payment for invoice 7DNYI22B-0002,available,1754296008,1754555208
txn_3opF2vc1lxQA6dr5zhj9NC3m,charge,charge,ch_3Xxz2nZjUsUefsZvKPq3XfRB,59900,923,58977,eur,Payment for invoice 8EU7L7AX-0002,available,1754297602,1754556802
txn_34podSfVWmIGCPwOloYruZHA,charge,charge,ch_3SOHpXzXvSIx8TVUEHsrUuA9,59900,1972,57928,eur,Payment for invoice 0RNP5W89-0002,available,1754399069,1754658269
txn_3i0LY1R84y0X9pJV1L5TYdyr,charge,charge,ch_3bgW0nrHfPyEedk07i22pXP2,100000,1525,98475,eur,Payment for invoice AYPNKG3X-0001,available,1754400532,1754659732
txn_30ffhyYkWy682x4otln4saNi,charge,charge,ch_3VlZgKkNPTQNdi1TXSpNkaxk,100000,3275,96725,eur,Payment for invoice COPS9DMU-0001,available,1754403501,1754662701
txn_3nyI8BBdNviDJYfLgwUYGWu3,charge,charge,ch_3zEV0nN5MvcO5efYQY47kPqI,100000,3275,96725,eur,Payment for invoice S16556SI-0002,available,1754406021,1754665221
txn_3twEv7KHLNa6sapVJfoIV5kh,charge,charge,ch_3suIHdU50iNIchJHtakQzv8N,100000,3275,96725,eur,Payment for invoice FFTHJSRX-0001,available,1754480669,1754739869
txn_34J2wdiCkGZ4HutZIA2J6Me7,charge,charge,ch_3aHrf9mnwCfxwQmRENoZsP9i,59900,923,58977,eur,Payment for invoice 1NIJY6Q9-0001,available,1754487474,1754746674
txn_3HscOA5UoA0VqVJ8GanVNtig,charge,charge,ch_3oPLpi1YOohrv3OmfNPpSmjZ,100000,1525,98475,eur,Payment for invoice 1LY7VQFE-0001,available,1754565143,1754824343
txn_3sCF7JGwDBbmeD8Mz0cPnX7q,charge,charge,ch_3JqGgyrL9VlY5ijAq9I67wZl,59900,923,58977,eur,Payment for invoice RFZ418HR-0001,available,1754573631,1754832831
txn_3zKNTONhbK0Ah8INYDt05II8,charge,charge,ch_3X5gfM59slasZ7BlEeUZOtRK,100000,1525,98475,eur,Payment for invoice MNLR98D0-0003,available,1754593269,1754852469
txn_3uOfqzzWYm12EzMU45SjFAKB,charge,charge,ch_3R2IsRUfAUsbl0PP5u7IJ0KN,100000,1525,98475,eur,Payment for invoice GJSRBFF8-0003,available,1754633243,1754892443
txn_3d33vko3OvadjHfutiirPgwp,charge,charge,ch_3Bw5KBZH1djisUTVxeV2NbTJ,179700,5865,173835,eur,Payment for invoice H80MLA8H-0003,available,1754643739,1754902939
txn_307OymknvPFlNXqAX6TilSn7,charge,charge,ch_3w3cP8C9ZNTVtY0Jt8ETzLcG,59900,1972,57928,eur,Payment for invoice UOOYVQGE-0001,available,1754656299,1754915499
txn_36rt9SOmdgINF6lU0DpDH9JE,charge,charge,ch_3vWsolqhqUXyoH0NShh1US7T,200000,6525,193475,eur,Payment for invoice WVAOXZQR-0001,available,1754905388,1755164588
txn_32g4Gp3unCFh9RqCkDJXshXp,refund,refund,re_31blyVaKEIIxiPLQUH9vLUhs,-100000,0,-100000,eur,REFUND FOR CHARGE (Subscription creation),available,1754915909,1754915909
txn_3O6RBzf8GeOFSzAGC7rMAtXc,charge,charge,ch_3Q9LpBocy711JDSqTNpei4nQ,59900,1523,58377,eur,Payment for invoice N9BJ87SZ-0002,available,1754993748,1755252948
txn_3Zxq7HAvoC1u0F5clqRRTxDM,charge,charge,ch_3LSV18lcnb2al2XJghHpxkmS,100000,3275,96725,eur,Payment for invoice 6W00IRNT-0002,available,1755010987,1755270187
txn_3PAIqHsgpAQqDAReaQteAIps,charge,charge,ch_3IOnqiccXixxtEMUScDw7FEQ,200000,6525,193475,eur,Payment for invoice 5UJV1W5D-0002,available,1755091664,1755350864
txn_3x09yYCJ4cSJQDGZUMfL6dTy,charge,charge,ch_3vBVrIOTufSwgS8pIj3WhtFs,200000,6525,193475,eur,Payment for invoice B1XRAGXB-0001,available,1755264324,1755523524
txn_3fe5eJW1b7AS9tyV7gwv1iwX,charge,charge,ch_3uqfBxpOk4gfAZmuqNIYdHcI,100000,1525,98475,eur,Payment for invoice URQ11C3T-0004,available,1755344279,1755603479
txn_3vqvpRupeOU8cm3FUAxM6yOQ,charge,charge,ch_36yzEJxEAgzB5Bmp8BqGVXDg,100000,3275,96725,eur,Payment for invoice 61ZRLYNJ-0003,available,1755438435,1755697635
txn_3mbGICiIi4h0goV1peR6yMsz,charge,charge,ch_3viNTxxq4cmVkYhXZ85xpq6p,100000,1525,98475,eur,Payment for invoice V1HIIV9A-0002,available,1755503951,1755763151
txn_3YU9l5nqoIiwzuctVMi7Lbin,charge,charge,ch_3mX4wP1MAtqmiwjP1NnhhAA0,100000,3275,96725,eur,Payment for invoice D1GV35R3-0001,available,1755520608,1755779808
txn_3a1ZUsXU5TbXvhbcv8qGb4uy,charge,charge,ch_3M3doLx2lJGH69kjgtNewUFT,59900,923,58977,eur,Payment for invoice XHSWW35A-0002,available,1755543182,1755802382
txn_3Q8pDbDXebJIYbfpYaDgQStT,charge,charge,ch_3KQcuFZqZlOd4ydLf3EGubNm,100000,1525,98475,eur,Payment for invoice B7EA6ANB-0002,available,1755592232,1755851432
txn_3jS2AElc9xszwy6vqzdFJZ5V,charge,charge,ch_3lcFhDRenr6GOahewrnd8BEY,200000,6525,193475,eur,Payment for invoice CG14KBLM-0001,available,1755613790,1755872990
txn_3nDBkbVxQW0arBtHm4vou9fL,charge,charge,ch_35C9e4w0uL7RRHhcG06BeeaW,100000,2525,97475,eur,Payment for invoice 0QBW7TTK-0001,available,1755623163,1755882363
txn_36nfU1s1PVCT4FVjzMkOndEW,charge,charge,ch_3lF2srGsI7UQteEGI31X1RvS,59900,1972,57928,eur,Payment for invoice SLIG8CXZ-0001,available,1755626076,1755885276
txn_3rPrJFRI7rj7AnyMvhW6kHUg,charge,charge,ch_3NENZHvh3pahnUaqgjhfxqZf,299500,4517,294983,eur,Payment for invoice GM1FHVJM-0001,available,1755675240,1755934440
txn_3CCU5t3YeLYSo69XrYAgeFZg,charge,charge,ch_3OdYv5TGkXFIB21Defe2n3vP,100000,3275,96725,eur,Payment for invoice PHX0A51T-0001,available,1755680974,1755940174
txn_3GmggTTNbsb4o4pgiNHMgPj1,charge,charge,ch_3vKC0OFJiMD0tbypz4tSFUYE,100000,3275,96725,eur,Payment for invoice XPPOJVV0-0002,available,1755704566,1755963766
txn_36WXuEFoxOXVP6eYQBxbGT0X,charge,charge,ch_3a3TNWgssHH5xALv5hXXjwi9,100000,3275,96725,eur,Payment for invoice RVBRKWRI-0001,available,1755756031,1756015231
txn_3oaBBgw7Gl0YVz9GBeXU8UNK,charge,charge,ch_35ebLjpjubrFdsMYblTK9I8T,100000,2525,97475,eur,Payment for invoice 7DBWDT01-0001,available,1755774299,1756033499
txn_3ZdNcT9JfX0RwevFUZX2nw3D,charge,charge,ch_3ZlbB104igX4gB5naAd1r2Le,59900,923,58977,eur,Payment for invoice KZ4FGJ7B-0001,available,1755788309,1756047509
txn_3svrb49ZRdhxzGKiJBMgSGG3,charge,charge,ch_3YdmKgEDU2Kei2J8fidCJKza,59900,1972,57928,eur,Payment for invoice 4PG01EHV-0001,available,1755789229,1756048429
txn_3L8feADRQPGVtC9ynU4t63cx,charge,charge,ch_3zDe6V36MOxbqVHF15iDhc09,100000,2525,97475,eur,Payment for invoice 5HTSNI67-0001,available,1755832492,1756091692
txn_3d2udf4vnre5DmfBsQ133lhZ,charge,charge,ch_3Er7OGK1DNTrsyZoVypw3TBs,200000,6525,193475,eur,Payment for invoice NLYFHUU2-0004,available,1755840569,1756099769
txn_34tX8PI6Yfa0ATbHawWJXaBL,charge,charge,ch_3oNaE6aER8hdhzXWoDdnSAxB,100000,1525,98475,eur,Payment for invoice SNWWQ2J2-0001,available,1755853903,1756113103
txn_3iwrZ1R8AnsT80f7jDUQozvf,charge,charge,ch_3gahstzHWlZrZdKIxKGmarQI,300000,9775,290225,eur,Payment for invoice EPPZTXRB-0003,available,1755862729,1756121929
txn_3AX2hfCn4C6wAcrF6hQmNRPJ,charge,charge,ch_3WFCuoYPUNeFW7fSj0smOXzu,100000,3275,96725,eur,Payment for invoice NI6ZZZ84-0001,available,1755885526,1756144726
txn_3NxlPHjP4D6nRLDxC3y14Wzg,charge,charge,ch_3EJO9S5iNlLHc1mzoJJOLc01,200000,6525,193475,eur,Payment for invoice V4UVOYEA-0002,available,1755981259,1756240459
txn_34MTvAyhvXDANiM1w5X6Rpwq,charge,charge,ch_3hOaevYbHC7UFiUR7NwTYC8f,119800,3020,116780,eur,Payment for invoice VN5XM43Z-0002,available,1756031045,1756290245
txn_3j4hQA2lDxaM1NA7J38lAVsc,charge,charge,ch_32ABltireqqRT3DSXJYvQm6x,100000,3275,96725,eur,Payment for invoice K74CO0RQ-0003,available,1756038586,1756297786
txn_3oI92wz6PE4H8TlXAiElBReJ,charge,charge,ch_3v2y7v1G7qQVdSMjv4PRNkBe,100000,3275,96725,eur,Payment for invoice L8NM3O9R-0002,available,1756146783,1756405983
txn_365LDfWbZ9tJloKS35eUUhm0,charge,charge,ch_35XxDwhyF7yEcIulCFmrPmxR,59900,1972,57928,eur,Payment for invoice 5U52A8YS-0004,available,1756191999,1756451199
txn_3pXrN7wPNfw2wMisp7crN31A,charge,charge,ch_3I4ES6JrcnSyENXvZwhTTVCa,100000,3275,96725,eur,Payment for invoice G7WVPE5J-0004,available,1756207480,1756466680
txn_3mVybJIvEBrqzJ4ciJ1VGk0V,charge,charge,ch_3HCcQCiHbkJryWfb5cZbDb1Q,59900,923,58977,eur,Payment for invoice OJWW2LCB-0001,available,1756227567,1756486767
txn_3VTF9RFG7xzmvvGbsQQ8DD89,charge,charge,ch_34WQBIO5BTrCGBX9TT9n0x0K,100000,2525,97475,eur,Payment for invoice NBNWLXPS-0001,available,1756277395,1756536595
txn_3WZcVTl5Jq9PT2Z0PRdAOUPk,charge,charge,ch_30x15a1YRbmyuaIRpjb9liJx,100000,2525,97475,eur,Payment for invoice NBXFDE9O-0001,available,1756288870,1756548070
txn_3ASmM8wczRGwCbsLUPajmBcV,charge,charge,ch_3d5mDvmsTDxjFnR2JPzRN44l,100000,3275,96725,eur,Payment for invoice OACS77FM-0003,available,1756298966,1756558166
txn_33tkCK7awVCDwYrKDIUzr1DZ,charge,charge,ch_3hqspXwTAiCDVgptycgUIMaV,100000,3275,96725,eur,Payment for invoice N9JC1RZS-0006,available,1756303229,1756562429
txn_3RioNHisYyNknNGQw8KoQxxA,charge,charge,ch_3xvNtQwTiH4BHdZVB9LCYXu7,100000,1525,98475,eur,Payment for invoice UGWE997E-0001,available,1756305082,1756564282
txn_36iKV0gI9ctKmzXdhKMh2P2g,charge,charge,ch_34Y9z7Ly7Aamic9R2dAskeko,100000,1525,98475,eur,Payment for invoice JO1FKR20-0001,available,1756374886,1756634086
txn_3RAPyakUksD7KfCaMTThDcl3,charge,charge,ch_3b6ufGukZaWR2nYw4OvQIO0v,100000,1525,98475,eur,Payment for invoice BS9YFPEA-0003,available,1756468791,1756727991
txn_3DkOhTvnJsSyPhUH3dfONLP1,refund,refund,re_3DnNEVwCvaf62EbaVLsKihng,-100000,0,-100000,eur,REFUND FOR CHARGE (Subscription creation),available,1756477019,1756477019
txn_35x6CEs4lPWQ4snRD8lBVq0S,charge,charge,ch_3SQYa27FPfKghPOpMslmWkqK,59900,923,58977,eur,Payment for invoice R102D22S-0001,available,1756484825,1756744025
txn_3HVs75xZAXQ5izLiHEbfAdrI,charge,charge,ch_3imUa1Qwjwg9TfM4Wc2LHw1m,300000,4525,295475,eur,Payment for invoice CLWY0H3R-0002,available,1756489012,1756748212
txn_3TRo106Fry0pDzf0W9mMmPur,charge,charge,ch_3t1WrC4lquiYYyc8m5Fpl7Yi,100000,1525,98475,eur,Payment for invoice G8OQRJCH-0003,available,1756565347,1756824547
txn_3gDzFviLLtnhKjI1xW1CnbB5,charge,charge,ch_39zkN13H9vicxO4YphBstw8N,100000,635,99365,eur,Payment for invoice EBYJGUJ4-0002,available,1756570397,1757002397
txn_3XrClboCiiYKTL6KOo4N41nI,charge,charge,ch_3GP4hsQ9b0wU494owOGVQzae,200000,3025,196975,eur,Payment for invoice 8K1NLBAG-0001,available,1756707494,1756966694
txn_3yiRyHOTvcgt9nfehItUs4g4,charge,charge,ch_3cNyg0rsmhqJtotwXBguSsze,100000,3275,96725,eur,Payment for invoice 16AS8YZV-0001,available,1756715178,1756974378
txn_3dPqOuykL5R0YCKzzkyIvIb0,charge,charge,ch_3fxyeIK8VQnIFAJADWG1xbxz,59900,1972,57928,eur,Payment for invoice SJ89O2JV-0001,available,1756824962,1757084162
txn_3pIJuP0UMPq13nK0buSTYlqg,charge,charge,ch_3FCh1BaSa9n2bMYQJhAAi7kd,59900,1523,58377,eur,Payment for invoice 0JVUWCSZ-0001,available,1756828149,1757087349
txn_3UbSOxrOTeC3sSmkTbAbL7lq,charge,charge,ch_3WUOeaYCt5E6Yb03YgcPQpqX,59900,923,58977,eur,Payment for invoice 8SBP954O-0003,available,1756839783,1757098983
txn_3CR11HhGjaJ3HPW9OVqHrnO8,charge,charge,ch_3Cn2XWRT0xT6mxbfizXyFNVq,200000,6525,193475,eur,Payment for invoice VFALC9YG-0001,available,1756843607,1757102807
txn_3px6lsFztjjpm4w2Kv8TEnxY,charge,charge,ch_3leKh9HYtCQTGiUDpRej6NnB,100000,3275,96725,eur,Payment for invoice I95ZJUK0-0003,available,1756908017,1757167217
txn_3WgMtezKIvMJyUTTv4hMmsdh,charge,charge,ch_3wHLpwdEuK6YxqaFAO9ggx4M,200000,6525,193475,eur,Payment for invoice 65OFYNTX-0001,available,1756966811,1757226011
txn_3m67Ez01GLt8r5fAl4erPVpB,charge,charge,ch_3GhdSC0k9Eq5nV0VW1u2U3tM,100000,1525,98475,eur,Payment for invoice 44RH4CF3-0003,available,1756990334,1757249534
txn_31bwXVjyih7nbVcaYycz1b6J,charge,charge,ch_3aHZdsvkC6iYioDYIySRr0hJ,100000,1525,98475,eur,Payment for invoice BNDEFMC8-0002,available,1756993448,1757252648
txn_3ZQu1go1S4r9zsUs1dDvWPkv,charge,charge,ch_3z6wxNTi0e2ZNzlQdTqzRfgN,100000,3275,96725,eur,Payment for invoice WTLZJXEW-0003,available,1757074405,1757333605
txn_3X67S1aA1EDk4mwIQVZHaBuA,charge,charge,ch_3tWS3qDW0SfnhvsKmu7eSXz1,200000,6525,193475,eur,Payment for invoice H5D0BVTV-0002,available,1757086337,1757345537
txn_3NJK8wSAi0EJQEmX91S83vGW,charge,charge,ch_3HjFZHlNMAgd7t65al2S3lmQ,200000,3025,196975,eur,Payment for invoice 8GQX2A1Z-0001,available,1757175494,1757434694
txn_3ttA3LNWGAcwwr3yUDmUzWqh,charge,charge,ch_37ObS36v1nKG77XOqDDVgQhD,200000,6525,193475,eur,Payment for invoice CYIROZIN-0003,available,1757183983,1757443183
txn_3cKiw6FCxdQi2YcGr53QOfXX,charge,charge,ch_38jTyyRvGPTd7p0dx1X3WJ8J,200000,6525,193475,eur,Payment for invoice XY8O6O3L-0002,available,1757256362,1757515562
txn_3duVOeHJQhMRgyF1XR0DEm4d,charge,charge,ch_3Hv3hi1zibIJi49RLhGDzfO7,59900,1972,57928,eur,Payment for invoice VA885LX1-0001,available,1757266144,1757525344
txn_3ggXRoVonEkThvxEQrzAEEUl,charge,charge,ch_3wxV6xx9Gu8Gl01YihG72ByE,100000,1525,98475,eur,Payment for invoice X50O2TWD-0001,available,1757281560,1757540760
txn_3n6qW8hwaXxHRZ6h6lrd7xBk,charge,charge,ch_33dbhNIwzjYzugDKO7fC6ewc,200000,3025,196975,eur,Payment for invoice 0WB5IH13-0001,available,1757315961,1757575161
txn_36NKpYlYqFwbeGXjp6tAMypd,charge,charge,ch_3saVOi8WiEDyI0N49B9hRwXd,59900,1972,57928,eur,Payment for invoice SEGX7U67-0001,available,1757322774,1757581974
txn_3Xxszg7aCxNoZOVqxLhfAWkN,charge,charge,ch_3fuFXnhaCBMZnoEinPiAkfFG,200000,3025,196975,eur,Payment for invoice 7U6UAK6G-0001,available,1757331376,1757590576
txn_3YUha8w8J2FZG8g5uFOQ3siA,charge,charge,ch_3bNUFVeYz0LuYu697HK4FTRW,100000,1525,98475,eur,Payment for invoice EHKC032G-0003,available,1757333528,1757592728
txn_3TM3NiEqR5rQAhyGeIrPGzDm,charge,charge,ch_3lwKR39MnmCHoAdR3Nyiyjzv,100000,635,99365,eur,Payment for invoice DK8WI8BG-0001,available,1757355825,1757787825
txn_3CfJ5LDGm6HN7HRcLDjo7s79,charge,charge,ch_3pFvDRMbv7LaEfxxkFXc1hI7,100000,1525,98475,eur,Payment for invoice FQGGPHU0-0001,available,1757435293,1757694493
txn_3QMbqo63rMWDDk44jnnS83xK,charge,charge,ch_3GNOqZmct7QwsMrUJjKQ0AHE,100000,1525,98475,eur,Payment for invoice ZJK8VIL7-0001,available,1757521336,1757780536
txn_3UakvVoLQBMPOodEeHkvh1t8,charge,charge,ch_3VGOzO6KQjhmYx0Zp0109767,100000,1525,98475,eur,Payment for invoice R2HIRWC3-0001,available,1757586768,1757845968
txn_3aoicvR2NjosQ19XGAQ8n9FJ,charge,charge,ch_3e06oek5YgJS0wgRY9nHEhFN,100000,3275,96725,eur,Payment for invoice Z3RD9PPW-0001,available,1757593185,1757852385
txn_30lsbKDRn3FiCBZ65F6IMrZv,charge,charge,ch_3OrKKlRUGguQfM23TkJSWyyM,179700,2721,176979,eur,Payment for invoice XTF3REL0-0002,available,1757599734,1757858934
txn_33yRWJNg8qmWsEKSBJ7cj1uH,charge,charge,ch_3Uo30zBhkfyiWoGy0Yqm1wMm,100000,1525,98475,eur,Payment for invoice L90WGRBQ-0001,available,1757670778,1757929978
txn_3ah32ZzDQCre0R3WlhxVIxPY,charge,charge,ch_3bL3MCQAo9PhiBUgAeWHr8NE,100000,1525,98475,eur,Payment for invoice XET173ZO-0002,available,1757672859,1757932059
txn_3wK7KnqsppCpwGzbZhcBPbCX,charge,charge,ch_3Mp315ENzTauwQGsx7MPZ9VC,100000,1525,98475,eur,Payment for invoice KH0J1BUL-0001,available,1757685940,1757945140
txn_3xYmgiEKcgSOw9OA5hXFCQOy,charge,charge,ch_3x5Ksgb7h9262QRoa9a3hFNq,59900,1972,57928,eur,Payment for invoice MZ551TS7-0002,available,1757694438,1757953638
txn_3kMsxDhjpmAh8FMBBJDcqJj5,charge,charge,ch_3Zec7aensMeSgV4GTra1LKXn,59900,923,58977,eur,Payment for invoice AG8B9BLT-0001,available,1757701404,1757960604
txn_3uGnBLwN5NxKLPlU5W2N2SSc,charge,charge,ch_3UexgWhPj47FVTbZGiM3xTLh,300000,9775,290225,eur,Payment for invoice K0XP6INP-0003,available,1757721280,1757980480
txn_3dGjPJX0O8LAtPLNzTaAn0Q2,charge,charge,ch_31oTlc1pquOILNMnkXr30vFF,100000,3275,96725,eur,Payment for invoice 9BDACPXN-0002,available,1757768548,1758027748
txn_3QplXR6HRYoojFxdTvEqg3jU,charge,charge,ch_3mxxNWfQPwXGCYkElymIAgLH,200000,3025,196975,eur,Payment for invoice F5QH1C5G-0002,available,1757769162,1758028362
txn_3bnpEI2OqisVf4tTfzg7LMOm,charge,charge,ch_3i01KvlPmNTolp1Rp6SgEViq,100000,3275,96725,eur,Payment for invoice S9SEAK66-0005,available,1757775394,1758034594
txn_3MsoEWpga1hKW29Wu0B0EFba,charge,charge,ch_34ZdX0mXqyvXU5sZu6hYmotx,100000,1525,98475,eur,Payment for invoice QD6GOPXD-0001,available,1757932734,1758191934
txn_3evse0Kw7kRtAmAx9ThVfHtB,payment,charge,py_3LQYdKtBtvvKREcdPerMDtu0,16500000,500,16499500,eur,Payment for invoice 1N2FR0LR-0003,available,1757948107,1758380107
txn_3pTU9o9qqWivXi04MNMZezD9,charge,charge,ch_3ZxbjaKnOQJxAYbU5xtlnJY0,59900,1972,57928,eur,Payment for invoice 112617JL-0003,available,1758017881,1758277081
txn_3JbzTSwswa7r74459x6mETt7,charge,charge,ch_319O27Ft0z5TYjE34xFtIP4P,59900,923,58977,eur,Payment for invoice UDE25ZDK-0001,available,1758041898,1758301098
txn_3xHrPYlJtaMZEIZcCCLbCHE7,charge,charge,ch_3c7cp9lf6SpEimJ984oVfW5F,100000,1525,98475,eur,Payment for invoice 11KM54CH-0002,available,1758048880,1758308080
txn_3AOeCR3heo6gyRBnPFpzngX4,charge,charge,ch_34NcdOcdDVzdp1ENYSvdg8l6,100000,1525,98475,eur,Payment for invoice EIW2B9YA-0002,available,1758071401,1758330601
txn_3ud26OXiv5msEvCaCgbBUlN6,charge,charge,ch_3vdPZWdXT9seit4LB42X85nz,100000,2525,97475,eur,Payment for invoice NHGQ2XJR-0002,available,1758093463,1758352663
txn_3AELj1a0lrZZYBqb6Bo4zC8e,charge,charge,ch_326vTZ09sDLwre1mqZJKfbJ0,100000,1525,98475,eur,Payment for invoice WHJ80GBR-0001,available,1758122839,1758382039
txn_3EuG1I6jVqHJQJhnHEMdJ9B7,charge,charge,ch_3pT5pVopacrZ3uDqaRBLkRaL,100000,1525,98475,eur,Payment for invoice RGOTFY3R-0003,available,1758194667,1758453867
txn_3SBRzG32nulO0uUqLphMQKG3,charge,charge,ch_3H8cgB89zLGRAx4dEwYGC0my,100000,3275,96725,eur,Payment for invoice RM9NGT1Q-0002,available,1758214833,1758474033
txn_3Aucdctf4aSRL9T6CgK1XY2j,charge,charge,ch_3CChlWS73EMS8M31ytt80Kfa,100000,1525,98475,eur,Payment for invoice NPOJPLNW-0001,available,1758216889,1758476089
txn_3KHcvMpfnFG8OUe6pIli1hPU,charge,charge,ch_3tyCu0E9NmlooMsCWTtEhfV9,100000,3275,96725,eur,Payment for invoice I4VZ27EC-0001,available,1758254538,1758513738
txn_3Y8MMohSQNJVR0IP4Nwwp605,charge,charge,ch_3TD9cUZKQYsiBW7oWmi7XVyu,119800,3919,115881,eur,Payment for invoice 879MSQD1-0001,available,1758308438,1758567638
txn_3fsTfDB0HZvfvqS7C9547MNn,charge,charge,ch_3ixf6rbUCFILdfK3iAeUguU7,100000,1525,98475,eur,Payment for invoice L6YST2MX-0003,available,1758381028,1758640228
txn_3BCOCG412rixwjp4U7ywhvix,charge,charge,ch_35smcIqgWKiKQL347GZQquK0,59900,923,58977,eur,Payment for invoice 7RLMRWEJ-0003,available,1758411518,1758670718
txn_30Vm0ATitbtDgWOLtgv0xgzQ,charge,charge,ch_3QVHSTZn01WJuQODsIwNxfas,59900,1972,57928,eur,Payment for invoice ZBOGHNN2-0001,available,1758440635,1758699835
txn_3MSAkyeesH6MP00j8yj41Zl7,charge,charge,ch_3ASt1DEgjzC0I8hkDTwolHvh,200000,6525,193475,eur,Payment for invoice NOQHSK8C-0004,available,1758458775,1758717975
txn_3CUqt8Iowiy6IpvckQ7fYlc2,charge,charge,ch_3aNEUqzvvtxNYzKjczaD0qBS,59900,1972,57928,eur,Payment for invoice 7WW47QJA-0001,available,1758544541,1758803741
txn_3UXDbU8aK7Z1xlG7OHak79Ur,charge,charge,ch_3pjbor4rB5Tj2LS0gWklx1ns,100000,2525,97475,eur,Payment for invoice WCIRCIHD-0002,available,1758599447,1758858647
txn_3d6FnKKNJCA5G0iZ2GBMrRZc,charge,charge,ch_36hModyl8RgVnelV9DYeTiYt,59900,1972,57928,eur,Payment for invoice C37GTSB3-0002,available,1758629379,1758888579
txn_3vDdoyCJbXaly9qu0xWMscZi,charge,charge,ch_3ZAWQugthbSCMYq5JRYPqtlL,119800,1822,117978,eur,Payment for invoice GL40LTUP-0001,available,1758631596,1758890796
txn_3L7KMKQIruYenebtcgZSN59r,charge,charge,ch_342Jw74k1V8f00MVTEaxlLcA,200000,6525,193475,eur,Payment for invoice 8SZNPL2Q-0001,available,1758700800,1758960000
txn_3U8400Sf5JCdZUvNSXf9ggqI,charge,charge,ch_3IEJGXc6pHQrixgchoqzBmXb,300000,9775,290225,eur,Payment for invoice 8KP73EYJ-0001,available,1758719002,1758978202
txn_3zzqzMCWeZCuwsKsUohYvaqD,charge,charge,ch_3655QR4eDWQIMyWo9l9nUhZQ,300000,4525,295475,eur,Payment for invoice B3GGTXWL-0001,available,1758720339,1758979539
txn_3BgXZ1aEUxdbKjPJMGoqjfGL,charge,charge,ch_3mLCY2rXFgDCfcV0YIXwUN9C,179700,2721,176979,eur,Payment for invoice 2CYSZTWY-0001,available,1758727434,1758986634
txn_3B3z0vLGkPWIFxswyeVP95OO,charge,charge,ch_3pwgJO6jJJtHu1WCGTHpCo8X,100000,1525,98475,eur,Payment for invoice 86YG2PAZ-0001,available,1758824542,1759083742
txn_3ARkf8bnKwRbNZG9WxCSnJyY,charge,charge,ch_3Ldk884thfOlV76suIyjOSPF,119800,3919,115881,eur,Payment for invoice TI95LGRF-0001,available,1758880882,1759140082
txn_3DznqtY2ymknGCculfIYa7rF,charge,charge,ch_3MqT5qNmPtWo5I7EWwa52He2,100000,3275,96725,eur,Payment for invoice ARD2427K-0001,available,1758885532,1759144732
txn_3U0HSG5sjdHm04d95SxIap6o,charge,charge,ch_3Ik5DxZfSvaXYxoR9o9Z4IZe,59900,1972,57928,eur,Payment for invoice RR684SDV-0001,available,1758908998,1759168198
txn_3y7Yzz0K7paKLjrWhNFPWE5H,charge,charge,ch_3nM0jBNtN9PtTdjBB4MET5dK,200000,3025,196975,eur,Payment for invoice P0Q18VWU-0002,available,1758974037,1759233237
txn_3DLuRzJN3TdfZfw6VFzkAQrF,charge,charge,ch_3tP2L9GvdClFUUseWQ8LuxhQ,100000,3275,96725,eur,Payment for invoice LOTEBBD1-0002,available,1758994045,1759253245
txn_3Y89L99sUDtx2hx1mNQwcEe7,charge,charge,ch_3L6fL7pmhbWJCl399MmdKrKB,100000,3275,96725,eur,Payment for invoice XDVJO63A-0003,available,1759047530,1759306730
txn_33vGsxoTKklugnGhk7EMREkf,charge,charge,ch_3Xtp2b1eIQTS2HDOBGGERosM,200000,3025,196975,eur,Payment for invoice IQSO0EZQ-0002,available,1759066090,1759325290
txn_3ZIf7g5LWuzgEW9AN3XRe1gy,charge,charge,ch_3qelf29E7lhxd0DzBzFW3cuK,59900,923,58977,eur,Payment for invoice NEOUB6D4-0001,available,1759146820,1759406020
txn_3MQ4ThwLcG5I9CayCvIhJo4E,charge,charge,ch_3HqJNKiCSlmSSoiINdHpN5N9,100000,3275,96725,eur,Payment for invoice 7QP1Q607-0001,available,1759263469,1759522669
txn_3k1APrU0Wil0MAlRustPGLH1,charge,charge,ch_3S8x6RjER6jK6r1efiGlXX7Q,200000,6525,193475,eur,Payment for invoice 8AIX45SX-0001,available,1759290744,1759549944
txn_3W6IUdzdxkjqamoKeOw26uQs,charge,charge,ch_3wPyzutXRAeGfMvuQZ09XQR9,100000,1525,98475,eur,Payment for invoice EYPHYVIC-0001,available,1759392863,1759652063
txn_3JBRf2TUrqlROFD5DoKnCLjp,charge,charge,ch_3QZJJy7coDg4GHcQMlIhASSu,100000,3275,96725,eur,Payment for invoice 3ROQ98SU-0003,available,1759415699,1759674899
txn_3qpMOvi4t70N6EAMWVGONw1j,charge,charge,ch_3mXbBlEr1rWUxqj13XlD4uBA,100000,1525,98475,eur,Payment for invoice 8UM04GGI-0001,available,1759498288,1759757488
txn_3keXvtGQB73nAkIlYHpKbfDj,charge,charge,ch_38evzVoKDnnR353b3ZevjAMj,59900,923,58977,eur,Payment for invoice SR02P9S3-0001,available,1759506483,1759765683
txn_3rbxU0RxMvUEO0C97OkCgcyR,charge,charge,ch_3si5POgvLZfNLQKcej1HsXE9,100000,3275,96725,eur,Payment for invoice VZ6DMSA3-0001,available,1759513987,1759773187
txn_3uygG37Sj9KZ8SKdHCgKRrj9,charge,charge,ch_3HMJOnHP6ygt3gCv1EzsUCpD,119800,1822,117978,eur,Payment for invoice 8KK58QVR-0004,available,1759569370,1759828570
txn_38xj9bMMMMtkzFpRbf23pEtN,charge,charge,ch_3kNBsU7dUkFcGrzFlGjOtgAp,119800,1822,117978,eur,Payment for invoice TEK1OA51-0001,available,1759580754,1759839954
txn_3ICbVeU7FvH31urRLutqjvSK,charge,charge,ch_39RRNpXayUQEUp9iujRdQteh,100000,1525,98475,eur,Payment for invoice Z2RIMSI6-0003,available,1759663215,1759922415
txn_3Yd6PH6PMo2ROFdB3glh46aN,charge,charge,ch_3JWrNlIAbTWLijnsD1nLRomp,100000,2525,97475,eur,Payment for invoice GIEA9MIV-0003,available,1759686877,1759946077
txn_3wMdjY9qtbx9Z2T3Hnjz4Z4F,charge,charge,ch_3od4lbhwfkiqa6haJ2rhDPYR,200000,3025,196975,eur,Payment for invoice KG7RTN9Q-0002,available,1759741140,1760000340
txn_3vnZzgII7TgElnG9iuCdzqVG,charge,charge,ch_3a21bUxPGTTBU40NDtIgOt5Q,100000,3275,96725,eur,Payment for invoice KSJH2ORT-0001,available,1759746939,1760006139
txn_3NQS4LpGBrQE2yXuVnxo9nZo,charge,charge,ch_373QCCZScO9LqJvcwAsgMmAH,59900,923,58977,eur,Payment for invoice VKMPPKJV-0002,available,1759760256,1760019456
txn_3iAhzyJaTcZH6jpz7hDY7IdU,charge,charge,ch_3jrxClzN7YSYZuCPveMs1YyZ,119800,3919,115881,eur,Payment for invoice SWACVJXJ-0001,available,1759772172,1760031372
txn_34D5veM7efi1GTwrgrw1Cgrn,charge,charge,ch_3GziS2Rp9ejxjHEvbPDVA6JJ,100000,1525,98475,eur,Payment for invoice EHYWZQNX-0001,available,1759825325,1760084525
txn_3kmIdAaDvJA9xAGcH2BQi7Ds,charge,charge,ch_3gNkrMnUKBNS20obGwTQeUAa,300000,9775,290225,eur,Payment for invoice VOFS0FMA-0001,available,1759889281,1760148481
txn_3CvSd437DLmVkDPYTGb8fWte,charge,charge,ch_3kVLiKQL2XcMTm49uGerj99y,200000,6525,193475,eur,Payment for invoice UEKPWOE4-0002,available,1759931088,1760190288
txn_3xdrCg9goP0WapmDWBwDuj02,charge,charge,ch_3p6mU3gOPvPYL9iN449RIWsp,59900,514,59386,eur,Payment for invoice H97SHB32-0001,available,1759942904,1760374904
txn_3038n4k9vBeu42kKedZX8R2e,charge,charge,ch_3cgbQk7qv6jG1IChRfaw67G0,100000,1525,98475,eur,Payment for invoice 8V0CJ17R-0005,available,1760009865,1760269065
txn_3YOWSzrolq9sYuo9JbiMU50H,charge,charge,ch_3wqFVMcspnLZCwmEjlm0Kyq7,59900,923,58977,eur,Payment for invoice V8PJU90E-0003,available,1760020152,1760279352
txn_3kH1DoUZDn5cu0VbHn5TPIIZ,charge,charge,ch_3dr2QC9rff9nMcBMvS7tuQnD,119800,3919,115881,eur,Payment for invoice KVB1SZND-0001,available,1760047877,1760307077
txn_3RdxQoVjKFKKooUWzow5IWQS,charge,charge,ch_3yqFfOwYL40VM3O2EXkadD4h,100000,3275,96725,eur,Payment for invoice 670N7R8N-0002,available,1760089385,1760348585
txn_30VwieazazqovR3BuDQvfV7H,charge,charge,ch_356rqEkFHNWjLIsCDiPkZKAs,200000,6525,193475,eur,Payment for invoice FB0PIEGU-0003,available,1760094357,1760353557
txn_3C0qD2jbHvwlSfsWRLYSDTRH,charge,charge,ch_3lUQeKc9K2Rc8vHuMrV7sFWD,119800,3919,115881,eur,Payment for invoice XKCB0OCE-0003,available,1760175320,1760434520
txn_3vzBSGCNghCnxBk4EF2Xl9sW,charge,charge,ch_3fwNbhzFXpxgiLd9nEEEqt4c,200000,3025,196975,eur,Payment for invoice CTT7N062-0003,available,1760262474,1760521674
txn_3aKDDzUnqwot1enFlx9Zwrse,charge,charge,ch_37YS5keGupBbl7jQhszwDRTz,59900,1972,57928,eur,Payment for invoice B0FX1K2I-0006,available,1760370547,1760629747
txn_3lJ5amlRx80xdHI1MmaNILoL,charge,charge,ch_3nbpgHrFRlRjXwDfe3uordI7,100000,1525,98475,eur,Payment for invoice 06IB9EME-0002,available,1760392780,1760651980
txn_3kkONIx5QovuufJODYBPONCU,charge,charge,ch_3teOke9CY7mY8cEr5KzhG2M8,100000,1525,98475,eur,Payment for invoice 4UU9WBEY-0001,available,1760510994,1760770194
txn_3GT7hiqFJZRfBipwJnHgzFJ6,charge,charge,ch_3zw4lwR0eqfjVZxtVMCDMV8n,500000,16275,483725,eur,Payment for invoice IWY7ZSMJ-0003,available,1760526995,1760786195
txn_3R4Ax6bemMg28hMvLhbSsf7F,charge,charge,ch_3Fkoggc97vYpHgOQi707BK5W,100000,3275,96725,eur,Payment for invoice VQ7DH7Z0-0002,available,1760594234,1760853434
txn_33sYQW6g2GwWwH7YtPTlPYcf,charge,charge,ch_3TyWyKZfaMdFQkXZAs5G05zP,300000,9775,290225,eur,Payment for invoice AXYDA0U1-0001,available,1760598404,1760857604
txn_3zbc2nTj4ILrhpbWK0GcT5EV,charge,charge,ch_3WZDmIftnBIB3LaX1kPDjJPR,100000,1525,98475,eur,Payment for invoice 5P5YQTQE-0003,available,1760602228,1760861428
txn_38LsLV2fkdh5mpsFwoXx9GZ2,charge,charge,ch_3qKnFM0GMYSgmV8YJSE1BZTW,100000,1525,98475,eur,Payment for invoice UTMF6E0R-0001,available,1760636698,1760895898
txn_3izbgXDcZ9sgJ7GJKbEu7RPb,charge,charge,ch_3BLJ6t83usr8ct1onwFBqFp4,59900,923,58977,eur,Payment for invoice KDO8X1CT-0003,available,1760687208,1760946408
txn_3YAwFc4OGD0OVOca3YGCYBxb,charge,charge,ch_3Ge8hjJlKZ5qBPknARoRnKhc,100000,2525,97475,eur,Payment for invoice OT69G2BX-0001,available,1760701376,1760960576
txn_3LpkND9QQP9oKRHgqFqQMFOo,charge,charge,ch_3Rd2AWyeoLr5mFEIRnEb9VvP,100000,1525,98475,eur,Payment for invoice VLDG5VXX-0001,available,1760712256,1760971456
txn_3OdjzAyKHCQcGLvlIF2j1sju,charge,charge,ch_3zpSBX4XBz6O8GkdWctBAI8d,59900,1972,57928,eur,Payment for invoice BS0DXYON-0002,available,1760773874,1761033074
txn_3ShITK1XzLPEOh255jx3TIKl,charge,charge,ch_3hcIu4rIJTwZ4nsHOJ8Ku9NV,200000,6525,193475,eur,Payment for invoice P0NX83AN-0004,available,1760783363,1761042563
txn_3hwY4F4oetVMYRT6HL8nGDmf,charge,charge,ch_3ve4NOQejsleM9RfxBGQRXpd,100000,3275,96725,eur,Payment for invoice 3KOQYEPJ-0002,available,1760788785,1761047985
txn_3P8xVrLEJ1yNHosF9El74Vvu,charge,charge,ch_3I3LFuzjD649GMtolpVXYmAH,100000,2525,97475,eur,Payment for invoice VYXKUEHL-0004,available,1760813226,1761072426
txn_3Q7r16YkrNyb4WGF1WobnrdA,charge,charge,ch_3udBvhgEn4voiVSsW5VxWyn8,59900,1972,57928,eur,Payment for invoice K161G4AG-0002,available,1760818146,1761077346
txn_3ZXHxlTk70nEITvjHsnTuVBH,charge,charge,ch_3T3GvI6yZOSly65iWMRm1nDT,200000,6525,193475,eur,Payment for invoice MK17G2WI-0002,available,1760824585,1761083785
txn_3DofEMRkpnQ9Bj2iGLQhd2Nh,charge,charge,ch_3jtDWtizXEqAFmJmbWRLEg8T,100000,1525,98475,eur,Payment for invoice 0BP90V7T-0001,available,1760931108,1761190308
txn_3yvzxaUZyhAmLQjrebKCoQrs,charge,charge,ch_3qbT1ao6Xxu6KavgJ69Pq4lF,100000,3275,96725,eur,Payment for invoice H9OLT3WL-0003,available,1760974164,1761233364
txn_3MGXd8G8aRnJigvYQJ0onwg5,charge,charge,ch_3zHIPy9D68PckRO35t0UW3yX,100000,1525,98475,eur,Payment for invoice ZOLZ3AIW-0001,available,1760991758,1761250958
txn_3K1oI4wyNS7e3FBl9DBOMb0l,charge,charge,ch_3DekFWRHk50cdUFciX0xfgoo,59900,923,58977,eur,Payment for invoice 6QZ9VV2G-0001,available,1761053455,1761312655
txn_3HNp6YtH4jGQqbhUvhhi6c9I,charge,charge,ch_3lEgXSda57v4d0GO3pbSDjBt,100000,1525,98475,eur,Payment for invoice J8143X7L-0001,available,1761110054,1761369254
txn_3rEw1IfmlFz5VKbGOMiObZnH,charge,charge,ch_3m44vPh1vhV5UIoO5ArOxGiU,59900,923,58977,eur,Payment for invoice UI6WYWT2-0002,available,1761169853,1761429053
txn_39KAmYzB3wXCOeuv9lHNsJY3,charge,charge,ch_3TcKN6SDMoSD679a7UsrsRw7,100000,1525,98475,eur,Payment for invoice F0BO89CA-0001,available,1761228462,1761487662
txn_3VuZB6wNH9oNNYQcsMtkwD7N,charge,charge,ch_3OGcNOZqwksa2BczL4Daviwh,59900,923,58977,eur,Payment for invoice 5KS2JCPR-0001,available,1761234058,1761493258
txn_3MCpgvVR07nLQuBaWi2nLsXC,charge,charge,ch_3CNVzj4DHhwWNzoj6ItN9XTL,119800,3020,116780,eur,Payment for invoice BPRYD7SE-0002,available,1761301630,1761560830
txn_3H13Iizyy5Etglpq28HNJjz5,charge,charge,ch_3BMPZOCTVrDm3BTyDMRhXD1x,100000,635,99365,eur,Payment for invoice R8AAVQ0S-0001,available,1761393990,1761825990
txn_3LjuyOzujjS5WiZOxLQKQLli,charge,charge,ch_373JpBhjdK0ZGVzrq0EUjDyk,200000,3025,196975,eur,Payment for invoice A556517V-0004,available,1761400069,1761659269
txn_3Z8W0cWiRIpiMD82lbquJhg8,charge,charge,ch_3di8m12HMmeQKOx5lWpy2wMC,300000,4525,295475,eur,Payment for invoice 60RDYF9X-0003,available,1761403409,1761662609
txn_3VHxlNBaaY5R9VZz26gL9DtN,charge,charge,ch_3oj2PrIyWJtJftYfiHpfPZo1,200000,6525,193475,eur,Payment for invoice NHULT017-0004,available,1761557974,1761817174
txn_3Rrq7j0L2ckr81t1IwKdgLI2,charge,charge,ch_3xYau20X7LK9IvTvP3J53bTs,200000,6525,193475,eur,Payment for invoice U5UYC1HT-0003,available,1761568166,1761827366
txn_3wg6djHKnW4M8ufds6DYuIwz,charge,charge,ch_3nNnLTw6I1jTtBLBxpNV3EI8,59900,1523,58377,eur,Payment for invoice LNJ10H19-0001,available,1761651158,1761910358
txn_3dg8t7z5vf9I5X1NjHZsEHrM,charge,charge,ch_3EpDIFicmDQu9NrEyHnqFNQ5,59900,923,58977,eur,Payment for invoice RQI0Z7VM-0002,available,1761742541,1762001741
txn_3gsFJcgZvdctLzwTVFeG6yFC,charge,charge,ch_3pz8IEECKmFs7c7vWFUZbn6q,100000,3275,96725,eur,Payment for invoice Y8CIAZ7I-0002,available,1761820736,1762079936
txn_3rxYWocRylEjLQkycDmn3plM,charge,charge,ch_3dGQ91003H8WoqYW00jYLuX7,100000,1525,98475,eur,Payment for invoice TAOL0DFI-0002,available,1761823030,1762082230
txn_3FsmMAv6vxa8YrJpvl2V5oNr,charge,charge,ch_39Z6wiy1ZRpNQybZhHQ874LV,299500,635,298865,eur,Payment for invoice H4MO3F2B-0004,available,1761829428,1762261428
txn_3wjiHHaK1Gm9pVJG3XtzrTAj,charge,charge,ch_3WBzCOVQA3bdtlDEqTyzS9bb,119800,1822,117978,eur,Payment for invoice FWYMJCXC-0001,available,1761833727,1762092927
txn_394lmGnc4WRpa4tMzpdxoLHu,charge,charge,ch_3P6N8USWhNkl8Eqf2aoZIfEw,300000,9775,290225,eur,Payment for invoice AW9XCIVH-0002,available,1761890976,1762150176
txn_3EFh3ZwZFk4q3uUo7xhH0iLF,charge,charge,ch_3v6IskWmpmVRNLqRH0wJI1d6,200000,6525,193475,eur,Payment for invoice CLDPCQE2-0002,available,1761904442,1762163642
txn_3fed7D0dwVCUtroyyYV7PZ8H,charge,charge,ch_3sOfilFmeO9eBL1fiZVFWtux,200000,6525,193475,eur,Payment for invoice U12BIDGF-0002,available,1761939286,1762198486
txn_3X4ieUgCeGxPep6Q9Z6S9pYX,charge,charge,ch_3AzULogBcg5At97OxKPSulcz,100000,3275,96725,eur,Payment for invoice DZWWR5KE-0002,available,1761970587,1762229787
txn_3kDWAIZlkxy5xM6tQf6TtJbH,charge,charge,ch_3ormp7fEKMKNcT1OUx4Gz5P0,100000,1525,98475,eur,Payment for invoice TWDWXZ5Y-0002,available,1761995852,1762255052
txn_3kDalfNYmzf7kjQUMYHvCqkZ,charge,charge,ch_3w0j6pHkl58TYR2v4XQ8F66m,100000,3275,96725,eur,Payment for invoice 5Q54KS47-0003,available,1761998124,1762257324
txn_320ot1kkamcPNBxFyW3xkF71,charge,charge,ch_3wRDsh9RUMSBT3RSdR0g3Ic8,100000,1525,98475,eur,Payment for invoice 9E6ODFV0-0002,available,1762001755,1762260955
txn_3NENf0ec6SmkHPIGEQKFKLZS,payment,charge,py_3jzRuV8Pno3I1PxaTwenx6H8,11500000,500,11499500,eur,Payment for invoice PR6ULZKO-0001,available,1762011885,1762443885
txn_3Wr7HU4gDqtM1xpI0UmmyrEX,charge,charge,ch_3XwKIYWMVe02DubM0vWwhDg6,100000,3275,96725,eur,Payment for invoice 9I43KOMH-0002,available,1762071538,1762330738
txn_3N47g7WWlwEbXwmxHQo3C8nc,charge,charge,ch_346V4aCwv4E9dOZ4V0iEh67F,100000,1525,98475,eur,Payment for invoice IW88EVZA-0004,available,1762127301,1762386501
txn_3k98IfF73AAyLmRcN9bm9Svg,charge,charge,ch_3sYqMWbz8jI765H0OoKsFVWE,119800,3919,115881,eur,Payment for invoice 5EJ5Y7Q3-0001,available,1762178089,1762437289
txn_38ImWGOHDLOhc05PczgUxzhw,charge,charge,ch_3WLmxSfIS8VeDcM6qB4eX7Xf,100000,1525,98475,eur,Payment for invoice BEDUS7J3-0003,available,1762184958,1762444158
txn_3gEZYxtE0bvsjWCTj8x2belp,charge,charge,ch_3mts0CEbduFeVfYXmny05V90,179700,2721,176979,eur,Payment for invoice M643A0K4-0001,available,1762194007,1762453207
txn_3RZbClbTmaYXVQQ9OpgirLxN,charge,charge,ch_3zCtu61x1wyqINHjcIKB5wVT,100000,1525,98475,eur,Payment for invoice VQVLWPPM-0001,available,1762203447,1762462647
txn_3wGTeBEa6JqKD0YSkltb4rB7,charge,charge,ch_3xCWcyQzBRCPvPiaXCKstEhA,59900,1972,57928,eur,Payment for invoice DQQNGNOW-0001,available,1762246158,1762505358
txn_3WQyBPipudwdq1sHZKYqoDjc,charge,charge,ch_3RlIONNBoyG2dpna7aiAkZbg,100000,3275,96725,eur,Payment for invoice 4XD0Z8SF-0001,available,1762249253,1762508453
txn_33u5SLsyES0aSzG2kcx2NL4c,charge,charge,ch_3smWZetngHpu7K74nwPwlGyj,100000,3275,96725,eur,Payment for invoice 4H3CAHJ9-0001,available,1762280623,1762539823
txn_3aKdRJFrBj6ZUQdDwBcEtNqJ,charge,charge,ch_3kSn3trOFpGLTbAonm7DjzWH,100000,1525,98475,eur,Payment for invoice BKD64I6Q-0001,available,1762295985,1762555185
txn_33xTFXW2BQ8NccebnO0gcqNd,charge,charge,ch_3LGXrGp0dhtu5KOGqXWfWq5x,59900,1972,57928,eur,Payment for invoice Q21L2C2I-0001,available,1762331059,1762590259
txn_3aDC9c68yj3CZuMyR1W6fAuj,charge,charge,ch_3HIgwDnQ4ldzEgmWxUdAItmb,100000,1525,98475,eur,Payment for invoice 5ATTK2X5-0001,available,1762336414,1762595614
txn_3v6fSDNTPslVEYNa7Fxa7b9d,charge,charge,ch_31Argv08tizt88zEStKAfwpG,119800,1822,117978,eur,Payment for invoice AZ8UW6EA-0002,available,1762343956,1762603156
txn_3elWbb94fxHVPymBppbHnGhe,charge,charge,ch_3fMgYE5NiDEqEZRb2TtjIV84,100000,1525,98475,eur,Payment for invoice TQO9CUWC-0001,available,1762344282,1762603482
txn_32MnawVLut3CdoWvPZ5jjEny,charge,charge,ch_3dtp4ImkzLbbkW468hPF7Hob,100000,1525,98475,eur,Payment for invoice 2X1UJKH3-0002,available,1762348708,1762607908
txn_3XYjxUADWi79rG7qXByB5FrP,charge,charge,ch_3UnS2D6EcOPjeCzwNKJ7WqOD,59900,923,58977,eur,Payment for invoice WXPO315Y-0003,available,1762370473,1762629673
txn_3xC6wbikOjEN0zY4d2WNonpT,charge,charge,ch_321hvAHqAZ500q0T3sPSxybr,59900,1972,57928,eur,Payment for invoice SXBWESE0-0002,available,1762419225,1762678425
txn_3Yd7351KJszWlxIpvP9CAsjR,charge,charge,ch_38jsvUz67wBHMemR2qeeuqme,59900,1972,57928,eur,Payment for invoice NP01IIL8-0001,available,1762449569,1762708769
txn_3qi1tuOI5F8S4Z75Ozl4mfQB,charge,charge,ch_3XLtPerMhYeyrRVoxFkikHxl,100000,3275,96725,eur,Payment for invoice 0E5DHDNI-0002,available,1762459652,1762718852
txn_3pLcLUMBka2BwqEJ9GsC0mYW,charge,charge,ch_31dwSfkTO98SrhXaSSE5Zzo8,100000,1525,98475,eur,Payment for invoice 219KNECW-0003,available,1762534666,1762793866
txn_3xc3VMDU8rcCcZFpG2A4yQds,charge,charge,ch_3P7GBghHT9ZAtVg9s5S354U3,200000,3025,196975,eur,Payment for invoice E0P0OU84-0002,available,1762540141,1762799341
txn_35gIBaXpu0VqK4b4IlGL02Sb,charge,charge,ch_3TywIDI5mIsnRCbGFUmQRhD6,59900,923,58977,eur,Payment for invoice U8M68O8H-0003,available,1762545209,1762804409
txn_3NkG2PfmVDCPtENrqxR0scTJ,charge,charge,ch_3VEvw0LYVSprAYVKy2LWNmhz,100000,1525,98475,eur,Payment for invoice 63DCTA1S-0001,available,1762696908,1762956108
txn_3h1DF5LWFy7cDfKWmCTz9O3Q,refund,refund,re_3uzrjseTQtpIBAsO81d9vO4Y,-100000,0,-100000,eur,REFUND FOR CHARGE (Subscription creation),available,1762738347,1762738347
txn_39myZd8iQ2TI1B1mablbqzmC,charge,charge,ch_3OiReATQr7nVsunZ2cdHBdB8,300000,9775,290225,eur,Payment for invoice U6I1KPAO-0001,available,1762859895,1763119095
txn_3Bhkdih2Tgk8sEnqhbUI6nBx,charge,charge,ch_3i72LtwTv8DJIa7p464thYgB,300000,4525,295475,eur,Payment for invoice 3QJD9LMM-0001,available,1762879354,1763138554
txn_3ljxGfztJiEjexlWfn7mXkRY,charge,charge,ch_3sqdGCj7Llsz6YRjib7mC0FA,100000,3275,96725,eur,Payment for invoice 726K2YH2-0002,available,1762887322,1763146522
txn_3wEiTjPH2ImgwaDu5L69xqZN,charge,charge,ch_3IZKAyROECqiziOJUib8ElFm,100000,3275,96725,eur,Payment for invoice HL9UGH5A-0001,available,1763026403,1763285603
txn_3gdccpLWWDzZngvkUkAFzG8K,charge,charge,ch_3IFLmXJVca94admpiEfL1X11,100000,3275,96725,eur,Payment for invoice JB7DD27X-0003,available,1763041484,1763300684
txn_3gQJtasE4TFZQrq7NLXlFLhS,charge,charge,ch_3XZgsWoDkdm8e9b9ygJbC3dJ,100000,1525,98475,eur,Payment for invoice K4Y5TE5N-0001,available,1763069916,1763329116
txn_3MN5CcbPbB8BaAxBC3qBKNKU,charge,charge,ch_3INK1OSiXVGPnVfS67LLGehm,59900,923,58977,eur,Payment for invoice B00CCZ1D-0001,available,1763077905,1763337105
txn_301q4jCwEV0DQkiu4zwcEmeV,charge,charge,ch_3MoSQKZOvDINbc5Ay7Unb3uc,300000,7525,292475,eur,Payment for invoice JKG19HIT-0004,available,1763097963,1763357163
txn_3et3mnVMv7bA8wIjes9soqN3,charge,charge,ch_3EcjeRVXlrJxTSrbAvM9Xq0s,100000,1525,98475,eur,Payment for invoice SWN3G7G1-0002,available,1763117495,1763376695
txn_3nRsxXpSzMNMcv0Q38y1a0Tm,charge,charge,ch_3jk5FDWXsEGsHmMFwJ79m1KZ,100000,1525,98475,eur,Payment for invoice 0IITRZUG-0004,available,1763123843,1763383043
txn_3u0UnWSOKTkUvK3H87ByKdUU,charge,charge,ch_3G1RjbK69URdwAlCZuP5rtVZ,59900,514,59386,eur,Payment for invoice TU23S878-0001,available,1763129887,1763561887
txn_3AFMjkcXNUJKlx8f8ODM4hTi,charge,charge,ch_3dqIjDpXpoxSwSAmAZUxWUro,100000,3275,96725,eur,Payment for invoice 5GJS56J2-0001,available,1763147364,1763406564
txn_3XydqoKMWtAFtx6BcdRzHa1o,charge,charge,ch_3Th362XRmyLgBQp34Wfetmbt,179700,2721,176979,eur,Payment for invoice F5Z21IX1-0004,available,1763217524,1763476724
txn_3xHhrrZOGGLCnCvMEkMrDOcS,charge,charge,ch_3I5tUYB9ksjl74rgXyjgVIdW,200000,635,199365,eur,Payment for invoice B3ME94VX-0003,available,1763299854,1763731854
txn_3evb4TDOO6TpXU3zfdguELjC,charge,charge,ch_3F0h3EgohntZs7TwuTbDam8d,200000,6525,193475,eur,Payment for invoice SRFGSXNG-0004,available,1763301980,1763561180
txn_3j7xBuc8XAS41UC15dUMzrn2,charge,charge,ch_32lpbUVqXVqFOLXQOQMQ4URu,100000,635,99365,eur,Payment for invoice 50F6727A-0004,available,1763303442,1763735442
txn_3okj2enF4xDFTQkRxSw7bhgX,charge,charge,ch_3L0Ufnyjdb849nS3aXvITQbx,300000,9775,290225,eur,Payment for invoice 6JG8TBMR-0004,available,1763381989,1763641189
txn_303zLLfWV6cSc9erLez0jVjG,charge,charge,ch_33KrIwSAa6AXXOQ1u2aV14CB,100000,2525,97475,eur,Payment for invoice 0AD55VCV-0002,available,1763396784,1763655984
txn_3Guye14YGEWuX6GRDZxx9FHi,charge,charge,ch_32QLRugtf0PAZSGOi6NybdSP,100000,2525,97475,eur,Payment for invoice TYSPQY57-0003,available,1763468613,1763727813
txn_3HcibxsOOEdBn8XXEIYasfpV,charge,charge,ch_3HAdsN0JwHNAz1QekxjADyua,100000,1525,98475,eur,Payment for invoice SCUNM3Q8-0001,available,1763480352,1763739552
txn_38TmloWo5TlbFP13YHs7EebI,charge,charge,ch_3jTAiOxYQrmrfUKFhHCGQQAd,200000,6525,193475,eur,Payment for invoice F1H3PKNE-0001,available,1763497438,1763756638
txn_31VpV4TwrZxmA4X1GiRj6YOu,charge,charge,ch_3i4SIuCAOL5ubl1ZOcTUyTdt,59900,1972,57928,eur,Payment for invoice V1NCJPTC-0001,available,1763585543,1763844743
txn_3nFcvTvqsGkkKZibOYxnitKr,charge,charge,ch_30GhB4DAhGxJr4RjhqSYprEg,500000,7525,492475,eur,Payment for invoice ACUSQM6K-0001,available,1763632000,1763891200
txn_3NHFG6Ha8GgFooPKpili1K4Y,charge,charge,ch_328T4EXePbCHGHHX0g4kGsmU,100000,3275,96725,eur,Payment for invoice XHBTUW8W-0001,available,1763636568,1763895768
txn_3IJ3M3zux43n2HxJKRRNotU5,charge,charge,ch_3KjSe7dE91qlSA9OTJK5RoM1,100000,3275,96725,eur,Payment for invoice G0JB8JOB-0001,available,1763657294,1763916494
txn_3LjQt7CtBY7a1HH7YGrssy0o,charge,charge,ch_3xNlvBD6rQE8edlPWFRcuCrV,100000,3275,96725,eur,Payment for invoice A4LQFXC3-0002,available,1763700275,1763959475
txn_33otxLxL1pGhPkW15htFSk2h,charge,charge,ch_3syG9KO21Vp6Mk5wXgyEder5,500000,7525,492475,eur,Payment for invoice 6FX435YG-0001,available,1763702667,1763961867
txn_3n6yKIBzxjYmBHwXPXJFZlYe,charge,charge,ch_3tJVaBMWAd66xqL2P6x28uwc,300000,7525,292475,eur,Payment for invoice J4UUO1HL-0003,available,1763712047,1763971247
txn_3KHd3lCRN2ugnvjfoCycBGqL,charge,charge,ch_38fwf38n3iIZ0C0gYRf2aBes,119800,3020,116780,eur,Payment for invoice VK6SFG9L-0004,available,1763729517,1763988717
txn_3zEdRkRDDTI3etz7X9EeQuu0,charge,charge,ch_3RUQRz3TmCcJkmSWkgmrCGgo,59900,1972,57928,eur,Payment for invoice UOLELSHQ-0001,available,1763733352,1763992552
txn_3kdA5ORU7GOcXeew5kkLUsdI,charge,charge,ch_3NzoMrvgef5DN9VaMbbLSlqx,59900,923,58977,eur,Payment for invoice 1W4UOVSW-0001,available,1763748149,1764007349
txn_3cpHrYULQKcElIWWEFcx8XsJ,charge,charge,ch_3VeXproP6JaHwGmyOq2NgExU,100000,1525,98475,eur,Payment for invoice RUUB5FRJ-0001,available,1763756243,1764015443
txn_3YxhwF5z7QRadCVm60I0Rh3g,charge,charge,ch_3UAa4oVgpLZ1VOFB12yrJhj1,300000,7525,292475,eur,Payment for invoice YGG95D2A-0003,available,1763871744,1764130944
txn_3yO9CNxmkbIKx7KyXu1AlyA2,charge,charge,ch_3vs7NkNwKbS2yTdLAhhGGnVH,100000,3275,96725,eur,Payment for invoice GT21BKRZ-0001,available,1764068099,1764327299
txn_3yrbU0N0EfQjBBmMXc5hQmkH,charge,charge,ch_3PHTegS0rjWKKfSrBXpWRZPM,200000,5025,194975,eur,Payment for invoice RKBIX07D-0002,available,1764076839,1764336039
txn_3B5vl9yEiqEAfOlzVFbKjyDf,charge,charge,ch_3tXO6M1tabHVHlbePjZV1Ri2,59900,923,58977,eur,Payment for invoice CA6AQI3M-0001,available,1764083649,1764342849
txn_3eD3JYiEPys8Tc3f71FFswye,charge,charge,ch_39ncNkgeL6zCx3HhHPFuNKTL,100000,1525,98475,eur,Payment for invoice M3BFKXC5-0002,available,1764085848,1764345048
txn_3oLePxzBAGlcmdCXb5gJ61Ce,charge,charge,ch_3TnU5QMhpwa7djL7oLADUlST,59900,923,58977,eur,Payment for invoice G5V6CBF7-0001,available,1764092909,1764352109
txn_3GXnlIemttq7HnLUQ1BY5k3c,charge,charge,ch_3sEiGbhDg6797S4EGGcJnhzT,59900,1972,57928,eur,Payment for invoice 3ZC9JTS4-0001,available,1764112548,1764371748
txn_3nfV2W4RMcT96zc1DmIOlKj7,charge,charge,ch_33Ekw72a8Zxaoyj7PDRlqRAa,100000,3275,96725,eur,Payment for invoice VUN2OPJI-0001,available,1764142317,1764401517
txn_3OoEHTgfAYAPiHxcsX1AnbiZ,charge,charge,ch_30Q1XHJ8yiYN7rGoPqJVa3WB,59900,923,58977,eur,Payment for invoice JJKDNAD7-0001,available,1764148236,1764407436
txn_3KECkNL75wBNdiHv52PmZUcH,charge,charge,ch_318YDbESYWqBUFjsIJLIEnHs,100000,3275,96725,eur,Payment for invoice T0P17XL7-0001,available,1764165251,1764424451
txn_36pD1ODITGDPyoJY2Gp4tvOb,charge,charge,ch_32zQF1GDbtry5F0srHmISdie,59900,923,58977,eur,Payment for invoice 0OIDPRBH-0001,available,1764168164,1764427364
txn_3A0gT01DeEdSN9sYW2GpBTvu,charge,charge,ch_3dIUFygdLXohClaESxVOGuWP,100000,2525,97475,eur,Payment for invoice FRA9SJT4-0001,available,1764172967,1764432167
txn_3M9DD5kDsrqUkCxr8PJCZ1BJ,charge,charge,ch_3SBf1tkjRUT9z3YMR3tAoqp2,300000,9775,290225,eur,Payment for invoice 0GODUL0X-0003,available,1764254293,1764513493
txn_3dmph9LxHlNl0kkTSeQIWPzR,charge,charge,ch_3tEoYO5vjZLByIXEbybnRFOm,119800,1822,117978,eur,Payment for invoice QPDAL99M-0001,available,1764441365,1764700565
txn_3dw1RRkEMEQZ92FcuDAoDQqK,charge,charge,ch_33oHv4krhdkseLvJ10VEnqfk,200000,5025,194975,eur,Payment for invoice AQTI8DGK-0005,available,1764596563,1764855763
txn_3mq2wSOCny2zq9u46sTS0LPE,charge,charge,ch_3keZz5kdxMqfpyLxspMVUf7H,59900,923,58977,eur,Payment for invoice E49PPR7S-0001,available,1764606251,1764865451
txn_3WJv5KtpM3JM9eIBjLz6CJqO,charge,charge,ch_3suVdo6hIrDO8Rp52yAb0u4c,100000,1525,98475,eur,Payment for invoice C5H8JYZA-0002,available,1764668192,1764927392
txn_3fmL5gp8m75R3Ft5YPmiNS2f,charge,charge,ch_3mNvstVPspqoEnE0aQTrN3oI,300000,4525,295475,eur,Payment for invoice TADGAIVA-0001,available,1764674534,1764933734
txn_38yA4hqu1su5euUREsOtAjlm,charge,charge,ch_36hgH5j1w0BBkjO1ndpVy5lc,100000,3275,96725,eur,Payment for invoice EZY1Z8WT-0002,available,1764713813,1764973013
txn_3Jyd6STzOdpOidFwmMAfrZmD,charge,charge,ch_3yxXE6rqtTYgXG5VZ6aBpsp0,100000,3275,96725,eur,Payment for invoice SUH6QA2R-0003,available,1764837400,1765096600
txn_3yhKYCtbiNc0TRpQzvSxKHxE,charge,charge,ch_3EXOYZfshewk7TIxmCx3emT4,100000,1525,98475,eur,Payment for invoice 6MPT7O3Y-0001,available,1764854374,1765113574
txn_3R1HIF52Bus3jdp5CG7ttblv,charge,charge,ch_3uhAzgMeFHWr6cRyxpASfwxJ,100000,2525,97475,eur,Payment for invoice XA42VDX3-0004,available,1764904457,1765163657
txn_3u9XPs30Bzh9N6S29wHrM4zf,charge,charge,ch_33wyXWbJnfGsFD3X5PFmGqHf,100000,3275,96725,eur,Payment for invoice 4NP9ZR1W-0003,available,1764952313,1765211513
txn_3HQgs9M03eVnPkZCwLNFBtPg,charge,charge,ch_3borzcKUjwK46PIJm9gpMWbN,59900,1972,57928,eur,Payment for invoice 0H0PUJCF-0001,available,1764957230,1765216430
txn_3J7ddvMUehAGm1BdUV5RfhaA,charge,charge,ch_3EcsP4w0yoSlRfCurT9uQJ5i,100000,1525,98475,eur,Payment for invoice 0R5Q4JX5-0002,available,1765021893,1765281093
txn_3BNfvqnkYse8TunENiZKPSsz,charge,charge,ch_3cXUeMSOpQNzkGiGHsynurTn,100000,1525,98475,eur,Payment for invoice 5TVUQJP5-0002,available,1765028038,1765287238
txn_3LFqbGNIIjQZqVjnT7uth5oI,charge,charge,ch_3O95LwkjjDLSwgwLBYKPvb14,59900,1972,57928,eur,Payment for invoice U7N6E9AE-0003,available,1765040746,1765299946
txn_3mez2vn1oyQlcoHlWAjGWSy8,charge,charge,ch_3ogPnxpke41ZhXSkAjvCz3tg,59900,514,59386,eur,Payment for invoice 3U0BPLCJ-0004,available,1765106804,1765538804
txn_3dQ84OTmC8EZZvxgcOOZJmyv,charge,charge,ch_3S1qQ1dVqMtLKDFURHfIhrSn,100000,2525,97475,eur,Payment for invoice U3R7XMYH-0003,available,1765127338,1765386538
txn_3ts8J9KcJ6fBKMTO91R3hcUC,charge,charge,ch_3IM9NHPbLj2cuzn7R0j7ylSB,100000,2525,97475,eur,Payment for invoice FMHI7SHK-0001,available,1765200409,1765459609
txn_3lkA0HyymuQy2exl2vODcgnI,charge,charge,ch_3AUjMvkt7cruKH1LmJ13PrVP,59900,1972,57928,eur,Payment for invoice 6I01LGIQ-0001,available,1765212166,1765471366
txn_3p0H6FYgmHmyb2zUPYM5fjeV,charge,charge,ch_3vsB71dAtYnaNMxFZ6LtR8xs,59900,923,58977,eur,Payment for invoice QQ2O2PSJ-0001,available,1765223153,1765482353
txn_3XpE6ZLDFCm6EHr4MZi9mYQ1,charge,charge,ch_3H6byKv8IeM6gAEePVGmy9MJ,100000,3275,96725,eur,Payment for invoice 13MY3ZHD-0004,available,1765277742,1765536942
txn_3jWvc7YaS5V0b97ZgwfvJWtP,charge,charge,ch_3DyVhTHfgv2nQNv243rRCwAA,59900,1972,57928,eur,Payment for invoice I4L4O1GY-0001,available,1765291574,1765550774
txn_3pnjv7ukwy2hcodQr5fwo7qG,charge,charge,ch_3IXTL4lzqamdQRx2kcNOEVl1,59900,923,58977,eur,Payment for invoice 5BAOAJEQ-0001,available,1765303005,1765562205
txn_3PdnEyuDvtbqVJKGfdyjFIqU,charge,charge,ch_3Y2m0UVd8F3UHtBQ1CQauENW,100000,1525,98475,eur,Payment for invoice OXYCFS0W-0001,available,1765446949,1765706149
txn_3mnHpgOzKSXPXozDl4edRZGg,charge,charge,ch_31WQd0A8CrRBuKagobM3VXyA,100000,3275,96725,eur,Payment for invoice 9V2Q936V-0001,available,1765449438,1765708638
txn_3VrLfrAF0scLQH7XsrhUbaNq,charge,charge,ch_3kBvhnFZw0XAnAvMfp3jR1Dr,119800,3919,115881,eur,Payment for invoice LLIKMHD2-0002,available,1765466648,1765725848
txn_3X1UuIt47fdpqjIRrN9Ed15p,charge,charge,ch_3nvQXVpfM4kl6ePLHUa9Vp9l,59900,1972,57928,eur,Payment for invoice Z7GF1FV5-0003,available,1765524683,1765783883
txn_3qpKd1IjLjPBPnM5fglOnduo,charge,charge,ch_37oPCOBR92T6ywXSa7IwEPTL,59900,923,58977,eur,Payment for invoice Q4DV5BUM-0001,available,1765555341,1765814541
txn_3QYnWbFGiaDk6nyEurXvhwfo,charge,charge,ch_3ye6jKUnJSN3tocfjxSxNegf,200000,6525,193475,eur,Payment for invoice HOD603UV-0002,available,1765621741,1765880941
txn_3Y5JMItk7dH8aottZQkdxW3N,charge,charge,ch_3rhV72myhchhmzDjkifPNxDh,200000,6525,193475,eur,Payment for invoice 0F3VFKWY-0002,available,1765715162,1765974362
txn_3lq3WsmG1D5fJLsqqCWnt9ZJ,charge,charge,ch_3vijlNHeEquQQVcSrEbk4vBU,300000,635,299365,eur,Payment for invoice 0XSF7SYF-0005,available,1765814359,1766246359
txn_3gSJheqERh8miVYAgyBu5owF,charge,charge,ch_3c0ipx1mE8wQxPK3cr09y0PO,100000,2525,97475,eur,Payment for invoice SH8RF8N1-0003,available,1765816611,1766075811
txn_362MJneUoVwxvpseWcH88Yxm,charge,charge,ch_3jVJeanW5XO5Dt6TKvoPnPRI,100000,1525,98475,eur,Payment for invoice MRNP3Q3W-0002,available,1765900053,1766159253
txn_3AxU7xxQvEmxbQvJEZMs6pos,charge,charge,ch_3mfySk2ZdXZMvXKkllGOIq9f,100000,3275,96725,eur,Payment for invoice EQI0X4E3-0001,available,1765903625,1766162825
txn_3cmCqSu42EWpe2rO3hjt1VYe,charge,charge,ch_3oftSpF3V47B6KLXMFqRzd1V,59900,923,58977,eur,Payment for invoice E1JHNDBN-0001,available,1766048656,1766307856
txn_31WdphwQdsyxeGZLnf5eS6ge,charge,charge,ch_3B1I1MC8p9Qd7LzxjeJtVsBI,500000,16275,483725,eur,Payment for invoice KJDO9COR-0001,available,1766052043,1766311243
txn_3yZ7Gulpxr6laicEQshwAWgC,charge,charge,ch_3Iuxp74R2m6jLZIyN8ysQAuB,100000,3275,96725,eur,Payment for invoice LYI4OAAQ-0001,available,1766064492,1766323692
txn_3NSkrE6Zj6HCfbpry26sNcpQ,charge,charge,ch_3XCRM9WbeyGbi8wOTYUBMv6o,59900,1972,57928,eur,Payment for invoice JC86TF7Y-0001,available,1766072854,1766332054
txn_3H4qFHwSKFHAn7wTDTFGkGnc,charge,charge,ch_3mUBRm5itm0FGLmb2i5y25hL,100000,1525,98475,eur,Payment for invoice 6XAUJFVM-0001,available,1766125549,1766384749
txn_3HgJQeMIWgoq3SjLafrHoa34,charge,charge,ch_3HWKolGDdOypzFQdzSTJJSgV,200000,3025,196975,eur,Payment for invoice BMTQ0IFH-0001,available,1766153550,1766412750
txn_3K37TUrl7RekPvWrYhYW0rnd,charge,charge,ch_3NK7kkXsemUmQ0NYj4etsZOl,59900,923,58977,eur,Payment for invoice MLYJRIGJ-0001,available,1766181798,1766440998
txn_3vTj8TT4OoML0bbdkIOaJN7w,charge,charge,ch_3AEhLGgBvj1YvWiViahkHd8B,200000,3025,196975,eur,Payment for invoice HI972L3R-0002,available,1766242090,1766501290
txn_39r6eUNWmsXB9WOWlIpBeUMX,charge,charge,ch_3AkoxeemtklagdWGttw9IzZE,59900,514,59386,eur,Payment for invoice PXSW04A8-0002,available,1766334275,1766766275
txn_337uHumKkzKvPOAhwZ7BldcS,charge,charge,ch_3ubGNyLeCi0087zLCGcFnO20,200000,3025,196975,eur,Payment for invoice HWNWR812-0001,available,1766405875,1766665075
txn_3w25GMnTRJ8sKEIgiJa4ml8y,charge,charge,ch_3L1oLcYbHfkxVqE5zHCwKTvC,200000,6525,193475,eur,Payment for invoice 8PCP5RIV-0001,available,1766421813,1766681013
txn_3gSfNy268vrZVOyXwd0COgzW,charge,charge,ch_3Ggy3XNJsyAx9O4eOsRsLw4s,59900,923,58977,eur,Payment for invoice ZQCG6VQ8-0003,available,1766497498,1766756698
txn_38Ht2D6lmvjvqP1unJKedXko,charge,charge,ch_308GKCPWXmOQQGZwE2LA86CM,119800,1822,117978,eur,Payment for invoice 9Q1WU8BV-0001,available,1766520045,1766779245
txn_37pxOIVsrx4aMkM9Wsq99zwQ,charge,charge,ch_3X7Xbz4EQNeF8wUFwuozPcFv,500000,7525,492475,eur,Payment for invoice KLBQ0KDY-0003,available,1766656985,1766916185
txn_3per1EPg0gOmmQj3Ws3A76FL,charge,charge,ch_3siIHddXldTOfkfUXJPNn41u,59900,1972,57928,eur,Payment for invoice L1UM4W49-0001,available,1766734598,1766993798
txn_3eY1ZZm426BMkDYrNkqoXMub,charge,charge,ch_3xWnlhgCgxL1h508UZ95wDIP,300000,9775,290225,eur,Payment for invoice UQ7654J3-0002,available,1766738627,1766997827
txn_30RvM17Vr3QPmfadipMVnuo5,charge,charge,ch_3DgUZKwLevsVCPTI2J44g3HF,59900,923,58977,eur,Payment for invoice FHYNE5EU-0006,available,1766748456,1767007656
txn_3ffY62EV1liAYq3rysz2ebHD,charge,charge,ch_3eYRO9JgsB8zEbR78qWg1L3H,200000,6525,193475,eur,Payment for invoice XL7TNSRW-0002,available,1766851073,1767110273
txn_3E4Vw0yCPvVZMsyP9UjKUYQn,charge,charge,ch_3Amhk8JrH1hbbBwVHhp4Bzee,59900,1523,58377,eur,Payment for invoice 731JK1K0-0001,available,1766913329,1767172529
txn_3PR1bAwBK7XzFnBeM3WGqUFU,charge,charge,ch_3ZaFdXKppaBdYv2JM6sO9WVt,100000,3275,96725,eur,Payment for invoice JV891IH5-0001,available,1766934768,1767193968
txn_3fgE2xBYLaYJGRZo4OXYPm31,charge,charge,ch_3XjWWm6MKpAfkBbtRY9r0K46,100000,2525,97475,eur,Payment for invoice KJVFLIT6-0001,available,1766945104,1767204304
txn_32fDjyJkQeRmDlFmgPXY6Qso,charge,charge,ch_3chaTgJODblSPtuPrB1j5Uo7,100000,1525,98475,eur,Payment for invoice AX3BILQ8-0004,pending,1767004419,1767263619
txn_3qK3EAAzm1fozCgEWBtk2Yk8,charge,charge,ch_3fwwGeLr6zar3sGF4fFB5ttN,100000,2525,97475,eur,Payment for invoice R3XE52HY-0001,pending,1767017306,1767276506
txn_3Fe6Cp9CvYFQZpgw7OuN27sP,charge,charge,ch_3D0PyDCb4WUUtIJnBEaPhuiz,119800,3919,115881,eur,Payment for invoice T6LCZF2M-0003,pending,1767086804,1767346004
txn_3JMZiHU8pA7l8n3r63ROiHNw,charge,charge,ch_3eO5H63HcO0BczzIAnrckpRV,59900,923,58977,eur,Payment for invoice DV12QH87-0002,pending,1767114847,1767374047
txn_3kH5lyjGPqAoZ9Tg97D0Mo2W,charge,charge,ch_3pFpbf5AOuKp2sSMbfoMalpe,59900,1523,58377,eur,Payment for invoice 067J36DV-0001,pending,1767115784,1767374984
txn_3CZ0b0IgDDGQ7VhJtALSj1Yb,charge,charge,ch_3bk7las1c2rxrWq3Ia3Es8C7,59900,923,58977,eur,Payment for invoice BI7TFH5A-0001,pending,1767191314,1767450514
txn_3ssmjvrDkKcweGnDph7tYCWI,charge,charge,ch_3EPciKiHRpAKoJ4YkjWNzE98,100000,1525,98475,eur,Payment for invoice HM1961AF-0001,pending,1767199752,1767458952
txn_3sYZB11GlDiahs6qckB950cF,charge,charge,ch_3kqt4JRZ7enfe1clghTRGcO6,100000,3275,96725,eur,Payment for invoice KXRYEAEN-0003,pending,1767202593,1767461793
