id,number,customer_id,subscription_id,status,billing_reason,collection_method,currency,subtotal,tax,total,amount_due,amount_paid,amount_remaining,attempt_count,created,due_date,paid_at,period_start,period_end,payment_intent_id,charge_id
in_1m2P8FqG7QWWQ23lmIbCCB6C,KIM69TMV-0001,cus_S942mr3zeznIdV,sub_1iZBdqBRMabFxHowsoIr15JV,paid,subscription_create,charge_automatically,eur,200000,0,200000,200000,200000,0,1,1644914954,,1644914954,1644914954,1676450954,pi_3BE8UkG7NuYZ41YKWs0cjCzj,ch_3MMR7ZQU3vwyz2iAxBLkIC2o
in_1DLlzhxz0K29rXmp6na3YjaF,0L8I4T2H-0001,cus_TB1FSgnmihz5SR,sub_1FTP2oMzrufeQYUHmvxt9h2S,paid,subscription_create,charge_automatically,eur,59900,0,59900,59900,59900,0,1,1647955332,,1647955332,1647955332,1663852932,pi_3YyER5ATb2vff8F9KXmvjGat,ch_3DyWgcHtFBwKJtBEt9DMDRZL
in_1u9n3kAJ2qTHYgx4DnYpaWix,X4S6PAUB-0001,cus_Fui2j6xAMcbmao,sub_1yszIlxLhNpX2ZsN0pL0Arod,paid,subscription_create,charge_automatically,eur,100000,0,100000,100000,100000,0,1,1648021536,,1648021536,1648021536,1679557536,pi_3vOSSe2E9z8RGHHjNzP78QQ9,ch_3ryD9UhhmGgBr59pXM8uujFJ
in_1CozTVqHXT5Vu0jNqk3gCNXL,DIZ23WU3-0001,cus_eapIYXxUtu8KRN,sub_1zP1xoSNjgR5gi9t96x8f4Cf,paid,subscription_create,charge_automatically,eur,59900,0,59900,59900,59900,0,1,1649309235,,1649309235,1649309235,1665120435,pi_37ID8IFZbJawyOlm7EuZKUmD,ch_3W5PkUBblQkeyqaezX73pgTm
in_16YjJGbT5rr0QcK3NJxDc8Im,3YQ0R2G2-0001,cus_1jPH5Nhd6Su7f9,sub_1P0K5t5hmkfaM7UnNaX6s5KN,paid,subscription_create,charge_automatically,eur,59900,0,59900,59900,59900,0,1,1649347638,,1649347638,1649347638,1665158838,pi_3JpVJbne1nUjfpGfvzWAzyAN,ch_3TH3mDk3gC0YFyKfZghYnzt9
in_1vWoNKqVBoabfSWMpYGojiwS,JGQW18DW-0001,cus_3QZ4repSfsDzaq,sub_1DZomHQ7cbUWCqopH1LtLMqA,paid,subscription_create,charge_automatically,eur,100000,0,100000,100000,100000,0,1,1649359447,,1649359447,1649359447,1680895447,pi_3zBYYKcRWULT3BB0MJMaAbS4,ch_37C5j0Kproh0V5I86JyZpakW
in_1GaTrWRuwRbrDfghwVV7nNLf,93GJJCWW-0001,cus_Z52LHUjs4JczZo,sub_1JdQ4djRA8pvcImRfMWfgm6G,paid,subscription_create,charge_automatically,eur,100000,0,100000,100000,100000,0,1,1650459200,,1650459200,1650459200,1681995200,pi_3DUkVyQnP5JoAlzZWGaoPSKt,ch_3ZIY73akm4nHRL2RPMAXqNnF
in_14HsSVzltR7reAHlMacQsTD0,4QOQZSAT-0001,cus_cdpNggRSVlxtV9,sub_1gtQOghBykj5FBEALLR4QToY,paid,subscription_create,charge_automatically,eur,59900,0,59900,59900,59900,0,1,1650906323,,1650906323,1650906323,1666717523,pi_3JJqwW0HI9fEGc49Y8118XgQ,ch_3sZYzQF2EvFWCqzRbF6agw06
in_17BUwxMhqxWlJUIWAHw1LPxu,DZEAD7WB-0001,cus_Ke4pILGUX322iV,sub_1WN0orZkKU9OIg55gUtikrcG,paid,subscription_create,charge_automatically,eur,200000,0,200000,200000,200000,0,1,1653753394,,1653753394,1653753394,1685289394,pi_3XkqGyN0mHcZSPgSDXPyetDg,ch_3if59oAu39b1jUrdGkUvOPCY
in_1wjyXMhbDkzEMkdQnkx3MMWW,XF48UHQT-0001,cus_06g1byOJQOBxGN,sub_1NJSxcTm6ayZukwY1TkdLwRv,paid,subscription_create,charge_automatically,eur,100000,0,100000,100000,100000,0,1,1653898854,,1653898854,1653898854,1685434854,pi_3Fl61y3C0Gb0fJzkn17k8Zyx,ch_3biKKddiaq8eLqBFbBSPHcZU
in_1UAS7MYubU1TZKER4lbwLtDb,AQTI8DGK-0001,cus_u7WE0s6vJL5l1h,sub_1y9OUntD5zQLm10hKHwgWMB7,paid,subscription_create,charge_automatically,eur,59900,0,59900,59900,59900,0,1,1654090963,,1654090963,1654090963,1669902163,pi_3wQ6yGzfFkxdYNnMskNBC5io,ch_39uap55kRthnFeg6QYRPFzAH
in_1pFijuaiF9o4CdTDYJeKqcsv,BPPQSC3G-0001,cus_eMlFdHq4qjmKOC,sub_1zFU5dX7Pez0SO2aTpFGkzLW,paid,subscription_create,charge_automatically,eur,100000,0,100000,100000,100000,0,1,1655382136,,1655382136,1655382136,1686918136,pi_3MWTimOfVTgKfJycvXig301X,ch_3g5Gjo4AzvQGaToehrcFVkIO
in_1Uyl1xh9vzxYNaXYdXZuggxL,9U5QVLHT-0001,cus_VtkhgaeUwy4DEE,sub_1q4i38ydKzZDhzLSQtbOCVSv,paid,subscription_create,charge_automatically,eur,100000,0,100000,100000,100000,0,1,1656425397,,1656425397,1656425397,1687961397,pi_3ezbZ6Gf4SuaIM5yUmzkfOj7,ch_3nPunPUUCVT4O2Zqws1u3lgv
in_1SkGm9ZC6KPw7tNvUi7yldUR,XP9TV2XZ-0001,cus_3SQZN2B9w0Du9L,sub_1HBy9PcwmysHlLVR6aIjHvOB,paid,subscription_create,charge_automatically,eur,59900,0,59900,59900,59900,0,1,1656576419,,1656576419,1656576419,1672387619,pi_3iH4RfeIrolxUG80crm5NE2g,ch_3FUp1cxxVdZUvCndeSLnLTnm
in_1PY9MQXSEZ8OcsP8ud7FJHSe,WHXKZE7M-0001,cus_gaxqGfFWKuGl14,sub_1Xy0ENEkQW22yVRpXiSmx5b7,paid,subscription_create,charge_automatically,eur,100000,0,100000,100000,100000,0,1,1656673300,,1656673300,1656673300,1688209300,pi_3LCc7ZshtxfBBSJc0ZiQF20x,ch_3fc2zwTXJIyuwUgUJ2ekxBOp
in_1G9p0XL25t1u8KUgda3gV699,DK83F255-0001,cus_S4OWRXlJczEYeO,sub_1mUYo1Pl1f7MDyLSN3bIsaSx,paid,subscription_create,charge_automatically,eur,59900,0,59900,59900,59900,0,1,1656878686,,1656878686,1656878686,1672776286,pi_3n0rBHVZWW7CnYPoy0Kaby1A,ch_3hKV3VvmKTHHujNMsSCw7Ypq
in_1l2AV02GQ9MRJgfyWn4t2pna,U7HLF0HO-0001,cus_6ckb7gGCl3tSfs,sub_1Utzp0BXjKPIgzYcCf4B74Hw,paid,subscription_create,charge_automatically,eur,100000,0,100000,100000,100000,0,1,1656953476,,1656953476,1656953476,1688489476,pi_3R4lUQ1hY2dudilGnyrlhcWB,ch_3f0DlncAI80cgQHEpP5zbxxt
in_1uoK7VY36XpuwtbxZtiFMSLM,CASLFB9W-0001,cus_FPk5Q2rPVK1pov,sub_1u8u8mH63RsdfQCwyzMr0V4q,paid,subscription_create,charge_automatically,eur,59900,0,59900,59900,59900,0,1,1657586117,,1657586117,1657586117,1673483717,pi_3lZf91nJrVegBrhew2arJAqI,ch_3gLFjRvSm7Dl4LXUoQFOMsnj
in_108Ewlnnox8TFNTdfZX47KRW,MPRYY7OQ-0001,cus_LQeFinPCITXTuH,sub_1eb20m3ZDw5trrzuyzuYdNQQ,paid,subscription_create,charge_automatically,eur,119800,0,119800,119800,119800,0,1,1658210964,,1658210964,1658210964,1674108564,pi_3QOu2gfueV475oYOrcM13fyh,ch_3eKTROCdLAgBQtN5xwukjPay
in_1hI3YF6QlLxBRhSOPYLhZkEE,L83O1UFA-0001,cus_25zIA82UBLtYX2,sub_1mQEYSeiYqvMLO9jUh9Kzj5K,paid,subscription_create,charge_automatically,eur,100000,0,100000,100000,100000,0,1,1659438981,,1659438981,1659438981,1690974981,pi_34pQOknBoSJ8kBfpfkJpVCp6,ch_3E1q6QpGKVBjhcZlqxsX4Wdh
in_1GzcrVFCtgY8vbm8xHwlISm7,L0IBADSQ-0001,cus_IyuTLZDjeJp2NR,sub_1Dvs4wbR9HRqh2TtlspypYON,paid,subscription_create,charge_automatically,eur,59900,0,59900,59900,59900,0,1,1659623222,,1659623222,1659623222,1675520822,pi_3VlC7NeUIU6PiUKwtLDQBC0h,ch_3s0lxg4NirlUfZtYDFbu137z
in_1anAdBe9rRPmgCBgNNzFjKCz,5H8TF93A-0001,cus_7zoSgWYEe27ddO,sub_1a4q9TQjYfwDq4ePycB25ohi,paid,subscription_create,charge_automatically,eur,59900,0,59900,59900,59900,0,1,1660920332,,1660920332,1660920332,1676817932,pi_3TAtnSrsV1BBn8Cr5UN1rVu2,ch_3ExA8Qw1osSxBYB8zNcUYD1I
in_180NaawVu7bFLcCOORl1w1v3,NLYFHUU2-0001,cus_K9SEsQkRYn8JzM,sub_14b4hxzbY1qS9n8hwV8tBX3H,paid,subscription_create,charge_automatically,eur,100000,0,100000,100000,100000,0,1,1661146169,,1661146169,1661146169,1692682169,pi_3lPst3ql8PWbiwoj4PP2roP9,ch_3XXs1b0zEu7CqV9HKs2QQHNm
in_1QY3a8deYVi2DYWrgBpsIxM2,T6E0LWIR-0001,cus_61CHCNR7sm9OYw,sub_1SCUE1gVfYZMDUu9vfuEmXCY,paid,subscription_create,charge_automatically,eur,59900,0,59900,59900,59900,0,1,1661416592,,1661416592,1661416592,1677314192,pi_3mwfRnH3kft2XxLUmeh29mbU,ch_3llFBtqaRgh9Gqef0cO4eOR2
in_1dBTql5VLamRL9nrVoJPRgXo,G7WVPE5J-0001,cus_9ONLRcfvT2ecAG,sub_1y5Vkj0SBF7KDryms4DFjSlt,paid,subscription_create,charge_automatically,eur,100000,0,100000,100000,100000,0,1,1661513080,,1661513080,1661513080,1693049080,pi_3haYaUMoKOnjZCjsS0MCWiBU,ch_3EcTY0vb7IfLaP2iidqEt7Hz
in_1oLTB5cSvPjYCrGidMFz72LY,ZWOJF3MG-0001,cus_r8D1wuDtZG0HNr,sub_1SIB23oXARwmx6xBc3sSHuCn,paid,subscription_create,charge_automatically,eur,100000,0,100000,100000,100000,0,1,1662461546,,1662461546,1662461546,1693997546,pi_3xz89LMfr8dsiwT3R4WGcMfL,ch_3pzNSxVXPut86mWrxsDZ3ML5
in_1lYxhvXsvGYgSX0qmXqNDHoo,0GL0QPGT-0001,cus_gILsPTilFhoQTi,sub_1UzLphiGe1dkuA7cXwiaBFsj,paid,subscription_create,charge_automatically,eur,100000,0,100000,100000,100000,0,1,1663076959,,1663076959,1663076959,1694612959,pi_3fI2HeRSVtNarUIu0y1tTrFA,ch_3hLSPJPK1Toh2CQ0APp2SmMC
in_13Y3WD3dWXuco1aC3QfgfB2Q,2M87OZQ5-0001,cus_ugsSzmG0Sm1JOD,sub_182HKTMXxBfnkBcu3RZvXxXy,paid,subscription_create,charge_automatically,eur,119800,0,119800,119800,119800,0,1,1663651661,,1663651661,1663651661,1679290061,pi_35swVFKd7t3TKdIEiIRv22pr,ch_3bnEbspV9bObMCEaTtUDsfHb
in_1So9aoDS8QiThNsIbtuaGwTb,NOQHSK8C-0001,cus_sFrZCDlhI4Iy51,sub_1h4nzijPTaVCGoaO22SeIrOo,paid,subscription_create,charge_automatically,eur,100000,0,100000,100000,100000,0,1,1663764375,,1663764375,1663764375,1695300375,pi_32GM9YScoCpnOPdlIJCAlfit,ch_3t73maPVDHBqb3jGUoTFoDYT
in_1tRacccimcNz4EGm6PMYzmZx,HM087HJ6-0001,cus_pZ90WKP6gJdx1m,sub_1RJjk8klSax3IxCTg030j1Yx,paid,subscription_create,charge_automatically,eur,59900,0,59900,59900,59900,0,1,1663832011,,1663832011,1663832011,1679470411,pi_3a4iS1bFruoAM3fYNay5lhyA,ch_3UfTwcrUBoehlcEpZBw49GDk
in_1y903rYfNKyAWCf3i3HEg14y,F1U64IGI-0001,cus_NuA85C5LckEvZz,sub_16z5yqDA3TIkioldaSDLyKOW,paid,subscription_create,charge_automatically,eur,100000,0,100000,100000,100000,0,1,1663953117,,1663953117,1663953117,1695489117,pi_3wbN8dwW5DRAVIMqpDldgQY0,ch_3yi6ZHNN01a9bgTNsm2tygyo
in_1GXIViU0VjcPQQEOBaNwhCmu,Z5DD8SLC-0001,cus_2rivd3whzk5Vpj,sub_18RtCOJ594JHaQeTKizQAMeA,paid,subscription_create,charge_automatically,eur,100000,0,100000,100000,100000,0,1,1664097783,,1664097783,1664097783,1695633783,pi_3z9DbiGDpFwZlDfEd1srQYgi,ch_3SysQcuq8g3HSAGn4WVZ7Zdf
in_1BU9IOxu5oc6CI6EGlXqgHGp,3YQ0R2G2-0002,cus_1jPH5Nhd6Su7f9,sub_1P0K5t5hmkfaM7UnNaX6s5KN,paid,subscription_cycle,charge_automatically,eur,59900,0,59900,59900,59900,0,1,1665158838,,1665158838,1665158838,1680883638,pi_33gw1Ux4UhBqjl75btKPPCxh,ch_30H6WVaL0EB3M64FyPWzWF1c
in_1pyDY7PEXLpEK85KzGP9G1dN,PCQYI7D4-0001,cus_gB2nKFLyaJFHae,sub_1VnvNbtVPXa7XCdaPpsAEe7z,paid,subscription_create,charge_automatically,eur,59900,0,59900,59900,59900,0,1,1665662362,,1665662362,1665662362,1681387162,pi_3rBZnehP20yJ0a2zTv1BMYaG,ch_3MKyzeFsDJgPACmI3V1pNSqH
in_1BkuNSa9hdMADzD5HN8gVxuz,P0NX83AN-0001,cus_uXSyPDyKb2yIMt,sub_1RX8mnzWP1kjviAqIN200Jme,paid,subscription_create,charge_automatically,eur,100000,0,100000,100000,100000,0,1,1666088963,,1666088963,1666088963,1697624963,pi_3vZGqqKSxD48wtyNhtuTYfyP,ch_3tdaFzcOawthYTKf2y5OBivC
in_1k8O05geZh07eEZVx2epzkaR,VYXKUEHL-0001,cus_ujmYIEWvPmK1Wl,sub_1WgFdCupYGWuzroFQ3PTD8U0,paid,subscription_create,charge_automatically,eur,100000,0,100000,100000,100000,0,1,1666118826,,1666118826,1666118826,1697654826,pi_3uZAE3THnq8okfV2OTb8tfvd,ch_3C6mDYITLNUEkgvQDOhOViaQ
in_13TYqnpQMmqRbX9ZSh919FNB,7OBJ82KF-0001,cus_IcbMdStBk4UWmZ,sub_1AjdjLSIY9UA2xA2NJ2j5M6W,paid,subscription_create,charge_automatically,eur,59900,0,59900,59900,59900,0,1,1666184999,,1666184999,1666184999,1681909799,pi_3sGN6yVFBJXdctJXuPEySTQX,ch_3Idpu66LX9MRRJ0tnckVCngs
in_1QT6mZN9mRITyci1SiUStHLJ,Z5RRBRLU-0001,cus_vwozlvuUWe7ME1,sub_1Mr78jpadnTxQHUGexsw9lT0,paid,subscription_create,charge_automatically,eur,59900,0,59900,59900,59900,0,1,1666193460,,1666193460,1666193460,1681918260,pi_3UJJSF1XOmstGPaNZejWsSDE,ch_3u3Azi3hOdv60U042hyb7CUi
in_1HewLSGKD8xmiQiLYqrmGNvP,A556517V-0001,cus_cISqDoWiXf1TsW,sub_18CBBw9HM60SvcDwxmnsm9pF,paid,subscription_create,charge_automatically,eur,200000,0,200000,200000,200000,0,1,1666705669,,1666705669,1666705669,1698241669,pi_3lTjGa1PDrUPtgfHmEAVfpRc,ch_3ObqAhEXYrX7nrNMs3UMoq6o
in_1ZOA2oxVRHPu2yXOBKEqvIc1,3I7MLMZY-0001,cus_cp7KWvJyHFgxGV,sub_1d2Irmo1pOOY3gyUsBMFBFsJ,paid,subscription_create,charge_automatically,eur,100000,0,100000,100000,100000,0,1,1666820159,,1666820159,1666820159,1698356159,pi_3K7EickXQ7PVRvjtmR2T3BPj,ch_3yAyuJBO3LTd2znWFMJeKXGj
in_1zBBp2BBWQRBHFCGmJus7Gb8,NHULT017-0001,cus_A5NUM1mc4KzYv5,sub_1XGxhrTJUvZeuZi67uks87TT,paid,subscription_create,charge_automatically,eur,100000,0,100000,100000,100000,0,1,1666863574,,1666863574,1666863574,1698399574,pi_3EhPMuZMHq1KbD9W1SkGuHvL,ch_3RYxv3IxoSafmegVL2UroxhY
in_1VPNWMxQrV402728O7iAy4Yz,V3M25V76-0001,cus_kpycfXbvjmtbtM,sub_19Xphq0kPgVuguhV0E9tH2MQ,paid,subscription_create,charge_automatically,eur,59900,0,59900,59900,59900,0,1,1667246663,,1667246663,1667246663,1682885063,pi_3QYtvgm68VHJfN1x0NXnZ4sz,ch_31PmEraFfmK8c0gb1dCiXwC4
in_1okzj7YrBf8aXaumGy487yuJ,JKG19HIT-0001,cus_mRjlTXsQMR0k6c,sub_19J6RALzKgNvyqk0YjkA4Cw8,paid,subscription_create,charge_automatically,eur,300000,0,300000,300000,300000,0,1,1668403563,,1668403563,1668403563,1699939563,pi_3pGBJkbKDRyxDf7Z7hfHoTwg,ch_3dziUBS2zqwSOYafQXEFwRAS
in_1vlZDyVVcsqYGnQP7wNTx6J4,SRFGSXNG-0001,cus_eG0LbYLQNwFFVA,sub_1hSQJEvjruoEa1xFIbYK1wJ4,paid,subscription_create,charge_automatically,eur,200000,0,200000,200000,200000,0,1,1668607580,,1668607580,1668607580,1700143580,pi_3KU8RAbV6F8lpvqA757LZ3S7,ch_3M6xoT2uEQiqQ9nQRS2wXY0E
in_1E0Kw0EQMHb1V4uhouu8Djd6,6JG8TBMR-0001,cus_krYqVmzIdjjLZY,sub_18Iv0d9WqDMwWHOEy9BqVUuN,paid,subscription_create,charge_automatically,eur,100000,0,100000,100000,100000,0,1,1668687589,,1668687589,1668687589,1700223589,pi_38cH5YXN0Ha7gAbNuJDf6zFb,ch_3cxVN6OHxh8NOVZyS9gC8gzf
in_19957U7PVYYfQ7FatptgzIGQ,U587FT79-0001,cus_WqYl8xDFPIRaNp,sub_1vQkz7cKIOog7pi2KYJLoahh,paid,subscription_create,charge_automatically,eur,100000,0,100000,100000,100000,0,1,1668688410,,1668688410,1668688410,1700224410,pi_30MepRXZSkkTMs4wEUpo4Wgm,ch_3hCitW6gTnT45yQEWpo2mgM3
in_1Y43x3MlDTke7ndJbQAnH9LZ,28C5E84Z-0001,cus_0fk4mhSWNGUw9Y,sub_1oLyFEvFNe705s4qPFuW7pbs,paid,subscription_create,charge_automatically,eur,179700,0,179700,179700,179700,0,1,1669382829,,1669382829,1669382829,1685021229,pi_3EiEn7VDCvZzMvTPNy1VvMCK,ch_3O62u54B5J4w0F1grNxfmmom
in_1NEVziFpKFhW1dvN3BDPuyYh,AQTI8DGK-0002,cus_u7WE0s6vJL5l1h,sub_1y9OUntD5zQLm10hKHwgWMB7,paid,subscription_cycle,charge_automatically,eur,100000,0,100000,100000,100000,0,1,1669902163,,1669902163,1669902163,1701438163,pi_31dVkRwfNLO49KJb8DO3gwfd,ch_34xR8gNPyQIEor91JY4E0iOW
in_15RbILB93xANJc81S0p04yXx,XA42VDX3-0001,cus_E7Xaw8fZQUJd4y,sub_1KfqvPHfebs7oV9usyV4mAgN,paid,subscription_create,charge_automatically,eur,100000,0,100000,100000,100000,0,1,1670210057,,1670210057,1670210057,1701746057,pi_3B9uarrnBvNRisDn95qDgH3U,ch_3sP1XEHyqqJUDYlojkjCpzJ3
in_1wxvTZcwCCxtYe9Lo74TL0uF,13MY3ZHD-0001,cus_fFlxnVM92ArQGN,sub_1f9uU4hTsJBdpFmMQMiEmaxJ,paid,subscription_create,charge_automatically,eur,100000,0,100000,100000,100000,0,1,1670583342,,1670583342,1670583342,1702119342,pi_31rZdpiNRJhosVJwHczYSVGv,ch_3qFX4Cxtq15OwWVdaO7fG8Gh
in_1RQHIHFYS1TmlnSJVsWigAFW,NTZQI2T9-0001,cus_2FWRwI4aluAblo,sub_1Gcp4aPjvhGGFM9OATwPsdLF,paid,subscription_create,charge_automatically,eur,100000,0,100000,100000,100000,0,1,1671457649,,1671457649,1671457649,1702993649,pi_3wzXytbtVkK5EGtsagJQwXA4,ch_36h5Xojj0VNUALL5Cv4Zae77
in_1GpjQFcDUwbHjfb3Z8z4cRbw,CEW5HS0R-0001,cus_FDJenYqHKqqvBq,sub_1eStduqPycIE54zZN63goO64,paid,subscription_create,charge_automatically,eur,100000,0,100000,100000,100000,0,1,1671516569,,1671516569,1671516569,1703052569,pi_3VSlYekzBkk4MBtZoUUAXjLR,ch_35TdK39wZxHVGVyyc3CtHnMl
in_1MxPCaxjPyfEj2pmSkk214iL,92V1RXA3-0001,cus_zZNuFPmdMpTQgw,sub_1WjEXo0MIWnirJb0qyVmNGIl,paid,subscription_create,charge_automatically,eur,100000,0,100000,100000,100000,0,1,1671562450,,1671562450,1671562450,1703098450,pi_3PM70Y1InYdqz5zEjWGXDviK,ch_3DdrwU5tewnpwDLf119l7x49
in_1rWOMcYKlSSqJI8JZyN3GjMT,D5ADI74N-0001,cus_ksCwDUH4wxpmGc,sub_1sy5WlZvxaG95jrvAMA6P6I1,paid,subscription_create,charge_automatically,eur,59900,0,59900,59900,59900,0,1,1672041044,,1672041044,1672041044,1687765844,pi_3EtE0DL4JCHSJU1DiDNkHx8s,ch_3RSi8f9LhyiVdw4r2V7aI3EY
in_1VkbLMfKYKy45hOUOY2QqJTm,LKYQ52VC-0001,cus_a0h9bjkiIuyE2x,sub_1zJ3uDaxyAYIUXAxbWXqsq66,paid,subscription_create,charge_automatically,eur,100000,0,100000,100000,100000,0,1,1672073974,,1672073974,1672073974,1703609974,pi_3uKXc4HdOO9YGa0cuIKX9SZQ,ch_3bV3WDbqC42P6say7adFOatP
in_198YVbqUD3bsSLMBaOM3pCyP,53FC41TZ-0001,cus_ienX88FWUCs4RB,sub_1vrTM75hM8Bk0azdDteYUYkI,paid,subscription_create,charge_automatically,eur,100000,0,100000,100000,100000,0,1,1672156734,,1672156734,1672156734,1703692734,pi_37x9JNdOApuhHlarvUdCIz2I,ch_3mZyMPzIXiRUXG74SvvgTanz
in_1pzCH9nQNv1BEpnz7JcW27It,7GM1AVUH-0001,cus_kCDMK85HZCe9bb,sub_1kDbKasAtnyC7VK5HHYzXnvF,paid,subscription_create,charge_automatically,eur,100000,0,100000,100000,100000,0,1,1672157916,,1672157916,1672157916,1703693916,pi_3GoUL6wRRoZra1XlCYM1dGTA,ch_3XzTp3vhGLWzILoxKmOrjVGD
in_1dnEGsKW998Q5v6MFh0kAM2M,AX3BILQ8-0001,cus_2MVje4fs7tS1i1,sub_1d6Uc4gbcez5DIsd0bsXMzoc,paid,subscription_create,charge_automatically,eur,100000,0,100000,100000,100000,0,1,1672310019,,1672310019,1672310019,1703846019,pi_35lypID8b3sZqDJqdKhYChP8,ch_3dSgNAXd6mEArbmpmyylwOfZ
in_15l5fJq2pnnmuMlggJVSOnmu,DK83F255-0002,cus_S4OWRXlJczEYeO,sub_1mUYo1Pl1f7MDyLSN3bIsaSx,paid,subscription_cycle,charge_automatically,eur,119800,0,119800,119800,119800,0,1,1672776286,,1672776286,1672776286,1688414686,pi_3mCMMf4RRgp2E4xIPcNNao4e,ch_3N0xE8v8qiXc7d65uz0cm2MI
in_1LHK6csoAM5RWsfW2OAuZiAL,AX0KUZMY-0001,cus_ywT9fD7WkOtJht,sub_1HIOQoUfpdw9NTDlYcgoqp6Y,paid,subscription_create,charge_automatically,eur,119800,0,119800,119800,119800,0,1,1672958002,,1672958002,1672958002,1688596402,pi_3P4UYinbvTyAI2knMaFFhiJG,ch_3vUqhaxfiBVcveYgbPBjhKYP
in_1ahPuBuh6cSJUCNAXSKRsHTQ,UBDQ085B-0001,cus_EEBX4uYNtb8lFg,sub_1J4WUAWTQqEnFV512v3fo9GO,paid,subscription_create,charge_automatically,eur,100000,0,100000,100000,100000,0,1,1673348721,,1673348721,1673348721,1704884721,pi_36jQ1GQpYVV82unprKjmO42M,ch_3H8R4GYQWSdCEtrx4sjvmohd
in_1G7nnAvyQsNiQAQTarIkDpNC,CASLFB9W-0002,cus_FPk5Q2rPVK1pov,sub_1u8u8mH63RsdfQCwyzMr0V4q,paid,subscription_cycle,charge_automatically,eur,59900,0,59900,59900,59900,0,1,1673483717,,1673483717,1673483717,1689122117,pi_3mvXw6RRwUNuvqQQyWgaYeBr,ch_3sIYt6if1nppoHa60JNA1saC
in_1bGQPjauZDybqY6ogphyfZBQ,NP1CW4PK-0001,cus_0tpucqjL2ZxTnG,sub_13gZOUDacQ2cx2JDfk3QmK8z,paid,subscription_create,charge_automatically,eur,59900,0,59900,59900,59900,0,1,1673523568,,1673523568,1673523568,1689161968,pi_3PEME7hsvXfiS2Xzgc8aQyik,ch_31UDlbSBB1ayqnVcmclzKpJs
in_1QXiuE7BJawECscToLjhlvky,U5CAF49A-0001,cus_QIf7A9hjzqNEo3,sub_1RSYzD3o3qpJbjcwi4Zlbucm,paid,subscription_create,charge_automatically,eur,59900,0,59900,59900,59900,0,1,1673864500,,1673864500,1673864500,1689502900,pi_3D98KIqyCSUOxYdPyTzYnrtp,ch_3bl0lPf4SVDV2l3mLWZIm4Pu
in_1QmfrVOG7oQemVoixv20AbNY,6AD4166F-0001,cus_bhNajiVUo3ZVKP,sub_1tr2faYZi1oNvmoJxjDeT5zP,paid,subscription_create,charge_automatically,eur,59900,0,59900,59900,59900,0,1,1673866047,,1673866047,1673866047,1689504447,pi_362mBJ3tUHIHMmEggoiSJuvX,ch_34SJRXM3memt9sIvK4z7giWk
in_1GQjtjSkxJB29hUSl0bVk20M,L1ODXC0P-0001,cus_zfanYic1JLff6l,sub_1QJqiwqVKZGkbFVAzxQGNVVI,paid,subscription_create,charge_automatically,eur,100000,0,100000,100000,100000,0,1,1673884533,,1673884533,1673884533,1705420533,pi_3TG2s4KqzAqBIwurIgJr07yg,ch_3AzTGLEGbr4wbvEUbnrlTNXk
in_1flUQE7NCRMSJxXuW52XRyOc,8T9E1IJ2-0001,cus_I1ECP2PyFsthzp,sub_1Pg36Mp4TK4k59to79axfH5a,paid,subscription_create,charge_automatically,eur,100000,0,100000,100000,100000,0,1,1673964079,,1673964079,1673964079,1705500079,pi_3StZf1JdSDbFioCq8CGJKkvR,ch_3GGAChu9mso1ExtWxDaXXtIw
in_1fPDpKsjx5IT9vCWaYInTv55,QA5H20MO-0001,cus_nwQqxUhiZP9Bl9,sub_1xRc4oSEHGM7Zwg18TFRkYJ6,paid,subscription_create,charge_automatically,eur,100000,0,100000,100000,100000,0,1,1674310994,,1674310994,1674310994,1705846994,pi_3xwSI0gRiVPT5OrRmlQuf85S,ch_3EIU6rmDoTXN87RG0mXdmikL
in_1PdtfOJLmJFCNdpsh3l55FlV,2BMVWFC8-0001,cus_51LBjx26D6mX7s,sub_1Fyg79HdTEUVjdzz0uPeFs0r,paid,subscription_create,charge_automatically,eur,100000,0,100000,100000,100000,0,1,1674742171,,1674742171,1674742171,1706278171,pi_3VelLU6Aki2NN9Gm1hQ0Jo5F,ch_3IXax8BrNa7N6W2ifROESb8B
in_1EEk6HjH6WiRmMpG5o5m1TxI,OTBQME95-0001,cus_s2MApOWRUlpUnI,sub_1DkjaN5O8MVmE3fAUBxx0AGG,paid,subscription_create,charge_automatically,eur,100000,0,100000,100000,100000,0,2,1674836393,,1674836785,1674836393,1706372393,pi_3GEyTIjOKjoQYsUhh6ePGnjS,ch_30yqfhzMXywz4KRi9KlsOT1w
in_1i8O7zASemS1zjUmRvePeZVZ,QXUJ6FQI-0001,cus_sbqc8o6d0PhpYr,sub_17ZqxfrvQKIazfVs9uTQwxFl,paid,subscription_create,charge_automatically,eur,59900,0,59900,59900,59900,0,1,1674859049,,1674859049,1674859049,1690497449,pi_3EwXJzb5P51XFbwkY2zDYox6,ch_3tQMV1gvv43VHtklBCwvzHKX
in_1zev8gp4gR1fR3XJvHXHMWv2,5FF1ZYZN-0001,cus_tvO1FtnQZYqrwc,sub_1CMxITC6dVF7WYsqxwXnXTbg,paid,subscription_create,charge_automatically,eur,59900,0,59900,59900,59900,0,1,1675195703,,1675195703,1675195703,1690834103,pi_3jOzOKhUs1VlHvmZxyxMVA4w,ch_37CnS7gHUYjxsdBXpMtlbKqB
in_1FMm7iH5z2wlIUNwLwoQTXFT,YG8CT8DY-0001,cus_grCEwVUXhAoQFZ,sub_1bpYqlIQRj49dQ2MoTzuTFLy,paid,subscription_create,charge_automatically,eur,59900,0,59900,59900,59900,0,1,1675258322,,1675258322,1675258322,1690896722,pi_3IPF5ERtHrcnM1poEswcjdXL,ch_33ZswWEuO2RIlhyv1gBDY8Z7
in_1t4kNryDSLCaigLnZGSw7E6v,6J4CW15O-0001,cus_niiyAl7rP2Dvvy,sub_1LJgHqNXpWysOFSXyhGZDc2c,paid,subscription_create,charge_automatically,eur,119800,0,119800,119800,119800,0,1,1675771126,,1675771126,1675771126,1691409526,pi_3A2hl6GI9SKnbZJ3YbmZ0as8,ch_3KgPRGqK7AgOefs5x0FcBSqG
in_1hixyG6EzXTOMUkshonQqm1G,CW9XE9BK-0001,cus_o6bkXa5jRy6Xz1,sub_15ZFiDGnc9uDSosOcMFCKVk7,paid,subscription_create,charge_automatically,eur,59900,0,59900,59900,59900,0,1,1676377361,,1676377361,1676377361,1692015761,pi_3Zv9nUZrxvucbsT9IAm90dmo,ch_3tgYFktLGPy4C3iW1Y5RBpnH
in_17uAkaRHY2RV4H6xEvuk056S,P79JVPU3-0001,cus_JHsHYmBhOL3Mej,sub_1Nyq7qwzewHVvpXOGKiLdcBk,paid,subscription_create,charge_automatically,eur,100000,0,100000,100000,100000,0,1,1676413130,,1676413130,1676413130,1707949130,pi_3bwxoulaKBA68OC11Khllebb,ch_3ntuMThGV0fKH2luuRgf4F98
in_1SNxPZqmyv6I97BVC9NCk8Kv,KIM69TMV-0002,cus_S942mr3zeznIdV,sub_1iZBdqBRMabFxHowsoIr15JV,paid,subscription_cycle,charge_automatically,eur,200000,0,200000,200000,200000,0,1,1676450954,,1676450954,1676450954,1707986954,pi_3pElXPHbzrPYCctMQIoKn1WH,ch_35OURfNjXlEmrrVIGjh2XrUR
in_1ij01YMnj4aY8wVjEUEB7M9Y,55KLYHIP-0001,cus_Hp5MLNVZF5YbSF,sub_1dcHAsX1zo96Sgkv6TOpbxML,paid,subscription_create,charge_automatically,eur,100000,0,100000,100000,100000,0,1,1676467693,,1676467693,1676467693,1708003693,pi_3447mZ6TMTNBuTnhHK5CUIn6,ch_3FIIGVRrbKnCI9PJaexSPz8d
in_1yihj35tQx5NAk0aECv9Env3,D43JIC2U-0001,cus_41dq2ZXE3PHXPN,sub_12OyeY9fy7z1VidndwER9yl6,paid,subscription_create,charge_automatically,eur,200000,0,200000,200000,200000,0,1,1676884859,,1676884859,1676884859,1708420859,pi_3Mp0CjHhadnXjJ1EGywrcc45,ch_3g9nWB2X2Vud6pe48ukf2lhv
in_1f7OaD9j1YozHM5c3laH8AF2,TKMHYKPS-0001,cus_LqAa43SjD8ANc2,sub_1ZUgPCWAoNSoA0drVWtK4LB4,paid,subscription_create,charge_automatically,eur,59900,0,59900,59900,59900,0,1,1677001314,,1677001314,1677001314,1692639714,pi_3MtvScQZzORvYbEUiZ3fY6MB,ch_3ETujQt6Pq4wr5HhOiR7Yzu8
in_1mqoQKr0OykUcy0ElIimqAvN,T6E0LWIR-0002,cus_61CHCNR7sm9OYw,sub_1SCUE1gVfYZMDUu9vfuEmXCY,paid,subscription_cycle,charge_automatically,eur,100000,0,100000,100000,100000,0,1,1677314192,,1677314192,1677314192,1708850192,pi_3lM02JV6gzaElcQq77WEMO4l,ch_38QtbhRYljAj0s7P02DdPiB3
in_1n45sNyMmPi5HL2XALIsHt1l,N9JC1RZS-0001,cus_zvomjVpefdbOpn,sub_1AFrBDfxXDTpl265088hPK1G,paid,subscription_create,charge_automatically,eur,59900,0,59900,59900,59900,0,1,1677506429,,1677506429,1677506429,1693144829,pi_3iPBSGFHHH55e8g7r1N8U9Qq,ch_37ZxPsPghi4Pno1QFU2H3OMR
in_1s8ZvzBI0QFZ0LPDebDJxpGM,0CEB8KP4-0001,cus_Um6WfLF9MNsqtL,sub_1pPU7wKXDaGOLHOzdJAJoYHr,paid,subscription_create,charge_automatically,eur,59900,0,59900,59900,59900,0,1,1677682308,,1677682308,1677682308,1693579908,pi_3yMmQfM9yA9yrAEhwK2ZszrX,ch_3xB0hpccoLxzUR20nF1E4LxI
in_1Z5lPqJy0w0D815fDzsrZYuT,TVZLBCWE-0001,cus_q6z58kQmuCAeDp,sub_10dkwMqwbcHEtYvIoItL1Xyv,paid,subscription_create,charge_automatically,eur,100000,0,100000,100000,100000,0,1,1677714290,,1677714290,1677714290,1709336690,pi_3CUS21WjX8fcKMsgQDFx2zbz,ch_3kVeoM0H5T2musiuDsjfzz4D
in_1swDNuYyF6UVm1PZfWV9Akru,WKTW89RR-0001,cus_S6aERIrKmF6NpJ,sub_1I67XkfuG5oQU5vRCYI4vg0D,paid,subscription_create,charge_automatically,eur,100000,0,100000,100000,100000,0,1,1677772423,,1677772423,1677772423,1709394823,pi_3bb7dYCpAvnlDCN14gGbE6aW,ch_3qEWXpLxtK4B1V1AXxFr6Q9F
in_16HxqMhzPpk5s5mhRgDmiCEi,0RC59GWA-0001,cus_WJIMNz5Dn2b7Bp,sub_1rFT1DTHO5Et6L69PkoxcbqE,paid,subscription_create,charge_automatically,eur,100000,0,100000,100000,100000,0,1,1677938766,,1677938766,1677938766,1709561166,pi_3LriSCZa0oD0N3NVRhwGPrgU,ch_3mEgCIrFzKDihffxin9qpb2K
in_1Wq5nWsmwBwZvYAf58YG6liw,OF159R7A-0001,cus_M4SJ0TcIF2cP02,sub_1zAJAjVN178p8IRT7R1KX14E,paid,subscription_create,charge_automatically,eur,59900,0,59900,59900,59900,0,1,1678032814,,1678032814,1678032814,1693930414,pi_3MxR5j3kjXYSdnQ9SFMvWQG0,ch_36PbDEPvND1TAbtXOuNNVvgV
in_1kR5RWGGeQWscuPLI3gqUNOu,89MI1BVX-0001,cus_Bo5yRfYninAp2t,sub_1kXN441oEW280DQFAXVnk7dL,paid,subscription_create,charge_automatically,eur,100000,0,100000,100000,100000,0,1,1678114593,,1678114593,1678114593,1709736993,pi_3XIbCmMcLwCSYh2ulyBU0ODE,ch_3XHLiwNvBEXbrn0ttufUGNWa
in_1IEjvzUzpHPRVOa7K6fnJxkg,Q6G6HZ7C-0001,cus_V3dGGmyfbPND8u,sub_1W4ieYMMJvJK1khCWcAiW9mZ,paid,subscription_create,charge_automatically,eur,200000,0,200000,200000,200000,0,1,1678218355,,1678218355,1678218355,1709840755,pi_3zLyr4R35z7ohEs0vGooeA02,ch_3YSAaUIkXlpRUmyiX5k2TfHH
in_16KruKXeW2qeTZI9G7zzkwRW,EMO6I0I6-0001,cus_HPbUk4RsXkmRgJ,sub_1B2xgpya1EKTjosj7a9yFLEA,paid,subscription_create,charge_automatically,eur,100000,0,100000,100000,100000,0,1,1678368078,,1678368078,1678368078,1709990478,pi_3mGhtaskQaKvQY8HBzeneY3K,ch_3KziIOmQ5VGWnMRMdGGTCJs1
in_1O6pr1MjnCSfi55yu4efw4gV,S9SEAK66-0001,cus_dcw8T3i2xbRte5,sub_1fDWCAIAXvOVIeaXKtmRI9DV,paid,subscription_create,charge_automatically,eur,59900,0,59900,59900,59900,0,1,1678719394,,1678719394,1678719394,1694616994,pi_3OjjXlFF6MjEOA9vSS6FLrm9,ch_3X43SM0ft2fyGdoyPY5VtsZX
in_1FHdpmUxmhDRYF3xhzswQp6i,JYJW87YV-0001,cus_ZIil6tzf2pISHx,sub_1q1RKOcbyVTb8UiFzzX4KdHz,paid,subscription_create,send_invoice,eur,11000000,0,11000000,11000000,11000000,0,1,1678807887,1681399887,1681145787,1678807887,1710430287,pi_3pOkgF4nkrekfr5efYXUg1bA,py_3D6yQF5yPhxcFNlDQu5ew88E
in_1VGREhiQ6lv18qchguCHxvAb,NF04417H-0001,cus_pinwdieUpVDMO5,sub_19aIyS4Y35cRXtms8y5VGAZ7,paid,subscription_create,charge_automatically,eur,59900,0,59900,59900,59900,0,1,1678949781,,1678949781,1678949781,1694847381,pi_3xWb2E2v8vj6pGoUuC6FyJ1P,ch_3GWeVoYy6jq08DYJ4wdMek0R
in_1Cvoc9VajsleWvf8JBFGIo7T,ZEM3WKP1-0001,cus_JbJ0Wp5fjVPokO,sub_15uvG9aykSs587AQeJLw0wdh,paid,subscription_create,charge_automatically,eur,59900,0,59900,59900,59900,0,1,1678963739,,1678963739,1678963739,1694861339,pi_3JwTXv9xOtFRCqV3PkT80xem,ch_3gphM7OCZIZIs5HJuLUbc4Ct
in_1uTGRXh7sx5RWxtrsJKezbhq,U3DFFTB6-0001,cus_t90TYo49T67gMk,sub_1KOR1UUpUvvK55pzZLTlpwBv,paid,subscription_create,charge_automatically,eur,100000,0,100000,100000,100000,0,1,1678969732,,1678969732,1678969732,1710592132,pi_3uDmFlGoUuYsyV8u8ynXQ6XL,ch_36j1lubmpHZHetXwIYK5gCdQ
in_1LHJvaKx0uTD1CHBip4lYmLu,OAOKOB66-0001,cus_PvnxWrASURvlIn,sub_1nTAboLIM7vaxBEBnCJ19Woh,paid,subscription_create,charge_automatically,eur,59900,0,59900,59900,59900,0,1,1679066508,,1679066508,1679066508,1694964108,pi_3DwavVQsKOIMDB2cOs8Va5GL,ch_3ptPFDtXVowAU75NZNuRsn2A
in_1MdIHbw5Ug7Y1BtEAIwiSq4e,2M87OZQ5-0002,cus_ugsSzmG0Sm1JOD,sub_182HKTMXxBfnkBcu3RZvXxXy,paid,subscription_cycle,charge_automatically,eur,119800,0,119800,119800,119800,0,1,1679290061,,1679290061,1679290061,1695187661,pi_3RlPucDuPD0IYmsM1oB4SxKi,ch_3w0H3V1FbdoMbajlWQFfZiOs
in_11S18KSp6J5RIdS75i1F25iX,IYZGY15S-0001,cus_JwbbMpk9bl4GUt,sub_1KcZts3D6JkhdZvJSompauUx,paid,subscription_create,charge_automatically,eur,59900,0,59900,59900,59900,0,1,1679319213,,1679319213,1679319213,1695216813,pi_3bUHQrSncQrqJt8R6boNjGZO,ch_3TIUxQh9LSIMpFpwk3zlni3p
in_15xZeGRylqly6WqbloPJAVUu,17IJYYHH-0001,cus_kmkU68qj4xBpEO,sub_1kZHwj4nfo3H7S5aPBMwpELh,paid,subscription_create,charge_automatically,eur,59900,0,59900,59900,59900,0,1,1679334721,,1679334721,1679334721,1695232321,pi_3YJfjNwbtoEf8azDAj7GXXTR,ch_3opjMJDq1UrqFoAgbtRnwPSI
in_19R6B1GCqWNKb4AQRTQW9v7V,J7LGUTMX-0001,cus_5FvTEP3FBH94Zl,sub_1tilJhDTdx2OLiUA1mYpIY9L,paid,subscription_create,charge_automatically,eur,100000,0,100000,100000,100000,0,1,1679495957,,1679495957,1679495957,1711118357,pi_3rO2zcdK79yZHoiQZH73l65N,ch_3V54glAJdoqkTtdLndD6WeWx
in_1kmJb0UZfIr7mHWPM0yPw0pt,ZH0CIIX7-0001,cus_NiGu8i5IftC3XB,sub_1ZnsTYfjEIVODYV6uR3EgWGE,paid,subscription_create,charge_automatically,eur,100000,0,100000,100000,100000,0,1,1679556808,,1679556808,1679556808,1711179208,pi_3Sidqk6oS9yCj9eyk299UPyD,ch_3zVFaov8rGB7B44eYlbGcP3l
in_1J9aRpKyMioKXpABDrHtobvD,X4S6PAUB-0002,cus_Fui2j6xAMcbmao,sub_1yszIlxLhNpX2ZsN0pL0Arod,paid,subscription_cycle,charge_automatically,eur,100000,0,100000,100000,100000,0,1,1679557536,,1679557536,1679557536,1711179936,pi_3CIJXelE5WSxhv9uYXXjrxA5,ch_3Ycyg613CKWKFRMtBilxLsrJ
in_1dBPeB6YSztPdWZiwVL2sH6q,T26KP25P-0001,cus_hHz5ca63Jon4BD,sub_1r2NZeAPQUmV1xg17y425ML4,paid,subscription_create,charge_automatically,eur,100000,0,100000,100000,100000,0,1,1679921553,,1679921553,1679921553,1711543953,pi_3koekeHoGe4S7BCUnrMaBQ17,ch_32jymcaeFoi8ZnPYIVZbprtx
in_1IVmJyTDhzsHEkfCFjWF57r6,VCWWF8EK-0001,cus_tQcEgFhbgG3WI5,sub_18ycOY7uooE8Svn2hu3ZH2w5,paid,subscription_create,charge_automatically,eur,100000,0,100000,100000,100000,0,1,1680100412,,1680100412,1680100412,1711722812,pi_3YAsvGg7H2dtJWABYnDxyWGt,ch_321qAZNmfO7tCgEgDTD9HvRf
in_1bzgjr4XHsaKMyUIyyCbmqyq,HFJJ7YEO-0001,cus_TinYIMDLaYFPqp,sub_155s10tjDHkuMjbMtHBE4tln,paid,subscription_create,charge_automatically,eur,100000,0,100000,100000,100000,0,1,1680262552,,1680262552,1680262552,1711884952,pi_3MGjJ5tHi4L3wLjh3M83uETc,ch_3ov9fW5s2dd8zZXLNzRPGtqn
in_1HjKR8xhkyg7e1xtoNvfpcnE,N7C4C4IA-0001,cus_yEfpZD6P9fQ87V,sub_1Mokd3eEDpK9LqNaqHVYoBhA,paid,subscription_create,charge_automatically,eur,100000,0,100000,100000,100000,0,1,1680528011,,1680528011,1680528011,1712150411,pi_3CejRpmAFmpmjspEEIF1GTwu,ch_3b7Z8GmO1mvnVwAie6KNeoeQ
in_1K1ZFGrwmAxV5AwWrK2jqpRI,W399RH85-0001,cus_rzpNbGrRemIkc4,sub_1JsmREl0BYsIRvlfLBqgPnzM,paid,subscription_create,charge_automatically,eur,59900,0,59900,59900,59900,0,1,1680617263,,1680617263,1680617263,1696428463,pi_3QgRBc1GT6u38bOeqArAH4nO,ch_3pSMl9qeGMlJZeGsyXoua80x
in_1jQNcqAYYoygHQn7K5wEYi5i,99MV6H32-0001,cus_S4ZJJYOMqJXM7k,sub_1biPIOO5QNfBDD51KgDXndqr,paid,subscription_create,charge_automatically,eur,59900,0,59900,59900,59900,0,1,1680713908,,1680713908,1680713908,1696525108,pi_3YjxC0mE5vdjmSgJWWRDpKRv,ch_3w650OQdP95zaj1nlnAgYOXR
in_16NMTKxbfU5fURbk0VdZu9fq,RUY8BZSA-0001,cus_Pz4sNFzdgL3Pek,sub_1koZ3SFDQrGBY7DH1TpKMRfy,paid,subscription_create,charge_automatically,eur,100000,0,100000,100000,100000,0,1,1680721683,,1680721683,1680721683,1712344083,pi_3WKxNjMt8JNPqB1TpShxEqai,ch_3A6EXDuVUFXNeBerdxPVaTqL
in_1pJLcbqwdFeyo2ZHcmYpN2c9,7SVU2SR9-0001,cus_6pm68BP8C4r8AL,sub_1nZODjjfGWmEP7n2WZrdBKnW,paid,subscription_create,charge_automatically,eur,59900,0,59900,59900,59900,0,1,1680881909,,1680881909,1680881909,1696693109,pi_3RhZn4aEMl0GEdJnDgeyE4Fk,ch_3RrpprqkYsKSx7wy3yYANm5s
in_1wX3H4uODa70BhtNgV4plKJJ,BB77BSR4-0001,cus_7JiMDeUlDxIUhh,sub_1ifj37dF2a6K24ClfL46fsAf,paid,subscription_create,charge_automatically,eur,100000,0,100000,100000,100000,0,1,1680901823,,1680901823,1680901823,1712524223,pi_3St4imOI5aKJAn3SyPNcCL7F,ch_3QyWLvkpfGxLOtN3tFN9QwoF
in_1PCMVTE8DO2C6IlWIx2sfLqh,P4HH4KX6-0001,cus_T0TKyPAF3IOgzT,sub_12N1nU9n2G4saKfniTdplSVM,paid,subscription_create,charge_automatically,eur,100000,0,100000,100000,100000,0,1,1680964525,,1680964525,1680964525,1712586925,pi_3gYHCJZeOhTHtOepMW1JVfxR,ch_3GSOTwIuPOKu9r0dZjgF7oXU
in_1uCGwVZguwZ1vCy65CPJdTOZ,I90ZQOBE-0001,cus_Uel1vVWmtA69kU,sub_1cNXqYz5z8eYqdzHLtDflhXB,paid,subscription_create,charge_automatically,eur,100000,0,100000,100000,100000,0,1,1681205141,,1681205141,1681205141,1712827541,pi_38spfDpToZ1AHtUErbuAJ67c,ch_3EtvYER2uQS8IkMPI8lXqofX
in_1c4FK9dX4trlgb8tPb95br3g,PDGCA21X-0001,cus_E1h7Co3mBWede0,sub_1SS5wWihDcNj7Zx2CPujNrJ3,paid,subscription_create,charge_automatically,eur,59900,0,59900,59900,59900,0,1,1681210621,,1681210621,1681210621,1697021821,pi_3rnFfDMnhzzQNyb73aJF95qi,ch_3JHVjoplVa86OpSsR2iuUfga
in_1wH999PQFcOfQPBJsScVFJzz,PCQYI7D4-0002,cus_gB2nKFLyaJFHae,sub_1VnvNbtVPXa7XCdaPpsAEe7z,paid,subscription_cycle,charge_automatically,eur,119800,0,119800,119800,119800,0,1,1681387162,,1681387162,1681387162,1697198362,pi_38tXmZJb5vU9BK6rypC7vcbx,ch_3tGiotmN8YYZu1xjgknNMo1P
in_1OQfemQKm4WG9TsONQntDDZY,B0FX1K2I-0001,cus_x6iXaIzSNfPNvw,sub_1kAoy2ozPOT3RhfAgMG5DsmK,paid,subscription_create,charge_automatically,eur,59900,0,59900,59900,59900,0,1,1681400947,,1681400947,1681400947,1697212147,pi_3c5DAUE1gntuSvEqeYDhzEov,ch_33h6VL3j4nmDnpU4L1CKRUUC
in_1q7rCP3iqzpePWnBUJ46Ag1O,B7PNJH2X-0001,cus_jJ2HSdqEuZTMJG,sub_1FdI89qH3xV6889oUiFUIuEM,paid,subscription_create,charge_automatically,eur,59900,0,59900,59900,59900,0,1,1681491135,,1681491135,1681491135,1697302335,pi_38GhGtfirK4nxEgGvp6pcJ3z,ch_3FDQ7xik0cah814YRr6UeMaF
in_1ipQrs9wqFIILmv9RZ6WEkpR,9BWE0J48-0001,cus_w73Lg2eDdqZteY,sub_1hmReXneRKsuBB9tzPszBTlE,paid,subscription_create,charge_automatically,eur,100000,0,100000,100000,100000,0,1,1681562538,,1681562538,1681562538,1713184938,pi_3eTDFXGDqHit10N0hI9jMLgB,ch_3UihN0vinqG8dfDS4htWQsYN
in_1w4z45OwVY8fuaad1H3S2aKM,Z5RRBRLU-0002,cus_vwozlvuUWe7ME1,sub_1Mr78jpadnTxQHUGexsw9lT0,paid,subscription_cycle,charge_automatically,eur,59900,0,59900,59900,59900,0,1,1681918260,,1681918260,1681918260,1697729460,pi_3RtLwpN3oUeK2p1mkxD7GqoP,ch_3R0wTc7BTB6MxM87MZVTBxaY
in_1PY9DiVshvg2wB4tB7D3h02h,BYZXVS75-0001,cus_JmKKIw1xM8RYZl,sub_1JaFfe6Z8FO5lzyV4BKOfsj8,paid,subscription_create,charge_automatically,eur,100000,0,100000,100000,100000,0,1,1681963949,,1681963949,1681963949,1713586349,pi_33gArDRfqoWcWeRxW2FAlslu,ch_3jhJZpyyQUehantrrrxKbetk
in_1ngiWtChDzK8QI9nh8YSAmns,3NVIUVLY-0001,cus_woKjmjVidARzwB,sub_1w3TWfDRYqek5Y8tFUe83Wia,paid,subscription_create,charge_automatically,eur,59900,0,59900,59900,59900,0,1,1681986264,,1681986264,1681986264,1697797464,pi_3HFaSnvyzFb4BnQIpRGG9Y8B,ch_3AdvVld4R61NqOOfhGoofWVB
in_1Q7H0mrmNPXRMQorhJWAGkib,93GJJCWW-0002,cus_Z52LHUjs4JczZo,sub_1JdQ4djRA8pvcImRfMWfgm6G,paid,subscription_cycle,charge_automatically,eur,100000,0,100000,100000,100000,0,1,1681995200,,1681995200,1681995200,1713617600,pi_31lURtivva6nYSbtqvTYmsRv,ch_3zvVyeCujhESPsh589xixxCh
in_1qemzs2Ar2XZzvmfI1ZlOFKN,ESQ4WJMR-0001,cus_cjosP4sQbshccL,sub_1XPxxwAdqlIvqRTAV3TydMDo,paid,subscription_create,charge_automatically,eur,100000,0,100000,100000,100000,0,1,1682243501,,1682243501,1682243501,1713865901,pi_3dbhEsoQv55PGVlei4h2dPEA,ch_3vReXarMBK4ztNTwfOtYT3Ia
in_1ZyhuRjK1FmSmCa3kxvEyvhH,TGMGGBYN-0001,cus_Mdx0m6dfAVBwQn,sub_1vdoF4RUxqm5NaMXPGBkJB7Z,paid,subscription_create,charge_automatically,eur,100000,0,100000,100000,100000,0,1,1682362343,,1682362343,1682362343,1713984743,pi_3dRgdh0zttkvYou3cyTDffmZ,ch_34tdctE5iGnTxpO15gQPQqAP
in_1IKuA3pnrsh6NGpvrBVejKx9,03UZOON8-0001,cus_CkV11DcXp8pQL0,sub_1mD90p6aU4ymARzvJjOFFc5t,paid,subscription_create,charge_automatically,eur,59900,0,59900,59900,59900,0,2,1682529946,,1682530058,1682529946,1698341146,pi_3SVbJ88ZF6EbgRBgjxMUZmLn,ch_3ev6asEFSt69f83veVzmZhn6
in_1i4Ex0tegJMjUQIj7zZKLaij,NRC1GP3L-0001,cus_X5Q8oNOnUTkAK8,sub_1q0Q4sgN0fh0jI1EUS4q2kyP,paid,subscription_create,charge_automatically,eur,59900,0,59900,59900,59900,0,2,1682638097,,1682638632,1682638097,1698449297,pi_39Nc249LsqhrZCRZvFQLbqgZ,ch_3NMUn36OukTJN3JafvY0o0Pu
in_1PL91LSDFeZJG0xbXurrjNWg,QSG83D9P-0001,cus_o2G3DE2eYMCWjl,sub_1wuMgp32VxmOYQNX9WCuaG1V,paid,subscription_create,charge_automatically,eur,119800,0,119800,119800,119800,0,1,1683864396,,1683864396,1683864396,1699761996,pi_3XbuOpvJcnpafOW5aorfds27,ch_3spKklmTywiApt9AJMQlSrJJ
in_1TuVLwdZObAtspppParp2SOY,01F3WY6Q-0001,cus_k0ubqGsYHOLyZA,sub_1pZufah1QrDH45huly08fpTF,paid,subscription_create,charge_automatically,eur,100000,0,100000,100000,100000,0,1,1683984065,,1683984065,1683984065,1715606465,pi_3HEWHN0KEtQRjllkrBjYcc4V,ch_3Yh32gHIpiBndAsZOgzC98um
in_162Ed5hJQGd6AQadMu2pEAfv,0IITRZUG-0001,cus_Xa1uswYTdNRZ0j,sub_1kVG0nMN2B5DPZpo0LWsHwXc,paid,subscription_create,charge_automatically,eur,119800,0,119800,119800,119800,0,1,1684067843,,1684067843,1684067843,1699965443,pi_3oaMpPYMUmBVrwZuTAPdF2Hm,ch_3jmya62zmkrFsMs06HNPWadJ
in_1QL6u23l1hFGcTL4dJSqzy55,EC71ORJI-0001,cus_PVjLRvL1PgrpdB,sub_1iCsWPM4kC2iYiKm02IEPAYU,paid,subscription_create,charge_automatically,eur,59900,0,59900,59900,59900,0,1,1684157515,,1684157515,1684157515,1700055115,pi_3I3a93X41L88mAp5Ei0YCdJr,ch_3H2wq5QOhk1UsCdI3WvW5Tcy
in_1DfntUfwYZz5bB4d7jMfv0yM,D9230VU2-0001,cus_ShTBw0WwClOMvg,sub_17YaeqEoYtTRpWhvXdTKfLIS,paid,subscription_create,charge_automatically,eur,100000,0,100000,100000,100000,0,2,1684325223,,1684325582,1684325223,1715947623,pi_3S7uJQinmQkCbDP8MoCo076D,ch_3XOsNDOUf9Fhhp4jsik7ddc3
in_16DHaftaDALY9Yrz4vDUye2M,BSFQNJGW-0001,cus_AL9G5FORBe7gtX,sub_1ZXRUDLMtUUaAvgifKBUPMdF,paid,subscription_create,charge_automatically,eur,100000,0,100000,100000,100000,0,2,1684354857,,1684355240,1684354857,1715977257,pi_3vH9oF832c6rYjX3wMnELXgU,ch_3yneJr8zRvld7kvEPSOd7ddn
in_1FbSFXa0KKfBcVAvoD1rhlCh,Z29STCZ2-0001,cus_tHezHZAfXUzZSD,sub_1uMYf9xt91g2gYXSYOUGgGTt,paid,subscription_create,charge_automatically,eur,119800,0,119800,119800,119800,0,1,1684748236,,1684748236,1684748236,1700645836,pi_3vIGWDlV8zmRAQQ0EpZEUuzW,ch_3hGTpL9OkGk3yDEskTmaJ2T0
in_1HcVV1Kevu9pKsRij5x3jCDp,AZY8KFFJ-0001,cus_EpYJwCFixXrl6r,sub_1MobzK55SZgdvwacxEh1qMCl,paid,subscription_create,charge_automatically,eur,100000,0,100000,100000,100000,0,1,1684836018,,1684836018,1684836018,1716458418,pi_3VNt08ryEl2Wh5nB7xsB2Ior,ch_3rMBE9oS9kP0NNJSrltd5Qq7
in_16IeEEFGgGixW962uJLGfN9r,CACH6671-0001,cus_jUhe0yCNMn5FwZ,sub_1u7lxFFjv7bCjNwHovXWKgRF,paid,subscription_create,charge_automatically,eur,119800,0,119800,119800,119800,0,1,1684917415,,1684917415,1684917415,1700815015,pi_3p7Xdoxl99AiH3skSWZrJDFE,ch_3CvbYeNm27mY0nOS0tx0K3hZ
in_1CAaVgUSCDAnQHjPP39avL0E,DZEAD7WB-0002,cus_Ke4pILGUX322iV,sub_1WN0orZkKU9OIg55gUtikrcG,paid,subscription_cycle,charge_automatically,eur,200000,0,200000,200000,200000,0,1,1685289394,,1685289394,1685289394,1716911794,pi_3XB3ChpSEW9bdwHjwitg0AZo,ch_3yRT6u3xBoI5DOxI3lnAcAuV
in_19ot0mxpoB9B8i1QmmkEbSck,CHUXB8AL-0001,cus_PwzmPMEmlJnlFc,sub_1DCqlO5YjEdlRDD7GmwJoztC,paid,subscription_create,charge_automatically,eur,100000,0,100000,100000,100000,0,1,1685347919,,1685347919,1685347919,1716970319,pi_3dnxC4AcOd4R6i98tGp32NEf,ch_3iVCFQwrHQhuA7dPGh3srl4C
in_1YfxE52bFBjLJTw0LmxLaCwU,XF48UHQT-0002,cus_06g1byOJQOBxGN,sub_1NJSxcTm6ayZukwY1TkdLwRv,paid,subscription_cycle,charge_automatically,eur,100000,0,100000,100000,100000,0,1,1685434854,,1685434854,1685434854,1717057254,pi_3KG0BTr69F0BQ3x0sOpymYSM,ch_3cuwmlfgY8Jx6MAwGiC6kCtJ
in_1IahvXpqGiJzfSfjcSEgwu4m,FLOYW4T3-0001,cus_1J0R3BNPnp10Wv,sub_15hDRWeuzOUdFbLfkLuNGGIX,paid,subscription_create,charge_automatically,eur,59900,0,59900,59900,59900,0,1,1685461997,,1685461997,1685461997,1701359597,pi_3EOYMpW1anK9D0blwsunNCRx,ch_3aQBRufGCu5ZG4iyodzGFiHp
in_1gUQ2lzuryiY1dydmD5eUmp4,IK0FKR7O-0001,cus_FqF1Ab2ux3jbz6,sub_1nU55c1atL1a8j0tY07kW40b,paid,subscription_create,charge_automatically,eur,500000,0,500000,500000,500000,0,1,1685610301,,1685610301,1685610301,1717232701,pi_3pvaxvlykv25D7LDYkyTPy8o,ch_3LaD21iDzHpSsqQjcoX5EiNk
in_1JFI2bBTO1vDbzVWwhgUTzoy,YP6N2HSS-0001,cus_pOsY3RdzwvhFWp,sub_1JHC9ZrJXnoYCW5kiGMzhrwo,paid,subscription_create,charge_automatically,eur,100000,0,100000,100000,100000,0,1,1686145555,,1686145555,1686145555,1717767955,pi_3K1aDwDvOclW0t6r30JxrHrR,ch_3PhDiMYEKvDMB94qsCmyP6Kh
in_1Vbx05PRRlMB8TSZHu2bvRGE,3FTUXD3O-0001,cus_hUhVwse53NKb1g,sub_1kXtf4XUuhQpyLapgVLC3Fg7,paid,subscription_create,charge_automatically,eur,200000,0,200000,200000,200000,0,1,1686235186,,1686235186,1686235186,1717857586,pi_3kBq37cqIyqzSSwdCLNwDG0H,ch_3xWssHfN9yKPP3nJqYKr7EIO
in_1e6HfaYF9TYgBaBvR5DOg6Ez,U747RV2Q-0001,cus_xhzIsEqS6IHCiY,sub_1mCbGAd6mKOaGFqAliOldaxy,paid,subscription_create,charge_automatically,eur,100000,0,100000,100000,100000,0,1,1686242609,,1686242609,1686242609,1717865009,pi_3fK5a5jNCnkIyuupCnfFkf4m,ch_30ZvztujzFiDn9wKuyfuEB64
in_12vxsKUU126otE5SfAgS4cNE,BPPQSC3G-0002,cus_eMlFdHq4qjmKOC,sub_1zFU5dX7Pez0SO2aTpFGkzLW,paid,subscription_cycle,charge_automatically,eur,100000,0,100000,100000,100000,0,1,1686918136,,1686918136,1686918136,1718540536,pi_3000Lx0sJurHR45e79sReMX5,ch_3fr7jzknthBbxXpk7vJIlQaD
in_1oTRXPDrgy5VH5htGahhJhRk,J0CZXG0H-0001,cus_sS4WtpkYxAsm9t,sub_1WdrTcKlgDGd9xBFOVrtqFEA,paid,subscription_create,charge_automatically,eur,59900,0,59900,59900,59900,0,1,1687168732,,1687168732,1687168732,1702979932,pi_34jmsZCR7OgVwXqrzuTHxJWY,ch_3k7xSd24HtzP1AZS9msbe4K3
in_1jRPNurcyP8ib3jgtktNJ2z0,VMHZL1S2-0001,cus_WtObbSwd945cC4,sub_1RCGhtvfiY111HZ1IGs1JYdZ,paid,subscription_create,charge_automatically,eur,100000,0,100000,100000,100000,0,1,1687250511,,1687250511,1687250511,1718872911,pi_332s3CugwvHKWjlxjsDFLVzH,ch_38m13nP1AkZppRePx7ITqaz4
in_1rpkClqbPborQQbFoTse7unf,U0NM2FKZ-0001,cus_pYYMaOCCPqOMme,sub_1fFxwvOvzin9ikm7zQFOLaTb,paid,subscription_create,charge_automatically,eur,59900,0,59900,59900,59900,0,1,1687252870,,1687252870,1687252870,1703064070,pi_3V5h0kFz4GeVG0LzTWqwzPvy,ch_3rPgvfBXGknmMOt53CusnDf9
in_1xwZzkOiSZOCzMfrDCSzn4Ac,9UIRSOD8-0001,cus_dYWUOtWqs3uBLo,sub_1HSVOMr59qM4WiOu1Kg6Pbk6,paid,subscription_create,charge_automatically,eur,59900,0,59900,59900,59900,0,1,1687369534,,1687369534,1687369534,1703180734,pi_3PK6QnMLSTFcpzG7oZ40NqaA,ch_3Gbp1iJ7cPw10BsryAwXacGM
in_1fXtqm7313AvSzQfytDBfGXp,6S8RY5UM-0001,cus_U9Sld1b7bpYGB4,sub_1rwEIspKWGLNsSmzj1WqwzIc,paid,subscription_create,charge_automatically,eur,179700,0,179700,179700,179700,0,1,1687441767,,1687441767,1687441767,1703252967,pi_34k44UVPUse13N7lzjDPLsez,ch_3VIOKGLkp07hVm4Ze9B9q0gz
in_1v3SETkK17zqrR1SybtmQCun,YRFS4ALS-0001,cus_BjEZfNXzDgXKSN,sub_1BTrscs7xbbhcPdPcr6hYVLs,paid,subscription_create,charge_automatically,eur,100000,0,100000,100000,100000,0,1,1687462337,,1687462337,1687462337,1719084737,pi_35x9kjz7No2fQ9JkQ73doNsp,ch_3VxdcwDqUNIeFY5hzKKJh0E9
in_1eqLzjbDcV5yg1N7IqBOvBL1,62BIN83D-0001,cus_FtPHDUZOxM4QjK,sub_1PP8l3PACj8omqj8yhl8Ymw1,paid,subscription_create,charge_automatically,eur,100000,0,100000,100000,100000,0,1,1687500739,,1687500739,1687500739,1719123139,pi_3A85dgW6QvjAMOocjUl2dHvI,ch_3rFjeWKK8dKPZAd0X68LrnoE
in_1RNQ6WriUw0Z7wxIx4zqhpjS,BO4F77TT-0001,cus_RBrImNdCsfyTx7,sub_1Ja5Z0hIhH24sQDu4jo6YIc3,paid,subscription_create,charge_automatically,eur,100000,0,100000,100000,100000,0,1,1687516620,,1687516620,1687516620,1719139020,pi_3LwyWNRhcZ5fGjugC5J4DeZo,ch_3BW0VSPWfgilBC0Iwfn9wQuQ
in_14ezVuqlDof1Dlzy2y25wlti,QPCEQ1P0-0001,cus_YGtiFILBJIQ0bh,sub_1GNng0fQIc4Kmjn1S7GdxY4B,paid,subscription_create,charge_automatically,eur,100000,0,100000,100000,100000,0,1,1687692889,,1687692889,1687692889,1719315289,pi_32VcUQV6hn1LOF8s4SHT4tMB,ch_3zF9auXH1KmDf2Zq5TcwbOXp
in_1G9gLMNnWXKrN0aeE7gb0tsH,FHYNE5EU-0001,cus_KZCQRqFZnWQLEg,sub_1YmsWmJDDX5j8qIpVN05cdUD,paid,subscription_create,charge_automatically,eur,59900,0,59900,59900,59900,0,1,1687778856,,1687778856,1687778856,1703590056,pi_3S0ImNJpkFCs5Z0gWqLHLdQe,ch_3h09xtobUThIobshg9gyhs3i
in_1Ugnp2vKY7ZT0dINJG6a2zD2,RYZC0746-0001,cus_wpWtorWk9MXyYt,sub_1RSQ6mgT45dmWUHRknJHby8y,paid,subscription_create,charge_automatically,eur,100000,0,100000,100000,100000,0,1,1687792905,,1687792905,1687792905,1719415305,pi_3tYN3iRM3DdkJzC1VrJln1Jf,ch_3aQgZZQ6f4LQvOfv43zkJ1vz
in_1sEg121tQrRS9iz4Xh9joepN,9U5QVLHT-0002,cus_VtkhgaeUwy4DEE,sub_1q4i38ydKzZDhzLSQtbOCVSv,paid,subscription_cycle,charge_automatically,eur,100000,0,100000,100000,100000,0,1,1687961397,,1687961397,1687961397,1719583797,pi_3sXDHI7DRpDEcAx6G9EMQBzx,ch_30UE2vfjtjwQMJtgXGeltF0P
in_1eTzqzUhFYVE7LD6aKuBBWUi,IDW09TKB-0001,cus_nfjd3pyeQgkqIy,sub_1Ku9okrYCY5nVF5MY2CfCtgl,paid,subscription_create,charge_automatically,eur,100000,0,100000,100000,100000,0,1,1688053258,,1688053258,1688053258,1719675658,pi_3Tcf3vVaESSIoJEzj02dVLeY,ch_3jMFKfFUyu8M2ahSVagSoxNB
in_1UsxRgBs0WInB4Xky57xhRx8,CIDZNGGU-0001,cus_KnSWQN5w2EkK5j,sub_1LHKpTOcdrLbG85M9L6CMzAe,paid,subscription_create,charge_automatically,eur,100000,0,100000,100000,100000,0,1,1688123427,,1688123427,1688123427,1719745827,pi_3IChPOmgi9p2k6Wrq0pzCs37,ch_3aCOOugssj4WnaEw4xW873az
in_1diobx5Q82PlIDJy31wxhW7V,J1JRVVRG-0001,cus_gevA4s0yRpDEjk,sub_1AEn2oZtamCv8gZ95qvzvE9D,paid,subscription_create,charge_automatically,eur,59900,0,59900,59900,59900,0,1,1688230060,,1688230060,1688230060,1704127660,pi_34uxGwGSUAOiyDPKRfIFtIy0,ch_3oHSrQ4s7e1CREU7L5GUb4ei
in_1Udd0mDE8x9BsYRswu1TwDOn,RYSRC0SA-0001,cus_ZGeXM4wfnfNH6S,sub_1iFldvofOZmFPVXBIZKn7ixT,paid,subscription_create,charge_automatically,eur,59900,0,59900,59900,59900,0,1,1688314214,,1688314214,1688314214,1704211814,pi_3JmvhRCzYudVbjHuXXq5x3XL,ch_3iAiXEKIFFvET6AHFLZDFILr
in_1wUjukY9yDiX9dLpFxhaolwV,DK83F255-0003,cus_S4OWRXlJczEYeO,sub_1mUYo1Pl1f7MDyLSN3bIsaSx,paid,subscription_cycle,charge_automatically,eur,119800,0,119800,119800,119800,0,1,1688414686,,1688414686,1688414686,1704312286,pi_3vxVMRrubBZu29lLKP4YBYRq,ch_3mW28rXMtW8unhNSDd1JdFhj
in_1wa4DaVJO7367vGHwaQzriTU,U7HLF0HO-0002,cus_6ckb7gGCl3tSfs,sub_1Utzp0BXjKPIgzYcCf4B74Hw,paid,subscription_cycle,charge_automatically,eur,100000,0,100000,100000,100000,0,1,1688489476,,1688489476,1688489476,1720111876,pi_3AjHvRis5vKZPFFVZQDyZsTD,ch_3cA3FT802Z3Mhca7WAP0rkdA
in_1gGeNKG1JVx0pF7U9VJs4Fsx,CASLFB9W-0003,cus_FPk5Q2rPVK1pov,sub_1u8u8mH63RsdfQCwyzMr0V4q,paid,subscription_cycle,charge_automatically,eur,59900,0,59900,59900,59900,0,1,1689122117,,1689122117,1689122117,1705019717,pi_372Mu0hjk0IeNiZ97foALP65,ch_3IL6ZI0CY3XQCXwL18KRSZls
in_1ZbmDQtNorcCN9YxpElhAZ3d,NP1CW4PK-0002,cus_0tpucqjL2ZxTnG,sub_13gZOUDacQ2cx2JDfk3QmK8z,paid,subscription_cycle,charge_automatically,eur,59900,0,59900,59900,59900,0,1,1689161968,,1689161968,1689161968,1705059568,pi_3t8AJbuF19gYxuuAgwjhUXE4,ch_35DGHQhC5glIg1b416R2DJsg
in_1CXV8vx0UkFUB8QjwTdhRX4D,LW7NG71H-0001,cus_piD40BuxcaVKbU,sub_1m8nhmSB8VjC3kRrjZ2mnN6U,paid,subscription_create,charge_automatically,eur,59900,0,59900,59900,59900,0,1,1689260002,,1689260002,1689260002,1705157602,pi_3PWI1WgjZceUgevm1PzEYcC5,ch_3QUziUP2UE9i3YO7YWboo7bp
in_1lT8oiOmqXNB5X0mfQdbNxN0,G5NNGXYV-0001,cus_RFRr8eNGTX2RQs,sub_1EGiletnAeVv2Uxc02JDfYQr,paid,subscription_create,charge_automatically,eur,59900,0,59900,59900,59900,0,1,1689272871,,1689272871,1689272871,1705170471,pi_3KtZf8xNNrfKxtQwTG9qCvlb,ch_32BdsWtzO9B9VJMeXrNh8r6Q
in_10RriyyZU39WlXT09UpqvRLu,U5CAF49A-0002,cus_QIf7A9hjzqNEo3,sub_1RSYzD3o3qpJbjcwi4Zlbucm,uncollectible,subscription_cycle,charge_automatically,eur,59900,0,59900,59900,0,59900,3,1689502900,,,1689502900,1705400500,pi_3sBi9DplvEFjiyhWWdfcFVR8,ch_3HFUF1prlGlEUBJBQzG8a22r
in_1j4SuHq9nRTV1Qe6UKRIWtLr,Q3I4UCYK-0001,cus_CkiSCj59tIUM8G,sub_1svdBEEYc5oq2xeHCVeKUnOv,paid,subscription_create,charge_automatically,eur,59900,0,59900,59900,59900,0,1,1689937840,,1689937840,1689937840,1705835440,pi_3IsPPsOSs3BvoP0ByvzT7ANs,ch_3yYPmr53vtUTUAASxpRgMI0n
in_1lOXNniVaiWKzy06V5RHFX8R,F15DVR0P-0001,cus_nZYD2iwJpEjnjz,sub_1QYKCbYgi5zQ3iffYx9OeBh7,paid,subscription_create,charge_automatically,eur,100000,0,100000,100000,100000,0,1,1690193867,,1690193867,1690193867,1721816267,pi_3DQaBNiM6m3cCaPK9KWOSzOk,ch_3XWoo6SJQqlWRl3xZHfBCmgE
in_1A8kM5mG2D1rvg2QhFgjczBx,CAPUK6AB-0001,cus_mDIzXzYJuVNi75,sub_1GOzx9iWHCW0qwAi7ff9NPUG,paid,subscription_create,charge_automatically,eur,179700,0,179700,179700,179700,0,1,1690200841,,1690200841,1690200841,1706098441,pi_3wcyEhY4KZmRlEcQty0SRN4u,ch_3WqMOMywlHVNMFotuZmao9XZ
in_1DHLeOY6kveEkYbpOYftkiUT,XHVTXX0G-0001,cus_j4jL813sWdp90U,sub_1R2WustfshzahJ25gz7sHBkd,paid,subscription_create,charge_automatically,eur,200000,0,200000,200000,200000,0,1,1690415819,,1690415819,1690415819,1722038219,pi_33u5jsllqWk5km4h5AR8xS8P,ch_35rDAPWEuiliP0S2vEb5dkrC
in_1pKNkX60hu2LRFDQs0dVYXkj,CSCOCJD6-0001,cus_mFgMbAlo4J97yD,sub_1YppLa7eq6lPeuyvKUBkw6yB,paid,subscription_create,charge_automatically,eur,100000,0,100000,100000,100000,0,1,1690487455,,1690487455,1690487455,1722109855,pi_3U57mzyTchOACjafgU4LCtM0,ch_3tt4nWpniiScD1Rg8dSRqOcm
in_1JSzH0VI6Vh2JBCs6esmnZFG,QXUJ6FQI-0002,cus_sbqc8o6d0PhpYr,sub_17ZqxfrvQKIazfVs9uTQwxFl,paid,subscription_cycle,charge_automatically,eur,59900,0,59900,59900,59900,0,1,1690497449,,1690497449,1690497449,1706395049,pi_3mRLIPXS1kIVi30SR5J2VtUw,ch_3sZy21qe1rigfS7Vc7mj0A3N
in_1IKJnRbwxa8FI2hzySMTrTf5,59NSS2G4-0001,cus_Gs2YQpfDLewYTo,sub_1QR18eIvyFckO3bBX6XkDiSM,paid,subscription_create,charge_automatically,eur,100000,0,100000,100000,100000,0,1,1690558185,,1690558185,1690558185,1722180585,pi_3UJgrueo3LgT7DIoSoLHy3GM,ch_3QvotGQdvjbyKU1Ml1VP8xpp
in_1ejtQm7svbqq1Tnd18ydvwBN,LC01CC64-0001,cus_mAAyfoHlhEbOdQ,sub_14hxlmJoMw3A40NHfnyVpq05,paid,subscription_create,charge_automatically,eur,179700,0,179700,179700,179700,0,1,1690798948,,1690798948,1690798948,1706696548,pi_3VkffJiX18b5AVmVG5MtoSq2,ch_3leItoTGNfWLiew69pnhkAxr
in_1W3c3ZzBNMyvCnKvi8Fi3FMy,IHJ29VW2-0001,cus_HvP6qdoVJ3Trwx,sub_1kcT231hjG0DqGGuOmLvGVnV,paid,subscription_create,charge_automatically,eur,100000,0,100000,100000,100000,0,1,1690801233,,1690801233,1690801233,1722423633,pi_35vGOQLDzzRp6c8VQOvKxvZr,ch_3ht4RhJ4VlrAKJsRqOyKVCVc
in_1mnRvSG8m7mofOlH43wSEqMt,8EFJJ76M-0001,cus_zRF9czWs56YqYu,sub_1lmMWPhPnlvEWbBzm9wsyS7G,paid,subscription_create,charge_automatically,eur,59900,0,59900,59900,59900,0,1,1690843664,,1690843664,1690843664,1706741264,pi_3NhcvGxkLvEnM5ayrQSrXGGp,ch_3iFOrY2qZgZUXJP7b2DuS26X
in_1LIXxUXxzWTPAWL1DzlzFmaW,YG8CT8DY-0002,cus_grCEwVUXhAoQFZ,sub_1bpYqlIQRj49dQ2MoTzuTFLy,paid,subscription_cycle,charge_automatically,eur,59900,0,59900,59900,59900,0,1,1690896722,,1690896722,1690896722,1706794322,pi_3q7GAtQLhjaN0QpZXiLHeMPc,ch_3idy62sC4rVaxxJKY4MPlapW
in_1vkWG16AwNxFebF30fKJrVwX,L83O1UFA-0002,cus_25zIA82UBLtYX2,sub_1mQEYSeiYqvMLO9jUh9Kzj5K,paid,subscription_cycle,charge_automatically,eur,100000,0,100000,100000,100000,0,1,1690974981,,1690974981,1690974981,1722597381,pi_3tfdSCrMu8V7YQuLsiZIhFZd,ch_3SiVMUZ4yjw5vXcPOgnMhatw
in_1FbttYYrEYuRfO7xHikZsCrM,6J4CW15O-0002,cus_niiyAl7rP2Dvvy,sub_1LJgHqNXpWysOFSXyhGZDc2c,paid,subscription_cycle,charge_automatically,eur,119800,0,119800,119800,119800,0,1,1691409526,,1691409526,1691409526,1707307126,pi_3puMOeWN38GOrKZiz1iUMPHN,ch_3yHbV9VsNHdidP7qVUjpH3xD
in_1Zo2eYKQQIDaUb89Olud13J9,MNLR98D0-0001,cus_KbQg1QRNrZchTD,sub_1GAqwBlbpq1P1AV1HBrlZBog,paid,subscription_create,charge_automatically,eur,100000,0,100000,100000,100000,0,1,1691434869,,1691434869,1691434869,1723057269,pi_3PmvtGLynaEQL2RA0VwevTVA,ch_3ogueSBYFrK0PGBSdey7yqBJ
in_1bedFnE1ak2H5wQr7BbQHnA8,GJSRBFF8-0001,cus_yBz0zNu4uVqcZD,sub_1WWZ3oVsL0gZw2nBZZDUWc1P,paid,subscription_create,charge_automatically,eur,100000,0,100000,100000,100000,0,1,1691474843,,1691474843,1691474843,1723097243,pi_3xMJJ2chx2bPwJAm52uFYdeW,ch_32mgxq61LUEsLSiZTN8gimtu
in_1EuaJcsBM43KcBn02YrzTO8p,2RDHRFGF-0001,cus_Q33perJtVCa7Ro,sub_1F54qDL23gjEOiBkIZ6xKdey,paid,subscription_create,charge_automatically,eur,59900,0,59900,59900,59900,0,1,1691661873,,1691661873,1691661873,1707559473,pi_3IFF97xYoHofbWrprOpwPmWJ,ch_3ttsPhge5NdLfmodojpoPl1J
in_1gVZKObbpw3PhEHEBoLRipCs,CW9XE9BK-0002,cus_o6bkXa5jRy6Xz1,sub_15ZFiDGnc9uDSosOcMFCKVk7,paid,subscription_cycle,charge_automatically,eur,59900,0,59900,59900,59900,0,1,1692015761,,1692015761,1692015761,1707913361,pi_3kttLyE7aNudHKBkZiDnyp45,ch_3mUTlYIUCsLVniHlTXQrnkZZ
in_17cWFxtlalr4nYuk95mxWpJ4,NJ88LZ1Y-0001,cus_g4OhbFohMb0o3y,sub_1TFK19yYOgDRZU3pdOAdnD51,paid,subscription_create,charge_automatically,eur,200000,0,200000,200000,200000,0,1,1692038802,,1692038802,1692038802,1723661202,pi_317zhuGCLsY3eR1Tq78yHQEP,ch_3rc35y7z7vTeSTbJPZI5KAKE
in_1atOaDe9lHytn5jWkh18lSvw,JX5IRC6T-0001,cus_8UyLhajcWTI4H4,sub_1RMwcRU0l17pNE28pSTMcGuO,paid,subscription_create,charge_automatically,eur,59900,0,59900,59900,59900,0,1,1692093481,,1692093481,1692093481,1707991081,pi_319G7VB92newIVqImeaDqwQF,ch_3nNMGFuXVp3BueUBFwdIh6Sk
in_1bTnULPR3I23sdDQtltCwnDu,61ZRLYNJ-0001,cus_bMmHM36OfHXd6D,sub_1cf0c3xD15zXSp8fxIpJqRnL,paid,subscription_create,charge_automatically,eur,100000,0,100000,100000,100000,0,1,1692280035,,1692280035,1692280035,1723902435,pi_3tNzkiaGOwCOJPHnyOs3YXx4,ch_304LmJLq4a3YRNOpdEqFTpsc
in_1hSvKeIZAiA3SOapcRDwQQUM,W5BQMEZJ-0001,cus_DACi5OrSs0oCzq,sub_1dRaYf2GrkNmpwlcdWhLruQt,paid,subscription_create,charge_automatically,eur,59900,0,59900,59900,59900,0,1,1692290115,,1692290115,1692290115,1708187715,pi_3IzgqUpNlxfygsFBDh3FGLXa,ch_3tra5s2cZjTYTCIqX829s6yR
in_1Pyz04XIp2zXG2Gkxwhs7IbL,NLYFHUU2-0002,cus_K9SEsQkRYn8JzM,sub_14b4hxzbY1qS9n8hwV8tBX3H,paid,subscription_cycle,charge_automatically,eur,100000,0,100000,100000,100000,0,1,1692682169,,1692682169,1692682169,1724304569,pi_3bkBpx5L8ZoxotjzJpeHSpZd,ch_3EzHUDDshoZeUXcrYoU4i6iL
in_17KFM7mWlZO99ZvPaxeR8puu,EPPZTXRB-0001,cus_FPedClKpSoTyKC,sub_1auAwziYTDLU4f1BOzH1kf0U,paid,subscription_create,charge_automatically,eur,200000,0,200000,200000,200000,0,1,1692704329,,1692704329,1692704329,1724326729,pi_3EzAigHKOeKxgCmpXreCxwS4,ch_3fOnszPivh0Vzwhjor0zxDqD
in_1jeyQRV8Yf59sg5Sw1kPYjUp,6DY36O0U-0001,cus_WjrNSYWm3SH9xJ,sub_1tSELp3mgr5AmlEGzZve0eol,paid,subscription_create,charge_automatically,eur,119800,0,119800,119800,119800,0,1,1692952036,,1692952036,1692952036,1708849636,pi_36awfMpGRzE97xZvyHPM3gwY,ch_3RIK6LMh6M5ciq6bCMUvQhRJ
in_1lbUW2cBCVuh7VmW5VyRdQNT,981HTZLW-0001,cus_7g0D4Vu81I43MP,sub_1334gL0fbyuU5NvDlmYA1Xy5,paid,subscription_create,charge_automatically,eur,100000,0,100000,100000,100000,0,1,1692978722,,1692978722,1692978722,1724601122,pi_3tUzG2YykcZ8j1QEmndD10a6,ch_3xtBEFICDW2C9EpDWX5CJkP5
in_1zea4ESfsypKPe9DA3cu43u4,G7WVPE5J-0002,cus_9ONLRcfvT2ecAG,sub_1y5Vkj0SBF7KDryms4DFjSlt,paid,subscription_cycle,charge_automatically,eur,100000,0,100000,100000,100000,0,1,1693049080,,1693049080,1693049080,1724671480,pi_3L7xyMwslC1LYIM35ah4sZKf,ch_3s1tZdXZOWwEcHoFAKIuvXEb
in_1R3nLB0wcOwbYa1QxKANsb80,N9JC1RZS-0002,cus_zvomjVpefdbOpn,sub_1AFrBDfxXDTpl265088hPK1G,paid,subscription_cycle,charge_automatically,eur,59900,0,59900,59900,59900,0,1,1693144829,,1693144829,1693144829,1709042429,pi_381lkHSwMK5fQtrOZ8L9gkIj,ch_3K047NA2RJp76abIyB1CvDrE
in_1Ay7lBINqPD0yaD4jR2bjxLl,SLPUW4QQ-0001,cus_M3kQpKsK0ROdJu,sub_15scQHGkk67UsIrey13IfvUS,paid,subscription_create,charge_automatically,eur,100000,0,100000,100000,100000,0,1,1693210030,,1693210030,1693210030,1724832430,pi_3y5rPvxenCuP9kcgYn8ed7Dh,ch_3dRdmJiFerBSOtPQcjDpoAiV
in_1su65RAya3SYeQk83yqUZLZk,BS9YFPEA-0001,cus_j57gH7vi54J5qS,sub_1235BEX9pZSYwpe46PBS0YHa,paid,subscription_create,charge_automatically,eur,100000,0,100000,100000,100000,0,1,1693310391,,1693310391,1693310391,1724932791,pi_32fLe2x4HG2y7OWJuriepxNz,ch_3C7i0kYIRkM8OvVc1W3PJNn5
in_1IdnK8HfZG8yF8npLKVYa0fP,K3WK5JA5-0001,cus_KxrozgEVG4uYdu,sub_1lxenWisK7Hv4w8NS7EUaxH5,paid,subscription_create,charge_automatically,eur,119800,0,119800,119800,119800,0,1,1693375145,,1693375145,1693375145,1709186345,pi_3UPahhqvv6d57jgFIJJNfWBy,ch_3cZ963JQg6aNRlxJyapVnxvJ
in_1Eb4esYkZT4rqPfY4liCK4HE,G8OQRJCH-0001,cus_7BLYWk6BkvM5Sg,sub_1GHYWji17b6nbMbwhWVo2xmz,paid,subscription_create,charge_automatically,eur,100000,0,100000,100000,100000,0,1,1693406947,,1693406947,1693406947,1725029347,pi_3HOYUySZzQzhwFIycYAdMqLq,ch_34r7FmboxUnLOUofxYLWq2Pl
in_1LEmZn19iBClvpRykTMiNEXB,I95ZJUK0-0001,cus_GXfGIEAksxidBd,sub_1Oe5ikFZz6yhmlgcV911OfZH,paid,subscription_create,charge_automatically,eur,100000,0,100000,100000,100000,0,1,1693487057,,1693487057,1693487057,1725109457,pi_3wgJkEHCQuntJgn20AoQjxft,ch_3Z9e5cxOywAxLsIMFAgU0VG7
in_1oNtIItsOTo3gyDtnosVAQUy,44RH4CF3-0001,cus_FGag8J8yijxmyZ,sub_1AqIbqsPTyjao9HSDChvoSmP,paid,subscription_create,charge_automatically,eur,100000,0,100000,100000,100000,0,1,1693569254,,1693569254,1693569254,1725191654,pi_3PaJNqnoxG0WiKgYuzzKmTK7,ch_3KfErheMFiZq86WUdpigixWg
in_1KhdnVuTrGGxC7TP6EdpMpOa,0CEB8KP4-0002,cus_Um6WfLF9MNsqtL,sub_1pPU7wKXDaGOLHOzdJAJoYHr,paid,subscription_cycle,charge_automatically,eur,59900,0,59900,59900,59900,0,1,1693579908,,1693579908,1693579908,1709304708,pi_3z26KZk4erBPut6fBcOIwAfh,ch_34SAVlJjB7MupVQSrFvzHkSh
in_12FyFV89sLOxMn0qBgg4Ah7p,1N2FR0LR-0001,cus_vOOf2SbGKVWrE6,sub_1ejrk26LCXYX7TFG9Bakb5fx,paid,subscription_create,send_invoice,eur,13500000,0,13500000,13500000,13500000,0,1,1693912027,1696504027,1696010047,1693912027,1725534427,pi_3875ihYdzsRmbFDjDp3AaxvF,py_3fToeQpp7vK7SyExTsLykFgU
in_1cmjTe7bCAS98anKJdcQM6ae,WTLZJXEW-0001,cus_obnwHk5gWSmnBu,sub_1EJNbJMy9npTj8TpZliUdkJa,paid,subscription_create,charge_automatically,eur,100000,0,100000,100000,100000,0,1,1693916005,,1693916005,1693916005,1725538405,pi_3QTNQlJB68XXT8C5Ka4k9rMY,ch_32H0HnqzipljcASeITRobz51
in_1QwoW2z10OBUnL3T97BjofUJ,OF159R7A-0002,cus_M4SJ0TcIF2cP02,sub_1zAJAjVN178p8IRT7R1KX14E,paid,subscription_cycle,charge_automatically,eur,59900,0,59900,59900,59900,0,1,1693930414,,1693930414,1693930414,1709655214,pi_3XOTMYhvfeTVUs6oTGx6XsMk,ch_35tpUldFEXGJUkw9S7YRddXw
in_1TjTUMR3JBYJyRD8ayPw8VoJ,CYIROZIN-0001,cus_0xUDHXG4PIWz7D,sub_1vzJ7mB4s29ac8dQJ5HCm72X,paid,subscription_create,charge_automatically,eur,200000,0,200000,200000,200000,0,1,1694025583,,1694025583,1694025583,1725647983,pi_30ZXk4r94yrREr47TsDNfmOs,ch_3fVnhJWBEwJ6g21WZk7GvLgG
in_1osDY51f1Cquw6M6RXmwk5Qa,IT3T9Y61-0001,cus_heOkBIpQSe0Rxc,sub_1yo4pZkiH2qo24aNOyKF6Ox5,paid,subscription_create,charge_automatically,eur,100000,0,100000,100000,100000,0,1,1694044607,,1694044607,1694044607,1725667007,pi_3LiQoRLwZbbAnK82GP1VrLWC,ch_3rP1wnCu9PV3mtdS9JsrIWLs
in_1niCV0mxbfeSs0Y6yeLKBmNI,OR5DTKMW-0001,cus_mTpWf0v2GY26uI,sub_1VtULqJmsmq3hOs1edlreU8P,paid,subscription_create,charge_automatically,eur,59900,0,59900,59900,59900,0,1,1694128440,,1694128440,1694128440,1709853240,pi_32dnmPKrcnPnpMvVqsq7OriP,ch_3qVjoRJuxygJSnHPFuwnrUh6
in_12EBs9lAvtR4ibLgK0m1EDRR,EHKC032G-0001,cus_e94f8z2p8NNymg,sub_1KO5vIDxeXJHqxvkKVtydsIg,paid,subscription_create,charge_automatically,eur,100000,0,100000,100000,100000,0,1,1694175128,,1694175128,1694175128,1725797528,pi_3jnbmQyM3RZYdnVj7nXPfrxT,ch_34UrUNhednMrVD8npafIzl1n
in_1MLtrhKimTcQYzId5uFYEppS,RCCG8K99-0001,cus_nrdJehu0T6kTJa,sub_1pAgzkvnFfv2bfmqC7nyQHRw,paid,subscription_create,charge_automatically,eur,100000,0,100000,100000,100000,0,1,1694351174,,1694351174,1694351174,1725973574,pi_3Yi1DCiRgSLtdddGrmEdx4ed,ch_3c5oW97hRbF8nCHDIBMAokOC
in_14os0iQUPCqjtTUmcaj7AXCr,LHS75SUL-0001,cus_QrwS00s2lbkCfD,sub_1460LFG484Co5b2jMriBLwOE,paid,subscription_create,charge_automatically,eur,179700,0,179700,179700,179700,0,1,1694529562,,1694529562,1694529562,1710254362,pi_3MGIrbTt1wn1JOQr91Y7U4vd,ch_3cP16gWPmzy4i1gJZQKZyOc9
in_1ZtLPBnZXkAMJBaaTmul80N7,K0XP6INP-0001,cus_nCFjbqDnSz11co,sub_1g1I9gy0n4MEbKUf7f7NJTRs,paid,subscription_create,charge_automatically,eur,300000,0,300000,300000,300000,0,1,1694562880,,1694562880,1694562880,1726185280,pi_3JQRlOoN8Z50RCT1lK9bjOTI,ch_3v53S1LFJrsyvfGiyxNhR7cH
in_1XFm9Idd6ImtPouGD33zFajr,S9SEAK66-0002,cus_dcw8T3i2xbRte5,sub_1fDWCAIAXvOVIeaXKtmRI9DV,paid,subscription_cycle,charge_automatically,eur,59900,0,59900,59900,59900,0,1,1694616994,,1694616994,1694616994,1710341794,pi_3joWqiovbkEDMdGa5aMVOzKa,ch_3sPh5pjPEW2YI8GZJPFLWnOY
in_1voPk0onQAjzJXL9fSrmxNf2,XX8XEW30-0001,cus_bSe6AMTZ5ftOri,sub_1CGj6qK26lEWIIUQOOcyhQJg,paid,subscription_create,charge_automatically,eur,59900,0,59900,59900,59900,0,1,1694795193,,1694795193,1694795193,1710519993,pi_3IHXEFbQGTTzv7z2Gxn7cMWQ,ch_3XhldDn5JhpE5ZuvvyMV2w0A
in_1sPbDO9H5BLIAEKTu5qKEXdT,NF04417H-0002,cus_pinwdieUpVDMO5,sub_19aIyS4Y35cRXtms8y5VGAZ7,paid,subscription_cycle,charge_automatically,eur,59900,0,59900,59900,59900,0,1,1694847381,,1694847381,1694847381,1710572181,pi_3x9iIUDLmC1659r61QuqCwZL,ch_3jdHP6F5boQWGJIPc1eUUmGo
in_1Pr9hd0FppNaGn663ySPJRtz,QL73V2DW-0001,cus_n3FGGArfVspwGM,sub_11Ws622DPyqVuJ9PEjn8nIpo,paid,subscription_create,charge_automatically,eur,59900,0,59900,59900,59900,0,1,1695015594,,1695015594,1695015594,1710740394,pi_3Lkn4n4fm1oO1hyO5SQmGUch,ch_3pIHpKt1sHl9Srit2lczkjaU
in_1kRdGU5VA7iU8ntvXE1WzfAT,RLNV4XS7-0001,cus_G1uAYH6HpUvWIQ,sub_1P5BHGTrZHDkc1KLVr4nNq70,paid,subscription_create,charge_automatically,eur,100000,0,100000,100000,100000,0,1,1695035577,,1695035577,1695035577,1726657977,pi_3J52RDWsZWziuDcVgQQOe2XE,ch_36LftCTNctsoCCXvmLvBNmg5
in_1gTtcZwaHs8Osh7XyqJHugyh,BB9EESGG-0001,cus_dRKanwUKMnKOLB,sub_1hz6iAg2bglj0FiyOaF8zjJu,paid,subscription_create,charge_automatically,eur,100000,0,100000,100000,100000,0,1,1695143313,,1695143313,1695143313,1726765713,pi_3FPWrVGpLlcDB3oDBNr53mxD,ch_3aU9RRVppYiUmQmS6JvqZ3A0
in_14frSnsx31tHvbBM9yHhyXUk,2M87OZQ5-0003,cus_ugsSzmG0Sm1JOD,sub_182HKTMXxBfnkBcu3RZvXxXy,paid,subscription_cycle,charge_automatically,eur,119800,0,119800,119800,119800,0,1,1695187661,,1695187661,1695187661,1710912461,pi_3UpGwSVtP2RIAPLschqGVl5Y,ch_30HdlxBFiwJJOTQqF2Oo4xgD
in_1XzU3mSe1AF9nzbKhx9fZMIB,L6YST2MX-0001,cus_4yhuaOhdvtfdNQ,sub_1J2Iht9edMkg5MrKD3gj2vED,paid,subscription_create,charge_automatically,eur,100000,0,100000,100000,100000,0,1,1695222628,,1695222628,1695222628,1726845028,pi_3brCPXZ83TtWy13wsJQVYc21,ch_37pDwjtPfZI8VUykLiyOREEW
in_1UHWK9yxOdI7mYWYpAUa2bB5,17IJYYHH-0002,cus_kmkU68qj4xBpEO,sub_1kZHwj4nfo3H7S5aPBMwpELh,paid,subscription_cycle,charge_automatically,eur,59900,0,59900,59900,59900,0,1,1695232321,,1695232321,1695232321,1710957121,pi_3BePBmrDHQuRrR2mcy7akFm6,ch_3ZYnBKrbDf4yoilxqLNoHMTf
in_1t64Tr6RG1YJTLrhgPp0L7SK,NOQHSK8C-0002,cus_sFrZCDlhI4Iy51,sub_1h4nzijPTaVCGoaO22SeIrOo,paid,subscription_cycle,charge_automatically,eur,100000,0,100000,100000,100000,0,1,1695300375,,1695300375,1695300375,1726922775,pi_3fOA2Yh6LQNdomaeeUYz1ToG,ch_3LVWfF6bWh0O8VGqBmpyfZ6g
in_1QiBraBriLbIjtOUHpEce8dY,BTSMW3VW-0001,cus_K6Ulmo2WM62UTR,sub_1y7WBwAxUe5up3Q94ETxHf8c,paid,subscription_create,charge_automatically,eur,100000,0,100000,100000,100000,0,1,1695382913,,1695382913,1695382913,1727005313,pi_3Tvv3pK5dJR9Gsq4rCxCZmRl,ch_3XiMzwR70T5r8NfhrHL3cneF
in_1izCUO8A5lICe5kDZ8fdcTsg,IGMUAY8W-0001,cus_rYqHEPu7HA9C2n,sub_1ZEXiAZRi3zogVSzzCt5kqkg,paid,subscription_create,charge_automatically,eur,100000,0,100000,100000,100000,0,1,1695415638,,1695415638,1695415638,1727038038,pi_3oiOHsdbP0cNBK7c7fIUouuy,ch_37j5eR3o3GD3HPsI2ywRJ4RY
in_1Gqmbri3utKHPCEZMrPQSw4w,CHJDK95C-0001,cus_C4Ar28pq0OOh6L,sub_1hPLW8cu6sajQuj4ZgQX2f8j,paid,subscription_create,charge_automatically,eur,59900,0,59900,59900,59900,0,1,1695720339,,1695720339,1695720339,1711445139,pi_3dHYwaPNWYnMO41wZV2VSzaz,ch_3nzaLKt0Sri0MxK9f0Sae6zz
in_18u57c3RLbfD7J4HSRnLPD4l,0PITO1V7-0001,cus_TwbFKPnIEmmUpI,sub_11bHT9ynznrexQW0OZPd9FI6,paid,subscription_create,charge_automatically,eur,59900,0,59900,59900,59900,0,1,1695721988,,1695721988,1695721988,1711446788,pi_3YgpsFEeEY9HaACt9WCovhjj,ch_3ThbD8nZA0CjWVgpQMkIZJLH
in_1o6TmDIHYRiRiMeTYvIPZnU1,1AOVSO6E-0001,cus_rFrdvaS190pENl,sub_1D1nah0nL8YYNhMoYe2a3P0X,paid,subscription_create,charge_automatically,eur,59900,0,59900,59900,59900,0,1,1695725642,,1695725642,1695725642,1711450442,pi_3WM35KvGUcRi3v0Grf8MMQSx,ch_3idreBV4UXj4BkqdkeCyT4eI
in_1j3x2mj46GMP8i1sNV5JpITQ,K7GY4YYO-0001,cus_WSPnA7AA4MuJTW,sub_18qT3DB1KttKCD5AZ6YyXQrp,paid,subscription_create,charge_automatically,eur,100000,0,100000,100000,100000,0,1,1695806586,,1695806586,1695806586,1727428986,pi_3u2Yo2PiAlvG1weoX3yCFbce,ch_3TOCPSd6cc6IvQlaUg40ZQqc
in_13orXe9Ib3kA0pDfI8ekw37p,XDVJO63A-0001,cus_3bl51DzMrPbaKT,sub_1h7Ftdj7qV9Dq3YtetT3RJxH,paid,subscription_create,charge_automatically,eur,100000,0,100000,100000,100000,0,1,1695889130,,1695889130,1695889130,1727511530,pi_3d4RALOEu135wcMihtGhgg0m,ch_3x43u3IPmAfHh7qbIBH8D65v
in_1plR52BIiUs3SMf09gt2BsUK,AVXM8F5M-0001,cus_UlDAdxGQJdHbY4,sub_1CUyGX0ejNiSv2x7BTu48BZW,paid,subscription_create,charge_automatically,eur,59900,0,59900,59900,59900,0,1,1695899231,,1695899231,1695899231,1711624031,pi_3SXpQfbJxmAFbehla1Bv4i6A,ch_37ciAACv60cKkqCsZOr8Z37R
in_1Apkusdg7A8I5Z3AiMHT8CZw,3ROQ98SU-0001,cus_vDLr2xIXmH3Doo,sub_11gyqFVBwqkI8zYgXUoBJxQi,paid,subscription_create,charge_automatically,eur,100000,0,100000,100000,100000,0,1,1695995039,,1695995039,1695995039,1727617439,pi_3lOia1NtwkJHFNzIwyOLXzp3,ch_3Bdl8z6ecks36zDav9hCbFvK
in_1IBBvUakGRCEdtENnD9NUUdP,GIEA9MIV-0001,cus_cZ5B9qtfjvi5qU,sub_1TglFAhlOxFXz53EF6kPmaFx,paid,subscription_create,charge_automatically,eur,100000,0,100000,100000,100000,0,1,1696267537,,1696267537,1696267537,1727889937,pi_3tQXlWNepB2sIygkfSF6UcaA,ch_3OU0cmcqll9Jb3CNlaHZagAk
in_1z8tQycB1NUBzPYOWLkYsuCP,Z2RIMSI6-0001,cus_qyyg9NSApXtw98,sub_10cHLU9ir7ULl7b4XTLc1fP4,paid,subscription_create,charge_automatically,eur,100000,0,100000,100000,100000,0,1,1696504815,,1696504815,1696504815,1728127215,pi_342oSP4XAjv8pj1hKgBbxvR6,ch_3NT3K6astFq645TE7Mw7r7GW
in_1LzDiNIe3XWrEwV9A9rmjkLQ,99MV6H32-0002,cus_S4ZJJYOMqJXM7k,sub_1biPIOO5QNfBDD51KgDXndqr,paid,subscription_cycle,charge_automatically,eur,59900,0,59900,59900,59900,0,1,1696525108,,1696525108,1696525108,1712336308,pi_3DRgZ7bZkBlUeA9E0dciBx7k,ch_3yA4WzGP8aWqQqeoPkUFbL88
in_1JYCXJhuJ5ZKUtwg5Sz1KXQ1,1YHXNB6Q-0001,cus_bFrbXgaJMucVpM,sub_1cyL5b9HECdZCVLzRfoT0Fia,paid,subscription_create,charge_automatically,eur,100000,0,100000,100000,100000,0,1,1696577173,,1696577173,1696577173,1728199573,pi_3OuNTE49fJkybqY3cQXYqrNu,ch_3yykNadUNW8g1pGYEWUe7f0V
in_12ku1OwO3vNidqV4y84UBmac,1P3O8N3R-0001,cus_sQzpE3AXkeIWq2,sub_101KTixQkzROhg4DRRzXYTHH,paid,subscription_create,charge_automatically,eur,59900,0,59900,59900,59900,0,1,1696614760,,1696614760,1696614760,1712425960,pi_3JQ3qpnHgqF6XGjsfNXLrl0y,ch_3L2L2CxK1JoAGXQBANey1fUp
in_1nuiaZKnxEPliuBF5hTT4XIv,7SVU2SR9-0002,cus_6pm68BP8C4r8AL,sub_1nZODjjfGWmEP7n2WZrdBKnW,paid,subscription_cycle,charge_automatically,eur,59900,0,59900,59900,59900,0,1,1696693109,,1696693109,1696693109,1712504309,pi_3GmoZTSlS2HB8ZlqTjE0lWTz,ch_3ba7tZyrRgokjMUwB9xiEUPi
in_1WsH65UbZ2gkgSWK3VxmXrty,8V0CJ17R-0001,cus_VXhOp91qtLkvNU,sub_1zDgQl9VkUyBiWA37lKPNpli,paid,subscription_create,charge_automatically,eur,59900,0,59900,59900,59900,0,1,1696851465,,1696851465,1696851465,1712662665,pi_3PSTRp9FvKsmScpBZopjThIf,ch_3NnhH3ZOda43TyBuzFz7B05e
in_1NFBKZMIverVdsK6XUfqtU0u,1PRC2URK-0001,cus_pCefKvmR4TTioQ,sub_1Wwy2ghAQKWf3nv2Fq6oqpPt,paid,subscription_create,charge_automatically,eur,100000,0,100000,100000,100000,0,1,1696934419,,1696934419,1696934419,1728556819,pi_3L2JU37bYnkm8ikgtpjQzrPS,ch_3NeoSx98xe16I0jOyrSGvVT4
in_1LAM18BgRdHPAhLkzQuDYqiy,PDGCA21X-0002,cus_E1h7Co3mBWede0,sub_1SS5wWihDcNj7Zx2CPujNrJ3,paid,subscription_cycle,charge_automatically,eur,119800,0,119800,119800,119800,0,1,1697021821,,1697021821,1697021821,1712833021,pi_3sMbhbMAbQJODxImFaKG9LPo,ch_3Q1jzlzagvDfMBT305nzURMy
in_1Vi3NYDimZcqHXTtqBtkeMlD,CTT7N062-0001,cus_rGPzkojL0To5rQ,sub_137y1kFzPbRciCPdaj018qDp,paid,subscription_create,charge_automatically,eur,200000,0,200000,200000,200000,0,1,1697104074,,1697104074,1697104074,1728726474,pi_3JBRqogfChV6MfXFWbg9OOFn,ch_37e2TSMJGGMlqzP6hsy5MtiO
in_11qvicVeY8T4oCuveWempepl,IWY7ZSMJ-0001,cus_qxLepgwWR0rjDx,sub_1F4yRgImspJPAO3jnSYL40so,paid,subscription_create,charge_automatically,eur,500000,0,500000,500000,500000,0,1,1697108015,,1697108015,1697108015,1728730415,pi_3YBG21F3M3jSVM3ESUrWMN0p,ch_3qV7X85d1oZR06DJZCKXolbC
in_15fDQzBaHW86yTV0LB5AnakB,B0FX1K2I-0002,cus_x6iXaIzSNfPNvw,sub_1kAoy2ozPOT3RhfAgMG5DsmK,paid,subscription_cycle,charge_automatically,eur,59900,0,59900,59900,59900,0,1,1697212147,,1697212147,1697212147,1713023347,pi_3883xV9S2Tmp28qoQhdej5FS,ch_3TpsgXIZ7OkvwTU8lXA81tVY
in_1KmbY8JeC0Ht3oKZoGykzN1e,P0NX83AN-0002,cus_uXSyPDyKb2yIMt,sub_1RX8mnzWP1kjviAqIN200Jme,paid,subscription_cycle,charge_automatically,eur,200000,0,200000,200000,200000,0,1,1697624963,,1697624963,1697624963,1729247363,pi_3fPkGB5oGtVtUUBXUnzjLd9r,ch_3G64awXHuOlKYq1mDwPUalrH
in_11VxX3rruVbzn0UEDCGu02n6,VYXKUEHL-0002,cus_ujmYIEWvPmK1Wl,sub_1WgFdCupYGWuzroFQ3PTD8U0,paid,subscription_cycle,charge_automatically,eur,100000,0,100000,100000,100000,0,1,1697654826,,1697654826,1697654826,1729277226,pi_34tB4tWrikwuHEq0AmtKMXbk,ch_34V7p4eFn6t3Zv8fyXuKsKbC
in_1XcTduG2UoJiFRyfUXggYVdZ,Z5RRBRLU-0003,cus_vwozlvuUWe7ME1,sub_1Mr78jpadnTxQHUGexsw9lT0,uncollectible,subscription_cycle,charge_automatically,eur,59900,0,59900,59900,0,59900,3,1697729460,,,1697729460,1713540660,pi_3oyyM3ZlKo3GiQeXUwmBud74,ch_3b5LWUxUbzpY9RJvDEc0Vcwy
in_1wmDmXBiAg6Nxv4Wgdqkml7r,3NVIUVLY-0002,cus_woKjmjVidARzwB,sub_1w3TWfDRYqek5Y8tFUe83Wia,paid,subscription_cycle,charge_automatically,eur,59900,0,59900,59900,59900,0,1,1697797464,,1697797464,1697797464,1713608664,pi_33g17W7W08nUEeeOk5D86OR3,ch_3PTdb07X1utu7qzw7cwae691
in_1y0P5jHdJql7iI5RPdrUoKke,H9OLT3WL-0001,cus_WHIKsPAo6YmsmE,sub_1RV9B5Rp8E5YNTGjXzzsAC03,paid,subscription_create,charge_automatically,eur,100000,0,100000,100000,100000,0,1,1697815764,,1697815764,1697815764,1729438164,pi_38yOaiZ8wfH8udBLbP5t412l,ch_32Nx3SKH0lVLnC9KTdAMEI10
in_1WBGkIUUeV724gpPL5P8tWB0,A556517V-0002,cus_cISqDoWiXf1TsW,sub_18CBBw9HM60SvcDwxmnsm9pF,paid,subscription_cycle,charge_automatically,eur,200000,0,200000,200000,200000,0,1,1698241669,,1698241669,1698241669,1729864069,pi_37dNe6ZY7dU0SE25s9DHok4t,ch_30SbMSUhSejGKgDNNIHuLW5m
in_1Ghj2gC9Ooid33msnykpCjuw,60RDYF9X-0001,cus_Ct4toegjXJBWnw,sub_1RRSz6xYo0MYWWKnROAq03XO,paid,subscription_create,charge_automatically,eur,300000,0,300000,300000,300000,0,1,1698245009,,1698245009,1698245009,1729867409,pi_3bzpvPwrwHPDSDT4VExyvTvL,ch_3y3xr8TsnnXwdr6z6uk6FEXm
in_1RRiXQjqMtosowQFKbtsgsAK,ECAB02TS-0001,cus_O55LlfLDwSFUwG,sub_1TMt5rh8054NRFlvkdwWnjCp,paid,subscription_create,charge_automatically,eur,59900,0,59900,59900,59900,0,1,1698334249,,1698334249,1698334249,1714145449,pi_3ciuEVz4VbI46SXSmScPvD6j,ch_3JOP6SDM4B0xjvvt7XICQAlb
in_18jH44PIaNde04XX3lwcNHoE,3I7MLMZY-0002,cus_cp7KWvJyHFgxGV,sub_1d2Irmo1pOOY3gyUsBMFBFsJ,uncollectible,subscription_cycle,charge_automatically,eur,200000,0,200000,200000,0,200000,3,1698356159,,,1698356159,1729978559,pi_3icelG98V2HnFENworNa7cAo,ch_3HdtVWHBI6bIHBkpxl70XAd8
in_1HPbt9bkk9cC2VFhJgpg3334,NHULT017-0002,cus_A5NUM1mc4KzYv5,sub_1XGxhrTJUvZeuZi67uks87TT,paid,subscription_cycle,charge_automatically,eur,100000,0,100000,100000,100000,0,1,1698399574,,1698399574,1698399574,1730021974,pi_37otw6TzKNxIDwXU0zkDvkOf,ch_3TKIdsHWiONPj016tQdaO4jm
in_1bfcjFzmwxO6Nq3mATTfrv0b,U5UYC1HT-0001,cus_Wuumzv8nn19X0O,sub_12VGL1wuRzKshoSYNibqfu93,paid,subscription_create,charge_automatically,eur,200000,0,200000,200000,200000,0,1,1698409766,,1698409766,1698409766,1730032166,pi_3JKMYAxdkmsYrtVtjKgZCJxP,ch_3CNdR0I4chULnrzMMcw9MGP4
in_1GCQ9ftC3d0OEwgiTwMTUtJn,NRC1GP3L-0002,cus_X5Q8oNOnUTkAK8,sub_1q0Q4sgN0fh0jI1EUS4q2kyP,paid,subscription_cycle,charge_automatically,eur,59900,0,59900,59900,59900,0,2,1698449297,,1698712877,1698449297,1714260497,pi_3DzpY0JewE4EZcVu1emwdrL0,ch_3gMzyHzLPfF25E1wandCVs6f
in_1YiWEnPp9SRyf9hiKa2kYtbv,219KNECW-0001,cus_pfcpigwlAC0PIt,sub_1KNnkuu8Jsq5JXozdUL3t0lp,paid,subscription_create,charge_automatically,eur,100000,0,100000,100000,100000,0,1,1698681586,,1698681586,1698681586,1730303986,pi_3QXwXmwhAyiDQqygqksoL5MP,ch_3k62vX2HsWjpLmrPMI8761en
in_1UekeEMkk7oQEBkHJEbPcnS5,5Q54KS47-0001,cus_Mtj704apHDoMDZ,sub_1wR2lO7sBrBwj9hmVfrcXjue,paid,subscription_create,charge_automatically,eur,100000,0,100000,100000,100000,0,1,1698839724,,1698839724,1698839724,1730462124,pi_3vk5GHlnSVz5q3iGvrzoa6j0,ch_3q3BsCF8fV6pBAnJUAyHT6Eh
in_1lOkgWnNb5dDFpuVtsEMoggG,P1NDERFM-0001,cus_iOpCXkp4o61wCL,sub_1HnjqPnYwfRJLzxdX0infMOk,paid,subscription_create,charge_automatically,eur,100000,0,100000,100000,100000,0,1,1698911168,,1698911168,1698911168,1730533568,pi_3RkFdp7sJ5oUHMtnPLSISn5x,ch_3un77XpMHwtk3M2ZA3ZW6O9T
in_1JrSTn4X8y86n8c72FxK7jFe,BEDUS7J3-0001,cus_wH0sOrwUuDfPnZ,sub_1nEDtcnB77tShDRZpyTf0TAe,paid,subscription_create,charge_automatically,eur,100000,0,100000,100000,100000,0,1,1699026558,,1699026558,1699026558,1730648958,pi_3BU5Wm53goRGKckUlxrszGgE,ch_3V7oWdiohdu4bu4PhH8gCF1M
in_1ZtH30wfzCf8GYurjAZcQjey,FVEC9DYZ-0001,cus_so5WkqqHnhPKgZ,sub_1lzrOlLa9jiBU8rW7jdE5TQu,paid,subscription_create,charge_automatically,eur,119800,0,119800,119800,119800,0,1,1699094285,,1699094285,1699094285,1714819085,pi_3WFgdgBPkUUSG0UYMNI2bXp1,ch_3bTg0e6b9JKj46S19d2nttp8
in_14JeWenHEh1Leq9ANd1SnK0I,M9SFG97W-0001,cus_zXiqP4KIpf0P2N,sub_1u1QrSqFPin3CdQQMEDCQk5A,paid,subscription_create,charge_automatically,eur,100000,0,100000,100000,100000,0,1,1699356141,,1699356141,1699356141,1730978541,pi_33RRFjq5FTnz7qEarYw18vJk,ch_3QoirVEkQhjWlTxKp76YwLsW
in_1oAm3qaFMDmYrBzJXukKflES,U8M68O8H-0001,cus_QCp8b5ZfXeM03v,sub_1qi9zVk2RtRqD3RSJWtACool,paid,subscription_create,charge_automatically,eur,100000,0,100000,100000,100000,0,1,1699386809,,1699386809,1699386809,1731009209,pi_3m1O5FvbT8aH1EJ9BPl39WFK,ch_3Di16vKWhNFi9rQtO2btnGax
in_18hTSFjtfAzUyRrepYhgXmb0,JB7DD27X-0001,cus_ba7LWageRejLxM,sub_1vuvIX1PIfCenJnT7hmDfx4Z,paid,subscription_create,charge_automatically,eur,100000,0,100000,100000,100000,0,1,1699620404,,1699620404,1699620404,1731242804,pi_36EGh4i4fXFy7XUqCffRbk3h,ch_3CxZFPIAdOnVwgMt59cWrcKN
in_1dymnDHMAjTiDZCw9B651V9r,JQLKA1NL-0001,cus_mhm9OdDPklC2ba,sub_1k47po2bijxiQaNRIZta9ZYQ,paid,subscription_create,charge_automatically,eur,59900,0,59900,59900,59900,0,1,1699884798,,1699884798,1699884798,1715609598,pi_3QT98LIFgb2OrbnpPERZ3915,ch_3UpK41JtXFmsyINND0v6zwQi
in_11G8siBQunlNako6klYtKw34,8RAWAVVU-0001,cus_MXynEe9s0DyyXf,sub_1Nvb6oJdwW9MT7WRmgJw7hbp,paid,subscription_create,charge_automatically,eur,179700,0,179700,179700,179700,0,1,1699891788,,1699891788,1699891788,1715616588,pi_3KJ86anAevMJtAJ3in8OBnEx,ch_38VMhNNULBV8cMWCF3HkntiX
in_1ULvjRdgoQ0vR54F3W31tP2o,JKG19HIT-0002,cus_mRjlTXsQMR0k6c,sub_19J6RALzKgNvyqk0YjkA4Cw8,paid,subscription_cycle,charge_automatically,eur,300000,0,300000,300000,300000,0,1,1699939563,,1699939563,1699939563,1731561963,pi_39YxxjPrNNvzHnZpBp925UEO,ch_3DxuKu3QJzie8iIOP7gf17wi
in_1AiaauQbktlm2mziB51aKueT,0IITRZUG-0002,cus_Xa1uswYTdNRZ0j,sub_1kVG0nMN2B5DPZpo0LWsHwXc,paid,subscription_cycle,charge_automatically,eur,200000,0,200000,200000,200000,0,1,1699965443,,1699965443,1699965443,1731587843,pi_3Bx2bFxjNApvrFmvVaeh6BO7,ch_3EKhO33SUFNTPxV1V5IIZTdJ
in_1Z3mtaLlEGOKxhzggkkTvtSN,EC71ORJI-0002,cus_PVjLRvL1PgrpdB,sub_1iCsWPM4kC2iYiKm02IEPAYU,paid,subscription_cycle,charge_automatically,eur,59900,0,59900,59900,59900,0,1,1700055115,,1700055115,1700055115,1715779915,pi_3TSiSXlY3RxnchwNB51DCIXa,ch_3FyjBeQa5cFSQSBxsHimJpi6
in_1CmUzf6vBsJYNgVX3hEfWLQy,B3ME94VX-0001,cus_LGxQ6qXDjkkrR3,sub_1clTEjirvKYyPkqXzmc8QAEO,paid,subscription_create,charge_automatically,eur,200000,0,200000,200000,200000,0,1,1700141454,,1700141454,1700141454,1731763854,pi_3W8nXyg23i560zwAw7sh4QEu,ch_3JmIDZssKtN5ZmLWnfTp7ZyH
in_1MQLtfRRuUoo4m2cbYGAVzUe,SRFGSXNG-0002,cus_eG0LbYLQNwFFVA,sub_1hSQJEvjruoEa1xFIbYK1wJ4,paid,subscription_cycle,charge_automatically,eur,200000,0,200000,200000,200000,0,1,1700143580,,1700143580,1700143580,1731765980,pi_3WoR67fuh7l2buv3tZE8jNNC,ch_3K4oonn9oniGnlUWx88onAAW
in_1C3mZTjMi25i3bvJHhIoowCZ,50F6727A-0001,cus_nk33htcGaay3ek,sub_1I1nDU3KNpp6zyzVNuNhCrfD,paid,subscription_create,charge_automatically,eur,59900,0,59900,59900,59900,0,1,1700145042,,1700145042,1700145042,1715869842,pi_3rDoO0yrgi4dvxF0vN6ZRpdU,ch_3rLgdL4p9NnqsvTOcuYA9LAQ
in_1dpKVEeXMpqpDj0VLaQwyrIR,81MAUHFJ-0001,cus_PvJgotQyrxO4H3,sub_1nf8kFnTSiUGl9hZPpURv8iO,paid,subscription_create,charge_automatically,eur,59900,0,59900,59900,59900,0,1,1700220440,,1700220440,1700220440,1715945240,pi_38I6fbxUgBNbjz1ctJWd3SdA,ch_3AdYKqMnu7ZExDOBit8r9iZ9
in_1cGlsm011PBzLotyzohBTJqo,6JG8TBMR-0002,cus_krYqVmzIdjjLZY,sub_18Iv0d9WqDMwWHOEy9BqVUuN,paid,subscription_cycle,charge_automatically,eur,200000,0,200000,200000,200000,0,1,1700223589,,1700223589,1700223589,1731845989,pi_3uH2YLrHETN2OmHZnOfWhNNa,ch_3j3CkbH8dJdpiOzRQNAEnI8a
in_1DPljSiJDwjbJTFp7VASqcCG,J4UUO1HL-0001,cus_fWS8LbDEkw0mb3,sub_13NrUBOFIpYtfGp3B8fDCznY,paid,subscription_create,charge_automatically,eur,200000,0,200000,200000,200000,0,1,1700553647,,1700553647,1700553647,1732176047,pi_3iUKfGn8AyYA8AEMQhXi2IjC,ch_3Lb1URVB33iY9G8QX01lMVHw
in_1rIyXnC7j2C7mOTGQjzomv2k,51FR4Y2O-0001,cus_77uGGPq6Oeh8RO,sub_1qmZ2Fxc9DOenehDym1YtCyC,paid,subscription_create,charge_automatically,eur,59900,0,59900,59900,59900,0,1,1700632371,,1700632371,1700632371,1716357171,pi_3MFOrMOkCrvIbBOEH0TkZnXJ,ch_3BsSF0WyS6shZRhQUkvY2U6k
in_1fv8icOhJBtsXsgcFeUBURH4,Z29STCZ2-0002,cus_tHezHZAfXUzZSD,sub_1uMYf9xt91g2gYXSYOUGgGTt,paid,subscription_cycle,charge_automatically,eur,119800,0,119800,119800,119800,0,1,1700645836,,1700645836,1700645836,1716370636,pi_3Yo4p0ozLDvKOA3GyAr6nHI9,ch_3wdHz8yMFLwJvY0sFAoKPcqO
in_1D1i3RlXAbm5Tw57NNjYFxY4,X3DOPLME-0001,cus_G6ImWHdUNx69uh,sub_1B50FK4R8hhoFXLxP6eLc5F1,paid,subscription_create,charge_automatically,eur,119800,0,119800,119800,119800,0,1,1700656631,,1700656631,1700656631,1716381431,pi_30ANiu2ze1JVHVAgFfhrWOMv,ch_3yStzsqblmPTQvVy6vID6RJs
in_1C4NiF1pUWcMITPUowD06NFV,72EMCSUA-0001,cus_a3d8ROtbvk7nzR,sub_1uYswrs4rC1y9NqOYqIpKx7P,paid,subscription_create,charge_automatically,eur,59900,0,59900,59900,59900,0,1,1700664090,,1700664090,1700664090,1716388890,pi_37PFyzAUa1nI6p3SvyLRT9rv,ch_36mGf5rDcsSqBRQjOvmsCFtK
in_1RnPTAxs3nTnRpAQhbsVukd4,CACH6671-0002,cus_jUhe0yCNMn5FwZ,sub_1u7lxFFjv7bCjNwHovXWKgRF,paid,subscription_cycle,charge_automatically,eur,179700,0,179700,179700,179700,0,1,1700815015,,1700815015,1700815015,1716539815,pi_3XCSRSpB94O6qVNdzUa3KtJ2,ch_3T1U2O1PgTkFQI9ApBFPZtFQ
in_1PDKOACwfzNOFDxqIW7mZK2h,0GODUL0X-0001,cus_dX2UDVwPtLUPgR,sub_1PC8QoOKEvC8tlhg8748B3zN,paid,subscription_create,charge_automatically,eur,300000,0,300000,300000,300000,0,1,1701095893,,1701095893,1701095893,1732718293,pi_3JDWA7gJkbJzOQLGJnWNMKAF,ch_3u4M9sAvYWivATX9has5c8XQ
in_1yiTQtibekTsx8mS1ZfUyLGM,JG60FPC6-0001,cus_p3kiNBlekIwJ2P,sub_1KbhdNH1qiUPzfpOdTCbsAjm,paid,subscription_create,charge_automatically,eur,59900,0,59900,59900,59900,0,1,1701153166,,1701153166,1701153166,1716877966,pi_3T9QUjcNTU4dn327cQAdJIko,ch_36JCWiqg9zkvUZE8nWsAnJPy
in_14bjuwotCBc0tLt9qYl5DA4V,MFZLHHRA-0001,cus_E8uS8SbcGyEWtg,sub_1TnYIsekNmOTLlSWhTRikzRn,paid,subscription_create,charge_automatically,eur,200000,0,200000,200000,200000,0,1,1701262849,,1701262849,1701262849,1732885249,pi_3aJJAtgrw7g16xkcIN51sEqb,ch_3aoVVFPvKjqiE4glY0fI5WNe
in_17civnEfOvO3wGDYzCdqifXQ,B966PEPI-0001,cus_HA6ABMnMTMyaE1,sub_1QJPnwX8MsOf4kl3cbQba4OG,paid,subscription_create,charge_automatically,eur,59900,0,59900,59900,59900,0,1,1701434258,,1701434258,1701434258,1717245458,pi_30JtVpC37P8yjY2WsYkNCKpH,ch_3qOBC99a6ELHOMEcvDS0bSQU
in_11lZpQ1H0hvVcliwHavn7o3f,AQTI8DGK-0003,cus_u7WE0s6vJL5l1h,sub_1y9OUntD5zQLm10hKHwgWMB7,paid,subscription_cycle,charge_automatically,eur,100000,0,100000,100000,100000,0,1,1701438163,,1701438163,1701438163,1733060563,pi_3Ili8Pr9e1sny9gWyjhFE25I,ch_3oC84lWLqvkLDUjcl9edvi9t
in_1JvmujYdrXAfhMGrGERGGG0Z,MMZTUYRR-0001,cus_L9MAAY7d2AWZEH,sub_1NPckc4AirNTA60j9Zbk0Y8J,paid,subscription_create,charge_automatically,eur,59900,0,59900,59900,59900,0,1,1701438376,,1701438376,1701438376,1717249576,pi_3K7djkGPu7fQpD6KpUhj67g4,ch_3GcdrbRDq2kpkFjKnHi1lUDo
in_19DfbCxBHuuSjZAaqnN0Ox7s,SUH6QA2R-0001,cus_z2qmRuhutX1rH4,sub_14TwD50QBObbryXpj4JIfm3P,paid,subscription_create,charge_automatically,eur,100000,0,100000,100000,100000,0,1,1701679000,,1701679000,1701679000,1733301400,pi_3EloXCJcSg7FZ0MFpN5rDD4K,ch_3Y0U33ULCbRqBrDfCoJyi5cB
in_1CK3nWtr0Y0MJ075OR0xqGY3,XA42VDX3-0002,cus_E7Xaw8fZQUJd4y,sub_1KfqvPHfebs7oV9usyV4mAgN,paid,subscription_cycle,charge_automatically,eur,100000,0,100000,100000,100000,0,1,1701746057,,1701746057,1701746057,1733368457,pi_37MkSHuaLJeX9Z2Mj9ikjA29,ch_375VDtCTzw0enE8iYnDzGFjh
in_17rGeyVpOaQzGcnEkAh8h6hs,4NP9ZR1W-0001,cus_d36yP2TYEra4iS,sub_1BnbkFnOs7uLvNetCyoy3fZf,paid,subscription_create,charge_automatically,eur,100000,0,100000,100000,100000,0,1,1701793913,,1701793913,1701793913,1733416313,pi_3eM5myrTDFkEtA74twyNrX36,ch_3LlfvbFzw5Y9fvBKb2e9zKDo
in_18JeLHmkThuoZz7QSfK3Jsvf,4S13CVKL-0001,cus_aE4xUwDpsK7F06,sub_1wmVjsXNGJpNm4n91VHtc2C1,paid,subscription_create,charge_automatically,eur,200000,0,200000,200000,200000,0,1,1701846336,,1701846336,1701846336,1733468736,pi_3NS2CjbVwmotEi0178fU1K4T,ch_3oGSrOSR954xG8JqVqjyofMH
in_1XfyK7iPFtvDci30SWkebNmf,UWNFYR5O-0001,cus_7nxmnoXw29nA94,sub_1KAbhGVadS5yd28LSbvKA9qi,paid,subscription_create,charge_automatically,eur,59900,0,59900,59900,59900,0,1,1701952966,,1701952966,1701952966,1717764166,pi_3iXgla3sOI8ybl2MtttiNHmt,ch_3m7eY2xCjUWivgPLMyvLvh1F
in_1kJsKz1FzI6mpoHMlGLrZYD1,U3R7XMYH-0001,cus_PHCshAVfrWZthJ,sub_1gH6mmvPAHzW2hpcpIsZmF40,paid,subscription_create,charge_automatically,eur,100000,0,100000,100000,100000,0,1,1701968938,,1701968938,1701968938,1733591338,pi_3AJO39T9IMnc1sSQYU7sWa7J,ch_36nnLEHQsRU0K7Bg51WMudg5
in_1MlCDtFfTB72lBhDzafDeCjO,13MY3ZHD-0002,cus_fFlxnVM92ArQGN,sub_1f9uU4hTsJBdpFmMQMiEmaxJ,paid,subscription_cycle,charge_automatically,eur,100000,0,100000,100000,100000,0,1,1702119342,,1702119342,1702119342,1733741742,pi_3PV9KMKKLHuPn2hDyzuqGcoQ,ch_30ih9edng5Y3deSnPTuk9M8W
in_1uYjJnK50UexxUCvqJsjGZ9B,9VR4IC6Q-0001,cus_cMGwRRvtoTdIiv,sub_16SvHlizDDm7zIKN3zFKfLOR,paid,subscription_create,charge_automatically,eur,59900,0,59900,59900,59900,0,1,1702364037,,1702364037,1702364037,1718175237,pi_3DJvrLFgrmQhlITWPqyXsg22,ch_3bIQkCQY1BCHJvLhvhPED7Ko
in_1lYUn0wCAGT5fUZAUL1ORUXk,DX6JYE2D-0001,cus_ibXD2aojTiY9g0,sub_1BZx51zrEmusVgePnGnsMrQ1,paid,subscription_create,charge_automatically,eur,200000,0,200000,200000,200000,0,1,1702468538,,1702468538,1702468538,1734090938,pi_3NtG3ny3oxdnMHGIiJ19I0gI,ch_3TE5aT50Wyn5jKA3eB7vdGjH
in_1Cfh8eCExibnuHdCMPeGsP12,IPXA0J28-0001,cus_9TwvtOe15rDBXU,sub_1J9EgMiDzTUc1nbIgywqjPxH,paid,subscription_create,charge_automatically,eur,59900,0,59900,59900,59900,0,1,1702651857,,1702651857,1702651857,1718463057,pi_3Fd93bvCT2XOGOwgI0JJJ5BB,ch_3ke2TDjA901lWvdGl4LmblAI
in_1pSOjUAsIbJ6smG3pRhEX1Yy,0XSF7SYF-0001,cus_5b9iDl6IcU2YUt,sub_1A2FVbTpELMjcLeeQYBSqg0F,paid,subscription_create,charge_automatically,eur,179700,0,179700,179700,179700,0,1,1702655959,,1702655959,1702655959,1718467159,pi_3fxPCfGW0FQQTPXTnZMuYEhf,ch_3ELZGj2aQ6c5r1hWkhV6Buec
in_1iLpg8o5XTduyzO2zizQUQA3,SH8RF8N1-0001,cus_GKjz59bbfYZhQY,sub_1LHER5aeh6UGeU5xp6ojvGuF,paid,subscription_create,charge_automatically,eur,100000,0,100000,100000,100000,0,1,1702658211,,1702658211,1702658211,1734280611,pi_34w3uGqLXF5pQvqKZRxZbMyF,ch_3uqUPvkZX78rdzpCXc6SjJ6i
in_16BfK3use1VFc3csXgf9Ywyh,P7KSG1X8-0001,cus_GwqVkn0sc0VfuP,sub_1BEQNFpnW9zlLrdnMJaJItpr,paid,subscription_create,charge_automatically,eur,59900,0,59900,59900,59900,0,1,1702904736,,1702904736,1702904736,1718715936,pi_3uhfKHD1iEoemoItznT0rkXo,ch_3a5pv9h5fW8CRS6pxXtt5UYu
in_1VmPOneyN8bSkzk9NliTEo7U,K0MT5CH5-0001,cus_i7lZZgKfh8yYP0,sub_1sAbIXqiAyemjiyi49FT9UKl,paid,subscription_create,charge_automatically,eur,100000,0,100000,100000,100000,0,1,1702998754,,1702998754,1702998754,1734621154,pi_3gqo44aoZvGl4cGzo23Pg1Qh,ch_3rtkBHAmAHTr8qMf0X7xxkz8
in_1ZzrhtXeIsWqeOpO7JZ4si3d,KLBQ0KDY-0001,cus_x2bW2qwpjbtdWl,sub_1yePsQz9hHy8UHS9aPiOZVI0,paid,subscription_create,charge_automatically,eur,500000,0,500000,500000,500000,0,1,1703498585,,1703498585,1703498585,1735120985,pi_3YNfPWvl3j3SbmOUHT3IjorW,ch_3N901i2c3Nmv6VMWonZH58cv
in_1CGyJ1K5fQMzIcNV49bzI4uW,3SA6T2OX-0001,cus_d8s1fQPVBik7Ob,sub_12oQt7spdnDy34Q81i55duQl,paid,subscription_create,charge_automatically,eur,100000,0,100000,100000,100000,0,1,1703523745,,1703523745,1703523745,1735146145,pi_3XbaeMmdB6R9RcwlVN7klfcY,ch_3K6RdG0zxHeaky0H9qGcLz2m
in_189Azih4dVbk08nqJoaJKw6N,FHYNE5EU-0002,cus_KZCQRqFZnWQLEg,sub_1YmsWmJDDX5j8qIpVN05cdUD,paid,subscription_cycle,charge_automatically,eur,59900,0,59900,59900,59900,0,1,1703590056,,1703590056,1703590056,1719401256,pi_3COo3UTBWshvsEBUwhAvYFu1,ch_34ROxqvHVqhfGcjDxCac49g3
in_1NWeYTVr2QU34f5wdNPetnFY,LKYQ52VC-0002,cus_a0h9bjkiIuyE2x,sub_1zJ3uDaxyAYIUXAxbWXqsq66,paid,subscription_cycle,charge_automatically,eur,100000,0,100000,100000,100000,0,1,1703609974,,1703609974,1703609974,1735232374,pi_3pBXGNePE0FYsgUWLKJmkGtL,ch_33VTje9BK5Y7MGamd5a3E6gI
in_19Lx0L0f0kyRdruFt6zqgEIj,VHPJC4UZ-0001,cus_XsLS1SECyyvOtL,sub_1GqmjkJ3zUl9BHsJczAndEqz,paid,subscription_create,charge_automatically,eur,59900,0,59900,59900,59900,0,1,1703686579,,1703686579,1703686579,1719497779,pi_30Qci3o5512wc9VBiflKZFZD,ch_3UDOmIopG547IG3Snu3OZYwO
in_1E7bYfoZhsNKksMNqQlZ9kjB,53FC41TZ-0002,cus_ienX88FWUCs4RB,sub_1vrTM75hM8Bk0azdDteYUYkI,paid,subscription_cycle,charge_automatically,eur,100000,0,100000,100000,100000,0,1,1703692734,,1703692734,1703692734,1735315134,pi_3zHoyo2tJLTRWD5t3shcxeLh,ch_38Pae0rla6HcXKlFRomse768
in_1Wb7K2aZ5MsOcVrSgj7eEvpg,7GM1AVUH-0002,cus_kCDMK85HZCe9bb,sub_1kDbKasAtnyC7VK5HHYzXnvF,paid,subscription_cycle,charge_automatically,eur,100000,0,100000,100000,100000,0,1,1703693916,,1703693916,1703693916,1735316316,pi_3kM5M0YAZL3niez0pfS8Z8Be,ch_3KI5IiHEkNbWlDmEPcpG3IeR
in_1RpZ1Yy8tHZew0QnEt2Wb2Ph,AX3BILQ8-0002,cus_2MVje4fs7tS1i1,sub_1d6Uc4gbcez5DIsd0bsXMzoc,paid,subscription_cycle,charge_automatically,eur,100000,0,100000,100000,100000,0,1,1703846019,,1703846019,1703846019,1735468419,pi_3CBcKoVczF1nggBqRyEj5Bea,ch_31qnzQzA7iO8XELEeJQY7Uco
in_1e5knAyaks6kOtNN5iDQG1xG,QA9VATZ2-0001,cus_xcyj0HS3wYC7zz,sub_1KNrgy6b7wyyNwVhrj76STl8,paid,subscription_create,charge_automatically,eur,59900,0,59900,59900,59900,0,1,1704033317,,1704033317,1704033317,1719758117,pi_30m6Fc9bFGS3sEz6TTw4BHO9,ch_3YSctcadOFJF0YqLc2BmHzYn
in_1Em7B6eNL4f9e7YCQPyEqxm3,0FEES6ZF-0001,cus_Lv0dKSVYPM5X34,sub_1qDeKlg1Ot5X6nBkLACWKG65,paid,subscription_create,charge_automatically,eur,200000,0,200000,200000,200000,0,1,1704100228,,1704100228,1704100228,1735722628,pi_3HRqntZ679DmukEkHWdeKm2d,ch_3FlbdjNYr6X5mdmV7iQAxvuB
in_1qAZLdRGwqmtxCQy8eJIaZWV,J1JRVVRG-0002,cus_gevA4s0yRpDEjk,sub_1AEn2oZtamCv8gZ95qvzvE9D,paid,subscription_cycle,charge_automatically,eur,59900,0,59900,59900,59900,0,1,1704127660,,1704127660,1704127660,1719852460,pi_3OKZn00T2Upz1ZkZZmQOahsQ,ch_3lnmfShOrODvAyrLkwQ0XNGw
in_17qqKbzVwmlbMuwJEqLJJBnv,JGB6DROC-0001,cus_bMF0WqZy3iGk9W,sub_1XxUeXDEUYHwPwiQgb6LbEaJ,paid,subscription_create,charge_automatically,eur,59900,0,59900,59900,59900,0,1,1704211044,,1704211044,1704211044,1719935844,pi_3zqbbbNprC79dcoYJH0QOE5q,ch_3Tsi7m0ddsz4vyH9Em7admXx
in_1Crf4CisuuTF2jp7KxznfLDK,RYSRC0SA-0002,cus_ZGeXM4wfnfNH6S,sub_1iFldvofOZmFPVXBIZKn7ixT,paid,subscription_cycle,charge_automatically,eur,59900,0,59900,59900,59900,0,1,1704211814,,1704211814,1704211814,1719936614,pi_39cltsx133JuAlCYWqAZPBzp,ch_3afMUbss2gqUyFEoPQAzIBvO
in_1bFuqEJVFdkKPgV5YSXEmI00,DK83F255-0004,cus_S4OWRXlJczEYeO,sub_1mUYo1Pl1f7MDyLSN3bIsaSx,paid,subscription_cycle,charge_automatically,eur,119800,0,119800,119800,119800,0,1,1704312286,,1704312286,1704312286,1720037086,pi_3V5clId8nJ1s3YSakOpmJIWM,ch_36KBLkGX20UESh0YVgAiAyCJ
in_1rGs6ulFXcaP230JuHmNUC7F,UBDQ085B-0002,cus_EEBX4uYNtb8lFg,sub_1J4WUAWTQqEnFV512v3fo9GO,paid,subscription_cycle,charge_automatically,eur,100000,0,100000,100000,100000,0,1,1704884721,,1704884721,1704884721,1736507121,pi_3VlsFnVEfTyjocAYNfhkb9FF,ch_3E85uE4mHP1Bbm8sF4rDmXAN
in_1kA2o47WtqPVX6Tl7Tpjr8FT,W5K88WHZ-0001,cus_vYzoAe96FY1p9C,sub_1DPyUjvfutzFdHWlZboQWpj8,paid,subscription_create,charge_automatically,eur,59900,0,59900,59900,59900,0,1,1704895317,,1704895317,1704895317,1720620117,pi_3eLHbaDMKOBVaEKZu7Unbo0v,ch_3XMQsNQJYqhMKydNjKHLbhTt
in_1TfFhmmlUh8Gb9yHFAsbhxBN,5Q6UHQ80-0001,cus_pJQES5A7aZtRUD,sub_1g89GtE5pApgiKkbpCAVebRb,paid,subscription_create,charge_automatically,eur,119800,0,119800,119800,119800,0,1,1704976086,,1704976086,1704976086,1720700886,pi_3u5GoSuttgqHYb9BGHGbtXvI,ch_3j4MUUpqVdJM1ywUfyelf2sj
in_1hm23RYSiFyZ5lU41l7bgnny,NP1CW4PK-0003,cus_0tpucqjL2ZxTnG,sub_13gZOUDacQ2cx2JDfk3QmK8z,paid,subscription_cycle,charge_automatically,eur,100000,0,100000,100000,100000,0,1,1705059568,,1705059568,1705059568,1736681968,pi_39gzjqBKf5HEgYoGFTi6E9Ud,ch_3tvK4wQNLYw5uLkB9Nsw7v6Y
in_1NIPokBtBOCH42WqDo0VPJ2y,LW7NG71H-0002,cus_piD40BuxcaVKbU,sub_1m8nhmSB8VjC3kRrjZ2mnN6U,paid,subscription_cycle,charge_automatically,eur,59900,0,59900,59900,59900,0,1,1705157602,,1705157602,1705157602,1720882402,pi_3psJSLH5rJy8KF16FKNnPHdJ,ch_3PgFI6M6rhKLRunl0iK5uWLG
in_1G4JW6W9eR7Zi83kJJWkdkiC,G5NNGXYV-0002,cus_RFRr8eNGTX2RQs,sub_1EGiletnAeVv2Uxc02JDfYQr,paid,subscription_cycle,charge_automatically,eur,59900,0,59900,59900,59900,0,1,1705170471,,1705170471,1705170471,1720895271,pi_3POS1TuUG1fDkjcr3UnBZgN6,ch_37KPLu5snPRWpfFZXq0X3Q3J
in_1G1GOs4vgnhUrEmXjhP1uDgh,ZIF3VZPI-0001,cus_NOnY90xhGl57Kw,sub_1UPmbmSYuHHmmDLJZWTR6gKn,paid,subscription_create,charge_automatically,eur,59900,0,59900,59900,59900,0,1,1705399591,,1705399591,1705399591,1721124391,pi_3uVFhkw4v5Om12rJOeNkDH44,ch_3hlTY4TvQcmwcZLXlTb35gPn
in_1yZUWD87SWJ0cOLnLW7VvTW7,L1ODXC0P-0002,cus_zfanYic1JLff6l,sub_1QJqiwqVKZGkbFVAzxQGNVVI,paid,subscription_cycle,charge_automatically,eur,100000,0,100000,100000,100000,0,1,1705420533,,1705420533,1705420533,1737042933,pi_3bfj9rm2z2aSe4ujm7vEPSOA,ch_35xIUasyJdMeucS4ss1nuaFc
in_1eB70l1GHxQ23bpEgrS1XJPp,CP7B7BJ5-0001,cus_QRVOMHpBYAOXjL,sub_1voNSeptMGFrokHn3yFBltf2,paid,subscription_create,charge_automatically,eur,100000,0,100000,100000,100000,0,1,1705675271,,1705675271,1705675271,1737297671,pi_38gKOW05Ak8oOetVVlQzrk1w,ch_32eezRIfxOfG9oZUE1CnXnxz
in_125l5G2TviKrdpfzopHrlajC,Q3I4UCYK-0002,cus_CkiSCj59tIUM8G,sub_1svdBEEYc5oq2xeHCVeKUnOv,paid,subscription_cycle,charge_automatically,eur,59900,0,59900,59900,59900,0,1,1705835440,,1705835440,1705835440,1721560240,pi_3LKMMXB0PJsrGsUyXOL9OI36,ch_38FgVlPMxAylobyNHs7WQCNx
in_1e3P8gl3d2k3ulkrG7lESHMh,QA5H20MO-0002,cus_nwQqxUhiZP9Bl9,sub_1xRc4oSEHGM7Zwg18TFRkYJ6,paid,subscription_cycle,charge_automatically,eur,100000,0,100000,100000,100000,0,1,1705846994,,1705846994,1705846994,1737469394,pi_38sKHmtReR9utcGP6GobP66Z,ch_3o1y4idJWo1Nn3dnafEn0LHw
in_1hn2HJRENf5VwQeGgDM0ikf2,I78LRFKS-0001,cus_f2ROxEFoZUYexG,sub_1kbrqo3DeQbWyOnGYHs4NSsQ,paid,subscription_create,charge_automatically,eur,100000,0,100000,100000,100000,0,1,1705917462,,1705917462,1705917462,1737539862,pi_3Hm1Dzl9eUzrY9at7Pcb3bqM,ch_3CFdtNNWl3lGXdUljX2ZZqui
in_1ehQqUPhVs7KsGbgO8AqwmVR,A4BRCSZ4-0001,cus_E5uU2Ob2RXMScV,sub_1WGDPqbEL3qoHwMsWD2EGi91,paid,subscription_create,charge_automatically,eur,300000,0,300000,300000,300000,0,1,1706001313,,1706001313,1706001313,1737623713,pi_3Ey7sp63RL65KhXZg7b3DFt9,ch_38bVJvWEXAvFHaLv1IgQ1nRs
in_1bDzTYpOAogjPvkEXVIzxJJ0,8CX3ZCGD-0001,cus_A0Gj5UoSyEMnt9,sub_1mft7TP4TEkNCaPtM0d1uMao,paid,subscription_create,charge_automatically,eur,59900,0,59900,59900,59900,0,1,1706035831,,1706035831,1706035831,1721760631,pi_3cVu06Uhp0zuJYpd5l9WQnE4,ch_30vP6Jbux2cIGdeBmsOVnkma
in_1MJkcOAgSG73kUWFgJ9fr8V2,CAPUK6AB-0002,cus_mDIzXzYJuVNi75,sub_1GOzx9iWHCW0qwAi7ff9NPUG,paid,subscription_cycle,charge_automatically,eur,300000,0,300000,300000,300000,0,1,1706098441,,1706098441,1706098441,1737720841,pi_3H9v0vRRsC8QMqv58FmeAPBt,ch_3Qj9WMbGawQomdQAoNknD2O5
in_1wYFV7SPSRhyNRCCQa2hEM0B,FJTZLOM4-0001,cus_JIsH17zhKqOkyA,sub_14XCOMVWGzCTUg3FctyGvKPZ,paid,subscription_create,charge_automatically,eur,59900,0,59900,59900,59900,0,1,1706102834,,1706102834,1706102834,1721827634,pi_3ou3TKZCVmNfDe8D4qpwDTJN,ch_35uHhPQGse9HxEPT9O6ow41N
in_1YsGY1e4aUm40fWrDlipRzOj,I2IX21NA-0001,cus_nu93Mllg7sPw7E,sub_10B1Fux6BNLmFBG6XLLzfRZA,paid,subscription_create,charge_automatically,eur,100000,0,100000,100000,100000,0,1,1706184758,,1706184758,1706184758,1737807158,pi_365rxaMhPjkXCX8N0BY5musv,ch_3IkXfB4l7iflQgpAa2UewBD2
in_1CA0IoeJusrlAlnp6jwmDTP8,2BMVWFC8-0002,cus_51LBjx26D6mX7s,sub_1Fyg79HdTEUVjdzz0uPeFs0r,paid,subscription_cycle,charge_automatically,eur,100000,0,100000,100000,100000,0,1,1706278171,,1706278171,1706278171,1737900571,pi_3iOIomUUDIyCIFQ1v45ljdEv,ch_3kW1MhPwQo019xBDMLm1qLx6
in_1A5aDvWEmEfsGheMFuiEBF1H,87KHO9CB-0001,cus_n51erRcp66Apx2,sub_15GQAwtRhhHMuW9ksBdRubh7,paid,subscription_create,charge_automatically,eur,100000,0,100000,100000,100000,0,1,1706278895,,1706278895,1706278895,1737901295,pi_3HyUaBBobHTfg9wN7hkQOEKu,ch_37yQF9j6Z1Ckpu0TqzNxNxni
in_1QQTdPjh9o1rnPEitzHkmwwc,QXUJ6FQI-0003,cus_sbqc8o6d0PhpYr,sub_17ZqxfrvQKIazfVs9uTQwxFl,paid,subscription_cycle,charge_automatically,eur,59900,0,59900,59900,59900,0,1,1706395049,,1706395049,1706395049,1722119849,pi_3PvQpb6watesqEXVmqktHV5y,ch_3RvdvpGVq7jGhRaQtYFxcerj
in_1gxHTgefIla2sOkmAbek8Nk2,BXZM5L5L-0001,cus_rJg4yas33C1Jg0,sub_19DmdCrDhhRwUQimV2Z3EJMJ,paid,subscription_create,charge_automatically,eur,59900,0,59900,59900,59900,0,1,1706542257,,1706542257,1706542257,1722267057,pi_3jUptygVd0z6HShONsNzPzYc,ch_3Y1ZTkoGyG2RTtIlnnRp1mG6
in_1Ktrr9ALbPkjKBsKr10tpw8p,L7S20PUH-0001,cus_2kXF9CoNhHDYe5,sub_1BJ2bXbl5wfh5IraYWKAPrGH,paid,subscription_create,charge_automatically,eur,100000,0,100000,100000,100000,0,1,1706629477,,1706629477,1706629477,1738251877,pi_3zDVBrqnIJFo50eF9eEYKLC4,ch_3GHgbFyk2Z3IjM7uWZuiGZZV
in_1wol3HASwr3fgTJdzSHNIN55,LC01CC64-0002,cus_mAAyfoHlhEbOdQ,sub_14hxlmJoMw3A40NHfnyVpq05,paid,subscription_cycle,charge_automatically,eur,179700,0,179700,179700,179700,0,1,1706696548,,1706696548,1706696548,1722421348,pi_3piKQA7ynHaPUoJjNA7tiRbH,ch_3HTF1FWP3E5K6o1wtl8QkwSi
in_1CsQze88dCEUsDb3dXluslCq,TQ7KTZSE-0001,cus_v8RoP1TETbMB90,sub_1W9nKP0TO0l1FwNmIKkQlI5e,paid,subscription_create,charge_automatically,eur,100000,0,100000,100000,100000,0,1,1706706938,,1706706938,1706706938,1738329338,pi_3tN7nqEJrAsk3cZaMNQ4LVBy,ch_3duoNA7lk7Ta2lVmUMdL7kMg
in_18M0h8X65PIC7nkqoNjLf6CP,8EFJJ76M-0002,cus_zRF9czWs56YqYu,sub_1lmMWPhPnlvEWbBzm9wsyS7G,paid,subscription_cycle,charge_automatically,eur,59900,0,59900,59900,59900,0,1,1706741264,,1706741264,1706741264,1722466064,pi_3vkd0mtL4JOBQ64EEG4lrCZP,ch_32NawslUyHryji1Ngms1Amli
in_1lgDU3fuqOWHsmlL9A1VcqZt,8XY4CWTO-0001,cus_KdYw0LAOp8jkc9,sub_1POxkX5BgSJHzr2YJ9OC5JJV,paid,subscription_create,charge_automatically,eur,100000,0,100000,100000,100000,0,1,1706929064,,1706929064,1706929064,1738551464,pi_3KZGTnrXKTK4dSNedZZEDRct,ch_3iW1EokeC1indCN8UaA811gZ
in_17MBkPkGe8VU2IvRybTEb1V4,77NWU9EL-0001,cus_Qff6FbT1prs4Za,sub_1aZ1teWsfIHiWPHcWCKpwVIH,paid,subscription_create,charge_automatically,eur,100000,0,100000,100000,100000,0,1,1707118725,,1707118725,1707118725,1738741125,pi_3M5DWFAxVqk3Gg3hdGMNF9Z6,ch_37I1rHCRXyKEMoGkDJs2iaFi
in_1g0QrTsZzaY2Mvu5UscLPrZ2,JBER5KBG-0001,cus_cLjLFhhwTXlaNS,sub_1xhVNLKI7B9dPzZVndCCTvtJ,paid,subscription_create,charge_automatically,eur,119800,0,119800,119800,119800,0,1,1707235667,,1707235667,1707235667,1722960467,pi_3ujUDMblAl8EepzuVVsxbAKR,ch_3ZHa6BIUFAUYDJZIWQjlTOf4
in_1N81R1QSqil3Tf3sfg3Km8zV,ULRIBXUJ-0001,cus_kIuVEJRArJS0sL,sub_1Q6Zm6bDagL3oXIbxK1r3ukQ,paid,subscription_create,charge_automatically,eur,179700,0,179700,179700,179700,0,1,1707273741,,1707273741,1707273741,1722998541,pi_3XiUCJvRw2gQ398OiA4TSaUL,ch_39FfaSrx9IbYYQUW691tSy1P
in_1JxW5DvGsK1MC1kF6dpv57Vr,MSQNPPXZ-0001,cus_Sh1Ev7xmApvwFL,sub_1OaE9Lou3Evy969SwK0Whuwn,paid,subscription_create,charge_automatically,eur,100000,0,100000,100000,100000,0,1,1707388873,,1707388873,1707388873,1739011273,pi_3V2KjgTrnxadZR4O30jpfFsb,ch_3ciZ8wR2iIoLfZ8nBEHeox9Y
in_1OB8rBFF6g2EOj0rdGlAlBNZ,NZ1U6H6M-0001,cus_3DLRefwo7bSYqM,sub_1dLT1ZhgvahACK12TIi29k51,paid,subscription_create,charge_automatically,eur,59900,0,59900,59900,59900,0,1,1707398003,,1707398003,1707398003,1723122803,pi_3JyUIqUSecYcvkmJUh4AhG5c,ch_3R5Ejbs7xSb0ypkGXme57tLC
in_1TGODqMeOLpCI2G4dCF3r6d5,P9X3DL1R-0001,cus_rfSUrPf2YUESBL,sub_1fDSMpGg2REEPnJqeoA8b7IL,paid,subscription_create,charge_automatically,eur,100000,0,100000,100000,100000,0,1,1707402606,,1707402606,1707402606,1739025006,pi_3XfxNkpcXNSi7fVvWtNG0oCm,ch_3h37QklOBp1DLmPR0hu50LfO
in_1ABVdOFqrjoIpI9CaDvzANuG,4ZX24QK8-0001,cus_la20uw9Qjoi2gz,sub_1sY0Ueh8yL82JjtmFB9ke9qM,paid,subscription_create,charge_automatically,eur,200000,0,200000,200000,200000,0,1,1707444563,,1707444563,1707444563,1739066963,pi_34lVJkE27ivHrVawJUgXarw3,ch_3ts66kR9Ln449MmEanUtzcgv
in_1SLu4D114ge1RVbMR4YhsdA0,E6GCPGXX-0001,cus_9xmDGxoLu3xR7v,sub_1tFI66bTA5z4Xe4BEv0yQlov,paid,subscription_create,charge_automatically,eur,100000,0,100000,100000,100000,0,1,1707488824,,1707488824,1707488824,1739111224,pi_3UvK65qt4ptAdUOEl8Rh4bRk,ch_39E9mwD0wsiQOoFDWXfHpet8
in_1hFt3HkJkNWmIQQzdR5sJlSO,L99WZD41-0001,cus_YB8XMO7YYIMjQ8,sub_15QZa2XtaVywGksUMbuuC6Z9,paid,subscription_create,send_invoice,eur,18000000,0,18000000,18000000,18000000,0,1,1707742983,1710334983,1710683163,1707742983,1739365383,pi_3zqMTNyxp9QFjT9XPdERTrs5,py_3ygtVRr818rd78cmEiftgN7l
in_1ADOrpJCjouezjl58ms8z37n,U758CJP5-0001,cus_McPjmWKhBFTgR1,sub_14UKxd5qSqWTkFzYSg2T6JLU,paid,subscription_create,charge_automatically,eur,59900,0,59900,59900,59900,0,1,1707800855,,1707800855,1707800855,1723525655,pi_379tHjlAhbqwvZ6BxHCJCLDW,ch_3HRb6NEAESKqY6NxaYv4RCS6
in_1IRTWf5FcJAAfi8kszj8ttnE,CI0DABFI-0001,cus_pFgTVbjRq6rQDu,sub_10yhQxaUXZeSXOfP28MdzU5c,paid,subscription_create,charge_automatically,eur,119800,0,119800,119800,119800,0,1,1707836011,,1707836011,1707836011,1723560811,pi_3axRf5nVoFBGBI1IpEMDNBky,ch_3rcsVAKlsDxsa4AlpiXuI2hw
in_1vGu4erHzQTxJSvrxUoPsDCV,QLOCJNRT-0001,cus_DaeDLkQhydgvN5,sub_1pDi4gZBx8vu2L2MphsX8qYS,paid,subscription_create,charge_automatically,eur,59900,0,59900,59900,59900,0,1,1707912263,,1707912263,1707912263,1723637063,pi_3O7Flk67E197PkLfcOKA6ZFZ,ch_3ZpxNVdyaO7McqEqEqnLvybx
in_1jgxSazWvX7ocmyg3IYvH7KS,CW9XE9BK-0003,cus_o6bkXa5jRy6Xz1,sub_15ZFiDGnc9uDSosOcMFCKVk7,paid,subscription_cycle,charge_automatically,eur,59900,0,59900,59900,59900,0,1,1707913361,,1707913361,1707913361,1723638161,pi_32B8ba4Q3UWLE8XSNlvYhjOG,ch_38uSw0WgcXxodzgaR1WrZ6el
in_1qG9S07inVuXMwQGU19P9yXd,XGHXXCYL-0001,cus_XO16dA7cW9mvkB,sub_12TYDkXSWWhL6hZPhiKLCovr,paid,subscription_create,charge_automatically,eur,200000,0,200000,200000,200000,0,1,1707924840,,1707924840,1707924840,1739547240,pi_3kLZvX1RXFku5N1qckHKB8jm,ch_3lMIIfndkA8eOIOLxLdkw6Th
in_1OhywoNRLQVQn6pMpi7pufWr,P79JVPU3-0002,cus_JHsHYmBhOL3Mej,sub_1Nyq7qwzewHVvpXOGKiLdcBk,paid,subscription_cycle,charge_automatically,eur,100000,0,100000,100000,100000,0,1,1707949130,,1707949130,1707949130,1739571530,pi_3Nzmj42GIqz4pOfnFR5sBKoh,ch_3mi0s2uUBAxkLCh5GQQs0oHS
in_1PAZBxLJs5Au4ydDvcTPhDFj,KIM69TMV-0003,cus_S942mr3zeznIdV,sub_1iZBdqBRMabFxHowsoIr15JV,paid,subscription_cycle,charge_automatically,eur,200000,0,200000,200000,200000,0,1,1707986954,,1707986954,1707986954,1739609354,pi_3aJHenxIeqeTX8VSbC3Pgmcg,ch_31X2IuJohm70AqCzOzoHEasi
in_17nbMH7C6Kwnph2JKeOg3j4I,A410114X-0001,cus_T7eH5rgJXQbZrR,sub_1tDCNk9ulFr26Uf6E0sugs4r,paid,subscription_create,charge_automatically,eur,100000,0,100000,100000,100000,0,1,1707996610,,1707996610,1707996610,1739619010,pi_3claBreLiKYAe9oJezC4Bgr7,ch_3oZCvZIlChwM2R53kFsD01Wo
in_1tbPKw5Fya4SLcKHL43tBXp7,55KLYHIP-0002,cus_Hp5MLNVZF5YbSF,sub_1dcHAsX1zo96Sgkv6TOpbxML,paid,subscription_cycle,charge_automatically,eur,100000,0,100000,100000,100000,0,1,1708003693,,1708003693,1708003693,1739626093,pi_3LsRIpOHJkTPUEuS4CyPxxIW,ch_3lLPK2W6IBmAYlJXUg7vjfZX
in_175FQCzaiV0vKfiiMUuXW2sM,URQ11C3T-0001,cus_igS85lwKRF70Vk,sub_1pu34b6bW8wpmHPEhHbm1gWD,paid,subscription_create,charge_automatically,eur,59900,0,59900,59900,59900,0,1,1708083479,,1708083479,1708083479,1723808279,pi_3YQs7V5rXWDhT65XfhUGiYBU,ch_3v0Btpnc1rKAkEXZbM3lBZFS
in_15yO1WAoWIzsDIKDdDEq44w2,U8F22GJ1-0001,cus_zT3KctBblLBWCg,sub_1lzw27mnDL5MK3DXbRuhon5q,paid,subscription_create,charge_automatically,eur,59900,0,59900,59900,59900,0,1,1708095987,,1708095987,1708095987,1723820787,pi_3cEWd22Pkci6eEyqazhQ7SA9,ch_3UAfKgsIXToGUJyy4ch9s75u
in_1QAkkuhTenVGN8T2PT5m5FsG,02F0JFZJ-0001,cus_y8DhhXNb82vIhq,sub_1Ypxz7IFAXkthtDibksG7Hnd,paid,subscription_create,charge_automatically,eur,200000,0,200000,200000,200000,0,1,1708353475,,1708353475,1708353475,1739975875,pi_3VTeXpZNRm3wnhW1a8nDluV3,ch_3A1EsfvwJx0f5Ueu3Kaqyyp1
in_169geUzZRFln5IXFJVIDFHFY,D43JIC2U-0002,cus_41dq2ZXE3PHXPN,sub_12OyeY9fy7z1VidndwER9yl6,paid,subscription_cycle,charge_automatically,eur,200000,0,200000,200000,200000,0,1,1708420859,,1708420859,1708420859,1740043259,pi_3gJ0eSY454ksWyitHHHPWj1e,ch_33RyUpPtCnyABSeSycRnNsHz
in_1OuktJeEHfTVnfOIdq0bEJLF,KU6J62GF-0001,cus_6gf4q7SvrkbBEd,sub_1cDZ2fYqigkkbOBxz7plBaOp,paid,subscription_create,charge_automatically,eur,179700,0,179700,179700,179700,0,1,1708427342,,1708427342,1708427342,1724152142,pi_3WfRnvKhmJMhTrHVHkiGvg9C,ch_3tFxpVSFjmLtZgY6VTxypTZf
in_1Mq8AIRi9eCwfc8Q9BtQfcWt,1I23T4PY-0001,cus_MS32aCmbLFmVGi,sub_1t4PP1D3MFr23UYYPjqaxBaI,paid,subscription_create,charge_automatically,eur,59900,0,59900,59900,59900,0,1,1708527412,,1708527412,1708527412,1724252212,pi_3ruszxEJaNiCQxAXITZRAfsO,ch_36OYF2DWFrpsmJN5heAo9VGp
in_1xmBs1aOLkuRGiBvK5H8BmCK,VCYZWRAM-0001,cus_aqGtJqT045rIkg,sub_13qFpk8opBpcjIU96QPty5Bn,paid,subscription_create,charge_automatically,eur,100000,0,100000,100000,100000,0,1,1708627299,,1708627299,1708627299,1740249699,pi_3hnX4KnZgsvARefqnmEBV2c2,ch_3dndGM2usV8SLjXK4KZBX3d2
in_1x0cGLpNrTQTHybnMfUF5KQe,6DY36O0U-0002,cus_WjrNSYWm3SH9xJ,sub_1tSELp3mgr5AmlEGzZve0eol,paid,subscription_cycle,charge_automatically,eur,119800,0,119800,119800,119800,0,1,1708849636,,1708849636,1708849636,1724574436,pi_38U72fJdMawO4tDtly1jgcXq,ch_3MMGqXITeUXwIgiUVjYekawb
in_1c0i97Qii5TXZbzszhDYZ4Ij,T6E0LWIR-0003,cus_61CHCNR7sm9OYw,sub_1SCUE1gVfYZMDUu9vfuEmXCY,paid,subscription_cycle,charge_automatically,eur,100000,0,100000,100000,100000,0,1,1708850192,,1708850192,1708850192,1740472592,pi_3dxmIuH4T0WdAeYDM7oQaebU,ch_3DdiLR3AgtxcR9n59OfovBfM
in_1661uO1ARHRol1ojHld7XbXF,5U52A8YS-0001,cus_zVGeXtcArYTBDq,sub_1x2cT9YqtbFcUmNdzuNWRyVv,paid,subscription_create,charge_automatically,eur,59900,0,59900,59900,59900,0,1,1708931199,,1708931199,1708931199,1724655999,pi_3Eg4vxeauCqpyTYwuK98ZixN,ch_3XsJwwtG4NCRAIiBe48baKyO
in_1SMIjCSle7Z1JVTO4uFqWwuv,OACS77FM-0001,cus_td9i7plqHDEfD4,sub_1r9PJxdYFpvj4tpZCFHC2nzr,paid,subscription_create,charge_automatically,eur,59900,0,59900,59900,59900,0,1,1709038166,,1709038166,1709038166,1724762966,pi_3FWZoc4Pe9TcwSUfiXm9HJhK,ch_34FwhjDcjlChyu5gm0MtmetZ
in_1MAjky1w3XrdQVpxbzf1W9V5,N9JC1RZS-0003,cus_zvomjVpefdbOpn,sub_1AFrBDfxXDTpl265088hPK1G,paid,subscription_cycle,charge_automatically,eur,59900,0,59900,59900,59900,0,1,1709042429,,1709042429,1709042429,1724767229,pi_32NBesSVZFUKPoJgIiFunRG0,ch_3EeI4cYl0Uuf6VN4ZHwYvDIr
in_18iOQOih79X1L5Vc3Ww6jO2A,MAIRK3K7-0001,cus_Ta3Wat9OvD1Vkw,sub_1xOLv49De5Suzuz8OIq5MWWI,paid,subscription_create,charge_automatically,eur,100000,0,100000,100000,100000,0,1,1709046384,,1709046384,1709046384,1740668784,pi_3OuKpWGl5xfb74byHbW4HYwN,ch_3RKb6b2ukk7mXspKGw8BmNbm
in_1klTtQ8iZN5sldbed54GB5NI,6CV2XGNY-0001,cus_eJxjp18R5duH2P,sub_16CTmfJLSs3fjtb5xTPGkK6u,paid,subscription_create,charge_automatically,eur,59900,0,59900,59900,59900,0,1,1709056671,,1709056671,1709056671,1724781471,pi_3HnODcvdQnvop1veURj5Dvuy,ch_3Cr88FCyfuDkRtw0t5EcwZJW
in_1QxaODbk7EGxv3gZk9XIjKRJ,KZJARF2L-0001,cus_wAbdkFO48dAHPr,sub_1M7mTQdF0DUdmOCyXqPqfVSv,paid,subscription_create,charge_automatically,eur,100000,0,100000,100000,100000,0,1,1709112822,,1709112822,1709112822,1740735222,pi_3DLq6gcczaP1o4wpdlyFVqjR,ch_3rXNEMjYKPELuNfUuS9s5Yeo
in_1nzKqZJ9ncE3nUxW4BUfh4Jx,LFJMYMGY-0001,cus_uTHDkl3tgqZbDo,sub_1v8GpiflU7zsM8IsWuTJ03DA,paid,subscription_create,charge_automatically,eur,59900,0,59900,59900,59900,0,1,1709216944,,1709216944,1709216944,1724941744,pi_3ynItNR3oRcDuFyqNLBXKwMK,ch_3oy4ir4qys9AAx0VowbbMTse
in_1dsxbGJm1NAACkjCiPPH4FeA,AJ8TC1K7-0001,cus_mdsM07BogujkYH,sub_1t8hmrplEugg6T3DCfCB7wHG,paid,subscription_create,charge_automatically,eur,300000,0,300000,300000,300000,0,1,1709293375,,1709293375,1709293375,1740829375,pi_3KymdNgJNoFWD5dLi2CyT3cy,ch_3uBKlSh59oGtbIXhrtm33jtH
in_1VNTgu0UDyTVXqUG55YF4uSU,QX2SON75-0001,cus_Yj9PWnaGhX2k6k,sub_1tRsKnon9ubYoi8vZSm7FSCL,paid,subscription_create,charge_automatically,eur,300000,0,300000,300000,300000,0,1,1709307741,,1709307741,1709307741,1740843741,pi_394zlSoTjxrokQN64mjuJdeh,ch_33XouvJO33XfAHc2wQZC4axT
in_1Q8mK1Ilw14HOXviRwsx2ack,RYMMSSBB-0001,cus_GBTS6ejLkUkaXm,sub_1KHwzktH7Bx2olWaRUIL0VbW,paid,subscription_create,charge_automatically,eur,100000,0,100000,100000,100000,0,1,1709312444,,1709312444,1709312444,1740848444,pi_3S6cNrE4gBhZWbiGTnLBo0yH,ch_3yUJFOcabDGSIWQfgmD6ln07
in_1oo4WXKSfen1V0q5YXQ4d7B7,S6I072Q5-0001,cus_ETuZBXZOdBxH46,sub_1nm5IO2cJYlV7kIdQF7u3gTF,paid,subscription_create,charge_automatically,eur,59900,0,59900,59900,59900,0,1,1709370180,,1709370180,1709370180,1725267780,pi_3EG6IKGzZ58tQuievO6KYB5d,ch_3WzwyleeA2X66gdkf9mlS8zC
in_1r4aa7ySWf7MZ0eB1sLp4Ucv,0RC59GWA-0002,cus_WJIMNz5Dn2b7Bp,sub_1rFT1DTHO5Et6L69PkoxcbqE,paid,subscription_cycle,charge_automatically,eur,59900,0,59900,59900,59900,0,1,1709561166,,1709561166,1709561166,1725458766,pi_3alK5UJcHVDOfMmNymvd72Us,ch_3YHci9zXz0OuDfZ8Cgbiz7jV
in_1OaDMoHdsO1Al8k5mmDdDEZE,OF159R7A-0003,cus_M4SJ0TcIF2cP02,sub_1zAJAjVN178p8IRT7R1KX14E,paid,subscription_cycle,charge_automatically,eur,100000,0,100000,100000,100000,0,1,1709655214,,1709655214,1709655214,1741191214,pi_3WD6yEuuvvNf4tZ5KO1CDkL6,ch_3FMsJCrdtYxzYqU6fowX42S2
in_1ggo8W0opZJAsSCijMK5Dk15,89MI1BVX-0002,cus_Bo5yRfYninAp2t,sub_1kXN441oEW280DQFAXVnk7dL,paid,subscription_cycle,charge_automatically,eur,100000,0,100000,100000,100000,0,1,1709736993,,1709736993,1709736993,1741272993,pi_3t4ATgnEBkEhXriiQvs0dXKy,ch_3K3PaEV5ckSYfsPWMVJ5xsDP
in_1c4pb5uttKzoKEl0NvwkYpWS,Q6G6HZ7C-0002,cus_V3dGGmyfbPND8u,sub_1W4ieYMMJvJK1khCWcAiW9mZ,paid,subscription_cycle,charge_automatically,eur,200000,0,200000,200000,200000,0,1,1709840755,,1709840755,1709840755,1741376755,pi_3go99PTTzpFjgzGZBA5GdkfB,ch_3ZrO8cZ915sDskPdwvwIgFIr
in_1vpin81XgIuJP6ayXHOxgwOt,OR5DTKMW-0002,cus_mTpWf0v2GY26uI,sub_1VtULqJmsmq3hOs1edlreU8P,paid,subscription_cycle,charge_automatically,eur,59900,0,59900,59900,59900,0,1,1709853240,,1709853240,1709853240,1725750840,pi_3197VeZk4Cia1JyMoeAF1FC2,ch_33iYy9KU7dtoBv26Xo1uARo1
in_1G3ArsyGNGO67LBqGhCNhrS8,LHS75SUL-0002,cus_QrwS00s2lbkCfD,sub_1460LFG484Co5b2jMriBLwOE,paid,subscription_cycle,charge_automatically,eur,300000,0,300000,300000,300000,0,2,1710254362,,1710516322,1710254362,1741790362,pi_3SKLlz7EKzZfV1drmWhoFUyO,ch_3L4lmbod2AOtbdrg5uzWiAvX
in_1ZukW2ESfz2JQJnrmM8Bdh8q,S9SEAK66-0003,cus_dcw8T3i2xbRte5,sub_1fDWCAIAXvOVIeaXKtmRI9DV,paid,subscription_cycle,charge_automatically,eur,59900,0,59900,59900,59900,0,1,1710341794,,1710341794,1710341794,1726239394,pi_3oa6htCxChB7654vXQy5v6s4,ch_3hi9DLztgFlg42SmUnZPZ5cL
in_16F4P1I2PzzZdDg0HZxBHLod,JYJW87YV-0002,cus_ZIil6tzf2pISHx,sub_1q1RKOcbyVTb8UiFzzX4KdHz,paid,subscription_cycle,send_invoice,eur,12100000,0,12100000,12100000,12100000,0,1,1710430287,1713022287,1712524767,1710430287,1741966287,pi_3FgFiLHkXD5tEyRvJDm7t3KA,py_3YZ19hqg6LMMNhiUqlPkJoVp
in_1p0PgdRQf1ExxHqT8WkEoJDs,RV9IEHX4-0001,cus_bYeaWcgTNp2iYh,sub_1BUy5kkOeJPfKaosOmApFgb7,paid,subscription_create,charge_automatically,eur,59900,0,59900,59900,59900,0,1,1710510437,,1710510437,1710510437,1726408037,pi_3zKRlcFTZ7LuhGdXyU06ok2M,ch_3ChLVSNChdjd6DSSdREYS5Od
in_1CDoDX6f4vBAIqfTmDhfGKvj,XX8XEW30-0002,cus_bSe6AMTZ5ftOri,sub_1CGj6qK26lEWIIUQOOcyhQJg,paid,subscription_cycle,charge_automatically,eur,100000,0,100000,100000,100000,0,1,1710519993,,1710519993,1710519993,1742055993,pi_3XW7V2vGRv4nf5cz5KjfeGWY,ch_3SXcXPNJnXQvSl30HrZWfp7g
in_1URhn18HzJJIpGQV0uboWpUa,U3DFFTB6-0002,cus_t90TYo49T67gMk,sub_1KOR1UUpUvvK55pzZLTlpwBv,paid,subscription_cycle,charge_automatically,eur,100000,0,100000,100000,100000,0,1,1710592132,,1710592132,1710592132,1742128132,pi_3110DiVF9SaQ4FFH0Z8gqthY,ch_3udIaxjaVlmjt2HYPWSpKOZJ
in_15hrME4LpO8JJNPlKIWnCDbc,KI8EZE4E-0001,cus_aqMx0t5IBMoQtz,sub_15BWZIhotsB5db7ZysF2zhYW,paid,subscription_create,charge_automatically,eur,500000,0,500000,500000,500000,0,1,1710593319,,1710593319,1710593319,1742129319,pi_3R7vbyI9JfCI7RKotSVGbb0r,ch_3GC1LmBRIegVcB13Fgwl3Rxr
in_1Kn3EdnY5KVdJVUGFLFHHQSC,QL73V2DW-0002,cus_n3FGGArfVspwGM,sub_11Ws622DPyqVuJ9PEjn8nIpo,paid,subscription_cycle,charge_automatically,eur,59900,0,59900,59900,59900,0,1,1710740394,,1710740394,1710740394,1726637994,pi_3JUJugPQrLt4x2TQoIIXK3Ii,ch_3hiRrgxLkS55ApBbhB9MlzyU
in_1aZoCyfJYF33cV1ABUQcsyjW,X3A4SO4Q-0001,cus_EIrESs0iVAsSv9,sub_1NrF6mwK5nXOAjE9KcbtPj8p,paid,subscription_create,charge_automatically,eur,59900,0,59900,59900,59900,0,1,1710863549,,1710863549,1710863549,1726761149,pi_3HugoLRwnzbnaBN4nGKHXq5n,ch_3kky1gV0aHn2OptgWxs8KtMf
in_1fcGCnrrkk6t0IwRtsIczeSi,2M87OZQ5-0004,cus_ugsSzmG0Sm1JOD,sub_182HKTMXxBfnkBcu3RZvXxXy,paid,subscription_cycle,charge_automatically,eur,200000,0,200000,200000,200000,0,1,1710912461,,1710912461,1710912461,1742448461,pi_3d2exBT2AmqYiamzQh89uWIX,ch_3BomY0Sp05qwfvmLHcBXs5s3
in_1GTmP74m54DUMH2fgmrQd6aw,FI1Y21L7-0001,cus_fBZbo0fsK5JIRn,sub_1Jv1OxOAGVQSFNlIMGKvjdMP,paid,subscription_create,charge_automatically,eur,59900,0,59900,59900,59900,0,1,1710933380,,1710933380,1710933380,1726830980,pi_3xNmy9Kk6aTx8HjVtlNeb62f,ch_30FNobUK1Aa7jlcZnl10MMcg
in_16MRrzTG60kIPc6KYB4E4Pc0,T0LGSZQ1-0001,cus_O9fy0WLuCKiYXf,sub_1w9i3UTHqUKTxsdtUNDT41Hv,paid,subscription_create,charge_automatically,eur,119800,0,119800,119800,119800,0,1,1711025070,,1711025070,1711025070,1726922670,pi_3JJvtAZclKaOeOw6N4Jud7Q0,ch_3PeQ3xOyPSv9Yr9EDZRKeVm4
in_102KMAHChr19INOal1bwFmwL,J7LGUTMX-0002,cus_5FvTEP3FBH94Zl,sub_1tilJhDTdx2OLiUA1mYpIY9L,paid,subscription_cycle,charge_automatically,eur,200000,0,200000,200000,200000,0,1,1711118357,,1711118357,1711118357,1742654357,pi_31Tdmz43ybpSYn0T1fbH6MvQ,ch_30k0p83Jxuid6atFOF7DIbif
in_13fwYJ4yuXLuNEGJFWDpCJzZ,ZH0CIIX7-0002,cus_NiGu8i5IftC3XB,sub_1ZnsTYfjEIVODYV6uR3EgWGE,paid,subscription_cycle,charge_automatically,eur,100000,0,100000,100000,100000,0,1,1711179208,,1711179208,1711179208,1742715208,pi_3adFr70nM2qPEYKophNb5zuu,ch_3nCREon8QdtMgV1Jn3gYFsSg
in_10dtyVy15Wc0x7RLMj4oGW78,X4S6PAUB-0003,cus_Fui2j6xAMcbmao,sub_1yszIlxLhNpX2ZsN0pL0Arod,paid,subscription_cycle,charge_automatically,eur,100000,0,100000,100000,100000,0,1,1711179936,,1711179936,1711179936,1742715936,pi_3lFfgTxyBT3Lr9afO02CQw0s,ch_3i0h7tbRIlblBYUPDEfdmeNq
in_1DUWOXUlrfCeTHDbOhGFkPTF,TQA3QZ44-0001,cus_X4dnQX0KF9yFi1,sub_1MAGjB4nRBvHtxyIdQVfzLv8,paid,subscription_create,charge_automatically,eur,100000,0,100000,100000,100000,0,1,1711273831,,1711273831,1711273831,1742809831,pi_3nsb2pVGYCqwDZzXU7N6mpDB,ch_3opMMZODWqmn2QrFOb3CkoV3
in_1HYXeuWthM9cnuzJ9dz9QOHj,LUZY615W-0001,cus_QoIJPU7jMaXUTy,sub_1k8J5ins16JBtlIZUF3rTRQ2,paid,subscription_create,charge_automatically,eur,100000,0,100000,100000,100000,0,1,1711360595,,1711360595,1711360595,1742896595,pi_3p2dMInCfCPE27iEwSpzE9DZ,ch_3IejrquoREyGS8QqezhTaBSl
in_1h861AcHfXfIVwSFcFftgYq5,YRHMCN1S-0001,cus_4zrz5cgsDU2vWc,sub_1GilOsWNmq0sqUg97n5qLwMs,paid,subscription_create,charge_automatically,eur,59900,0,59900,59900,59900,0,1,1711375218,,1711375218,1711375218,1727272818,pi_38e2L5UkMhuRXUQAzfCdmHGf,ch_3dtmikUzjHkpMltW1YamOBPn
in_1pMOOgoFNsWg3U4dHlhbRXAt,XVWJ7TYY-0001,cus_gLm8yeCw5Flwtz,sub_1vnvBgfE97BqBHFBSSnOtcUi,paid,subscription_create,charge_automatically,eur,100000,0,100000,100000,100000,0,1,1711380610,,1711380610,1711380610,1742916610,pi_36yL7vlfIC1vjxvkI82ZeFAu,ch_335Q4BqQcAgo12Ahz70lGhGi
in_13Nl3FVHiDEIOTWZbA0YOleG,0PITO1V7-0002,cus_TwbFKPnIEmmUpI,sub_11bHT9ynznrexQW0OZPd9FI6,paid,subscription_cycle,charge_automatically,eur,100000,0,100000,100000,100000,0,1,1711446788,,1711446788,1711446788,1742982788,pi_3klw06BVH07suzQMxrdMgQ2e,ch_36yfhlVRMx3Qz9nvpi5QzYyO
in_1xc0iNoD6Kadti5Ezn3dVaTS,8EVMFA3D-0001,cus_DYCcnvwkHDdwGF,sub_11b1wEQ8aa9ZIpTeceyqoz6M,paid,subscription_create,charge_automatically,eur,100000,0,100000,100000,100000,0,1,1711521934,,1711521934,1711521934,1743057934,pi_3I6opWMz7e8psoXfbDT3kyDI,ch_3P73anA5WGq0Lg8GEmffszD6
in_108LQImtYDG0f4WTWDEJC6Og,9OG0VQ3T-0001,cus_hi2zD1D2mxAfBD,sub_1yCtEwMdhOqTaJ8Sj20HjSLt,paid,subscription_create,charge_automatically,eur,100000,0,100000,100000,100000,0,1,1711537413,,1711537413,1711537413,1743073413,pi_3kDMkoFzlarZlWZ4hidizTn4,ch_32Frg9tUmpN12LgRgs420cej
in_1iWO1KAyoIfawF2VLczDFOob,94UKBJO1-0001,cus_q13JaJRoTC0QQr,sub_1Y10HkedfcNBXAJEiy0JIzOL,paid,subscription_create,charge_automatically,eur,59900,0,59900,59900,59900,0,1,1711620743,,1711620743,1711620743,1727518343,pi_30l5365UQmCjwdv1yHMMEy9h,ch_3m3BxYlv08kdpzOeVXQ9bE2H
in_1ZmP7rdjyU59J97aa9xnqjog,G85I8T6Y-0001,cus_s5BRW4DyZ6RQEx,sub_1sr1dABzOgNBFaqEupEsqVNn,paid,subscription_create,charge_automatically,eur,100000,0,100000,100000,100000,0,1,1711796723,,1711796723,1711796723,1743332723,pi_3hwDrG2fFcgast7a0IlfgvAe,ch_3bzCfkHcsEBJwUIYPuWiYiQx
in_1o0Wi6CARNYrQHIhFiExnJ2N,B6K9BY1G-0001,cus_rDpzgRx4bOrIc7,sub_1OoGxS1utSOza5c4Makd9Zuj,paid,subscription_create,charge_automatically,eur,59900,0,59900,59900,59900,0,1,1712084301,,1712084301,1712084301,1727895501,pi_3GOCF9euuZD7wLqdMYjydJZm,ch_3gh8PTotvX9jzsNIJBMTRGlu
in_1aZtWQ1EimNcADaZCOyH5AWB,5VDTMU3D-0001,cus_04EUP2QR2KkE7G,sub_1HSr3SHi7y60neg1RgLyxHXR,paid,subscription_create,charge_automatically,eur,59900,0,59900,59900,59900,0,1,1712131029,,1712131029,1712131029,1727942229,pi_3RpLaconDmxofoeXiEL8L2Tj,ch_3jgra6t5i2I6kdg6HjlQuOB6
in_17J7aN2LbMcqDnJiN8b5GGOa,N7C4C4IA-0002,cus_yEfpZD6P9fQ87V,sub_1Mokd3eEDpK9LqNaqHVYoBhA,paid,subscription_cycle,charge_automatically,eur,100000,0,100000,100000,100000,0,1,1712150411,,1712150411,1712150411,1743686411,pi_3iE0vQzI4rDEEbv22amzhwNX,ch_39JYeUDtPJI1jVfEklGkQVkt
in_1mmqM1DQgGEjPFKzr1bUfn1A,8KK58QVR-0001,cus_cQlnMEnClb6AzP,sub_1jr2XU0QpBg8H5wkazIKyy4W,paid,subscription_create,charge_automatically,eur,119800,0,119800,119800,119800,0,1,1712222170,,1712222170,1712222170,1728033370,pi_3GMoRDaVqsJl0CTCjKItV401,ch_3JN8QDIFVB6ySUlvSxjLEoTe
in_1b8GIUTpwAc8c7k9rQDPfOHB,RDKB52TF-0001,cus_K9aSi6fbnz6Sfk,sub_10BMYtkNOGPBxDgzSWPykl3y,paid,subscription_create,charge_automatically,eur,100000,0,100000,100000,100000,0,1,1712224457,,1712224457,1712224457,1743760457,pi_3ei561eHbCNOH2zySMxzWNDk,ch_3PcP8CrUr6ZsoqjRlJyGa27N
in_16dnjiCXqRupFbcredraB328,6IYZPL43-0001,cus_wljJHglrOWCt2M,sub_1DKcvR0jM36qtZAfPLIn5dQm,paid,subscription_create,charge_automatically,eur,200000,0,200000,200000,200000,0,1,1712240185,,1712240185,1712240185,1743776185,pi_3185XpJ8t00pmTTRx7ejMjj2,ch_3wB1KXDhhI6VcA5h4EuGMp93
in_1gslRcXqRKMDsFOhQcNGpVtU,2QMKSV34-0001,cus_urIMSnCmYBjrzL,sub_1dgG9GRc6fvasVaChxyeL0ie,paid,subscription_create,charge_automatically,eur,59900,0,59900,59900,59900,0,1,1712304223,,1712304223,1712304223,1728115423,pi_34ODsjJMppJ7kfRPDKhyEUNX,ch_3bADNRPxDMEM5tVyvKKw7w7q
in_1sikXBRwhyd59F2lcEqpc1r9,1PFZGX7V-0001,cus_Bg1FDe6CivspkZ,sub_13UNb82rM9egKkT5rZBQDZjH,paid,subscription_create,charge_automatically,eur,100000,0,100000,100000,100000,0,1,1712326692,,1712326692,1712326692,1743862692,pi_3avtIjTARlMLfadiyOs9VYji,ch_3LUlPlo2JgMyOHZchmzUj1ff
in_1Xvv83yvUvoleDLHyMAWbENI,99MV6H32-0003,cus_S4ZJJYOMqJXM7k,sub_1biPIOO5QNfBDD51KgDXndqr,paid,subscription_cycle,charge_automatically,eur,59900,0,59900,59900,59900,0,1,1712336308,,1712336308,1712336308,1728147508,pi_3819iqfugnQDO5frlW76A7iW,ch_3FRmWCzfqeVARpNGqDpxAZuN
in_1FOBntETaPyju56JNQ3oDsOa,RUY8BZSA-0002,cus_Pz4sNFzdgL3Pek,sub_1koZ3SFDQrGBY7DH1TpKMRfy,paid,subscription_cycle,charge_automatically,eur,100000,0,100000,100000,100000,0,1,1712344083,,1712344083,1712344083,1743880083,pi_3nmpUcQjS7MDmbApO5yyCzQg,ch_3zk3yZbuOIE4wsVXcZi7E6er
in_1DACeSsmNTYwwYz4touBds88,S5965XGD-0001,cus_Rrro1XKM9hymrm,sub_1CF4u8Pz3t4um8COqRqPjOAB,paid,subscription_create,charge_automatically,eur,119800,0,119800,119800,119800,0,1,1712351849,,1712351849,1712351849,1728163049,pi_3smeEnQsx1Ny1WnVsctcMbnW,ch_3KHtGmcyTGBAS7FsmBJqR0V6
in_1V0Hw8PPVdW2u5grqED34TfV,7SVU2SR9-0003,cus_6pm68BP8C4r8AL,sub_1nZODjjfGWmEP7n2WZrdBKnW,paid,subscription_cycle,charge_automatically,eur,100000,0,100000,100000,100000,0,1,1712504309,,1712504309,1712504309,1744040309,pi_3dXVxj02Qf2p0w3dLBmAWox9,ch_3grBN3tkl0X510Dh6liGJADZ
in_17yTNFHk1p3Vm49DQ1EyeO3i,BB77BSR4-0002,cus_7JiMDeUlDxIUhh,sub_1ifj37dF2a6K24ClfL46fsAf,paid,subscription_cycle,charge_automatically,eur,100000,0,100000,100000,100000,0,1,1712524223,,1712524223,1712524223,1744060223,pi_3QupcYEEO01YgWLB6kRJ83eO,ch_3SjrUDnIQX0cd0Y5UHLjhczc
in_1gd4rFOl0W0FR16KZEjmq790,KBAZVO7K-0001,cus_TRezmAGQosLACg,sub_1nrDPWLOGvyS6TqSDeCeDS2K,paid,subscription_create,charge_automatically,eur,100000,0,100000,100000,100000,0,1,1712578804,,1712578804,1712578804,1744114804,pi_3EUnpue1rKq7wzjeaETLenTZ,ch_3VEwTA8ds3WQZaOz2z9sbLTy
in_1GtZVfKeXBaVeU4STwROH9Ge,MTK3HS53-0001,cus_8SGkC9j2nEECLs,sub_15dzSb2hOv3PpxP6OY1d2riE,paid,subscription_create,charge_automatically,eur,119800,0,119800,119800,119800,0,1,1712585018,,1712585018,1712585018,1728396218,pi_3EekRjLDXAzPtXm4rxJpVU6i,ch_3epztE6T7KWphuotn0mpwMyO
in_1080qOdyTypM1RMrmFTQ06ks,7FMHSU49-0001,cus_yggtWWghLDfPl3,sub_1LnRGEWWDjcLiadK6lP9O88f,paid,subscription_create,charge_automatically,eur,59900,0,59900,59900,59900,0,1,1712651370,,1712651370,1712651370,1728462570,pi_3ZGieEgm9BbvoqQB0xGMYNl6,ch_3gPNcM51L9RW03HZPaLNmDkt
in_1ZPpUB77yAQ93lPrBS6YMVF9,8V0CJ17R-0002,cus_VXhOp91qtLkvNU,sub_1zDgQl9VkUyBiWA37lKPNpli,paid,subscription_cycle,charge_automatically,eur,59900,0,59900,59900,59900,0,1,1712662665,,1712662665,1712662665,1728473865,pi_3StowiAuq7qAlrl2i10jDA57,ch_3ztBF5wmUDMTt5T3tMP6HWq5
in_1E792brO3ODdPPwQhSBLYRGw,CI9M28XT-0001,cus_I5Dw1jEw73aihW,sub_1Fntls7fqMFVYnwnDIkAK2ul,paid,subscription_create,charge_automatically,eur,59900,0,59900,59900,59900,0,1,1712665168,,1712665168,1712665168,1728476368,pi_3l6BGBXR3N5QUGKpXKtWVXKD,ch_3Ij6FPKXFNz1tR2yWeoHAhV6
in_1ZG8EchIIg4KAtiJrJCWjZQX,FB0PIEGU-0001,cus_1Jof48xevpHbBA,sub_1e6Lvc2CP9TSDNAoLr1t8RWH,paid,subscription_create,charge_automatically,eur,59900,0,59900,59900,59900,0,1,1712747157,,1712747157,1712747157,1728558357,pi_3Zq6t5znylFTqJ8MdLiKWVlu,ch_30zFUpjYbM2FQJac71irGc6S
in_1LaCRvXVhTqrwEyVzDVXk2wW,UGU1LHH4-0001,cus_ZvwDfcw5letZDK,sub_135DcUesahpb5BbH8ochG8zG,paid,subscription_create,charge_automatically,eur,100000,0,100000,100000,100000,0,1,1712748413,,1712748413,1712748413,1744284413,pi_3MhuNkekaxXcvnjTBeiLgke0,ch_3aDGQ0pR3z7rmzTxYLCBItB1
in_1Db46CgUy0YeLMxWBOmCsxN9,I90ZQOBE-0002,cus_Uel1vVWmtA69kU,sub_1cNXqYz5z8eYqdzHLtDflhXB,paid,subscription_cycle,charge_automatically,eur,100000,0,100000,100000,100000,0,1,1712827541,,1712827541,1712827541,1744363541,pi_3gPm8KtvwOUnux1szGR6NlTF,ch_3WWUEF5AexQWDOx98utfenNA
in_1S8iSrOHQmCikhO2mIk5nGgD,XKCB0OCE-0001,cus_hKhjgZSdBuOnwF,sub_19N69fQp1Sxq42ZsAleJM2OT,paid,subscription_create,charge_automatically,eur,200000,0,200000,200000,200000,0,1,1712828120,,1712828120,1712828120,1744364120,pi_3V4HX06LN0CZTCAlNHL2Ihij,ch_3iKkJ7KsFwUHMR8b8OppBe4s
in_1w0H4FKnOikMoIUj5cYDR0KX,B0FX1K2I-0003,cus_x6iXaIzSNfPNvw,sub_1kAoy2ozPOT3RhfAgMG5DsmK,paid,subscription_cycle,charge_automatically,eur,59900,0,59900,59900,59900,0,1,1713023347,,1713023347,1713023347,1728834547,pi_3EBWTRB1QhQZMqD83tC7jDCp,ch_3VEhFYDGELGYY6NW659CSumo
in_1kdzWcF0l17iUComurm8NLRA,5P5YQTQE-0001,cus_UNzQj1YRhDvnxw,sub_1sL3JV25AE5eyDiphy2g08zA,paid,subscription_create,charge_automatically,eur,59900,0,59900,59900,59900,0,1,1713255028,,1713255028,1713255028,1729066228,pi_3w99smekP5SC6R98olcGQ5pj,ch_3rS4TcLSYvWbmmmFDjrxB9mv
in_1FbZYOaYRT49AAkzapG8pP6l,T6L9341P-0001,cus_ffu1V7tNzLWHHY,sub_1VntHJWYDbZN6enJ0HTMYuZ1,paid,subscription_create,charge_automatically,eur,100000,0,100000,100000,100000,0,1,1713258262,,1713258262,1713258262,1744794262,pi_33a2CLmd0NjZQFZwRN8GnYqv,ch_304De5tPsbd6bQhbNleKBYCJ
in_1HgJO3WUdiLVWG6qX9o9av8D,XIJP57IL-0001,cus_K1uhlGdpXFLtbF,sub_13kUDZHlA5vyqFb6Hfbvhsqx,paid,subscription_create,charge_automatically,eur,100000,0,100000,100000,100000,0,1,1713545246,,1713545246,1713545246,1745081246,pi_3BtAo0OCezyOkbPqcWlbjRDc,ch_3wBWR8hBUFRvmhl0ERgsmzQ0
in_1epSZHBmXqtIUoxNq5QuI2Wm,PIQ5B3E9-0001,cus_ERiKBsuyyq9pQP,sub_18F8tvHSlH0f0LMAinlgC2Zf,paid,subscription_create,charge_automatically,eur,300000,0,300000,300000,300000,0,1,1713546380,,1713546380,1713546380,1745082380,pi_3URpZW1eaZ9ZprD1qT9Fd54a,ch_3Zodtckz87rGdWoD2T1vzjRt
in_1vhiXSoTRkecB9v1mLuhnfSV,3NVIUVLY-0003,cus_woKjmjVidARzwB,sub_1w3TWfDRYqek5Y8tFUe83Wia,paid,subscription_cycle,charge_automatically,eur,59900,0,59900,59900,59900,0,1,1713608664,,1713608664,1713608664,1729419864,pi_3MXFE2bJxl3IJDCfDu89VgoU,ch_3IR7xmetNT9xTPJM2fmh48ew
in_15KOP2pCeAjUzyeC79QzpYfC,93GJJCWW-0003,cus_Z52LHUjs4JczZo,sub_1JdQ4djRA8pvcImRfMWfgm6G,paid,subscription_cycle,charge_automatically,eur,100000,0,100000,100000,100000,0,1,1713617600,,1713617600,1713617600,1745153600,pi_3vtzQRISmMAv9qHPuC4Op0nI,ch_3bdeusp9eSnpmAs7x6YNaRDI
in_1SutGmlAhNsW0dVTgy5LXM6N,DLXKIJJR-0001,cus_FD3vT1UwcwKh1R,sub_1VgUGMyyDrUjXAP2RLaeM786,paid,subscription_create,charge_automatically,eur,100000,0,100000,100000,100000,0,2,1713675416,,1713675579,1713675416,1745211416,pi_31xq0nIQf1VMKHGMKHEOMj8Z,ch_3ohkpbIyoLykn3gVq0dU95Fm
in_1yfON99uXRgdPuTjU4r3YU6m,XYB8FTBU-0001,cus_fybgKu3JQOvm7s,sub_1Qfg5JKF1okuLhQNn3UbmLEQ,paid,subscription_create,charge_automatically,eur,59900,0,59900,59900,59900,0,1,1713707091,,1713707091,1713707091,1729518291,pi_3kWwWijTeMdV46PJXyIGBqEL,ch_3ye8CHI6QdCFnocd1HWdWHGU
in_13MsEk4E7hUfUI2cdwqq6Zvc,WND2LW6T-0001,cus_msMZjZ5rfejwhR,sub_10Q6vjfaEv6NhQ0lA8THNmpd,paid,subscription_create,charge_automatically,eur,100000,0,100000,100000,100000,0,1,1713766979,,1713766979,1713766979,1745302979,pi_3A2A9e01sI85nnuB82qncUYr,ch_3NwkxgcAB8wXhkNeLKZijEKt
in_1Ly4IcwdKaF4JUIup7BUs7vc,ESQ4WJMR-0002,cus_cjosP4sQbshccL,sub_1XPxxwAdqlIvqRTAV3TydMDo,paid,subscription_cycle,charge_automatically,eur,100000,0,100000,100000,100000,0,1,1713865901,,1713865901,1713865901,1745401901,pi_3l2j5Y2AYtfHuk410y2OEtoo,ch_3pDMqWLb0G9stJLKdvFTLpLg
in_1QmHEwITK9ZsSzbylQifqg75,G746DZQI-0001,cus_nYBZ57b6b4aKRd,sub_1Eu6P8UNulUkjLErZvhrnEQ6,paid,subscription_create,charge_automatically,eur,100000,0,100000,100000,100000,0,1,1713900570,,1713900570,1713900570,1745436570,pi_39ZrFUTNcsBxHVpWFhyYrugg,ch_3NZb71Uv1JjTwcAlqjnZq3Ra
in_1dBfgVO9OUHtYiar8tzwdKEn,IQOWE4FB-0001,cus_QtASwQdwVaWE7G,sub_1u1AUR0WeTQhzf7PQpC8itlM,paid,subscription_create,charge_automatically,eur,100000,0,100000,100000,100000,0,1,1714048282,,1714048282,1714048282,1745584282,pi_35KvauzGqG8QbwKU9s1BXhfZ,ch_37RcxEsnslalWjEgsnJjqIuF
in_1HNMq5TKszzKB2aTFpsGqmtF,ECAB02TS-0002,cus_O55LlfLDwSFUwG,sub_1TMt5rh8054NRFlvkdwWnjCp,paid,subscription_cycle,charge_automatically,eur,59900,0,59900,59900,59900,0,1,1714145449,,1714145449,1714145449,1729956649,pi_3BeJe0mdbgvHf4BLJ1PYdEhG,ch_3jdU9ZF8mrp4KR1aW2tg6Bii
in_1m0QMlm3WZ66QbBEm2XSq0zT,NRC1GP3L-0003,cus_X5Q8oNOnUTkAK8,sub_1q0Q4sgN0fh0jI1EUS4q2kyP,paid,subscription_cycle,charge_automatically,eur,119800,0,119800,119800,119800,0,1,1714260497,,1714260497,1714260497,1730071697,pi_3LK54XjQKYfLFM8xaATCXYel,ch_3RshCEp8xzAkNOfoqm1YcTLw
in_1fKiHUJJrBCmbBzK3FLTA6v5,H4MO3F2B-0001,cus_TBlL4uhVrOes3n,sub_19Ycdj6GwvKDm9KhzD9LTyN1,paid,subscription_create,charge_automatically,eur,299500,0,299500,299500,299500,0,1,1714482228,,1714482228,1714482228,1730293428,pi_3dgzJdFnHgvmuWDV2ikKHMbB,ch_3qnouauRxbPvzD9YqFwhsVtg
in_1al46RKWPefhnJCObUjnSeW3,3JTB1KO7-0001,cus_AXM1Iypyj3SFyQ,sub_1m0FwW0jWhyJd4ijcL6vDYfo,paid,subscription_create,charge_automatically,eur,100000,0,100000,100000,100000,0,1,1714485475,,1714485475,1714485475,1746021475,pi_3sUrYeDnaXxI7BhZDpWI1Ci3,ch_3BJ4halwW44yW2es08MqcC92
in_1SlUXQ3rafUv1m31EPz4p76f,GLYV94YP-0001,cus_n4JmkpQuMA3v7n,sub_18uoDlQ6CJNyHl3mRrNqFhMP,paid,subscription_create,charge_automatically,eur,59900,0,59900,59900,59900,0,1,1714494845,,1714494845,1714494845,1730306045,pi_3IvajG8E9BgdMipJURCYn0dY,ch_3w0SbxwjIBwyq2zVt3Exi8CE
in_1iYjU5Xzpnjv1cljcVpIAQ2T,IW88EVZA-0001,cus_9GIjsJUhwG07k1,sub_1aBbQ8XTBB8hY1W99wheVhut,paid,subscription_create,charge_automatically,eur,59900,0,59900,59900,59900,0,1,1714519041,,1714519041,1714519041,1730330241,pi_3ZXVshA3O4SjHdP3Yi0fzr80,ch_3TobL9iKV8vMN5T6bQYZPoWb
in_1LECy4aGImiNyINdwoc9zBsB,2BPKCYEF-0001,cus_xa5igKnKyPqixB,sub_17nXQ6rOq6snusFobvZnmYnn,paid,subscription_create,charge_automatically,eur,200000,0,200000,200000,200000,0,1,1714570629,,1714570629,1714570629,1746106629,pi_3sdCFWJaVndCc5l7ODRVy58r,ch_3QwQsGju1eakQ1oJ859b6Bp4
in_1np6tIBnebeeiZXlaTimHc6Y,TV6W4GBB-0001,cus_ujTP0hQ1IKx2sb,sub_16QB5mhXX6VDDlJ4thczuLeL,paid,subscription_create,charge_automatically,eur,100000,0,100000,100000,100000,0,1,1714647662,,1714647662,1714647662,1746183662,pi_3SwGg7M1fQCj9BXtA3J4ovzW,ch_3ixro8wo9gszezOvjxHgGSC5
in_1XndRaunPAM3G2wvrG5v1LPn,FVEC9DYZ-0002,cus_so5WkqqHnhPKgZ,sub_1lzrOlLa9jiBU8rW7jdE5TQu,uncollectible,subscription_cycle,charge_automatically,eur,119800,0,119800,119800,0,119800,3,1714819085,,,1714819085,1730716685,pi_3ZtqV62gxivkPmeIZfuPDfl2,ch_3aEMPMC1eFxNIx1BhSYxt54f
in_1Pig9W4vyCV8rkGwpadJw30i,ITTMB0JM-0001,cus_gDmFmhpWcuNGd4,sub_1AblNLXsncpwyExIfvrQsB1a,paid,subscription_create,charge_automatically,eur,100000,0,100000,100000,100000,0,1,1715009463,,1715009463,1715009463,1746545463,pi_3ilmHlgd5vaH6nkO8s5mUW7b,ch_308zzqht7JQgJhyAi4lzHLO4
in_1GL9PCZNJKHrPcmZBcNSZ68b,O14BVT74-0001,cus_vUeP8xgcBJvPx8,sub_1w59XJkADo1X8JkrSQfataMG,paid,subscription_create,charge_automatically,eur,59900,0,59900,59900,59900,0,1,1715070617,,1715070617,1715070617,1730968217,pi_3iV4t3AILKUC4qS90vgbvPDg,ch_3sc335bvX3XfV3VIFfcpLGya
in_1MbWj6Snu5hvX7nn75pVgtvN,LMWT9NKO-0001,cus_fRTyQ0X55sDsyP,sub_1YwNG2qiYKLnlGbHlNu5VUZq,paid,subscription_create,charge_automatically,eur,300000,0,300000,300000,300000,0,1,1715085028,,1715085028,1715085028,1746621028,pi_3pZQxpPC5Xk1qBAIjJ6VdYA6,ch_34rl8vmniroEWZesH1va0haj
in_1vcRl815TcbATWBJKyeehP6K,FYL80FKS-0001,cus_BZUNgt3CuYEPM6,sub_151qoYGHaTfhUQSxH686zhUH,paid,subscription_create,charge_automatically,eur,119800,0,119800,119800,119800,0,1,1715106722,,1715106722,1715106722,1731004322,pi_3sUXlcCHjhi6DE9oTENkTRLr,ch_3RzP4GXUCeAfinLDGoWdKrsQ
in_1Fs2pLb9Hg0jApNCwmUsY9VV,WBNH5S0K-0001,cus_macnZe7phPkUs9,sub_1yyaEYHYGoddiREaoRaWePog,paid,subscription_create,charge_automatically,eur,200000,0,200000,200000,200000,0,1,1715175666,,1715175666,1715175666,1746711666,pi_3zcHPRl3AOv9FJAtYlNIX9Fy,ch_3fyh6ViOtxWn3gkITuDEelgK
in_1aIN9btl23YNblwoUxqnIQ3o,HZMK39MN-0001,cus_E3oWv9ey72oTiI,sub_1rX0F1EejLO0Q9RAhJY2IQf7,paid,subscription_create,charge_automatically,eur,200000,0,200000,200000,200000,0,1,1715258960,,1715258960,1715258960,1746794960,pi_3aPS31XdmC1IYSroGNn7E4xH,ch_3sG6VVD8aXLXG0lvO2jEUHUs
in_171ertafmZ0VdR4g3UKoAwqY,OHM3NCQ6-0001,cus_wtvk7Vwxxjfpnc,sub_1SMHlPaJwlIJztr4tqOrpezF,paid,subscription_create,charge_automatically,eur,59900,0,59900,59900,59900,0,1,1715382527,,1715382527,1715382527,1731280127,pi_37EU7DtZfsE8rIZ4xEAu5v2v,ch_3XcSUV5aCPC5MiZoJKHs4PUv
in_18jPsNla7tPBXVXbHLEjzlok,YBJRQ7LY-0001,cus_7Mf7CCuS4CrbVm,sub_1zfUjDVK9cdRS5N0l6A3BdgS,paid,subscription_create,charge_automatically,eur,100000,0,100000,100000,100000,0,1,1715603151,,1715603151,1715603151,1747139151,pi_3ZwFAYyhsRaD9XRoJBRPSnp2,ch_3M6UEttszv3dPoPEGzkU1CWy
in_1EUuLhsA5YXS46cGP4dHQgma,01F3WY6Q-0002,cus_k0ubqGsYHOLyZA,sub_1pZufah1QrDH45huly08fpTF,paid,subscription_cycle,charge_automatically,eur,100000,0,100000,100000,100000,0,1,1715606465,,1715606465,1715606465,1747142465,pi_3kXfi6ro7ED2hQuN1Oal2rP3,ch_3YlacMg2y14NSIZKT9iCZUm0
in_1Y4vZneRpAYdcMipCXnJWfU5,8RAWAVVU-0002,cus_MXynEe9s0DyyXf,sub_1Nvb6oJdwW9MT7WRmgJw7hbp,paid,subscription_cycle,charge_automatically,eur,179700,0,179700,179700,179700,0,1,1715616588,,1715616588,1715616588,1731514188,pi_3ysZvsGu6NLU9axnGVEjsACa,ch_3PDHIM5PZvC78YutKu899RGt
in_1GP3U14sdUkQmdx85AKHNOcn,JKUHTV57-0001,cus_i8Vb1Uyv0je08T,sub_1RZoAsK9YOgPAyzr54aNCvPX,paid,subscription_create,charge_automatically,eur,100000,0,100000,100000,100000,0,1,1715676151,,1715676151,1715676151,1747212151,pi_35HnvhK1CoG5QjnC7t51piZD,ch_3URKYfFJ0mVbE13l4TWhHagF
in_1Jg7VfC1Qak8bEXxYngni0CB,EV79MD2Y-0001,cus_11SiEWsYWZXmd4,sub_1HcdtmGspEjo8ZtNa3w1KudQ,paid,subscription_create,charge_automatically,eur,100000,0,100000,100000,100000,0,1,1715689297,,1715689297,1715689297,1747225297,pi_3PU9Gtp1y9j6WSi3q6iEl7GA,ch_3x7tgPlOMvfvI35dMUywkxZF
in_1RlzktncNucw475FXCzepdPZ,EC71ORJI-0003,cus_PVjLRvL1PgrpdB,sub_1iCsWPM4kC2iYiKm02IEPAYU,paid,subscription_cycle,charge_automatically,eur,59900,0,59900,59900,59900,0,1,1715779915,,1715779915,1715779915,1731677515,pi_3e0u9A0Dzm4tZ8Kca083E1zI,ch_3zhh2ah4vWNibi5QDAZAsHqr
in_1fyF9iwU3lSs1IxNUHOVLecq,F5Z21IX1-0001,cus_eJfbMO0Po4eNFe,sub_1aQdp1bmsZis6AM8XAy9nPk8,paid,subscription_create,charge_automatically,eur,119800,0,119800,119800,119800,0,1,1715783924,,1715783924,1715783924,1731681524,pi_359fMwjoFeG20eoXOjn70zOU,ch_3a8eAdsYUR5I0YCi5ALATih0
in_1aX2ynWj44XhHkpeE2xdljUH,SEZ9PG43-0001,cus_OSqcGggUOUoMTJ,sub_1ORZUJIxwHXvRGheleDd7IEp,paid,subscription_create,charge_automatically,eur,100000,0,100000,100000,100000,0,1,1715848387,,1715848387,1715848387,1747384387,pi_3ykoDDltLfSO9MsWjJArJgaN,ch_3yt8p9vBMTveeowzGWbGBANa
in_1CEpa3FukWaLyRJV3YnocvLf,50F6727A-0002,cus_nk33htcGaay3ek,sub_1I1nDU3KNpp6zyzVNuNhCrfD,paid,subscription_cycle,charge_automatically,eur,59900,0,59900,59900,59900,0,1,1715869842,,1715869842,1715869842,1731767442,pi_31Ohk9kvW9iePiBomQPIzMLG,ch_38SWmoGoSuOgWCqbc2hwwmuH
in_1b8lrtnjaLpEOs8snCHmvfHq,O24OYZOT-0001,cus_ozRBmto1dD4B8F,sub_1WpaWaMl9vQJdJDlWuysFhw1,paid,subscription_create,charge_automatically,eur,119800,0,119800,119800,119800,0,1,1715923626,,1715923626,1715923626,1731821226,pi_3fGIXV5G4KBBinkW4IRMwTxi,ch_3ua43sITS4qE61GIZIksk0s8
in_1mnrqtFO5yU2BG05UD2v3QDs,81MAUHFJ-0002,cus_PvJgotQyrxO4H3,sub_1nf8kFnTSiUGl9hZPpURv8iO,paid,subscription_cycle,charge_automatically,eur,119800,0,119800,119800,119800,0,1,1715945240,,1715945240,1715945240,1731842840,pi_3lABIzJWRoHPeSWy5WSmcZe8,ch_3S6DKvIH3XwJlyxPQHHb7FXM
in_1g9zdhAS5nuaPTVdIhCWNTt4,D9230VU2-0002,cus_ShTBw0WwClOMvg,sub_17YaeqEoYtTRpWhvXdTKfLIS,paid,subscription_cycle,charge_automatically,eur,100000,0,100000,100000,100000,0,1,1715947623,,1715947623,1715947623,1747483623,pi_3ViYbVhgcY0Pz3wyXvfeo0Cj,ch_3f6HNaRpDnnyXd41sc9RbCpL
in_1ygPJpjdu9idtOhZCu7cqYss,BSFQNJGW-0002,cus_AL9G5FORBe7gtX,sub_1ZXRUDLMtUUaAvgifKBUPMdF,paid,subscription_cycle,charge_automatically,eur,200000,0,200000,200000,200000,0,1,1715977257,,1715977257,1715977257,1747513257,pi_3XBZu5g8whTZdJ9iyo57vbYm,ch_3K0dNeQuQ8ovL2tyKgVdbEPF
in_1fujHgekDFnyyVLcZgZRIa21,UHDQ5KHT-0001,cus_8WhHup06l3hQGq,sub_16LocQNsVkFnl1yWvMVPlHeJ,paid,subscription_create,charge_automatically,eur,100000,0,100000,100000,100000,0,1,1716295048,,1716295048,1716295048,1747831048,pi_3wJk5BNwSowpXNEAz1UDB5pv,ch_3ThE9grNAuMRPs5TgGfG2Xhj
in_1BTSFoNkPNISwcVL9H5b0Hfj,VK6SFG9L-0001,cus_IciQ1TUoQ34B07,sub_1fLhDtQvB975xVjB20VGrDVt,paid,subscription_create,charge_automatically,eur,119800,0,119800,119800,119800,0,1,1716295917,,1716295917,1716295917,1732193517,pi_3WJpCAV2ZTkstvgiIqJEHZrA,ch_3ee2XS0C5soGkJDOXELOmWjI
in_19bgYauzAiOe9OOc5rJolxCd,MEFY9MKH-0001,cus_h3dSnHdaup7x4f,sub_16JGPCiXy5PytUXtylJaQeSA,paid,subscription_create,charge_automatically,eur,100000,0,100000,100000,100000,0,1,1716299713,,1716299713,1716299713,1747835713,pi_3VN5izzUXrQy0LhiXhwABwDg,ch_3IZhBOFzW0LYlPNkclErSd1V
in_1ba8lbPeIArNW8OBvlwRhVrX,Z29STCZ2-0003,cus_tHezHZAfXUzZSD,sub_1uMYf9xt91g2gYXSYOUGgGTt,paid,subscription_cycle,charge_automatically,eur,119800,0,119800,119800,119800,0,1,1716370636,,1716370636,1716370636,1732268236,pi_3Ppl4cnANBB8fnoM2qt6hSkd,ch_3SSAnv0J81vD1YIjLE1a6tN9
in_1up5UQZEEuoaJPAzK6L0Fogf,35Y23DE9-0001,cus_E4nKgFGpZsYxCF,sub_1DcbluFORfSDLlom1CHCHjhd,paid,subscription_create,charge_automatically,eur,59900,0,59900,59900,59900,0,1,1716384545,,1716384545,1716384545,1732282145,pi_3Ex4wzbmzG5S5JK3duNetewy,ch_3JLwHNUUiz5QaM2Uqxrtrt3F
in_1yQoJOOL5EZhUH7V8XcuVAX5,72EMCSUA-0002,cus_a3d8ROtbvk7nzR,sub_1uYswrs4rC1y9NqOYqIpKx7P,paid,subscription_cycle,charge_automatically,eur,59900,0,59900,59900,59900,0,3,1716388890,,1717084590,1716388890,1732286490,pi_3PZP6oZVdgmxtOpvTbzjnIHN,ch_3pR3R8Vk7sjiSSVtv6KX6d06
in_1hkVAj54wSbwB2MG6RjpA1Zn,YGG95D2A-0001,cus_4IBAPiNsoWnj2s,sub_1LQ8MTAtOl3zOm1cUv5q0elF,paid,subscription_create,charge_automatically,eur,179700,0,179700,179700,179700,0,1,1716438144,,1716438144,1716438144,1732335744,pi_37FsMMt5pfXht2VIf9S4fcWW,ch_31kJTHzNoD594vH7Gr5fPApo
in_1ImFonrCidbGzkh9Ri8UWuQs,AZY8KFFJ-0002,cus_EpYJwCFixXrl6r,sub_1MobzK55SZgdvwacxEh1qMCl,paid,subscription_cycle,charge_automatically,eur,100000,0,100000,100000,100000,0,1,1716458418,,1716458418,1716458418,1747994418,pi_3yZckPyDDbftzD3YmNGIQwak,ch_32TxBrFKcP2hm2bTpGvweNkI
in_1DRfauhQCzWb6o6C32nzmeSi,IA2YW3ZC-0001,cus_cGphVu6uaMWTBx,sub_1m8Qk77ElLlA70P08jLagd6l,paid,subscription_create,charge_automatically,eur,100000,0,100000,100000,100000,0,1,1716459952,,1716459952,1716459952,1747995952,pi_3ALHZoXTLwEufndSP2NojTYV,ch_3CStl7NIlKQQKDeKmIlq38ZI
in_1yTWfhxUQlegqI1KPKWjqDec,LJD5A5M6-0001,cus_dzFf0bFs1taP8a,sub_1yHTWJaYaBGsYM28ciBTws7u,paid,subscription_create,charge_automatically,eur,200000,0,200000,200000,200000,0,1,1716580238,,1716580238,1716580238,1748116238,pi_3n4MBuEHDaHG4yjWi2cJ8Uii,ch_3f6I8mh2jslqLzalF8dJ84hQ
in_1K624uxPJCy8bC5AGMVfY5kg,KTKEHURL-0001,cus_C2M6wDASDWpTKO,sub_1DJscQ7xALmchb6a94CEesDS,paid,subscription_create,charge_automatically,eur,100000,0,100000,100000,100000,0,1,1716646486,,1716646486,1716646486,1748182486,pi_3latnLlORuSriIuwaFzdbCdD,ch_3Q4Y9LkKmvniq8VYzRW0PbYy
in_1D2dRei1pqn3yCo3YbJpxTIJ,ZELFKGM1-0001,cus_8l3JaV24P6GpL4,sub_14Rnw4TKFoYi71LNGg9rjmI1,paid,subscription_create,charge_automatically,eur,100000,0,100000,100000,100000,0,1,1716909397,,1716909397,1716909397,1748445397,pi_3rzSEFhmmxsXawtGqUUJ9kx1,ch_3dWeUYewbJncDblqEPMZ8IfP
in_1DIGN7sZ6XYcPo6bRDymG7wx,B4QXK0M8-0001,cus_gkafupqCyqxDEg,sub_1TQTMu6Nm7mrmB8ZsaI6hxkj,paid,subscription_create,charge_automatically,eur,100000,0,100000,100000,100000,0,1,1716989998,,1716989998,1716989998,1748525998,pi_3wNVODofy3JtyIBtVaYANmbS,ch_3yshnxzZJkkYGBWEOSfD03zp
in_1KGy56J5exfvO5kSX8MXhKTP,IK0FKR7O-0002,cus_FqF1Ab2ux3jbz6,sub_1nU55c1atL1a8j0tY07kW40b,paid,subscription_cycle,charge_automatically,eur,500000,0,500000,500000,500000,0,1,1717232701,,1717232701,1717232701,1748768701,pi_3wqZfIpas1CdayhgkoqxDQRP,ch_3JiYfV6Y7WQTRjJeEl16dGbn
in_1Y68027fpH2ChEFGVJfEaL76,I6GZV5W8-0001,cus_0z0l1yqDqLiuvd,sub_15y7gI3BPVJKJzTEtWydIP7n,paid,subscription_create,send_invoice,eur,12400000,0,12400000,12400000,12400000,0,1,1717429127,1720021127,1718576267,1717429127,1748965127,pi_3UD3aqq1yLRPOmiDIB2QRJyd,py_30mWa5tNHpCZHZAvtHrcrlQF
in_1es9nVF1rLEbAXmzwGqZBeVw,16HJQETG-0001,cus_RhH6WC5XsvCjEJ,sub_1BY4Bva4pABCtxQR5ahVxJFw,paid,subscription_create,charge_automatically,eur,100000,0,100000,100000,100000,0,1,1717510249,,1717510249,1717510249,1749046249,pi_3FS1mgrvPNywMRog9FtmxhCv,ch_3Nerg1WPJ1L9QdQ81OQvv6wE
in_1FJyhTfFVsnyAFheTFDA0RQt,XWMVABP4-0001,cus_DFApu5JZTomOtF,sub_1TPYt2ASB7NwHlCOjXCwyzpw,paid,subscription_create,charge_automatically,eur,200000,0,200000,200000,200000,0,1,1717598868,,1717598868,1717598868,1749134868,pi_3q5XZ7l9m0aEWdShGsNkqE5D,ch_3OnNdDtMUC9h7k4LewNNR76z
in_1D37SB8FzHsW1nq7c1SXVTuO,IALAZ4AO-0001,cus_hSRBsWl6Fntub9,sub_1T08Gagr0syHEx4nSCUR2CFX,paid,subscription_create,charge_automatically,eur,100000,0,100000,100000,100000,0,1,1717612487,,1717612487,1717612487,1749148487,pi_3sBtzTmZjFzDytfWuhvjodqN,ch_3KAoWs4jtItrAppaVmFv1jrO
in_1L0y3mY8BRRClxR5kgXmGcPb,TTAFINK5-0001,cus_yUXN4xtkq89MoG,sub_1hYfI5HpCR4nEtQwASgMWRpZ,paid,subscription_create,charge_automatically,eur,59900,0,59900,59900,59900,0,1,1717654719,,1717654719,1717654719,1733465919,pi_3RfEtQA6XOqhfj6nhebPZe6l,ch_38WeaqCU9PM5XVUuscIC0Nk8
in_1PhwmTKG1qoLg8iG4uFHspyX,HB78H7K2-0001,cus_KBW1OuYyaSLAXE,sub_15mcRa3lNsT9mD9oAhi4w7YR,paid,subscription_create,charge_automatically,eur,59900,0,59900,59900,59900,0,1,1717711872,,1717711872,1717711872,1733523072,pi_373jrt9NDtOxG3w6pPESK49y,ch_3zz4g1symKmypJJTAAAmnSMM
in_1u8tkcQ6QkRcu0qVFiKy1XmO,3U0BPLCJ-0001,cus_aLz5OtxgFQPNF9,sub_1UjN2VPMDgJnBZdM9DwT6UXi,paid,subscription_create,charge_automatically,eur,59900,0,59900,59900,59900,0,1,1717759604,,1717759604,1717759604,1733570804,pi_3Puiu7iJ9nc2oDrEHoexAvYf,ch_3a9w7zwIcdjYrH5JrdT6nLzE
in_1vwSzRAHyg59jNiRRgPyqwEy,3FTUXD3O-0002,cus_hUhVwse53NKb1g,sub_1kXtf4XUuhQpyLapgVLC3Fg7,paid,subscription_cycle,charge_automatically,eur,200000,0,200000,200000,200000,0,1,1717857586,,1717857586,1717857586,1749393586,pi_3jx1ZULTv89ykb3h3LMSqYDH,ch_3K7zMmoS26bQPAiXNS4AVTl6
in_1LUMmXnTOaX0nPMNT6gX8azV,U747RV2Q-0002,cus_xhzIsEqS6IHCiY,sub_1mCbGAd6mKOaGFqAliOldaxy,paid,subscription_cycle,charge_automatically,eur,100000,0,100000,100000,100000,0,1,1717865009,,1717865009,1717865009,1749401009,pi_3Y31CW908eSWDlZZFrqXimC1,ch_3mAewBQjv5JKaCFmURvRyvTu
in_171bQ9Fd7ucaOSQaBEpr6BnJ,9VR4IC6Q-0002,cus_cMGwRRvtoTdIiv,sub_16SvHlizDDm7zIKN3zFKfLOR,paid,subscription_cycle,charge_automatically,eur,59900,0,59900,59900,59900,0,1,1718175237,,1718175237,1718175237,1733986437,pi_3Fu6lICgrUXBh9rHmYYlX1Eq,ch_3zGIBEbeHCaetwSKE4Ml9gau
in_1So1uZPg0QKLqkMJtWGwnFlL,0HPHHJUQ-0001,cus_eG1QQ97qw8L5Fb,sub_1Nigpsgrp3GMaxcbsbjLKfOl,paid,subscription_create,charge_automatically,eur,59900,0,59900,59900,59900,0,1,1718348769,,1718348769,1718348769,1734159969,pi_3WRVIXZITDr6mt4jQTdpvi0J,ch_3XM0iAkImA3TVwdKS6ga86TX
in_10I0FtC0qilt4jbiO8YJYpL8,8LJLI8XR-0001,cus_seuNAnlEfIW0WU,sub_1KK3AWDsn4QLS8L9QwqvY0cH,paid,subscription_create,charge_automatically,eur,100000,0,100000,100000,100000,0,1,1718366021,,1718366021,1718366021,1749902021,pi_3pDZp9rJrmjgVSTPukfya7UP,ch_3VRR6izJWfHzoxp1fmrrgYcA
in_1rYAj637K8Li9bL09OkOyIYZ,NCFU0LX6-0001,cus_PtSjWO8Fza10AE,sub_1NKsCQJwbg5smhmsRV5OHxHx,paid,subscription_create,charge_automatically,eur,100000,0,100000,100000,100000,0,1,1718382121,,1718382121,1718382121,1749918121,pi_3ImUVIo7ZREcJXVvRKbjfB7R,ch_3sKz0mM2eLVMFf5Tdzdtc1ZL
in_1q6CvILAi06HAjcS9lzlUPkI,07NY7ZNZ-0001,cus_ExZ5AMTJPVntlc,sub_1nfBogtUshVFP6FxEbZ5bBug,paid,subscription_create,charge_automatically,eur,100000,0,100000,100000,100000,0,1,1718385006,,1718385006,1718385006,1749921006,pi_359OmaEoozKS3bDa4hFgZas0,ch_3upZT07hwct23jT7CD2zk3mN
in_1GCkifK5OS1WLG0jXNZHVRCP,0XSF7SYF-0002,cus_5b9iDl6IcU2YUt,sub_1A2FVbTpELMjcLeeQYBSqg0F,paid,subscription_cycle,charge_automatically,eur,179700,0,179700,179700,179700,0,1,1718467159,,1718467159,1718467159,1734278359,pi_3jaKFPQcrvvSEyTpLhoAwdhr,ch_3y93Glrqnrpl0KnN1TGeHtL6
in_14ob1k09jEM9vLUIbyyVatEY,BPPQSC3G-0003,cus_eMlFdHq4qjmKOC,sub_1zFU5dX7Pez0SO2aTpFGkzLW,paid,subscription_cycle,charge_automatically,eur,100000,0,100000,100000,100000,0,1,1718540536,,1718540536,1718540536,1750076536,pi_3Qw87CEPrHFmD2Mi5Qa6MKEc,ch_34KbMZBF59YQEj3PtSL5tpnt
in_1QNm9mfbhjvth2NdbrnfXOvD,GCYBR7Z8-0001,cus_ZeMhwsReltcYBk,sub_1SPIvkrq2ywYvREzdSWbKJ4v,paid,subscription_create,charge_automatically,eur,100000,0,100000,100000,100000,0,1,1718642668,,1718642668,1718642668,1750178668,pi_3nLHfQ2tahbQNuggoIe5oNap,ch_3TOBTBr2DSiO8raWsh6V2jYW
in_1mvtISL6FdUj6pUKNSs8Le15,P7KSG1X8-0002,cus_GwqVkn0sc0VfuP,sub_1BEQNFpnW9zlLrdnMJaJItpr,paid,subscription_cycle,charge_automatically,eur,59900,0,59900,59900,59900,0,1,1718715936,,1718715936,1718715936,1734527136,pi_39Jz6UaGfVfeciGYBRtbpavo,ch_3o3bqSNgqjNU3UQvIk2KLKiM
in_1QIFVSQGStZm9AVTbrsStItD,VGVACAAL-0001,cus_itG6ylb2rPWSCu,sub_1xwLFDGSnC6ZQ8EnO8iwSgBK,paid,subscription_create,charge_automatically,eur,100000,0,100000,100000,100000,0,1,1718872262,,1718872262,1718872262,1750408262,pi_3dvRBvFnnIRTzVvvpyRh4Wyd,ch_3Xh4pdTpA7zDjdguOuWUyDnd
in_1xiCwBF7wqHoVnmmwYaiizgj,VMHZL1S2-0002,cus_WtObbSwd945cC4,sub_1RCGhtvfiY111HZ1IGs1JYdZ,paid,subscription_cycle,charge_automatically,eur,100000,0,100000,100000,100000,0,1,1718872911,,1718872911,1718872911,1750408911,pi_3GcalMe0e4vORTxsFOy7BhMP,ch_3rdY1E84dJjOqvslvIusBz8S
in_1j781jgkXiDmYZH6BqMds4lh,JOTTLM1V-0001,cus_XP7Tp4JJkYxWr5,sub_1ZfY0aQcNX0OooJUmWYzWL42,paid,subscription_create,charge_automatically,eur,59900,0,59900,59900,59900,0,1,1718962525,,1718962525,1718962525,1734773725,pi_3SPMrqDZpFSl4F2ezSC1GDIu,ch_3D3oj34XDaD0B4mnPe42R8Xg
in_1yiELsEeErgL0ZmjKskcQqXy,YRFS4ALS-0002,cus_BjEZfNXzDgXKSN,sub_1BTrscs7xbbhcPdPcr6hYVLs,paid,subscription_cycle,charge_automatically,eur,100000,0,100000,100000,100000,0,1,1719084737,,1719084737,1719084737,1750620737,pi_3wAp10jmZQ9AOxtY2lcWLNVc,ch_3eR5sFuvLz9XurLpU4d1XOdA
in_18kyoqiws474SKeajzlRAqxN,62BIN83D-0002,cus_FtPHDUZOxM4QjK,sub_1PP8l3PACj8omqj8yhl8Ymw1,paid,subscription_cycle,charge_automatically,eur,100000,0,100000,100000,100000,0,1,1719123139,,1719123139,1719123139,1750659139,pi_3SaIyUxCyKGD3QPHM0ZLfDXC,ch_3eveRYr7H73vDIHWweeAqrkG
in_1eAee5IZvwoTSRSTGSZQ7jor,BO4F77TT-0002,cus_RBrImNdCsfyTx7,sub_1Ja5Z0hIhH24sQDu4jo6YIc3,paid,subscription_cycle,charge_automatically,eur,100000,0,100000,100000,100000,0,3,1719139020,,1719835440,1719139020,1750675020,pi_3vGnPrbv1MOA7X7ttqCbzonB,ch_3wboeKBhFfGHpC8ixAJeiXmb
in_1qpoinfMzPLPCUuw3R2usbQf,FBQGSPRR-0001,cus_WO5r0gyNqYtToM,sub_1dsjqSBjNjNm6oBbmatuR6C3,paid,subscription_create,charge_automatically,eur,200000,0,200000,200000,200000,0,1,1719310608,,1719310608,1719310608,1750846608,pi_31el8s9Rl533b0jpAgx8WJpq,ch_3grV2M1lNUBLt25Ua6DD2KoS
in_1Q6vdn8ldtsUjza9VasDSOEJ,QPCEQ1P0-0002,cus_YGtiFILBJIQ0bh,sub_1GNng0fQIc4Kmjn1S7GdxY4B,paid,subscription_cycle,charge_automatically,eur,59900,0,59900,59900,59900,0,1,1719315289,,1719315289,1719315289,1735126489,pi_3gxcHOv7nbbDkBgJg2ZwhQUN,ch_34GtR7MByyirmXXWKuBDJs63
in_1unnHYJOhYPJHyVrA07uPKn2,FHYNE5EU-0003,cus_KZCQRqFZnWQLEg,sub_1YmsWmJDDX5j8qIpVN05cdUD,paid,subscription_cycle,charge_automatically,eur,59900,0,59900,59900,59900,0,2,1719401256,,1719664296,1719401256,1735212456,pi_3c8VUnJxSAcBZANEIPhvKO7J,ch_343I7Ugtt3Hi4jpluZD9cSHs
in_1pYCtXDkknEvBO40KjsBl8Z2,RYZC0746-0002,cus_wpWtorWk9MXyYt,sub_1RSQ6mgT45dmWUHRknJHby8y,paid,subscription_cycle,charge_automatically,eur,100000,0,100000,100000,100000,0,1,1719415305,,1719415305,1719415305,1750951305,pi_38FC7I5A0LClZaAeI6p2M2v5,ch_3UySLF9rbEOvYeUhY810FDDZ
in_1HMCTC6ICM6kdZkFTR3la29Q,YKQTNJBU-0001,cus_STFH9I3YlpHeJE,sub_1mCUDeexX249WGE7umrZD3uC,paid,subscription_create,charge_automatically,eur,200000,0,200000,200000,200000,0,1,1719433663,,1719433663,1719433663,1750969663,pi_3HaI5iubaoNlU2fzyyQ6e6HF,ch_3Rk6Nxxt9QmVhPLhw8FrMsKN
in_1mUUwNu7HmPV4UW6jpn2dNRm,UE5F7LFE-0001,cus_cKiUV8vEkgZsOd,sub_1vqgaVoffKjsxYq07ucqbnZp,paid,subscription_create,charge_automatically,eur,200000,0,200000,200000,200000,0,1,1719501409,,1719501409,1719501409,1751037409,pi_3VztrRUr3ip4UKl0uFxq9yN6,ch_3RuJnu5svLSyCIdYRci1wJyR
in_1obliNkhqbDrPEWw2CHRSTye,F882YZMW-0001,cus_q0lFnjSjK0vSWn,sub_1A8J6FCk4X4poY03aRAYVpjs,paid,subscription_create,charge_automatically,eur,119800,0,119800,119800,119800,0,1,1719593205,,1719593205,1719593205,1735404405,pi_3bQVEUSPkfYYmY8gKZ2VEfxz,ch_37BuPHxHdlX9tOfZ6Yr07m18
in_1lr88lR0lPnn50siyzGFBejw,KXRYEAEN-0001,cus_A9SoUykOA31VpM,sub_1aYVPtFjHXZDRyoVEoMjr4R1,paid,subscription_create,charge_automatically,eur,59900,0,59900,59900,59900,0,1,1719593973,,1719593973,1719593973,1735405173,pi_3Wv9BdrYu6p5rmuUL9nTZx2T,ch_3PwlpFrjOgACcShEuCYZcgpE
in_14LcQq9F9p8xfsqWHAPpZUgt,9ILRACQJ-0001,cus_kbQINygnsm54yf,sub_1zb4oV7u2mlZ3BmexYxtqyiJ,paid,subscription_create,charge_automatically,eur,119800,0,119800,119800,119800,0,1,1719611191,,1719611191,1719611191,1735422391,pi_39Q3UpO0Ujb5GhOw76QmI049,ch_3OnPegaibBKzbQkSrvTguHgq
in_1LC7ZtOlNVYTeetxZlcuLjqR,IDW09TKB-0002,cus_nfjd3pyeQgkqIy,sub_1Ku9okrYCY5nVF5MY2CfCtgl,paid,subscription_cycle,charge_automatically,eur,100000,0,100000,100000,100000,0,1,1719675658,,1719675658,1719675658,1751211658,pi_37TAmW5wy70vLQXpeWEqkRPF,ch_3Eqlt51wJkoW6fTugPDNJHkP
in_1uYXyvir7WjMywhaKxKgFLPD,CIDZNGGU-0002,cus_KnSWQN5w2EkK5j,sub_1LHKpTOcdrLbG85M9L6CMzAe,paid,subscription_cycle,charge_automatically,eur,100000,0,100000,100000,100000,0,1,1719745827,,1719745827,1719745827,1751281827,pi_3vmjy2HpMufLABJ8S62kXi7N,ch_3W3NPqG8jai2SBcUYwYr9Lyu
in_1Y0imycb3lcucnk58vX1hzoF,6V8QDKWX-0001,cus_1B8bKDYCKjeiOw,sub_1DGUqLhVT6DKBpRdHKkH4k7F,paid,subscription_create,charge_automatically,eur,59900,0,59900,59900,59900,0,1,1719830205,,1719830205,1719830205,1735727805,pi_30SXkqQ3rF2mSdtrpuKWcwwA,ch_3iMlTKTin9AIqnwFDScr4TIN
in_15RrRD2244JwHliiWI2m2CbQ,W5Z1NW9D-0001,cus_truHIYmcDMUC7B,sub_1Na010YHGbpfifaDHcIah6mw,paid,subscription_create,charge_automatically,eur,100000,0,100000,100000,100000,0,1,1719830981,,1719830981,1719830981,1751366981,pi_3W1xx8w4XNwx7aBNMWpcuc6o,ch_3PhRJaXdNbbjPKyXK80xoluv
in_1aYGgDwYd74NrBub5govYYIJ,J1JRVVRG-0003,cus_gevA4s0yRpDEjk,sub_1AEn2oZtamCv8gZ95qvzvE9D,paid,subscription_cycle,charge_automatically,eur,100000,0,100000,100000,100000,0,1,1719852460,,1719852460,1719852460,1751388460,pi_3zU5xLnNUufJvJ9BN3mZELkY,ch_3VFycRKuADcAmMMR70OoOFO2
in_1xuwT0jL5qQfj2XlZhmOV4SQ,JGB6DROC-0002,cus_bMF0WqZy3iGk9W,sub_1XxUeXDEUYHwPwiQgb6LbEaJ,paid,subscription_cycle,charge_automatically,eur,59900,0,59900,59900,59900,0,1,1719935844,,1719935844,1719935844,1735833444,pi_3wIDbRYStiHG7oWZNvIHadYt,ch_33QqeAgOKRNEVSw6LJcxiJH6
in_1j6TfCkCoC57mftiQWIXPg0s,C1DGXPKB-0001,cus_Ba9dm9HXu7fl3Y,sub_1vNsrbAkTAmpxhxkq0o4Ps3Z,paid,subscription_create,charge_automatically,eur,119800,0,119800,119800,119800,0,1,1719989902,,1719989902,1719989902,1735887502,pi_38dRvxCHNQpjioxXiwxgXyA3,ch_3cIMBcaybjtkgsrpPXCMpy47
in_1VRRj0OACf3TPo13SUo7xQGl,QLMFBAZG-0001,cus_yZNKcJHK09FtdX,sub_1J8wsaTNME3jTM0GSiJlaKAZ,paid,subscription_create,charge_automatically,eur,59900,0,59900,59900,59900,0,1,1720011442,,1720011442,1720011442,1735909042,pi_3C0bOPlOLXsbwUTQPVCuLjfS,ch_3Sr2EtgOjRENH1P2wmKCe7Au
in_1rTwLYqHWmO83S6jHpuHRIH6,DK83F255-0005,cus_S4OWRXlJczEYeO,sub_1mUYo1Pl1f7MDyLSN3bIsaSx,paid,subscription_cycle,charge_automatically,eur,119800,0,119800,119800,119800,0,1,1720037086,,1720037086,1720037086,1735934686,pi_3DFJOmIHAbZ5jGkln3b2tkBg,ch_3i6HEfWGKOLtA8vKZBHGSzt2
in_1sz9X1SqSvlKpQIKONAbOEAN,U7HLF0HO-0003,cus_6ckb7gGCl3tSfs,sub_1Utzp0BXjKPIgzYcCf4B74Hw,paid,subscription_cycle,charge_automatically,eur,100000,0,100000,100000,100000,0,1,1720111876,,1720111876,1720111876,1751647876,pi_3cUjbQRM9GAEmTsJC6zmKOe5,ch_3Mz1ytDl299vztbhC4KexJuh
in_1lp9PEJZRVufiwqbsFK9sx2Q,DHNODIT8-0001,cus_T5hN5wraLkY7Et,sub_15K4AFOtRszEabwHX44SkTp0,paid,subscription_create,charge_automatically,eur,100000,0,100000,100000,100000,0,1,1720277071,,1720277071,1720277071,1751813071,pi_3xLAR2GmaTT59r3KwPUKF1xc,ch_3AGQYn3N6BtJ9QAmBJQFL3T1
in_15sY2urQmWQOe1nuiiKLLg9l,IH7GCTMO-0001,cus_v78vZZOWQD1PdW,sub_1u7HJ1gCPWqzOnw0XisFZpKH,paid,subscription_create,charge_automatically,eur,299500,0,299500,299500,299500,0,1,1720533324,,1720533324,1720533324,1736430924,pi_3UMClv8ItxF64FmTDuCw11gK,ch_38l9Iej2vwCFZqMiptSroeDD
in_1xwHW8dhfvfJKiFMKb8QkiZH,Z29JZCMZ-0001,cus_okUiFpJgpzgcVI,sub_1UmJ0tlXNWQjqudxMrbKwd4L,paid,subscription_create,charge_automatically,eur,100000,0,100000,100000,100000,0,1,1720611067,,1720611067,1720611067,1752147067,pi_3SVhIVISnmfyqb6TPVP46SOZ,ch_3PmGFfGxKjlvr1gx4LG7incZ
in_11gUeoKp8pMrrzu5EL2iKNwl,RZA7K3G3-0001,cus_QvQQhnGFIame4l,sub_1tDLxq0qjQ9DzbEcmzewuuv3,paid,subscription_create,charge_automatically,eur,119800,0,119800,119800,119800,0,1,1720614398,,1720614398,1720614398,1736511998,pi_3ebV5XyVkRhDQtugGrwvGqPq,ch_3hqXM60vxq4SAGbDc4pO5VAm
in_1q6VkEXrUvIoUez2pOpwCn4h,UKZ4P7XS-0001,cus_lc8IzTtuTv4Cbh,sub_1PQu49k7hNjwXcjlip2PeLar,paid,subscription_create,charge_automatically,eur,59900,0,59900,59900,59900,0,1,1720617302,,1720617302,1720617302,1736514902,pi_3uQy3N7WaLOglpj0oPS48sHu,ch_3BgV3twlH5LBAHZ1N9GhB5sj
in_1QkBwe2YzJWyd07x2NNx2c7J,G2DURNT8-0001,cus_ySeaKjvBvDaXrb,sub_1QWW5sBNvb0ZLLyEJodIV2ct,paid,subscription_create,charge_automatically,eur,100000,0,100000,100000,100000,0,1,1720624470,,1720624470,1720624470,1752160470,pi_3RoNXZcmPODKkd8POC9S31EY,ch_348BJzdAPOWACrhe4KaCK9To
in_1kycyCEIpLPcCcDLaLkQCQvP,B4684YE7-0001,cus_3gZq7DxNbjjCag,sub_10wmbAwD9pzJ4m1HUypuPEIK,paid,subscription_create,charge_automatically,eur,300000,0,300000,300000,300000,0,1,1720627089,,1720627089,1720627089,1752163089,pi_3oXlWg5K5JoLtSZ5nx4pwHJQ,ch_3CjfyMydjf0oPU7DdYwhbp3s
in_18F9g0l6D3a6zknENj7GbbwP,GZIZLGD5-0001,cus_KKFrKkKz0M7J3g,sub_1Un4MW29UbLOfrDp11eIa8K9,paid,subscription_create,charge_automatically,eur,100000,0,100000,100000,100000,0,1,1720707030,,1720707030,1720707030,1752243030,pi_3L16KSTfaKigsZubjaHLFzOG,ch_3rPIdcbu0idqCNruqqkNeYGQ
in_1axgV1gYmhXAMHY3nZLP1DNa,LW7NG71H-0003,cus_piD40BuxcaVKbU,sub_1m8nhmSB8VjC3kRrjZ2mnN6U,paid,subscription_cycle,charge_automatically,eur,59900,0,59900,59900,59900,0,1,1720882402,,1720882402,1720882402,1736780002,pi_3BrUoG5Loz6C0zz9ffaNys45,ch_3rN7ESottSg8q3QtkyPugXjh
in_1g9CR8E61R0Rp3oVwwtonLVX,G5NNGXYV-0003,cus_RFRr8eNGTX2RQs,sub_1EGiletnAeVv2Uxc02JDfYQr,paid,subscription_cycle,charge_automatically,eur,59900,0,59900,59900,59900,0,1,1720895271,,1720895271,1720895271,1736792871,pi_3En1DXf7xmST5lhxBzY0BOE8,ch_3KRgVGJ230Ajq0SUiN6wfUiL
in_1CG7LCv2AOmc0Xh6DWA373FI,R2W5B6MD-0001,cus_n5J3f4DJt2Srdu,sub_1m12spMLW1JQPzHLzLeQR4l2,paid,subscription_create,charge_automatically,eur,100000,0,100000,100000,100000,0,1,1720977435,,1720977435,1720977435,1752513435,pi_3IoHsW2OxRwf4yV1R20FhhEg,ch_3pSCuS1DKDITummvHwQp8IvZ
in_1NufhY6YXzRqW2pRTol8hkYG,ZIF3VZPI-0002,cus_NOnY90xhGl57Kw,sub_1UPmbmSYuHHmmDLJZWTR6gKn,paid,subscription_cycle,charge_automatically,eur,59900,0,59900,59900,59900,0,1,1721124391,,1721124391,1721124391,1737021991,pi_3HkB8AUQJEgXWbqZCQrLLAiU,ch_3OXWcxRVh0GedmbIulxIdhQC
in_14QUDe23tISeDzo7GhXlfX58,TALTACNP-0001,cus_8bJfLdZkSXKZHu,sub_1ljXX5K7jfW1gMWjz3W9e8Sb,paid,subscription_create,charge_automatically,eur,100000,0,100000,100000,100000,0,1,1721413717,,1721413717,1721413717,1752949717,pi_3NpPDbMFrixfJ19DD7z2b9II,ch_3sJMAFU2nHYuLtBW1Fe7n0TR
in_1ok6srnUffOq1lNbNZN2d7iT,Q3I4UCYK-0003,cus_CkiSCj59tIUM8G,sub_1svdBEEYc5oq2xeHCVeKUnOv,paid,subscription_cycle,charge_automatically,eur,119800,0,119800,119800,119800,0,1,1721560240,,1721560240,1721560240,1737457840,pi_3Gyxvynw8bMSCFNO67isSj0j,ch_3M7mQ2utM8qroc1mGyLCB6c1
in_1d3bnZDAZUDmyIjoXibQvdiI,GEYK2S44-0001,cus_H99x4EQf312SXJ,sub_1ywrvOB07XzpWzYZAn2YJqLq,paid,subscription_create,charge_automatically,eur,100000,0,100000,100000,100000,0,1,1721661745,,1721661745,1721661745,1753197745,pi_3vzHfO4713M2t7FeVr62t0GU,ch_3oAjiCO5xzEhIACqb4MatMsg
in_17dax8xk5Yu6i5Uc2OAHWbdJ,8CX3ZCGD-0002,cus_A0Gj5UoSyEMnt9,sub_1mft7TP4TEkNCaPtM0d1uMao,paid,subscription_cycle,charge_automatically,eur,59900,0,59900,59900,59900,0,1,1721760631,,1721760631,1721760631,1737658231,pi_3aTX2OBsELrhisrwyqyY79j0,ch_39Inn08DtKIwnTaGh94u1C8e
in_1rGdVGCX5k1k1q45ixjIV319,E5KLA9J4-0001,cus_uO2QfNWUGnxgj7,sub_1awYtisWKudd80c6lqsA0ZXt,paid,subscription_create,charge_automatically,eur,200000,0,200000,200000,200000,0,1,1721893265,,1721893265,1721893265,1753429265,pi_3xxpdLDF9TDhwI76VdyGQBCD,ch_3C7BWFqovA12kXjKstSaolYD
in_1zdE5IjHsd4AU7TMy8RGf3ET,58JCC6SM-0001,cus_VUENQ9xaoZJqYD,sub_187g8JqA6jv1as3LtpvRKtY2,paid,subscription_create,charge_automatically,eur,200000,0,200000,200000,200000,0,1,1721912365,,1721912365,1721912365,1753448365,pi_3YAYfy3THVV7stfnW6rVCjT1,ch_3Kev6fq0ThB95ndjsM75VIbt
in_1YHkavx8RRgBjq502HMW6U3H,XHVTXX0G-0002,cus_j4jL813sWdp90U,sub_1R2WustfshzahJ25gz7sHBkd,paid,subscription_cycle,charge_automatically,eur,200000,0,200000,200000,200000,0,1,1722038219,,1722038219,1722038219,1753574219,pi_3GuaxMY2kU02T1KkQS6sBdv7,ch_3uf8rdUt11w359Zj97E751YX
in_1R0eVAJ74kW4uADqN4x74pXC,59NSS2G4-0002,cus_Gs2YQpfDLewYTo,sub_1QR18eIvyFckO3bBX6XkDiSM,paid,subscription_cycle,charge_automatically,eur,100000,0,100000,100000,100000,0,1,1722180585,,1722180585,1722180585,1753716585,pi_3GtF59LDMXHf8aFOAH1fjlwY,ch_3LgpxY04wcVlW6r2pk44Izbs
in_1OnCNmO3CgTSCRtHiNYRIslj,70NT4DNG-0001,cus_6kScNNqIdCZy0e,sub_1u9n19buDp8A8Cg1JoN7b5hI,paid,subscription_create,charge_automatically,eur,119800,0,119800,119800,119800,0,1,1722246331,,1722246331,1722246331,1738143931,pi_331WQkE9yyuawFeXZkKzGESA,ch_3LZSscY1MPiIfFKo828KCDky
in_1dB3smmbLIw3RbJQ8jR20yag,BXZM5L5L-0002,cus_rJg4yas33C1Jg0,sub_19DmdCrDhhRwUQimV2Z3EJMJ,paid,subscription_cycle,charge_automatically,eur,59900,0,59900,59900,59900,0,1,1722267057,,1722267057,1722267057,1738164657,pi_3JVlUoURd4UEi3cxQXFNz4HD,ch_3SRuu5RQixBNGVH42YMoAx3W
in_15h9f3ZkRgnawOXtO5NGFZTd,IHJ29VW2-0002,cus_HvP6qdoVJ3Trwx,sub_1kcT231hjG0DqGGuOmLvGVnV,paid,subscription_cycle,charge_automatically,eur,100000,0,100000,100000,100000,0,1,1722423633,,1722423633,1722423633,1753959633,pi_3vkqB27498vxZwtb8W8FHnF4,ch_3ff1t0EuqtHQvXatQXSOYz5F
in_18Alo61ZV6SMdtZ93kvYj7wN,L83O1UFA-0003,cus_25zIA82UBLtYX2,sub_1mQEYSeiYqvMLO9jUh9Kzj5K,paid,subscription_cycle,charge_automatically,eur,100000,0,100000,100000,100000,0,1,1722597381,,1722597381,1722597381,1754133381,pi_3S662BmVYUhnnfdnqz1wqMhh,ch_3k5d2xQydnGzDHeCzzoZlUZr
in_1GxnE3uKkSD9cAjeukPvuMQJ,T4CH913S-0001,cus_rFVlf6CkwyhKlr,sub_1qLGOkf11gR5EBXmfDi2NA2Z,paid,subscription_create,charge_automatically,eur,59900,0,59900,59900,59900,0,1,1722699956,,1722699956,1722699956,1738597556,pi_37I9VQNfGuv4X3QoYwzNlqKI,ch_34IMJygsqQRTtlzehVXHfBNd
in_1XVTptqSNYCchTTE8Me4Jyyn,S16556SI-0001,cus_CSHbXJqao2Z251,sub_1oRsdTftCEjDY9lHMl4WTDAj,paid,subscription_create,charge_automatically,eur,100000,0,100000,100000,100000,0,1,1722870021,,1722870021,1722870021,1754406021,pi_3DJ7k3iPHEBNwpGDKBftgE1T,ch_3u09fryZJ5rl7TlPXLMq36c6
in_1LKnoKYHToqOOmH0e1QmPpU9,ULRIBXUJ-0002,cus_kIuVEJRArJS0sL,sub_1Q6Zm6bDagL3oXIbxK1r3ukQ,paid,subscription_cycle,charge_automatically,eur,179700,0,179700,179700,179700,0,1,1722998541,,1722998541,1722998541,1738896141,pi_331RBN28kMJFFIbEvtKsWN9G,ch_3zRWXyEpIDd2KjFyVj5v67sE
in_1NguLS5j1AIAHIIA02ZDUgA6,MNLR98D0-0002,cus_KbQg1QRNrZchTD,sub_1GAqwBlbpq1P1AV1HBrlZBog,paid,subscription_cycle,charge_automatically,eur,100000,0,100000,100000,100000,0,1,1723057269,,1723057269,1723057269,1754593269,pi_3GsZv0cMFiObjpcmwDZKMZXK,ch_3x2cbGYduQwOWXSIeSBGmIhU
in_1gBTHE3XS6T9NYuQBn2VSB53,GJSRBFF8-0002,cus_yBz0zNu4uVqcZD,sub_1WWZ3oVsL0gZw2nBZZDUWc1P,paid,subscription_cycle,charge_automatically,eur,100000,0,100000,100000,100000,0,1,1723097243,,1723097243,1723097243,1754633243,pi_3Zdz5IeeBPNuV86BszsqAtsS,ch_307TFCfdjhqhviqt4ivrbMIj
in_1d7qUIFDw4ydOyVga11ZrQIn,H80MLA8H-0001,cus_DG8CPspgjcmlD4,sub_11AA8KVKJ2WDSxmDDMK1YfFy,paid,subscription_create,charge_automatically,eur,179700,0,179700,179700,179700,0,1,1723107739,,1723107739,1723107739,1739005339,pi_3NYJ1I38UOuwoGQC8b4281A0,ch_3pBx3QfTk18wlQ1XFM0GHu1g
in_1iTOgPXfcUwY1cdQuL5q3ijT,NZ1U6H6M-0002,cus_3DLRefwo7bSYqM,sub_1dLT1ZhgvahACK12TIi29k51,paid,subscription_cycle,charge_automatically,eur,200000,0,200000,200000,200000,0,1,1723122803,,1723122803,1723122803,1754658803,pi_3xTQMhgYBTD2kT7vAEXWI07O,ch_33O2z9Uqq7uZCXmEp586GRd0
in_1qSv0QIS7YvjUjdBX19Bg090,8ETGS4GH-0001,cus_on8SuxR7966Hae,sub_1OxHlv2xTElGTqu9XUyvLmYu,paid,subscription_create,charge_automatically,eur,100000,0,100000,100000,100000,0,1,1723214529,,1723214529,1723214529,1754750529,pi_3W8HTL9Duw90XPkSBQTR3kZL,ch_3LoylQq6j7tZsKXtr2wFrhgw
in_1Zvp6nn01HpmDtbP76AJw2hq,R4Q494NO-0001,cus_D0fdPFHhVMSnow,sub_1GlXePG6uwAWXMmjkJjQ4QwQ,paid,subscription_create,charge_automatically,eur,100000,0,100000,100000,100000,0,1,1723297680,,1723297680,1723297680,1754833680,pi_3584NggZBKoFn9rra45is0Ne,ch_3bnnefopFby4WMCqsBI6eMIY
in_1BGBqNxTLSoQY85itHC7U3aR,N9BJ87SZ-0001,cus_i3js4IlUBNRrRd,sub_1PsFARxnf0XP3EuIKvZLRZfV,paid,subscription_create,charge_automatically,eur,100000,0,100000,100000,100000,0,1,1723457748,,1723457748,1723457748,1754993748,pi_3KWRfpwXQ21TsyJzRAC52cM4,ch_3u82MaenA20J8vqNHCd9oQsP
in_1JLedPQbu52lh68ME4WJRfCh,6W00IRNT-0001,cus_GUTDi9a12YZ8b3,sub_1KG3F43tZEcjtIHwvLoucMe6,paid,subscription_create,charge_automatically,eur,100000,0,100000,100000,100000,0,1,1723474987,,1723474987,1723474987,1755010987,pi_3ROEe7rGK64e6pS3clR2zBzi,ch_3JGpRwkSLHAChbaLM6oCxezy
in_1e0zRxGOVBhfPhwQTbcfYXLj,5UJV1W5D-0001,cus_2Q5sRjsE51siX1,sub_1jOCRuQBFl377dQ5nhcNCkn2,paid,subscription_create,charge_automatically,eur,300000,0,300000,300000,300000,0,1,1723555664,,1723555664,1723555664,1755091664,pi_3SBLjoXZqNwj9k6XNuG8QP3Z,ch_33TrqLqWjrpWvqyZvDSF2ewg
in_18TQTytX1CJtgZoz8mn7fy9U,QLOCJNRT-0002,cus_DaeDLkQhydgvN5,sub_1pDi4gZBx8vu2L2MphsX8qYS,paid,subscription_cycle,charge_automatically,eur,59900,0,59900,59900,59900,0,1,1723637063,,1723637063,1723637063,1739534663,pi_3BZFT1p9ZejoaoZtUzMlMQIe,ch_3E95cmdGKCeJOtaBK1yJaCsq
in_1CMMRqJGYigFf4Q7yLhdMqIk,URQ11C3T-0002,cus_igS85lwKRF70Vk,sub_1pu34b6bW8wpmHPEhHbm1gWD,paid,subscription_cycle,charge_automatically,eur,59900,0,59900,59900,59900,0,1,1723808279,,1723808279,1723808279,1739705879,pi_32CLqRaBA8pzLGGwL6pcM5th,ch_3rcmckfnZfT1cOGw6n4x8J29
in_1nj1wlW7M8fKVdIOSLYg796c,61ZRLYNJ-0002,cus_bMmHM36OfHXd6D,sub_1cf0c3xD15zXSp8fxIpJqRnL,paid,subscription_cycle,charge_automatically,eur,100000,0,100000,100000,100000,0,1,1723902435,,1723902435,1723902435,1755438435,pi_3Nl45e40qvAHjy0Hi4TkJ2km,ch_38FgEFTVj8uX9lAHHZcoP4l0
in_1ZJXYs5YyQjC8Y6Sh5lPOlTv,B7EA6ANB-0001,cus_xs9ABw3phvHqW3,sub_1VhzAMm00ynlN8XCUqHqGmDX,paid,subscription_create,charge_automatically,eur,100000,0,100000,100000,100000,0,1,1724056232,,1724056232,1724056232,1755592232,pi_3m2O2UlLmsS60tjyNzjWztHY,ch_3O29EMoehbD4YsnDi1hKg1nt
in_1Wcv0VOMTECxS7gDALgg8DWp,MKGRLK7X-0001,cus_v6B4wtUhEItCbF,sub_1LQDgGcF1ol7mboRsSgaSMVK,paid,subscription_create,charge_automatically,eur,100000,0,100000,100000,100000,0,1,1724076616,,1724076616,1724076616,1755612616,pi_3dT450W7Ecig0kMCWjYkMiHk,ch_3dNmTUx6PnLNQXzAPorfJdZt
in_1NjwiLrjXvR92rob66w4hp7y,NLYFHUU2-0003,cus_K9SEsQkRYn8JzM,sub_14b4hxzbY1qS9n8hwV8tBX3H,paid,subscription_cycle,charge_automatically,eur,100000,0,100000,100000,100000,0,1,1724304569,,1724304569,1724304569,1755840569,pi_3tS9Js1e8qUSaDd6jtIHGaXX,ch_378Zf1DrKWbqy1hOniHmn4sQ
in_12IDXUfd23jlgVTCGbLa2KQQ,EPPZTXRB-0002,cus_FPedClKpSoTyKC,sub_1auAwziYTDLU4f1BOzH1kf0U,paid,subscription_cycle,charge_automatically,eur,300000,0,300000,300000,300000,0,1,1724326729,,1724326729,1724326729,1755862729,pi_31506YNsp3oBtg6rrgoqxYKZ,ch_3rjWvK96nSErwZgjvNBGd1vS
in_1AXTEsc8NJ8MH1fmiEEO1MfW,V4UVOYEA-0001,cus_6KKSAkctXiPZrn,sub_1pCAeaat9UeE2xlKcaGnNJjx,paid,subscription_create,charge_automatically,eur,200000,0,200000,200000,200000,0,1,1724445259,,1724445259,1724445259,1755981259,pi_3DcGAIHUqLC59xVbmn9QzdWz,ch_37ke1T4FEGwAAFXDBsJ1shnT
in_1sLDK3OJjP6Y6mZsebdAnZQi,VN5XM43Z-0001,cus_P0vr89DxrQU8ox,sub_1YCqDieRa7tLwqqPYofbsZGl,paid,subscription_create,charge_automatically,eur,200000,0,200000,200000,200000,0,1,1724495045,,1724495045,1724495045,1756031045,pi_3ExFMAOzcpAaixnAnKHJcwwZ,ch_3IxAEGFeU73dRprsonobJPui
in_19uEz3NdKN8x03B5JvJvPLGZ,K74CO0RQ-0001,cus_dugZGAGt0Dxjnp,sub_1l5x0zsJqmTSUrZSbEYiENgN,paid,subscription_create,charge_automatically,eur,59900,0,59900,59900,59900,0,1,1724502586,,1724502586,1724502586,1740400186,pi_302rTnRdgGWfADpMRe7KqJtO,ch_3bIj7RwMkPLStkcPBD2LU5Jo
in_1ia0O1eXkg7TAAjFzh7Ptkmt,6DY36O0U-0003,cus_WjrNSYWm3SH9xJ,sub_1tSELp3mgr5AmlEGzZve0eol,paid,subscription_cycle,charge_automatically,eur,119800,0,119800,119800,119800,0,1,1724574436,,1724574436,1724574436,1740472036,pi_3BJu2Mg76HbRLWPdPNqeWNOH,ch_3tek8CjaMNTMbfu6qjrbsxOk
in_1SXuPcNIbxosg8RiThc0EYQp,981HTZLW-0002,cus_7g0D4Vu81I43MP,sub_1334gL0fbyuU5NvDlmYA1Xy5,paid,subscription_cycle,charge_automatically,eur,100000,0,100000,100000,100000,0,1,1724601122,,1724601122,1724601122,1756137122,pi_3rm58HVNdYvZ1tWlbwwmhX8C,ch_3yXTvH2wvBDBq37p6t23O7mq
in_1lgySVZATmoSZvqMyT8uHvLz,5U52A8YS-0002,cus_zVGeXtcArYTBDq,sub_1x2cT9YqtbFcUmNdzuNWRyVv,paid,subscription_cycle,charge_automatically,eur,59900,0,59900,59900,59900,0,1,1724655999,,1724655999,1724655999,1740553599,pi_3cCkRq7PC7OD60ZrGQWiUMcs,ch_3hyqhNAqPJRkKyTbFwtuYhsC
in_1PaSoDsrSOUbfd0I2KZ01qz0,G7WVPE5J-0003,cus_9ONLRcfvT2ecAG,sub_1y5Vkj0SBF7KDryms4DFjSlt,paid,subscription_cycle,charge_automatically,eur,100000,0,100000,100000,100000,0,1,1724671480,,1724671480,1724671480,1756207480,pi_3d5pImwxXcnyyDPmpTZSXLqq,ch_3L1D8Df7iiC7KVDhNeZyBfMZ
in_1AiRu00wwXc2agyFUwevx0Jh,OACS77FM-0002,cus_td9i7plqHDEfD4,sub_1r9PJxdYFpvj4tpZCFHC2nzr,paid,subscription_cycle,charge_automatically,eur,100000,0,100000,100000,100000,0,1,1724762966,,1724762966,1724762966,1756298966,pi_3txENVX8S4A67Pt39syZ4DEz,ch_3yoovZ3vDxWSjlPwEycUMvVb
in_115osONqZapHrJjqAaVsR3YN,N9JC1RZS-0004,cus_zvomjVpefdbOpn,sub_1AFrBDfxXDTpl265088hPK1G,paid,subscription_cycle,charge_automatically,eur,59900,0,59900,59900,59900,0,1,1724767229,,1724767229,1724767229,1740664829,pi_3r00XaMnJX920jMbrmTjrfst,ch_3nC8kKKXjOubT7Q8pYVmi1V1
in_1YDQ42HRbf3khj16TGx9rzwR,SLPUW4QQ-0002,cus_M3kQpKsK0ROdJu,sub_15scQHGkk67UsIrey13IfvUS,paid,subscription_cycle,charge_automatically,eur,100000,0,100000,100000,100000,0,1,1724832430,,1724832430,1724832430,1756368430,pi_3c1IF3O9t9KRilb3KkQdd9Cc,ch_38F63EJDMSUA8yFBLEhivSkU
in_1H9Evf16EZJZhTHoVEQUCxVe,BS9YFPEA-0002,cus_j57gH7vi54J5qS,sub_1235BEX9pZSYwpe46PBS0YHa,paid,subscription_cycle,charge_automatically,eur,100000,0,100000,100000,100000,0,1,1724932791,,1724932791,1724932791,1756468791,pi_3SMBDnxc2KQXKD8i6Aeo9JJu,ch_3Zm91FzKaKE1hpmJ1fqND8hZ
in_1BhNZdNjc5Uj87KrTgL5q1X8,LFJMYMGY-0002,cus_uTHDkl3tgqZbDo,sub_1v8GpiflU7zsM8IsWuTJ03DA,paid,subscription_cycle,charge_automatically,eur,59900,0,59900,59900,59900,0,1,1724941744,,1724941744,1724941744,1740752944,pi_3BTcRaFJ2rElVrsRQc5ARwTv,ch_3I7t6wkmXo9NpKw8gP4Yl6vj
in_1EndxElQM4GJZKhGDZcDmMZn,CLWY0H3R-0001,cus_UCxDIK27UTiBQ6,sub_1fchpzpC1uj2blTB8DU7TNFd,paid,subscription_create,charge_automatically,eur,300000,0,300000,300000,300000,0,1,1724953012,,1724953012,1724953012,1756489012,pi_37o6TG5vHHv5TKpUKPgH824i,ch_3AU9KPPHNptz36BoDHoD8Uge
in_1uUoC7xtFMraOiLk5qBjhWkS,G8OQRJCH-0002,cus_7BLYWk6BkvM5Sg,sub_1GHYWji17b6nbMbwhWVo2xmz,paid,subscription_cycle,charge_automatically,eur,100000,0,100000,100000,100000,0,1,1725029347,,1725029347,1725029347,1756565347,pi_3aTTNzTB98xX9kjUrS5Iyi3w,ch_3ILUZmlX1wcTpNm9stNvsHL7
in_1SOdfQRyqK0JyUPSJpb39soT,EBYJGUJ4-0001,cus_mmLTSPjeSKTNNb,sub_1FAkaCReenUew2aM0bN6F9fq,paid,subscription_create,charge_automatically,eur,100000,0,100000,100000,100000,0,1,1725034397,,1725034397,1725034397,1756570397,pi_39D0Hwo9QlTcyyGdv3ggpBnB,ch_3LllDDSaWmWkvnb8GRDWMr7J
in_1ha4zhuElZvRd1nNGvp98AiX,I95ZJUK0-0002,cus_GXfGIEAksxidBd,sub_1Oe5ikFZz6yhmlgcV911OfZH,paid,subscription_cycle,charge_automatically,eur,100000,0,100000,100000,100000,0,1,1725109457,,1725109457,1725109457,1756645457,pi_3TK52MvKfMWuM9nqxxxAsiqW,ch_3SsyqI9HOSWHepxl1BX4PpIe
in_1g3v0DxPG8n5QvN8uzP8l3FM,44RH4CF3-0002,cus_FGag8J8yijxmyZ,sub_1AqIbqsPTyjao9HSDChvoSmP,paid,subscription_cycle,charge_automatically,eur,100000,0,100000,100000,100000,0,1,1725191654,,1725191654,1725191654,1756727654,pi_3yCUPfPHFMbDN6ryVCJBWKa7,ch_3IuNfg0BeE677bzrmkt2Y3k7
in_1lbjAMCQiXipOvirAYqOWUUn,O3GSNB1O-0001,cus_gAcmkpqNt7kCnD,sub_128lBfuvfg8rUNAYKfWUpnyB,paid,subscription_create,charge_automatically,eur,100000,0,100000,100000,100000,0,1,1725201822,,1725201822,1725201822,1756737822,pi_3YmMs7SQvrvXK7AFApf7nncB,ch_3HWHgpxS9oclYPo5dvTSFUtJ
in_13R54gFVgKDI84nWIf5Fb1do,S6I072Q5-0002,cus_ETuZBXZOdBxH46,sub_1nm5IO2cJYlV7kIdQF7u3gTF,paid,subscription_cycle,charge_automatically,eur,119800,0,119800,119800,119800,0,1,1725267780,,1725267780,1725267780,1740906180,pi_3efwYoGJEJADVDD3HhKUsab3,ch_3RUFqty9xQannDLmOStxA561
in_1lIg9JgWzDA8ORKjy8bosG2T,DK3IM0MW-0001,cus_qVAkzJZcvsQCmL,sub_1tjuFeLzwFE7JifHdobXtNQs,paid,subscription_create,charge_automatically,eur,59900,0,59900,59900,59900,0,1,1725290585,,1725290585,1725290585,1740928985,pi_3I4J8q9XcnEjYNuTtY2KzcJ1,ch_3vZ08MEjSaOMSfGpVEa8w6Sk
in_14gqNU68OrT6g6INEn5Vbhg7,8SBP954O-0001,cus_KsPXF7HPCc5cK3,sub_1E2RbzG9XedC3VVfXahVnv0n,paid,subscription_create,charge_automatically,eur,59900,0,59900,59900,59900,0,1,1725303783,,1725303783,1725303783,1740942183,pi_38NQHkpnSWOH0lQxQTnABfLt,ch_3qCNN4nKfcOiE5ewYNgNFZ1J
in_1rTO6QPT16KinAXACWpHFbhV,0RC59GWA-0003,cus_WJIMNz5Dn2b7Bp,sub_1rFT1DTHO5Et6L69PkoxcbqE,paid,subscription_cycle,charge_automatically,eur,100000,0,100000,100000,100000,0,1,1725458766,,1725458766,1725458766,1756994766,pi_3s1NEKivRFCSmwi0tgPBJdlm,ch_3IhOeS7U5m5KyBaWI3ztTVnQ
in_1MeM842xKHnC3sPWCfs2PdSc,1N2FR0LR-0002,cus_vOOf2SbGKVWrE6,sub_1ejrk26LCXYX7TFG9Bakb5fx,paid,subscription_cycle,send_invoice,eur,15000000,0,15000000,15000000,15000000,0,1,1725534427,1728126427,1727455867,1725534427,1757070427,pi_3UeE82Kgkyelr9DwAZPEsN5g,py_3Ig3UIWGNs9e6x71FEAmOfgJ
in_1k8eBADQeGP1MwPHCA8Mm93y,WTLZJXEW-0002,cus_obnwHk5gWSmnBu,sub_1EJNbJMy9npTj8TpZliUdkJa,paid,subscription_cycle,charge_automatically,eur,100000,0,100000,100000,100000,0,1,1725538405,,1725538405,1725538405,1757074405,pi_3fpoT8l07onQzQFA6xSzp1fs,ch_3h9D1cebB1eP24oCs2thGxnU
in_1cSkajqktYSuvZj3POLsV0Kd,H5D0BVTV-0001,cus_wuwvChWmnmMxlW,sub_1SGdJkJRBI62FTQReUE5NRlZ,paid,subscription_create,charge_automatically,eur,200000,0,200000,200000,200000,0,1,1725550337,,1725550337,1725550337,1757086337,pi_3spDf84BQ6wvDZmqRV0JIc25,ch_3AOHAX61EMMZX8V7KIrXV4g9
in_1uHxSue29G5VDbyXXH4GtxnP,CYIROZIN-0002,cus_0xUDHXG4PIWz7D,sub_1vzJ7mB4s29ac8dQJ5HCm72X,paid,subscription_cycle,charge_automatically,eur,200000,0,200000,200000,200000,0,2,1725647983,,1725909403,1725647983,1757183983,pi_3NeNqnIBIfcRpIlERXP6tQAa,ch_3UMlyO0aI0Ly89aFwzqYjGLr
in_1QhcEXkf9kNul9pMGB1Mo4gh,IT3T9Y61-0002,cus_heOkBIpQSe0Rxc,sub_1yo4pZkiH2qo24aNOyKF6Ox5,paid,subscription_cycle,charge_automatically,eur,200000,0,200000,200000,200000,0,2,1725667007,,1725929687,1725667007,1757203007,pi_3C32jQe2QZCoHMJHpCphjpSX,ch_3avKqocfvItM1l46yeQA9CE5
in_1oXJwI4kLADKRdFPKWjVnO84,XY8O6O3L-0001,cus_yVYNoui2wc2bw3,sub_1umXoM3uWuCgBzIPloCn4TIb,paid,subscription_create,charge_automatically,eur,200000,0,200000,200000,200000,0,1,1725720362,,1725720362,1725720362,1757256362,pi_3DGBOCRtPZ8Dm3SIoEJS8HZC,ch_3eMgdtLhxSWrgN03SPTWD2KN
in_1KP7i5pi1OEcLnfdbGjmM734,EHKC032G-0002,cus_e94f8z2p8NNymg,sub_1KO5vIDxeXJHqxvkKVtydsIg,paid,subscription_cycle,charge_automatically,eur,100000,0,100000,100000,100000,0,1,1725797528,,1725797528,1725797528,1757333528,pi_3VfDVXY7VKc3V4EKLOAg9k5I,ch_38R5cUha8WLKiA4rnLVUStvN
in_1JFyW2dvgbSBD8Ek3mQuo3xk,EIW2B9YA-0001,cus_LjxDPjroBdQoxB,sub_1xhLjYvWjW5UxxYVmyDVKbhB,paid,subscription_create,charge_automatically,eur,100000,0,100000,100000,100000,0,1,1725843541,,1725843541,1725843541,1757379541,pi_3nY4ElmqH7kEIgkQRATO164g,ch_3e2LSXbfNWxdQEbHjbTRgr4Z
in_1ybzCJJelv9mxEzZlTo3wIl6,470K965G-0001,cus_lUmqKHNBKahNpg,sub_1Vcic8rPnuaNopthupkOL0aQ,paid,subscription_create,charge_automatically,eur,59900,0,59900,59900,59900,0,1,1725881360,,1725881360,1725881360,1741519760,pi_3xygrSpK3oLjMw6ssQfAdofT,ch_3s9cgEqF4WMutUgP1ecxR7CF
in_1xNcyNLeiiD6iDErOdtnFBf5,DEF6UBIG-0001,cus_TJC92H5Zy6m9pR,sub_1axVa1rr3rBmwRgeh2Jif1Wp,paid,subscription_create,charge_automatically,eur,59900,0,59900,59900,59900,0,1,1725898704,,1725898704,1725898704,1741537104,pi_3aA0ukrLkJPgxRMTdSmRpXDR,ch_3Ryo0BVRTQdvfBNmvKXofAkE
in_1UzNYBATOyl3rXMmLnD6SwVj,F5QH1C5G-0001,cus_RZGyMYjJ7aiLIs,sub_1BX6nbh2Ei2Ay0asI9GKvhZC,paid,subscription_create,charge_automatically,eur,200000,0,200000,200000,200000,0,1,1725969822,,1725969822,1725969822,1757505822,pi_396Rr8QMosqe2WXgucHKCeuE,ch_36nkxDvv9zKUlMuN7y9Zj9SV
in_11GHVcKEYC7dLYetDS9g2Pf1,RCCG8K99-0002,cus_nrdJehu0T6kTJa,sub_1pAgzkvnFfv2bfmqC7nyQHRw,paid,subscription_cycle,charge_automatically,eur,100000,0,100000,100000,100000,0,1,1725973574,,1725973574,1725973574,1757509574,pi_3ehdnIDpHWYzYUCx3xMfjMs6,ch_37TNedqg2cOVEVHBxVgkbIOo
in_1EUEudJzvZcgOzV2Uf2WBSN9,XET173ZO-0001,cus_BPM1EDWq2vifNT,sub_1mPUJFh0Doa4fiLrEBlXrFA5,paid,subscription_create,charge_automatically,eur,100000,0,100000,100000,100000,0,1,1726136859,,1726136859,1726136859,1757672859,pi_3Q8LQCcMqiVYG7a3TFu2oBvv,ch_3I6LjeCUHGIjAbhxm28qLfDI
in_1cFLjqHN6CaVk00nG7pi4XYK,K0XP6INP-0002,cus_nCFjbqDnSz11co,sub_1g1I9gy0n4MEbKUf7f7NJTRs,paid,subscription_cycle,charge_automatically,eur,300000,0,300000,300000,300000,0,1,1726185280,,1726185280,1726185280,1757721280,pi_3v3iLfNppop8uOSHtGrjPQC7,ch_3yry1nZhH1VzyiRCUekjYZV7
in_1rrsrjF4Zes0x08yjK1gP2Cr,9BDACPXN-0001,cus_AZIjeTfXl2eHZm,sub_1RoARsNamNK5MAW3zNc0SEKo,paid,subscription_create,charge_automatically,eur,100000,0,100000,100000,100000,0,1,1726232548,,1726232548,1726232548,1757768548,pi_3x5Cj5O0X2WKDMgnnGxesebh,ch_3UJKC30F6b3whwMqIPz7yjY2
in_12hhYpjRJG7bIaCUcg2rWova,S9SEAK66-0004,cus_dcw8T3i2xbRte5,sub_1fDWCAIAXvOVIeaXKtmRI9DV,paid,subscription_cycle,charge_automatically,eur,100000,0,100000,100000,100000,0,1,1726239394,,1726239394,1726239394,1757775394,pi_3GWheYa8tolCEdenuhDy01jm,ch_3IgDvEmFele7KuCyEsG8kKnI
in_1ItLyJXaPKYxTfc9S76OMxUH,D6XZLO6R-0001,cus_x1A12JiwuRZaMn,sub_1ZXEQ74KxRnXFhYyLjDsPv17,paid,subscription_create,charge_automatically,eur,119800,0,119800,119800,119800,0,1,1726409813,,1726409813,1726409813,1742048213,pi_317eLApqV2DvvULqmBG7mygS,ch_3QznoWjuxjEaOx4p2kHlryud
in_1MPolGN5hMvTd63AzTM4hAXY,5TERFD3Y-0001,cus_bfUVaZwBJaDmxE,sub_1194azlTEKo8w1bp607lduoQ,paid,subscription_create,charge_automatically,eur,59900,0,59900,59900,59900,0,1,1726478451,,1726478451,1726478451,1742116851,pi_3KTnkEB7Xqd9iwDstHHc28cg,ch_3D9W09W2KXB1vGyVX8xVAJWs
in_1uLMxxEKlxNvRCRnvRqdQYPw,112617JL-0001,cus_UrJ3Ozm5GCuNW5,sub_1Ue0lMEaVWihkciitJeQ5WGr,paid,subscription_create,charge_automatically,eur,59900,0,59900,59900,59900,0,1,1726481881,,1726481881,1726481881,1742120281,pi_3KECRfbKPVVYVapLq08r1imU,ch_3i4dalNqBEc37E4rEGbGgt9F
in_1tsQIOIRkzsBAI0j4tFaWdVX,11KM54CH-0001,cus_WAGX3VciU8IGbB,sub_1UmTmkoTQDSNavTvvtTEiujd,paid,subscription_create,charge_automatically,eur,100000,0,100000,100000,100000,0,1,1726512880,,1726512880,1726512880,1758048880,pi_3QP1rAgmSYozUicqHHHEnKfd,ch_3sM7WHoNH5FkbTFCA6zb7mVI
in_12Iix0YQaD8Esv9J2REiVuFr,NHGQ2XJR-0001,cus_N30afRy9ph8g2w,sub_1mnRBDycjwHrKFDOJ6yCrLZ5,paid,subscription_create,charge_automatically,eur,100000,0,100000,100000,100000,0,2,1726557463,,1726557954,1726557463,1758093463,pi_39KRKYXsF0x0PeUuAbNOOeei,ch_3SjlbEfG44munqdaQgB5NByO
in_1UULHjs3ZUZCkIBmiAaxhqTR,VVVPGMBM-0001,cus_YjzGnpRNwi8g0x,sub_1y1ZtQ7xHOjlLjpHhtlzvOW2,paid,subscription_create,charge_automatically,eur,59900,0,59900,59900,59900,0,1,1726567838,,1726567838,1726567838,1742206238,pi_3CztSQZxJq3wBRfsqZGYQZ1z,ch_33YTvDSH7ohiZSTIEQRtTtq4
in_1FTUnMAItijdAzASPTcTiB7f,QL73V2DW-0003,cus_n3FGGArfVspwGM,sub_11Ws622DPyqVuJ9PEjn8nIpo,paid,subscription_cycle,charge_automatically,eur,59900,0,59900,59900,59900,0,1,1726637994,,1726637994,1726637994,1742276394,pi_3KvwqWLtWfLTyEp2AGWC3WCw,ch_3nmPfifJIifuEjRS6BFqC5q8
in_1W4GPpWbQayWM39lupYYGD8A,RGOTFY3R-0001,cus_gwwfmdXQggE0gS,sub_1NBOrSaNlB3kCdy0khSDeMcp,paid,subscription_create,charge_automatically,eur,59900,0,59900,59900,59900,0,1,1726658667,,1726658667,1726658667,1742297067,pi_306aSva0ZEBkgLCK53de1Opb,ch_377luKR41vjDbLQdPmW3n5Wb
in_1tdUuvgnf5buTVhGH4iXJWKd,RM9NGT1Q-0001,cus_O00p7EDFNQfXHy,sub_1CTC2G7At0TwYwRwsPCdiUFb,paid,subscription_create,charge_automatically,eur,100000,0,100000,100000,100000,0,1,1726678833,,1726678833,1726678833,1758214833,pi_3ozoYT2o9N8NFnJORHixfq9U,ch_3Da0N2ol8bouNK74jf4t0EHy
in_1YFatdHCW3HntRJXVodqUybY,X2JBCN3B-0001,cus_vvaTmVt1atIkZy,sub_1vORLnToch3uZcy0yo5CTz9a,paid,subscription_create,charge_automatically,eur,119800,0,119800,119800,119800,0,2,1726837587,,1726837832,1726837587,1742475987,pi_3ytunSGQhXDNqVfVPknzFSsp,ch_3t3eYbQ4bUVrT7isTklY5RuH
in_1AyxsOcpkk6iIQLdQxaH0nyW,L6YST2MX-0002,cus_4yhuaOhdvtfdNQ,sub_1J2Iht9edMkg5MrKD3gj2vED,paid,subscription_cycle,charge_automatically,eur,100000,0,100000,100000,100000,0,1,1726845028,,1726845028,1726845028,1758381028,pi_3tFzsDvBdf7ihQ81k7BIyOqa,ch_3Ouqb4tf74ye9g8WdmCKoomh
in_1TzqD9OdsN3vpIfW46hFhKga,SCLLI670-0001,cus_lXpi7lW9wn2jpI,sub_1PWcTEAMFjgC8KMNzMJ5NTGr,paid,subscription_create,charge_automatically,eur,300000,0,300000,300000,300000,0,1,1726862038,,1726862038,1726862038,1758398038,pi_32CMZT0MxcRLECInnO7cVmkp,ch_36byI7ikIMgq6BveSThU6EPU
in_1ORUi5uuekYQiWKqTmZkOyNb,7RLMRWEJ-0001,cus_tJGKYcTcSNE8rb,sub_1fZWCDhNgW3FYwGKyLfxPEEF,paid,subscription_create,charge_automatically,eur,59900,0,59900,59900,59900,0,1,1726875518,,1726875518,1726875518,1742513918,pi_3rk9YkQhJkeHQ6IUIUD8HOX9,ch_3KYHJ8kzVFHaDN3nodTlVnnj
in_11EOzvNToRF0BgXEttqzMKci,T0LGSZQ1-0002,cus_O9fy0WLuCKiYXf,sub_1w9i3UTHqUKTxsdtUNDT41Hv,paid,subscription_cycle,charge_automatically,eur,119800,0,119800,119800,119800,0,1,1726922670,,1726922670,1726922670,1742561070,pi_3I4CHc3xXoqa5KX7BWGdoGET,ch_3kjD6CWVJr5rh7XRcYmVYgS2
in_1JXAGZFZcGJU5xW2PJSBZf2q,NOQHSK8C-0003,cus_sFrZCDlhI4Iy51,sub_1h4nzijPTaVCGoaO22SeIrOo,paid,subscription_cycle,charge_automatically,eur,100000,0,100000,100000,100000,0,2,1726922775,,1727183895,1726922775,1758458775,pi_3tZuUoxsxcOMKETC7mRoFOE6,ch_3vDbpHhjsOQdL6cpoxxtwdWS
in_1Pv6ba4OFvBbG1CbY8d6TTM8,BTSMW3VW-0002,cus_K6Ulmo2WM62UTR,sub_1y7WBwAxUe5up3Q94ETxHf8c,paid,subscription_cycle,charge_automatically,eur,100000,0,100000,100000,100000,0,1,1727005313,,1727005313,1727005313,1758541313,pi_3I11vWlEMA0jbu2fv3IUvjGz,ch_32mfQJ9e4WNCdG9m1cBRZGiA
in_1JbGslTzDsBpdPZ3af6eTijs,IGMUAY8W-0002,cus_rYqHEPu7HA9C2n,sub_1ZEXiAZRi3zogVSzzCt5kqkg,paid,subscription_cycle,charge_automatically,eur,100000,0,100000,100000,100000,0,1,1727038038,,1727038038,1727038038,1758574038,pi_3R82OzairH4mON3iBmZeDEyI,ch_3ock4TZs3cNMW48zNbtioVC0
in_1xVUSWaWvLqz89w4kbIGUoUB,WCIRCIHD-0001,cus_GJGt6oghUkLU0X,sub_187JPLoV1DwsNnspJvWzaV0w,paid,subscription_create,charge_automatically,eur,100000,0,100000,100000,100000,0,1,1727063447,,1727063447,1727063447,1758599447,pi_3M1WMxZbv9gHhZvBdHoOHAFA,ch_3L9dY5OOklKb2BPZdoMNNqsB
in_11nByt8gKBzCq9XgifZCGGtL,SVLG8LDU-0001,cus_YhWhQSedwWM6ps,sub_1L8mfnLTAEOlsHndZvsXH1p3,paid,subscription_create,charge_automatically,eur,300000,0,300000,300000,300000,0,1,1727198845,,1727198845,1727198845,1758734845,pi_34ViCoKNNLUK9TZw8NogS7OQ,ch_3CcJFqqQLKFIYi44JtBwXxN6
in_1b7cEtXDefPRDpAwowbLdVvZ,P0Q18VWU-0001,cus_49RYiJy11h3dCf,sub_1VfcYx2VGMPL9xy0mgwGfUN2,paid,subscription_create,charge_automatically,eur,200000,0,200000,200000,200000,0,1,1727438037,,1727438037,1727438037,1758974037,pi_3mDUEUyAzvk1FsDSe9HDxf7r,ch_30yV3QLEM47uYWTYLCU5UvZn
in_1WrtfWNgktv6N733aEq4k3I7,TXTSULQL-0001,cus_UgDnjCoLTshp1d,sub_15DrjimIjHYhUwkqHad0Gp0M,paid,subscription_create,charge_automatically,eur,200000,0,200000,200000,200000,0,1,1727447557,,1727447557,1727447557,1758983557,pi_351AQDrcw8RnSPiFNY1SCZZe,ch_3zCuROLcEjhrU6tPonCBOvIT
in_141kh4QrJNzK5rhgcKnPVQjC,LOTEBBD1-0001,cus_m0ddby8kYhnAeM,sub_1rbDZnqacZpklEXLlWfVaErJ,paid,subscription_create,charge_automatically,eur,100000,0,100000,100000,100000,0,1,1727458045,,1727458045,1727458045,1758994045,pi_3lZVQDmuxq79umbxMfDh1eRo,ch_3NYeyB6BmurPKkS5WqUyzdOy
in_1SHIcKqNuJ8KLF0ggkdKbqeS,XDVJO63A-0002,cus_3bl51DzMrPbaKT,sub_1h7Ftdj7qV9Dq3YtetT3RJxH,paid,subscription_cycle,charge_automatically,eur,100000,0,100000,100000,100000,0,1,1727511530,,1727511530,1727511530,1759047530,pi_3P304r3lba1xBVOHnE1xTf9A,ch_3X4w4jvC5g6cPesxTvam5wam
in_1S6hQ986O6cd6u4qzR09reDV,94UKBJO1-0002,cus_q13JaJRoTC0QQr,sub_1Y10HkedfcNBXAJEiy0JIzOL,paid,subscription_cycle,charge_automatically,eur,59900,0,59900,59900,59900,0,1,1727518343,,1727518343,1727518343,1743156743,pi_3Ym2JHXl60pIKmrZpsgTXXuw,ch_3AaoZ0kxHI5Jalb1t1dheZIT
in_1lgUq5VEmv6U2MPMCh1pKMBe,IQSO0EZQ-0001,cus_iGFeG3ubh1Csay,sub_1PFaOndJnRsiYzSZrz4lEXSe,paid,subscription_create,charge_automatically,eur,200000,0,200000,200000,200000,0,1,1727530090,,1727530090,1727530090,1759066090,pi_3vuRw9AqqWF4OwSrQPtAP8zM,ch_3e4GqQ9lZJmrjHAf4X6BY1Im
in_1KdxEKEZlqMpwoSAeaDcvuv6,3ROQ98SU-0002,cus_vDLr2xIXmH3Doo,sub_11gyqFVBwqkI8zYgXUoBJxQi,paid,subscription_cycle,charge_automatically,eur,100000,0,100000,100000,100000,0,1,1727617439,,1727617439,1727617439,1759153439,pi_3T4Bl33dOrGZQmTDgrneEDZS,ch_3PltDRKsWWaM8bM72A42CFnj
in_1ftTqdaM9tQs3j21E73KCe7Z,X3IJL3GB-0001,cus_Rlqp84TKkqD2uR,sub_1Sc7wx5K1jPplIWaS4URoSfo,paid,subscription_create,charge_automatically,eur,100000,0,100000,100000,100000,0,1,1727878992,,1727878992,1727878992,1759414992,pi_3NBAWtq6xcnYn3rVe0CVSTu3,ch_3DE8RgJg8AZ4df4n6SvG47D9
in_1BZULzR1x1if08hc0So8k08u,GIEA9MIV-0002,cus_cZ5B9qtfjvi5qU,sub_1TglFAhlOxFXz53EF6kPmaFx,paid,subscription_cycle,charge_automatically,eur,100000,0,100000,100000,100000,0,1,1727889937,,1727889937,1727889937,1759425937,pi_3dgIb8clQHiqKNFy0pHtU6ys,ch_3pgWFpYBM0nK2cIZ5G2sVezi
in_1sSBiWUUkVetuQAnCc3u1pdz,B6K9BY1G-0002,cus_rDpzgRx4bOrIc7,sub_1OoGxS1utSOza5c4Makd9Zuj,paid,subscription_cycle,charge_automatically,eur,59900,0,59900,59900,59900,0,1,1727895501,,1727895501,1727895501,1743620301,pi_3sPLsfqh4dA8yzbFP7iAk03T,ch_3fFA51zeSifujVSN2gLLKoNc
in_19HX7IQAfYrerdEtAHrrkRnf,5VDTMU3D-0002,cus_04EUP2QR2KkE7G,sub_1HSr3SHi7y60neg1RgLyxHXR,paid,subscription_cycle,charge_automatically,eur,59900,0,59900,59900,59900,0,1,1727942229,,1727942229,1727942229,1743667029,pi_3Ztt3MSTjcAWjhSlbzY62vx7,ch_3qcDUOu9ChmE26LEOeoWOThE
in_1WMqb7PA9Z3a052iYm6ys1kw,8KK58QVR-0002,cus_cQlnMEnClb6AzP,sub_1jr2XU0QpBg8H5wkazIKyy4W,paid,subscription_cycle,charge_automatically,eur,119800,0,119800,119800,119800,0,1,1728033370,,1728033370,1728033370,1743758170,pi_3oU48vHb6SguYzqMbbyCsl6A,ch_3ctGf230y6xMIZYbKuHi4g8W
in_1qa590SLsUAFjsKXHbeLYTCl,Z2RIMSI6-0002,cus_qyyg9NSApXtw98,sub_10cHLU9ir7ULl7b4XTLc1fP4,paid,subscription_cycle,charge_automatically,eur,100000,0,100000,100000,100000,0,1,1728127215,,1728127215,1728127215,1759663215,pi_3OmJOL6ctThNPpm9YqNu76Xo,ch_3YcrBtElQ1K07LD3ylky5fk9
in_1ZiO2iIyIDC6kVMtno92kKyN,S5965XGD-0002,cus_Rrro1XKM9hymrm,sub_1CF4u8Pz3t4um8COqRqPjOAB,paid,subscription_cycle,charge_automatically,eur,200000,0,200000,200000,200000,0,1,1728163049,,1728163049,1728163049,1759699049,pi_3RRHmdP3GLvz7FZvXRReQPD5,ch_3YrV2n2tgxFy1eC9JOmbUVF1
in_1yKamQNlObi5PuQdM06PJvLQ,1YHXNB6Q-0002,cus_bFrbXgaJMucVpM,sub_1cyL5b9HECdZCVLzRfoT0Fia,paid,subscription_cycle,charge_automatically,eur,100000,0,100000,100000,100000,0,1,1728199573,,1728199573,1728199573,1759735573,pi_3RZizeAGTtWAsU3rYxOUz2na,ch_3qIxxWSD4fA54cyP05nRmtRp
in_1wD6aAabE5kfUssThTStwJ2Q,KG7RTN9Q-0001,cus_n6gLHQm0WH4gAg,sub_1DQkPlwJudoXe7xtgUup4b3x,paid,subscription_create,charge_automatically,eur,100000,0,100000,100000,100000,0,1,1728205140,,1728205140,1728205140,1759741140,pi_35wS5jEnrTq0u4f9L89UF87G,ch_3ZMHbcblP1gVU46MGHRDGbqq
in_171T4joydNiCl5L0Gh6gZcW4,UEKPWOE4-0001,cus_NGqPlswAHDy1Pz,sub_1ixm5wcG1o78P5PKNa6Hj4TT,paid,subscription_create,charge_automatically,eur,200000,0,200000,200000,200000,0,1,1728395088,,1728395088,1728395088,1759931088,pi_3vvMcqyIBWVyofxCjCa1eYoh,ch_3GGgss60iBpxCTFeDy9qV2L6
in_18r04q9v3mEdAAbDkXn6eJwh,8V0CJ17R-0003,cus_VXhOp91qtLkvNU,sub_1zDgQl9VkUyBiWA37lKPNpli,paid,subscription_cycle,charge_automatically,eur,59900,0,59900,59900,59900,0,1,1728473865,,1728473865,1728473865,1744198665,pi_3XVN81RUQIlVcJGvsdPAqk1U,ch_36kPFtYhqYp0twhHTSY43aAZ
in_1uTRF2rn4gY67VmauiqSP9wr,V8PJU90E-0001,cus_ix2xo6AtL35MbC,sub_1MHd7SPTpXcAx8a8i27JVurq,paid,subscription_create,charge_automatically,eur,59900,0,59900,59900,59900,0,1,1728484152,,1728484152,1728484152,1744208952,pi_3khZiR9w2bWJ70Iob15u4i6M,ch_3JxaQC1xrERvmGVX408qJH5O
in_1sQqUbTg9i37Cdw0G2J0X5GD,670N7R8N-0001,cus_chKYPYRFPY3NNZ,sub_1iPzTVybBlvtCZRAgciaKLzy,paid,subscription_create,charge_automatically,eur,100000,0,100000,100000,100000,0,1,1728553385,,1728553385,1728553385,1760089385,pi_3UzhVp6bfVnqtVdE69QNz5nO,ch_3NnxqegISY9wfxhP7MWF9PbS
in_1xoKUNagtdWbZnALCRk5x7CI,FB0PIEGU-0002,cus_1Jof48xevpHbBA,sub_1e6Lvc2CP9TSDNAoLr1t8RWH,paid,subscription_cycle,charge_automatically,eur,200000,0,200000,200000,200000,0,1,1728558357,,1728558357,1728558357,1760094357,pi_387rE778ted4PhZL1dd0zk3A,ch_3YZ2xt0Cb6YHIB3JzYn9TCDZ
in_1nsQZUcOcQzQyt3kGClAwYdn,CTT7N062-0002,cus_rGPzkojL0To5rQ,sub_137y1kFzPbRciCPdaj018qDp,paid,subscription_cycle,charge_automatically,eur,200000,0,200000,200000,200000,0,1,1728726474,,1728726474,1728726474,1760262474,pi_3C8XHiw9vq9Rs4Oh8M0SkTYh,ch_3YwBJ8tomrSaeN4lXJcEyyza
in_1EROj994dWpuWfRR2IvlhLMO,IWY7ZSMJ-0002,cus_qxLepgwWR0rjDx,sub_1F4yRgImspJPAO3jnSYL40so,paid,subscription_cycle,charge_automatically,eur,500000,0,500000,500000,500000,0,1,1728730415,,1728730415,1728730415,1760266415,pi_3pXaOy8fgk0QiPGfAMR6LSwJ,ch_3I5JpC7OlbtKKq8cOI0EXggI
in_1pPGvEBGI5FJNLu5Q64y9LSH,B0FX1K2I-0004,cus_x6iXaIzSNfPNvw,sub_1kAoy2ozPOT3RhfAgMG5DsmK,paid,subscription_cycle,charge_automatically,eur,59900,0,59900,59900,59900,0,1,1728834547,,1728834547,1728834547,1744559347,pi_3OZyuPs1wAMVqj5JAWYcMIgy,ch_3KTVpOVQswLoIFluJ7PQc1VG
in_1UbiqEPrq9rNcslJnmNaMJ65,06IB9EME-0001,cus_yZ8LLFdlKD7gQk,sub_1AQ61CcqRRbJMm1LuZWuDCfE,paid,subscription_create,charge_automatically,eur,100000,0,100000,100000,100000,0,1,1728856780,,1728856780,1728856780,1760392780,pi_3ewzY0RqyknNR5LguhCPFv1r,ch_38guxCqfXYj0Zs5JFl13YlAy
in_1Ds2NKC9Xd2vhF4wkSWjwN3j,6LBU1HTD-0001,cus_7MngLSNK4z9eax,sub_1LYHKvoTNBNEkEjVri0t98YX,paid,subscription_create,charge_automatically,eur,300000,0,300000,300000,300000,0,1,1728977797,,1728977797,1728977797,1760513797,pi_3htQlBiqBaJ3p5QNzrGwWvZu,ch_3c7RrFG6gKCPcop29GIVNAmw
in_1cRsgnUBkInYTxQ4RKydqEqF,VQ7DH7Z0-0001,cus_GIMADe2QEvHusA,sub_1rFuEBjfX8zyrMilXM0lhX0a,paid,subscription_create,charge_automatically,eur,100000,0,100000,100000,100000,0,1,1729058234,,1729058234,1729058234,1760594234,pi_37EZjrC1fi2MmjKQGfptLTHm,ch_3fCAHQKl0jyQYdsD8qJXwAlr
in_1dHelXVty5Bmrn2R0SVuEgd8,5P5YQTQE-0002,cus_UNzQj1YRhDvnxw,sub_1sL3JV25AE5eyDiphy2g08zA,paid,subscription_cycle,charge_automatically,eur,100000,0,100000,100000,100000,0,1,1729066228,,1729066228,1729066228,1760602228,pi_3btnILODXMVeKV3FfA0WvNZ7,ch_35gdLGD1Iz7HQstwNhnQG2YM
in_1vCyo5cVE4mVmW9SK12etl53,KDO8X1CT-0001,cus_fJT9FslIFyiKOU,sub_1kVBsWUe3Z29rSInP5lJZRMu,paid,subscription_create,charge_automatically,eur,59900,0,59900,59900,59900,0,1,1729151208,,1729151208,1729151208,1744876008,pi_3KTnYSM5E8PlBMFlMPrc56pH,ch_3THf6aZQdOHixAcDEVMGR20t
in_14UJlfXyPCzmGWD0hswavzuX,P0NX83AN-0003,cus_uXSyPDyKb2yIMt,sub_1RX8mnzWP1kjviAqIN200Jme,paid,subscription_cycle,charge_automatically,eur,200000,0,200000,200000,200000,0,3,1729247363,,1729941623,1729247363,1760783363,pi_3exRvNRzUPhfpkIPCLCR7Brt,ch_31mpfGur7hhP5P6ebHIvMSib
in_1bqjcAr5VE5G1uHxN2cJUN2x,3KOQYEPJ-0001,cus_Tr28j7vaeNXiYj,sub_1zC3pwzXQjkpkZwIIBkfliPV,paid,subscription_create,charge_automatically,eur,100000,0,100000,100000,100000,0,1,1729252785,,1729252785,1729252785,1760788785,pi_36LuXpn4RI3DOfdhzzOCo1kv,ch_3KZQyKM7wBDVpY2yauTai8nk
in_1hsxf0nDCaBH71QwiljVSy6I,VYXKUEHL-0003,cus_ujmYIEWvPmK1Wl,sub_1WgFdCupYGWuzroFQ3PTD8U0,paid,subscription_cycle,charge_automatically,eur,100000,0,100000,100000,100000,0,1,1729277226,,1729277226,1729277226,1760813226,pi_3IR7izNsHjPrrGEkAQ3HUMwI,ch_3R7auSo5cw8NjBc0Dnp1oy5E
in_1bQAmp8WNfOdH4ijK1r67R2B,MK17G2WI-0001,cus_szDA1RrBrw1BLN,sub_1RMiQ8Fezrd5hP5MiZ0gQvt7,paid,subscription_create,charge_automatically,eur,200000,0,200000,200000,200000,0,1,1729288585,,1729288585,1729288585,1760824585,pi_3rFKnVS84h0jgwaMCBT1HyvQ,ch_3AmSG7env4i0FGVjW0gSBNqe
in_197e1JGiMjD3DyEIbLhNv9rv,H9OLT3WL-0002,cus_WHIKsPAo6YmsmE,sub_1RV9B5Rp8E5YNTGjXzzsAC03,paid,subscription_cycle,charge_automatically,eur,100000,0,100000,100000,100000,0,1,1729438164,,1729438164,1729438164,1760974164,pi_3uv0KE5sVcD24Qh43fw3xWQT,ch_3n4m4QzWIc0n4Pg6mj0dapNo
in_1jlFdQJ0STlOJmQAbcVImgve,XYB8FTBU-0002,cus_fybgKu3JQOvm7s,sub_1Qfg5JKF1okuLhQNn3UbmLEQ,paid,subscription_cycle,charge_automatically,eur,59900,0,59900,59900,59900,0,1,1729518291,,1729518291,1729518291,1745243091,pi_3bXGMZFJ7PaYQAq6xrFirbjH,ch_30JFYOyiMQMH3vyAx21LYAld
in_1ds6UPWuyXpUYQoCoAjxGckm,Y8CIAZ7I-0001,cus_GQIceU6qZNMLqX,sub_1RQLICF4emPW1wF7fsy0QzJR,paid,subscription_create,charge_automatically,eur,100000,0,100000,100000,100000,0,1,1729590056,,1729590056,1729590056,1761126056,pi_3MWMjJRmYBS9xdX72NaBthiy,ch_3Vmxfo15oQC6On1SklL2kVpr
in_1EIVmGe0mTYNDV80duC2gACI,ZSZO57Z6-0001,cus_TqZwPRsDiY8PgW,sub_1qbvO5Kr8CuXCMwx61OtjZKX,paid,subscription_create,charge_automatically,eur,59900,0,59900,59900,59900,0,1,1729783380,,1729783380,1729783380,1745508180,pi_3gdhfbUDhvqYSkvLueYRFeaG,ch_3LcIL5C7Q3gkpdEoM69Npzf3
in_1qIbOmq7EdmSjyqHDWAG5a8M,A556517V-0003,cus_cISqDoWiXf1TsW,sub_18CBBw9HM60SvcDwxmnsm9pF,paid,subscription_cycle,charge_automatically,eur,200000,0,200000,200000,200000,0,1,1729864069,,1729864069,1729864069,1761400069,pi_3ebUP0l5Z9UMbMsutyX4E2kx,ch_3EUjzXXjrVgjwYQJ4OBwAkbu
in_1Ej4cFmF2uB90RiDVWyyitDC,60RDYF9X-0002,cus_Ct4toegjXJBWnw,sub_1RRSz6xYo0MYWWKnROAq03XO,paid,subscription_cycle,charge_automatically,eur,300000,0,300000,300000,300000,0,1,1729867409,,1729867409,1729867409,1761403409,pi_3eiFyL8BLz5UHS6MV9KHJ9By,ch_3RPD3S6tTFqcE3mxLK4vWKZC
in_1pFvteesaZUStkrcxvXQITu9,NHULT017-0003,cus_A5NUM1mc4KzYv5,sub_1XGxhrTJUvZeuZi67uks87TT,paid,subscription_cycle,charge_automatically,eur,100000,0,100000,100000,100000,0,1,1730021974,,1730021974,1730021974,1761557974,pi_3p2gQhTcADz4dPm0hqb66mwq,ch_3T0O9doYxRO4Aj6ym4jGdoAY
in_17AfW6RyhWVHon8CTXOT0OOB,U5UYC1HT-0002,cus_Wuumzv8nn19X0O,sub_12VGL1wuRzKshoSYNibqfu93,paid,subscription_cycle,charge_automatically,eur,200000,0,200000,200000,200000,0,1,1730032166,,1730032166,1730032166,1761568166,pi_3aLdnvT1QcU0ABVxMNumiR1U,ch_3nfwuuUkimeqDyYCtbger5P6
in_1pjKGFZ6WhDHAhJpFaK8xR6M,TAOL0DFI-0001,cus_r8wI0czJWUSrux,sub_1iqQUNgd9B2CmragfUfmwsif,paid,subscription_create,charge_automatically,eur,100000,0,100000,100000,100000,0,1,1730287030,,1730287030,1730287030,1761823030,pi_3oCJ0Bh5O6WVwub2coKEHsX5,ch_34WspqIM5BfRL36JYfoxqWCs
in_1BVQP31HF8WVer66mtoVGZxG,H4MO3F2B-0002,cus_TBlL4uhVrOes3n,sub_19Ycdj6GwvKDm9KhzD9LTyN1,paid,subscription_cycle,charge_automatically,eur,299500,0,299500,299500,299500,0,1,1730293428,,1730293428,1730293428,1746018228,pi_3UMwnDEgweQnvTvttGaU1oyv,ch_3Wmz1pKVxyvouPQdMMF6z3kn
in_1WKZaS6xTFxITHkocL4Fh3fl,219KNECW-0002,cus_pfcpigwlAC0PIt,sub_1KNnkuu8Jsq5JXozdUL3t0lp,paid,subscription_cycle,charge_automatically,eur,100000,0,100000,100000,100000,0,1,1730303986,,1730303986,1730303986,1761839986,pi_35Q7m72bGuLFxF1lleOc1WL7,ch_3gjnIyWfBGGza8FWuhlsSmkS
in_1idgW8CBXB0wgjlujVrUumrR,GLYV94YP-0002,cus_n4JmkpQuMA3v7n,sub_18uoDlQ6CJNyHl3mRrNqFhMP,paid,subscription_cycle,charge_automatically,eur,59900,0,59900,59900,59900,0,1,1730306045,,1730306045,1730306045,1746030845,pi_3LxqIUrWdhRBfbBvi6KJWAqv,ch_3iCiInl5ZC9rJntChQ5S0P53
in_1Ri4JrR1MEI4Nx2DaYmWadaD,IW88EVZA-0002,cus_9GIjsJUhwG07k1,sub_1aBbQ8XTBB8hY1W99wheVhut,paid,subscription_cycle,charge_automatically,eur,59900,0,59900,59900,59900,0,1,1730330241,,1730330241,1730330241,1746055041,pi_3IeyRcWd3WkckmuCvAmMmPz8,ch_3NTcq20BHUmJUu4MmWEZdGTT
in_1YoA39zAgyMjDzRslkceZzNS,AW9XCIVH-0001,cus_tScbHEuptgnSjb,sub_1JyO3SJTZFbrFYoV9YdrsSo4,paid,subscription_create,charge_automatically,eur,300000,0,300000,300000,300000,0,1,1730354976,,1730354976,1730354976,1761890976,pi_3aUXWPkD0WqdWCBKDTdC02XU,ch_3zGDKNDivUexcBOsi21i94s8
in_1n7TEFiwvOXDJUaA477OBeNB,CLDPCQE2-0001,cus_4Hpas2HfcAZu3k,sub_1sabV6jqcl4jZjlsSfw5mA8N,paid,subscription_create,charge_automatically,eur,100000,0,100000,100000,100000,0,1,1730368442,,1730368442,1730368442,1761904442,pi_3rYy20tdppLT9RQrfvQfhuyh,ch_3UbW6u5TYTuOZiGnlrVufTeM
in_1BGnQJPkRFgBIskK2OTQ6rJu,U12BIDGF-0001,cus_fYkwvX9KVvbrYG,sub_13MhOESo0W8V5oiN7inR8dnb,paid,subscription_create,charge_automatically,eur,200000,0,200000,200000,200000,0,1,1730403286,,1730403286,1730403286,1761939286,pi_3TUzc3i2A2iHrsut6XiqHqV7,ch_3VjIoDmM1Yr0qlxl9jalHdwX
in_1Dyb0HHn9NzOHloisSynP55T,DZWWR5KE-0001,cus_g1VKAQLYSxygQw,sub_1QrRthfPHCkmHaWnUe1Y0WCw,paid,subscription_create,charge_automatically,eur,100000,0,100000,100000,100000,0,1,1730434587,,1730434587,1730434587,1761970587,pi_3IxroAegNHiSHy6wkoLCY3SC,ch_3o6staazbqngI5UGJ7VoqRHL
in_1NARYYnkUwwbkyp4VJlPa2VU,TWDWXZ5Y-0001,cus_gZimNVm9VIYfM3,sub_1wysn2dpJ0i7khJC14nkgnf7,paid,subscription_create,charge_automatically,eur,100000,0,100000,100000,100000,0,1,1730459852,,1730459852,1730459852,1761995852,pi_3AjkG6EQixPbPeCdVlUhYD7D,ch_3Ddpvgxc8urQ9gWIIMIbaAid
in_1GGcaLxd4uJ9pA33qKkpUQ1C,5Q54KS47-0002,cus_Mtj704apHDoMDZ,sub_1wR2lO7sBrBwj9hmVfrcXjue,paid,subscription_cycle,charge_automatically,eur,100000,0,100000,100000,100000,0,1,1730462124,,1730462124,1730462124,1761998124,pi_3yk6Vb5EVm95VhiwKlBTEUP4,ch_3rcymgWEOLB3DLxeEIUPlLSY
in_1cYfFxLUjigSGLy6nEvupnoz,4M4R9MF6-0001,cus_2WlC90GmbZoYkx,sub_1RNtO0e2gcuAqT63cpDwpqiX,paid,subscription_create,charge_automatically,eur,119800,0,119800,119800,119800,0,1,1730462928,,1730462928,1730462928,1746101328,pi_3W6v6DekInIz6spJZzZtxqI3,ch_3eRzDOvVsyCVCCu3HYb0dcbE
in_1kn3GjR4uUGU56v1ANOEaBdo,9E6ODFV0-0001,cus_Amp150wQg8sGxu,sub_1geT749DWq5LZGs1Dg6Pw6jK,paid,subscription_create,charge_automatically,eur,100000,0,100000,100000,100000,0,1,1730465755,,1730465755,1730465755,1762001755,pi_3kGGsDdaeQu9dPyq7ZBKpCxT,ch_3rQREstNLj8dRjc8Qyz4dEcY
in_1ypcejrmvxuRLN86yikuVrQi,578XDZ0S-0001,cus_Cqa597iWOfadjk,sub_1g6eMUmGdtugomM4MRaqMSLo,paid,subscription_create,charge_automatically,eur,100000,0,100000,100000,100000,0,1,1730496847,,1730496847,1730496847,1762032847,pi_3OWvRS5xh1lZ4KPlzB9oHuHx,ch_3HPWtNo59D5uLv9JFJndc7He
in_1pWye0oAGHAwZvNd9MsNWwbx,P1NDERFM-0002,cus_iOpCXkp4o61wCL,sub_1HnjqPnYwfRJLzxdX0infMOk,uncollectible,subscription_cycle,charge_automatically,eur,100000,0,100000,100000,0,100000,3,1730533568,,,1730533568,1762069568,pi_34cLH1RezW6vSOMcVaTa4B81,ch_3vjVnSxaF5yOIkO1cBZxYDzx
in_1MNaQTXKKLKyZe00gHTvoBFy,9I43KOMH-0001,cus_hj0mJNBo2czXn3,sub_1wyTrHjFur0g7nuf7emvkzIt,paid,subscription_create,charge_automatically,eur,100000,0,100000,100000,100000,0,1,1730535538,,1730535538,1730535538,1762071538,pi_3vIr3B9cSHGfa170KWTqM4yG,ch_3lC7KppGBd3zkZxinoAFGBqT
in_17PMoSz9cnrdcUeiQ6a1a0Vq,QAYPQ7VE-0001,cus_a7W39vUDvbsPei,sub_1cdQaFQSJb3xZrWeYuIFu7C5,paid,subscription_create,charge_automatically,eur,179700,0,179700,179700,179700,0,1,1730540422,,1730540422,1730540422,1746178822,pi_3zMKD37oLoeSMQulfW8naPxm,ch_3HEuWHzWlUctCwdwVQKv0A6U
in_1SLXSm3ZhbnRn0BHz6Sp0Omq,BEDUS7J3-0002,cus_wH0sOrwUuDfPnZ,sub_1nEDtcnB77tShDRZpyTf0TAe,paid,subscription_cycle,charge_automatically,eur,100000,0,100000,100000,100000,0,1,1730648958,,1730648958,1730648958,1762184958,pi_3tVkpD5sHihblIGhzDoG1P0w,ch_3CJeJTyqRrZInsuhURQdmAnh
in_1Olok1q1VvWXxChT9uHJkgSC,E92NI6WQ-0001,cus_fxmWJdbplES87h,sub_1bIoVZN86cbboSPRdAesHhB6,paid,subscription_create,charge_automatically,eur,59900,0,59900,59900,59900,0,1,1730719102,,1730719102,1730719102,1746357502,pi_3nnXwJ4o0XZYxY0UgNkghCYi,ch_3Nv7EsAADHlgMDOl2v0eZcy4
in_18YUxzb4jqO91DeHT6jygkVe,2X1UJKH3-0001,cus_NDzYc6GSKj16s1,sub_1mbIgUXNhxPpVKFo5EZxZJv8,paid,subscription_create,charge_automatically,eur,100000,0,100000,100000,100000,0,1,1730812708,,1730812708,1730812708,1762348708,pi_33onc70omGxy1DBEqlLMrDGl,ch_3bVLnB5s89yPlVMfiqgl1FeF
in_1t81MaSu6nINePsTsVUJDbui,R88BVU59-0001,cus_Y74eDlZPQf3OUj,sub_1jQDZO7PS3CBUOvJ9VIeLNAP,paid,subscription_create,charge_automatically,eur,100000,0,100000,100000,100000,0,1,1730816957,,1730816957,1730816957,1762352957,pi_3S1UvjQONbrJSlauxVyee5JI,ch_3RIzJomNzz9yKW5yP2j5mgke
in_1thnQ61J8m1Yjp8ipjuQl7F1,WXPO315Y-0001,cus_WT6hSTplTKMcxu,sub_1RJZglzd6kOPtBKwIlQle3Qw,paid,subscription_create,charge_automatically,eur,59900,0,59900,59900,59900,0,1,1730834473,,1730834473,1730834473,1746472873,pi_3v63fzq0q2tRjJteeiLX8kD8,ch_3W6K8THiHQdLSudU6uWZrUbv
in_1qts1kue9WHczkzeVA0aXtKw,074AKGEY-0001,cus_hJdfHMRD7zqmX2,sub_1huKJ6oWNZXwwYvPo0LZKJDQ,paid,subscription_create,charge_automatically,eur,119800,0,119800,119800,119800,0,1,1730887142,,1730887142,1730887142,1746525542,pi_3jErbrn67iJYTMO7DsKJAe2Q,ch_3FWZdYB35PAZ0XUELy10K8qF
in_12IrVKm08XX2yxS58cJ0Spcs,0E5DHDNI-0001,cus_o3Mb3xkJvMWRMG,sub_1HnvAR3JDX3qTJIFA8zoRGrH,paid,subscription_create,charge_automatically,eur,100000,0,100000,100000,100000,0,1,1730923652,,1730923652,1730923652,1762459652,pi_3WcRzejWjl4pEvdbL3miRin0,ch_3RfUnTw5JnbSvrZvaDZn2YYW
in_15FhSIYWcZhHsQlEdUNhNV7Y,EIZY2MUU-0001,cus_hAoIU9BoWjbTCN,sub_1thpcoppYVvPpbje6lPyg2iH,paid,subscription_create,charge_automatically,eur,59900,0,59900,59900,59900,0,1,1730994073,,1730994073,1730994073,1746632473,pi_3Wx8CekJ5LqaQuSEGysrFo8u,ch_3e5n1tWgIk9zsb829WmsXwBq
in_1GfuS9ScVbubG2kMntHw8pwZ,E0P0OU84-0001,cus_BM8pwK6IEjbqSw,sub_1fufKMF9GpvBnH6JtPbwejn6,paid,subscription_create,charge_automatically,eur,200000,0,200000,200000,200000,0,1,1731004141,,1731004141,1731004141,1762540141,pi_3X7KMsa507By8gyJTODZClSE,ch_3H5JHIOFCjJdq4JK0w0l8MWW
in_1AQKTM4CWe0VpLr7UpjFFjop,U8M68O8H-0002,cus_QCp8b5ZfXeM03v,sub_1qi9zVk2RtRqD3RSJWtACool,paid,subscription_cycle,charge_automatically,eur,100000,0,100000,100000,100000,0,1,1731009209,,1731009209,1731009209,1762545209,pi_3qFJnbgrcdeb16NAJb2zCkhK,ch_32zhhfG1uKrtr9074XMEJQaq
in_1EkLpwHl5zEANqSEfhMJSEJ0,JB7DD27X-0002,cus_ba7LWageRejLxM,sub_1vuvIX1PIfCenJnT7hmDfx4Z,paid,subscription_cycle,charge_automatically,eur,100000,0,100000,100000,100000,0,1,1731242804,,1731242804,1731242804,1762778804,pi_3olr4Vkk37ixwEyBZtaj18EX,ch_3Qw2jJuou3LSEZsrMLtKeKV4
in_1KmNXNuwpNORDlTQNobfmDJJ,OHM3NCQ6-0002,cus_wtvk7Vwxxjfpnc,sub_1SMHlPaJwlIJztr4tqOrpezF,paid,subscription_cycle,charge_automatically,eur,59900,0,59900,59900,59900,0,1,1731280127,,1731280127,1731280127,1746918527,pi_3qGfdXuhB0PbyVeUIqFaKuHp,ch_3QyW19LIjIvl81prN5sxbzOb
in_1C2ONZiUH0wssRBUkMrsyDy2,726K2YH2-0001,cus_Nl4ETAOcPOymbF,sub_1TTfqmTmGPoxz2ynT1VcpNQs,paid,subscription_create,charge_automatically,eur,100000,0,100000,100000,100000,0,1,1731351322,,1731351322,1731351322,1762887322,pi_3kEQJK2l0ncp4tJgmBl2ca16,ch_3c5nxDJ6WdF0iHus4k0G6Qzx
in_1CJzh98pydMlIMslKRvqlbJz,8RAWAVVU-0003,cus_MXynEe9s0DyyXf,sub_1Nvb6oJdwW9MT7WRmgJw7hbp,paid,subscription_cycle,charge_automatically,eur,179700,0,179700,179700,179700,0,1,1731514188,,1731514188,1731514188,1747152588,pi_3YAMim9WEA5pOpqjgS1Ulu0i,ch_3ID7I5zdbDWcwbxXZuCGNrcR
in_1kYLfrPOGsvxcLkIk8MFaqZs,JKG19HIT-0003,cus_mRjlTXsQMR0k6c,sub_19J6RALzKgNvyqk0YjkA4Cw8,paid,subscription_cycle,charge_automatically,eur,300000,0,300000,300000,300000,0,1,1731561963,,1731561963,1731561963,1763097963,pi_3TGmfoHhkQb0zvth9FguRSEi,ch_3ufsW2E3Az2IiGjTElJ09vNY
in_1eOexBLXRQfot0Uq98Na37wo,SWN3G7G1-0001,cus_HIKYVknZjuOqLN,sub_10koCJM2jSqPPV02qXSCbNfa,paid,subscription_create,charge_automatically,eur,100000,0,100000,100000,100000,0,1,1731581495,,1731581495,1731581495,1763117495,pi_3o8hmGT5AFjTu1f8LT6nNR6k,ch_3X95JZnjow4ufYvBdkRqbdzI
in_1NzksHZ4m5772SyKziKNDRQX,0IITRZUG-0003,cus_Xa1uswYTdNRZ0j,sub_1kVG0nMN2B5DPZpo0LWsHwXc,paid,subscription_cycle,charge_automatically,eur,100000,0,100000,100000,100000,0,1,1731587843,,1731587843,1731587843,1763123843,pi_380edKq8Tn6aJrCYSHwux0cv,ch_3U6Olno9l2fpqHAHYzHcHhTj
in_14E2j9EP7QZqDD2nUa4BNIK5,4UCCG3EH-0001,cus_CqS5zgJAXqmcrY,sub_11Q0cZeLqA6zeP3eMHG8TAp6,paid,subscription_create,charge_automatically,eur,59900,0,59900,59900,59900,0,1,1731673575,,1731673575,1731673575,1747311975,pi_3j8zo0QoGH1zXR1jL4tCd3XW,ch_3d8LYjCXrOAl9nJPzYudEu7E
in_1Yz7yZjJ17Z2lHPiBokAZTtu,EC71ORJI-0004,cus_PVjLRvL1PgrpdB,sub_1iCsWPM4kC2iYiKm02IEPAYU,paid,subscription_cycle,charge_automatically,eur,59900,0,59900,59900,59900,0,1,1731677515,,1731677515,1731677515,1747315915,pi_3ru00OCACOkIzYiMyFyuJR0f,ch_386dQWmESLNEhlBFUZAqoGgI
in_1gJKIdBsgeKoKvKqK2Ua0sR6,F5Z21IX1-0002,cus_eJfbMO0Po4eNFe,sub_1aQdp1bmsZis6AM8XAy9nPk8,paid,subscription_cycle,charge_automatically,eur,119800,0,119800,119800,119800,0,1,1731681524,,1731681524,1731681524,1747319924,pi_3eeybXIrEd0WUMQLn3Iicb7H,ch_3VK0kZRp4rAbe6DrIpoeZsDV
in_1GMAm3IxtbEWInZbumSO89JN,B3ME94VX-0002,cus_LGxQ6qXDjkkrR3,sub_1clTEjirvKYyPkqXzmc8QAEO,paid,subscription_cycle,charge_automatically,eur,200000,0,200000,200000,200000,0,1,1731763854,,1731763854,1731763854,1763299854,pi_3Nuh4MNFZEwZvCmsUGiIrxKb,ch_3BDWDd4Ex9CPsuGIgoBazTxA
in_12DPIAOekr8uomjDv0Dp085Z,SRFGSXNG-0003,cus_eG0LbYLQNwFFVA,sub_1hSQJEvjruoEa1xFIbYK1wJ4,paid,subscription_cycle,charge_automatically,eur,200000,0,200000,200000,200000,0,1,1731765980,,1731765980,1731765980,1763301980,pi_3k8gyO8xIqqdSM7oonBH0Dlj,ch_3qMtwGAgh79E3o3AopEJvVF2
in_1CjxggbWqX6p97F0TVTyz5ON,50F6727A-0003,cus_nk33htcGaay3ek,sub_1I1nDU3KNpp6zyzVNuNhCrfD,paid,subscription_cycle,charge_automatically,eur,100000,0,100000,100000,100000,0,1,1731767442,,1731767442,1731767442,1763303442,pi_3EyMrcW9lCm0hQGi3fPsM9TE,ch_3Lc2W7jDbdgsLzV58bNoZMFu
in_1FYObFmGFcMhlSNI1oZ7gtVD,O24OYZOT-0002,cus_ozRBmto1dD4B8F,sub_1WpaWaMl9vQJdJDlWuysFhw1,paid,subscription_cycle,charge_automatically,eur,119800,0,119800,119800,119800,0,1,1731821226,,1731821226,1731821226,1747459626,pi_3v6wb19NqYQ9QwGYC8R8JcXa,ch_3YvtJQVxhgTnNFv6qkFDrLWE
in_1zpXMNBzsTYQRUCoSce033NF,6JG8TBMR-0003,cus_krYqVmzIdjjLZY,sub_18Iv0d9WqDMwWHOEy9BqVUuN,paid,subscription_cycle,charge_automatically,eur,300000,0,300000,300000,300000,0,1,1731845989,,1731845989,1731845989,1763381989,pi_3noHPWUAQfT9dgbNYSc4CkhP,ch_39XZopQYmfQ1Ac67yee7ogVv
in_1xia58dtqHrsFoZs9cb8D2pU,0AD55VCV-0001,cus_7NOWqxWZEXeZ0n,sub_1mlubbzLBdWgao1z19Oulrqj,paid,subscription_create,charge_automatically,eur,100000,0,100000,100000,100000,0,1,1731860784,,1731860784,1731860784,1763396784,pi_3otgOslbbHg0HGuQKaMjdKuc,ch_3mOtZnj5uRmwHBoGc7ZnJnCe
in_1jG8RpBKDAqAFVyjBJrtXp8j,T92F6ZDZ-0001,cus_IvV2tGxpXRd4IP,sub_1G2hggTs0uaDntVhrV0Yo8gp,paid,subscription_create,charge_automatically,eur,59900,0,59900,59900,59900,0,1,1731927182,,1731927182,1731927182,1747565582,pi_3pGcqbDZdIimpEV42OJVnryR,ch_3EShu5R5NY3TR08TIacUn7TG
in_1YSEPBwEQrkJXyXdvONSXqqM,TYSPQY57-0001,cus_k9qFYiDUsk4m3z,sub_1nNfL0WA0zB57x7i6IvIc5ES,paid,subscription_create,charge_automatically,eur,59900,0,59900,59900,59900,0,1,1731932613,,1731932613,1731932613,1747571013,pi_3nDt1e8BAtr6bMCmMSfAudSz,ch_3lhDDAM7PVTE8r8ZjjP0YmJi
in_1Cz3oqaoraISiHLie7zyRODn,VXA2A431-0001,cus_wq0Ed3Qapc52eY,sub_1S5nwbXcYp61OVllXitrjlBv,paid,subscription_create,charge_automatically,eur,59900,0,59900,59900,59900,0,1,1732017724,,1732017724,1732017724,1747656124,pi_3auxFWaJgOAU1PXz0zIP0ItI,ch_3dCQ0F0TsoC3XY0FVJavGQmH
in_18toD3slaRNTe0p9fpdi2DSi,334YEW7L-0001,cus_qZemQUGdrGuFqu,sub_18fbEeaDKdtDvDTf2ObWAoJm,paid,subscription_create,charge_automatically,eur,59900,0,59900,59900,59900,0,1,1732023878,,1732023878,1732023878,1747662278,pi_3Ln9A3fRgBPpkdQezAzkpIVp,ch_38HJZiAcVoGnjAfeGF43Xyp7
in_1vfCFp8PCAFrVI8bZ6PtUFhC,L8H30GTD-0001,cus_bEETmnGX2qBS77,sub_16BN7VXA4AtkWRw9OzzZSSb2,paid,subscription_create,charge_automatically,eur,59900,0,59900,59900,59900,0,1,1732035091,,1732035091,1732035091,1747673491,pi_3O9vfWAG273zm4GENAAsPAh0,ch_3FXrw7Gi8IT5zSDwk60UEG5z
in_1W6UTDtYChGjBN0W6yfprkn7,MOFGE2MY-0001,cus_TdR79aDzJOTyjN,sub_1eOOJJBtVzgCpf8RT7DpidlB,paid,subscription_create,charge_automatically,eur,100000,0,100000,100000,100000,0,1,1732084583,,1732084583,1732084583,1763620583,pi_3mbk7lvDD4CBpgNx4EvNcAOQ,ch_3bIieglVoFRLXsOOOza0YbeO
in_1FirgjusgBAVg7X5cnEIsU65,A4LQFXC3-0001,cus_xMRnOhrH1PWytf,sub_10OIEspeHndGZZ4TZOwluhU1,paid,subscription_create,charge_automatically,eur,100000,0,100000,100000,100000,0,1,1732164275,,1732164275,1732164275,1763700275,pi_3smu6cC5iIP6sImcz1mdCfLQ,ch_3twS6dKrI2g025uOBDjgj6cN
in_1oK1iw46UA0n7rgJAyMzcEqw,J4UUO1HL-0002,cus_fWS8LbDEkw0mb3,sub_13NrUBOFIpYtfGp3B8fDCznY,paid,subscription_cycle,charge_automatically,eur,300000,0,300000,300000,300000,0,1,1732176047,,1732176047,1732176047,1763712047,pi_3NPtwB0ne6PERy12TjWfSvqn,ch_30xewu3xL0uJxQFMjkmj7qkF
in_1B1yJmXWYs76j5oHLUte52dH,VK6SFG9L-0002,cus_IciQ1TUoQ34B07,sub_1fLhDtQvB975xVjB20VGrDVt,paid,subscription_cycle,charge_automatically,eur,119800,0,119800,119800,119800,0,1,1732193517,,1732193517,1732193517,1747831917,pi_3jhXeBDH2p8ou5yIrLj8uDlQ,ch_32TgbTnI1lnsGwZv3NwtEAOj
in_1t9reFXDHj35bHMfPrzvBCzo,TPD94JYC-0001,cus_isEXPaafnsqEBx,sub_1PdaAfW8ztqwHsVeU56ePeQQ,paid,subscription_create,charge_automatically,eur,59900,0,59900,59900,59900,0,1,1732213254,,1732213254,1732213254,1747851654,pi_36LZJrprXDmF1Kw3nDuOTuHt,ch_3CEXyKVHI4XffGKsyexf5Nw6
in_1S6qeEOceI1ThHryPjlTc7lW,YGG95D2A-0002,cus_4IBAPiNsoWnj2s,sub_1LQ8MTAtOl3zOm1cUv5q0elF,paid,subscription_cycle,charge_automatically,eur,300000,0,300000,300000,300000,0,1,1732335744,,1732335744,1732335744,1763871744,pi_3pfaB85tiGcnEVNTqub6Ueax,ch_3IJ1ACumEFnhQtgpJddpmywk
in_185Fb4azxYLzZCMVwEvHp6Uz,RKBIX07D-0001,cus_QkHEvYOenSQbG1,sub_167s1PTrEons1t0qJbeaRWtp,paid,subscription_create,charge_automatically,eur,200000,0,200000,200000,200000,0,1,1732540839,,1732540839,1732540839,1764076839,pi_3gtZ7f2JYLeBqZ11I36v0nmd,ch_3kGOrqoio8Ve44xzjVH5RAat
in_1g8FAe9e3n9xi2Ceig3XZPLM,M3BFKXC5-0001,cus_9MwuCjIhxIsd6d,sub_1EBsxqNLUTxBRmx7YqbVcFgc,paid,subscription_create,charge_automatically,eur,100000,0,100000,100000,100000,0,1,1732549848,,1732549848,1732549848,1764085848,pi_30tRxVI6dO3hyEcjgh5M51m6,ch_3ii1VyQFThTBpga3PpsH1xkL
in_1d55j301VrJhbbnynBupzYNu,P3NWG9SS-0001,cus_RI44QIaQDsH1Hw,sub_1xhc2OewBZ6zEpWqoqiMK1JN,paid,subscription_create,charge_automatically,eur,100000,0,100000,100000,100000,0,1,1732561723,,1732561723,1732561723,1764097723,pi_3s0vM9huLM1WE0hkrSBe8VZt,ch_3PPHJ9FRctdmzuDzyOkymdwy
in_1HdiXAfwZ7Mj4QDdJmEin82Y,PAQV6TL9-0001,cus_oTulPJcvfndfZX,sub_1vVsWhGRi5SNT5fbhOK1KNos,paid,subscription_create,charge_automatically,eur,59900,0,59900,59900,59900,0,1,1732565732,,1732565732,1732565732,1748204132,pi_3Pj2Np5nzFvg6hvBkjjr8ztZ,ch_34M4sd1ph3SgWSvOlIaz9WQ8
in_1TYZOQdRF3cgbL5uLmz4jNdC,LD2FWCPI-0001,cus_5e2LPbPaL5poSX,sub_1pLIsqmEvfPCE7Zu2vUxF0F2,paid,subscription_create,charge_automatically,eur,59900,0,59900,59900,59900,0,1,1732606783,,1732606783,1732606783,1748245183,pi_3jgcNO3Ee4PAEnmHV5AY0CbS,ch_3E2R8TAaa1hktzKYk1MIhPJq
in_1h1aZZkMiM1KpgRnrKgOKBH1,0GODUL0X-0002,cus_dX2UDVwPtLUPgR,sub_1PC8QoOKEvC8tlhg8748B3zN,paid,subscription_cycle,charge_automatically,eur,300000,0,300000,300000,300000,0,1,1732718293,,1732718293,1732718293,1764254293,pi_3o8SoSNkMFPeeqrTnFP44LIn,ch_3QsqlwpaJKkjWm0flDYk6Zwn
in_1yOuCootXiHpkcloC2nutddl,AQTI8DGK-0004,cus_u7WE0s6vJL5l1h,sub_1y9OUntD5zQLm10hKHwgWMB7,paid,subscription_cycle,charge_automatically,eur,200000,0,200000,200000,200000,0,1,1733060563,,1733060563,1733060563,1764596563,pi_3K3phapYTEEYBYkJ8AL0alrY,ch_3bElgPnMUfI2kej8PsgZjvSK
in_1LfOKTAqB2AiRB6AKAPkDzql,C5H8JYZA-0001,cus_yEMiDKRUVMmyUy,sub_1rqD0gCAuzdjGTtGFUOBocTb,paid,subscription_create,charge_automatically,eur,100000,0,100000,100000,100000,0,1,1733132192,,1733132192,1733132192,1764668192,pi_3MkesU0PQWRBxuhBt52m3S51,ch_3NVt2UEL3uZS80f1G8FIeyN6
in_18ZuZdEgc3UISgkVVTQ3F3IW,EZY1Z8WT-0001,cus_zSRPlIFStSolDT,sub_18KVjTAnzA9w5AL3Dbgw1zDL,paid,subscription_create,charge_automatically,eur,100000,0,100000,100000,100000,0,1,1733177813,,1733177813,1733177813,1764713813,pi_36Y2wq8nfargRhliv9tbQmm9,ch_3DqxPrDpQy5SX88oOIaTXRgk
in_1zJSbW0h9l14spcKdPrinODg,VWRMHBUK-0001,cus_W837pEq7Za11Zv,sub_1Pn9SYQWcZ25qzZ4OdBKxiEF,paid,subscription_create,charge_automatically,eur,59900,0,59900,59900,59900,0,1,1733262281,,1733262281,1733262281,1748987081,pi_3GrJvJBIlatpur15m7CRdMEn,ch_3fCIHB35gn7Oe7IZN5I6vNvV
in_1aBBWFgkqfCvZVFZIBEOKfG3,SUH6QA2R-0002,cus_z2qmRuhutX1rH4,sub_14TwD50QBObbryXpj4JIfm3P,paid,subscription_cycle,charge_automatically,eur,100000,0,100000,100000,100000,0,3,1733301400,,1733993380,1733301400,1764837400,pi_3T1nzg8yws2e29QuY8gf1qir,ch_3VyfzYcJiUsCgp4cMB8mAeJG
in_117ll2jtCJL5CFOJlgf3lnkQ,XA42VDX3-0003,cus_E7Xaw8fZQUJd4y,sub_1KfqvPHfebs7oV9usyV4mAgN,paid,subscription_cycle,charge_automatically,eur,100000,0,100000,100000,100000,0,1,1733368457,,1733368457,1733368457,1764904457,pi_38p0tgIIkyi6zWItj4Nc5XN7,ch_3Kc7HIBS4m3sOt5VIt1WDA6z
in_1p8PZozmkicrFmOrwcJH9AO2,ALDRE9WF-0001,cus_gkA6pF9x1hF9r3,sub_1dtUwWMUtmjcLsYXKgSez8ZK,paid,subscription_create,charge_automatically,eur,59900,0,59900,59900,59900,0,1,1733407875,,1733407875,1733407875,1749132675,pi_3hAbV8yrXc5eBWMTvRlsM8B0,ch_3nMugsoz2H74DpXngiYWkUFg
in_1JiYBw7EZQEDxwWiji6eLCbU,4NP9ZR1W-0002,cus_d36yP2TYEra4iS,sub_1BnbkFnOs7uLvNetCyoy3fZf,paid,subscription_cycle,charge_automatically,eur,100000,0,100000,100000,100000,0,1,1733416313,,1733416313,1733416313,1764952313,pi_3aGOVdbU2WZwbjuZlhhrJGrS,ch_3TWdd1LiSKF8I17PfOpFqD95
in_1Q83VzpugtlmpaOHSZPZONZM,TTAFINK5-0002,cus_yUXN4xtkq89MoG,sub_1hYfI5HpCR4nEtQwASgMWRpZ,paid,subscription_cycle,charge_automatically,eur,59900,0,59900,59900,59900,0,1,1733465919,,1733465919,1733465919,1749190719,pi_3X6YAvBLr4LYR76cjbpaZWCv,ch_3qnDdACBVtiA0DSnjv41kEBH
in_1yE9ZjAaPaPbY13pg2GMj3VL,4S13CVKL-0002,cus_aE4xUwDpsK7F06,sub_1wmVjsXNGJpNm4n91VHtc2C1,paid,subscription_cycle,charge_automatically,eur,200000,0,200000,200000,200000,0,1,1733468736,,1733468736,1733468736,1765004736,pi_3x9dQ6T0ktJrMpxyaiTYjhvR,ch_3yuZcnW34x61tWbbTcZddCPG
in_1vkcmjOvAlbgom71sMDTgGQ6,0R5Q4JX5-0001,cus_9OQgEqpKoVXKvG,sub_1F8tQ7jvQSrc2ojAYDEsL4vd,paid,subscription_create,charge_automatically,eur,100000,0,100000,100000,100000,0,1,1733485893,,1733485893,1733485893,1765021893,pi_3tclM4acHi3YA4cb3Kr8elmw,ch_31WwnS4XhgNWjMSeBuHTJorb
in_1ePyk2Mh7flZ5kSfErNx1Lyf,5TVUQJP5-0001,cus_HegkKUog5yM1sR,sub_1c8rTK0lK0oWCbmZZgGUhw7Q,paid,subscription_create,charge_automatically,eur,100000,0,100000,100000,100000,0,1,1733492038,,1733492038,1733492038,1765028038,pi_3F6utHX5QENAvP0BXSHrmlrn,ch_3Ze4CUBS92qf2lsIpllOioC9
in_16y80bknN7CDruHg0lnujWEA,HQHZFSL7-0001,cus_D7apon7sw6wGtL,sub_10fjjeLzbEKcUyUFjl7LQsy1,paid,subscription_create,charge_automatically,eur,59900,0,59900,59900,59900,0,1,1733494060,,1733494060,1733494060,1749218860,pi_32Z1Xc80BlDtxFS2KhhU9LlF,ch_3oeSI7RyjmeQFyWsfv5Z05KA
in_1HGsrP3pMe6nIFhcxv9yyzi1,U7N6E9AE-0001,cus_csm9fU28JoQo81,sub_1JSfKhLtKr2KvO7jacANWaDM,paid,subscription_create,charge_automatically,eur,59900,0,59900,59900,59900,0,1,1733504746,,1733504746,1733504746,1749229546,pi_3ZNhKXiTOp1my4tNKuI4VxL6,ch_38EpTv37dMxHKidWDuDuHXFO
in_1fKgFCzENqs2JXwIgDaPVJdD,HB78H7K2-0002,cus_KBW1OuYyaSLAXE,sub_15mcRa3lNsT9mD9oAhi4w7YR,uncollectible,subscription_cycle,charge_automatically,eur,59900,0,59900,59900,0,59900,3,1733523072,,,1733523072,1749247872,pi_3IuhOgnMchSoLOWkZbKzzadQ,ch_3vlv6888cZ6eG7LSXqzvemfi
in_1JUklsjiTYytuBJm711l2A2T,3U0BPLCJ-0002,cus_aLz5OtxgFQPNF9,sub_1UjN2VPMDgJnBZdM9DwT6UXi,paid,subscription_cycle,charge_automatically,eur,59900,0,59900,59900,59900,0,1,1733570804,,1733570804,1733570804,1749295604,pi_3IdX7fWg7pBIdLRsSFoMlawV,ch_3E4uHvIC92fzu5ALIxqwzDL0
in_12smMDfnOq3FtRVakTLxtCdT,U3R7XMYH-0002,cus_PHCshAVfrWZthJ,sub_1gH6mmvPAHzW2hpcpIsZmF40,paid,subscription_cycle,charge_automatically,eur,100000,0,100000,100000,100000,0,1,1733591338,,1733591338,1733591338,1765127338,pi_3daMRq6QUA6gCeQaFgMRahdx,ch_3CXsC2stdIzYFxx6ZSV34opT
in_1pdLW56H22CJjSfK0yYHMRti,13MY3ZHD-0003,cus_fFlxnVM92ArQGN,sub_1f9uU4hTsJBdpFmMQMiEmaxJ,paid,subscription_cycle,charge_automatically,eur,100000,0,100000,100000,100000,0,1,1733741742,,1733741742,1733741742,1765277742,pi_3jRKmcKXVzGuekVQvMyRcjb2,ch_3dDIILe6aTwOYFTvtxlHtvaL
in_14H8SzYB2qfaTb9BjJ7jzGi1,9VR4IC6Q-0003,cus_cMGwRRvtoTdIiv,sub_16SvHlizDDm7zIKN3zFKfLOR,paid,subscription_cycle,charge_automatically,eur,59900,0,59900,59900,59900,0,1,1733986437,,1733986437,1733986437,1749711237,pi_3yRJndwgz0kL5vIQY9pZwEc9,ch_3b3QO002xcIP2VDRpY95l0SK
in_1jIVjRciUlo3tGkBMmrWjx6L,Z7GF1FV5-0001,cus_jHxLqo8hZB5pOe,sub_1NvNLzxcN2fRUShT7Gy5Cx7i,paid,subscription_create,charge_automatically,eur,59900,0,59900,59900,59900,0,1,1733988683,,1733988683,1733988683,1749713483,pi_3ia6udvObx6vU2Venqjrd4y1,ch_3RP7OVOrcn8j3C6iTvK4jpA8
in_1pzxFSN7v75SEP5QE2N6MjNx,XA3XJUZM-0001,cus_Dt1j5XFE869ZTj,sub_1RCt20p11dIkpXwEhhDBQwgd,paid,subscription_create,charge_automatically,eur,59900,0,59900,59900,59900,0,1,1733991887,,1733991887,1733991887,1749716687,pi_3Dl8UzSidhZSJEfFBTqq1BoC,ch_3a3D0tCPqTSgPKYwqQo4OC8G
in_11vUpfn7l1idYTR6X9kVWzq3,HOD603UV-0001,cus_ONBBu3mr4nEwON,sub_1unompp2htgm1S0PkoeMZ5Ax,paid,subscription_create,charge_automatically,eur,100000,0,100000,100000,100000,0,1,1734085741,,1734085741,1734085741,1765621741,pi_3QWJcfeYkojlbpDPW62zBXr4,ch_3FJ49NgGfRxsBGdh1LqfNBH3
in_1kBvpwz0Lnkuw67qg2DObCah,4YKUPB6Y-0001,cus_PNbbxhoFmJn9Ig,sub_1vEtoT3qK0QTawqAu59CY23W,paid,subscription_create,charge_automatically,eur,100000,0,100000,100000,100000,0,1,1734088794,,1734088794,1734088794,1765624794,pi_3ceIG996LhIikA0z9TuzRJXE,ch_3VYemTyXMPC6Qbv2Sn4hyKag
in_1kYrPsip4ql4tPoBkkNfmS5Q,Z8BKG001-0001,cus_vP2lOai6gNxEGm,sub_1RKozT40WF0HN4lCcgGGdXkK,paid,subscription_create,charge_automatically,eur,100000,0,100000,100000,100000,0,1,1734107770,,1734107770,1734107770,1765643770,pi_38zJAJb2Fb3lE46rqaZJ9Dij,ch_3hPPfvbUY33v8u23kiUyvZLj
in_19hCPeRqwV3WVdc0YbXC1NbD,0HPHHJUQ-0002,cus_eG1QQ97qw8L5Fb,sub_1Nigpsgrp3GMaxcbsbjLKfOl,paid,subscription_cycle,charge_automatically,eur,59900,0,59900,59900,59900,0,1,1734159969,,1734159969,1734159969,1749884769,pi_3GBSWHF83ZOiMDZZCHRw9vpX,ch_3FvbEh7Bqj8DX63VguU8FNcc
in_1JvXYNa0m2RZehaKstWMfi93,0F3VFKWY-0001,cus_sHGDjYxCGCQCNb,sub_1Zi448TDi5Z8PtFLJfjQl4Oi,paid,subscription_create,charge_automatically,eur,200000,0,200000,200000,200000,0,1,1734179162,,1734179162,1734179162,1765715162,pi_3Ii24g0x023xW9d8brPRJYry,ch_35rcPInBobLCKEVTTG4bDzFK
in_1SCyQCk0IhqwphFcPyAE1Xn8,0XSF7SYF-0003,cus_5b9iDl6IcU2YUt,sub_1A2FVbTpELMjcLeeQYBSqg0F,paid,subscription_cycle,charge_automatically,eur,179700,0,179700,179700,179700,0,1,1734278359,,1734278359,1734278359,1750003159,pi_3URjezIOHY6VtIJTWvV8lmuI,ch_3gT4h2q8BndMhAOZikBwhii7
in_1ZbsIY34Gw2D87PbMKMzsE0O,SH8RF8N1-0002,cus_GKjz59bbfYZhQY,sub_1LHER5aeh6UGeU5xp6ojvGuF,paid,subscription_cycle,charge_automatically,eur,100000,0,100000,100000,100000,0,1,1734280611,,1734280611,1734280611,1765816611,pi_3oNKnUN69eRLFA5s5HEuvzGs,ch_337ZwXAF88La1Uwn42jqOVMC
in_1bAPA1qsYPKq4Li8mkohaaFB,MRNP3Q3W-0001,cus_aARFujj8Hx931g,sub_1bAQmiXJl3n3M7pqMmvGHzNX,paid,subscription_create,charge_automatically,eur,100000,0,100000,100000,100000,0,1,1734364053,,1734364053,1734364053,1765900053,pi_3Z7lEa1ewMq7SibHizEWZbS4,ch_3hQOBFlRXWnQeZ4jd1NQiLvm
in_1ORuxGYP8lNBvWW0XcIcgtNA,P7KSG1X8-0003,cus_GwqVkn0sc0VfuP,sub_1BEQNFpnW9zlLrdnMJaJItpr,paid,subscription_cycle,charge_automatically,eur,59900,0,59900,59900,59900,0,1,1734527136,,1734527136,1734527136,1750251936,pi_3jIOsiwz74Rlbd1c0Xml16eu,ch_3nziOIzzFxLVYVFBvI6hcSKY
in_1tWIJi7aP3bwjIE5JFs9aqhE,K0MT5CH5-0002,cus_i7lZZgKfh8yYP0,sub_1sAbIXqiAyemjiyi49FT9UKl,paid,subscription_cycle,charge_automatically,eur,100000,0,100000,100000,100000,0,1,1734621154,,1734621154,1734621154,1766157154,pi_3XDmQH3DTp0tbGsHjsaJsr9o,ch_3WVeo2DrdROAa9wgCHKjVmD1
in_184yAQjXfytiNsLIzilcNvKi,JOTTLM1V-0002,cus_XP7Tp4JJkYxWr5,sub_1ZfY0aQcNX0OooJUmWYzWL42,paid,subscription_cycle,charge_automatically,eur,59900,0,59900,59900,59900,0,1,1734773725,,1734773725,1734773725,1750498525,pi_3vPN2zzGGlsHlzL1vcRkhW5S,ch_3LH59GCi4CbBGuJFhW1cqRuv
in_1gMjkx9grslm7EsPvxdkwJoR,ZQCG6VQ8-0001,cus_w955XGS41wafDd,sub_1jtBfscdEK3caYDnBv98TQ9e,paid,subscription_create,charge_automatically,eur,59900,0,59900,59900,59900,0,2,1734961498,,1734961917,1734961498,1750686298,pi_39xPPnoN0ITGNAfPHjpASLbT,ch_3ruVHzt9yGq7H5fCIRGeJreP
in_1V7RExrGuDEXJJqP7wSK42Lv,ZQQ66UZW-0001,cus_rcnNi9l0MM1Dr2,sub_1FE1Ln02lsW2TtJ54476VMKF,paid,subscription_create,charge_automatically,eur,59900,0,59900,59900,59900,0,1,1735036271,,1735036271,1735036271,1750761071,pi_3LVE5dgpp6hosTLQSFnfdfa7,ch_3j3aVjPqsTZquxF4aGpdQMZr
in_15GA7Vhx3xrjhDXLPTR0KRdQ,KLBQ0KDY-0002,cus_x2bW2qwpjbtdWl,sub_1yePsQz9hHy8UHS9aPiOZVI0,paid,subscription_cycle,charge_automatically,eur,500000,0,500000,500000,500000,0,1,1735120985,,1735120985,1735120985,1766656985,pi_3XhsPGk52DrqFD2yKNtSJrdE,ch_30C7TB97MjZY8Lg2OCfXAfIG
in_1URO1lfMbUzuQzzT1UzmKl8U,QPCEQ1P0-0003,cus_YGtiFILBJIQ0bh,sub_1GNng0fQIc4Kmjn1S7GdxY4B,paid,subscription_cycle,charge_automatically,eur,59900,0,59900,59900,59900,0,1,1735126489,,1735126489,1735126489,1750851289,pi_31ZTjIV2T8NF06Gqxvuw1O4Z,ch_3kli4LgZklUWG7JmxSVEMM6v
in_1OhqlKbgsNmf5RffUjafekn1,QK4X3790-0001,cus_7JTbhkXSrEzkVS,sub_1RqkB8x82jR1s9k0SSaw54sm,paid,subscription_create,charge_automatically,eur,119800,0,119800,119800,119800,0,1,1735131126,,1735131126,1735131126,1750855926,pi_3wcU4PE0k3aaiu5HY3xKEHGi,ch_3zFiVLsKETHR7yqcXitfkhke
in_1c1F8J4Gmo0t1VxsOpsIqdzi,UQ7654J3-0001,cus_XB8yZo5IhSyFlE,sub_1SURxqZVGeKfrOUOR5mm3M3h,paid,subscription_create,charge_automatically,eur,300000,0,300000,300000,300000,0,1,1735202627,,1735202627,1735202627,1766738627,pi_3Ei5Fkcuh1o92hwXLL4WPgRr,ch_3f5plkMakTfkvcYEKMMKfbIt
in_14yVto9jP3fLMAQmoOBDqvrh,FHYNE5EU-0004,cus_KZCQRqFZnWQLEg,sub_1YmsWmJDDX5j8qIpVN05cdUD,paid,subscription_cycle,charge_automatically,eur,59900,0,59900,59900,59900,0,1,1735212456,,1735212456,1735212456,1750937256,pi_3mOWXYp5zqIiJ1LCR5qw47ex,ch_39X3FHD1GJXtX9etrFgJqTz7
in_14qg8rT63uzr96PVZOmkKkrJ,LKYQ52VC-0003,cus_a0h9bjkiIuyE2x,sub_1zJ3uDaxyAYIUXAxbWXqsq66,uncollectible,subscription_cycle,charge_automatically,eur,100000,0,100000,100000,0,100000,3,1735232374,,,1735232374,1766768374,pi_3VhGUrWtdhwmABgp3TyqTZXa,ch_3UmBi7788IufjLJhZhcNRsja
in_1pOogNmYn9vovleXhAcRI7wO,T6LCZF2M-0001,cus_HWCEb36rwht705,sub_1Js7Hw83sqVYP5naZbnPmFmK,paid,subscription_create,charge_automatically,eur,59900,0,59900,59900,59900,0,1,1735290524,,1735290524,1735290524,1751015324,pi_3P9nQsk322ToRkhJ5oFvMrTU,ch_3AtNLTjOBtEWeMGHDyXsx7bh
in_1rb5LhldKGYbRPN0v9MHSB8o,O9N7Y2ME-0001,cus_jRcEthBaMvA5AV,sub_1xJ2fnEJMnFHlEUiv9GSAaNa,paid,subscription_create,charge_automatically,eur,59900,0,59900,59900,59900,0,1,1735310248,,1735310248,1735310248,1751035048,pi_3qQCnxpc7xs0iWJsMGO3njKm,ch_3uMkdeZvKzsdHUrsiQFPeeDO
in_1KjOOTlLuwIgSWgCL7MUIvkB,53FC41TZ-0003,cus_ienX88FWUCs4RB,sub_1vrTM75hM8Bk0azdDteYUYkI,paid,subscription_cycle,charge_automatically,eur,100000,0,100000,100000,100000,0,1,1735315134,,1735315134,1735315134,1766851134,pi_3TuvJN57miyF7x3ofa4WwoN7,ch_3LdPnkhr4RPtTLfdcMvhSFxO
in_1SSPQlI9uXmVbfpADakn296D,7GM1AVUH-0003,cus_kCDMK85HZCe9bb,sub_1kDbKasAtnyC7VK5HHYzXnvF,paid,subscription_cycle,charge_automatically,eur,100000,0,100000,100000,100000,0,1,1735316316,,1735316316,1735316316,1766852316,pi_3zIuxuqa4OVzKFD3FgCrIXdY,ch_3PBjVqSaLMhk5iDXlobJHLOY
in_1gGpiEroPyjIGGjfb1s3Tted,KXRYEAEN-0002,cus_A9SoUykOA31VpM,sub_1aYVPtFjHXZDRyoVEoMjr4R1,paid,subscription_cycle,charge_automatically,eur,100000,0,100000,100000,100000,0,1,1735405173,,1735405173,1735405173,1766941173,pi_34HEMr3tC11MjeSYjsH8YzHt,ch_3xlfM6RoZ8k68J6bZzEw34j2
in_1a6ojyTKWNPPSTpRQU4GhGoJ,X9WMGVFJ-0001,cus_Kw5eH8wY5r7ODv,sub_1si41KUCD8bkrvxcdgy1lFMv,paid,subscription_create,charge_automatically,eur,179700,0,179700,179700,179700,0,1,1735463438,,1735463438,1735463438,1751188238,pi_3tmbgxRRAvEUYKpDhbH92ntx,ch_39WIuid24uANaDwKfJDiCoka
in_1lkFK2hJ2vzoJVaDal4gW333,AX3BILQ8-0003,cus_2MVje4fs7tS1i1,sub_1d6Uc4gbcez5DIsd0bsXMzoc,paid,subscription_cycle,charge_automatically,eur,100000,0,100000,100000,100000,0,2,1735468419,,1735729839,1735468419,1767004419,pi_3bK7gVme84fNC6aqEQutnPdj,ch_3k015Tz3hAjFQkkvPzagFFHF
in_1dKwnsjYQaKOOZz9nikeBxTz,DV12QH87-0001,cus_vP0Dm0XMjzebyY,sub_1sQGWu1xEADN24UGDbirz6Wi,paid,subscription_create,charge_automatically,eur,100000,0,100000,100000,100000,0,1,1735578847,,1735578847,1735578847,1767114847,pi_3xlPvxe2AKMicr5UeiD95j6A,ch_3bgYkwc0niOLdmQEHOakgr0T
in_1vjIw6sKmuNsxs7xN8bMGWAP,6WTK4BAB-0001,cus_dwLyW9z6jyy1nN,sub_1AR36AcrSupTDAOlvXsORASQ,paid,subscription_create,charge_automatically,eur,100000,0,100000,100000,100000,0,1,1735643742,,1735643742,1735643742,1767179742,pi_3ZpwWUU5zyMntEKqlbv0g2dh,ch_3vmaTXv5Ed0IpBXx57xsMH9R
in_1jKprpslTQbn3TTDVslWUzz2,FBN5E93T-0001,cus_fDNnLyoBBi27Tu,sub_1SM3YuWD6xDAdFmZ6RNjmpCj,paid,subscription_create,charge_automatically,eur,59900,0,59900,59900,59900,0,1,1735652800,,1735652800,1735652800,1751291200,pi_3J5QVGQ1aVbYDlKOiKARX8iY,ch_3iSP06DFWW3kuMkD39g7MZq8
in_12vAbivMC2YqzdMZSZVszi6V,0FEES6ZF-0002,cus_Lv0dKSVYPM5X34,sub_1qDeKlg1Ot5X6nBkLACWKG65,paid,subscription_cycle,charge_automatically,eur,200000,0,200000,200000,200000,0,1,1735722628,,1735722628,1735722628,1767258628,pi_3Zx3ZKFCOYzwD6qOzK1TrCNn,ch_3dVhp1FpsYTPc5YcZXdRae5M
in_1iHj8WanNbLi5CzjZVdfVSfY,6V8QDKWX-0002,cus_1B8bKDYCKjeiOw,sub_1DGUqLhVT6DKBpRdHKkH4k7F,paid,subscription_cycle,charge_automatically,eur,59900,0,59900,59900,59900,0,1,1735727805,,1735727805,1735727805,1751366205,pi_3Fkc9Enl4XQo3Jkpq3AycUZM,ch_3ORg6zdL3OsEm9gOxFEjWuBq
in_1htKcmEuQzedGi78nfxpyeUK,JV1SDH9A-0001,cus_pE0OOwPEjG8dyd,sub_1Rw5aU3n9MUYTkpKDK3daMwP,paid,subscription_create,charge_automatically,eur,100000,0,100000,100000,100000,0,1,1735816352,,1735816352,1735816352,1767352352,pi_3Yp30hhtdUzP7viIRwE71QhT,ch_3zOTETJ7p97nUAHWQXCUJntG
in_1JXgoQcq4zYAxZ66ftAi2nju,HCL2WX2Q-0001,cus_sbgNLJHYHbF96E,sub_1iYeOPBH60Ql1osTSoIc7uLw,paid,subscription_create,charge_automatically,eur,59900,0,59900,59900,59900,0,1,1735829889,,1735829889,1735829889,1751468289,pi_3z99L84WLjHSxSLJnEnBm1In,ch_36vZaw71b7E0DAe5u2qacoqn
in_1jvvPBDamNzPKDfl60B0f8WB,JGB6DROC-0003,cus_bMF0WqZy3iGk9W,sub_1XxUeXDEUYHwPwiQgb6LbEaJ,paid,subscription_cycle,charge_automatically,eur,59900,0,59900,59900,59900,0,1,1735833444,,1735833444,1735833444,1751471844,pi_3lm47OF9Q9pBYsGhcqGW8LzA,ch_35i0SMarFX7VXMZp9XXWf0OR
in_11lMzbitDx9MdZ13sQabIgbN,QLMFBAZG-0002,cus_yZNKcJHK09FtdX,sub_1J8wsaTNME3jTM0GSiJlaKAZ,paid,subscription_cycle,charge_automatically,eur,59900,0,59900,59900,59900,0,1,1735909042,,1735909042,1735909042,1751547442,pi_3AbIdOj7uaEH2b99A8LEWNJj,ch_3UgiFjViugKD5QUCEk9GPN7J
in_1AfQH6y28AC6pBhKe90nemjr,T1WHOWD6-0001,cus_NOxke6UIxJ7ZK0,sub_1RuISDfDzd7LP2Cc6WFgKhii,paid,subscription_create,charge_automatically,eur,100000,0,100000,100000,100000,0,1,1735920806,,1735920806,1735920806,1767456806,pi_3lp5Of9JU8v3zb748uqT1rkA,ch_35spJnwsmNyvJX8sKCLd0dGp
in_1CbwzXhoOSEn6oMkdDt5vNsL,DK83F255-0006,cus_S4OWRXlJczEYeO,sub_1mUYo1Pl1f7MDyLSN3bIsaSx,paid,subscription_cycle,charge_automatically,eur,119800,0,119800,119800,119800,0,1,1735934686,,1735934686,1735934686,1751573086,pi_3GNdua8JdjHJwqjXfuTrplp6,ch_3wYxKRqWjB6RzeTgBNdJhIDG
in_1qycJwlozgqBb1VOOiaBCJhQ,L9OWEZFH-0001,cus_6N5zKGVqhyM7Si,sub_1oTJas9O6IFYm41ZxF9zrGxo,paid,subscription_create,charge_automatically,eur,100000,0,100000,100000,100000,0,1,1736047871,,1736047871,1736047871,1767583871,pi_3ReFlobMUXB9xbSBI1iBUkc4,ch_3PdZppO2arS0pDhlxbbipR42
in_1e26MeHDd2V2TTvYU5sRp9hy,7YJDA0U0-0001,cus_my7OHhOtgWxkkA,sub_1la1SC0vBh9P0jH6CR8x7fXR,paid,subscription_create,charge_automatically,eur,100000,0,100000,100000,100000,0,1,1736350900,,1736350900,1736350900,1767886900,pi_3c6CLy0aDbbSxVJBcOY77p93,ch_3FFSXlYocoDJA4yMPtKhjo3p
in_1lWkn3m7WBRxmdp06RwxRVgO,2A5BNG16-0001,cus_zVMJZupane1DPI,sub_1SLj1W8q8U9FpousY8kWeOHn,paid,subscription_create,charge_automatically,eur,200000,0,200000,200000,200000,0,1,1736417865,,1736417865,1736417865,1767953865,pi_3bs9FOcl4IgIZ72o4BIMPx7I,ch_3iR8dZKmYNtrb5N8xuW9yshG
in_1QHeM5yypBqlCw5pXjJTQkh8,IH7GCTMO-0002,cus_v78vZZOWQD1PdW,sub_1u7HJ1gCPWqzOnw0XisFZpKH,paid,subscription_cycle,charge_automatically,eur,400000,0,400000,400000,400000,0,1,1736430924,,1736430924,1736430924,1767966924,pi_35nWmgepArDbNC2L0KFeF4M3,ch_3ZHfm9MpwX63QkhWjyTIQYgp
in_1ROMilQf2o6s4QF4t44MbhG4,UBDQ085B-0003,cus_EEBX4uYNtb8lFg,sub_1J4WUAWTQqEnFV512v3fo9GO,paid,subscription_cycle,charge_automatically,eur,100000,0,100000,100000,100000,0,1,1736507121,,1736507121,1736507121,1768043121,pi_3lLWQS8SCdi9tp7RcwXfSjS9,ch_3E42ntVSexNvw5n1fU0gIwLp
in_1roJ2QlywcnlvmYhe7JXsft3,UKZ4P7XS-0002,cus_lc8IzTtuTv4Cbh,sub_1PQu49k7hNjwXcjlip2PeLar,paid,subscription_cycle,charge_automatically,eur,100000,0,100000,100000,100000,0,2,1736514902,,1736775002,1736514902,1768050902,pi_3tBRlHFEOgeX8CztL9nXSqsw,ch_3tB2gDoeOhjtSZdZ4lu0XFgK
in_1P0QknkeplAx1sOGSPEwxWwG,NP1CW4PK-0004,cus_0tpucqjL2ZxTnG,sub_13gZOUDacQ2cx2JDfk3QmK8z,paid,subscription_cycle,charge_automatically,eur,100000,0,100000,100000,100000,0,1,1736681968,,1736681968,1736681968,1768217968,pi_3o0tybcKjpamS4h9QV8jHsrj,ch_3lOMmgW4vRpYBTccwPF68GUI
in_1RgL6ce6oJirwtsLKTxm84Et,M9IHIVX8-0001,cus_3e4rQK7VHX1ggu,sub_1afNY19NCUSiHqyx8a5LRlqL,paid,subscription_create,charge_automatically,eur,119800,0,119800,119800,119800,0,1,1736780862,,1736780862,1736780862,1752419262,pi_30UF6adMj1Z5JOApyxtyw7UD,ch_32xSSDrYkTA2ynzfGrPH0VS3
in_15PepkE5l30Bn0ACwNaddlMN,ZIF3VZPI-0003,cus_NOnY90xhGl57Kw,sub_1UPmbmSYuHHmmDLJZWTR6gKn,paid,subscription_cycle,charge_automatically,eur,59900,0,59900,59900,59900,0,1,1737021991,,1737021991,1737021991,1752660391,pi_3wC3Xh6gAFzebjIbRh9YT0Ym,ch_3g7sqhwO2xS1zTIF2uMUEok3
in_15asDSL96UzblnOSFxr8OOnM,X11HWJQZ-0001,cus_tJQXOv5fjz1abP,sub_1TRGtQ8v4wfOx1oMPbRuHGjy,paid,subscription_create,charge_automatically,eur,59900,0,59900,59900,59900,0,2,1737037854,,1737038311,1737037854,1752676254,pi_30DJwwd7OyY3pB4ReFxyQIZC,ch_3YbVXcVlZALkv9egevuZ7nw4
in_1NZJv3mCmgKR6JGDR1tjtYhc,TSJDKO9P-0001,cus_FKxrkdUs7HczDR,sub_1YQJSvD8UV6qte3S4tSElU6m,paid,subscription_create,charge_automatically,eur,59900,0,59900,59900,59900,0,1,1737038081,,1737038081,1737038081,1752676481,pi_3LfAzZ4rWTdfyZ6p8uDVATBu,ch_3uOs06PBdS8ysS6XC2A8PeYA
in_17vW9YoDTMO0ykaQPfJu4Keq,L1ODXC0P-0003,cus_zfanYic1JLff6l,sub_1QJqiwqVKZGkbFVAzxQGNVVI,paid,subscription_cycle,charge_automatically,eur,100000,0,100000,100000,100000,0,1,1737042933,,1737042933,1737042933,1768578933,pi_35AXMRYOaWGCAaiR6qLCl9N5,ch_3fQdtpuF3S3wzOWh8voaMnQU
in_196siIH7fTfQk9u7u0kNvQK1,ZCXINQ7H-0001,cus_TDYZ9YcOyjO0B4,sub_1nzH0fpAU3OQNQhqbYIfcjMk,paid,subscription_create,charge_automatically,eur,200000,0,200000,200000,200000,0,1,1737049543,,1737049543,1737049543,1768585543,pi_3GGgvuwEkNYuKLIwdvRQ77dS,ch_390GVEbjArCsA2BSwqWfQ5uL
in_1BrUZUdmJCsGtVgkPXlCzdvU,5D8TTIGM-0001,cus_pJFjUlZOAw5HZe,sub_1AvSzySgmbBVKePVYEhFlE4P,paid,subscription_create,charge_automatically,eur,59900,0,59900,59900,59900,0,1,1737120749,,1737120749,1737120749,1752759149,pi_31KXsh2HVscJ2EVJeqRc6fYQ,ch_3K0qLDiWcTpiXew3LONx6JKO
in_1zwPYjOL5VfbmnZHGwzMFFc0,AMAW8G4T-0001,cus_kZvtM5u7YKXacH,sub_1DnLDUDVdLN7WCWFIuzT9eu1,paid,subscription_create,charge_automatically,eur,100000,0,100000,100000,100000,0,1,1737126895,,1737126895,1737126895,1768662895,pi_3Wuff649rOTMb2XXBDE8u82U,ch_3k1pmHuSJKfJPZhssZj797y4
in_1bBXAWW6vS3uyYG4RWEGCjfu,7JYYKN5L-0001,cus_fxVL5aSwoibmZ1,sub_1apEahtsTwk0UwigSRUnC1XW,paid,subscription_create,charge_automatically,eur,100000,0,100000,100000,100000,0,1,1737306355,,1737306355,1737306355,1768842355,pi_3FBUzD7scSwG2zDoRvJzyewf,ch_3gpPbsiuuHhHtgU9fX0rc1TJ
in_1TH9G1tafeiKLg7wLR8D2gL3,B08T8MK4-0001,cus_hZ6YVkE4FemxRE,sub_144wgk9lNm0Rg5qK2G6O6Xyu,paid,subscription_create,charge_automatically,eur,100000,0,100000,100000,100000,0,1,1737311073,,1737311073,1737311073,1768847073,pi_30tfDGFBdxtLa7wPQtnzQMhE,ch_30ouCvcE1VlYLwtybOpEmMjU
in_15WtoUUa0xYtSB8NhecAoVGl,Y8CUW3Z0-0001,cus_hLKLq1KeRxltdV,sub_1Al68xXyY46HTdc213FmrzQm,paid,subscription_create,charge_automatically,eur,200000,0,200000,200000,200000,0,1,1737349743,,1737349743,1737349743,1768885743,pi_3UO13eCNySpeXogYwnDBeEfy,ch_3I85AzpFIxPTLOznmu1VdxNi
in_1QXsvSylLfdBLz1tNY7MBbAS,FGVANHNY-0001,cus_9OzUbXIVhWEzNC,sub_1jizgamDQSLIwoZPdtXnDWrQ,paid,subscription_create,charge_automatically,eur,59900,0,59900,59900,59900,0,1,1737359684,,1737359684,1737359684,1752998084,pi_3eGES9qWSP6aoBHsvUELG2p5,ch_3WilGuepvjDkNX8ZEsWU9brM
in_1NcTULr257kKD1EY7TOKpb4s,B19WZPVZ-0001,cus_bRlkUDwpueRAZD,sub_1wz5uvcZQE8H0YbhtV4n0dp8,paid,subscription_create,send_invoice,eur,21000000,0,21000000,21000000,21000000,0,1,1737383060,1739975060,1738769900,1737383060,1768919060,pi_3CWIclCBTEEDBhAS2PsojPYz,py_3MzGsOS1jGppbausZqoGObUx
in_1kTml5RU6atMBCEXFLJY3mRO,9SSDNXQS-0001,cus_IzJ1Lo0bdXh5Jf,sub_15wwWdgayIRfhpq2tTebKWOA,paid,subscription_create,charge_automatically,eur,59900,0,59900,59900,59900,0,1,1737384665,,1737384665,1737384665,1753023065,pi_3Z3vGmGcQyymVOyurdSKg7co,ch_3LMOG4pKUozAXHx27ynJHn2S
in_1vGzmeTlpCOFJRR5lOzbepps,62BXVUTX-0001,cus_X21cw0Tlm1b9Lj,sub_1e7BkkDonTiqIsawQ4DXgJMZ,paid,subscription_create,charge_automatically,eur,100000,0,100000,100000,100000,0,1,1737448866,,1737448866,1737448866,1768984866,pi_3A0E1evAZupMUBh6mA22owIt,ch_30ch7lsAxT1AJsslRdbP5RFr
in_18BLCIaGlRvOFqBNMSUbwMds,55XGQND7-0001,cus_0RK8Di3pWvTWux,sub_1tOkfSPNeBSRh0VVHszimOrX,paid,subscription_create,charge_automatically,eur,200000,0,200000,200000,200000,0,1,1737502072,,1737502072,1737502072,1769038072,pi_3cjG5cvzqyZU6gK26ZeMSf1W,ch_36Z6ZS4PhwWVHVSaWtfShiw5
in_1nkMIip4yYERmYnXbtZFf7Dj,QDTMIWM3-0001,cus_LIu1Ud9XvgJvAA,sub_1iwOq2uGp4TREnQtRYenlVrk,paid,subscription_create,charge_automatically,eur,300000,0,300000,300000,300000,0,1,1737511867,,1737511867,1737511867,1769047867,pi_3NvIROHAWpai5FPVyB9etNZf,ch_30g0jfqueOIAbdJUJlc704wh
in_1Hr2x2avz1fSFWGqs8e49kD4,I78LRFKS-0002,cus_f2ROxEFoZUYexG,sub_1kbrqo3DeQbWyOnGYHs4NSsQ,paid,subscription_cycle,charge_automatically,eur,100000,0,100000,100000,100000,0,1,1737539862,,1737539862,1737539862,1769075862,pi_3EKBDsNlQfYOCNRIqIAHzog1,ch_317OwBjL19a0Kt5sjjXtBzNR
in_1TCPERDfRhk7o0NJ8iEETJDf,Q6D0IVTW-0001,cus_1hkAoMnjLZY68b,sub_16XDaNQ9ZOI07PyQHD4IXvvw,paid,subscription_create,charge_automatically,eur,59900,0,59900,59900,59900,0,1,1737575976,,1737575976,1737575976,1753214376,pi_3daACCKnb2gXRDvovJKx7wDF,ch_3dMmO4a3SChcQY4MlH5nEYDU
in_1w3BSMIxYpvjThTo0kp1qFZG,ZGTWJSK1-0001,cus_WcwCS0ZXTldRTF,sub_12sz3ujj7Q1NmComG0E1wpnF,paid,subscription_create,charge_automatically,eur,119800,0,119800,119800,119800,0,1,1737620798,,1737620798,1737620798,1753259198,pi_346lrB50SrJc2slG6j1lCZJD,ch_33ZyM1KBUci3LuNlPBURtmJl
in_1aMsJQhkRdXw6QuDip2CnjzC,XYSX1BVH-0001,cus_RN77VH9CzG8DEc,sub_1eGnSrs5Oe9m4euKfFz66yq7,paid,subscription_create,charge_automatically,eur,100000,0,100000,100000,100000,0,1,1737623189,,1737623189,1737623189,1769159189,pi_3IDbe316DmKIihYaQBYrK55p,ch_3yt7H9yreEPn82WMTYqieLbR
in_1iykxVA6SznudzuaWp5UYy5R,A4BRCSZ4-0002,cus_E5uU2Ob2RXMScV,sub_1WGDPqbEL3qoHwMsWD2EGi91,paid,subscription_cycle,charge_automatically,eur,300000,0,300000,300000,300000,0,1,1737623713,,1737623713,1737623713,1769159713,pi_3GOmUUmqOi1sDGQzaNN2pikX,ch_3rnrI2t9OpxDpbuGVnDat7lB
in_1mGp0URfidjL2TGfCQzLa90n,8CX3ZCGD-0003,cus_A0Gj5UoSyEMnt9,sub_1mft7TP4TEkNCaPtM0d1uMao,paid,subscription_cycle,charge_automatically,eur,59900,0,59900,59900,59900,0,1,1737658231,,1737658231,1737658231,1753296631,pi_3R0SB9yVlW2lWb7ArjNQsXw3,ch_3CuSN0L6dvCWGTJ3JRFTefwW
in_1AMSB4zD7yHLqD7J5AD0DWUS,17SJMDXP-0001,cus_NN5499oB0ewZR9,sub_1cqxPMON6kd9WVHc4vhfqNcZ,paid,subscription_create,charge_automatically,eur,100000,0,100000,100000,100000,0,1,1737708845,,1737708845,1737708845,1769244845,pi_3vNCN3xU5CzJc8i2mvdJ0PW0,ch_3ipc7qYosAt3XY3gtBPSbZZb
in_1o68RdLS3nA2HgYcGHftlLaQ,CAPUK6AB-0003,cus_mDIzXzYJuVNi75,sub_1GOzx9iWHCW0qwAi7ff9NPUG,paid,subscription_cycle,charge_automatically,eur,179700,0,179700,179700,179700,0,1,1737720841,,1737720841,1737720841,1753359241,pi_34CqCaumHkB8Pzf19u29qNAf,ch_3iOtUgsGFZV5kSoVQD9XM8WU
in_1JYNDEDRlIOqqO0bZXp09vgj,2BMVWFC8-0003,cus_51LBjx26D6mX7s,sub_1Fyg79HdTEUVjdzz0uPeFs0r,paid,subscription_cycle,charge_automatically,eur,100000,0,100000,100000,100000,0,1,1737900571,,1737900571,1737900571,1769436571,pi_3rEWB8oKjpkgTs2aJ19qKcJk,ch_3cKrEvIjItOlgVKHJlPnVFln
in_1BWq4vM3tjhoKuRNBf5dLK0p,VY6R38CW-0001,cus_XEbRc2JORmEOVc,sub_1dG0SWTZW20IVbj6LvTngEnX,paid,subscription_create,charge_automatically,eur,59900,0,59900,59900,59900,0,1,1738182474,,1738182474,1738182474,1753820874,pi_3fL4GoluPJneebmovRlYYJXd,ch_3SvKfttZAMnmZEmZ6EqqJ40x
in_1KhHTubmxOFKJRcCNuniczDl,OGF91CB8-0001,cus_jjLsUMBEJ7yoM7,sub_1rQRjwzM82H2VajPhlaB7KS9,paid,subscription_create,charge_automatically,eur,119800,0,119800,119800,119800,0,1,1738245399,,1738245399,1738245399,1753883799,pi_3Lic006kQhniK4a6G6AlxTmW,ch_3JSvBCuNd4UOtP2v3RHR2mit
in_1g1VIXjgBidHcYCQspW81uVr,L7S20PUH-0002,cus_2kXF9CoNhHDYe5,sub_1BJ2bXbl5wfh5IraYWKAPrGH,paid,subscription_cycle,charge_automatically,eur,100000,0,100000,100000,100000,0,1,1738251877,,1738251877,1738251877,1769787877,pi_3uFFrdtGAsy1A5AtTcHBSCp8,ch_39jvr41cmg2pQwDb8XYk9Mvi
in_1SQdPamNGiljcSOJEIGWFz48,TQ7KTZSE-0002,cus_v8RoP1TETbMB90,sub_1W9nKP0TO0l1FwNmIKkQlI5e,paid,subscription_cycle,charge_automatically,eur,100000,0,100000,100000,100000,0,1,1738329338,,1738329338,1738329338,1769865338,pi_3C8FB2M8Y0kX51iAaqe1N2ZO,ch_3xRSZoedQzWWWTeRDvvqHeer
in_11RemQLpZefgCWJiruUOr2WD,4B600USI-0001,cus_pfazaANxYHx4xK,sub_16sM8wl1dzMmqjGNejTMvccf,paid,subscription_create,charge_automatically,eur,59900,0,59900,59900,59900,0,1,1738356997,,1738356997,1738356997,1753995397,pi_3bp0gdO4tN55hNyKFEfiSPPD,ch_3KZdB312fWUVg34oMbvE5InR
in_16jwcNFmuwdABsceaPpBVcVm,8XY4CWTO-0002,cus_KdYw0LAOp8jkc9,sub_1POxkX5BgSJHzr2YJ9OC5JJV,paid,subscription_cycle,charge_automatically,eur,100000,0,100000,100000,100000,0,1,1738551464,,1738551464,1738551464,1770087464,pi_3ZeCYqMwyZNVG0uVOGF3rgel,ch_3Utny7Pxh0uPi77soIPgM9Qj
in_1LKweCviIVFqkpOwT2nbi0rC,T4CH913S-0002,cus_rFVlf6CkwyhKlr,sub_1qLGOkf11gR5EBXmfDi2NA2Z,paid,subscription_cycle,charge_automatically,eur,59900,0,59900,59900,59900,0,1,1738597556,,1738597556,1738597556,1754235956,pi_3U1zXr8D6mDpkjIsD8hydAeL,ch_3PWeWWvMDFPXYbm153OgRwfj
in_1e6msIsYdZiXblsq4GLb7yvZ,7DNYI22B-0001,cus_ffUl0jdpF4f0OI,sub_1DY1t2IDlXZ8gQwAVCSHPuah,paid,subscription_create,charge_automatically,eur,119800,0,119800,119800,119800,0,1,1738657608,,1738657608,1738657608,1754296008,pi_3hOIKa6q8o6XpiY0j6bOASkL,ch_3uE85hgXXuCxbnt7kFLLU4ej
in_1r1KAU1IF2NtjxYNI2jHV1Kf,8EU7L7AX-0001,cus_DQgzSusBtHwUN4,sub_1X2FsI35cTsNQfjUXeHsYZQj,paid,subscription_create,charge_automatically,eur,59900,0,59900,59900,59900,0,1,1738659202,,1738659202,1738659202,1754297602,pi_3sZ9iK3Wt7RJM0KbKoQhXRLP,ch_3BbjngNRAlPO0D2oe0ffwRfu
in_1ZU7sCyt79yZJHhsl9ZpW5Yq,77NWU9EL-0002,cus_Qff6FbT1prs4Za,sub_1aZ1teWsfIHiWPHcWCKpwVIH,paid,subscription_cycle,charge_automatically,eur,100000,0,100000,100000,100000,0,1,1738741125,,1738741125,1738741125,1770277125,pi_3ZL1DNOb4duCqFON4eIQUv6M,ch_3C4NhkqDBaKmLir4JUFD1O31
in_1F6yOVM7rS5apwMISaQT61Lv,0RNP5W89-0001,cus_pTw84HIDUqwL2k,sub_1Ut7ittO0r6NVvYWuz5d5itg,paid,subscription_create,charge_automatically,eur,59900,0,59900,59900,59900,0,1,1738760669,,1738760669,1738760669,1754399069,pi_3Tfn6nkxRZ6wfzKykZKcZSnH,ch_3PClYRCitXw4Xlzk6bqnrCOp
in_1bi68CX5SZsbYz5q1MQqMkYY,0XYJB014-0001,cus_2rd14JkWjt0bnL,sub_1AztX7tLKnRkU35F1nCYQeQq,paid,subscription_create,charge_automatically,eur,100000,0,100000,100000,100000,0,1,1738762757,,1738762757,1738762757,1770298757,pi_3dOPo6T67NlmW2vn0XBsnuQs,ch_3f5OUoVav8LjcLz9qpJsVKng
in_1uzKanF9ErOsH8hJyWSOM4kT,7B84R8RK-0001,cus_23eEEmWdpOTiWr,sub_1fO7Nmxlv998fGBMHtr1W6qn,paid,subscription_create,charge_automatically,eur,200000,0,200000,200000,200000,0,1,1738841964,,1738841964,1738841964,1770377964,pi_31ZHdZpGx3QAmzuhsjjJk7k5,ch_3gvMtUirLIwcab8J7LrMauUB
in_1uxZDuO5gRb7R5p5ChU0XsQ3,ULRIBXUJ-0003,cus_kIuVEJRArJS0sL,sub_1Q6Zm6bDagL3oXIbxK1r3ukQ,uncollectible,subscription_cycle,charge_automatically,eur,179700,0,179700,179700,0,179700,3,1738896141,,,1738896141,1754534541,pi_3XFowIIzzVI1mR9pamI0XTh4,ch_3b3GUQIkYoOamL7k5li6Nkzf
in_1W80ntapUVLswZlqg0Wrb8Pz,5GAEV0OF-0001,cus_kZP8gNWotmSU5a,sub_190urPIqG6D68qs06w8eTi5L,paid,subscription_create,charge_automatically,eur,100000,0,100000,100000,100000,0,1,1738908023,,1738908023,1738908023,1770444023,pi_3GO4w8UhgxIHUq1TJ8za3XtE,ch_38dIyx5cSuSEihNujcR1QW7O
in_1TlBIrU2z91VMMhy2xGs4HXQ,H80MLA8H-0002,cus_DG8CPspgjcmlD4,sub_11AA8KVKJ2WDSxmDDMK1YfFy,paid,subscription_cycle,charge_automatically,eur,239600,0,239600,239600,239600,0,1,1739005339,,1739005339,1739005339,1754643739,pi_3jh02hqJJMRRFow5VUIfqLjr,ch_3ZAGMf6jvQjR725z2PTCn2Po
in_1ve1d6iDsRIX9lUxamrgjzC3,MSQNPPXZ-0002,cus_Sh1Ev7xmApvwFL,sub_1OaE9Lou3Evy969SwK0Whuwn,paid,subscription_cycle,charge_automatically,eur,100000,0,100000,100000,100000,0,1,1739011273,,1739011273,1739011273,1770547273,pi_3q3iuWr6XrtiTkIsa3Pq3Abd,ch_3cF0ny31YArfHyRKqBZ4Q5U1
in_1bAuWXtmrpI1DQ2h8v9g1zmB,P9X3DL1R-0002,cus_rfSUrPf2YUESBL,sub_1fDSMpGg2REEPnJqeoA8b7IL,paid,subscription_cycle,charge_automatically,eur,100000,0,100000,100000,100000,0,1,1739025006,,1739025006,1739025006,1770561006,pi_3fCnDEEFyyrGYpG0oBhzm6jx,ch_3WVLEfQKGQLeINvpbbLwXwW0
in_1SHpnn4cSEbBq9IT22Qp39nc,4ZX24QK8-0002,cus_la20uw9Qjoi2gz,sub_1sY0Ueh8yL82JjtmFB9ke9qM,paid,subscription_cycle,charge_automatically,eur,200000,0,200000,200000,200000,0,1,1739066963,,1739066963,1739066963,1770602963,pi_3SuvOSZ5vseLNeZm13r10rFi,ch_3irz8uOLQQBGSbPbPNUDYweX
in_1xZFdKpdiBZk4GfskNEpnnNV,ZVUHKFIK-0001,cus_mx8NxyA4F34iEy,sub_1Lkp4S16Blu36NdcVv9QGdgR,paid,subscription_create,charge_automatically,eur,100000,0,100000,100000,100000,0,1,1739187555,,1739187555,1739187555,1770723555,pi_3mVb1fP8J0rpYemsK3tlY3LA,ch_3lAZuyStGgLly1gHaWkDW6XY
in_1qGU6LTVWtCf9cR5vSpybQTR,OWWUGKIB-0001,cus_iJIHTdtySkB5Az,sub_1LxvoyzQ7WtCp06CHMGN2f2j,paid,subscription_create,charge_automatically,eur,100000,0,100000,100000,100000,0,1,1739204243,,1739204243,1739204243,1770740243,pi_32gKPmqqU1JokIPzdN6sJdyc,ch_32DQXKIVdgufHkYHzXUVg4Us
in_1KW73aXPKCJAkJhATNhv99j7,PQQM57MT-0001,cus_SkTJLmNdkw06rm,sub_1dq1pAvjpUHGXURHyozufhty,paid,subscription_create,charge_automatically,eur,300000,0,300000,300000,300000,0,1,1739357848,,1739357848,1739357848,1770893848,pi_37tUlccJgykHUJZUM7Zt0sU6,ch_3VNYH9GCNMASi0BHFLOArJE3
in_1DljEjmSKhXv61xV507uB3eh,L99WZD41-0002,cus_YB8XMO7YYIMjQ8,sub_15QZa2XtaVywGksUMbuuC6Z9,paid,subscription_cycle,send_invoice,eur,19800000,0,19800000,19800000,19800000,0,1,1739365383,1741957383,1740499203,1739365383,1770901383,pi_3KTCi3pQDpOgubb82npBxeCm,py_3BxAV22yGGQf79mzTbGLnFeO
in_18BeJJpeFFLfe9Gckp3nGgV1,3WPBKTMP-0001,cus_CVJPjZFbfnKfH8,sub_1U8C5FlzVTz85JWN8NmDeHkK,paid,subscription_create,charge_automatically,eur,100000,0,100000,100000,100000,0,1,1739380433,,1739380433,1739380433,1770916433,pi_3ZhEAHXcctorWEeDgxKnepEE,ch_3SARCkADPA6i9aBcXRBfhQaC
in_1LTsOoFSRBe2oS8fl9TJU1Na,SCUAQ72R-0001,cus_59YSxzzMqQmdgg,sub_1QguQ5U8uC1omfOQpGgwEatu,paid,subscription_create,charge_automatically,eur,100000,0,100000,100000,100000,0,1,1739381769,,1739381769,1739381769,1770917769,pi_3mRpXpDeRgLXfVNG3c55pVO0,ch_335pSZTUJeM7qSeTy2pA5BfN
in_1KSPm5kqGV4jUmahCLjChvaV,6POANIJ3-0001,cus_5qW1ZFKfxLtS0D,sub_1y9qTNyZmusrHKNM0N3aFS3i,paid,subscription_create,charge_automatically,eur,119800,0,119800,119800,119800,0,1,1739486332,,1739486332,1739486332,1755124732,pi_3XP9sowhLyB9CvyPlffSw73Q,ch_33bgK2CTZN6NaqMele4VEOtM
in_1EdH6NI8T2j2jOvRtQw2t7Kc,XGHXXCYL-0002,cus_XO16dA7cW9mvkB,sub_12TYDkXSWWhL6hZPhiKLCovr,paid,subscription_cycle,charge_automatically,eur,100000,0,100000,100000,100000,0,1,1739547240,,1739547240,1739547240,1771083240,pi_34uU833nrvuaMP8OFwGiC91J,ch_3v304EEPTH0sUmaz2XcLf1E1
in_1gi1D6T7YULSJWj9cOv4Bxew,P79JVPU3-0003,cus_JHsHYmBhOL3Mej,sub_1Nyq7qwzewHVvpXOGKiLdcBk,paid,subscription_cycle,charge_automatically,eur,100000,0,100000,100000,100000,0,1,1739571530,,1739571530,1739571530,1771107530,pi_3GgQI4sQcEYY1VSFpALKVvjZ,ch_3kh2I9ShsYQ9h37TBsyvlmq9
in_1BrO2Td9UqYGw8fA6ZkNqEwS,KIM69TMV-0004,cus_S942mr3zeznIdV,sub_1iZBdqBRMabFxHowsoIr15JV,paid,subscription_cycle,charge_automatically,eur,200000,0,200000,200000,200000,0,1,1739609354,,1739609354,1739609354,1771145354,pi_30N9JrTUCrbWcar19Jd1SsHK,ch_3pVbzD1ZXe8tk44TWbepdC4q
in_1fpq7BiD2T4QhpwkzZ4C61PX,RSEXDXE1-0001,cus_pjCO0qQn9fjTOU,sub_14JaG8cQ2AL8x3J17PQDYxw3,paid,subscription_create,charge_automatically,eur,300000,0,300000,300000,300000,0,1,1739618387,,1739618387,1739618387,1771154387,pi_3QaSVHcfR3G8PRt5TClx2L0V,ch_3Ptmg6vTRIcvWHRquM1mZdxI
in_1zLk8XYHYndimvgVshHI1uO3,A410114X-0002,cus_T7eH5rgJXQbZrR,sub_1tDCNk9ulFr26Uf6E0sugs4r,paid,subscription_cycle,charge_automatically,eur,100000,0,100000,100000,100000,0,1,1739619010,,1739619010,1739619010,1771155010,pi_3jX3UM2q7MH1yJtGxIY8L2N2,ch_37TADxNmui60NNLsUEz0x73F
in_1D1x7wwoeISqiQWvMDS483CS,55KLYHIP-0003,cus_Hp5MLNVZF5YbSF,sub_1dcHAsX1zo96Sgkv6TOpbxML,paid,subscription_cycle,charge_automatically,eur,100000,0,100000,100000,100000,0,1,1739626093,,1739626093,1739626093,1771162093,pi_3nZGXnQnOFgWLWF3JqRrNuwL,ch_36MzLaWNhJFWMHb9JmkgvlIw
in_1jTiZ1H0fqZJsazBw2yWnglk,TDZSA695-0001,cus_PvVZge0wq2ileC,sub_1VBADVOFVOeerDQoR04niPxT,paid,subscription_create,charge_automatically,eur,59900,0,59900,59900,59900,0,1,1739636154,,1739636154,1739636154,1755274554,pi_3cmZYTxBSLeINiN1kCH6SVeO,ch_32xD0YaSKJjVmLjgFOmJTU4D
in_18nCXortgzkmalVXvhOVnxWv,URQ11C3T-0003,cus_igS85lwKRF70Vk,sub_1pu34b6bW8wpmHPEhHbm1gWD,paid,subscription_cycle,charge_automatically,eur,59900,0,59900,59900,59900,0,1,1739705879,,1739705879,1739705879,1755344279,pi_3Hb1zbNZA8cxRyXM0l2lQsZ6,ch_3AZXdPC1ajSSrpa2SVU7nEPO
in_1UGOpygpNV4tqRFIbCRWzCUb,G8YKB4U6-0001,cus_QjNnVOxgoNlpPr,sub_1tjASDkjhDLIhYqemWQYkGkx,paid,subscription_create,charge_automatically,eur,200000,0,200000,200000,200000,0,1,1739786129,,1739786129,1739786129,1771322129,pi_39piNK5FjsdrXTcdMJu5i3Ix,ch_3nI636b5eyDeNpRtEqrdyORh
in_1pDfuSPc0BPvtFsnUbfEKxyK,V1HIIV9A-0001,cus_znSw6miHl8xB0f,sub_163TpuxLYPXoY7Jlr0WuRkJ4,paid,subscription_create,charge_automatically,eur,59900,0,59900,59900,59900,0,1,1739865551,,1739865551,1739865551,1755503951,pi_3GTMRvKpHvNhGExRhUjIaiXL,ch_3MO9HvXvmd5NF12kPi6xGfPi
in_19GuEs85TD7sC6iwNi6piKRf,I78Z086D-0001,cus_1L5mESJ6enTn83,sub_1rBL2nOobsKazmhJ4aKxlRYC,paid,subscription_create,charge_automatically,eur,100000,0,100000,100000,100000,0,1,1739894621,,1739894621,1739894621,1771430621,pi_3u8T9IL0yXGqYDJZ7PjOD3Hf,ch_3iewY6vI07H9k1C50JPF9gzc
in_1uusSLzwUtvFXVSIYgkGtPFG,XHSWW35A-0001,cus_rFwt2Ykm1p2MSk,sub_1rjpsfmUV4swpbzVWXVFEcC0,paid,subscription_create,charge_automatically,eur,59900,0,59900,59900,59900,0,1,1739904782,,1739904782,1739904782,1755543182,pi_3M1JK68tl4HuuvLpSQ7wMTkd,ch_37KcpyQMUZP7e8ieAnjcQ65T
in_1cXGumDSEfhITPhlzzK9YPtS,02F0JFZJ-0002,cus_y8DhhXNb82vIhq,sub_1Ypxz7IFAXkthtDibksG7Hnd,paid,subscription_cycle,charge_automatically,eur,200000,0,200000,200000,200000,0,1,1739975875,,1739975875,1739975875,1771511875,pi_3oFg6phOHyutXwm2BhEbeeu2,ch_3lFYFlhpe1eAyYyznsk6YLbC
in_1RwzAWRBrj6tE1GdUn3jL4g0,D43JIC2U-0003,cus_41dq2ZXE3PHXPN,sub_12OyeY9fy7z1VidndwER9yl6,paid,subscription_cycle,charge_automatically,eur,200000,0,200000,200000,200000,0,1,1740043259,,1740043259,1740043259,1771579259,pi_32mgrVKXIupCQnRjULsiBzXA,ch_335WffyXzsTg2Te8R1QqQ01G
in_14336Tp67DlUsugxiKg4sLFr,XPPOJVV0-0001,cus_OuyXsuirktU3tP,sub_1QdMNj02zjDPrnJyxn5530MJ,paid,subscription_create,charge_automatically,eur,59900,0,59900,59900,59900,0,1,1740066166,,1740066166,1740066166,1755704566,pi_3BwJnvIG43diTl0CQSlzqJZP,ch_3mmazyhwMPKC7wWrOP8pxb3y
in_18RJZ5Yr1WvfwizoP715K2tZ,JMTVIZHJ-0001,cus_Ei8CRmKGMWEPZx,sub_1fwRzvrySMfd0SvjUZazFIUl,paid,subscription_create,charge_automatically,eur,59900,0,59900,59900,59900,0,1,1740150484,,1740150484,1740150484,1755788884,pi_39Bn0UTw7N1qewcrlSucqqqL,ch_3BLkVmQZ1Wy0n44wpOvyZ0kF
in_11dSnwutFDL9xXZf2oaIzvil,VCYZWRAM-0002,cus_aqGtJqT045rIkg,sub_13qFpk8opBpcjIU96QPty5Bn,paid,subscription_cycle,charge_automatically,eur,100000,0,100000,100000,100000,0,1,1740249699,,1740249699,1740249699,1771785699,pi_3CO7XpvnjmMFeU6UcBhZq6fI,ch_3XuI9chTTFV3bCC63QET9qLA
in_1hfXoIDOhnRzRk3kNd6nCM40,4UIXHQT6-0001,cus_0phFT6808N0wQP,sub_1oCjT8D0NzwiX27BVsHQRZgE,paid,subscription_create,charge_automatically,eur,100000,0,100000,100000,100000,0,1,1740396545,,1740396545,1740396545,1771932545,pi_34Df84RgnDVYA8wKKU5grG41,ch_3EWoJAKkOREsbL5MM5VFOz2u
in_1RNB3qlEwD4nJq2t3LOn2cMo,K74CO0RQ-0002,cus_dugZGAGt0Dxjnp,sub_1l5x0zsJqmTSUrZSbEYiENgN,paid,subscription_cycle,charge_automatically,eur,59900,0,59900,59900,59900,0,1,1740400186,,1740400186,1740400186,1756038586,pi_3bBfItYZe25ojJpIbENjgEgy,ch_3bruuTGMF6NAjMVWd6HNvLwN
in_13lgDculbARqiAriLR8Hg1hM,6DY36O0U-0004,cus_WjrNSYWm3SH9xJ,sub_1tSELp3mgr5AmlEGzZve0eol,paid,subscription_cycle,charge_automatically,eur,119800,0,119800,119800,119800,0,1,1740472036,,1740472036,1740472036,1756110436,pi_3p3UiZHrdUS4eNwxan9LUBkJ,ch_37zO0FrvLfg0H34kKynAdqyR
in_1459jp8HZBRaWqIE5EkH7Csq,T6E0LWIR-0004,cus_61CHCNR7sm9OYw,sub_1SCUE1gVfYZMDUu9vfuEmXCY,paid,subscription_cycle,charge_automatically,eur,100000,0,100000,100000,100000,0,3,1740472592,,1741165292,1740472592,1772008592,pi_3505fzfMJtPZn7tQqSe5Twbg,ch_3bBhguMI2tCwjI7NpyGDT7bl
in_1CXs7D24AVtXbmc7f7t6TDWT,EFB34MP8-0001,cus_KitdlxVZgYe2bh,sub_1a6rpfX0u9WNSoYrulGCYPlf,paid,subscription_create,charge_automatically,eur,100000,0,100000,100000,100000,0,1,1740483404,,1740483404,1740483404,1772019404,pi_3ND4ECMhcIX8ziXwdujjgJ4e,ch_3eFheTHQUh8nBHV127fEMSqa
in_1VLzJOaADKU3Xy1pV2BiUm8f,4TYCYNCQ-0001,cus_WS3Vu0jAY925qE,sub_11pSG6XYO95QhgjQ5NDWybTU,paid,subscription_create,charge_automatically,eur,59900,0,59900,59900,59900,0,1,1740485184,,1740485184,1740485184,1756123584,pi_3PbdOCXY3PwdLtxPkYCixamm,ch_3CNKoSvMiq0US16YAa2FyXyo
in_1tTgzc6VNBA411QpBOA8stKn,L8NM3O9R-0001,cus_wyv726KrVo9VYB,sub_1VO7dRAd44vET8JsGQliH1tE,paid,subscription_create,charge_automatically,eur,59900,0,59900,59900,59900,0,1,1740508383,,1740508383,1740508383,1756146783,pi_34RrabElrUHxdunDZZuldFAx,ch_3DSlR6dxGUUs8eZdpUwPA91R
in_1SRXzaLmGuobTm8vatxICUX7,5U52A8YS-0003,cus_zVGeXtcArYTBDq,sub_1x2cT9YqtbFcUmNdzuNWRyVv,paid,subscription_cycle,charge_automatically,eur,59900,0,59900,59900,59900,0,1,1740553599,,1740553599,1740553599,1756191999,pi_3Dq3uP5yaqsQr94mHCje3CMj,ch_3RX9hC9RLBKKKNKzx37iQSOw
in_1958OKwQdHLU3Bw32HGTj9jV,SS7CJJ53-0001,cus_ofwJW6Bbpq1XxD,sub_1GGJqy2ewweMnNk63shAdA4m,paid,subscription_create,charge_automatically,eur,59900,0,59900,59900,59900,0,1,1740608970,,1740608970,1740608970,1756247370,pi_3CVAjPTNCXUAzjeHcHvwoMSC,ch_3a5BeHhCI3mdw59upqfMabQr
in_1I0mdrU4qn7fPYd1N0qfsimo,EP6EWZT5-0001,cus_Tc5SBgyi7w5zrM,sub_13xzByfg6TkQ5XawthfbZwMG,paid,subscription_create,charge_automatically,eur,200000,0,200000,200000,200000,0,1,1740647731,,1740647731,1740647731,1772183731,pi_3HWdppM7i0XyQVdj6cwVpC4m,ch_3FkVPRgPTIsG1acGE0tM7EJ5
in_14ifviRjvYCu7sOLtp5r5Hx4,N9JC1RZS-0005,cus_zvomjVpefdbOpn,sub_1AFrBDfxXDTpl265088hPK1G,paid,subscription_cycle,charge_automatically,eur,59900,0,59900,59900,59900,0,1,1740664829,,1740664829,1740664829,1756303229,pi_3A25rVIPto3s9nf7EAr53Bu7,ch_3QeMpOQaai1mNVcVvXWqk3rP
in_1xtkkgK9OnjfsC7QVMeQfeyl,MQT8W0L0-0001,cus_2cQrRPxa5hle3Y,sub_1xeiJB54W7hqk1lkxJZCNEml,paid,subscription_create,charge_automatically,eur,100000,0,100000,100000,100000,0,1,1740673016,,1740673016,1740673016,1772209016,pi_3hyWlCwhrJRFyw3yYAeIRDay,ch_3ByykDd6XtiQe8MGCdlarBRP
in_1caFGMtbodU220bYT7lC4Zwl,KZJARF2L-0002,cus_wAbdkFO48dAHPr,sub_1M7mTQdF0DUdmOCyXqPqfVSv,paid,subscription_cycle,charge_automatically,eur,200000,0,200000,200000,200000,0,1,1740735222,,1740735222,1740735222,1772271222,pi_3cziFrdBUX2cu4tINuMTUlAe,ch_3PVcUxhN8Ftl7EzkSZTRs2Lz
in_1abphQsYD1XpiRZW90VG97nA,LFJMYMGY-0003,cus_uTHDkl3tgqZbDo,sub_1v8GpiflU7zsM8IsWuTJ03DA,paid,subscription_cycle,charge_automatically,eur,59900,0,59900,59900,59900,0,1,1740752944,,1740752944,1740752944,1756477744,pi_394oGzyoUNV4p3W7Hv9zdNU1,ch_3QHAGxk51I2hgn3oNMMeHORQ
in_1ROQIzVBr4RlTAczd9dnhQfh,QX2SON75-0002,cus_Yj9PWnaGhX2k6k,sub_1tRsKnon9ubYoi8vZSm7FSCL,paid,subscription_cycle,charge_automatically,eur,300000,0,300000,300000,300000,0,1,1740843741,,1740843741,1740843741,1772379741,pi_3rMaeJsuKXx8TgKyiXz2DETs,ch_3hEfJ7flTtZgkqekqvAY2Wr0
in_1KpjHIuBLMEbWuEaLC4iSf2e,RYMMSSBB-0002,cus_GBTS6ejLkUkaXm,sub_1KHwzktH7Bx2olWaRUIL0VbW,paid,subscription_cycle,charge_automatically,eur,100000,0,100000,100000,100000,0,1,1740848444,,1740848444,1740848444,1772384444,pi_3K3grRp2GKfLGwlPirVt19Yh,ch_3rWREIFv3T6fGL6ZCqhRcbEV
in_1NkDOd6ISpeTkGpStqxvrg4A,S6I072Q5-0003,cus_ETuZBXZOdBxH46,sub_1nm5IO2cJYlV7kIdQF7u3gTF,paid,subscription_cycle,charge_automatically,eur,119800,0,119800,119800,119800,0,1,1740906180,,1740906180,1740906180,1756803780,pi_3s0Yhqcgggcp8hwXIEprCzbS,ch_3LUAi9FIoI6GUS4VJnxzR3N5
in_1ShgAxQdnvBxzNh6WpT9pZ9f,8SBP954O-0002,cus_KsPXF7HPCc5cK3,sub_1E2RbzG9XedC3VVfXahVnv0n,paid,subscription_cycle,charge_automatically,eur,59900,0,59900,59900,59900,0,1,1740942183,,1740942183,1740942183,1756839783,pi_3BrpQnIecWJbH2MMWJaYvI65,ch_3Vmr9i2xetSWg0cpJ8SV8Uow
in_1HQA4p1nwvE8R7vVIkOLpD7n,S9VSY8JL-0001,cus_RABXJ3ScqP0dFa,sub_1SI8R3ZsQqg4GJznOQVVQvdl,paid,subscription_create,charge_automatically,eur,100000,0,100000,100000,100000,0,1,1741006197,,1741006197,1741006197,1772542197,pi_3bfc9wBL2O4A2E1LPOLT3M5V,ch_3dvSaorjMxd4f5lacE21H6Cy
in_16g0TRTM2zSEUMQHGkt37S33,6SM4IRFD-0001,cus_c1wvK7kjvOB6w1,sub_1RFbyQfc9549oIcZjJjjjLGD,paid,subscription_create,charge_automatically,eur,100000,0,100000,100000,100000,0,1,1741021308,,1741021308,1741021308,1772557308,pi_3rfGpOiiFoHXseSrLWyNEWED,ch_3oXlgTlPKHoOAmbPyognY63y
in_1jZh14Vd4EOHqJaR6MgH4UIq,3FY02MSZ-0001,cus_UG1LMlIEYFHWm9,sub_1DY8bydqN29C3QemutL42mT1,paid,subscription_create,charge_automatically,eur,100000,0,100000,100000,100000,0,1,1741069962,,1741069962,1741069962,1772605962,pi_3gHbVgOQDhVxrvLGLftkrs4o,ch_3CwY4gl8tL1Bk0RbnRw0NXL3
in_1iAOOCHZdsjMAoFKfY9FKTlt,E0X47S6L-0001,cus_r8eVXoPWPfCWZd,sub_1O2d2tbTrJL9ztPchk0KawUW,paid,subscription_create,charge_automatically,eur,100000,0,100000,100000,100000,0,1,1741079198,,1741079198,1741079198,1772615198,pi_3z9ksRobrtxkhnrJKNn2Fqil,ch_3VOQWsk44rXShBss1I3Yyjdi
in_1tpHnFbrSVSqOEJRB5sUB2pr,BNDEFMC8-0001,cus_ZFy540CSRS67W4,sub_1mPDyxCNiWltJK3gdCZo1ZsE,paid,subscription_create,charge_automatically,eur,59900,0,59900,59900,59900,0,1,1741095848,,1741095848,1741095848,1756993448,pi_366o2Iatfk5A6GmrQZWfuGyh,ch_3sPwg0gegHWlegHPxoOdq6NB
in_1OOu2J49UcVSDtZace15pISb,A3L4JY83-0001,cus_KnMvGCp7Rm03Fr,sub_1EVHJ9cstoIUfYZQIby6wY8q,paid,subscription_create,charge_automatically,eur,100000,0,100000,100000,100000,0,1,1741116851,,1741116851,1741116851,1772652851,pi_3ahjI4uc7BHaXMnW9aPF5JoA,ch_3XRV1qzvp6Qusrq8pPuJmOHs
in_1JWZM9YiQjln2UXXlnfbrrK9,OF159R7A-0004,cus_M4SJ0TcIF2cP02,sub_1zAJAjVN178p8IRT7R1KX14E,paid,subscription_cycle,charge_automatically,eur,100000,0,100000,100000,100000,0,1,1741191214,,1741191214,1741191214,1772727214,pi_3nVpRHdZd2hQd8ZzXQ4BALu1,ch_3cQQNPbcibAHZW62cdrUAmCg
in_1sTNmEdiGYPDZkRwvtUlSVja,ASKFE4RU-0001,cus_IyCYR5oXDBEvGT,sub_11RkAi47W4vFOu5BK4mB3ge4,paid,subscription_create,charge_automatically,eur,100000,0,100000,100000,100000,0,1,1741369373,,1741369373,1741369373,1772905373,pi_3cFAjsUO2TLO09XWDEU6hne9,ch_3mOk8N61FaxzUXsIJcJ4HOg8
in_18FfSTwp5bBl1H9KwW4OWX2U,Q6G6HZ7C-0003,cus_V3dGGmyfbPND8u,sub_1W4ieYMMJvJK1khCWcAiW9mZ,paid,subscription_cycle,charge_automatically,eur,200000,0,200000,200000,200000,0,1,1741376755,,1741376755,1741376755,1772912755,pi_3Cg17vnmyrCRowkxcMjNQgOI,ch_3M7b8abo0Yc8YEA3hH5B2h7N
in_1wbmSuNpevin5ndogZvDZazn,ATXQ2IG0-0001,cus_vSc09nHPKKTy77,sub_1UfHFwzTZo04nMkEJDXWJzdd,paid,subscription_create,charge_automatically,eur,200000,0,200000,200000,200000,0,1,1741376850,,1741376850,1741376850,1772912850,pi_3TZ6ZTCvdqnRqM8XqyRdEHsH,ch_3rMaGvmU02RFUOu8qV4YFMS3
in_1QUTpZdrN2e1MEZr7ypC7dWO,XTF3REL0-0001,cus_DzCFAs1CBsnDjE,sub_1ehxu2NWLD9C6dHQYzLA6RAc,paid,subscription_create,charge_automatically,eur,179700,0,179700,179700,179700,0,1,1741702134,,1741702134,1741702134,1757599734,pi_3FAF4vtNW5dHccNexGBiIRpD,ch_3eocy8cV0AhQQ5IBq4yIqehc
in_15NXkwcymARRbbHcb7aDPNIT,LHS75SUL-0003,cus_QrwS00s2lbkCfD,sub_1460LFG484Co5b2jMriBLwOE,paid,subscription_cycle,charge_automatically,eur,200000,0,200000,200000,200000,0,1,1741790362,,1741790362,1741790362,1773326362,pi_37mPrpvJOn3MCBSn5xWdzTKV,ch_3tfatcZowRzS4QQoZH2kvk2z
in_13wEJMKEsCLce3GreTUVZPEN,MZ551TS7-0001,cus_OVgFlZ5McWSsYm,sub_15vNfXTb2wSDx8cKUf74QjhM,paid,subscription_create,charge_automatically,eur,59900,0,59900,59900,59900,0,1,1741796838,,1741796838,1741796838,1757694438,pi_3hUXbxDhJmDAw92lVldBrC8v,ch_3aHs5lhsZsQDFfaczt6HHIC7
in_1FmTcI54p40AD6K6kCGQCheQ,PFAIH820-0001,cus_lErP0rfggpN18M,sub_1pLu1tQE6XrcJNxbMJJFfzxy,paid,subscription_create,charge_automatically,eur,100000,0,100000,100000,100000,0,1,1741853821,,1741853821,1741853821,1773389821,pi_3zbpSuprIZ5CgbZQGPIPJte8,ch_3IBGHK5BLUPi3CBZC4AM3F4Q
in_1psUxNUzf2nVoD64SRo2s7Vw,3NGZRYM0-0001,cus_2QO3oHtYotUffK,sub_1IMcY14x2JQnLHDa0NaFS7k2,paid,subscription_create,charge_automatically,eur,300000,0,300000,300000,300000,0,1,1741864017,,1741864017,1741864017,1773400017,pi_34Rurwy1i0UZayJBcCT5DAOV,ch_3SMLPRQTxBr4dgLPJqfdHKJD
in_1r1z4f7kWjPJEE6w7IfXj5lQ,47ITT52M-0001,cus_RtYn1YWsrMv5HJ,sub_1m4wBZpqh0ctw69rdO0tZQMi,paid,subscription_create,charge_automatically,eur,100000,0,100000,100000,100000,0,1,1741944019,,1741944019,1741944019,1773480019,pi_352yP781kp4bkMCeZEZF0i3K,ch_3vU0UPHwxoo9asGYETTfCcf9
in_1LBvy9L7Lxn4ytNobgGe67Nt,IZJV9Y2G-0001,cus_CV9ZppYiX6mH6O,sub_1o2k5ubF5wYUNK1O7TRI3wae,paid,subscription_create,charge_automatically,eur,100000,0,100000,100000,100000,0,1,1741964883,,1741964883,1741964883,1773500883,pi_3Imv9gtG15OghaGKhSNUZgVf,ch_38LeURAjspJcJEXP0RGI6OYY
in_1pL9eM7ZoSwFbPHqneZyp7kx,JYJW87YV-0003,cus_ZIil6tzf2pISHx,sub_1q1RKOcbyVTb8UiFzzX4KdHz,paid,subscription_cycle,send_invoice,eur,14500000,0,14500000,14500000,14500000,0,1,1741966287,1744558287,1744924407,1741966287,1773502287,pi_3dlCm2nXETY33RhrB7N2e943,py_3l8NUxxnyVieqt47Yrc7L8Ve
in_1prKgfBRyLJAwkXvI5e2GdTy,D6XZLO6R-0002,cus_x1A12JiwuRZaMn,sub_1ZXEQ74KxRnXFhYyLjDsPv17,paid,subscription_cycle,charge_automatically,eur,59900,0,59900,59900,59900,0,1,1742048213,,1742048213,1742048213,1757945813,pi_37SLQfCzHBKd0rgcvutHgLCi,ch_3KxQQ3YzUqjDsIEGKLwMrqif
in_1VwxP1YV76aef0Hehqizkitk,XX8XEW30-0003,cus_bSe6AMTZ5ftOri,sub_1CGj6qK26lEWIIUQOOcyhQJg,paid,subscription_cycle,charge_automatically,eur,100000,0,100000,100000,100000,0,1,1742055993,,1742055993,1742055993,1773591993,pi_3CtpqRMDK17JVhWmP62zKIA9,ch_36ZoKA0ndl25y1Hoyft1oqhv
in_1EVh3Ud4zFp9RlF2bYX9CCpd,5TERFD3Y-0002,cus_bfUVaZwBJaDmxE,sub_1194azlTEKo8w1bp607lduoQ,paid,subscription_cycle,charge_automatically,eur,59900,0,59900,59900,59900,0,1,1742116851,,1742116851,1742116851,1758014451,pi_3jwnSrJZjp23uj96EJ4Zgjkv,ch_3LbteXfoeFeNsKoTarOX2iID
in_1ecm8YUa9mfFFCy6Tmmj0kXt,112617JL-0002,cus_UrJ3Ozm5GCuNW5,sub_1Ue0lMEaVWihkciitJeQ5WGr,paid,subscription_cycle,charge_automatically,eur,59900,0,59900,59900,59900,0,1,1742120281,,1742120281,1742120281,1758017881,pi_3JHu6pLdnRblwTgCX05UHNfF,ch_3BQ7A1kyXPbeNFliBNWrigs5
in_1pe4YAE07H4HRGMsrpCRbCdg,KI8EZE4E-0002,cus_aqMx0t5IBMoQtz,sub_15BWZIhotsB5db7ZysF2zhYW,paid,subscription_cycle,charge_automatically,eur,500000,0,500000,500000,500000,0,1,1742129319,,1742129319,1742129319,1773665319,pi_3HdQcgSd4OA18NyTeD7ategH,ch_3qBcT3eIBFzFeSDWVFttxIvz
in_1004UT0yGyOszNJVcEJqXKcT,VER8P0ZF-0001,cus_ILW4upj7g9Lu4A,sub_1egjII8OK1hvzSTJT4NQv70E,paid,subscription_create,charge_automatically,eur,59900,0,59900,59900,59900,0,1,1742195855,,1742195855,1742195855,1758093455,pi_3GQQivRcpxk4BJgaBjkFZrwq,ch_3iYmBYMq8iWp49SDC871Q813
in_1CRHKFYZihafZvWSAOcPNJZn,F9DIUPL5-0001,cus_ovFFeHKTuYEp2m,sub_1XsyLID46Oo1AgYzWZ05MzXG,paid,subscription_create,charge_automatically,eur,100000,0,100000,100000,100000,0,1,1742205313,,1742205313,1742205313,1773741313,pi_3xUypEn1Cge9jsbfnwDIwwwe,ch_3O6ZNcqiYNJKcXQcjAmOsYpM
in_1o5bj8crB3cbdRv9W4F4J75m,B0WM6LGE-0001,cus_D79F5aCvCmkDSX,sub_1vqO29GAN5PjjS6fZ7AIH0O1,paid,subscription_create,charge_automatically,eur,119800,0,119800,119800,119800,0,1,1742228494,,1742228494,1742228494,1758126094,pi_3gakOog3FwO8aJQ30TMZNbMs,ch_3sEMmL6nOpYYbVyxgCTRgqhF
in_1f6PAPG7sRPtiuBrOGOC5rN4,QL73V2DW-0004,cus_n3FGGArfVspwGM,sub_11Ws622DPyqVuJ9PEjn8nIpo,paid,subscription_cycle,charge_automatically,eur,119800,0,119800,119800,119800,0,1,1742276394,,1742276394,1742276394,1758173994,pi_3KVzr370ShGLz4bvWoZRh3rk,ch_3qRSJrLauJ0SS5N9yHuFmTCb
in_1mcuDZYPxVEprcrIiWOaWm5L,RGOTFY3R-0002,cus_gwwfmdXQggE0gS,sub_1NBOrSaNlB3kCdy0khSDeMcp,paid,subscription_cycle,charge_automatically,eur,59900,0,59900,59900,59900,0,1,1742297067,,1742297067,1742297067,1758194667,pi_3YutrnBiPCSE7vJW7Vp2BD9m,ch_3uRs8CKgMsnMioZ2S8N1BgSG
in_1BcNYC4d1CHzWPPx9sQPCe1A,XFHDIR91-0001,cus_0MLsbYc94XbnPJ,sub_1cbNQqMEc0DQ8qe3oJN8h5MT,paid,subscription_create,charge_automatically,eur,100000,0,100000,100000,100000,0,1,1742308834,,1742308834,1742308834,1773844834,pi_3FcHXwmANZIjCKQB0EJvzkEF,ch_3D4sipDHbro4GqtRCx8bncub
in_1uLtbfFbgob8hWbW01aErlIL,FD046KLJ-0001,cus_yAjzH3SQXdW0gs,sub_1zxGAucQDaQTwSlAmL17IhK3,paid,subscription_create,charge_automatically,eur,59900,0,59900,59900,59900,0,1,1742387786,,1742387786,1742387786,1758285386,pi_3JPnminFxfiSOgv2txZ5O8TC,ch_3MTeIthjtCTpDSpCrdCTbhe3
in_1r8nqX1euI0lkcwyYTeFUE02,T7162JH9-0001,cus_tlwXH3UvbBpcRQ,sub_1GGKwjFajzneB43JF7OyebJM,paid,subscription_create,charge_automatically,eur,100000,0,100000,100000,100000,0,1,1742389244,,1742389244,1742389244,1773925244,pi_3vN46pOgh4dHdwJuPCzMvexw,ch_35OkRbDp21KG9YPWx1uQKVdq
in_1CWHQOUQykJrIIW3pG29vguy,PO5PR5SS-0001,cus_LC1jTDo4htTEif,sub_12aVzmsu9NI6FaKfytTnlseI,paid,subscription_create,charge_automatically,eur,200000,0,200000,200000,200000,0,1,1742393949,,1742393949,1742393949,1773929949,pi_3v7ZhwBqoLJhzZtmyMFz9XC3,ch_3xYZYRc9Q07kBnd1TZODvGe8
in_1voJYUbz7JNw5duWhB052XtI,2M87OZQ5-0005,cus_ugsSzmG0Sm1JOD,sub_182HKTMXxBfnkBcu3RZvXxXy,paid,subscription_cycle,charge_automatically,eur,200000,0,200000,200000,200000,0,1,1742448461,,1742448461,1742448461,1773984461,pi_3LuT8SbOrqqeiAajZaAIFtqB,ch_355GjEXDfC6HZcYQDgW3THHS
in_1U50aMqFhApsaI0ezKFwbmzA,X2JBCN3B-0002,cus_vvaTmVt1atIkZy,sub_1vORLnToch3uZcy0yo5CTz9a,paid,subscription_cycle,charge_automatically,eur,200000,0,200000,200000,200000,0,1,1742475987,,1742475987,1742475987,1774011987,pi_3k4UhLmffUiaL8ulnuh4GGA1,ch_3kkLyRQTXHjx05jFHy746u3B
in_1Hdt2q4VN0GP0GNBiQWRE8Uo,7RLMRWEJ-0002,cus_tJGKYcTcSNE8rb,sub_1fZWCDhNgW3FYwGKyLfxPEEF,paid,subscription_cycle,charge_automatically,eur,59900,0,59900,59900,59900,0,1,1742513918,,1742513918,1742513918,1758411518,pi_3AAyxwHe7MQaLADNbbhrR6aB,ch_3iK70yMXiWzFiEdqfIqUFS7D
in_1UlgMJzZgWpSSVGLXvXTyfVu,G7RTJ2DH-0001,cus_HiKY1R9O9dPcyH,sub_1XkPZB2sdBDpj1UGYPnl23qv,paid,subscription_create,charge_automatically,eur,59900,0,59900,59900,59900,0,1,1742533716,,1742533716,1742533716,1758431316,pi_3jI2Lmj2BQqarMrAJw7lRtdG,ch_3Km81yCNmBsmFJPxuCwb3iRj
in_1Bt2xbA074UCZcybERMZ5m1M,Z1FBLVDD-0001,cus_Sti0LouylN3l6u,sub_14sVisSctHEQEU6DEmpkIYsV,paid,subscription_create,charge_automatically,eur,59900,0,59900,59900,59900,0,1,1742551747,,1742551747,1742551747,1758449347,pi_3bq5TE3hlkCA6kwzPmhdroaH,ch_3l1U5xewPkSCgmd9IhxOo9Z8
in_1kD0nRbJ1zh6yrFd6YGzkh5W,T0LGSZQ1-0003,cus_O9fy0WLuCKiYXf,sub_1w9i3UTHqUKTxsdtUNDT41Hv,paid,subscription_cycle,charge_automatically,eur,119800,0,119800,119800,119800,0,1,1742561070,,1742561070,1742561070,1758458670,pi_3QL0B3vepHdXeq2fFZL5cJC4,ch_3jw1KefAwX8yhBd5q5AVh79F
in_1aDgVX5OPurWM4HVPNzSpRFS,I4LERZP0-0001,cus_wAzVcrhQadwCHx,sub_1j9jqzkEHmobGKWRZ0ShFKXH,paid,subscription_create,charge_automatically,eur,100000,0,100000,100000,100000,0,1,1742577326,,1742577326,1742577326,1774113326,pi_310li0g1uFvUcAjqOZ4ayd9m,ch_3UJKGOcaJBGom3QUuw1ToFYL
in_1jRMllUfP9qzPDEHSj9U59rE,CUPRIZ34-0001,cus_rjqYeeHWoAPRKm,sub_1bOtH3uriwpUGCybJ7qOynM5,paid,subscription_create,charge_automatically,eur,100000,0,100000,100000,100000,0,1,1742588729,,1742588729,1742588729,1774124729,pi_3XNCwb20R0hIBvQrqbblxklo,ch_3CRD7HrwqyO1AZfnJHAe2BdL
in_1pStM1sEOk5HLrmd153uJF1n,XSUVXZFR-0001,cus_wA5Jfu41VLHaVg,sub_1hZNwO3jHVczglQLI0cWuVgj,paid,subscription_create,charge_automatically,eur,100000,0,100000,100000,100000,0,2,1742649639,,1742650161,1742649639,1774185639,pi_3eC9zh64i3MCHHW6fH0489Sf,ch_3umhvQIWgpdWUUArBhUnnJvp
in_1mftnqaVG1tTuxgeqDsgtugr,IJVSKDPA-0001,cus_2AFvaps8PKZnGY,sub_1a0140NbYQza0s4tPhLEzDpa,paid,subscription_create,charge_automatically,eur,200000,0,200000,200000,200000,0,1,1742659707,,1742659707,1742659707,1774195707,pi_3LtG34yMDiw0Yx4YCEPZi8O2,ch_3g7j4ZQWRxi2tlF0fnUZjjyW
in_1K0kWqceASzPA78vZnlq592Y,ZH0CIIX7-0003,cus_NiGu8i5IftC3XB,sub_1ZnsTYfjEIVODYV6uR3EgWGE,paid,subscription_cycle,charge_automatically,eur,100000,0,100000,100000,100000,0,1,1742715208,,1742715208,1742715208,1774251208,pi_3yiPEWN3H6GTWyuF6t8Rxi3U,ch_3iYtLF0gdL0BOOhJjbOMCxti
in_15z4SGxgq9BiML9NakOC3dU0,X4S6PAUB-0004,cus_Fui2j6xAMcbmao,sub_1yszIlxLhNpX2ZsN0pL0Arod,paid,subscription_cycle,charge_automatically,eur,100000,0,100000,100000,100000,0,1,1742715936,,1742715936,1742715936,1774251936,pi_3jjeyJf9H6bHFWPiOJowTNUq,ch_3A8DhY4VRyTivOi57yKwrwqE
in_1wTkDD3hfROkAV0PiKPp8GkR,C37GTSB3-0001,cus_A30lWylRZDfxaM,sub_1PFlqeWBQHUhTQ02aYucPRAM,paid,subscription_create,charge_automatically,eur,59900,0,59900,59900,59900,0,1,1742731779,,1742731779,1742731779,1758629379,pi_3Qie0e7sDKsjdpTT0t7oGo8F,ch_3A3K9UPEXYjE8K5vH0DQ2jSd
in_12zUIUoYpfxxLHWRo4QoHxDL,TQA3QZ44-0002,cus_X4dnQX0KF9yFi1,sub_1MAGjB4nRBvHtxyIdQVfzLv8,paid,subscription_cycle,charge_automatically,eur,100000,0,100000,100000,100000,0,1,1742809831,,1742809831,1742809831,1774345831,pi_3CwIybvJLmU7GDeymTdUaC9B,ch_3QKf7pXz0vmw1SmlQpvd55qr
in_1GmUGrPHgKh3qIASOnE6vMoO,7UHON0ZD-0001,cus_rb0hOwPeiEsVbw,sub_1gU13xkh8AHQTtmJZUo37rxY,paid,subscription_create,charge_automatically,eur,100000,0,100000,100000,100000,0,1,1742820434,,1742820434,1742820434,1774356434,pi_3Yh7DhbBZtHLDQaBbe5IEdpp,ch_3akk4ClSX7gFWQMyk7JkDqKa
in_1Dth489jfHYN7rjiHQvjoemn,LUZY615W-0002,cus_QoIJPU7jMaXUTy,sub_1k8J5ins16JBtlIZUF3rTRQ2,paid,subscription_cycle,charge_automatically,eur,100000,0,100000,100000,100000,0,1,1742896595,,1742896595,1742896595,1774432595,pi_3AYWtm5LPkYSNYxc4vs3cqKM,ch_3kNWkQhXTbpx7lebR4EkIux9
in_1RRcGY9MIDjzT0TKcjxQsLwN,YPA8WHEZ-0001,cus_eQzGvDUtZQCgGM,sub_1fTn4oFydGlpLv9GxiMEs6Ct,paid,subscription_create,charge_automatically,eur,100000,0,100000,100000,100000,0,1,1742919059,,1742919059,1742919059,1774455059,pi_3Pj6ejhn7DZwz4gZFW6geju2,ch_3Yc3gxrE1LYqK0HtG64vm0v9
in_14Gt7kSOdZc1pixLDoVgKuzJ,G3G4D72W-0001,cus_mTjxgwNbqY4ra0,sub_1tx37kzrMCeNWrMCNgiefJDo,paid,subscription_create,charge_automatically,eur,100000,0,100000,100000,100000,0,1,1742973231,,1742973231,1742973231,1774509231,pi_3Iai4vXGWn5HwpMBadbFoYQT,ch_3vtfsBSRgatYjSKzwfOuluRs
in_1F8CnoyhdfGpdhdVt3EIzAk8,0PITO1V7-0003,cus_TwbFKPnIEmmUpI,sub_11bHT9ynznrexQW0OZPd9FI6,paid,subscription_cycle,charge_automatically,eur,100000,0,100000,100000,100000,0,1,1742982788,,1742982788,1742982788,1774518788,pi_3U5WHSr0tIxaBX7tGTWx0GLM,ch_3mw4Z3L9XsRiPN3inieGt1VM
in_1pBxNAFYUPIlTyiDoHJhTiG7,8EVMFA3D-0002,cus_DYCcnvwkHDdwGF,sub_11b1wEQ8aa9ZIpTeceyqoz6M,paid,subscription_cycle,charge_automatically,eur,59900,0,59900,59900,59900,0,1,1743057934,,1743057934,1743057934,1758955534,pi_3WwDD9mAG237l8uSIhKOi894,ch_3AIq79bmpZ9fcr6yMh4JitMM
in_1RCr2PXGZiX44YOK7yjCZjSV,9OG0VQ3T-0002,cus_hi2zD1D2mxAfBD,sub_1yCtEwMdhOqTaJ8Sj20HjSLt,paid,subscription_cycle,charge_automatically,eur,100000,0,100000,100000,100000,0,1,1743073413,,1743073413,1743073413,1774609413,pi_3I2FQqE2KPI6fPzwY98fjGtN,ch_3TYKa9voOt0CY9L3K3bto9jR
in_1cw3IotCyv3Y9bSpZOHEot7i,94UKBJO1-0003,cus_q13JaJRoTC0QQr,sub_1Y10HkedfcNBXAJEiy0JIzOL,paid,subscription_cycle,charge_automatically,eur,59900,0,59900,59900,59900,0,1,1743156743,,1743156743,1743156743,1759054343,pi_3tZ4Nn9PVCgucwgowJIHCo4Y,ch_3bl8ZdgPTDWorjjrqVy5Dunn
in_1moLAIrSGXFuxCGwEXR7lkK8,UDWH2QPA-0001,cus_H2KW2ofTjc7CRL,sub_17uxe4FkLLOwdxgwHW6OytGg,paid,subscription_create,charge_automatically,eur,100000,0,100000,100000,100000,0,1,1743232002,,1743232002,1743232002,1774768002,pi_3YUS1i3ILKricE2sUWOMZ2ai,ch_3AqWTm3xNAELZO9UHFjRD1UN
in_1qoIH0OBnZTnElwPzQ1xv4Y4,PC9QDCFZ-0001,cus_OJ0uC7EkWPXQix,sub_1LfDPmt06dhghxXuAp41LBnK,paid,subscription_create,charge_automatically,eur,59900,0,59900,59900,59900,0,1,1743511256,,1743511256,1743511256,1759322456,pi_3X5e4BkXsUOkcYfSW45Aepbs,ch_3hV6e1eULt0de7cohoPDfOBY
in_1UodJdFsRCa4BKKPNBdeHicK,PM33JMH4-0001,cus_3GSLm2nr1xVa54,sub_16EF5TJWf5VgIrpa8QUM3p44,paid,subscription_create,charge_automatically,eur,59900,0,59900,59900,59900,0,1,1743536616,,1743536616,1743536616,1759347816,pi_3yZPvhsXVGcCTRzypgn856On,ch_3WptZ7yJjj9HfXF6rfC9eeU6
in_1JAwLuHbcr50V52hIl5iRUdX,NCYYZGIM-0001,cus_vlJlN9C7GK4l6x,sub_1nUGKQQwtadPy2HF4TMo25w4,paid,subscription_create,charge_automatically,eur,59900,0,59900,59900,59900,0,1,1743603099,,1743603099,1743603099,1759414299,pi_3Jz4BGoECNkQI8uER6TkENAZ,ch_3M7Vu4dXjNHs9RfkvA9GQD4g
in_1XLB7ewEsOtvnxjB9wrDyILX,16WCFW77-0001,cus_eetJnYl8J21GBW,sub_1qnhp2N3mOyJFjUOrNfntU2Y,paid,subscription_create,charge_automatically,eur,59900,0,59900,59900,59900,0,1,1743675999,,1743675999,1743675999,1759487199,pi_3aiIWdXTDfB5VCnRhb1pPfvn,ch_3xwNa7A2WsyT7FAcn7JhILGa
in_1h2dMgxjV5owb4BGZIIlWNBy,5OGD0CG2-0001,cus_cujhEzhcrE4wZB,sub_1Md6TJxWhJPraNSK4uoBXuh3,paid,subscription_create,charge_automatically,eur,299500,0,299500,299500,299500,0,1,1743678629,,1743678629,1743678629,1759489829,pi_3R2ObWv02foe6DJOizsfD99w,ch_3aGlWHyuKEl2auJOxuqOBZ8e
in_1PQvb2p7M2eEDgW82PRDHQVM,N7C4C4IA-0003,cus_yEfpZD6P9fQ87V,sub_1Mokd3eEDpK9LqNaqHVYoBhA,paid,subscription_cycle,charge_automatically,eur,100000,0,100000,100000,100000,0,1,1743686411,,1743686411,1743686411,1775222411,pi_3QIjOrOTWs9Mk3Hgg6resDoT,ch_3SeBt3hL0WzvlPHH8qcfhMK7
in_1KWrFQcCMbi5YSajDvgTTYNY,8KK58QVR-0003,cus_cQlnMEnClb6AzP,sub_1jr2XU0QpBg8H5wkazIKyy4W,paid,subscription_cycle,charge_automatically,eur,119800,0,119800,119800,119800,0,1,1743758170,,1743758170,1743758170,1759569370,pi_3JOHAGOEAzVgpgds05V5Y0yf,ch_3oTXI4k8o0YZb6LAgQYk8H0h
in_1YjG9FHnRTgMQCvFZz4rzokG,RDKB52TF-0002,cus_K9aSi6fbnz6Sfk,sub_10BMYtkNOGPBxDgzSWPykl3y,paid,subscription_cycle,charge_automatically,eur,100000,0,100000,100000,100000,0,1,1743760457,,1743760457,1743760457,1775296457,pi_3fwGQuV20DWi4Azvhe13CyV7,ch_3ZkjNJQHURl87xGagQM0P7gl
in_1ab1bjuQNFlSx2fb7EjvBQpT,Z1JLPH2S-0001,cus_yOxzkWv0bD5pCk,sub_11YenHjlPve3loDzDEdc8NQh,paid,subscription_create,charge_automatically,eur,200000,0,200000,200000,200000,0,1,1743790068,,1743790068,1743790068,1775326068,pi_3HbNGV9Y2Eh4TLyEvW2uaQhY,ch_3V4g6Dc3qlYjitoiSrql2B2m
in_1LNQrb6BpFVg5nJSfg24uPKI,1PFZGX7V-0002,cus_Bg1FDe6CivspkZ,sub_13UNb82rM9egKkT5rZBQDZjH,paid,subscription_cycle,charge_automatically,eur,100000,0,100000,100000,100000,0,1,1743862692,,1743862692,1743862692,1775398692,pi_3o1mtjKNtcaFWuymfdE0xDGQ,ch_34oAxsbgUJWKARYDdqrVvQyU
in_17aMJWdXrldU1jSD2JzWDscA,S0SPZAKJ-0001,cus_xqlYA75C0elHvm,sub_1eywJyL11lyC2TgdGFbRvCNq,paid,subscription_create,charge_automatically,eur,100000,0,100000,100000,100000,0,1,1743868476,,1743868476,1743868476,1775404476,pi_3kghrNFgwKAqMxpWVHWIEdgd,ch_3OaPIi6KL3wH8KcFVVuPXRhR
in_1r3DhA8zXEQmEmPW9XU1yqHk,RUY8BZSA-0003,cus_Pz4sNFzdgL3Pek,sub_1koZ3SFDQrGBY7DH1TpKMRfy,paid,subscription_cycle,charge_automatically,eur,100000,0,100000,100000,100000,0,1,1743880083,,1743880083,1743880083,1775416083,pi_3KRXZHDHMxtgtmJy6Sy0l0O8,ch_3GJnc8NP6SlJT20B12rPqxdz
in_1WUAK4YF2TBSUvKYp8rfbRYw,VKMPPKJV-0001,cus_8zwz9Oj3vA3Bae,sub_1ZIBwVlj9qqTwR1na9tgxIFB,paid,subscription_create,charge_automatically,eur,59900,0,59900,59900,59900,0,1,1743949056,,1743949056,1743949056,1759760256,pi_3a9Rq6cEiCAW5mySfVyewfCF,ch_3U0MUVI8C06SfS8YAWg06KkU
in_1c92aLMWzlbKPOw5bf2F7sVW,563DBJHK-0001,cus_tgpOkeXk7afI1s,sub_1KDOnYJaqzSjRdGQgQ1Fh6e1,paid,subscription_create,charge_automatically,eur,100000,0,100000,100000,100000,0,1,1744019304,,1744019304,1744019304,1775555304,pi_3Cg8abfmgcTAIvQqW3rXDzoi,ch_3dVQK4cdGAAaiLyQezB1RQcq
in_1Nz1v7KXVomZ9Tsyvs2Y9kGq,7SVU2SR9-0004,cus_6pm68BP8C4r8AL,sub_1nZODjjfGWmEP7n2WZrdBKnW,paid,subscription_cycle,charge_automatically,eur,100000,0,100000,100000,100000,0,1,1744040309,,1744040309,1744040309,1775576309,pi_3sLAxlWhPzRdysx4IYiIHsNp,ch_3iOIHX91X3eihBPNV1KaOK1z
in_1WXMtI3KCuO4IBu3JXtgyPau,BB77BSR4-0003,cus_7JiMDeUlDxIUhh,sub_1ifj37dF2a6K24ClfL46fsAf,paid,subscription_cycle,charge_automatically,eur,100000,0,100000,100000,100000,0,1,1744060223,,1744060223,1744060223,1775596223,pi_3R8Xpn3FR87WTZUXCeXpd8BV,ch_35xqC3ITN60GWkKNa3s7CMMM
in_1JAnYwC2MLAMQLUTAaPl0vGG,WDL7B9L7-0001,cus_K1chto3bxp4wQs,sub_1Ot8HYkHICzl0Ui2F5FwgLwz,paid,subscription_create,send_invoice,eur,16000000,0,16000000,16000000,16000000,0,1,1744100998,1746692998,1746439738,1744100998,1775636998,pi_3jOoKm3UuXedXJsAqha6dW32,py_3Gy0gqnQstlunzNZdjPsCuKw
in_1FOd2zXmrSSJsWnvzVB8Dn1Y,KBAZVO7K-0002,cus_TRezmAGQosLACg,sub_1nrDPWLOGvyS6TqSDeCeDS2K,paid,subscription_cycle,charge_automatically,eur,100000,0,100000,100000,100000,0,1,1744114804,,1744114804,1744114804,1775650804,pi_3OBLbnqvTnA5e9PLKqWq1TOx,ch_3YPh5XIjoYW2WJfSJ9hJCLNN
in_1nOiKXsdHiitvqfCvLpxMWrz,5Z0JBVUL-0001,cus_wjHMAAZFSvVdIS,sub_1EPbObZ7IPgolQK4hax7oLfP,paid,subscription_create,charge_automatically,eur,59900,0,59900,59900,59900,0,1,1744140655,,1744140655,1744140655,1759951855,pi_3XRnYh9Y2NV9nynB0D6bTHSZ,ch_3MISdgWgTlWohHygPqBkEK7H
in_1Ruynbcv9PjotCCJ6tgJsE37,Q6YBSU8R-0001,cus_YEEkzEB3fIeeJl,sub_11WU1AlhQZlPp1V7PuNZmMxk,paid,subscription_create,charge_automatically,eur,59900,0,59900,59900,59900,0,1,1744177377,,1744177377,1744177377,1759988577,pi_3Y3gbvrCf1udzOJPWwqqMuUo,ch_3CIwHp8XytCjLhK1rXUHoyYN
in_1gSG2pVJBMAX5tvc1L9vic1Q,8V0CJ17R-0004,cus_VXhOp91qtLkvNU,sub_1zDgQl9VkUyBiWA37lKPNpli,paid,subscription_cycle,charge_automatically,eur,59900,0,59900,59900,59900,0,1,1744198665,,1744198665,1744198665,1760009865,pi_3hNJjMa6RyWZ4RIpDoNzspz3,ch_3MnlZc7bfzN569euvWBcs1iH
in_11Fj9fMWZe7WUyYW7J7rO3OZ,V8PJU90E-0002,cus_ix2xo6AtL35MbC,sub_1MHd7SPTpXcAx8a8i27JVurq,paid,subscription_cycle,charge_automatically,eur,59900,0,59900,59900,59900,0,1,1744208952,,1744208952,1744208952,1760020152,pi_3jgBZTFxzSxNHilsIpkRphjO,ch_3qb9Rt7P63vFYhdXkNQNnY0u
in_10B05r5e6Rk6lh9W1xJ9gkSR,UGU1LHH4-0002,cus_ZvwDfcw5letZDK,sub_135DcUesahpb5BbH8ochG8zG,paid,subscription_cycle,charge_automatically,eur,100000,0,100000,100000,100000,0,1,1744284413,,1744284413,1744284413,1775820413,pi_3MY0UWYlC9LnjyA2PcDED4du,ch_3X9gTdZU9MQAaMuSnn9gudfb
in_1Xe4S1K2kfkDJ6vEVdOaCP3P,GIH32A1X-0001,cus_YvCJDs7q5xp305,sub_190fOJiaMeJXPI645qFFVIlo,paid,subscription_create,charge_automatically,eur,200000,0,200000,200000,200000,0,1,1744298958,,1744298958,1744298958,1775834958,pi_3woBmym2JRdH6iVAEOGpmF3Q,ch_3nwEBUIGjWdyKy4EtdF6afvk
in_1P0RPkbOjT5RIbtMXDFgCR4H,I90ZQOBE-0003,cus_Uel1vVWmtA69kU,sub_1cNXqYz5z8eYqdzHLtDflhXB,paid,subscription_cycle,charge_automatically,eur,59900,0,59900,59900,59900,0,1,1744363541,,1744363541,1744363541,1760174741,pi_3gA53RYxxNn0lTdRsDHirxjr,ch_3H3E8UyWf5mbHsaYETIQa70K
in_1OH4FQF1EGNVQPkwkgpzYJIa,XKCB0OCE-0002,cus_hKhjgZSdBuOnwF,sub_19N69fQp1Sxq42ZsAleJM2OT,paid,subscription_cycle,charge_automatically,eur,119800,0,119800,119800,119800,0,1,1744364120,,1744364120,1744364120,1760175320,pi_3DYiZ4aV7CtgdwxPSHNDi5GQ,ch_3t6aa7lqTIFFXHvCCroa6g4N
in_1jgreZMjGe4uZ7ERSiBwJbo0,B0FX1K2I-0005,cus_x6iXaIzSNfPNvw,sub_1kAoy2ozPOT3RhfAgMG5DsmK,paid,subscription_cycle,charge_automatically,eur,59900,0,59900,59900,59900,0,1,1744559347,,1744559347,1744559347,1760370547,pi_38z80Pi9h9gxMhtYCkcvC9oq,ch_3Ns7rlPV1ayzqDyDt8l9OPiT
in_1mTdVecL2wgFtX8lYVTRiaTN,UVQMBH71-0001,cus_K4bWRzApb4Gogy,sub_1dF1cIt3XTnhMlwEvKuz1UJO,paid,subscription_create,charge_automatically,eur,119800,0,119800,119800,119800,0,1,1744566272,,1744566272,1744566272,1760377472,pi_3BkSGENabfbnBgcQ9XbfLfoB,ch_3RdNCUkUPuW5YAFVI3UmG4Jd
in_1IuohdNVchN3xPvRti3sPtpA,5U0NJQHI-0001,cus_fxWKw0j2YcN8QV,sub_1QeXxOEN23ipvte7jc81L5iJ,paid,subscription_create,charge_automatically,eur,100000,0,100000,100000,100000,0,1,1744720371,,1744720371,1744720371,1776256371,pi_3telKlEzw30TNOB5E6bjMn1t,ch_31FEIDHbljPWxDBa3LZ0kdru
in_1RBUbZSBJi1Yttw5rzGe8ZbS,T6L9341P-0002,cus_ffu1V7tNzLWHHY,sub_1VntHJWYDbZN6enJ0HTMYuZ1,paid,subscription_cycle,charge_automatically,eur,100000,0,100000,100000,100000,0,1,1744794262,,1744794262,1744794262,1776330262,pi_3oNhSFHcQTFBreYbdftxOpFM,ch_3o6CgHk9EFFTAAULUNijGdyS
in_19C8cTHyRax1shaTVyLF2Wgw,CHIPLQMD-0001,cus_N1geU17LlQD2ra,sub_1WpUPp7aONUOB4d7iLKxP1Y4,paid,subscription_create,charge_automatically,eur,100000,0,100000,100000,100000,0,1,1744805100,,1744805100,1744805100,1776341100,pi_3O0MqWyzoAoD3Om8i6oT4ZXb,ch_38CAiIqDFLlztutNpcs2CbdE
in_1PI8izxXwJbseVyej71i6Wes,KDO8X1CT-0002,cus_fJT9FslIFyiKOU,sub_1kVBsWUe3Z29rSInP5lJZRMu,paid,subscription_cycle,charge_automatically,eur,59900,0,59900,59900,59900,0,1,1744876008,,1744876008,1744876008,1760687208,pi_3chcLcjU6lI1LlyhtR0kctHW,ch_3xqjf9CVAT9vXCOlnysN892S
in_1qNVIAVuUF35kKffyVxEHSky,38DBI9BV-0001,cus_QOja5chWnphh67,sub_1SY0JLNt0EcB3HAUSyDVNtNW,paid,subscription_create,charge_automatically,eur,179700,0,179700,179700,179700,0,1,1744898679,,1744898679,1744898679,1760709879,pi_39QcOBupLxyOtxPfWnzxqBBE,ch_37v7DX1oIX10JqSjGwn8tB2n
in_1qldHUWYyAhkbzz2W5ABcIvw,3K0NKIWZ-0001,cus_0HGFWHUe6xtDuQ,sub_1wbk1UOzpwNBATXG1LIo4yjF,paid,subscription_create,charge_automatically,eur,100000,0,100000,100000,100000,0,1,1744907678,,1744907678,1744907678,1776443678,pi_3UsnHR17gBMHRCSrnnErUwul,ch_3c1x5rki4WCxzsr1Da1Ay4wn
in_1vbsiTdNjaAD6vHv4uOiu8vw,BS0DXYON-0001,cus_Axs0RlRpI3oCt5,sub_1o37p5peIZwUcNMbOhWUQRo8,paid,subscription_create,charge_automatically,eur,59900,0,59900,59900,59900,0,1,1744962674,,1744962674,1744962674,1760773874,pi_3v40qg9kgueco8jsI1zimMQT,ch_3uFFaJSgaWgjGksCzQFSs7O3
in_1MQvVA8gABuY75ZrIfAKA423,HEV7H57B-0001,cus_Y4yoJGAzAhu1fM,sub_1XrLcbm1iE9Umyz0h5URNLAW,paid,subscription_create,charge_automatically,eur,100000,0,100000,100000,100000,0,1,1744974634,,1744974634,1744974634,1776510634,pi_3FX1DE6Bpe7mfOl6ZLMj52Ax,ch_3PhPIrP2UmFKB96cOeAbNtDH
in_1QlxW5Km2ihR8IR2EObWWjfv,XHACVTJE-0001,cus_eeshVFOHyK0sMm,sub_17x90vhlfHhRJlKeCZuIaOj6,paid,subscription_create,charge_automatically,eur,59900,0,59900,59900,59900,0,1,1744995806,,1744995806,1744995806,1760807006,pi_3eY4qdtjT8wPTTe1dM6FQf7q,ch_3UCZwuAYqSuX8xyddZBQGLIB
in_1Cjnh3oJDZiLazwH59Jq8hvV,K161G4AG-0001,cus_RADLZfywHhUE08,sub_1zsIHoChErcYrF2QfcviEoqg,paid,subscription_create,charge_automatically,eur,59900,0,59900,59900,59900,0,1,1745006946,,1745006946,1745006946,1760818146,pi_3JvcCeUTJG16cCHPasMrba7v,ch_3TgaAvL5stl5YlwFQISaZncf
in_12si9iUgyRmNSqgALMKd37E7,J50WFB75-0001,cus_2gSXMGtlC45WUn,sub_16QEThmhzy0yZLiH6MZHq38Y,paid,subscription_create,charge_automatically,eur,100000,0,100000,100000,100000,0,1,1745012777,,1745012777,1745012777,1776548777,pi_3Gu5TJiYztg4EwqKirjIgqnE,ch_3S1HUe1el2goSFKaVcAjtXyr
in_1vny9R1O3TIRn6TiKpDo8MZ2,XIJP57IL-0002,cus_K1uhlGdpXFLtbF,sub_13kUDZHlA5vyqFb6Hfbvhsqx,paid,subscription_cycle,charge_automatically,eur,100000,0,100000,100000,100000,0,1,1745081246,,1745081246,1745081246,1776617246,pi_3HnKZrT97NpeVDUwhZwidSqN,ch_3FC47lintTNvCRc3LCrqyB4R
in_1MoU0ZmPqgfzX3juusG30lGd,93GJJCWW-0004,cus_Z52LHUjs4JczZo,sub_1JdQ4djRA8pvcImRfMWfgm6G,paid,subscription_cycle,charge_automatically,eur,100000,0,100000,100000,100000,0,1,1745153600,,1745153600,1745153600,1776689600,pi_3zIvtQWh5ZZ6Uc6j71PYDkbI,ch_3HgCEa1CVogKlKAulIMgzoiE
in_12WkSAIxEz8Fwdu6Gu4zPjGS,DLXKIJJR-0002,cus_FD3vT1UwcwKh1R,sub_1VgUGMyyDrUjXAP2RLaeM786,paid,subscription_cycle,charge_automatically,eur,100000,0,100000,100000,100000,0,1,1745211416,,1745211416,1745211416,1776747416,pi_3oaatxPHDCyo8GMjS8weSUKP,ch_34nyhqbRZsidULwoQ3EskxZy
in_1ZjYnS2vuQXeMqG3NRegCemA,TX6OR1K0-0001,cus_qefxcpUdIbksm1,sub_1lSlk6nW0oDNqiMe53QEvexW,paid,subscription_create,charge_automatically,eur,200000,0,200000,200000,200000,0,1,1745222324,,1745222324,1745222324,1776758324,pi_3ZFXADm0ShTI9jJY7XaEl79r,ch_3AOklZyW3p82fUQ4bcm5gCpz
in_1CJ3G7q5jc0svuQZTp0AZ2mo,WND2LW6T-0002,cus_msMZjZ5rfejwhR,sub_10Q6vjfaEv6NhQ0lA8THNmpd,paid,subscription_cycle,charge_automatically,eur,100000,0,100000,100000,100000,0,1,1745302979,,1745302979,1745302979,1776838979,pi_3MKbZLzZVoCl0jFdHd1bgnCk,ch_3EjvkafjHaEBriocoLb4EwVj
in_1s0fxZV5K7woIgr5oSDL4x0V,C9CJ47QL-0001,cus_yyEUvYtTzAXVcm,sub_1GaMnpDhbr1nIPhSGE7UNIfG,paid,subscription_create,charge_automatically,eur,59900,0,59900,59900,59900,0,2,1745337707,,1745337978,1745337707,1761148907,pi_3WvrpBD9F5YsaDa3LkdqPDmg,ch_3ZNeHP4aoSEi7iIn5ZVWAQ34
in_1fdyVqYAo7f1mj5hhYNaKwcV,UI6WYWT2-0001,cus_KSKcNULxeFdNYj,sub_10VnnfQXWKaJMY7U5IXcRaV7,paid,subscription_create,charge_automatically,eur,59900,0,59900,59900,59900,0,1,1745358653,,1745358653,1745358653,1761169853,pi_3fffFNzH4GOnRYIpFzcPkq7B,ch_3inCCUsmpc9ge8yj2pIyHluD
in_1nIP1yaxSHDFcAWy2n9sS8Hx,UXCB5EBA-0001,cus_pqfiBQDr5Ll3f6,sub_1fTL3zg2ZY9U5uBtNpVF590q,paid,subscription_create,charge_automatically,eur,100000,0,100000,100000,100000,0,1,1745396061,,1745396061,1745396061,1776932061,pi_369WFN6FHEduwstpF5aT2fsg,ch_3lBjX7yzLS1vB1dPW32Q31cl
in_1hFt3EYcWfZ5W9pz9882hoOd,1X4C8WQP-0001,cus_O4TRQJaokmle4A,sub_13hchHgV617XmuZWLw8T3UiC,paid,subscription_create,charge_automatically,eur,200000,0,200000,200000,200000,0,1,1745398959,,1745398959,1745398959,1776934959,pi_3M0UyNRicDCJ2NZIlmKbVZbl,ch_3TTJ86VLYgbnGl4FlQtNlEnJ
in_1UPWhXBYfz31GCN8MXOXxx84,ESQ4WJMR-0003,cus_cjosP4sQbshccL,sub_1XPxxwAdqlIvqRTAV3TydMDo,paid,subscription_cycle,charge_automatically,eur,100000,0,100000,100000,100000,0,1,1745401901,,1745401901,1745401901,1776937901,pi_3Q1q0CWtRXpr5yYfj7yirdA8,ch_309nizEJNXa6U0tx7SxRhAJL
in_18Y3OMbV7bv1dpfSHXF9Nsa7,G746DZQI-0002,cus_nYBZ57b6b4aKRd,sub_1Eu6P8UNulUkjLErZvhrnEQ6,paid,subscription_cycle,charge_automatically,eur,100000,0,100000,100000,100000,0,1,1745436570,,1745436570,1745436570,1776972570,pi_3aRZnxF2u1qE6nRogroumMa4,ch_3dw3XSZElU1AkEvXVfxL4fBM
in_1JRTaE1fZ5wWORXmaNY7pT9f,GCK7O034-0001,cus_JCp51io5Fp2DXV,sub_1QY35SsBEetUyIJSVwZiBas3,paid,subscription_create,charge_automatically,eur,100000,0,100000,100000,100000,0,1,1745484045,,1745484045,1745484045,1777020045,pi_3FnM73QA2pvnXm31h6GZv3oa,ch_3NQTb3KQoNNB9DgHQnfXzHwn
in_13mCiTdKEi0mYYeTw1o8ceCI,BPRYD7SE-0001,cus_v8L2L1faqIUgU7,sub_18mMRIIlu5WiCL1JkJg0t5qH,paid,subscription_create,charge_automatically,eur,119800,0,119800,119800,119800,0,1,1745490430,,1745490430,1745490430,1761301630,pi_3wROiUbYhY4B8sc4gyGuB2Ak,ch_3LuUTZsxilBUuASAUFLXtnqd
in_1cFWqjzm1FmGAVfe9FTnz9wO,ZSZO57Z6-0002,cus_TqZwPRsDiY8PgW,sub_1qbvO5Kr8CuXCMwx61OtjZKX,paid,subscription_cycle,charge_automatically,eur,59900,0,59900,59900,59900,0,1,1745508180,,1745508180,1745508180,1761319380,pi_3QPQt1Cjt6UR1uGJ8qCz1S1n,ch_3XaJRVkpvewvao0ncMb33UTg
in_1OBoxhDmVnUz4oNVQPJkrAed,MXE4EF3Y-0001,cus_5TQDTAsdFViEOB,sub_1mLro16uhdtREUlP9xYmRuef,paid,subscription_create,charge_automatically,eur,200000,0,200000,200000,200000,0,1,1745601186,,1745601186,1745601186,1777137186,pi_34pgRdUi6avqtNrLvuut48hH,ch_3wCXszJcQhzq2V9iLKxIvZUb
in_1W8cJxUcuJPB72Cb3F4Jcjvm,2NTH68OH-0001,cus_WdkQdgRcbyXc3J,sub_19HzhiPWT53kTF18P2U7zDwC,paid,subscription_create,charge_automatically,eur,200000,0,200000,200000,200000,0,2,1745658929,,1745659134,1745658929,1777194929,pi_32u6cscD8MyUooV3v5cqWT0W,ch_3pPibewYbkbBHunsPEK0YeC5
in_1KsdRCp70j83ztOZ6Vv646Kf,YA1A6XGR-0001,cus_XiZyPBkmxwJ4sE,sub_14CTzMH849llQXAVxdwa7UWN,paid,subscription_create,charge_automatically,eur,59900,0,59900,59900,59900,0,1,1745842482,,1745842482,1745842482,1761653682,pi_38wNvMqFY0oa9wvLNadrRWKI,ch_3tx2EuAOe1wZtmuG6BnRhGt3
in_1MLBxgXlQB9q0tv3HaFuPXe7,PCBICAOR-0001,cus_aTeTFL1F2frEER,sub_1rN46TfHp4hTiVudKuFIX6Ci,paid,subscription_create,charge_automatically,eur,100000,0,100000,100000,100000,0,1,1745861743,,1745861743,1745861743,1777397743,pi_3Kcgs27j3G0Wdo0PEmda1IqQ,ch_3TLzVD4GQrIyBlQBFQfxJI29
in_1NRJuo7dfWl1rt5EQQepb6Lk,RQI0Z7VM-0001,cus_mYOxyTwYaaiOFX,sub_1ZVoXbKLpw7GM1dHXFkUJFRR,paid,subscription_create,charge_automatically,eur,59900,0,59900,59900,59900,0,1,1745931341,,1745931341,1745931341,1761742541,pi_3mk8bR130NE773mgVJpPPRS0,ch_3AX1AzW3iNGoTjJtrLZICtyk
in_1SEu14YtkWmHcppguIzudVr4,H4MO3F2B-0003,cus_TBlL4uhVrOes3n,sub_19Ycdj6GwvKDm9KhzD9LTyN1,paid,subscription_cycle,charge_automatically,eur,299500,0,299500,299500,299500,0,1,1746018228,,1746018228,1746018228,1761829428,pi_3znzIm9gMgeZTUSXm7zCAcjG,ch_3s9xiaipVVilelSMvXIqviBa
in_1aEUVjjlucRFD40q3yMcqFvg,3JTB1KO7-0002,cus_AXM1Iypyj3SFyQ,sub_1m0FwW0jWhyJd4ijcL6vDYfo,paid,subscription_cycle,charge_automatically,eur,100000,0,100000,100000,100000,0,1,1746021475,,1746021475,1746021475,1777557475,pi_3KuU6czg2h2ZlKF8o0pOy2fb,ch_32spDPNCObu1sEex0Qz7gQ32
in_1Nrirv3B5nuWFhd5YWSlLdOD,GLYV94YP-0003,cus_n4JmkpQuMA3v7n,sub_18uoDlQ6CJNyHl3mRrNqFhMP,paid,subscription_cycle,charge_automatically,eur,59900,0,59900,59900,59900,0,1,1746030845,,1746030845,1746030845,1761842045,pi_3AuE40MIs5MzYWKK8pWPbls1,ch_3r2aPb8JPIvrcSHnfx4ZE6Hk
in_1FT4HQ6cMSDcjh01fFJfbIVJ,IW88EVZA-0003,cus_9GIjsJUhwG07k1,sub_1aBbQ8XTBB8hY1W99wheVhut,paid,subscription_cycle,charge_automatically,eur,59900,0,59900,59900,59900,0,1,1746055041,,1746055041,1746055041,1761866241,pi_3Uyf4zPoWHoYTyAV0fzvHcru,ch_3E6GX47Jz7pjsEXYBogJ4HoI
in_1T2InlwZBxeVSbdBYfTZld6n,4M4R9MF6-0002,cus_2WlC90GmbZoYkx,sub_1RNtO0e2gcuAqT63cpDwpqiX,paid,subscription_cycle,charge_automatically,eur,119800,0,119800,119800,119800,0,1,1746101328,,1746101328,1746101328,1761998928,pi_3qh10AEhfhCemNXGvmuHV9BB,ch_3Xm7UXHZuE0Bbj2IxmVt4JoF
in_1jbsDI1QtkDuhnF2Xs60x0rI,106DZU3A-0001,cus_P1aoSH4ZXIb0ch,sub_1aHVP8Q79EKCsoHdn9HUAyfQ,paid,subscription_create,charge_automatically,eur,100000,0,100000,100000,100000,0,1,1746102945,,1746102945,1746102945,1777638945,pi_3vKSlewZuayNepMW1TgO5l3C,ch_3fFjWzOs2BuChII0G26ALURM
in_1CmRUrY7gXXxfnxSDfCTGLV0,2BPKCYEF-0002,cus_xa5igKnKyPqixB,sub_17nXQ6rOq6snusFobvZnmYnn,paid,subscription_cycle,charge_automatically,eur,200000,0,200000,200000,200000,0,1,1746106629,,1746106629,1746106629,1777642629,pi_36emY9m7q2wPCDa8lVDGmpqP,ch_3CBkfj6y4MMXaSXzWaxnOvJE
in_1Y5PqPY7MSOtz9ISrhNkheIv,HTUVRXFQ-0001,cus_rzFw4O9n4k48Og,sub_1qgCQxbi28aGk6hdAOVL43rX,paid,subscription_create,charge_automatically,eur,100000,0,100000,100000,100000,0,1,1746181938,,1746181938,1746181938,1777717938,pi_3dXrinE1U3P2eKWeKRGSEcYh,ch_3ql2Eyv4m4Dy0qdq2sBZN03y
in_1bioMfUkxWXq7UgjVkqDCnzD,TV6W4GBB-0002,cus_ujTP0hQ1IKx2sb,sub_16QB5mhXX6VDDlJ4thczuLeL,paid,subscription_cycle,charge_automatically,eur,100000,0,100000,100000,100000,0,1,1746183662,,1746183662,1746183662,1777719662,pi_3MavOeU7RAByjmJwmzPL8uMS,ch_3RxzjeKj3c4sL5roWfA51n6z
in_1BZdY7lSP5NNEmUyBztqjToy,HTXYVRU3-0001,cus_rkWb3hbq4BlcdY,sub_1EVcMkZX3LlT0ruOUEVgK26W,paid,subscription_create,charge_automatically,eur,179700,0,179700,179700,179700,0,2,1746183817,,1746184216,1746183817,1762081417,pi_3dvYrJ1K9U4V8y1AKtnMSUJn,ch_3ZlkVmMTaYjhbEJq2fg3XVJ1
in_12z2eoUUVD6FC5Zd9I33tjTd,E92NI6WQ-0002,cus_fxmWJdbplES87h,sub_1bIoVZN86cbboSPRdAesHhB6,paid,subscription_cycle,charge_automatically,eur,100000,0,100000,100000,100000,0,1,1746357502,,1746357502,1746357502,1777893502,pi_3wxPf8SPgLnC1wCpjTn6sYIk,ch_3FB6wmo7mWL2UI4Kd93LCeIU
in_1eAMZdQCmX2SIFvzUy4rsNiJ,1SA0RWY6-0001,cus_sAyQvxPuVxIlfF,sub_1eOIYD8SVkFXwEUIALZvK9BF,paid,subscription_create,charge_automatically,eur,100000,0,100000,100000,100000,0,1,1746388820,,1746388820,1746388820,1777924820,pi_3oZqovTeW2Tx9ZoSXuoLW11i,ch_3xdculICgjE9kETtz0Fl6JuZ
in_1KhtJfmg3dxG0FPDFwllbzbl,AZ8UW6EA-0001,cus_KhNkO7S33vfYKX,sub_1E3aUHqmj15GhLUd9eXX62b0,paid,subscription_create,charge_automatically,eur,119800,0,119800,119800,119800,0,1,1746446356,,1746446356,1746446356,1762343956,pi_3Yy1xZsqjlPYkkyZRxvHjtB4,ch_3eF9venTIBcJS3IMlz4g8a0f
in_1aihcMnV1bHtmRVfPgu6Wkf9,WXPO315Y-0002,cus_WT6hSTplTKMcxu,sub_1RJZglzd6kOPtBKwIlQle3Qw,paid,subscription_cycle,charge_automatically,eur,59900,0,59900,59900,59900,0,1,1746472873,,1746472873,1746472873,1762370473,pi_3x6UrQoRxAySDUMYpEq89AhB,ch_33oQRlSU5YrOqVosuNT8TDz1
in_1dt5Uaaz61kCDYmL8Ky8d18B,SXBWESE0-0001,cus_8iWulPVlo8l2CG,sub_11VDnMimbRN2nHsgKGstd1St,paid,subscription_create,charge_automatically,eur,59900,0,59900,59900,59900,0,1,1746521625,,1746521625,1746521625,1762419225,pi_3jXc5CswHOrCeSAYEMvD7CC9,ch_39CUcD7E300PAymskuRoiwuR
in_1NPDmCcJMMcP7Ltmjt31X2Ta,FE7DSHXU-0001,cus_aSlpJIZYiseAld,sub_1oniS2EzpETQp5bnFOiswbVu,paid,subscription_create,charge_automatically,eur,179700,0,179700,179700,179700,0,1,1746534523,,1746534523,1746534523,1762432123,pi_3e5floxJC9hAvW6QAXm6ySzk,ch_3zB36qsND3JSNBKlBtAN7Okm
in_1QXh1XUmCfpS6TXjPzbvEzOY,ITTMB0JM-0002,cus_gDmFmhpWcuNGd4,sub_1AblNLXsncpwyExIfvrQsB1a,paid,subscription_cycle,charge_automatically,eur,100000,0,100000,100000,100000,0,1,1746545463,,1746545463,1746545463,1778081463,pi_3x1wNunip4WiIC0wiVQf1R1E,ch_3AYjV2SMu6xR3KAmB7epb7au
in_1lfj3IxVlCmr7inI3W2raGlr,9OW7L2N8-0001,cus_EqVsDig3y4nS2d,sub_1E5mNjl5GLrYAUMsB9vpWfR8,paid,subscription_create,charge_automatically,eur,100000,0,100000,100000,100000,0,1,1746605452,,1746605452,1746605452,1778141452,pi_3SnCXoOyeFrpwSSATCF9oU9U,ch_3OwAMYKj3OYUIclJbqSkJQXQ
in_1bAbEtshRzdM6qBbUfytyZvA,LMWT9NKO-0002,cus_fRTyQ0X55sDsyP,sub_1YwNG2qiYKLnlGbHlNu5VUZq,paid,subscription_cycle,charge_automatically,eur,300000,0,300000,300000,300000,0,1,1746621028,,1746621028,1746621028,1778157028,pi_3MMRsbtml9m4exx0Hk1ailZ7,ch_3A6SpTuHy2ODIr3GqltWjEh5
in_1P0Ae6jyI6Ma8vOsB4EMUDSx,GXZBYD16-0001,cus_h6TpnLeNun5mFn,sub_1yvpSJWaB3BjwHdiw5AMWRQQ,paid,subscription_create,charge_automatically,eur,200000,0,200000,200000,200000,0,1,1746709711,,1746709711,1746709711,1778245711,pi_3xzfbggwwCwwzUfTbRHnCVCA,ch_358nQ57ObE7htxjRgU5nfAj5
in_13ojlOIV4nxXnyGFqnE86rVI,WBNH5S0K-0002,cus_macnZe7phPkUs9,sub_1yyaEYHYGoddiREaoRaWePog,paid,subscription_cycle,charge_automatically,eur,200000,0,200000,200000,200000,0,1,1746711666,,1746711666,1746711666,1778247666,pi_3Y1CfXsvlK9p1nkYsS5vugXD,ch_3kqVB0SuXQy3a9FWLfl1siaJ
in_1WJIMIDwTEoKm4YX9EAOhmtM,HZMK39MN-0002,cus_E3oWv9ey72oTiI,sub_1rX0F1EejLO0Q9RAhJY2IQf7,paid,subscription_cycle,charge_automatically,eur,200000,0,200000,200000,200000,0,1,1746794960,,1746794960,1746794960,1778330960,pi_3xx9W6DXsgKO32BdqEYQZPAd,ch_3o2bW2H6XpqStMnFRUW8dXWv
in_1IG7pqUUjUbqsLnAxJhO12SQ,OEF63AP1-0001,cus_0gnGF2nmLdKZY7,sub_1bMFwy4YVvFDjzMeY9AJAsot,paid,subscription_create,charge_automatically,eur,100000,0,100000,100000,100000,0,1,1746800107,,1746800107,1746800107,1778336107,pi_3H8YWUPtdPxdgH0Rq87Nya8s,ch_3gAY3cHbzUOhadrWv5nyASY7
in_1WIEMw6rJgzluRsV5hqQEhg8,OHM3NCQ6-0003,cus_wtvk7Vwxxjfpnc,sub_1SMHlPaJwlIJztr4tqOrpezF,paid,subscription_cycle,charge_automatically,eur,59900,0,59900,59900,59900,0,1,1746918527,,1746918527,1746918527,1762816127,pi_3xwYndPZIhPhZn7UD7QlGfrR,ch_3NktxtuLvcJsgJOjPKcz17Q1
in_1MufNAQx1ljQn9QuTGdl4cKM,MFAHUI9C-0001,cus_dz03fIvZWpD2OA,sub_1IEWZV3Gr944yfFxgQNJjjlk,paid,subscription_create,charge_automatically,eur,59900,0,59900,59900,59900,0,1,1747050996,,1747050996,1747050996,1762948596,pi_3YXO6aTvNrMq2w7jXBQLuWcr,ch_3FzdJDlPp5vwVs5STei9z8y7
in_1ahYWtrKWilbO3vcgccvJFDz,OFW5UEYL-0001,cus_VfCiZB5pvlQ3w4,sub_1mQO1qR6bmQ80jabwWxIndz9,paid,subscription_create,charge_automatically,eur,100000,0,100000,100000,100000,0,1,1747076628,,1747076628,1747076628,1778612628,pi_3F1Y9dulsDshoMbcApQhGR08,ch_3sdhntrFMp3D3z86USGErDS7
in_1CcHhONiBgrFnVfqa8dr8LLA,YBJRQ7LY-0002,cus_7Mf7CCuS4CrbVm,sub_1zfUjDVK9cdRS5N0l6A3BdgS,paid,subscription_cycle,charge_automatically,eur,100000,0,100000,100000,100000,0,1,1747139151,,1747139151,1747139151,1778675151,pi_3z9veHFwEdAPcfDPIlTSPfyq,ch_3f6yk3vJOqCsNVvMQSUmKVK3
in_1aNRnqiTTlSYkg0DoxzSWCeP,01F3WY6Q-0003,cus_k0ubqGsYHOLyZA,sub_1pZufah1QrDH45huly08fpTF,paid,subscription_cycle,charge_automatically,eur,100000,0,100000,100000,100000,0,1,1747142465,,1747142465,1747142465,1778678465,pi_328jfb8VZ6PekmmSEV41Bl7t,ch_39JhZioUd7qinTELDOAhfGjv
in_1xKAV16TRAR8vwnpYzGzLA2j,ZPWG4PBR-0001,cus_13vE41M1YpreZV,sub_1alUfNKR4bwOGgdiVSUH7POH,paid,subscription_create,charge_automatically,eur,100000,0,100000,100000,100000,0,1,1747151168,,1747151168,1747151168,1778687168,pi_32UkA0Q4l0ZTR5i7gItMdi5Z,ch_3H1yMm4DSnSHS5EyKwFge6yX
in_1g3C8RR6gUgWcQNR8f1KQaD0,8RAWAVVU-0004,cus_MXynEe9s0DyyXf,sub_1Nvb6oJdwW9MT7WRmgJw7hbp,uncollectible,subscription_cycle,charge_automatically,eur,179700,0,179700,179700,0,179700,3,1747152588,,,1747152588,1763050188,pi_3mUO5m6EUs8sI6yCAXkO1eJa,ch_31HRSa3VEQPwA1OSlATXe2Zu
in_1GGY97BXN3y4BqQsVwvBo7gA,JKUHTV57-0002,cus_i8Vb1Uyv0je08T,sub_1RZoAsK9YOgPAyzr54aNCvPX,paid,subscription_cycle,charge_automatically,eur,100000,0,100000,100000,100000,0,1,1747212151,,1747212151,1747212151,1778748151,pi_3j8SmRSlgVtLyN3OM5UqG74A,ch_3u3DSAzmHk6Tu42JtcCirWZ9
in_1OwgpYfd5DPJnsOLCnm2YbJh,EV79MD2Y-0002,cus_11SiEWsYWZXmd4,sub_1HcdtmGspEjo8ZtNa3w1KudQ,paid,subscription_cycle,charge_automatically,eur,100000,0,100000,100000,100000,0,1,1747225297,,1747225297,1747225297,1778761297,pi_3oxvhVN37flPeAoNqL2bdEMZ,ch_3WsboKMwdNIMdtmNB5Y9w7rq
in_10eXdyDgDu25oAuDfIMJDgrF,4UCCG3EH-0002,cus_CqS5zgJAXqmcrY,sub_11Q0cZeLqA6zeP3eMHG8TAp6,paid,subscription_cycle,charge_automatically,eur,59900,0,59900,59900,59900,0,1,1747311975,,1747311975,1747311975,1763209575,pi_3Y7g4xbhr7i0imWCZEeb8oHW,ch_3hSvEtDF5ZQsVBurKyBH20xF
in_1lmQ5LYlUwn5esNhDYhyGHD2,F5Z21IX1-0003,cus_eJfbMO0Po4eNFe,sub_1aQdp1bmsZis6AM8XAy9nPk8,paid,subscription_cycle,charge_automatically,eur,179700,0,179700,179700,179700,0,1,1747319924,,1747319924,1747319924,1763217524,pi_3OOwTU99KbCnQcPrFqcWFdqG,ch_3F5aEsjZfbTOflyrA56c8CN5
in_1QzQtyQeQdP05NIKDnIS0AaK,SEZ9PG43-0002,cus_OSqcGggUOUoMTJ,sub_1ORZUJIxwHXvRGheleDd7IEp,paid,subscription_cycle,charge_automatically,eur,100000,0,100000,100000,100000,0,1,1747384387,,1747384387,1747384387,1778920387,pi_3Yc13TIzxJ82hnex9QvZRIOt,ch_3T9Rjado3CN4dISzQag7momo
in_1XE52vBRFdKIohZhr5k8XRq7,O24OYZOT-0003,cus_ozRBmto1dD4B8F,sub_1WpaWaMl9vQJdJDlWuysFhw1,paid,subscription_cycle,charge_automatically,eur,200000,0,200000,200000,200000,0,1,1747459626,,1747459626,1747459626,1778995626,pi_3RcRBrR7hseLo5l9efW935uQ,ch_35Zko3s1nS82xoJxPbKZRHbd
in_1wWPGugMqIpynazFKRtQkSKh,D9230VU2-0003,cus_ShTBw0WwClOMvg,sub_17YaeqEoYtTRpWhvXdTKfLIS,paid,subscription_cycle,charge_automatically,eur,100000,0,100000,100000,100000,0,1,1747483623,,1747483623,1747483623,1779019623,pi_3fDo6QuDRdz17jy89z898CCW,ch_3MLKsCkf3WhBtNOx99gfcN5v
in_10NqtUNeACntUSVp8uANJTN2,BSFQNJGW-0003,cus_AL9G5FORBe7gtX,sub_1ZXRUDLMtUUaAvgifKBUPMdF,paid,subscription_cycle,charge_automatically,eur,200000,0,200000,200000,200000,0,1,1747513257,,1747513257,1747513257,1779049257,pi_3cxSfBkNhz2X27BBYP42mth4,ch_3xOYwJyxEibBAdwmLJluijy6
in_1F9v41DkfZAkbtnfhIpCNuuQ,TYSPQY57-0002,cus_k9qFYiDUsk4m3z,sub_1nNfL0WA0zB57x7i6IvIc5ES,paid,subscription_cycle,charge_automatically,eur,59900,0,59900,59900,59900,0,1,1747571013,,1747571013,1747571013,1763468613,pi_391r7w3Zm0UQPj7kfW1ht9q5,ch_3y5kUJfHmkjWefYhDo3s5qQk
in_1wlJL1o3YaEIpF5RvFbEpFis,MNL3IULC-0001,cus_KqFes0W1N4lrbH,sub_1baEfJTSBOWaIVvgwmCLtmUR,paid,subscription_create,charge_automatically,eur,100000,0,100000,100000,100000,0,1,1747649699,,1747649699,1747649699,1779185699,pi_3nelmCCP2wMi5pLbBEExkJKI,ch_3XXhyrAY8X9khUk5TqPHxE3W
in_1BwOEhvWHfqf5RhnZKFfUy76,VXA2A431-0002,cus_wq0Ed3Qapc52eY,sub_1S5nwbXcYp61OVllXitrjlBv,paid,subscription_cycle,charge_automatically,eur,200000,0,200000,200000,200000,0,1,1747656124,,1747656124,1747656124,1779192124,pi_3ymW17p5ymasZHmV7Enb3ftS,ch_3RMRaUzJBE1pFZa2S7GyTq6P
in_16US7ORYV6ye7EGMseFSqqUQ,334YEW7L-0002,cus_qZemQUGdrGuFqu,sub_18fbEeaDKdtDvDTf2ObWAoJm,paid,subscription_cycle,charge_automatically,eur,59900,0,59900,59900,59900,0,1,1747662278,,1747662278,1747662278,1763559878,pi_32aHZHmezSm5GyqKYvviv0b7,ch_3GDZwfOeAEFps2ojCa80zuf1
in_1Ad7O5lmxvUAoVEci6YjLw0E,1JVO0A7E-0001,cus_HlcHNCo1MB5HFN,sub_1nEfkoCK1XhHKXIFXwdJPRzE,paid,subscription_create,charge_automatically,eur,100000,0,100000,100000,100000,0,1,1747668323,,1747668323,1747668323,1779204323,pi_3w2JS2eQA8pu0vL1VT2P4A7U,ch_3EFG671cjMEE6f3IPGxq1X7B
in_1LbnVdZqiLOwckv0z2DXqnVM,VCLFJYFI-0001,cus_jHwLGCgzzTwwQA,sub_1yPOHgHULtP1OzrAPgbTWZZD,paid,subscription_create,charge_automatically,eur,100000,0,100000,100000,100000,0,1,1747669746,,1747669746,1747669746,1779205746,pi_37seZBoLmCA6afOrQZzAeBiQ,ch_36IZpkEW9wnqgUnD4UC0YTNz
in_13i4LF0oKhUhQRYxlmUfH3n8,L8H30GTD-0002,cus_bEETmnGX2qBS77,sub_16BN7VXA4AtkWRw9OzzZSSb2,paid,subscription_cycle,charge_automatically,eur,100000,0,100000,100000,100000,0,1,1747673491,,1747673491,1747673491,1779209491,pi_3qTXJHRoCNMZOormzp1Xl9YS,ch_3qNOl1GNq4Y7oPomHLXY8poq
in_1DJv22yqUX9CP0XI7Kl4LykM,1KITTQNM-0001,cus_TaOyS3K4UuknbZ,sub_1uLyzo855QTMu1fUxmCkEQ4I,paid,subscription_create,charge_automatically,eur,119800,0,119800,119800,119800,0,1,1747824608,,1747824608,1747824608,1763722208,pi_30owUPim9SjketbOaZsbA0S6,ch_3utKmRcUPSPnmdD60dvcB6nU
in_1qUgh7jsrEhcgIRyD44pwtDC,HAFNKAPG-0001,cus_r8O4io6ssAPKBF,sub_1pcLfyqUEDRhl5WOKQe4I3Yn,paid,subscription_create,charge_automatically,eur,200000,0,200000,200000,200000,0,1,1747828788,,1747828788,1747828788,1779364788,pi_34aokydxETSccr92hbvScMSs,ch_3WcjalEGQTLj2vatLQ9fvMBm
in_1bV8ZmqsWae5eFI1z9wfr6ei,UHDQ5KHT-0002,cus_8WhHup06l3hQGq,sub_16LocQNsVkFnl1yWvMVPlHeJ,paid,subscription_cycle,charge_automatically,eur,100000,0,100000,100000,100000,0,2,1747831048,,1748092468,1747831048,1779367048,pi_3SiUJYceNx6qm5iDcTRvIgJc,ch_3TFO0vlwqIAJfxu32sLDHU2D
in_16sIEQrzIlcJNb55vND68vm2,VK6SFG9L-0003,cus_IciQ1TUoQ34B07,sub_1fLhDtQvB975xVjB20VGrDVt,paid,subscription_cycle,charge_automatically,eur,119800,0,119800,119800,119800,0,1,1747831917,,1747831917,1747831917,1763729517,pi_3h2vUH2IYD5FHdJRIKtpiBBb,ch_36WV3Sj6DkJunCOs76UrLniN
in_1mP03cvXTRyJYTLwqt31sC7R,GDRGB79A-0001,cus_FJFYzvqVg1RL08,sub_1w51HIWqxfuRqFUh6zbVSpQq,paid,subscription_create,charge_automatically,eur,100000,0,100000,100000,100000,0,1,1747938966,,1747938966,1747938966,1779474966,pi_3V5Q0RoskFA6fxn1yNyVTZ3x,ch_36VkPRRC5L7X9NJWKP4dYv8f
in_1iHN9Ua6i9ZUdIscK8PFpQHM,K1T2XYIZ-0001,cus_bmuKOr8dbUHYeG,sub_155l05HxCCvz0DOyNsUgY1Mi,paid,subscription_create,charge_automatically,eur,100000,0,100000,100000,100000,0,1,1747975723,,1747975723,1747975723,1779511723,pi_3eLcWaZlN7WGysbukNSUiQoW,ch_3z2EB4T9z2R0IEdQKHV3c12Q
in_1izsfTw8O0KlIQym9srfJ092,AZY8KFFJ-0003,cus_EpYJwCFixXrl6r,sub_1MobzK55SZgdvwacxEh1qMCl,paid,subscription_cycle,charge_automatically,eur,200000,0,200000,200000,200000,0,1,1747994418,,1747994418,1747994418,1779530418,pi_3Ddc3ZteQQkBLvkyUYXoEFHk,ch_3mqsaJ016hYWJIyMqY2J5pLc
in_1qSQL3rjRawjkSoLTnL7Nd9A,IA2YW3ZC-0002,cus_cGphVu6uaMWTBx,sub_1m8Qk77ElLlA70P08jLagd6l,paid,subscription_cycle,charge_automatically,eur,100000,0,100000,100000,100000,0,1,1747995952,,1747995952,1747995952,1779531952,pi_35mZO71SkFDYawG3qxZBHdII,ch_3qVYXR2oBq7Hrw9TOs67J1Z6
in_1SFR7gulDUfCwKfp6VjF3EWi,LJD5A5M6-0002,cus_dzFf0bFs1taP8a,sub_1yHTWJaYaBGsYM28ciBTws7u,paid,subscription_cycle,charge_automatically,eur,200000,0,200000,200000,200000,0,1,1748116238,,1748116238,1748116238,1779652238,pi_3QTksPpiGUI9wfqjjDVpUAu1,ch_3PnsnxceUUsMCJv6osNpXK3k
in_1gcjhTfP5aTpKrS8mAcr1d7H,1C298CUP-0001,cus_YnnqTWhTOWKHk7,sub_1IgSghVk4L5q3ZwIGZxXfZx3,paid,subscription_create,charge_automatically,eur,100000,0,100000,100000,100000,0,1,1748254416,,1748254416,1748254416,1779790416,pi_349zxUjS4jLe6AS4COewMuMQ,ch_3l5QYfPOs68F1k35q0o0v0IA
in_1zfDPOfpB3nJNRdVufaXgQ9t,YJWUWHOG-0001,cus_I3nZZWtx8rRSi5,sub_1BbHt1so445NJOtLPvkXzeW0,paid,subscription_create,charge_automatically,eur,300000,0,300000,300000,300000,0,1,1748289606,,1748289606,1748289606,1779825606,pi_3PHMYptDsZxfusekDUvLmHFj,ch_3sS9iPsespHDESTLCH6DdjdE
in_10OCTzlQQct7QWCGt1RY0giB,ZELFKGM1-0002,cus_8l3JaV24P6GpL4,sub_14Rnw4TKFoYi71LNGg9rjmI1,paid,subscription_cycle,charge_automatically,eur,100000,0,100000,100000,100000,0,1,1748445397,,1748445397,1748445397,1779981397,pi_3s4x2kuObHc313fUHRGLqWsZ,ch_3R9Z9lLGrI8uxndhCxBV82pO
in_1oGzxDWLsgyKWJegLGftT6iE,YSTDWKNA-0001,cus_efyb2VFX2mI7AT,sub_1jzUBkQHjMigt0jme8GoaOTW,paid,subscription_create,charge_automatically,eur,100000,0,100000,100000,100000,0,1,1748452289,,1748452289,1748452289,1779988289,pi_3jOH348Rv5baKZCah1tCbY1i,ch_3J1zT5Z85o38sCVtuKT2jawz
in_1yU35wS0le9PWP6fznCZ4e3f,IK0FKR7O-0003,cus_FqF1Ab2ux3jbz6,sub_1nU55c1atL1a8j0tY07kW40b,paid,subscription_cycle,charge_automatically,eur,500000,0,500000,500000,500000,0,1,1748768701,,1748768701,1748768701,1780304701,pi_36ZeIrw0ZjqaOGQwM36js4yq,ch_3XOexSSrKu6YeLgD91BXMqUI
in_1isyVrCx4XcdbDizdclsuh0x,PQGZ3RFS-0001,cus_ZV3sBQlTusuCCe,sub_1C3a8LvOw1fvaBaxskl4DFrR,paid,subscription_create,charge_automatically,eur,59900,0,59900,59900,59900,0,1,1748956018,,1748956018,1748956018,1764767218,pi_3v09iDc9wSqljhv7ZkoeuGFd,ch_3OJV6ikezgY3pcXXiORnWsUk
in_1NOv7C1o7FZ6aOZkR45NB7NF,478SXSQM-0001,cus_TeQ577NIxYU0SD,sub_1XI4ibRQqlB0Nz4j7WxZ9wi2,paid,subscription_create,charge_automatically,eur,100000,0,100000,100000,100000,0,1,1748958432,,1748958432,1748958432,1780494432,pi_3CdOdRBJTzk7X6LSshOkR47O,ch_37F8df21g4gSpxeA0sub6FZC
in_14WbfSFSSw8p4M5zu3pDzSLT,VWRMHBUK-0002,cus_W837pEq7Za11Zv,sub_1Pn9SYQWcZ25qzZ4OdBKxiEF,paid,subscription_cycle,charge_automatically,eur,100000,0,100000,100000,100000,0,1,1748987081,,1748987081,1748987081,1780523081,pi_3S9dvXpUYJHuaVLdvfiTSFac,ch_33n3Q1oWgUtTAPxl3cMXykat
in_1WUrwGdcfx4jjtLZLc78SS9F,16HJQETG-0002,cus_RhH6WC5XsvCjEJ,sub_1BY4Bva4pABCtxQR5ahVxJFw,paid,subscription_cycle,charge_automatically,eur,100000,0,100000,100000,100000,0,1,1749046249,,1749046249,1749046249,1780582249,pi_3LCQkj4imprzbwiQz5iwls9s,ch_3zNabbdYUqZ1Von7TiMl8yfk
in_1JYFTQCrEef9KfbYMscfxiR0,7NXAZ3Q6-0001,cus_JraH98XxhgHKt9,sub_1rq60rFkmrlRXcBKr7PxgXO4,paid,subscription_create,charge_automatically,eur,59900,0,59900,59900,59900,0,1,1749048192,,1749048192,1749048192,1764859392,pi_3uhAHUv025RRk6TXZgZlRbtE,ch_3pgfuzQ9sSziJ9VzaZecTVaQ
in_1apxmupMLISC6HxgNjWNqTza,UWD5UF8R-0001,cus_PLI90ukvlfO4pW,sub_1HiI3mrkpgJenBo72TwSgmwc,paid,subscription_create,charge_automatically,eur,59900,0,59900,59900,59900,0,1,1749064008,,1749064008,1749064008,1764875208,pi_3bebE0dV0yw7y4u1zbS4EeZz,ch_3WXPXw9Phd5JqILvSavk10yk
in_1v9cMCsGKvGSNTTCuAK7fF4n,XWMVABP4-0002,cus_DFApu5JZTomOtF,sub_1TPYt2ASB7NwHlCOjXCwyzpw,paid,subscription_cycle,charge_automatically,eur,200000,0,200000,200000,200000,0,1,1749134868,,1749134868,1749134868,1780670868,pi_3brtkv6SY5PpJG6xOFubb0gj,ch_3tPFhr1iEsIlrHhnMUd8StxW
in_1von7f0bCyRDat6WxiVBQUIG,HQHZFSL7-0002,cus_D7apon7sw6wGtL,sub_10fjjeLzbEKcUyUFjl7LQsy1,paid,subscription_cycle,charge_automatically,eur,59900,0,59900,59900,59900,0,1,1749218860,,1749218860,1749218860,1765030060,pi_3AW69ozqkrG5H3C7ViSh6ttr,ch_3nGTuNCWouZf7lGwDtAUJo1k
in_1AyA4kTPytzjtC50wtIsQBHG,U7N6E9AE-0002,cus_csm9fU28JoQo81,sub_1JSfKhLtKr2KvO7jacANWaDM,paid,subscription_cycle,charge_automatically,eur,59900,0,59900,59900,59900,0,1,1749229546,,1749229546,1749229546,1765040746,pi_3tG9vZsbenF8VSKfeCzDX7Zl,ch_3yabyQ5wAuTsLY7ehtvZ6LA0
in_1bdYPfmzuw1dxR5TVVbnfgy0,3U0BPLCJ-0003,cus_aLz5OtxgFQPNF9,sub_1UjN2VPMDgJnBZdM9DwT6UXi,paid,subscription_cycle,charge_automatically,eur,59900,0,59900,59900,59900,0,1,1749295604,,1749295604,1749295604,1765106804,pi_31Knr5UekGTsMjNgI6MSM0p1,ch_3QqYDFYAy9HtNA9jl3FVekDH
in_12QrV4ffRVRfGSCHdIiPdN37,3FTUXD3O-0003,cus_hUhVwse53NKb1g,sub_1kXtf4XUuhQpyLapgVLC3Fg7,paid,subscription_cycle,charge_automatically,eur,200000,0,200000,200000,200000,0,1,1749393586,,1749393586,1749393586,1780929586,pi_3e0zSRWtPunMjanbdJlIV8JL,ch_3zEpgiK6gJGK9Gs171Kyhj28
in_12zLrMxN1NFsWjsakGXyc8nY,U747RV2Q-0003,cus_xhzIsEqS6IHCiY,sub_1mCbGAd6mKOaGFqAliOldaxy,paid,subscription_cycle,charge_automatically,eur,200000,0,200000,200000,200000,0,1,1749401009,,1749401009,1749401009,1780937009,pi_31B9xdHjGs5e1e94HOFHcBrc,ch_3pNNSpazpgJAOQpMUiEF7dci
in_1PRd5s9TWwASHAzH53hffPpN,9MY9OP90-0001,cus_CPzFDI1ef353KQ,sub_1AxQNDq59agbYRnrgIBgv7C8,paid,subscription_create,charge_automatically,eur,100000,0,100000,100000,100000,0,1,1749470660,,1749470660,1749470660,1781006660,pi_39bIMTihX8XOCuwo7hGoCvzm,ch_37xVgCXXOH7uf5Nm3ni1AoXM
in_1uEiHo7N5h8Qp72vjOUK6pAE,90BWBEJ7-0001,cus_SGBrFWHqpd3zsb,sub_1TgiPqKXxD9pQVvjhXaZZ3uA,paid,subscription_create,charge_automatically,eur,100000,0,100000,100000,100000,0,1,1749471264,,1749471264,1749471264,1781007264,pi_3pUpUJ1ghgl4J79dmkeWZkeG,ch_3Rvp1KJNLBVV1UUoRBfMlOZG
in_14HlguIAp9OdOo9RnCsHY9qV,68GDLSVZ-0001,cus_Eo1K7rR5RH38o0,sub_1mQ0uibGLmk6owVk4xDhDatz,paid,subscription_create,charge_automatically,eur,100000,0,100000,100000,100000,0,1,1749563042,,1749563042,1749563042,1781099042,pi_3jyfoURlhk5sjFILSeC71Fhw,ch_3LH9fVtzwd2P663Ln2IRTrau
in_16yqutGlQOGbW8fCEUelKcXV,NRJBU22G-0001,cus_jq06lPRCoijvFs,sub_1lZcsNVpfSfK5CHmbKa3NrQT,paid,subscription_create,charge_automatically,eur,59900,0,59900,59900,59900,0,1,1749586107,,1749586107,1749586107,1765397307,pi_36gQXrh6OHu4w19SFupxhtPi,ch_3H6oQl4BpmFBV3Ou10XpgLfJ
in_1ZTnBEjGMK4t1fh45C7Urpkl,LLIKMHD2-0001,cus_9hnAFY9FrUCjP0,sub_1KqCGm2oWaO4aLYGqhdyhXzJ,paid,subscription_create,charge_automatically,eur,119800,0,119800,119800,119800,0,1,1749655448,,1749655448,1749655448,1765466648,pi_3tkJlM1drw9ZB011WhIMyKdU,ch_3Hp3TPoCjbQ9rcI3eTcVRO7A
in_1XCyrpzNwAf4j1hHSZ4LV8Aw,EQ0ZJGYS-0001,cus_1rmyPrZysuuBCo,sub_1dt68SwSoxXXXIKI5MkTgZaH,paid,subscription_create,charge_automatically,eur,100000,0,100000,100000,100000,0,1,1749659328,,1749659328,1749659328,1781195328,pi_3ZJBR6wnlNCbW4V5u1xicnsC,ch_3FufbWuZqRwY8EPQJ3oaAT7F
in_1qQEllTt8rNtTXgNVHQ6Y4HO,20D3NZMV-0001,cus_iqHAY8vbZ8wHSP,sub_1kjDl609kfsZ313rryfM6Qah,paid,subscription_create,charge_automatically,eur,100000,0,100000,100000,100000,0,1,1749667116,,1749667116,1749667116,1781203116,pi_30eCLMFdl83spXh0v6hP39wZ,ch_3yDpgCEDaeOfbI0NEqjYHIt1
in_1h4Nc6ZF5HdCsoZodIOgdfAX,9VR4IC6Q-0004,cus_cMGwRRvtoTdIiv,sub_16SvHlizDDm7zIKN3zFKfLOR,paid,subscription_cycle,charge_automatically,eur,59900,0,59900,59900,59900,0,1,1749711237,,1749711237,1749711237,1765522437,pi_3h6MNRwHpAXDfz9XDlTQuIiW,ch_3ZNVJj7luxqxFCOqaul1uPzz
in_19eOsE59zFhwUvR5CH3i1hn0,Z7GF1FV5-0002,cus_jHxLqo8hZB5pOe,sub_1NvNLzxcN2fRUShT7Gy5Cx7i,paid,subscription_cycle,charge_automatically,eur,59900,0,59900,59900,59900,0,1,1749713483,,1749713483,1749713483,1765524683,pi_3KJyzf7nhA7GdyopOxif2kxy,ch_3VbPziQNeMIvvcKTsQDFKlMN
in_15h9wRSfnf98j8te599TMv8e,XA3XJUZM-0002,cus_Dt1j5XFE869ZTj,sub_1RCt20p11dIkpXwEhhDBQwgd,paid,subscription_cycle,charge_automatically,eur,100000,0,100000,100000,100000,0,1,1749716687,,1749716687,1749716687,1781252687,pi_3JYjTZsCeFeboNLCDKjg3VXx,ch_3gyGGnYvDYSeKWl4QN2vph2U
in_11jOQ8TuBPNDzAoOtkDxhxB9,0HPHHJUQ-0003,cus_eG1QQ97qw8L5Fb,sub_1Nigpsgrp3GMaxcbsbjLKfOl,paid,subscription_cycle,charge_automatically,eur,100000,0,100000,100000,100000,0,1,1749884769,,1749884769,1749884769,1781420769,pi_3PTbujOfoRRtWZ1qJJSnmVsF,ch_3FJzlwRwgb6EakcnWcv9Hd8k
in_1lcb81bZlx12lYFrkXcmiWal,8LJLI8XR-0002,cus_seuNAnlEfIW0WU,sub_1KK3AWDsn4QLS8L9QwqvY0cH,paid,subscription_cycle,charge_automatically,eur,100000,0,100000,100000,100000,0,1,1749902021,,1749902021,1749902021,1781438021,pi_36mDhq6myVBpABq5QcXVAE7A,ch_3wQ8jWyO9ON6Yxt4rm9glu4R
in_19AST8wFeGpbOkVLwkXhhzQk,NCFU0LX6-0002,cus_PtSjWO8Fza10AE,sub_1NKsCQJwbg5smhmsRV5OHxHx,uncollectible,subscription_cycle,charge_automatically,eur,100000,0,100000,100000,0,100000,3,1749918121,,,1749918121,1781454121,pi_39hCptW96bzhkzqLT1lr4y9a,ch_3NMJgtKvRE2bw2WN85a71gl9
in_1hyd15i4oj1a2diZah8mBDYZ,07NY7ZNZ-0002,cus_ExZ5AMTJPVntlc,sub_1nfBogtUshVFP6FxEbZ5bBug,paid,subscription_cycle,charge_automatically,eur,100000,0,100000,100000,100000,0,1,1749921006,,1749921006,1749921006,1781457006,pi_3qiPur7QmkiBOe4BqpqZxrbr,ch_3W5kN2CDhy1zPSSKpJw8vru4
in_1u30XXFKf2SYnSWS9ACH8GXy,0XSF7SYF-0004,cus_5b9iDl6IcU2YUt,sub_1A2FVbTpELMjcLeeQYBSqg0F,paid,subscription_cycle,charge_automatically,eur,179700,0,179700,179700,179700,0,1,1750003159,,1750003159,1750003159,1765814359,pi_3tlLdIpkUlTjQLP9r7PfTfiz,ch_3dfJoUygtzT5UoAFA6KE8es9
in_18Y7ay1HNuF0LXG6MvgpUx9h,BPPQSC3G-0004,cus_eMlFdHq4qjmKOC,sub_1zFU5dX7Pez0SO2aTpFGkzLW,uncollectible,subscription_cycle,charge_automatically,eur,100000,0,100000,100000,0,100000,3,1750076536,,,1750076536,1781612536,pi_3p3EQ1gGkH3zBWLsrFQJawUP,ch_3l1TEsJWcyg67nEE42gKWQJL
in_17oudRWVpCv2BnFDYm8zyHQV,GCYBR7Z8-0002,cus_ZeMhwsReltcYBk,sub_1SPIvkrq2ywYvREzdSWbKJ4v,paid,subscription_cycle,charge_automatically,eur,100000,0,100000,100000,100000,0,1,1750178668,,1750178668,1750178668,1781714668,pi_3tvdYkveRxhvReoVpj0MVnBF,ch_3OusgmATrceAzTBnhWJ2gVWg
in_1xciLCfCwE00WKR07Va02Nou,139JZL53-0001,cus_z1qHpHlDpF5AxN,sub_1itLWTwJuYLQGD7HVyvs1Ow8,paid,subscription_create,charge_automatically,eur,100000,0,100000,100000,100000,0,1,1750232124,,1750232124,1750232124,1781768124,pi_3uIs2V3vmlySLLzoTy7JK2j6,ch_3zFo08BFvdzJjWQGlfPFOCfj
in_1dFSijvPmwu0URdojZAeEWTO,P7KSG1X8-0004,cus_GwqVkn0sc0VfuP,sub_1BEQNFpnW9zlLrdnMJaJItpr,paid,subscription_cycle,charge_automatically,eur,59900,0,59900,59900,59900,0,1,1750251936,,1750251936,1750251936,1766063136,pi_389oEfxBsEYF1GyevFrBfLw8,ch_3uubmiafDE20LWOb9pq27S4j
in_1GWAzhOi9XdJXBW4QqWFIaJm,LZSDOY1Y-0001,cus_tm6n7IFOCi0irk,sub_1nvjknHBHRwKfH90MEbuY3B1,paid,subscription_create,charge_automatically,eur,100000,0,100000,100000,100000,0,1,1750347130,,1750347130,1750347130,1781883130,pi_3jzxWHPbvDSignuFrnuOdpOM,ch_3njz7Pt2Vh9OzzmjwHQq1N1C
in_1z8g9HKh4GIeZJCDh1ETOd7E,VGVACAAL-0002,cus_itG6ylb2rPWSCu,sub_1xwLFDGSnC6ZQ8EnO8iwSgBK,paid,subscription_cycle,charge_automatically,eur,100000,0,100000,100000,100000,0,1,1750408262,,1750408262,1750408262,1781944262,pi_3vvkzv3fNSrBLsxfJ3x4BJ6C,ch_3CO8KouzFMVdIDVmWKnDEdqL
in_1jjPdFm9xs5zjXqcK9AJc2VB,VMHZL1S2-0003,cus_WtObbSwd945cC4,sub_1RCGhtvfiY111HZ1IGs1JYdZ,paid,subscription_cycle,charge_automatically,eur,100000,0,100000,100000,100000,0,1,1750408911,,1750408911,1750408911,1781944911,pi_3b7ZxjAZqiziSboFq6CZzGgv,ch_3zQaefa9BSZo7I06ZLJFxdRf
in_1Bjb6COdbduwvWo8o7MUI7sW,NOFQR1VY-0001,cus_Q8XDzuWOymbrBi,sub_12xTS3OZci8hd3RKQxrCVwji,paid,subscription_create,charge_automatically,eur,59900,0,59900,59900,59900,0,1,1750417406,,1750417406,1750417406,1766228606,pi_3mxOKWXnPRfcZDO3TeDsyf0O,ch_388D6u85cwUYL6bmqfpdkxHg
in_1IrDdwt28a9sEFkSfUFATGcd,U7LVSHO3-0001,cus_5GLt0pX06qgdzS,sub_1Gq7E4y4exSxooyGDVhfmMBp,paid,subscription_create,charge_automatically,eur,200000,0,200000,200000,200000,0,1,1750419661,,1750419661,1750419661,1781955661,pi_3vxw5IpsLsTOuXR9YhZPWGeT,ch_3GNSx8WaxaPW38z1XCOf3a6L
in_1ulnZKYndxYpcmoiLFIei8oj,I3NN4U66-0001,cus_3y1bTGxvRhFdD6,sub_1RH8O9QahjCkVursOEf1xjTx,paid,subscription_create,charge_automatically,eur,59900,0,59900,59900,59900,0,1,1750424109,,1750424109,1750424109,1766235309,pi_3oG0yeZgRp9HWck2NEQpFLJs,ch_3khFLW23ME4WxoUpIUGS2Ewx
in_1xC99tk32p7udA0pmscg7ZFV,WED6M4JL-0001,cus_LL6PJLphWz2s2v,sub_12fD1bkYiPVtmkACodlumP7w,paid,subscription_create,charge_automatically,eur,100000,0,100000,100000,100000,0,1,1750425710,,1750425710,1750425710,1781961710,pi_3DeXy2xYjeO00JGARDuQ8GzD,ch_3BvA3H4I38FgQbX4UTShb8kG
in_1mfpzs4TbKzTApV8G6VmDxOB,HI972L3R-0001,cus_8ZT9FkIWSADiKp,sub_1T5iPfxgilaJHSVH9Ptufd6X,paid,subscription_create,charge_automatically,eur,119800,0,119800,119800,119800,0,1,1750430890,,1750430890,1750430890,1766242090,pi_3a1oynRLbHK4DUGwUl1k4J6I,ch_3ySqRNL7adR3jAnHTz9teUuO
in_1WZpKjconblrsOpqamkzlWK4,JOTTLM1V-0003,cus_XP7Tp4JJkYxWr5,sub_1ZfY0aQcNX0OooJUmWYzWL42,paid,subscription_cycle,charge_automatically,eur,59900,0,59900,59900,59900,0,1,1750498525,,1750498525,1750498525,1766309725,pi_3B86uaCZenn2aO4ebyxcb1Uv,ch_3bDnE4Kn5CyWWUPxArr9jiAw
in_1jU91UDk4orHLyRClnrBC3u7,PXSW04A8-0001,cus_Fe7NGHqx09EBGX,sub_1C9uaToPDZjPgMe27jIFetpY,paid,subscription_create,charge_automatically,eur,59900,0,59900,59900,59900,0,1,1750523075,,1750523075,1750523075,1766334275,pi_39dlpdXBOV4JcZcfG0PAmKtz,ch_39FOO35gvJOfZ89N23veS8VH
in_1RdVsXHVfmu0uZPXMnWm4MBo,62BIN83D-0003,cus_FtPHDUZOxM4QjK,sub_1PP8l3PACj8omqj8yhl8Ymw1,paid,subscription_cycle,charge_automatically,eur,100000,0,100000,100000,100000,0,1,1750659139,,1750659139,1750659139,1782195139,pi_3RQjtKsGDJBgB57Ifd62hPXB,ch_3XH3sgW7eB63JaDuMST2Oil3
in_1e0qdrt6alPOukDZ3FMEAovO,CKGJY1QO-0001,cus_MyBlOpIsCE4peG,sub_1mwCATH8adh7wirPhaqyhK85,paid,subscription_create,charge_automatically,eur,100000,0,100000,100000,100000,0,1,1750674615,,1750674615,1750674615,1782210615,pi_3AHndM0SZZA6zdk4ZvNO2Zlo,ch_3VDkMRACBczBYdMsOINaQeKb
in_1Y6jibQMqKfn617friH6tZVx,BO4F77TT-0003,cus_RBrImNdCsfyTx7,sub_1Ja5Z0hIhH24sQDu4jo6YIc3,paid,subscription_cycle,charge_automatically,eur,100000,0,100000,100000,100000,0,1,1750675020,,1750675020,1750675020,1782211020,pi_3jQytf19B1DQmA21SXYUp4Td,ch_3e1D7KqIj0LvIc3HytlaQHQX
in_1BGQeB999blVVw0KFFFBG8zS,ZQCG6VQ8-0002,cus_w955XGS41wafDd,sub_1jtBfscdEK3caYDnBv98TQ9e,paid,subscription_cycle,charge_automatically,eur,59900,0,59900,59900,59900,0,1,1750686298,,1750686298,1750686298,1766497498,pi_3joyXui4AR9LMciHvwEh6Hjc,ch_3WRHDWGk8mZ8bUW4rNszZyr0
in_1P3aAQBCOBKkckqusIPQDens,ZQQ66UZW-0002,cus_rcnNi9l0MM1Dr2,sub_1FE1Ln02lsW2TtJ54476VMKF,paid,subscription_cycle,charge_automatically,eur,100000,0,100000,100000,100000,0,1,1750761071,,1750761071,1750761071,1782297071,pi_3cIS1fJ9hkdvlJBOzUYOXIPp,ch_3QXCj6KZcgp6W2523xa89vYa
in_1KfEIvkATnIeIPSf7qrAf4yc,FBQGSPRR-0002,cus_WO5r0gyNqYtToM,sub_1dsjqSBjNjNm6oBbmatuR6C3,paid,subscription_cycle,charge_automatically,eur,200000,0,200000,200000,200000,0,1,1750846608,,1750846608,1750846608,1782382608,pi_3jIVMSw0nBToWhe5mBqEEWgz,ch_3vtorwZz4TptnhvqNVaSD4Mw
in_1zTpWgMBeHkVRuS56DNu1L9Z,6XE2PFWL-0001,cus_c5CCXT9p6WWpgB,sub_10EtzYy3iXliNtYF8xlmK0ZJ,paid,subscription_create,charge_automatically,eur,100000,0,100000,100000,100000,0,1,1750850590,,1750850590,1750850590,1782386590,pi_3xwTy4JmiSfDmE54bjjBKaM9,ch_32veoTdQpFQVRkQPZ0XM9Nl1
in_163Hsu6COq55lwTJykhYkRPQ,4ZPPG2RS-0001,cus_MKNPdH9RJPfSXx,sub_1SdT0UcAYxyUUsTiBTe7hlIo,paid,subscription_create,charge_automatically,eur,100000,0,100000,100000,100000,0,1,1750857521,,1750857521,1750857521,1782393521,pi_3c3MQmf3wQRZkvZrdjMdtd91,ch_3XJKE0y9xflL6MT4y4alLGY9
in_1FmDPD3caRfVOEzoBOLXEo6f,FHYNE5EU-0005,cus_KZCQRqFZnWQLEg,sub_1YmsWmJDDX5j8qIpVN05cdUD,paid,subscription_cycle,charge_automatically,eur,59900,0,59900,59900,59900,0,1,1750937256,,1750937256,1750937256,1766748456,pi_3oD3avFwDPRh00OnlWKrXUKH,ch_30ULpnHNdB4fjWJ5YxxuRl9j
in_1aioAn9RZAXW35hCP3LxwDym,YKQTNJBU-0002,cus_STFH9I3YlpHeJE,sub_1mCUDeexX249WGE7umrZD3uC,paid,subscription_cycle,charge_automatically,eur,200000,0,200000,200000,200000,0,1,1750969663,,1750969663,1750969663,1782505663,pi_3xWLTe7kTRn48O5Xdpwi4KxS,ch_3OYdHRwFePNpQeCXQF7kRDnW
in_1d9EMUYyoIons7xSrFXhFryx,T6LCZF2M-0002,cus_HWCEb36rwht705,sub_1Js7Hw83sqVYP5naZbnPmFmK,paid,subscription_cycle,charge_automatically,eur,119800,0,119800,119800,119800,0,1,1751015324,,1751015324,1751015324,1766826524,pi_39Twp24zpgTtzsMCdld9LGfz,ch_3t6FjyFN31ieq4KrRsFXkhCs
in_1rBg4jvO19PsfKLva688VkpV,G9DNOGQD-0001,cus_qKxvMYym7551To,sub_1xaXgwNeGVU9h21rOBrTLHWO,paid,subscription_create,charge_automatically,eur,100000,0,100000,100000,100000,0,1,1751017840,,1751017840,1751017840,1782553840,pi_3skKCkdPHtdOzdPvD6kMhFUg,ch_33780JVaKkytXYlvlpSr9RoB
in_1XpsxFxN9WvV9YCxMuN1G6Wm,DGMGZ6OP-0001,cus_QoMOXI2egklBvM,sub_1kd1pJcGbEYb1soFfV98bBTm,paid,subscription_create,charge_automatically,eur,100000,0,100000,100000,100000,0,1,1751020215,,1751020215,1751020215,1782556215,pi_3sk9DjDXiB8CrqxyjoWHR6oW,ch_3b6JaP2w2dDrM1BDTQ5K3zKO
in_1oNL38e8KGtLxyF4jXnbpW0a,XL7TNSRW-0001,cus_Cz7JSoHXkrbl4K,sub_1k2ZTN18H86XXjKG0IrhSLHo,paid,subscription_create,charge_automatically,eur,119800,0,119800,119800,119800,0,1,1751039873,,1751039873,1751039873,1766851073,pi_3l4kXTWz9qaeozIAHgYppkVd,ch_3R0rNtsJRAA0ocq3MPEaiRW2
in_16oHP3s9GLEnhALaUxfLkCTm,X9WMGVFJ-0002,cus_Kw5eH8wY5r7ODv,sub_1si41KUCD8bkrvxcdgy1lFMv,paid,subscription_cycle,charge_automatically,eur,179700,0,179700,179700,179700,0,1,1751188238,,1751188238,1751188238,1766999438,pi_3hggohwzdIEVCdNS4hkjiGAI,ch_3BzlsbwFrAQW8r7ZmP51aGqJ
in_1pOUv7C0kA0p7voxwys3qDW7,IDW09TKB-0003,cus_nfjd3pyeQgkqIy,sub_1Ku9okrYCY5nVF5MY2CfCtgl,paid,subscription_cycle,charge_automatically,eur,100000,0,100000,100000,100000,0,1,1751211658,,1751211658,1751211658,1782747658,pi_3o8NUv7e2OnAjtI9snrsMQ1G,ch_3H6D2PBHMFopwI2PEpxAWuxn
in_1QHvEsA54pdAy39RPCc3K3XD,Y8QJW16A-0001,cus_zJBSbOivDNJIh9,sub_1HG0LLkBdkPWZu1NdHAGzUdb,paid,subscription_create,charge_automatically,eur,100000,0,100000,100000,100000,0,1,1751272740,,1751272740,1751272740,1782808740,pi_3h4MonYVssJem3faoQdnuqsG,ch_3SDL9vptdRi8LgpsFgH6yhrA
in_1BiCaG0ddsQoAk6dYxqo1vgk,CIDZNGGU-0003,cus_KnSWQN5w2EkK5j,sub_1LHKpTOcdrLbG85M9L6CMzAe,paid,subscription_cycle,charge_automatically,eur,100000,0,100000,100000,100000,0,1,1751281827,,1751281827,1751281827,1782817827,pi_3nakb2m6QGLtwv86RR6f0iwg,ch_30lW6aXostm3wLmKSmi7Rg3N
in_1Q5Xq1f6LM6e4GFHvrr3CKej,6ZRG2SKS-0001,cus_7EQmky66mUY78d,sub_1aQ5QrtNKtYwDHVFkhoI6Xok,paid,subscription_create,charge_automatically,eur,100000,0,100000,100000,100000,0,1,1751296488,,1751296488,1751296488,1782832488,pi_3xfPMIfNbPXJud1VG23BpRlf,ch_3BsuAXLdDRaSleDPLp3GwLnb
in_1NX1thF5gGZ9S1LENIlgBjRy,6V8QDKWX-0003,cus_1B8bKDYCKjeiOw,sub_1DGUqLhVT6DKBpRdHKkH4k7F,paid,subscription_cycle,charge_automatically,eur,59900,0,59900,59900,59900,0,1,1751366205,,1751366205,1751366205,1767263805,pi_3s5FOl8FbZQhEW73k6880rF3,ch_3LBVCpwqK8K7Aw4FU82PATdd
in_1Kmbu6yk2UvU4sL2Wcdaw7jT,9QREIPSL-0001,cus_qPiiwMjVo6BO9o,sub_1x2QgBmHnXzr2I7bLHClLJ9z,paid,subscription_create,send_invoice,eur,28500000,0,28500000,28500000,28500000,0,1,1751372104,1753964104,1754230444,1751372104,1782908104,pi_3WtC2xFw2mDvybusR3rxK5nD,py_3o1eTUyctH7opo4aRnTtPPSs
in_1RBN3zjKykYNxAxx5abCemD8,J1JRVVRG-0004,cus_gevA4s0yRpDEjk,sub_1AEn2oZtamCv8gZ95qvzvE9D,paid,subscription_cycle,charge_automatically,eur,100000,0,100000,100000,100000,0,1,1751388460,,1751388460,1751388460,1782924460,pi_36ornsCGGT0hzvLKfL9JebSa,ch_33iFgGDcVltprLzgbsWsvuHu
in_1ds2BoDFVKkMOgfqGZScXu3n,4HV546Q2-0001,cus_AfChaUEaiugYH0,sub_1dvTnGKwc2Yiii5eJZLqTh13,paid,subscription_create,charge_automatically,eur,59900,0,59900,59900,59900,0,1,1751397028,,1751397028,1751397028,1767294628,pi_3iVqdVgaP3OmGX8iDsEioj2w,ch_3bKVYqPwc1bqsYz6LtKOQq5c
in_1oos7iep5f6AQoRC0nS8y9Sj,JGB6DROC-0004,cus_bMF0WqZy3iGk9W,sub_1XxUeXDEUYHwPwiQgb6LbEaJ,paid,subscription_cycle,charge_automatically,eur,59900,0,59900,59900,59900,0,1,1751471844,,1751471844,1751471844,1767369444,pi_3ovmRJz4FzJuctuFNLMvRX8R,ch_3e2HlLMiZFER89bwlMbhURNX
in_1JnXLI9i8vTp1R6LV3w4PKWk,QLMFBAZG-0003,cus_yZNKcJHK09FtdX,sub_1J8wsaTNME3jTM0GSiJlaKAZ,paid,subscription_cycle,charge_automatically,eur,119800,0,119800,119800,119800,0,1,1751547442,,1751547442,1751547442,1767445042,pi_3C2eQBlVC2ivEOXLXF7JT20U,ch_3PMIKKQPft7x2xgBaP2uhlsZ
in_1Xi4i6BOuGX1gXQXtH6FMlpi,DK83F255-0007,cus_S4OWRXlJczEYeO,sub_1mUYo1Pl1f7MDyLSN3bIsaSx,paid,subscription_cycle,charge_automatically,eur,119800,0,119800,119800,119800,0,1,1751573086,,1751573086,1751573086,1767470686,pi_3S7ssCHPPavHPKRAJgiXetKV,ch_3DKeKN1muFkp9sFztKvFaUsd
in_1K49vmv0FeBz5Yhr6Sy80on5,XKLPHMIB-0001,cus_G7nJ6yqqi9HTSm,sub_1kiWOX3lKdXTvxBj9TGhp3BL,paid,subscription_create,charge_automatically,eur,100000,0,100000,100000,100000,0,1,1751620965,,1751620965,1751620965,1783156965,pi_31UynRCkUAHm3Yd0XTPoV3j3,ch_3KAa5OMreC9Rjb5PU6kj7F8p
in_1M5OSL2c6ruIuIajH21pL33i,8HMXFQBZ-0001,cus_9QuaCVKxKdtgHV,sub_1l84yyoTRZjdi8VMK3WQrzej,paid,subscription_create,charge_automatically,eur,119800,0,119800,119800,119800,0,1,1751623547,,1751623547,1751623547,1767521147,pi_3Ku0qxGX7eFRl3ntulnP6ubJ,ch_3fRTVyIRY1rezxQlKSJ9xC3Z
in_1Ibofn5QwEms5iAI1Bzo5WfY,GU0EMKLU-0001,cus_z6Sh0lKoADvBnE,sub_1ouHxUvlhx5y2tAfliENAY1c,paid,subscription_create,charge_automatically,eur,100000,0,100000,100000,100000,0,1,1751645676,,1751645676,1751645676,1783181676,pi_3t0UwuaoXVmMq1h8a8t2X3pK,ch_32tRt4UDoQgwwUOlnGoFtH7X
in_1P4U5buDyHuES9poYZX7bPYd,U7HLF0HO-0004,cus_6ckb7gGCl3tSfs,sub_1Utzp0BXjKPIgzYcCf4B74Hw,paid,subscription_cycle,charge_automatically,eur,100000,0,100000,100000,100000,0,1,1751647876,,1751647876,1751647876,1783183876,pi_3KJ9mAMx0ZmIpr31EvlEEFmm,ch_3SxuqGijlqNTKcJjdlSXt5dq
in_1iep39HlZDuSbmqLSgxY1xe9,606DX5X6-0001,cus_ip0bZWAs16cpph,sub_1nP94LcXnyyfw5YRpUlfFXcN,paid,subscription_create,charge_automatically,eur,59900,0,59900,59900,59900,0,1,1752053793,,1752053793,1752053793,1767951393,pi_3bT8WJL6XdZy3yfg4q59ldcW,ch_3pUvB3sFAiaSJpN5atY2IwRP
in_1RSTyJdpQhcsPhXPyANoZR6V,ITQB1RVD-0001,cus_dXlKxw6oHJpxEf,sub_1RpUgOr3lhuqOKEoTQQYADgA,paid,subscription_create,charge_automatically,eur,100000,0,100000,100000,100000,0,2,1752153831,,1752154030,1752153831,1783689831,pi_3vASyHQtkQnmzCrcYAIkg2il,ch_3xxM9KLtU826YTS65DORQsut
in_11nGinELVIFkkpIgxOYpbb3g,B4684YE7-0002,cus_3gZq7DxNbjjCag,sub_10wmbAwD9pzJ4m1HUypuPEIK,paid,subscription_cycle,charge_automatically,eur,400000,0,400000,400000,400000,0,1,1752163089,,1752163089,1752163089,1783699089,pi_3F2mQ4fwXVDtrFTVZvaV7RAW,ch_3YrwFFDpY3NDlodQbYQ55LpO
in_1IJ3Qs4dhOL633uaGYJ1aaX0,GZIZLGD5-0002,cus_KKFrKkKz0M7J3g,sub_1Un4MW29UbLOfrDp11eIa8K9,paid,subscription_cycle,charge_automatically,eur,200000,0,200000,200000,200000,0,1,1752243030,,1752243030,1752243030,1783779030,pi_3FA1FTm1P18hBtaJoWuoAoz3,ch_3tWxNWvbwnmwN2JcUCF9qiXU
in_1rmVAsYXsQoxjWPOyu1ygCK0,NNFLUR47-0001,cus_v9myQdKslFP9xi,sub_1lk4fWUXmoUJmknXNjNzg2Cq,paid,subscription_create,charge_automatically,eur,200000,0,200000,200000,200000,0,1,1752243766,,1752243766,1752243766,1783779766,pi_3ZAiu0vkjbph9FUINU0BQ8iz,ch_3dxtWQMJbKjvOY2bz6rKrKjS
in_1OlhqjrjMbjENCbPYXcHzMue,M9IHIVX8-0002,cus_3e4rQK7VHX1ggu,sub_1afNY19NCUSiHqyx8a5LRlqL,paid,subscription_cycle,charge_automatically,eur,200000,0,200000,200000,200000,0,1,1752419262,,1752419262,1752419262,1783955262,pi_3fTezLbbskz3ce7Nl5R3QuUc,ch_3sX0uXzZS18H5YsUtdqhZtP4
in_1CukDW37O6ikXgdFT7qXKrtG,I6RSALJ1-0001,cus_uLtvpdRkyrEqa2,sub_1T1ef4TmR2TnNYpxSS4YJWfk,paid,subscription_create,charge_automatically,eur,500000,0,500000,500000,500000,0,1,1752506945,,1752506945,1752506945,1784042945,pi_3Bie9pYx2uUwUK4BZS33No05,ch_3L5mYF8g3UebqLMHdX6xnPDR
in_1lYRPUp09HxjrvDFD8Jhe4Nn,R2W5B6MD-0002,cus_n5J3f4DJt2Srdu,sub_1m12spMLW1JQPzHLzLeQR4l2,paid,subscription_cycle,charge_automatically,eur,100000,0,100000,100000,100000,0,1,1752513435,,1752513435,1752513435,1784049435,pi_38DOOaJylY7rGWNjAgnwmdQR,ch_3N7SwuJE62UG0hVA80gFvwPm
in_1L4hIQx0jHGLO4G3DlfMJTEQ,WE3HSS3J-0001,cus_FaK2FNtXMqGZtP,sub_15JDyZtxD3YvkbCiWWyZ4GcK,paid,subscription_create,charge_automatically,eur,59900,0,59900,59900,59900,0,1,1752597205,,1752597205,1752597205,1768494805,pi_3Ca3yzf3egG37uCgMLDQVXSe,ch_3Qf1lf8Ghfm3VicBHYNHYLLS
in_1KUZNa6Ie2WoQMAydM04LZao,V9758LS6-0001,cus_v2A9kx71dO9NJe,sub_1k5DUvoxDLHjX3izLs6XBn23,paid,subscription_create,charge_automatically,eur,59900,0,59900,59900,59900,0,1,1752618299,,1752618299,1752618299,1768515899,pi_3OMdefMrE9joctTbeezLOhRO,ch_3fPKK7GR1kfuwgXlbmssxRMK
in_1DetdQMyJ37QgkiPvVpG50Ao,X11HWJQZ-0002,cus_tJQXOv5fjz1abP,sub_1TRGtQ8v4wfOx1oMPbRuHGjy,paid,subscription_cycle,charge_automatically,eur,59900,0,59900,59900,59900,0,1,1752676254,,1752676254,1752676254,1768573854,pi_32sGCgAcaLh4mA1UzEifEIuA,ch_3yRAZtEqaqIXRIGgdipOSZzx
in_1rh48j9XgVuzMBf6sTZFOLlR,BBCSF03L-0001,cus_uqdHKiVyYsO66F,sub_1wj9wBsIytwv4BbFPGFCNBOi,paid,subscription_create,charge_automatically,eur,100000,0,100000,100000,100000,0,1,1752824143,,1752824143,1752824143,1784360143,pi_3RUpRwv0c8IvIuJMKIM5FSsA,ch_3jUZN8UtKf6jj7eCHbBFeza3
in_1cRn5ZsxZhsa2Exw9LKML5R4,TALTACNP-0002,cus_8bJfLdZkSXKZHu,sub_1ljXX5K7jfW1gMWjz3W9e8Sb,paid,subscription_cycle,charge_automatically,eur,100000,0,100000,100000,100000,0,1,1752949717,,1752949717,1752949717,1784485717,pi_3mTjlLQjMI8zrG8YYrBPHQZ3,ch_3t4QcWp9QYqlnCs7o5xm87eG
in_11uHMp6hUN0Qqr9EgKoDzA86,9SSDNXQS-0002,cus_IzJ1Lo0bdXh5Jf,sub_15wwWdgayIRfhpq2tTebKWOA,paid,subscription_cycle,charge_automatically,eur,59900,0,59900,59900,59900,0,1,1753023065,,1753023065,1753023065,1768920665,pi_3pell9fK81HQ4ljDuIUaMl3F,ch_3y9K7URdV8trdqtVxzgahY50
in_14c8eyh8F5To9v5Lbby2qVTx,KC0GZRAW-0001,cus_yq8FzikRoeJOOW,sub_1oF6b6YBiPrJaxzO0srWVRb4,paid,subscription_create,charge_automatically,eur,179700,0,179700,179700,179700,0,1,1753092396,,1753092396,1753092396,1768989996,pi_3nBJuNRC8O4fiDx7Esr57Hva,ch_3nCC0MHn3GnJ8gZZc94EKPuQ
in_1axsD8mDOmFEpJhZOTKZfpMw,ZGHK4JMH-0001,cus_lRB7NI4x0MteuM,sub_11Jtfz8dVYfoRqblDJMJcBOx,paid,subscription_create,charge_automatically,eur,100000,0,100000,100000,100000,0,1,1753101703,,1753101703,1753101703,1784637703,pi_3pgoNFoQslKzE1jBqYIvGL3n,ch_3OvVnueisasxhxVXJFhWs72O
in_1eOfcQuRfX6DCft8yQhHXU45,X3JKZ59C-0001,cus_5JiM9UeVPOuyNs,sub_1IIe6hwMOVnX9sSasAj0c29M,paid,subscription_create,charge_automatically,eur,119800,0,119800,119800,119800,0,1,1753116773,,1753116773,1753116773,1769014373,pi_31RxWCgCIBpZKznFrwuYQrh6,ch_37OfK0cQI3ag2W32D7eb17x1
in_1YdG7r9tlvOsLlZPOu7EHZae,GEYK2S44-0002,cus_H99x4EQf312SXJ,sub_1ywrvOB07XzpWzYZAn2YJqLq,paid,subscription_cycle,charge_automatically,eur,100000,0,100000,100000,100000,0,1,1753197745,,1753197745,1753197745,1784733745,pi_35kqNmGKyUASbzLbicEn82nt,ch_3OBhEglZS0YUjK3ZkI1SOsHH
in_1lgVwxWWwFRSXja96Ggc81r4,ZGTWJSK1-0002,cus_WcwCS0ZXTldRTF,sub_12sz3ujj7Q1NmComG0E1wpnF,paid,subscription_cycle,charge_automatically,eur,119800,0,119800,119800,119800,0,1,1753259198,,1753259198,1753259198,1769156798,pi_3F1x8h1qd53i5tPS2YH7fLIj,ch_3WCcYTYdo3CmMCwX1ehHjZek
in_1IOAh30veDmECwjyMEFzmRZM,8CX3ZCGD-0004,cus_A0Gj5UoSyEMnt9,sub_1mft7TP4TEkNCaPtM0d1uMao,paid,subscription_cycle,charge_automatically,eur,100000,0,100000,100000,100000,0,1,1753296631,,1753296631,1753296631,1784832631,pi_3dJKYC61tBTA6Bk9im0g8qP2,ch_36xeCZiU6XIZ2doGcC8KyKTG
in_1S1744WVQIO9S4wQBzD5VMtt,FDBTHRZ3-0001,cus_1oNKF46YLRS6J4,sub_1aHCZan9GjHc1YWjgAWiCZC2,paid,subscription_create,charge_automatically,eur,59900,0,59900,59900,59900,0,1,1753321421,,1753321421,1753321421,1769219021,pi_3moWndtpUpMCfpm1zEFQf2w7,ch_3EJhgSbh04Fm7z0krpEkY5wE
in_1SIE5jKahEQAg8dkf80Yx1nU,CAPUK6AB-0004,cus_mDIzXzYJuVNi75,sub_1GOzx9iWHCW0qwAi7ff9NPUG,paid,subscription_cycle,charge_automatically,eur,179700,0,179700,179700,179700,0,1,1753359241,,1753359241,1753359241,1769256841,pi_3zJBuJizonf785S0DZxMS754,ch_3cX6daq0fSX29e3w8GK8GB8Y
in_15vYGSLqp9mNcBXfrZs7lCmd,IB7IRHG9-0001,cus_Ez561zSyEWoSIJ,sub_1W1YY4DwSlnCi5YpmlEjQMR8,paid,subscription_create,charge_automatically,eur,59900,0,59900,59900,59900,0,1,1753361993,,1753361993,1753361993,1769259593,pi_31P5saxcKKnaog3snvJ0VFGC,ch_3D7xYE07OBvZO27sQoMDTb5I
in_19LP4CsGoCCBckYKmdtdYtaH,58JCC6SM-0002,cus_VUENQ9xaoZJqYD,sub_187g8JqA6jv1as3LtpvRKtY2,paid,subscription_cycle,charge_automatically,eur,200000,0,200000,200000,200000,0,1,1753448365,,1753448365,1753448365,1784984365,pi_3WRgNXsgkBpsaCwPyZ7WggIK,ch_3KJ2APJFmy9I1vY22mNZUfdK
in_1pFFm5BDeURD1Jav7Ulxe9BV,XHVTXX0G-0003,cus_j4jL813sWdp90U,sub_1R2WustfshzahJ25gz7sHBkd,paid,subscription_cycle,charge_automatically,eur,200000,0,200000,200000,200000,0,1,1753574219,,1753574219,1753574219,1785110219,pi_3WpZwF9Wo0TMOlsJBMkV3hrx,ch_3Ke1E0rjFItcQtf7ZcPjofy0
in_1ODfUBp0WQBvf2ttxy49H8D7,K0HD9QL2-0001,cus_IMAJqbuc1nbcyT,sub_1yjOSrIhvxvYOR9IyvMcctZe,paid,subscription_create,charge_automatically,eur,500000,0,500000,500000,500000,0,1,1753597838,,1753597838,1753597838,1785133838,pi_3p2Ryhh0jtxHKCV8cBSkmzqx,ch_3uL83ykm8Vfsb7ZMog5rgwi9
in_13HamfilL31rXMvkLdqypuiY,59NSS2G4-0003,cus_Gs2YQpfDLewYTo,sub_1QR18eIvyFckO3bBX6XkDiSM,paid,subscription_cycle,charge_automatically,eur,100000,0,100000,100000,100000,0,1,1753716585,,1753716585,1753716585,1785252585,pi_3lTL83U40JJZ3v9o6cFpPn4h,ch_3pbYREQU2XaFlOqvlJi1Shfg
in_1CK6zQb9eQSlh3pyLPkBtLjB,O1O1HAIT-0001,cus_0wi8IvYkE0p5bY,sub_1AaCEwDhQ2o7sdNRD3f7WPte,paid,subscription_create,charge_automatically,eur,59900,0,59900,59900,59900,0,1,1753792434,,1753792434,1753792434,1769690034,pi_3mGKst4Dry5cMFJEr1zHmHFm,ch_3Xgo5NherQCDWujdrVQLn5zt
in_1AuteJ6Pi2oVuEBXFcO37ESr,VY6R38CW-0002,cus_XEbRc2JORmEOVc,sub_1dG0SWTZW20IVbj6LvTngEnX,paid,subscription_cycle,charge_automatically,eur,100000,0,100000,100000,100000,0,1,1753820874,,1753820874,1753820874,1785356874,pi_3UqebM6U7a0lTCihBz3xmag8,ch_3eioT0coMH6YYI2CiYAgRcme
in_1gKTj8GJ3auF4dXrGyH8h5sC,POJZJ1K6-0001,cus_S5gBERh7FjT4pV,sub_19IPxNWDc9joate4TDD4BRJk,paid,subscription_create,charge_automatically,eur,100000,0,100000,100000,100000,0,1,1753832620,,1753832620,1753832620,1785368620,pi_38XHj1qRI4yuoGiom3bFgui4,ch_3SMdocuRzWNrF3QTE7c6dFYx
in_1WAU7LFVNS0ZEdkDdwXKYUL8,OGF91CB8-0002,cus_jjLsUMBEJ7yoM7,sub_1rQRjwzM82H2VajPhlaB7KS9,paid,subscription_cycle,charge_automatically,eur,179700,0,179700,179700,179700,0,1,1753883799,,1753883799,1753883799,1769781399,pi_31ujXa6nBzMPQGdRpinyHTmQ,ch_31ukMFB8QfJI5ovOmPlGGCZE
in_1eEtcS2dmjIIyMFzweR5w6Al,NCIV6WCZ-0001,cus_G8elGzYqew4ZV8,sub_1gCiAtIQT9kwruDwZMHQLBJe,paid,subscription_create,charge_automatically,eur,100000,0,100000,100000,100000,0,1,1753969312,,1753969312,1753969312,1785505312,pi_3iWXTjhSS483N6Cyp6svkxEP,ch_3zBXpQvlVW1Qpkr30OjBvuSr
in_1EZBpntxxHA8DcPzmVInqq4r,4B600USI-0002,cus_pfazaANxYHx4xK,sub_16sM8wl1dzMmqjGNejTMvccf,paid,subscription_cycle,charge_automatically,eur,100000,0,100000,100000,100000,0,1,1753995397,,1753995397,1753995397,1785531397,pi_3Lr5lugnBDWZaVQ0IwhO8bFH,ch_3rMc3F201BF38bmS3gs2aYNC
in_14fUtAOcWsywaoava7br0X9y,LFZ3RC2J-0001,cus_vUa2rg8bf7xFs1,sub_1zCohThn59us8XePHdtKGXoo,paid,subscription_create,charge_automatically,eur,59900,0,59900,59900,59900,0,1,1754052007,,1754052007,1754052007,1769949607,pi_3Ol2R4K57PTXRD3Lqx1fM6N2,ch_3yN5XzxflVGeyShBPKx8dYuL
in_12Xk4o6XwKt3F06BGx5x0leQ,L83O1UFA-0004,cus_25zIA82UBLtYX2,sub_1mQEYSeiYqvMLO9jUh9Kzj5K,paid,subscription_cycle,charge_automatically,eur,100000,0,100000,100000,100000,0,1,1754133381,,1754133381,1754133381,1785669381,pi_3c0qaAX2qnpmZQ1onRUSKIOE,ch_3Qzgkhoj9q54jdC74EhVAy6P
in_1kPQw26ShOTiiSHOdN1cj97g,7DNYI22B-0002,cus_ffUl0jdpF4f0OI,sub_1DY1t2IDlXZ8gQwAVCSHPuah,paid,subscription_cycle,charge_automatically,eur,200000,0,200000,200000,200000,0,1,1754296008,,1754296008,1754296008,1785832008,pi_3IrCKCVkof8YcTu7JLsjzIad,ch_3gqhkkuoT3QWEOWiyO42HWX7
in_1uQMRGMeWHSNYYzasF3twAJo,8EU7L7AX-0002,cus_DQgzSusBtHwUN4,sub_1X2FsI35cTsNQfjUXeHsYZQj,paid,subscription_cycle,charge_automatically,eur,59900,0,59900,59900,59900,0,1,1754297602,,1754297602,1754297602,1770195202,pi_3JFfQVd6LijIeDiYiNFPMCBt,ch_3Xxz2nZjUsUefsZvKPq3XfRB
in_1sCz6dlXMNcgVTTeGy70LyG9,0RNP5W89-0002,cus_pTw84HIDUqwL2k,sub_1Ut7ittO0r6NVvYWuz5d5itg,paid,subscription_cycle,charge_automatically,eur,59900,0,59900,59900,59900,0,1,1754399069,,1754399069,1754399069,1770296669,pi_3Li8GX0FkO6x25vuL7XEn2k6,ch_3SOHpXzXvSIx8TVUEHsrUuA9
in_1E84tW5AcAAz6fW6tEIlhl82,AYPNKG3X-0001,cus_igX990SbAjY4BQ,sub_1ntAjHd2a8Q851EnXSyikIju,paid,subscription_create,charge_automatically,eur,100000,0,100000,100000,100000,0,1,1754400532,,1754400532,1754400532,1785936532,pi_3ZNCS2RtHcofXXeoUXlFt7BV,ch_3bgW0nrHfPyEedk07i22pXP2
in_1nFsmLli1DwuA4LEQCmjJA8y,COPS9DMU-0001,cus_09aDqteAlul5Fu,sub_1wd5gqNvZlbcC1HPER5lS5CM,paid,subscription_create,charge_automatically,eur,100000,0,100000,100000,100000,0,1,1754403501,,1754403501,1754403501,1785939501,pi_3OVZTdPd1o9FejKt33QiNFDk,ch_3VlZgKkNPTQNdi1TXSpNkaxk
in_1G1K1ujVhwXyJDlhWrCQ8LU8,S16556SI-0002,cus_CSHbXJqao2Z251,sub_1oRsdTftCEjDY9lHMl4WTDAj,paid,subscription_cycle,charge_automatically,eur,100000,0,100000,100000,100000,0,1,1754406021,,1754406021,1754406021,1785942021,pi_3klsU3liHoZKl9T7a7ICK7Hw,ch_3zEV0nN5MvcO5efYQY47kPqI
in_1WOt7WynlmZuGUitOLYK7NK3,FFTHJSRX-0001,cus_Pc48J4NXJeVWp8,sub_11qUPpB4rh3MV7HHzT7Ey3vW,paid,subscription_create,charge_automatically,eur,100000,0,100000,100000,100000,0,1,1754480669,,1754480669,1754480669,1786016669,pi_3HxWY8sd1xYQASV5gKdWri3L,ch_3suIHdU50iNIchJHtakQzv8N
in_1Ll9LF7FyL3lYr9RObhKPNCF,1NIJY6Q9-0001,cus_oZ6PuUNbduvRa0,sub_1Ebmg8GlkoFVTz3HYSXTUryz,paid,subscription_create,charge_automatically,eur,59900,0,59900,59900,59900,0,1,1754487474,,1754487474,1754487474,1770385074,pi_3XQEXw7WWAJLIjFDozFUQOK4,ch_3aHrf9mnwCfxwQmRENoZsP9i
in_1QBULeHV0X76H799dF6GCyyF,1LY7VQFE-0001,cus_vMsnlETFJMDTfb,sub_1Bgq1BErgW9CWF7m476cPiwI,paid,subscription_create,charge_automatically,eur,100000,0,100000,100000,100000,0,1,1754565143,,1754565143,1754565143,1786101143,pi_3FuOJ2bUry9q7bK6t8CNyUfq,ch_3oPLpi1YOohrv3OmfNPpSmjZ
in_1m7guzgP69qJZHYzOQwp2siT,RFZ418HR-0001,cus_c2JP7Zjpz7Do5x,sub_1sXfTu76wFQYgnktHPjbEt3T,paid,subscription_create,charge_automatically,eur,59900,0,59900,59900,59900,0,1,1754573631,,1754573631,1754573631,1770471231,pi_3NMfVFoF29qBh3Rh0TpxKNXH,ch_3JqGgyrL9VlY5ijAq9I67wZl
in_1Tswuu7Ng2IABBtAzEPUlUCK,MNLR98D0-0003,cus_KbQg1QRNrZchTD,sub_1GAqwBlbpq1P1AV1HBrlZBog,paid,subscription_cycle,charge_automatically,eur,100000,0,100000,100000,100000,0,1,1754593269,,1754593269,1754593269,1786129269,pi_3JzrMXcUEghczaBEo7nCbt3I,ch_3X5gfM59slasZ7BlEeUZOtRK
in_19E4SSfIcibpUhz03sZVssPy,GJSRBFF8-0003,cus_yBz0zNu4uVqcZD,sub_1WWZ3oVsL0gZw2nBZZDUWc1P,paid,subscription_cycle,charge_automatically,eur,100000,0,100000,100000,100000,0,1,1754633243,,1754633243,1754633243,1786169243,pi_3JjJVHtrIPpVpBKxdsPUCDMn,ch_3R2IsRUfAUsbl0PP5u7IJ0KN
in_1WyNy7sN9CMGSym8Iv80WLLJ,H80MLA8H-0003,cus_DG8CPspgjcmlD4,sub_11AA8KVKJ2WDSxmDDMK1YfFy,paid,subscription_cycle,charge_automatically,eur,179700,0,179700,179700,179700,0,1,1754643739,,1754643739,1754643739,1770541339,pi_3DHVE2PcgzwRxys6tqwiwEU0,ch_3Bw5KBZH1djisUTVxeV2NbTJ
in_1DNHyK5wbcHCzWau5wHvgnyB,UOOYVQGE-0001,cus_2ThTEnVDOR6cAo,sub_1qerImpgPsSvXzFCoDvrOrOA,paid,subscription_create,charge_automatically,eur,59900,0,59900,59900,59900,0,1,1754656299,,1754656299,1754656299,1770553899,pi_3xKQ4Ms22bTxPqZd5OzP2vud,ch_3w3cP8C9ZNTVtY0Jt8ETzLcG
in_1gZR3KqKtanMZMUnvyuiU9zf,WVAOXZQR-0001,cus_8EXQNSPx4Pm0ER,sub_1knUvS2RWxdJSx41kcI1bCnH,paid,subscription_create,charge_automatically,eur,200000,0,200000,200000,200000,0,1,1754905388,,1754905388,1754905388,1786441388,pi_38r7bryiDVHQnP1GYoiDF1tB,ch_3vWsolqhqUXyoH0NShh1US7T
in_1ETpbPn7nUPGq0tGxAvxCzUA,N9BJ87SZ-0002,cus_i3js4IlUBNRrRd,sub_1PsFARxnf0XP3EuIKvZLRZfV,paid,subscription_cycle,charge_automatically,eur,59900,0,59900,59900,59900,0,1,1754993748,,1754993748,1754993748,1770891348,pi_32HyLqfGIPAHMF3JYWRM6liT,ch_3Q9LpBocy711JDSqTNpei4nQ
in_1EEt5DHGOUbqZL5dN6LDnzy8,6W00IRNT-0002,cus_GUTDi9a12YZ8b3,sub_1KG3F43tZEcjtIHwvLoucMe6,paid,subscription_cycle,charge_automatically,eur,100000,0,100000,100000,100000,0,1,1755010987,,1755010987,1755010987,1786546987,pi_3OIZOpVEZreYHKPuGuqSzc72,ch_3LSV18lcnb2al2XJghHpxkmS
in_1LMWB8xw4b1k7exg5Md9qx5i,5UJV1W5D-0002,cus_2Q5sRjsE51siX1,sub_1jOCRuQBFl377dQ5nhcNCkn2,paid,subscription_cycle,charge_automatically,eur,200000,0,200000,200000,200000,0,1,1755091664,,1755091664,1755091664,1786627664,pi_3DI0MyZgPl2O1ORDX5fbs4kD,ch_3IOnqiccXixxtEMUScDw7FEQ
in_1NjrfgTMLd2IsMl69XMvGoC1,B1XRAGXB-0001,cus_SeodeDPTeGUqvX,sub_13MyqZYDEeoOzosg8iYAHSKQ,paid,subscription_create,charge_automatically,eur,200000,0,200000,200000,200000,0,1,1755264324,,1755264324,1755264324,1786800324,pi_3z2EtlR9VaNAwDy71FmKnHFX,ch_3vBVrIOTufSwgS8pIj3WhtFs
in_1oNdomWLM3IF35CH6tJzNfm0,URQ11C3T-0004,cus_igS85lwKRF70Vk,sub_1pu34b6bW8wpmHPEhHbm1gWD,paid,subscription_cycle,charge_automatically,eur,100000,0,100000,100000,100000,0,1,1755344279,,1755344279,1755344279,1786880279,pi_3liOEjR07YEnHltpBFp0AY1I,ch_3uqfBxpOk4gfAZmuqNIYdHcI
in_1CwMcESARV36Cif7gOZBn2SS,61ZRLYNJ-0003,cus_bMmHM36OfHXd6D,sub_1cf0c3xD15zXSp8fxIpJqRnL,paid,subscription_cycle,charge_automatically,eur,100000,0,100000,100000,100000,0,1,1755438435,,1755438435,1755438435,1786974435,pi_39WBUsTDRG5pkJxgYANpp13z,ch_36yzEJxEAgzB5Bmp8BqGVXDg
in_1hvQROKDy9dWdETFt5Su3Qpx,V1HIIV9A-0002,cus_znSw6miHl8xB0f,sub_163TpuxLYPXoY7Jlr0WuRkJ4,paid,subscription_cycle,charge_automatically,eur,100000,0,100000,100000,100000,0,1,1755503951,,1755503951,1755503951,1787039951,pi_3fRPnM1LdPVidEiSByNPSv8K,ch_3viNTxxq4cmVkYhXZ85xpq6p
in_18mE2gdeX2FMlJofiF3Nj5sg,D1GV35R3-0001,cus_1Cht6szQrUeseG,sub_1sH6EwxAXAsh1cgTBp4wZ9Nb,paid,subscription_create,charge_automatically,eur,100000,0,100000,100000,100000,0,1,1755520608,,1755520608,1755520608,1787056608,pi_32a3e9W3z1iZ2rPs2QKp7x47,ch_3mX4wP1MAtqmiwjP1NnhhAA0
in_1ynS9chJDHMwS7ZXeVJUJBAY,XHSWW35A-0002,cus_rFwt2Ykm1p2MSk,sub_1rjpsfmUV4swpbzVWXVFEcC0,paid,subscription_cycle,charge_automatically,eur,59900,0,59900,59900,59900,0,1,1755543182,,1755543182,1755543182,1771440782,pi_3Wx8IWk5PSAqVY2vulFqxd7L,ch_3M3doLx2lJGH69kjgtNewUFT
in_1SyhKAgiVJwb5whVR0G7av9m,B7EA6ANB-0002,cus_xs9ABw3phvHqW3,sub_1VhzAMm00ynlN8XCUqHqGmDX,paid,subscription_cycle,charge_automatically,eur,100000,0,100000,100000,100000,0,1,1755592232,,1755592232,1755592232,1787128232,pi_3U9dNLMSujLqU1Drr5Dy1Q9K,ch_3KQcuFZqZlOd4ydLf3EGubNm
in_18gGdBwtfsAo2sp4MU8I8Hwm,CG14KBLM-0001,cus_tTo4WLnQY7Cy99,sub_1hTSiFrvRGmQUl0vvhe40tJm,paid,subscription_create,charge_automatically,eur,200000,0,200000,200000,200000,0,1,1755613790,,1755613790,1755613790,1787149790,pi_3GObebu4Iv4gX9FY09IXrIbc,ch_3lcFhDRenr6GOahewrnd8BEY
in_1XW4eZHVZHCa2ieDUu30eyXb,0QBW7TTK-0001,cus_jve4esxE78NzKw,sub_1IBSXlS4NWyzzLPFAU7t73pE,paid,subscription_create,charge_automatically,eur,100000,0,100000,100000,100000,0,1,1755623163,,1755623163,1755623163,1787159163,pi_3X3UNqjsKvrcUfg7NysGp8AI,ch_35C9e4w0uL7RRHhcG06BeeaW
in_1XUfFHk4w6YNEYy2m3C5R8Nk,SLIG8CXZ-0001,cus_C8uUGcfAgBnlEt,sub_1ZBCj1apWAwl8C67yj4Tqv9S,paid,subscription_create,charge_automatically,eur,59900,0,59900,59900,59900,0,1,1755626076,,1755626076,1755626076,1771523676,pi_3PSsXdBpRHv4RfxfkP3SHYiV,ch_3lF2srGsI7UQteEGI31X1RvS
in_1FmGFSYPoMqtT3kgz89iOA8y,GM1FHVJM-0001,cus_OyKhkOq3pJwyYS,sub_15VO1BT0ighTplgp0L4FzYEj,paid,subscription_create,charge_automatically,eur,299500,0,299500,299500,299500,0,1,1755675240,,1755675240,1755675240,1771572840,pi_3UQjo0ZYPIrJz8PIOxcUxHuM,ch_3NENZHvh3pahnUaqgjhfxqZf
in_1AakwTGapqJyJ1La6cyZVit3,PHX0A51T-0001,cus_LvSpNLFR0351y3,sub_1xfRbbvxNLyQbvsXK1A1xoUF,paid,subscription_create,charge_automatically,eur,100000,0,100000,100000,100000,0,1,1755680974,,1755680974,1755680974,1787216974,pi_3U6jtVO2CNjHvV0NyMkS9u0C,ch_3OdYv5TGkXFIB21Defe2n3vP
in_1NdJVzJcHAIUKOqncpoe2sbc,XPPOJVV0-0002,cus_OuyXsuirktU3tP,sub_1QdMNj02zjDPrnJyxn5530MJ,paid,subscription_cycle,charge_automatically,eur,100000,0,100000,100000,100000,0,1,1755704566,,1755704566,1755704566,1787240566,pi_3Mv7BvKIsNAr6HeBAI74dBtz,ch_3vKC0OFJiMD0tbypz4tSFUYE
in_1w7dIuObfVDoldAWyd4fVBvg,RVBRKWRI-0001,cus_8ZnFBK0ITL3JKq,sub_1jFG8NEsjKXdWz310yfdOxVs,paid,subscription_create,charge_automatically,eur,100000,0,100000,100000,100000,0,1,1755756031,,1755756031,1755756031,1787292031,pi_34PYPGNPj9aeQNVgPNTkGuw0,ch_3a3TNWgssHH5xALv5hXXjwi9
in_1mXGPA06OAbSb1SAShrpydd8,7DBWDT01-0001,cus_RuiXf3NIDkM009,sub_1eRVDou1GoyASVHAhLLaGFS1,paid,subscription_create,charge_automatically,eur,100000,0,100000,100000,100000,0,1,1755774299,,1755774299,1755774299,1787310299,pi_3vjHDQbIOOHBw8VOwvic7WLm,ch_35ebLjpjubrFdsMYblTK9I8T
in_1L48zlkZdP9nTmIEK0OKnQSW,KZ4FGJ7B-0001,cus_yr3fBzryflj7B4,sub_19YaEaFiNzaeGzoPTB0nummC,paid,subscription_create,charge_automatically,eur,59900,0,59900,59900,59900,0,1,1755788309,,1755788309,1755788309,1771685909,pi_3jxsC10q7BUlUbb3H2TkNfDv,ch_3ZlbB104igX4gB5naAd1r2Le
in_14DeLU9g4SgZ3iHTDB1syiOL,4PG01EHV-0001,cus_pAuxKXifAlr4xP,sub_1JePZFMDUGPNZ7rF2sUWyZOP,paid,subscription_create,charge_automatically,eur,59900,0,59900,59900,59900,0,2,1755789003,,1755789229,1755789003,1771686603,pi_3RqnPftxLmo4c1eboIPC7YHt,ch_3YdmKgEDU2Kei2J8fidCJKza
in_1vT20VkJVz6jgaKQGV4owRa9,5HTSNI67-0001,cus_hJQa65KSHnE7YS,sub_1cRBHdcybLkiugUDqQ0bchX3,paid,subscription_create,charge_automatically,eur,100000,0,100000,100000,100000,0,1,1755832492,,1755832492,1755832492,1787368492,pi_3KmlZyNm6mwR1THbO3MqmFuq,ch_3zDe6V36MOxbqVHF15iDhc09
in_1tFPecQOZkuEuuU02xytQ9C7,NLYFHUU2-0004,cus_K9SEsQkRYn8JzM,sub_14b4hxzbY1qS9n8hwV8tBX3H,paid,subscription_cycle,charge_automatically,eur,200000,0,200000,200000,200000,0,1,1755840569,,1755840569,1755840569,1787376569,pi_3aI1oKnBPmnPWzMAvIzgMUIR,ch_3Er7OGK1DNTrsyZoVypw3TBs
in_11asOCXN3o2x53br0e2TBIFA,SNWWQ2J2-0001,cus_oNGciEn9ue56S1,sub_1KLrjI8HksA1IftNlu4z1GMc,paid,subscription_create,charge_automatically,eur,100000,0,100000,100000,100000,0,1,1755853903,,1755853903,1755853903,1787389903,pi_3dzsT3avR0UwJ1yxXltjSnaB,ch_3oNaE6aER8hdhzXWoDdnSAxB
in_1TmbcR3UXB1yCHqJ2enCL5IB,EPPZTXRB-0003,cus_FPedClKpSoTyKC,sub_1auAwziYTDLU4f1BOzH1kf0U,paid,subscription_cycle,charge_automatically,eur,300000,0,300000,300000,300000,0,1,1755862729,,1755862729,1755862729,1787398729,pi_3kOTQjnWfxl60es2UIERSJ4J,ch_3gahstzHWlZrZdKIxKGmarQI
in_1naaJyHS8WM8Fq5mijHisiv9,NI6ZZZ84-0001,cus_i29TcfY8wrPcUv,sub_1c094ZGT4UDz5i1MONFmvKFx,paid,subscription_create,charge_automatically,eur,100000,0,100000,100000,100000,0,1,1755885526,,1755885526,1755885526,1787421526,pi_3Y9ailHQ3JtEXnr3K0zJ1daF,ch_3WFCuoYPUNeFW7fSj0smOXzu
in_1kKlq9X1SyhuYxF9IVtiun0i,V4UVOYEA-0002,cus_6KKSAkctXiPZrn,sub_1pCAeaat9UeE2xlKcaGnNJjx,paid,subscription_cycle,charge_automatically,eur,200000,0,200000,200000,200000,0,1,1755981259,,1755981259,1755981259,1787517259,pi_3RMJW6nkWVVcVMz571xzjLxw,ch_3EJO9S5iNlLHc1mzoJJOLc01
in_1BCAeEXr8EC1rDJa9kgXaFdf,VN5XM43Z-0002,cus_P0vr89DxrQU8ox,sub_1YCqDieRa7tLwqqPYofbsZGl,paid,subscription_cycle,charge_automatically,eur,119800,0,119800,119800,119800,0,1,1756031045,,1756031045,1756031045,1771928645,pi_38tppWnSfZHHqPjLtuW7CZ3Y,ch_3hOaevYbHC7UFiUR7NwTYC8f
in_1QEZJ3Y9aW9Y5YO2tAoU7X2R,K74CO0RQ-0003,cus_dugZGAGt0Dxjnp,sub_1l5x0zsJqmTSUrZSbEYiENgN,paid,subscription_cycle,charge_automatically,eur,100000,0,100000,100000,100000,0,1,1756038586,,1756038586,1756038586,1787574586,pi_3ov6XUCtze6ob6sk3y7LUGOh,ch_32ABltireqqRT3DSXJYvQm6x
in_1vcm09BtcxyFRN46EVXABuGw,981HTZLW-0003,cus_7g0D4Vu81I43MP,sub_1334gL0fbyuU5NvDlmYA1Xy5,uncollectible,subscription_cycle,charge_automatically,eur,100000,0,100000,100000,0,100000,3,1756137122,,,1756137122,1787673122,pi_3fOXhKkvua03ZUgydF1SpOu1,ch_3QQrI8sI47zk4oTsaBMRPJ3s
in_1UN4mCPxQRKuFCaWyVYY3CUK,L8NM3O9R-0002,cus_wyv726KrVo9VYB,sub_1VO7dRAd44vET8JsGQliH1tE,paid,subscription_cycle,charge_automatically,eur,100000,0,100000,100000,100000,0,1,1756146783,,1756146783,1756146783,1787682783,pi_3Yiy6BIEWjB2WAurUOWARpen,ch_3v2y7v1G7qQVdSMjv4PRNkBe
in_1c7imQfXz4E3U4X0U2Pby6AD,5U52A8YS-0004,cus_zVGeXtcArYTBDq,sub_1x2cT9YqtbFcUmNdzuNWRyVv,paid,subscription_cycle,charge_automatically,eur,59900,0,59900,59900,59900,0,1,1756191999,,1756191999,1756191999,1772089599,pi_3wjrZGBfrqsk9qI5HjCTRDJb,ch_35XxDwhyF7yEcIulCFmrPmxR
in_16fTHLKzvjd1TMlNpXoCPIbx,G7WVPE5J-0004,cus_9ONLRcfvT2ecAG,sub_1y5Vkj0SBF7KDryms4DFjSlt,paid,subscription_cycle,charge_automatically,eur,100000,0,100000,100000,100000,0,1,1756207480,,1756207480,1756207480,1787743480,pi_3bTsvOVY3qwMsfx93PXny0hD,ch_3I4ES6JrcnSyENXvZwhTTVCa
in_1IrZhbxMChesyvcswQ33S9l2,OJWW2LCB-0001,cus_9GQ1fhOc3w3jqm,sub_1I5XvUgIDJ5ruMnLB7KPL2tw,paid,subscription_create,charge_automatically,eur,59900,0,59900,59900,59900,0,1,1756227567,,1756227567,1756227567,1772125167,pi_3FJTlas5dTaCf9kAxFh0yjfh,ch_3HCcQCiHbkJryWfb5cZbDb1Q
in_11PQQyMdLhaxz9RVNtdZLljI,NBNWLXPS-0001,cus_YwTwrtmIShIrsS,sub_1XrNn23CFHTIYFv5WbOeR3Yn,paid,subscription_create,charge_automatically,eur,100000,0,100000,100000,100000,0,1,1756277395,,1756277395,1756277395,1787813395,pi_3cqzX0RfCzqWmvgJzl3UcuNI,ch_34WQBIO5BTrCGBX9TT9n0x0K
in_1Zs2Ttn3YhG8hvOkYaFuWf1i,NBXFDE9O-0001,cus_16MwWWEryhEUJT,sub_1YF5ZbW9KzMY4AlOKRqi8Pwz,paid,subscription_create,charge_automatically,eur,100000,0,100000,100000,100000,0,1,1756288870,,1756288870,1756288870,1787824870,pi_32zX9Z9shCIqMfvMixxJaxlg,ch_30x15a1YRbmyuaIRpjb9liJx
in_17zXUrlfHVHOnqb00ujNaE3t,OACS77FM-0003,cus_td9i7plqHDEfD4,sub_1r9PJxdYFpvj4tpZCFHC2nzr,paid,subscription_cycle,charge_automatically,eur,100000,0,100000,100000,100000,0,1,1756298966,,1756298966,1756298966,1787834966,pi_3mFvLu4em5fil3iMFlr6XF68,ch_3d5mDvmsTDxjFnR2JPzRN44l
in_1cSwwNYuKydZCN0bBxD9opqN,N9JC1RZS-0006,cus_zvomjVpefdbOpn,sub_1AFrBDfxXDTpl265088hPK1G,paid,subscription_cycle,charge_automatically,eur,100000,0,100000,100000,100000,0,1,1756303229,,1756303229,1756303229,1787839229,pi_3ZyHJh847AoGBn9PaWgBIvOo,ch_3hqspXwTAiCDVgptycgUIMaV
in_1L9yTlfG5MdSqP3D56TLZBF4,UGWE997E-0001,cus_449YFYA8FnP6CV,sub_1JtXIlfNI9b0qoFEnk8L1a3V,paid,subscription_create,charge_automatically,eur,100000,0,100000,100000,100000,0,1,1756305082,,1756305082,1756305082,1787841082,pi_3isf40IItqlvyeFV2U3y7WDv,ch_3xvNtQwTiH4BHdZVB9LCYXu7
in_13J48eXAW0r26hkdpZPrldN9,JO1FKR20-0001,cus_fQeYeYiU6Y1x5K,sub_1MCpuXwbANRJUZVN9UsoKdeR,paid,subscription_create,charge_automatically,eur,100000,0,100000,100000,100000,0,1,1756374886,,1756374886,1756374886,1787910886,pi_3hY6tbD7LupdFfxq0thXXwsZ,ch_34Y9z7Ly7Aamic9R2dAskeko
in_11IQZjIw72RRzcyn4MY9vMIW,BS9YFPEA-0003,cus_j57gH7vi54J5qS,sub_1235BEX9pZSYwpe46PBS0YHa,paid,subscription_cycle,charge_automatically,eur,100000,0,100000,100000,100000,0,1,1756468791,,1756468791,1756468791,1788004791,pi_3yqFIwjfdJX17l2mliXSby7Y,ch_3b6ufGukZaWR2nYw4OvQIO0v
in_1qrdFG3siPVZJrwqZgnKNzWO,R102D22S-0001,cus_fWIUurMCT5Piel,sub_1lIsLSnRRhXEILfELJf4laBa,paid,subscription_create,charge_automatically,eur,59900,0,59900,59900,59900,0,1,1756484825,,1756484825,1756484825,1772296025,pi_3TZSKMYCwOGAmx2aIIPRF3RJ,ch_3SQYa27FPfKghPOpMslmWkqK
in_1qsmHX29zSIlHmrRNNYr7AbY,CLWY0H3R-0002,cus_UCxDIK27UTiBQ6,sub_1fchpzpC1uj2blTB8DU7TNFd,paid,subscription_cycle,charge_automatically,eur,300000,0,300000,300000,300000,0,1,1756489012,,1756489012,1756489012,1788025012,pi_3T4VwVXvZos6qsQCxxlVQOg0,ch_3imUa1Qwjwg9TfM4Wc2LHw1m
in_1sjLHMEm4BoUSgEx0klM2dk4,G8OQRJCH-0003,cus_7BLYWk6BkvM5Sg,sub_1GHYWji17b6nbMbwhWVo2xmz,paid,subscription_cycle,charge_automatically,eur,100000,0,100000,100000,100000,0,1,1756565347,,1756565347,1756565347,1788101347,pi_3jfMurVewb4rRoFM8YcA9cdR,ch_3t1WrC4lquiYYyc8m5Fpl7Yi
in_1LyxxkIeRtrgeIiVdCT8dq9V,EBYJGUJ4-0002,cus_mmLTSPjeSKTNNb,sub_1FAkaCReenUew2aM0bN6F9fq,paid,subscription_cycle,charge_automatically,eur,100000,0,100000,100000,100000,0,1,1756570397,,1756570397,1756570397,1788106397,pi_35t4xtqn7ncvgJsIbHgQ6Jdy,ch_39zkN13H9vicxO4YphBstw8N
in_1o6WrDXB7CONI8eipzv2GbES,I95ZJUK0-0003,cus_GXfGIEAksxidBd,sub_1Oe5ikFZz6yhmlgcV911OfZH,paid,subscription_cycle,charge_automatically,eur,100000,0,100000,100000,100000,0,2,1756645457,,1756908017,1756645457,1788181457,pi_3ndXlIpAgcsviylBtzOMUlWE,ch_3leKh9HYtCQTGiUDpRej6NnB
in_1Op91jgF9swRUG5ADULwxoLk,8K1NLBAG-0001,cus_ObLv32JXCbE3ul,sub_1UZpPjqFLZlTkOle6Uo3fxQz,paid,subscription_create,charge_automatically,eur,200000,0,200000,200000,200000,0,1,1756707494,,1756707494,1756707494,1788243494,pi_3jfUXPsWl4pv8ZJSluVp37nJ,ch_3GP4hsQ9b0wU494owOGVQzae
in_1bGRDQdnmh0ULbJNYfI3y2HM,16AS8YZV-0001,cus_npk152iJFLjlpw,sub_1LQ6pPQCVLOjX0oBf9RGpT4W,paid,subscription_create,charge_automatically,eur,100000,0,100000,100000,100000,0,1,1756715178,,1756715178,1756715178,1788251178,pi_3DoemgnrpUMoD5fdra5EvMUN,ch_3cNyg0rsmhqJtotwXBguSsze
in_1d8KIOmqFNU1LUt9kt7Srb5J,44RH4CF3-0003,cus_FGag8J8yijxmyZ,sub_1AqIbqsPTyjao9HSDChvoSmP,paid,subscription_cycle,charge_automatically,eur,100000,0,100000,100000,100000,0,2,1756727654,,1756990334,1756727654,1788263654,pi_31X8ysXRbGSSlhJnq6BcqLIu,ch_3GhdSC0k9Eq5nV0VW1u2U3tM
in_1KSIezMOZ6vKGkSsFeKVFNKC,O3GSNB1O-0002,cus_gAcmkpqNt7kCnD,sub_128lBfuvfg8rUNAYKfWUpnyB,uncollectible,subscription_cycle,charge_automatically,eur,100000,0,100000,100000,0,100000,3,1756737822,,,1756737822,1788273822,pi_3zxaAGlvkGBF7zFPTrIflUkU,ch_3WDc4g89teJkgFBhyUKSvJpA
in_1DeNUV77FHXwwKzZ2fHrZ5zf,SJ89O2JV-0001,cus_XxRKSLeWlGkcyQ,sub_1cl2im42E0kgRHDscadgtxz1,paid,subscription_create,charge_automatically,eur,59900,0,59900,59900,59900,0,1,1756824962,,1756824962,1756824962,1772463362,pi_30dBJva8FSCKQW29hm4ISGiS,ch_3fxyeIK8VQnIFAJADWG1xbxz
in_1b38F7WvnOJEnq4qrJTkGkGU,0JVUWCSZ-0001,cus_fJ5hy7vc5w5IdO,sub_1y5FWxnv2PSASBTJzBnr1aI2,paid,subscription_create,charge_automatically,eur,59900,0,59900,59900,59900,0,1,1756828149,,1756828149,1756828149,1772466549,pi_3e8CHkBkU0RKPkyS2zQsMn3x,ch_3FCh1BaSa9n2bMYQJhAAi7kd
in_1RzuVtkhkBniOnTeKNI6ORRO,8SBP954O-0003,cus_KsPXF7HPCc5cK3,sub_1E2RbzG9XedC3VVfXahVnv0n,paid,subscription_cycle,charge_automatically,eur,59900,0,59900,59900,59900,0,1,1756839783,,1756839783,1756839783,1772478183,pi_3Rm0qwrIG2mAogWnDG9zvf89,ch_3WUOeaYCt5E6Yb03YgcPQpqX
in_1BL3YMOFrFPguOhrJ6RWjcFG,VFALC9YG-0001,cus_FsznKa47ueXyfo,sub_1bJw0rHwrsQSYY3t0vcrtpw3,paid,subscription_create,charge_automatically,eur,200000,0,200000,200000,200000,0,1,1756843607,,1756843607,1756843607,1788379607,pi_3cdqGbaLB0IuMVghRWRQP8dW,ch_3Cn2XWRT0xT6mxbfizXyFNVq
in_1GTxLdl5k59rp9JeD6TJ2cwU,65OFYNTX-0001,cus_p8AYL8fKjivHXG,sub_1KKLFru3KlXDinq9zx5E5JE5,paid,subscription_create,charge_automatically,eur,200000,0,200000,200000,200000,0,1,1756966811,,1756966811,1756966811,1788502811,pi_3xQKHd1d07CkhXZwjrwbbL4F,ch_3wHLpwdEuK6YxqaFAO9ggx4M
in_1lw05V5XUeHioaTXxpLcRiXU,BNDEFMC8-0002,cus_ZFy540CSRS67W4,sub_1mPDyxCNiWltJK3gdCZo1ZsE,paid,subscription_cycle,charge_automatically,eur,100000,0,100000,100000,100000,0,1,1756993448,,1756993448,1756993448,1788529448,pi_38XhwAAQoJDQxWsoqn30Mj8W,ch_3aHZdsvkC6iYioDYIySRr0hJ
in_1RrBTEK0ePCEJ1dLRKfXYdnU,1N2FR0LR-0003,cus_vOOf2SbGKVWrE6,sub_1ejrk26LCXYX7TFG9Bakb5fx,paid,subscription_cycle,send_invoice,eur,16500000,0,16500000,16500000,16500000,0,1,1757070427,1759662427,1757948107,1757070427,1788606427,pi_3gXWLTsZvzcO1HfogqIchTB0,py_3LQYdKtBtvvKREcdPerMDtu0
in_19DwlIfYPFWqMtoCDwxWYBQt,WTLZJXEW-0003,cus_obnwHk5gWSmnBu,sub_1EJNbJMy9npTj8TpZliUdkJa,paid,subscription_cycle,charge_automatically,eur,100000,0,100000,100000,100000,0,1,1757074405,,1757074405,1757074405,1788610405,pi_36YnroXJ1piYhncKgPgCdYIC,ch_3z6wxNTi0e2ZNzlQdTqzRfgN
in_1Kag5Fo6yQkgaPDLxQPygx7m,H5D0BVTV-0002,cus_wuwvChWmnmMxlW,sub_1SGdJkJRBI62FTQReUE5NRlZ,paid,subscription_cycle,charge_automatically,eur,200000,0,200000,200000,200000,0,1,1757086337,,1757086337,1757086337,1788622337,pi_393hREinUeEYNv7fqxspMnBx,ch_3tWS3qDW0SfnhvsKmu7eSXz1
in_1J3Tilg03QzIhGOfhsgrOsyJ,8GQX2A1Z-0001,cus_g6kMrIZbtxRrrs,sub_1cskYHwLRTXLbFTr1hqG5rHG,paid,subscription_create,charge_automatically,eur,200000,0,200000,200000,200000,0,1,1757175494,,1757175494,1757175494,1788711494,pi_3sSmsarIpwmWCnGm1s2XyQVF,ch_3HjFZHlNMAgd7t65al2S3lmQ
in_1MVmJNPCDkT7kObln8acy81E,CYIROZIN-0003,cus_0xUDHXG4PIWz7D,sub_1vzJ7mB4s29ac8dQJ5HCm72X,paid,subscription_cycle,charge_automatically,eur,200000,0,200000,200000,200000,0,1,1757183983,,1757183983,1757183983,1788719983,pi_3oc176wM3Di6mNIaUh01fVfX,ch_37ObS36v1nKG77XOqDDVgQhD
in_1WVUq3l1Ah9a6ULZ1zMAj643,XY8O6O3L-0002,cus_yVYNoui2wc2bw3,sub_1umXoM3uWuCgBzIPloCn4TIb,paid,subscription_cycle,charge_automatically,eur,200000,0,200000,200000,200000,0,1,1757256362,,1757256362,1757256362,1788792362,pi_3lHRTJysaxSg7sKThLHaRyCr,ch_38jTyyRvGPTd7p0dx1X3WJ8J
in_14CCRNrOPIB8lBK0zQzw3lFQ,VA885LX1-0001,cus_xyDYLXdUjJCGhI,sub_1peojDBtxy3kgW0riVD1ZVrb,paid,subscription_create,charge_automatically,eur,59900,0,59900,59900,59900,0,1,1757266144,,1757266144,1757266144,1772904544,pi_3KQikMbazlaSKlqsJrgsD4W0,ch_3Hv3hi1zibIJi49RLhGDzfO7
in_130DQQEUudpft0lJc31jxuBB,X50O2TWD-0001,cus_9oNft6UKHLdKzA,sub_1k2z7Un1cZGv0tF8x9bmv507,paid,subscription_create,charge_automatically,eur,100000,0,100000,100000,100000,0,1,1757281560,,1757281560,1757281560,1788817560,pi_3ULhkWg9I1YzaBNKHMUJzbcP,ch_3wxV6xx9Gu8Gl01YihG72ByE
in_11UWV8tyE850K6p9v36WgJzh,0WB5IH13-0001,cus_hPqFnw7sksQSxF,sub_1nvwCdPNd7HFjPlx3xJCfY2b,paid,subscription_create,charge_automatically,eur,200000,0,200000,200000,200000,0,1,1757315961,,1757315961,1757315961,1788851961,pi_3vfezJTv9PvRYZIg1x60Jpm0,ch_33dbhNIwzjYzugDKO7fC6ewc
in_1FntpD4iLJ8ROXGlQzjdWA9U,SEGX7U67-0001,cus_kEzhoVso2kLjMc,sub_1XjJ3VbgUCFGtO4dhVvNQu2T,paid,subscription_create,charge_automatically,eur,59900,0,59900,59900,59900,0,1,1757322774,,1757322774,1757322774,1772961174,pi_3lkudmhJftSD5tPQVExFEP2Y,ch_3saVOi8WiEDyI0N49B9hRwXd
in_1G8JoND13hqmQA2PMa0atYOD,7U6UAK6G-0001,cus_vMjfl5FdZbRVyC,sub_1nYvV3UXygHTMcsksaMzH9HP,paid,subscription_create,charge_automatically,eur,200000,0,200000,200000,200000,0,1,1757331376,,1757331376,1757331376,1788867376,pi_3xPVO4ljMmRivazgrFW7MfaP,ch_3fuFXnhaCBMZnoEinPiAkfFG
in_1gUjKdhyEVNpf6iJgvsXWZ8F,EHKC032G-0003,cus_e94f8z2p8NNymg,sub_1KO5vIDxeXJHqxvkKVtydsIg,paid,subscription_cycle,charge_automatically,eur,100000,0,100000,100000,100000,0,1,1757333528,,1757333528,1757333528,1788869528,pi_3Uhw1zy8dQa89vAGXcwNxuHD,ch_3bNUFVeYz0LuYu697HK4FTRW
in_1ub1v8MtazOWoiKVOySz3FA0,DK8WI8BG-0001,cus_fXNYJUm4hReSPM,sub_1i1x66Op0m39A2w1vEoEp1oo,paid,subscription_create,charge_automatically,eur,100000,0,100000,100000,100000,0,1,1757355825,,1757355825,1757355825,1788891825,pi_3xpVzA5GWNFI57fUnYjw1m9W,ch_3lwKR39MnmCHoAdR3Nyiyjzv
in_1dseuZjBXWerK2FosHDMLkQq,EIW2B9YA-0002,cus_LjxDPjroBdQoxB,sub_1xhLjYvWjW5UxxYVmyDVKbhB,paid,subscription_cycle,charge_automatically,eur,100000,0,100000,100000,100000,0,3,1757379541,,1758071401,1757379541,1788915541,pi_3oOxLK4TzQe0g1W3ZGduVIzJ,ch_34NcdOcdDVzdp1ENYSvdg8l6
in_1spZF0zjDDvkrMq4waXdwbpR,FQGGPHU0-0001,cus_wCzKOcnhzL7OIM,sub_1QPhblqs0G5NAUWf7XpCQr5s,paid,subscription_create,charge_automatically,eur,100000,0,100000,100000,100000,0,1,1757435293,,1757435293,1757435293,1788971293,pi_3XGLzdGKhNee0SzkLguGyDJJ,ch_3pFvDRMbv7LaEfxxkFXc1hI7
in_1QeN6s2oxE2w8F6PkzhWDr6U,F5QH1C5G-0002,cus_RZGyMYjJ7aiLIs,sub_1BX6nbh2Ei2Ay0asI9GKvhZC,paid,subscription_cycle,charge_automatically,eur,200000,0,200000,200000,200000,0,2,1757505822,,1757769162,1757505822,1789041822,pi_3dcarj7AMd6pSxg4XnRgyf8X,ch_3mxxNWfQPwXGCYkElymIAgLH
in_109N9t6HJvNUOSYTwgR4fLKH,RCCG8K99-0003,cus_nrdJehu0T6kTJa,sub_1pAgzkvnFfv2bfmqC7nyQHRw,uncollectible,subscription_cycle,charge_automatically,eur,100000,0,100000,100000,0,100000,3,1757509574,,,1757509574,1789045574,pi_3aUzpqFeMka1HAFeCur1RoHu,ch_3a1xlik8NYS1IJC5Meh961iv
in_172ZgnzjLZqCeYiY7Bn63WZU,ZJK8VIL7-0001,cus_ZzxJnmMgHBQKqn,sub_1LP7szpTp7AJKdNJA76c6YSu,paid,subscription_create,charge_automatically,eur,100000,0,100000,100000,100000,0,1,1757521336,,1757521336,1757521336,1789057336,pi_3PimfZc8UaqZBzzZiyLPpigM,ch_3GNOqZmct7QwsMrUJjKQ0AHE
in_1D70LucdhP7xA13lrBMprbHF,R2HIRWC3-0001,cus_q10uwlDH4Try0M,sub_1p1Abr5hYWIcMS4bwxtA567N,paid,subscription_create,charge_automatically,eur,100000,0,100000,100000,100000,0,1,1757586768,,1757586768,1757586768,1789122768,pi_3G7uIJHxEnyQB8KeMLfZYeFr,ch_3VGOzO6KQjhmYx0Zp0109767
in_1KIquYyFjOeYqppy16KfiR8p,Z3RD9PPW-0001,cus_MKBshcpoamXrQ7,sub_1Z1tqWg5kevchAUfcW2r0Wo2,paid,subscription_create,charge_automatically,eur,100000,0,100000,100000,100000,0,1,1757593185,,1757593185,1757593185,1789129185,pi_3kVlLu1Vns2RBHI29vCyvXkB,ch_3e06oek5YgJS0wgRY9nHEhFN
in_1cRXoREJjfdC1lyrhG57f9Ut,XTF3REL0-0002,cus_DzCFAs1CBsnDjE,sub_1ehxu2NWLD9C6dHQYzLA6RAc,paid,subscription_cycle,charge_automatically,eur,179700,0,179700,179700,179700,0,1,1757599734,,1757599734,1757599734,1773238134,pi_3IA79cCNTgZ5o9hTKxAPDAsR,ch_3OrKKlRUGguQfM23TkJSWyyM
in_1wOc9TyAWL1isuW7rOsGBVD4,L90WGRBQ-0001,cus_VXYnbZao85mnvJ,sub_1RIweVeGg0vQuDnKh0DnKZ0g,paid,subscription_create,charge_automatically,eur,100000,0,100000,100000,100000,0,2,1757670511,,1757670778,1757670511,1789206511,pi_3XZC2GrhX0vD3zHvO7oFraPj,ch_3Uo30zBhkfyiWoGy0Yqm1wMm
in_1YW240nqTK4Xi5zQ7nzlJkK6,XET173ZO-0002,cus_BPM1EDWq2vifNT,sub_1mPUJFh0Doa4fiLrEBlXrFA5,paid,subscription_cycle,charge_automatically,eur,100000,0,100000,100000,100000,0,1,1757672859,,1757672859,1757672859,1789208859,pi_3DgTBc1IN2hUpkl07OHQUpKh,ch_3bL3MCQAo9PhiBUgAeWHr8NE
in_1yCFO5HHnMyiU8eIKjMb6wen,KH0J1BUL-0001,cus_iUo5sWqBMekwVa,sub_1qyE8F10bIbC0eb1pxcviHAN,paid,subscription_create,charge_automatically,eur,100000,0,100000,100000,100000,0,1,1757685940,,1757685940,1757685940,1789221940,pi_36E4qFSKvwaPoCKn2A208Nnj,ch_3Mp315ENzTauwQGsx7MPZ9VC
in_1GtGJJhk8D6z9nyMuz2EAn8I,MZ551TS7-0002,cus_OVgFlZ5McWSsYm,sub_15vNfXTb2wSDx8cKUf74QjhM,paid,subscription_cycle,charge_automatically,eur,59900,0,59900,59900,59900,0,1,1757694438,,1757694438,1757694438,1773332838,pi_3tzwJbtWX5RNzahwLJgWGBDa,ch_3x5Ksgb7h9262QRoa9a3hFNq
in_1op3r7AiqnTbG6c8vHxxfFn1,AG8B9BLT-0001,cus_XdVlG06dK3UCIl,sub_1RESI0IOEKoJXoc4YuwiyMDB,paid,subscription_create,charge_automatically,eur,59900,0,59900,59900,59900,0,2,1757701189,,1757701404,1757701189,1773339589,pi_3phlOiB6nIVuyZikHSzaCTtU,ch_3Zec7aensMeSgV4GTra1LKXn
in_1K4NUn6omvgL965cNJXUWWhm,K0XP6INP-0003,cus_nCFjbqDnSz11co,sub_1g1I9gy0n4MEbKUf7f7NJTRs,paid,subscription_cycle,charge_automatically,eur,300000,0,300000,300000,300000,0,1,1757721280,,1757721280,1757721280,1789257280,pi_344bmrsNZxpic9Bjai1rWZGR,ch_3UexgWhPj47FVTbZGiM3xTLh
in_1iz0CMihynLkq0eDRRyECwXm,9BDACPXN-0002,cus_AZIjeTfXl2eHZm,sub_1RoARsNamNK5MAW3zNc0SEKo,paid,subscription_cycle,charge_automatically,eur,100000,0,100000,100000,100000,0,1,1757768548,,1757768548,1757768548,1789304548,pi_3Gq2SXgwnqpurWgdPyz46l3f,ch_31oTlc1pquOILNMnkXr30vFF
in_1lrZujzSzJOmAtITlePerb5A,S9SEAK66-0005,cus_dcw8T3i2xbRte5,sub_1fDWCAIAXvOVIeaXKtmRI9DV,paid,subscription_cycle,charge_automatically,eur,100000,0,100000,100000,100000,0,1,1757775394,,1757775394,1757775394,1789311394,pi_3MC0Hey2IuWgiq47dpOLi50Y,ch_3i01KvlPmNTolp1Rp6SgEViq
in_1VGJjRDEPaMGxRiwvsgpal7e,QD6GOPXD-0001,cus_vxTDSicJMfoirM,sub_1o06djecfYt3a5ISGJswIJmW,paid,subscription_create,charge_automatically,eur,100000,0,100000,100000,100000,0,1,1757932734,,1757932734,1757932734,1789468734,pi_3TN6v7Ct5TuwKLjjehuENgfu,ch_34ZdX0mXqyvXU5sZu6hYmotx
in_1hJVbWIycPMLePkzC6lO8jg1,112617JL-0003,cus_UrJ3Ozm5GCuNW5,sub_1Ue0lMEaVWihkciitJeQ5WGr,paid,subscription_cycle,charge_automatically,eur,59900,0,59900,59900,59900,0,1,1758017881,,1758017881,1758017881,1773656281,pi_3eRl7MgQaOjlYWKvpxvVFlUE,ch_3ZxbjaKnOQJxAYbU5xtlnJY0
in_15oZVff6yx7vZAgQADijcq1o,UDE25ZDK-0001,cus_G5y62fg7OQZxFm,sub_1kPpd5kcxZmVQmm3wTxgQb4r,paid,subscription_create,charge_automatically,eur,59900,0,59900,59900,59900,0,1,1758041898,,1758041898,1758041898,1773680298,pi_31Aj2ouZZjgpt8GZaZLdcraf,ch_319O27Ft0z5TYjE34xFtIP4P
in_1G3U2EXsjwbJDVhMDMeObBZd,11KM54CH-0002,cus_WAGX3VciU8IGbB,sub_1UmTmkoTQDSNavTvvtTEiujd,paid,subscription_cycle,charge_automatically,eur,100000,0,100000,100000,100000,0,1,1758048880,,1758048880,1758048880,1789584880,pi_3DLXIpVVsqWQwhYJwMKnqyR5,ch_3c7cp9lf6SpEimJ984oVfW5F
in_1cEMdEA0xOFLnwAvNldYf4Aq,NHGQ2XJR-0002,cus_N30afRy9ph8g2w,sub_1mnRBDycjwHrKFDOJ6yCrLZ5,paid,subscription_cycle,charge_automatically,eur,100000,0,100000,100000,100000,0,1,1758093463,,1758093463,1758093463,1789629463,pi_3AgcNXnp4vC3NFqaw42JoI8B,ch_3vdPZWdXT9seit4LB42X85nz
in_1sYPY0ZeQrjdjk20hK8M7CoW,WHJ80GBR-0001,cus_XuZoQOxkZ1t1Cq,sub_1ZT6cEAKb5rtL6dGRuEBfc3m,paid,subscription_create,charge_automatically,eur,100000,0,100000,100000,100000,0,1,1758122839,,1758122839,1758122839,1789658839,pi_34EHGTSG3BoR7mj8s34oqFdz,ch_326vTZ09sDLwre1mqZJKfbJ0
in_1aTCKMPRPUzSZLQJ3mc5IbUb,RGOTFY3R-0003,cus_gwwfmdXQggE0gS,sub_1NBOrSaNlB3kCdy0khSDeMcp,paid,subscription_cycle,charge_automatically,eur,100000,0,100000,100000,100000,0,1,1758194667,,1758194667,1758194667,1789730667,pi_3iaTBSJrA2Pn72jhsx9gmzXB,ch_3pT5pVopacrZ3uDqaRBLkRaL
in_1UaQfmR4OheJNbx8d0rlP11v,RM9NGT1Q-0002,cus_O00p7EDFNQfXHy,sub_1CTC2G7At0TwYwRwsPCdiUFb,paid,subscription_cycle,charge_automatically,eur,100000,0,100000,100000,100000,0,1,1758214833,,1758214833,1758214833,1789750833,pi_3wgU9AaX6VyG2cg9lE9TRj0M,ch_3H8cgB89zLGRAx4dEwYGC0my
in_1vZX20JsmPws83k2EnNLF1qU,NPOJPLNW-0001,cus_ojTo9wVLlNY13l,sub_1lWiauowLOQteaBfwXaxQIVj,paid,subscription_create,charge_automatically,eur,100000,0,100000,100000,100000,0,1,1758216889,,1758216889,1758216889,1789752889,pi_3YKj7gFXSkwAsq94CyzSiU28,ch_3CChlWS73EMS8M31ytt80Kfa
in_1tLagpREdlGZHva8OuOU0vaz,I4VZ27EC-0001,cus_T8NkHaMPrFgmor,sub_1D9j7rHQk4KfAUWRp28vn5VY,paid,subscription_create,charge_automatically,eur,100000,0,100000,100000,100000,0,1,1758254538,,1758254538,1758254538,1789790538,pi_36xQqD1nnSYBEy3yTCkLx1qr,ch_3tyCu0E9NmlooMsCWTtEhfV9
in_13LeeSm1queg4HOeAl1kEigf,879MSQD1-0001,cus_z1XhbmfcAckq6F,sub_1W6SBWRqmPxsIhlmURA0p2AK,paid,subscription_create,charge_automatically,eur,119800,0,119800,119800,119800,0,1,1758308438,,1758308438,1758308438,1773946838,pi_3JmclN9z6HyqQY59FKAnLAXd,ch_3TD9cUZKQYsiBW7oWmi7XVyu
in_1VdQtj20D0Z1dkQ9teaahyQL,L6YST2MX-0003,cus_4yhuaOhdvtfdNQ,sub_1J2Iht9edMkg5MrKD3gj2vED,paid,subscription_cycle,charge_automatically,eur,100000,0,100000,100000,100000,0,1,1758381028,,1758381028,1758381028,1789917028,pi_3HPlnRbb4KgxAWCy0qYLQPHp,ch_3ixf6rbUCFILdfK3iAeUguU7
in_19j86kn6GhJxMvx57lLf6Af9,7RLMRWEJ-0003,cus_tJGKYcTcSNE8rb,sub_1fZWCDhNgW3FYwGKyLfxPEEF,paid,subscription_cycle,charge_automatically,eur,59900,0,59900,59900,59900,0,1,1758411518,,1758411518,1758411518,1774049918,pi_3K96JGrRLiSEsouHOhjXpZKw,ch_35smcIqgWKiKQL347GZQquK0
in_1VRHc9T6XVUb6uVxmC8WKTzA,ZBOGHNN2-0001,cus_7CR2nZn6mro685,sub_1LGMvjDW7taPnIyXczGdW874,paid,subscription_create,charge_automatically,eur,59900,0,59900,59900,59900,0,1,1758440635,,1758440635,1758440635,1774079035,pi_31RhnZyv6LvQSjNYCBd9KxE9,ch_3QVHSTZn01WJuQODsIwNxfas
in_1ax8tOIGAGVbYZvQ7BCuoatt,NOQHSK8C-0004,cus_sFrZCDlhI4Iy51,sub_1h4nzijPTaVCGoaO22SeIrOo,paid,subscription_cycle,charge_automatically,eur,200000,0,200000,200000,200000,0,1,1758458775,,1758458775,1758458775,1789994775,pi_35HIWGA45GXeGT8LyFL3asZU,ch_3ASt1DEgjzC0I8hkDTwolHvh
in_1VseZ1puHo1HT10XuA313vtx,7WW47QJA-0001,cus_8mwEGMb3YQHlPC,sub_1JwkCh5lritDT0NgsmyoAWS7,paid,subscription_create,charge_automatically,eur,59900,0,59900,59900,59900,0,1,1758544541,,1758544541,1758544541,1774182941,pi_3kKowSvDr1DWM2p3VwS9BbSL,ch_3aNEUqzvvtxNYzKjczaD0qBS
in_1f5VObKeJfajFyWMhp4AGPqH,IGMUAY8W-0003,cus_rYqHEPu7HA9C2n,sub_1ZEXiAZRi3zogVSzzCt5kqkg,uncollectible,subscription_cycle,charge_automatically,eur,100000,0,100000,100000,0,100000,3,1758574038,,,1758574038,1790110038,pi_3nQxZZCfdJC2Gl5R1OtU7P4b,ch_3Peb1rxVHf6ebvfwJzIsdoZZ
in_1FE0jLg0EuC7EXpTa7b0LsOI,WCIRCIHD-0002,cus_GJGt6oghUkLU0X,sub_187JPLoV1DwsNnspJvWzaV0w,paid,subscription_cycle,charge_automatically,eur,100000,0,100000,100000,100000,0,1,1758599447,,1758599447,1758599447,1790135447,pi_3EDGB0fTEwtX7VljV23OmX56,ch_3pjbor4rB5Tj2LS0gWklx1ns
in_1blELcflGQmTlS3LQ6VWKVez,C37GTSB3-0002,cus_A30lWylRZDfxaM,sub_1PFlqeWBQHUhTQ02aYucPRAM,paid,subscription_cycle,charge_automatically,eur,59900,0,59900,59900,59900,0,1,1758629379,,1758629379,1758629379,1774267779,pi_3BmTZIW932a8zaAemnKtz1VA,ch_36hModyl8RgVnelV9DYeTiYt
in_1V4E0MSQ1nLjvDfCJRer8wW6,GL40LTUP-0001,cus_loZxm9GUx4NQky,sub_157lPCnUdV3Uip2YgQkeim6k,paid,subscription_create,charge_automatically,eur,119800,0,119800,119800,119800,0,1,1758631596,,1758631596,1758631596,1774269996,pi_3nXERuCNKa7zAOnEv51uM2WA,ch_3ZAWQugthbSCMYq5JRYPqtlL
in_1lLwLOlYZdtgAfIApePMGzKu,8SZNPL2Q-0001,cus_fJMysxsNiYbPbw,sub_1RfBVKk4uSe7cMzblR6lLtQ7,paid,subscription_create,charge_automatically,eur,200000,0,200000,200000,200000,0,1,1758700800,,1758700800,1758700800,1790236800,pi_32zq2NiwoscJH7oP0EeoAP01,ch_342Jw74k1V8f00MVTEaxlLcA
in_1V06Mko8y23EHLZdTdamZtuG,8KP73EYJ-0001,cus_0Ef1BwFo218LoJ,sub_1uRrEqB69neg7cRLuXCA37Lv,paid,subscription_create,charge_automatically,eur,300000,0,300000,300000,300000,0,1,1758719002,,1758719002,1758719002,1790255002,pi_366ieGftjFSPxWOKWlLWqAxP,ch_3IEJGXc6pHQrixgchoqzBmXb
in_1e3WzmQeW82uzFe899Ju8i8G,B3GGTXWL-0001,cus_kRTMDTbKGBjpo6,sub_1rXFR1bawRmWxvGItjDZYlAf,paid,subscription_create,charge_automatically,eur,300000,0,300000,300000,300000,0,1,1758720339,,1758720339,1758720339,1790256339,pi_3fvohzNEjsEmeWQzo1CBv4tS,ch_3655QR4eDWQIMyWo9l9nUhZQ
in_1Ypg5rV2fwqlI9bKKMyuhlnU,2CYSZTWY-0001,cus_UBodzPdBywd7QZ,sub_1YzYcRPpBiJmIeBb7U4R3YM0,paid,subscription_create,charge_automatically,eur,179700,0,179700,179700,179700,0,1,1758727434,,1758727434,1758727434,1774365834,pi_3Gexr7l9GgdsUORO2dRRgBo4,ch_3mLCY2rXFgDCfcV0YIXwUN9C
in_1j2Xs9b1FPh4mvbQoLwcdM06,SVLG8LDU-0002,cus_YhWhQSedwWM6ps,sub_1L8mfnLTAEOlsHndZvsXH1p3,uncollectible,subscription_cycle,charge_automatically,eur,300000,0,300000,300000,0,300000,3,1758734845,,,1758734845,1790270845,pi_3rXfyrIjPRv9JjiIUh7qeRXZ,ch_3b0R6WYZaY45HeMFwA9eEmM3
in_1wmhjafFf5QsCJvAxh9YWXb6,86YG2PAZ-0001,cus_qBynS9iYp83ptr,sub_1Hf2bJrd0FZuIx6dpdQbZKTT,paid,subscription_create,charge_automatically,eur,100000,0,100000,100000,100000,0,1,1758824542,,1758824542,1758824542,1790360542,pi_3sppoFWvsH03TBJrVdVWcGfW,ch_3pwgJO6jJJtHu1WCGTHpCo8X
in_1xBampbTMwhGAbks57oYuzmn,TI95LGRF-0001,cus_gUVAitzDXFjMnk,sub_1lb4S1sSMtIWnw0SYIFZy7me,paid,subscription_create,charge_automatically,eur,119800,0,119800,119800,119800,0,1,1758880882,,1758880882,1758880882,1774519282,pi_3aYc1dxDkPFfkFUuzMGSSwij,ch_3Ldk884thfOlV76suIyjOSPF
in_10DZF7vfPce6LFrEcMrA7vGS,ARD2427K-0001,cus_D1zASsh1CQyOZZ,sub_1x7xCRKtQ5EwmJ2VpkUkQAYE,paid,subscription_create,charge_automatically,eur,100000,0,100000,100000,100000,0,1,1758885532,,1758885532,1758885532,1790421532,pi_3JkzzQaH2d0ypZY1RUv3whzy,ch_3MqT5qNmPtWo5I7EWwa52He2
in_13VpPPwpLcMLcjrvpRY1nFIO,RR684SDV-0001,cus_9a3inovvZbbhpg,sub_1SyHLoHYPfX1rR9TepqrU69P,paid,subscription_create,charge_automatically,eur,59900,0,59900,59900,59900,0,1,1758908998,,1758908998,1758908998,1774547398,pi_3cRKoPGrq7II0yeZYhmWxAFg,ch_3Ik5DxZfSvaXYxoR9o9Z4IZe
in_1n9aEDkpqrLJcEr0xw8xRCgf,P0Q18VWU-0002,cus_49RYiJy11h3dCf,sub_1VfcYx2VGMPL9xy0mgwGfUN2,paid,subscription_cycle,charge_automatically,eur,200000,0,200000,200000,200000,0,1,1758974037,,1758974037,1758974037,1790510037,pi_3vohiX7bctnHdvFffRtzAfS9,ch_3nM0jBNtN9PtTdjBB4MET5dK
in_1fjTjgOMvGBF38bjtsJvqxfU,TXTSULQL-0002,cus_UgDnjCoLTshp1d,sub_15DrjimIjHYhUwkqHad0Gp0M,uncollectible,subscription_cycle,charge_automatically,eur,200000,0,200000,200000,0,200000,3,1758983557,,,1758983557,1790519557,pi_3WTBI8Ux6e73ViS5ZbjeFyoc,ch_3UAZ3zPqtrvRvfOyOLO6QA5k
in_1f2yjde1prRPHhFcr52OkXu2,LOTEBBD1-0002,cus_m0ddby8kYhnAeM,sub_1rbDZnqacZpklEXLlWfVaErJ,paid,subscription_cycle,charge_automatically,eur,100000,0,100000,100000,100000,0,1,1758994045,,1758994045,1758994045,1790530045,pi_3rYDa5DLla08bToKil5MVDOk,ch_3tP2L9GvdClFUUseWQ8LuxhQ
in_1x2cX2I5bPIpHZosXxxJiJnR,XDVJO63A-0003,cus_3bl51DzMrPbaKT,sub_1h7Ftdj7qV9Dq3YtetT3RJxH,paid,subscription_cycle,charge_automatically,eur,100000,0,100000,100000,100000,0,1,1759047530,,1759047530,1759047530,1790583530,pi_3P4bCJ3E6WDErHyJPi0SbHzt,ch_3L6fL7pmhbWJCl399MmdKrKB
in_1Yu8QTUOPpVa2lxk0ghyOCTY,IQSO0EZQ-0002,cus_iGFeG3ubh1Csay,sub_1PFaOndJnRsiYzSZrz4lEXSe,paid,subscription_cycle,charge_automatically,eur,200000,0,200000,200000,200000,0,1,1759066090,,1759066090,1759066090,1790602090,pi_3YWqYrex1ZZ47w3PUFwBLtRg,ch_3Xtp2b1eIQTS2HDOBGGERosM
in_1je8ds4PlxkFMTl7cXfjSnWq,NEOUB6D4-0001,cus_O6IYxIAvHte2Cy,sub_1XVUyAR0uh84KLu1FvYDv9x9,paid,subscription_create,charge_automatically,eur,59900,0,59900,59900,59900,0,1,1759146820,,1759146820,1759146820,1774785220,pi_39pbQONtn6KRZ1O8hC5FGv0E,ch_3qelf29E7lhxd0DzBzFW3cuK
in_1hXfhZIwk4cFqWFLYmVcsZJW,3ROQ98SU-0003,cus_vDLr2xIXmH3Doo,sub_11gyqFVBwqkI8zYgXUoBJxQi,paid,subscription_cycle,charge_automatically,eur,100000,0,100000,100000,100000,0,2,1759153439,,1759415699,1759153439,1790689439,pi_3jdf5qHVS1Vlhag56jut8EJe,ch_3QZJJy7coDg4GHcQMlIhASSu
in_19TiERRxrYeknAZrDxfvX949,7QP1Q607-0001,cus_2ofGXHzV5Na3MH,sub_10sgGkHPi5oqPfnNew5YdC82,paid,subscription_create,charge_automatically,eur,100000,0,100000,100000,100000,0,1,1759263469,,1759263469,1759263469,1790799469,pi_3qNuzXDgo0JenTyTFYTmdJfC,ch_3HqJNKiCSlmSSoiINdHpN5N9
in_1MNA26y2ucEbJYV9FruhuW19,8AIX45SX-0001,cus_zKbcNZcl6jUB2M,sub_14n6zLBTvMNXwdYMScHLTjGx,paid,subscription_create,charge_automatically,eur,200000,0,200000,200000,200000,0,1,1759290744,,1759290744,1759290744,1790826744,pi_3ziJk7yOpUxx4naxESwK9PjJ,ch_3S8x6RjER6jK6r1efiGlXX7Q
in_1lEDNXKoMjoN58ylfyK8SF2w,EYPHYVIC-0001,cus_d3mlh7HvX52Qem,sub_1RrRLbg3f1DV5LHT7il2pTld,paid,subscription_create,charge_automatically,eur,100000,0,100000,100000,100000,0,1,1759392863,,1759392863,1759392863,1790928863,pi_3tUg2F5stMeyxwZV5cNn5RHk,ch_3wPyzutXRAeGfMvuQZ09XQR9
in_1Lj67JHLOhR09yoqc51rdRbK,X3IJL3GB-0002,cus_Rlqp84TKkqD2uR,sub_1Sc7wx5K1jPplIWaS4URoSfo,uncollectible,subscription_cycle,charge_automatically,eur,100000,0,100000,100000,0,100000,3,1759414992,,,1759414992,1790950992,pi_3bLe1lq8YXFJpeqAIqGVn8sT,ch_3sfGLbsYHykDjEJURwugg4vn
in_1eRB5EhW8rKzg27pilDjVDmF,GIEA9MIV-0003,cus_cZ5B9qtfjvi5qU,sub_1TglFAhlOxFXz53EF6kPmaFx,paid,subscription_cycle,charge_automatically,eur,100000,0,100000,100000,100000,0,2,1759425937,,1759686877,1759425937,1790961937,pi_3ee7aULOtVptVXVe4kcBOy8f,ch_3JWrNlIAbTWLijnsD1nLRomp
in_1lTtHCITgMzJLXGNwHy9sBgS,8UM04GGI-0001,cus_q0Ehc20IpV9KrR,sub_1cBVzB9Td4e5JRwOS9BJtbZ5,paid,subscription_create,charge_automatically,eur,100000,0,100000,100000,100000,0,1,1759498288,,1759498288,1759498288,1791034288,pi_3RDvvWLDPcEwLdWMnqTQM6z1,ch_3mXbBlEr1rWUxqj13XlD4uBA
in_1OxNjS906gaAv7N9gYgYdYOL,SR02P9S3-0001,cus_mAl4BG6CeTl9nZ,sub_1nTDgAM0Lvgm35m1UIvPUQZE,paid,subscription_create,charge_automatically,eur,59900,0,59900,59900,59900,0,1,1759506483,,1759506483,1759506483,1775231283,pi_3akIHLf8ZdlEtigiNZsnWbvH,ch_38evzVoKDnnR353b3ZevjAMj
in_1o5lQMufNbo6IRKakOpUh2Sb,VZ6DMSA3-0001,cus_IAJRR9XiV3qinv,sub_1Sr66tVH4HM0Nj33rvQjyJyZ,paid,subscription_create,charge_automatically,eur,100000,0,100000,100000,100000,0,1,1759513987,,1759513987,1759513987,1791049987,pi_3UeROeV3ilAKijJ07IGken5q,ch_3si5POgvLZfNLQKcej1HsXE9
in_1Yt6gfO6hkwPtEsbRbndGjJN,8KK58QVR-0004,cus_cQlnMEnClb6AzP,sub_1jr2XU0QpBg8H5wkazIKyy4W,paid,subscription_cycle,charge_automatically,eur,119800,0,119800,119800,119800,0,1,1759569370,,1759569370,1759569370,1775294170,pi_3jSMCBHvOml0k8NNP93PSq5D,ch_3HMJOnHP6ygt3gCv1EzsUCpD
in_1jTjFaV42QGgNy4GeW4pG5JJ,TEK1OA51-0001,cus_cYBwtgWzurR8vH,sub_1sATgHgKp4tA8PhHIMzAZzo3,paid,subscription_create,charge_automatically,eur,119800,0,119800,119800,119800,0,1,1759580754,,1759580754,1759580754,1775305554,pi_3YL2gFVVCQZ5b6pOs6m3YbLk,ch_3kNBsU7dUkFcGrzFlGjOtgAp
in_1cJaa6OIvqxThuzyOUCF3NGt,Z2RIMSI6-0003,cus_qyyg9NSApXtw98,sub_10cHLU9ir7ULl7b4XTLc1fP4,paid,subscription_cycle,charge_automatically,eur,100000,0,100000,100000,100000,0,1,1759663215,,1759663215,1759663215,1791199215,pi_3xm4aOjKpBF6txzSElHGiUh8,ch_39RRNpXayUQEUp9iujRdQteh
in_1Gfix7UPqjR8E3yxynJzOPBJ,PR6ULZKO-0001,cus_AqUXZFI5DY3TK0,sub_10Q3qa14Qnpu4xQuA1fZUyq8,paid,subscription_create,send_invoice,eur,11500000,0,11500000,11500000,11500000,0,1,1759740465,1762332465,1762011885,1759740465,1791276465,pi_3oMeG7Hy5YpNJbQ3sL1qair9,py_3jzRuV8Pno3I1PxaTwenx6H8
in_1f9JN0a1CA4qlT3pF5odyneK,KG7RTN9Q-0002,cus_n6gLHQm0WH4gAg,sub_1DQkPlwJudoXe7xtgUup4b3x,paid,subscription_cycle,charge_automatically,eur,200000,0,200000,200000,200000,0,1,1759741140,,1759741140,1759741140,1791277140,pi_3ElhEcMftFAPpZMjjQRJyfCR,ch_3od4lbhwfkiqa6haJ2rhDPYR
in_1foCW6taXMGYfJXD55sJZIYq,KSJH2ORT-0001,cus_OkYDq15Y5WpI4U,sub_1pmBEDNQqQNS9c1QflU6FGCF,paid,subscription_create,charge_automatically,eur,100000,0,100000,100000,100000,0,1,1759746939,,1759746939,1759746939,1791282939,pi_3GUIMPkTyAc7PJJokFsQrVIe,ch_3a21bUxPGTTBU40NDtIgOt5Q
in_1tGPSu1B0A10eC6mPlGp0flQ,VKMPPKJV-0002,cus_8zwz9Oj3vA3Bae,sub_1ZIBwVlj9qqTwR1na9tgxIFB,paid,subscription_cycle,charge_automatically,eur,59900,0,59900,59900,59900,0,1,1759760256,,1759760256,1759760256,1775485056,pi_3BONijxvLxSMohKHnR6oyEAK,ch_373QCCZScO9LqJvcwAsgMmAH
in_1kNb9dhTE2T5Y2UnMkNAjpq9,SWACVJXJ-0001,cus_dVfFRgIE3AowNZ,sub_122POulwctFvAhusxy2yWmoM,paid,subscription_create,charge_automatically,eur,119800,0,119800,119800,119800,0,1,1759772172,,1759772172,1759772172,1775496972,pi_3zUt8FinSUGsnsxwnsecZyjI,ch_3jrxClzN7YSYZuCPveMs1YyZ
in_10kqYnCo2wXZjuKA2riYecyD,EHYWZQNX-0001,cus_bn8eYzywJNQcum,sub_1FTpugrLnr2M3EH4QYAD4ak4,paid,subscription_create,charge_automatically,eur,100000,0,100000,100000,100000,0,1,1759825325,,1759825325,1759825325,1791361325,pi_3d3a6BL5Y9F6gsjGu2XngkbG,ch_3GziS2Rp9ejxjHEvbPDVA6JJ
in_1UPNvTHHB6nQjrS1uawe2Pbr,VOFS0FMA-0001,cus_RjtBMoDqugw3Qh,sub_17ttWKTdWJ8gVk8cr0azUbd3,paid,subscription_create,charge_automatically,eur,300000,0,300000,300000,300000,0,2,1759889042,,1759889281,1759889042,1791425042,pi_37FYSkFnxabGHDXEpXlBKHUl,ch_3gNkrMnUKBNS20obGwTQeUAa
in_1JJn5cYLxhMZLJZ7p0OMSCm5,UEKPWOE4-0002,cus_NGqPlswAHDy1Pz,sub_1ixm5wcG1o78P5PKNa6Hj4TT,paid,subscription_cycle,charge_automatically,eur,200000,0,200000,200000,200000,0,1,1759931088,,1759931088,1759931088,1791467088,pi_3BIi8TiHSSpFoc37IVM5hx93,ch_3kVLiKQL2XcMTm49uGerj99y
in_166i5KMbPaPkKhvb26OpIpq6,H97SHB32-0001,cus_eX09TXkE5oqOan,sub_1fWeB1W5rhiWey2mxhoQXcJe,paid,subscription_create,charge_automatically,eur,59900,0,59900,59900,59900,0,1,1759942904,,1759942904,1759942904,1775667704,pi_3tXs2SHyntWuGT6lfV4s6Zom,ch_3p6mU3gOPvPYL9iN449RIWsp
in_1T1PSdTc6BqXaVxXH9uMbg72,Q6YBSU8R-0002,cus_YEEkzEB3fIeeJl,sub_11WU1AlhQZlPp1V7PuNZmMxk,uncollectible,subscription_cycle,charge_automatically,eur,59900,0,59900,59900,0,59900,3,1759988577,,,1759988577,1775713377,pi_3nnb4zTRrJR86fJOXW3Pcz0T,ch_3YbqHUnpgYoekhhy3rbBd5qa
in_1JxeciYZ7IBgwrxTu8JfjMPw,8V0CJ17R-0005,cus_VXhOp91qtLkvNU,sub_1zDgQl9VkUyBiWA37lKPNpli,paid,subscription_cycle,charge_automatically,eur,100000,0,100000,100000,100000,0,1,1760009865,,1760009865,1760009865,1791545865,pi_3IwMqbjWwvlfgKOeKe0ynHOx,ch_3cgbQk7qv6jG1IChRfaw67G0
in_18oQDd1LFcFpuC2MYohBTu33,V8PJU90E-0003,cus_ix2xo6AtL35MbC,sub_1MHd7SPTpXcAx8a8i27JVurq,paid,subscription_cycle,charge_automatically,eur,59900,0,59900,59900,59900,0,1,1760020152,,1760020152,1760020152,1775744952,pi_3qWO9R1Em7f6HMlmb9gJTMWp,ch_3wqFVMcspnLZCwmEjlm0Kyq7
in_13OV53fW2jq4oH8wXiv7nbqH,KVB1SZND-0001,cus_KN22Uit4gd3vpu,sub_1AkzLgxVIfVmKPuJs0usU2jp,paid,subscription_create,charge_automatically,eur,119800,0,119800,119800,119800,0,1,1760047877,,1760047877,1760047877,1775772677,pi_3GZZJ6PtL9kn4FqOsLxpcWEP,ch_3dr2QC9rff9nMcBMvS7tuQnD
in_1c096vUnTa2LR7kU4ro2AUcK,670N7R8N-0002,cus_chKYPYRFPY3NNZ,sub_1iPzTVybBlvtCZRAgciaKLzy,paid,subscription_cycle,charge_automatically,eur,100000,0,100000,100000,100000,0,1,1760089385,,1760089385,1760089385,1791625385,pi_3wPnfyiWHBx9PS1MzewanP8l,ch_3yqFfOwYL40VM3O2EXkadD4h
in_1pBj8NXsgWDsbwPRDIWkQYTG,FB0PIEGU-0003,cus_1Jof48xevpHbBA,sub_1e6Lvc2CP9TSDNAoLr1t8RWH,paid,subscription_cycle,charge_automatically,eur,200000,0,200000,200000,200000,0,1,1760094357,,1760094357,1760094357,1791630357,pi_3Q3mU8KeDZobcxDugkNDw0Pw,ch_356rqEkFHNWjLIsCDiPkZKAs
in_1lGE37QzNZQ2OQWKdv28LdnJ,XKCB0OCE-0003,cus_hKhjgZSdBuOnwF,sub_19N69fQp1Sxq42ZsAleJM2OT,paid,subscription_cycle,charge_automatically,eur,119800,0,119800,119800,119800,0,1,1760175320,,1760175320,1760175320,1775900120,pi_3QcysBsKSQ3Bhr8zGfZOu8je,ch_3lUQeKc9K2Rc8vHuMrV7sFWD
in_1bMVjDqLloMwiu9f0CruzuPb,CTT7N062-0003,cus_rGPzkojL0To5rQ,sub_137y1kFzPbRciCPdaj018qDp,paid,subscription_cycle,charge_automatically,eur,200000,0,200000,200000,200000,0,1,1760262474,,1760262474,1760262474,1791798474,pi_3vyoKITqC1kVOrg9xIgE0bd4,ch_3fwNbhzFXpxgiLd9nEEEqt4c
in_1qNHy8OLxwqe7BjnFoma1cpG,IWY7ZSMJ-0003,cus_qxLepgwWR0rjDx,sub_1F4yRgImspJPAO3jnSYL40so,paid,subscription_cycle,charge_automatically,eur,500000,0,500000,500000,500000,0,2,1760266415,,1760526995,1760266415,1791802415,pi_3OOYJH3kULNAmitLRFHHS9aa,ch_3zw4lwR0eqfjVZxtVMCDMV8n
in_15St708kzVDM0cMzLFluEohm,B0FX1K2I-0006,cus_x6iXaIzSNfPNvw,sub_1kAoy2ozPOT3RhfAgMG5DsmK,paid,subscription_cycle,charge_automatically,eur,59900,0,59900,59900,59900,0,1,1760370547,,1760370547,1760370547,1776095347,pi_3MqxuHynK2c1gyoZf5ct0rNH,ch_37YS5keGupBbl7jQhszwDRTz
in_1DMAhdPNDKdA5AdNquAqM7y8,06IB9EME-0002,cus_yZ8LLFdlKD7gQk,sub_1AQ61CcqRRbJMm1LuZWuDCfE,paid,subscription_cycle,charge_automatically,eur,100000,0,100000,100000,100000,0,1,1760392780,,1760392780,1760392780,1791928780,pi_3Z22KPgvJVYoONdvqiBXwqlH,ch_3nbpgHrFRlRjXwDfe3uordI7
in_1xLBTuw05gkeAywNXhNIkCxt,4UU9WBEY-0001,cus_BzSNX5E1GL6eIL,sub_1iE3oLOfrbGQToecKCa3zprQ,paid,subscription_create,charge_automatically,eur,100000,0,100000,100000,100000,0,1,1760510994,,1760510994,1760510994,1792046994,pi_3NdpuGEyhNLzvStg698AdQ34,ch_3teOke9CY7mY8cEr5KzhG2M8
in_1h6ca1s2iN9ZvWWHaFiuPkWm,VQ7DH7Z0-0002,cus_GIMADe2QEvHusA,sub_1rFuEBjfX8zyrMilXM0lhX0a,paid,subscription_cycle,charge_automatically,eur,100000,0,100000,100000,100000,0,1,1760594234,,1760594234,1760594234,1792130234,pi_3dYlb6qUDKakJun3Zd4GSfh4,ch_3Fkoggc97vYpHgOQi707BK5W
in_15lckAMlaNAzT96V93N1zpnv,AXYDA0U1-0001,cus_7uVeQqPjCEyeiV,sub_1bkhHRhJZvcSsOyDAWNqi2tR,paid,subscription_create,charge_automatically,eur,300000,0,300000,300000,300000,0,1,1760598404,,1760598404,1760598404,1792134404,pi_3UOUg11n5bshnkigXSHILCs4,ch_3TyWyKZfaMdFQkXZAs5G05zP
in_1cQ7jYrp5jyQ52myDZcuQ7gh,5P5YQTQE-0003,cus_UNzQj1YRhDvnxw,sub_1sL3JV25AE5eyDiphy2g08zA,paid,subscription_cycle,charge_automatically,eur,100000,0,100000,100000,100000,0,1,1760602228,,1760602228,1760602228,1792138228,pi_3ypoFn4R3Svr03mXXOaH1rVh,ch_3WZDmIftnBIB3LaX1kPDjJPR
in_1QcU27lPQaeDaEp01zT3tSXc,UTMF6E0R-0001,cus_WiTyo4smq1iFwh,sub_1r9i1Hg1tP6BDn6uimeAhaUb,paid,subscription_create,charge_automatically,eur,100000,0,100000,100000,100000,0,1,1760636698,,1760636698,1760636698,1792172698,pi_31RMYWUJMixwiljS2PLXUAwQ,ch_3qKnFM0GMYSgmV8YJSE1BZTW
in_1e6pgQrZtfSyfZofhsoQfA9F,KDO8X1CT-0003,cus_fJT9FslIFyiKOU,sub_1kVBsWUe3Z29rSInP5lJZRMu,paid,subscription_cycle,charge_automatically,eur,59900,0,59900,59900,59900,0,1,1760687208,,1760687208,1760687208,1776412008,pi_3h0pUkMxzkSijpwHuyLMzX76,ch_3BLJ6t83usr8ct1onwFBqFp4
in_1zheoGjB9xV3wK4XWn5YPhNK,OT69G2BX-0001,cus_wY4yh1yyRh5MbL,sub_1LLDvekDwMBkdHugvdYDyHKu,paid,subscription_create,charge_automatically,eur,100000,0,100000,100000,100000,0,1,1760701376,,1760701376,1760701376,1792237376,pi_3HJGbWTQEERrKys6B25oyVRF,ch_3Ge8hjJlKZ5qBPknARoRnKhc
in_1HuIi8HMYQUhBuDIRrByZhPp,VLDG5VXX-0001,cus_N91M35qOG7Zvux,sub_1IHlIAFl8LAKRLoDq3Dd4fTB,paid,subscription_create,charge_automatically,eur,100000,0,100000,100000,100000,0,1,1760712256,,1760712256,1760712256,1792248256,pi_3AhTweS79KVc5ENNbhOrmuHf,ch_3Rd2AWyeoLr5mFEIRnEb9VvP
in_1gG8jCKCVOsGPIa7esT3TSc4,BS0DXYON-0002,cus_Axs0RlRpI3oCt5,sub_1o37p5peIZwUcNMbOhWUQRo8,paid,subscription_cycle,charge_automatically,eur,59900,0,59900,59900,59900,0,1,1760773874,,1760773874,1760773874,1776498674,pi_3hPud6htpHg20O0TYkwaL8eP,ch_3zpSBX4XBz6O8GkdWctBAI8d
in_1Xowk4pIhn5ie20Yt16XA0jL,P0NX83AN-0004,cus_uXSyPDyKb2yIMt,sub_1RX8mnzWP1kjviAqIN200Jme,paid,subscription_cycle,charge_automatically,eur,200000,0,200000,200000,200000,0,1,1760783363,,1760783363,1760783363,1792319363,pi_3AC43ZDk3YvYtF67sQIKUVi2,ch_3hcIu4rIJTwZ4nsHOJ8Ku9NV
in_1LXnKthx0zVTEUpboGO06hRp,3KOQYEPJ-0002,cus_Tr28j7vaeNXiYj,sub_1zC3pwzXQjkpkZwIIBkfliPV,paid,subscription_cycle,charge_automatically,eur,100000,0,100000,100000,100000,0,1,1760788785,,1760788785,1760788785,1792324785,pi_304Qt3SQZfbI2WyiNdOSwteT,ch_3ve4NOQejsleM9RfxBGQRXpd
in_1KimGRNUQfxqSx942TRXsc0a,VYXKUEHL-0004,cus_ujmYIEWvPmK1Wl,sub_1WgFdCupYGWuzroFQ3PTD8U0,paid,subscription_cycle,charge_automatically,eur,100000,0,100000,100000,100000,0,1,1760813226,,1760813226,1760813226,1792349226,pi_3xC8vc0tMaW7TS8JbGYLyMVl,ch_3I3LFuzjD649GMtolpVXYmAH
in_1P128bQEfqESBue5Qcf67MKy,K161G4AG-0002,cus_RADLZfywHhUE08,sub_1zsIHoChErcYrF2QfcviEoqg,paid,subscription_cycle,charge_automatically,eur,59900,0,59900,59900,59900,0,1,1760818146,,1760818146,1760818146,1776542946,pi_38PUN2RnxSWPEcTcvMZbykJb,ch_3udBvhgEn4voiVSsW5VxWyn8
in_15iJcwwk8RmxDR7LlKif2X9T,MK17G2WI-0002,cus_szDA1RrBrw1BLN,sub_1RMiQ8Fezrd5hP5MiZ0gQvt7,paid,subscription_cycle,charge_automatically,eur,200000,0,200000,200000,200000,0,1,1760824585,,1760824585,1760824585,1792360585,pi_3CvFJv6F6zptApvI3XaQxOWu,ch_3T3GvI6yZOSly65iWMRm1nDT
in_1AmbBFm9YOFppyeQg5r5fPuw,0BP90V7T-0001,cus_xJMczuxTHU6vfS,sub_1dePu1hxFUxxJ3f6DXounMav,paid,subscription_create,charge_automatically,eur,100000,0,100000,100000,100000,0,1,1760931108,,1760931108,1760931108,1792467108,pi_34xazGuUo94k8lO2UCEan65F,ch_3jtDWtizXEqAFmJmbWRLEg8T
in_1UMPThuRgxEQ6kRTB07ULFmo,H9OLT3WL-0003,cus_WHIKsPAo6YmsmE,sub_1RV9B5Rp8E5YNTGjXzzsAC03,paid,subscription_cycle,charge_automatically,eur,100000,0,100000,100000,100000,0,1,1760974164,,1760974164,1760974164,1792510164,pi_3Sg0f4pm41kOAEhszpzEpdf2,ch_3qbT1ao6Xxu6KavgJ69Pq4lF
in_15vgsw7yWZLlTmGaw8719NI0,ZOLZ3AIW-0001,cus_Zc7Q45R1e4sbcK,sub_1V4pdryDP4ouIR7594MWp0c3,paid,subscription_create,charge_automatically,eur,100000,0,100000,100000,100000,0,1,1760991758,,1760991758,1760991758,1792527758,pi_3xW1BD94FAE4iQRdjn3lNoNI,ch_3zHIPy9D68PckRO35t0UW3yX
in_1fNq5Olt1BWXDsc3jlhuEsap,6QZ9VV2G-0001,cus_YNucediX24Qmhl,sub_1AbnNUpVA5TS9J83Qmdv3L8g,paid,subscription_create,charge_automatically,eur,59900,0,59900,59900,59900,0,1,1761053455,,1761053455,1761053455,1776778255,pi_3sK5fvhNMcS6TecnT9GcqRKU,ch_3DekFWRHk50cdUFciX0xfgoo
in_1HoMgBnlEapdVBjBFfaJ435a,J8143X7L-0001,cus_aZss8qP59iXB7Q,sub_16SoUmtquWkpYPe0EgRQi6kf,paid,subscription_create,charge_automatically,eur,100000,0,100000,100000,100000,0,1,1761110054,,1761110054,1761110054,1792646054,pi_39xmBC0jSGt7VIhuR8kE21Wd,ch_3lEgXSda57v4d0GO3pbSDjBt
in_1PGtcMJgLLDRKAR5WuflwNMo,Y8CIAZ7I-0002,cus_GQIceU6qZNMLqX,sub_1RQLICF4emPW1wF7fsy0QzJR,paid,subscription_cycle,charge_automatically,eur,100000,0,100000,100000,100000,0,3,1761126056,,1761820736,1761126056,1792662056,pi_3WeRBYC7OZzQBLU55s8ePiEA,ch_3pz8IEECKmFs7c7vWFUZbn6q
in_1x3JQb0tFIVF08YcVIvZrHci,UI6WYWT2-0002,cus_KSKcNULxeFdNYj,sub_10VnnfQXWKaJMY7U5IXcRaV7,paid,subscription_cycle,charge_automatically,eur,59900,0,59900,59900,59900,0,1,1761169853,,1761169853,1761169853,1776894653,pi_3xfsvg4NH7GVc6823SU4UhWb,ch_3m44vPh1vhV5UIoO5ArOxGiU
in_11WW8lNvGq01ISWL52PaeAZS,F0BO89CA-0001,cus_275KZDYBrnvSAh,sub_1TViNxVmgYf98aYfJfHCnre2,paid,subscription_create,charge_automatically,eur,100000,0,100000,100000,100000,0,1,1761228462,,1761228462,1761228462,1792764462,pi_31vHOlD2v4Lrf7BXfJhCTDak,ch_3TcKN6SDMoSD679a7UsrsRw7
in_1QUmJrfOIMvUcAlsydAZwMVS,5KS2JCPR-0001,cus_5npKyfFlQc4xOh,sub_1nwGS5gQGEGY3TSCbB8Hk8fc,paid,subscription_create,charge_automatically,eur,59900,0,59900,59900,59900,0,1,1761234058,,1761234058,1761234058,1776958858,pi_3OiWd9KiG2GwEufKoMhmfaA9,ch_3OGcNOZqwksa2BczL4Daviwh
in_1GvPAydyQt2gdAmR5TzGEOTh,BPRYD7SE-0002,cus_v8L2L1faqIUgU7,sub_18mMRIIlu5WiCL1JkJg0t5qH,paid,subscription_cycle,charge_automatically,eur,119800,0,119800,119800,119800,0,1,1761301630,,1761301630,1761301630,1777026430,pi_322I6S8Y5kmMvoxs5bBkbNsR,ch_3CNVzj4DHhwWNzoj6ItN9XTL
in_11GnIxJ6o7D9VCj1mbed93wf,R8AAVQ0S-0001,cus_TZXMEVVqTRpV51,sub_194nfL94D2jQLuUiqjOO4TsJ,paid,subscription_create,charge_automatically,eur,100000,0,100000,100000,100000,0,1,1761393990,,1761393990,1761393990,1792929990,pi_3pN2AjDkgyw6U5haR7Uubmqo,ch_3BMPZOCTVrDm3BTyDMRhXD1x
in_1RmYRfSlWrt4QOScfK9vRhuZ,A556517V-0004,cus_cISqDoWiXf1TsW,sub_18CBBw9HM60SvcDwxmnsm9pF,paid,subscription_cycle,charge_automatically,eur,200000,0,200000,200000,200000,0,1,1761400069,,1761400069,1761400069,1792936069,pi_3vhkmbccwd7a6L5KEf5DPTTG,ch_373JpBhjdK0ZGVzrq0EUjDyk
in_1AcSxkGbrnzLIJ0qlpm44weJ,60RDYF9X-0003,cus_Ct4toegjXJBWnw,sub_1RRSz6xYo0MYWWKnROAq03XO,paid,subscription_cycle,charge_automatically,eur,300000,0,300000,300000,300000,0,1,1761403409,,1761403409,1761403409,1792939409,pi_3Oqx0VKNH6dmsyswpVwEaPIh,ch_3di8m12HMmeQKOx5lWpy2wMC
in_1e6vkwrzRUkVhTpo0GuOY3IG,NHULT017-0004,cus_A5NUM1mc4KzYv5,sub_1XGxhrTJUvZeuZi67uks87TT,paid,subscription_cycle,charge_automatically,eur,200000,0,200000,200000,200000,0,1,1761557974,,1761557974,1761557974,1793093974,pi_3osUgHZJElldB7JNknKP2V9l,ch_3oj2PrIyWJtJftYfiHpfPZo1
in_1wpaQ2gPG3OjTVwbtZArSvse,U5UYC1HT-0003,cus_Wuumzv8nn19X0O,sub_12VGL1wuRzKshoSYNibqfu93,paid,subscription_cycle,charge_automatically,eur,200000,0,200000,200000,200000,0,1,1761568166,,1761568166,1761568166,1793104166,pi_33CfWMo1tPGfhexFZseLmMMh,ch_3xYau20X7LK9IvTvP3J53bTs
in_1HdW737oT6OoDiiDEM2ucZMt,LNJ10H19-0001,cus_qkQCnuGamdBz7o,sub_1LarHNqAhAPsLWm79nZQpft9,paid,subscription_create,charge_automatically,eur,59900,0,59900,59900,59900,0,1,1761651158,,1761651158,1761651158,1777375958,pi_32IGsdA6jXUwzkR8XiI2pxvb,ch_3nNnLTw6I1jTtBLBxpNV3EI8
in_1K9SDotTUg2tbEaznKhfmE2o,RQI0Z7VM-0002,cus_mYOxyTwYaaiOFX,sub_1ZVoXbKLpw7GM1dHXFkUJFRR,paid,subscription_cycle,charge_automatically,eur,59900,0,59900,59900,59900,0,1,1761742541,,1761742541,1761742541,1777467341,pi_3PnUfhT1tELBGtdiGRdSjFkO,ch_3EpDIFicmDQu9NrEyHnqFNQ5
in_1ehaSVWLP3SDitZHzwXJlCYQ,TAOL0DFI-0002,cus_r8wI0czJWUSrux,sub_1iqQUNgd9B2CmragfUfmwsif,paid,subscription_cycle,charge_automatically,eur,100000,0,100000,100000,100000,0,1,1761823030,,1761823030,1761823030,1793359030,pi_3zZbgvIJWrxrRjna3ee2s4W1,ch_3dGQ91003H8WoqYW00jYLuX7
in_1IJSpU0H7AXEYNKlxUP478ag,H4MO3F2B-0004,cus_TBlL4uhVrOes3n,sub_19Ycdj6GwvKDm9KhzD9LTyN1,paid,subscription_cycle,charge_automatically,eur,299500,0,299500,299500,299500,0,1,1761829428,,1761829428,1761829428,1777554228,pi_3alKMqzbFfQ8JVRX86KiwLqd,ch_39Z6wiy1ZRpNQybZhHQ874LV
in_16fL80fAj6vUxrhYyNjNhjlG,FWYMJCXC-0001,cus_Vdj87NaGbITss5,sub_17hOlbXrAxNw2qtXPS9wzrWo,paid,subscription_create,charge_automatically,eur,119800,0,119800,119800,119800,0,1,1761833727,,1761833727,1761833727,1777558527,pi_3yaHmnJf7RXUb3u9POMQ5NC4,ch_3WBzCOVQA3bdtlDEqTyzS9bb
in_11FQxF5POaxGcwVJIpQHV9lj,219KNECW-0003,cus_pfcpigwlAC0PIt,sub_1KNnkuu8Jsq5JXozdUL3t0lp,paid,subscription_cycle,charge_automatically,eur,100000,0,100000,100000,100000,0,3,1761839986,,1762534666,1761839986,1793375986,pi_3IryBQVZFaURCB5GZmxecFz5,ch_31dwSfkTO98SrhXaSSE5Zzo8
in_1nRTUwejtiKIlAR49CZVCoHf,IW88EVZA-0004,cus_9GIjsJUhwG07k1,sub_1aBbQ8XTBB8hY1W99wheVhut,paid,subscription_cycle,charge_automatically,eur,100000,0,100000,100000,100000,0,2,1761866241,,1762127301,1761866241,1793402241,pi_39iIcVioKhVSpTTyilydHjvY,ch_346V4aCwv4E9dOZ4V0iEh67F
in_1q6SPzmFnLmxLoRxPRpnMcTb,AW9XCIVH-0002,cus_tScbHEuptgnSjb,sub_1JyO3SJTZFbrFYoV9YdrsSo4,paid,subscription_cycle,charge_automatically,eur,300000,0,300000,300000,300000,0,1,1761890976,,1761890976,1761890976,1793426976,pi_34kJaAtQ5RNLJ45B8AXrVKJu,ch_3P6N8USWhNkl8Eqf2aoZIfEw
in_1V95UIpu4vlHk3UEjw5N66ET,CLDPCQE2-0002,cus_4Hpas2HfcAZu3k,sub_1sabV6jqcl4jZjlsSfw5mA8N,paid,subscription_cycle,charge_automatically,eur,200000,0,200000,200000,200000,0,1,1761904442,,1761904442,1761904442,1793440442,pi_3tX88h9liYm8xajFf5IgmS75,ch_3v6IskWmpmVRNLqRH0wJI1d6
in_1tapjGkIp2zm7UIw2BISbsag,U12BIDGF-0002,cus_fYkwvX9KVvbrYG,sub_13MhOESo0W8V5oiN7inR8dnb,paid,subscription_cycle,charge_automatically,eur,200000,0,200000,200000,200000,0,1,1761939286,,1761939286,1761939286,1793475286,pi_3MXGcWwFBNG6GbtQaETkG9Pd,ch_3sOfilFmeO9eBL1fiZVFWtux
in_1jex40nL0SnNMocpcejwTpFh,DZWWR5KE-0002,cus_g1VKAQLYSxygQw,sub_1QrRthfPHCkmHaWnUe1Y0WCw,paid,subscription_cycle,charge_automatically,eur,100000,0,100000,100000,100000,0,1,1761970587,,1761970587,1761970587,1793506587,pi_31pKhhNfnfEzyp6kNWHPbxMA,ch_3AzULogBcg5At97OxKPSulcz
in_1g5VzU9Ug3q4ejGaTvGPAmIU,TWDWXZ5Y-0002,cus_gZimNVm9VIYfM3,sub_1wysn2dpJ0i7khJC14nkgnf7,paid,subscription_cycle,charge_automatically,eur,100000,0,100000,100000,100000,0,1,1761995852,,1761995852,1761995852,1793531852,pi_30lXD1aZbV6LQfXEdOzI74px,ch_3ormp7fEKMKNcT1OUx4Gz5P0
in_11SdnjBRg27jbP1cnAJC5G47,5Q54KS47-0003,cus_Mtj704apHDoMDZ,sub_1wR2lO7sBrBwj9hmVfrcXjue,paid,subscription_cycle,charge_automatically,eur,100000,0,100000,100000,100000,0,1,1761998124,,1761998124,1761998124,1793534124,pi_3c1zwGP2jwkpoFtK7nxFyHOc,ch_3w0j6pHkl58TYR2v4XQ8F66m
in_1kGMbkbtza419Rw6XykJpbja,9E6ODFV0-0002,cus_Amp150wQg8sGxu,sub_1geT749DWq5LZGs1Dg6Pw6jK,paid,subscription_cycle,charge_automatically,eur,100000,0,100000,100000,100000,0,1,1762001755,,1762001755,1762001755,1793537755,pi_3TyyY6eo3ibabj98LzMMYHuW,ch_3wRDsh9RUMSBT3RSdR0g3Ic8
in_1MZsLvRIqDdWiSDf9JaXoJ2t,9I43KOMH-0002,cus_hj0mJNBo2czXn3,sub_1wyTrHjFur0g7nuf7emvkzIt,paid,subscription_cycle,charge_automatically,eur,100000,0,100000,100000,100000,0,1,1762071538,,1762071538,1762071538,1793607538,pi_3623DsCpU2zaB87Gof6WvcRx,ch_3XwKIYWMVe02DubM0vWwhDg6
in_13I8TavhA8NQino9w9agE3CK,5EJ5Y7Q3-0001,cus_dnCyH9d1otxdUR,sub_1hL7aBYnM7zMMQbuzgB9hDVK,paid,subscription_create,charge_automatically,eur,119800,0,119800,119800,119800,0,1,1762178089,,1762178089,1762178089,1777816489,pi_3jTu0yku3zUOzVD4qCrKRe06,ch_3sYqMWbz8jI765H0OoKsFVWE
in_13yZzQ4rWAwncXwEjmOCKrHw,BEDUS7J3-0003,cus_wH0sOrwUuDfPnZ,sub_1nEDtcnB77tShDRZpyTf0TAe,paid,subscription_cycle,charge_automatically,eur,100000,0,100000,100000,100000,0,1,1762184958,,1762184958,1762184958,1793720958,pi_3jiBPPxSoNis1dHf2pRK1Z0F,ch_3WLmxSfIS8VeDcM6qB4eX7Xf
in_1eo6VTjZm4b61wQYuCWT0JJx,M643A0K4-0001,cus_xMFCUnJgXk9ZBV,sub_1Z8IwaNM6l169biUwDyqIAZb,paid,subscription_create,charge_automatically,eur,179700,0,179700,179700,179700,0,1,1762194007,,1762194007,1762194007,1777832407,pi_3qmndn7YhQ2OqAJm1rvFTCOq,ch_3mts0CEbduFeVfYXmny05V90
in_1WfBHuul8Rp1YY19e8D1myPv,VQVLWPPM-0001,cus_hYi3Nr7JoAc8ri,sub_1aqVlj0oGAr6l0rk8DgmiRCX,paid,subscription_create,charge_automatically,eur,100000,0,100000,100000,100000,0,1,1762203447,,1762203447,1762203447,1793739447,pi_38AFqlliDt8o84DJReBuI405,ch_3zCtu61x1wyqINHjcIKB5wVT
in_1rmqZcpkjQKLuwMi9zbJGVy6,DQQNGNOW-0001,cus_crNhIGuUGTxPjY,sub_1ggjiMQ4pSfK20D5DaBPfqMp,paid,subscription_create,charge_automatically,eur,59900,0,59900,59900,59900,0,1,1762246158,,1762246158,1762246158,1777884558,pi_3sOxRIuUdbpoon12Qn40iZuw,ch_3xCWcyQzBRCPvPiaXCKstEhA
in_1iygysHM5qHlI1ZNUvghINNn,4XD0Z8SF-0001,cus_FBWxKqswTkkq6c,sub_1cbRSLjerLN1NDKCo6sXXHRC,paid,subscription_create,charge_automatically,eur,100000,0,100000,100000,100000,0,1,1762249253,,1762249253,1762249253,1793785253,pi_3fq6dUCe5j3JBr2LyuW0Nrun,ch_3RlIONNBoyG2dpna7aiAkZbg
in_1pfucbGlii7LTeQGHchtEkMj,4H3CAHJ9-0001,cus_JBj1Wmx1VHlc9B,sub_1JJXAGeEbTAnSZKYlCxopRuh,paid,subscription_create,charge_automatically,eur,100000,0,100000,100000,100000,0,1,1762280623,,1762280623,1762280623,1793816623,pi_3w4NptzoYdHl6xjMXsV7eAIe,ch_3smWZetngHpu7K74nwPwlGyj
in_1FsBOWvZxfmvrsVjPNlra5um,BKD64I6Q-0001,cus_MGehtO9JSun8xB,sub_1PpYTsxHqwhVi7lsqpD8luqg,paid,subscription_create,charge_automatically,eur,100000,0,100000,100000,100000,0,1,1762295985,,1762295985,1762295985,1793831985,pi_3ryXt5dob0YBIPid8MYtO1tr,ch_3kSn3trOFpGLTbAonm7DjzWH
in_19NpcEJ8h1vAQRiZz95GFUbS,Q21L2C2I-0001,cus_S6RMNPRhkYTdgF,sub_1loC2FzaPw7etYfZAeexGAhU,paid,subscription_create,charge_automatically,eur,59900,0,59900,59900,59900,0,1,1762331059,,1762331059,1762331059,1777969459,pi_3zW6Y0ArscbUARUxoyOxiQwc,ch_3LGXrGp0dhtu5KOGqXWfWq5x
in_1ZF35Z4Ep7YuqwRD70vnxURG,5ATTK2X5-0001,cus_iQtCnejctegF5O,sub_1NMmOedbtYJH8SBilSGPr4te,paid,subscription_create,charge_automatically,eur,100000,0,100000,100000,100000,0,1,1762336414,,1762336414,1762336414,1793872414,pi_33a3ugIlwSYkQe7uun8nLW7j,ch_3HIgwDnQ4ldzEgmWxUdAItmb
in_1V1L07zptxWCtv95G6QFuwzA,AZ8UW6EA-0002,cus_KhNkO7S33vfYKX,sub_1E3aUHqmj15GhLUd9eXX62b0,paid,subscription_cycle,charge_automatically,eur,119800,0,119800,119800,119800,0,1,1762343956,,1762343956,1762343956,1777982356,pi_3VrxDA4bVJEJybY7mCxHYZRV,ch_31Argv08tizt88zEStKAfwpG
in_1VORizdM67p27myBVNUy50ZA,TQO9CUWC-0001,cus_9c3cNqhVsbCXee,sub_1qHiP02TwAdBlL8am1dPdcii,paid,subscription_create,charge_automatically,eur,100000,0,100000,100000,100000,0,1,1762344282,,1762344282,1762344282,1793880282,pi_3QMTWsyeDP8AGroQDtUqvf3o,ch_3fMgYE5NiDEqEZRb2TtjIV84
in_1xywj5M0sw8LJbEMx6t65s43,2X1UJKH3-0002,cus_NDzYc6GSKj16s1,sub_1mbIgUXNhxPpVKFo5EZxZJv8,paid,subscription_cycle,charge_automatically,eur,100000,0,100000,100000,100000,0,1,1762348708,,1762348708,1762348708,1793884708,pi_3v0s8P4SvxeSlMfPLq29qTCo,ch_3dtp4ImkzLbbkW468hPF7Hob
in_1LvQoFuqY5hIdXeQ8KcWYvKD,WXPO315Y-0003,cus_WT6hSTplTKMcxu,sub_1RJZglzd6kOPtBKwIlQle3Qw,paid,subscription_cycle,charge_automatically,eur,59900,0,59900,59900,59900,0,1,1762370473,,1762370473,1762370473,1778008873,pi_3a5a4K2glnonUve5oVD3MVYu,ch_3UnS2D6EcOPjeCzwNKJ7WqOD
in_1iDhqCukiVvZFSyo2LACjB3X,SXBWESE0-0002,cus_8iWulPVlo8l2CG,sub_11VDnMimbRN2nHsgKGstd1St,paid,subscription_cycle,charge_automatically,eur,59900,0,59900,59900,59900,0,1,1762419225,,1762419225,1762419225,1778057625,pi_3DBMTLXrPfHazLzeWzF2CFt9,ch_321hvAHqAZ500q0T3sPSxybr
in_1VgbC5hC6Y3Luet7fYdpkQyV,NP01IIL8-0001,cus_2bSBRbDbORjog4,sub_1V7XFwyL2kDUdjLP3RwCMqxY,paid,subscription_create,charge_automatically,eur,59900,0,59900,59900,59900,0,1,1762449569,,1762449569,1762449569,1778087969,pi_33AvYmKl57OdzaJtz4IpFZgC,ch_38jsvUz67wBHMemR2qeeuqme
in_1JGhNhRt8u2qbMJ6ASv7atqN,0E5DHDNI-0002,cus_o3Mb3xkJvMWRMG,sub_1HnvAR3JDX3qTJIFA8zoRGrH,paid,subscription_cycle,charge_automatically,eur,100000,0,100000,100000,100000,0,1,1762459652,,1762459652,1762459652,1793995652,pi_3UXNURBuRxn6kWUX8ABpPoh8,ch_3XLtPerMhYeyrRVoxFkikHxl
in_1z06szIDpi39IO0IXEvSLC6H,E0P0OU84-0002,cus_BM8pwK6IEjbqSw,sub_1fufKMF9GpvBnH6JtPbwejn6,paid,subscription_cycle,charge_automatically,eur,200000,0,200000,200000,200000,0,1,1762540141,,1762540141,1762540141,1794076141,pi_33DdSnozboUATJjCKp3Dk2Sn,ch_3P7GBghHT9ZAtVg9s5S354U3
in_1kWVOPwIIR9G7vRDvv7Jtpt7,U8M68O8H-0003,cus_QCp8b5ZfXeM03v,sub_1qi9zVk2RtRqD3RSJWtACool,paid,subscription_cycle,charge_automatically,eur,59900,0,59900,59900,59900,0,1,1762545209,,1762545209,1762545209,1778183609,pi_3tt13FaOk5v0YsvES5Yl6636,ch_3TywIDI5mIsnRCbGFUmQRhD6
in_1sXirumrqEnBhUmgfdohGLpI,63DCTA1S-0001,cus_BuAKkRiFSQaElZ,sub_1yxOVVnFVbB3YOSOqsFjOPU7,paid,subscription_create,charge_automatically,eur,100000,0,100000,100000,100000,0,1,1762696908,,1762696908,1762696908,1794232908,pi_3m1Ul6BVmpvL4Sg5QppMPsjk,ch_3VEvw0LYVSprAYVKy2LWNmhz
in_1gKkhfAe6ICmqVqrMHFinK9Q,JB7DD27X-0003,cus_ba7LWageRejLxM,sub_1vuvIX1PIfCenJnT7hmDfx4Z,paid,subscription_cycle,charge_automatically,eur,100000,0,100000,100000,100000,0,2,1762778804,,1763041484,1762778804,1794314804,pi_320APOSZINeTecoMkTZHDWql,ch_3IFLmXJVca94admpiEfL1X11
in_1gjb6mLJ25Tcas19xbLk5qFu,U6I1KPAO-0001,cus_a7BPkG9YMJqnhc,sub_1tQX6LCHgGdEDOgWxG5p3BEI,paid,subscription_create,charge_automatically,eur,300000,0,300000,300000,300000,0,1,1762859895,,1762859895,1762859895,1794395895,pi_3CGuFdUcQuIIuDL2ED53uM8p,ch_3OiReATQr7nVsunZ2cdHBdB8
in_1c8SmGBE1esyOdhPEnJSyU4M,3QJD9LMM-0001,cus_H5JR17PnjEhV8H,sub_1kGtviVxuAmMHKtqOUEU0MQq,paid,subscription_create,charge_automatically,eur,300000,0,300000,300000,300000,0,1,1762879354,,1762879354,1762879354,1794415354,pi_3WrJAVw5nwpejZX34mlWIpJn,ch_3i72LtwTv8DJIa7p464thYgB
in_18inHRhM2mgP0Z1gHJBm0ggY,726K2YH2-0002,cus_Nl4ETAOcPOymbF,sub_1TTfqmTmGPoxz2ynT1VcpNQs,paid,subscription_cycle,charge_automatically,eur,100000,0,100000,100000,100000,0,1,1762887322,,1762887322,1762887322,1794423322,pi_3zUGIPSg5k3dOHeNnN4QA5xJ,ch_3sqdGCj7Llsz6YRjib7mC0FA
in_1voEvcTPv7Ju7tTPlJFSzgYv,HL9UGH5A-0001,cus_cebqP7puPD574a,sub_1cpRc7lLjBLh0PbTHreSWjgV,paid,subscription_create,charge_automatically,eur,100000,0,100000,100000,100000,0,1,1763026403,,1763026403,1763026403,1794562403,pi_3QJUmyxoruZpT3Q6xDdVTvrG,ch_3IZKAyROECqiziOJUib8ElFm
in_1hGtfX52kJyaSdmTQ07MSR0F,K4Y5TE5N-0001,cus_gQkOEHrqJWc5uF,sub_1lGR1nMcGI5OEBDpPcxq2kym,paid,subscription_create,charge_automatically,eur,100000,0,100000,100000,100000,0,1,1763069916,,1763069916,1763069916,1794605916,pi_3GR5ta7zp67xhf04hCFIboRS,ch_3XZgsWoDkdm8e9b9ygJbC3dJ
in_1dPOWnCaBhlydOSSXk980S7e,B00CCZ1D-0001,cus_qqoOw1IvMdFBjQ,sub_1WKCuAKTGpXYoG38gtfZ2ATX,paid,subscription_create,charge_automatically,eur,59900,0,59900,59900,59900,0,1,1763077905,,1763077905,1763077905,1778716305,pi_3jFYqQK8I4lRhhat8JCyhJHw,ch_3INK1OSiXVGPnVfS67LLGehm
in_1ffE4519mQ09ZOdvJDquoqZc,JKG19HIT-0004,cus_mRjlTXsQMR0k6c,sub_19J6RALzKgNvyqk0YjkA4Cw8,paid,subscription_cycle,charge_automatically,eur,300000,0,300000,300000,300000,0,1,1763097963,,1763097963,1763097963,1794633963,pi_3OnCKPeCRPUHPDvngxiUPYoi,ch_3MoSQKZOvDINbc5Ay7Unb3uc
in_1x0WMs6qbZytkq4rSEcyFGom,SWN3G7G1-0002,cus_HIKYVknZjuOqLN,sub_10koCJM2jSqPPV02qXSCbNfa,paid,subscription_cycle,charge_automatically,eur,100000,0,100000,100000,100000,0,1,1763117495,,1763117495,1763117495,1794653495,pi_3fBfH1HwflY9RWJFwfqcQRdh,ch_3EcjeRVXlrJxTSrbAvM9Xq0s
in_1SzvIL7Z8OSU2mrHLIYcJb0p,0IITRZUG-0004,cus_Xa1uswYTdNRZ0j,sub_1kVG0nMN2B5DPZpo0LWsHwXc,paid,subscription_cycle,charge_automatically,eur,100000,0,100000,100000,100000,0,1,1763123843,,1763123843,1763123843,1794659843,pi_3EUDbJgT3oTqHZIYN3pN3PQp,ch_3jk5FDWXsEGsHmMFwJ79m1KZ
in_1Mp8oGjGU8fGdaXMeL65dW1M,TU23S878-0001,cus_L8tpwJ8SEl9lgk,sub_1kmTzVFEhUYrJnDV9lBnoM50,paid,subscription_create,charge_automatically,eur,59900,0,59900,59900,59900,0,1,1763129887,,1763129887,1763129887,1778768287,pi_3X7NeOCrdwPEsMhHEm9HZafh,ch_3G1RjbK69URdwAlCZuP5rtVZ
in_1XQam84UFOUolLoZ1fSvJE5C,5GJS56J2-0001,cus_TUzCO94Pby7i6f,sub_1peAfq1Pf5SfW7zxnEjEcGrb,paid,subscription_create,charge_automatically,eur,100000,0,100000,100000,100000,0,1,1763147364,,1763147364,1763147364,1794683364,pi_3wELWjqiWlLxbBXItKczm2da,ch_3dqIjDpXpoxSwSAmAZUxWUro
in_1R1itS5P7N4PayJ1yLcoPKnz,F5Z21IX1-0004,cus_eJfbMO0Po4eNFe,sub_1aQdp1bmsZis6AM8XAy9nPk8,paid,subscription_cycle,charge_automatically,eur,179700,0,179700,179700,179700,0,1,1763217524,,1763217524,1763217524,1778855924,pi_3tZAFCxJZ1cwRYsCWk3D9wa1,ch_3Th362XRmyLgBQp34Wfetmbt
in_12TjV4dOCVvkADR3waCxBttP,B3ME94VX-0003,cus_LGxQ6qXDjkkrR3,sub_1clTEjirvKYyPkqXzmc8QAEO,paid,subscription_cycle,charge_automatically,eur,200000,0,200000,200000,200000,0,1,1763299854,,1763299854,1763299854,1794835854,pi_3mtP5eKChBOXXHnaZCZjCWaO,ch_3I5tUYB9ksjl74rgXyjgVIdW
in_11Bc9DyFiegWJ3cpjaHg07ex,SRFGSXNG-0004,cus_eG0LbYLQNwFFVA,sub_1hSQJEvjruoEa1xFIbYK1wJ4,paid,subscription_cycle,charge_automatically,eur,200000,0,200000,200000,200000,0,1,1763301980,,1763301980,1763301980,1794837980,pi_3jzdwsYaik6nnvRIyLth2mL0,ch_3F0h3EgohntZs7TwuTbDam8d
in_1Gj6ZctOAFFTGgL5jMSfUXZo,50F6727A-0004,cus_nk33htcGaay3ek,sub_1I1nDU3KNpp6zyzVNuNhCrfD,paid,subscription_cycle,charge_automatically,eur,100000,0,100000,100000,100000,0,1,1763303442,,1763303442,1763303442,1794839442,pi_3K1LYWvExIKNvS41HjehCFB4,ch_32lpbUVqXVqFOLXQOQMQ4URu
in_1nlrUkpLK6TBiMLLCU42as98,6JG8TBMR-0004,cus_krYqVmzIdjjLZY,sub_18Iv0d9WqDMwWHOEy9BqVUuN,paid,subscription_cycle,charge_automatically,eur,300000,0,300000,300000,300000,0,1,1763381989,,1763381989,1763381989,1794917989,pi_3YOHejgS6aUnMZCWMECOMrbh,ch_3L0Ufnyjdb849nS3aXvITQbx
in_19UVLwUUZ8lq3bq6GXmBJhc0,0AD55VCV-0002,cus_7NOWqxWZEXeZ0n,sub_1mlubbzLBdWgao1z19Oulrqj,paid,subscription_cycle,charge_automatically,eur,100000,0,100000,100000,100000,0,1,1763396784,,1763396784,1763396784,1794932784,pi_3y207JE7V9Du2GMvBCyFk7Tk,ch_33KrIwSAa6AXXOQ1u2aV14CB
in_1ePdsUmDxbANlXtH0qyhFMrK,TYSPQY57-0003,cus_k9qFYiDUsk4m3z,sub_1nNfL0WA0zB57x7i6IvIc5ES,paid,subscription_cycle,charge_automatically,eur,100000,0,100000,100000,100000,0,1,1763468613,,1763468613,1763468613,1795004613,pi_3cjsExCozaOoiwdnmwlkxboa,ch_32QLRugtf0PAZSGOi6NybdSP
in_1y44UrO5IgVJCYasS5HEJEYD,SCUNM3Q8-0001,cus_XqSI4tf2JlXixI,sub_1YLJUS4cB1zqPPkZ8bNdmz1k,paid,subscription_create,charge_automatically,eur,100000,0,100000,100000,100000,0,1,1763480352,,1763480352,1763480352,1795016352,pi_3mtgXk9DhgMYZjZpHTcjhweR,ch_3HAdsN0JwHNAz1QekxjADyua
in_1XOcEgX08w5ZxBzEbSNSt54g,F1H3PKNE-0001,cus_tifD41LPMdklgf,sub_1W3z10aQvMQGFRBzEpRn7YJQ,paid,subscription_create,charge_automatically,eur,200000,0,200000,200000,200000,0,1,1763497438,,1763497438,1763497438,1795033438,pi_3jreIqx7kNcRNFDnhzh1PDD9,ch_3jTAiOxYQrmrfUKFhHCGQQAd
in_10xUVwaV7IGS7d3NqDuCbKJb,V1NCJPTC-0001,cus_jnrLK8koyfgBfO,sub_1OGf7tpRHk61lk47R8ViyK94,paid,subscription_create,charge_automatically,eur,59900,0,59900,59900,59900,0,1,1763585543,,1763585543,1763585543,1779223943,pi_36927mLwc3P9KQaKS9cXe09j,ch_3i4SIuCAOL5ubl1ZOcTUyTdt
in_1d2JjOLPFJcYzxubTQJiV1DL,ACUSQM6K-0001,cus_d6p6eU5upFAsD9,sub_1YorVVbMDKeURGuhMcq64nQs,paid,subscription_create,charge_automatically,eur,500000,0,500000,500000,500000,0,1,1763632000,,1763632000,1763632000,1795168000,pi_3DNq60wdsW11cfzPMpmHMol3,ch_30GhB4DAhGxJr4RjhqSYprEg
in_12GMnZG4mw1g9pmxo39qRbjY,XHBTUW8W-0001,cus_QLHSLwjcZ152At,sub_1dBzP8wF1E2ZNaWqv9SxESIc,paid,subscription_create,charge_automatically,eur,100000,0,100000,100000,100000,0,1,1763636568,,1763636568,1763636568,1795172568,pi_3WcGLFFa6stVkUHdHmIlUKTm,ch_328T4EXePbCHGHHX0g4kGsmU
in_15rfyvP1W7jNKdbs2PuGSGgn,G0JB8JOB-0001,cus_uE3ownFffy4wK5,sub_1LUNYXrwaKSrXfyBy8DfdrjB,paid,subscription_create,charge_automatically,eur,100000,0,100000,100000,100000,0,1,1763657294,,1763657294,1763657294,1795193294,pi_3C74ev0hgh2uSopAr0sysbmx,ch_3KjSe7dE91qlSA9OTJK5RoM1
in_1VyX8ZiXIdlwvPJ98pImp6tz,A4LQFXC3-0002,cus_xMRnOhrH1PWytf,sub_10OIEspeHndGZZ4TZOwluhU1,paid,subscription_cycle,charge_automatically,eur,100000,0,100000,100000,100000,0,1,1763700275,,1763700275,1763700275,1795236275,pi_3mTNsVxrQuImUZUVxhzlPM6P,ch_3xNlvBD6rQE8edlPWFRcuCrV
in_1mwDQRWdNF54yQ4lx7bbUbCf,6FX435YG-0001,cus_0Z1qSxgSVzyQ7y,sub_1SI9Y7zRSYFtxzqAc9Z7VccZ,paid,subscription_create,charge_automatically,eur,500000,0,500000,500000,500000,0,2,1763702365,,1763702667,1763702365,1795238365,pi_3JLWEUX6KRXxVVcD1CZqY339,ch_3syG9KO21Vp6Mk5wXgyEder5
in_1eUjAWvGjhXLM0notecHxIqc,J4UUO1HL-0003,cus_fWS8LbDEkw0mb3,sub_13NrUBOFIpYtfGp3B8fDCznY,paid,subscription_cycle,charge_automatically,eur,300000,0,300000,300000,300000,0,1,1763712047,,1763712047,1763712047,1795248047,pi_3NXZjreLCPcMx2guc2IqzXqx,ch_3tJVaBMWAd66xqL2P6x28uwc
in_1JoiaEZeZzDGRUgX2qAFdhem,VK6SFG9L-0004,cus_IciQ1TUoQ34B07,sub_1fLhDtQvB975xVjB20VGrDVt,paid,subscription_cycle,charge_automatically,eur,119800,0,119800,119800,119800,0,1,1763729517,,1763729517,1763729517,1779367917,pi_3uD9AdWSAHGWrNKTV94PuItB,ch_38fwf38n3iIZ0C0gYRf2aBes
in_1EnINuZhJP8PTqei69XnFjJw,UOLELSHQ-0001,cus_BTSREQ2Hyj8nVc,sub_1UAArhDKbsoavKEWCfEAih1Q,paid,subscription_create,charge_automatically,eur,59900,0,59900,59900,59900,0,1,1763733352,,1763733352,1763733352,1779371752,pi_3hzzosvGe1pxxBtFjvFQVx8K,ch_3RUQRz3TmCcJkmSWkgmrCGgo
in_1mrBhfMbovysIzlrmh6Vuwps,1W4UOVSW-0001,cus_d5rS8XWz5S1Eo9,sub_11Ocrw4hNSYBLMOH9gBUah6E,paid,subscription_create,charge_automatically,eur,59900,0,59900,59900,59900,0,2,1763747816,,1763748149,1763747816,1779386216,pi_3FhIan386iIrarNPVlI6SUYj,ch_3NzoMrvgef5DN9VaMbbLSlqx
in_1YYDia4zM1r7GTEbpu4HG3R2,RUUB5FRJ-0001,cus_W3RMDMm21uR4I3,sub_1rFcucvuFQ8Q2WqOupfv7NlN,paid,subscription_create,charge_automatically,eur,100000,0,100000,100000,100000,0,1,1763756243,,1763756243,1763756243,1795292243,pi_3XXIGoXvm1E4ntVlqh4vrqrr,ch_3VeXproP6JaHwGmyOq2NgExU
in_1FqTPtVH78Qqn6gPye4iSWWT,YGG95D2A-0003,cus_4IBAPiNsoWnj2s,sub_1LQ8MTAtOl3zOm1cUv5q0elF,paid,subscription_cycle,charge_automatically,eur,300000,0,300000,300000,300000,0,1,1763871744,,1763871744,1763871744,1795407744,pi_3tP4mIkQRZ5AhmPuJxx71Li7,ch_3UAa4oVgpLZ1VOFB12yrJhj1
in_19eP6EzqfsfsuD88ht7eCatw,GT21BKRZ-0001,cus_G2yCxOKc2xqssL,sub_1zC9E4HZ1MPslgAfTqpbNYsE,paid,subscription_create,charge_automatically,eur,100000,0,100000,100000,100000,0,1,1764068099,,1764068099,1764068099,1795604099,pi_3GNe6qJfkdRPYRfjSFIdpUGO,ch_3vs7NkNwKbS2yTdLAhhGGnVH
in_17SJLP2LfRIpdQkH9SullPQc,RKBIX07D-0002,cus_QkHEvYOenSQbG1,sub_167s1PTrEons1t0qJbeaRWtp,paid,subscription_cycle,charge_automatically,eur,200000,0,200000,200000,200000,0,1,1764076839,,1764076839,1764076839,1795612839,pi_3IapsffRD8rjChK3c7zrmaGi,ch_3PHTegS0rjWKKfSrBXpWRZPM
in_1kjuRKK3ExoXAXPKyn4kZCrO,CA6AQI3M-0001,cus_HZPfRiDhxdhEJa,sub_1H31BWYosbhbZ88xzSKrcZ8O,paid,subscription_create,charge_automatically,eur,59900,0,59900,59900,59900,0,1,1764083649,,1764083649,1764083649,1779722049,pi_3Rr8rR6I2ZviLzbu8wuu1Bgg,ch_3tXO6M1tabHVHlbePjZV1Ri2
in_15QkhHHAoZ8h2BKYukfFj511,M3BFKXC5-0002,cus_9MwuCjIhxIsd6d,sub_1EBsxqNLUTxBRmx7YqbVcFgc,paid,subscription_cycle,charge_automatically,eur,100000,0,100000,100000,100000,0,1,1764085848,,1764085848,1764085848,1795621848,pi_34TSRCpRCMjUlmYMPzEzMJIG,ch_39ncNkgeL6zCx3HhHPFuNKTL
in_1oLnqWcC84gtFSju2xDjuQU7,G5V6CBF7-0001,cus_nlai2kBVZjXa9b,sub_1MOwQRn3UV1jdyfV6LRGh7Yp,paid,subscription_create,charge_automatically,eur,59900,0,59900,59900,59900,0,1,1764092909,,1764092909,1764092909,1779731309,pi_3lUuLJiGjYo4dcY7Hvf6hC8R,ch_3TnU5QMhpwa7djL7oLADUlST
in_1OoxjnGanJRNQTYyvNEs6fBo,P3NWG9SS-0002,cus_RI44QIaQDsH1Hw,sub_1xhc2OewBZ6zEpWqoqiMK1JN,uncollectible,subscription_cycle,charge_automatically,eur,100000,0,100000,100000,0,100000,3,1764097723,,,1764097723,1795633723,pi_39pDtw2E5wJkPvrTNGPii1Nq,ch_3GxrVnqcJN1OwjqXmgGb2ztm
in_1p046HTkvN295KtuGpmt3Vsq,3ZC9JTS4-0001,cus_yIB17kqHZca8yf,sub_1fmzmGrzqUz5LxlUPwxYmqls,paid,subscription_create,charge_automatically,eur,59900,0,59900,59900,59900,0,1,1764112548,,1764112548,1764112548,1779750948,pi_38biLTQSgUvWNxf9xnYGUEU0,ch_3sEiGbhDg6797S4EGGcJnhzT
in_1wOhe8lGSfvCEGeDrXz3yhWn,VUN2OPJI-0001,cus_oP3bNdFMgCB6hE,sub_1hIgSFGfOMJTmUhfgITXV5yu,paid,subscription_create,charge_automatically,eur,100000,0,100000,100000,100000,0,1,1764142317,,1764142317,1764142317,1795678317,pi_3aXCGkxLSc3EotijblaA7XKq,ch_33Ekw72a8Zxaoyj7PDRlqRAa
in_1atDjZAbyunsvTKPFUuxcx5M,JJKDNAD7-0001,cus_Wso9bycbkYM8Is,sub_1AdH5MryRpnT6KJmn5K2ewHo,paid,subscription_create,charge_automatically,eur,59900,0,59900,59900,59900,0,1,1764148236,,1764148236,1764148236,1779786636,pi_3sK3a8F2NFult0WHzIE83ui7,ch_30Q1XHJ8yiYN7rGoPqJVa3WB
in_1kHQuz0veZE9TqPTahSb1djJ,T0P17XL7-0001,cus_p9cVdLXUjhjKxX,sub_1yPva8JiOv8o15UUHlBioVut,paid,subscription_create,charge_automatically,eur,100000,0,100000,100000,100000,0,1,1764165251,,1764165251,1764165251,1795701251,pi_3CzBxJ1X8fyncg2uOSaaTuLD,ch_318YDbESYWqBUFjsIJLIEnHs
in_1NJjIDRNF8Cv4iNmFrR6myXK,0OIDPRBH-0001,cus_RNQojReZ5nxD7H,sub_1ViY3n31Rp6xUfosndm1aiuz,paid,subscription_create,charge_automatically,eur,59900,0,59900,59900,59900,0,1,1764168164,,1764168164,1764168164,1779806564,pi_3FSXAjiXKKOIqUH716wTd6Ro,ch_32zQF1GDbtry5F0srHmISdie
in_19eJevST29w0zFaUvDS4vTOL,FRA9SJT4-0001,cus_h79E6dQMUuMJqY,sub_1sf2SNJnTda5rGuAbysl2VLF,paid,subscription_create,charge_automatically,eur,100000,0,100000,100000,100000,0,1,1764172967,,1764172967,1764172967,1795708967,pi_3wbvERz1SpFpYvOKOhRV0eaZ,ch_3dIUFygdLXohClaESxVOGuWP
in_1PmYWSgODYorb5F3QBGLraAq,0GODUL0X-0003,cus_dX2UDVwPtLUPgR,sub_1PC8QoOKEvC8tlhg8748B3zN,paid,subscription_cycle,charge_automatically,eur,300000,0,300000,300000,300000,0,1,1764254293,,1764254293,1764254293,1795790293,pi_3eemiYCacXCjKMX1vpVqQzS6,ch_3SBf1tkjRUT9z3YMR3tAoqp2
in_1N2zYz1LBaS72AKirt2dWl7Q,QPDAL99M-0001,cus_J5too8To0V9vUR,sub_1VhR1S1W5lYn8HTSi3enk87v,paid,subscription_create,charge_automatically,eur,119800,0,119800,119800,119800,0,1,1764441365,,1764441365,1764441365,1780079765,pi_3Rg6i8XWEyBfhpkTPm5GECEB,ch_3tEoYO5vjZLByIXEbybnRFOm
in_1CH0HsKkanKlOzv6yxRYaFPX,AQTI8DGK-0005,cus_u7WE0s6vJL5l1h,sub_1y9OUntD5zQLm10hKHwgWMB7,paid,subscription_cycle,charge_automatically,eur,200000,0,200000,200000,200000,0,1,1764596563,,1764596563,1764596563,1796132563,pi_3VNoGizsgForUyAkV81VSvJE,ch_33oHv4krhdkseLvJ10VEnqfk
in_1x2FkT09eMb5MsmVgcvn0uyn,E49PPR7S-0001,cus_l7xHqFBUMsZAPn,sub_1jJ1vRdHnIhMF6Aj3trV8K80,paid,subscription_create,charge_automatically,eur,59900,0,59900,59900,59900,0,1,1764606251,,1764606251,1764606251,1780331051,pi_3dQVr5uefPpER1gSWlMimLaO,ch_3keZz5kdxMqfpyLxspMVUf7H
in_1vbaMXYTZQlcNykvniUDmzjm,C5H8JYZA-0002,cus_yEMiDKRUVMmyUy,sub_1rqD0gCAuzdjGTtGFUOBocTb,paid,subscription_cycle,charge_automatically,eur,100000,0,100000,100000,100000,0,1,1764668192,,1764668192,1764668192,1796204192,pi_3hBTpLozt7uf68l1mLslg82K,ch_3suVdo6hIrDO8Rp52yAb0u4c
in_15uBCczDY2vqlcgahSIVMgOt,TADGAIVA-0001,cus_S5UYb3AwivLY0V,sub_19KjBi9X6fKcRqfYaTfo7U6H,paid,subscription_create,charge_automatically,eur,300000,0,300000,300000,300000,0,1,1764674534,,1764674534,1764674534,1796210534,pi_3RfAWFJb9FM7jewd5QtWJ7ox,ch_3mNvstVPspqoEnE0aQTrN3oI
in_1tfpdAs8O3d6PsJCqP1TDpVD,EZY1Z8WT-0002,cus_zSRPlIFStSolDT,sub_18KVjTAnzA9w5AL3Dbgw1zDL,paid,subscription_cycle,charge_automatically,eur,100000,0,100000,100000,100000,0,1,1764713813,,1764713813,1764713813,1796249813,pi_3w17Pw2hESa1SKz00fAkyVuY,ch_36hgH5j1w0BBkjO1ndpVy5lc
in_1CONFjSTOfmIDYoA3AP4AFdm,SUH6QA2R-0003,cus_z2qmRuhutX1rH4,sub_14TwD50QBObbryXpj4JIfm3P,paid,subscription_cycle,charge_automatically,eur,100000,0,100000,100000,100000,0,1,1764837400,,1764837400,1764837400,1796373400,pi_3uqIjK3K8dwZ71LBkGfEngze,ch_3yxXE6rqtTYgXG5VZ6aBpsp0
in_1GnDhDHwYGhL9XrvcmqDQO7Y,6MPT7O3Y-0001,cus_jnAGZEHTprx9Td,sub_1Drg50yMHyT5LeVR9oZKJiyf,paid,subscription_create,charge_automatically,eur,100000,0,100000,100000,100000,0,1,1764854374,,1764854374,1764854374,1796390374,pi_3CyeXcfPDDO9Fc53bDhNI8hE,ch_3EXOYZfshewk7TIxmCx3emT4
in_1vxubKDDzEYy1iUluJmCYFYy,XA42VDX3-0004,cus_E7Xaw8fZQUJd4y,sub_1KfqvPHfebs7oV9usyV4mAgN,paid,subscription_cycle,charge_automatically,eur,100000,0,100000,100000,100000,0,1,1764904457,,1764904457,1764904457,1796440457,pi_3ethRIQduPKVnwsLmFNhFZQh,ch_3uhAzgMeFHWr6cRyxpASfwxJ
in_1aYhIMG8NNdbEbIkwjKNIP86,4NP9ZR1W-0003,cus_d36yP2TYEra4iS,sub_1BnbkFnOs7uLvNetCyoy3fZf,paid,subscription_cycle,charge_automatically,eur,100000,0,100000,100000,100000,0,1,1764952313,,1764952313,1764952313,1796488313,pi_3p3Ggvzn3u2styxgRvSx3w7R,ch_33wyXWbJnfGsFD3X5PFmGqHf
in_1arcJRHgIV5spE8ihZiSQBRH,0H0PUJCF-0001,cus_Odx6Ffsi4FKF5U,sub_1k4T7WRXJjsE3xj6bxkfGbIN,paid,subscription_create,charge_automatically,eur,59900,0,59900,59900,59900,0,1,1764957230,,1764957230,1764957230,1780682030,pi_3Sjq5HFeQVnO5mLjApywz5bz,ch_3borzcKUjwK46PIJm9gpMWbN
in_1iRgTmFwpbRJnxB6iYdopwK7,0R5Q4JX5-0002,cus_9OQgEqpKoVXKvG,sub_1F8tQ7jvQSrc2ojAYDEsL4vd,paid,subscription_cycle,charge_automatically,eur,100000,0,100000,100000,100000,0,1,1765021893,,1765021893,1765021893,1796557893,pi_37UmOXeXlqBLDYupkFw451Gb,ch_3EcsP4w0yoSlRfCurT9uQJ5i
in_1a6siGhWCMxPwIZjqhnzlpi7,5TVUQJP5-0002,cus_HegkKUog5yM1sR,sub_1c8rTK0lK0oWCbmZZgGUhw7Q,paid,subscription_cycle,charge_automatically,eur,100000,0,100000,100000,100000,0,1,1765028038,,1765028038,1765028038,1796564038,pi_3a3htDYSCmxu3RuUTbEyVR87,ch_3cXUeMSOpQNzkGiGHsynurTn
in_1YyB7FSleMLNSBfqIWliVkXf,U7N6E9AE-0003,cus_csm9fU28JoQo81,sub_1JSfKhLtKr2KvO7jacANWaDM,paid,subscription_cycle,charge_automatically,eur,59900,0,59900,59900,59900,0,1,1765040746,,1765040746,1765040746,1780765546,pi_39xXXEbvdBIO78XgRTfO3zgu,ch_3O95LwkjjDLSwgwLBYKPvb14
in_1HPdtSmviqLUdc2p4aF15RPJ,3U0BPLCJ-0004,cus_aLz5OtxgFQPNF9,sub_1UjN2VPMDgJnBZdM9DwT6UXi,paid,subscription_cycle,charge_automatically,eur,59900,0,59900,59900,59900,0,1,1765106804,,1765106804,1765106804,1780831604,pi_32tGxtK9plw3UtvKTH3OzNGO,ch_3ogPnxpke41ZhXSkAjvCz3tg
in_1CHmMsI50IeS4eWsamVJ0xs0,U3R7XMYH-0003,cus_PHCshAVfrWZthJ,sub_1gH6mmvPAHzW2hpcpIsZmF40,paid,subscription_cycle,charge_automatically,eur,100000,0,100000,100000,100000,0,1,1765127338,,1765127338,1765127338,1796663338,pi_3AVAXmEx6XqgabzjV9a2BRkH,ch_3S1qQ1dVqMtLKDFURHfIhrSn
in_10q8g8exakENf5bZQDML4EgN,FMHI7SHK-0001,cus_tvOgIjquA5nymo,sub_1HSBUvRxORCAj1ARElhw6RYP,paid,subscription_create,charge_automatically,eur,100000,0,100000,100000,100000,0,1,1765200409,,1765200409,1765200409,1796736409,pi_34liYt3VXgQStAJHmLSdlZe9,ch_3IM9NHPbLj2cuzn7R0j7ylSB
in_1IQsmcibWcAKAqBLrGzLCiiF,6I01LGIQ-0001,cus_bV6EBVPJA7j21B,sub_1SxyUZl1rZ9m1joNeU7IZY1R,paid,subscription_create,charge_automatically,eur,59900,0,59900,59900,59900,0,1,1765212166,,1765212166,1765212166,1780936966,pi_3c7JFPd9tWMwDAhS4G4FF3v5,ch_3AUjMvkt7cruKH1LmJ13PrVP
in_1rtkyodnUrXkvV8aLuUlqdD3,QQ2O2PSJ-0001,cus_Yijv1G2iWjx3oG,sub_1lxGY6cYAwQaovZDhmM7Qk8C,paid,subscription_create,charge_automatically,eur,59900,0,59900,59900,59900,0,1,1765223153,,1765223153,1765223153,1780947953,pi_3Wv6p4Ygt8WAIitEleKeCvIc,ch_3vsB71dAtYnaNMxFZ6LtR8xs
in_1KOraxvP5KAUIXfoUOB6LB8Q,13MY3ZHD-0004,cus_fFlxnVM92ArQGN,sub_1f9uU4hTsJBdpFmMQMiEmaxJ,paid,subscription_cycle,charge_automatically,eur,100000,0,100000,100000,100000,0,1,1765277742,,1765277742,1765277742,1796813742,pi_37WEWXTMRX95NqvA10yAloEv,ch_3H6byKv8IeM6gAEePVGmy9MJ
in_1wZdmkEex6fL3qzcmj8T4Ynh,I4L4O1GY-0001,cus_yKCv85fYN5wjvI,sub_1LeUcuI0umOUTrOFJ6rukVla,paid,subscription_create,charge_automatically,eur,59900,0,59900,59900,59900,0,1,1765291574,,1765291574,1765291574,1781016374,pi_3QHSUn1mLyo3CyacNQVCydLp,ch_3DyVhTHfgv2nQNv243rRCwAA
in_1pYfTu4gt5GYlm1jE0LOOFvg,5BAOAJEQ-0001,cus_QIsaOQ4Ee9tvsb,sub_1i1INuEVMxwW8C3klKkna3cq,paid,subscription_create,charge_automatically,eur,59900,0,59900,59900,59900,0,1,1765303005,,1765303005,1765303005,1781027805,pi_3JUgxs5ZMAB49JljAlMWYRfy,ch_3IXTL4lzqamdQRx2kcNOEVl1
in_1idi81LlXcxZxgqDb6Haeewt,OXYCFS0W-0001,cus_qiG5vNyP7z1q93,sub_1vFYY9lOBFIQk8MuRcv5NdUu,paid,subscription_create,charge_automatically,eur,100000,0,100000,100000,100000,0,1,1765446949,,1765446949,1765446949,1796982949,pi_3P5cTuAVpfq9tediPQeB1HRJ,ch_3Y2m0UVd8F3UHtBQ1CQauENW
in_12fGesYtIGkJB4srBPN6j7mp,9V2Q936V-0001,cus_p0wQsdXtOB9tVK,sub_1hEXWhL7jZOzFSk4QMRqzBZO,paid,subscription_create,charge_automatically,eur,100000,0,100000,100000,100000,0,1,1765449438,,1765449438,1765449438,1796985438,pi_3WYyh4i7EW7adsnjSLa1NGFZ,ch_31WQd0A8CrRBuKagobM3VXyA
in_14tn9dxB1n9FDpAmPs2t6Wn3,LLIKMHD2-0002,cus_9hnAFY9FrUCjP0,sub_1KqCGm2oWaO4aLYGqhdyhXzJ,paid,subscription_cycle,charge_automatically,eur,119800,0,119800,119800,119800,0,1,1765466648,,1765466648,1765466648,1781191448,pi_3379VNsebGVcOV96Z2PyePBJ,ch_3kBvhnFZw0XAnAvMfp3jR1Dr
in_18q6USQD21hOZzZWZEpZWbXj,Z7GF1FV5-0003,cus_jHxLqo8hZB5pOe,sub_1NvNLzxcN2fRUShT7Gy5Cx7i,paid,subscription_cycle,charge_automatically,eur,59900,0,59900,59900,59900,0,1,1765524683,,1765524683,1765524683,1781249483,pi_3YBS2bN0H45Va1giCz0ufUo6,ch_3nvQXVpfM4kl6ePLHUa9Vp9l
in_11opyBph954pqpIyEll77KaS,Q4DV5BUM-0001,cus_AOcgvAvPld1ARN,sub_19kgSphjmQPHNwFBkQCuDMU2,paid,subscription_create,charge_automatically,eur,59900,0,59900,59900,59900,0,1,1765555341,,1765555341,1765555341,1781280141,pi_3XPKmRLyLcYH9VaFIMjJAeEn,ch_37oPCOBR92T6ywXSa7IwEPTL
in_1GehMn6SiIWluJYhZdSiVpmp,HOD603UV-0002,cus_ONBBu3mr4nEwON,sub_1unompp2htgm1S0PkoeMZ5Ax,paid,subscription_cycle,charge_automatically,eur,200000,0,200000,200000,200000,0,1,1765621741,,1765621741,1765621741,1797157741,pi_3AQMvt0Z6MHjPZo2sIkXNZvw,ch_3ye6jKUnJSN3tocfjxSxNegf
in_1DK3cRFUQCtMcpxuDj2tXBTp,0F3VFKWY-0002,cus_sHGDjYxCGCQCNb,sub_1Zi448TDi5Z8PtFLJfjQl4Oi,paid,subscription_cycle,charge_automatically,eur,200000,0,200000,200000,200000,0,1,1765715162,,1765715162,1765715162,1797251162,pi_3qQlV8nPwyNYdIp6e2N4UO6K,ch_3rhV72myhchhmzDjkifPNxDh
in_1SRUUUyNpNYqvrJkYAt07raO,0XSF7SYF-0005,cus_5b9iDl6IcU2YUt,sub_1A2FVbTpELMjcLeeQYBSqg0F,paid,subscription_cycle,charge_automatically,eur,300000,0,300000,300000,300000,0,1,1765814359,,1765814359,1765814359,1797350359,pi_3KW7aAnxtnnA7QHuVH7i3Cq0,ch_3vijlNHeEquQQVcSrEbk4vBU
in_1I49DMlnC9prtNDG6rcnrxTm,SH8RF8N1-0003,cus_GKjz59bbfYZhQY,sub_1LHER5aeh6UGeU5xp6ojvGuF,paid,subscription_cycle,charge_automatically,eur,100000,0,100000,100000,100000,0,1,1765816611,,1765816611,1765816611,1797352611,pi_3oqpfWlDWwZ36sjAryQp6EQ9,ch_3c0ipx1mE8wQxPK3cr09y0PO
in_1rnLCEDYiSpkXA8t5K0zqpMg,MRNP3Q3W-0002,cus_aARFujj8Hx931g,sub_1bAQmiXJl3n3M7pqMmvGHzNX,paid,subscription_cycle,charge_automatically,eur,100000,0,100000,100000,100000,0,1,1765900053,,1765900053,1765900053,1797436053,pi_3qvaF01dLTCvzoCq5VXRX1Bz,ch_3jVJeanW5XO5Dt6TKvoPnPRI
in_1WGgWHBWDqc4pnF5Y5qmBXVU,EQI0X4E3-0001,cus_UZQsSIgIOh4NPN,sub_1fafHeoMfJTsJjzMKyeOOfjj,paid,subscription_create,charge_automatically,eur,100000,0,100000,100000,100000,0,1,1765903625,,1765903625,1765903625,1797439625,pi_3iatNPczW3xmxwLnJLL0YQBj,ch_3mfySk2ZdXZMvXKkllGOIq9f
in_1ReBR5ChUmOgfpguTUPXSKbJ,E1JHNDBN-0001,cus_7Cz2FjskbN7MFl,sub_178QELoedwzWh1n1yg7kPsax,paid,subscription_create,charge_automatically,eur,59900,0,59900,59900,59900,0,1,1766048656,,1766048656,1766048656,1781773456,pi_3UEQg4pAYpBbyB9LKLW9TNwP,ch_3oftSpF3V47B6KLXMFqRzd1V
in_1LDVQoIvdmBtP1nXY6AyADyD,KJDO9COR-0001,cus_lC2AZR7bPUxpKS,sub_1UwHWLOBGo4twCnq8YmvcFvL,paid,subscription_create,charge_automatically,eur,500000,0,500000,500000,500000,0,1,1766052043,,1766052043,1766052043,1797588043,pi_3ZSahZsK57l6vsI2DzrFLkjT,ch_3B1I1MC8p9Qd7LzxjeJtVsBI
in_1ckD6GFQlZbp4PFm6l53PvdE,LYI4OAAQ-0001,cus_RCaUdBLymD2ZCP,sub_1fsTvFuewusvFHLkVIfzZy9A,paid,subscription_create,charge_automatically,eur,100000,0,100000,100000,100000,0,1,1766064492,,1766064492,1766064492,1797600492,pi_3Eukz5BBkbejiUroKfUxlL2j,ch_3Iuxp74R2m6jLZIyN8ysQAuB
in_1QhITyJpiajTXaOW1ZVdDhHe,JC86TF7Y-0001,cus_IsFPR9jZVgm5BA,sub_1TeqfFw7T7jtv5cYZvWrBBKx,paid,subscription_create,charge_automatically,eur,59900,0,59900,59900,59900,0,1,1766072854,,1766072854,1766072854,1781797654,pi_32WRHfbGNrTApW58CRyhbrQm,ch_3XCRM9WbeyGbi8wOTYUBMv6o
in_1Lwi8Z8qUom2pZezBk4aWBhl,6XAUJFVM-0001,cus_Pnv8g5THk9GSR4,sub_13FAdJXeZFMvRv30vFL3HKVH,paid,subscription_create,charge_automatically,eur,100000,0,100000,100000,100000,0,1,1766125549,,1766125549,1766125549,1797661549,pi_3EuBNCtUWihRyq3e5sZAsgej,ch_3mUBRm5itm0FGLmb2i5y25hL
in_1F0NXSARfEUTtLd1Cte7ATa6,BMTQ0IFH-0001,cus_gxAJANnLu6XThp,sub_1ybqUQAh67I6Srz44JE9SYVY,paid,subscription_create,charge_automatically,eur,200000,0,200000,200000,200000,0,1,1766153550,,1766153550,1766153550,1797689550,pi_3ZGeDA9VQxEZj3UnYXctqKr5,ch_3HWKolGDdOypzFQdzSTJJSgV
in_1AKgI6tr6mPxnWPo4GFjJLvZ,MLYJRIGJ-0001,cus_G8lgKxAA6pNM0P,sub_1TSJ9qMxncLBEFINyIUoKL18,paid,subscription_create,charge_automatically,eur,59900,0,59900,59900,59900,0,1,1766181798,,1766181798,1766181798,1781906598,pi_3pjJP0xCzke80JrIToZutMIG,ch_3NK7kkXsemUmQ0NYj4etsZOl
in_1pP1mjpadTAHbhzTWXXqN6mi,HI972L3R-0002,cus_8ZT9FkIWSADiKp,sub_1T5iPfxgilaJHSVH9Ptufd6X,paid,subscription_cycle,charge_automatically,eur,200000,0,200000,200000,200000,0,1,1766242090,,1766242090,1766242090,1797778090,pi_3AZ1xmEICH2EgYuW3s3iz78z,ch_3AEhLGgBvj1YvWiViahkHd8B
in_1qqHSH4b4oxbYjmUK2kU3sKa,PXSW04A8-0002,cus_Fe7NGHqx09EBGX,sub_1C9uaToPDZjPgMe27jIFetpY,paid,subscription_cycle,charge_automatically,eur,59900,0,59900,59900,59900,0,1,1766334275,,1766334275,1766334275,1782059075,pi_3ImlwBauEK8dgRICgNl02DKI,ch_3AkoxeemtklagdWGttw9IzZE
in_1y6UwAPnJE2KpPwWXoUu9mou,HWNWR812-0001,cus_nnqOSrn173mz3k,sub_1jy4ORhoynnRSONj3lLplOG4,paid,subscription_create,charge_automatically,eur,200000,0,200000,200000,200000,0,1,1766405875,,1766405875,1766405875,1797941875,pi_33T26QpcpQfzFD3Oir8GQiHE,ch_3ubGNyLeCi0087zLCGcFnO20
in_1nMj0MYGvqvJS1AZ4dguRMKa,8PCP5RIV-0001,cus_TqrmKj9K3ssOKU,sub_1S8BMrLbz9yhRRs8k5EMMOM2,paid,subscription_create,charge_automatically,eur,200000,0,200000,200000,200000,0,1,1766421813,,1766421813,1766421813,1797957813,pi_3UzG3IbKtiUea6ABZ5AiCDEJ,ch_3L1oLcYbHfkxVqE5zHCwKTvC
in_1gyOz1CsNLffvvUOVinoDZ2F,ZQCG6VQ8-0003,cus_w955XGS41wafDd,sub_1jtBfscdEK3caYDnBv98TQ9e,paid,subscription_cycle,charge_automatically,eur,59900,0,59900,59900,59900,0,1,1766497498,,1766497498,1766497498,1782222298,pi_3zKoS1EehV31yDJ2Ez6CUAEb,ch_3Ggy3XNJsyAx9O4eOsRsLw4s
in_1y7Z6rzhGmTbsVq25XCfvPPe,9Q1WU8BV-0001,cus_CWoWWGpg5ncM19,sub_11AbtTTiDGOgh5tk3AKNha6Y,paid,subscription_create,charge_automatically,eur,119800,0,119800,119800,119800,0,1,1766520045,,1766520045,1766520045,1782244845,pi_3qABSN0zwvNicSG0W5cPfDol,ch_308GKCPWXmOQQGZwE2LA86CM
in_18QPit9kT2yzfGdqJ84AUgDH,KLBQ0KDY-0003,cus_x2bW2qwpjbtdWl,sub_1yePsQz9hHy8UHS9aPiOZVI0,paid,subscription_cycle,charge_automatically,eur,500000,0,500000,500000,500000,0,1,1766656985,,1766656985,1766656985,1798192985,pi_3czHBlB3eynePkSqgwDmDpgK,ch_3X7Xbz4EQNeF8wUFwuozPcFv
in_13FMfyd083ASu171s13RazRI,L1UM4W49-0001,cus_tXQl4xHP0Z2SZO,sub_1PnhoFAcQ2mNcwqRP8EY7jMb,paid,subscription_create,charge_automatically,eur,59900,0,59900,59900,59900,0,1,1766734598,,1766734598,1766734598,1782459398,pi_3QgnQKCunzeHh3f3XUgEFZNZ,ch_3siIHddXldTOfkfUXJPNn41u
in_13wOSBBYYMvhmu3SclxocV4u,UQ7654J3-0002,cus_XB8yZo5IhSyFlE,sub_1SURxqZVGeKfrOUOR5mm3M3h,paid,subscription_cycle,charge_automatically,eur,300000,0,300000,300000,300000,0,1,1766738627,,1766738627,1766738627,1798274627,pi_3KLewGVyy61eD2Svv4LLAzW6,ch_3xWnlhgCgxL1h508UZ95wDIP
in_1UoDsbF24Nmgh0J0IYF3svTp,FHYNE5EU-0006,cus_KZCQRqFZnWQLEg,sub_1YmsWmJDDX5j8qIpVN05cdUD,paid,subscription_cycle,charge_automatically,eur,59900,0,59900,59900,59900,0,1,1766748456,,1766748456,1766748456,1782473256,pi_3d2NimI6EMyQTx194N7WFibQ,ch_3DgUZKwLevsVCPTI2J44g3HF
in_1lK8AYXnhAffMnFlXcpXjG3K,T6LCZF2M-0003,cus_HWCEb36rwht705,sub_1Js7Hw83sqVYP5naZbnPmFmK,paid,subscription_cycle,charge_automatically,eur,119800,0,119800,119800,119800,0,2,1766826524,,1767086804,1766826524,1782551324,pi_3fkHLPYxtq1eAvdWFQWOBXl6,ch_3D0PyDCb4WUUtIJnBEaPhuiz
in_1Th1Pid2OOvJhfOmBgQ2UlZU,XL7TNSRW-0002,cus_Cz7JSoHXkrbl4K,sub_1k2ZTN18H86XXjKG0IrhSLHo,paid,subscription_cycle,charge_automatically,eur,200000,0,200000,200000,200000,0,1,1766851073,,1766851073,1766851073,1798387073,pi_3Nk7OlxMiip1Us6fOVZ4dfnP,ch_3eYRO9JgsB8zEbR78qWg1L3H
in_1mxr5S9kh5vsA3vHDfAA7pBT,7GM1AVUH-0004,cus_kCDMK85HZCe9bb,sub_1kDbKasAtnyC7VK5HHYzXnvF,open,subscription_cycle,charge_automatically,eur,100000,0,100000,100000,0,100000,2,1766852316,,,1766852316,1798388316,pi_3hHqYeUuL2jqIFuUy4yOIrGN,ch_3LJH01N1FaEkArfLm0jrV2Sv
in_1pcX3ZdQ0FVkHFmaq6tJRQIO,731JK1K0-0001,cus_jZQn7T6RgGTRqD,sub_1GvN3b9MC7bw5WooyrGiJ4E7,paid,subscription_create,charge_automatically,eur,59900,0,59900,59900,59900,0,1,1766913329,,1766913329,1766913329,1782638129,pi_3YkWfg1WKcM8Yu2pyE2IaaKD,ch_3Amhk8JrH1hbbBwVHhp4Bzee
in_17bf3LzbyUrzxL1qjmy1cMgh,JV891IH5-0001,cus_mH11I61lCmL3Dy,sub_1b06RLs6eX00LnuF8IDE2dbc,paid,subscription_create,charge_automatically,eur,100000,0,100000,100000,100000,0,1,1766934768,,1766934768,1766934768,1798470768,pi_3j5isafWTHLzUGukeyxbCHt0,ch_3ZaFdXKppaBdYv2JM6sO9WVt
in_1gtPTtfQREWg54otJS7atgFq,KXRYEAEN-0003,cus_A9SoUykOA31VpM,sub_1aYVPtFjHXZDRyoVEoMjr4R1,paid,subscription_cycle,charge_automatically,eur,100000,0,100000,100000,100000,0,2,1766941173,,1767202593,1766941173,1798477173,pi_3FXtZu4M9iiLPT9wELj6iJCB,ch_3kqt4JRZ7enfe1clghTRGcO6
in_1LYEgJMTtrQINw5gr0tb66Ia,KJVFLIT6-0001,cus_Um5a1AvcqPMKRj,sub_1JKjvo1ggP44mCYTw4rNixmz,paid,subscription_create,charge_automatically,eur,100000,0,100000,100000,100000,0,1,1766945104,,1766945104,1766945104,1798481104,pi_3ly4Tlyf5iiIHd1NO63RGktw,ch_3XjWWm6MKpAfkBbtRY9r0K46
in_1fskL1CxHJXCF7NHyEUM4cST,AX3BILQ8-0004,cus_2MVje4fs7tS1i1,sub_1d6Uc4gbcez5DIsd0bsXMzoc,paid,subscription_cycle,charge_automatically,eur,100000,0,100000,100000,100000,0,1,1767004419,,1767004419,1767004419,1798540419,pi_3y6Ua5Jxnn3EHW3HUFFpZL6K,ch_3chaTgJODblSPtuPrB1j5Uo7
in_16wLWBHXrrPUVSqKrsgjewNK,R3XE52HY-0001,cus_Ieabu7e0UbleIc,sub_19PBLtDjHOkrK0BVhQM1gwe1,paid,subscription_create,charge_automatically,eur,100000,0,100000,100000,100000,0,1,1767017306,,1767017306,1767017306,1798553306,pi_3XxZfAa9LOcr3I96Nsk5VsY9,ch_3fwwGeLr6zar3sGF4fFB5ttN
in_1yqCgoiqQnpRdWD7qNim2TJa,DV12QH87-0002,cus_vP0Dm0XMjzebyY,sub_1sQGWu1xEADN24UGDbirz6Wi,paid,subscription_cycle,charge_automatically,eur,59900,0,59900,59900,59900,0,1,1767114847,,1767114847,1767114847,1782839647,pi_30MaTt5Jcy5sUil5wnZOyJMb,ch_3eO5H63HcO0BczzIAnrckpRV
in_1xdRxUOgHTIkFAEwDxIExBan,067J36DV-0001,cus_15zmz8WOiQuhmU,sub_1QxvK7ZcudIT7jqXPM34g3fS,paid,subscription_create,charge_automatically,eur,59900,0,59900,59900,59900,0,1,1767115784,,1767115784,1767115784,1782840584,pi_3OgZR84XO9VCi7kQpR3Iv5Se,ch_3pFpbf5AOuKp2sSMbfoMalpe
in_1Xjmsjzm5siwrkPhRpcrHN7N,BI7TFH5A-0001,cus_OcgXwefFE9lklh,sub_1p73lbfOxQgIGe0oMUr9ca2A,paid,subscription_create,charge_automatically,eur,59900,0,59900,59900,59900,0,1,1767191314,,1767191314,1767191314,1782829714,pi_3TpkY2p3jU9YyMjXoZnaJ4Sb,ch_3bk7las1c2rxrWq3Ia3Es8C7
in_190KPcOSaafQlkzIKvKx9Fm5,HM1961AF-0001,cus_09gkLzm27S6tOg,sub_12BBSAZTWGGCWUI8EnzjoOwU,paid,subscription_create,charge_automatically,eur,100000,0,100000,100000,100000,0,1,1767199752,,1767199752,1767199752,1798735752,pi_3MwBfwCdVlUxEyPZPg5NSz78,ch_3EPciKiHRpAKoJ4YkjWNzE98
