charge_id,charged_at,status,amount_eur,amount_refunded_eur,stripe_fee_eur,net_eur,payment_method_type,failure_code,invoice_number,billing_reason,plan,quantity,customer_id,customer_name,customer_email,company_name,segment,persona,industry,country,subscription_id
ch_3MMR7ZQU3vwyz2iAxBLkIC2o,2022-02-15 08:49:14,succeeded,2000.0,0.0,65.25,1934.75,card,,KIM69TMV-0001,subscription_create,12_month,2,cus_S942mr3zeznIdV,Steve Moore,steve.moore@brightbridge-networks.example,Brightbridge Networks LLC,self_serve,network_consultant,network_consulting,US,sub_1iZBdqBRMabFxHowsoIr15JV
ch_3DyWgcHtFBwKJtBEt9DMDRZL,2022-03-22 13:22:12,succeeded,599.0,0.0,19.72,579.28,card,,0L8I4T2H-0001,subscription_create,6_month,1,cus_TB1FSgnmihz5SR,Carlos Collins,carlos.collins@nordicbridge-networks.example,Nordicbridge Networks LLC,self_serve,network_consultant,network_consulting,US,sub_1FTP2oMzrufeQYUHmvxt9h2S
ch_3ryD9UhhmGgBr59pXM8uujFJ,2022-03-23 07:45:36,succeeded,1000.0,0.0,15.25,984.75,card,,X4S6PAUB-0001,subscription_create,12_month,1,cus_Fui2j6xAMcbmao,Mikkel Sørensen,mikkel.sorensen@inbox.example,,self_serve,network_consultant,network_consulting,NO,sub_1yszIlxLhNpX2ZsN0pL0Arod
ch_3W5PkUBblQkeyqaezX73pgTm,2022-04-07 05:27:15,succeeded,599.0,0.0,19.72,579.28,card,,DIZ23WU3-0001,subscription_create,6_month,1,cus_eapIYXxUtu8KRN,Paul Green,paul.green@balticpeak-industries.example,Balticpeak Industries,self_serve,it_lead,manufacturing,AU,sub_1zP1xoSNjgR5gi9t96x8f4Cf
ch_3TH3mDk3gC0YFyKfZghYnzt9,2022-04-07 16:07:18,succeeded,599.0,0.0,9.23,589.77,card,,3YQ0R2G2-0001,subscription_create,6_month,1,cus_1jPH5Nhd6Su7f9,Thijs van Dijk,thijs.vandijk@brightport-hotels.example,Brightport Hotels B.V.,self_serve,it_lead,hospitality,NL,sub_1P0K5t5hmkfaM7UnNaX6s5KN
ch_37C5j0Kproh0V5I86JyZpakW,2022-04-07 19:24:07,succeeded,1000.0,0.0,15.25,984.75,card,,JGQW18DW-0001,subscription_create,12_month,1,cus_3QZ4repSfsDzaq,Paul Anderson,paul.anderson@anderson-wireless-consulting.example,Anderson Wireless Consulting Ltd,self_serve,network_consultant,network_consulting,IE,sub_1DZomHQ7cbUWCqopH1LtLMqA
ch_3ZIY73akm4nHRL2RPMAXqNnF,2022-04-20 12:53:20,succeeded,1000.0,0.0,15.25,984.75,card,,93GJJCWW-0001,subscription_create,12_month,1,cus_Z52LHUjs4JczZo,Andreas Hartmann,andreas.hartmann@hartmann-wireless-consulting.example,Hartmann Wireless Consulting GmbH,self_serve,network_consultant,network_consulting,DE,sub_1JdQ4djRA8pvcImRfMWfgm6G
ch_3sZYzQF2EvFWCqzRbF6agw06,2022-04-25 17:05:23,succeeded,599.0,0.0,19.72,579.28,card,,4QOQZSAT-0001,subscription_create,6_month,1,cus_cdpNggRSVlxtV9,Robert King,robert.king@nordicview-wi-fi-solutions.example,Nordicview Wi-Fi Solutions LLC,self_serve,network_consultant,network_consulting,US,sub_1gtQOghBykj5FBEALLR4QToY
ch_3if59oAu39b1jUrdGkUvOPCY,2022-05-28 15:56:34,succeeded,2000.0,0.0,30.25,1969.75,card,,DZEAD7WB-0001,subscription_create,12_month,2,cus_Ke4pILGUX322iV,Andreas Meyer,andreas.meyer@northworks-partners.example,Northworks Partners GmbH,self_serve,it_lead,professional_services,AT,sub_1WN0orZkKU9OIg55gUtikrcG
ch_3biKKddiaq8eLqBFbBSPHcZU,2022-05-30 08:20:54,succeeded,1000.0,0.0,15.25,984.75,card,,XF48UHQT-0001,subscription_create,12_month,1,cus_06g1byOJQOBxGN,Sami Saarinen,sami.saarinen@brightfield-it-solutions.example,Brightfield IT Solutions Oy,self_serve,head_of_wireless,it_services,FI,sub_1NJSxcTm6ayZukwY1TkdLwRv
ch_39uap55kRthnFeg6QYRPFzAH,2022-06-01 13:42:43,succeeded,599.0,0.0,15.23,583.77,card,,AQTI8DGK-0001,subscription_create,6_month,1,cus_u7WE0s6vJL5l1h,Priya Baker,priya.baker@orbitpath-networks.example,Orbitpath Networks Ltd,self_serve,network_consultant,network_consulting,GB,sub_1y9OUntD5zQLm10hKHwgWMB7
ch_3g5Gjo4AzvQGaToehrcFVkIO,2022-06-16 12:22:16,succeeded,1000.0,0.0,32.75,967.25,card,,BPPQSC3G-0001,subscription_create,12_month,1,cus_eMlFdHq4qjmKOC,Rachel Patel,rachel.patel@cedarpath-wi-fi-solutions.example,Cedarpath Wi-Fi Solutions,self_serve,network_consultant,network_consulting,US,sub_1zFU5dX7Pez0SO2aTpFGkzLW
ch_3nPunPUUCVT4O2Zqws1u3lgv,2022-06-28 14:09:57,succeeded,1000.0,0.0,25.25,974.75,card,,9U5QVLHT-0001,subscription_create,12_month,1,cus_VtkhgaeUwy4DEE,Jason Evans,jason.evans@nordicview-rf-consulting.example,Nordicview RF Consulting Ltd,self_serve,network_consultant,network_consulting,GB,sub_1q4i38ydKzZDhzLSQtbOCVSv
ch_3FUp1cxxVdZUvCndeSLnLTnm,2022-06-30 08:06:59,succeeded,599.0,0.0,9.23,589.77,card,,XP9TV2XZ-0001,subscription_create,6_month,1,cus_3SQZN2B9w0Du9L,Sanne van Dijk,sanne.vandijk@beaconbridge-properties.example,Beaconbridge Properties,self_serve,it_lead,real_estate,NL,sub_1HBy9PcwmysHlLVR6aIjHvOB
ch_3fc2zwTXJIyuwUgUJ2ekxBOp,2022-07-01 11:01:40,succeeded,1000.0,0.0,32.75,967.25,card,,WHXKZE7M-0001,subscription_create,12_month,1,cus_gaxqGfFWKuGl14,Paul Green,paul.green@green-network-services.example,Green Network Services LLC,self_serve,network_consultant,network_consulting,US,sub_1Xy0ENEkQW22yVRpXiSmx5b7
ch_3hKV3VvmKTHHujNMsSCw7Ypq,2022-07-03 20:04:46,succeeded,599.0,0.0,9.23,589.77,card,,DK83F255-0001,subscription_create,6_month,1,cus_S4OWRXlJczEYeO,Sanne de Vries,sanne.devries@de-vries-wireless-consulting.example,de Vries Wireless Consulting B.V.,self_serve,network_consultant,network_consulting,NL,sub_1mUYo1Pl1f7MDyLSN3bIsaSx
ch_3f0DlncAI80cgQHEpP5zbxxt,2022-07-04 16:51:16,succeeded,1000.0,0.0,15.25,984.75,card,,U7HLF0HO-0001,subscription_create,12_month,1,cus_6ckb7gGCl3tSfs,Sara Sørensen,sara.sorensen@clearcore-managed-services.example,Clearcore Managed Services AS,self_serve,head_of_wireless,it_services,NO,sub_1Utzp0BXjKPIgzYcCf4B74Hw
ch_3gLFjRvSm7Dl4LXUoQFOMsnj,2022-07-12 00:35:17,succeeded,599.0,0.0,9.23,589.77,card,,CASLFB9W-0001,subscription_create,6_month,1,cus_FPk5Q2rPVK1pov,Johan Sørensen,johan.sorensen@mapleworks-partners.example,Mapleworks Partners AS,self_serve,it_lead,professional_services,NO,sub_1u8u8mH63RsdfQCwyzMr0V4q
ch_3eKTROCdLAgBQtN5xwukjPay,2022-07-19 06:09:24,succeeded,1198.0,0.0,18.22,1179.78,card,,MPRYY7OQ-0001,subscription_create,6_month,2,cus_LQeFinPCITXTuH,Heidi Salminen,heidi.salminen@apexcore-logistics.example,Apexcore Logistics,self_serve,it_lead,logistics,FI,sub_1eb20m3ZDw5trrzuyzuYdNQQ
ch_3E1q6QpGKVBjhcZlqxsX4Wdh,2022-08-02 11:16:21,succeeded,1000.0,0.0,15.25,984.75,card,,L83O1UFA-0001,subscription_create,12_month,1,cus_25zIA82UBLtYX2,Rasmus Holm,rasmus.holm@holm-network-services.example,Holm Network Services AS,self_serve,network_consultant,network_consulting,NO,sub_1mQEYSeiYqvMLO9jUh9Kzj5K
ch_3s0lxg4NirlUfZtYDFbu137z,2022-08-04 14:27:02,succeeded,599.0,0.0,19.72,579.28,card,,L0IBADSQ-0001,subscription_create,6_month,1,cus_IyuTLZDjeJp2NR,Raj Patel,raj.patel@brightline-retail-group.example,Brightline Retail Group,self_serve,it_lead,retail,US,sub_1Dvs4wbR9HRqh2TtlspypYON
ch_3ExA8Qw1osSxBYB8zNcUYD1I,2022-08-19 14:45:32,succeeded,599.0,0.0,19.72,579.28,card,,5H8TF93A-0001,subscription_create,6_month,1,cus_7zoSgWYEe27ddO,Megan Evans,megan.evans@evans-wireless-consulting.example,Evans Wireless Consulting LLC,self_serve,network_consultant,network_consulting,US,sub_1a4q9TQjYfwDq4ePycB25ohi
ch_3XXs1b0zEu7CqV9HKs2QQHNm,2022-08-22 05:29:29,succeeded,1000.0,0.0,32.75,967.25,card,,NLYFHUU2-0001,subscription_create,12_month,1,cus_K9SEsQkRYn8JzM,Olivia Davis,olivia.davis@stonecore-rf-consulting.example,Stonecore RF Consulting LLC,self_serve,network_consultant,network_consulting,US,sub_14b4hxzbY1qS9n8hwV8tBX3H
ch_3llFBtqaRgh9Gqef0cO4eOR2,2022-08-25 08:36:32,succeeded,599.0,0.0,9.23,589.77,card,,T6E0LWIR-0001,subscription_create,6_month,1,cus_61CHCNR7sm9OYw,Heidi Heinonen,heidi.heinonen@stonestream-networks.example,Stonestream Networks Oy,self_serve,network_consultant,network_consulting,FI,sub_1SCUE1gVfYZMDUu9vfuEmXCY
ch_3EcTY0vb7IfLaP2iidqEt7Hz,2022-08-26 11:24:40,succeeded,1000.0,0.0,32.75,967.25,card,,G7WVPE5J-0001,subscription_create,12_month,1,cus_9ONLRcfvT2ecAG,Brian Brown,brian.brown@mailbox.example,,self_serve,network_consultant,network_consulting,US,sub_1y5Vkj0SBF7KDryms4DFjSlt
ch_3pzNSxVXPut86mWrxsDZ3ML5,2022-09-06 10:52:26,succeeded,1000.0,0.0,32.75,967.25,card,,ZWOJF3MG-0001,subscription_create,12_month,1,cus_r8D1wuDtZG0HNr,Kevin Adams,kevin.adams@adams-network-services.example,Adams Network Services,self_serve,network_consultant,network_consulting,CA,sub_1SIB23oXARwmx6xBc3sSHuCn
ch_3hLSPJPK1Toh2CQ0APp2SmMC,2022-09-13 13:49:19,succeeded,1000.0,0.0,32.75,967.25,card,,0GL0QPGT-0001,subscription_create,12_month,1,cus_gILsPTilFhoQTi,Amanda Johnson,amanda.johnson@summitbridge-wireless-engineering.example,Summitbridge Wireless Engineering LLC,self_serve,head_of_wireless,network_consulting,US,sub_1UzLphiGe1dkuA7cXwiaBFsj
ch_3bnEbspV9bObMCEaTtUDsfHb,2022-09-20 05:27:41,succeeded,1198.0,0.0,39.19,1158.81,card,,2M87OZQ5-0001,subscription_create,6_month,2,cus_ugsSzmG0Sm1JOD,Matt Roberts,matt.roberts@polarpeak-logistics.example,Polarpeak Logistics LLC,self_serve,it_lead,logistics,US,sub_182HKTMXxBfnkBcu3RZvXxXy
ch_3t73maPVDHBqb3jGUoTFoDYT,2022-09-21 12:46:15,succeeded,1000.0,0.0,32.75,967.25,card,,NOQHSK8C-0001,subscription_create,12_month,1,cus_sFrZCDlhI4Iy51,Kate Jackson,kate.jackson@mailbox.example,,self_serve,network_consultant,network_consulting,NZ,sub_1h4nzijPTaVCGoaO22SeIrOo
ch_3UfTwcrUBoehlcEpZBw49GDk,2022-09-22 07:33:31,succeeded,599.0,0.0,19.72,579.28,card,,HM087HJ6-0001,subscription_create,6_month,1,cus_pZ90WKP6gJdx1m,Ahmed Patel,ahmed.patel@polarlink-warehousing.example,Polarlink Warehousing Pty Ltd,self_serve,it_lead,logistics,AU,sub_1RJjk8klSax3IxCTg030j1Yx
ch_3yi6ZHNN01a9bgTNsm2tygyo,2022-09-23 17:11:57,succeeded,1000.0,0.0,15.25,984.75,card,,F1U64IGI-0001,subscription_create,12_month,1,cus_NuA85C5LckEvZz,Pablo López,pablo.lopez@signalpoint-wireless.example,Signalpoint Wireless S.L.,self_serve,network_consultant,network_consulting,ES,sub_16z5yqDA3TIkioldaSDLyKOW
ch_3SysQcuq8g3HSAGn4WVZ7Zdf,2022-09-25 09:23:03,succeeded,1000.0,0.0,32.75,967.25,card,,Z5DD8SLC-0001,subscription_create,12_month,1,cus_2rivd3whzk5Vpj,Sven Schulz,sven.schulz@ironpoint-wi-fi-solutions.example,Ironpoint Wi-Fi Solutions AG,self_serve,network_consultant,network_consulting,CH,sub_18RtCOJ594JHaQeTKizQAMeA
ch_30H6WVaL0EB3M64FyPWzWF1c,2022-10-07 16:07:18,succeeded,599.0,0.0,9.23,589.77,card,,3YQ0R2G2-0002,subscription_cycle,6_month,1,cus_1jPH5Nhd6Su7f9,Thijs van Dijk,thijs.vandijk@brightport-hotels.example,Brightport Hotels B.V.,self_serve,it_lead,hospitality,NL,sub_1P0K5t5hmkfaM7UnNaX6s5KN
ch_3MKyzeFsDJgPACmI3V1pNSqH,2022-10-13 11:59:22,succeeded,599.0,0.0,5.14,593.86,sepa_debit,,PCQYI7D4-0001,subscription_create,6_month,1,cus_gB2nKFLyaJFHae,Álvaro Romero,alvaro.romero@vertexlink-technology-group.example,Vertexlink Technology Group S.L.,self_serve,head_of_wireless,it_services,ES,sub_1VnvNbtVPXa7XCdaPpsAEe7z
ch_3tdaFzcOawthYTKf2y5OBivC,2022-10-18 10:29:23,succeeded,1000.0,0.0,32.75,967.25,card,,P0NX83AN-0001,subscription_create,12_month,1,cus_uXSyPDyKb2yIMt,Kevin Kim,kevin.kim@westview-rf-consulting.example,Westview RF Consulting Pty Ltd,self_serve,network_consultant,network_consulting,AU,sub_1RX8mnzWP1kjviAqIN200Jme
ch_3C6mDYITLNUEkgvQDOhOViaQ,2022-10-18 18:47:06,succeeded,1000.0,0.0,25.25,974.75,card,,VYXKUEHL-0001,subscription_create,12_month,1,cus_ujmYIEWvPmK1Wl,Brian Lewis,brian.lewis@lewis-network-services.example,Lewis Network Services Ltd,self_serve,network_consultant,network_consulting,GB,sub_1WgFdCupYGWuzroFQ3PTD8U0
ch_3Idpu66LX9MRRJ0tnckVCngs,2022-10-19 13:09:59,succeeded,599.0,0.0,19.72,579.28,card,,7OBJ82KF-0001,subscription_create,6_month,1,cus_IcbMdStBk4UWmZ,Olivia Lewis,olivia.lewis@mailbox.example,,self_serve,network_consultant,network_consulting,US,sub_1AjdjLSIY9UA2xA2NJ2j5M6W
ch_3u3Azi3hOdv60U042hyb7CUi,2022-10-19 15:31:00,succeeded,599.0,0.0,19.72,579.28,card,,Z5RRBRLU-0001,subscription_create,6_month,1,cus_vwozlvuUWe7ME1,James Kim,james.kim@bluemark-logistics.example,Bluemark Logistics LLC,self_serve,it_lead,logistics,US,sub_1Mr78jpadnTxQHUGexsw9lT0
ch_3ObqAhEXYrX7nrNMs3UMoq6o,2022-10-25 13:47:49,succeeded,2000.0,0.0,30.25,1969.75,card,,A556517V-0001,subscription_create,12_month,2,cus_cISqDoWiXf1TsW,Stefan Wolf,stefan.wolf@wolf-network-services.example,Wolf Network Services GmbH,self_serve,network_consultant,network_consulting,DE,sub_18CBBw9HM60SvcDwxmnsm9pF
ch_3yAyuJBO3LTd2znWFMJeKXGj,2022-10-26 21:35:59,succeeded,1000.0,0.0,15.25,984.75,card,,3I7MLMZY-0001,subscription_create,12_month,1,cus_cp7KWvJyHFgxGV,Sami Saarinen,sami.saarinen@balticbridge-wireless.example,Balticbridge Wireless Oy,self_serve,network_consultant,network_consulting,FI,sub_1d2Irmo1pOOY3gyUsBMFBFsJ
ch_3RYxv3IxoSafmegVL2UroxhY,2022-10-27 09:39:34,succeeded,1000.0,0.0,32.75,967.25,card,,NHULT017-0001,subscription_create,12_month,1,cus_A5NUM1mc4KzYv5,Emily Williams,emily.williams@aurorapoint-wi-fi-solutions.example,Aurorapoint Wi-Fi Solutions,self_serve,network_consultant,network_consulting,US,sub_1XGxhrTJUvZeuZi67uks87TT
ch_31PmEraFfmK8c0gb1dCiXwC4,2022-10-31 20:04:23,succeeded,599.0,0.0,19.72,579.28,card,,V3M25V76-0001,subscription_create,6_month,1,cus_kpycfXbvjmtbtM,Christian Hartmann,christian.hartmann@atlasview-wireless.example,Atlasview Wireless,self_serve,network_consultant,network_consulting,CH,sub_19Xphq0kPgVuguhV0E9tH2MQ
ch_3dziUBS2zqwSOYafQXEFwRAS,2022-11-14 05:26:03,succeeded,3000.0,0.0,75.25,2924.75,card,,JKG19HIT-0001,subscription_create,12_month,3,cus_mRjlTXsQMR0k6c,Carlos Nguyen,carlos.nguyen@bluegate-wireless-engineering.example,Bluegate Wireless Engineering Ltd,self_serve,head_of_wireless,network_consulting,GB,sub_19J6RALzKgNvyqk0YjkA4Cw8
ch_3M6xoT2uEQiqQ9nQRS2wXY0E,2022-11-16 14:06:20,succeeded,2000.0,0.0,65.25,1934.75,card,,SRFGSXNG-0001,subscription_create,12_month,2,cus_eG0LbYLQNwFFVA,Chris Baker,chris.baker@balticpoint-networks.example,Balticpoint Networks LLC,self_serve,network_consultant,network_consulting,US,sub_1hSQJEvjruoEa1xFIbYK1wJ4
ch_3cxVN6OHxh8NOVZyS9gC8gzf,2022-11-17 12:19:49,succeeded,1000.0,0.0,32.75,967.25,card,,6JG8TBMR-0001,subscription_create,12_month,1,cus_krYqVmzIdjjLZY,Sven Koch,sven.koch@silverpoint-rf-consulting.example,Silverpoint RF Consulting AG,self_serve,network_consultant,network_consulting,CH,sub_18Iv0d9WqDMwWHOEy9BqVUuN
ch_3hCitW6gTnT45yQEWpo2mgM3,2022-11-17 12:33:30,succeeded,1000.0,0.0,32.75,967.25,card,,U587FT79-0001,subscription_create,12_month,1,cus_WqYl8xDFPIRaNp,Rachel Lee,rachel.lee@deltacore-hotels.example,Deltacore Hotels,self_serve,it_lead,hospitality,US,sub_1vQkz7cKIOog7pi2KYJLoahh
ch_3O62u54B5J4w0F1grNxfmmom,2022-11-25 13:27:09,succeeded,1797.0,0.0,27.21,1769.79,card,,28C5E84Z-0001,subscription_create,6_month,3,cus_0fk4mhSWNGUw9Y,Juho Lahtinen,juho.lahtinen@mapleline-it-solutions.example,Mapleline IT Solutions,self_serve,head_of_wireless,it_services,FI,sub_1oLyFEvFNe705s4qPFuW7pbs
ch_34xR8gNPyQIEor91JY4E0iOW,2022-12-01 13:42:43,succeeded,1000.0,0.0,25.25,974.75,card,,AQTI8DGK-0002,subscription_cycle,12_month,1,cus_u7WE0s6vJL5l1h,Priya Baker,priya.baker@orbitpath-networks.example,Orbitpath Networks Ltd,self_serve,network_consultant,network_consulting,GB,sub_1y9OUntD5zQLm10hKHwgWMB7
ch_3sP1XEHyqqJUDYlojkjCpzJ3,2022-12-05 03:14:17,succeeded,1000.0,0.0,25.25,974.75,card,,XA42VDX3-0001,subscription_create,12_month,1,cus_E7Xaw8fZQUJd4y,Chris Collins,chris.collins@crestbridge-networks.example,Crestbridge Networks Ltd,self_serve,network_consultant,network_consulting,GB,sub_1KfqvPHfebs7oV9usyV4mAgN
ch_3qFX4Cxtq15OwWVdaO7fG8Gh,2022-12-09 10:55:42,succeeded,1000.0,0.0,32.75,967.25,card,,13MY3ZHD-0001,subscription_create,12_month,1,cus_fFlxnVM92ArQGN,Tom Jones,tom.jones@vertexpoint-rf-consulting.example,Vertexpoint RF Consulting LLC,self_serve,network_consultant,network_consulting,US,sub_1f9uU4hTsJBdpFmMQMiEmaxJ
ch_36h5Xojj0VNUALL5Cv4Zae77,2022-12-19 13:47:29,succeeded,1000.0,0.0,32.75,967.25,card,,NTZQI2T9-0001,subscription_create,12_month,1,cus_2FWRwI4aluAblo,Mark Harris,mark.harris@harris-wireless-consulting.example,Harris Wireless Consulting LLC,self_serve,network_consultant,network_consulting,US,sub_1Gcp4aPjvhGGFM9OATwPsdLF
ch_35TdK39wZxHVGVyyc3CtHnMl,2022-12-20 06:09:29,succeeded,1000.0,0.0,32.75,967.25,card,,CEW5HS0R-0001,subscription_create,12_month,1,cus_FDJenYqHKqqvBq,Ahmed Thomas,ahmed.thomas@graniteworks-rf-consulting.example,Graniteworks RF Consulting,self_serve,network_consultant,network_consulting,NZ,sub_1eStduqPycIE54zZN63goO64
ch_3DdrwU5tewnpwDLf119l7x49,2022-12-20 18:54:10,succeeded,1000.0,0.0,15.25,984.75,card,,92V1RXA3-0001,subscription_create,12_month,1,cus_zZNuFPmdMpTQgw,Lena Braun,lena.braun@clearpeak-clinics.example,Clearpeak Clinics GmbH,self_serve,it_lead,healthcare,DE,sub_1WjEXo0MIWnirJb0qyVmNGIl
ch_3RSi8f9LhyiVdw4r2V7aI3EY,2022-12-26 07:50:44,succeeded,599.0,0.0,19.72,579.28,card,,D5ADI74N-0001,subscription_create,6_month,1,cus_ksCwDUH4wxpmGc,Laura Nelson,laura.nelson@apexpath-partners.example,Apexpath Partners Inc.,self_serve,it_lead,professional_services,CA,sub_1sy5WlZvxaG95jrvAMA6P6I1
ch_3bV3WDbqC42P6say7adFOatP,2022-12-26 16:59:34,succeeded,1000.0,0.0,15.25,984.75,card,,LKYQ52VC-0001,subscription_create,12_month,1,cus_a0h9bjkiIuyE2x,Emily Roberts,emily.roberts@balticport-hotels.example,Balticport Hotels Ltd,self_serve,it_lead,hospitality,IE,sub_1zJ3uDaxyAYIUXAxbWXqsq66
ch_3mZyMPzIXiRUXG74SvvgTanz,2022-12-27 15:58:54,succeeded,1000.0,0.0,15.25,984.75,card,,53FC41TZ-0001,subscription_create,12_month,1,cus_ienX88FWUCs4RB,Joost Hendriks,joost.hendriks@stonecore-wireless.example,Stonecore Wireless B.V.,self_serve,network_consultant,network_consulting,NL,sub_1vrTM75hM8Bk0azdDteYUYkI
ch_3XzTp3vhGLWzILoxKmOrjVGD,2022-12-27 16:18:36,succeeded,1000.0,0.0,32.75,967.25,card,,7GM1AVUH-0001,subscription_create,12_month,1,cus_kCDMK85HZCe9bb,Nicole Phillips,nicole.phillips@brightpoint-schools.example,Brightpoint Schools,self_serve,it_lead,education,US,sub_1kDbKasAtnyC7VK5HHYzXnvF
ch_3dSgNAXd6mEArbmpmyylwOfZ,2022-12-29 10:33:39,succeeded,1000.0,0.0,15.25,984.75,card,,AX3BILQ8-0001,subscription_create,12_month,1,cus_2MVje4fs7tS1i1,Timo Saarinen,timo.saarinen@polarpoint-wireless.example,Polarpoint Wireless,self_serve,network_consultant,network_consulting,FI,sub_1d6Uc4gbcez5DIsd0bsXMzoc
ch_3N0xE8v8qiXc7d65uz0cm2MI,2023-01-03 20:04:46,succeeded,1198.0,0.0,18.22,1179.78,card,,DK83F255-0002,subscription_cycle,6_month,2,cus_S4OWRXlJczEYeO,Sanne de Vries,sanne.devries@de-vries-wireless-consulting.example,de Vries Wireless Consulting B.V.,self_serve,network_consultant,network_consulting,NL,sub_1mUYo1Pl1f7MDyLSN3bIsaSx
ch_3vUqhaxfiBVcveYgbPBjhKYP,2023-01-05 22:33:22,succeeded,1198.0,0.0,39.19,1158.81,card,,AX0KUZMY-0001,subscription_create,6_month,2,cus_ywT9fD7WkOtJht,Sarah Mitchell,sarah.mitchell@pinefield-construction.example,Pinefield Construction,self_serve,it_lead,construction,US,sub_1HIOQoUfpdw9NTDlYcgoqp6Y
ch_3H8R4GYQWSdCEtrx4sjvmohd,2023-01-10 11:05:21,succeeded,1000.0,0.0,32.75,967.25,card,,UBDQ085B-0001,subscription_create,12_month,1,cus_EEBX4uYNtb8lFg,Sarah Jackson,sarah.jackson@mailbox.example,,self_serve,network_consultant,network_consulting,CA,sub_1J4WUAWTQqEnFV512v3fo9GO
ch_3sIYt6if1nppoHa60JNA1saC,2023-01-12 00:35:17,succeeded,599.0,0.0,9.23,589.77,card,,CASLFB9W-0002,subscription_cycle,6_month,1,cus_FPk5Q2rPVK1pov,Johan Sørensen,johan.sorensen@mapleworks-partners.example,Mapleworks Partners AS,self_serve,it_lead,professional_services,NO,sub_1u8u8mH63RsdfQCwyzMr0V4q
ch_31UDlbSBB1ayqnVcmclzKpJs,2023-01-12 11:39:28,succeeded,599.0,0.0,5.14,593.86,sepa_debit,,NP1CW4PK-0001,subscription_create,6_month,1,cus_0tpucqjL2ZxTnG,Davide Ricci,davide.ricci@novagate-wi-fi-solutions.example,Novagate Wi-Fi Solutions S.r.l.,self_serve,network_consultant,network_consulting,IT,sub_13gZOUDacQ2cx2JDfk3QmK8z
ch_3bl0lPf4SVDV2l3mLWZIm4Pu,2023-01-16 10:21:40,succeeded,599.0,0.0,9.23,589.77,card,,U5CAF49A-0001,subscription_create,6_month,1,cus_QIf7A9hjzqNEo3,Sven Meyer,sven.meyer@postbox.example,,self_serve,network_consultant,network_consulting,DE,sub_1RSYzD3o3qpJbjcwi4Zlbucm
ch_34SJRXM3memt9sIvK4z7giWk,2023-01-16 10:47:27,succeeded,599.0,0.0,9.23,589.77,card,,6AD4166F-0001,subscription_create,6_month,1,cus_bhNajiVUo3ZVKP,Ola Sørensen,ola.sorensen@brightpoint-industries.example,Brightpoint Industries,self_serve,it_lead,manufacturing,SE,sub_1tr2faYZi1oNvmoJxjDeT5zP
ch_3AzTGLEGbr4wbvEUbnrlTNXk,2023-01-16 15:55:33,succeeded,1000.0,0.0,15.25,984.75,card,,L1ODXC0P-0001,subscription_create,12_month,1,cus_zfanYic1JLff6l,Michael Schulz,michael.schulz@vertexbridge-retail-group.example,Vertexbridge Retail Group GmbH,self_serve,it_lead,retail,DE,sub_1QJqiwqVKZGkbFVAzxQGNVVI
ch_3GGAChu9mso1ExtWxDaXXtIw,2023-01-17 14:01:19,succeeded,1000.0,0.0,32.75,967.25,card,,8T9E1IJ2-0001,subscription_create,12_month,1,cus_I1ECP2PyFsthzp,Raj Jones,raj.jones@ironworks-wi-fi-solutions.example,Ironworks Wi-Fi Solutions LLC,self_serve,network_consultant,network_consulting,US,sub_1Pg36Mp4TK4k59to79axfH5a
ch_3EIU6rmDoTXN87RG0mXdmikL,2023-01-21 14:23:14,succeeded,1000.0,0.0,15.25,984.75,card,,QA5H20MO-0001,subscription_create,12_month,1,cus_nwQqxUhiZP9Bl9,Magnus Sørensen,magnus.sorensen@ironpeak-networks.example,Ironpeak Networks AB,self_serve,network_consultant,network_consulting,SE,sub_1xRc4oSEHGM7Zwg18TFRkYJ6
ch_3IXax8BrNa7N6W2ifROESb8B,2023-01-26 14:09:31,succeeded,1000.0,0.0,32.75,967.25,card,,2BMVWFC8-0001,subscription_create,12_month,1,cus_51LBjx26D6mX7s,Matt Scott,matt.scott@novaview-rf-consulting.example,Novaview RF Consulting LLC,self_serve,network_consultant,network_consulting,US,sub_1Fyg79HdTEUVjdzz0uPeFs0r
ch_3jrSgAFuYVmxC4PwXjCWLFnz,2023-01-27 16:19:53,failed,1000.0,0.0,,,card,card_declined,OTBQME95-0001,subscription_create,12_month,1,cus_s2MApOWRUlpUnI,Eric Miller,eric.miller@northworks-networks.example,Northworks Networks,self_serve,network_consultant,network_consulting,NZ,sub_1DkjaN5O8MVmE3fAUBxx0AGG
ch_30yqfhzMXywz4KRi9KlsOT1w,2023-01-27 16:26:25,succeeded,1000.0,0.0,32.75,967.25,card,,OTBQME95-0001,subscription_create,12_month,1,cus_s2MApOWRUlpUnI,Eric Miller,eric.miller@northworks-networks.example,Northworks Networks,self_serve,network_consultant,network_consulting,NZ,sub_1DkjaN5O8MVmE3fAUBxx0AGG
ch_3tQMV1gvv43VHtklBCwvzHKX,2023-01-27 22:37:29,succeeded,599.0,0.0,19.72,579.28,card,,QXUJ6FQI-0001,subscription_create,6_month,1,cus_sbqc8o6d0PhpYr,Jason Walker,jason.walker@stoneworks-wi-fi-solutions.example,Stoneworks Wi-Fi Solutions Inc.,self_serve,network_consultant,network_consulting,CA,sub_17ZqxfrvQKIazfVs9uTQwxFl
ch_37CnS7gHUYjxsdBXpMtlbKqB,2023-01-31 20:08:23,succeeded,599.0,0.0,15.23,583.77,card,,5FF1ZYZN-0001,subscription_create,6_month,1,cus_tvO1FtnQZYqrwc,Ryan Walker,ryan.walker@polarpath-wi-fi-solutions.example,Polarpath Wi-Fi Solutions Ltd,self_serve,network_consultant,network_consulting,GB,sub_1CMxITC6dVF7WYsqxwXnXTbg
ch_33ZswWEuO2RIlhyv1gBDY8Z7,2023-02-01 13:32:02,succeeded,599.0,0.0,9.23,589.77,card,,YG8CT8DY-0001,subscription_create,6_month,1,cus_grCEwVUXhAoQFZ,Laura Salminen,laura.salminen@harborgate-foods.example,Harborgate Foods Oy,self_serve,it_lead,food_beverage,FI,sub_1bpYqlIQRj49dQ2MoTzuTFLy
ch_3KgPRGqK7AgOefs5x0FcBSqG,2023-02-07 11:58:46,succeeded,1198.0,0.0,18.22,1179.78,card,,6J4CW15O-0001,subscription_create,6_month,2,cus_niiyAl7rP2Dvvy,Sven Krüger,sven.kruger@pinemark-wireless-engineering.example,Pinemark Wireless Engineering,self_serve,head_of_wireless,network_consulting,DE,sub_1LJgHqNXpWysOFSXyhGZDc2c
ch_3tgYFktLGPy4C3iW1Y5RBpnH,2023-02-14 12:22:41,succeeded,599.0,0.0,19.72,579.28,card,,CW9XE9BK-0001,subscription_create,6_month,1,cus_o6bkXa5jRy6Xz1,Andrew Nelson,andrew.nelson@nelson-network-services.example,Nelson Network Services LLC,self_serve,network_consultant,network_consulting,US,sub_15ZFiDGnc9uDSosOcMFCKVk7
ch_3ntuMThGV0fKH2luuRgf4F98,2023-02-14 22:18:50,succeeded,1000.0,0.0,15.25,984.75,card,,P79JVPU3-0001,subscription_create,12_month,1,cus_JHsHYmBhOL3Mej,Álvaro Fernández,alvaro.fernandez@bluebridge-rf-consulting.example,Bluebridge RF Consulting S.L.,self_serve,network_consultant,network_consulting,ES,sub_1Nyq7qwzewHVvpXOGKiLdcBk
ch_35OURfNjXlEmrrVIGjh2XrUR,2023-02-15 08:49:14,succeeded,2000.0,0.0,65.25,1934.75,card,,KIM69TMV-0002,subscription_cycle,12_month,2,cus_S942mr3zeznIdV,Steve Moore,steve.moore@brightbridge-networks.example,Brightbridge Networks LLC,self_serve,network_consultant,network_consulting,US,sub_1iZBdqBRMabFxHowsoIr15JV
ch_3FIIGVRrbKnCI9PJaexSPz8d,2023-02-15 13:28:13,succeeded,1000.0,0.0,32.75,967.25,card,,55KLYHIP-0001,subscription_create,12_month,1,cus_Hp5MLNVZF5YbSF,Paul Young,paul.young@silverlink-wireless.example,Silverlink Wireless LLC,self_serve,network_consultant,network_consulting,US,sub_1dcHAsX1zo96Sgkv6TOpbxML
ch_3g9nWB2X2Vud6pe48ukf2lhv,2023-02-20 09:20:59,succeeded,2000.0,0.0,30.25,1969.75,card,,D43JIC2U-0001,subscription_create,12_month,2,cus_41dq2ZXE3PHXPN,Mikko Kinnunen,mikko.kinnunen@ironpeak-schools.example,Ironpeak Schools Oy,self_serve,it_lead,education,FI,sub_12OyeY9fy7z1VidndwER9yl6
ch_3ETujQt6Pq4wr5HhOiR7Yzu8,2023-02-21 17:41:54,succeeded,599.0,0.0,19.72,579.28,card,,TKMHYKPS-0001,subscription_create,6_month,1,cus_LqAa43SjD8ANc2,Christian Fischer,christian.fischer@polarport-rf-consulting.example,Polarport RF Consulting AG,self_serve,network_consultant,network_consulting,CH,sub_1ZUgPCWAoNSoA0drVWtK4LB4
ch_38QtbhRYljAj0s7P02DdPiB3,2023-02-25 08:36:32,succeeded,1000.0,0.0,15.25,984.75,card,,T6E0LWIR-0002,subscription_cycle,12_month,1,cus_61CHCNR7sm9OYw,Heidi Heinonen,heidi.heinonen@stonestream-networks.example,Stonestream Networks Oy,self_serve,network_consultant,network_consulting,FI,sub_1SCUE1gVfYZMDUu9vfuEmXCY
ch_37ZxPsPghi4Pno1QFU2H3OMR,2023-02-27 14:00:29,succeeded,599.0,0.0,19.72,579.28,card,,N9JC1RZS-0001,subscription_create,6_month,1,cus_zvomjVpefdbOpn,Matt Roberts,matt.roberts@apexview-rf-consulting.example,Apexview RF Consulting,self_serve,network_consultant,network_consulting,AU,sub_1AFrBDfxXDTpl265088hPK1G
ch_3xB0hpccoLxzUR20nF1E4LxI,2023-03-01 14:51:48,succeeded,599.0,0.0,15.23,583.77,card,,0CEB8KP4-0001,subscription_create,6_month,1,cus_Um6WfLF9MNsqtL,Ben Walker,ben.walker@nordicgate-wi-fi-solutions.example,Nordicgate Wi-Fi Solutions Ltd,self_serve,network_consultant,network_consulting,GB,sub_1pPU7wKXDaGOLHOzdJAJoYHr
ch_3kVeoM0H5T2musiuDsjfzz4D,2023-03-01 23:44:50,succeeded,1000.0,0.0,15.25,984.75,card,,TVZLBCWE-0001,subscription_create,12_month,1,cus_q6z58kQmuCAeDp,Niels Vos,niels.vos@orbitmark-networks.example,Orbitmark Networks,self_serve,network_consultant,network_consulting,NL,sub_10dkwMqwbcHEtYvIoItL1Xyv
ch_3qEWXpLxtK4B1V1AXxFr6Q9F,2023-03-02 15:53:43,succeeded,1000.0,0.0,15.25,984.75,card,,WKTW89RR-0001,subscription_create,12_month,1,cus_S6aERIrKmF6NpJ,Davide Colombo,davide.colombo@alpinefield-rf-consulting.example,Alpinefield RF Consulting,self_serve,network_consultant,network_consulting,IT,sub_1I67XkfuG5oQU5vRCYI4vg0D
ch_3mEgCIrFzKDihffxin9qpb2K,2023-03-04 14:06:06,succeeded,1000.0,0.0,15.25,984.75,card,,0RC59GWA-0001,subscription_create,12_month,1,cus_WJIMNz5Dn2b7Bp,Maarten Jansen,maarten.jansen@lumenlink-communications.example,Lumenlink Communications,self_serve,head_of_wireless,telecom,NL,sub_1rFT1DTHO5Et6L69PkoxcbqE
ch_36PbDEPvND1TAbtXOuNNVvgV,2023-03-05 16:13:34,succeeded,599.0,0.0,15.23,583.77,card,,OF159R7A-0001,subscription_create,6_month,1,cus_M4SJ0TcIF2cP02,Rachel Evans,rachel.evans@evans-wireless-consulting.example,Evans Wireless Consulting,self_serve,network_consultant,network_consulting,GB,sub_1zAJAjVN178p8IRT7R1KX14E
ch_3XHLiwNvBEXbrn0ttufUGNWa,2023-03-06 14:56:33,succeeded,1000.0,0.0,32.75,967.25,card,,89MI1BVX-0001,subscription_create,12_month,1,cus_Bo5yRfYninAp2t,Mark Collins,mark.collins@balticpoint-logistics.example,Balticpoint Logistics,self_serve,it_lead,logistics,US,sub_1kXN441oEW280DQFAXVnk7dL
ch_3YSAaUIkXlpRUmyiX5k2TfHH,2023-03-07 19:45:55,succeeded,2000.0,0.0,65.25,1934.75,card,,Q6G6HZ7C-0001,subscription_create,12_month,2,cus_V3dGGmyfbPND8u,Chris Young,chris.young@postbox.example,,self_serve,network_consultant,network_consulting,US,sub_1W4ieYMMJvJK1khCWcAiW9mZ
ch_3KziIOmQ5VGWnMRMdGGTCJs1,2023-03-09 13:21:18,succeeded,1000.0,0.0,15.25,984.75,card,,EMO6I0I6-0001,subscription_create,12_month,1,cus_HPbUk4RsXkmRgJ,Mats Olsen,mats.olsen@clearfield-wi-fi-solutions.example,Clearfield Wi-Fi Solutions,self_serve,network_consultant,network_consulting,DK,sub_1B2xgpya1EKTjosj7a9yFLEA
ch_3X43SM0ft2fyGdoyPY5VtsZX,2023-03-13 14:56:34,succeeded,599.0,0.0,19.72,579.28,card,,S9SEAK66-0001,subscription_create,6_month,1,cus_dcw8T3i2xbRte5,Rachel Nelson,rachel.nelson@blueline-networks.example,Blueline Networks LLC,self_serve,network_consultant,network_consulting,US,sub_1fDWCAIAXvOVIeaXKtmRI9DV
ch_3GWeVoYy6jq08DYJ4wdMek0R,2023-03-16 06:56:21,succeeded,599.0,0.0,19.72,579.28,card,,NF04417H-0001,subscription_create,6_month,1,cus_pinwdieUpVDMO5,Andrew Wright,andrew.wright@brightwave-wireless.example,Brightwave Wireless LLC,self_serve,network_consultant,network_consulting,US,sub_19aIyS4Y35cRXtms8y5VGAZ7
ch_3gphM7OCZIZIs5HJuLUbc4Ct,2023-03-16 10:48:59,succeeded,599.0,0.0,5.14,593.86,sepa_debit,,ZEM3WKP1-0001,subscription_create,6_month,1,cus_JbJ0Wp5fjVPokO,Andrea Gallo,andrea.gallo@greenworks-foods.example,Greenworks Foods,self_serve,it_lead,food_beverage,IT,sub_15uvG9aykSs587AQeJLw0wdh
ch_36j1lubmpHZHetXwIYK5gCdQ,2023-03-16 12:28:52,succeeded,1000.0,0.0,6.35,993.65,sepa_debit,,U3DFFTB6-0001,subscription_create,12_month,1,cus_t90TYo49T67gMk,Mark Wright,mark.wright@summitworks-partners.example,Summitworks Partners,self_serve,it_lead,professional_services,IE,sub_1KOR1UUpUvvK55pzZLTlpwBv
ch_3ptPFDtXVowAU75NZNuRsn2A,2023-03-17 15:21:48,succeeded,599.0,0.0,19.72,579.28,card,,OAOKOB66-0001,subscription_create,6_month,1,cus_PvnxWrASURvlIn,Paul Williams,paul.williams@pinemark-hotels.example,Pinemark Hotels,self_serve,it_lead,hospitality,US,sub_1nTAboLIM7vaxBEBnCJ19Woh
ch_3w0H3V1FbdoMbajlWQFfZiOs,2023-03-20 05:27:41,succeeded,1198.0,0.0,39.19,1158.81,card,,2M87OZQ5-0002,subscription_cycle,6_month,2,cus_ugsSzmG0Sm1JOD,Matt Roberts,matt.roberts@polarpeak-logistics.example,Polarpeak Logistics LLC,self_serve,it_lead,logistics,US,sub_182HKTMXxBfnkBcu3RZvXxXy
ch_3TIUxQh9LSIMpFpwk3zlni3p,2023-03-20 13:33:33,succeeded,599.0,0.0,19.72,579.28,card,,IYZGY15S-0001,subscription_create,6_month,1,cus_JwbbMpk9bl4GUt,Jessica Nelson,jessica.nelson@ironmark-wireless-engineering.example,Ironmark Wireless Engineering Inc.,self_serve,head_of_wireless,network_consulting,CA,sub_1KcZts3D6JkhdZvJSompauUx
ch_3opjMJDq1UrqFoAgbtRnwPSI,2023-03-20 17:52:01,succeeded,599.0,0.0,19.72,579.28,card,,17IJYYHH-0001,subscription_create,6_month,1,cus_kmkU68qj4xBpEO,James Kelly,james.kelly@balticmark-media.example,Balticmark Media LLC,self_serve,it_lead,media,US,sub_1kZHwj4nfo3H7S5aPBMwpELh
ch_3V54glAJdoqkTtdLndD6WeWx,2023-03-22 14:39:17,succeeded,1000.0,0.0,15.25,984.75,card,,J7LGUTMX-0001,subscription_create,12_month,1,cus_5FvTEP3FBH94Zl,Sander Smit,sander.smit@bluegate-wireless-engineering.example,Bluegate Wireless Engineering B.V.,self_serve,head_of_wireless,network_consulting,NL,sub_1tilJhDTdx2OLiUA1mYpIY9L
ch_3zVFaov8rGB7B44eYlbGcP3l,2023-03-23 07:33:28,succeeded,1000.0,0.0,32.75,967.25,card,,ZH0CIIX7-0001,subscription_create,12_month,1,cus_NiGu8i5IftC3XB,Kate Collins,kate.collins@collins-network-services.example,Collins Network Services LLC,self_serve,network_consultant,network_consulting,US,sub_1ZnsTYfjEIVODYV6uR3EgWGE
ch_3Ycyg613CKWKFRMtBilxLsrJ,2023-03-23 07:45:36,succeeded,1000.0,0.0,15.25,984.75,card,,X4S6PAUB-0002,subscription_cycle,12_month,1,cus_Fui2j6xAMcbmao,Mikkel Sørensen,mikkel.sorensen@inbox.example,,self_serve,network_consultant,network_consulting,NO,sub_1yszIlxLhNpX2ZsN0pL0Arod
ch_32jymcaeFoi8ZnPYIVZbprtx,2023-03-27 12:52:33,succeeded,1000.0,0.0,32.75,967.25,card,,T26KP25P-0001,subscription_create,12_month,1,cus_hHz5ca63Jon4BD,James Phillips,james.phillips@silverpath-rf-consulting.example,Silverpath RF Consulting,self_serve,network_consultant,network_consulting,US,sub_1r2NZeAPQUmV1xg17y425ML4
ch_321qAZNmfO7tCgEgDTD9HvRf,2023-03-29 14:33:32,succeeded,1000.0,0.0,32.75,967.25,card,,VCWWF8EK-0001,subscription_create,12_month,1,cus_tQcEgFhbgG3WI5,Paul Scott,paul.scott@blueview-wireless.example,Blueview Wireless LLC,self_serve,network_consultant,network_consulting,US,sub_18ycOY7uooE8Svn2hu3ZH2w5
ch_3ov9fW5s2dd8zZXLNzRPGtqn,2023-03-31 11:35:52,succeeded,1000.0,0.0,32.75,967.25,card,,HFJJ7YEO-0001,subscription_create,12_month,1,cus_TinYIMDLaYFPqp,Priya Murphy,priya.murphy@murphy-network-services.example,Murphy Network Services LLC,self_serve,network_consultant,network_consulting,US,sub_155s10tjDHkuMjbMtHBE4tln
ch_3b7Z8GmO1mvnVwAie6KNeoeQ,2023-04-03 13:20:11,succeeded,1000.0,0.0,32.75,967.25,card,,N7C4C4IA-0001,subscription_create,12_month,1,cus_yEfpZD6P9fQ87V,Ahmed King,ahmed.king@greengate-rf-consulting.example,Greengate RF Consulting,self_serve,network_consultant,network_consulting,US,sub_1Mokd3eEDpK9LqNaqHVYoBhA
ch_3pSMl9qeGMlJZeGsyXoua80x,2023-04-04 14:07:43,succeeded,599.0,0.0,9.23,589.77,card,,W399RH85-0001,subscription_create,6_month,1,cus_rzpNbGrRemIkc4,Sara Andersson,sara.andersson@crestline-warehousing.example,Crestline Warehousing,self_serve,it_lead,logistics,NO,sub_1JsmREl0BYsIRvlfLBqgPnzM
ch_3w650OQdP95zaj1nlnAgYOXR,2023-04-05 16:58:28,succeeded,599.0,0.0,9.23,589.77,card,,99MV6H32-0001,subscription_create,6_month,1,cus_S4ZJJYOMqJXM7k,Emma Johansson,emma.johansson@westpath-logistics.example,Westpath Logistics AS,self_serve,it_lead,logistics,NO,sub_1biPIOO5QNfBDD51KgDXndqr
ch_3A6EXDuVUFXNeBerdxPVaTqL,2023-04-05 19:08:03,succeeded,1000.0,0.0,32.75,967.25,card,,RUY8BZSA-0001,subscription_create,12_month,1,cus_Pz4sNFzdgL3Pek,Paul Roberts,paul.roberts@granitegate-media.example,Granitegate Media,self_serve,it_lead,media,US,sub_1koZ3SFDQrGBY7DH1TpKMRfy
ch_3RrpprqkYsKSx7wy3yYANm5s,2023-04-07 15:38:29,succeeded,599.0,0.0,19.72,579.28,card,,7SVU2SR9-0001,subscription_create,6_month,1,cus_6pm68BP8C4r8AL,Sarah Nelson,sarah.nelson@lumenmark-wi-fi-solutions.example,Lumenmark Wi-Fi Solutions Ltd,self_serve,network_consultant,network_consulting,NZ,sub_1nZODjjfGWmEP7n2WZrdBKnW
ch_3QyWLvkpfGxLOtN3tFN9QwoF,2023-04-07 21:10:23,succeeded,1000.0,0.0,32.75,967.25,card,,BB77BSR4-0001,subscription_create,12_month,1,cus_7JiMDeUlDxIUhh,Paul Adams,paul.adams@adams-wireless-consulting.example,Adams Wireless Consulting LLC,self_serve,network_consultant,network_consulting,US,sub_1ifj37dF2a6K24ClfL46fsAf
ch_3GSOTwIuPOKu9r0dZjgF7oXU,2023-04-08 14:35:25,succeeded,1000.0,0.0,32.75,967.25,card,,P4HH4KX6-0001,subscription_create,12_month,1,cus_T0TKyPAF3IOgzT,John Jackson,john.jackson@maplepoint-schools.example,Maplepoint Schools,self_serve,it_lead,education,US,sub_12N1nU9n2G4saKfniTdplSVM
py_3D6yQF5yPhxcFNlDQu5ew88E,2023-04-10 16:56:27,succeeded,110000.0,0.0,5.0,109995.0,bank_transfer,,JYJW87YV-0001,subscription_create,enterprise,1,cus_ZIil6tzf2pISHx,Kaarna University of Technology,accounts.payable@kaarna-university-of-technology.example,Kaarna University of Technology,enterprise,,university,FI,sub_1q1RKOcbyVTb8UiFzzX4KdHz
ch_3EtvYER2uQS8IkMPI8lXqofX,2023-04-11 09:25:41,succeeded,1000.0,0.0,15.25,984.75,card,,I90ZQOBE-0001,subscription_create,12_month,1,cus_Uel1vVWmtA69kU,Bjørn Jensen,bjorn.jensen@mailbox.example,,self_serve,network_consultant,network_consulting,NO,sub_1cNXqYz5z8eYqdzHLtDflhXB
ch_3JHVjoplVa86OpSsR2iuUfga,2023-04-11 10:57:01,succeeded,599.0,0.0,9.23,589.77,card,,PDGCA21X-0001,subscription_create,6_month,1,cus_E1h7Co3mBWede0,Laurent Fournier,laurent.fournier@inbox.example,,self_serve,network_consultant,network_consulting,FR,sub_1SS5wWihDcNj7Zx2CPujNrJ3
ch_3tGiotmN8YYZu1xjgknNMo1P,2023-04-13 11:59:22,succeeded,1198.0,0.0,6.35,1191.65,sepa_debit,,PCQYI7D4-0002,subscription_cycle,6_month,2,cus_gB2nKFLyaJFHae,Álvaro Romero,alvaro.romero@vertexlink-technology-group.example,Vertexlink Technology Group S.L.,self_serve,head_of_wireless,it_services,ES,sub_1VnvNbtVPXa7XCdaPpsAEe7z
ch_33h6VL3j4nmDnpU4L1CKRUUC,2023-04-13 15:49:07,succeeded,599.0,0.0,19.72,579.28,card,,B0FX1K2I-0001,subscription_create,6_month,1,cus_x6iXaIzSNfPNvw,Rachel King,rachel.king@nordicworks-rf-consulting.example,Nordicworks RF Consulting,self_serve,network_consultant,network_consulting,US,sub_1kAoy2ozPOT3RhfAgMG5DsmK
ch_3FDQ7xik0cah814YRr6UeMaF,2023-04-14 16:52:15,succeeded,599.0,0.0,19.72,579.28,card,,B7PNJH2X-0001,subscription_create,6_month,1,cus_jJ2HSdqEuZTMJG,Raj Wright,raj.wright@harborview-properties.example,Harborview Properties,self_serve,it_lead,real_estate,CA,sub_1FdI89qH3xV6889oUiFUIuEM
ch_3UihN0vinqG8dfDS4htWQsYN,2023-04-15 12:42:18,succeeded,1000.0,0.0,32.75,967.25,card,,9BWE0J48-0001,subscription_create,12_month,1,cus_w73Lg2eDdqZteY,Paul Brown,paul.brown@apexstream-schools.example,Apexstream Schools Inc.,self_serve,it_lead,education,CA,sub_1hmReXneRKsuBB9tzPszBTlE
ch_3R0wTc7BTB6MxM87MZVTBxaY,2023-04-19 15:31:00,succeeded,599.0,0.0,19.72,579.28,card,,Z5RRBRLU-0002,subscription_cycle,6_month,1,cus_vwozlvuUWe7ME1,James Kim,james.kim@bluemark-logistics.example,Bluemark Logistics LLC,self_serve,it_lead,logistics,US,sub_1Mr78jpadnTxQHUGexsw9lT0
ch_3jhJZpyyQUehantrrrxKbetk,2023-04-20 04:12:29,succeeded,1000.0,0.0,32.75,967.25,card,,BYZXVS75-0001,subscription_create,12_month,1,cus_JmKKIw1xM8RYZl,Jason Johnson,jason.johnson@johnson-network-services.example,Johnson Network Services LLC,self_serve,network_consultant,network_consulting,US,sub_1JaFfe6Z8FO5lzyV4BKOfsj8
ch_3AdvVld4R61NqOOfhGoofWVB,2023-04-20 10:24:24,succeeded,599.0,0.0,19.72,579.28,card,,3NVIUVLY-0001,subscription_create,6_month,1,cus_woKjmjVidARzwB,Paul Wright,paul.wright@pinepoint-wireless.example,Pinepoint Wireless Pty Ltd,self_serve,network_consultant,network_consulting,AU,sub_1w3TWfDRYqek5Y8tFUe83Wia
ch_3zvVyeCujhESPsh589xixxCh,2023-04-20 12:53:20,succeeded,1000.0,0.0,15.25,984.75,card,,93GJJCWW-0002,subscription_cycle,12_month,1,cus_Z52LHUjs4JczZo,Andreas Hartmann,andreas.hartmann@hartmann-wireless-consulting.example,Hartmann Wireless Consulting GmbH,self_serve,network_consultant,network_consulting,DE,sub_1JdQ4djRA8pvcImRfMWfgm6G
ch_3vReXarMBK4ztNTwfOtYT3Ia,2023-04-23 09:51:41,succeeded,1000.0,0.0,15.25,984.75,card,,ESQ4WJMR-0001,subscription_create,12_month,1,cus_cjosP4sQbshccL,Femke Mulder,femke.mulder@mulder-wireless-consulting.example,Mulder Wireless Consulting,self_serve,network_consultant,network_consulting,NL,sub_1XPxxwAdqlIvqRTAV3TydMDo
ch_34tdctE5iGnTxpO15gQPQqAP,2023-04-24 18:52:23,succeeded,1000.0,0.0,15.25,984.75,card,,TGMGGBYN-0001,subscription_create,12_month,1,cus_Mdx0m6dfAVBwQn,Tom Martin,tom.martin@mailbox.example,,self_serve,network_consultant,network_consulting,IE,sub_1vdoF4RUxqm5NaMXPGBkJB7Z
ch_3WhkcJCscpgfMWrAiO1w54sY,2023-04-26 17:25:46,failed,599.0,0.0,,,card,card_declined,03UZOON8-0001,subscription_create,6_month,1,cus_CkV11DcXp8pQL0,Matt Patel,matt.patel@brightmark-wi-fi-solutions.example,Brightmark Wi-Fi Solutions Pty Ltd,self_serve,network_consultant,network_consulting,AU,sub_1mD90p6aU4ymARzvJjOFFc5t
ch_3ev6asEFSt69f83veVzmZhn6,2023-04-26 17:27:38,succeeded,599.0,0.0,19.72,579.28,card,,03UZOON8-0001,subscription_create,6_month,1,cus_CkV11DcXp8pQL0,Matt Patel,matt.patel@brightmark-wi-fi-solutions.example,Brightmark Wi-Fi Solutions Pty Ltd,self_serve,network_consultant,network_consulting,AU,sub_1mD90p6aU4ymARzvJjOFFc5t
ch_3hWy5L0r9hxJ2U8m17J2xKnk,2023-04-27 23:28:17,failed,599.0,0.0,,,card,card_declined,NRC1GP3L-0001,subscription_create,6_month,1,cus_X5Q8oNOnUTkAK8,Mark Thompson,mark.thompson@thompson-network-services.example,Thompson Network Services Ltd,self_serve,network_consultant,network_consulting,GB,sub_1q0Q4sgN0fh0jI1EUS4q2kyP
ch_3NMUn36OukTJN3JafvY0o0Pu,2023-04-27 23:37:12,succeeded,599.0,0.0,15.23,583.77,card,,NRC1GP3L-0001,subscription_create,6_month,1,cus_X5Q8oNOnUTkAK8,Mark Thompson,mark.thompson@thompson-network-services.example,Thompson Network Services Ltd,self_serve,network_consultant,network_consulting,GB,sub_1q0Q4sgN0fh0jI1EUS4q2kyP
ch_3spKklmTywiApt9AJMQlSrJJ,2023-05-12 04:06:36,succeeded,1198.0,0.0,39.19,1158.81,card,,QSG83D9P-0001,subscription_create,6_month,2,cus_o2G3DE2eYMCWjl,Nicole Anderson,nicole.anderson@nordicview-media.example,Nordicview Media LLC,self_serve,it_lead,media,US,sub_1wuMgp32VxmOYQNX9WCuaG1V
ch_3Yh32gHIpiBndAsZOgzC98um,2023-05-13 13:21:05,succeeded,1000.0,0.0,25.25,974.75,card,,01F3WY6Q-0001,subscription_create,12_month,1,cus_k0ubqGsYHOLyZA,Ben Jones,ben.jones@signalworks-systems-integration.example,Signalworks Systems Integration Ltd,self_serve,head_of_wireless,it_services,GB,sub_1pZufah1QrDH45huly08fpTF
ch_3jmya62zmkrFsMs06HNPWadJ,2023-05-14 12:37:23,succeeded,1198.0,0.0,18.22,1179.78,card,,0IITRZUG-0001,subscription_create,6_month,2,cus_Xa1uswYTdNRZ0j,Thijs de Jong,thijs.dejong@postbox.example,,self_serve,network_consultant,network_consulting,NL,sub_1kVG0nMN2B5DPZpo0LWsHwXc
ch_3H2wq5QOhk1UsCdI3WvW5Tcy,2023-05-15 13:31:55,succeeded,599.0,0.0,19.72,579.28,card,,EC71ORJI-0001,subscription_create,6_month,1,cus_PVjLRvL1PgrpdB,Michael Koch,michael.koch@postbox.example,,self_serve,network_consultant,network_consulting,CH,sub_1iCsWPM4kC2iYiKm02IEPAYU
ch_3NUMgCsFtv4VTIK2a6hSPdfp,2023-05-17 12:07:03,failed,1000.0,0.0,,,card,card_declined,D9230VU2-0001,subscription_create,12_month,1,cus_ShTBw0WwClOMvg,Giulia Bruno,giulia.bruno@atlaslink-systems-integration.example,Atlaslink Systems Integration,self_serve,head_of_wireless,it_services,IT,sub_17YaeqEoYtTRpWhvXdTKfLIS
ch_3XOsNDOUf9Fhhp4jsik7ddc3,2023-05-17 12:13:02,succeeded,1000.0,0.0,15.25,984.75,card,,D9230VU2-0001,subscription_create,12_month,1,cus_ShTBw0WwClOMvg,Giulia Bruno,giulia.bruno@atlaslink-systems-integration.example,Atlaslink Systems Integration,self_serve,head_of_wireless,it_services,IT,sub_17YaeqEoYtTRpWhvXdTKfLIS
ch_3hFTz7iM6nNUzt5HEiyIPNcu,2023-05-17 20:20:57,failed,1000.0,0.0,,,card,card_declined,BSFQNJGW-0001,subscription_create,12_month,1,cus_AL9G5FORBe7gtX,Carlos Mitchell,carlos.mitchell@apexbridge-rf-consulting.example,Apexbridge RF Consulting LLC,self_serve,network_consultant,network_consulting,US,sub_1ZXRUDLMtUUaAvgifKBUPMdF
ch_3yneJr8zRvld7kvEPSOd7ddn,2023-05-17 20:27:20,succeeded,1000.0,0.0,32.75,967.25,card,,BSFQNJGW-0001,subscription_create,12_month,1,cus_AL9G5FORBe7gtX,Carlos Mitchell,carlos.mitchell@apexbridge-rf-consulting.example,Apexbridge RF Consulting LLC,self_serve,network_consultant,network_consulting,US,sub_1ZXRUDLMtUUaAvgifKBUPMdF
ch_3hGTpL9OkGk3yDEskTmaJ2T0,2023-05-22 09:37:16,succeeded,1198.0,0.0,39.19,1158.81,card,,Z29STCZ2-0001,subscription_create,6_month,2,cus_tHezHZAfXUzZSD,Nicole Young,nicole.young@vertexfield-foods.example,Vertexfield Foods,self_serve,it_lead,food_beverage,US,sub_1uMYf9xt91g2gYXSYOUGgGTt
ch_3rMBE9oS9kP0NNJSrltd5Qq7,2023-05-23 10:00:18,succeeded,1000.0,0.0,25.25,974.75,card,,AZY8KFFJ-0001,subscription_create,12_month,1,cus_EpYJwCFixXrl6r,Olivia Smith,olivia.smith@smith-wireless-consulting.example,Smith Wireless Consulting,self_serve,network_consultant,network_consulting,GB,sub_1MobzK55SZgdvwacxEh1qMCl
ch_3CvbYeNm27mY0nOS0tx0K3hZ,2023-05-24 08:36:55,succeeded,1198.0,0.0,30.2,1167.8,card,,CACH6671-0001,subscription_create,6_month,2,cus_jUhe0yCNMn5FwZ,Ahmed Clark,ahmed.clark@pinepoint-logistics.example,Pinepoint Logistics,self_serve,it_lead,logistics,GB,sub_1u7lxFFjv7bCjNwHovXWKgRF
ch_3yRT6u3xBoI5DOxI3lnAcAuV,2023-05-28 15:56:34,succeeded,2000.0,0.0,30.25,1969.75,card,,DZEAD7WB-0002,subscription_cycle,12_month,2,cus_Ke4pILGUX322iV,Andreas Meyer,andreas.meyer@northworks-partners.example,Northworks Partners GmbH,self_serve,it_lead,professional_services,AT,sub_1WN0orZkKU9OIg55gUtikrcG
ch_3iVCFQwrHQhuA7dPGh3srl4C,2023-05-29 08:11:59,succeeded,1000.0,0.0,32.75,967.25,card,,CHUXB8AL-0001,subscription_create,12_month,1,cus_PwzmPMEmlJnlFc,Ahmed Smith,ahmed.smith@cedarbridge-properties.example,Cedarbridge Properties,self_serve,it_lead,real_estate,US,sub_1DCqlO5YjEdlRDD7GmwJoztC
ch_3cuwmlfgY8Jx6MAwGiC6kCtJ,2023-05-30 08:20:54,succeeded,1000.0,0.0,15.25,984.75,card,,XF48UHQT-0002,subscription_cycle,12_month,1,cus_06g1byOJQOBxGN,Sami Saarinen,sami.saarinen@brightfield-it-solutions.example,Brightfield IT Solutions Oy,self_serve,head_of_wireless,it_services,FI,sub_1NJSxcTm6ayZukwY1TkdLwRv
ch_3aQBRufGCu5ZG4iyodzGFiHp,2023-05-30 15:53:17,succeeded,599.0,0.0,9.23,589.77,card,,FLOYW4T3-0001,subscription_create,6_month,1,cus_1J0R3BNPnp10Wv,Pablo Gómez,pablo.gomez@beaconcore-wireless.example,Beaconcore Wireless S.L.,self_serve,network_consultant,network_consulting,ES,sub_15hDRWeuzOUdFbLfkLuNGGIX
ch_3LaD21iDzHpSsqQjcoX5EiNk,2023-06-01 09:05:01,succeeded,5000.0,0.0,162.75,4837.25,card,,IK0FKR7O-0001,subscription_create,12_month,5,cus_FqF1Ab2ux3jbz6,Daniel Lewis,daniel.lewis@westwave-telecom.example,Westwave Telecom LLC,self_serve,head_of_wireless,telecom,US,sub_1nU55c1atL1a8j0tY07kW40b
ch_3PhDiMYEKvDMB94qsCmyP6Kh,2023-06-07 13:45:55,succeeded,1000.0,0.0,32.75,967.25,card,,YP6N2HSS-0001,subscription_create,12_month,1,cus_pOsY3RdzwvhFWp,Amanda Wright,amanda.wright@cedarpath-networks.example,Cedarpath Networks,self_serve,network_consultant,network_consulting,US,sub_1JHC9ZrJXnoYCW5kiGMzhrwo
ch_3xWssHfN9yKPP3nJqYKr7EIO,2023-06-08 14:39:46,succeeded,2000.0,0.0,30.25,1969.75,card,,3FTUXD3O-0001,subscription_create,12_month,2,cus_hUhVwse53NKb1g,Julia Müller,julia.muller@beaconworks-wireless.example,Beaconworks Wireless GmbH,self_serve,network_consultant,network_consulting,DE,sub_1kXtf4XUuhQpyLapgVLC3Fg7
ch_30ZvztujzFiDn9wKuyfuEB64,2023-06-08 16:43:29,succeeded,1000.0,0.0,15.25,984.75,card,,U747RV2Q-0001,subscription_create,12_month,1,cus_xhzIsEqS6IHCiY,Mikko Niemi,mikko.niemi@clearstream-communications.example,Clearstream Communications,self_serve,head_of_wireless,telecom,FI,sub_1mCbGAd6mKOaGFqAliOldaxy
ch_3fr7jzknthBbxXpk7vJIlQaD,2023-06-16 12:22:16,succeeded,1000.0,0.0,32.75,967.25,card,,BPPQSC3G-0002,subscription_cycle,12_month,1,cus_eMlFdHq4qjmKOC,Rachel Patel,rachel.patel@cedarpath-wi-fi-solutions.example,Cedarpath Wi-Fi Solutions,self_serve,network_consultant,network_consulting,US,sub_1zFU5dX7Pez0SO2aTpFGkzLW
ch_3k7xSd24HtzP1AZS9msbe4K3,2023-06-19 09:58:52,succeeded,599.0,0.0,19.72,579.28,card,,J0CZXG0H-0001,subscription_create,6_month,1,cus_sS4WtpkYxAsm9t,Ryan Collins,ryan.collins@stonecore-properties.example,Stonecore Properties LLC,self_serve,it_lead,real_estate,US,sub_1WdrTcKlgDGd9xBFOVrtqFEA
ch_38m13nP1AkZppRePx7ITqaz4,2023-06-20 08:41:51,succeeded,1000.0,0.0,15.25,984.75,card,,VMHZL1S2-0001,subscription_create,12_month,1,cus_WtObbSwd945cC4,Mikko Koskinen,mikko.koskinen@crestcore-properties.example,Crestcore Properties Oy,self_serve,it_lead,real_estate,FI,sub_1RCGhtvfiY111HZ1IGs1JYdZ
ch_3rPgvfBXGknmMOt53CusnDf9,2023-06-20 09:21:10,succeeded,599.0,0.0,9.23,589.77,card,,U0NM2FKZ-0001,subscription_create,6_month,1,cus_pYYMaOCCPqOMme,Amanda Young,amanda.young@lumenstream-media.example,Lumenstream Media Ltd,self_serve,it_lead,media,IE,sub_1fFxwvOvzin9ikm7zQFOLaTb
ch_3Gbp1iJ7cPw10BsryAwXacGM,2023-06-21 17:45:34,succeeded,599.0,0.0,19.72,579.28,card,,9UIRSOD8-0001,subscription_create,6_month,1,cus_dYWUOtWqs3uBLo,John Thompson,john.thompson@brightlink-logistics.example,Brightlink Logistics LLC,self_serve,it_lead,logistics,US,sub_1HSVOMr59qM4WiOu1Kg6Pbk6
ch_3VIOKGLkp07hVm4Ze9B9q0gz,2023-06-22 13:49:27,succeeded,1797.0,0.0,27.21,1769.79,card,,6S8RY5UM-0001,subscription_create,6_month,3,cus_U9Sld1b7bpYGB4,Christian Neumann,christian.neumann@neumann-network-services.example,Neumann Network Services,self_serve,network_consultant,network_consulting,AT,sub_1rwEIspKWGLNsSmzj1WqwzIc
ch_3VxdcwDqUNIeFY5hzKKJh0E9,2023-06-22 19:32:17,succeeded,1000.0,0.0,15.25,984.75,card,,YRFS4ALS-0001,subscription_create,12_month,1,cus_BjEZfNXzDgXKSN,Mats Sørensen,mats.sorensen@silverworks-rf-consulting.example,Silverworks RF Consulting AS,self_serve,network_consultant,network_consulting,NO,sub_1BTrscs7xbbhcPdPcr6hYVLs
ch_3rFjeWKK8dKPZAd0X68LrnoE,2023-06-23 06:12:19,succeeded,1000.0,0.0,15.25,984.75,card,,62BIN83D-0001,subscription_create,12_month,1,cus_FtPHDUZOxM4QjK,Andrea Conti,andrea.conti@vertexgate-wi-fi-solutions.example,Vertexgate Wi-Fi Solutions,self_serve,network_consultant,network_consulting,IT,sub_1PP8l3PACj8omqj8yhl8Ymw1
ch_3BW0VSPWfgilBC0Iwfn9wQuQ,2023-06-23 10:37:00,succeeded,1000.0,0.0,32.75,967.25,card,,BO4F77TT-0001,subscription_create,12_month,1,cus_RBrImNdCsfyTx7,Tom Phillips,tom.phillips@phillips-wireless-consulting.example,Phillips Wireless Consulting LLC,self_serve,network_consultant,network_consulting,US,sub_1Ja5Z0hIhH24sQDu4jo6YIc3
ch_3zF9auXH1KmDf2Zq5TcwbOXp,2023-06-25 11:34:49,succeeded,1000.0,0.0,6.35,993.65,sepa_debit,,QPCEQ1P0-0001,subscription_create,12_month,1,cus_YGtiFILBJIQ0bh,Ruben Vos,ruben.vos@greenlink-properties.example,Greenlink Properties B.V.,self_serve,it_lead,real_estate,NL,sub_1GNng0fQIc4Kmjn1S7GdxY4B
ch_3h09xtobUThIobshg9gyhs3i,2023-06-26 11:27:36,succeeded,599.0,0.0,9.23,589.77,card,,FHYNE5EU-0001,subscription_create,6_month,1,cus_KZCQRqFZnWQLEg,Nicolas Bernard,nicolas.bernard@orbitfield-media.example,Orbitfield Media,self_serve,it_lead,media,FR,sub_1YmsWmJDDX5j8qIpVN05cdUD
ch_3aQgZZQ6f4LQvOfv43zkJ1vz,2023-06-26 15:21:45,succeeded,1000.0,0.0,15.25,984.75,card,,RYZC0746-0001,subscription_create,12_month,1,cus_wpWtorWk9MXyYt,Katja Turunen,katja.turunen@northline-telecom.example,Northline Telecom Oy,self_serve,head_of_wireless,telecom,FI,sub_1RSQ6mgT45dmWUHRknJHby8y
ch_30UE2vfjtjwQMJtgXGeltF0P,2023-06-28 14:09:57,succeeded,1000.0,0.0,25.25,974.75,card,,9U5QVLHT-0002,subscription_cycle,12_month,1,cus_VtkhgaeUwy4DEE,Jason Evans,jason.evans@nordicview-rf-consulting.example,Nordicview RF Consulting Ltd,self_serve,network_consultant,network_consulting,GB,sub_1q4i38ydKzZDhzLSQtbOCVSv
ch_3jMFKfFUyu8M2ahSVagSoxNB,2023-06-29 15:40:58,succeeded,1000.0,0.0,32.75,967.25,card,,IDW09TKB-0001,subscription_create,12_month,1,cus_nfjd3pyeQgkqIy,Mark Johnson,mark.johnson@brightstream-networks.example,Brightstream Networks,self_serve,network_consultant,network_consulting,AU,sub_1Ku9okrYCY5nVF5MY2CfCtgl
ch_3aCOOugssj4WnaEw4xW873az,2023-06-30 11:10:27,succeeded,1000.0,0.0,32.75,967.25,card,,CIDZNGGU-0001,subscription_create,12_month,1,cus_KnSWQN5w2EkK5j,Matthias Wagner,matthias.wagner@lumenfield-rf-consulting.example,Lumenfield RF Consulting AG,self_serve,network_consultant,network_consulting,CH,sub_1LHKpTOcdrLbG85M9L6CMzAe
ch_3oHSrQ4s7e1CREU7L5GUb4ei,2023-07-01 16:47:40,succeeded,599.0,0.0,15.23,583.77,card,,J1JRVVRG-0001,subscription_create,6_month,1,cus_gevA4s0yRpDEjk,Raj Mitchell,raj.mitchell@apexline-rf-consulting.example,Apexline RF Consulting Ltd,self_serve,network_consultant,network_consulting,GB,sub_1AEn2oZtamCv8gZ95qvzvE9D
ch_3iAiXEKIFFvET6AHFLZDFILr,2023-07-02 16:10:14,succeeded,599.0,0.0,9.23,589.77,card,,RYSRC0SA-0001,subscription_create,6_month,1,cus_ZGeXM4wfnfNH6S,Lotte Bos,lotte.bos@bos-network-services.example,Bos Network Services BV,self_serve,network_consultant,network_consulting,BE,sub_1iFldvofOZmFPVXBIZKn7ixT
ch_3mW28rXMtW8unhNSDd1JdFhj,2023-07-03 20:04:46,succeeded,1198.0,0.0,18.22,1179.78,card,,DK83F255-0003,subscription_cycle,6_month,2,cus_S4OWRXlJczEYeO,Sanne de Vries,sanne.devries@de-vries-wireless-consulting.example,de Vries Wireless Consulting B.V.,self_serve,network_consultant,network_consulting,NL,sub_1mUYo1Pl1f7MDyLSN3bIsaSx
ch_3cA3FT802Z3Mhca7WAP0rkdA,2023-07-04 16:51:16,succeeded,1000.0,0.0,15.25,984.75,card,,U7HLF0HO-0002,subscription_cycle,12_month,1,cus_6ckb7gGCl3tSfs,Sara Sørensen,sara.sorensen@clearcore-managed-services.example,Clearcore Managed Services AS,self_serve,head_of_wireless,it_services,NO,sub_1Utzp0BXjKPIgzYcCf4B74Hw
ch_3IL6ZI0CY3XQCXwL18KRSZls,2023-07-12 00:35:17,succeeded,599.0,0.0,9.23,589.77,card,,CASLFB9W-0003,subscription_cycle,6_month,1,cus_FPk5Q2rPVK1pov,Johan Sørensen,johan.sorensen@mapleworks-partners.example,Mapleworks Partners AS,self_serve,it_lead,professional_services,NO,sub_1u8u8mH63RsdfQCwyzMr0V4q
ch_35DGHQhC5glIg1b416R2DJsg,2023-07-12 11:39:28,succeeded,599.0,0.0,5.14,593.86,sepa_debit,,NP1CW4PK-0002,subscription_cycle,6_month,1,cus_0tpucqjL2ZxTnG,Davide Ricci,davide.ricci@novagate-wi-fi-solutions.example,Novagate Wi-Fi Solutions S.r.l.,self_serve,network_consultant,network_consulting,IT,sub_13gZOUDacQ2cx2JDfk3QmK8z
ch_3QUziUP2UE9i3YO7YWboo7bp,2023-07-13 14:53:22,succeeded,599.0,0.0,19.72,579.28,card,,LW7NG71H-0001,subscription_create,6_month,1,cus_piD40BuxcaVKbU,Uwe Becker,uwe.becker@ironstream-technology-group.example,Ironstream Technology Group AG,self_serve,head_of_wireless,it_services,CH,sub_1m8nhmSB8VjC3kRrjZ2mnN6U
ch_32BdsWtzO9B9VJMeXrNh8r6Q,2023-07-13 18:27:51,succeeded,599.0,0.0,19.72,579.28,card,,G5NNGXYV-0001,subscription_create,6_month,1,cus_RFRr8eNGTX2RQs,Megan Wright,megan.wright@aurorapeak-communications.example,Aurorapeak Communications LLC,self_serve,head_of_wireless,telecom,US,sub_1EGiletnAeVv2Uxc02JDfYQr
ch_3YTjSph97clpxlmNXu83A46f,2023-07-16 10:21:40,failed,599.0,0.0,,,card,card_declined,U5CAF49A-0002,subscription_cycle,6_month,1,cus_QIf7A9hjzqNEo3,Sven Meyer,sven.meyer@postbox.example,,self_serve,network_consultant,network_consulting,DE,sub_1RSYzD3o3qpJbjcwi4Zlbucm
ch_3RsXnzclbufu93mp361qowRj,2023-07-19 10:26:40,failed,599.0,0.0,,,card,card_declined,U5CAF49A-0002,subscription_cycle,6_month,1,cus_QIf7A9hjzqNEo3,Sven Meyer,sven.meyer@postbox.example,,self_serve,network_consultant,network_consulting,DE,sub_1RSYzD3o3qpJbjcwi4Zlbucm
ch_3yYPmr53vtUTUAASxpRgMI0n,2023-07-21 11:10:40,succeeded,599.0,0.0,19.72,579.28,card,,Q3I4UCYK-0001,subscription_create,6_month,1,cus_CkiSCj59tIUM8G,Steve Kim,steve.kim@kim-wireless-consulting.example,Kim Wireless Consulting,self_serve,network_consultant,network_consulting,US,sub_1svdBEEYc5oq2xeHCVeKUnOv
ch_3XWoo6SJQqlWRl3xZHfBCmgE,2023-07-24 10:17:47,succeeded,1000.0,0.0,32.75,967.25,card,,F15DVR0P-0001,subscription_create,12_month,1,cus_nZYD2iwJpEjnjz,Andrew Walker,andrew.walker@aurorapoint-wi-fi-solutions.example,Aurorapoint Wi-Fi Solutions LLC,self_serve,network_consultant,network_consulting,US,sub_1QYKCbYgi5zQ3iffYx9OeBh7
ch_3HFUF1prlGlEUBJBQzG8a22r,2023-07-24 11:22:40,failed,599.0,0.0,,,card,card_declined,U5CAF49A-0002,subscription_cycle,6_month,1,cus_QIf7A9hjzqNEo3,Sven Meyer,sven.meyer@postbox.example,,self_serve,network_consultant,network_consulting,DE,sub_1RSYzD3o3qpJbjcwi4Zlbucm
ch_3WqMOMywlHVNMFotuZmao9XZ,2023-07-24 12:14:01,succeeded,1797.0,0.0,27.21,1769.79,card,,CAPUK6AB-0001,subscription_create,6_month,3,cus_mDIzXzYJuVNi75,Matteo Rossi,matteo.rossi@rossi-wireless-consulting.example,Rossi Wireless Consulting,self_serve,network_consultant,network_consulting,IT,sub_1GOzx9iWHCW0qwAi7ff9NPUG
ch_35rDAPWEuiliP0S2vEb5dkrC,2023-07-26 23:56:59,succeeded,2000.0,0.0,30.25,1969.75,card,,XHVTXX0G-0001,subscription_create,12_month,2,cus_j4jL813sWdp90U,Laurent Lefebvre,laurent.lefebvre@alpinecore-warehousing.example,Alpinecore Warehousing,self_serve,it_lead,logistics,FR,sub_1R2WustfshzahJ25gz7sHBkd
ch_3tt4nWpniiScD1Rg8dSRqOcm,2023-07-27 19:50:55,succeeded,1000.0,0.0,15.25,984.75,card,,CSCOCJD6-0001,subscription_create,12_month,1,cus_mFgMbAlo4J97yD,Elena Fernández,elena.fernandez@northview-properties.example,Northview Properties,self_serve,it_lead,real_estate,ES,sub_1YppLa7eq6lPeuyvKUBkw6yB
ch_3sZy21qe1rigfS7Vc7mj0A3N,2023-07-27 22:37:29,succeeded,599.0,0.0,19.72,579.28,card,,QXUJ6FQI-0002,subscription_cycle,6_month,1,cus_sbqc8o6d0PhpYr,Jason Walker,jason.walker@stoneworks-wi-fi-solutions.example,Stoneworks Wi-Fi Solutions Inc.,self_serve,network_consultant,network_consulting,CA,sub_17ZqxfrvQKIazfVs9uTQwxFl
ch_3QvotGQdvjbyKU1Ml1VP8xpp,2023-07-28 15:29:45,succeeded,1000.0,0.0,32.75,967.25,card,,59NSS2G4-0001,subscription_create,12_month,1,cus_Gs2YQpfDLewYTo,Priya Parker,priya.parker@aurorafield-telecom.example,Aurorafield Telecom,self_serve,head_of_wireless,telecom,CA,sub_1QR18eIvyFckO3bBX6XkDiSM
ch_3leItoTGNfWLiew69pnhkAxr,2023-07-31 10:22:28,succeeded,1797.0,0.0,58.65,1738.35,card,,LC01CC64-0001,subscription_create,6_month,3,cus_mAAyfoHlhEbOdQ,Laura Green,laura.green@deltastream-wi-fi-solutions.example,Deltastream Wi-Fi Solutions LLC,self_serve,network_consultant,network_consulting,US,sub_14hxlmJoMw3A40NHfnyVpq05
ch_3ht4RhJ4VlrAKJsRqOyKVCVc,2023-07-31 11:00:33,succeeded,1000.0,0.0,32.75,967.25,card,,IHJ29VW2-0001,subscription_create,12_month,1,cus_HvP6qdoVJ3Trwx,Olivia Patel,olivia.patel@deltapath-wi-fi-solutions.example,Deltapath Wi-Fi Solutions,self_serve,network_consultant,network_consulting,CA,sub_1kcT231hjG0DqGGuOmLvGVnV
ch_3iFOrY2qZgZUXJP7b2DuS26X,2023-07-31 22:47:44,succeeded,599.0,0.0,9.23,589.77,card,,8EFJJ76M-0001,subscription_create,6_month,1,cus_zRF9czWs56YqYu,Sara Lindqvist,sara.lindqvist@inbox.example,,self_serve,network_consultant,network_consulting,NO,sub_1lmMWPhPnlvEWbBzm9wsyS7G
ch_3idy62sC4rVaxxJKY4MPlapW,2023-08-01 13:32:02,succeeded,599.0,0.0,9.23,589.77,card,,YG8CT8DY-0002,subscription_cycle,6_month,1,cus_grCEwVUXhAoQFZ,Laura Salminen,laura.salminen@harborgate-foods.example,Harborgate Foods Oy,self_serve,it_lead,food_beverage,FI,sub_1bpYqlIQRj49dQ2MoTzuTFLy
ch_3SiVMUZ4yjw5vXcPOgnMhatw,2023-08-02 11:16:21,succeeded,1000.0,0.0,15.25,984.75,card,,L83O1UFA-0002,subscription_cycle,12_month,1,cus_25zIA82UBLtYX2,Rasmus Holm,rasmus.holm@holm-network-services.example,Holm Network Services AS,self_serve,network_consultant,network_consulting,NO,sub_1mQEYSeiYqvMLO9jUh9Kzj5K
ch_3yHbV9VsNHdidP7qVUjpH3xD,2023-08-07 11:58:46,succeeded,1198.0,0.0,18.22,1179.78,card,,6J4CW15O-0002,subscription_cycle,6_month,2,cus_niiyAl7rP2Dvvy,Sven Krüger,sven.kruger@pinemark-wireless-engineering.example,Pinemark Wireless Engineering,self_serve,head_of_wireless,network_consulting,DE,sub_1LJgHqNXpWysOFSXyhGZDc2c
ch_3ogueSBYFrK0PGBSdey7yqBJ,2023-08-07 19:01:09,succeeded,1000.0,0.0,15.25,984.75,card,,MNLR98D0-0001,subscription_create,12_month,1,cus_KbQg1QRNrZchTD,Giulia Bruno,giulia.bruno@mailbox.example,,self_serve,network_consultant,network_consulting,IT,sub_1GAqwBlbpq1P1AV1HBrlZBog
ch_32mgxq61LUEsLSiZTN8gimtu,2023-08-08 06:07:23,succeeded,1000.0,0.0,15.25,984.75,card,,GJSRBFF8-0001,subscription_create,12_month,1,cus_yBz0zNu4uVqcZD,Petri Mäkelä,petri.makela@signalview-industries.example,Signalview Industries,self_serve,it_lead,manufacturing,FI,sub_1WWZ3oVsL0gZw2nBZZDUWc1P
ch_3ttsPhge5NdLfmodojpoPl1J,2023-08-10 10:04:33,succeeded,599.0,0.0,19.72,579.28,card,,2RDHRFGF-0001,subscription_create,6_month,1,cus_Q33perJtVCa7Ro,Josh Phillips,josh.phillips@ironline-logistics.example,Ironline Logistics Inc.,self_serve,it_lead,logistics,CA,sub_1F54qDL23gjEOiBkIZ6xKdey
ch_3mUTlYIUCsLVniHlTXQrnkZZ,2023-08-14 12:22:41,succeeded,599.0,0.0,19.72,579.28,card,,CW9XE9BK-0002,subscription_cycle,6_month,1,cus_o6bkXa5jRy6Xz1,Andrew Nelson,andrew.nelson@nelson-network-services.example,Nelson Network Services LLC,self_serve,network_consultant,network_consulting,US,sub_15ZFiDGnc9uDSosOcMFCKVk7
ch_3rc35y7z7vTeSTbJPZI5KAKE,2023-08-14 18:46:42,succeeded,2000.0,0.0,65.25,1934.75,card,,NJ88LZ1Y-0001,subscription_create,12_month,2,cus_g4OhbFohMb0o3y,John Kim,john.kim@apexcore-construction.example,Apexcore Construction Inc.,self_serve,it_lead,construction,CA,sub_1TFK19yYOgDRZU3pdOAdnD51
ch_3nNMGFuXVp3BueUBFwdIh6Sk,2023-08-15 09:58:01,succeeded,599.0,0.0,19.72,579.28,card,,JX5IRC6T-0001,subscription_create,6_month,1,cus_8UyLhajcWTI4H4,Matt Wilson,matt.wilson@wilson-wireless-consulting.example,Wilson Wireless Consulting Inc.,self_serve,network_consultant,network_consulting,CA,sub_1RMwcRU0l17pNE28pSTMcGuO
ch_304LmJLq4a3YRNOpdEqFTpsc,2023-08-17 13:47:15,succeeded,1000.0,0.0,32.75,967.25,card,,61ZRLYNJ-0001,subscription_create,12_month,1,cus_bMmHM36OfHXd6D,Steve Edwards,steve.edwards@greenlink-warehousing.example,Greenlink Warehousing LLC,self_serve,it_lead,logistics,US,sub_1cf0c3xD15zXSp8fxIpJqRnL
ch_3tra5s2cZjTYTCIqX829s6yR,2023-08-17 16:35:15,succeeded,599.0,0.0,9.23,589.77,card,,W5BQMEZJ-0001,subscription_create,6_month,1,cus_DACi5OrSs0oCzq,Mats Lund,mats.lund@bluepath-wi-fi-solutions.example,Bluepath Wi-Fi Solutions AB,self_serve,network_consultant,network_consulting,SE,sub_1dRaYf2GrkNmpwlcdWhLruQt
ch_3EzHUDDshoZeUXcrYoU4i6iL,2023-08-22 05:29:29,succeeded,1000.0,0.0,32.75,967.25,card,,NLYFHUU2-0002,subscription_cycle,12_month,1,cus_K9SEsQkRYn8JzM,Olivia Davis,olivia.davis@stonecore-rf-consulting.example,Stonecore RF Consulting LLC,self_serve,network_consultant,network_consulting,US,sub_14b4hxzbY1qS9n8hwV8tBX3H
ch_3fOnszPivh0Vzwhjor0zxDqD,2023-08-22 11:38:49,succeeded,2000.0,0.0,65.25,1934.75,card,,EPPZTXRB-0001,subscription_create,12_month,2,cus_FPedClKpSoTyKC,Michael Hartmann,michael.hartmann@harborstream-telecom.example,Harborstream Telecom,self_serve,head_of_wireless,telecom,CH,sub_1auAwziYTDLU4f1BOzH1kf0U
ch_3RIK6LMh6M5ciq6bCMUvQhRJ,2023-08-25 08:27:16,succeeded,1198.0,0.0,18.22,1179.78,card,,6DY36O0U-0001,subscription_create,6_month,2,cus_WjrNSYWm3SH9xJ,Laura Niemi,laura.niemi@brightmark-retail-group.example,Brightmark Retail Group,self_serve,it_lead,retail,FI,sub_1tSELp3mgr5AmlEGzZve0eol
ch_3xtBEFICDW2C9EpDWX5CJkP5,2023-08-25 15:52:02,succeeded,1000.0,0.0,32.75,967.25,card,,981HTZLW-0001,subscription_create,12_month,1,cus_7g0D4Vu81I43MP,Sarah Scott,sarah.scott@bluecore-networks.example,Bluecore Networks LLC,self_serve,network_consultant,network_consulting,US,sub_1334gL0fbyuU5NvDlmYA1Xy5
ch_3s1tZdXZOWwEcHoFAKIuvXEb,2023-08-26 11:24:40,succeeded,1000.0,0.0,32.75,967.25,card,,G7WVPE5J-0002,subscription_cycle,12_month,1,cus_9ONLRcfvT2ecAG,Brian Brown,brian.brown@mailbox.example,,self_serve,network_consultant,network_consulting,US,sub_1y5Vkj0SBF7KDryms4DFjSlt
ch_3K047NA2RJp76abIyB1CvDrE,2023-08-27 14:00:29,succeeded,599.0,0.0,19.72,579.28,card,,N9JC1RZS-0002,subscription_cycle,6_month,1,cus_zvomjVpefdbOpn,Matt Roberts,matt.roberts@apexview-rf-consulting.example,Apexview RF Consulting,self_serve,network_consultant,network_consulting,AU,sub_1AFrBDfxXDTpl265088hPK1G
ch_3dRdmJiFerBSOtPQcjDpoAiV,2023-08-28 08:07:10,succeeded,1000.0,0.0,25.25,974.75,card,,SLPUW4QQ-0001,subscription_create,12_month,1,cus_M3kQpKsK0ROdJu,Carlos Murphy,carlos.murphy@crestline-systems-integration.example,Crestline Systems Integration Ltd,self_serve,head_of_wireless,it_services,GB,sub_15scQHGkk67UsIrey13IfvUS
ch_3C7i0kYIRkM8OvVc1W3PJNn5,2023-08-29 11:59:51,succeeded,1000.0,0.0,15.25,984.75,card,,BS9YFPEA-0001,subscription_create,12_month,1,cus_j57gH7vi54J5qS,Lukas Neumann,lukas.neumann@clearpeak-retail-group.example,Clearpeak Retail Group,self_serve,it_lead,retail,DE,sub_1235BEX9pZSYwpe46PBS0YHa
ch_3cZ963JQg6aNRlxJyapVnxvJ,2023-08-30 05:59:05,succeeded,1198.0,0.0,30.2,1167.8,card,,K3WK5JA5-0001,subscription_create,6_month,2,cus_KxrozgEVG4uYdu,Andrew Kim,andrew.kim@pinegate-rf-consulting.example,Pinegate RF Consulting Ltd,self_serve,network_consultant,network_consulting,GB,sub_1lxenWisK7Hv4w8NS7EUaxH5
ch_34r7FmboxUnLOUofxYLWq2Pl,2023-08-30 14:49:07,succeeded,1000.0,0.0,15.25,984.75,card,,G8OQRJCH-0001,subscription_create,12_month,1,cus_7BLYWk6BkvM5Sg,Nicolas Rousseau,nicolas.rousseau@postbox.example,,self_serve,network_consultant,network_consulting,FR,sub_1GHYWji17b6nbMbwhWVo2xmz
ch_3Z9e5cxOywAxLsIMFAgU0VG7,2023-08-31 13:04:17,succeeded,1000.0,0.0,32.75,967.25,card,,I95ZJUK0-0001,subscription_create,12_month,1,cus_GXfGIEAksxidBd,Amanda Jones,amanda.jones@crestlink-warehousing.example,Crestlink Warehousing,self_serve,it_lead,logistics,US,sub_1Oe5ikFZz6yhmlgcV911OfZH
ch_3KfErheMFiZq86WUdpigixWg,2023-09-01 11:54:14,succeeded,1000.0,0.0,15.25,984.75,card,,44RH4CF3-0001,subscription_create,12_month,1,cus_FGag8J8yijxmyZ,Nicolas Leroy,nicolas.leroy@inbox.example,,self_serve,network_consultant,network_consulting,FR,sub_1AqIbqsPTyjao9HSDChvoSmP
ch_34SAVlJjB7MupVQSrFvzHkSh,2023-09-01 14:51:48,succeeded,599.0,0.0,15.23,583.77,card,,0CEB8KP4-0002,subscription_cycle,6_month,1,cus_Um6WfLF9MNsqtL,Ben Walker,ben.walker@nordicgate-wi-fi-solutions.example,Nordicgate Wi-Fi Solutions Ltd,self_serve,network_consultant,network_consulting,GB,sub_1pPU7wKXDaGOLHOzdJAJoYHr
ch_32H0HnqzipljcASeITRobz51,2023-09-05 12:13:25,succeeded,1000.0,0.0,32.75,967.25,card,,WTLZJXEW-0001,subscription_create,12_month,1,cus_obnwHk5gWSmnBu,Steve White,steve.white@blueworks-clinics.example,Blueworks Clinics Inc.,self_serve,it_lead,healthcare,CA,sub_1EJNbJMy9npTj8TpZliUdkJa
ch_35tpUldFEXGJUkw9S7YRddXw,2023-09-05 16:13:34,succeeded,599.0,0.0,15.23,583.77,card,,OF159R7A-0002,subscription_cycle,6_month,1,cus_M4SJ0TcIF2cP02,Rachel Evans,rachel.evans@evans-wireless-consulting.example,Evans Wireless Consulting,self_serve,network_consultant,network_consulting,GB,sub_1zAJAjVN178p8IRT7R1KX14E
ch_3fVnhJWBEwJ6g21WZk7GvLgG,2023-09-06 18:39:43,succeeded,2000.0,0.0,65.25,1934.75,card,,CYIROZIN-0001,subscription_create,12_month,2,cus_0xUDHXG4PIWz7D,Jason Phillips,jason.phillips@balticpoint-managed-services.example,Balticpoint Managed Services,self_serve,head_of_wireless,it_services,US,sub_1vzJ7mB4s29ac8dQJ5HCm72X
ch_3rP1wnCu9PV3mtdS9JsrIWLs,2023-09-06 23:56:47,succeeded,1000.0,0.0,32.75,967.25,card,,IT3T9Y61-0001,subscription_create,12_month,1,cus_heOkBIpQSe0Rxc,Chris Jones,chris.jones@auroracore-retail-group.example,Auroracore Retail Group,self_serve,it_lead,retail,US,sub_1yo4pZkiH2qo24aNOyKF6Ox5
ch_3qVjoRJuxygJSnHPFuwnrUh6,2023-09-07 23:14:00,succeeded,599.0,0.0,19.72,579.28,card,,OR5DTKMW-0001,subscription_create,6_month,1,cus_mTpWf0v2GY26uI,Kevin Davis,kevin.davis@signalview-schools.example,Signalview Schools Inc.,self_serve,it_lead,education,CA,sub_1VtULqJmsmq3hOs1edlreU8P
ch_34UrUNhednMrVD8npafIzl1n,2023-09-08 12:12:08,succeeded,1000.0,0.0,15.25,984.75,card,,EHKC032G-0001,subscription_create,12_month,1,cus_e94f8z2p8NNymg,Wouter Hendriks,wouter.hendriks@hendriks-wireless-consulting.example,Hendriks Wireless Consulting B.V.,self_serve,network_consultant,network_consulting,NL,sub_1KO5vIDxeXJHqxvkKVtydsIg
ch_3c5oW97hRbF8nCHDIBMAokOC,2023-09-10 13:06:14,succeeded,1000.0,0.0,15.25,984.75,card,,RCCG8K99-0001,subscription_create,12_month,1,cus_nrdJehu0T6kTJa,Nils Nilsson,nils.nilsson@postbox.example,,self_serve,network_consultant,network_consulting,SE,sub_1pAgzkvnFfv2bfmqC7nyQHRw
ch_3cP16gWPmzy4i1gJZQKZyOc9,2023-09-12 14:39:22,succeeded,1797.0,0.0,58.65,1738.35,card,,LHS75SUL-0001,subscription_create,6_month,3,cus_QrwS00s2lbkCfD,David Evans,david.evans@clearpoint-clinics.example,Clearpoint Clinics LLC,self_serve,it_lead,healthcare,US,sub_1460LFG484Co5b2jMriBLwOE
ch_3v53S1LFJrsyvfGiyxNhR7cH,2023-09-12 23:54:40,succeeded,3000.0,0.0,97.75,2902.25,card,,K0XP6INP-0001,subscription_create,12_month,3,cus_nCFjbqDnSz11co,Josh Scott,josh.scott@apexpath-technology-group.example,Apexpath Technology Group,self_serve,head_of_wireless,it_services,US,sub_1g1I9gy0n4MEbKUf7f7NJTRs
ch_3sPh5pjPEW2YI8GZJPFLWnOY,2023-09-13 14:56:34,succeeded,599.0,0.0,19.72,579.28,card,,S9SEAK66-0002,subscription_cycle,6_month,1,cus_dcw8T3i2xbRte5,Rachel Nelson,rachel.nelson@blueline-networks.example,Blueline Networks LLC,self_serve,network_consultant,network_consulting,US,sub_1fDWCAIAXvOVIeaXKtmRI9DV
ch_3XhldDn5JhpE5ZuvvyMV2w0A,2023-09-15 16:26:33,succeeded,599.0,0.0,9.23,589.77,card,,XX8XEW30-0001,subscription_create,6_month,1,cus_bSe6AMTZ5ftOri,María Pérez,maria.perez@silverstream-schools.example,Silverstream Schools,self_serve,it_lead,education,ES,sub_1CGj6qK26lEWIIUQOOcyhQJg
ch_3jdHP6F5boQWGJIPc1eUUmGo,2023-09-16 06:56:21,succeeded,599.0,0.0,19.72,579.28,card,,NF04417H-0002,subscription_cycle,6_month,1,cus_pinwdieUpVDMO5,Andrew Wright,andrew.wright@brightwave-wireless.example,Brightwave Wireless LLC,self_serve,network_consultant,network_consulting,US,sub_19aIyS4Y35cRXtms8y5VGAZ7
ch_3pIHpKt1sHl9Srit2lczkjaU,2023-09-18 05:39:54,succeeded,599.0,0.0,9.23,589.77,card,,QL73V2DW-0001,subscription_create,6_month,1,cus_n3FGGArfVspwGM,Julia Fischer,julia.fischer@atlasport-systems-integration.example,Atlasport Systems Integration GmbH,self_serve,head_of_wireless,it_services,DE,sub_11Ws622DPyqVuJ9PEjn8nIpo
ch_36LftCTNctsoCCXvmLvBNmg5,2023-09-18 11:12:57,succeeded,1000.0,1000.0,32.75,967.25,card,,RLNV4XS7-0001,subscription_create,12_month,1,cus_G1uAYH6HpUvWIQ,Matt Thomas,matt.thomas@atlasmark-wireless.example,Atlasmark Wireless Pty Ltd,self_serve,network_consultant,network_consulting,AU,sub_1P5BHGTrZHDkc1KLVr4nNq70
ch_3aU9RRVppYiUmQmS6JvqZ3A0,2023-09-19 17:08:33,succeeded,1000.0,0.0,32.75,967.25,card,,BB9EESGG-0001,subscription_create,12_month,1,cus_dRKanwUKMnKOLB,Ben Clark,ben.clark@postbox.example,,self_serve,network_consultant,network_consulting,CA,sub_1hz6iAg2bglj0FiyOaF8zjJu
ch_30HdlxBFiwJJOTQqF2Oo4xgD,2023-09-20 05:27:41,succeeded,1198.0,0.0,39.19,1158.81,card,,2M87OZQ5-0003,subscription_cycle,6_month,2,cus_ugsSzmG0Sm1JOD,Matt Roberts,matt.roberts@polarpeak-logistics.example,Polarpeak Logistics LLC,self_serve,it_lead,logistics,US,sub_182HKTMXxBfnkBcu3RZvXxXy
ch_37pDwjtPfZI8VUykLiyOREEW,2023-09-20 15:10:28,succeeded,1000.0,0.0,15.25,984.75,card,,L6YST2MX-0001,subscription_create,12_month,1,cus_4yhuaOhdvtfdNQ,Koen Bakker,koen.bakker@orbitpeak-technology-group.example,Orbitpeak Technology Group B.V.,self_serve,head_of_wireless,it_services,NL,sub_1J2Iht9edMkg5MrKD3gj2vED
ch_3ZYnBKrbDf4yoilxqLNoHMTf,2023-09-20 17:52:01,succeeded,599.0,0.0,19.72,579.28,card,,17IJYYHH-0002,subscription_cycle,6_month,1,cus_kmkU68qj4xBpEO,James Kelly,james.kelly@balticmark-media.example,Balticmark Media LLC,self_serve,it_lead,media,US,sub_1kZHwj4nfo3H7S5aPBMwpELh
ch_3LVWfF6bWh0O8VGqBmpyfZ6g,2023-09-21 12:46:15,succeeded,1000.0,0.0,32.75,967.25,card,,NOQHSK8C-0002,subscription_cycle,12_month,1,cus_sFrZCDlhI4Iy51,Kate Jackson,kate.jackson@mailbox.example,,self_serve,network_consultant,network_consulting,NZ,sub_1h4nzijPTaVCGoaO22SeIrOo
ch_3XiMzwR70T5r8NfhrHL3cneF,2023-09-22 11:41:53,succeeded,1000.0,0.0,32.75,967.25,card,,BTSMW3VW-0001,subscription_create,12_month,1,cus_K6Ulmo2WM62UTR,Ben Williams,ben.williams@maplebridge-telecom.example,Maplebridge Telecom LLC,self_serve,head_of_wireless,telecom,US,sub_1y7WBwAxUe5up3Q94ETxHf8c
ch_37j5eR3o3GD3HPsI2ywRJ4RY,2023-09-22 20:47:18,succeeded,1000.0,0.0,15.25,984.75,card,,IGMUAY8W-0001,subscription_create,12_month,1,cus_rYqHEPu7HA9C2n,Matteo Bruno,matteo.bruno@northmark-properties.example,Northmark Properties S.r.l.,self_serve,it_lead,real_estate,IT,sub_1ZEXiAZRi3zogVSzzCt5kqkg
ch_3nzaLKt0Sri0MxK9f0Sae6zz,2023-09-26 09:25:39,succeeded,599.0,0.0,19.72,579.28,card,,CHJDK95C-0001,subscription_create,6_month,1,cus_C4Ar28pq0OOh6L,Laura Phillips,laura.phillips@northbridge-technology-group.example,Northbridge Technology Group LLC,self_serve,head_of_wireless,it_services,US,sub_1hPLW8cu6sajQuj4ZgQX2f8j
ch_3ThbD8nZA0CjWVgpQMkIZJLH,2023-09-26 09:53:08,succeeded,599.0,0.0,9.23,589.77,card,,0PITO1V7-0001,subscription_create,6_month,1,cus_TwbFKPnIEmmUpI,Sabine Meyer,sabine.meyer@alpinelink-foods.example,Alpinelink Foods,self_serve,it_lead,food_beverage,DE,sub_11bHT9ynznrexQW0OZPd9FI6
ch_3idreBV4UXj4BkqdkeCyT4eI,2023-09-26 10:54:02,succeeded,599.0,0.0,19.72,579.28,card,,1AOVSO6E-0001,subscription_create,6_month,1,cus_rFrdvaS190pENl,Nicole Clark,nicole.clark@summitlink-logistics.example,Summitlink Logistics,self_serve,it_lead,logistics,US,sub_1D1nah0nL8YYNhMoYe2a3P0X
ch_3TOCPSd6cc6IvQlaUg40ZQqc,2023-09-27 09:23:06,succeeded,1000.0,0.0,32.75,967.25,card,,K7GY4YYO-0001,subscription_create,12_month,1,cus_WSPnA7AA4MuJTW,Brian Johnson,brian.johnson@novastream-schools.example,Novastream Schools,self_serve,it_lead,education,US,sub_18qT3DB1KttKCD5AZ6YyXQrp
ch_3x43u3IPmAfHh7qbIBH8D65v,2023-09-28 08:18:50,succeeded,1000.0,0.0,32.75,967.25,card,,XDVJO63A-0001,subscription_create,12_month,1,cus_3bl51DzMrPbaKT,Robert Adams,robert.adams@greenport-foods.example,Greenport Foods Pty Ltd,self_serve,it_lead,food_beverage,AU,sub_1h7Ftdj7qV9Dq3YtetT3RJxH
ch_37ciAACv60cKkqCsZOr8Z37R,2023-09-28 11:07:11,succeeded,599.0,0.0,15.23,583.77,card,,AVXM8F5M-0001,subscription_create,6_month,1,cus_UlDAdxGQJdHbY4,Josh Murphy,josh.murphy@deltagate-logistics.example,Deltagate Logistics Ltd,self_serve,it_lead,logistics,GB,sub_1CUyGX0ejNiSv2x7BTu48BZW
ch_3Bdl8z6ecks36zDav9hCbFvK,2023-09-29 13:43:59,succeeded,1000.0,0.0,32.75,967.25,card,,3ROQ98SU-0001,subscription_create,12_month,1,cus_vDLr2xIXmH3Doo,Daniel Thomas,daniel.thomas@greenfield-properties.example,Greenfield Properties LLC,self_serve,it_lead,real_estate,US,sub_11gyqFVBwqkI8zYgXUoBJxQi
py_3fToeQpp7vK7SyExTsLykFgU,2023-09-29 17:54:07,succeeded,135000.0,0.0,5.0,134995.0,bank_transfer,,1N2FR0LR-0001,subscription_create,enterprise,1,cus_vOOf2SbGKVWrE6,St. Alder Regional Health System,accounts.payable@st-alder-regional-health-system.example,St. Alder Regional Health System,enterprise,,hospital,US,sub_1ejrk26LCXYX7TFG9Bakb5fx
ch_3OU0cmcqll9Jb3CNlaHZagAk,2023-10-02 17:25:37,succeeded,1000.0,0.0,25.25,974.75,card,,GIEA9MIV-0001,subscription_create,12_month,1,cus_cZ5B9qtfjvi5qU,David Harris,david.harris@polarstream-foods.example,Polarstream Foods,self_serve,it_lead,food_beverage,GB,sub_1TglFAhlOxFXz53EF6kPmaFx
ch_3NT3K6astFq645TE7Mw7r7GW,2023-10-05 11:20:15,succeeded,1000.0,0.0,15.25,984.75,card,,Z2RIMSI6-0001,subscription_create,12_month,1,cus_qyyg9NSApXtw98,María Ruiz,maria.ruiz@ruiz-network-services.example,Ruiz Network Services,self_serve,network_consultant,network_consulting,ES,sub_10cHLU9ir7ULl7b4XTLc1fP4
ch_3yA4WzGP8aWqQqeoPkUFbL88,2023-10-05 16:58:28,succeeded,599.0,0.0,9.23,589.77,card,,99MV6H32-0002,subscription_cycle,6_month,1,cus_S4ZJJYOMqJXM7k,Emma Johansson,emma.johansson@westpath-logistics.example,Westpath Logistics AS,self_serve,it_lead,logistics,NO,sub_1biPIOO5QNfBDD51KgDXndqr
ch_3yykNadUNW8g1pGYEWUe7f0V,2023-10-06 07:26:13,succeeded,1000.0,0.0,32.75,967.25,card,,1YHXNB6Q-0001,subscription_create,12_month,1,cus_bFrbXgaJMucVpM,Amanda Johnson,amanda.johnson@orbitpath-industries.example,Orbitpath Industries,self_serve,it_lead,manufacturing,CA,sub_1cyL5b9HECdZCVLzRfoT0Fia
ch_3L2L2CxK1JoAGXQBANey1fUp,2023-10-06 17:52:40,succeeded,599.0,0.0,9.23,589.77,card,,1P3O8N3R-0001,subscription_create,6_month,1,cus_sQzpE3AXkeIWq2,Dirk Hartmann,dirk.hartmann@mailbox.example,,self_serve,network_consultant,network_consulting,AT,sub_101KTixQkzROhg4DRRzXYTHH
ch_3ba7tZyrRgokjMUwB9xiEUPi,2023-10-07 15:38:29,succeeded,599.0,0.0,19.72,579.28,card,,7SVU2SR9-0002,subscription_cycle,6_month,1,cus_6pm68BP8C4r8AL,Sarah Nelson,sarah.nelson@lumenmark-wi-fi-solutions.example,Lumenmark Wi-Fi Solutions Ltd,self_serve,network_consultant,network_consulting,NZ,sub_1nZODjjfGWmEP7n2WZrdBKnW
ch_3NnhH3ZOda43TyBuzFz7B05e,2023-10-09 11:37:45,succeeded,599.0,0.0,9.23,589.77,card,,8V0CJ17R-0001,subscription_create,6_month,1,cus_VXhOp91qtLkvNU,Florian Weber,florian.weber@greenlink-it-solutions.example,Greenlink IT Solutions GmbH,self_serve,head_of_wireless,it_services,DE,sub_1zDgQl9VkUyBiWA37lKPNpli
ch_3NeoSx98xe16I0jOyrSGvVT4,2023-10-10 10:40:19,succeeded,1000.0,0.0,32.75,967.25,card,,1PRC2URK-0001,subscription_create,12_month,1,cus_pCefKvmR4TTioQ,Ahmed Baker,ahmed.baker@baker-network-services.example,Baker Network Services LLC,self_serve,network_consultant,network_consulting,US,sub_1Wwy2ghAQKWf3nv2Fq6oqpPt
ch_3Q1jzlzagvDfMBT305nzURMy,2023-10-11 10:57:01,succeeded,1198.0,0.0,18.22,1179.78,card,,PDGCA21X-0002,subscription_cycle,6_month,2,cus_E1h7Co3mBWede0,Laurent Fournier,laurent.fournier@inbox.example,,self_serve,network_consultant,network_consulting,FR,sub_1SS5wWihDcNj7Zx2CPujNrJ3
ch_37e2TSMJGGMlqzP6hsy5MtiO,2023-10-12 09:47:54,succeeded,2000.0,0.0,30.25,1969.75,card,,CTT7N062-0001,subscription_create,12_month,2,cus_rGPzkojL0To5rQ,Romain Fontaine,romain.fontaine@orbitbridge-construction.example,Orbitbridge Construction,self_serve,it_lead,construction,FR,sub_137y1kFzPbRciCPdaj018qDp
ch_3qV7X85d1oZR06DJZCKXolbC,2023-10-12 10:53:35,succeeded,5000.0,0.0,162.75,4837.25,card,,IWY7ZSMJ-0001,subscription_create,12_month,5,cus_qxLepgwWR0rjDx,Carlos Walker,carlos.walker@balticline-managed-services.example,Balticline Managed Services,self_serve,head_of_wireless,it_services,US,sub_1F4yRgImspJPAO3jnSYL40so
ch_3TpsgXIZ7OkvwTU8lXA81tVY,2023-10-13 15:49:07,succeeded,599.0,0.0,19.72,579.28,card,,B0FX1K2I-0002,subscription_cycle,6_month,1,cus_x6iXaIzSNfPNvw,Rachel King,rachel.king@nordicworks-rf-consulting.example,Nordicworks RF Consulting,self_serve,network_consultant,network_consulting,US,sub_1kAoy2ozPOT3RhfAgMG5DsmK
ch_3G64awXHuOlKYq1mDwPUalrH,2023-10-18 10:29:23,succeeded,2000.0,0.0,65.25,1934.75,card,,P0NX83AN-0002,subscription_cycle,12_month,2,cus_uXSyPDyKb2yIMt,Kevin Kim,kevin.kim@westview-rf-consulting.example,Westview RF Consulting Pty Ltd,self_serve,network_consultant,network_consulting,AU,sub_1RX8mnzWP1kjviAqIN200Jme
ch_34V7p4eFn6t3Zv8fyXuKsKbC,2023-10-18 18:47:06,succeeded,1000.0,0.0,25.25,974.75,card,,VYXKUEHL-0002,subscription_cycle,12_month,1,cus_ujmYIEWvPmK1Wl,Brian Lewis,brian.lewis@lewis-network-services.example,Lewis Network Services Ltd,self_serve,network_consultant,network_consulting,GB,sub_1WgFdCupYGWuzroFQ3PTD8U0
ch_3VNGm7kk8OsakyvVwMGkOB9y,2023-10-19 15:31:00,failed,599.0,0.0,,,card,expired_card,Z5RRBRLU-0003,subscription_cycle,6_month,1,cus_vwozlvuUWe7ME1,James Kim,james.kim@bluemark-logistics.example,Bluemark Logistics LLC,self_serve,it_lead,logistics,US,sub_1Mr78jpadnTxQHUGexsw9lT0
ch_3PTdb07X1utu7qzw7cwae691,2023-10-20 10:24:24,succeeded,599.0,0.0,19.72,579.28,card,,3NVIUVLY-0002,subscription_cycle,6_month,1,cus_woKjmjVidARzwB,Paul Wright,paul.wright@pinepoint-wireless.example,Pinepoint Wireless Pty Ltd,self_serve,network_consultant,network_consulting,AU,sub_1w3TWfDRYqek5Y8tFUe83Wia
ch_32Nx3SKH0lVLnC9KTdAMEI10,2023-10-20 15:29:24,succeeded,1000.0,0.0,32.75,967.25,card,,H9OLT3WL-0001,subscription_create,12_month,1,cus_WHIKsPAo6YmsmE,Rachel Young,rachel.young@young-wireless-consulting.example,Young Wireless Consulting,self_serve,network_consultant,network_consulting,CA,sub_1RV9B5Rp8E5YNTGjXzzsAC03
ch_3DhvVpa5kLZBvwJvn5trhT0s,2023-10-22 16:48:00,failed,599.0,0.0,,,card,expired_card,Z5RRBRLU-0003,subscription_cycle,6_month,1,cus_vwozlvuUWe7ME1,James Kim,james.kim@bluemark-logistics.example,Bluemark Logistics LLC,self_serve,it_lead,logistics,US,sub_1Mr78jpadnTxQHUGexsw9lT0
ch_30SbMSUhSejGKgDNNIHuLW5m,2023-10-25 13:47:49,succeeded,2000.0,0.0,30.25,1969.75,card,,A556517V-0002,subscription_cycle,12_month,2,cus_cISqDoWiXf1TsW,Stefan Wolf,stefan.wolf@wolf-network-services.example,Wolf Network Services GmbH,self_serve,network_consultant,network_consulting,DE,sub_18CBBw9HM60SvcDwxmnsm9pF
ch_3y3xr8TsnnXwdr6z6uk6FEXm,2023-10-25 14:43:29,succeeded,3000.0,0.0,45.25,2954.75,card,,60RDYF9X-0001,subscription_create,12_month,3,cus_Ct4toegjXJBWnw,Sander Dekker,sander.dekker@alpinemark-it-solutions.example,Alpinemark IT Solutions BV,self_serve,head_of_wireless,it_services,BE,sub_1RRSz6xYo0MYWWKnROAq03XO
ch_3JOP6SDM4B0xjvvt7XICQAlb,2023-10-26 15:30:49,succeeded,599.0,0.0,15.23,583.77,card,,ECAB02TS-0001,subscription_create,6_month,1,cus_O55LlfLDwSFUwG,Tom Carter,tom.carter@silverlink-wi-fi-solutions.example,Silverlink Wi-Fi Solutions,self_serve,network_consultant,network_consulting,GB,sub_1TMt5rh8054NRFlvkdwWnjCp
ch_3U89RjghKzHxxV60nahvIaEL,2023-10-26 21:35:59,failed,2000.0,0.0,,,card,card_declined,3I7MLMZY-0002,subscription_cycle,12_month,2,cus_cp7KWvJyHFgxGV,Sami Saarinen,sami.saarinen@balticbridge-wireless.example,Balticbridge Wireless Oy,self_serve,network_consultant,network_consulting,FI,sub_1d2Irmo1pOOY3gyUsBMFBFsJ
ch_3TKIdsHWiONPj016tQdaO4jm,2023-10-27 09:39:34,succeeded,1000.0,0.0,32.75,967.25,card,,NHULT017-0002,subscription_cycle,12_month,1,cus_A5NUM1mc4KzYv5,Emily Williams,emily.williams@aurorapoint-wi-fi-solutions.example,Aurorapoint Wi-Fi Solutions,self_serve,network_consultant,network_consulting,US,sub_1XGxhrTJUvZeuZi67uks87TT
ch_3CNdR0I4chULnrzMMcw9MGP4,2023-10-27 12:29:26,succeeded,2000.0,0.0,65.25,1934.75,card,,U5UYC1HT-0001,subscription_create,12_month,2,cus_Wuumzv8nn19X0O,Paul Clark,paul.clark@cedarbridge-logistics.example,Cedarbridge Logistics,self_serve,it_lead,logistics,US,sub_12VGL1wuRzKshoSYNibqfu93
ch_3b5LWUxUbzpY9RJvDEc0Vcwy,2023-10-27 16:55:00,failed,599.0,0.0,,,card,expired_card,Z5RRBRLU-0003,subscription_cycle,6_month,1,cus_vwozlvuUWe7ME1,James Kim,james.kim@bluemark-logistics.example,Bluemark Logistics LLC,self_serve,it_lead,logistics,US,sub_1Mr78jpadnTxQHUGexsw9lT0
ch_3aYR0XXOmlXL7tb7H2boih8s,2023-10-27 23:28:17,failed,599.0,0.0,,,card,card_declined,NRC1GP3L-0002,subscription_cycle,6_month,1,cus_X5Q8oNOnUTkAK8,Mark Thompson,mark.thompson@thompson-network-services.example,Thompson Network Services Ltd,self_serve,network_consultant,network_consulting,GB,sub_1q0Q4sgN0fh0jI1EUS4q2kyP
ch_3YubiefgmP5EBKDGNEO2M1RM,2023-10-29 21:44:59,failed,2000.0,0.0,,,card,card_declined,3I7MLMZY-0002,subscription_cycle,12_month,2,cus_cp7KWvJyHFgxGV,Sami Saarinen,sami.saarinen@balticbridge-wireless.example,Balticbridge Wireless Oy,self_serve,network_consultant,network_consulting,FI,sub_1d2Irmo1pOOY3gyUsBMFBFsJ
ch_3k62vX2HsWjpLmrPMI8761en,2023-10-30 15:59:46,succeeded,1000.0,0.0,15.25,984.75,card,,219KNECW-0001,subscription_create,12_month,1,cus_pfcpigwlAC0PIt,Jan Hartmann,jan.hartmann@orbitline-communications.example,Orbitline Communications GmbH,self_serve,head_of_wireless,telecom,DE,sub_1KNnkuu8Jsq5JXozdUL3t0lp
ch_3gMzyHzLPfF25E1wandCVs6f,2023-10-31 00:41:17,succeeded,599.0,0.0,15.23,583.77,card,,NRC1GP3L-0002,subscription_cycle,6_month,1,cus_X5Q8oNOnUTkAK8,Mark Thompson,mark.thompson@thompson-network-services.example,Thompson Network Services Ltd,self_serve,network_consultant,network_consulting,GB,sub_1q0Q4sgN0fh0jI1EUS4q2kyP
ch_3q3BsCF8fV6pBAnJUAyHT6Eh,2023-11-01 11:55:24,succeeded,1000.0,0.0,32.75,967.25,card,,5Q54KS47-0001,subscription_create,12_month,1,cus_Mtj704apHDoMDZ,Jessica Brown,jessica.brown@apexpoint-wireless.example,Apexpoint Wireless LLC,self_serve,network_consultant,network_consulting,US,sub_1wR2lO7sBrBwj9hmVfrcXjue
ch_3un77XpMHwtk3M2ZA3ZW6O9T,2023-11-02 07:46:08,succeeded,1000.0,0.0,15.25,984.75,card,,P1NDERFM-0001,subscription_create,12_month,1,cus_iOpCXkp4o61wCL,Nicolas Moreau,nicolas.moreau@moreau-wireless-consulting.example,Moreau Wireless Consulting,self_serve,network_consultant,network_consulting,FR,sub_1HnjqPnYwfRJLzxdX0infMOk
ch_3V7oWdiohdu4bu4PhH8gCF1M,2023-11-03 15:49:18,succeeded,1000.0,0.0,15.25,984.75,card,,BEDUS7J3-0001,subscription_create,12_month,1,cus_wH0sOrwUuDfPnZ,Niels Peeters,niels.peeters@nordicpeak-telecom.example,Nordicpeak Telecom B.V.,self_serve,head_of_wireless,telecom,NL,sub_1nEDtcnB77tShDRZpyTf0TAe
ch_3HdtVWHBI6bIHBkpxl70XAd8,2023-11-03 22:20:59,failed,2000.0,0.0,,,card,card_declined,3I7MLMZY-0002,subscription_cycle,12_month,2,cus_cp7KWvJyHFgxGV,Sami Saarinen,sami.saarinen@balticbridge-wireless.example,Balticbridge Wireless Oy,self_serve,network_consultant,network_consulting,FI,sub_1d2Irmo1pOOY3gyUsBMFBFsJ
ch_3bTg0e6b9JKj46S19d2nttp8,2023-11-04 10:38:05,succeeded,1198.0,0.0,39.19,1158.81,card,,FVEC9DYZ-0001,subscription_create,6_month,2,cus_so5WkqqHnhPKgZ,Michael Thomas,michael.thomas@northpoint-media.example,Northpoint Media LLC,self_serve,it_lead,media,US,sub_1lzrOlLa9jiBU8rW7jdE5TQu
ch_3QoirVEkQhjWlTxKp76YwLsW,2023-11-07 11:22:21,succeeded,1000.0,0.0,15.25,984.75,card,,M9SFG97W-0001,subscription_create,12_month,1,cus_zXiqP4KIpf0P2N,Julia Krüger,julia.kruger@harborpoint-properties.example,Harborpoint Properties GmbH,self_serve,it_lead,real_estate,DE,sub_1u1QrSqFPin3CdQQMEDCQk5A
ch_3Di16vKWhNFi9rQtO2btnGax,2023-11-07 19:53:29,succeeded,1000.0,0.0,15.25,984.75,card,,U8M68O8H-0001,subscription_create,12_month,1,cus_QCp8b5ZfXeM03v,Erik Dahl,erik.dahl@dahl-network-services.example,Dahl Network Services,self_serve,network_consultant,network_consulting,DK,sub_1qi9zVk2RtRqD3RSJWtACool
ch_3CxZFPIAdOnVwgMt59cWrcKN,2023-11-10 12:46:44,succeeded,1000.0,0.0,32.75,967.25,card,,JB7DD27X-0001,subscription_create,12_month,1,cus_ba7LWageRejLxM,Daniel Clark,daniel.clark@pinegate-clinics.example,Pinegate Clinics,self_serve,it_lead,healthcare,US,sub_1vuvIX1PIfCenJnT7hmDfx4Z
ch_3UpK41JtXFmsyINND0v6zwQi,2023-11-13 14:13:18,succeeded,599.0,0.0,9.23,589.77,card,,JQLKA1NL-0001,subscription_create,6_month,1,cus_mhm9OdDPklC2ba,Femke Bos,femke.bos@vertexpath-schools.example,Vertexpath Schools B.V.,self_serve,it_lead,education,NL,sub_1k47po2bijxiQaNRIZta9ZYQ
ch_38VMhNNULBV8cMWCF3HkntiX,2023-11-13 16:09:48,succeeded,1797.0,0.0,27.21,1769.79,card,,8RAWAVVU-0001,subscription_create,6_month,3,cus_MXynEe9s0DyyXf,Andreas Hoffmann,andreas.hoffmann@stoneview-networks.example,Stoneview Networks,self_serve,network_consultant,network_consulting,DE,sub_1Nvb6oJdwW9MT7WRmgJw7hbp
ch_3DxuKu3QJzie8iIOP7gf17wi,2023-11-14 05:26:03,succeeded,3000.0,0.0,75.25,2924.75,card,,JKG19HIT-0002,subscription_cycle,12_month,3,cus_mRjlTXsQMR0k6c,Carlos Nguyen,carlos.nguyen@bluegate-wireless-engineering.example,Bluegate Wireless Engineering Ltd,self_serve,head_of_wireless,network_consulting,GB,sub_19J6RALzKgNvyqk0YjkA4Cw8
ch_3EKhO33SUFNTPxV1V5IIZTdJ,2023-11-14 12:37:23,succeeded,2000.0,0.0,30.25,1969.75,card,,0IITRZUG-0002,subscription_cycle,12_month,2,cus_Xa1uswYTdNRZ0j,Thijs de Jong,thijs.dejong@postbox.example,,self_serve,network_consultant,network_consulting,NL,sub_1kVG0nMN2B5DPZpo0LWsHwXc
ch_3FyjBeQa5cFSQSBxsHimJpi6,2023-11-15 13:31:55,succeeded,599.0,0.0,19.72,579.28,card,,EC71ORJI-0002,subscription_cycle,6_month,1,cus_PVjLRvL1PgrpdB,Michael Koch,michael.koch@postbox.example,,self_serve,network_consultant,network_consulting,CH,sub_1iCsWPM4kC2iYiKm02IEPAYU
ch_3JmIDZssKtN5ZmLWnfTp7ZyH,2023-11-16 13:30:54,succeeded,2000.0,0.0,6.35,1993.65,sepa_debit,,B3ME94VX-0001,subscription_create,12_month,2,cus_LGxQ6qXDjkkrR3,Karin Andersson,karin.andersson@vertexline-communications.example,Vertexline Communications ApS,self_serve,head_of_wireless,telecom,DK,sub_1clTEjirvKYyPkqXzmc8QAEO
ch_3K4oonn9oniGnlUWx88onAAW,2023-11-16 14:06:20,succeeded,2000.0,0.0,65.25,1934.75,card,,SRFGSXNG-0002,subscription_cycle,12_month,2,cus_eG0LbYLQNwFFVA,Chris Baker,chris.baker@balticpoint-networks.example,Balticpoint Networks LLC,self_serve,network_consultant,network_consulting,US,sub_1hSQJEvjruoEa1xFIbYK1wJ4
ch_3rLgdL4p9NnqsvTOcuYA9LAQ,2023-11-16 14:30:42,succeeded,599.0,0.0,5.14,593.86,sepa_debit,,50F6727A-0001,subscription_create,6_month,1,cus_nk33htcGaay3ek,Rasmus Pedersen,rasmus.pedersen@alpineworks-retail-group.example,Alpineworks Retail Group ApS,self_serve,it_lead,retail,DK,sub_1I1nDU3KNpp6zyzVNuNhCrfD
ch_3AdYKqMnu7ZExDOBit8r9iZ9,2023-11-17 11:27:20,succeeded,599.0,0.0,9.23,589.77,card,,81MAUHFJ-0001,subscription_create,6_month,1,cus_PvJgotQyrxO4H3,Julia Hartmann,julia.hartmann@hartmann-wireless-consulting.example,Hartmann Wireless Consulting GmbH,self_serve,network_consultant,network_consulting,AT,sub_1nf8kFnTSiUGl9hZPpURv8iO
ch_3j3CkbH8dJdpiOzRQNAEnI8a,2023-11-17 12:19:49,succeeded,2000.0,0.0,65.25,1934.75,card,,6JG8TBMR-0002,subscription_cycle,12_month,2,cus_krYqVmzIdjjLZY,Sven Koch,sven.koch@silverpoint-rf-consulting.example,Silverpoint RF Consulting AG,self_serve,network_consultant,network_consulting,CH,sub_18Iv0d9WqDMwWHOEy9BqVUuN
ch_3Lb1URVB33iY9G8QX01lMVHw,2023-11-21 08:00:47,succeeded,2000.0,0.0,50.25,1949.75,card,,J4UUO1HL-0001,subscription_create,12_month,2,cus_fWS8LbDEkw0mb3,Matt King,matt.king@king-wireless-consulting.example,King Wireless Consulting,self_serve,network_consultant,network_consulting,GB,sub_13NrUBOFIpYtfGp3B8fDCznY
ch_3BsSF0WyS6shZRhQUkvY2U6k,2023-11-22 05:52:51,succeeded,599.0,0.0,19.72,579.28,card,,51FR4Y2O-0001,subscription_create,6_month,1,cus_77uGGPq6Oeh8RO,Robert Phillips,robert.phillips@polarmark-wi-fi-solutions.example,Polarmark Wi-Fi Solutions,self_serve,network_consultant,network_consulting,US,sub_1qmZ2Fxc9DOenehDym1YtCyC
ch_3wdHz8yMFLwJvY0sFAoKPcqO,2023-11-22 09:37:16,succeeded,1198.0,0.0,39.19,1158.81,card,,Z29STCZ2-0002,subscription_cycle,6_month,2,cus_tHezHZAfXUzZSD,Nicole Young,nicole.young@vertexfield-foods.example,Vertexfield Foods,self_serve,it_lead,food_beverage,US,sub_1uMYf9xt91g2gYXSYOUGgGTt
ch_3yStzsqblmPTQvVy6vID6RJs,2023-11-22 12:37:11,succeeded,1198.0,0.0,39.19,1158.81,card,,X3DOPLME-0001,subscription_create,6_month,2,cus_G6ImWHdUNx69uh,Josh Miller,josh.miller@westcore-managed-services.example,Westcore Managed Services,self_serve,head_of_wireless,it_services,US,sub_1B50FK4R8hhoFXLxP6eLc5F1
ch_36mGf5rDcsSqBRQjOvmsCFtK,2023-11-22 14:41:30,succeeded,599.0,0.0,9.23,589.77,card,,72EMCSUA-0001,subscription_create,6_month,1,cus_a3d8ROtbvk7nzR,Jeroen Meijer,jeroen.meijer@maplepeak-properties.example,Maplepeak Properties B.V.,self_serve,it_lead,real_estate,NL,sub_1uYswrs4rC1y9NqOYqIpKx7P
ch_3T1U2O1PgTkFQI9ApBFPZtFQ,2023-11-24 08:36:55,succeeded,1797.0,0.0,45.17,1751.83,card,,CACH6671-0002,subscription_cycle,6_month,3,cus_jUhe0yCNMn5FwZ,Ahmed Clark,ahmed.clark@pinepoint-logistics.example,Pinepoint Logistics,self_serve,it_lead,logistics,GB,sub_1u7lxFFjv7bCjNwHovXWKgRF
ch_3u4M9sAvYWivATX9has5c8XQ,2023-11-27 14:38:13,succeeded,3000.0,0.0,97.75,2902.25,card,,0GODUL0X-0001,subscription_create,12_month,3,cus_dX2UDVwPtLUPgR,Raj Thomas,raj.thomas@deltaline-it-solutions.example,Deltaline IT Solutions LLC,self_serve,head_of_wireless,it_services,US,sub_1PC8QoOKEvC8tlhg8748B3zN
ch_36JCWiqg9zkvUZE8nWsAnJPy,2023-11-28 06:32:46,succeeded,599.0,0.0,15.23,583.77,card,,JG60FPC6-0001,subscription_create,6_month,1,cus_p3kiNBlekIwJ2P,Jason Smith,jason.smith@brightwave-schools.example,Brightwave Schools,self_serve,it_lead,education,GB,sub_1KbhdNH1qiUPzfpOdTCbsAjm
ch_3aoVVFPvKjqiE4glY0fI5WNe,2023-11-29 13:00:49,succeeded,2000.0,0.0,50.25,1949.75,card,,MFZLHHRA-0001,subscription_create,12_month,2,cus_E8uS8SbcGyEWtg,Priya Taylor,priya.taylor@signalport-media.example,Signalport Media,self_serve,it_lead,media,GB,sub_1TnYIsekNmOTLlSWhTRikzRn
ch_3qOBC99a6ELHOMEcvDS0bSQU,2023-12-01 12:37:38,succeeded,599.0,0.0,19.72,579.28,card,,B966PEPI-0001,subscription_create,6_month,1,cus_HA6ABMnMTMyaE1,Paul Hall,paul.hall@crestbridge-properties.example,Crestbridge Properties LLC,self_serve,it_lead,real_estate,US,sub_1QJPnwX8MsOf4kl3cbQba4OG
ch_3oC84lWLqvkLDUjcl9edvi9t,2023-12-01 13:42:43,succeeded,1000.0,0.0,25.25,974.75,card,,AQTI8DGK-0003,subscription_cycle,12_month,1,cus_u7WE0s6vJL5l1h,Priya Baker,priya.baker@orbitpath-networks.example,Orbitpath Networks Ltd,self_serve,network_consultant,network_consulting,GB,sub_1y9OUntD5zQLm10hKHwgWMB7
ch_3GcdrbRDq2kpkFjKnHi1lUDo,2023-12-01 13:46:16,succeeded,599.0,0.0,15.23,583.77,card,,MMZTUYRR-0001,subscription_create,6_month,1,cus_L9MAAY7d2AWZEH,Raj Roberts,raj.roberts@graniteview-warehousing.example,Graniteview Warehousing Ltd,self_serve,it_lead,logistics,GB,sub_1NPckc4AirNTA60j9Zbk0Y8J
ch_3Y0U33ULCbRqBrDfCoJyi5cB,2023-12-04 08:36:40,succeeded,1000.0,0.0,32.75,967.25,card,,SUH6QA2R-0001,subscription_create,12_month,1,cus_z2qmRuhutX1rH4,Emily Roberts,emily.roberts@granitestream-wireless.example,Granitestream Wireless LLC,self_serve,network_consultant,network_consulting,US,sub_14TwD50QBObbryXpj4JIfm3P
ch_375VDtCTzw0enE8iYnDzGFjh,2023-12-05 03:14:17,succeeded,1000.0,0.0,25.25,974.75,card,,XA42VDX3-0002,subscription_cycle,12_month,1,cus_E7Xaw8fZQUJd4y,Chris Collins,chris.collins@crestbridge-networks.example,Crestbridge Networks Ltd,self_serve,network_consultant,network_consulting,GB,sub_1KfqvPHfebs7oV9usyV4mAgN
ch_3LlfvbFzw5Y9fvBKb2e9zKDo,2023-12-05 16:31:53,succeeded,1000.0,0.0,32.75,967.25,card,,4NP9ZR1W-0001,subscription_create,12_month,1,cus_d36yP2TYEra4iS,Ryan Martin,ryan.martin@crestfield-communications.example,Crestfield Communications LLC,self_serve,head_of_wireless,telecom,US,sub_1BnbkFnOs7uLvNetCyoy3fZf
ch_3oGSrOSR954xG8JqVqjyofMH,2023-12-06 07:05:36,succeeded,2000.0,0.0,30.25,1969.75,card,,4S13CVKL-0001,subscription_create,12_month,2,cus_aE4xUwDpsK7F06,Henrik Sørensen,henrik.sorensen@ironwave-managed-services.example,Ironwave Managed Services AS,self_serve,head_of_wireless,it_services,NO,sub_1wmVjsXNGJpNm4n91VHtc2C1
ch_3m7eY2xCjUWivgPLMyvLvh1F,2023-12-07 12:42:46,succeeded,599.0,0.0,9.23,589.77,card,,UWNFYR5O-0001,subscription_create,6_month,1,cus_7nxmnoXw29nA94,Jonas Olsen,jonas.olsen@weststream-partners.example,Weststream Partners,self_serve,it_lead,professional_services,SE,sub_1KAbhGVadS5yd28LSbvKA9qi
ch_36nnLEHQsRU0K7Bg51WMudg5,2023-12-07 17:08:58,succeeded,1000.0,0.0,25.25,974.75,card,,U3R7XMYH-0001,subscription_create,12_month,1,cus_PHCshAVfrWZthJ,Olivia Kelly,olivia.kelly@postbox.example,,self_serve,network_consultant,network_consulting,GB,sub_1gH6mmvPAHzW2hpcpIsZmF40
ch_30ih9edng5Y3deSnPTuk9M8W,2023-12-09 10:55:42,succeeded,1000.0,0.0,32.75,967.25,card,,13MY3ZHD-0002,subscription_cycle,12_month,1,cus_fFlxnVM92ArQGN,Tom Jones,tom.jones@vertexpoint-rf-consulting.example,Vertexpoint RF Consulting LLC,self_serve,network_consultant,network_consulting,US,sub_1f9uU4hTsJBdpFmMQMiEmaxJ
ch_3bIQkCQY1BCHJvLhvhPED7Ko,2023-12-12 06:53:57,succeeded,599.0,0.0,19.72,579.28,card,,9VR4IC6Q-0001,subscription_create,6_month,1,cus_cMGwRRvtoTdIiv,Tom Anderson,tom.anderson@balticview-managed-services.example,Balticview Managed Services Inc.,self_serve,head_of_wireless,it_services,CA,sub_16SvHlizDDm7zIKN3zFKfLOR
ch_3TE5aT50Wyn5jKA3eB7vdGjH,2023-12-13 11:55:38,succeeded,2000.0,0.0,65.25,1934.75,card,,DX6JYE2D-0001,subscription_create,12_month,2,cus_ibXD2aojTiY9g0,John Wright,john.wright@lumengate-retail-group.example,Lumengate Retail Group,self_serve,it_lead,retail,US,sub_1BZx51zrEmusVgePnGnsMrQ1
ch_3ke2TDjA901lWvdGl4LmblAI,2023-12-15 14:50:57,succeeded,599.0,0.0,9.23,589.77,card,,IPXA0J28-0001,subscription_create,6_month,1,cus_9TwvtOe15rDBXU,Jan Zimmermann,jan.zimmermann@zimmermann-network-services.example,Zimmermann Network Services GmbH,self_serve,network_consultant,network_consulting,DE,sub_1J9EgMiDzTUc1nbIgywqjPxH
ch_3ELZGj2aQ6c5r1hWkhV6Buec,2023-12-15 15:59:19,succeeded,1797.0,0.0,6.35,1790.65,sepa_debit,,0XSF7SYF-0001,subscription_create,6_month,3,cus_5b9iDl6IcU2YUt,Timo Virtanen,timo.virtanen@stonestream-construction.example,Stonestream Construction Oy,self_serve,it_lead,construction,FI,sub_1A2FVbTpELMjcLeeQYBSqg0F
ch_3uqUPvkZX78rdzpCXc6SjJ6i,2023-12-15 16:36:51,succeeded,1000.0,0.0,25.25,974.75,card,,SH8RF8N1-0001,subscription_create,12_month,1,cus_GKjz59bbfYZhQY,Priya Harris,priya.harris@alpineworks-rf-consulting.example,Alpineworks RF Consulting Ltd,self_serve,network_consultant,network_consulting,GB,sub_1LHER5aeh6UGeU5xp6ojvGuF
ch_3a5pv9h5fW8CRS6pxXtt5UYu,2023-12-18 13:05:36,succeeded,599.0,0.0,9.23,589.77,card,,P7KSG1X8-0001,subscription_create,6_month,1,cus_GwqVkn0sc0VfuP,Sven Schmidt,sven.schmidt@inbox.example,,self_serve,network_consultant,network_consulting,DE,sub_1BEQNFpnW9zlLrdnMJaJItpr
ch_3rtkBHAmAHTr8qMf0X7xxkz8,2023-12-19 15:12:34,succeeded,1000.0,0.0,32.75,967.25,card,,K0MT5CH5-0001,subscription_create,12_month,1,cus_i7lZZgKfh8yYP0,Wei Walker,wei.walker@greenlink-rf-consulting.example,Greenlink RF Consulting,self_serve,network_consultant,network_consulting,US,sub_1sAbIXqiAyemjiyi49FT9UKl
ch_3N901i2c3Nmv6VMWonZH58cv,2023-12-25 10:03:05,succeeded,5000.0,0.0,75.25,4924.75,card,,KLBQ0KDY-0001,subscription_create,12_month,5,cus_x2bW2qwpjbtdWl,Rasmus Dahl,rasmus.dahl@pinepoint-wireless-engineering.example,Pinepoint Wireless Engineering ApS,self_serve,head_of_wireless,network_consulting,DK,sub_1yePsQz9hHy8UHS9aPiOZVI0
ch_3K6RdG0zxHeaky0H9qGcLz2m,2023-12-25 17:02:25,succeeded,1000.0,0.0,32.75,967.25,card,,3SA6T2OX-0001,subscription_create,12_month,1,cus_d8s1fQPVBik7Ob,Ryan Green,ryan.green@green-wireless-consulting.example,Green Wireless Consulting,self_serve,network_consultant,network_consulting,US,sub_12oQt7spdnDy34Q81i55duQl
ch_34ROxqvHVqhfGcjDxCac49g3,2023-12-26 11:27:36,succeeded,599.0,0.0,9.23,589.77,card,,FHYNE5EU-0002,subscription_cycle,6_month,1,cus_KZCQRqFZnWQLEg,Nicolas Bernard,nicolas.bernard@orbitfield-media.example,Orbitfield Media,self_serve,it_lead,media,FR,sub_1YmsWmJDDX5j8qIpVN05cdUD
ch_33VTje9BK5Y7MGamd5a3E6gI,2023-12-26 16:59:34,succeeded,1000.0,0.0,15.25,984.75,card,,LKYQ52VC-0002,subscription_cycle,12_month,1,cus_a0h9bjkiIuyE2x,Emily Roberts,emily.roberts@balticport-hotels.example,Balticport Hotels Ltd,self_serve,it_lead,hospitality,IE,sub_1zJ3uDaxyAYIUXAxbWXqsq66
ch_3UDOmIopG547IG3Snu3OZYwO,2023-12-27 14:16:19,succeeded,599.0,0.0,15.23,583.77,card,,VHPJC4UZ-0001,subscription_create,6_month,1,cus_XsLS1SECyyvOtL,Andrew Evans,andrew.evans@cedarmark-properties.example,Cedarmark Properties Ltd,self_serve,it_lead,real_estate,GB,sub_1GqmjkJ3zUl9BHsJczAndEqz
ch_38Pae0rla6HcXKlFRomse768,2023-12-27 15:58:54,succeeded,1000.0,0.0,15.25,984.75,card,,53FC41TZ-0002,subscription_cycle,12_month,1,cus_ienX88FWUCs4RB,Joost Hendriks,joost.hendriks@stonecore-wireless.example,Stonecore Wireless B.V.,self_serve,network_consultant,network_consulting,NL,sub_1vrTM75hM8Bk0azdDteYUYkI
ch_3KI5IiHEkNbWlDmEPcpG3IeR,2023-12-27 16:18:36,succeeded,1000.0,0.0,32.75,967.25,card,,7GM1AVUH-0002,subscription_cycle,12_month,1,cus_kCDMK85HZCe9bb,Nicole Phillips,nicole.phillips@brightpoint-schools.example,Brightpoint Schools,self_serve,it_lead,education,US,sub_1kDbKasAtnyC7VK5HHYzXnvF
ch_31qnzQzA7iO8XELEeJQY7Uco,2023-12-29 10:33:39,succeeded,1000.0,0.0,15.25,984.75,card,,AX3BILQ8-0002,subscription_cycle,12_month,1,cus_2MVje4fs7tS1i1,Timo Saarinen,timo.saarinen@polarpoint-wireless.example,Polarpoint Wireless,self_serve,network_consultant,network_consulting,FI,sub_1d6Uc4gbcez5DIsd0bsXMzoc
ch_3YSctcadOFJF0YqLc2BmHzYn,2023-12-31 14:35:17,succeeded,599.0,0.0,19.72,579.28,card,,QA9VATZ2-0001,subscription_create,6_month,1,cus_xcyj0HS3wYC7zz,Uwe Meyer,uwe.meyer@aurorastream-industries.example,Aurorastream Industries AG,self_serve,it_lead,manufacturing,CH,sub_1KNrgy6b7wyyNwVhrj76STl8
ch_3FlbdjNYr6X5mdmV7iQAxvuB,2024-01-01 09:10:28,succeeded,2000.0,0.0,65.25,1934.75,card,,0FEES6ZF-0001,subscription_create,12_month,2,cus_Lv0dKSVYPM5X34,Emily White,emily.white@cedarview-it-solutions.example,Cedarview IT Solutions LLC,self_serve,head_of_wireless,it_services,US,sub_1qDeKlg1Ot5X6nBkLACWKG65
ch_3lnmfShOrODvAyrLkwQ0XNGw,2024-01-01 16:47:40,succeeded,599.0,0.0,15.23,583.77,card,,J1JRVVRG-0002,subscription_cycle,6_month,1,cus_gevA4s0yRpDEjk,Raj Mitchell,raj.mitchell@apexline-rf-consulting.example,Apexline RF Consulting Ltd,self_serve,network_consultant,network_consulting,GB,sub_1AEn2oZtamCv8gZ95qvzvE9D
ch_3Tsi7m0ddsz4vyH9Em7admXx,2024-01-02 15:57:24,succeeded,599.0,0.0,19.72,579.28,card,,JGB6DROC-0001,subscription_create,6_month,1,cus_bMF0WqZy3iGk9W,Laura Nelson,laura.nelson@signalline-partners.example,Signalline Partners,self_serve,it_lead,professional_services,US,sub_1XxUeXDEUYHwPwiQgb6LbEaJ
ch_3afMUbss2gqUyFEoPQAzIBvO,2024-01-02 16:10:14,succeeded,599.0,0.0,9.23,589.77,card,,RYSRC0SA-0002,subscription_cycle,6_month,1,cus_ZGeXM4wfnfNH6S,Lotte Bos,lotte.bos@bos-network-services.example,Bos Network Services BV,self_serve,network_consultant,network_consulting,BE,sub_1iFldvofOZmFPVXBIZKn7ixT
ch_36KBLkGX20UESh0YVgAiAyCJ,2024-01-03 20:04:46,succeeded,1198.0,0.0,18.22,1179.78,card,,DK83F255-0004,subscription_cycle,6_month,2,cus_S4OWRXlJczEYeO,Sanne de Vries,sanne.devries@de-vries-wireless-consulting.example,de Vries Wireless Consulting B.V.,self_serve,network_consultant,network_consulting,NL,sub_1mUYo1Pl1f7MDyLSN3bIsaSx
ch_3E85uE4mHP1Bbm8sF4rDmXAN,2024-01-10 11:05:21,succeeded,1000.0,0.0,32.75,967.25,card,,UBDQ085B-0002,subscription_cycle,12_month,1,cus_EEBX4uYNtb8lFg,Sarah Jackson,sarah.jackson@mailbox.example,,self_serve,network_consultant,network_consulting,CA,sub_1J4WUAWTQqEnFV512v3fo9GO
ch_3XMQsNQJYqhMKydNjKHLbhTt,2024-01-10 14:01:57,succeeded,599.0,0.0,19.72,579.28,card,,W5K88WHZ-0001,subscription_create,6_month,1,cus_vYzoAe96FY1p9C,Josh Green,josh.green@ironport-warehousing.example,Ironport Warehousing LLC,self_serve,it_lead,logistics,US,sub_1DPyUjvfutzFdHWlZboQWpj8
ch_3j4MUUpqVdJM1ywUfyelf2sj,2024-01-11 12:28:06,succeeded,1198.0,0.0,39.19,1158.81,card,,5Q6UHQ80-0001,subscription_create,6_month,2,cus_pJQES5A7aZtRUD,Carlos Scott,carlos.scott@balticfield-industries.example,Balticfield Industries LLC,self_serve,it_lead,manufacturing,US,sub_1g89GtE5pApgiKkbpCAVebRb
ch_3tvK4wQNLYw5uLkB9Nsw7v6Y,2024-01-12 11:39:28,succeeded,1000.0,0.0,6.35,993.65,sepa_debit,,NP1CW4PK-0003,subscription_cycle,12_month,1,cus_0tpucqjL2ZxTnG,Davide Ricci,davide.ricci@novagate-wi-fi-solutions.example,Novagate Wi-Fi Solutions S.r.l.,self_serve,network_consultant,network_consulting,IT,sub_13gZOUDacQ2cx2JDfk3QmK8z
ch_3PgFI6M6rhKLRunl0iK5uWLG,2024-01-13 14:53:22,succeeded,599.0,0.0,19.72,579.28,card,,LW7NG71H-0002,subscription_cycle,6_month,1,cus_piD40BuxcaVKbU,Uwe Becker,uwe.becker@ironstream-technology-group.example,Ironstream Technology Group AG,self_serve,head_of_wireless,it_services,CH,sub_1m8nhmSB8VjC3kRrjZ2mnN6U
ch_37KPLu5snPRWpfFZXq0X3Q3J,2024-01-13 18:27:51,succeeded,599.0,0.0,19.72,579.28,card,,G5NNGXYV-0002,subscription_cycle,6_month,1,cus_RFRr8eNGTX2RQs,Megan Wright,megan.wright@aurorapeak-communications.example,Aurorapeak Communications LLC,self_serve,head_of_wireless,telecom,US,sub_1EGiletnAeVv2Uxc02JDfYQr
ch_3hlTY4TvQcmwcZLXlTb35gPn,2024-01-16 10:06:31,succeeded,599.0,0.0,9.23,589.77,card,,ZIF3VZPI-0001,subscription_create,6_month,1,cus_NOnY90xhGl57Kw,Paul Evans,paul.evans@lumenpoint-warehousing.example,Lumenpoint Warehousing,self_serve,it_lead,logistics,IE,sub_1UPmbmSYuHHmmDLJZWTR6gKn
ch_35xIUasyJdMeucS4ss1nuaFc,2024-01-16 15:55:33,succeeded,1000.0,0.0,15.25,984.75,card,,L1ODXC0P-0002,subscription_cycle,12_month,1,cus_zfanYic1JLff6l,Michael Schulz,michael.schulz@vertexbridge-retail-group.example,Vertexbridge Retail Group GmbH,self_serve,it_lead,retail,DE,sub_1QJqiwqVKZGkbFVAzxQGNVVI
ch_32eezRIfxOfG9oZUE1CnXnxz,2024-01-19 14:41:11,succeeded,1000.0,0.0,15.25,984.75,card,,CP7B7BJ5-0001,subscription_create,12_month,1,cus_QRVOMHpBYAOXjL,Bjørn Lund,bjorn.lund@alpinestream-media.example,Alpinestream Media AB,self_serve,it_lead,media,SE,sub_1voNSeptMGFrokHn3yFBltf2
ch_38FgVlPMxAylobyNHs7WQCNx,2024-01-21 11:10:40,succeeded,599.0,0.0,19.72,579.28,card,,Q3I4UCYK-0002,subscription_cycle,6_month,1,cus_CkiSCj59tIUM8G,Steve Kim,steve.kim@kim-wireless-consulting.example,Kim Wireless Consulting,self_serve,network_consultant,network_consulting,US,sub_1svdBEEYc5oq2xeHCVeKUnOv
ch_3o1y4idJWo1Nn3dnafEn0LHw,2024-01-21 14:23:14,succeeded,1000.0,0.0,15.25,984.75,card,,QA5H20MO-0002,subscription_cycle,12_month,1,cus_nwQqxUhiZP9Bl9,Magnus Sørensen,magnus.sorensen@ironpeak-networks.example,Ironpeak Networks AB,self_serve,network_consultant,network_consulting,SE,sub_1xRc4oSEHGM7Zwg18TFRkYJ6
ch_3CFdtNNWl3lGXdUljX2ZZqui,2024-01-22 09:57:42,succeeded,1000.0,0.0,32.75,967.25,card,,I78LRFKS-0001,subscription_create,12_month,1,cus_f2ROxEFoZUYexG,Steve Jones,steve.jones@cedarstream-rf-consulting.example,Cedarstream RF Consulting Ltd,self_serve,network_consultant,network_consulting,NZ,sub_1kbrqo3DeQbWyOnGYHs4NSsQ
ch_38bVJvWEXAvFHaLv1IgQ1nRs,2024-01-23 09:15:13,succeeded,3000.0,0.0,45.25,2954.75,card,,A4BRCSZ4-0001,subscription_create,12_month,3,cus_E5uU2Ob2RXMScV,Antti Lahtinen,antti.lahtinen@mailbox.example,,self_serve,network_consultant,network_consulting,FI,sub_1WGDPqbEL3qoHwMsWD2EGi91
ch_30vP6Jbux2cIGdeBmsOVnkma,2024-01-23 18:50:31,succeeded,599.0,0.0,19.72,579.28,card,,8CX3ZCGD-0001,subscription_create,6_month,1,cus_A0Gj5UoSyEMnt9,John Jackson,john.jackson@greenline-media.example,Greenline Media LLC,self_serve,it_lead,media,US,sub_1mft7TP4TEkNCaPtM0d1uMao
ch_3Qj9WMbGawQomdQAoNknD2O5,2024-01-24 12:14:01,succeeded,3000.0,0.0,45.25,2954.75,card,,CAPUK6AB-0002,subscription_cycle,12_month,3,cus_mDIzXzYJuVNi75,Matteo Rossi,matteo.rossi@rossi-wireless-consulting.example,Rossi Wireless Consulting,self_serve,network_consultant,network_consulting,IT,sub_1GOzx9iWHCW0qwAi7ff9NPUG
ch_35uHhPQGse9HxEPT9O6ow41N,2024-01-24 13:27:14,succeeded,599.0,0.0,19.72,579.28,card,,FJTZLOM4-0001,subscription_create,6_month,1,cus_JIsH17zhKqOkyA,Ben Miller,ben.miller@polarpoint-industries.example,Polarpoint Industries,self_serve,it_lead,manufacturing,NZ,sub_14XCOMVWGzCTUg3FctyGvKPZ
ch_3IkXfB4l7iflQgpAa2UewBD2,2024-01-25 12:12:38,succeeded,1000.0,0.0,15.25,984.75,card,,I2IX21NA-0001,subscription_create,12_month,1,cus_nu93Mllg7sPw7E,Eero Ahonen,eero.ahonen@mailbox.example,,self_serve,network_consultant,network_consulting,FI,sub_10B1Fux6BNLmFBG6XLLzfRZA
ch_3kW1MhPwQo019xBDMLm1qLx6,2024-01-26 14:09:31,succeeded,1000.0,0.0,32.75,967.25,card,,2BMVWFC8-0002,subscription_cycle,12_month,1,cus_51LBjx26D6mX7s,Matt Scott,matt.scott@novaview-rf-consulting.example,Novaview RF Consulting LLC,self_serve,network_consultant,network_consulting,US,sub_1Fyg79HdTEUVjdzz0uPeFs0r
ch_37yQF9j6Z1Ckpu0TqzNxNxni,2024-01-26 14:21:35,succeeded,1000.0,0.0,32.75,967.25,card,,87KHO9CB-0001,subscription_create,12_month,1,cus_n51erRcp66Apx2,Emily Kim,emily.kim@kim-wireless-consulting.example,Kim Wireless Consulting LLC,self_serve,network_consultant,network_consulting,US,sub_15GQAwtRhhHMuW9ksBdRubh7
ch_3RvdvpGVq7jGhRaQtYFxcerj,2024-01-27 22:37:29,succeeded,599.0,0.0,19.72,579.28,card,,QXUJ6FQI-0003,subscription_cycle,6_month,1,cus_sbqc8o6d0PhpYr,Jason Walker,jason.walker@stoneworks-wi-fi-solutions.example,Stoneworks Wi-Fi Solutions Inc.,self_serve,network_consultant,network_consulting,CA,sub_17ZqxfrvQKIazfVs9uTQwxFl
ch_3Y1ZTkoGyG2RTtIlnnRp1mG6,2024-01-29 15:30:57,succeeded,599.0,0.0,19.72,579.28,card,,BXZM5L5L-0001,subscription_create,6_month,1,cus_rJg4yas33C1Jg0,Emily Turner,emily.turner@pinefield-hotels.example,Pinefield Hotels LLC,self_serve,it_lead,hospitality,US,sub_19DmdCrDhhRwUQimV2Z3EJMJ
ch_3GHgbFyk2Z3IjM7uWZuiGZZV,2024-01-30 15:44:37,succeeded,1000.0,0.0,32.75,967.25,card,,L7S20PUH-0001,subscription_create,12_month,1,cus_2kXF9CoNhHDYe5,James Martin,james.martin@signalmark-rf-consulting.example,Signalmark RF Consulting LLC,self_serve,network_consultant,network_consulting,US,sub_1BJ2bXbl5wfh5IraYWKAPrGH
ch_3HTF1FWP3E5K6o1wtl8QkwSi,2024-01-31 10:22:28,succeeded,1797.0,0.0,58.65,1738.35,card,,LC01CC64-0002,subscription_cycle,6_month,3,cus_mAAyfoHlhEbOdQ,Laura Green,laura.green@deltastream-wi-fi-solutions.example,Deltastream Wi-Fi Solutions LLC,self_serve,network_consultant,network_consulting,US,sub_14hxlmJoMw3A40NHfnyVpq05
ch_3duoNA7lk7Ta2lVmUMdL7kMg,2024-01-31 13:15:38,succeeded,1000.0,0.0,32.75,967.25,card,,TQ7KTZSE-0001,subscription_create,12_month,1,cus_v8RoP1TETbMB90,Daniel Martin,daniel.martin@martin-network-services.example,Martin Network Services Ltd,self_serve,network_consultant,network_consulting,NZ,sub_1W9nKP0TO0l1FwNmIKkQlI5e
ch_32NawslUyHryji1Ngms1Amli,2024-01-31 22:47:44,succeeded,599.0,0.0,9.23,589.77,card,,8EFJJ76M-0002,subscription_cycle,6_month,1,cus_zRF9czWs56YqYu,Sara Lindqvist,sara.lindqvist@inbox.example,,self_serve,network_consultant,network_consulting,NO,sub_1lmMWPhPnlvEWbBzm9wsyS7G
ch_3iW1EokeC1indCN8UaA811gZ,2024-02-03 02:57:44,succeeded,1000.0,0.0,32.75,967.25,card,,8XY4CWTO-0001,subscription_create,12_month,1,cus_KdYw0LAOp8jkc9,Kevin Nelson,kevin.nelson@summitpath-wireless-engineering.example,Summitpath Wireless Engineering LLC,self_serve,head_of_wireless,network_consulting,US,sub_1POxkX5BgSJHzr2YJ9OC5JJV
ch_37I1rHCRXyKEMoGkDJs2iaFi,2024-02-05 07:38:45,succeeded,1000.0,0.0,32.75,967.25,card,,77NWU9EL-0001,subscription_create,12_month,1,cus_Qff6FbT1prs4Za,Ben Murphy,ben.murphy@clearline-wireless.example,Clearline Wireless,self_serve,network_consultant,network_consulting,US,sub_1aZ1teWsfIHiWPHcWCKpwVIH
ch_3ZHa6BIUFAUYDJZIWQjlTOf4,2024-02-06 16:07:47,succeeded,1198.0,0.0,39.19,1158.81,card,,JBER5KBG-0001,subscription_create,6_month,2,cus_cLjLFhhwTXlaNS,Jessica Lee,jessica.lee@inbox.example,,self_serve,network_consultant,network_consulting,CA,sub_1xhVNLKI7B9dPzZVndCCTvtJ
ch_39FfaSrx9IbYYQUW691tSy1P,2024-02-07 02:42:21,succeeded,1797.0,0.0,58.65,1738.35,card,,ULRIBXUJ-0001,subscription_create,6_month,3,cus_kIuVEJRArJS0sL,Amanda Smith,amanda.smith@deltastream-logistics.example,Deltastream Logistics,self_serve,it_lead,logistics,CA,sub_1Q6Zm6bDagL3oXIbxK1r3ukQ
ch_3ciZ8wR2iIoLfZ8nBEHeox9Y,2024-02-08 10:41:13,succeeded,1000.0,0.0,32.75,967.25,card,,MSQNPPXZ-0001,subscription_create,12_month,1,cus_Sh1Ev7xmApvwFL,Kevin King,kevin.king@summitworks-logistics.example,Summitworks Logistics,self_serve,it_lead,logistics,US,sub_1OaE9Lou3Evy969SwK0Whuwn
ch_3R5Ejbs7xSb0ypkGXme57tLC,2024-02-08 13:13:23,succeeded,599.0,0.0,9.23,589.77,card,,NZ1U6H6M-0001,subscription_create,6_month,1,cus_3DLRefwo7bSYqM,Katharina Weber,katharina.weber@harborlink-hotels.example,Harborlink Hotels GmbH,self_serve,it_lead,hospitality,DE,sub_1dLT1ZhgvahACK12TIi29k51
ch_3h37QklOBp1DLmPR0hu50LfO,2024-02-08 14:30:06,succeeded,1000.0,0.0,15.25,984.75,card,,P9X3DL1R-0001,subscription_create,12_month,1,cus_rfSUrPf2YUESBL,Wouter Peeters,wouter.peeters@clearfield-foods.example,Clearfield Foods B.V.,self_serve,it_lead,food_beverage,NL,sub_1fDSMpGg2REEPnJqeoA8b7IL
ch_3ts66kR9Ln449MmEanUtzcgv,2024-02-09 02:09:23,succeeded,2000.0,0.0,30.25,1969.75,card,,4ZX24QK8-0001,subscription_create,12_month,2,cus_la20uw9Qjoi2gz,Olivier Bernard,olivier.bernard@deltaworks-construction.example,Deltaworks Construction SAS,self_serve,it_lead,construction,FR,sub_1sY0Ueh8yL82JjtmFB9ke9qM
ch_39E9mwD0wsiQOoFDWXfHpet8,2024-02-09 14:27:04,succeeded,1000.0,0.0,32.75,967.25,card,,E6GCPGXX-0001,subscription_create,12_month,1,cus_9xmDGxoLu3xR7v,Andrew Nelson,andrew.nelson2@nelson-network-services.example,Nelson Network Services Inc.,self_serve,network_consultant,network_consulting,CA,sub_1tFI66bTA5z4Xe4BEv0yQlov
ch_3HRb6NEAESKqY6NxaYv4RCS6,2024-02-13 05:07:35,succeeded,599.0,0.0,9.23,589.77,card,,U758CJP5-0001,subscription_create,6_month,1,cus_McPjmWKhBFTgR1,Uwe Meyer,uwe.meyer@summitport-logistics.example,Summitport Logistics GmbH,self_serve,it_lead,logistics,AT,sub_14UKxd5qSqWTkFzYSg2T6JLU
ch_3rcsVAKlsDxsa4AlpiXuI2hw,2024-02-13 14:53:31,succeeded,1198.0,0.0,39.19,1158.81,card,,CI0DABFI-0001,subscription_create,6_month,2,cus_pFgTVbjRq6rQDu,Josh Jackson,josh.jackson@granitefield-schools.example,Granitefield Schools LLC,self_serve,it_lead,education,US,sub_10yhQxaUXZeSXOfP28MdzU5c
ch_3ZpxNVdyaO7McqEqEqnLvybx,2024-02-14 12:04:23,succeeded,599.0,0.0,19.72,579.28,card,,QLOCJNRT-0001,subscription_create,6_month,1,cus_DaeDLkQhydgvN5,Matt Lee,matt.lee@orbitpath-it-solutions.example,Orbitpath IT Solutions LLC,self_serve,head_of_wireless,it_services,US,sub_1pDi4gZBx8vu2L2MphsX8qYS
ch_38uSw0WgcXxodzgaR1WrZ6el,2024-02-14 12:22:41,succeeded,599.0,0.0,19.72,579.28,card,,CW9XE9BK-0003,subscription_cycle,6_month,1,cus_o6bkXa5jRy6Xz1,Andrew Nelson,andrew.nelson@nelson-network-services.example,Nelson Network Services LLC,self_serve,network_consultant,network_consulting,US,sub_15ZFiDGnc9uDSosOcMFCKVk7
ch_3lMIIfndkA8eOIOLxLdkw6Th,2024-02-14 15:34:00,succeeded,2000.0,0.0,30.25,1969.75,card,,XGHXXCYL-0001,subscription_create,12_month,2,cus_XO16dA7cW9mvkB,Ola Sørensen,ola.sorensen@alpinepeak-wireless-engineering.example,Alpinepeak Wireless Engineering AB,self_serve,head_of_wireless,network_consulting,SE,sub_12TYDkXSWWhL6hZPhiKLCovr
ch_3mi0s2uUBAxkLCh5GQQs0oHS,2024-02-14 22:18:50,succeeded,1000.0,0.0,15.25,984.75,card,,P79JVPU3-0002,subscription_cycle,12_month,1,cus_JHsHYmBhOL3Mej,Álvaro Fernández,alvaro.fernandez@bluebridge-rf-consulting.example,Bluebridge RF Consulting S.L.,self_serve,network_consultant,network_consulting,ES,sub_1Nyq7qwzewHVvpXOGKiLdcBk
ch_31X2IuJohm70AqCzOzoHEasi,2024-02-15 08:49:14,succeeded,2000.0,0.0,65.25,1934.75,card,,KIM69TMV-0003,subscription_cycle,12_month,2,cus_S942mr3zeznIdV,Steve Moore,steve.moore@brightbridge-networks.example,Brightbridge Networks LLC,self_serve,network_consultant,network_consulting,US,sub_1iZBdqBRMabFxHowsoIr15JV
ch_3oZCvZIlChwM2R53kFsD01Wo,2024-02-15 11:30:10,succeeded,1000.0,0.0,32.75,967.25,card,,A410114X-0001,subscription_create,12_month,1,cus_T7eH5rgJXQbZrR,Jason Davis,jason.davis@greengate-wi-fi-solutions.example,Greengate Wi-Fi Solutions,self_serve,network_consultant,network_consulting,US,sub_1tDCNk9ulFr26Uf6E0sugs4r
ch_3lLPK2W6IBmAYlJXUg7vjfZX,2024-02-15 13:28:13,succeeded,1000.0,0.0,32.75,967.25,card,,55KLYHIP-0002,subscription_cycle,12_month,1,cus_Hp5MLNVZF5YbSF,Paul Young,paul.young@silverlink-wireless.example,Silverlink Wireless LLC,self_serve,network_consultant,network_consulting,US,sub_1dcHAsX1zo96Sgkv6TOpbxML
ch_3v0Btpnc1rKAkEXZbM3lBZFS,2024-02-16 11:37:59,succeeded,599.0,0.0,9.23,589.77,card,,URQ11C3T-0001,subscription_create,6_month,1,cus_igS85lwKRF70Vk,Eero Lehtonen,eero.lehtonen@inbox.example,,self_serve,network_consultant,network_consulting,FI,sub_1pu34b6bW8wpmHPEhHbm1gWD
ch_3UAfKgsIXToGUJyy4ch9s75u,2024-02-16 15:06:27,succeeded,599.0,0.0,19.72,579.28,card,,U8F22GJ1-0001,subscription_create,6_month,1,cus_zT3KctBblLBWCg,Tobias Fischer,tobias.fischer@summitbridge-managed-services.example,Summitbridge Managed Services AG,self_serve,head_of_wireless,it_services,CH,sub_1lzw27mnDL5MK3DXbRuhon5q
ch_3A1EsfvwJx0f5Ueu3Kaqyyp1,2024-02-19 14:37:55,succeeded,2000.0,0.0,65.25,1934.75,card,,02F0JFZJ-0001,subscription_create,12_month,2,cus_y8DhhXNb82vIhq,Priya Mitchell,priya.mitchell@auroraview-networks.example,Auroraview Networks LLC,self_serve,network_consultant,network_consulting,US,sub_1Ypxz7IFAXkthtDibksG7Hnd
ch_33RyUpPtCnyABSeSycRnNsHz,2024-02-20 09:20:59,succeeded,2000.0,0.0,30.25,1969.75,card,,D43JIC2U-0002,subscription_cycle,12_month,2,cus_41dq2ZXE3PHXPN,Mikko Kinnunen,mikko.kinnunen@ironpeak-schools.example,Ironpeak Schools Oy,self_serve,it_lead,education,FI,sub_12OyeY9fy7z1VidndwER9yl6
ch_3tFxpVSFjmLtZgY6VTxypTZf,2024-02-20 11:09:02,succeeded,1797.0,0.0,45.17,1751.83,card,,KU6J62GF-0001,subscription_create,6_month,3,cus_6gf4q7SvrkbBEd,Priya Murphy,priya.murphy@lumenmark-foods.example,Lumenmark Foods,self_serve,it_lead,food_beverage,GB,sub_1cDZ2fYqigkkbOBxz7plBaOp
ch_36OYF2DWFrpsmJN5heAo9VGp,2024-02-21 14:56:52,succeeded,599.0,0.0,15.23,583.77,card,,1I23T4PY-0001,subscription_create,6_month,1,cus_MS32aCmbLFmVGi,Steve Parker,steve.parker@inbox.example,,self_serve,network_consultant,network_consulting,GB,sub_1t4PP1D3MFr23UYYPjqaxBaI
ch_3dndGM2usV8SLjXK4KZBX3d2,2024-02-22 18:41:39,succeeded,1000.0,0.0,32.75,967.25,card,,VCYZWRAM-0001,subscription_create,12_month,1,cus_aqGtJqT045rIkg,Brian Thompson,brian.thompson@beaconpath-networks.example,Beaconpath Networks LLC,self_serve,network_consultant,network_consulting,US,sub_13qFpk8opBpcjIU96QPty5Bn
ch_3MMGqXITeUXwIgiUVjYekawb,2024-02-25 08:27:16,succeeded,1198.0,0.0,18.22,1179.78,card,,6DY36O0U-0002,subscription_cycle,6_month,2,cus_WjrNSYWm3SH9xJ,Laura Niemi,laura.niemi@brightmark-retail-group.example,Brightmark Retail Group,self_serve,it_lead,retail,FI,sub_1tSELp3mgr5AmlEGzZve0eol
ch_3DdiLR3AgtxcR9n59OfovBfM,2024-02-25 08:36:32,succeeded,1000.0,0.0,15.25,984.75,card,,T6E0LWIR-0003,subscription_cycle,12_month,1,cus_61CHCNR7sm9OYw,Heidi Heinonen,heidi.heinonen@stonestream-networks.example,Stonestream Networks Oy,self_serve,network_consultant,network_consulting,FI,sub_1SCUE1gVfYZMDUu9vfuEmXCY
ch_3XsJwwtG4NCRAIiBe48baKyO,2024-02-26 07:06:39,succeeded,599.0,0.0,19.72,579.28,card,,5U52A8YS-0001,subscription_create,6_month,1,cus_zVGeXtcArYTBDq,Mark Phillips,mark.phillips@brightstream-schools.example,Brightstream Schools LLC,self_serve,it_lead,education,US,sub_1x2cT9YqtbFcUmNdzuNWRyVv
ch_34FwhjDcjlChyu5gm0MtmetZ,2024-02-27 12:49:26,succeeded,599.0,0.0,19.72,579.28,card,,OACS77FM-0001,subscription_create,6_month,1,cus_td9i7plqHDEfD4,Josh Miller,josh.miller@miller-network-services.example,Miller Network Services,self_serve,network_consultant,network_consulting,AU,sub_1r9PJxdYFpvj4tpZCFHC2nzr
ch_3EeI4cYl0Uuf6VN4ZHwYvDIr,2024-02-27 14:00:29,succeeded,599.0,0.0,19.72,579.28,card,,N9JC1RZS-0003,subscription_cycle,6_month,1,cus_zvomjVpefdbOpn,Matt Roberts,matt.roberts@apexview-rf-consulting.example,Apexview RF Consulting,self_serve,network_consultant,network_consulting,AU,sub_1AFrBDfxXDTpl265088hPK1G
ch_3RKb6b2ukk7mXspKGw8BmNbm,2024-02-27 15:06:24,succeeded,1000.0,0.0,32.75,967.25,card,,MAIRK3K7-0001,subscription_create,12_month,1,cus_Ta3Wat9OvD1Vkw,Carlos Scott,carlos.scott@cedarfield-media.example,Cedarfield Media,self_serve,it_lead,media,US,sub_1xOLv49De5Suzuz8OIq5MWWI
ch_3Cr88FCyfuDkRtw0t5EcwZJW,2024-02-27 17:57:51,succeeded,599.0,0.0,19.72,579.28,card,,6CV2XGNY-0001,subscription_create,6_month,1,cus_eJxjp18R5duH2P,Wei Green,wei.green@polargate-it-solutions.example,Polargate IT Solutions LLC,self_serve,head_of_wireless,it_services,US,sub_16CTmfJLSs3fjtb5xTPGkK6u
ch_3rXNEMjYKPELuNfUuS9s5Yeo,2024-02-28 09:33:42,succeeded,1000.0,0.0,32.75,967.25,card,,KZJARF2L-0001,subscription_create,12_month,1,cus_wAbdkFO48dAHPr,Josh Adams,josh.adams@crestfield-logistics.example,Crestfield Logistics LLC,self_serve,it_lead,logistics,US,sub_1M7mTQdF0DUdmOCyXqPqfVSv
ch_3oy4ir4qys9AAx0VowbbMTse,2024-02-29 14:29:04,succeeded,599.0,0.0,9.23,589.77,card,,LFJMYMGY-0001,subscription_create,6_month,1,cus_uTHDkl3tgqZbDo,Femke Bakker,femke.bakker@signalpoint-networks.example,Signalpoint Networks BV,self_serve,network_consultant,network_consulting,BE,sub_1v8GpiflU7zsM8IsWuTJ03DA
ch_3uBKlSh59oGtbIXhrtm33jtH,2024-03-01 11:42:55,succeeded,3000.0,0.0,45.25,2954.75,card,,AJ8TC1K7-0001,subscription_create,12_month,3,cus_mdsM07BogujkYH,Andreas Müller,andreas.muller@northwave-managed-services.example,Northwave Managed Services GmbH,self_serve,head_of_wireless,it_services,AT,sub_1t8hmrplEugg6T3DCfCB7wHG
ch_33XouvJO33XfAHc2wQZC4axT,2024-03-01 15:42:21,succeeded,3000.0,0.0,97.75,2902.25,card,,QX2SON75-0001,subscription_create,12_month,3,cus_Yj9PWnaGhX2k6k,Olivia White,olivia.white@irongate-industries.example,Irongate Industries LLC,self_serve,it_lead,manufacturing,US,sub_1tRsKnon9ubYoi8vZSm7FSCL
ch_3yUJFOcabDGSIWQfgmD6ln07,2024-03-01 17:00:44,succeeded,1000.0,0.0,32.75,967.25,card,,RYMMSSBB-0001,subscription_create,12_month,1,cus_GBTS6ejLkUkaXm,Brian Scott,brian.scott@vertexlink-wi-fi-solutions.example,Vertexlink Wi-Fi Solutions,self_serve,network_consultant,network_consulting,US,sub_1KHwzktH7Bx2olWaRUIL0VbW
ch_3WzwyleeA2X66gdkf9mlS8zC,2024-03-02 09:03:00,succeeded,599.0,0.0,9.23,589.77,card,,S6I072Q5-0001,subscription_create,6_month,1,cus_ETuZBXZOdBxH46,Javier Sánchez,javier.sanchez@mailbox.example,,self_serve,network_consultant,network_consulting,ES,sub_1nm5IO2cJYlV7kIdQF7u3gTF
ch_3YHci9zXz0OuDfZ8Cgbiz7jV,2024-03-04 14:06:06,succeeded,599.0,0.0,9.23,589.77,card,,0RC59GWA-0002,subscription_cycle,6_month,1,cus_WJIMNz5Dn2b7Bp,Maarten Jansen,maarten.jansen@lumenlink-communications.example,Lumenlink Communications,self_serve,head_of_wireless,telecom,NL,sub_1rFT1DTHO5Et6L69PkoxcbqE
ch_3FMsJCrdtYxzYqU6fowX42S2,2024-03-05 16:13:34,succeeded,1000.0,0.0,25.25,974.75,card,,OF159R7A-0003,subscription_cycle,12_month,1,cus_M4SJ0TcIF2cP02,Rachel Evans,rachel.evans@evans-wireless-consulting.example,Evans Wireless Consulting,self_serve,network_consultant,network_consulting,GB,sub_1zAJAjVN178p8IRT7R1KX14E
ch_3K3PaEV5ckSYfsPWMVJ5xsDP,2024-03-06 14:56:33,succeeded,1000.0,0.0,32.75,967.25,card,,89MI1BVX-0002,subscription_cycle,12_month,1,cus_Bo5yRfYninAp2t,Mark Collins,mark.collins@balticpoint-logistics.example,Balticpoint Logistics,self_serve,it_lead,logistics,US,sub_1kXN441oEW280DQFAXVnk7dL
ch_3ZrO8cZ915sDskPdwvwIgFIr,2024-03-07 19:45:55,succeeded,2000.0,0.0,65.25,1934.75,card,,Q6G6HZ7C-0002,subscription_cycle,12_month,2,cus_V3dGGmyfbPND8u,Chris Young,chris.young@postbox.example,,self_serve,network_consultant,network_consulting,US,sub_1W4ieYMMJvJK1khCWcAiW9mZ
ch_33iYy9KU7dtoBv26Xo1uARo1,2024-03-07 23:14:00,succeeded,599.0,0.0,19.72,579.28,card,,OR5DTKMW-0002,subscription_cycle,6_month,1,cus_mTpWf0v2GY26uI,Kevin Davis,kevin.davis@signalview-schools.example,Signalview Schools Inc.,self_serve,it_lead,education,CA,sub_1VtULqJmsmq3hOs1edlreU8P
ch_3dyQVLhTV3cZLOuOQlAG3Jwf,2024-03-12 14:39:22,failed,3000.0,0.0,,,card,card_declined,LHS75SUL-0002,subscription_cycle,12_month,3,cus_QrwS00s2lbkCfD,David Evans,david.evans@clearpoint-clinics.example,Clearpoint Clinics LLC,self_serve,it_lead,healthcare,US,sub_1460LFG484Co5b2jMriBLwOE
ch_3hi9DLztgFlg42SmUnZPZ5cL,2024-03-13 14:56:34,succeeded,599.0,0.0,19.72,579.28,card,,S9SEAK66-0003,subscription_cycle,6_month,1,cus_dcw8T3i2xbRte5,Rachel Nelson,rachel.nelson@blueline-networks.example,Blueline Networks LLC,self_serve,network_consultant,network_consulting,US,sub_1fDWCAIAXvOVIeaXKtmRI9DV
ch_3ChLVSNChdjd6DSSdREYS5Od,2024-03-15 13:47:17,succeeded,599.0,0.0,19.72,579.28,card,,RV9IEHX4-0001,subscription_create,6_month,1,cus_bYeaWcgTNp2iYh,Steve White,steve.white@westcore-schools.example,Westcore Schools,self_serve,it_lead,education,US,sub_1BUy5kkOeJPfKaosOmApFgb7
ch_3L4lmbod2AOtbdrg5uzWiAvX,2024-03-15 15:25:22,succeeded,3000.0,0.0,97.75,2902.25,card,,LHS75SUL-0002,subscription_cycle,12_month,3,cus_QrwS00s2lbkCfD,David Evans,david.evans@clearpoint-clinics.example,Clearpoint Clinics LLC,self_serve,it_lead,healthcare,US,sub_1460LFG484Co5b2jMriBLwOE
ch_3SXcXPNJnXQvSl30HrZWfp7g,2024-03-15 16:26:33,succeeded,1000.0,0.0,15.25,984.75,card,,XX8XEW30-0002,subscription_cycle,12_month,1,cus_bSe6AMTZ5ftOri,María Pérez,maria.perez@silverstream-schools.example,Silverstream Schools,self_serve,it_lead,education,ES,sub_1CGj6qK26lEWIIUQOOcyhQJg
ch_3udIaxjaVlmjt2HYPWSpKOZJ,2024-03-16 12:28:52,succeeded,1000.0,0.0,6.35,993.65,sepa_debit,,U3DFFTB6-0002,subscription_cycle,12_month,1,cus_t90TYo49T67gMk,Mark Wright,mark.wright@summitworks-partners.example,Summitworks Partners,self_serve,it_lead,professional_services,IE,sub_1KOR1UUpUvvK55pzZLTlpwBv
ch_3GC1LmBRIegVcB13Fgwl3Rxr,2024-03-16 12:48:39,succeeded,5000.0,0.0,162.75,4837.25,card,,KI8EZE4E-0001,subscription_create,12_month,5,cus_aqMx0t5IBMoQtz,Ryan Kelly,ryan.kelly@aurorastream-telecom.example,Aurorastream Telecom,self_serve,head_of_wireless,telecom,AU,sub_15BWZIhotsB5db7ZysF2zhYW
py_3ygtVRr818rd78cmEiftgN7l,2024-03-17 13:46:03,succeeded,180000.0,0.0,5.0,179995.0,bank_transfer,,L99WZD41-0001,subscription_create,enterprise,1,cus_YB8XMO7YYIMjQ8,Voltmark Fertigungstechnik GmbH,accounts.payable@voltmark-fertigungstechnik.example,Voltmark Fertigungstechnik GmbH,enterprise,,manufacturing,DE,sub_15QZa2XtaVywGksUMbuuC6Z9
ch_3hiRrgxLkS55ApBbhB9MlzyU,2024-03-18 05:39:54,succeeded,599.0,0.0,9.23,589.77,card,,QL73V2DW-0002,subscription_cycle,6_month,1,cus_n3FGGArfVspwGM,Julia Fischer,julia.fischer@atlasport-systems-integration.example,Atlasport Systems Integration GmbH,self_serve,head_of_wireless,it_services,DE,sub_11Ws622DPyqVuJ9PEjn8nIpo
ch_3kky1gV0aHn2OptgWxs8KtMf,2024-03-19 15:52:29,succeeded,599.0,0.0,19.72,579.28,card,,X3A4SO4Q-0001,subscription_create,6_month,1,cus_EIrESs0iVAsSv9,Andrew Edwards,andrew.edwards@inbox.example,,self_serve,network_consultant,network_consulting,US,sub_1NrF6mwK5nXOAjE9KcbtPj8p
ch_3BomY0Sp05qwfvmLHcBXs5s3,2024-03-20 05:27:41,succeeded,2000.0,0.0,65.25,1934.75,card,,2M87OZQ5-0004,subscription_cycle,12_month,2,cus_ugsSzmG0Sm1JOD,Matt Roberts,matt.roberts@polarpeak-logistics.example,Polarpeak Logistics LLC,self_serve,it_lead,logistics,US,sub_182HKTMXxBfnkBcu3RZvXxXy
ch_30FNobUK1Aa7jlcZnl10MMcg,2024-03-20 11:16:20,succeeded,599.0,0.0,9.23,589.77,card,,FI1Y21L7-0001,subscription_create,6_month,1,cus_fBZbo0fsK5JIRn,Julien Fontaine,julien.fontaine@maplewave-schools.example,Maplewave Schools SAS,self_serve,it_lead,education,FR,sub_1Jv1OxOAGVQSFNlIMGKvjdMP
ch_3PeQ3xOyPSv9Yr9EDZRKeVm4,2024-03-21 12:44:30,succeeded,1198.0,0.0,18.22,1179.78,card,,T0LGSZQ1-0001,subscription_create,6_month,2,cus_O9fy0WLuCKiYXf,Petri Koskinen,petri.koskinen@novamark-wi-fi-solutions.example,Novamark Wi-Fi Solutions,self_serve,network_consultant,network_consulting,FI,sub_1w9i3UTHqUKTxsdtUNDT41Hv
ch_30k0p83Jxuid6atFOF7DIbif,2024-03-22 14:39:17,succeeded,2000.0,0.0,30.25,1969.75,card,,J7LGUTMX-0002,subscription_cycle,12_month,2,cus_5FvTEP3FBH94Zl,Sander Smit,sander.smit@bluegate-wireless-engineering.example,Bluegate Wireless Engineering B.V.,self_serve,head_of_wireless,network_consulting,NL,sub_1tilJhDTdx2OLiUA1mYpIY9L
ch_3nCREon8QdtMgV1Jn3gYFsSg,2024-03-23 07:33:28,succeeded,1000.0,0.0,32.75,967.25,card,,ZH0CIIX7-0002,subscription_cycle,12_month,1,cus_NiGu8i5IftC3XB,Kate Collins,kate.collins@collins-network-services.example,Collins Network Services LLC,self_serve,network_consultant,network_consulting,US,sub_1ZnsTYfjEIVODYV6uR3EgWGE
ch_3i0h7tbRIlblBYUPDEfdmeNq,2024-03-23 07:45:36,succeeded,1000.0,0.0,15.25,984.75,card,,X4S6PAUB-0003,subscription_cycle,12_month,1,cus_Fui2j6xAMcbmao,Mikkel Sørensen,mikkel.sorensen@inbox.example,,self_serve,network_consultant,network_consulting,NO,sub_1yszIlxLhNpX2ZsN0pL0Arod
ch_3opMMZODWqmn2QrFOb3CkoV3,2024-03-24 09:50:31,succeeded,1000.0,0.0,32.75,967.25,card,,TQA3QZ44-0001,subscription_create,12_month,1,cus_X4dnQX0KF9yFi1,Dirk Weber,dirk.weber@weber-wireless-consulting.example,Weber Wireless Consulting AG,self_serve,network_consultant,network_consulting,CH,sub_1MAGjB4nRBvHtxyIdQVfzLv8
ch_3IejrquoREyGS8QqezhTaBSl,2024-03-25 09:56:35,succeeded,1000.0,0.0,15.25,984.75,card,,LUZY615W-0001,subscription_create,12_month,1,cus_QoIJPU7jMaXUTy,Stefano Costa,stefano.costa@costa-network-services.example,Costa Network Services S.r.l.,self_serve,network_consultant,network_consulting,IT,sub_1k8J5ins16JBtlIZUF3rTRQ2
ch_3dtmikUzjHkpMltW1YamOBPn,2024-03-25 14:00:18,succeeded,599.0,0.0,19.72,579.28,card,,YRHMCN1S-0001,subscription_create,6_month,1,cus_4zrz5cgsDU2vWc,Jan Koch,jan.koch@koch-wireless-consulting.example,Koch Wireless Consulting,self_serve,network_consultant,network_consulting,CH,sub_1GilOsWNmq0sqUg97n5qLwMs
ch_335Q4BqQcAgo12Ahz70lGhGi,2024-03-25 15:30:10,succeeded,1000.0,0.0,32.75,967.25,card,,XVWJ7TYY-0001,subscription_create,12_month,1,cus_gLm8yeCw5Flwtz,Ahmed Parker,ahmed.parker@northwave-properties.example,Northwave Properties,self_serve,it_lead,real_estate,CA,sub_1vnvBgfE97BqBHFBSSnOtcUi
ch_36yfhlVRMx3Qz9nvpi5QzYyO,2024-03-26 09:53:08,succeeded,1000.0,0.0,15.25,984.75,card,,0PITO1V7-0002,subscription_cycle,12_month,1,cus_TwbFKPnIEmmUpI,Sabine Meyer,sabine.meyer@alpinelink-foods.example,Alpinelink Foods,self_serve,it_lead,food_beverage,DE,sub_11bHT9ynznrexQW0OZPd9FI6
ch_3P73anA5WGq0Lg8GEmffszD6,2024-03-27 06:45:34,succeeded,1000.0,0.0,15.25,984.75,card,,8EVMFA3D-0001,subscription_create,12_month,1,cus_DYCcnvwkHDdwGF,Joost Dekker,joost.dekker@alpinebridge-rf-consulting.example,Alpinebridge RF Consulting,self_serve,network_consultant,network_consulting,NL,sub_11b1wEQ8aa9ZIpTeceyqoz6M
ch_32Frg9tUmpN12LgRgs420cej,2024-03-27 11:03:33,succeeded,1000.0,0.0,15.25,984.75,card,,9OG0VQ3T-0001,subscription_create,12_month,1,cus_hi2zD1D2mxAfBD,Andrew Taylor,andrew.taylor@taylor-network-services.example,Taylor Network Services Ltd,self_serve,network_consultant,network_consulting,IE,sub_1yCtEwMdhOqTaJ8Sj20HjSLt
ch_3m3BxYlv08kdpzOeVXQ9bE2H,2024-03-28 10:12:23,succeeded,599.0,0.0,9.23,589.77,card,,94UKBJO1-0001,subscription_create,6_month,1,cus_q13JaJRoTC0QQr,Lauri Turunen,lauri.turunen@pinepath-retail-group.example,Pinepath Retail Group,self_serve,it_lead,retail,FI,sub_1Y10HkedfcNBXAJEiy0JIzOL
ch_3bzCfkHcsEBJwUIYPuWiYiQx,2024-03-30 11:05:23,succeeded,1000.0,0.0,15.25,984.75,card,,G85I8T6Y-0001,subscription_create,12_month,1,cus_s5BRW4DyZ6RQEx,Daniel Vega,daniel.vega@balticpath-wireless.example,Balticpath Wireless,self_serve,network_consultant,network_consulting,ES,sub_1sr1dABzOgNBFaqEupEsqVNn
ch_3gh8PTotvX9jzsNIJBMTRGlu,2024-04-02 18:58:21,succeeded,599.0,0.0,9.23,589.77,card,,B6K9BY1G-0001,subscription_create,6_month,1,cus_rDpzgRx4bOrIc7,Emma Andersson,emma.andersson@cedarlink-networks.example,Cedarlink Networks,self_serve,network_consultant,network_consulting,SE,sub_1OoGxS1utSOza5c4Makd9Zuj
ch_3jgra6t5i2I6kdg6HjlQuOB6,2024-04-03 07:57:09,succeeded,599.0,0.0,9.23,589.77,card,,5VDTMU3D-0001,subscription_create,6_month,1,cus_04EUP2QR2KkE7G,Sanne van den Berg,sanne.vandenberg@brightstream-logistics.example,Brightstream Logistics,self_serve,it_lead,logistics,BE,sub_1HSr3SHi7y60neg1RgLyxHXR
ch_39JYeUDtPJI1jVfEklGkQVkt,2024-04-03 13:20:11,succeeded,1000.0,0.0,32.75,967.25,card,,N7C4C4IA-0002,subscription_cycle,12_month,1,cus_yEfpZD6P9fQ87V,Ahmed King,ahmed.king@greengate-rf-consulting.example,Greengate RF Consulting,self_serve,network_consultant,network_consulting,US,sub_1Mokd3eEDpK9LqNaqHVYoBhA
ch_3JN8QDIFVB6ySUlvSxjLEoTe,2024-04-04 09:16:10,succeeded,1198.0,0.0,18.22,1179.78,card,,8KK58QVR-0001,subscription_create,6_month,2,cus_cQlnMEnClb6AzP,Julie Rousseau,julie.rousseau@westworks-networks.example,Westworks Networks SAS,self_serve,network_consultant,network_consulting,FR,sub_1jr2XU0QpBg8H5wkazIKyy4W
ch_3PcP8CrUr6ZsoqjRlJyGa27N,2024-04-04 09:54:17,succeeded,1000.0,0.0,15.25,984.75,card,,RDKB52TF-0001,subscription_create,12_month,1,cus_K9aSi6fbnz6Sfk,Johan Johansson,johan.johansson@nordicline-wireless.example,Nordicline Wireless AS,self_serve,network_consultant,network_consulting,NO,sub_10BMYtkNOGPBxDgzSWPykl3y
ch_3wB1KXDhhI6VcA5h4EuGMp93,2024-04-04 14:16:25,succeeded,2000.0,2000.0,30.25,1969.75,card,,6IYZPL43-0001,subscription_create,12_month,2,cus_wljJHglrOWCt2M,Maarten de Jong,maarten.dejong@atlaslink-managed-services.example,Atlaslink Managed Services,self_serve,head_of_wireless,it_services,NL,sub_1DKcvR0jM36qtZAfPLIn5dQm
ch_3bADNRPxDMEM5tVyvKKw7w7q,2024-04-05 08:03:43,succeeded,599.0,0.0,15.23,583.77,card,,2QMKSV34-0001,subscription_create,6_month,1,cus_urIMSnCmYBjrzL,Kevin Williams,kevin.williams@nordicworks-wireless.example,Nordicworks Wireless Ltd,self_serve,network_consultant,network_consulting,GB,sub_1dgG9GRc6fvasVaChxyeL0ie
ch_3LUlPlo2JgMyOHZchmzUj1ff,2024-04-05 14:18:12,succeeded,1000.0,0.0,32.75,967.25,card,,1PFZGX7V-0001,subscription_create,12_month,1,cus_Bg1FDe6CivspkZ,Jason Kim,jason.kim@beaconpoint-it-solutions.example,Beaconpoint IT Solutions,self_serve,head_of_wireless,it_services,US,sub_13UNb82rM9egKkT5rZBQDZjH
ch_3FRmWCzfqeVARpNGqDpxAZuN,2024-04-05 16:58:28,succeeded,599.0,0.0,9.23,589.77,card,,99MV6H32-0003,subscription_cycle,6_month,1,cus_S4ZJJYOMqJXM7k,Emma Johansson,emma.johansson@westpath-logistics.example,Westpath Logistics AS,self_serve,it_lead,logistics,NO,sub_1biPIOO5QNfBDD51KgDXndqr
ch_3zk3yZbuOIE4wsVXcZi7E6er,2024-04-05 19:08:03,succeeded,1000.0,0.0,32.75,967.25,card,,RUY8BZSA-0002,subscription_cycle,12_month,1,cus_Pz4sNFzdgL3Pek,Paul Roberts,paul.roberts@granitegate-media.example,Granitegate Media,self_serve,it_lead,media,US,sub_1koZ3SFDQrGBY7DH1TpKMRfy
ch_3KHtGmcyTGBAS7FsmBJqR0V6,2024-04-05 21:17:29,succeeded,1198.0,0.0,30.2,1167.8,card,,S5965XGD-0001,subscription_create,6_month,2,cus_Rrro1XKM9hymrm,Eric Evans,eric.evans@bluelink-logistics.example,Bluelink Logistics Ltd,self_serve,it_lead,logistics,GB,sub_1CF4u8Pz3t4um8COqRqPjOAB
ch_3grBN3tkl0X510Dh6liGJADZ,2024-04-07 15:38:29,succeeded,1000.0,0.0,32.75,967.25,card,,7SVU2SR9-0003,subscription_cycle,12_month,1,cus_6pm68BP8C4r8AL,Sarah Nelson,sarah.nelson@lumenmark-wi-fi-solutions.example,Lumenmark Wi-Fi Solutions Ltd,self_serve,network_consultant,network_consulting,NZ,sub_1nZODjjfGWmEP7n2WZrdBKnW
ch_3SjrUDnIQX0cd0Y5UHLjhczc,2024-04-07 21:10:23,succeeded,1000.0,0.0,32.75,967.25,card,,BB77BSR4-0002,subscription_cycle,12_month,1,cus_7JiMDeUlDxIUhh,Paul Adams,paul.adams@adams-wireless-consulting.example,Adams Wireless Consulting LLC,self_serve,network_consultant,network_consulting,US,sub_1ifj37dF2a6K24ClfL46fsAf
py_3YZ19hqg6LMMNhiUqlPkJoVp,2024-04-07 21:19:27,succeeded,121000.0,0.0,5.0,120995.0,bank_transfer,,JYJW87YV-0002,subscription_cycle,enterprise,1,cus_ZIil6tzf2pISHx,Kaarna University of Technology,accounts.payable@kaarna-university-of-technology.example,Kaarna University of Technology,enterprise,,university,FI,sub_1q1RKOcbyVTb8UiFzzX4KdHz
ch_3VEwTA8ds3WQZaOz2z9sbLTy,2024-04-08 12:20:04,succeeded,1000.0,0.0,15.25,984.75,card,,KBAZVO7K-0001,subscription_create,12_month,1,cus_TRezmAGQosLACg,Sabine Wagner,sabine.wagner@alpinewave-warehousing.example,Alpinewave Warehousing GmbH,self_serve,it_lead,logistics,AT,sub_1nrDPWLOGvyS6TqSDeCeDS2K
ch_3epztE6T7KWphuotn0mpwMyO,2024-04-08 14:03:38,succeeded,1198.0,0.0,39.19,1158.81,card,,MTK3HS53-0001,subscription_create,6_month,2,cus_8SGkC9j2nEECLs,Ryan Williams,ryan.williams@pinefield-construction.example,Pinefield Construction,self_serve,it_lead,construction,AU,sub_15dzSb2hOv3PpxP6OY1d2riE
ch_3gPNcM51L9RW03HZPaLNmDkt,2024-04-09 08:29:30,succeeded,599.0,0.0,19.72,579.28,card,,7FMHSU49-0001,subscription_create,6_month,1,cus_yggtWWghLDfPl3,Daniel Johnson,daniel.johnson@deltapath-wireless.example,Deltapath Wireless LLC,self_serve,network_consultant,network_consulting,US,sub_1LnRGEWWDjcLiadK6lP9O88f
ch_3ztBF5wmUDMTt5T3tMP6HWq5,2024-04-09 11:37:45,succeeded,599.0,0.0,9.23,589.77,card,,8V0CJ17R-0002,subscription_cycle,6_month,1,cus_VXhOp91qtLkvNU,Florian Weber,florian.weber@greenlink-it-solutions.example,Greenlink IT Solutions GmbH,self_serve,head_of_wireless,it_services,DE,sub_1zDgQl9VkUyBiWA37lKPNpli
ch_3Ij6FPKXFNz1tR2yWeoHAhV6,2024-04-09 12:19:28,succeeded,599.0,0.0,19.72,579.28,card,,CI9M28XT-0001,subscription_create,6_month,1,cus_I5Dw1jEw73aihW,Wei Davis,wei.davis@inbox.example,,self_serve,network_consultant,network_consulting,US,sub_1Fntls7fqMFVYnwnDIkAK2ul
ch_30zFUpjYbM2FQJac71irGc6S,2024-04-10 11:05:57,succeeded,599.0,0.0,19.72,579.28,card,,FB0PIEGU-0001,subscription_create,6_month,1,cus_1Jof48xevpHbBA,Daniel Williams,daniel.williams@balticwave-industries.example,Balticwave Industries Pty Ltd,self_serve,it_lead,manufacturing,AU,sub_1e6Lvc2CP9TSDNAoLr1t8RWH
ch_3aDGQ0pR3z7rmzTxYLCBItB1,2024-04-10 11:26:53,succeeded,1000.0,0.0,32.75,967.25,card,,UGU1LHH4-0001,subscription_create,12_month,1,cus_ZvwDfcw5letZDK,James King,james.king@vertexpoint-rf-consulting.example,Vertexpoint RF Consulting LLC,self_serve,network_consultant,network_consulting,US,sub_135DcUesahpb5BbH8ochG8zG
ch_3WWUEF5AexQWDOx98utfenNA,2024-04-11 09:25:41,succeeded,1000.0,0.0,15.25,984.75,card,,I90ZQOBE-0002,subscription_cycle,12_month,1,cus_Uel1vVWmtA69kU,Bjørn Jensen,bjorn.jensen@mailbox.example,,self_serve,network_consultant,network_consulting,NO,sub_1cNXqYz5z8eYqdzHLtDflhXB
ch_3iKkJ7KsFwUHMR8b8OppBe4s,2024-04-11 09:35:20,succeeded,2000.0,0.0,65.25,1934.75,card,,XKCB0OCE-0001,subscription_create,12_month,2,cus_hKhjgZSdBuOnwF,Brian Anderson,brian.anderson@maplewave-managed-services.example,Maplewave Managed Services,self_serve,head_of_wireless,it_services,US,sub_19N69fQp1Sxq42ZsAleJM2OT
ch_3VEhFYDGELGYY6NW659CSumo,2024-04-13 15:49:07,succeeded,599.0,0.0,19.72,579.28,card,,B0FX1K2I-0003,subscription_cycle,6_month,1,cus_x6iXaIzSNfPNvw,Rachel King,rachel.king@nordicworks-rf-consulting.example,Nordicworks RF Consulting,self_serve,network_consultant,network_consulting,US,sub_1kAoy2ozPOT3RhfAgMG5DsmK
ch_3rS4TcLSYvWbmmmFDjrxB9mv,2024-04-16 08:10:28,succeeded,599.0,0.0,9.23,589.77,card,,5P5YQTQE-0001,subscription_create,6_month,1,cus_UNzQj1YRhDvnxw,Heidi Kinnunen,heidi.kinnunen@brightfield-wireless.example,Brightfield Wireless Oy,self_serve,network_consultant,network_consulting,FI,sub_1sL3JV25AE5eyDiphy2g08zA
ch_304De5tPsbd6bQhbNleKBYCJ,2024-04-16 09:04:22,succeeded,1000.0,0.0,25.25,974.75,card,,T6L9341P-0001,subscription_create,12_month,1,cus_ffu1V7tNzLWHHY,Daniel Jones,daniel.jones@northfield-media.example,Northfield Media Ltd,self_serve,it_lead,media,GB,sub_1VntHJWYDbZN6enJ0HTMYuZ1
ch_3wBWR8hBUFRvmhl0ERgsmzQ0,2024-04-19 16:47:26,succeeded,1000.0,0.0,25.25,974.75,card,,XIJP57IL-0001,subscription_create,12_month,1,cus_K1uhlGdpXFLtbF,Wei Carter,wei.carter@maplemark-clinics.example,Maplemark Clinics Ltd,self_serve,it_lead,healthcare,GB,sub_13kUDZHlA5vyqFb6Hfbvhsqx
ch_3Zodtckz87rGdWoD2T1vzjRt,2024-04-19 17:06:20,succeeded,3000.0,0.0,97.75,2902.25,card,,PIQ5B3E9-0001,subscription_create,12_month,3,cus_ERiKBsuyyq9pQP,Robert Thomas,robert.thomas@bluecore-schools.example,Bluecore Schools Inc.,self_serve,it_lead,education,CA,sub_18F8tvHSlH0f0LMAinlgC2Zf
ch_3IR7xmetNT9xTPJM2fmh48ew,2024-04-20 10:24:24,succeeded,599.0,0.0,19.72,579.28,card,,3NVIUVLY-0003,subscription_cycle,6_month,1,cus_woKjmjVidARzwB,Paul Wright,paul.wright@pinepoint-wireless.example,Pinepoint Wireless Pty Ltd,self_serve,network_consultant,network_consulting,AU,sub_1w3TWfDRYqek5Y8tFUe83Wia
ch_3bdeusp9eSnpmAs7x6YNaRDI,2024-04-20 12:53:20,succeeded,1000.0,0.0,15.25,984.75,card,,93GJJCWW-0003,subscription_cycle,12_month,1,cus_Z52LHUjs4JczZo,Andreas Hartmann,andreas.hartmann@hartmann-wireless-consulting.example,Hartmann Wireless Consulting GmbH,self_serve,network_consultant,network_consulting,DE,sub_1JdQ4djRA8pvcImRfMWfgm6G
ch_3Cb8ljK7TUWSGKbtVa4assKo,2024-04-21 04:56:56,failed,1000.0,0.0,,,card,card_declined,DLXKIJJR-0001,subscription_create,12_month,1,cus_FD3vT1UwcwKh1R,Josh Anderson,josh.anderson@novagate-wi-fi-solutions.example,Novagate Wi-Fi Solutions,self_serve,network_consultant,network_consulting,US,sub_1VgUGMyyDrUjXAP2RLaeM786
ch_3ohkpbIyoLykn3gVq0dU95Fm,2024-04-21 04:59:39,succeeded,1000.0,0.0,32.75,967.25,card,,DLXKIJJR-0001,subscription_create,12_month,1,cus_FD3vT1UwcwKh1R,Josh Anderson,josh.anderson@novagate-wi-fi-solutions.example,Novagate Wi-Fi Solutions,self_serve,network_consultant,network_consulting,US,sub_1VgUGMyyDrUjXAP2RLaeM786
ch_3ye8CHI6QdCFnocd1HWdWHGU,2024-04-21 13:44:51,succeeded,599.0,0.0,19.72,579.28,card,,XYB8FTBU-0001,subscription_create,6_month,1,cus_fybgKu3JQOvm7s,Tom Harris,tom.harris@harborworks-warehousing.example,Harborworks Warehousing LLC,self_serve,it_lead,logistics,US,sub_1Qfg5JKF1okuLhQNn3UbmLEQ
ch_3NwkxgcAB8wXhkNeLKZijEKt,2024-04-22 06:22:59,succeeded,1000.0,0.0,15.25,984.75,card,,WND2LW6T-0001,subscription_create,12_month,1,cus_msMZjZ5rfejwhR,Kari Koskinen,kari.koskinen@orbitwave-warehousing.example,Orbitwave Warehousing Oy,self_serve,it_lead,logistics,FI,sub_10Q6vjfaEv6NhQ0lA8THNmpd
ch_3pDMqWLb0G9stJLKdvFTLpLg,2024-04-23 09:51:41,succeeded,1000.0,0.0,15.25,984.75,card,,ESQ4WJMR-0002,subscription_cycle,12_month,1,cus_cjosP4sQbshccL,Femke Mulder,femke.mulder@mulder-wireless-consulting.example,Mulder Wireless Consulting,self_serve,network_consultant,network_consulting,NL,sub_1XPxxwAdqlIvqRTAV3TydMDo
ch_3NZb71Uv1JjTwcAlqjnZq3Ra,2024-04-23 19:29:30,succeeded,1000.0,0.0,15.25,984.75,card,,G746DZQI-0001,subscription_create,12_month,1,cus_nYBZ57b6b4aKRd,Sébastien Mercier,sebastien.mercier@stonestream-technology-group.example,Stonestream Technology Group,self_serve,head_of_wireless,it_services,FR,sub_1Eu6P8UNulUkjLErZvhrnEQ6
ch_37RcxEsnslalWjEgsnJjqIuF,2024-04-25 12:31:22,succeeded,1000.0,0.0,25.25,974.75,card,,IQOWE4FB-0001,subscription_create,12_month,1,cus_QtASwQdwVaWE7G,Kevin Clark,kevin.clark@lumenwave-logistics.example,Lumenwave Logistics Ltd,self_serve,it_lead,logistics,GB,sub_1u1AUR0WeTQhzf7PQpC8itlM
ch_3jdU9ZF8mrp4KR1aW2tg6Bii,2024-04-26 15:30:49,succeeded,599.0,0.0,15.23,583.77,card,,ECAB02TS-0002,subscription_cycle,6_month,1,cus_O55LlfLDwSFUwG,Tom Carter,tom.carter@silverlink-wi-fi-solutions.example,Silverlink Wi-Fi Solutions,self_serve,network_consultant,network_consulting,GB,sub_1TMt5rh8054NRFlvkdwWnjCp
ch_3RshCEp8xzAkNOfoqm1YcTLw,2024-04-27 23:28:17,succeeded,1198.0,0.0,30.2,1167.8,card,,NRC1GP3L-0003,subscription_cycle,6_month,2,cus_X5Q8oNOnUTkAK8,Mark Thompson,mark.thompson@thompson-network-services.example,Thompson Network Services Ltd,self_serve,network_consultant,network_consulting,GB,sub_1q0Q4sgN0fh0jI1EUS4q2kyP
ch_3qnouauRxbPvzD9YqFwhsVtg,2024-04-30 13:03:48,succeeded,2995.0,0.0,6.35,2988.65,sepa_debit,,H4MO3F2B-0001,subscription_create,6_month,5,cus_TBlL4uhVrOes3n,Julia Krüger,julia.kruger@summitview-technology-group.example,Summitview Technology Group,self_serve,head_of_wireless,it_services,CH,sub_19Ycdj6GwvKDm9KhzD9LTyN1
ch_3BJ4halwW44yW2es08MqcC92,2024-04-30 13:57:55,succeeded,1000.0,0.0,25.25,974.75,card,,3JTB1KO7-0001,subscription_create,12_month,1,cus_AXM1Iypyj3SFyQ,Robert Hall,robert.hall@brightpoint-networks.example,Brightpoint Networks Ltd,self_serve,network_consultant,network_consulting,GB,sub_1m0FwW0jWhyJd4ijcL6vDYfo
ch_3w0SbxwjIBwyq2zVt3Exi8CE,2024-04-30 16:34:05,succeeded,599.0,0.0,9.23,589.77,card,,GLYV94YP-0001,subscription_create,6_month,1,cus_n4JmkpQuMA3v7n,Thomas Bonnet,thomas.bonnet@clearview-hotels.example,Clearview Hotels SAS,self_serve,it_lead,hospitality,FR,sub_18uoDlQ6CJNyHl3mRrNqFhMP
ch_3TobL9iKV8vMN5T6bQYZPoWb,2024-04-30 23:17:21,succeeded,599.0,0.0,9.23,589.77,card,,IW88EVZA-0001,subscription_create,6_month,1,cus_9GIjsJUhwG07k1,Ville Hämäläinen,ville.hamalainen@granitegate-clinics.example,Granitegate Clinics Oy,self_serve,it_lead,healthcare,FI,sub_1aBbQ8XTBB8hY1W99wheVhut
ch_3QwQsGju1eakQ1oJ859b6Bp4,2024-05-01 13:37:09,succeeded,2000.0,0.0,65.25,1934.75,card,,2BPKCYEF-0001,subscription_create,12_month,2,cus_xa5igKnKyPqixB,Robert Scott,robert.scott@stonepeak-networks.example,Stonepeak Networks LLC,self_serve,network_consultant,network_consulting,US,sub_17nXQ6rOq6snusFobvZnmYnn
ch_3ixro8wo9gszezOvjxHgGSC5,2024-05-02 11:01:02,succeeded,1000.0,0.0,15.25,984.75,card,,TV6W4GBB-0001,subscription_create,12_month,1,cus_ujTP0hQ1IKx2sb,Matthias Hoffmann,matthias.hoffmann@cedarlink-wi-fi-solutions.example,Cedarlink Wi-Fi Solutions GmbH,self_serve,network_consultant,network_consulting,DE,sub_16QB5mhXX6VDDlJ4thczuLeL
ch_3C8jTdFNcYuMS1ldkpaKRZRN,2024-05-04 10:38:05,failed,1198.0,0.0,,,card,card_declined,FVEC9DYZ-0002,subscription_cycle,6_month,2,cus_so5WkqqHnhPKgZ,Michael Thomas,michael.thomas@northpoint-media.example,Northpoint Media LLC,self_serve,it_lead,media,US,sub_1lzrOlLa9jiBU8rW7jdE5TQu
ch_308zzqht7JQgJhyAi4lzHLO4,2024-05-06 15:31:03,succeeded,1000.0,0.0,15.25,984.75,card,,ITTMB0JM-0001,subscription_create,12_month,1,cus_gDmFmhpWcuNGd4,Petri Koskinen,petri.koskinen@westpoint-partners.example,Westpoint Partners Oy,self_serve,it_lead,professional_services,FI,sub_1AblNLXsncpwyExIfvrQsB1a
ch_3sc335bvX3XfV3VIFfcpLGya,2024-05-07 08:30:17,succeeded,599.0,0.0,19.72,579.28,card,,O14BVT74-0001,subscription_create,6_month,1,cus_vUeP8xgcBJvPx8,Andrew Kelly,andrew.kelly@kelly-network-services.example,Kelly Network Services LLC,self_serve,network_consultant,network_consulting,US,sub_1w59XJkADo1X8JkrSQfataMG
ch_371KRLZX4olC9XGbItRwhEn1,2024-05-07 10:49:05,failed,1198.0,0.0,,,card,card_declined,FVEC9DYZ-0002,subscription_cycle,6_month,2,cus_so5WkqqHnhPKgZ,Michael Thomas,michael.thomas@northpoint-media.example,Northpoint Media LLC,self_serve,it_lead,media,US,sub_1lzrOlLa9jiBU8rW7jdE5TQu
ch_34rl8vmniroEWZesH1va0haj,2024-05-07 12:30:28,succeeded,3000.0,0.0,97.75,2902.25,card,,LMWT9NKO-0001,subscription_create,12_month,3,cus_fRTyQ0X55sDsyP,Ben King,ben.king@bluecore-technology-group.example,Bluecore Technology Group LLC,self_serve,head_of_wireless,it_services,US,sub_1YwNG2qiYKLnlGbHlNu5VUZq
ch_3RzP4GXUCeAfinLDGoWdKrsQ,2024-05-07 18:32:02,succeeded,1198.0,0.0,18.22,1179.78,card,,FYL80FKS-0001,subscription_create,6_month,2,cus_BZUNgt3CuYEPM6,Marko Salonen,marko.salonen@nordicview-logistics.example,Nordicview Logistics,self_serve,it_lead,logistics,FI,sub_151qoYGHaTfhUQSxH686zhUH
ch_3fyh6ViOtxWn3gkITuDEelgK,2024-05-08 13:41:06,succeeded,2000.0,0.0,65.25,1934.75,card,,WBNH5S0K-0001,subscription_create,12_month,2,cus_macnZe7phPkUs9,Emily Carter,emily.carter@carter-wireless-consulting.example,Carter Wireless Consulting Inc.,self_serve,network_consultant,network_consulting,CA,sub_1yyaEYHYGoddiREaoRaWePog
ch_3sG6VVD8aXLXG0lvO2jEUHUs,2024-05-09 12:49:20,succeeded,2000.0,0.0,30.25,1969.75,card,,HZMK39MN-0001,subscription_create,12_month,2,cus_E3oWv9ey72oTiI,Nicole Miller,nicole.miller@aurorawave-properties.example,Aurorawave Properties,self_serve,it_lead,real_estate,IE,sub_1rX0F1EejLO0Q9RAhJY2IQf7
ch_3XcSUV5aCPC5MiZoJKHs4PUv,2024-05-10 23:08:47,succeeded,599.0,0.0,9.23,589.77,card,,OHM3NCQ6-0001,subscription_create,6_month,1,cus_wtvk7Vwxxjfpnc,Sami Salonen,sami.salonen@brightfield-construction.example,Brightfield Construction,self_serve,it_lead,construction,FI,sub_1SMHlPaJwlIJztr4tqOrpezF
ch_3aEMPMC1eFxNIx1BhSYxt54f,2024-05-12 11:27:05,failed,1198.0,0.0,,,card,card_declined,FVEC9DYZ-0002,subscription_cycle,6_month,2,cus_so5WkqqHnhPKgZ,Michael Thomas,michael.thomas@northpoint-media.example,Northpoint Media LLC,self_serve,it_lead,media,US,sub_1lzrOlLa9jiBU8rW7jdE5TQu
ch_3M6UEttszv3dPoPEGzkU1CWy,2024-05-13 12:25:51,succeeded,1000.0,0.0,25.25,974.75,card,,YBJRQ7LY-0001,subscription_create,12_month,1,cus_7Mf7CCuS4CrbVm,Ben Lee,ben.lee@nordicpoint-managed-services.example,Nordicpoint Managed Services,self_serve,head_of_wireless,it_services,GB,sub_1zfUjDVK9cdRS5N0l6A3BdgS
ch_3YlacMg2y14NSIZKT9iCZUm0,2024-05-13 13:21:05,succeeded,1000.0,0.0,25.25,974.75,card,,01F3WY6Q-0002,subscription_cycle,12_month,1,cus_k0ubqGsYHOLyZA,Ben Jones,ben.jones@signalworks-systems-integration.example,Signalworks Systems Integration Ltd,self_serve,head_of_wireless,it_services,GB,sub_1pZufah1QrDH45huly08fpTF
ch_3PDHIM5PZvC78YutKu899RGt,2024-05-13 16:09:48,succeeded,1797.0,0.0,27.21,1769.79,card,,8RAWAVVU-0002,subscription_cycle,6_month,3,cus_MXynEe9s0DyyXf,Andreas Hoffmann,andreas.hoffmann@stoneview-networks.example,Stoneview Networks,self_serve,network_consultant,network_consulting,DE,sub_1Nvb6oJdwW9MT7WRmgJw7hbp
ch_3URKYfFJ0mVbE13l4TWhHagF,2024-05-14 08:42:31,succeeded,1000.0,0.0,25.25,974.75,card,,JKUHTV57-0001,subscription_create,12_month,1,cus_i8Vb1Uyv0je08T,Priya Phillips,priya.phillips@novafield-construction.example,Novafield Construction,self_serve,it_lead,construction,GB,sub_1RZoAsK9YOgPAyzr54aNCvPX
ch_3x7tgPlOMvfvI35dMUywkxZF,2024-05-14 12:21:37,succeeded,1000.0,0.0,6.35,993.65,sepa_debit,,EV79MD2Y-0001,subscription_create,12_month,1,cus_11SiEWsYWZXmd4,Jan Neumann,jan.neumann@mailbox.example,,self_serve,network_consultant,network_consulting,DE,sub_1HcdtmGspEjo8ZtNa3w1KudQ
ch_3zhh2ah4vWNibi5QDAZAsHqr,2024-05-15 13:31:55,succeeded,599.0,0.0,19.72,579.28,card,,EC71ORJI-0003,subscription_cycle,6_month,1,cus_PVjLRvL1PgrpdB,Michael Koch,michael.koch@postbox.example,,self_serve,network_consultant,network_consulting,CH,sub_1iCsWPM4kC2iYiKm02IEPAYU
ch_3a8eAdsYUR5I0YCi5ALATih0,2024-05-15 14:38:44,succeeded,1198.0,0.0,18.22,1179.78,card,,F5Z21IX1-0001,subscription_create,6_month,2,cus_eJfbMO0Po4eNFe,Jukka Hämäläinen,jukka.hamalainen@harborcore-hotels.example,Harborcore Hotels Oy,self_serve,it_lead,hospitality,FI,sub_1aQdp1bmsZis6AM8XAy9nPk8
ch_3yt8p9vBMTveeowzGWbGBANa,2024-05-16 08:33:07,succeeded,1000.0,0.0,6.35,993.65,sepa_debit,,SEZ9PG43-0001,subscription_create,12_month,1,cus_OSqcGggUOUoMTJ,Heidi Mäkelä,heidi.makela@makela-network-services.example,Mäkelä Network Services,self_serve,network_consultant,network_consulting,FI,sub_1ORZUJIxwHXvRGheleDd7IEp
ch_38SWmoGoSuOgWCqbc2hwwmuH,2024-05-16 14:30:42,succeeded,599.0,0.0,5.14,593.86,sepa_debit,,50F6727A-0002,subscription_cycle,6_month,1,cus_nk33htcGaay3ek,Rasmus Pedersen,rasmus.pedersen@alpineworks-retail-group.example,Alpineworks Retail Group ApS,self_serve,it_lead,retail,DK,sub_1I1nDU3KNpp6zyzVNuNhCrfD
ch_3ua43sITS4qE61GIZIksk0s8,2024-05-17 05:27:06,succeeded,1198.0,0.0,39.19,1158.81,card,,O24OYZOT-0001,subscription_create,6_month,2,cus_ozRBmto1dD4B8F,Brian Jones,brian.jones@atlasline-rf-consulting.example,Atlasline RF Consulting Inc.,self_serve,network_consultant,network_consulting,CA,sub_1WpaWaMl9vQJdJDlWuysFhw1
ch_3S6DKvIH3XwJlyxPQHHb7FXM,2024-05-17 11:27:20,succeeded,1198.0,0.0,18.22,1179.78,card,,81MAUHFJ-0002,subscription_cycle,6_month,2,cus_PvJgotQyrxO4H3,Julia Hartmann,julia.hartmann@hartmann-wireless-consulting.example,Hartmann Wireless Consulting GmbH,self_serve,network_consultant,network_consulting,AT,sub_1nf8kFnTSiUGl9hZPpURv8iO
ch_3f6HNaRpDnnyXd41sc9RbCpL,2024-05-17 12:07:03,succeeded,1000.0,0.0,15.25,984.75,card,,D9230VU2-0002,subscription_cycle,12_month,1,cus_ShTBw0WwClOMvg,Giulia Bruno,giulia.bruno@atlaslink-systems-integration.example,Atlaslink Systems Integration,self_serve,head_of_wireless,it_services,IT,sub_17YaeqEoYtTRpWhvXdTKfLIS
ch_3K0dNeQuQ8ovL2tyKgVdbEPF,2024-05-17 20:20:57,succeeded,2000.0,0.0,65.25,1934.75,card,,BSFQNJGW-0002,subscription_cycle,12_month,2,cus_AL9G5FORBe7gtX,Carlos Mitchell,carlos.mitchell@apexbridge-rf-consulting.example,Apexbridge RF Consulting LLC,self_serve,network_consultant,network_consulting,US,sub_1ZXRUDLMtUUaAvgifKBUPMdF
ch_3ThE9grNAuMRPs5TgGfG2Xhj,2024-05-21 12:37:28,succeeded,1000.0,0.0,32.75,967.25,card,,UHDQ5KHT-0001,subscription_create,12_month,1,cus_8WhHup06l3hQGq,Priya Edwards,priya.edwards@apexworks-retail-group.example,Apexworks Retail Group LLC,self_serve,it_lead,retail,US,sub_16LocQNsVkFnl1yWvMVPlHeJ
ch_3ee2XS0C5soGkJDOXELOmWjI,2024-05-21 12:51:57,succeeded,1198.0,0.0,30.2,1167.8,card,,VK6SFG9L-0001,subscription_create,6_month,2,cus_IciQ1TUoQ34B07,Chris Johnson,chris.johnson@cleargate-clinics.example,Cleargate Clinics Ltd,self_serve,it_lead,healthcare,GB,sub_1fLhDtQvB975xVjB20VGrDVt
ch_3IZhBOFzW0LYlPNkclErSd1V,2024-05-21 13:55:13,succeeded,1000.0,0.0,15.25,984.75,card,,MEFY9MKH-0001,subscription_create,12_month,1,cus_h3dSnHdaup7x4f,Søren Pedersen,soren.pedersen@granitefield-rf-consulting.example,Granitefield RF Consulting,self_serve,network_consultant,network_consulting,SE,sub_16JGPCiXy5PytUXtylJaQeSA
ch_3SSAnv0J81vD1YIjLE1a6tN9,2024-05-22 09:37:16,succeeded,1198.0,0.0,39.19,1158.81,card,,Z29STCZ2-0003,subscription_cycle,6_month,2,cus_tHezHZAfXUzZSD,Nicole Young,nicole.young@vertexfield-foods.example,Vertexfield Foods,self_serve,it_lead,food_beverage,US,sub_1uMYf9xt91g2gYXSYOUGgGTt
ch_3JLwHNUUiz5QaM2Uqxrtrt3F,2024-05-22 13:29:05,succeeded,599.0,0.0,19.72,579.28,card,,35Y23DE9-0001,subscription_create,6_month,1,cus_E4nKgFGpZsYxCF,Megan Lewis,megan.lewis@apexlink-communications.example,Apexlink Communications LLC,self_serve,head_of_wireless,telecom,US,sub_1DcbluFORfSDLlom1CHCHjhd
ch_3tmfo2DOKPpEe7eEtVJUavgs,2024-05-22 14:41:30,failed,599.0,0.0,,,card,card_declined,72EMCSUA-0002,subscription_cycle,6_month,1,cus_a3d8ROtbvk7nzR,Jeroen Meijer,jeroen.meijer@maplepeak-properties.example,Maplepeak Properties B.V.,self_serve,it_lead,real_estate,NL,sub_1uYswrs4rC1y9NqOYqIpKx7P
ch_31kJTHzNoD594vH7Gr5fPApo,2024-05-23 04:22:24,succeeded,1797.0,0.0,45.17,1751.83,card,,YGG95D2A-0001,subscription_create,6_month,3,cus_4IBAPiNsoWnj2s,Ben Clark,ben.clark@summitwave-schools.example,Summitwave Schools,self_serve,it_lead,education,GB,sub_1LQ8MTAtOl3zOm1cUv5q0elF
ch_32TxBrFKcP2hm2bTpGvweNkI,2024-05-23 10:00:18,succeeded,1000.0,0.0,25.25,974.75,card,,AZY8KFFJ-0002,subscription_cycle,12_month,1,cus_EpYJwCFixXrl6r,Olivia Smith,olivia.smith@smith-wireless-consulting.example,Smith Wireless Consulting,self_serve,network_consultant,network_consulting,GB,sub_1MobzK55SZgdvwacxEh1qMCl
ch_3CStl7NIlKQQKDeKmIlq38ZI,2024-05-23 10:25:52,succeeded,1000.0,0.0,15.25,984.75,card,,IA2YW3ZC-0001,subscription_create,12_month,1,cus_cGphVu6uaMWTBx,Henrik Madsen,henrik.madsen@apexpeak-wi-fi-solutions.example,Apexpeak Wi-Fi Solutions,self_serve,network_consultant,network_consulting,SE,sub_1m8Qk77ElLlA70P08jLagd6l
ch_3f6I8mh2jslqLzalF8dJ84hQ,2024-05-24 19:50:38,succeeded,2000.0,0.0,50.25,1949.75,card,,LJD5A5M6-0001,subscription_create,12_month,2,cus_dzFf0bFs1taP8a,Sarah Green,sarah.green@vertexgate-systems-integration.example,Vertexgate Systems Integration Ltd,self_serve,head_of_wireless,it_services,GB,sub_1yHTWJaYaBGsYM28ciBTws7u
ch_3Q4Y9LkKmvniq8VYzRW0PbYy,2024-05-25 14:14:46,succeeded,1000.0,0.0,32.75,967.25,card,,KTKEHURL-0001,subscription_create,12_month,1,cus_C2M6wDASDWpTKO,Steve Scott,steve.scott@beaconbridge-properties.example,Beaconbridge Properties Pty Ltd,self_serve,it_lead,real_estate,AU,sub_1DJscQ7xALmchb6a94CEesDS
ch_3G46mYsm83i4R5CpNUpCVNTv,2024-05-25 14:55:30,failed,599.0,0.0,,,card,card_declined,72EMCSUA-0002,subscription_cycle,6_month,1,cus_a3d8ROtbvk7nzR,Jeroen Meijer,jeroen.meijer@maplepeak-properties.example,Maplepeak Properties B.V.,self_serve,it_lead,real_estate,NL,sub_1uYswrs4rC1y9NqOYqIpKx7P
ch_3dWeUYewbJncDblqEPMZ8IfP,2024-05-28 15:16:37,succeeded,1000.0,0.0,32.75,967.25,card,,ZELFKGM1-0001,subscription_create,12_month,1,cus_8l3JaV24P6GpL4,Michael Brown,michael.brown@granitestream-networks.example,Granitestream Networks,self_serve,network_consultant,network_consulting,US,sub_14Rnw4TKFoYi71LNGg9rjmI1
ch_3yshnxzZJkkYGBWEOSfD03zp,2024-05-29 13:39:58,succeeded,1000.0,0.0,15.25,984.75,card,,B4QXK0M8-0001,subscription_create,12_month,1,cus_gkafupqCyqxDEg,Marko Niemi,marko.niemi@niemi-network-services.example,Niemi Network Services,self_serve,network_consultant,network_consulting,FI,sub_1TQTMu6Nm7mrmB8ZsaI6hxkj
ch_3pR3R8Vk7sjiSSVtv6KX6d06,2024-05-30 15:56:30,succeeded,599.0,0.0,9.23,589.77,card,,72EMCSUA-0002,subscription_cycle,6_month,1,cus_a3d8ROtbvk7nzR,Jeroen Meijer,jeroen.meijer@maplepeak-properties.example,Maplepeak Properties B.V.,self_serve,it_lead,real_estate,NL,sub_1uYswrs4rC1y9NqOYqIpKx7P
ch_3JiYfV6Y7WQTRjJeEl16dGbn,2024-06-01 09:05:01,succeeded,5000.0,0.0,162.75,4837.25,card,,IK0FKR7O-0002,subscription_cycle,12_month,5,cus_FqF1Ab2ux3jbz6,Daniel Lewis,daniel.lewis@westwave-telecom.example,Westwave Telecom LLC,self_serve,head_of_wireless,telecom,US,sub_1nU55c1atL1a8j0tY07kW40b
ch_3Nerg1WPJ1L9QdQ81OQvv6wE,2024-06-04 14:10:49,succeeded,1000.0,0.0,32.75,967.25,card,,16HJQETG-0001,subscription_create,12_month,1,cus_RhH6WC5XsvCjEJ,John Nguyen,john.nguyen@westfield-networks.example,Westfield Networks,self_serve,network_consultant,network_consulting,US,sub_1BY4Bva4pABCtxQR5ahVxJFw
ch_3OnNdDtMUC9h7k4LewNNR76z,2024-06-05 14:47:48,succeeded,2000.0,0.0,65.25,1934.75,card,,XWMVABP4-0001,subscription_create,12_month,2,cus_DFApu5JZTomOtF,Carlos Kelly,carlos.kelly@deltaport-it-solutions.example,Deltaport IT Solutions Pty Ltd,self_serve,head_of_wireless,it_services,AU,sub_1TPYt2ASB7NwHlCOjXCwyzpw
ch_3KAoWs4jtItrAppaVmFv1jrO,2024-06-05 18:34:47,succeeded,1000.0,0.0,15.25,984.75,card,,IALAZ4AO-0001,subscription_create,12_month,1,cus_hSRBsWl6Fntub9,Paul Thomas,paul.thomas@thomas-network-services.example,Thomas Network Services Ltd,self_serve,network_consultant,network_consulting,IE,sub_1T08Gagr0syHEx4nSCUR2CFX
ch_38WeaqCU9PM5XVUuscIC0Nk8,2024-06-06 06:18:39,succeeded,599.0,0.0,9.23,589.77,card,,TTAFINK5-0001,subscription_create,6_month,1,cus_yUXN4xtkq89MoG,Kate Nelson,kate.nelson@postbox.example,,self_serve,network_consultant,network_consulting,IE,sub_1hYfI5HpCR4nEtQwASgMWRpZ
ch_3zz4g1symKmypJJTAAAmnSMM,2024-06-06 22:11:12,succeeded,599.0,0.0,9.23,589.77,card,,HB78H7K2-0001,subscription_create,6_month,1,cus_KBW1OuYyaSLAXE,Maxime Mercier,maxime.mercier@nordicmark-foods.example,Nordicmark Foods,self_serve,it_lead,food_beverage,FR,sub_15mcRa3lNsT9mD9oAhi4w7YR
ch_3a9w7zwIcdjYrH5JrdT6nLzE,2024-06-07 11:26:44,succeeded,599.0,0.0,5.14,593.86,sepa_debit,,3U0BPLCJ-0001,subscription_create,6_month,1,cus_aLz5OtxgFQPNF9,Ola Strand,ola.strand@novawave-networks.example,Novawave Networks,self_serve,network_consultant,network_consulting,DK,sub_1UjN2VPMDgJnBZdM9DwT6UXi
ch_3K7zMmoS26bQPAiXNS4AVTl6,2024-06-08 14:39:46,succeeded,2000.0,0.0,30.25,1969.75,card,,3FTUXD3O-0002,subscription_cycle,12_month,2,cus_hUhVwse53NKb1g,Julia Müller,julia.muller@beaconworks-wireless.example,Beaconworks Wireless GmbH,self_serve,network_consultant,network_consulting,DE,sub_1kXtf4XUuhQpyLapgVLC3Fg7
ch_3mAewBQjv5JKaCFmURvRyvTu,2024-06-08 16:43:29,succeeded,1000.0,0.0,15.25,984.75,card,,U747RV2Q-0002,subscription_cycle,12_month,1,cus_xhzIsEqS6IHCiY,Mikko Niemi,mikko.niemi@clearstream-communications.example,Clearstream Communications,self_serve,head_of_wireless,telecom,FI,sub_1mCbGAd6mKOaGFqAliOldaxy
ch_3zGIBEbeHCaetwSKE4Ml9gau,2024-06-12 06:53:57,succeeded,599.0,0.0,19.72,579.28,card,,9VR4IC6Q-0002,subscription_cycle,6_month,1,cus_cMGwRRvtoTdIiv,Tom Anderson,tom.anderson@balticview-managed-services.example,Balticview Managed Services Inc.,self_serve,head_of_wireless,it_services,CA,sub_16SvHlizDDm7zIKN3zFKfLOR
ch_3XM0iAkImA3TVwdKS6ga86TX,2024-06-14 07:06:09,succeeded,599.0,0.0,15.23,583.77,card,,0HPHHJUQ-0001,subscription_create,6_month,1,cus_eG1QQ97qw8L5Fb,Amanda Nguyen,amanda.nguyen@balticlink-rf-consulting.example,Balticlink RF Consulting Ltd,self_serve,network_consultant,network_consulting,GB,sub_1Nigpsgrp3GMaxcbsbjLKfOl
ch_3VRR6izJWfHzoxp1fmrrgYcA,2024-06-14 11:53:41,succeeded,1000.0,0.0,32.75,967.25,card,,8LJLI8XR-0001,subscription_create,12_month,1,cus_seuNAnlEfIW0WU,Megan Johnson,megan.johnson@maplewave-rf-consulting.example,Maplewave RF Consulting LLC,self_serve,network_consultant,network_consulting,US,sub_1KK3AWDsn4QLS8L9QwqvY0cH
ch_3sKz0mM2eLVMFf5Tdzdtc1ZL,2024-06-14 16:22:01,succeeded,1000.0,0.0,32.75,967.25,card,,NCFU0LX6-0001,subscription_create,12_month,1,cus_PtSjWO8Fza10AE,Tobias Fischer,tobias.fischer@brightwave-wireless-engineering.example,Brightwave Wireless Engineering,self_serve,head_of_wireless,network_consulting,CH,sub_1NKsCQJwbg5smhmsRV5OHxHx
ch_3upZT07hwct23jT7CD2zk3mN,2024-06-14 17:10:06,succeeded,1000.0,0.0,15.25,984.75,card,,07NY7ZNZ-0001,subscription_create,12_month,1,cus_ExZ5AMTJPVntlc,Magnus Pedersen,magnus.pedersen@stonepoint-rf-consulting.example,Stonepoint RF Consulting ApS,self_serve,network_consultant,network_consulting,DK,sub_1nfBogtUshVFP6FxEbZ5bBug
ch_3y93Glrqnrpl0KnN1TGeHtL6,2024-06-15 15:59:19,succeeded,1797.0,0.0,6.35,1790.65,sepa_debit,,0XSF7SYF-0002,subscription_cycle,6_month,3,cus_5b9iDl6IcU2YUt,Timo Virtanen,timo.virtanen@stonestream-construction.example,Stonestream Construction Oy,self_serve,it_lead,construction,FI,sub_1A2FVbTpELMjcLeeQYBSqg0F
ch_34KbMZBF59YQEj3PtSL5tpnt,2024-06-16 12:22:16,succeeded,1000.0,0.0,32.75,967.25,card,,BPPQSC3G-0003,subscription_cycle,12_month,1,cus_eMlFdHq4qjmKOC,Rachel Patel,rachel.patel@cedarpath-wi-fi-solutions.example,Cedarpath Wi-Fi Solutions,self_serve,network_consultant,network_consulting,US,sub_1zFU5dX7Pez0SO2aTpFGkzLW
py_30mWa5tNHpCZHZAvtHrcrlQF,2024-06-16 22:17:47,succeeded,124000.0,0.0,5.0,123995.0,bank_transfer,,I6GZV5W8-0001,subscription_create,enterprise,1,cus_0z0l1yqDqLiuvd,Costa Lucera Hotels & Resorts,accounts.payable@costa-lucera-hotels--resorts.example,Costa Lucera Hotels & Resorts,enterprise,,hospitality,ES,sub_15y7gI3BPVJKJzTEtWydIP7n
ch_3TOBTBr2DSiO8raWsh6V2jYW,2024-06-17 16:44:28,succeeded,1000.0,0.0,15.25,984.75,card,,GCYBR7Z8-0001,subscription_create,12_month,1,cus_ZeMhwsReltcYBk,Marko Järvinen,marko.jarvinen@orbitview-retail-group.example,Orbitview Retail Group,self_serve,it_lead,retail,FI,sub_1SPIvkrq2ywYvREzdSWbKJ4v
ch_3o3bqSNgqjNU3UQvIk2KLKiM,2024-06-18 13:05:36,succeeded,599.0,0.0,9.23,589.77,card,,P7KSG1X8-0002,subscription_cycle,6_month,1,cus_GwqVkn0sc0VfuP,Sven Schmidt,sven.schmidt@inbox.example,,self_serve,network_consultant,network_consulting,DE,sub_1BEQNFpnW9zlLrdnMJaJItpr
ch_3Xh4pdTpA7zDjdguOuWUyDnd,2024-06-20 08:31:02,succeeded,1000.0,0.0,32.75,967.25,card,,VGVACAAL-0001,subscription_create,12_month,1,cus_itG6ylb2rPWSCu,John Lee,john.lee@harborlink-properties.example,Harborlink Properties,self_serve,it_lead,real_estate,US,sub_1xwLFDGSnC6ZQ8EnO8iwSgBK
ch_3rdY1E84dJjOqvslvIusBz8S,2024-06-20 08:41:51,succeeded,1000.0,0.0,15.25,984.75,card,,VMHZL1S2-0002,subscription_cycle,12_month,1,cus_WtObbSwd945cC4,Mikko Koskinen,mikko.koskinen@crestcore-properties.example,Crestcore Properties Oy,self_serve,it_lead,real_estate,FI,sub_1RCGhtvfiY111HZ1IGs1JYdZ
ch_3D3oj34XDaD0B4mnPe42R8Xg,2024-06-21 09:35:25,succeeded,599.0,0.0,19.72,579.28,card,,JOTTLM1V-0001,subscription_create,6_month,1,cus_XP7Tp4JJkYxWr5,Nicole Scott,nicole.scott@pinepeak-wireless.example,Pinepeak Wireless,self_serve,network_consultant,network_consulting,US,sub_1ZfY0aQcNX0OooJUmWYzWL42
ch_3eR5sFuvLz9XurLpU4d1XOdA,2024-06-22 19:32:17,succeeded,1000.0,0.0,15.25,984.75,card,,YRFS4ALS-0002,subscription_cycle,12_month,1,cus_BjEZfNXzDgXKSN,Mats Sørensen,mats.sorensen@silverworks-rf-consulting.example,Silverworks RF Consulting AS,self_serve,network_consultant,network_consulting,NO,sub_1BTrscs7xbbhcPdPcr6hYVLs
ch_3eveRYr7H73vDIHWweeAqrkG,2024-06-23 06:12:19,succeeded,1000.0,0.0,15.25,984.75,card,,62BIN83D-0002,subscription_cycle,12_month,1,cus_FtPHDUZOxM4QjK,Andrea Conti,andrea.conti@vertexgate-wi-fi-solutions.example,Vertexgate Wi-Fi Solutions,self_serve,network_consultant,network_consulting,IT,sub_1PP8l3PACj8omqj8yhl8Ymw1
ch_32rhkAQHc0cSYKF6im49hCcT,2024-06-23 10:37:00,failed,1000.0,0.0,,,card,card_declined,BO4F77TT-0002,subscription_cycle,12_month,1,cus_RBrImNdCsfyTx7,Tom Phillips,tom.phillips@phillips-wireless-consulting.example,Phillips Wireless Consulting LLC,self_serve,network_consultant,network_consulting,US,sub_1Ja5Z0hIhH24sQDu4jo6YIc3
ch_3grV2M1lNUBLt25Ua6DD2KoS,2024-06-25 10:16:48,succeeded,2000.0,0.0,50.25,1949.75,card,,FBQGSPRR-0001,subscription_create,12_month,2,cus_WO5r0gyNqYtToM,Emily Parker,emily.parker@ironstream-wi-fi-solutions.example,Ironstream Wi-Fi Solutions Ltd,self_serve,network_consultant,network_consulting,GB,sub_1dsjqSBjNjNm6oBbmatuR6C3
ch_34GtR7MByyirmXXWKuBDJs63,2024-06-25 11:34:49,succeeded,599.0,0.0,5.14,593.86,sepa_debit,,QPCEQ1P0-0002,subscription_cycle,6_month,1,cus_YGtiFILBJIQ0bh,Ruben Vos,ruben.vos@greenlink-properties.example,Greenlink Properties B.V.,self_serve,it_lead,real_estate,NL,sub_1GNng0fQIc4Kmjn1S7GdxY4B
ch_3ewmVrsGHn4o343A9kLxjgVR,2024-06-26 10:52:00,failed,1000.0,0.0,,,card,card_declined,BO4F77TT-0002,subscription_cycle,12_month,1,cus_RBrImNdCsfyTx7,Tom Phillips,tom.phillips@phillips-wireless-consulting.example,Phillips Wireless Consulting LLC,self_serve,network_consultant,network_consulting,US,sub_1Ja5Z0hIhH24sQDu4jo6YIc3
ch_3Yl26ROkizKJJkSot7VTeJBB,2024-06-26 11:27:36,failed,599.0,0.0,,,card,expired_card,FHYNE5EU-0003,subscription_cycle,6_month,1,cus_KZCQRqFZnWQLEg,Nicolas Bernard,nicolas.bernard@orbitfield-media.example,Orbitfield Media,self_serve,it_lead,media,FR,sub_1YmsWmJDDX5j8qIpVN05cdUD
ch_3UySLF9rbEOvYeUhY810FDDZ,2024-06-26 15:21:45,succeeded,1000.0,0.0,15.25,984.75,card,,RYZC0746-0002,subscription_cycle,12_month,1,cus_wpWtorWk9MXyYt,Katja Turunen,katja.turunen@northline-telecom.example,Northline Telecom Oy,self_serve,head_of_wireless,telecom,FI,sub_1RSQ6mgT45dmWUHRknJHby8y
ch_3Rk6Nxxt9QmVhPLhw8FrMsKN,2024-06-26 20:27:43,succeeded,2000.0,0.0,30.25,1969.75,card,,YKQTNJBU-0001,subscription_create,12_month,2,cus_STFH9I3YlpHeJE,Julie Leroy,julie.leroy@novaport-technology-group.example,Novaport Technology Group,self_serve,head_of_wireless,it_services,FR,sub_1mCUDeexX249WGE7umrZD3uC
ch_3RuJnu5svLSyCIdYRci1wJyR,2024-06-27 15:16:49,succeeded,2000.0,0.0,30.25,1969.75,card,,UE5F7LFE-0001,subscription_create,12_month,2,cus_cKiUV8vEkgZsOd,Rasmus Dahl,rasmus.dahl@inbox.example,,self_serve,network_consultant,network_consulting,SE,sub_1vqgaVoffKjsxYq07ucqbnZp
ch_37BuPHxHdlX9tOfZ6Yr07m18,2024-06-28 16:46:45,succeeded,1198.0,0.0,30.2,1167.8,card,,F882YZMW-0001,subscription_create,6_month,2,cus_q0lFnjSjK0vSWn,Andrew Evans,andrew.evans@westfield-schools.example,Westfield Schools,self_serve,it_lead,education,GB,sub_1A8J6FCk4X4poY03aRAYVpjs
ch_3PwlpFrjOgACcShEuCYZcgpE,2024-06-28 16:59:33,succeeded,599.0,0.0,19.72,579.28,card,,KXRYEAEN-0001,subscription_create,6_month,1,cus_A9SoUykOA31VpM,Daniel Murphy,daniel.murphy@signalgate-retail-group.example,Signalgate Retail Group LLC,self_serve,it_lead,retail,US,sub_1aYVPtFjHXZDRyoVEoMjr4R1
ch_3OnPegaibBKzbQkSrvTguHgq,2024-06-28 21:46:31,succeeded,1198.0,0.0,18.22,1179.78,card,,9ILRACQJ-0001,subscription_create,6_month,2,cus_kbQINygnsm54yf,Heidi Niemi,heidi.niemi@atlasstream-construction.example,Atlasstream Construction,self_serve,it_lead,construction,FI,sub_1zb4oV7u2mlZ3BmexYxtqyiJ
ch_343I7Ugtt3Hi4jpluZD9cSHs,2024-06-29 12:31:36,succeeded,599.0,0.0,9.23,589.77,card,,FHYNE5EU-0003,subscription_cycle,6_month,1,cus_KZCQRqFZnWQLEg,Nicolas Bernard,nicolas.bernard@orbitfield-media.example,Orbitfield Media,self_serve,it_lead,media,FR,sub_1YmsWmJDDX5j8qIpVN05cdUD
ch_3Eqlt51wJkoW6fTugPDNJHkP,2024-06-29 15:40:58,succeeded,1000.0,0.0,32.75,967.25,card,,IDW09TKB-0002,subscription_cycle,12_month,1,cus_nfjd3pyeQgkqIy,Mark Johnson,mark.johnson@brightstream-networks.example,Brightstream Networks,self_serve,network_consultant,network_consulting,AU,sub_1Ku9okrYCY5nVF5MY2CfCtgl
ch_3W3NPqG8jai2SBcUYwYr9Lyu,2024-06-30 11:10:27,succeeded,1000.0,0.0,32.75,967.25,card,,CIDZNGGU-0002,subscription_cycle,12_month,1,cus_KnSWQN5w2EkK5j,Matthias Wagner,matthias.wagner@lumenfield-rf-consulting.example,Lumenfield RF Consulting AG,self_serve,network_consultant,network_consulting,CH,sub_1LHKpTOcdrLbG85M9L6CMzAe
ch_3iMlTKTin9AIqnwFDScr4TIN,2024-07-01 10:36:45,succeeded,599.0,0.0,19.72,579.28,card,,6V8QDKWX-0001,subscription_create,6_month,1,cus_1B8bKDYCKjeiOw,Robert Patel,robert.patel@patel-wireless-consulting.example,Patel Wireless Consulting LLC,self_serve,network_consultant,network_consulting,US,sub_1DGUqLhVT6DKBpRdHKkH4k7F
ch_3PhRJaXdNbbjPKyXK80xoluv,2024-07-01 10:49:41,succeeded,1000.0,0.0,32.75,967.25,card,,W5Z1NW9D-0001,subscription_create,12_month,1,cus_truHIYmcDMUC7B,Priya Nelson,priya.nelson@balticport-it-solutions.example,Balticport IT Solutions LLC,self_serve,head_of_wireless,it_services,US,sub_1Na010YHGbpfifaDHcIah6mw
ch_3wboeKBhFfGHpC8ixAJeiXmb,2024-07-01 12:04:00,succeeded,1000.0,0.0,32.75,967.25,card,,BO4F77TT-0002,subscription_cycle,12_month,1,cus_RBrImNdCsfyTx7,Tom Phillips,tom.phillips@phillips-wireless-consulting.example,Phillips Wireless Consulting LLC,self_serve,network_consultant,network_consulting,US,sub_1Ja5Z0hIhH24sQDu4jo6YIc3
ch_3VFycRKuADcAmMMR70OoOFO2,2024-07-01 16:47:40,succeeded,1000.0,0.0,25.25,974.75,card,,J1JRVVRG-0003,subscription_cycle,12_month,1,cus_gevA4s0yRpDEjk,Raj Mitchell,raj.mitchell@apexline-rf-consulting.example,Apexline RF Consulting Ltd,self_serve,network_consultant,network_consulting,GB,sub_1AEn2oZtamCv8gZ95qvzvE9D
ch_33QqeAgOKRNEVSw6LJcxiJH6,2024-07-02 15:57:24,succeeded,599.0,0.0,19.72,579.28,card,,JGB6DROC-0002,subscription_cycle,6_month,1,cus_bMF0WqZy3iGk9W,Laura Nelson,laura.nelson@signalline-partners.example,Signalline Partners,self_serve,it_lead,professional_services,US,sub_1XxUeXDEUYHwPwiQgb6LbEaJ
ch_3cIMBcaybjtkgsrpPXCMpy47,2024-07-03 06:58:22,succeeded,1198.0,0.0,6.35,1191.65,sepa_debit,,C1DGXPKB-0001,subscription_create,6_month,2,cus_Ba9dm9HXu7fl3Y,Stefan Fischer,stefan.fischer@novalink-wireless-engineering.example,Novalink Wireless Engineering GmbH,self_serve,head_of_wireless,network_consulting,DE,sub_1vNsrbAkTAmpxhxkq0o4Ps3Z
ch_3Sr2EtgOjRENH1P2wmKCe7Au,2024-07-03 12:57:22,succeeded,599.0,0.0,9.23,589.77,card,,QLMFBAZG-0001,subscription_create,6_month,1,cus_yZNKcJHK09FtdX,Mats Hansen,mats.hansen@blueport-communications.example,Blueport Communications,self_serve,head_of_wireless,telecom,DK,sub_1J8wsaTNME3jTM0GSiJlaKAZ
ch_3i6HEfWGKOLtA8vKZBHGSzt2,2024-07-03 20:04:46,succeeded,1198.0,0.0,18.22,1179.78,card,,DK83F255-0005,subscription_cycle,6_month,2,cus_S4OWRXlJczEYeO,Sanne de Vries,sanne.devries@de-vries-wireless-consulting.example,de Vries Wireless Consulting B.V.,self_serve,network_consultant,network_consulting,NL,sub_1mUYo1Pl1f7MDyLSN3bIsaSx
ch_3Mz1ytDl299vztbhC4KexJuh,2024-07-04 16:51:16,succeeded,1000.0,0.0,15.25,984.75,card,,U7HLF0HO-0003,subscription_cycle,12_month,1,cus_6ckb7gGCl3tSfs,Sara Sørensen,sara.sorensen@clearcore-managed-services.example,Clearcore Managed Services AS,self_serve,head_of_wireless,it_services,NO,sub_1Utzp0BXjKPIgzYcCf4B74Hw
ch_3AGQYn3N6BtJ9QAmBJQFL3T1,2024-07-06 14:44:31,succeeded,1000.0,0.0,15.25,984.75,card,,DHNODIT8-0001,subscription_create,12_month,1,cus_T5hN5wraLkY7Et,Frida Madsen,frida.madsen@mailbox.example,,self_serve,network_consultant,network_consulting,SE,sub_15K4AFOtRszEabwHX44SkTp0
ch_38l9Iej2vwCFZqMiptSroeDD,2024-07-09 13:55:24,succeeded,2995.0,0.0,97.59,2897.41,card,,IH7GCTMO-0001,subscription_create,6_month,5,cus_v78vZZOWQD1PdW,Olivia Roberts,olivia.roberts@brightstream-it-solutions.example,Brightstream IT Solutions LLC,self_serve,head_of_wireless,it_services,US,sub_1u7HJ1gCPWqzOnw0XisFZpKH
ch_3PmGFfGxKjlvr1gx4LG7incZ,2024-07-10 11:31:07,succeeded,1000.0,0.0,15.25,984.75,card,,Z29JZCMZ-0001,subscription_create,12_month,1,cus_okUiFpJgpzgcVI,Michael Phillips,michael.phillips@postbox.example,,self_serve,network_consultant,network_consulting,IE,sub_1UmJ0tlXNWQjqudxMrbKwd4L
ch_3hqXM60vxq4SAGbDc4pO5VAm,2024-07-10 12:26:38,succeeded,1198.0,0.0,39.19,1158.81,card,,RZA7K3G3-0001,subscription_create,6_month,2,cus_QvQQhnGFIame4l,Laura Walker,laura.walker@polargate-partners.example,Polargate Partners LLC,self_serve,it_lead,professional_services,US,sub_1tDLxq0qjQ9DzbEcmzewuuv3
ch_3BgV3twlH5LBAHZ1N9GhB5sj,2024-07-10 13:15:02,succeeded,599.0,0.0,19.72,579.28,card,,UKZ4P7XS-0001,subscription_create,6_month,1,cus_lc8IzTtuTv4Cbh,Steve Scott,steve.scott@scott-wireless-consulting.example,Scott Wireless Consulting Pty Ltd,self_serve,network_consultant,network_consulting,AU,sub_1PQu49k7hNjwXcjlip2PeLar
ch_348BJzdAPOWACrhe4KaCK9To,2024-07-10 15:14:30,succeeded,1000.0,0.0,32.75,967.25,card,,G2DURNT8-0001,subscription_create,12_month,1,cus_ySeaKjvBvDaXrb,Jessica Baker,jessica.baker@lumenworks-technology-group.example,Lumenworks Technology Group LLC,self_serve,head_of_wireless,it_services,US,sub_1QWW5sBNvb0ZLLyEJodIV2ct
ch_3CjfyMydjf0oPU7DdYwhbp3s,2024-07-10 15:58:09,succeeded,3000.0,0.0,97.75,2902.25,card,,B4684YE7-0001,subscription_create,12_month,3,cus_3gZq7DxNbjjCag,Ryan Kelly,ryan.kelly@deltabridge-it-solutions.example,Deltabridge IT Solutions Inc.,self_serve,head_of_wireless,it_services,CA,sub_10wmbAwD9pzJ4m1HUypuPEIK
ch_3rPIdcbu0idqCNruqqkNeYGQ,2024-07-11 14:10:30,succeeded,1000.0,0.0,15.25,984.75,card,,GZIZLGD5-0001,subscription_create,12_month,1,cus_KKFrKkKz0M7J3g,Sanna Turunen,sanna.turunen@lumenfield-communications.example,Lumenfield Communications Oy,self_serve,head_of_wireless,telecom,FI,sub_1Un4MW29UbLOfrDp11eIa8K9
ch_3rN7ESottSg8q3QtkyPugXjh,2024-07-13 14:53:22,succeeded,599.0,0.0,19.72,579.28,card,,LW7NG71H-0003,subscription_cycle,6_month,1,cus_piD40BuxcaVKbU,Uwe Becker,uwe.becker@ironstream-technology-group.example,Ironstream Technology Group AG,self_serve,head_of_wireless,it_services,CH,sub_1m8nhmSB8VjC3kRrjZ2mnN6U
ch_3KRgVGJ230Ajq0SUiN6wfUiL,2024-07-13 18:27:51,succeeded,599.0,0.0,19.72,579.28,card,,G5NNGXYV-0003,subscription_cycle,6_month,1,cus_RFRr8eNGTX2RQs,Megan Wright,megan.wright@aurorapeak-communications.example,Aurorapeak Communications LLC,self_serve,head_of_wireless,telecom,US,sub_1EGiletnAeVv2Uxc02JDfYQr
ch_3pSCuS1DKDITummvHwQp8IvZ,2024-07-14 17:17:15,succeeded,1000.0,0.0,32.75,967.25,card,,R2W5B6MD-0001,subscription_create,12_month,1,cus_n5J3f4DJt2Srdu,Matt Evans,matt.evans@evans-network-services.example,Evans Network Services LLC,self_serve,network_consultant,network_consulting,US,sub_1m12spMLW1JQPzHLzLeQR4l2
ch_3OXWcxRVh0GedmbIulxIdhQC,2024-07-16 10:06:31,succeeded,599.0,0.0,9.23,589.77,card,,ZIF3VZPI-0002,subscription_cycle,6_month,1,cus_NOnY90xhGl57Kw,Paul Evans,paul.evans@lumenpoint-warehousing.example,Lumenpoint Warehousing,self_serve,it_lead,logistics,IE,sub_1UPmbmSYuHHmmDLJZWTR6gKn
ch_3sJMAFU2nHYuLtBW1Fe7n0TR,2024-07-19 18:28:37,succeeded,1000.0,0.0,32.75,967.25,card,,TALTACNP-0001,subscription_create,12_month,1,cus_8bJfLdZkSXKZHu,Laura Baker,laura.baker@signalbridge-industries.example,Signalbridge Industries,self_serve,it_lead,manufacturing,CA,sub_1ljXX5K7jfW1gMWjz3W9e8Sb
ch_3M7mQ2utM8qroc1mGyLCB6c1,2024-07-21 11:10:40,succeeded,1198.0,0.0,39.19,1158.81,card,,Q3I4UCYK-0003,subscription_cycle,6_month,2,cus_CkiSCj59tIUM8G,Steve Kim,steve.kim@kim-wireless-consulting.example,Kim Wireless Consulting,self_serve,network_consultant,network_consulting,US,sub_1svdBEEYc5oq2xeHCVeKUnOv
ch_3oAjiCO5xzEhIACqb4MatMsg,2024-07-22 15:22:25,succeeded,1000.0,0.0,32.75,967.25,card,,GEYK2S44-0001,subscription_create,12_month,1,cus_H99x4EQf312SXJ,Andrew Kim,andrew.kim@aurorapeak-networks.example,Aurorapeak Networks,self_serve,network_consultant,network_consulting,US,sub_1ywrvOB07XzpWzYZAn2YJqLq
ch_39Inn08DtKIwnTaGh94u1C8e,2024-07-23 18:50:31,succeeded,599.0,0.0,19.72,579.28,card,,8CX3ZCGD-0002,subscription_cycle,6_month,1,cus_A0Gj5UoSyEMnt9,John Jackson,john.jackson@greenline-media.example,Greenline Media LLC,self_serve,it_lead,media,US,sub_1mft7TP4TEkNCaPtM0d1uMao
ch_3C7BWFqovA12kXjKstSaolYD,2024-07-25 07:41:05,succeeded,2000.0,0.0,30.25,1969.75,card,,E5KLA9J4-0001,subscription_create,12_month,2,cus_uO2QfNWUGnxgj7,Henrik Madsen,henrik.madsen@nordicport-networks.example,Nordicport Networks AB,self_serve,network_consultant,network_consulting,SE,sub_1awYtisWKudd80c6lqsA0ZXt
ch_3Kev6fq0ThB95ndjsM75VIbt,2024-07-25 12:59:25,succeeded,2000.0,0.0,65.25,1934.75,card,,58JCC6SM-0001,subscription_create,12_month,2,cus_VUENQ9xaoZJqYD,Kate Jones,kate.jones@jones-wireless-consulting.example,Jones Wireless Consulting,self_serve,network_consultant,network_consulting,US,sub_187g8JqA6jv1as3LtpvRKtY2
ch_3uf8rdUt11w359Zj97E751YX,2024-07-26 23:56:59,succeeded,2000.0,0.0,30.25,1969.75,card,,XHVTXX0G-0002,subscription_cycle,12_month,2,cus_j4jL813sWdp90U,Laurent Lefebvre,laurent.lefebvre@alpinecore-warehousing.example,Alpinecore Warehousing,self_serve,it_lead,logistics,FR,sub_1R2WustfshzahJ25gz7sHBkd
ch_3LgpxY04wcVlW6r2pk44Izbs,2024-07-28 15:29:45,succeeded,1000.0,0.0,32.75,967.25,card,,59NSS2G4-0002,subscription_cycle,12_month,1,cus_Gs2YQpfDLewYTo,Priya Parker,priya.parker@aurorafield-telecom.example,Aurorafield Telecom,self_serve,head_of_wireless,telecom,CA,sub_1QR18eIvyFckO3bBX6XkDiSM
ch_3LZSscY1MPiIfFKo828KCDky,2024-07-29 09:45:31,succeeded,1198.0,0.0,18.22,1179.78,card,,70NT4DNG-0001,subscription_create,6_month,2,cus_6kScNNqIdCZy0e,Sander Smit,sander.smit@northpath-logistics.example,Northpath Logistics BV,self_serve,it_lead,logistics,BE,sub_1u9n19buDp8A8Cg1JoN7b5hI
ch_3SRuu5RQixBNGVH42YMoAx3W,2024-07-29 15:30:57,succeeded,599.0,0.0,19.72,579.28,card,,BXZM5L5L-0002,subscription_cycle,6_month,1,cus_rJg4yas33C1Jg0,Emily Turner,emily.turner@pinefield-hotels.example,Pinefield Hotels LLC,self_serve,it_lead,hospitality,US,sub_19DmdCrDhhRwUQimV2Z3EJMJ
ch_3ff1t0EuqtHQvXatQXSOYz5F,2024-07-31 11:00:33,succeeded,1000.0,0.0,32.75,967.25,card,,IHJ29VW2-0002,subscription_cycle,12_month,1,cus_HvP6qdoVJ3Trwx,Olivia Patel,olivia.patel@deltapath-wi-fi-solutions.example,Deltapath Wi-Fi Solutions,self_serve,network_consultant,network_consulting,CA,sub_1kcT231hjG0DqGGuOmLvGVnV
ch_3k5d2xQydnGzDHeCzzoZlUZr,2024-08-02 11:16:21,succeeded,1000.0,0.0,15.25,984.75,card,,L83O1UFA-0003,subscription_cycle,12_month,1,cus_25zIA82UBLtYX2,Rasmus Holm,rasmus.holm@holm-network-services.example,Holm Network Services AS,self_serve,network_consultant,network_consulting,NO,sub_1mQEYSeiYqvMLO9jUh9Kzj5K
ch_34IMJygsqQRTtlzehVXHfBNd,2024-08-03 15:45:56,succeeded,599.0,0.0,19.72,579.28,card,,T4CH913S-0001,subscription_create,6_month,1,cus_rFVlf6CkwyhKlr,Andrew Miller,andrew.miller@northmark-telecom.example,Northmark Telecom,self_serve,head_of_wireless,telecom,AU,sub_1qLGOkf11gR5EBXmfDi2NA2Z
ch_3u09fryZJ5rl7TlPXLMq36c6,2024-08-05 15:00:21,succeeded,1000.0,0.0,32.75,967.25,card,,S16556SI-0001,subscription_create,12_month,1,cus_CSHbXJqao2Z251,Wei Edwards,wei.edwards@signalmark-rf-consulting.example,Signalmark RF Consulting,self_serve,network_consultant,network_consulting,US,sub_1oRsdTftCEjDY9lHMl4WTDAj
ch_3zRWXyEpIDd2KjFyVj5v67sE,2024-08-07 02:42:21,succeeded,1797.0,0.0,58.65,1738.35,card,,ULRIBXUJ-0002,subscription_cycle,6_month,3,cus_kIuVEJRArJS0sL,Amanda Smith,amanda.smith@deltastream-logistics.example,Deltastream Logistics,self_serve,it_lead,logistics,CA,sub_1Q6Zm6bDagL3oXIbxK1r3ukQ
ch_3x2cbGYduQwOWXSIeSBGmIhU,2024-08-07 19:01:09,succeeded,1000.0,0.0,15.25,984.75,card,,MNLR98D0-0002,subscription_cycle,12_month,1,cus_KbQg1QRNrZchTD,Giulia Bruno,giulia.bruno@mailbox.example,,self_serve,network_consultant,network_consulting,IT,sub_1GAqwBlbpq1P1AV1HBrlZBog
ch_307TFCfdjhqhviqt4ivrbMIj,2024-08-08 06:07:23,succeeded,1000.0,0.0,15.25,984.75,card,,GJSRBFF8-0002,subscription_cycle,12_month,1,cus_yBz0zNu4uVqcZD,Petri Mäkelä,petri.makela@signalview-industries.example,Signalview Industries,self_serve,it_lead,manufacturing,FI,sub_1WWZ3oVsL0gZw2nBZZDUWc1P
ch_3pBx3QfTk18wlQ1XFM0GHu1g,2024-08-08 09:02:19,succeeded,1797.0,0.0,58.65,1738.35,card,,H80MLA8H-0001,subscription_create,6_month,3,cus_DG8CPspgjcmlD4,Andreas Meyer,andreas.meyer@summitline-clinics.example,Summitline Clinics,self_serve,it_lead,healthcare,CH,sub_11AA8KVKJ2WDSxmDDMK1YfFy
ch_33O2z9Uqq7uZCXmEp586GRd0,2024-08-08 13:13:23,succeeded,2000.0,0.0,30.25,1969.75,card,,NZ1U6H6M-0002,subscription_cycle,12_month,2,cus_3DLRefwo7bSYqM,Katharina Weber,katharina.weber@harborlink-hotels.example,Harborlink Hotels GmbH,self_serve,it_lead,hospitality,DE,sub_1dLT1ZhgvahACK12TIi29k51
ch_3LoylQq6j7tZsKXtr2wFrhgw,2024-08-09 14:42:09,succeeded,1000.0,0.0,15.25,984.75,card,,8ETGS4GH-0001,subscription_create,12_month,1,cus_on8SuxR7966Hae,Petri Turunen,petri.turunen@harborpoint-media.example,Harborpoint Media,self_serve,it_lead,media,FI,sub_1OxHlv2xTElGTqu9XUyvLmYu
ch_3bnnefopFby4WMCqsBI6eMIY,2024-08-10 13:48:00,succeeded,1000.0,0.0,32.75,967.25,card,,R4Q494NO-0001,subscription_create,12_month,1,cus_D0fdPFHhVMSnow,Robert Kelly,robert.kelly@greenport-systems-integration.example,Greenport Systems Integration,self_serve,head_of_wireless,it_services,US,sub_1GlXePG6uwAWXMmjkJjQ4QwQ
ch_3u82MaenA20J8vqNHCd9oQsP,2024-08-12 10:15:48,succeeded,1000.0,0.0,25.25,974.75,card,,N9BJ87SZ-0001,subscription_create,12_month,1,cus_i3js4IlUBNRrRd,David Scott,david.scott@maplepoint-wi-fi-solutions.example,Maplepoint Wi-Fi Solutions,self_serve,network_consultant,network_consulting,GB,sub_1PsFARxnf0XP3EuIKvZLRZfV
ch_3JGpRwkSLHAChbaLM6oCxezy,2024-08-12 15:03:07,succeeded,1000.0,0.0,32.75,967.25,card,,6W00IRNT-0001,subscription_create,12_month,1,cus_GUTDi9a12YZ8b3,Michael Kelly,michael.kelly@westport-construction.example,Westport Construction LLC,self_serve,it_lead,construction,US,sub_1KG3F43tZEcjtIHwvLoucMe6
ch_33TrqLqWjrpWvqyZvDSF2ewg,2024-08-13 13:27:44,succeeded,3000.0,0.0,97.75,2902.25,card,,5UJV1W5D-0001,subscription_create,12_month,3,cus_2Q5sRjsE51siX1,Nicole Williams,nicole.williams@apexfield-systems-integration.example,Apexfield Systems Integration,self_serve,head_of_wireless,it_services,US,sub_1jOCRuQBFl377dQ5nhcNCkn2
ch_3E95cmdGKCeJOtaBK1yJaCsq,2024-08-14 12:04:23,succeeded,599.0,0.0,19.72,579.28,card,,QLOCJNRT-0002,subscription_cycle,6_month,1,cus_DaeDLkQhydgvN5,Matt Lee,matt.lee@orbitpath-it-solutions.example,Orbitpath IT Solutions LLC,self_serve,head_of_wireless,it_services,US,sub_1pDi4gZBx8vu2L2MphsX8qYS
ch_3rcmckfnZfT1cOGw6n4x8J29,2024-08-16 11:37:59,succeeded,599.0,0.0,9.23,589.77,card,,URQ11C3T-0002,subscription_cycle,6_month,1,cus_igS85lwKRF70Vk,Eero Lehtonen,eero.lehtonen@inbox.example,,self_serve,network_consultant,network_consulting,FI,sub_1pu34b6bW8wpmHPEhHbm1gWD
ch_38FgEFTVj8uX9lAHHZcoP4l0,2024-08-17 13:47:15,succeeded,1000.0,0.0,32.75,967.25,card,,61ZRLYNJ-0002,subscription_cycle,12_month,1,cus_bMmHM36OfHXd6D,Steve Edwards,steve.edwards@greenlink-warehousing.example,Greenlink Warehousing LLC,self_serve,it_lead,logistics,US,sub_1cf0c3xD15zXSp8fxIpJqRnL
ch_3O29EMoehbD4YsnDi1hKg1nt,2024-08-19 08:30:32,succeeded,1000.0,0.0,15.25,984.75,card,,B7EA6ANB-0001,subscription_create,12_month,1,cus_xs9ABw3phvHqW3,Søren Larsson,soren.larsson@larsson-wireless-consulting.example,Larsson Wireless Consulting,self_serve,network_consultant,network_consulting,NO,sub_1VhzAMm00ynlN8XCUqHqGmDX
ch_3dNmTUx6PnLNQXzAPorfJdZt,2024-08-19 14:10:16,succeeded,1000.0,0.0,15.25,984.75,card,,MKGRLK7X-0001,subscription_create,12_month,1,cus_v6B4wtUhEItCbF,Rasmus Madsen,rasmus.madsen@granitemark-wireless-engineering.example,Granitemark Wireless Engineering,self_serve,head_of_wireless,network_consulting,NO,sub_1LQDgGcF1ol7mboRsSgaSMVK
ch_378Zf1DrKWbqy1hOniHmn4sQ,2024-08-22 05:29:29,succeeded,1000.0,0.0,32.75,967.25,card,,NLYFHUU2-0003,subscription_cycle,12_month,1,cus_K9SEsQkRYn8JzM,Olivia Davis,olivia.davis@stonecore-rf-consulting.example,Stonecore RF Consulting LLC,self_serve,network_consultant,network_consulting,US,sub_14b4hxzbY1qS9n8hwV8tBX3H
ch_3rjWvK96nSErwZgjvNBGd1vS,2024-08-22 11:38:49,succeeded,3000.0,0.0,97.75,2902.25,card,,EPPZTXRB-0002,subscription_cycle,12_month,3,cus_FPedClKpSoTyKC,Michael Hartmann,michael.hartmann@harborstream-telecom.example,Harborstream Telecom,self_serve,head_of_wireless,telecom,CH,sub_1auAwziYTDLU4f1BOzH1kf0U
ch_37ke1T4FEGwAAFXDBsJ1shnT,2024-08-23 20:34:19,succeeded,2000.0,0.0,65.25,1934.75,card,,V4UVOYEA-0001,subscription_create,12_month,2,cus_6KKSAkctXiPZrn,Josh Johnson,josh.johnson@signalgate-networks.example,Signalgate Networks,self_serve,network_consultant,network_consulting,US,sub_1pCAeaat9UeE2xlKcaGnNJjx
ch_3IxAEGFeU73dRprsonobJPui,2024-08-24 10:24:05,succeeded,2000.0,0.0,50.25,1949.75,card,,VN5XM43Z-0001,subscription_create,12_month,2,cus_P0vr89DxrQU8ox,Michael Baker,michael.baker@lumenlink-wireless.example,Lumenlink Wireless Ltd,self_serve,network_consultant,network_consulting,GB,sub_1YCqDieRa7tLwqqPYofbsZGl
ch_3bIj7RwMkPLStkcPBD2LU5Jo,2024-08-24 12:29:46,succeeded,599.0,0.0,19.72,579.28,card,,K74CO0RQ-0001,subscription_create,6_month,1,cus_dugZGAGt0Dxjnp,Robert Green,robert.green@bluepeak-logistics.example,Bluepeak Logistics Inc.,self_serve,it_lead,logistics,CA,sub_1l5x0zsJqmTSUrZSbEYiENgN
ch_3tek8CjaMNTMbfu6qjrbsxOk,2024-08-25 08:27:16,succeeded,1198.0,0.0,18.22,1179.78,card,,6DY36O0U-0003,subscription_cycle,6_month,2,cus_WjrNSYWm3SH9xJ,Laura Niemi,laura.niemi@brightmark-retail-group.example,Brightmark Retail Group,self_serve,it_lead,retail,FI,sub_1tSELp3mgr5AmlEGzZve0eol
ch_3yXTvH2wvBDBq37p6t23O7mq,2024-08-25 15:52:02,succeeded,1000.0,0.0,32.75,967.25,card,,981HTZLW-0002,subscription_cycle,12_month,1,cus_7g0D4Vu81I43MP,Sarah Scott,sarah.scott@bluecore-networks.example,Bluecore Networks LLC,self_serve,network_consultant,network_consulting,US,sub_1334gL0fbyuU5NvDlmYA1Xy5
ch_3hyqhNAqPJRkKyTbFwtuYhsC,2024-08-26 07:06:39,succeeded,599.0,0.0,19.72,579.28,card,,5U52A8YS-0002,subscription_cycle,6_month,1,cus_zVGeXtcArYTBDq,Mark Phillips,mark.phillips@brightstream-schools.example,Brightstream Schools LLC,self_serve,it_lead,education,US,sub_1x2cT9YqtbFcUmNdzuNWRyVv
ch_3L1D8Df7iiC7KVDhNeZyBfMZ,2024-08-26 11:24:40,succeeded,1000.0,0.0,32.75,967.25,card,,G7WVPE5J-0003,subscription_cycle,12_month,1,cus_9ONLRcfvT2ecAG,Brian Brown,brian.brown@mailbox.example,,self_serve,network_consultant,network_consulting,US,sub_1y5Vkj0SBF7KDryms4DFjSlt
ch_3yoovZ3vDxWSjlPwEycUMvVb,2024-08-27 12:49:26,succeeded,1000.0,0.0,32.75,967.25,card,,OACS77FM-0002,subscription_cycle,12_month,1,cus_td9i7plqHDEfD4,Josh Miller,josh.miller@miller-network-services.example,Miller Network Services,self_serve,network_consultant,network_consulting,AU,sub_1r9PJxdYFpvj4tpZCFHC2nzr
ch_3nC8kKKXjOubT7Q8pYVmi1V1,2024-08-27 14:00:29,succeeded,599.0,0.0,19.72,579.28,card,,N9JC1RZS-0004,subscription_cycle,6_month,1,cus_zvomjVpefdbOpn,Matt Roberts,matt.roberts@apexview-rf-consulting.example,Apexview RF Consulting,self_serve,network_consultant,network_consulting,AU,sub_1AFrBDfxXDTpl265088hPK1G
ch_38F63EJDMSUA8yFBLEhivSkU,2024-08-28 08:07:10,succeeded,1000.0,0.0,25.25,974.75,card,,SLPUW4QQ-0002,subscription_cycle,12_month,1,cus_M3kQpKsK0ROdJu,Carlos Murphy,carlos.murphy@crestline-systems-integration.example,Crestline Systems Integration Ltd,self_serve,head_of_wireless,it_services,GB,sub_15scQHGkk67UsIrey13IfvUS
ch_3Zm91FzKaKE1hpmJ1fqND8hZ,2024-08-29 11:59:51,succeeded,1000.0,0.0,15.25,984.75,card,,BS9YFPEA-0002,subscription_cycle,12_month,1,cus_j57gH7vi54J5qS,Lukas Neumann,lukas.neumann@clearpeak-retail-group.example,Clearpeak Retail Group,self_serve,it_lead,retail,DE,sub_1235BEX9pZSYwpe46PBS0YHa
ch_3I7t6wkmXo9NpKw8gP4Yl6vj,2024-08-29 14:29:04,succeeded,599.0,0.0,9.23,589.77,card,,LFJMYMGY-0002,subscription_cycle,6_month,1,cus_uTHDkl3tgqZbDo,Femke Bakker,femke.bakker@signalpoint-networks.example,Signalpoint Networks BV,self_serve,network_consultant,network_consulting,BE,sub_1v8GpiflU7zsM8IsWuTJ03DA
ch_3AU9KPPHNptz36BoDHoD8Uge,2024-08-29 17:36:52,succeeded,3000.0,0.0,45.25,2954.75,card,,CLWY0H3R-0001,subscription_create,12_month,3,cus_UCxDIK27UTiBQ6,Jan Hartmann,jan.hartmann@novaworks-managed-services.example,Novaworks Managed Services,self_serve,head_of_wireless,it_services,DE,sub_1fchpzpC1uj2blTB8DU7TNFd
ch_3ILUZmlX1wcTpNm9stNvsHL7,2024-08-30 14:49:07,succeeded,1000.0,0.0,15.25,984.75,card,,G8OQRJCH-0002,subscription_cycle,12_month,1,cus_7BLYWk6BkvM5Sg,Nicolas Rousseau,nicolas.rousseau@postbox.example,,self_serve,network_consultant,network_consulting,FR,sub_1GHYWji17b6nbMbwhWVo2xmz
ch_3LllDDSaWmWkvnb8GRDWMr7J,2024-08-30 16:13:17,succeeded,1000.0,0.0,6.35,993.65,sepa_debit,,EBYJGUJ4-0001,subscription_create,12_month,1,cus_mmLTSPjeSKTNNb,Katharina Fischer,katharina.fischer@harborport-wi-fi-solutions.example,Harborport Wi-Fi Solutions,self_serve,network_consultant,network_consulting,DE,sub_1FAkaCReenUew2aM0bN6F9fq
ch_3SsyqI9HOSWHepxl1BX4PpIe,2024-08-31 13:04:17,succeeded,1000.0,0.0,32.75,967.25,card,,I95ZJUK0-0002,subscription_cycle,12_month,1,cus_GXfGIEAksxidBd,Amanda Jones,amanda.jones@crestlink-warehousing.example,Crestlink Warehousing,self_serve,it_lead,logistics,US,sub_1Oe5ikFZz6yhmlgcV911OfZH
ch_3IuNfg0BeE677bzrmkt2Y3k7,2024-09-01 11:54:14,succeeded,1000.0,0.0,15.25,984.75,card,,44RH4CF3-0002,subscription_cycle,12_month,1,cus_FGag8J8yijxmyZ,Nicolas Leroy,nicolas.leroy@inbox.example,,self_serve,network_consultant,network_consulting,FR,sub_1AqIbqsPTyjao9HSDChvoSmP
ch_3HWHgpxS9oclYPo5dvTSFUtJ,2024-09-01 14:43:42,succeeded,1000.0,0.0,32.75,967.25,card,,O3GSNB1O-0001,subscription_create,12_month,1,cus_gAcmkpqNt7kCnD,Raj Davis,raj.davis@davis-network-services.example,Davis Network Services LLC,self_serve,network_consultant,network_consulting,US,sub_128lBfuvfg8rUNAYKfWUpnyB
ch_3RUFqty9xQannDLmOStxA561,2024-09-02 09:03:00,succeeded,1198.0,0.0,18.22,1179.78,card,,S6I072Q5-0002,subscription_cycle,6_month,2,cus_ETuZBXZOdBxH46,Javier Sánchez,javier.sanchez@mailbox.example,,self_serve,network_consultant,network_consulting,ES,sub_1nm5IO2cJYlV7kIdQF7u3gTF
ch_3vZ08MEjSaOMSfGpVEa8w6Sk,2024-09-02 15:23:05,succeeded,599.0,0.0,9.23,589.77,card,,DK3IM0MW-0001,subscription_create,6_month,1,cus_qVAkzJZcvsQCmL,Ville Ahonen,ville.ahonen@ahonen-network-services.example,Ahonen Network Services,self_serve,network_consultant,network_consulting,FI,sub_1tjuFeLzwFE7JifHdobXtNQs
ch_3qCNN4nKfcOiE5ewYNgNFZ1J,2024-09-02 19:03:03,succeeded,599.0,0.0,9.23,589.77,card,,8SBP954O-0001,subscription_create,6_month,1,cus_KsPXF7HPCc5cK3,Tobias Schneider,tobias.schneider@summitpoint-foods.example,Summitpoint Foods GmbH,self_serve,it_lead,food_beverage,DE,sub_1E2RbzG9XedC3VVfXahVnv0n
ch_3IhOeS7U5m5KyBaWI3ztTVnQ,2024-09-04 14:06:06,succeeded,1000.0,0.0,15.25,984.75,card,,0RC59GWA-0003,subscription_cycle,12_month,1,cus_WJIMNz5Dn2b7Bp,Maarten Jansen,maarten.jansen@lumenlink-communications.example,Lumenlink Communications,self_serve,head_of_wireless,telecom,NL,sub_1rFT1DTHO5Et6L69PkoxcbqE
ch_3h9D1cebB1eP24oCs2thGxnU,2024-09-05 12:13:25,succeeded,1000.0,0.0,32.75,967.25,card,,WTLZJXEW-0002,subscription_cycle,12_month,1,cus_obnwHk5gWSmnBu,Steve White,steve.white@blueworks-clinics.example,Blueworks Clinics Inc.,self_serve,it_lead,healthcare,CA,sub_1EJNbJMy9npTj8TpZliUdkJa
ch_3AOHAX61EMMZX8V7KIrXV4g9,2024-09-05 15:32:17,succeeded,2000.0,0.0,65.25,1934.75,card,,H5D0BVTV-0001,subscription_create,12_month,2,cus_wuwvChWmnmMxlW,Andreas Braun,andreas.braun@postbox.example,,self_serve,network_consultant,network_consulting,CH,sub_1SGdJkJRBI62FTQReUE5NRlZ
ch_3gXrQBgkg7sY00sEXb5trJMl,2024-09-06 18:39:43,failed,2000.0,0.0,,,card,card_declined,CYIROZIN-0002,subscription_cycle,12_month,2,cus_0xUDHXG4PIWz7D,Jason Phillips,jason.phillips@balticpoint-managed-services.example,Balticpoint Managed Services,self_serve,head_of_wireless,it_services,US,sub_1vzJ7mB4s29ac8dQJ5HCm72X
ch_3hCoNS3RFKhjcoxpzGO3JcQT,2024-09-06 23:56:47,failed,2000.0,0.0,,,card,card_declined,IT3T9Y61-0002,subscription_cycle,12_month,2,cus_heOkBIpQSe0Rxc,Chris Jones,chris.jones@auroracore-retail-group.example,Auroracore Retail Group,self_serve,it_lead,retail,US,sub_1yo4pZkiH2qo24aNOyKF6Ox5
ch_3eMgdtLhxSWrgN03SPTWD2KN,2024-09-07 14:46:02,succeeded,2000.0,0.0,65.25,1934.75,card,,XY8O6O3L-0001,subscription_create,12_month,2,cus_yVYNoui2wc2bw3,Robert Campbell,robert.campbell@vertexlink-media.example,Vertexlink Media,self_serve,it_lead,media,US,sub_1umXoM3uWuCgBzIPloCn4TIb
ch_38R5cUha8WLKiA4rnLVUStvN,2024-09-08 12:12:08,succeeded,1000.0,0.0,15.25,984.75,card,,EHKC032G-0002,subscription_cycle,12_month,1,cus_e94f8z2p8NNymg,Wouter Hendriks,wouter.hendriks@hendriks-wireless-consulting.example,Hendriks Wireless Consulting B.V.,self_serve,network_consultant,network_consulting,NL,sub_1KO5vIDxeXJHqxvkKVtydsIg
ch_3e2LSXbfNWxdQEbHjbTRgr4Z,2024-09-09 00:59:01,succeeded,1000.0,0.0,15.25,984.75,card,,EIW2B9YA-0001,subscription_create,12_month,1,cus_LjxDPjroBdQoxB,Tobias Zimmermann,tobias.zimmermann@zimmermann-network-services.example,Zimmermann Network Services,self_serve,network_consultant,network_consulting,DE,sub_1xhLjYvWjW5UxxYVmyDVKbhB
ch_3s9cgEqF4WMutUgP1ecxR7CF,2024-09-09 11:29:20,succeeded,599.0,0.0,15.23,583.77,card,,470K965G-0001,subscription_create,6_month,1,cus_lUmqKHNBKahNpg,Amanda Johnson,amanda.johnson@johnson-network-services.example,Johnson Network Services Ltd,self_serve,network_consultant,network_consulting,GB,sub_1Vcic8rPnuaNopthupkOL0aQ
ch_3Ryo0BVRTQdvfBNmvKXofAkE,2024-09-09 16:18:24,succeeded,599.0,0.0,15.23,583.77,card,,DEF6UBIG-0001,subscription_create,6_month,1,cus_TJC92H5Zy6m9pR,Sarah Johnson,sarah.johnson@crestworks-foods.example,Crestworks Foods,self_serve,it_lead,food_beverage,GB,sub_1axVa1rr3rBmwRgeh2Jif1Wp
ch_3UMlyO0aI0Ly89aFwzqYjGLr,2024-09-09 19:16:43,succeeded,2000.0,0.0,65.25,1934.75,card,,CYIROZIN-0002,subscription_cycle,12_month,2,cus_0xUDHXG4PIWz7D,Jason Phillips,jason.phillips@balticpoint-managed-services.example,Balticpoint Managed Services,self_serve,head_of_wireless,it_services,US,sub_1vzJ7mB4s29ac8dQJ5HCm72X
ch_3avKqocfvItM1l46yeQA9CE5,2024-09-10 00:54:47,succeeded,2000.0,0.0,65.25,1934.75,card,,IT3T9Y61-0002,subscription_cycle,12_month,2,cus_heOkBIpQSe0Rxc,Chris Jones,chris.jones@auroracore-retail-group.example,Auroracore Retail Group,self_serve,it_lead,retail,US,sub_1yo4pZkiH2qo24aNOyKF6Ox5
ch_36nkxDvv9zKUlMuN7y9Zj9SV,2024-09-10 12:03:42,succeeded,2000.0,0.0,30.25,1969.75,card,,F5QH1C5G-0001,subscription_create,12_month,2,cus_RZGyMYjJ7aiLIs,Jeroen Meijer,jeroen.meijer@cedarbridge-warehousing.example,Cedarbridge Warehousing,self_serve,it_lead,logistics,NL,sub_1BX6nbh2Ei2Ay0asI9GKvhZC
ch_37TNedqg2cOVEVHBxVgkbIOo,2024-09-10 13:06:14,succeeded,1000.0,0.0,15.25,984.75,card,,RCCG8K99-0002,subscription_cycle,12_month,1,cus_nrdJehu0T6kTJa,Nils Nilsson,nils.nilsson@postbox.example,,self_serve,network_consultant,network_consulting,SE,sub_1pAgzkvnFfv2bfmqC7nyQHRw
ch_3I6LjeCUHGIjAbhxm28qLfDI,2024-09-12 10:27:39,succeeded,1000.0,0.0,15.25,984.75,card,,XET173ZO-0001,subscription_create,12_month,1,cus_BPM1EDWq2vifNT,Karin Madsen,karin.madsen@granitemark-networks.example,Granitemark Networks,self_serve,network_consultant,network_consulting,SE,sub_1mPUJFh0Doa4fiLrEBlXrFA5
ch_3yry1nZhH1VzyiRCUekjYZV7,2024-09-12 23:54:40,succeeded,3000.0,0.0,97.75,2902.25,card,,K0XP6INP-0002,subscription_cycle,12_month,3,cus_nCFjbqDnSz11co,Josh Scott,josh.scott@apexpath-technology-group.example,Apexpath Technology Group,self_serve,head_of_wireless,it_services,US,sub_1g1I9gy0n4MEbKUf7f7NJTRs
ch_3UJKC30F6b3whwMqIPz7yjY2,2024-09-13 13:02:28,succeeded,1000.0,0.0,32.75,967.25,card,,9BDACPXN-0001,subscription_create,12_month,1,cus_AZIjeTfXl2eHZm,Olivia Davis,olivia.davis@davis-network-services.example,Davis Network Services Inc.,self_serve,network_consultant,network_consulting,CA,sub_1RoARsNamNK5MAW3zNc0SEKo
ch_3IgDvEmFele7KuCyEsG8kKnI,2024-09-13 14:56:34,succeeded,1000.0,0.0,32.75,967.25,card,,S9SEAK66-0004,subscription_cycle,12_month,1,cus_dcw8T3i2xbRte5,Rachel Nelson,rachel.nelson@blueline-networks.example,Blueline Networks LLC,self_serve,network_consultant,network_consulting,US,sub_1fDWCAIAXvOVIeaXKtmRI9DV
ch_3QznoWjuxjEaOx4p2kHlryud,2024-09-15 14:16:53,succeeded,1198.0,0.0,18.22,1179.78,card,,D6XZLO6R-0001,subscription_create,6_month,2,cus_x1A12JiwuRZaMn,Maarten Mulder,maarten.mulder@harborpoint-schools.example,Harborpoint Schools B.V.,self_serve,it_lead,education,NL,sub_1ZXEQ74KxRnXFhYyLjDsPv17
ch_3D9W09W2KXB1vGyVX8xVAJWs,2024-09-16 09:20:51,succeeded,599.0,0.0,5.14,593.86,sepa_debit,,5TERFD3Y-0001,subscription_create,6_month,1,cus_bfUVaZwBJaDmxE,Sanna Heikkinen,sanna.heikkinen@silvermark-properties.example,Silvermark Properties,self_serve,it_lead,real_estate,FI,sub_1194azlTEKo8w1bp607lduoQ
ch_3i4dalNqBEc37E4rEGbGgt9F,2024-09-16 10:18:01,succeeded,599.0,0.0,19.72,579.28,card,,112617JL-0001,subscription_create,6_month,1,cus_UrJ3Ozm5GCuNW5,Megan Phillips,megan.phillips@balticpeak-foods.example,Balticpeak Foods LLC,self_serve,it_lead,food_beverage,US,sub_1Ue0lMEaVWihkciitJeQ5WGr
ch_3sM7WHoNH5FkbTFCA6zb7mVI,2024-09-16 18:54:40,succeeded,1000.0,0.0,15.25,984.75,card,,11KM54CH-0001,subscription_create,12_month,1,cus_WAGX3VciU8IGbB,Marta López,marta.lopez@summitmark-industries.example,Summitmark Industries S.L.,self_serve,it_lead,manufacturing,ES,sub_1UmTmkoTQDSNavTvvtTEiujd
ch_3m0evXWONdPmGVpmAN7ie70x,2024-09-17 07:17:43,failed,1000.0,0.0,,,card,card_declined,NHGQ2XJR-0001,subscription_create,12_month,1,cus_N30afRy9ph8g2w,John Adams,john.adams@mailbox.example,,self_serve,network_consultant,network_consulting,GB,sub_1mnRBDycjwHrKFDOJ6yCrLZ5
ch_3SjlbEfG44munqdaQgB5NByO,2024-09-17 07:25:54,succeeded,1000.0,0.0,25.25,974.75,card,,NHGQ2XJR-0001,subscription_create,12_month,1,cus_N30afRy9ph8g2w,John Adams,john.adams@mailbox.example,,self_serve,network_consultant,network_consulting,GB,sub_1mnRBDycjwHrKFDOJ6yCrLZ5
ch_33YTvDSH7ohiZSTIEQRtTtq4,2024-09-17 10:10:38,succeeded,599.0,0.0,9.23,589.77,card,,VVVPGMBM-0001,subscription_create,6_month,1,cus_YjzGnpRNwi8g0x,Thomas Wagner,thomas.wagner@nordicfield-warehousing.example,Nordicfield Warehousing,self_serve,it_lead,logistics,DE,sub_1y1ZtQ7xHOjlLjpHhtlzvOW2
ch_3nmPfifJIifuEjRS6BFqC5q8,2024-09-18 05:39:54,succeeded,599.0,0.0,9.23,589.77,card,,QL73V2DW-0003,subscription_cycle,6_month,1,cus_n3FGGArfVspwGM,Julia Fischer,julia.fischer@atlasport-systems-integration.example,Atlasport Systems Integration GmbH,self_serve,head_of_wireless,it_services,DE,sub_11Ws622DPyqVuJ9PEjn8nIpo
ch_377luKR41vjDbLQdPmW3n5Wb,2024-09-18 11:24:27,succeeded,599.0,0.0,9.23,589.77,card,,RGOTFY3R-0001,subscription_create,6_month,1,cus_gwwfmdXQggE0gS,Daniel Edwards,daniel.edwards@postbox.example,,self_serve,network_consultant,network_consulting,IE,sub_1NBOrSaNlB3kCdy0khSDeMcp
ch_3Da0N2ol8bouNK74jf4t0EHy,2024-09-18 17:00:33,succeeded,1000.0,0.0,32.75,967.25,card,,RM9NGT1Q-0001,subscription_create,12_month,1,cus_O00p7EDFNQfXHy,Robert Johnson,robert.johnson@alpinecore-media.example,Alpinecore Media LLC,self_serve,it_lead,media,US,sub_1CTC2G7At0TwYwRwsPCdiUFb
ch_3lGsuxlt1zoKUrtjRBxYX3TX,2024-09-20 13:06:27,failed,1198.0,0.0,,,card,card_declined,X2JBCN3B-0001,subscription_create,6_month,2,cus_vvaTmVt1atIkZy,Chiara Marino,chiara.marino@beaconworks-rf-consulting.example,Beaconworks RF Consulting S.r.l.,self_serve,network_consultant,network_consulting,IT,sub_1vORLnToch3uZcy0yo5CTz9a
ch_3t3eYbQ4bUVrT7isTklY5RuH,2024-09-20 13:10:32,succeeded,1198.0,0.0,18.22,1179.78,card,,X2JBCN3B-0001,subscription_create,6_month,2,cus_vvaTmVt1atIkZy,Chiara Marino,chiara.marino@beaconworks-rf-consulting.example,Beaconworks RF Consulting S.r.l.,self_serve,network_consultant,network_consulting,IT,sub_1vORLnToch3uZcy0yo5CTz9a
ch_3Ouqb4tf74ye9g8WdmCKoomh,2024-09-20 15:10:28,succeeded,1000.0,0.0,15.25,984.75,card,,L6YST2MX-0002,subscription_cycle,12_month,1,cus_4yhuaOhdvtfdNQ,Koen Bakker,koen.bakker@orbitpeak-technology-group.example,Orbitpeak Technology Group B.V.,self_serve,head_of_wireless,it_services,NL,sub_1J2Iht9edMkg5MrKD3gj2vED
ch_36byI7ikIMgq6BveSThU6EPU,2024-09-20 19:53:58,succeeded,3000.0,0.0,97.75,2902.25,card,,SCLLI670-0001,subscription_create,12_month,3,cus_lXpi7lW9wn2jpI,Kevin Patel,kevin.patel@polarline-technology-group.example,Polarline Technology Group,self_serve,head_of_wireless,it_services,US,sub_1PWcTEAMFjgC8KMNzMJ5NTGr
ch_3KYHJ8kzVFHaDN3nodTlVnnj,2024-09-20 23:38:38,succeeded,599.0,0.0,9.23,589.77,card,,7RLMRWEJ-0001,subscription_create,6_month,1,cus_tJGKYcTcSNE8rb,Uwe Neumann,uwe.neumann@crestgate-industries.example,Crestgate Industries GmbH,self_serve,it_lead,manufacturing,DE,sub_1fZWCDhNgW3FYwGKyLfxPEEF
ch_3kjD6CWVJr5rh7XRcYmVYgS2,2024-09-21 12:44:30,succeeded,1198.0,0.0,18.22,1179.78,card,,T0LGSZQ1-0002,subscription_cycle,6_month,2,cus_O9fy0WLuCKiYXf,Petri Koskinen,petri.koskinen@novamark-wi-fi-solutions.example,Novamark Wi-Fi Solutions,self_serve,network_consultant,network_consulting,FI,sub_1w9i3UTHqUKTxsdtUNDT41Hv
ch_3LRXvS1lAEqK4EK04wGsr6D5,2024-09-21 12:46:15,failed,1000.0,0.0,,,card,expired_card,NOQHSK8C-0003,subscription_cycle,12_month,1,cus_sFrZCDlhI4Iy51,Kate Jackson,kate.jackson@mailbox.example,,self_serve,network_consultant,network_consulting,NZ,sub_1h4nzijPTaVCGoaO22SeIrOo
ch_32mfQJ9e4WNCdG9m1cBRZGiA,2024-09-22 11:41:53,succeeded,1000.0,0.0,32.75,967.25,card,,BTSMW3VW-0002,subscription_cycle,12_month,1,cus_K6Ulmo2WM62UTR,Ben Williams,ben.williams@maplebridge-telecom.example,Maplebridge Telecom LLC,self_serve,head_of_wireless,telecom,US,sub_1y7WBwAxUe5up3Q94ETxHf8c
ch_3ock4TZs3cNMW48zNbtioVC0,2024-09-22 20:47:18,succeeded,1000.0,0.0,15.25,984.75,card,,IGMUAY8W-0002,subscription_cycle,12_month,1,cus_rYqHEPu7HA9C2n,Matteo Bruno,matteo.bruno@northmark-properties.example,Northmark Properties S.r.l.,self_serve,it_lead,real_estate,IT,sub_1ZEXiAZRi3zogVSzzCt5kqkg
ch_3L9dY5OOklKb2BPZdoMNNqsB,2024-09-23 03:50:47,succeeded,1000.0,0.0,25.25,974.75,card,,WCIRCIHD-0001,subscription_create,12_month,1,cus_GJGt6oghUkLU0X,Robert Baker,robert.baker@ironpoint-foods.example,Ironpoint Foods,self_serve,it_lead,food_beverage,GB,sub_187JPLoV1DwsNnspJvWzaV0w
ch_3vDbpHhjsOQdL6cpoxxtwdWS,2024-09-24 13:18:15,succeeded,1000.0,0.0,32.75,967.25,card,,NOQHSK8C-0003,subscription_cycle,12_month,1,cus_sFrZCDlhI4Iy51,Kate Jackson,kate.jackson@mailbox.example,,self_serve,network_consultant,network_consulting,NZ,sub_1h4nzijPTaVCGoaO22SeIrOo
ch_3CcJFqqQLKFIYi44JtBwXxN6,2024-09-24 17:27:25,succeeded,3000.0,0.0,97.75,2902.25,card,,SVLG8LDU-0001,subscription_create,12_month,3,cus_YhWhQSedwWM6ps,Rachel Moore,rachel.moore@lumenfield-systems-integration.example,Lumenfield Systems Integration,self_serve,head_of_wireless,it_services,AU,sub_1L8mfnLTAEOlsHndZvsXH1p3
ch_30yV3QLEM47uYWTYLCU5UvZn,2024-09-27 11:53:57,succeeded,2000.0,0.0,30.25,1969.75,card,,P0Q18VWU-0001,subscription_create,12_month,2,cus_49RYiJy11h3dCf,Alejandro Moreno,alejandro.moreno@signalport-technology-group.example,Signalport Technology Group,self_serve,head_of_wireless,it_services,ES,sub_1VfcYx2VGMPL9xy0mgwGfUN2
ch_3zCuROLcEjhrU6tPonCBOvIT,2024-09-27 14:32:37,succeeded,2000.0,0.0,30.25,1969.75,card,,TXTSULQL-0001,subscription_create,12_month,2,cus_UgDnjCoLTshp1d,Kari Heikkinen,kari.heikkinen@postbox.example,,self_serve,network_consultant,network_consulting,FI,sub_15DrjimIjHYhUwkqHad0Gp0M
py_3Ig3UIWGNs9e6x71FEAmOfgJ,2024-09-27 16:51:07,succeeded,150000.0,0.0,5.0,149995.0,bank_transfer,,1N2FR0LR-0002,subscription_cycle,enterprise,1,cus_vOOf2SbGKVWrE6,St. Alder Regional Health System,accounts.payable@st-alder-regional-health-system.example,St. Alder Regional Health System,enterprise,,hospital,US,sub_1ejrk26LCXYX7TFG9Bakb5fx
ch_3NYeyB6BmurPKkS5WqUyzdOy,2024-09-27 17:27:25,succeeded,1000.0,0.0,32.75,967.25,card,,LOTEBBD1-0001,subscription_create,12_month,1,cus_m0ddby8kYhnAeM,Carlos Nelson,carlos.nelson@atlasstream-retail-group.example,Atlasstream Retail Group,self_serve,it_lead,retail,US,sub_1rbDZnqacZpklEXLlWfVaErJ
ch_3X4w4jvC5g6cPesxTvam5wam,2024-09-28 08:18:50,succeeded,1000.0,0.0,32.75,967.25,card,,XDVJO63A-0002,subscription_cycle,12_month,1,cus_3bl51DzMrPbaKT,Robert Adams,robert.adams@greenport-foods.example,Greenport Foods Pty Ltd,self_serve,it_lead,food_beverage,AU,sub_1h7Ftdj7qV9Dq3YtetT3RJxH
ch_3AaoZ0kxHI5Jalb1t1dheZIT,2024-09-28 10:12:23,succeeded,599.0,0.0,9.23,589.77,card,,94UKBJO1-0002,subscription_cycle,6_month,1,cus_q13JaJRoTC0QQr,Lauri Turunen,lauri.turunen@pinepath-retail-group.example,Pinepath Retail Group,self_serve,it_lead,retail,FI,sub_1Y10HkedfcNBXAJEiy0JIzOL
ch_3e4GqQ9lZJmrjHAf4X6BY1Im,2024-09-28 13:28:10,succeeded,2000.0,0.0,30.25,1969.75,card,,IQSO0EZQ-0001,subscription_create,12_month,2,cus_iGFeG3ubh1Csay,Chiara Russo,chiara.russo@greenmark-partners.example,Greenmark Partners S.r.l.,self_serve,it_lead,professional_services,IT,sub_1PFaOndJnRsiYzSZrz4lEXSe
ch_3PltDRKsWWaM8bM72A42CFnj,2024-09-29 13:43:59,succeeded,1000.0,0.0,32.75,967.25,card,,3ROQ98SU-0002,subscription_cycle,12_month,1,cus_vDLr2xIXmH3Doo,Daniel Thomas,daniel.thomas@greenfield-properties.example,Greenfield Properties LLC,self_serve,it_lead,real_estate,US,sub_11gyqFVBwqkI8zYgXUoBJxQi
ch_3DE8RgJg8AZ4df4n6SvG47D9,2024-10-02 14:23:12,succeeded,1000.0,0.0,15.25,984.75,card,,X3IJL3GB-0001,subscription_create,12_month,1,cus_Rlqp84TKkqD2uR,Andrea Conti,andrea.conti@conti-network-services.example,Conti Network Services S.r.l.,self_serve,network_consultant,network_consulting,IT,sub_1Sc7wx5K1jPplIWaS4URoSfo
ch_3pgWFpYBM0nK2cIZ5G2sVezi,2024-10-02 17:25:37,succeeded,1000.0,0.0,25.25,974.75,card,,GIEA9MIV-0002,subscription_cycle,12_month,1,cus_cZ5B9qtfjvi5qU,David Harris,david.harris@polarstream-foods.example,Polarstream Foods,self_serve,it_lead,food_beverage,GB,sub_1TglFAhlOxFXz53EF6kPmaFx
ch_3fFA51zeSifujVSN2gLLKoNc,2024-10-02 18:58:21,succeeded,599.0,0.0,9.23,589.77,card,,B6K9BY1G-0002,subscription_cycle,6_month,1,cus_rDpzgRx4bOrIc7,Emma Andersson,emma.andersson@cedarlink-networks.example,Cedarlink Networks,self_serve,network_consultant,network_consulting,SE,sub_1OoGxS1utSOza5c4Makd9Zuj
ch_3qcDUOu9ChmE26LEOeoWOThE,2024-10-03 07:57:09,succeeded,599.0,0.0,9.23,589.77,card,,5VDTMU3D-0002,subscription_cycle,6_month,1,cus_04EUP2QR2KkE7G,Sanne van den Berg,sanne.vandenberg@brightstream-logistics.example,Brightstream Logistics,self_serve,it_lead,logistics,BE,sub_1HSr3SHi7y60neg1RgLyxHXR
ch_3ctGf230y6xMIZYbKuHi4g8W,2024-10-04 09:16:10,succeeded,1198.0,0.0,18.22,1179.78,card,,8KK58QVR-0002,subscription_cycle,6_month,2,cus_cQlnMEnClb6AzP,Julie Rousseau,julie.rousseau@westworks-networks.example,Westworks Networks SAS,self_serve,network_consultant,network_consulting,FR,sub_1jr2XU0QpBg8H5wkazIKyy4W
ch_3YcrBtElQ1K07LD3ylky5fk9,2024-10-05 11:20:15,succeeded,1000.0,0.0,15.25,984.75,card,,Z2RIMSI6-0002,subscription_cycle,12_month,1,cus_qyyg9NSApXtw98,María Ruiz,maria.ruiz@ruiz-network-services.example,Ruiz Network Services,self_serve,network_consultant,network_consulting,ES,sub_10cHLU9ir7ULl7b4XTLc1fP4
ch_3YrV2n2tgxFy1eC9JOmbUVF1,2024-10-05 21:17:29,succeeded,2000.0,0.0,50.25,1949.75,card,,S5965XGD-0002,subscription_cycle,12_month,2,cus_Rrro1XKM9hymrm,Eric Evans,eric.evans@bluelink-logistics.example,Bluelink Logistics Ltd,self_serve,it_lead,logistics,GB,sub_1CF4u8Pz3t4um8COqRqPjOAB
ch_3qIxxWSD4fA54cyP05nRmtRp,2024-10-06 07:26:13,succeeded,1000.0,0.0,32.75,967.25,card,,1YHXNB6Q-0002,subscription_cycle,12_month,1,cus_bFrbXgaJMucVpM,Amanda Johnson,amanda.johnson@orbitpath-industries.example,Orbitpath Industries,self_serve,it_lead,manufacturing,CA,sub_1cyL5b9HECdZCVLzRfoT0Fia
ch_3ZMHbcblP1gVU46MGHRDGbqq,2024-10-06 08:59:00,succeeded,1000.0,0.0,15.25,984.75,card,,KG7RTN9Q-0001,subscription_create,12_month,1,cus_n6gLHQm0WH4gAg,Jonas Nilsson,jonas.nilsson@atlasview-rf-consulting.example,Atlasview RF Consulting,self_serve,network_consultant,network_consulting,SE,sub_1DQkPlwJudoXe7xtgUup4b3x
ch_3GGgss60iBpxCTFeDy9qV2L6,2024-10-08 13:44:48,succeeded,2000.0,0.0,65.25,1934.75,card,,UEKPWOE4-0001,subscription_create,12_month,2,cus_NGqPlswAHDy1Pz,Michael Baker,michael.baker@baker-network-services.example,Baker Network Services LLC,self_serve,network_consultant,network_consulting,US,sub_1ixm5wcG1o78P5PKNa6Hj4TT
ch_36kPFtYhqYp0twhHTSY43aAZ,2024-10-09 11:37:45,succeeded,599.0,0.0,9.23,589.77,card,,8V0CJ17R-0003,subscription_cycle,6_month,1,cus_VXhOp91qtLkvNU,Florian Weber,florian.weber@greenlink-it-solutions.example,Greenlink IT Solutions GmbH,self_serve,head_of_wireless,it_services,DE,sub_1zDgQl9VkUyBiWA37lKPNpli
ch_3JxaQC1xrERvmGVX408qJH5O,2024-10-09 14:29:12,succeeded,599.0,0.0,9.23,589.77,card,,V8PJU90E-0001,subscription_create,6_month,1,cus_ix2xo6AtL35MbC,Antti Nieminen,antti.nieminen@inbox.example,,self_serve,network_consultant,network_consulting,FI,sub_1MHd7SPTpXcAx8a8i27JVurq
ch_3NnxqegISY9wfxhP7MWF9PbS,2024-10-10 09:43:05,succeeded,1000.0,0.0,32.75,967.25,card,,670N7R8N-0001,subscription_create,12_month,1,cus_chKYPYRFPY3NNZ,Rachel Campbell,rachel.campbell@granitepeak-wi-fi-solutions.example,Granitepeak Wi-Fi Solutions LLC,self_serve,network_consultant,network_consulting,US,sub_1iPzTVybBlvtCZRAgciaKLzy
ch_3YZ2xt0Cb6YHIB3JzYn9TCDZ,2024-10-10 11:05:57,succeeded,2000.0,0.0,65.25,1934.75,card,,FB0PIEGU-0002,subscription_cycle,12_month,2,cus_1Jof48xevpHbBA,Daniel Williams,daniel.williams@balticwave-industries.example,Balticwave Industries Pty Ltd,self_serve,it_lead,manufacturing,AU,sub_1e6Lvc2CP9TSDNAoLr1t8RWH
ch_3YwBJ8tomrSaeN4lXJcEyyza,2024-10-12 09:47:54,succeeded,2000.0,0.0,30.25,1969.75,card,,CTT7N062-0002,subscription_cycle,12_month,2,cus_rGPzkojL0To5rQ,Romain Fontaine,romain.fontaine@orbitbridge-construction.example,Orbitbridge Construction,self_serve,it_lead,construction,FR,sub_137y1kFzPbRciCPdaj018qDp
ch_3I5JpC7OlbtKKq8cOI0EXggI,2024-10-12 10:53:35,succeeded,5000.0,0.0,162.75,4837.25,card,,IWY7ZSMJ-0002,subscription_cycle,12_month,5,cus_qxLepgwWR0rjDx,Carlos Walker,carlos.walker@balticline-managed-services.example,Balticline Managed Services,self_serve,head_of_wireless,it_services,US,sub_1F4yRgImspJPAO3jnSYL40so
ch_3KTVpOVQswLoIFluJ7PQc1VG,2024-10-13 15:49:07,succeeded,599.0,0.0,19.72,579.28,card,,B0FX1K2I-0004,subscription_cycle,6_month,1,cus_x6iXaIzSNfPNvw,Rachel King,rachel.king@nordicworks-rf-consulting.example,Nordicworks RF Consulting,self_serve,network_consultant,network_consulting,US,sub_1kAoy2ozPOT3RhfAgMG5DsmK
ch_38guxCqfXYj0Zs5JFl13YlAy,2024-10-13 21:59:40,succeeded,1000.0,0.0,15.25,984.75,card,,06IB9EME-0001,subscription_create,12_month,1,cus_yZ8LLFdlKD7gQk,Ben Patel,ben.patel@silverfield-rf-consulting.example,Silverfield RF Consulting Ltd,self_serve,network_consultant,network_consulting,IE,sub_1AQ61CcqRRbJMm1LuZWuDCfE
ch_3c7RrFG6gKCPcop29GIVNAmw,2024-10-15 07:36:37,succeeded,3000.0,0.0,45.25,2954.75,card,,6LBU1HTD-0001,subscription_create,12_month,3,cus_7MngLSNK4z9eax,Rachel Davis,rachel.davis@mapleport-communications.example,Mapleport Communications Ltd,self_serve,head_of_wireless,telecom,IE,sub_1LYHKvoTNBNEkEjVri0t98YX
ch_3fCAHQKl0jyQYdsD8qJXwAlr,2024-10-16 05:57:14,succeeded,1000.0,0.0,32.75,967.25,card,,VQ7DH7Z0-0001,subscription_create,12_month,1,cus_GIMADe2QEvHusA,Megan Phillips,megan.phillips@apexpeak-networks.example,Apexpeak Networks,self_serve,network_consultant,network_consulting,US,sub_1rFuEBjfX8zyrMilXM0lhX0a
ch_35gdLGD1Iz7HQstwNhnQG2YM,2024-10-16 08:10:28,succeeded,1000.0,0.0,15.25,984.75,card,,5P5YQTQE-0002,subscription_cycle,12_month,1,cus_UNzQj1YRhDvnxw,Heidi Kinnunen,heidi.kinnunen@brightfield-wireless.example,Brightfield Wireless Oy,self_serve,network_consultant,network_consulting,FI,sub_1sL3JV25AE5eyDiphy2g08zA
ch_3THf6aZQdOHixAcDEVMGR20t,2024-10-17 07:46:48,succeeded,599.0,0.0,9.23,589.77,card,,KDO8X1CT-0001,subscription_create,6_month,1,cus_fJT9FslIFyiKOU,Nils Lindqvist,nils.lindqvist@silvergate-rf-consulting.example,Silvergate RF Consulting AB,self_serve,network_consultant,network_consulting,SE,sub_1kVBsWUe3Z29rSInP5lJZRMu
ch_3drLbExrRod6D5MmNDRKggb9,2024-10-18 10:29:23,failed,2000.0,0.0,,,card,expired_card,P0NX83AN-0003,subscription_cycle,12_month,2,cus_uXSyPDyKb2yIMt,Kevin Kim,kevin.kim@westview-rf-consulting.example,Westview RF Consulting Pty Ltd,self_serve,network_consultant,network_consulting,AU,sub_1RX8mnzWP1kjviAqIN200Jme
ch_3KZQyKM7wBDVpY2yauTai8nk,2024-10-18 11:59:45,succeeded,1000.0,0.0,32.75,967.25,card,,3KOQYEPJ-0001,subscription_create,12_month,1,cus_Tr28j7vaeNXiYj,John Carter,john.carter@beaconwave-it-solutions.example,Beaconwave IT Solutions Inc.,self_serve,head_of_wireless,it_services,CA,sub_1zC3pwzXQjkpkZwIIBkfliPV
ch_3R7auSo5cw8NjBc0Dnp1oy5E,2024-10-18 18:47:06,succeeded,1000.0,0.0,25.25,974.75,card,,VYXKUEHL-0003,subscription_cycle,12_month,1,cus_ujmYIEWvPmK1Wl,Brian Lewis,brian.lewis@lewis-network-services.example,Lewis Network Services Ltd,self_serve,network_consultant,network_consulting,GB,sub_1WgFdCupYGWuzroFQ3PTD8U0
ch_3AmSG7env4i0FGVjW0gSBNqe,2024-10-18 21:56:25,succeeded,2000.0,0.0,65.25,1934.75,card,,MK17G2WI-0001,subscription_create,12_month,2,cus_szDA1RrBrw1BLN,Paul Lewis,paul.lewis@pineworks-telecom.example,Pineworks Telecom LLC,self_serve,head_of_wireless,telecom,US,sub_1RMiQ8Fezrd5hP5MiZ0gQvt7
ch_3n4m4QzWIc0n4Pg6mj0dapNo,2024-10-20 15:29:24,succeeded,1000.0,0.0,32.75,967.25,card,,H9OLT3WL-0002,subscription_cycle,12_month,1,cus_WHIKsPAo6YmsmE,Rachel Young,rachel.young@young-wireless-consulting.example,Young Wireless Consulting,self_serve,network_consultant,network_consulting,CA,sub_1RV9B5Rp8E5YNTGjXzzsAC03
ch_3x3ZKC9hfEF6aSiJTqBJ1n71,2024-10-21 10:33:23,failed,2000.0,0.0,,,card,expired_card,P0NX83AN-0003,subscription_cycle,12_month,2,cus_uXSyPDyKb2yIMt,Kevin Kim,kevin.kim@westview-rf-consulting.example,Westview RF Consulting Pty Ltd,self_serve,network_consultant,network_consulting,AU,sub_1RX8mnzWP1kjviAqIN200Jme
ch_30JFYOyiMQMH3vyAx21LYAld,2024-10-21 13:44:51,succeeded,599.0,0.0,19.72,579.28,card,,XYB8FTBU-0002,subscription_cycle,6_month,1,cus_fybgKu3JQOvm7s,Tom Harris,tom.harris@harborworks-warehousing.example,Harborworks Warehousing LLC,self_serve,it_lead,logistics,US,sub_1Qfg5JKF1okuLhQNn3UbmLEQ
ch_3Vmxfo15oQC6On1SklL2kVpr,2024-10-22 09:40:56,succeeded,1000.0,0.0,32.75,967.25,card,,Y8CIAZ7I-0001,subscription_create,12_month,1,cus_GQIceU6qZNMLqX,Kevin Nelson,kevin.nelson@balticport-schools.example,Balticport Schools Ltd,self_serve,it_lead,education,NZ,sub_1RQLICF4emPW1wF7fsy0QzJR
ch_3LcIL5C7Q3gkpdEoM69Npzf3,2024-10-24 15:23:00,succeeded,599.0,0.0,19.72,579.28,card,,ZSZO57Z6-0001,subscription_create,6_month,1,cus_TqZwPRsDiY8PgW,Amanda Thompson,amanda.thompson@orbitport-wireless.example,Orbitport Wireless LLC,self_serve,network_consultant,network_consulting,US,sub_1qbvO5Kr8CuXCMwx61OtjZKX
ch_3EUjzXXjrVgjwYQJ4OBwAkbu,2024-10-25 13:47:49,succeeded,2000.0,0.0,30.25,1969.75,card,,A556517V-0003,subscription_cycle,12_month,2,cus_cISqDoWiXf1TsW,Stefan Wolf,stefan.wolf@wolf-network-services.example,Wolf Network Services GmbH,self_serve,network_consultant,network_consulting,DE,sub_18CBBw9HM60SvcDwxmnsm9pF
ch_3RPD3S6tTFqcE3mxLK4vWKZC,2024-10-25 14:43:29,succeeded,3000.0,0.0,45.25,2954.75,card,,60RDYF9X-0002,subscription_cycle,12_month,3,cus_Ct4toegjXJBWnw,Sander Dekker,sander.dekker@alpinemark-it-solutions.example,Alpinemark IT Solutions BV,self_serve,head_of_wireless,it_services,BE,sub_1RRSz6xYo0MYWWKnROAq03XO
ch_31mpfGur7hhP5P6ebHIvMSib,2024-10-26 11:20:23,succeeded,2000.0,0.0,65.25,1934.75,card,,P0NX83AN-0003,subscription_cycle,12_month,2,cus_uXSyPDyKb2yIMt,Kevin Kim,kevin.kim@westview-rf-consulting.example,Westview RF Consulting Pty Ltd,self_serve,network_consultant,network_consulting,AU,sub_1RX8mnzWP1kjviAqIN200Jme
ch_3T0O9doYxRO4Aj6ym4jGdoAY,2024-10-27 09:39:34,succeeded,1000.0,0.0,32.75,967.25,card,,NHULT017-0003,subscription_cycle,12_month,1,cus_A5NUM1mc4KzYv5,Emily Williams,emily.williams@aurorapoint-wi-fi-solutions.example,Aurorapoint Wi-Fi Solutions,self_serve,network_consultant,network_consulting,US,sub_1XGxhrTJUvZeuZi67uks87TT
ch_3nfwuuUkimeqDyYCtbger5P6,2024-10-27 12:29:26,succeeded,2000.0,0.0,65.25,1934.75,card,,U5UYC1HT-0002,subscription_cycle,12_month,2,cus_Wuumzv8nn19X0O,Paul Clark,paul.clark@cedarbridge-logistics.example,Cedarbridge Logistics,self_serve,it_lead,logistics,US,sub_12VGL1wuRzKshoSYNibqfu93
ch_34WspqIM5BfRL36JYfoxqWCs,2024-10-30 11:17:10,succeeded,1000.0,0.0,15.25,984.75,card,,TAOL0DFI-0001,subscription_create,12_month,1,cus_r8wI0czJWUSrux,Jessica Baker,jessica.baker@beaconline-communications.example,Beaconline Communications,self_serve,head_of_wireless,telecom,IE,sub_1iqQUNgd9B2CmragfUfmwsif
ch_3Wmz1pKVxyvouPQdMMF6z3kn,2024-10-30 13:03:48,succeeded,2995.0,0.0,6.35,2988.65,sepa_debit,,H4MO3F2B-0002,subscription_cycle,6_month,5,cus_TBlL4uhVrOes3n,Julia Krüger,julia.kruger@summitview-technology-group.example,Summitview Technology Group,self_serve,head_of_wireless,it_services,CH,sub_19Ycdj6GwvKDm9KhzD9LTyN1
ch_3gjnIyWfBGGza8FWuhlsSmkS,2024-10-30 15:59:46,succeeded,1000.0,0.0,15.25,984.75,card,,219KNECW-0002,subscription_cycle,12_month,1,cus_pfcpigwlAC0PIt,Jan Hartmann,jan.hartmann@orbitline-communications.example,Orbitline Communications GmbH,self_serve,head_of_wireless,telecom,DE,sub_1KNnkuu8Jsq5JXozdUL3t0lp
ch_3iCiInl5ZC9rJntChQ5S0P53,2024-10-30 16:34:05,succeeded,599.0,0.0,9.23,589.77,card,,GLYV94YP-0002,subscription_cycle,6_month,1,cus_n4JmkpQuMA3v7n,Thomas Bonnet,thomas.bonnet@clearview-hotels.example,Clearview Hotels SAS,self_serve,it_lead,hospitality,FR,sub_18uoDlQ6CJNyHl3mRrNqFhMP
ch_3NTcq20BHUmJUu4MmWEZdGTT,2024-10-30 23:17:21,succeeded,599.0,0.0,9.23,589.77,card,,IW88EVZA-0002,subscription_cycle,6_month,1,cus_9GIjsJUhwG07k1,Ville Hämäläinen,ville.hamalainen@granitegate-clinics.example,Granitegate Clinics Oy,self_serve,it_lead,healthcare,FI,sub_1aBbQ8XTBB8hY1W99wheVhut
ch_3zGDKNDivUexcBOsi21i94s8,2024-10-31 06:09:36,succeeded,3000.0,0.0,97.75,2902.25,card,,AW9XCIVH-0001,subscription_create,12_month,3,cus_tScbHEuptgnSjb,Ryan Murphy,ryan.murphy@pinepeak-technology-group.example,Pinepeak Technology Group,self_serve,head_of_wireless,it_services,US,sub_1JyO3SJTZFbrFYoV9YdrsSo4
ch_3UbW6u5TYTuOZiGnlrVufTeM,2024-10-31 09:54:02,succeeded,1000.0,0.0,32.75,967.25,card,,CLDPCQE2-0001,subscription_create,12_month,1,cus_4Hpas2HfcAZu3k,David Clark,david.clark@pinestream-warehousing.example,Pinestream Warehousing LLC,self_serve,it_lead,logistics,US,sub_1sabV6jqcl4jZjlsSfw5mA8N
ch_3VjIoDmM1Yr0qlxl9jalHdwX,2024-10-31 19:34:46,succeeded,2000.0,0.0,65.25,1934.75,card,,U12BIDGF-0001,subscription_create,12_month,2,cus_fYkwvX9KVvbrYG,Eric Kelly,eric.kelly@auroraview-foods.example,Auroraview Foods,self_serve,it_lead,food_beverage,NZ,sub_13MhOESo0W8V5oiN7inR8dnb
ch_3o6staazbqngI5UGJ7VoqRHL,2024-11-01 04:16:27,succeeded,1000.0,0.0,32.75,967.25,card,,DZWWR5KE-0001,subscription_create,12_month,1,cus_g1VKAQLYSxygQw,Carlos Kim,carlos.kim@mailbox.example,,self_serve,network_consultant,network_consulting,CA,sub_1QrRthfPHCkmHaWnUe1Y0WCw
ch_3Ddpvgxc8urQ9gWIIMIbaAid,2024-11-01 11:17:32,succeeded,1000.0,0.0,15.25,984.75,card,,TWDWXZ5Y-0001,subscription_create,12_month,1,cus_gZimNVm9VIYfM3,Erik Holm,erik.holm@aurorastream-networks.example,Aurorastream Networks,self_serve,network_consultant,network_consulting,SE,sub_1wysn2dpJ0i7khJC14nkgnf7
ch_3rcymgWEOLB3DLxeEIUPlLSY,2024-11-01 11:55:24,succeeded,1000.0,0.0,32.75,967.25,card,,5Q54KS47-0002,subscription_cycle,12_month,1,cus_Mtj704apHDoMDZ,Jessica Brown,jessica.brown@apexpoint-wireless.example,Apexpoint Wireless LLC,self_serve,network_consultant,network_consulting,US,sub_1wR2lO7sBrBwj9hmVfrcXjue
ch_3eRzDOvVsyCVCCu3HYb0dcbE,2024-11-01 12:08:48,succeeded,1198.0,0.0,18.22,1179.78,card,,4M4R9MF6-0001,subscription_create,6_month,2,cus_2WlC90GmbZoYkx,Stefan Neumann,stefan.neumann@auroramark-communications.example,Auroramark Communications,self_serve,head_of_wireless,telecom,DE,sub_1RNtO0e2gcuAqT63cpDwpqiX
ch_3rQREstNLj8dRjc8Qyz4dEcY,2024-11-01 12:55:55,succeeded,1000.0,0.0,15.25,984.75,card,,9E6ODFV0-0001,subscription_create,12_month,1,cus_Amp150wQg8sGxu,Jukka Lehtonen,jukka.lehtonen@vertexview-schools.example,Vertexview Schools,self_serve,it_lead,education,FI,sub_1geT749DWq5LZGs1Dg6Pw6jK
ch_3HPWtNo59D5uLv9JFJndc7He,2024-11-01 21:34:07,succeeded,1000.0,0.0,25.25,974.75,card,,578XDZ0S-0001,subscription_create,12_month,1,cus_Cqa597iWOfadjk,Ryan Edwards,ryan.edwards@polarview-foods.example,Polarview Foods Ltd,self_serve,it_lead,food_beverage,GB,sub_1g6eMUmGdtugomM4MRaqMSLo
ch_3JENPdzAiPdyMkOmcE3Ebqsf,2024-11-02 07:46:08,failed,1000.0,0.0,,,card,expired_card,P1NDERFM-0002,subscription_cycle,12_month,1,cus_iOpCXkp4o61wCL,Nicolas Moreau,nicolas.moreau@moreau-wireless-consulting.example,Moreau Wireless Consulting,self_serve,network_consultant,network_consulting,FR,sub_1HnjqPnYwfRJLzxdX0infMOk
ch_3lC7KppGBd3zkZxinoAFGBqT,2024-11-02 08:18:58,succeeded,1000.0,0.0,32.75,967.25,card,,9I43KOMH-0001,subscription_create,12_month,1,cus_hj0mJNBo2czXn3,Olivia Lee,olivia.lee@novacore-wireless.example,Novacore Wireless LLC,self_serve,network_consultant,network_consulting,US,sub_1wyTrHjFur0g7nuf7emvkzIt
ch_3HEuWHzWlUctCwdwVQKv0A6U,2024-11-02 09:40:22,succeeded,1797.0,0.0,58.65,1738.35,card,,QAYPQ7VE-0001,subscription_create,6_month,3,cus_a7W39vUDvbsPei,Josh Brown,josh.brown@auroraview-rf-consulting.example,Auroraview RF Consulting LLC,self_serve,network_consultant,network_consulting,US,sub_1cdQaFQSJb3xZrWeYuIFu7C5
ch_3CJeJTyqRrZInsuhURQdmAnh,2024-11-03 15:49:18,succeeded,1000.0,0.0,15.25,984.75,card,,BEDUS7J3-0002,subscription_cycle,12_month,1,cus_wH0sOrwUuDfPnZ,Niels Peeters,niels.peeters@nordicpeak-telecom.example,Nordicpeak Telecom B.V.,self_serve,head_of_wireless,telecom,NL,sub_1nEDtcnB77tShDRZpyTf0TAe
ch_3Nv7EsAADHlgMDOl2v0eZcy4,2024-11-04 11:18:22,succeeded,599.0,0.0,9.23,589.77,card,,E92NI6WQ-0001,subscription_create,6_month,1,cus_fxmWJdbplES87h,Sara Johansson,sara.johansson@polarworks-schools.example,Polarworks Schools AS,self_serve,it_lead,education,NO,sub_1bIoVZN86cbboSPRdAesHhB6
ch_33dxlaFvDeOCx8hacfdedTCo,2024-11-05 08:49:08,failed,1000.0,0.0,,,card,expired_card,P1NDERFM-0002,subscription_cycle,12_month,1,cus_iOpCXkp4o61wCL,Nicolas Moreau,nicolas.moreau@moreau-wireless-consulting.example,Moreau Wireless Consulting,self_serve,network_consultant,network_consulting,FR,sub_1HnjqPnYwfRJLzxdX0infMOk
ch_3bVLnB5s89yPlVMfiqgl1FeF,2024-11-05 13:18:28,succeeded,1000.0,0.0,15.25,984.75,card,,2X1UJKH3-0001,subscription_create,12_month,1,cus_NDzYc6GSKj16s1,Juho Ahonen,juho.ahonen@signalbridge-managed-services.example,Signalbridge Managed Services Oy,self_serve,head_of_wireless,it_services,FI,sub_1mbIgUXNhxPpVKFo5EZxZJv8
ch_3RIzJomNzz9yKW5yP2j5mgke,2024-11-05 14:29:17,succeeded,1000.0,0.0,25.25,974.75,card,,R88BVU59-0001,subscription_create,12_month,1,cus_Y74eDlZPQf3OUj,Wei Wilson,wei.wilson@pineport-wireless.example,Pineport Wireless,self_serve,network_consultant,network_consulting,GB,sub_1jQDZO7PS3CBUOvJ9VIeLNAP
ch_3W6K8THiHQdLSudU6uWZrUbv,2024-11-05 19:21:13,succeeded,599.0,0.0,9.23,589.77,card,,WXPO315Y-0001,subscription_create,6_month,1,cus_WT6hSTplTKMcxu,Uwe Weber,uwe.weber@weber-wireless-consulting.example,Weber Wireless Consulting,self_serve,network_consultant,network_consulting,AT,sub_1RJZglzd6kOPtBKwIlQle3Qw
ch_3FWZdYB35PAZ0XUELy10K8qF,2024-11-06 09:59:02,succeeded,1198.0,0.0,18.22,1179.78,card,,074AKGEY-0001,subscription_create,6_month,2,cus_hJdfHMRD7zqmX2,Sven Fischer,sven.fischer@lumencore-clinics.example,Lumencore Clinics,self_serve,it_lead,healthcare,AT,sub_1huKJ6oWNZXwwYvPo0LZKJDQ
ch_3RfUnTw5JnbSvrZvaDZn2YYW,2024-11-06 20:07:32,succeeded,1000.0,0.0,32.75,967.25,card,,0E5DHDNI-0001,subscription_create,12_month,1,cus_o3Mb3xkJvMWRMG,Olivia Brown,olivia.brown@westpeak-construction.example,Westpeak Construction,self_serve,it_lead,construction,US,sub_1HnvAR3JDX3qTJIFA8zoRGrH
ch_3e5n1tWgIk9zsb829WmsXwBq,2024-11-07 15:41:13,succeeded,599.0,0.0,19.72,579.28,card,,EIZY2MUU-0001,subscription_create,6_month,1,cus_hAoIU9BoWjbTCN,Paul Turner,paul.turner@balticpeak-wi-fi-solutions.example,Balticpeak Wi-Fi Solutions,self_serve,network_consultant,network_consulting,US,sub_1thpcoppYVvPpbje6lPyg2iH
ch_3H5JHIOFCjJdq4JK0w0l8MWW,2024-11-07 18:29:01,succeeded,2000.0,0.0,30.25,1969.75,card,,E0P0OU84-0001,subscription_create,12_month,2,cus_BM8pwK6IEjbqSw,Sanna Salminen,sanna.salminen@cedarfield-wi-fi-solutions.example,Cedarfield Wi-Fi Solutions Oy,self_serve,network_consultant,network_consulting,FI,sub_1fufKMF9GpvBnH6JtPbwejn6
ch_32zhhfG1uKrtr9074XMEJQaq,2024-11-07 19:53:29,succeeded,1000.0,0.0,15.25,984.75,card,,U8M68O8H-0002,subscription_cycle,12_month,1,cus_QCp8b5ZfXeM03v,Erik Dahl,erik.dahl@dahl-network-services.example,Dahl Network Services,self_serve,network_consultant,network_consulting,DK,sub_1qi9zVk2RtRqD3RSJWtACool
ch_3vjVnSxaF5yOIkO1cBZxYDzx,2024-11-10 08:42:08,failed,1000.0,0.0,,,card,expired_card,P1NDERFM-0002,subscription_cycle,12_month,1,cus_iOpCXkp4o61wCL,Nicolas Moreau,nicolas.moreau@moreau-wireless-consulting.example,Moreau Wireless Consulting,self_serve,network_consultant,network_consulting,FR,sub_1HnjqPnYwfRJLzxdX0infMOk
ch_3Qw2jJuou3LSEZsrMLtKeKV4,2024-11-10 12:46:44,succeeded,1000.0,0.0,32.75,967.25,card,,JB7DD27X-0002,subscription_cycle,12_month,1,cus_ba7LWageRejLxM,Daniel Clark,daniel.clark@pinegate-clinics.example,Pinegate Clinics,self_serve,it_lead,healthcare,US,sub_1vuvIX1PIfCenJnT7hmDfx4Z
ch_3QyW19LIjIvl81prN5sxbzOb,2024-11-10 23:08:47,succeeded,599.0,0.0,9.23,589.77,card,,OHM3NCQ6-0002,subscription_cycle,6_month,1,cus_wtvk7Vwxxjfpnc,Sami Salonen,sami.salonen@brightfield-construction.example,Brightfield Construction,self_serve,it_lead,construction,FI,sub_1SMHlPaJwlIJztr4tqOrpezF
ch_3c5nxDJ6WdF0iHus4k0G6Qzx,2024-11-11 18:55:22,succeeded,1000.0,0.0,32.75,967.25,card,,726K2YH2-0001,subscription_create,12_month,1,cus_Nl4ETAOcPOymbF,Matt Young,matt.young@lumenmark-wireless.example,Lumenmark Wireless LLC,self_serve,network_consultant,network_consulting,US,sub_1TTfqmTmGPoxz2ynT1VcpNQs
ch_3ID7I5zdbDWcwbxXZuCGNrcR,2024-11-13 16:09:48,succeeded,1797.0,0.0,27.21,1769.79,card,,8RAWAVVU-0003,subscription_cycle,6_month,3,cus_MXynEe9s0DyyXf,Andreas Hoffmann,andreas.hoffmann@stoneview-networks.example,Stoneview Networks,self_serve,network_consultant,network_consulting,DE,sub_1Nvb6oJdwW9MT7WRmgJw7hbp
ch_3ufsW2E3Az2IiGjTElJ09vNY,2024-11-14 05:26:03,succeeded,3000.0,0.0,75.25,2924.75,card,,JKG19HIT-0003,subscription_cycle,12_month,3,cus_mRjlTXsQMR0k6c,Carlos Nguyen,carlos.nguyen@bluegate-wireless-engineering.example,Bluegate Wireless Engineering Ltd,self_serve,head_of_wireless,network_consulting,GB,sub_19J6RALzKgNvyqk0YjkA4Cw8
ch_3X95JZnjow4ufYvBdkRqbdzI,2024-11-14 10:51:35,succeeded,1000.0,0.0,15.25,984.75,card,,SWN3G7G1-0001,subscription_create,12_month,1,cus_HIKYVknZjuOqLN,Jan Zimmermann,jan.zimmermann@silverlink-rf-consulting.example,Silverlink RF Consulting GmbH,self_serve,network_consultant,network_consulting,DE,sub_10koCJM2jSqPPV02qXSCbNfa
ch_3U6Olno9l2fpqHAHYzHcHhTj,2024-11-14 12:37:23,succeeded,1000.0,0.0,15.25,984.75,card,,0IITRZUG-0003,subscription_cycle,12_month,1,cus_Xa1uswYTdNRZ0j,Thijs de Jong,thijs.dejong@postbox.example,,self_serve,network_consultant,network_consulting,NL,sub_1kVG0nMN2B5DPZpo0LWsHwXc
ch_3d8LYjCXrOAl9nJPzYudEu7E,2024-11-15 12:26:15,succeeded,599.0,0.0,19.72,579.28,card,,4UCCG3EH-0001,subscription_create,6_month,1,cus_CqS5zgJAXqmcrY,Eric Nguyen,eric.nguyen@crestgate-rf-consulting.example,Crestgate RF Consulting,self_serve,network_consultant,network_consulting,US,sub_11Q0cZeLqA6zeP3eMHG8TAp6
ch_386dQWmESLNEhlBFUZAqoGgI,2024-11-15 13:31:55,succeeded,599.0,0.0,19.72,579.28,card,,EC71ORJI-0004,subscription_cycle,6_month,1,cus_PVjLRvL1PgrpdB,Michael Koch,michael.koch@postbox.example,,self_serve,network_consultant,network_consulting,CH,sub_1iCsWPM4kC2iYiKm02IEPAYU
ch_3VK0kZRp4rAbe6DrIpoeZsDV,2024-11-15 14:38:44,succeeded,1198.0,0.0,18.22,1179.78,card,,F5Z21IX1-0002,subscription_cycle,6_month,2,cus_eJfbMO0Po4eNFe,Jukka Hämäläinen,jukka.hamalainen@harborcore-hotels.example,Harborcore Hotels Oy,self_serve,it_lead,hospitality,FI,sub_1aQdp1bmsZis6AM8XAy9nPk8
ch_3BDWDd4Ex9CPsuGIgoBazTxA,2024-11-16 13:30:54,succeeded,2000.0,0.0,6.35,1993.65,sepa_debit,,B3ME94VX-0002,subscription_cycle,12_month,2,cus_LGxQ6qXDjkkrR3,Karin Andersson,karin.andersson@vertexline-communications.example,Vertexline Communications ApS,self_serve,head_of_wireless,telecom,DK,sub_1clTEjirvKYyPkqXzmc8QAEO
ch_3qMtwGAgh79E3o3AopEJvVF2,2024-11-16 14:06:20,succeeded,2000.0,0.0,65.25,1934.75,card,,SRFGSXNG-0003,subscription_cycle,12_month,2,cus_eG0LbYLQNwFFVA,Chris Baker,chris.baker@balticpoint-networks.example,Balticpoint Networks LLC,self_serve,network_consultant,network_consulting,US,sub_1hSQJEvjruoEa1xFIbYK1wJ4
ch_3Lc2W7jDbdgsLzV58bNoZMFu,2024-11-16 14:30:42,succeeded,1000.0,0.0,6.35,993.65,sepa_debit,,50F6727A-0003,subscription_cycle,12_month,1,cus_nk33htcGaay3ek,Rasmus Pedersen,rasmus.pedersen@alpineworks-retail-group.example,Alpineworks Retail Group ApS,self_serve,it_lead,retail,DK,sub_1I1nDU3KNpp6zyzVNuNhCrfD
ch_3YvtJQVxhgTnNFv6qkFDrLWE,2024-11-17 05:27:06,succeeded,1198.0,0.0,39.19,1158.81,card,,O24OYZOT-0002,subscription_cycle,6_month,2,cus_ozRBmto1dD4B8F,Brian Jones,brian.jones@atlasline-rf-consulting.example,Atlasline RF Consulting Inc.,self_serve,network_consultant,network_consulting,CA,sub_1WpaWaMl9vQJdJDlWuysFhw1
ch_39XZopQYmfQ1Ac67yee7ogVv,2024-11-17 12:19:49,succeeded,3000.0,0.0,97.75,2902.25,card,,6JG8TBMR-0003,subscription_cycle,12_month,3,cus_krYqVmzIdjjLZY,Sven Koch,sven.koch@silverpoint-rf-consulting.example,Silverpoint RF Consulting AG,self_serve,network_consultant,network_consulting,CH,sub_18Iv0d9WqDMwWHOEy9BqVUuN
ch_3mOtZnj5uRmwHBoGc7ZnJnCe,2024-11-17 16:26:24,succeeded,1000.0,0.0,25.25,974.75,card,,0AD55VCV-0001,subscription_create,12_month,1,cus_7NOWqxWZEXeZ0n,Ryan Parker,ryan.parker@auroraview-communications.example,Auroraview Communications Ltd,self_serve,head_of_wireless,telecom,GB,sub_1mlubbzLBdWgao1z19Oulrqj
ch_3EShu5R5NY3TR08TIacUn7TG,2024-11-18 10:53:02,succeeded,599.0,0.0,9.23,589.77,card,,T92F6ZDZ-0001,subscription_create,6_month,1,cus_IvV2tGxpXRd4IP,Kristian Karlsson,kristian.karlsson@novaline-logistics.example,Novaline Logistics,self_serve,it_lead,logistics,NO,sub_1G2hggTs0uaDntVhrV0Yo8gp
ch_3lhDDAM7PVTE8r8ZjjP0YmJi,2024-11-18 12:23:33,succeeded,599.0,0.0,15.23,583.77,card,,TYSPQY57-0001,subscription_create,6_month,1,cus_k9qFYiDUsk4m3z,Kate White,kate.white@deltapeak-wi-fi-solutions.example,Deltapeak Wi-Fi Solutions,self_serve,network_consultant,network_consulting,GB,sub_1nNfL0WA0zB57x7i6IvIc5ES
ch_3dCQ0F0TsoC3XY0FVJavGQmH,2024-11-19 12:02:04,succeeded,599.0,0.0,19.72,579.28,card,,VXA2A431-0001,subscription_create,6_month,1,cus_wq0Ed3Qapc52eY,Sabine Müller,sabine.muller@northline-wi-fi-solutions.example,Northline Wi-Fi Solutions,self_serve,network_consultant,network_consulting,CH,sub_1S5nwbXcYp61OVllXitrjlBv
ch_38HJZiAcVoGnjAfeGF43Xyp7,2024-11-19 13:44:38,succeeded,599.0,0.0,9.23,589.77,card,,334YEW7L-0001,subscription_create,6_month,1,cus_qZemQUGdrGuFqu,Koen Bos,koen.bos@bos-wireless-consulting.example,Bos Wireless Consulting,self_serve,network_consultant,network_consulting,BE,sub_18fbEeaDKdtDvDTf2ObWAoJm
ch_3FXrw7Gi8IT5zSDwk60UEG5z,2024-11-19 16:51:31,succeeded,599.0,0.0,9.23,589.77,card,,L8H30GTD-0001,subscription_create,6_month,1,cus_bEETmnGX2qBS77,Amanda Jackson,amanda.jackson@deltamark-hotels.example,Deltamark Hotels,self_serve,it_lead,hospitality,IE,sub_16BN7VXA4AtkWRw9OzzZSSb2
ch_3bIieglVoFRLXsOOOza0YbeO,2024-11-20 06:36:23,succeeded,1000.0,0.0,25.25,974.75,card,,MOFGE2MY-0001,subscription_create,12_month,1,cus_TdR79aDzJOTyjN,Olivia Lewis,olivia.lewis@silverwave-industries.example,Silverwave Industries Ltd,self_serve,it_lead,manufacturing,GB,sub_1eOOJJBtVzgCpf8RT7DpidlB
ch_3twS6dKrI2g025uOBDjgj6cN,2024-11-21 04:44:35,succeeded,1000.0,0.0,32.75,967.25,card,,A4LQFXC3-0001,subscription_create,12_month,1,cus_xMRnOhrH1PWytf,James Moore,james.moore@nordicmark-rf-consulting.example,Nordicmark RF Consulting LLC,self_serve,network_consultant,network_consulting,US,sub_10OIEspeHndGZZ4TZOwluhU1
ch_30xewu3xL0uJxQFMjkmj7qkF,2024-11-21 08:00:47,succeeded,3000.0,0.0,75.25,2924.75,card,,J4UUO1HL-0002,subscription_cycle,12_month,3,cus_fWS8LbDEkw0mb3,Matt King,matt.king@king-wireless-consulting.example,King Wireless Consulting,self_serve,network_consultant,network_consulting,GB,sub_13NrUBOFIpYtfGp3B8fDCznY
ch_32TgbTnI1lnsGwZv3NwtEAOj,2024-11-21 12:51:57,succeeded,1198.0,0.0,30.2,1167.8,card,,VK6SFG9L-0002,subscription_cycle,6_month,2,cus_IciQ1TUoQ34B07,Chris Johnson,chris.johnson@cleargate-clinics.example,Cleargate Clinics Ltd,self_serve,it_lead,healthcare,GB,sub_1fLhDtQvB975xVjB20VGrDVt
ch_3CEXyKVHI4XffGKsyexf5Nw6,2024-11-21 18:20:54,succeeded,599.0,0.0,19.72,579.28,card,,TPD94JYC-0001,subscription_create,6_month,1,cus_isEXPaafnsqEBx,Rachel Smith,rachel.smith@pinestream-wireless-engineering.example,Pinestream Wireless Engineering,self_serve,head_of_wireless,network_consulting,US,sub_1PdaAfW8ztqwHsVeU56ePeQQ
ch_3IJ1ACumEFnhQtgpJddpmywk,2024-11-23 04:22:24,succeeded,3000.0,0.0,75.25,2924.75,card,,YGG95D2A-0002,subscription_cycle,12_month,3,cus_4IBAPiNsoWnj2s,Ben Clark,ben.clark@summitwave-schools.example,Summitwave Schools,self_serve,it_lead,education,GB,sub_1LQ8MTAtOl3zOm1cUv5q0elF
ch_3kGOrqoio8Ve44xzjVH5RAat,2024-11-25 13:20:39,succeeded,2000.0,0.0,50.25,1949.75,card,,RKBIX07D-0001,subscription_create,12_month,2,cus_QkHEvYOenSQbG1,Andrew Adams,andrew.adams@harborworks-wi-fi-solutions.example,Harborworks Wi-Fi Solutions Ltd,self_serve,network_consultant,network_consulting,GB,sub_167s1PTrEons1t0qJbeaRWtp
ch_3ii1VyQFThTBpga3PpsH1xkL,2024-11-25 15:50:48,succeeded,1000.0,0.0,15.25,984.75,card,,M3BFKXC5-0001,subscription_create,12_month,1,cus_9MwuCjIhxIsd6d,Emma Sørensen,emma.sorensen@sorensen-wireless-consulting.example,Sørensen Wireless Consulting,self_serve,network_consultant,network_consulting,SE,sub_1EBsxqNLUTxBRmx7YqbVcFgc
ch_3PPHJ9FRctdmzuDzyOkymdwy,2024-11-25 19:08:43,succeeded,1000.0,0.0,32.75,967.25,card,,P3NWG9SS-0001,subscription_create,12_month,1,cus_RI44QIaQDsH1Hw,Sabine Koch,sabine.koch@balticpeak-wireless.example,Balticpeak Wireless,self_serve,network_consultant,network_consulting,CH,sub_1xhc2OewBZ6zEpWqoqiMK1JN
ch_34M4sd1ph3SgWSvOlIaz9WQ8,2024-11-25 20:15:32,succeeded,599.0,0.0,15.23,583.77,card,,PAQV6TL9-0001,subscription_create,6_month,1,cus_oTulPJcvfndfZX,Brian Moore,brian.moore@apexline-warehousing.example,Apexline Warehousing Ltd,self_serve,it_lead,logistics,GB,sub_1vVsWhGRi5SNT5fbhOK1KNos
ch_3E2R8TAaa1hktzKYk1MIhPJq,2024-11-26 07:39:43,succeeded,599.0,0.0,19.72,579.28,card,,LD2FWCPI-0001,subscription_create,6_month,1,cus_5e2LPbPaL5poSX,Michael Campbell,michael.campbell@postbox.example,,self_serve,network_consultant,network_consulting,US,sub_1pLIsqmEvfPCE7Zu2vUxF0F2
ch_3QsqlwpaJKkjWm0flDYk6Zwn,2024-11-27 14:38:13,succeeded,3000.0,0.0,97.75,2902.25,card,,0GODUL0X-0002,subscription_cycle,12_month,3,cus_dX2UDVwPtLUPgR,Raj Thomas,raj.thomas@deltaline-it-solutions.example,Deltaline IT Solutions LLC,self_serve,head_of_wireless,it_services,US,sub_1PC8QoOKEvC8tlhg8748B3zN
ch_3bElgPnMUfI2kej8PsgZjvSK,2024-12-01 13:42:43,succeeded,2000.0,0.0,50.25,1949.75,card,,AQTI8DGK-0004,subscription_cycle,12_month,2,cus_u7WE0s6vJL5l1h,Priya Baker,priya.baker@orbitpath-networks.example,Orbitpath Networks Ltd,self_serve,network_consultant,network_consulting,GB,sub_1y9OUntD5zQLm10hKHwgWMB7
ch_3NVt2UEL3uZS80f1G8FIeyN6,2024-12-02 09:36:32,succeeded,1000.0,0.0,15.25,984.75,card,,C5H8JYZA-0001,subscription_create,12_month,1,cus_yEMiDKRUVMmyUy,Katharina Richter,katharina.richter@beaconline-partners.example,Beaconline Partners GmbH,self_serve,it_lead,professional_services,AT,sub_1rqD0gCAuzdjGTtGFUOBocTb
ch_3DqxPrDpQy5SX88oOIaTXRgk,2024-12-02 22:16:53,succeeded,1000.0,0.0,32.75,967.25,card,,EZY1Z8WT-0001,subscription_create,12_month,1,cus_zSRPlIFStSolDT,Chris Edwards,chris.edwards@harborline-hotels.example,Harborline Hotels,self_serve,it_lead,hospitality,CA,sub_18KVjTAnzA9w5AL3Dbgw1zDL
ch_3fCIHB35gn7Oe7IZN5I6vNvV,2024-12-03 21:44:41,succeeded,599.0,0.0,9.23,589.77,card,,VWRMHBUK-0001,subscription_create,6_month,1,cus_W837pEq7Za11Zv,Femke Jansen,femke.jansen@inbox.example,,self_serve,network_consultant,network_consulting,NL,sub_1Pn9SYQWcZ25qzZ4OdBKxiEF
ch_3qX8cUo30ruNCYi7eh7JUyTx,2024-12-04 08:36:40,failed,1000.0,0.0,,,card,expired_card,SUH6QA2R-0002,subscription_cycle,12_month,1,cus_z2qmRuhutX1rH4,Emily Roberts,emily.roberts@granitestream-wireless.example,Granitestream Wireless LLC,self_serve,network_consultant,network_consulting,US,sub_14TwD50QBObbryXpj4JIfm3P
ch_3Kc7HIBS4m3sOt5VIt1WDA6z,2024-12-05 03:14:17,succeeded,1000.0,0.0,25.25,974.75,card,,XA42VDX3-0003,subscription_cycle,12_month,1,cus_E7Xaw8fZQUJd4y,Chris Collins,chris.collins@crestbridge-networks.example,Crestbridge Networks Ltd,self_serve,network_consultant,network_consulting,GB,sub_1KfqvPHfebs7oV9usyV4mAgN
ch_3nMugsoz2H74DpXngiYWkUFg,2024-12-05 14:11:15,succeeded,599.0,0.0,9.23,589.77,card,,ALDRE9WF-0001,subscription_create,6_month,1,cus_gkA6pF9x1hF9r3,Erik Nygaard,erik.nygaard@northlink-industries.example,Northlink Industries,self_serve,it_lead,manufacturing,NO,sub_1dtUwWMUtmjcLsYXKgSez8ZK
ch_3TWdd1LiSKF8I17PfOpFqD95,2024-12-05 16:31:53,succeeded,1000.0,0.0,32.75,967.25,card,,4NP9ZR1W-0002,subscription_cycle,12_month,1,cus_d36yP2TYEra4iS,Ryan Martin,ryan.martin@crestfield-communications.example,Crestfield Communications LLC,self_serve,head_of_wireless,telecom,US,sub_1BnbkFnOs7uLvNetCyoy3fZf
ch_3qnDdACBVtiA0DSnjv41kEBH,2024-12-06 06:18:39,succeeded,599.0,0.0,9.23,589.77,card,,TTAFINK5-0002,subscription_cycle,6_month,1,cus_yUXN4xtkq89MoG,Kate Nelson,kate.nelson@postbox.example,,self_serve,network_consultant,network_consulting,IE,sub_1hYfI5HpCR4nEtQwASgMWRpZ
ch_3yuZcnW34x61tWbbTcZddCPG,2024-12-06 07:05:36,succeeded,2000.0,0.0,30.25,1969.75,card,,4S13CVKL-0002,subscription_cycle,12_month,2,cus_aE4xUwDpsK7F06,Henrik Sørensen,henrik.sorensen@ironwave-managed-services.example,Ironwave Managed Services AS,self_serve,head_of_wireless,it_services,NO,sub_1wmVjsXNGJpNm4n91VHtc2C1
ch_31WwnS4XhgNWjMSeBuHTJorb,2024-12-06 11:51:33,succeeded,1000.0,0.0,15.25,984.75,card,,0R5Q4JX5-0001,subscription_create,12_month,1,cus_9OQgEqpKoVXKvG,Josh Roberts,josh.roberts@summitview-warehousing.example,Summitview Warehousing Ltd,self_serve,it_lead,logistics,IE,sub_1F8tQ7jvQSrc2ojAYDEsL4vd
ch_3Ze4CUBS92qf2lsIpllOioC9,2024-12-06 13:33:58,succeeded,1000.0,0.0,15.25,984.75,card,,5TVUQJP5-0001,subscription_create,12_month,1,cus_HegkKUog5yM1sR,Camille Durand,camille.durand@clearport-telecom.example,Clearport Telecom SAS,self_serve,head_of_wireless,telecom,FR,sub_1c8rTK0lK0oWCbmZZgGUhw7Q
ch_3oeSI7RyjmeQFyWsfv5Z05KA,2024-12-06 14:07:40,succeeded,599.0,0.0,9.23,589.77,card,,HQHZFSL7-0001,subscription_create,6_month,1,cus_D7apon7sw6wGtL,Sébastien Dubois,sebastien.dubois@summitcore-networks.example,Summitcore Networks,self_serve,network_consultant,network_consulting,FR,sub_10fjjeLzbEKcUyUFjl7LQsy1
ch_38EpTv37dMxHKidWDuDuHXFO,2024-12-06 17:05:46,succeeded,599.0,0.0,19.72,579.28,card,,U7N6E9AE-0001,subscription_create,6_month,1,cus_csm9fU28JoQo81,John Scott,john.scott@mailbox.example,,self_serve,network_consultant,network_consulting,US,sub_1JSfKhLtKr2KvO7jacANWaDM
ch_30ozJX656UJCa2JxmQIrWRBo,2024-12-06 22:11:12,failed,599.0,0.0,,,card,card_declined,HB78H7K2-0002,subscription_cycle,6_month,1,cus_KBW1OuYyaSLAXE,Maxime Mercier,maxime.mercier@nordicmark-foods.example,Nordicmark Foods,self_serve,it_lead,food_beverage,FR,sub_15mcRa3lNsT9mD9oAhi4w7YR
ch_3trJJHhtAcgJRMWHGS16c8d3,2024-12-07 09:49:40,failed,1000.0,0.0,,,card,expired_card,SUH6QA2R-0002,subscription_cycle,12_month,1,cus_z2qmRuhutX1rH4,Emily Roberts,emily.roberts@granitestream-wireless.example,Granitestream Wireless LLC,self_serve,network_consultant,network_consulting,US,sub_14TwD50QBObbryXpj4JIfm3P
ch_3E4uHvIC92fzu5ALIxqwzDL0,2024-12-07 11:26:44,succeeded,599.0,0.0,5.14,593.86,sepa_debit,,3U0BPLCJ-0002,subscription_cycle,6_month,1,cus_aLz5OtxgFQPNF9,Ola Strand,ola.strand@novawave-networks.example,Novawave Networks,self_serve,network_consultant,network_consulting,DK,sub_1UjN2VPMDgJnBZdM9DwT6UXi
ch_3CXsC2stdIzYFxx6ZSV34opT,2024-12-07 17:08:58,succeeded,1000.0,0.0,25.25,974.75,card,,U3R7XMYH-0002,subscription_cycle,12_month,1,cus_PHCshAVfrWZthJ,Olivia Kelly,olivia.kelly@postbox.example,,self_serve,network_consultant,network_consulting,GB,sub_1gH6mmvPAHzW2hpcpIsZmF40
ch_3dDIILe6aTwOYFTvtxlHtvaL,2024-12-09 10:55:42,succeeded,1000.0,0.0,32.75,967.25,card,,13MY3ZHD-0003,subscription_cycle,12_month,1,cus_fFlxnVM92ArQGN,Tom Jones,tom.jones@vertexpoint-rf-consulting.example,Vertexpoint RF Consulting LLC,self_serve,network_consultant,network_consulting,US,sub_1f9uU4hTsJBdpFmMQMiEmaxJ
ch_3CepL473OyAtDRzbwT6WLzHU,2024-12-09 23:18:12,failed,599.0,0.0,,,card,card_declined,HB78H7K2-0002,subscription_cycle,6_month,1,cus_KBW1OuYyaSLAXE,Maxime Mercier,maxime.mercier@nordicmark-foods.example,Nordicmark Foods,self_serve,it_lead,food_beverage,FR,sub_15mcRa3lNsT9mD9oAhi4w7YR
ch_3b3QO002xcIP2VDRpY95l0SK,2024-12-12 06:53:57,succeeded,599.0,0.0,19.72,579.28,card,,9VR4IC6Q-0003,subscription_cycle,6_month,1,cus_cMGwRRvtoTdIiv,Tom Anderson,tom.anderson@balticview-managed-services.example,Balticview Managed Services Inc.,self_serve,head_of_wireless,it_services,CA,sub_16SvHlizDDm7zIKN3zFKfLOR
ch_3RP7OVOrcn8j3C6iTvK4jpA8,2024-12-12 07:31:23,succeeded,599.0,0.0,19.72,579.28,card,,Z7GF1FV5-0001,subscription_create,6_month,1,cus_jHxLqo8hZB5pOe,Daniel Carter,daniel.carter@carter-wireless-consulting.example,Carter Wireless Consulting,self_serve,network_consultant,network_consulting,US,sub_1NvNLzxcN2fRUShT7Gy5Cx7i
ch_3a3D0tCPqTSgPKYwqQo4OC8G,2024-12-12 08:24:47,succeeded,599.0,0.0,5.14,593.86,sepa_debit,,XA3XJUZM-0001,subscription_create,6_month,1,cus_Dt1j5XFE869ZTj,Thomas Hartmann,thomas.hartmann@creststream-wi-fi-solutions.example,Creststream Wi-Fi Solutions,self_serve,network_consultant,network_consulting,DE,sub_1RCt20p11dIkpXwEhhDBQwgd
ch_3VyfzYcJiUsCgp4cMB8mAeJG,2024-12-12 08:49:40,succeeded,1000.0,0.0,32.75,967.25,card,,SUH6QA2R-0002,subscription_cycle,12_month,1,cus_z2qmRuhutX1rH4,Emily Roberts,emily.roberts@granitestream-wireless.example,Granitestream Wireless LLC,self_serve,network_consultant,network_consulting,US,sub_14TwD50QBObbryXpj4JIfm3P
ch_3FJ49NgGfRxsBGdh1LqfNBH3,2024-12-13 10:29:01,succeeded,1000.0,0.0,32.75,967.25,card,,HOD603UV-0001,subscription_create,12_month,1,cus_ONBBu3mr4nEwON,Wei Moore,wei.moore@polargate-clinics.example,Polargate Clinics LLC,self_serve,it_lead,healthcare,US,sub_1unompp2htgm1S0PkoeMZ5Ax
ch_3VYemTyXMPC6Qbv2Sn4hyKag,2024-12-13 11:19:54,succeeded,1000.0,0.0,32.75,967.25,card,,4YKUPB6Y-0001,subscription_create,12_month,1,cus_PNbbxhoFmJn9Ig,Tobias Meyer,tobias.meyer@harborpath-wireless.example,Harborpath Wireless AG,self_serve,network_consultant,network_consulting,CH,sub_1vEtoT3qK0QTawqAu59CY23W
ch_3hPPfvbUY33v8u23kiUyvZLj,2024-12-13 16:36:10,succeeded,1000.0,0.0,32.75,967.25,card,,Z8BKG001-0001,subscription_create,12_month,1,cus_vP2lOai6gNxEGm,Laura Campbell,laura.campbell@apexgate-retail-group.example,Apexgate Retail Group,self_serve,it_lead,retail,US,sub_1RKozT40WF0HN4lCcgGGdXkK
ch_3FvbEh7Bqj8DX63VguU8FNcc,2024-12-14 07:06:09,succeeded,599.0,0.0,15.23,583.77,card,,0HPHHJUQ-0002,subscription_cycle,6_month,1,cus_eG1QQ97qw8L5Fb,Amanda Nguyen,amanda.nguyen@balticlink-rf-consulting.example,Balticlink RF Consulting Ltd,self_serve,network_consultant,network_consulting,GB,sub_1Nigpsgrp3GMaxcbsbjLKfOl
ch_35rcPInBobLCKEVTTG4bDzFK,2024-12-14 12:26:02,succeeded,2000.0,0.0,65.25,1934.75,card,,0F3VFKWY-0001,subscription_create,12_month,2,cus_sHGDjYxCGCQCNb,Jason Anderson,jason.anderson@weststream-rf-consulting.example,Weststream RF Consulting,self_serve,network_consultant,network_consulting,US,sub_1Zi448TDi5Z8PtFLJfjQl4Oi
ch_3vlv6888cZ6eG7LSXqzvemfi,2024-12-14 22:40:12,failed,599.0,0.0,,,card,card_declined,HB78H7K2-0002,subscription_cycle,6_month,1,cus_KBW1OuYyaSLAXE,Maxime Mercier,maxime.mercier@nordicmark-foods.example,Nordicmark Foods,self_serve,it_lead,food_beverage,FR,sub_15mcRa3lNsT9mD9oAhi4w7YR
ch_3gT4h2q8BndMhAOZikBwhii7,2024-12-15 15:59:19,succeeded,1797.0,0.0,6.35,1790.65,sepa_debit,,0XSF7SYF-0003,subscription_cycle,6_month,3,cus_5b9iDl6IcU2YUt,Timo Virtanen,timo.virtanen@stonestream-construction.example,Stonestream Construction Oy,self_serve,it_lead,construction,FI,sub_1A2FVbTpELMjcLeeQYBSqg0F
ch_337ZwXAF88La1Uwn42jqOVMC,2024-12-15 16:36:51,succeeded,1000.0,0.0,25.25,974.75,card,,SH8RF8N1-0002,subscription_cycle,12_month,1,cus_GKjz59bbfYZhQY,Priya Harris,priya.harris@alpineworks-rf-consulting.example,Alpineworks RF Consulting Ltd,self_serve,network_consultant,network_consulting,GB,sub_1LHER5aeh6UGeU5xp6ojvGuF
ch_3hQOBFlRXWnQeZ4jd1NQiLvm,2024-12-16 15:47:33,succeeded,1000.0,0.0,15.25,984.75,card,,MRNP3Q3W-0001,subscription_create,12_month,1,cus_aARFujj8Hx931g,Mikkel Sørensen,mikkel.sorensen@cedarview-foods.example,Cedarview Foods AB,self_serve,it_lead,food_beverage,SE,sub_1bAQmiXJl3n3M7pqMmvGHzNX
ch_3nziOIzzFxLVYVFBvI6hcSKY,2024-12-18 13:05:36,succeeded,599.0,0.0,9.23,589.77,card,,P7KSG1X8-0003,subscription_cycle,6_month,1,cus_GwqVkn0sc0VfuP,Sven Schmidt,sven.schmidt@inbox.example,,self_serve,network_consultant,network_consulting,DE,sub_1BEQNFpnW9zlLrdnMJaJItpr
ch_3WVeo2DrdROAa9wgCHKjVmD1,2024-12-19 15:12:34,succeeded,1000.0,0.0,32.75,967.25,card,,K0MT5CH5-0002,subscription_cycle,12_month,1,cus_i7lZZgKfh8yYP0,Wei Walker,wei.walker@greenlink-rf-consulting.example,Greenlink RF Consulting,self_serve,network_consultant,network_consulting,US,sub_1sAbIXqiAyemjiyi49FT9UKl
ch_3LH59GCi4CbBGuJFhW1cqRuv,2024-12-21 09:35:25,succeeded,599.0,0.0,19.72,579.28,card,,JOTTLM1V-0002,subscription_cycle,6_month,1,cus_XP7Tp4JJkYxWr5,Nicole Scott,nicole.scott@pinepeak-wireless.example,Pinepeak Wireless,self_serve,network_consultant,network_consulting,US,sub_1ZfY0aQcNX0OooJUmWYzWL42
ch_3mYn6z7ifoXlzLrtZCb8MUnb,2024-12-23 13:44:58,failed,599.0,0.0,,,card,card_declined,ZQCG6VQ8-0001,subscription_create,6_month,1,cus_w955XGS41wafDd,Marco Colombo,marco.colombo@silverbridge-networks.example,Silverbridge Networks S.r.l.,self_serve,network_consultant,network_consulting,IT,sub_1jtBfscdEK3caYDnBv98TQ9e
ch_3ruVHzt9yGq7H5fCIRGeJreP,2024-12-23 13:51:57,succeeded,599.0,0.0,9.23,589.77,card,,ZQCG6VQ8-0001,subscription_create,6_month,1,cus_w955XGS41wafDd,Marco Colombo,marco.colombo@silverbridge-networks.example,Silverbridge Networks S.r.l.,self_serve,network_consultant,network_consulting,IT,sub_1jtBfscdEK3caYDnBv98TQ9e
ch_3j3aVjPqsTZquxF4aGpdQMZr,2024-12-24 10:31:11,succeeded,599.0,0.0,9.23,589.77,card,,ZQQ66UZW-0001,subscription_create,6_month,1,cus_rcnNi9l0MM1Dr2,Mikkel Andersson,mikkel.andersson@graniteworks-wireless.example,Graniteworks Wireless,self_serve,network_consultant,network_consulting,SE,sub_1FE1Ln02lsW2TtJ54476VMKF
ch_30C7TB97MjZY8Lg2OCfXAfIG,2024-12-25 10:03:05,succeeded,5000.0,0.0,75.25,4924.75,card,,KLBQ0KDY-0002,subscription_cycle,12_month,5,cus_x2bW2qwpjbtdWl,Rasmus Dahl,rasmus.dahl@pinepoint-wireless-engineering.example,Pinepoint Wireless Engineering ApS,self_serve,head_of_wireless,network_consulting,DK,sub_1yePsQz9hHy8UHS9aPiOZVI0
ch_3kli4LgZklUWG7JmxSVEMM6v,2024-12-25 11:34:49,succeeded,599.0,0.0,5.14,593.86,sepa_debit,,QPCEQ1P0-0003,subscription_cycle,6_month,1,cus_YGtiFILBJIQ0bh,Ruben Vos,ruben.vos@greenlink-properties.example,Greenlink Properties B.V.,self_serve,it_lead,real_estate,NL,sub_1GNng0fQIc4Kmjn1S7GdxY4B
ch_3zFiVLsKETHR7yqcXitfkhke,2024-12-25 12:52:06,succeeded,1198.0,0.0,18.22,1179.78,card,,QK4X3790-0001,subscription_create,6_month,2,cus_7JTbhkXSrEzkVS,Michael Wagner,michael.wagner@mailbox.example,,self_serve,network_consultant,network_consulting,DE,sub_1RqkB8x82jR1s9k0SSaw54sm
ch_3f5plkMakTfkvcYEKMMKfbIt,2024-12-26 08:43:47,succeeded,3000.0,0.0,97.75,2902.25,card,,UQ7654J3-0001,subscription_create,12_month,3,cus_XB8yZo5IhSyFlE,Laura Phillips,laura.phillips@phillips-network-services.example,Phillips Network Services LLC,self_serve,network_consultant,network_consulting,US,sub_1SURxqZVGeKfrOUOR5mm3M3h
ch_39X3FHD1GJXtX9etrFgJqTz7,2024-12-26 11:27:36,succeeded,599.0,0.0,9.23,589.77,card,,FHYNE5EU-0004,subscription_cycle,6_month,1,cus_KZCQRqFZnWQLEg,Nicolas Bernard,nicolas.bernard@orbitfield-media.example,Orbitfield Media,self_serve,it_lead,media,FR,sub_1YmsWmJDDX5j8qIpVN05cdUD
ch_3IU53uyZ8kCrQRDBh3LsJgcY,2024-12-26 16:59:34,failed,1000.0,0.0,,,card,expired_card,LKYQ52VC-0003,subscription_cycle,12_month,1,cus_a0h9bjkiIuyE2x,Emily Roberts,emily.roberts@balticport-hotels.example,Balticport Hotels Ltd,self_serve,it_lead,hospitality,IE,sub_1zJ3uDaxyAYIUXAxbWXqsq66
ch_3AtNLTjOBtEWeMGHDyXsx7bh,2024-12-27 09:08:44,succeeded,599.0,0.0,19.72,579.28,card,,T6LCZF2M-0001,subscription_create,6_month,1,cus_HWCEb36rwht705,Andrew Nguyen,andrew.nguyen@granitewave-logistics.example,Granitewave Logistics Inc.,self_serve,it_lead,logistics,CA,sub_1Js7Hw83sqVYP5naZbnPmFmK
ch_3uMkdeZvKzsdHUrsiQFPeeDO,2024-12-27 14:37:28,succeeded,599.0,0.0,9.23,589.77,card,,O9N7Y2ME-0001,subscription_create,6_month,1,cus_jRcEthBaMvA5AV,Rasmus Johansson,rasmus.johansson@westmark-rf-consulting.example,Westmark RF Consulting,self_serve,network_consultant,network_consulting,DK,sub_1xJ2fnEJMnFHlEUiv9GSAaNa
ch_3LdPnkhr4RPtTLfdcMvhSFxO,2024-12-27 15:58:54,succeeded,1000.0,0.0,15.25,984.75,card,,53FC41TZ-0003,subscription_cycle,12_month,1,cus_ienX88FWUCs4RB,Joost Hendriks,joost.hendriks@stonecore-wireless.example,Stonecore Wireless B.V.,self_serve,network_consultant,network_consulting,NL,sub_1vrTM75hM8Bk0azdDteYUYkI
ch_3PBjVqSaLMhk5iDXlobJHLOY,2024-12-27 16:18:36,succeeded,1000.0,0.0,32.75,967.25,card,,7GM1AVUH-0003,subscription_cycle,12_month,1,cus_kCDMK85HZCe9bb,Nicole Phillips,nicole.phillips@brightpoint-schools.example,Brightpoint Schools,self_serve,it_lead,education,US,sub_1kDbKasAtnyC7VK5HHYzXnvF
ch_3xlfM6RoZ8k68J6bZzEw34j2,2024-12-28 16:59:33,succeeded,1000.0,0.0,32.75,967.25,card,,KXRYEAEN-0002,subscription_cycle,12_month,1,cus_A9SoUykOA31VpM,Daniel Murphy,daniel.murphy@signalgate-retail-group.example,Signalgate Retail Group LLC,self_serve,it_lead,retail,US,sub_1aYVPtFjHXZDRyoVEoMjr4R1
ch_39WIuid24uANaDwKfJDiCoka,2024-12-29 09:10:38,succeeded,1797.0,0.0,58.65,1738.35,card,,X9WMGVFJ-0001,subscription_create,6_month,3,cus_Kw5eH8wY5r7ODv,Andrew Taylor,andrew.taylor@atlasline-telecom.example,Atlasline Telecom Inc.,self_serve,head_of_wireless,telecom,CA,sub_1si41KUCD8bkrvxcdgy1lFMv
ch_3wXfwJEJIUTVHRiraCDFiqzM,2024-12-29 10:33:39,failed,1000.0,0.0,,,card,expired_card,AX3BILQ8-0003,subscription_cycle,12_month,1,cus_2MVje4fs7tS1i1,Timo Saarinen,timo.saarinen@polarpoint-wireless.example,Polarpoint Wireless,self_serve,network_consultant,network_consulting,FI,sub_1d6Uc4gbcez5DIsd0bsXMzoc
ch_39G4rzrX7wfvoDzAjbijenS8,2024-12-29 17:29:34,failed,1000.0,0.0,,,card,expired_card,LKYQ52VC-0003,subscription_cycle,12_month,1,cus_a0h9bjkiIuyE2x,Emily Roberts,emily.roberts@balticport-hotels.example,Balticport Hotels Ltd,self_serve,it_lead,hospitality,IE,sub_1zJ3uDaxyAYIUXAxbWXqsq66
ch_3bgYkwc0niOLdmQEHOakgr0T,2024-12-30 17:14:07,succeeded,1000.0,0.0,15.25,984.75,card,,DV12QH87-0001,subscription_create,12_month,1,cus_vP0Dm0XMjzebyY,Stefan Schröder,stefan.schroder@schroder-network-services.example,Schröder Network Services,self_serve,network_consultant,network_consulting,DE,sub_1sQGWu1xEADN24UGDbirz6Wi
ch_3vmaTXv5Ed0IpBXx57xsMH9R,2024-12-31 11:15:42,succeeded,1000.0,0.0,15.25,984.75,card,,6WTK4BAB-0001,subscription_create,12_month,1,cus_dwLyW9z6jyy1nN,Uwe Klein,uwe.klein@aurorapoint-schools.example,Aurorapoint Schools GmbH,self_serve,it_lead,education,DE,sub_1AR36AcrSupTDAOlvXsORASQ
ch_3iSP06DFWW3kuMkD39g7MZq8,2024-12-31 13:46:40,succeeded,599.0,0.0,19.72,579.28,card,,FBN5E93T-0001,subscription_create,6_month,1,cus_fDNnLyoBBi27Tu,Kevin Clark,kevin.clark@lumenpeak-rf-consulting.example,Lumenpeak RF Consulting LLC,self_serve,network_consultant,network_consulting,US,sub_1SM3YuWD6xDAdFmZ6RNjmpCj
ch_3dVhp1FpsYTPc5YcZXdRae5M,2025-01-01 09:10:28,succeeded,2000.0,0.0,65.25,1934.75,card,,0FEES6ZF-0002,subscription_cycle,12_month,2,cus_Lv0dKSVYPM5X34,Emily White,emily.white@cedarview-it-solutions.example,Cedarview IT Solutions LLC,self_serve,head_of_wireless,it_services,US,sub_1qDeKlg1Ot5X6nBkLACWKG65
ch_3ORg6zdL3OsEm9gOxFEjWuBq,2025-01-01 10:36:45,succeeded,599.0,0.0,19.72,579.28,card,,6V8QDKWX-0002,subscription_cycle,6_month,1,cus_1B8bKDYCKjeiOw,Robert Patel,robert.patel@patel-wireless-consulting.example,Patel Wireless Consulting LLC,self_serve,network_consultant,network_consulting,US,sub_1DGUqLhVT6DKBpRdHKkH4k7F
ch_3k015Tz3hAjFQkkvPzagFFHF,2025-01-01 11:10:39,succeeded,1000.0,0.0,15.25,984.75,card,,AX3BILQ8-0003,subscription_cycle,12_month,1,cus_2MVje4fs7tS1i1,Timo Saarinen,timo.saarinen@polarpoint-wireless.example,Polarpoint Wireless,self_serve,network_consultant,network_consulting,FI,sub_1d6Uc4gbcez5DIsd0bsXMzoc
ch_3zOTETJ7p97nUAHWQXCUJntG,2025-01-02 11:12:32,succeeded,1000.0,0.0,15.25,984.75,card,,JV1SDH9A-0001,subscription_create,12_month,1,cus_pE0OOwPEjG8dyd,Laurent Rousseau,laurent.rousseau@novapeak-networks.example,Novapeak Networks SAS,self_serve,network_consultant,network_consulting,FR,sub_1Rw5aU3n9MUYTkpKDK3daMwP
ch_36vZaw71b7E0DAe5u2qacoqn,2025-01-02 14:58:09,succeeded,599.0,0.0,19.72,579.28,card,,HCL2WX2Q-0001,subscription_create,6_month,1,cus_sbgNLJHYHbF96E,Sarah Moore,sarah.moore@mailbox.example,,self_serve,network_consultant,network_consulting,US,sub_1iYeOPBH60Ql1osTSoIc7uLw
ch_35i0SMarFX7VXMZp9XXWf0OR,2025-01-02 15:57:24,succeeded,599.0,0.0,19.72,579.28,card,,JGB6DROC-0003,subscription_cycle,6_month,1,cus_bMF0WqZy3iGk9W,Laura Nelson,laura.nelson@signalline-partners.example,Signalline Partners,self_serve,it_lead,professional_services,US,sub_1XxUeXDEUYHwPwiQgb6LbEaJ
ch_3UgiFjViugKD5QUCEk9GPN7J,2025-01-03 12:57:22,succeeded,599.0,0.0,9.23,589.77,card,,QLMFBAZG-0002,subscription_cycle,6_month,1,cus_yZNKcJHK09FtdX,Mats Hansen,mats.hansen@blueport-communications.example,Blueport Communications,self_serve,head_of_wireless,telecom,DK,sub_1J8wsaTNME3jTM0GSiJlaKAZ
ch_35spJnwsmNyvJX8sKCLd0dGp,2025-01-03 16:13:26,succeeded,1000.0,0.0,25.25,974.75,card,,T1WHOWD6-0001,subscription_create,12_month,1,cus_NOxke6UIxJ7ZK0,Jason Parker,jason.parker@summitport-retail-group.example,Summitport Retail Group,self_serve,it_lead,retail,GB,sub_1RuISDfDzd7LP2Cc6WFgKhii
ch_3UmBi7788IufjLJhZhcNRsja,2025-01-03 17:04:34,failed,1000.0,0.0,,,card,expired_card,LKYQ52VC-0003,subscription_cycle,12_month,1,cus_a0h9bjkiIuyE2x,Emily Roberts,emily.roberts@balticport-hotels.example,Balticport Hotels Ltd,self_serve,it_lead,hospitality,IE,sub_1zJ3uDaxyAYIUXAxbWXqsq66
ch_3wYxKRqWjB6RzeTgBNdJhIDG,2025-01-03 20:04:46,succeeded,1198.0,0.0,18.22,1179.78,card,,DK83F255-0006,subscription_cycle,6_month,2,cus_S4OWRXlJczEYeO,Sanne de Vries,sanne.devries@de-vries-wireless-consulting.example,de Vries Wireless Consulting B.V.,self_serve,network_consultant,network_consulting,NL,sub_1mUYo1Pl1f7MDyLSN3bIsaSx
ch_3PdZppO2arS0pDhlxbbipR42,2025-01-05 03:31:11,succeeded,1000.0,0.0,32.75,967.25,card,,L9OWEZFH-0001,subscription_create,12_month,1,cus_6N5zKGVqhyM7Si,Tom Jones,tom.jones@balticfield-technology-group.example,Balticfield Technology Group,self_serve,head_of_wireless,it_services,AU,sub_1oTJas9O6IFYm41ZxF9zrGxo
ch_3FFSXlYocoDJA4yMPtKhjo3p,2025-01-08 15:41:40,succeeded,1000.0,0.0,15.25,984.75,card,,7YJDA0U0-0001,subscription_create,12_month,1,cus_my7OHhOtgWxkkA,Ruben Smit,ruben.smit@clearpeak-technology-group.example,Clearpeak Technology Group B.V.,self_serve,head_of_wireless,it_services,NL,sub_1la1SC0vBh9P0jH6CR8x7fXR
ch_3iR8dZKmYNtrb5N8xuW9yshG,2025-01-09 10:17:45,succeeded,2000.0,0.0,30.25,1969.75,card,,2A5BNG16-0001,subscription_create,12_month,2,cus_zVMJZupane1DPI,Sanne Mulder,sanne.mulder@vertexpeak-construction.example,Vertexpeak Construction BV,self_serve,it_lead,construction,BE,sub_1SLj1W8q8U9FpousY8kWeOHn
ch_3ZHfm9MpwX63QkhWjyTIQYgp,2025-01-09 13:55:24,succeeded,4000.0,0.0,130.25,3869.75,card,,IH7GCTMO-0002,subscription_cycle,12_month,4,cus_v78vZZOWQD1PdW,Olivia Roberts,olivia.roberts@brightstream-it-solutions.example,Brightstream IT Solutions LLC,self_serve,head_of_wireless,it_services,US,sub_1u7HJ1gCPWqzOnw0XisFZpKH
ch_3E42ntVSexNvw5n1fU0gIwLp,2025-01-10 11:05:21,succeeded,1000.0,0.0,32.75,967.25,card,,UBDQ085B-0003,subscription_cycle,12_month,1,cus_EEBX4uYNtb8lFg,Sarah Jackson,sarah.jackson@mailbox.example,,self_serve,network_consultant,network_consulting,CA,sub_1J4WUAWTQqEnFV512v3fo9GO
ch_3q9oZSgMbTLLxOA8aEeKKvc9,2025-01-10 13:15:02,failed,1000.0,0.0,,,card,card_declined,UKZ4P7XS-0002,subscription_cycle,12_month,1,cus_lc8IzTtuTv4Cbh,Steve Scott,steve.scott@scott-wireless-consulting.example,Scott Wireless Consulting Pty Ltd,self_serve,network_consultant,network_consulting,AU,sub_1PQu49k7hNjwXcjlip2PeLar
ch_3lOMmgW4vRpYBTccwPF68GUI,2025-01-12 11:39:28,succeeded,1000.0,0.0,6.35,993.65,sepa_debit,,NP1CW4PK-0004,subscription_cycle,12_month,1,cus_0tpucqjL2ZxTnG,Davide Ricci,davide.ricci@novagate-wi-fi-solutions.example,Novagate Wi-Fi Solutions S.r.l.,self_serve,network_consultant,network_consulting,IT,sub_13gZOUDacQ2cx2JDfk3QmK8z
ch_3tB2gDoeOhjtSZdZ4lu0XFgK,2025-01-13 13:30:02,succeeded,1000.0,0.0,32.75,967.25,card,,UKZ4P7XS-0002,subscription_cycle,12_month,1,cus_lc8IzTtuTv4Cbh,Steve Scott,steve.scott@scott-wireless-consulting.example,Scott Wireless Consulting Pty Ltd,self_serve,network_consultant,network_consulting,AU,sub_1PQu49k7hNjwXcjlip2PeLar
ch_32xSSDrYkTA2ynzfGrPH0VS3,2025-01-13 15:07:42,succeeded,1198.0,0.0,18.22,1179.78,card,,M9IHIVX8-0001,subscription_create,6_month,2,cus_3e4rQK7VHX1ggu,Kristian Lund,kristian.lund@crestpeak-properties.example,Crestpeak Properties ApS,self_serve,it_lead,real_estate,DK,sub_1afNY19NCUSiHqyx8a5LRlqL
ch_3g7sqhwO2xS1zTIF2uMUEok3,2025-01-16 10:06:31,succeeded,599.0,0.0,9.23,589.77,card,,ZIF3VZPI-0003,subscription_cycle,6_month,1,cus_NOnY90xhGl57Kw,Paul Evans,paul.evans@lumenpoint-warehousing.example,Lumenpoint Warehousing,self_serve,it_lead,logistics,IE,sub_1UPmbmSYuHHmmDLJZWTR6gKn
ch_3R3xarouRyVbHj7mc0i7zNup,2025-01-16 14:30:54,failed,599.0,0.0,,,card,card_declined,X11HWJQZ-0001,subscription_create,6_month,1,cus_tJQXOv5fjz1abP,Matt Clark,matt.clark@crestworks-properties.example,Crestworks Properties Pty Ltd,self_serve,it_lead,real_estate,AU,sub_1TRGtQ8v4wfOx1oMPbRuHGjy
ch_3uOs06PBdS8ysS6XC2A8PeYA,2025-01-16 14:34:41,succeeded,599.0,0.0,19.72,579.28,card,,TSJDKO9P-0001,subscription_create,6_month,1,cus_FKxrkdUs7HczDR,Robert Patel,robert.patel@westview-rf-consulting.example,Westview RF Consulting Inc.,self_serve,network_consultant,network_consulting,CA,sub_1YQJSvD8UV6qte3S4tSElU6m
ch_3YbVXcVlZALkv9egevuZ7nw4,2025-01-16 14:38:31,succeeded,599.0,0.0,19.72,579.28,card,,X11HWJQZ-0001,subscription_create,6_month,1,cus_tJQXOv5fjz1abP,Matt Clark,matt.clark@crestworks-properties.example,Crestworks Properties Pty Ltd,self_serve,it_lead,real_estate,AU,sub_1TRGtQ8v4wfOx1oMPbRuHGjy
ch_3fQdtpuF3S3wzOWh8voaMnQU,2025-01-16 15:55:33,succeeded,1000.0,0.0,15.25,984.75,card,,L1ODXC0P-0003,subscription_cycle,12_month,1,cus_zfanYic1JLff6l,Michael Schulz,michael.schulz@vertexbridge-retail-group.example,Vertexbridge Retail Group GmbH,self_serve,it_lead,retail,DE,sub_1QJqiwqVKZGkbFVAzxQGNVVI
ch_390GVEbjArCsA2BSwqWfQ5uL,2025-01-16 17:45:43,succeeded,2000.0,0.0,65.25,1934.75,card,,ZCXINQ7H-0001,subscription_create,12_month,2,cus_TDYZ9YcOyjO0B4,Olivia Phillips,olivia.phillips@westpoint-warehousing.example,Westpoint Warehousing LLC,self_serve,it_lead,logistics,US,sub_1nzH0fpAU3OQNQhqbYIfcjMk
ch_3K0qLDiWcTpiXew3LONx6JKO,2025-01-17 13:32:29,succeeded,599.0,0.0,9.23,589.77,card,,5D8TTIGM-0001,subscription_create,6_month,1,cus_pJFjUlZOAw5HZe,Olivia Lee,olivia.lee@harborcore-wi-fi-solutions.example,Harborcore Wi-Fi Solutions Ltd,self_serve,network_consultant,network_consulting,IE,sub_1AvSzySgmbBVKePVYEhFlE4P
ch_3k1pmHuSJKfJPZhssZj797y4,2025-01-17 15:14:55,succeeded,1000.0,0.0,15.25,984.75,card,,AMAW8G4T-0001,subscription_create,12_month,1,cus_kZvtM5u7YKXacH,Tuomas Niemi,tuomas.niemi@polarpeak-foods.example,Polarpeak Foods,self_serve,it_lead,food_beverage,FI,sub_1DnLDUDVdLN7WCWFIuzT9eu1
ch_3gpPbsiuuHhHtgU9fX0rc1TJ,2025-01-19 17:05:55,succeeded,1000.0,0.0,32.75,967.25,card,,7JYYKN5L-0001,subscription_create,12_month,1,cus_fxVL5aSwoibmZ1,Robert Jackson,robert.jackson@ironlink-foods.example,Ironlink Foods LLC,self_serve,it_lead,food_beverage,US,sub_1apEahtsTwk0UwigSRUnC1XW
ch_30ouCvcE1VlYLwtybOpEmMjU,2025-01-19 18:24:33,succeeded,1000.0,0.0,15.25,984.75,card,,B08T8MK4-0001,subscription_create,12_month,1,cus_hZ6YVkE4FemxRE,Tobias Schmidt,tobias.schmidt@signalstream-wireless.example,Signalstream Wireless GmbH,self_serve,network_consultant,network_consulting,DE,sub_144wgk9lNm0Rg5qK2G6O6Xyu
ch_3I85AzpFIxPTLOznmu1VdxNi,2025-01-20 05:09:03,succeeded,2000.0,0.0,30.25,1969.75,card,,Y8CUW3Z0-0001,subscription_create,12_month,2,cus_hLKLq1KeRxltdV,Sanne Bakker,sanne.bakker@bakker-network-services.example,Bakker Network Services,self_serve,network_consultant,network_consulting,NL,sub_1Al68xXyY46HTdc213FmrzQm
ch_3WilGuepvjDkNX8ZEsWU9brM,2025-01-20 07:54:44,succeeded,599.0,0.0,9.23,589.77,card,,FGVANHNY-0001,subscription_create,6_month,1,cus_9OzUbXIVhWEzNC,Sophie Moreau,sophie.moreau@moreau-wireless-consulting.example,Moreau Wireless Consulting SAS,self_serve,network_consultant,network_consulting,FR,sub_1jizgamDQSLIwoZPdtXnDWrQ
ch_3LMOG4pKUozAXHx27ynJHn2S,2025-01-20 14:51:05,succeeded,599.0,0.0,19.72,579.28,card,,9SSDNXQS-0001,subscription_create,6_month,1,cus_IzJ1Lo0bdXh5Jf,Markus Wagner,markus.wagner@mailbox.example,,self_serve,network_consultant,network_consulting,CH,sub_15wwWdgayIRfhpq2tTebKWOA
ch_30ch7lsAxT1AJsslRdbP5RFr,2025-01-21 08:41:06,succeeded,1000.0,0.0,15.25,984.75,card,,62BXVUTX-0001,subscription_create,12_month,1,cus_X21cw0Tlm1b9Lj,Daan Dekker,daan.dekker@alpinefield-schools.example,Alpinefield Schools BV,self_serve,it_lead,education,BE,sub_1e7BkkDonTiqIsawQ4DXgJMZ
ch_36Z6ZS4PhwWVHVSaWtfShiw5,2025-01-21 23:27:52,succeeded,2000.0,0.0,65.25,1934.75,card,,55XGQND7-0001,subscription_create,12_month,2,cus_0RK8Di3pWvTWux,Tom Collins,tom.collins@vertexlink-networks.example,Vertexlink Networks,self_serve,network_consultant,network_consulting,US,sub_1tOkfSPNeBSRh0VVHszimOrX
ch_30g0jfqueOIAbdJUJlc704wh,2025-01-22 02:11:07,succeeded,3000.0,0.0,6.35,2993.65,sepa_debit,,QDTMIWM3-0001,subscription_create,12_month,3,cus_LIu1Ud9XvgJvAA,Carlos Gómez,carlos.gomez@apexfield-schools.example,Apexfield Schools S.L.,self_serve,it_lead,education,ES,sub_1iwOq2uGp4TREnQtRYenlVrk
ch_317OwBjL19a0Kt5sjjXtBzNR,2025-01-22 09:57:42,succeeded,1000.0,0.0,32.75,967.25,card,,I78LRFKS-0002,subscription_cycle,12_month,1,cus_f2ROxEFoZUYexG,Steve Jones,steve.jones@cedarstream-rf-consulting.example,Cedarstream RF Consulting Ltd,self_serve,network_consultant,network_consulting,NZ,sub_1kbrqo3DeQbWyOnGYHs4NSsQ
ch_3dMmO4a3SChcQY4MlH5nEYDU,2025-01-22 19:59:36,succeeded,599.0,0.0,19.72,579.28,card,,Q6D0IVTW-0001,subscription_create,6_month,1,cus_1hkAoMnjLZY68b,Lena Hartmann,lena.hartmann@novabridge-partners.example,Novabridge Partners AG,self_serve,it_lead,professional_services,CH,sub_16XDaNQ9ZOI07PyQHD4IXvvw
ch_33ZyM1KBUci3LuNlPBURtmJl,2025-01-23 08:26:38,succeeded,1198.0,0.0,39.19,1158.81,card,,ZGTWJSK1-0001,subscription_create,6_month,2,cus_WcwCS0ZXTldRTF,Chris Martin,chris.martin@nordicstream-wireless-engineering.example,Nordicstream Wireless Engineering,self_serve,head_of_wireless,network_consulting,US,sub_12sz3ujj7Q1NmComG0E1wpnF
ch_3yt7H9yreEPn82WMTYqieLbR,2025-01-23 09:06:29,succeeded,1000.0,0.0,15.25,984.75,card,,XYSX1BVH-0001,subscription_create,12_month,1,cus_RN77VH9CzG8DEc,Lotte Vos,lotte.vos@maplecore-warehousing.example,Maplecore Warehousing B.V.,self_serve,it_lead,logistics,NL,sub_1eGnSrs5Oe9m4euKfFz66yq7
ch_3rnrI2t9OpxDpbuGVnDat7lB,2025-01-23 09:15:13,succeeded,3000.0,0.0,45.25,2954.75,card,,A4BRCSZ4-0002,subscription_cycle,12_month,3,cus_E5uU2Ob2RXMScV,Antti Lahtinen,antti.lahtinen@mailbox.example,,self_serve,network_consultant,network_consulting,FI,sub_1WGDPqbEL3qoHwMsWD2EGi91
ch_3CuSN0L6dvCWGTJ3JRFTefwW,2025-01-23 18:50:31,succeeded,599.0,0.0,19.72,579.28,card,,8CX3ZCGD-0003,subscription_cycle,6_month,1,cus_A0Gj5UoSyEMnt9,John Jackson,john.jackson@greenline-media.example,Greenline Media LLC,self_serve,it_lead,media,US,sub_1mft7TP4TEkNCaPtM0d1uMao
ch_3ipc7qYosAt3XY3gtBPSbZZb,2025-01-24 08:54:05,succeeded,1000.0,0.0,25.25,974.75,card,,17SJMDXP-0001,subscription_create,12_month,1,cus_NN5499oB0ewZR9,Chris Williams,chris.williams@novaline-partners.example,Novaline Partners Ltd,self_serve,it_lead,professional_services,GB,sub_1cqxPMON6kd9WVHc4vhfqNcZ
ch_3iOtUgsGFZV5kSoVQD9XM8WU,2025-01-24 12:14:01,succeeded,1797.0,0.0,27.21,1769.79,card,,CAPUK6AB-0003,subscription_cycle,6_month,3,cus_mDIzXzYJuVNi75,Matteo Rossi,matteo.rossi@rossi-wireless-consulting.example,Rossi Wireless Consulting,self_serve,network_consultant,network_consulting,IT,sub_1GOzx9iWHCW0qwAi7ff9NPUG
ch_3cKrEvIjItOlgVKHJlPnVFln,2025-01-26 14:09:31,succeeded,1000.0,0.0,32.75,967.25,card,,2BMVWFC8-0003,subscription_cycle,12_month,1,cus_51LBjx26D6mX7s,Matt Scott,matt.scott@novaview-rf-consulting.example,Novaview RF Consulting LLC,self_serve,network_consultant,network_consulting,US,sub_1Fyg79HdTEUVjdzz0uPeFs0r
ch_3SvKfttZAMnmZEmZ6EqqJ40x,2025-01-29 20:27:54,succeeded,599.0,0.0,9.23,589.77,card,,VY6R38CW-0001,subscription_create,6_month,1,cus_XEbRc2JORmEOVc,Anders Dahl,anders.dahl@signalstream-warehousing.example,Signalstream Warehousing AS,self_serve,it_lead,logistics,NO,sub_1dG0SWTZW20IVbj6LvTngEnX
ch_3JSvBCuNd4UOtP2v3RHR2mit,2025-01-30 13:56:39,succeeded,1198.0,0.0,39.19,1158.81,card,,OGF91CB8-0001,subscription_create,6_month,2,cus_jjLsUMBEJ7yoM7,Steve Nguyen,steve.nguyen@crestmark-wireless.example,Crestmark Wireless,self_serve,network_consultant,network_consulting,US,sub_1rQRjwzM82H2VajPhlaB7KS9
ch_39jvr41cmg2pQwDb8XYk9Mvi,2025-01-30 15:44:37,succeeded,1000.0,0.0,32.75,967.25,card,,L7S20PUH-0002,subscription_cycle,12_month,1,cus_2kXF9CoNhHDYe5,James Martin,james.martin@signalmark-rf-consulting.example,Signalmark RF Consulting LLC,self_serve,network_consultant,network_consulting,US,sub_1BJ2bXbl5wfh5IraYWKAPrGH
ch_3xRSZoedQzWWWTeRDvvqHeer,2025-01-31 13:15:38,succeeded,1000.0,0.0,32.75,967.25,card,,TQ7KTZSE-0002,subscription_cycle,12_month,1,cus_v8RoP1TETbMB90,Daniel Martin,daniel.martin@martin-network-services.example,Martin Network Services Ltd,self_serve,network_consultant,network_consulting,NZ,sub_1W9nKP0TO0l1FwNmIKkQlI5e
ch_3KZdB312fWUVg34oMbvE5InR,2025-01-31 20:56:37,succeeded,599.0,0.0,19.72,579.28,card,,4B600USI-0001,subscription_create,6_month,1,cus_pfazaANxYHx4xK,Wei Anderson,wei.anderson@polarbridge-media.example,Polarbridge Media LLC,self_serve,it_lead,media,US,sub_16sM8wl1dzMmqjGNejTMvccf
ch_3Utny7Pxh0uPi77soIPgM9Qj,2025-02-03 02:57:44,succeeded,1000.0,0.0,32.75,967.25,card,,8XY4CWTO-0002,subscription_cycle,12_month,1,cus_KdYw0LAOp8jkc9,Kevin Nelson,kevin.nelson@summitpath-wireless-engineering.example,Summitpath Wireless Engineering LLC,self_serve,head_of_wireless,network_consulting,US,sub_1POxkX5BgSJHzr2YJ9OC5JJV
ch_3PWeWWvMDFPXYbm153OgRwfj,2025-02-03 15:45:56,succeeded,599.0,0.0,19.72,579.28,card,,T4CH913S-0002,subscription_cycle,6_month,1,cus_rFVlf6CkwyhKlr,Andrew Miller,andrew.miller@northmark-telecom.example,Northmark Telecom,self_serve,head_of_wireless,telecom,AU,sub_1qLGOkf11gR5EBXmfDi2NA2Z
ch_3uE85hgXXuCxbnt7kFLLU4ej,2025-02-04 08:26:48,succeeded,1198.0,0.0,39.19,1158.81,card,,7DNYI22B-0001,subscription_create,6_month,2,cus_ffUl0jdpF4f0OI,Andrew Murphy,andrew.murphy@signalport-wi-fi-solutions.example,Signalport Wi-Fi Solutions,self_serve,network_consultant,network_consulting,US,sub_1DY1t2IDlXZ8gQwAVCSHPuah
ch_3BbjngNRAlPO0D2oe0ffwRfu,2025-02-04 08:53:22,succeeded,599.0,0.0,9.23,589.77,card,,8EU7L7AX-0001,subscription_create,6_month,1,cus_DQgzSusBtHwUN4,Julia Schmidt,julia.schmidt@stoneworks-properties.example,Stoneworks Properties,self_serve,it_lead,real_estate,DE,sub_1X2FsI35cTsNQfjUXeHsYZQj
ch_3C4NhkqDBaKmLir4JUFD1O31,2025-02-05 07:38:45,succeeded,1000.0,0.0,32.75,967.25,card,,77NWU9EL-0002,subscription_cycle,12_month,1,cus_Qff6FbT1prs4Za,Ben Murphy,ben.murphy@clearline-wireless.example,Clearline Wireless,self_serve,network_consultant,network_consulting,US,sub_1aZ1teWsfIHiWPHcWCKpwVIH
ch_3PClYRCitXw4Xlzk6bqnrCOp,2025-02-05 13:04:29,succeeded,599.0,0.0,19.72,579.28,card,,0RNP5W89-0001,subscription_create,6_month,1,cus_pTw84HIDUqwL2k,Robert Green,robert.green@lumenfield-wi-fi-solutions.example,Lumenfield Wi-Fi Solutions,self_serve,network_consultant,network_consulting,CA,sub_1Ut7ittO0r6NVvYWuz5d5itg
ch_3f5OUoVav8LjcLz9qpJsVKng,2025-02-05 13:39:17,succeeded,1000.0,0.0,15.25,984.75,card,,0XYJB014-0001,subscription_create,12_month,1,cus_2rd14JkWjt0bnL,Markus Hartmann,markus.hartmann@bluepoint-industries.example,Bluepoint Industries GmbH,self_serve,it_lead,manufacturing,DE,sub_1AztX7tLKnRkU35F1nCYQeQq
py_3MzGsOS1jGppbausZqoGObUx,2025-02-05 15:38:20,succeeded,210000.0,0.0,5.0,209995.0,bank_transfer,,B19WZPVZ-0001,subscription_create,enterprise,1,cus_bRlkUDwpueRAZD,Halden Ridge State University,accounts.payable@halden-ridge-state-university.example,Halden Ridge State University,enterprise,,university,US,sub_1wz5uvcZQE8H0YbhtV4n0dp8
ch_3gvMtUirLIwcab8J7LrMauUB,2025-02-06 11:39:24,succeeded,2000.0,0.0,30.25,1969.75,card,,7B84R8RK-0001,subscription_create,12_month,2,cus_23eEEmWdpOTiWr,Lauri Korhonen,lauri.korhonen@silverpoint-rf-consulting.example,Silverpoint RF Consulting,self_serve,network_consultant,network_consulting,FI,sub_1fO7Nmxlv998fGBMHtr1W6qn
ch_3WMAl10c611TCrh3hpZBA19d,2025-02-07 02:42:21,failed,1797.0,0.0,,,card,card_declined,ULRIBXUJ-0003,subscription_cycle,6_month,3,cus_kIuVEJRArJS0sL,Amanda Smith,amanda.smith@deltastream-logistics.example,Deltastream Logistics,self_serve,it_lead,logistics,CA,sub_1Q6Zm6bDagL3oXIbxK1r3ukQ
ch_38dIyx5cSuSEihNujcR1QW7O,2025-02-07 06:00:23,succeeded,1000.0,0.0,15.25,984.75,card,,5GAEV0OF-0001,subscription_create,12_month,1,cus_kZP8gNWotmSU5a,Juho Heikkinen,juho.heikkinen@nordicview-industries.example,Nordicview Industries,self_serve,it_lead,manufacturing,FI,sub_190urPIqG6D68qs06w8eTi5L
ch_3ZAGMf6jvQjR725z2PTCn2Po,2025-02-08 09:02:19,succeeded,2396.0,0.0,78.12,2317.88,card,,H80MLA8H-0002,subscription_cycle,6_month,4,cus_DG8CPspgjcmlD4,Andreas Meyer,andreas.meyer@summitline-clinics.example,Summitline Clinics,self_serve,it_lead,healthcare,CH,sub_11AA8KVKJ2WDSxmDDMK1YfFy
ch_3cF0ny31YArfHyRKqBZ4Q5U1,2025-02-08 10:41:13,succeeded,1000.0,0.0,32.75,967.25,card,,MSQNPPXZ-0002,subscription_cycle,12_month,1,cus_Sh1Ev7xmApvwFL,Kevin King,kevin.king@summitworks-logistics.example,Summitworks Logistics,self_serve,it_lead,logistics,US,sub_1OaE9Lou3Evy969SwK0Whuwn
ch_3WVLEfQKGQLeINvpbbLwXwW0,2025-02-08 14:30:06,succeeded,1000.0,0.0,15.25,984.75,card,,P9X3DL1R-0002,subscription_cycle,12_month,1,cus_rfSUrPf2YUESBL,Wouter Peeters,wouter.peeters@clearfield-foods.example,Clearfield Foods B.V.,self_serve,it_lead,food_beverage,NL,sub_1fDSMpGg2REEPnJqeoA8b7IL
ch_3irz8uOLQQBGSbPbPNUDYweX,2025-02-09 02:09:23,succeeded,2000.0,0.0,30.25,1969.75,card,,4ZX24QK8-0002,subscription_cycle,12_month,2,cus_la20uw9Qjoi2gz,Olivier Bernard,olivier.bernard@deltaworks-construction.example,Deltaworks Construction SAS,self_serve,it_lead,construction,FR,sub_1sY0Ueh8yL82JjtmFB9ke9qM
ch_37Tj9oGI3kdSI94VaqBqWtt1,2025-02-10 03:34:21,failed,1797.0,0.0,,,card,card_declined,ULRIBXUJ-0003,subscription_cycle,6_month,3,cus_kIuVEJRArJS0sL,Amanda Smith,amanda.smith@deltastream-logistics.example,Deltastream Logistics,self_serve,it_lead,logistics,CA,sub_1Q6Zm6bDagL3oXIbxK1r3ukQ
ch_3lAZuyStGgLly1gHaWkDW6XY,2025-02-10 11:39:15,succeeded,1000.0,0.0,32.75,967.25,card,,ZVUHKFIK-0001,subscription_create,12_month,1,cus_mx8NxyA4F34iEy,Kate Mitchell,kate.mitchell@pinegate-it-solutions.example,Pinegate IT Solutions LLC,self_serve,head_of_wireless,it_services,US,sub_1Lkp4S16Blu36NdcVv9QGdgR
ch_32DQXKIVdgufHkYHzXUVg4Us,2025-02-10 16:17:23,succeeded,1000.0,0.0,15.25,984.75,card,,OWWUGKIB-0001,subscription_create,12_month,1,cus_iJIHTdtySkB5Az,Daan Mulder,daan.mulder@orbitpath-telecom.example,Orbitpath Telecom B.V.,self_serve,head_of_wireless,telecom,NL,sub_1LxvoyzQ7WtCp06CHMGN2f2j
ch_3VNYH9GCNMASi0BHFLOArJE3,2025-02-12 10:57:28,succeeded,3000.0,0.0,45.25,2954.75,card,,PQQM57MT-0001,subscription_create,12_month,3,cus_SkTJLmNdkw06rm,Olivier Laurent,olivier.laurent@orbitpath-properties.example,Orbitpath Properties,self_serve,it_lead,real_estate,FR,sub_1dq1pAvjpUHGXURHyozufhty
ch_3SARCkADPA6i9aBcXRBfhQaC,2025-02-12 17:13:53,succeeded,1000.0,0.0,15.25,984.75,card,,3WPBKTMP-0001,subscription_create,12_month,1,cus_CVJPjZFbfnKfH8,Bjørn Jensen,bjorn.jensen@aurorabridge-foods.example,Aurorabridge Foods,self_serve,it_lead,food_beverage,SE,sub_1U8C5FlzVTz85JWN8NmDeHkK
ch_335pSZTUJeM7qSeTy2pA5BfN,2025-02-12 17:36:09,succeeded,1000.0,0.0,32.75,967.25,card,,SCUAQ72R-0001,subscription_create,12_month,1,cus_59YSxzzMqQmdgg,Ahmed Thompson,ahmed.thompson@thompson-network-services.example,Thompson Network Services LLC,self_serve,network_consultant,network_consulting,US,sub_1QguQ5U8uC1omfOQpGgwEatu
ch_33bgK2CTZN6NaqMele4VEOtM,2025-02-13 22:38:52,succeeded,1198.0,0.0,18.22,1179.78,card,,6POANIJ3-0001,subscription_create,6_month,2,cus_5qW1ZFKfxLtS0D,Julia Zimmermann,julia.zimmermann@orbitpoint-construction.example,Orbitpoint Construction,self_serve,it_lead,construction,DE,sub_1y9qTNyZmusrHKNM0N3aFS3i
ch_3v304EEPTH0sUmaz2XcLf1E1,2025-02-14 15:34:00,succeeded,1000.0,0.0,15.25,984.75,card,,XGHXXCYL-0002,subscription_cycle,12_month,1,cus_XO16dA7cW9mvkB,Ola Sørensen,ola.sorensen@alpinepeak-wireless-engineering.example,Alpinepeak Wireless Engineering AB,self_serve,head_of_wireless,network_consulting,SE,sub_12TYDkXSWWhL6hZPhiKLCovr
ch_3kh2I9ShsYQ9h37TBsyvlmq9,2025-02-14 22:18:50,succeeded,1000.0,0.0,15.25,984.75,card,,P79JVPU3-0003,subscription_cycle,12_month,1,cus_JHsHYmBhOL3Mej,Álvaro Fernández,alvaro.fernandez@bluebridge-rf-consulting.example,Bluebridge RF Consulting S.L.,self_serve,network_consultant,network_consulting,ES,sub_1Nyq7qwzewHVvpXOGKiLdcBk
ch_3b3GUQIkYoOamL7k5li6Nkzf,2025-02-15 04:11:21,failed,1797.0,0.0,,,card,card_declined,ULRIBXUJ-0003,subscription_cycle,6_month,3,cus_kIuVEJRArJS0sL,Amanda Smith,amanda.smith@deltastream-logistics.example,Deltastream Logistics,self_serve,it_lead,logistics,CA,sub_1Q6Zm6bDagL3oXIbxK1r3ukQ
ch_3pVbzD1ZXe8tk44TWbepdC4q,2025-02-15 08:49:14,succeeded,2000.0,0.0,65.25,1934.75,card,,KIM69TMV-0004,subscription_cycle,12_month,2,cus_S942mr3zeznIdV,Steve Moore,steve.moore@brightbridge-networks.example,Brightbridge Networks LLC,self_serve,network_consultant,network_consulting,US,sub_1iZBdqBRMabFxHowsoIr15JV
ch_3Ptmg6vTRIcvWHRquM1mZdxI,2025-02-15 11:19:47,succeeded,3000.0,0.0,97.75,2902.25,card,,RSEXDXE1-0001,subscription_create,12_month,3,cus_pjCO0qQn9fjTOU,Rachel Nelson,rachel.nelson@clearbridge-systems-integration.example,Clearbridge Systems Integration,self_serve,head_of_wireless,it_services,US,sub_14JaG8cQ2AL8x3J17PQDYxw3
ch_37TADxNmui60NNLsUEz0x73F,2025-02-15 11:30:10,succeeded,1000.0,0.0,32.75,967.25,card,,A410114X-0002,subscription_cycle,12_month,1,cus_T7eH5rgJXQbZrR,Jason Davis,jason.davis@greengate-wi-fi-solutions.example,Greengate Wi-Fi Solutions,self_serve,network_consultant,network_consulting,US,sub_1tDCNk9ulFr26Uf6E0sugs4r
ch_36MzLaWNhJFWMHb9JmkgvlIw,2025-02-15 13:28:13,succeeded,1000.0,0.0,32.75,967.25,card,,55KLYHIP-0003,subscription_cycle,12_month,1,cus_Hp5MLNVZF5YbSF,Paul Young,paul.young@silverlink-wireless.example,Silverlink Wireless LLC,self_serve,network_consultant,network_consulting,US,sub_1dcHAsX1zo96Sgkv6TOpbxML
ch_32xD0YaSKJjVmLjgFOmJTU4D,2025-02-15 16:15:54,succeeded,599.0,0.0,19.72,579.28,card,,TDZSA695-0001,subscription_create,6_month,1,cus_PvVZge0wq2ileC,Ryan Edwards,ryan.edwards@beaconfield-networks.example,Beaconfield Networks LLC,self_serve,network_consultant,network_consulting,US,sub_1VBADVOFVOeerDQoR04niPxT
ch_3AZXdPC1ajSSrpa2SVU7nEPO,2025-02-16 11:37:59,succeeded,599.0,0.0,9.23,589.77,card,,URQ11C3T-0003,subscription_cycle,6_month,1,cus_igS85lwKRF70Vk,Eero Lehtonen,eero.lehtonen@inbox.example,,self_serve,network_consultant,network_consulting,FI,sub_1pu34b6bW8wpmHPEhHbm1gWD
ch_3nI636b5eyDeNpRtEqrdyORh,2025-02-17 09:55:29,succeeded,2000.0,0.0,65.25,1934.75,card,,G8YKB4U6-0001,subscription_create,12_month,2,cus_QjNnVOxgoNlpPr,Olivia Johnson,olivia.johnson@balticcore-telecom.example,Balticcore Telecom Pty Ltd,self_serve,head_of_wireless,telecom,AU,sub_1tjASDkjhDLIhYqemWQYkGkx
ch_3MO9HvXvmd5NF12kPi6xGfPi,2025-02-18 07:59:11,succeeded,599.0,0.0,9.23,589.77,card,,V1HIIV9A-0001,subscription_create,6_month,1,cus_znSw6miHl8xB0f,Sabine Meyer,sabine.meyer@pinecore-managed-services.example,Pinecore Managed Services,self_serve,head_of_wireless,it_services,DE,sub_163TpuxLYPXoY7Jlr0WuRkJ4
ch_3iewY6vI07H9k1C50JPF9gzc,2025-02-18 16:03:41,succeeded,1000.0,0.0,15.25,984.75,card,,I78Z086D-0001,subscription_create,12_month,1,cus_1L5mESJ6enTn83,Lukas Weber,lukas.weber@maplewave-rf-consulting.example,Maplewave RF Consulting,self_serve,network_consultant,network_consulting,DE,sub_1rBL2nOobsKazmhJ4aKxlRYC
ch_37KcpyQMUZP7e8ieAnjcQ65T,2025-02-18 18:53:02,succeeded,599.0,0.0,9.23,589.77,card,,XHSWW35A-0001,subscription_create,6_month,1,cus_rFwt2Ykm1p2MSk,Alejandro Díaz,alejandro.diaz@apexlink-wi-fi-solutions.example,Apexlink Wi-Fi Solutions,self_serve,network_consultant,network_consulting,ES,sub_1rjpsfmUV4swpbzVWXVFEcC0
ch_3lFYFlhpe1eAyYyznsk6YLbC,2025-02-19 14:37:55,succeeded,2000.0,0.0,65.25,1934.75,card,,02F0JFZJ-0002,subscription_cycle,12_month,2,cus_y8DhhXNb82vIhq,Priya Mitchell,priya.mitchell@auroraview-networks.example,Auroraview Networks LLC,self_serve,network_consultant,network_consulting,US,sub_1Ypxz7IFAXkthtDibksG7Hnd
ch_335WffyXzsTg2Te8R1QqQ01G,2025-02-20 09:20:59,succeeded,2000.0,0.0,30.25,1969.75,card,,D43JIC2U-0003,subscription_cycle,12_month,2,cus_41dq2ZXE3PHXPN,Mikko Kinnunen,mikko.kinnunen@ironpeak-schools.example,Ironpeak Schools Oy,self_serve,it_lead,education,FI,sub_12OyeY9fy7z1VidndwER9yl6
ch_3mmazyhwMPKC7wWrOP8pxb3y,2025-02-20 15:42:46,succeeded,599.0,0.0,19.72,579.28,card,,XPPOJVV0-0001,subscription_create,6_month,1,cus_OuyXsuirktU3tP,Paul Thomas,paul.thomas@granitefield-wi-fi-solutions.example,Granitefield Wi-Fi Solutions LLC,self_serve,network_consultant,network_consulting,US,sub_1QdMNj02zjDPrnJyxn5530MJ
ch_3BLkVmQZ1Wy0n44wpOvyZ0kF,2025-02-21 15:08:04,succeeded,599.0,0.0,9.23,589.77,card,,JMTVIZHJ-0001,subscription_create,6_month,1,cus_Ei8CRmKGMWEPZx,Raj Phillips,raj.phillips@stonepeak-media.example,Stonepeak Media Ltd,self_serve,it_lead,media,IE,sub_1fwRzvrySMfd0SvjUZazFIUl
ch_3XuI9chTTFV3bCC63QET9qLA,2025-02-22 18:41:39,succeeded,1000.0,0.0,32.75,967.25,card,,VCYZWRAM-0002,subscription_cycle,12_month,1,cus_aqGtJqT045rIkg,Brian Thompson,brian.thompson@beaconpath-networks.example,Beaconpath Networks LLC,self_serve,network_consultant,network_consulting,US,sub_13qFpk8opBpcjIU96QPty5Bn
ch_3EWoJAKkOREsbL5MM5VFOz2u,2025-02-24 11:29:05,succeeded,1000.0,0.0,6.35,993.65,sepa_debit,,4UIXHQT6-0001,subscription_create,12_month,1,cus_0phFT6808N0wQP,Bjørn Lund,bjorn.lund@lund-network-services.example,Lund Network Services,self_serve,network_consultant,network_consulting,SE,sub_1oCjT8D0NzwiX27BVsHQRZgE
ch_3bruuTGMF6NAjMVWd6HNvLwN,2025-02-24 12:29:46,succeeded,599.0,0.0,19.72,579.28,card,,K74CO0RQ-0002,subscription_cycle,6_month,1,cus_dugZGAGt0Dxjnp,Robert Green,robert.green@bluepeak-logistics.example,Bluepeak Logistics Inc.,self_serve,it_lead,logistics,CA,sub_1l5x0zsJqmTSUrZSbEYiENgN
ch_37zO0FrvLfg0H34kKynAdqyR,2025-02-25 08:27:16,succeeded,1198.0,0.0,18.22,1179.78,card,,6DY36O0U-0004,subscription_cycle,6_month,2,cus_WjrNSYWm3SH9xJ,Laura Niemi,laura.niemi@brightmark-retail-group.example,Brightmark Retail Group,self_serve,it_lead,retail,FI,sub_1tSELp3mgr5AmlEGzZve0eol
ch_3BSeCp4QI9JbfcRpsSYJQ6HR,2025-02-25 08:36:32,failed,1000.0,0.0,,,card,expired_card,T6E0LWIR-0004,subscription_cycle,12_month,1,cus_61CHCNR7sm9OYw,Heidi Heinonen,heidi.heinonen@stonestream-networks.example,Stonestream Networks Oy,self_serve,network_consultant,network_consulting,FI,sub_1SCUE1gVfYZMDUu9vfuEmXCY
ch_3eFheTHQUh8nBHV127fEMSqa,2025-02-25 11:36:44,succeeded,1000.0,0.0,32.75,967.25,card,,EFB34MP8-0001,subscription_create,12_month,1,cus_KitdlxVZgYe2bh,Kate Jackson,kate.jackson@vertexcore-wireless.example,Vertexcore Wireless,self_serve,network_consultant,network_consulting,US,sub_1a6rpfX0u9WNSoYrulGCYPlf
ch_3CNKoSvMiq0US16YAa2FyXyo,2025-02-25 12:06:24,succeeded,599.0,0.0,15.23,583.77,card,,4TYCYNCQ-0001,subscription_create,6_month,1,cus_WS3Vu0jAY925qE,Wei Roberts,wei.roberts@roberts-network-services.example,Roberts Network Services Ltd,self_serve,network_consultant,network_consulting,GB,sub_11pSG6XYO95QhgjQ5NDWybTU
py_3BxAV22yGGQf79mzTbGLnFeO,2025-02-25 16:00:03,succeeded,198000.0,0.0,5.0,197995.0,bank_transfer,,L99WZD41-0002,subscription_cycle,enterprise,1,cus_YB8XMO7YYIMjQ8,Voltmark Fertigungstechnik GmbH,accounts.payable@voltmark-fertigungstechnik.example,Voltmark Fertigungstechnik GmbH,enterprise,,manufacturing,DE,sub_15QZa2XtaVywGksUMbuuC6Z9
ch_3DSlR6dxGUUs8eZdpUwPA91R,2025-02-25 18:33:03,succeeded,599.0,0.0,19.72,579.28,card,,L8NM3O9R-0001,subscription_create,6_month,1,cus_wyv726KrVo9VYB,Wei Harris,wei.harris@balticgate-systems-integration.example,Balticgate Systems Integration,self_serve,head_of_wireless,it_services,US,sub_1VO7dRAd44vET8JsGQliH1tE
ch_3RX9hC9RLBKKKNKzx37iQSOw,2025-02-26 07:06:39,succeeded,599.0,0.0,19.72,579.28,card,,5U52A8YS-0003,subscription_cycle,6_month,1,cus_zVGeXtcArYTBDq,Mark Phillips,mark.phillips@brightstream-schools.example,Brightstream Schools LLC,self_serve,it_lead,education,US,sub_1x2cT9YqtbFcUmNdzuNWRyVv
ch_3a5BeHhCI3mdw59upqfMabQr,2025-02-26 22:29:30,succeeded,599.0,0.0,9.23,589.77,card,,SS7CJJ53-0001,subscription_create,6_month,1,cus_ofwJW6Bbpq1XxD,Ruben van Dijk,ruben.vandijk@maplepoint-schools.example,Maplepoint Schools B.V.,self_serve,it_lead,education,NL,sub_1GGJqy2ewweMnNk63shAdA4m
ch_3FkVPRgPTIsG1acGE0tM7EJ5,2025-02-27 09:15:31,succeeded,2000.0,0.0,30.25,1969.75,card,,EP6EWZT5-0001,subscription_create,12_month,2,cus_Tc5SBgyi7w5zrM,Janne Ahonen,janne.ahonen@bluefield-networks.example,Bluefield Networks,self_serve,network_consultant,network_consulting,FI,sub_13xzByfg6TkQ5XawthfbZwMG
ch_3QeMpOQaai1mNVcVvXWqk3rP,2025-02-27 14:00:29,succeeded,599.0,0.0,19.72,579.28,card,,N9JC1RZS-0005,subscription_cycle,6_month,1,cus_zvomjVpefdbOpn,Matt Roberts,matt.roberts@apexview-rf-consulting.example,Apexview RF Consulting,self_serve,network_consultant,network_consulting,AU,sub_1AFrBDfxXDTpl265088hPK1G
ch_3ByykDd6XtiQe8MGCdlarBRP,2025-02-27 16:16:56,succeeded,1000.0,0.0,15.25,984.75,card,,MQT8W0L0-0001,subscription_create,12_month,1,cus_2cQrRPxa5hle3Y,Chiara Ferrari,chiara.ferrari@aurorapeak-wi-fi-solutions.example,Aurorapeak Wi-Fi Solutions,self_serve,network_consultant,network_consulting,IT,sub_1xeiJB54W7hqk1lkxJZCNEml
ch_3PVcUxhN8Ftl7EzkSZTRs2Lz,2025-02-28 09:33:42,succeeded,2000.0,0.0,65.25,1934.75,card,,KZJARF2L-0002,subscription_cycle,12_month,2,cus_wAbdkFO48dAHPr,Josh Adams,josh.adams@crestfield-logistics.example,Crestfield Logistics LLC,self_serve,it_lead,logistics,US,sub_1M7mTQdF0DUdmOCyXqPqfVSv
ch_3I0SQBEUUG3ho6fOsvlsFwej,2025-02-28 09:57:32,failed,1000.0,0.0,,,card,expired_card,T6E0LWIR-0004,subscription_cycle,12_month,1,cus_61CHCNR7sm9OYw,Heidi Heinonen,heidi.heinonen@stonestream-networks.example,Stonestream Networks Oy,self_serve,network_consultant,network_consulting,FI,sub_1SCUE1gVfYZMDUu9vfuEmXCY
ch_3QHAGxk51I2hgn3oNMMeHORQ,2025-02-28 14:29:04,succeeded,599.0,0.0,9.23,589.77,card,,LFJMYMGY-0003,subscription_cycle,6_month,1,cus_uTHDkl3tgqZbDo,Femke Bakker,femke.bakker@signalpoint-networks.example,Signalpoint Networks BV,self_serve,network_consultant,network_consulting,BE,sub_1v8GpiflU7zsM8IsWuTJ03DA
ch_3hEfJ7flTtZgkqekqvAY2Wr0,2025-03-01 15:42:21,succeeded,3000.0,0.0,97.75,2902.25,card,,QX2SON75-0002,subscription_cycle,12_month,3,cus_Yj9PWnaGhX2k6k,Olivia White,olivia.white@irongate-industries.example,Irongate Industries LLC,self_serve,it_lead,manufacturing,US,sub_1tRsKnon9ubYoi8vZSm7FSCL
ch_3rWREIFv3T6fGL6ZCqhRcbEV,2025-03-01 17:00:44,succeeded,1000.0,0.0,32.75,967.25,card,,RYMMSSBB-0002,subscription_cycle,12_month,1,cus_GBTS6ejLkUkaXm,Brian Scott,brian.scott@vertexlink-wi-fi-solutions.example,Vertexlink Wi-Fi Solutions,self_serve,network_consultant,network_consulting,US,sub_1KHwzktH7Bx2olWaRUIL0VbW
ch_3LUAi9FIoI6GUS4VJnxzR3N5,2025-03-02 09:03:00,succeeded,1198.0,0.0,18.22,1179.78,card,,S6I072Q5-0003,subscription_cycle,6_month,2,cus_ETuZBXZOdBxH46,Javier Sánchez,javier.sanchez@mailbox.example,,self_serve,network_consultant,network_consulting,ES,sub_1nm5IO2cJYlV7kIdQF7u3gTF
ch_3Vmr9i2xetSWg0cpJ8SV8Uow,2025-03-02 19:03:03,succeeded,599.0,0.0,9.23,589.77,card,,8SBP954O-0002,subscription_cycle,6_month,1,cus_KsPXF7HPCc5cK3,Tobias Schneider,tobias.schneider@summitpoint-foods.example,Summitpoint Foods GmbH,self_serve,it_lead,food_beverage,DE,sub_1E2RbzG9XedC3VVfXahVnv0n
ch_3dvSaorjMxd4f5lacE21H6Cy,2025-03-03 12:49:57,succeeded,1000.0,0.0,15.25,984.75,card,,S9VSY8JL-0001,subscription_create,12_month,1,cus_RABXJ3ScqP0dFa,Koen de Vries,koen.devries@brightbridge-networks.example,Brightbridge Networks B.V.,self_serve,network_consultant,network_consulting,NL,sub_1SI8R3ZsQqg4GJznOQVVQvdl
ch_3oXlgTlPKHoOAmbPyognY63y,2025-03-03 17:01:48,succeeded,1000.0,0.0,15.25,984.75,card,,6SM4IRFD-0001,subscription_create,12_month,1,cus_c1wvK7kjvOB6w1,Mikkel Berg,mikkel.berg@alpinepoint-partners.example,Alpinepoint Partners AB,self_serve,it_lead,professional_services,SE,sub_1RFbyQfc9549oIcZjJjjjLGD
ch_3CwY4gl8tL1Bk0RbnRw0NXL3,2025-03-04 06:32:42,succeeded,1000.0,0.0,32.75,967.25,card,,3FY02MSZ-0001,subscription_create,12_month,1,cus_UG1LMlIEYFHWm9,Ryan Collins,ryan.collins@vertexwave-hotels.example,Vertexwave Hotels Pty Ltd,self_serve,it_lead,hospitality,AU,sub_1DY8bydqN29C3QemutL42mT1
ch_3VOQWsk44rXShBss1I3Yyjdi,2025-03-04 09:06:38,succeeded,1000.0,0.0,32.75,967.25,card,,E0X47S6L-0001,subscription_create,12_month,1,cus_r8eVXoPWPfCWZd,Amanda Young,amanda.young@brightfield-systems-integration.example,Brightfield Systems Integration,self_serve,head_of_wireless,it_services,US,sub_1O2d2tbTrJL9ztPchk0KawUW
ch_3sPwg0gegHWlegHPxoOdq6NB,2025-03-04 13:44:08,succeeded,599.0,0.0,9.23,589.77,card,,BNDEFMC8-0001,subscription_create,6_month,1,cus_ZFy540CSRS67W4,Lena Wolf,lena.wolf@nordiccore-wireless.example,Nordiccore Wireless,self_serve,network_consultant,network_consulting,AT,sub_1mPDyxCNiWltJK3gdCZo1ZsE
ch_3XRV1qzvp6Qusrq8pPuJmOHs,2025-03-04 19:34:11,succeeded,1000.0,0.0,32.75,967.25,card,,A3L4JY83-0001,subscription_create,12_month,1,cus_KnMvGCp7Rm03Fr,Megan Miller,megan.miller@brightworks-industries.example,Brightworks Industries Inc.,self_serve,it_lead,manufacturing,CA,sub_1EVHJ9cstoIUfYZQIby6wY8q
ch_3bBhguMI2tCwjI7NpyGDT7bl,2025-03-05 09:01:32,succeeded,1000.0,0.0,15.25,984.75,card,,T6E0LWIR-0004,subscription_cycle,12_month,1,cus_61CHCNR7sm9OYw,Heidi Heinonen,heidi.heinonen@stonestream-networks.example,Stonestream Networks Oy,self_serve,network_consultant,network_consulting,FI,sub_1SCUE1gVfYZMDUu9vfuEmXCY
ch_3cQQNPbcibAHZW62cdrUAmCg,2025-03-05 16:13:34,succeeded,1000.0,0.0,25.25,974.75,card,,OF159R7A-0004,subscription_cycle,12_month,1,cus_M4SJ0TcIF2cP02,Rachel Evans,rachel.evans@evans-wireless-consulting.example,Evans Wireless Consulting,self_serve,network_consultant,network_consulting,GB,sub_1zAJAjVN178p8IRT7R1KX14E
ch_3mOk8N61FaxzUXsIJcJ4HOg8,2025-03-07 17:42:53,succeeded,1000.0,0.0,32.75,967.25,card,,ASKFE4RU-0001,subscription_create,12_month,1,cus_IyCYR5oXDBEvGT,Steve Scott,steve.scott@mailbox.example,,self_serve,network_consultant,network_consulting,US,sub_11RkAi47W4vFOu5BK4mB3ge4
ch_3M7b8abo0Yc8YEA3hH5B2h7N,2025-03-07 19:45:55,succeeded,2000.0,0.0,65.25,1934.75,card,,Q6G6HZ7C-0003,subscription_cycle,12_month,2,cus_V3dGGmyfbPND8u,Chris Young,chris.young@postbox.example,,self_serve,network_consultant,network_consulting,US,sub_1W4ieYMMJvJK1khCWcAiW9mZ
ch_3rMaGvmU02RFUOu8qV4YFMS3,2025-03-07 19:47:30,succeeded,2000.0,0.0,65.25,1934.75,card,,ATXQ2IG0-0001,subscription_create,12_month,2,cus_vSc09nHPKKTy77,Raj Hall,raj.hall@westline-managed-services.example,Westline Managed Services Inc.,self_serve,head_of_wireless,it_services,CA,sub_1UfHFwzTZo04nMkEJDXWJzdd
ch_3eocy8cV0AhQQ5IBq4yIqehc,2025-03-11 14:08:54,succeeded,1797.0,0.0,27.21,1769.79,card,,XTF3REL0-0001,subscription_create,6_month,3,cus_DzCFAs1CBsnDjE,Anna Korhonen,anna.korhonen@beaconbridge-wireless-engineering.example,Beaconbridge Wireless Engineering,self_serve,head_of_wireless,network_consulting,FI,sub_1ehxu2NWLD9C6dHQYzLA6RAc
ch_3tfatcZowRzS4QQoZH2kvk2z,2025-03-12 14:39:22,succeeded,2000.0,0.0,65.25,1934.75,card,,LHS75SUL-0003,subscription_cycle,12_month,2,cus_QrwS00s2lbkCfD,David Evans,david.evans@clearpoint-clinics.example,Clearpoint Clinics LLC,self_serve,it_lead,healthcare,US,sub_1460LFG484Co5b2jMriBLwOE
ch_3aHs5lhsZsQDFfaczt6HHIC7,2025-03-12 16:27:18,succeeded,599.0,0.0,19.72,579.28,card,,MZ551TS7-0001,subscription_create,6_month,1,cus_OVgFlZ5McWSsYm,Kevin Thomas,kevin.thomas@crestfield-logistics.example,Crestfield Logistics,self_serve,it_lead,logistics,US,sub_15vNfXTb2wSDx8cKUf74QjhM
ch_3IBGHK5BLUPi3CBZC4AM3F4Q,2025-03-13 08:17:01,succeeded,1000.0,0.0,32.75,967.25,card,,PFAIH820-0001,subscription_create,12_month,1,cus_lErP0rfggpN18M,Amanda Nelson,amanda.nelson@inbox.example,,self_serve,network_consultant,network_consulting,AU,sub_1pLu1tQE6XrcJNxbMJJFfzxy
ch_3SMLPRQTxBr4dgLPJqfdHKJD,2025-03-13 11:06:57,succeeded,3000.0,3000.0,45.25,2954.75,card,,3NGZRYM0-0001,subscription_create,12_month,3,cus_2QO3oHtYotUffK,Jonas Holm,jonas.holm@harborpath-technology-group.example,Harborpath Technology Group AB,self_serve,head_of_wireless,it_services,SE,sub_1IMcY14x2JQnLHDa0NaFS7k2
ch_3vU0UPHwxoo9asGYETTfCcf9,2025-03-14 09:20:19,succeeded,1000.0,0.0,32.75,967.25,card,,47ITT52M-0001,subscription_create,12_month,1,cus_RtYn1YWsrMv5HJ,Daniel Phillips,daniel.phillips@apexbridge-wireless.example,Apexbridge Wireless,self_serve,network_consultant,network_consulting,US,sub_1m4wBZpqh0ctw69rdO0tZQMi
ch_38LeURAjspJcJEXP0RGI6OYY,2025-03-14 15:08:03,succeeded,1000.0,0.0,32.75,967.25,card,,IZJV9Y2G-0001,subscription_create,12_month,1,cus_CV9ZppYiX6mH6O,Priya Mitchell,priya.mitchell@postbox.example,,self_serve,network_consultant,network_consulting,US,sub_1o2k5ubF5wYUNK1O7TRI3wae
ch_3KxQQ3YzUqjDsIEGKLwMrqif,2025-03-15 14:16:53,succeeded,599.0,0.0,9.23,589.77,card,,D6XZLO6R-0002,subscription_cycle,6_month,1,cus_x1A12JiwuRZaMn,Maarten Mulder,maarten.mulder@harborpoint-schools.example,Harborpoint Schools B.V.,self_serve,it_lead,education,NL,sub_1ZXEQ74KxRnXFhYyLjDsPv17
ch_36ZoKA0ndl25y1Hoyft1oqhv,2025-03-15 16:26:33,succeeded,1000.0,0.0,15.25,984.75,card,,XX8XEW30-0003,subscription_cycle,12_month,1,cus_bSe6AMTZ5ftOri,María Pérez,maria.perez@silverstream-schools.example,Silverstream Schools,self_serve,it_lead,education,ES,sub_1CGj6qK26lEWIIUQOOcyhQJg
ch_3LbteXfoeFeNsKoTarOX2iID,2025-03-16 09:20:51,succeeded,599.0,0.0,5.14,593.86,sepa_debit,,5TERFD3Y-0002,subscription_cycle,6_month,1,cus_bfUVaZwBJaDmxE,Sanna Heikkinen,sanna.heikkinen@silvermark-properties.example,Silvermark Properties,self_serve,it_lead,real_estate,FI,sub_1194azlTEKo8w1bp607lduoQ
ch_3BQ7A1kyXPbeNFliBNWrigs5,2025-03-16 10:18:01,succeeded,599.0,0.0,19.72,579.28,card,,112617JL-0002,subscription_cycle,6_month,1,cus_UrJ3Ozm5GCuNW5,Megan Phillips,megan.phillips@balticpeak-foods.example,Balticpeak Foods LLC,self_serve,it_lead,food_beverage,US,sub_1Ue0lMEaVWihkciitJeQ5WGr
ch_3qBcT3eIBFzFeSDWVFttxIvz,2025-03-16 12:48:39,succeeded,5000.0,0.0,162.75,4837.25,card,,KI8EZE4E-0002,subscription_cycle,12_month,5,cus_aqMx0t5IBMoQtz,Ryan Kelly,ryan.kelly@aurorastream-telecom.example,Aurorastream Telecom,self_serve,head_of_wireless,telecom,AU,sub_15BWZIhotsB5db7ZysF2zhYW
ch_3iYmBYMq8iWp49SDC871Q813,2025-03-17 07:17:35,succeeded,599.0,0.0,9.23,589.77,card,,VER8P0ZF-0001,subscription_create,6_month,1,cus_ILW4upj7g9Lu4A,Stefano Bruno,stefano.bruno@pinegate-construction.example,Pinegate Construction S.r.l.,self_serve,it_lead,construction,IT,sub_1egjII8OK1hvzSTJT4NQv70E
ch_3O6ZNcqiYNJKcXQcjAmOsYpM,2025-03-17 09:55:13,succeeded,1000.0,0.0,32.75,967.25,card,,F9DIUPL5-0001,subscription_create,12_month,1,cus_ovFFeHKTuYEp2m,Megan Mitchell,megan.mitchell@northwave-telecom.example,Northwave Telecom,self_serve,head_of_wireless,telecom,US,sub_1XsyLID46Oo1AgYzWZ05MzXG
ch_3sEMmL6nOpYYbVyxgCTRgqhF,2025-03-17 16:21:34,succeeded,1198.0,0.0,18.22,1179.78,card,,B0WM6LGE-0001,subscription_create,6_month,2,cus_D79F5aCvCmkDSX,Matthias Koch,matthias.koch@deltafield-telecom.example,Deltafield Telecom GmbH,self_serve,head_of_wireless,telecom,AT,sub_1vqO29GAN5PjjS6fZ7AIH0O1
ch_3qRSJrLauJ0SS5N9yHuFmTCb,2025-03-18 05:39:54,succeeded,1198.0,0.0,18.22,1179.78,card,,QL73V2DW-0004,subscription_cycle,6_month,2,cus_n3FGGArfVspwGM,Julia Fischer,julia.fischer@atlasport-systems-integration.example,Atlasport Systems Integration GmbH,self_serve,head_of_wireless,it_services,DE,sub_11Ws622DPyqVuJ9PEjn8nIpo
ch_3uRs8CKgMsnMioZ2S8N1BgSG,2025-03-18 11:24:27,succeeded,599.0,0.0,9.23,589.77,card,,RGOTFY3R-0002,subscription_cycle,6_month,1,cus_gwwfmdXQggE0gS,Daniel Edwards,daniel.edwards@postbox.example,,self_serve,network_consultant,network_consulting,IE,sub_1NBOrSaNlB3kCdy0khSDeMcp
ch_3D4sipDHbro4GqtRCx8bncub,2025-03-18 14:40:34,succeeded,1000.0,0.0,15.25,984.75,card,,XFHDIR91-0001,subscription_create,12_month,1,cus_0MLsbYc94XbnPJ,Stefan Schmidt,stefan.schmidt@northpath-rf-consulting.example,Northpath RF Consulting,self_serve,network_consultant,network_consulting,DE,sub_1cbNQqMEc0DQ8qe3oJN8h5MT
ch_3MTeIthjtCTpDSpCrdCTbhe3,2025-03-19 12:36:26,succeeded,599.0,0.0,9.23,589.77,card,,FD046KLJ-0001,subscription_create,6_month,1,cus_yAjzH3SQXdW0gs,Sven Braun,sven.braun@signalpath-retail-group.example,Signalpath Retail Group GmbH,self_serve,it_lead,retail,DE,sub_1zxGAucQDaQTwSlAmL17IhK3
ch_35OkRbDp21KG9YPWx1uQKVdq,2025-03-19 13:00:44,succeeded,1000.0,0.0,32.75,967.25,card,,T7162JH9-0001,subscription_create,12_month,1,cus_tlwXH3UvbBpcRQ,Ben Patel,ben.patel@summitpeak-networks.example,Summitpeak Networks LLC,self_serve,network_consultant,network_consulting,US,sub_1GGKwjFajzneB43JF7OyebJM
ch_3xYZYRc9Q07kBnd1TZODvGe8,2025-03-19 14:19:09,succeeded,2000.0,0.0,50.25,1949.75,card,,PO5PR5SS-0001,subscription_create,12_month,2,cus_LC1jTDo4htTEif,Raj Walker,raj.walker@signalfield-wireless-engineering.example,Signalfield Wireless Engineering Ltd,self_serve,head_of_wireless,network_consulting,GB,sub_12aVzmsu9NI6FaKfytTnlseI
ch_355GjEXDfC6HZcYQDgW3THHS,2025-03-20 05:27:41,succeeded,2000.0,0.0,65.25,1934.75,card,,2M87OZQ5-0005,subscription_cycle,12_month,2,cus_ugsSzmG0Sm1JOD,Matt Roberts,matt.roberts@polarpeak-logistics.example,Polarpeak Logistics LLC,self_serve,it_lead,logistics,US,sub_182HKTMXxBfnkBcu3RZvXxXy
ch_3kkLyRQTXHjx05jFHy746u3B,2025-03-20 13:06:27,succeeded,2000.0,0.0,30.25,1969.75,card,,X2JBCN3B-0002,subscription_cycle,12_month,2,cus_vvaTmVt1atIkZy,Chiara Marino,chiara.marino@beaconworks-rf-consulting.example,Beaconworks RF Consulting S.r.l.,self_serve,network_consultant,network_consulting,IT,sub_1vORLnToch3uZcy0yo5CTz9a
ch_3iK70yMXiWzFiEdqfIqUFS7D,2025-03-20 23:38:38,succeeded,599.0,0.0,9.23,589.77,card,,7RLMRWEJ-0002,subscription_cycle,6_month,1,cus_tJGKYcTcSNE8rb,Uwe Neumann,uwe.neumann@crestgate-industries.example,Crestgate Industries GmbH,self_serve,it_lead,manufacturing,DE,sub_1fZWCDhNgW3FYwGKyLfxPEEF
ch_3Km81yCNmBsmFJPxuCwb3iRj,2025-03-21 05:08:36,succeeded,599.0,0.0,19.72,579.28,card,,G7RTJ2DH-0001,subscription_create,6_month,1,cus_HiKY1R9O9dPcyH,James Hall,james.hall@atlasport-construction.example,Atlasport Construction Inc.,self_serve,it_lead,construction,CA,sub_1XkPZB2sdBDpj1UGYPnl23qv
ch_3l1U5xewPkSCgmd9IhxOo9Z8,2025-03-21 10:09:07,succeeded,599.0,0.0,9.23,589.77,card,,Z1FBLVDD-0001,subscription_create,6_month,1,cus_Sti0LouylN3l6u,Lauri Mäkelä,lauri.makela@blueview-partners.example,Blueview Partners Oy,self_serve,it_lead,professional_services,FI,sub_14sVisSctHEQEU6DEmpkIYsV
ch_3jw1KefAwX8yhBd5q5AVh79F,2025-03-21 12:44:30,succeeded,1198.0,0.0,18.22,1179.78,card,,T0LGSZQ1-0003,subscription_cycle,6_month,2,cus_O9fy0WLuCKiYXf,Petri Koskinen,petri.koskinen@novamark-wi-fi-solutions.example,Novamark Wi-Fi Solutions,self_serve,network_consultant,network_consulting,FI,sub_1w9i3UTHqUKTxsdtUNDT41Hv
ch_3UJKGOcaJBGom3QUuw1ToFYL,2025-03-21 17:15:26,succeeded,1000.0,0.0,32.75,967.25,card,,I4LERZP0-0001,subscription_create,12_month,1,cus_wAzVcrhQadwCHx,Kate Turner,kate.turner@lumenbridge-construction.example,Lumenbridge Construction,self_serve,it_lead,construction,US,sub_1j9jqzkEHmobGKWRZ0ShFKXH
ch_3CRD7HrwqyO1AZfnJHAe2BdL,2025-03-21 20:25:29,succeeded,1000.0,0.0,15.25,984.75,card,,CUPRIZ34-0001,subscription_create,12_month,1,cus_rjqYeeHWoAPRKm,Camille Moreau,camille.moreau@inbox.example,,self_serve,network_consultant,network_consulting,FR,sub_1bOtH3uriwpUGCybJ7qOynM5
ch_3X2ntVmMArpOfVLX2u8HiE5S,2025-03-22 13:20:39,failed,1000.0,0.0,,,card,card_declined,XSUVXZFR-0001,subscription_create,12_month,1,cus_wA5Jfu41VLHaVg,Carlos Evans,carlos.evans@evans-wireless-consulting.example,Evans Wireless Consulting,self_serve,network_consultant,network_consulting,CA,sub_1hZNwO3jHVczglQLI0cWuVgj
ch_3umhvQIWgpdWUUArBhUnnJvp,2025-03-22 13:29:21,succeeded,1000.0,0.0,32.75,967.25,card,,XSUVXZFR-0001,subscription_create,12_month,1,cus_wA5Jfu41VLHaVg,Carlos Evans,carlos.evans@evans-wireless-consulting.example,Evans Wireless Consulting,self_serve,network_consultant,network_consulting,CA,sub_1hZNwO3jHVczglQLI0cWuVgj
ch_3g7j4ZQWRxi2tlF0fnUZjjyW,2025-03-22 16:08:27,succeeded,2000.0,0.0,30.25,1969.75,card,,IJVSKDPA-0001,subscription_create,12_month,2,cus_2AFvaps8PKZnGY,Andreas Richter,andreas.richter@clearline-construction.example,Clearline Construction GmbH,self_serve,it_lead,construction,DE,sub_1a0140NbYQza0s4tPhLEzDpa
ch_3iYtLF0gdL0BOOhJjbOMCxti,2025-03-23 07:33:28,succeeded,1000.0,0.0,32.75,967.25,card,,ZH0CIIX7-0003,subscription_cycle,12_month,1,cus_NiGu8i5IftC3XB,Kate Collins,kate.collins@collins-network-services.example,Collins Network Services LLC,self_serve,network_consultant,network_consulting,US,sub_1ZnsTYfjEIVODYV6uR3EgWGE
ch_3A8DhY4VRyTivOi57yKwrwqE,2025-03-23 07:45:36,succeeded,1000.0,0.0,15.25,984.75,card,,X4S6PAUB-0004,subscription_cycle,12_month,1,cus_Fui2j6xAMcbmao,Mikkel Sørensen,mikkel.sorensen@inbox.example,,self_serve,network_consultant,network_consulting,NO,sub_1yszIlxLhNpX2ZsN0pL0Arod
ch_3A3K9UPEXYjE8K5vH0DQ2jSd,2025-03-23 12:09:39,succeeded,599.0,0.0,19.72,579.28,card,,C37GTSB3-0001,subscription_create,6_month,1,cus_A30lWylRZDfxaM,Paul Campbell,paul.campbell@greengate-wi-fi-solutions.example,Greengate Wi-Fi Solutions,self_serve,network_consultant,network_consulting,US,sub_1PFlqeWBQHUhTQ02aYucPRAM
ch_3QKf7pXz0vmw1SmlQpvd55qr,2025-03-24 09:50:31,succeeded,1000.0,0.0,32.75,967.25,card,,TQA3QZ44-0002,subscription_cycle,12_month,1,cus_X4dnQX0KF9yFi1,Dirk Weber,dirk.weber@weber-wireless-consulting.example,Weber Wireless Consulting AG,self_serve,network_consultant,network_consulting,CH,sub_1MAGjB4nRBvHtxyIdQVfzLv8
ch_3akk4ClSX7gFWQMyk7JkDqKa,2025-03-24 12:47:14,succeeded,1000.0,0.0,15.25,984.75,card,,7UHON0ZD-0001,subscription_create,12_month,1,cus_rb0hOwPeiEsVbw,Sven Hoffmann,sven.hoffmann@harborstream-construction.example,Harborstream Construction GmbH,self_serve,it_lead,construction,DE,sub_1gU13xkh8AHQTtmJZUo37rxY
ch_3kNWkQhXTbpx7lebR4EkIux9,2025-03-25 09:56:35,succeeded,1000.0,0.0,15.25,984.75,card,,LUZY615W-0002,subscription_cycle,12_month,1,cus_QoIJPU7jMaXUTy,Stefano Costa,stefano.costa@costa-network-services.example,Costa Network Services S.r.l.,self_serve,network_consultant,network_consulting,IT,sub_1k8J5ins16JBtlIZUF3rTRQ2
ch_3Yc3gxrE1LYqK0HtG64vm0v9,2025-03-25 16:10:59,succeeded,1000.0,0.0,32.75,967.25,card,,YPA8WHEZ-0001,subscription_create,12_month,1,cus_eQzGvDUtZQCgGM,Tobias Becker,tobias.becker@apexport-wireless.example,Apexport Wireless,self_serve,network_consultant,network_consulting,CH,sub_1fTn4oFydGlpLv9GxiMEs6Ct
ch_3vtfsBSRgatYjSKzwfOuluRs,2025-03-26 07:13:51,succeeded,1000.0,0.0,15.25,984.75,card,,G3G4D72W-0001,subscription_create,12_month,1,cus_mTjxgwNbqY4ra0,Marko Turunen,marko.turunen@northcore-technology-group.example,Northcore Technology Group Oy,self_serve,head_of_wireless,it_services,FI,sub_1tx37kzrMCeNWrMCNgiefJDo
ch_3mw4Z3L9XsRiPN3inieGt1VM,2025-03-26 09:53:08,succeeded,1000.0,0.0,15.25,984.75,card,,0PITO1V7-0003,subscription_cycle,12_month,1,cus_TwbFKPnIEmmUpI,Sabine Meyer,sabine.meyer@alpinelink-foods.example,Alpinelink Foods,self_serve,it_lead,food_beverage,DE,sub_11bHT9ynznrexQW0OZPd9FI6
ch_3AIq79bmpZ9fcr6yMh4JitMM,2025-03-27 06:45:34,succeeded,599.0,0.0,9.23,589.77,card,,8EVMFA3D-0002,subscription_cycle,6_month,1,cus_DYCcnvwkHDdwGF,Joost Dekker,joost.dekker@alpinebridge-rf-consulting.example,Alpinebridge RF Consulting,self_serve,network_consultant,network_consulting,NL,sub_11b1wEQ8aa9ZIpTeceyqoz6M
ch_3TYKa9voOt0CY9L3K3bto9jR,2025-03-27 11:03:33,succeeded,1000.0,0.0,15.25,984.75,card,,9OG0VQ3T-0002,subscription_cycle,12_month,1,cus_hi2zD1D2mxAfBD,Andrew Taylor,andrew.taylor@taylor-network-services.example,Taylor Network Services Ltd,self_serve,network_consultant,network_consulting,IE,sub_1yCtEwMdhOqTaJ8Sj20HjSLt
ch_3bl8ZdgPTDWorjjrqVy5Dunn,2025-03-28 10:12:23,succeeded,599.0,0.0,9.23,589.77,card,,94UKBJO1-0003,subscription_cycle,6_month,1,cus_q13JaJRoTC0QQr,Lauri Turunen,lauri.turunen@pinepath-retail-group.example,Pinepath Retail Group,self_serve,it_lead,retail,FI,sub_1Y10HkedfcNBXAJEiy0JIzOL
ch_3AqWTm3xNAELZO9UHFjRD1UN,2025-03-29 07:06:42,succeeded,1000.0,0.0,25.25,974.75,card,,UDWH2QPA-0001,subscription_create,12_month,1,cus_H2KW2ofTjc7CRL,Paul Scott,paul.scott@bluebridge-rf-consulting.example,Bluebridge RF Consulting Ltd,self_serve,network_consultant,network_consulting,GB,sub_17uxe4FkLLOwdxgwHW6OytGg
ch_3hV6e1eULt0de7cohoPDfOBY,2025-04-01 12:40:56,succeeded,599.0,0.0,19.72,579.28,card,,PC9QDCFZ-0001,subscription_create,6_month,1,cus_OJ0uC7EkWPXQix,Ryan Thompson,ryan.thompson@ironmark-wireless.example,Ironmark Wireless Pty Ltd,self_serve,network_consultant,network_consulting,AU,sub_1LfDPmt06dhghxXuAp41LBnK
ch_3WptZ7yJjj9HfXF6rfC9eeU6,2025-04-01 19:43:36,succeeded,599.0,0.0,15.23,583.77,card,,PM33JMH4-0001,subscription_create,6_month,1,cus_3GSLm2nr1xVa54,David Phillips,david.phillips@granitestream-clinics.example,Granitestream Clinics,self_serve,it_lead,healthcare,GB,sub_16EF5TJWf5VgIrpa8QUM3p44
ch_3M7Vu4dXjNHs9RfkvA9GQD4g,2025-04-02 14:11:39,succeeded,599.0,0.0,19.72,579.28,card,,NCYYZGIM-0001,subscription_create,6_month,1,cus_vlJlN9C7GK4l6x,Sarah Moore,sarah.moore@greenbridge-telecom.example,Greenbridge Telecom,self_serve,head_of_wireless,telecom,US,sub_1nUGKQQwtadPy2HF4TMo25w4
ch_3xwNa7A2WsyT7FAcn7JhILGa,2025-04-03 10:26:39,succeeded,599.0,0.0,9.23,589.77,card,,16WCFW77-0001,subscription_create,6_month,1,cus_eetJnYl8J21GBW,Carlos Sánchez,carlos.sanchez@balticport-managed-services.example,Balticport Managed Services S.L.,self_serve,head_of_wireless,it_services,ES,sub_1qnhp2N3mOyJFjUOrNfntU2Y
ch_3aGlWHyuKEl2auJOxuqOBZ8e,2025-04-03 11:10:29,succeeded,2995.0,0.0,97.59,2897.41,card,,5OGD0CG2-0001,subscription_create,6_month,5,cus_cujhEzhcrE4wZB,Sven Neumann,sven.neumann@vertexfield-it-solutions.example,Vertexfield IT Solutions AG,self_serve,head_of_wireless,it_services,CH,sub_1Md6TJxWhJPraNSK4uoBXuh3
ch_3SeBt3hL0WzvlPHH8qcfhMK7,2025-04-03 13:20:11,succeeded,1000.0,0.0,32.75,967.25,card,,N7C4C4IA-0003,subscription_cycle,12_month,1,cus_yEfpZD6P9fQ87V,Ahmed King,ahmed.king@greengate-rf-consulting.example,Greengate RF Consulting,self_serve,network_consultant,network_consulting,US,sub_1Mokd3eEDpK9LqNaqHVYoBhA
ch_3oTXI4k8o0YZb6LAgQYk8H0h,2025-04-04 09:16:10,succeeded,1198.0,0.0,18.22,1179.78,card,,8KK58QVR-0003,subscription_cycle,6_month,2,cus_cQlnMEnClb6AzP,Julie Rousseau,julie.rousseau@westworks-networks.example,Westworks Networks SAS,self_serve,network_consultant,network_consulting,FR,sub_1jr2XU0QpBg8H5wkazIKyy4W
ch_3ZkjNJQHURl87xGagQM0P7gl,2025-04-04 09:54:17,succeeded,1000.0,0.0,15.25,984.75,card,,RDKB52TF-0002,subscription_cycle,12_month,1,cus_K9aSi6fbnz6Sfk,Johan Johansson,johan.johansson@nordicline-wireless.example,Nordicline Wireless AS,self_serve,network_consultant,network_consulting,NO,sub_10BMYtkNOGPBxDgzSWPykl3y
ch_3V4g6Dc3qlYjitoiSrql2B2m,2025-04-04 18:07:48,succeeded,2000.0,0.0,65.25,1934.75,card,,Z1JLPH2S-0001,subscription_create,12_month,2,cus_yOxzkWv0bD5pCk,Chris Evans,chris.evans@balticmark-telecom.example,Balticmark Telecom Pty Ltd,self_serve,head_of_wireless,telecom,AU,sub_11YenHjlPve3loDzDEdc8NQh
ch_34oAxsbgUJWKARYDdqrVvQyU,2025-04-05 14:18:12,succeeded,1000.0,0.0,32.75,967.25,card,,1PFZGX7V-0002,subscription_cycle,12_month,1,cus_Bg1FDe6CivspkZ,Jason Kim,jason.kim@beaconpoint-it-solutions.example,Beaconpoint IT Solutions,self_serve,head_of_wireless,it_services,US,sub_13UNb82rM9egKkT5rZBQDZjH
ch_3OaPIi6KL3wH8KcFVVuPXRhR,2025-04-05 15:54:36,succeeded,1000.0,0.0,15.25,984.75,card,,S0SPZAKJ-0001,subscription_create,12_month,1,cus_xqlYA75C0elHvm,Luca Conti,luca.conti@crestmark-wi-fi-solutions.example,Crestmark Wi-Fi Solutions S.r.l.,self_serve,network_consultant,network_consulting,IT,sub_1eywJyL11lyC2TgdGFbRvCNq
ch_3GJnc8NP6SlJT20B12rPqxdz,2025-04-05 19:08:03,succeeded,1000.0,0.0,32.75,967.25,card,,RUY8BZSA-0003,subscription_cycle,12_month,1,cus_Pz4sNFzdgL3Pek,Paul Roberts,paul.roberts@granitegate-media.example,Granitegate Media,self_serve,it_lead,media,US,sub_1koZ3SFDQrGBY7DH1TpKMRfy
ch_3U0MUVI8C06SfS8YAWg06KkU,2025-04-06 14:17:36,succeeded,599.0,0.0,9.23,589.77,card,,VKMPPKJV-0001,subscription_create,6_month,1,cus_8zwz9Oj3vA3Bae,Niels Bos,niels.bos@apexpoint-industries.example,Apexpoint Industries B.V.,self_serve,it_lead,manufacturing,NL,sub_1ZIBwVlj9qqTwR1na9tgxIFB
ch_3dVQK4cdGAAaiLyQezB1RQcq,2025-04-07 09:48:24,succeeded,1000.0,0.0,32.75,967.25,card,,563DBJHK-0001,subscription_create,12_month,1,cus_tgpOkeXk7afI1s,Priya Collins,priya.collins@granitemark-schools.example,Granitemark Schools,self_serve,it_lead,education,US,sub_1KDOnYJaqzSjRdGQgQ1Fh6e1
ch_3iOIHX91X3eihBPNV1KaOK1z,2025-04-07 15:38:29,succeeded,1000.0,0.0,32.75,967.25,card,,7SVU2SR9-0004,subscription_cycle,12_month,1,cus_6pm68BP8C4r8AL,Sarah Nelson,sarah.nelson@lumenmark-wi-fi-solutions.example,Lumenmark Wi-Fi Solutions Ltd,self_serve,network_consultant,network_consulting,NZ,sub_1nZODjjfGWmEP7n2WZrdBKnW
ch_35xqC3ITN60GWkKNa3s7CMMM,2025-04-07 21:10:23,succeeded,1000.0,0.0,32.75,967.25,card,,BB77BSR4-0003,subscription_cycle,12_month,1,cus_7JiMDeUlDxIUhh,Paul Adams,paul.adams@adams-wireless-consulting.example,Adams Wireless Consulting LLC,self_serve,network_consultant,network_consulting,US,sub_1ifj37dF2a6K24ClfL46fsAf
ch_3YPh5XIjoYW2WJfSJ9hJCLNN,2025-04-08 12:20:04,succeeded,1000.0,0.0,15.25,984.75,card,,KBAZVO7K-0002,subscription_cycle,12_month,1,cus_TRezmAGQosLACg,Sabine Wagner,sabine.wagner@alpinewave-warehousing.example,Alpinewave Warehousing GmbH,self_serve,it_lead,logistics,AT,sub_1nrDPWLOGvyS6TqSDeCeDS2K
ch_3MISdgWgTlWohHygPqBkEK7H,2025-04-08 19:30:55,succeeded,599.0,0.0,9.23,589.77,card,,5Z0JBVUL-0001,subscription_create,6_month,1,cus_wjHMAAZFSvVdIS,Anja Koch,anja.koch@koch-wireless-consulting.example,Koch Wireless Consulting GmbH,self_serve,network_consultant,network_consulting,DE,sub_1EPbObZ7IPgolQK4hax7oLfP
ch_3CIwHp8XytCjLhK1rXUHoyYN,2025-04-09 05:42:57,succeeded,599.0,0.0,9.23,589.77,card,,Q6YBSU8R-0001,subscription_create,6_month,1,cus_YEEkzEB3fIeeJl,Erik Dahl,erik.dahl@northline-retail-group.example,Northline Retail Group AB,self_serve,it_lead,retail,SE,sub_11WU1AlhQZlPp1V7PuNZmMxk
ch_3MnlZc7bfzN569euvWBcs1iH,2025-04-09 11:37:45,succeeded,599.0,0.0,9.23,589.77,card,,8V0CJ17R-0004,subscription_cycle,6_month,1,cus_VXhOp91qtLkvNU,Florian Weber,florian.weber@greenlink-it-solutions.example,Greenlink IT Solutions GmbH,self_serve,head_of_wireless,it_services,DE,sub_1zDgQl9VkUyBiWA37lKPNpli
ch_3qb9Rt7P63vFYhdXkNQNnY0u,2025-04-09 14:29:12,succeeded,599.0,0.0,9.23,589.77,card,,V8PJU90E-0002,subscription_cycle,6_month,1,cus_ix2xo6AtL35MbC,Antti Nieminen,antti.nieminen@inbox.example,,self_serve,network_consultant,network_consulting,FI,sub_1MHd7SPTpXcAx8a8i27JVurq
ch_3X9gTdZU9MQAaMuSnn9gudfb,2025-04-10 11:26:53,succeeded,1000.0,0.0,32.75,967.25,card,,UGU1LHH4-0002,subscription_cycle,12_month,1,cus_ZvwDfcw5letZDK,James King,james.king@vertexpoint-rf-consulting.example,Vertexpoint RF Consulting LLC,self_serve,network_consultant,network_consulting,US,sub_135DcUesahpb5BbH8ochG8zG
ch_3nwEBUIGjWdyKy4EtdF6afvk,2025-04-10 15:29:18,succeeded,2000.0,0.0,30.25,1969.75,card,,GIH32A1X-0001,subscription_create,12_month,2,cus_YvCJDs7q5xp305,Sophie Dubois,sophie.dubois@inbox.example,,self_serve,network_consultant,network_consulting,FR,sub_190fOJiaMeJXPI645qFFVIlo
ch_3H3E8UyWf5mbHsaYETIQa70K,2025-04-11 09:25:41,succeeded,599.0,0.0,9.23,589.77,card,,I90ZQOBE-0003,subscription_cycle,6_month,1,cus_Uel1vVWmtA69kU,Bjørn Jensen,bjorn.jensen@mailbox.example,,self_serve,network_consultant,network_consulting,NO,sub_1cNXqYz5z8eYqdzHLtDflhXB
ch_3t6aa7lqTIFFXHvCCroa6g4N,2025-04-11 09:35:20,succeeded,1198.0,0.0,39.19,1158.81,card,,XKCB0OCE-0002,subscription_cycle,6_month,2,cus_hKhjgZSdBuOnwF,Brian Anderson,brian.anderson@maplewave-managed-services.example,Maplewave Managed Services,self_serve,head_of_wireless,it_services,US,sub_19N69fQp1Sxq42ZsAleJM2OT
ch_3Ns7rlPV1ayzqDyDt8l9OPiT,2025-04-13 15:49:07,succeeded,599.0,0.0,19.72,579.28,card,,B0FX1K2I-0005,subscription_cycle,6_month,1,cus_x6iXaIzSNfPNvw,Rachel King,rachel.king@nordicworks-rf-consulting.example,Nordicworks RF Consulting,self_serve,network_consultant,network_consulting,US,sub_1kAoy2ozPOT3RhfAgMG5DsmK
ch_3RdNCUkUPuW5YAFVI3UmG4Jd,2025-04-13 17:44:32,succeeded,1198.0,0.0,39.19,1158.81,card,,UVQMBH71-0001,subscription_create,6_month,2,cus_K4bWRzApb4Gogy,Wei Thomas,wei.thomas@westfield-properties.example,Westfield Properties,self_serve,it_lead,real_estate,CA,sub_1dF1cIt3XTnhMlwEvKuz1UJO
ch_31FEIDHbljPWxDBa3LZ0kdru,2025-04-15 12:32:51,succeeded,1000.0,0.0,32.75,967.25,card,,5U0NJQHI-0001,subscription_create,12_month,1,cus_fxWKw0j2YcN8QV,Daniel Baker,daniel.baker@deltabridge-rf-consulting.example,Deltabridge RF Consulting,self_serve,network_consultant,network_consulting,US,sub_1QeXxOEN23ipvte7jc81L5iJ
ch_3o6CgHk9EFFTAAULUNijGdyS,2025-04-16 09:04:22,succeeded,1000.0,0.0,25.25,974.75,card,,T6L9341P-0002,subscription_cycle,12_month,1,cus_ffu1V7tNzLWHHY,Daniel Jones,daniel.jones@northfield-media.example,Northfield Media Ltd,self_serve,it_lead,media,GB,sub_1VntHJWYDbZN6enJ0HTMYuZ1
ch_38CAiIqDFLlztutNpcs2CbdE,2025-04-16 12:05:00,succeeded,1000.0,0.0,15.25,984.75,card,,CHIPLQMD-0001,subscription_create,12_month,1,cus_N1geU17LlQD2ra,Lotte Mulder,lotte.mulder@cedarpath-warehousing.example,Cedarpath Warehousing,self_serve,it_lead,logistics,BE,sub_1WpUPp7aONUOB4d7iLKxP1Y4
ch_3xqjf9CVAT9vXCOlnysN892S,2025-04-17 07:46:48,succeeded,599.0,0.0,9.23,589.77,card,,KDO8X1CT-0002,subscription_cycle,6_month,1,cus_fJT9FslIFyiKOU,Nils Lindqvist,nils.lindqvist@silvergate-rf-consulting.example,Silvergate RF Consulting AB,self_serve,network_consultant,network_consulting,SE,sub_1kVBsWUe3Z29rSInP5lJZRMu
ch_37v7DX1oIX10JqSjGwn8tB2n,2025-04-17 14:04:39,succeeded,1797.0,0.0,27.21,1769.79,card,,38DBI9BV-0001,subscription_create,6_month,3,cus_QOja5chWnphh67,Petri Laine,petri.laine@polarbridge-it-solutions.example,Polarbridge IT Solutions,self_serve,head_of_wireless,it_services,FI,sub_1SY0JLNt0EcB3HAUSyDVNtNW
ch_3c1x5rki4WCxzsr1Da1Ay4wn,2025-04-17 16:34:38,succeeded,1000.0,0.0,15.25,984.75,card,,3K0NKIWZ-0001,subscription_create,12_month,1,cus_0HGFWHUe6xtDuQ,Riikka Kinnunen,riikka.kinnunen@greenstream-wi-fi-solutions.example,Greenstream Wi-Fi Solutions Oy,self_serve,network_consultant,network_consulting,FI,sub_1wbk1UOzpwNBATXG1LIo4yjF
py_3l8NUxxnyVieqt47Yrc7L8Ve,2025-04-17 21:13:27,succeeded,145000.0,0.0,5.0,144995.0,bank_transfer,,JYJW87YV-0003,subscription_cycle,enterprise,1,cus_ZIil6tzf2pISHx,Kaarna University of Technology,accounts.payable@kaarna-university-of-technology.example,Kaarna University of Technology,enterprise,,university,FI,sub_1q1RKOcbyVTb8UiFzzX4KdHz
ch_3uFFaJSgaWgjGksCzQFSs7O3,2025-04-18 07:51:14,succeeded,599.0,0.0,19.72,579.28,card,,BS0DXYON-0001,subscription_create,6_month,1,cus_Axs0RlRpI3oCt5,Chris Carter,chris.carter@graniteport-networks.example,Graniteport Networks Ltd,self_serve,network_consultant,network_consulting,NZ,sub_1o37p5peIZwUcNMbOhWUQRo8
ch_3PhPIrP2UmFKB96cOeAbNtDH,2025-04-18 11:10:34,succeeded,1000.0,0.0,32.75,967.25,card,,HEV7H57B-0001,subscription_create,12_month,1,cus_Y4yoJGAzAhu1fM,Matt Johnson,matt.johnson@westworks-wi-fi-solutions.example,Westworks Wi-Fi Solutions LLC,self_serve,network_consultant,network_consulting,US,sub_1XrLcbm1iE9Umyz0h5URNLAW
ch_3UCZwuAYqSuX8xyddZBQGLIB,2025-04-18 17:03:26,succeeded,599.0,0.0,9.23,589.77,card,,XHACVTJE-0001,subscription_create,6_month,1,cus_eeshVFOHyK0sMm,Florian Schmidt,florian.schmidt@atlasstream-logistics.example,Atlasstream Logistics,self_serve,it_lead,logistics,DE,sub_17x90vhlfHhRJlKeCZuIaOj6
ch_3TgaAvL5stl5YlwFQISaZncf,2025-04-18 20:09:06,succeeded,599.0,0.0,19.72,579.28,card,,K161G4AG-0001,subscription_create,6_month,1,cus_RADLZfywHhUE08,Wei Mitchell,wei.mitchell@stonemark-communications.example,Stonemark Communications Inc.,self_serve,head_of_wireless,telecom,CA,sub_1zsIHoChErcYrF2QfcviEoqg
ch_3S1HUe1el2goSFKaVcAjtXyr,2025-04-18 21:46:17,succeeded,1000.0,0.0,15.25,984.75,card,,J50WFB75-0001,subscription_create,12_month,1,cus_2gSXMGtlC45WUn,Sara Strand,sara.strand@lumenfield-wireless.example,Lumenfield Wireless AB,self_serve,network_consultant,network_consulting,SE,sub_16QEThmhzy0yZLiH6MZHq38Y
ch_3FC47lintTNvCRc3LCrqyB4R,2025-04-19 16:47:26,succeeded,1000.0,0.0,25.25,974.75,card,,XIJP57IL-0002,subscription_cycle,12_month,1,cus_K1uhlGdpXFLtbF,Wei Carter,wei.carter@maplemark-clinics.example,Maplemark Clinics Ltd,self_serve,it_lead,healthcare,GB,sub_13kUDZHlA5vyqFb6Hfbvhsqx
ch_3HgCEa1CVogKlKAulIMgzoiE,2025-04-20 12:53:20,succeeded,1000.0,0.0,15.25,984.75,card,,93GJJCWW-0004,subscription_cycle,12_month,1,cus_Z52LHUjs4JczZo,Andreas Hartmann,andreas.hartmann@hartmann-wireless-consulting.example,Hartmann Wireless Consulting GmbH,self_serve,network_consultant,network_consulting,DE,sub_1JdQ4djRA8pvcImRfMWfgm6G
ch_34nyhqbRZsidULwoQ3EskxZy,2025-04-21 04:56:56,succeeded,1000.0,0.0,32.75,967.25,card,,DLXKIJJR-0002,subscription_cycle,12_month,1,cus_FD3vT1UwcwKh1R,Josh Anderson,josh.anderson@novagate-wi-fi-solutions.example,Novagate Wi-Fi Solutions,self_serve,network_consultant,network_consulting,US,sub_1VgUGMyyDrUjXAP2RLaeM786
ch_3AOklZyW3p82fUQ4bcm5gCpz,2025-04-21 07:58:44,succeeded,2000.0,0.0,65.25,1934.75,card,,TX6OR1K0-0001,subscription_create,12_month,2,cus_qefxcpUdIbksm1,Kevin Mitchell,kevin.mitchell@westview-partners.example,Westview Partners Inc.,self_serve,it_lead,professional_services,CA,sub_1lSlk6nW0oDNqiMe53QEvexW
ch_3EjvkafjHaEBriocoLb4EwVj,2025-04-22 06:22:59,succeeded,1000.0,0.0,15.25,984.75,card,,WND2LW6T-0002,subscription_cycle,12_month,1,cus_msMZjZ5rfejwhR,Kari Koskinen,kari.koskinen@orbitwave-warehousing.example,Orbitwave Warehousing Oy,self_serve,it_lead,logistics,FI,sub_10Q6vjfaEv6NhQ0lA8THNmpd
ch_3DkJNhfhbvIfoEwjdRgiTGOm,2025-04-22 16:01:47,failed,599.0,0.0,,,card,card_declined,C9CJ47QL-0001,subscription_create,6_month,1,cus_yyEUvYtTzAXVcm,Sanne Jansen,sanne.jansen@lumenline-wi-fi-solutions.example,Lumenline Wi-Fi Solutions,self_serve,network_consultant,network_consulting,NL,sub_1GaMnpDhbr1nIPhSGE7UNIfG
ch_3ZNeHP4aoSEi7iIn5ZVWAQ34,2025-04-22 16:06:18,succeeded,599.0,0.0,9.23,589.77,card,,C9CJ47QL-0001,subscription_create,6_month,1,cus_yyEUvYtTzAXVcm,Sanne Jansen,sanne.jansen@lumenline-wi-fi-solutions.example,Lumenline Wi-Fi Solutions,self_serve,network_consultant,network_consulting,NL,sub_1GaMnpDhbr1nIPhSGE7UNIfG
ch_3inCCUsmpc9ge8yj2pIyHluD,2025-04-22 21:50:53,succeeded,599.0,0.0,9.23,589.77,card,,UI6WYWT2-0001,subscription_create,6_month,1,cus_KSKcNULxeFdNYj,Daniel Weber,daniel.weber@weber-network-services.example,Weber Network Services,self_serve,network_consultant,network_consulting,DE,sub_10VnnfQXWKaJMY7U5IXcRaV7
ch_3lBjX7yzLS1vB1dPW32Q31cl,2025-04-23 08:14:21,succeeded,1000.0,0.0,15.25,984.75,card,,UXCB5EBA-0001,subscription_create,12_month,1,cus_pqfiBQDr5Ll3f6,Mikkel Nilsson,mikkel.nilsson@deltapath-construction.example,Deltapath Construction,self_serve,it_lead,construction,NO,sub_1fTL3zg2ZY9U5uBtNpVF590q
ch_3TTJ86VLYgbnGl4FlQtNlEnJ,2025-04-23 09:02:39,succeeded,2000.0,0.0,65.25,1934.75,card,,1X4C8WQP-0001,subscription_create,12_month,2,cus_O4TRQJaokmle4A,Michael Jones,michael.jones@lumenstream-warehousing.example,Lumenstream Warehousing,self_serve,it_lead,logistics,US,sub_13hchHgV617XmuZWLw8T3UiC
ch_309nizEJNXa6U0tx7SxRhAJL,2025-04-23 09:51:41,succeeded,1000.0,0.0,15.25,984.75,card,,ESQ4WJMR-0003,subscription_cycle,12_month,1,cus_cjosP4sQbshccL,Femke Mulder,femke.mulder@mulder-wireless-consulting.example,Mulder Wireless Consulting,self_serve,network_consultant,network_consulting,NL,sub_1XPxxwAdqlIvqRTAV3TydMDo
ch_3dw3XSZElU1AkEvXVfxL4fBM,2025-04-23 19:29:30,succeeded,1000.0,0.0,15.25,984.75,card,,G746DZQI-0002,subscription_cycle,12_month,1,cus_nYBZ57b6b4aKRd,Sébastien Mercier,sebastien.mercier@stonestream-technology-group.example,Stonestream Technology Group,self_serve,head_of_wireless,it_services,FR,sub_1Eu6P8UNulUkjLErZvhrnEQ6
ch_3NQTb3KQoNNB9DgHQnfXzHwn,2025-04-24 08:40:45,succeeded,1000.0,0.0,25.25,974.75,card,,GCK7O034-0001,subscription_create,12_month,1,cus_JCp51io5Fp2DXV,Emily Miller,emily.miller@novapath-retail-group.example,Novapath Retail Group Ltd,self_serve,it_lead,retail,GB,sub_1QY35SsBEetUyIJSVwZiBas3
ch_3LuUTZsxilBUuASAUFLXtnqd,2025-04-24 10:27:10,succeeded,1198.0,0.0,30.2,1167.8,card,,BPRYD7SE-0001,subscription_create,6_month,2,cus_v8L2L1faqIUgU7,Brian White,brian.white@brightpoint-systems-integration.example,Brightpoint Systems Integration Ltd,self_serve,head_of_wireless,it_services,GB,sub_18mMRIIlu5WiCL1JkJg0t5qH
ch_3XaJRVkpvewvao0ncMb33UTg,2025-04-24 15:23:00,succeeded,599.0,0.0,19.72,579.28,card,,ZSZO57Z6-0002,subscription_cycle,6_month,1,cus_TqZwPRsDiY8PgW,Amanda Thompson,amanda.thompson@orbitport-wireless.example,Orbitport Wireless LLC,self_serve,network_consultant,network_consulting,US,sub_1qbvO5Kr8CuXCMwx61OtjZKX
ch_3wCXszJcQhzq2V9iLKxIvZUb,2025-04-25 17:13:06,succeeded,2000.0,0.0,50.25,1949.75,card,,MXE4EF3Y-0001,subscription_create,12_month,2,cus_5TQDTAsdFViEOB,Steve Murphy,steve.murphy@balticpeak-partners.example,Balticpeak Partners Ltd,self_serve,it_lead,professional_services,GB,sub_1mLro16uhdtREUlP9xYmRuef
ch_3tAMcVgfteWd0EEzu7iCXjgt,2025-04-26 09:15:29,failed,2000.0,0.0,,,card,card_declined,2NTH68OH-0001,subscription_create,12_month,2,cus_WdkQdgRcbyXc3J,Raj Adams,raj.adams@adams-network-services.example,Adams Network Services LLC,self_serve,network_consultant,network_consulting,US,sub_19HzhiPWT53kTF18P2U7zDwC
ch_3pPibewYbkbBHunsPEK0YeC5,2025-04-26 09:18:54,succeeded,2000.0,0.0,65.25,1934.75,card,,2NTH68OH-0001,subscription_create,12_month,2,cus_WdkQdgRcbyXc3J,Raj Adams,raj.adams@adams-network-services.example,Adams Network Services LLC,self_serve,network_consultant,network_consulting,US,sub_19HzhiPWT53kTF18P2U7zDwC
ch_3tx2EuAOe1wZtmuG6BnRhGt3,2025-04-28 12:14:42,succeeded,599.0,0.0,9.23,589.77,card,,YA1A6XGR-0001,subscription_create,6_month,1,cus_XiZyPBkmxwJ4sE,Juho Niemi,juho.niemi@clearcore-foods.example,Clearcore Foods Oy,self_serve,it_lead,food_beverage,FI,sub_14CTzMH849llQXAVxdwa7UWN
ch_3TLzVD4GQrIyBlQBFQfxJI29,2025-04-28 17:35:43,succeeded,1000.0,0.0,15.25,984.75,card,,PCBICAOR-0001,subscription_create,12_month,1,cus_aTeTFL1F2frEER,Marko Kinnunen,marko.kinnunen@clearline-rf-consulting.example,Clearline RF Consulting,self_serve,network_consultant,network_consulting,FI,sub_1rN46TfHp4hTiVudKuFIX6Ci
ch_3AX1AzW3iNGoTjJtrLZICtyk,2025-04-29 12:55:41,succeeded,599.0,0.0,9.23,589.77,card,,RQI0Z7VM-0001,subscription_create,6_month,1,cus_mYOxyTwYaaiOFX,Pierre Mercier,pierre.mercier@signalcore-properties.example,Signalcore Properties SAS,self_serve,it_lead,real_estate,FR,sub_1ZVoXbKLpw7GM1dHXFkUJFRR
ch_3s9xiaipVVilelSMvXIqviBa,2025-04-30 13:03:48,succeeded,2995.0,0.0,6.35,2988.65,sepa_debit,,H4MO3F2B-0003,subscription_cycle,6_month,5,cus_TBlL4uhVrOes3n,Julia Krüger,julia.kruger@summitview-technology-group.example,Summitview Technology Group,self_serve,head_of_wireless,it_services,CH,sub_19Ycdj6GwvKDm9KhzD9LTyN1
ch_32spDPNCObu1sEex0Qz7gQ32,2025-04-30 13:57:55,succeeded,1000.0,0.0,25.25,974.75,card,,3JTB1KO7-0002,subscription_cycle,12_month,1,cus_AXM1Iypyj3SFyQ,Robert Hall,robert.hall@brightpoint-networks.example,Brightpoint Networks Ltd,self_serve,network_consultant,network_consulting,GB,sub_1m0FwW0jWhyJd4ijcL6vDYfo
ch_3r2aPb8JPIvrcSHnfx4ZE6Hk,2025-04-30 16:34:05,succeeded,599.0,0.0,9.23,589.77,card,,GLYV94YP-0003,subscription_cycle,6_month,1,cus_n4JmkpQuMA3v7n,Thomas Bonnet,thomas.bonnet@clearview-hotels.example,Clearview Hotels SAS,self_serve,it_lead,hospitality,FR,sub_18uoDlQ6CJNyHl3mRrNqFhMP
ch_3E6GX47Jz7pjsEXYBogJ4HoI,2025-04-30 23:17:21,succeeded,599.0,0.0,9.23,589.77,card,,IW88EVZA-0003,subscription_cycle,6_month,1,cus_9GIjsJUhwG07k1,Ville Hämäläinen,ville.hamalainen@granitegate-clinics.example,Granitegate Clinics Oy,self_serve,it_lead,healthcare,FI,sub_1aBbQ8XTBB8hY1W99wheVhut
ch_3Xm7UXHZuE0Bbj2IxmVt4JoF,2025-05-01 12:08:48,succeeded,1198.0,0.0,18.22,1179.78,card,,4M4R9MF6-0002,subscription_cycle,6_month,2,cus_2WlC90GmbZoYkx,Stefan Neumann,stefan.neumann@auroramark-communications.example,Auroramark Communications,self_serve,head_of_wireless,telecom,DE,sub_1RNtO0e2gcuAqT63cpDwpqiX
ch_3fFjWzOs2BuChII0G26ALURM,2025-05-01 12:35:45,succeeded,1000.0,0.0,25.25,974.75,card,,106DZU3A-0001,subscription_create,12_month,1,cus_P1aoSH4ZXIb0ch,Amanda Carter,amanda.carter@vertexview-foods.example,Vertexview Foods Ltd,self_serve,it_lead,food_beverage,GB,sub_1aHVP8Q79EKCsoHdn9HUAyfQ
ch_3CBkfj6y4MMXaSXzWaxnOvJE,2025-05-01 13:37:09,succeeded,2000.0,0.0,65.25,1934.75,card,,2BPKCYEF-0002,subscription_cycle,12_month,2,cus_xa5igKnKyPqixB,Robert Scott,robert.scott@stonepeak-networks.example,Stonepeak Networks LLC,self_serve,network_consultant,network_consulting,US,sub_17nXQ6rOq6snusFobvZnmYnn
ch_3ql2Eyv4m4Dy0qdq2sBZN03y,2025-05-02 10:32:18,succeeded,1000.0,0.0,32.75,967.25,card,,HTUVRXFQ-0001,subscription_create,12_month,1,cus_rzFw4O9n4k48Og,Kevin Anderson,kevin.anderson@nordicview-wi-fi-solutions.example,Nordicview Wi-Fi Solutions Inc.,self_serve,network_consultant,network_consulting,CA,sub_1qgCQxbi28aGk6hdAOVL43rX
ch_3RxzjeKj3c4sL5roWfA51n6z,2025-05-02 11:01:02,succeeded,1000.0,0.0,15.25,984.75,card,,TV6W4GBB-0002,subscription_cycle,12_month,1,cus_ujTP0hQ1IKx2sb,Matthias Hoffmann,matthias.hoffmann@cedarlink-wi-fi-solutions.example,Cedarlink Wi-Fi Solutions GmbH,self_serve,network_consultant,network_consulting,DE,sub_16QB5mhXX6VDDlJ4thczuLeL
ch_3fj2T1FMyAmXvXBJTdVaD56I,2025-05-02 11:03:37,failed,1797.0,0.0,,,card,card_declined,HTXYVRU3-0001,subscription_create,6_month,3,cus_rkWb3hbq4BlcdY,Mark Clark,mark.clark@bluepoint-warehousing.example,Bluepoint Warehousing Ltd,self_serve,it_lead,logistics,GB,sub_1EVcMkZX3LlT0ruOUEVgK26W
ch_3ZlkVmMTaYjhbEJq2fg3XVJ1,2025-05-02 11:10:16,succeeded,1797.0,0.0,45.17,1751.83,card,,HTXYVRU3-0001,subscription_create,6_month,3,cus_rkWb3hbq4BlcdY,Mark Clark,mark.clark@bluepoint-warehousing.example,Bluepoint Warehousing Ltd,self_serve,it_lead,logistics,GB,sub_1EVcMkZX3LlT0ruOUEVgK26W
ch_3FB6wmo7mWL2UI4Kd93LCeIU,2025-05-04 11:18:22,succeeded,1000.0,0.0,15.25,984.75,card,,E92NI6WQ-0002,subscription_cycle,12_month,1,cus_fxmWJdbplES87h,Sara Johansson,sara.johansson@polarworks-schools.example,Polarworks Schools AS,self_serve,it_lead,education,NO,sub_1bIoVZN86cbboSPRdAesHhB6
ch_3xdculICgjE9kETtz0Fl6JuZ,2025-05-04 20:00:20,succeeded,1000.0,0.0,32.75,967.25,card,,1SA0RWY6-0001,subscription_create,12_month,1,cus_sAyQvxPuVxIlfF,Ben Lee,ben.lee@alpineview-properties.example,Alpineview Properties,self_serve,it_lead,real_estate,US,sub_1eOIYD8SVkFXwEUIALZvK9BF
py_3Gy0gqnQstlunzNZdjPsCuKw,2025-05-05 10:08:58,succeeded,160000.0,0.0,5.0,159995.0,bank_transfer,,WDL7B9L7-0001,subscription_create,enterprise,1,cus_K1chto3bxp4wQs,Kivimet Paper & Packaging Oyj,accounts.payable@kivimet-paper--packaging.example,Kivimet Paper & Packaging Oyj,enterprise,,manufacturing,FI,sub_1Ot8HYkHICzl0Ui2F5FwgLwz
ch_3eF9venTIBcJS3IMlz4g8a0f,2025-05-05 11:59:16,succeeded,1198.0,0.0,18.22,1179.78,card,,AZ8UW6EA-0001,subscription_create,6_month,2,cus_KhNkO7S33vfYKX,Katja Mäkelä,katja.makela@clearport-wireless.example,Clearport Wireless Oy,self_serve,network_consultant,network_consulting,FI,sub_1E3aUHqmj15GhLUd9eXX62b0
ch_33oQRlSU5YrOqVosuNT8TDz1,2025-05-05 19:21:13,succeeded,599.0,0.0,9.23,589.77,card,,WXPO315Y-0002,subscription_cycle,6_month,1,cus_WT6hSTplTKMcxu,Uwe Weber,uwe.weber@weber-wireless-consulting.example,Weber Wireless Consulting,self_serve,network_consultant,network_consulting,AT,sub_1RJZglzd6kOPtBKwIlQle3Qw
ch_39CUcD7E300PAymskuRoiwuR,2025-05-06 08:53:45,succeeded,599.0,0.0,19.72,579.28,card,,SXBWESE0-0001,subscription_create,6_month,1,cus_8iWulPVlo8l2CG,Raj Miller,raj.miller@summitwave-logistics.example,Summitwave Logistics LLC,self_serve,it_lead,logistics,US,sub_11VDnMimbRN2nHsgKGstd1St
ch_3zB36qsND3JSNBKlBtAN7Okm,2025-05-06 12:28:43,succeeded,1797.0,0.0,27.21,1769.79,card,,FE7DSHXU-0001,subscription_create,6_month,3,cus_aSlpJIZYiseAld,Ola Lindqvist,ola.lindqvist@lindqvist-network-services.example,Lindqvist Network Services AB,self_serve,network_consultant,network_consulting,SE,sub_1oniS2EzpETQp5bnFOiswbVu
ch_3AYjV2SMu6xR3KAmB7epb7au,2025-05-06 15:31:03,succeeded,1000.0,0.0,15.25,984.75,card,,ITTMB0JM-0002,subscription_cycle,12_month,1,cus_gDmFmhpWcuNGd4,Petri Koskinen,petri.koskinen@westpoint-partners.example,Westpoint Partners Oy,self_serve,it_lead,professional_services,FI,sub_1AblNLXsncpwyExIfvrQsB1a
ch_3OwAMYKj3OYUIclJbqSkJQXQ,2025-05-07 08:10:52,succeeded,1000.0,0.0,15.25,984.75,card,,9OW7L2N8-0001,subscription_create,12_month,1,cus_EqVsDig3y4nS2d,Sabine Meyer,sabine.meyer@greenlink-partners.example,Greenlink Partners GmbH,self_serve,it_lead,professional_services,DE,sub_1E5mNjl5GLrYAUMsB9vpWfR8
ch_3A6SpTuHy2ODIr3GqltWjEh5,2025-05-07 12:30:28,succeeded,3000.0,0.0,97.75,2902.25,card,,LMWT9NKO-0002,subscription_cycle,12_month,3,cus_fRTyQ0X55sDsyP,Ben King,ben.king@bluecore-technology-group.example,Bluecore Technology Group LLC,self_serve,head_of_wireless,it_services,US,sub_1YwNG2qiYKLnlGbHlNu5VUZq
ch_358nQ57ObE7htxjRgU5nfAj5,2025-05-08 13:08:31,succeeded,2000.0,0.0,65.25,1934.75,card,,GXZBYD16-0001,subscription_create,12_month,2,cus_h6TpnLeNun5mFn,Olivia King,olivia.king@stonemark-systems-integration.example,Stonemark Systems Integration LLC,self_serve,head_of_wireless,it_services,US,sub_1yvpSJWaB3BjwHdiw5AMWRQQ
ch_3kqVB0SuXQy3a9FWLfl1siaJ,2025-05-08 13:41:06,succeeded,2000.0,0.0,65.25,1934.75,card,,WBNH5S0K-0002,subscription_cycle,12_month,2,cus_macnZe7phPkUs9,Emily Carter,emily.carter@carter-wireless-consulting.example,Carter Wireless Consulting Inc.,self_serve,network_consultant,network_consulting,CA,sub_1yyaEYHYGoddiREaoRaWePog
ch_3o2bW2H6XpqStMnFRUW8dXWv,2025-05-09 12:49:20,succeeded,2000.0,0.0,30.25,1969.75,card,,HZMK39MN-0002,subscription_cycle,12_month,2,cus_E3oWv9ey72oTiI,Nicole Miller,nicole.miller@aurorawave-properties.example,Aurorawave Properties,self_serve,it_lead,real_estate,IE,sub_1rX0F1EejLO0Q9RAhJY2IQf7
ch_3gAY3cHbzUOhadrWv5nyASY7,2025-05-09 14:15:07,succeeded,1000.0,0.0,15.25,984.75,card,,OEF63AP1-0001,subscription_create,12_month,1,cus_0gnGF2nmLdKZY7,Niels Peeters,niels.peeters@aurorapath-partners.example,Aurorapath Partners B.V.,self_serve,it_lead,professional_services,NL,sub_1bMFwy4YVvFDjzMeY9AJAsot
ch_3NktxtuLvcJsgJOjPKcz17Q1,2025-05-10 23:08:47,succeeded,599.0,0.0,9.23,589.77,card,,OHM3NCQ6-0003,subscription_cycle,6_month,1,cus_wtvk7Vwxxjfpnc,Sami Salonen,sami.salonen@brightfield-construction.example,Brightfield Construction,self_serve,it_lead,construction,FI,sub_1SMHlPaJwlIJztr4tqOrpezF
ch_3FzdJDlPp5vwVs5STei9z8y7,2025-05-12 11:56:36,succeeded,599.0,0.0,9.23,589.77,card,,MFAHUI9C-0001,subscription_create,6_month,1,cus_dz03fIvZWpD2OA,Rasmus Lindqvist,rasmus.lindqvist@crestline-properties.example,Crestline Properties,self_serve,it_lead,real_estate,DK,sub_1IEWZV3Gr944yfFxgQNJjjlk
ch_3sdhntrFMp3D3z86USGErDS7,2025-05-12 19:03:48,succeeded,1000.0,0.0,32.75,967.25,card,,OFW5UEYL-0001,subscription_create,12_month,1,cus_VfCiZB5pvlQ3w4,Eric Anderson,eric.anderson@silverview-retail-group.example,Silverview Retail Group Ltd,self_serve,it_lead,retail,NZ,sub_1mQO1qR6bmQ80jabwWxIndz9
ch_3f6yk3vJOqCsNVvMQSUmKVK3,2025-05-13 12:25:51,succeeded,1000.0,0.0,25.25,974.75,card,,YBJRQ7LY-0002,subscription_cycle,12_month,1,cus_7Mf7CCuS4CrbVm,Ben Lee,ben.lee@nordicpoint-managed-services.example,Nordicpoint Managed Services,self_serve,head_of_wireless,it_services,GB,sub_1zfUjDVK9cdRS5N0l6A3BdgS
ch_39JhZioUd7qinTELDOAhfGjv,2025-05-13 13:21:05,succeeded,1000.0,0.0,25.25,974.75,card,,01F3WY6Q-0003,subscription_cycle,12_month,1,cus_k0ubqGsYHOLyZA,Ben Jones,ben.jones@signalworks-systems-integration.example,Signalworks Systems Integration Ltd,self_serve,head_of_wireless,it_services,GB,sub_1pZufah1QrDH45huly08fpTF
ch_3H1yMm4DSnSHS5EyKwFge6yX,2025-05-13 15:46:08,succeeded,1000.0,0.0,25.25,974.75,card,,ZPWG4PBR-0001,subscription_create,12_month,1,cus_13vE41M1YpreZV,Paul Davis,paul.davis@brightpeak-wi-fi-solutions.example,Brightpeak Wi-Fi Solutions Ltd,self_serve,network_consultant,network_consulting,GB,sub_1alUfNKR4bwOGgdiVSUH7POH
ch_3T1PQGwB6DcpKlkEi66gM2v1,2025-05-13 16:09:48,failed,1797.0,0.0,,,card,expired_card,8RAWAVVU-0004,subscription_cycle,6_month,3,cus_MXynEe9s0DyyXf,Andreas Hoffmann,andreas.hoffmann@stoneview-networks.example,Stoneview Networks,self_serve,network_consultant,network_consulting,DE,sub_1Nvb6oJdwW9MT7WRmgJw7hbp
ch_3u3DSAzmHk6Tu42JtcCirWZ9,2025-05-14 08:42:31,succeeded,1000.0,0.0,25.25,974.75,card,,JKUHTV57-0002,subscription_cycle,12_month,1,cus_i8Vb1Uyv0je08T,Priya Phillips,priya.phillips@novafield-construction.example,Novafield Construction,self_serve,it_lead,construction,GB,sub_1RZoAsK9YOgPAyzr54aNCvPX
ch_3WsboKMwdNIMdtmNB5Y9w7rq,2025-05-14 12:21:37,succeeded,1000.0,0.0,6.35,993.65,sepa_debit,,EV79MD2Y-0002,subscription_cycle,12_month,1,cus_11SiEWsYWZXmd4,Jan Neumann,jan.neumann@mailbox.example,,self_serve,network_consultant,network_consulting,DE,sub_1HcdtmGspEjo8ZtNa3w1KudQ
ch_3hSvEtDF5ZQsVBurKyBH20xF,2025-05-15 12:26:15,succeeded,599.0,0.0,19.72,579.28,card,,4UCCG3EH-0002,subscription_cycle,6_month,1,cus_CqS5zgJAXqmcrY,Eric Nguyen,eric.nguyen@crestgate-rf-consulting.example,Crestgate RF Consulting,self_serve,network_consultant,network_consulting,US,sub_11Q0cZeLqA6zeP3eMHG8TAp6
ch_3F5aEsjZfbTOflyrA56c8CN5,2025-05-15 14:38:44,succeeded,1797.0,0.0,27.21,1769.79,card,,F5Z21IX1-0003,subscription_cycle,6_month,3,cus_eJfbMO0Po4eNFe,Jukka Hämäläinen,jukka.hamalainen@harborcore-hotels.example,Harborcore Hotels Oy,self_serve,it_lead,hospitality,FI,sub_1aQdp1bmsZis6AM8XAy9nPk8
ch_3T9Rjado3CN4dISzQag7momo,2025-05-16 08:33:07,succeeded,1000.0,0.0,6.35,993.65,sepa_debit,,SEZ9PG43-0002,subscription_cycle,12_month,1,cus_OSqcGggUOUoMTJ,Heidi Mäkelä,heidi.makela@makela-network-services.example,Mäkelä Network Services,self_serve,network_consultant,network_consulting,FI,sub_1ORZUJIxwHXvRGheleDd7IEp
ch_3dGCkyGb5O7HW7nWl84RPwIU,2025-05-16 16:13:48,failed,1797.0,0.0,,,card,expired_card,8RAWAVVU-0004,subscription_cycle,6_month,3,cus_MXynEe9s0DyyXf,Andreas Hoffmann,andreas.hoffmann@stoneview-networks.example,Stoneview Networks,self_serve,network_consultant,network_consulting,DE,sub_1Nvb6oJdwW9MT7WRmgJw7hbp
ch_35Zko3s1nS82xoJxPbKZRHbd,2025-05-17 05:27:06,succeeded,2000.0,0.0,65.25,1934.75,card,,O24OYZOT-0003,subscription_cycle,12_month,2,cus_ozRBmto1dD4B8F,Brian Jones,brian.jones@atlasline-rf-consulting.example,Atlasline RF Consulting Inc.,self_serve,network_consultant,network_consulting,CA,sub_1WpaWaMl9vQJdJDlWuysFhw1
ch_3MLKsCkf3WhBtNOx99gfcN5v,2025-05-17 12:07:03,succeeded,1000.0,0.0,15.25,984.75,card,,D9230VU2-0003,subscription_cycle,12_month,1,cus_ShTBw0WwClOMvg,Giulia Bruno,giulia.bruno@atlaslink-systems-integration.example,Atlaslink Systems Integration,self_serve,head_of_wireless,it_services,IT,sub_17YaeqEoYtTRpWhvXdTKfLIS
ch_3xOYwJyxEibBAdwmLJluijy6,2025-05-17 20:20:57,succeeded,2000.0,0.0,65.25,1934.75,card,,BSFQNJGW-0003,subscription_cycle,12_month,2,cus_AL9G5FORBe7gtX,Carlos Mitchell,carlos.mitchell@apexbridge-rf-consulting.example,Apexbridge RF Consulting LLC,self_serve,network_consultant,network_consulting,US,sub_1ZXRUDLMtUUaAvgifKBUPMdF
ch_3y5kUJfHmkjWefYhDo3s5qQk,2025-05-18 12:23:33,succeeded,599.0,0.0,15.23,583.77,card,,TYSPQY57-0002,subscription_cycle,6_month,1,cus_k9qFYiDUsk4m3z,Kate White,kate.white@deltapeak-wi-fi-solutions.example,Deltapeak Wi-Fi Solutions,self_serve,network_consultant,network_consulting,GB,sub_1nNfL0WA0zB57x7i6IvIc5ES
ch_3XXhyrAY8X9khUk5TqPHxE3W,2025-05-19 10:14:59,succeeded,1000.0,0.0,25.25,974.75,card,,MNL3IULC-0001,subscription_create,12_month,1,cus_KqFes0W1N4lrbH,David Wright,david.wright@pineline-communications.example,Pineline Communications,self_serve,head_of_wireless,telecom,GB,sub_1baEfJTSBOWaIVvgwmCLtmUR
ch_3RMRaUzJBE1pFZa2S7GyTq6P,2025-05-19 12:02:04,succeeded,2000.0,0.0,65.25,1934.75,card,,VXA2A431-0002,subscription_cycle,12_month,2,cus_wq0Ed3Qapc52eY,Sabine Müller,sabine.muller@northline-wi-fi-solutions.example,Northline Wi-Fi Solutions,self_serve,network_consultant,network_consulting,CH,sub_1S5nwbXcYp61OVllXitrjlBv
ch_3GDZwfOeAEFps2ojCa80zuf1,2025-05-19 13:44:38,succeeded,599.0,0.0,9.23,589.77,card,,334YEW7L-0002,subscription_cycle,6_month,1,cus_qZemQUGdrGuFqu,Koen Bos,koen.bos@bos-wireless-consulting.example,Bos Wireless Consulting,self_serve,network_consultant,network_consulting,BE,sub_18fbEeaDKdtDvDTf2ObWAoJm
ch_3EFG671cjMEE6f3IPGxq1X7B,2025-05-19 15:25:23,succeeded,1000.0,0.0,15.25,984.75,card,,1JVO0A7E-0001,subscription_create,12_month,1,cus_HlcHNCo1MB5HFN,Lena Krüger,lena.kruger@kruger-network-services.example,Krüger Network Services GmbH,self_serve,network_consultant,network_consulting,AT,sub_1nEfkoCK1XhHKXIFXwdJPRzE
ch_36IZpkEW9wnqgUnD4UC0YTNz,2025-05-19 15:49:06,succeeded,1000.0,0.0,15.25,984.75,card,,VCLFJYFI-0001,subscription_create,12_month,1,cus_jHwLGCgzzTwwQA,Ruben Peeters,ruben.peeters@polarbridge-managed-services.example,Polarbridge Managed Services B.V.,self_serve,head_of_wireless,it_services,NL,sub_1yPOHgHULtP1OzrAPgbTWZZD
ch_3qNOl1GNq4Y7oPomHLXY8poq,2025-05-19 16:51:31,succeeded,1000.0,0.0,15.25,984.75,card,,L8H30GTD-0002,subscription_cycle,12_month,1,cus_bEETmnGX2qBS77,Amanda Jackson,amanda.jackson@deltamark-hotels.example,Deltamark Hotels,self_serve,it_lead,hospitality,IE,sub_16BN7VXA4AtkWRw9OzzZSSb2
ch_3utKmRcUPSPnmdD60dvcB6nU,2025-05-21 10:50:08,succeeded,1198.0,0.0,39.19,1158.81,card,,1KITTQNM-0001,subscription_create,6_month,2,cus_TaOyS3K4UuknbZ,Carlos Smith,carlos.smith@inbox.example,,self_serve,network_consultant,network_consulting,US,sub_1uLyzo855QTMu1fUxmCkEQ4I
ch_3WcjalEGQTLj2vatLQ9fvMBm,2025-05-21 11:59:48,succeeded,2000.0,0.0,30.25,1969.75,card,,HAFNKAPG-0001,subscription_create,12_month,2,cus_r8O4io6ssAPKBF,Tom King,tom.king@balticpeak-technology-group.example,Balticpeak Technology Group Ltd,self_serve,head_of_wireless,it_services,IE,sub_1pcLfyqUEDRhl5WOKQe4I3Yn
ch_34wC6ukwV8JUM6ifbV95GAZo,2025-05-21 12:37:28,failed,1000.0,0.0,,,card,card_declined,UHDQ5KHT-0002,subscription_cycle,12_month,1,cus_8WhHup06l3hQGq,Priya Edwards,priya.edwards@apexworks-retail-group.example,Apexworks Retail Group LLC,self_serve,it_lead,retail,US,sub_16LocQNsVkFnl1yWvMVPlHeJ
ch_36WV3Sj6DkJunCOs76UrLniN,2025-05-21 12:51:57,succeeded,1198.0,0.0,30.2,1167.8,card,,VK6SFG9L-0003,subscription_cycle,6_month,2,cus_IciQ1TUoQ34B07,Chris Johnson,chris.johnson@cleargate-clinics.example,Cleargate Clinics Ltd,self_serve,it_lead,healthcare,GB,sub_1fLhDtQvB975xVjB20VGrDVt
ch_31HRSa3VEQPwA1OSlATXe2Zu,2025-05-21 16:21:48,failed,1797.0,0.0,,,card,expired_card,8RAWAVVU-0004,subscription_cycle,6_month,3,cus_MXynEe9s0DyyXf,Andreas Hoffmann,andreas.hoffmann@stoneview-networks.example,Stoneview Networks,self_serve,network_consultant,network_consulting,DE,sub_1Nvb6oJdwW9MT7WRmgJw7hbp
ch_36VkPRRC5L7X9NJWKP4dYv8f,2025-05-22 18:36:06,succeeded,1000.0,0.0,32.75,967.25,card,,GDRGB79A-0001,subscription_create,12_month,1,cus_FJFYzvqVg1RL08,Ahmed Clark,ahmed.clark@pinegate-retail-group.example,Pinegate Retail Group LLC,self_serve,it_lead,retail,US,sub_1w51HIWqxfuRqFUh6zbVSpQq
ch_3z2EB4T9z2R0IEdQKHV3c12Q,2025-05-23 04:48:43,succeeded,1000.0,0.0,6.35,993.65,sepa_debit,,K1T2XYIZ-0001,subscription_create,12_month,1,cus_bmuKOr8dbUHYeG,Heidi Heinonen,heidi.heinonen@alpinepath-networks.example,Alpinepath Networks,self_serve,network_consultant,network_consulting,FI,sub_155l05HxCCvz0DOyNsUgY1Mi
ch_3mqsaJ016hYWJIyMqY2J5pLc,2025-05-23 10:00:18,succeeded,2000.0,0.0,50.25,1949.75,card,,AZY8KFFJ-0003,subscription_cycle,12_month,2,cus_EpYJwCFixXrl6r,Olivia Smith,olivia.smith@smith-wireless-consulting.example,Smith Wireless Consulting,self_serve,network_consultant,network_consulting,GB,sub_1MobzK55SZgdvwacxEh1qMCl
ch_3qVYXR2oBq7Hrw9TOs67J1Z6,2025-05-23 10:25:52,succeeded,1000.0,0.0,15.25,984.75,card,,IA2YW3ZC-0002,subscription_cycle,12_month,1,cus_cGphVu6uaMWTBx,Henrik Madsen,henrik.madsen@apexpeak-wi-fi-solutions.example,Apexpeak Wi-Fi Solutions,self_serve,network_consultant,network_consulting,SE,sub_1m8Qk77ElLlA70P08jLagd6l
ch_3TFO0vlwqIAJfxu32sLDHU2D,2025-05-24 13:14:28,succeeded,1000.0,0.0,32.75,967.25,card,,UHDQ5KHT-0002,subscription_cycle,12_month,1,cus_8WhHup06l3hQGq,Priya Edwards,priya.edwards@apexworks-retail-group.example,Apexworks Retail Group LLC,self_serve,it_lead,retail,US,sub_16LocQNsVkFnl1yWvMVPlHeJ
ch_3PnsnxceUUsMCJv6osNpXK3k,2025-05-24 19:50:38,succeeded,2000.0,0.0,50.25,1949.75,card,,LJD5A5M6-0002,subscription_cycle,12_month,2,cus_dzFf0bFs1taP8a,Sarah Green,sarah.green@vertexgate-systems-integration.example,Vertexgate Systems Integration Ltd,self_serve,head_of_wireless,it_services,GB,sub_1yHTWJaYaBGsYM28ciBTws7u
ch_3l5QYfPOs68F1k35q0o0v0IA,2025-05-26 10:13:36,succeeded,1000.0,0.0,32.75,967.25,card,,1C298CUP-0001,subscription_create,12_month,1,cus_YnnqTWhTOWKHk7,Nicole Mitchell,nicole.mitchell@clearport-wi-fi-solutions.example,Clearport Wi-Fi Solutions,self_serve,network_consultant,network_consulting,US,sub_1IgSghVk4L5q3ZwIGZxXfZx3
ch_3sS9iPsespHDESTLCH6DdjdE,2025-05-26 20:00:06,succeeded,3000.0,0.0,97.75,2902.25,card,,YJWUWHOG-0001,subscription_create,12_month,3,cus_I3nZZWtx8rRSi5,James Edwards,james.edwards@cedarline-rf-consulting.example,Cedarline RF Consulting,self_serve,network_consultant,network_consulting,CA,sub_1BbHt1so445NJOtLPvkXzeW0
ch_3R9Z9lLGrI8uxndhCxBV82pO,2025-05-28 15:16:37,succeeded,1000.0,0.0,32.75,967.25,card,,ZELFKGM1-0002,subscription_cycle,12_month,1,cus_8l3JaV24P6GpL4,Michael Brown,michael.brown@granitestream-networks.example,Granitestream Networks,self_serve,network_consultant,network_consulting,US,sub_14Rnw4TKFoYi71LNGg9rjmI1
ch_3J1zT5Z85o38sCVtuKT2jawz,2025-05-28 17:11:29,succeeded,1000.0,0.0,32.75,967.25,card,,YSTDWKNA-0001,subscription_create,12_month,1,cus_efyb2VFX2mI7AT,Carlos White,carlos.white@ironfield-wireless.example,Ironfield Wireless LLC,self_serve,network_consultant,network_consulting,US,sub_1jzUBkQHjMigt0jme8GoaOTW
ch_3XOexSSrKu6YeLgD91BXMqUI,2025-06-01 09:05:01,succeeded,5000.0,0.0,162.75,4837.25,card,,IK0FKR7O-0003,subscription_cycle,12_month,5,cus_FqF1Ab2ux3jbz6,Daniel Lewis,daniel.lewis@westwave-telecom.example,Westwave Telecom LLC,self_serve,head_of_wireless,telecom,US,sub_1nU55c1atL1a8j0tY07kW40b
ch_3OJV6ikezgY3pcXXiORnWsUk,2025-06-03 13:06:58,succeeded,599.0,0.0,9.23,589.77,card,,PQGZ3RFS-0001,subscription_create,6_month,1,cus_ZV3sBQlTusuCCe,Johan Karlsson,johan.karlsson@vertexbridge-media.example,Vertexbridge Media AS,self_serve,it_lead,media,NO,sub_1C3a8LvOw1fvaBaxskl4DFrR
ch_37F8df21g4gSpxeA0sub6FZC,2025-06-03 13:47:12,succeeded,1000.0,0.0,15.25,984.75,card,,478SXSQM-0001,subscription_create,12_month,1,cus_TeQ577NIxYU0SD,Markus Meyer,markus.meyer@harborpeak-networks.example,Harborpeak Networks GmbH,self_serve,network_consultant,network_consulting,DE,sub_1XI4ibRQqlB0Nz4j7WxZ9wi2
ch_33n3Q1oWgUtTAPxl3cMXykat,2025-06-03 21:44:41,succeeded,1000.0,0.0,15.25,984.75,card,,VWRMHBUK-0002,subscription_cycle,12_month,1,cus_W837pEq7Za11Zv,Femke Jansen,femke.jansen@inbox.example,,self_serve,network_consultant,network_consulting,NL,sub_1Pn9SYQWcZ25qzZ4OdBKxiEF
ch_3zNabbdYUqZ1Von7TiMl8yfk,2025-06-04 14:10:49,succeeded,1000.0,0.0,32.75,967.25,card,,16HJQETG-0002,subscription_cycle,12_month,1,cus_RhH6WC5XsvCjEJ,John Nguyen,john.nguyen@westfield-networks.example,Westfield Networks,self_serve,network_consultant,network_consulting,US,sub_1BY4Bva4pABCtxQR5ahVxJFw
ch_3pgfuzQ9sSziJ9VzaZecTVaQ,2025-06-04 14:43:12,succeeded,599.0,0.0,19.72,579.28,card,,7NXAZ3Q6-0001,subscription_create,6_month,1,cus_JraH98XxhgHKt9,Steve Jackson,steve.jackson@jackson-wireless-consulting.example,Jackson Wireless Consulting Pty Ltd,self_serve,network_consultant,network_consulting,AU,sub_1rq60rFkmrlRXcBKr7PxgXO4
ch_3WXPXw9Phd5JqILvSavk10yk,2025-06-04 19:06:48,succeeded,599.0,0.0,19.72,579.28,card,,UWD5UF8R-0001,subscription_create,6_month,1,cus_PLI90ukvlfO4pW,Rachel Lewis,rachel.lewis@apexpoint-wi-fi-solutions.example,Apexpoint Wi-Fi Solutions,self_serve,network_consultant,network_consulting,CA,sub_1HiI3mrkpgJenBo72TwSgmwc
ch_3tPFhr1iEsIlrHhnMUd8StxW,2025-06-05 14:47:48,succeeded,2000.0,0.0,65.25,1934.75,card,,XWMVABP4-0002,subscription_cycle,12_month,2,cus_DFApu5JZTomOtF,Carlos Kelly,carlos.kelly@deltaport-it-solutions.example,Deltaport IT Solutions Pty Ltd,self_serve,head_of_wireless,it_services,AU,sub_1TPYt2ASB7NwHlCOjXCwyzpw
ch_3nGTuNCWouZf7lGwDtAUJo1k,2025-06-06 14:07:40,succeeded,599.0,0.0,9.23,589.77,card,,HQHZFSL7-0002,subscription_cycle,6_month,1,cus_D7apon7sw6wGtL,Sébastien Dubois,sebastien.dubois@summitcore-networks.example,Summitcore Networks,self_serve,network_consultant,network_consulting,FR,sub_10fjjeLzbEKcUyUFjl7LQsy1
ch_3yabyQ5wAuTsLY7ehtvZ6LA0,2025-06-06 17:05:46,succeeded,599.0,0.0,19.72,579.28,card,,U7N6E9AE-0002,subscription_cycle,6_month,1,cus_csm9fU28JoQo81,John Scott,john.scott@mailbox.example,,self_serve,network_consultant,network_consulting,US,sub_1JSfKhLtKr2KvO7jacANWaDM
ch_3QqYDFYAy9HtNA9jl3FVekDH,2025-06-07 11:26:44,succeeded,599.0,0.0,5.14,593.86,sepa_debit,,3U0BPLCJ-0003,subscription_cycle,6_month,1,cus_aLz5OtxgFQPNF9,Ola Strand,ola.strand@novawave-networks.example,Novawave Networks,self_serve,network_consultant,network_consulting,DK,sub_1UjN2VPMDgJnBZdM9DwT6UXi
ch_3zEpgiK6gJGK9Gs171Kyhj28,2025-06-08 14:39:46,succeeded,2000.0,0.0,30.25,1969.75,card,,3FTUXD3O-0003,subscription_cycle,12_month,2,cus_hUhVwse53NKb1g,Julia Müller,julia.muller@beaconworks-wireless.example,Beaconworks Wireless GmbH,self_serve,network_consultant,network_consulting,DE,sub_1kXtf4XUuhQpyLapgVLC3Fg7
ch_3pNNSpazpgJAOQpMUiEF7dci,2025-06-08 16:43:29,succeeded,2000.0,0.0,30.25,1969.75,card,,U747RV2Q-0003,subscription_cycle,12_month,2,cus_xhzIsEqS6IHCiY,Mikko Niemi,mikko.niemi@clearstream-communications.example,Clearstream Communications,self_serve,head_of_wireless,telecom,FI,sub_1mCbGAd6mKOaGFqAliOldaxy
ch_37xVgCXXOH7uf5Nm3ni1AoXM,2025-06-09 12:04:20,succeeded,1000.0,0.0,15.25,984.75,card,,9MY9OP90-0001,subscription_create,12_month,1,cus_CPzFDI1ef353KQ,Sanne Meijer,sanne.meijer@lumenpeak-media.example,Lumenpeak Media BV,self_serve,it_lead,media,BE,sub_1AxQNDq59agbYRnrgIBgv7C8
ch_3Rvp1KJNLBVV1UUoRBfMlOZG,2025-06-09 12:14:24,succeeded,1000.0,0.0,15.25,984.75,card,,90BWBEJ7-0001,subscription_create,12_month,1,cus_SGBrFWHqpd3zsb,Marko Lehtonen,marko.lehtonen@lehtonen-wireless-consulting.example,Lehtonen Wireless Consulting,self_serve,network_consultant,network_consulting,FI,sub_1TgiPqKXxD9pQVvjhXaZZ3uA
ch_3LH9fVtzwd2P663Ln2IRTrau,2025-06-10 13:44:02,succeeded,1000.0,0.0,32.75,967.25,card,,68GDLSVZ-0001,subscription_create,12_month,1,cus_Eo1K7rR5RH38o0,Daniel Williams,daniel.williams@aurorapoint-wireless.example,Aurorapoint Wireless Pty Ltd,self_serve,network_consultant,network_consulting,AU,sub_1mQ0uibGLmk6owVk4xDhDatz
ch_3H6oQl4BpmFBV3Ou10XpgLfJ,2025-06-10 20:08:27,succeeded,599.0,0.0,9.23,589.77,card,,NRJBU22G-0001,subscription_create,6_month,1,cus_jq06lPRCoijvFs,Emma Holm,emma.holm@deltaview-systems-integration.example,Deltaview Systems Integration,self_serve,head_of_wireless,it_services,SE,sub_1lZcsNVpfSfK5CHmbKa3NrQT
ch_3Hp3TPoCjbQ9rcI3eTcVRO7A,2025-06-11 15:24:08,succeeded,1198.0,0.0,39.19,1158.81,card,,LLIKMHD2-0001,subscription_create,6_month,2,cus_9hnAFY9FrUCjP0,Eric Wright,eric.wright@beacongate-media.example,Beacongate Media,self_serve,it_lead,media,US,sub_1KqCGm2oWaO4aLYGqhdyhXzJ
ch_3FufbWuZqRwY8EPQJ3oaAT7F,2025-06-11 16:28:48,succeeded,1000.0,0.0,15.25,984.75,card,,EQ0ZJGYS-0001,subscription_create,12_month,1,cus_1rmyPrZysuuBCo,Sara Madsen,sara.madsen@madsen-network-services.example,Madsen Network Services AB,self_serve,network_consultant,network_consulting,SE,sub_1dt68SwSoxXXXIKI5MkTgZaH
ch_3yDpgCEDaeOfbI0NEqjYHIt1,2025-06-11 18:38:36,succeeded,1000.0,0.0,15.25,984.75,card,,20D3NZMV-0001,subscription_create,12_month,1,cus_iqHAY8vbZ8wHSP,Anna Salminen,anna.salminen@auroraline-clinics.example,Auroraline Clinics,self_serve,it_lead,healthcare,FI,sub_1kjDl609kfsZ313rryfM6Qah
ch_3ZNVJj7luxqxFCOqaul1uPzz,2025-06-12 06:53:57,succeeded,599.0,0.0,19.72,579.28,card,,9VR4IC6Q-0004,subscription_cycle,6_month,1,cus_cMGwRRvtoTdIiv,Tom Anderson,tom.anderson@balticview-managed-services.example,Balticview Managed Services Inc.,self_serve,head_of_wireless,it_services,CA,sub_16SvHlizDDm7zIKN3zFKfLOR
ch_3VbPziQNeMIvvcKTsQDFKlMN,2025-06-12 07:31:23,succeeded,599.0,0.0,19.72,579.28,card,,Z7GF1FV5-0002,subscription_cycle,6_month,1,cus_jHxLqo8hZB5pOe,Daniel Carter,daniel.carter@carter-wireless-consulting.example,Carter Wireless Consulting,self_serve,network_consultant,network_consulting,US,sub_1NvNLzxcN2fRUShT7Gy5Cx7i
ch_3gyGGnYvDYSeKWl4QN2vph2U,2025-06-12 08:24:47,succeeded,1000.0,0.0,6.35,993.65,sepa_debit,,XA3XJUZM-0002,subscription_cycle,12_month,1,cus_Dt1j5XFE869ZTj,Thomas Hartmann,thomas.hartmann@creststream-wi-fi-solutions.example,Creststream Wi-Fi Solutions,self_serve,network_consultant,network_consulting,DE,sub_1RCt20p11dIkpXwEhhDBQwgd
ch_3FJzlwRwgb6EakcnWcv9Hd8k,2025-06-14 07:06:09,succeeded,1000.0,0.0,25.25,974.75,card,,0HPHHJUQ-0003,subscription_cycle,12_month,1,cus_eG1QQ97qw8L5Fb,Amanda Nguyen,amanda.nguyen@balticlink-rf-consulting.example,Balticlink RF Consulting Ltd,self_serve,network_consultant,network_consulting,GB,sub_1Nigpsgrp3GMaxcbsbjLKfOl
ch_3wQ8jWyO9ON6Yxt4rm9glu4R,2025-06-14 11:53:41,succeeded,1000.0,0.0,32.75,967.25,card,,8LJLI8XR-0002,subscription_cycle,12_month,1,cus_seuNAnlEfIW0WU,Megan Johnson,megan.johnson@maplewave-rf-consulting.example,Maplewave RF Consulting LLC,self_serve,network_consultant,network_consulting,US,sub_1KK3AWDsn4QLS8L9QwqvY0cH
ch_3NanGR9MheGSTJAr2MU9GlLT,2025-06-14 16:22:01,failed,1000.0,0.0,,,card,expired_card,NCFU0LX6-0002,subscription_cycle,12_month,1,cus_PtSjWO8Fza10AE,Tobias Fischer,tobias.fischer@brightwave-wireless-engineering.example,Brightwave Wireless Engineering,self_serve,head_of_wireless,network_consulting,CH,sub_1NKsCQJwbg5smhmsRV5OHxHx
ch_3W5kN2CDhy1zPSSKpJw8vru4,2025-06-14 17:10:06,succeeded,1000.0,0.0,15.25,984.75,card,,07NY7ZNZ-0002,subscription_cycle,12_month,1,cus_ExZ5AMTJPVntlc,Magnus Pedersen,magnus.pedersen@stonepoint-rf-consulting.example,Stonepoint RF Consulting ApS,self_serve,network_consultant,network_consulting,DK,sub_1nfBogtUshVFP6FxEbZ5bBug
ch_3dfJoUygtzT5UoAFA6KE8es9,2025-06-15 15:59:19,succeeded,1797.0,0.0,6.35,1790.65,sepa_debit,,0XSF7SYF-0004,subscription_cycle,6_month,3,cus_5b9iDl6IcU2YUt,Timo Virtanen,timo.virtanen@stonestream-construction.example,Stonestream Construction Oy,self_serve,it_lead,construction,FI,sub_1A2FVbTpELMjcLeeQYBSqg0F
ch_3xjo6hodovB68qGbHjUlj3lZ,2025-06-16 12:22:16,failed,1000.0,0.0,,,card,expired_card,BPPQSC3G-0004,subscription_cycle,12_month,1,cus_eMlFdHq4qjmKOC,Rachel Patel,rachel.patel@cedarpath-wi-fi-solutions.example,Cedarpath Wi-Fi Solutions,self_serve,network_consultant,network_consulting,US,sub_1zFU5dX7Pez0SO2aTpFGkzLW
ch_3YuLj58cZy49X9juq0QLHLcq,2025-06-17 16:26:01,failed,1000.0,0.0,,,card,expired_card,NCFU0LX6-0002,subscription_cycle,12_month,1,cus_PtSjWO8Fza10AE,Tobias Fischer,tobias.fischer@brightwave-wireless-engineering.example,Brightwave Wireless Engineering,self_serve,head_of_wireless,network_consulting,CH,sub_1NKsCQJwbg5smhmsRV5OHxHx
ch_3OusgmATrceAzTBnhWJ2gVWg,2025-06-17 16:44:28,succeeded,1000.0,0.0,15.25,984.75,card,,GCYBR7Z8-0002,subscription_cycle,12_month,1,cus_ZeMhwsReltcYBk,Marko Järvinen,marko.jarvinen@orbitview-retail-group.example,Orbitview Retail Group,self_serve,it_lead,retail,FI,sub_1SPIvkrq2ywYvREzdSWbKJ4v
ch_3zFo08BFvdzJjWQGlfPFOCfj,2025-06-18 07:35:24,succeeded,1000.0,0.0,15.25,984.75,card,,139JZL53-0001,subscription_create,12_month,1,cus_z1qHpHlDpF5AxN,Michael Neumann,michael.neumann@atlasmark-wireless.example,Atlasmark Wireless,self_serve,network_consultant,network_consulting,DE,sub_1itLWTwJuYLQGD7HVyvs1Ow8
ch_3uubmiafDE20LWOb9pq27S4j,2025-06-18 13:05:36,succeeded,599.0,0.0,9.23,589.77,card,,P7KSG1X8-0004,subscription_cycle,6_month,1,cus_GwqVkn0sc0VfuP,Sven Schmidt,sven.schmidt@inbox.example,,self_serve,network_consultant,network_consulting,DE,sub_1BEQNFpnW9zlLrdnMJaJItpr
ch_3YXLfbQ70JZlVyJjUXuzbQFA,2025-06-19 12:42:16,failed,1000.0,0.0,,,card,expired_card,BPPQSC3G-0004,subscription_cycle,12_month,1,cus_eMlFdHq4qjmKOC,Rachel Patel,rachel.patel@cedarpath-wi-fi-solutions.example,Cedarpath Wi-Fi Solutions,self_serve,network_consultant,network_consulting,US,sub_1zFU5dX7Pez0SO2aTpFGkzLW
ch_3njz7Pt2Vh9OzzmjwHQq1N1C,2025-06-19 15:32:10,succeeded,1000.0,0.0,15.25,984.75,card,,LZSDOY1Y-0001,subscription_create,12_month,1,cus_tm6n7IFOCi0irk,Claire Rousseau,claire.rousseau@harborworks-partners.example,Harborworks Partners SAS,self_serve,it_lead,professional_services,FR,sub_1nvjknHBHRwKfH90MEbuY3B1
ch_3CO8KouzFMVdIDVmWKnDEdqL,2025-06-20 08:31:02,succeeded,1000.0,0.0,32.75,967.25,card,,VGVACAAL-0002,subscription_cycle,12_month,1,cus_itG6ylb2rPWSCu,John Lee,john.lee@harborlink-properties.example,Harborlink Properties,self_serve,it_lead,real_estate,US,sub_1xwLFDGSnC6ZQ8EnO8iwSgBK
ch_3zQaefa9BSZo7I06ZLJFxdRf,2025-06-20 08:41:51,succeeded,1000.0,0.0,15.25,984.75,card,,VMHZL1S2-0003,subscription_cycle,12_month,1,cus_WtObbSwd945cC4,Mikko Koskinen,mikko.koskinen@crestcore-properties.example,Crestcore Properties Oy,self_serve,it_lead,real_estate,FI,sub_1RCGhtvfiY111HZ1IGs1JYdZ
ch_388D6u85cwUYL6bmqfpdkxHg,2025-06-20 11:03:26,succeeded,599.0,0.0,19.72,579.28,card,,NOFQR1VY-0001,subscription_create,6_month,1,cus_Q8XDzuWOymbrBi,Laura Clark,laura.clark@brightlink-warehousing.example,Brightlink Warehousing Ltd,self_serve,it_lead,logistics,NZ,sub_12xTS3OZci8hd3RKQxrCVwji
ch_3GNSx8WaxaPW38z1XCOf3a6L,2025-06-20 11:41:01,succeeded,2000.0,0.0,65.25,1934.75,card,,U7LVSHO3-0001,subscription_create,12_month,2,cus_5GLt0pX06qgdzS,Robert Evans,robert.evans@evans-wireless-consulting.example,Evans Wireless Consulting LLC,self_serve,network_consultant,network_consulting,US,sub_1Gq7E4y4exSxooyGDVhfmMBp
ch_3khFLW23ME4WxoUpIUGS2Ewx,2025-06-20 12:55:09,succeeded,599.0,0.0,9.23,589.77,card,,I3NN4U66-0001,subscription_create,6_month,1,cus_3y1bTGxvRhFdD6,Femke de Vries,femke.devries@auroraline-properties.example,Auroraline Properties B.V.,self_serve,it_lead,real_estate,NL,sub_1RH8O9QahjCkVursOEf1xjTx
ch_3BvA3H4I38FgQbX4UTShb8kG,2025-06-20 13:21:50,succeeded,1000.0,0.0,15.25,984.75,card,,WED6M4JL-0001,subscription_create,12_month,1,cus_LL6PJLphWz2s2v,Stefan Becker,stefan.becker@deltacore-telecom.example,Deltacore Telecom GmbH,self_serve,head_of_wireless,telecom,DE,sub_12fD1bkYiPVtmkACodlumP7w
ch_3ySqRNL7adR3jAnHTz9teUuO,2025-06-20 14:48:10,succeeded,1198.0,0.0,18.22,1179.78,card,,HI972L3R-0001,subscription_create,6_month,2,cus_8ZT9FkIWSADiKp,Johan Karlsson,johan.karlsson@karlsson-network-services.example,Karlsson Network Services,self_serve,network_consultant,network_consulting,SE,sub_1T5iPfxgilaJHSVH9Ptufd6X
ch_3bDnE4Kn5CyWWUPxArr9jiAw,2025-06-21 09:35:25,succeeded,599.0,0.0,19.72,579.28,card,,JOTTLM1V-0003,subscription_cycle,6_month,1,cus_XP7Tp4JJkYxWr5,Nicole Scott,nicole.scott@pinepeak-wireless.example,Pinepeak Wireless,self_serve,network_consultant,network_consulting,US,sub_1ZfY0aQcNX0OooJUmWYzWL42
ch_39FOO35gvJOfZ89N23veS8VH,2025-06-21 16:24:35,succeeded,599.0,0.0,5.14,593.86,sepa_debit,,PXSW04A8-0001,subscription_create,6_month,1,cus_Fe7NGHqx09EBGX,María Ruiz,maria.ruiz@maplepoint-rf-consulting.example,Maplepoint RF Consulting S.L.,self_serve,network_consultant,network_consulting,ES,sub_1C9uaToPDZjPgMe27jIFetpY
ch_3NMJgtKvRE2bw2WN85a71gl9,2025-06-22 16:48:01,failed,1000.0,0.0,,,card,expired_card,NCFU0LX6-0002,subscription_cycle,12_month,1,cus_PtSjWO8Fza10AE,Tobias Fischer,tobias.fischer@brightwave-wireless-engineering.example,Brightwave Wireless Engineering,self_serve,head_of_wireless,network_consulting,CH,sub_1NKsCQJwbg5smhmsRV5OHxHx
ch_3XH3sgW7eB63JaDuMST2Oil3,2025-06-23 06:12:19,succeeded,1000.0,0.0,15.25,984.75,card,,62BIN83D-0003,subscription_cycle,12_month,1,cus_FtPHDUZOxM4QjK,Andrea Conti,andrea.conti@vertexgate-wi-fi-solutions.example,Vertexgate Wi-Fi Solutions,self_serve,network_consultant,network_consulting,IT,sub_1PP8l3PACj8omqj8yhl8Ymw1
ch_3VDkMRACBczBYdMsOINaQeKb,2025-06-23 10:30:15,succeeded,1000.0,0.0,32.75,967.25,card,,CKGJY1QO-0001,subscription_create,12_month,1,cus_MyBlOpIsCE4peG,Ryan Brown,ryan.brown@lumenpeak-wireless.example,Lumenpeak Wireless LLC,self_serve,network_consultant,network_consulting,US,sub_1mwCATH8adh7wirPhaqyhK85
ch_3e1D7KqIj0LvIc3HytlaQHQX,2025-06-23 10:37:00,succeeded,1000.0,0.0,32.75,967.25,card,,BO4F77TT-0003,subscription_cycle,12_month,1,cus_RBrImNdCsfyTx7,Tom Phillips,tom.phillips@phillips-wireless-consulting.example,Phillips Wireless Consulting LLC,self_serve,network_consultant,network_consulting,US,sub_1Ja5Z0hIhH24sQDu4jo6YIc3
ch_3WRHDWGk8mZ8bUW4rNszZyr0,2025-06-23 13:44:58,succeeded,599.0,0.0,9.23,589.77,card,,ZQCG6VQ8-0002,subscription_cycle,6_month,1,cus_w955XGS41wafDd,Marco Colombo,marco.colombo@silverbridge-networks.example,Silverbridge Networks S.r.l.,self_serve,network_consultant,network_consulting,IT,sub_1jtBfscdEK3caYDnBv98TQ9e
ch_3QXCj6KZcgp6W2523xa89vYa,2025-06-24 10:31:11,succeeded,1000.0,0.0,15.25,984.75,card,,ZQQ66UZW-0002,subscription_cycle,12_month,1,cus_rcnNi9l0MM1Dr2,Mikkel Andersson,mikkel.andersson@graniteworks-wireless.example,Graniteworks Wireless,self_serve,network_consultant,network_consulting,SE,sub_1FE1Ln02lsW2TtJ54476VMKF
ch_3l1TEsJWcyg67nEE42gKWQJL,2025-06-24 12:44:16,failed,1000.0,0.0,,,card,expired_card,BPPQSC3G-0004,subscription_cycle,12_month,1,cus_eMlFdHq4qjmKOC,Rachel Patel,rachel.patel@cedarpath-wi-fi-solutions.example,Cedarpath Wi-Fi Solutions,self_serve,network_consultant,network_consulting,US,sub_1zFU5dX7Pez0SO2aTpFGkzLW
ch_3vtorwZz4TptnhvqNVaSD4Mw,2025-06-25 10:16:48,succeeded,2000.0,0.0,50.25,1949.75,card,,FBQGSPRR-0002,subscription_cycle,12_month,2,cus_WO5r0gyNqYtToM,Emily Parker,emily.parker@ironstream-wi-fi-solutions.example,Ironstream Wi-Fi Solutions Ltd,self_serve,network_consultant,network_consulting,GB,sub_1dsjqSBjNjNm6oBbmatuR6C3
ch_32veoTdQpFQVRkQPZ0XM9Nl1,2025-06-25 11:23:10,succeeded,1000.0,0.0,25.25,974.75,card,,6XE2PFWL-0001,subscription_create,12_month,1,cus_c5CCXT9p6WWpgB,James Scott,james.scott@scott-wireless-consulting.example,Scott Wireless Consulting Ltd,self_serve,network_consultant,network_consulting,GB,sub_10EtzYy3iXliNtYF8xlmK0ZJ
ch_3XJKE0y9xflL6MT4y4alLGY9,2025-06-25 13:18:41,succeeded,1000.0,0.0,15.25,984.75,card,,4ZPPG2RS-0001,subscription_create,12_month,1,cus_MKNPdH9RJPfSXx,Riikka Kinnunen,riikka.kinnunen@kinnunen-wireless-consulting.example,Kinnunen Wireless Consulting Oy,self_serve,network_consultant,network_consulting,FI,sub_1SdT0UcAYxyUUsTiBTe7hlIo
ch_30ULpnHNdB4fjWJ5YxxuRl9j,2025-06-26 11:27:36,succeeded,599.0,0.0,9.23,589.77,card,,FHYNE5EU-0005,subscription_cycle,6_month,1,cus_KZCQRqFZnWQLEg,Nicolas Bernard,nicolas.bernard@orbitfield-media.example,Orbitfield Media,self_serve,it_lead,media,FR,sub_1YmsWmJDDX5j8qIpVN05cdUD
ch_3OYdHRwFePNpQeCXQF7kRDnW,2025-06-26 20:27:43,succeeded,2000.0,0.0,30.25,1969.75,card,,YKQTNJBU-0002,subscription_cycle,12_month,2,cus_STFH9I3YlpHeJE,Julie Leroy,julie.leroy@novaport-technology-group.example,Novaport Technology Group,self_serve,head_of_wireless,it_services,FR,sub_1mCUDeexX249WGE7umrZD3uC
ch_3t6FjyFN31ieq4KrRsFXkhCs,2025-06-27 09:08:44,succeeded,1198.0,0.0,39.19,1158.81,card,,T6LCZF2M-0002,subscription_cycle,6_month,2,cus_HWCEb36rwht705,Andrew Nguyen,andrew.nguyen@granitewave-logistics.example,Granitewave Logistics Inc.,self_serve,it_lead,logistics,CA,sub_1Js7Hw83sqVYP5naZbnPmFmK
ch_33780JVaKkytXYlvlpSr9RoB,2025-06-27 09:50:40,succeeded,1000.0,0.0,32.75,967.25,card,,G9DNOGQD-0001,subscription_create,12_month,1,cus_qKxvMYym7551To,Emily Phillips,emily.phillips@orbitgate-rf-consulting.example,Orbitgate RF Consulting LLC,self_serve,network_consultant,network_consulting,US,sub_1xaXgwNeGVU9h21rOBrTLHWO
ch_3b6JaP2w2dDrM1BDTQ5K3zKO,2025-06-27 10:30:15,succeeded,1000.0,0.0,15.25,984.75,card,,DGMGZ6OP-0001,subscription_create,12_month,1,cus_QoMOXI2egklBvM,Juho Mäkinen,juho.makinen@atlaspeak-systems-integration.example,Atlaspeak Systems Integration,self_serve,head_of_wireless,it_services,FI,sub_1kd1pJcGbEYb1soFfV98bBTm
ch_3R0rNtsJRAA0ocq3MPEaiRW2,2025-06-27 15:57:53,succeeded,1198.0,0.0,39.19,1158.81,card,,XL7TNSRW-0001,subscription_create,6_month,2,cus_Cz7JSoHXkrbl4K,Megan Parker,megan.parker@parker-network-services.example,Parker Network Services LLC,self_serve,network_consultant,network_consulting,US,sub_1k2ZTN18H86XXjKG0IrhSLHo
ch_3BzlsbwFrAQW8r7ZmP51aGqJ,2025-06-29 09:10:38,succeeded,1797.0,0.0,58.65,1738.35,card,,X9WMGVFJ-0002,subscription_cycle,6_month,3,cus_Kw5eH8wY5r7ODv,Andrew Taylor,andrew.taylor@atlasline-telecom.example,Atlasline Telecom Inc.,self_serve,head_of_wireless,telecom,CA,sub_1si41KUCD8bkrvxcdgy1lFMv
ch_3H6D2PBHMFopwI2PEpxAWuxn,2025-06-29 15:40:58,succeeded,1000.0,0.0,32.75,967.25,card,,IDW09TKB-0003,subscription_cycle,12_month,1,cus_nfjd3pyeQgkqIy,Mark Johnson,mark.johnson@brightstream-networks.example,Brightstream Networks,self_serve,network_consultant,network_consulting,AU,sub_1Ku9okrYCY5nVF5MY2CfCtgl
ch_3SDL9vptdRi8LgpsFgH6yhrA,2025-06-30 08:39:00,succeeded,1000.0,0.0,32.75,967.25,card,,Y8QJW16A-0001,subscription_create,12_month,1,cus_zJBSbOivDNJIh9,Matt Thompson,matt.thompson@greenlink-telecom.example,Greenlink Telecom,self_serve,head_of_wireless,telecom,US,sub_1HG0LLkBdkPWZu1NdHAGzUdb
ch_30lW6aXostm3wLmKSmi7Rg3N,2025-06-30 11:10:27,succeeded,1000.0,0.0,32.75,967.25,card,,CIDZNGGU-0003,subscription_cycle,12_month,1,cus_KnSWQN5w2EkK5j,Matthias Wagner,matthias.wagner@lumenfield-rf-consulting.example,Lumenfield RF Consulting AG,self_serve,network_consultant,network_consulting,CH,sub_1LHKpTOcdrLbG85M9L6CMzAe
ch_3BsuAXLdDRaSleDPLp3GwLnb,2025-06-30 15:14:48,succeeded,1000.0,0.0,32.75,967.25,card,,6ZRG2SKS-0001,subscription_create,12_month,1,cus_7EQmky66mUY78d,Michael Wright,michael.wright@inbox.example,,self_serve,network_consultant,network_consulting,AU,sub_1aQ5QrtNKtYwDHVFkhoI6Xok
ch_3LBVCpwqK8K7Aw4FU82PATdd,2025-07-01 10:36:45,succeeded,599.0,0.0,19.72,579.28,card,,6V8QDKWX-0003,subscription_cycle,6_month,1,cus_1B8bKDYCKjeiOw,Robert Patel,robert.patel@patel-wireless-consulting.example,Patel Wireless Consulting LLC,self_serve,network_consultant,network_consulting,US,sub_1DGUqLhVT6DKBpRdHKkH4k7F
ch_33iFgGDcVltprLzgbsWsvuHu,2025-07-01 16:47:40,succeeded,1000.0,0.0,25.25,974.75,card,,J1JRVVRG-0004,subscription_cycle,12_month,1,cus_gevA4s0yRpDEjk,Raj Mitchell,raj.mitchell@apexline-rf-consulting.example,Apexline RF Consulting Ltd,self_serve,network_consultant,network_consulting,GB,sub_1AEn2oZtamCv8gZ95qvzvE9D
ch_3bKVYqPwc1bqsYz6LtKOQq5c,2025-07-01 19:10:28,succeeded,599.0,0.0,19.72,579.28,card,,4HV546Q2-0001,subscription_create,6_month,1,cus_AfChaUEaiugYH0,Kate King,kate.king@auroralink-wi-fi-solutions.example,Auroralink Wi-Fi Solutions LLC,self_serve,network_consultant,network_consulting,US,sub_1dvTnGKwc2Yiii5eJZLqTh13
ch_3e2HlLMiZFER89bwlMbhURNX,2025-07-02 15:57:24,succeeded,599.0,0.0,19.72,579.28,card,,JGB6DROC-0004,subscription_cycle,6_month,1,cus_bMF0WqZy3iGk9W,Laura Nelson,laura.nelson@signalline-partners.example,Signalline Partners,self_serve,it_lead,professional_services,US,sub_1XxUeXDEUYHwPwiQgb6LbEaJ
ch_3PMIKKQPft7x2xgBaP2uhlsZ,2025-07-03 12:57:22,succeeded,1198.0,0.0,18.22,1179.78,card,,QLMFBAZG-0003,subscription_cycle,6_month,2,cus_yZNKcJHK09FtdX,Mats Hansen,mats.hansen@blueport-communications.example,Blueport Communications,self_serve,head_of_wireless,telecom,DK,sub_1J8wsaTNME3jTM0GSiJlaKAZ
ch_3DKeKN1muFkp9sFztKvFaUsd,2025-07-03 20:04:46,succeeded,1198.0,0.0,18.22,1179.78,card,,DK83F255-0007,subscription_cycle,6_month,2,cus_S4OWRXlJczEYeO,Sanne de Vries,sanne.devries@de-vries-wireless-consulting.example,de Vries Wireless Consulting B.V.,self_serve,network_consultant,network_consulting,NL,sub_1mUYo1Pl1f7MDyLSN3bIsaSx
ch_3KAa5OMreC9Rjb5PU6kj7F8p,2025-07-04 09:22:45,succeeded,1000.0,0.0,32.75,967.25,card,,XKLPHMIB-0001,subscription_create,12_month,1,cus_G7nJ6yqqi9HTSm,Uwe Weber,uwe.weber@weber-network-services.example,Weber Network Services AG,self_serve,network_consultant,network_consulting,CH,sub_1kiWOX3lKdXTvxBj9TGhp3BL
ch_3fRTVyIRY1rezxQlKSJ9xC3Z,2025-07-04 10:05:47,succeeded,1198.0,0.0,39.19,1158.81,card,,8HMXFQBZ-0001,subscription_create,6_month,2,cus_9QuaCVKxKdtgHV,Steve Williams,steve.williams@silvercore-rf-consulting.example,Silvercore RF Consulting,self_serve,network_consultant,network_consulting,US,sub_1l84yyoTRZjdi8VMK3WQrzej
ch_32tRt4UDoQgwwUOlnGoFtH7X,2025-07-04 16:14:36,succeeded,1000.0,0.0,25.25,974.75,card,,GU0EMKLU-0001,subscription_create,12_month,1,cus_z6Sh0lKoADvBnE,Josh Turner,josh.turner@signalworks-schools.example,Signalworks Schools Ltd,self_serve,it_lead,education,GB,sub_1ouHxUvlhx5y2tAfliENAY1c
ch_3SxuqGijlqNTKcJjdlSXt5dq,2025-07-04 16:51:16,succeeded,1000.0,0.0,15.25,984.75,card,,U7HLF0HO-0004,subscription_cycle,12_month,1,cus_6ckb7gGCl3tSfs,Sara Sørensen,sara.sorensen@clearcore-managed-services.example,Clearcore Managed Services AS,self_serve,head_of_wireless,it_services,NO,sub_1Utzp0BXjKPIgzYcCf4B74Hw
ch_3pUvB3sFAiaSJpN5atY2IwRP,2025-07-09 09:36:33,succeeded,599.0,0.0,19.72,579.28,card,,606DX5X6-0001,subscription_create,6_month,1,cus_ip0bZWAs16cpph,Kate Miller,kate.miller@clearworks-rf-consulting.example,Clearworks RF Consulting Pty Ltd,self_serve,network_consultant,network_consulting,AU,sub_1nP94LcXnyyfw5YRpUlfFXcN
ch_3T6wA9p2kCqB7D0mvG0ssrPd,2025-07-10 13:23:51,failed,1000.0,0.0,,,card,card_declined,ITQB1RVD-0001,subscription_create,12_month,1,cus_dXlKxw6oHJpxEf,Ben Murphy,ben.murphy@harborfield-rf-consulting.example,Harborfield RF Consulting,self_serve,network_consultant,network_consulting,CA,sub_1RpUgOr3lhuqOKEoTQQYADgA
ch_3xxM9KLtU826YTS65DORQsut,2025-07-10 13:27:10,succeeded,1000.0,0.0,32.75,967.25,card,,ITQB1RVD-0001,subscription_create,12_month,1,cus_dXlKxw6oHJpxEf,Ben Murphy,ben.murphy@harborfield-rf-consulting.example,Harborfield RF Consulting,self_serve,network_consultant,network_consulting,CA,sub_1RpUgOr3lhuqOKEoTQQYADgA
ch_3YrwFFDpY3NDlodQbYQ55LpO,2025-07-10 15:58:09,succeeded,4000.0,0.0,130.25,3869.75,card,,B4684YE7-0002,subscription_cycle,12_month,4,cus_3gZq7DxNbjjCag,Ryan Kelly,ryan.kelly@deltabridge-it-solutions.example,Deltabridge IT Solutions Inc.,self_serve,head_of_wireless,it_services,CA,sub_10wmbAwD9pzJ4m1HUypuPEIK
ch_3tWxNWvbwnmwN2JcUCF9qiXU,2025-07-11 14:10:30,succeeded,2000.0,0.0,30.25,1969.75,card,,GZIZLGD5-0002,subscription_cycle,12_month,2,cus_KKFrKkKz0M7J3g,Sanna Turunen,sanna.turunen@lumenfield-communications.example,Lumenfield Communications Oy,self_serve,head_of_wireless,telecom,FI,sub_1Un4MW29UbLOfrDp11eIa8K9
ch_3dxtWQMJbKjvOY2bz6rKrKjS,2025-07-11 14:22:46,succeeded,2000.0,0.0,65.25,1934.75,card,,NNFLUR47-0001,subscription_create,12_month,2,cus_v9myQdKslFP9xi,John Edwards,john.edwards@summitlink-managed-services.example,Summitlink Managed Services,self_serve,head_of_wireless,it_services,US,sub_1lk4fWUXmoUJmknXNjNzg2Cq
ch_3sX0uXzZS18H5YsUtdqhZtP4,2025-07-13 15:07:42,succeeded,2000.0,0.0,30.25,1969.75,card,,M9IHIVX8-0002,subscription_cycle,12_month,2,cus_3e4rQK7VHX1ggu,Kristian Lund,kristian.lund@crestpeak-properties.example,Crestpeak Properties ApS,self_serve,it_lead,real_estate,DK,sub_1afNY19NCUSiHqyx8a5LRlqL
ch_3L5mYF8g3UebqLMHdX6xnPDR,2025-07-14 15:29:05,succeeded,5000.0,0.0,162.75,4837.25,card,,I6RSALJ1-0001,subscription_create,12_month,5,cus_uLtvpdRkyrEqa2,Josh Kim,josh.kim@nordiclink-telecom.example,Nordiclink Telecom,self_serve,head_of_wireless,telecom,US,sub_1T1ef4TmR2TnNYpxSS4YJWfk
ch_3N7SwuJE62UG0hVA80gFvwPm,2025-07-14 17:17:15,succeeded,1000.0,0.0,32.75,967.25,card,,R2W5B6MD-0002,subscription_cycle,12_month,1,cus_n5J3f4DJt2Srdu,Matt Evans,matt.evans@evans-network-services.example,Evans Network Services LLC,self_serve,network_consultant,network_consulting,US,sub_1m12spMLW1JQPzHLzLeQR4l2
ch_3Qf1lf8Ghfm3VicBHYNHYLLS,2025-07-15 16:33:25,succeeded,599.0,0.0,19.72,579.28,card,,WE3HSS3J-0001,subscription_create,6_month,1,cus_FaK2FNtXMqGZtP,Ben Edwards,ben.edwards@nordicbridge-properties.example,Nordicbridge Properties,self_serve,it_lead,real_estate,NZ,sub_15JDyZtxD3YvkbCiWWyZ4GcK
ch_3fPKK7GR1kfuwgXlbmssxRMK,2025-07-15 22:24:59,succeeded,599.0,0.0,5.14,593.86,sepa_debit,,V9758LS6-0001,subscription_create,6_month,1,cus_v2A9kx71dO9NJe,Lauri Kinnunen,lauri.kinnunen@ironbridge-industries.example,Ironbridge Industries Oy,self_serve,it_lead,manufacturing,FI,sub_1k5DUvoxDLHjX3izLs6XBn23
ch_3yRAZtEqaqIXRIGgdipOSZzx,2025-07-16 14:30:54,succeeded,599.0,0.0,19.72,579.28,card,,X11HWJQZ-0002,subscription_cycle,6_month,1,cus_tJQXOv5fjz1abP,Matt Clark,matt.clark@crestworks-properties.example,Crestworks Properties Pty Ltd,self_serve,it_lead,real_estate,AU,sub_1TRGtQ8v4wfOx1oMPbRuHGjy
ch_3jUZN8UtKf6jj7eCHbBFeza3,2025-07-18 07:35:43,succeeded,1000.0,0.0,32.75,967.25,card,,BBCSF03L-0001,subscription_create,12_month,1,cus_uqdHKiVyYsO66F,Thomas Koch,thomas.koch@balticgate-retail-group.example,Balticgate Retail Group AG,self_serve,it_lead,retail,CH,sub_1wj9wBsIytwv4BbFPGFCNBOi
ch_3t4QcWp9QYqlnCs7o5xm87eG,2025-07-19 18:28:37,succeeded,1000.0,0.0,32.75,967.25,card,,TALTACNP-0002,subscription_cycle,12_month,1,cus_8bJfLdZkSXKZHu,Laura Baker,laura.baker@signalbridge-industries.example,Signalbridge Industries,self_serve,it_lead,manufacturing,CA,sub_1ljXX5K7jfW1gMWjz3W9e8Sb
ch_3y9K7URdV8trdqtVxzgahY50,2025-07-20 14:51:05,succeeded,599.0,0.0,19.72,579.28,card,,9SSDNXQS-0002,subscription_cycle,6_month,1,cus_IzJ1Lo0bdXh5Jf,Markus Wagner,markus.wagner@mailbox.example,,self_serve,network_consultant,network_consulting,CH,sub_15wwWdgayIRfhpq2tTebKWOA
ch_3nCC0MHn3GnJ8gZZc94EKPuQ,2025-07-21 10:06:36,succeeded,1797.0,0.0,58.65,1738.35,card,,KC0GZRAW-0001,subscription_create,6_month,3,cus_yq8FzikRoeJOOW,Laura Roberts,laura.roberts@summitgate-wi-fi-solutions.example,Summitgate Wi-Fi Solutions,self_serve,network_consultant,network_consulting,US,sub_1oF6b6YBiPrJaxzO0srWVRb4
ch_3OvVnueisasxhxVXJFhWs72O,2025-07-21 12:41:43,succeeded,1000.0,0.0,32.75,967.25,card,,ZGHK4JMH-0001,subscription_create,12_month,1,cus_lRB7NI4x0MteuM,Mark Evans,mark.evans@alpinepeak-rf-consulting.example,Alpinepeak RF Consulting LLC,self_serve,network_consultant,network_consulting,US,sub_11Jtfz8dVYfoRqblDJMJcBOx
ch_37OfK0cQI3ag2W32D7eb17x1,2025-07-21 16:52:53,succeeded,1198.0,0.0,18.22,1179.78,card,,X3JKZ59C-0001,subscription_create,6_month,2,cus_5JiM9UeVPOuyNs,Erik Pedersen,erik.pedersen@orbitworks-construction.example,Orbitworks Construction AB,self_serve,it_lead,construction,SE,sub_1IIe6hwMOVnX9sSasAj0c29M
ch_3OBhEglZS0YUjK3ZkI1SOsHH,2025-07-22 15:22:25,succeeded,1000.0,0.0,32.75,967.25,card,,GEYK2S44-0002,subscription_cycle,12_month,1,cus_H99x4EQf312SXJ,Andrew Kim,andrew.kim@aurorapeak-networks.example,Aurorapeak Networks,self_serve,network_consultant,network_consulting,US,sub_1ywrvOB07XzpWzYZAn2YJqLq
ch_3WCcYTYdo3CmMCwX1ehHjZek,2025-07-23 08:26:38,succeeded,1198.0,0.0,39.19,1158.81,card,,ZGTWJSK1-0002,subscription_cycle,6_month,2,cus_WcwCS0ZXTldRTF,Chris Martin,chris.martin@nordicstream-wireless-engineering.example,Nordicstream Wireless Engineering,self_serve,head_of_wireless,network_consulting,US,sub_12sz3ujj7Q1NmComG0E1wpnF
ch_36xeCZiU6XIZ2doGcC8KyKTG,2025-07-23 18:50:31,succeeded,1000.0,0.0,32.75,967.25,card,,8CX3ZCGD-0004,subscription_cycle,12_month,1,cus_A0Gj5UoSyEMnt9,John Jackson,john.jackson@greenline-media.example,Greenline Media LLC,self_serve,it_lead,media,US,sub_1mft7TP4TEkNCaPtM0d1uMao
ch_3EJhgSbh04Fm7z0krpEkY5wE,2025-07-24 01:43:41,succeeded,599.0,0.0,9.23,589.77,card,,FDBTHRZ3-0001,subscription_create,6_month,1,cus_1oNKF46YLRS6J4,Camille Martin,camille.martin@atlascore-construction.example,Atlascore Construction SAS,self_serve,it_lead,construction,FR,sub_1aHCZan9GjHc1YWjgAWiCZC2
ch_3cX6daq0fSX29e3w8GK8GB8Y,2025-07-24 12:14:01,succeeded,1797.0,0.0,27.21,1769.79,card,,CAPUK6AB-0004,subscription_cycle,6_month,3,cus_mDIzXzYJuVNi75,Matteo Rossi,matteo.rossi@rossi-wireless-consulting.example,Rossi Wireless Consulting,self_serve,network_consultant,network_consulting,IT,sub_1GOzx9iWHCW0qwAi7ff9NPUG
ch_3D7xYE07OBvZO27sQoMDTb5I,2025-07-24 12:59:53,succeeded,599.0,0.0,9.23,589.77,card,,IB7IRHG9-0001,subscription_create,6_month,1,cus_Ez561zSyEWoSIJ,Sami Lehtonen,sami.lehtonen@northview-wireless.example,Northview Wireless Oy,self_serve,network_consultant,network_consulting,FI,sub_1W1YY4DwSlnCi5YpmlEjQMR8
ch_3KJ2APJFmy9I1vY22mNZUfdK,2025-07-25 12:59:25,succeeded,2000.0,0.0,65.25,1934.75,card,,58JCC6SM-0002,subscription_cycle,12_month,2,cus_VUENQ9xaoZJqYD,Kate Jones,kate.jones@jones-wireless-consulting.example,Jones Wireless Consulting,self_serve,network_consultant,network_consulting,US,sub_187g8JqA6jv1as3LtpvRKtY2
ch_3Ke1E0rjFItcQtf7ZcPjofy0,2025-07-26 23:56:59,succeeded,2000.0,0.0,30.25,1969.75,card,,XHVTXX0G-0003,subscription_cycle,12_month,2,cus_j4jL813sWdp90U,Laurent Lefebvre,laurent.lefebvre@alpinecore-warehousing.example,Alpinecore Warehousing,self_serve,it_lead,logistics,FR,sub_1R2WustfshzahJ25gz7sHBkd
ch_3uL83ykm8Vfsb7ZMog5rgwi9,2025-07-27 06:30:38,succeeded,5000.0,0.0,75.25,4924.75,card,,K0HD9QL2-0001,subscription_create,12_month,5,cus_IMAJqbuc1nbcyT,Anja Klein,anja.klein@polarworks-communications.example,Polarworks Communications GmbH,self_serve,head_of_wireless,telecom,DE,sub_1yjOSrIhvxvYOR9IyvMcctZe
ch_3pbYREQU2XaFlOqvlJi1Shfg,2025-07-28 15:29:45,succeeded,1000.0,0.0,32.75,967.25,card,,59NSS2G4-0003,subscription_cycle,12_month,1,cus_Gs2YQpfDLewYTo,Priya Parker,priya.parker@aurorafield-telecom.example,Aurorafield Telecom,self_serve,head_of_wireless,telecom,CA,sub_1QR18eIvyFckO3bBX6XkDiSM
ch_3Xgo5NherQCDWujdrVQLn5zt,2025-07-29 12:33:54,succeeded,599.0,0.0,9.23,589.77,card,,O1O1HAIT-0001,subscription_create,6_month,1,cus_0wi8IvYkE0p5bY,Anders Nilsson,anders.nilsson@nilsson-wireless-consulting.example,Nilsson Wireless Consulting AB,self_serve,network_consultant,network_consulting,SE,sub_1AaCEwDhQ2o7sdNRD3f7WPte
ch_3eioT0coMH6YYI2CiYAgRcme,2025-07-29 20:27:54,succeeded,1000.0,0.0,15.25,984.75,card,,VY6R38CW-0002,subscription_cycle,12_month,1,cus_XEbRc2JORmEOVc,Anders Dahl,anders.dahl@signalstream-warehousing.example,Signalstream Warehousing AS,self_serve,it_lead,logistics,NO,sub_1dG0SWTZW20IVbj6LvTngEnX
ch_3SMdocuRzWNrF3QTE7c6dFYx,2025-07-29 23:43:40,succeeded,1000.0,0.0,15.25,984.75,card,,POJZJ1K6-0001,subscription_create,12_month,1,cus_S5gBERh7FjT4pV,Mats Sørensen,mats.sorensen@sorensen-network-services.example,Sørensen Network Services ApS,self_serve,network_consultant,network_consulting,DK,sub_19IPxNWDc9joate4TDD4BRJk
ch_31ukMFB8QfJI5ovOmPlGGCZE,2025-07-30 13:56:39,succeeded,1797.0,0.0,58.65,1738.35,card,,OGF91CB8-0002,subscription_cycle,6_month,3,cus_jjLsUMBEJ7yoM7,Steve Nguyen,steve.nguyen@crestmark-wireless.example,Crestmark Wireless,self_serve,network_consultant,network_consulting,US,sub_1rQRjwzM82H2VajPhlaB7KS9
ch_3zBXpQvlVW1Qpkr30OjBvuSr,2025-07-31 13:41:52,succeeded,1000.0,0.0,25.25,974.75,card,,NCIV6WCZ-0001,subscription_create,12_month,1,cus_G8elGzYqew4ZV8,Olivia Wright,olivia.wright@wright-network-services.example,Wright Network Services Ltd,self_serve,network_consultant,network_consulting,GB,sub_1gCiAtIQT9kwruDwZMHQLBJe
ch_3rMc3F201BF38bmS3gs2aYNC,2025-07-31 20:56:37,succeeded,1000.0,0.0,32.75,967.25,card,,4B600USI-0002,subscription_cycle,12_month,1,cus_pfazaANxYHx4xK,Wei Anderson,wei.anderson@polarbridge-media.example,Polarbridge Media LLC,self_serve,it_lead,media,US,sub_16sM8wl1dzMmqjGNejTMvccf
ch_3yN5XzxflVGeyShBPKx8dYuL,2025-08-01 12:40:07,succeeded,599.0,0.0,9.23,589.77,card,,LFZ3RC2J-0001,subscription_create,6_month,1,cus_vUa2rg8bf7xFs1,Lauri Salminen,lauri.salminen@signalline-wireless-engineering.example,Signalline Wireless Engineering,self_serve,head_of_wireless,network_consulting,FI,sub_1zCohThn59us8XePHdtKGXoo
ch_3Qzgkhoj9q54jdC74EhVAy6P,2025-08-02 11:16:21,succeeded,1000.0,0.0,15.25,984.75,card,,L83O1UFA-0004,subscription_cycle,12_month,1,cus_25zIA82UBLtYX2,Rasmus Holm,rasmus.holm@holm-network-services.example,Holm Network Services AS,self_serve,network_consultant,network_consulting,NO,sub_1mQEYSeiYqvMLO9jUh9Kzj5K
py_3o1eTUyctH7opo4aRnTtPPSs,2025-08-03 14:14:04,succeeded,285000.0,0.0,5.0,284995.0,bank_transfer,,9QREIPSL-0001,subscription_create,enterprise,1,cus_qPiiwMjVo6BO9o,Marlowe Valley University Hospital,accounts.payable@marlowe-valley-university-hospital.example,Marlowe Valley University Hospital,enterprise,,hospital,GB,sub_1x2QgBmHnXzr2I7bLHClLJ9z
ch_3gqhkkuoT3QWEOWiyO42HWX7,2025-08-04 08:26:48,succeeded,2000.0,0.0,65.25,1934.75,card,,7DNYI22B-0002,subscription_cycle,12_month,2,cus_ffUl0jdpF4f0OI,Andrew Murphy,andrew.murphy@signalport-wi-fi-solutions.example,Signalport Wi-Fi Solutions,self_serve,network_consultant,network_consulting,US,sub_1DY1t2IDlXZ8gQwAVCSHPuah
ch_3Xxz2nZjUsUefsZvKPq3XfRB,2025-08-04 08:53:22,succeeded,599.0,0.0,9.23,589.77,card,,8EU7L7AX-0002,subscription_cycle,6_month,1,cus_DQgzSusBtHwUN4,Julia Schmidt,julia.schmidt@stoneworks-properties.example,Stoneworks Properties,self_serve,it_lead,real_estate,DE,sub_1X2FsI35cTsNQfjUXeHsYZQj
ch_3SOHpXzXvSIx8TVUEHsrUuA9,2025-08-05 13:04:29,succeeded,599.0,0.0,19.72,579.28,card,,0RNP5W89-0002,subscription_cycle,6_month,1,cus_pTw84HIDUqwL2k,Robert Green,robert.green@lumenfield-wi-fi-solutions.example,Lumenfield Wi-Fi Solutions,self_serve,network_consultant,network_consulting,CA,sub_1Ut7ittO0r6NVvYWuz5d5itg
ch_3bgW0nrHfPyEedk07i22pXP2,2025-08-05 13:28:52,succeeded,1000.0,0.0,15.25,984.75,card,,AYPNKG3X-0001,subscription_create,12_month,1,cus_igX990SbAjY4BQ,Pieter de Vries,pieter.devries@summitcore-retail-group.example,Summitcore Retail Group B.V.,self_serve,it_lead,retail,NL,sub_1ntAjHd2a8Q851EnXSyikIju
ch_3VlZgKkNPTQNdi1TXSpNkaxk,2025-08-05 14:18:21,succeeded,1000.0,0.0,32.75,967.25,card,,COPS9DMU-0001,subscription_create,12_month,1,cus_09aDqteAlul5Fu,Daniel Richter,daniel.richter@maplelink-systems-integration.example,Maplelink Systems Integration AG,self_serve,head_of_wireless,it_services,CH,sub_1wd5gqNvZlbcC1HPER5lS5CM
ch_3zEV0nN5MvcO5efYQY47kPqI,2025-08-05 15:00:21,succeeded,1000.0,0.0,32.75,967.25,card,,S16556SI-0002,subscription_cycle,12_month,1,cus_CSHbXJqao2Z251,Wei Edwards,wei.edwards@signalmark-rf-consulting.example,Signalmark RF Consulting,self_serve,network_consultant,network_consulting,US,sub_1oRsdTftCEjDY9lHMl4WTDAj
ch_3suIHdU50iNIchJHtakQzv8N,2025-08-06 11:44:29,succeeded,1000.0,1000.0,32.75,967.25,card,,FFTHJSRX-0001,subscription_create,12_month,1,cus_Pc48J4NXJeVWp8,Jessica Evans,jessica.evans@cedarstream-telecom.example,Cedarstream Telecom Inc.,self_serve,head_of_wireless,telecom,CA,sub_11qUPpB4rh3MV7HHzT7Ey3vW
ch_3aHrf9mnwCfxwQmRENoZsP9i,2025-08-06 13:37:54,succeeded,599.0,0.0,9.23,589.77,card,,1NIJY6Q9-0001,subscription_create,6_month,1,cus_oZ6PuUNbduvRa0,Petri Mäkinen,petri.makinen@ironcore-wi-fi-solutions.example,Ironcore Wi-Fi Solutions Oy,self_serve,network_consultant,network_consulting,FI,sub_1Ebmg8GlkoFVTz3HYSXTUryz
ch_3oPLpi1YOohrv3OmfNPpSmjZ,2025-08-07 11:12:23,succeeded,1000.0,0.0,15.25,984.75,card,,1LY7VQFE-0001,subscription_create,12_month,1,cus_vMsnlETFJMDTfb,Laura Heinonen,laura.heinonen@heinonen-network-services.example,Heinonen Network Services,self_serve,network_consultant,network_consulting,FI,sub_1Bgq1BErgW9CWF7m476cPiwI
ch_3JqGgyrL9VlY5ijAq9I67wZl,2025-08-07 13:33:51,succeeded,599.0,0.0,9.23,589.77,card,,RFZ418HR-0001,subscription_create,6_month,1,cus_c2JP7Zjpz7Do5x,Kristian Olsen,kristian.olsen@novacore-logistics.example,Novacore Logistics AB,self_serve,it_lead,logistics,SE,sub_1sXfTu76wFQYgnktHPjbEt3T
ch_3X5gfM59slasZ7BlEeUZOtRK,2025-08-07 19:01:09,succeeded,1000.0,0.0,15.25,984.75,card,,MNLR98D0-0003,subscription_cycle,12_month,1,cus_KbQg1QRNrZchTD,Giulia Bruno,giulia.bruno@mailbox.example,,self_serve,network_consultant,network_consulting,IT,sub_1GAqwBlbpq1P1AV1HBrlZBog
ch_3R2IsRUfAUsbl0PP5u7IJ0KN,2025-08-08 06:07:23,succeeded,1000.0,0.0,15.25,984.75,card,,GJSRBFF8-0003,subscription_cycle,12_month,1,cus_yBz0zNu4uVqcZD,Petri Mäkelä,petri.makela@signalview-industries.example,Signalview Industries,self_serve,it_lead,manufacturing,FI,sub_1WWZ3oVsL0gZw2nBZZDUWc1P
ch_3Bw5KBZH1djisUTVxeV2NbTJ,2025-08-08 09:02:19,succeeded,1797.0,0.0,58.65,1738.35,card,,H80MLA8H-0003,subscription_cycle,6_month,3,cus_DG8CPspgjcmlD4,Andreas Meyer,andreas.meyer@summitline-clinics.example,Summitline Clinics,self_serve,it_lead,healthcare,CH,sub_11AA8KVKJ2WDSxmDDMK1YfFy
ch_3w3cP8C9ZNTVtY0Jt8ETzLcG,2025-08-08 12:31:39,succeeded,599.0,0.0,19.72,579.28,card,,UOOYVQGE-0001,subscription_create,6_month,1,cus_2ThTEnVDOR6cAo,Megan Davis,megan.davis@davis-network-services.example,Davis Network Services LLC,self_serve,network_consultant,network_consulting,US,sub_1qerImpgPsSvXzFCoDvrOrOA
ch_3vWsolqhqUXyoH0NShh1US7T,2025-08-11 09:43:08,succeeded,2000.0,0.0,65.25,1934.75,card,,WVAOXZQR-0001,subscription_create,12_month,2,cus_8EXQNSPx4Pm0ER,Priya Turner,priya.turner@deltastream-retail-group.example,Deltastream Retail Group LLC,self_serve,it_lead,retail,US,sub_1knUvS2RWxdJSx41kcI1bCnH
ch_3Q9LpBocy711JDSqTNpei4nQ,2025-08-12 10:15:48,succeeded,599.0,0.0,15.23,583.77,card,,N9BJ87SZ-0002,subscription_cycle,6_month,1,cus_i3js4IlUBNRrRd,David Scott,david.scott@maplepoint-wi-fi-solutions.example,Maplepoint Wi-Fi Solutions,self_serve,network_consultant,network_consulting,GB,sub_1PsFARxnf0XP3EuIKvZLRZfV
ch_3LSV18lcnb2al2XJghHpxkmS,2025-08-12 15:03:07,succeeded,1000.0,0.0,32.75,967.25,card,,6W00IRNT-0002,subscription_cycle,12_month,1,cus_GUTDi9a12YZ8b3,Michael Kelly,michael.kelly@westport-construction.example,Westport Construction LLC,self_serve,it_lead,construction,US,sub_1KG3F43tZEcjtIHwvLoucMe6
ch_3IOnqiccXixxtEMUScDw7FEQ,2025-08-13 13:27:44,succeeded,2000.0,0.0,65.25,1934.75,card,,5UJV1W5D-0002,subscription_cycle,12_month,2,cus_2Q5sRjsE51siX1,Nicole Williams,nicole.williams@apexfield-systems-integration.example,Apexfield Systems Integration,self_serve,head_of_wireless,it_services,US,sub_1jOCRuQBFl377dQ5nhcNCkn2
ch_3vBVrIOTufSwgS8pIj3WhtFs,2025-08-15 13:25:24,succeeded,2000.0,0.0,65.25,1934.75,card,,B1XRAGXB-0001,subscription_create,12_month,2,cus_SeodeDPTeGUqvX,Michael Campbell,michael.campbell@crestmark-technology-group.example,Crestmark Technology Group LLC,self_serve,head_of_wireless,it_services,US,sub_13MyqZYDEeoOzosg8iYAHSKQ
ch_3uqfBxpOk4gfAZmuqNIYdHcI,2025-08-16 11:37:59,succeeded,1000.0,0.0,15.25,984.75,card,,URQ11C3T-0004,subscription_cycle,12_month,1,cus_igS85lwKRF70Vk,Eero Lehtonen,eero.lehtonen@inbox.example,,self_serve,network_consultant,network_consulting,FI,sub_1pu34b6bW8wpmHPEhHbm1gWD
ch_36yzEJxEAgzB5Bmp8BqGVXDg,2025-08-17 13:47:15,succeeded,1000.0,0.0,32.75,967.25,card,,61ZRLYNJ-0003,subscription_cycle,12_month,1,cus_bMmHM36OfHXd6D,Steve Edwards,steve.edwards@greenlink-warehousing.example,Greenlink Warehousing LLC,self_serve,it_lead,logistics,US,sub_1cf0c3xD15zXSp8fxIpJqRnL
ch_3viNTxxq4cmVkYhXZ85xpq6p,2025-08-18 07:59:11,succeeded,1000.0,0.0,15.25,984.75,card,,V1HIIV9A-0002,subscription_cycle,12_month,1,cus_znSw6miHl8xB0f,Sabine Meyer,sabine.meyer@pinecore-managed-services.example,Pinecore Managed Services,self_serve,head_of_wireless,it_services,DE,sub_163TpuxLYPXoY7Jlr0WuRkJ4
ch_3mX4wP1MAtqmiwjP1NnhhAA0,2025-08-18 12:36:48,succeeded,1000.0,0.0,32.75,967.25,card,,D1GV35R3-0001,subscription_create,12_month,1,cus_1Cht6szQrUeseG,Julia Schulz,julia.schulz@nordicgate-wireless.example,Nordicgate Wireless AG,self_serve,network_consultant,network_consulting,CH,sub_1sH6EwxAXAsh1cgTBp4wZ9Nb
ch_3M3doLx2lJGH69kjgtNewUFT,2025-08-18 18:53:02,succeeded,599.0,0.0,9.23,589.77,card,,XHSWW35A-0002,subscription_cycle,6_month,1,cus_rFwt2Ykm1p2MSk,Alejandro Díaz,alejandro.diaz@apexlink-wi-fi-solutions.example,Apexlink Wi-Fi Solutions,self_serve,network_consultant,network_consulting,ES,sub_1rjpsfmUV4swpbzVWXVFEcC0
ch_3KQcuFZqZlOd4ydLf3EGubNm,2025-08-19 08:30:32,succeeded,1000.0,0.0,15.25,984.75,card,,B7EA6ANB-0002,subscription_cycle,12_month,1,cus_xs9ABw3phvHqW3,Søren Larsson,soren.larsson@larsson-wireless-consulting.example,Larsson Wireless Consulting,self_serve,network_consultant,network_consulting,NO,sub_1VhzAMm00ynlN8XCUqHqGmDX
ch_3lcFhDRenr6GOahewrnd8BEY,2025-08-19 14:29:50,succeeded,2000.0,0.0,65.25,1934.75,card,,CG14KBLM-0001,subscription_create,12_month,2,cus_tTo4WLnQY7Cy99,John Adams,john.adams@summitstream-technology-group.example,Summitstream Technology Group,self_serve,head_of_wireless,it_services,US,sub_1hTSiFrvRGmQUl0vvhe40tJm
ch_35C9e4w0uL7RRHhcG06BeeaW,2025-08-19 17:06:03,succeeded,1000.0,0.0,25.25,974.75,card,,0QBW7TTK-0001,subscription_create,12_month,1,cus_jve4esxE78NzKw,Amanda Baker,amanda.baker@signalpeak-rf-consulting.example,Signalpeak RF Consulting,self_serve,network_consultant,network_consulting,GB,sub_1IBSXlS4NWyzzLPFAU7t73pE
ch_3lF2srGsI7UQteEGI31X1RvS,2025-08-19 17:54:36,succeeded,599.0,0.0,19.72,579.28,card,,SLIG8CXZ-0001,subscription_create,6_month,1,cus_C8uUGcfAgBnlEt,Michael Williams,michael.williams@balticwave-retail-group.example,Balticwave Retail Group,self_serve,it_lead,retail,US,sub_1ZBCj1apWAwl8C67yj4Tqv9S
ch_3NENZHvh3pahnUaqgjhfxqZf,2025-08-20 07:34:00,succeeded,2995.0,0.0,45.17,2949.83,card,,GM1FHVJM-0001,subscription_create,6_month,5,cus_OyKhkOq3pJwyYS,Anders Jensen,anders.jensen@maplestream-technology-group.example,Maplestream Technology Group,self_serve,head_of_wireless,it_services,SE,sub_15VO1BT0ighTplgp0L4FzYEj
ch_3OdYv5TGkXFIB21Defe2n3vP,2025-08-20 09:09:34,succeeded,1000.0,0.0,32.75,967.25,card,,PHX0A51T-0001,subscription_create,12_month,1,cus_LvSpNLFR0351y3,Anja Krüger,anja.kruger@beaconview-systems-integration.example,Beaconview Systems Integration AG,self_serve,head_of_wireless,it_services,CH,sub_1xfRbbvxNLyQbvsXK1A1xoUF
ch_3vKC0OFJiMD0tbypz4tSFUYE,2025-08-20 15:42:46,succeeded,1000.0,0.0,32.75,967.25,card,,XPPOJVV0-0002,subscription_cycle,12_month,1,cus_OuyXsuirktU3tP,Paul Thomas,paul.thomas@granitefield-wi-fi-solutions.example,Granitefield Wi-Fi Solutions LLC,self_serve,network_consultant,network_consulting,US,sub_1QdMNj02zjDPrnJyxn5530MJ
ch_3a3TNWgssHH5xALv5hXXjwi9,2025-08-21 06:00:31,succeeded,1000.0,0.0,32.75,967.25,card,,RVBRKWRI-0001,subscription_create,12_month,1,cus_8ZnFBK0ITL3JKq,Ben Williams,ben.williams@lumenworks-rf-consulting.example,Lumenworks RF Consulting,self_serve,network_consultant,network_consulting,US,sub_1jFG8NEsjKXdWz310yfdOxVs
ch_35ebLjpjubrFdsMYblTK9I8T,2025-08-21 11:04:59,succeeded,1000.0,1000.0,25.25,974.75,card,,7DBWDT01-0001,subscription_create,12_month,1,cus_RuiXf3NIDkM009,Kate Davis,kate.davis@westview-rf-consulting.example,Westview RF Consulting,self_serve,network_consultant,network_consulting,GB,sub_1eRVDou1GoyASVHAhLLaGFS1
ch_3ZlbB104igX4gB5naAd1r2Le,2025-08-21 14:58:29,succeeded,599.0,0.0,9.23,589.77,card,,KZ4FGJ7B-0001,subscription_create,6_month,1,cus_yr3fBzryflj7B4,Matthias Braun,matthias.braun@northgate-partners.example,Northgate Partners GmbH,self_serve,it_lead,professional_services,AT,sub_19YaEaFiNzaeGzoPTB0nummC
ch_3sAHhF9pbcYKfLHN9IOREWkN,2025-08-21 15:10:03,failed,599.0,0.0,,,card,card_declined,4PG01EHV-0001,subscription_create,6_month,1,cus_pAuxKXifAlr4xP,Eric Green,eric.green@lumenpeak-industries.example,Lumenpeak Industries Ltd,self_serve,it_lead,manufacturing,NZ,sub_1JePZFMDUGPNZ7rF2sUWyZOP
ch_3YdmKgEDU2Kei2J8fidCJKza,2025-08-21 15:13:49,succeeded,599.0,0.0,19.72,579.28,card,,4PG01EHV-0001,subscription_create,6_month,1,cus_pAuxKXifAlr4xP,Eric Green,eric.green@lumenpeak-industries.example,Lumenpeak Industries Ltd,self_serve,it_lead,manufacturing,NZ,sub_1JePZFMDUGPNZ7rF2sUWyZOP
ch_3zDe6V36MOxbqVHF15iDhc09,2025-08-22 03:14:52,succeeded,1000.0,0.0,25.25,974.75,card,,5HTSNI67-0001,subscription_create,12_month,1,cus_hJQa65KSHnE7YS,Tom King,tom.king@polarstream-networks.example,Polarstream Networks Ltd,self_serve,network_consultant,network_consulting,GB,sub_1cRBHdcybLkiugUDqQ0bchX3
ch_3Er7OGK1DNTrsyZoVypw3TBs,2025-08-22 05:29:29,succeeded,2000.0,0.0,65.25,1934.75,card,,NLYFHUU2-0004,subscription_cycle,12_month,2,cus_K9SEsQkRYn8JzM,Olivia Davis,olivia.davis@stonecore-rf-consulting.example,Stonecore RF Consulting LLC,self_serve,network_consultant,network_consulting,US,sub_14b4hxzbY1qS9n8hwV8tBX3H
ch_3oNaE6aER8hdhzXWoDdnSAxB,2025-08-22 09:11:43,succeeded,1000.0,0.0,15.25,984.75,card,,SNWWQ2J2-0001,subscription_create,12_month,1,cus_oNGciEn9ue56S1,Mikko Mäkelä,mikko.makela@vertexpeak-schools.example,Vertexpeak Schools Oy,self_serve,it_lead,education,FI,sub_1KLrjI8HksA1IftNlu4z1GMc
ch_3gahstzHWlZrZdKIxKGmarQI,2025-08-22 11:38:49,succeeded,3000.0,0.0,97.75,2902.25,card,,EPPZTXRB-0003,subscription_cycle,12_month,3,cus_FPedClKpSoTyKC,Michael Hartmann,michael.hartmann@harborstream-telecom.example,Harborstream Telecom,self_serve,head_of_wireless,telecom,CH,sub_1auAwziYTDLU4f1BOzH1kf0U
ch_3WFCuoYPUNeFW7fSj0smOXzu,2025-08-22 17:58:46,succeeded,1000.0,0.0,32.75,967.25,card,,NI6ZZZ84-0001,subscription_create,12_month,1,cus_i29TcfY8wrPcUv,Tom Nguyen,tom.nguyen@blueline-schools.example,Blueline Schools Inc.,self_serve,it_lead,education,CA,sub_1c094ZGT4UDz5i1MONFmvKFx
ch_3EJO9S5iNlLHc1mzoJJOLc01,2025-08-23 20:34:19,succeeded,2000.0,0.0,65.25,1934.75,card,,V4UVOYEA-0002,subscription_cycle,12_month,2,cus_6KKSAkctXiPZrn,Josh Johnson,josh.johnson@signalgate-networks.example,Signalgate Networks,self_serve,network_consultant,network_consulting,US,sub_1pCAeaat9UeE2xlKcaGnNJjx
ch_3hOaevYbHC7UFiUR7NwTYC8f,2025-08-24 10:24:05,succeeded,1198.0,0.0,30.2,1167.8,card,,VN5XM43Z-0002,subscription_cycle,6_month,2,cus_P0vr89DxrQU8ox,Michael Baker,michael.baker@lumenlink-wireless.example,Lumenlink Wireless Ltd,self_serve,network_consultant,network_consulting,GB,sub_1YCqDieRa7tLwqqPYofbsZGl
ch_32ABltireqqRT3DSXJYvQm6x,2025-08-24 12:29:46,succeeded,1000.0,0.0,32.75,967.25,card,,K74CO0RQ-0003,subscription_cycle,12_month,1,cus_dugZGAGt0Dxjnp,Robert Green,robert.green@bluepeak-logistics.example,Bluepeak Logistics Inc.,self_serve,it_lead,logistics,CA,sub_1l5x0zsJqmTSUrZSbEYiENgN
ch_3EbN9pzox2bWxwWrSnchtAvO,2025-08-25 15:52:02,failed,1000.0,0.0,,,card,expired_card,981HTZLW-0003,subscription_cycle,12_month,1,cus_7g0D4Vu81I43MP,Sarah Scott,sarah.scott@bluecore-networks.example,Bluecore Networks LLC,self_serve,network_consultant,network_consulting,US,sub_1334gL0fbyuU5NvDlmYA1Xy5
ch_3v2y7v1G7qQVdSMjv4PRNkBe,2025-08-25 18:33:03,succeeded,1000.0,0.0,32.75,967.25,card,,L8NM3O9R-0002,subscription_cycle,12_month,1,cus_wyv726KrVo9VYB,Wei Harris,wei.harris@balticgate-systems-integration.example,Balticgate Systems Integration,self_serve,head_of_wireless,it_services,US,sub_1VO7dRAd44vET8JsGQliH1tE
ch_35XxDwhyF7yEcIulCFmrPmxR,2025-08-26 07:06:39,succeeded,599.0,0.0,19.72,579.28,card,,5U52A8YS-0004,subscription_cycle,6_month,1,cus_zVGeXtcArYTBDq,Mark Phillips,mark.phillips@brightstream-schools.example,Brightstream Schools LLC,self_serve,it_lead,education,US,sub_1x2cT9YqtbFcUmNdzuNWRyVv
ch_3I4ES6JrcnSyENXvZwhTTVCa,2025-08-26 11:24:40,succeeded,1000.0,0.0,32.75,967.25,card,,G7WVPE5J-0004,subscription_cycle,12_month,1,cus_9ONLRcfvT2ecAG,Brian Brown,brian.brown@mailbox.example,,self_serve,network_consultant,network_consulting,US,sub_1y5Vkj0SBF7KDryms4DFjSlt
ch_3HCcQCiHbkJryWfb5cZbDb1Q,2025-08-26 16:59:27,succeeded,599.0,0.0,9.23,589.77,card,,OJWW2LCB-0001,subscription_create,6_month,1,cus_9GQ1fhOc3w3jqm,Wouter Meijer,wouter.meijer@postbox.example,,self_serve,network_consultant,network_consulting,NL,sub_1I5XvUgIDJ5ruMnLB7KPL2tw
ch_34WQBIO5BTrCGBX9TT9n0x0K,2025-08-27 06:49:55,succeeded,1000.0,0.0,25.25,974.75,card,,NBNWLXPS-0001,subscription_create,12_month,1,cus_YwTwrtmIShIrsS,Raj Wright,raj.wright@cedarbridge-networks.example,Cedarbridge Networks,self_serve,network_consultant,network_consulting,GB,sub_1XrNn23CFHTIYFv5WbOeR3Yn
ch_30x15a1YRbmyuaIRpjb9liJx,2025-08-27 10:01:10,succeeded,1000.0,0.0,25.25,974.75,card,,NBXFDE9O-0001,subscription_create,12_month,1,cus_16MwWWEryhEUJT,Daniel King,daniel.king@northlink-wi-fi-solutions.example,Northlink Wi-Fi Solutions,self_serve,network_consultant,network_consulting,GB,sub_1YF5ZbW9KzMY4AlOKRqi8Pwz
ch_3d5mDvmsTDxjFnR2JPzRN44l,2025-08-27 12:49:26,succeeded,1000.0,0.0,32.75,967.25,card,,OACS77FM-0003,subscription_cycle,12_month,1,cus_td9i7plqHDEfD4,Josh Miller,josh.miller@miller-network-services.example,Miller Network Services,self_serve,network_consultant,network_consulting,AU,sub_1r9PJxdYFpvj4tpZCFHC2nzr
ch_3hqspXwTAiCDVgptycgUIMaV,2025-08-27 14:00:29,succeeded,1000.0,0.0,32.75,967.25,card,,N9JC1RZS-0006,subscription_cycle,12_month,1,cus_zvomjVpefdbOpn,Matt Roberts,matt.roberts@apexview-rf-consulting.example,Apexview RF Consulting,self_serve,network_consultant,network_consulting,AU,sub_1AFrBDfxXDTpl265088hPK1G
ch_3xvNtQwTiH4BHdZVB9LCYXu7,2025-08-27 14:31:22,succeeded,1000.0,0.0,15.25,984.75,card,,UGWE997E-0001,subscription_create,12_month,1,cus_449YFYA8FnP6CV,Johan Pedersen,johan.pedersen@stonepeak-wi-fi-solutions.example,Stonepeak Wi-Fi Solutions,self_serve,network_consultant,network_consulting,SE,sub_1JtXIlfNI9b0qoFEnk8L1a3V
ch_34Y9z7Ly7Aamic9R2dAskeko,2025-08-28 09:54:46,succeeded,1000.0,0.0,15.25,984.75,card,,JO1FKR20-0001,subscription_create,12_month,1,cus_fQeYeYiU6Y1x5K,Christian Müller,christian.muller@ironport-warehousing.example,Ironport Warehousing GmbH,self_serve,it_lead,logistics,DE,sub_1MCpuXwbANRJUZVN9UsoKdeR
ch_3f39gQkHqcFu2n53D4KqnTkq,2025-08-28 15:56:02,failed,1000.0,0.0,,,card,expired_card,981HTZLW-0003,subscription_cycle,12_month,1,cus_7g0D4Vu81I43MP,Sarah Scott,sarah.scott@bluecore-networks.example,Bluecore Networks LLC,self_serve,network_consultant,network_consulting,US,sub_1334gL0fbyuU5NvDlmYA1Xy5
ch_3b6ufGukZaWR2nYw4OvQIO0v,2025-08-29 11:59:51,succeeded,1000.0,0.0,15.25,984.75,card,,BS9YFPEA-0003,subscription_cycle,12_month,1,cus_j57gH7vi54J5qS,Lukas Neumann,lukas.neumann@clearpeak-retail-group.example,Clearpeak Retail Group,self_serve,it_lead,retail,DE,sub_1235BEX9pZSYwpe46PBS0YHa
ch_3SQYa27FPfKghPOpMslmWkqK,2025-08-29 16:27:05,succeeded,599.0,0.0,9.23,589.77,card,,R102D22S-0001,subscription_create,6_month,1,cus_fWIUurMCT5Piel,Rasmus Karlsson,rasmus.karlsson@atlasbridge-warehousing.example,Atlasbridge Warehousing AS,self_serve,it_lead,logistics,NO,sub_1lIsLSnRRhXEILfELJf4laBa
ch_3imUa1Qwjwg9TfM4Wc2LHw1m,2025-08-29 17:36:52,succeeded,3000.0,0.0,45.25,2954.75,card,,CLWY0H3R-0002,subscription_cycle,12_month,3,cus_UCxDIK27UTiBQ6,Jan Hartmann,jan.hartmann@novaworks-managed-services.example,Novaworks Managed Services,self_serve,head_of_wireless,it_services,DE,sub_1fchpzpC1uj2blTB8DU7TNFd
ch_3t1WrC4lquiYYyc8m5Fpl7Yi,2025-08-30 14:49:07,succeeded,1000.0,0.0,15.25,984.75,card,,G8OQRJCH-0003,subscription_cycle,12_month,1,cus_7BLYWk6BkvM5Sg,Nicolas Rousseau,nicolas.rousseau@postbox.example,,self_serve,network_consultant,network_consulting,FR,sub_1GHYWji17b6nbMbwhWVo2xmz
ch_39zkN13H9vicxO4YphBstw8N,2025-08-30 16:13:17,succeeded,1000.0,0.0,6.35,993.65,sepa_debit,,EBYJGUJ4-0002,subscription_cycle,12_month,1,cus_mmLTSPjeSKTNNb,Katharina Fischer,katharina.fischer@harborport-wi-fi-solutions.example,Harborport Wi-Fi Solutions,self_serve,network_consultant,network_consulting,DE,sub_1FAkaCReenUew2aM0bN6F9fq
ch_3lQxuohcKmIyasqa5AtJoKhe,2025-08-31 13:04:17,failed,1000.0,0.0,,,card,card_declined,I95ZJUK0-0003,subscription_cycle,12_month,1,cus_GXfGIEAksxidBd,Amanda Jones,amanda.jones@crestlink-warehousing.example,Crestlink Warehousing,self_serve,it_lead,logistics,US,sub_1Oe5ikFZz6yhmlgcV911OfZH
ch_3GP4hsQ9b0wU494owOGVQzae,2025-09-01 06:18:14,succeeded,2000.0,0.0,30.25,1969.75,card,,8K1NLBAG-0001,subscription_create,12_month,2,cus_ObLv32JXCbE3ul,Elena López,elena.lopez@deltawave-retail-group.example,Deltawave Retail Group,self_serve,it_lead,retail,ES,sub_1UZpPjqFLZlTkOle6Uo3fxQz
ch_3cNyg0rsmhqJtotwXBguSsze,2025-09-01 08:26:18,succeeded,1000.0,0.0,32.75,967.25,card,,16AS8YZV-0001,subscription_create,12_month,1,cus_npk152iJFLjlpw,Jessica Adams,jessica.adams@signalworks-clinics.example,Signalworks Clinics,self_serve,it_lead,healthcare,CA,sub_1LQ6pPQCVLOjX0oBf9RGpT4W
ch_3GoEEMtd4g39DGbJke2cqLqx,2025-09-01 11:54:14,failed,1000.0,0.0,,,card,expired_card,44RH4CF3-0003,subscription_cycle,12_month,1,cus_FGag8J8yijxmyZ,Nicolas Leroy,nicolas.leroy@inbox.example,,self_serve,network_consultant,network_consulting,FR,sub_1AqIbqsPTyjao9HSDChvoSmP
ch_3WNhO7NBk5WVt460iizr4m88,2025-09-01 14:43:42,failed,1000.0,0.0,,,card,expired_card,O3GSNB1O-0002,subscription_cycle,12_month,1,cus_gAcmkpqNt7kCnD,Raj Davis,raj.davis@davis-network-services.example,Davis Network Services LLC,self_serve,network_consultant,network_consulting,US,sub_128lBfuvfg8rUNAYKfWUpnyB
ch_3fxyeIK8VQnIFAJADWG1xbxz,2025-09-02 14:56:02,succeeded,599.0,0.0,19.72,579.28,card,,SJ89O2JV-0001,subscription_create,6_month,1,cus_XxRKSLeWlGkcyQ,Amanda Roberts,amanda.roberts@westmark-media.example,Westmark Media LLC,self_serve,it_lead,media,US,sub_1cl2im42E0kgRHDscadgtxz1
ch_3FCh1BaSa9n2bMYQJhAAi7kd,2025-09-02 15:49:09,succeeded,599.0,0.0,15.23,583.77,card,,0JVUWCSZ-0001,subscription_create,6_month,1,cus_fJ5hy7vc5w5IdO,Tom Taylor,tom.taylor@beaconcore-telecom.example,Beaconcore Telecom,self_serve,head_of_wireless,telecom,GB,sub_1y5FWxnv2PSASBTJzBnr1aI2
ch_3QQrI8sI47zk4oTsaBMRPJ3s,2025-09-02 17:09:02,failed,1000.0,0.0,,,card,expired_card,981HTZLW-0003,subscription_cycle,12_month,1,cus_7g0D4Vu81I43MP,Sarah Scott,sarah.scott@bluecore-networks.example,Bluecore Networks LLC,self_serve,network_consultant,network_consulting,US,sub_1334gL0fbyuU5NvDlmYA1Xy5
ch_3WUOeaYCt5E6Yb03YgcPQpqX,2025-09-02 19:03:03,succeeded,599.0,0.0,9.23,589.77,card,,8SBP954O-0003,subscription_cycle,6_month,1,cus_KsPXF7HPCc5cK3,Tobias Schneider,tobias.schneider@summitpoint-foods.example,Summitpoint Foods GmbH,self_serve,it_lead,food_beverage,DE,sub_1E2RbzG9XedC3VVfXahVnv0n
ch_3Cn2XWRT0xT6mxbfizXyFNVq,2025-09-02 20:06:47,succeeded,2000.0,0.0,65.25,1934.75,card,,VFALC9YG-0001,subscription_create,12_month,2,cus_FsznKa47ueXyfo,John Miller,john.miller@inbox.example,,self_serve,network_consultant,network_consulting,US,sub_1bJw0rHwrsQSYY3t0vcrtpw3
ch_3leKh9HYtCQTGiUDpRej6NnB,2025-09-03 14:00:17,succeeded,1000.0,0.0,32.75,967.25,card,,I95ZJUK0-0003,subscription_cycle,12_month,1,cus_GXfGIEAksxidBd,Amanda Jones,amanda.jones@crestlink-warehousing.example,Crestlink Warehousing,self_serve,it_lead,logistics,US,sub_1Oe5ikFZz6yhmlgcV911OfZH
ch_3wHLpwdEuK6YxqaFAO9ggx4M,2025-09-04 06:20:11,succeeded,2000.0,0.0,65.25,1934.75,card,,65OFYNTX-0001,subscription_create,12_month,2,cus_p8AYL8fKjivHXG,Daniel Harris,daniel.harris@blueview-networks.example,Blueview Networks,self_serve,network_consultant,network_consulting,US,sub_1KKLFru3KlXDinq9zx5E5JE5
ch_3GhdSC0k9Eq5nV0VW1u2U3tM,2025-09-04 12:52:14,succeeded,1000.0,0.0,15.25,984.75,card,,44RH4CF3-0003,subscription_cycle,12_month,1,cus_FGag8J8yijxmyZ,Nicolas Leroy,nicolas.leroy@inbox.example,,self_serve,network_consultant,network_consulting,FR,sub_1AqIbqsPTyjao9HSDChvoSmP
ch_3aHZdsvkC6iYioDYIySRr0hJ,2025-09-04 13:44:08,succeeded,1000.0,0.0,15.25,984.75,card,,BNDEFMC8-0002,subscription_cycle,12_month,1,cus_ZFy540CSRS67W4,Lena Wolf,lena.wolf@nordiccore-wireless.example,Nordiccore Wireless,self_serve,network_consultant,network_consulting,AT,sub_1mPDyxCNiWltJK3gdCZo1ZsE
ch_36QCYxg3MEUFSTV2eWMJrVr7,2025-09-04 15:01:42,failed,1000.0,0.0,,,card,expired_card,O3GSNB1O-0002,subscription_cycle,12_month,1,cus_gAcmkpqNt7kCnD,Raj Davis,raj.davis@davis-network-services.example,Davis Network Services LLC,self_serve,network_consultant,network_consulting,US,sub_128lBfuvfg8rUNAYKfWUpnyB
ch_3z6wxNTi0e2ZNzlQdTqzRfgN,2025-09-05 12:13:25,succeeded,1000.0,0.0,32.75,967.25,card,,WTLZJXEW-0003,subscription_cycle,12_month,1,cus_obnwHk5gWSmnBu,Steve White,steve.white@blueworks-clinics.example,Blueworks Clinics Inc.,self_serve,it_lead,healthcare,CA,sub_1EJNbJMy9npTj8TpZliUdkJa
ch_3tWS3qDW0SfnhvsKmu7eSXz1,2025-09-05 15:32:17,succeeded,2000.0,0.0,65.25,1934.75,card,,H5D0BVTV-0002,subscription_cycle,12_month,2,cus_wuwvChWmnmMxlW,Andreas Braun,andreas.braun@postbox.example,,self_serve,network_consultant,network_consulting,CH,sub_1SGdJkJRBI62FTQReUE5NRlZ
ch_3HjFZHlNMAgd7t65al2S3lmQ,2025-09-06 16:18:14,succeeded,2000.0,0.0,30.25,1969.75,card,,8GQX2A1Z-0001,subscription_create,12_month,2,cus_g6kMrIZbtxRrrs,Stefan Schulz,stefan.schulz@bluefield-retail-group.example,Bluefield Retail Group GmbH,self_serve,it_lead,retail,DE,sub_1cskYHwLRTXLbFTr1hqG5rHG
ch_37ObS36v1nKG77XOqDDVgQhD,2025-09-06 18:39:43,succeeded,2000.0,0.0,65.25,1934.75,card,,CYIROZIN-0003,subscription_cycle,12_month,2,cus_0xUDHXG4PIWz7D,Jason Phillips,jason.phillips@balticpoint-managed-services.example,Balticpoint Managed Services,self_serve,head_of_wireless,it_services,US,sub_1vzJ7mB4s29ac8dQJ5HCm72X
ch_38jTyyRvGPTd7p0dx1X3WJ8J,2025-09-07 14:46:02,succeeded,2000.0,0.0,65.25,1934.75,card,,XY8O6O3L-0002,subscription_cycle,12_month,2,cus_yVYNoui2wc2bw3,Robert Campbell,robert.campbell@vertexlink-media.example,Vertexlink Media,self_serve,it_lead,media,US,sub_1umXoM3uWuCgBzIPloCn4TIb
ch_3Hv3hi1zibIJi49RLhGDzfO7,2025-09-07 17:29:04,succeeded,599.0,0.0,19.72,579.28,card,,VA885LX1-0001,subscription_create,6_month,1,cus_xyDYLXdUjJCGhI,Kevin Lee,kevin.lee@brightfield-managed-services.example,Brightfield Managed Services LLC,self_serve,head_of_wireless,it_services,US,sub_1peojDBtxy3kgW0riVD1ZVrb
ch_3wxV6xx9Gu8Gl01YihG72ByE,2025-09-07 21:46:00,succeeded,1000.0,0.0,15.25,984.75,card,,X50O2TWD-0001,subscription_create,12_month,1,cus_9oNft6UKHLdKzA,Lars Madsen,lars.madsen@orbitpeak-warehousing.example,Orbitpeak Warehousing,self_serve,it_lead,logistics,DK,sub_1k2z7Un1cZGv0tF8x9bmv507
ch_33dbhNIwzjYzugDKO7fC6ewc,2025-09-08 07:19:21,succeeded,2000.0,0.0,30.25,1969.75,card,,0WB5IH13-0001,subscription_create,12_month,2,cus_hPqFnw7sksQSxF,Daniel Fischer,daniel.fischer@westcore-technology-group.example,Westcore Technology Group GmbH,self_serve,head_of_wireless,it_services,DE,sub_1nvwCdPNd7HFjPlx3xJCfY2b
ch_3saVOi8WiEDyI0N49B9hRwXd,2025-09-08 09:12:54,succeeded,599.0,0.0,19.72,579.28,card,,SEGX7U67-0001,subscription_create,6_month,1,cus_kEzhoVso2kLjMc,Mark Young,mark.young@westpoint-systems-integration.example,Westpoint Systems Integration LLC,self_serve,head_of_wireless,it_services,US,sub_1XjJ3VbgUCFGtO4dhVvNQu2T
ch_3fuFXnhaCBMZnoEinPiAkfFG,2025-09-08 11:36:16,succeeded,2000.0,0.0,30.25,1969.75,card,,7U6UAK6G-0001,subscription_create,12_month,2,cus_vMjfl5FdZbRVyC,Heidi Hämäläinen,heidi.hamalainen@vertexpath-communications.example,Vertexpath Communications Oy,self_serve,head_of_wireless,telecom,FI,sub_1nYvV3UXygHTMcsksaMzH9HP
ch_3bNUFVeYz0LuYu697HK4FTRW,2025-09-08 12:12:08,succeeded,1000.0,0.0,15.25,984.75,card,,EHKC032G-0003,subscription_cycle,12_month,1,cus_e94f8z2p8NNymg,Wouter Hendriks,wouter.hendriks@hendriks-wireless-consulting.example,Hendriks Wireless Consulting B.V.,self_serve,network_consultant,network_consulting,NL,sub_1KO5vIDxeXJHqxvkKVtydsIg
ch_3lwKR39MnmCHoAdR3Nyiyjzv,2025-09-08 18:23:45,succeeded,1000.0,0.0,6.35,993.65,sepa_debit,,DK8WI8BG-0001,subscription_create,12_month,1,cus_fXNYJUm4hReSPM,Eero Turunen,eero.turunen@maplepoint-warehousing.example,Maplepoint Warehousing Oy,self_serve,it_lead,logistics,FI,sub_1i1x66Op0m39A2w1vEoEp1oo
ch_31rMb37miOwpDiaceO5YyVmD,2025-09-09 00:59:01,failed,1000.0,0.0,,,card,card_declined,EIW2B9YA-0002,subscription_cycle,12_month,1,cus_LjxDPjroBdQoxB,Tobias Zimmermann,tobias.zimmermann@zimmermann-network-services.example,Zimmermann Network Services,self_serve,network_consultant,network_consulting,DE,sub_1xhLjYvWjW5UxxYVmyDVKbhB
ch_3WDc4g89teJkgFBhyUKSvJpA,2025-09-09 15:59:42,failed,1000.0,0.0,,,card,expired_card,O3GSNB1O-0002,subscription_cycle,12_month,1,cus_gAcmkpqNt7kCnD,Raj Davis,raj.davis@davis-network-services.example,Davis Network Services LLC,self_serve,network_consultant,network_consulting,US,sub_128lBfuvfg8rUNAYKfWUpnyB
ch_3pFvDRMbv7LaEfxxkFXc1hI7,2025-09-09 16:28:13,succeeded,1000.0,0.0,15.25,984.75,card,,FQGGPHU0-0001,subscription_create,12_month,1,cus_wCzKOcnhzL7OIM,Sanna Lahtinen,sanna.lahtinen@nordicfield-wi-fi-solutions.example,Nordicfield Wi-Fi Solutions,self_serve,network_consultant,network_consulting,FI,sub_1QPhblqs0G5NAUWf7XpCQr5s
ch_3i50ZBT2fKJol0ySDeKw2HJe,2025-09-10 12:03:42,failed,2000.0,0.0,,,card,expired_card,F5QH1C5G-0002,subscription_cycle,12_month,2,cus_RZGyMYjJ7aiLIs,Jeroen Meijer,jeroen.meijer@cedarbridge-warehousing.example,Cedarbridge Warehousing,self_serve,it_lead,logistics,NL,sub_1BX6nbh2Ei2Ay0asI9GKvhZC
ch_3eykoqLz3n8oE67eRGmAO8zM,2025-09-10 13:06:14,failed,1000.0,0.0,,,card,expired_card,RCCG8K99-0003,subscription_cycle,12_month,1,cus_nrdJehu0T6kTJa,Nils Nilsson,nils.nilsson@postbox.example,,self_serve,network_consultant,network_consulting,SE,sub_1pAgzkvnFfv2bfmqC7nyQHRw
ch_3GNOqZmct7QwsMrUJjKQ0AHE,2025-09-10 16:22:16,succeeded,1000.0,0.0,15.25,984.75,card,,ZJK8VIL7-0001,subscription_create,12_month,1,cus_ZzxJnmMgHBQKqn,Julia Krüger,julia.kruger@balticlink-hotels.example,Balticlink Hotels,self_serve,it_lead,hospitality,DE,sub_1LP7szpTp7AJKdNJA76c6YSu
ch_3VGOzO6KQjhmYx0Zp0109767,2025-09-11 10:32:48,succeeded,1000.0,0.0,15.25,984.75,card,,R2HIRWC3-0001,subscription_create,12_month,1,cus_q10uwlDH4Try0M,Nils Nilsson,nils.nilsson2@postbox.example,,self_serve,network_consultant,network_consulting,SE,sub_1p1Abr5hYWIcMS4bwxtA567N
ch_3e06oek5YgJS0wgRY9nHEhFN,2025-09-11 12:19:45,succeeded,1000.0,0.0,32.75,967.25,card,,Z3RD9PPW-0001,subscription_create,12_month,1,cus_MKBshcpoamXrQ7,Sarah Collins,sarah.collins@collins-network-services.example,Collins Network Services,self_serve,network_consultant,network_consulting,US,sub_1Z1tqWg5kevchAUfcW2r0Wo2
ch_3OrKKlRUGguQfM23TkJSWyyM,2025-09-11 14:08:54,succeeded,1797.0,0.0,27.21,1769.79,card,,XTF3REL0-0002,subscription_cycle,6_month,3,cus_DzCFAs1CBsnDjE,Anna Korhonen,anna.korhonen@beaconbridge-wireless-engineering.example,Beaconbridge Wireless Engineering,self_serve,head_of_wireless,network_consulting,FI,sub_1ehxu2NWLD9C6dHQYzLA6RAc
ch_341U0NOhOlgfSgYddhUiz2Aa,2025-09-12 01:45:01,failed,1000.0,0.0,,,card,card_declined,EIW2B9YA-0002,subscription_cycle,12_month,1,cus_LjxDPjroBdQoxB,Tobias Zimmermann,tobias.zimmermann@zimmermann-network-services.example,Zimmermann Network Services,self_serve,network_consultant,network_consulting,DE,sub_1xhLjYvWjW5UxxYVmyDVKbhB
ch_3UKd8FaxKrKupzTWBowPcRv9,2025-09-12 09:48:31,failed,1000.0,0.0,,,card,card_declined,L90WGRBQ-0001,subscription_create,12_month,1,cus_VXYnbZao85mnvJ,Wouter van Dijk,wouter.vandijk@atlasfield-rf-consulting.example,Atlasfield RF Consulting B.V.,self_serve,network_consultant,network_consulting,NL,sub_1RIweVeGg0vQuDnKh0DnKZ0g
ch_3Uo30zBhkfyiWoGy0Yqm1wMm,2025-09-12 09:52:58,succeeded,1000.0,0.0,15.25,984.75,card,,L90WGRBQ-0001,subscription_create,12_month,1,cus_VXYnbZao85mnvJ,Wouter van Dijk,wouter.vandijk@atlasfield-rf-consulting.example,Atlasfield RF Consulting B.V.,self_serve,network_consultant,network_consulting,NL,sub_1RIweVeGg0vQuDnKh0DnKZ0g
ch_3bL3MCQAo9PhiBUgAeWHr8NE,2025-09-12 10:27:39,succeeded,1000.0,0.0,15.25,984.75,card,,XET173ZO-0002,subscription_cycle,12_month,1,cus_BPM1EDWq2vifNT,Karin Madsen,karin.madsen@granitemark-networks.example,Granitemark Networks,self_serve,network_consultant,network_consulting,SE,sub_1mPUJFh0Doa4fiLrEBlXrFA5
ch_3Mp315ENzTauwQGsx7MPZ9VC,2025-09-12 14:05:40,succeeded,1000.0,0.0,15.25,984.75,card,,KH0J1BUL-0001,subscription_create,12_month,1,cus_iUo5sWqBMekwVa,Dirk Schulz,dirk.schulz@deltapath-networks.example,Deltapath Networks,self_serve,network_consultant,network_consulting,AT,sub_1qyE8F10bIbC0eb1pxcviHAN
ch_3x5Ksgb7h9262QRoa9a3hFNq,2025-09-12 16:27:18,succeeded,599.0,0.0,19.72,579.28,card,,MZ551TS7-0002,subscription_cycle,6_month,1,cus_OVgFlZ5McWSsYm,Kevin Thomas,kevin.thomas@crestfield-logistics.example,Crestfield Logistics,self_serve,it_lead,logistics,US,sub_15vNfXTb2wSDx8cKUf74QjhM
ch_3onq0ZZekUd3pKbHmhG1sf1f,2025-09-12 18:19:49,failed,599.0,0.0,,,card,card_declined,AG8B9BLT-0001,subscription_create,6_month,1,cus_XdVlG06dK3UCIl,Uwe Koch,uwe.koch@nordicstream-construction.example,Nordicstream Construction GmbH,self_serve,it_lead,construction,DE,sub_1RESI0IOEKoJXoc4YuwiyMDB
ch_3Zec7aensMeSgV4GTra1LKXn,2025-09-12 18:23:24,succeeded,599.0,0.0,9.23,589.77,card,,AG8B9BLT-0001,subscription_create,6_month,1,cus_XdVlG06dK3UCIl,Uwe Koch,uwe.koch@nordicstream-construction.example,Nordicstream Construction GmbH,self_serve,it_lead,construction,DE,sub_1RESI0IOEKoJXoc4YuwiyMDB
ch_3UexgWhPj47FVTbZGiM3xTLh,2025-09-12 23:54:40,succeeded,3000.0,0.0,97.75,2902.25,card,,K0XP6INP-0003,subscription_cycle,12_month,3,cus_nCFjbqDnSz11co,Josh Scott,josh.scott@apexpath-technology-group.example,Apexpath Technology Group,self_serve,head_of_wireless,it_services,US,sub_1g1I9gy0n4MEbKUf7f7NJTRs
ch_31oTlc1pquOILNMnkXr30vFF,2025-09-13 13:02:28,succeeded,1000.0,0.0,32.75,967.25,card,,9BDACPXN-0002,subscription_cycle,12_month,1,cus_AZIjeTfXl2eHZm,Olivia Davis,olivia.davis@davis-network-services.example,Davis Network Services Inc.,self_serve,network_consultant,network_consulting,CA,sub_1RoARsNamNK5MAW3zNc0SEKo
ch_3mxxNWfQPwXGCYkElymIAgLH,2025-09-13 13:12:42,succeeded,2000.0,0.0,30.25,1969.75,card,,F5QH1C5G-0002,subscription_cycle,12_month,2,cus_RZGyMYjJ7aiLIs,Jeroen Meijer,jeroen.meijer@cedarbridge-warehousing.example,Cedarbridge Warehousing,self_serve,it_lead,logistics,NL,sub_1BX6nbh2Ei2Ay0asI9GKvhZC
ch_3ikK3blIRej47UpK0214aFgc,2025-09-13 14:00:14,failed,1000.0,0.0,,,card,expired_card,RCCG8K99-0003,subscription_cycle,12_month,1,cus_nrdJehu0T6kTJa,Nils Nilsson,nils.nilsson@postbox.example,,self_serve,network_consultant,network_consulting,SE,sub_1pAgzkvnFfv2bfmqC7nyQHRw
ch_3i01KvlPmNTolp1Rp6SgEViq,2025-09-13 14:56:34,succeeded,1000.0,0.0,32.75,967.25,card,,S9SEAK66-0005,subscription_cycle,12_month,1,cus_dcw8T3i2xbRte5,Rachel Nelson,rachel.nelson@blueline-networks.example,Blueline Networks LLC,self_serve,network_consultant,network_consulting,US,sub_1fDWCAIAXvOVIeaXKtmRI9DV
ch_34ZdX0mXqyvXU5sZu6hYmotx,2025-09-15 10:38:54,succeeded,1000.0,0.0,15.25,984.75,card,,QD6GOPXD-0001,subscription_create,12_month,1,cus_vxTDSicJMfoirM,Kari Laine,kari.laine@mailbox.example,,self_serve,network_consultant,network_consulting,FI,sub_1o06djecfYt3a5ISGJswIJmW
py_3LQYdKtBtvvKREcdPerMDtu0,2025-09-15 14:55:07,succeeded,165000.0,0.0,5.0,164995.0,bank_transfer,,1N2FR0LR-0003,subscription_cycle,enterprise,1,cus_vOOf2SbGKVWrE6,St. Alder Regional Health System,accounts.payable@st-alder-regional-health-system.example,St. Alder Regional Health System,enterprise,,hospital,US,sub_1ejrk26LCXYX7TFG9Bakb5fx
ch_3ZxbjaKnOQJxAYbU5xtlnJY0,2025-09-16 10:18:01,succeeded,599.0,0.0,19.72,579.28,card,,112617JL-0003,subscription_cycle,6_month,1,cus_UrJ3Ozm5GCuNW5,Megan Phillips,megan.phillips@balticpeak-foods.example,Balticpeak Foods LLC,self_serve,it_lead,food_beverage,US,sub_1Ue0lMEaVWihkciitJeQ5WGr
ch_319O27Ft0z5TYjE34xFtIP4P,2025-09-16 16:58:18,succeeded,599.0,0.0,9.23,589.77,card,,UDE25ZDK-0001,subscription_create,6_month,1,cus_G5y62fg7OQZxFm,Petri Mäkelä,petri.makela@granitepoint-telecom.example,Granitepoint Telecom Oy,self_serve,head_of_wireless,telecom,FI,sub_1kPpd5kcxZmVQmm3wTxgQb4r
ch_3c7cp9lf6SpEimJ984oVfW5F,2025-09-16 18:54:40,succeeded,1000.0,0.0,15.25,984.75,card,,11KM54CH-0002,subscription_cycle,12_month,1,cus_WAGX3VciU8IGbB,Marta López,marta.lopez@summitmark-industries.example,Summitmark Industries S.L.,self_serve,it_lead,manufacturing,ES,sub_1UmTmkoTQDSNavTvvtTEiujd
ch_34NcdOcdDVzdp1ENYSvdg8l6,2025-09-17 01:10:01,succeeded,1000.0,0.0,15.25,984.75,card,,EIW2B9YA-0002,subscription_cycle,12_month,1,cus_LjxDPjroBdQoxB,Tobias Zimmermann,tobias.zimmermann@zimmermann-network-services.example,Zimmermann Network Services,self_serve,network_consultant,network_consulting,DE,sub_1xhLjYvWjW5UxxYVmyDVKbhB
ch_3vdPZWdXT9seit4LB42X85nz,2025-09-17 07:17:43,succeeded,1000.0,0.0,25.25,974.75,card,,NHGQ2XJR-0002,subscription_cycle,12_month,1,cus_N30afRy9ph8g2w,John Adams,john.adams@mailbox.example,,self_serve,network_consultant,network_consulting,GB,sub_1mnRBDycjwHrKFDOJ6yCrLZ5
ch_326vTZ09sDLwre1mqZJKfbJ0,2025-09-17 15:27:19,succeeded,1000.0,0.0,15.25,984.75,card,,WHJ80GBR-0001,subscription_create,12_month,1,cus_XuZoQOxkZ1t1Cq,Erik Berg,erik.berg@postbox.example,,self_serve,network_consultant,network_consulting,NO,sub_1ZT6cEAKb5rtL6dGRuEBfc3m
ch_3pT5pVopacrZ3uDqaRBLkRaL,2025-09-18 11:24:27,succeeded,1000.0,0.0,15.25,984.75,card,,RGOTFY3R-0003,subscription_cycle,12_month,1,cus_gwwfmdXQggE0gS,Daniel Edwards,daniel.edwards@postbox.example,,self_serve,network_consultant,network_consulting,IE,sub_1NBOrSaNlB3kCdy0khSDeMcp
ch_3a1xlik8NYS1IJC5Meh961iv,2025-09-18 14:21:14,failed,1000.0,0.0,,,card,expired_card,RCCG8K99-0003,subscription_cycle,12_month,1,cus_nrdJehu0T6kTJa,Nils Nilsson,nils.nilsson@postbox.example,,self_serve,network_consultant,network_consulting,SE,sub_1pAgzkvnFfv2bfmqC7nyQHRw
ch_3H8cgB89zLGRAx4dEwYGC0my,2025-09-18 17:00:33,succeeded,1000.0,0.0,32.75,967.25,card,,RM9NGT1Q-0002,subscription_cycle,12_month,1,cus_O00p7EDFNQfXHy,Robert Johnson,robert.johnson@alpinecore-media.example,Alpinecore Media LLC,self_serve,it_lead,media,US,sub_1CTC2G7At0TwYwRwsPCdiUFb
ch_3CChlWS73EMS8M31ytt80Kfa,2025-09-18 17:34:49,succeeded,1000.0,0.0,15.25,984.75,card,,NPOJPLNW-0001,subscription_create,12_month,1,cus_ojTo9wVLlNY13l,Julie Leroy,julie.leroy@novaview-rf-consulting.example,Novaview RF Consulting,self_serve,network_consultant,network_consulting,FR,sub_1lWiauowLOQteaBfwXaxQIVj
ch_3tyCu0E9NmlooMsCWTtEhfV9,2025-09-19 04:02:18,succeeded,1000.0,0.0,32.75,967.25,card,,I4VZ27EC-0001,subscription_create,12_month,1,cus_T8NkHaMPrFgmor,Chris Kim,chris.kim@balticworks-telecom.example,Balticworks Telecom LLC,self_serve,head_of_wireless,telecom,US,sub_1D9j7rHQk4KfAUWRp28vn5VY
ch_3TD9cUZKQYsiBW7oWmi7XVyu,2025-09-19 19:00:38,succeeded,1198.0,0.0,39.19,1158.81,card,,879MSQD1-0001,subscription_create,6_month,2,cus_z1XhbmfcAckq6F,Raj White,raj.white@maplemark-properties.example,Maplemark Properties LLC,self_serve,it_lead,real_estate,US,sub_1W6SBWRqmPxsIhlmURA0p2AK
ch_3ixf6rbUCFILdfK3iAeUguU7,2025-09-20 15:10:28,succeeded,1000.0,0.0,15.25,984.75,card,,L6YST2MX-0003,subscription_cycle,12_month,1,cus_4yhuaOhdvtfdNQ,Koen Bakker,koen.bakker@orbitpeak-technology-group.example,Orbitpeak Technology Group B.V.,self_serve,head_of_wireless,it_services,NL,sub_1J2Iht9edMkg5MrKD3gj2vED
ch_35smcIqgWKiKQL347GZQquK0,2025-09-20 23:38:38,succeeded,599.0,0.0,9.23,589.77,card,,7RLMRWEJ-0003,subscription_cycle,6_month,1,cus_tJGKYcTcSNE8rb,Uwe Neumann,uwe.neumann@crestgate-industries.example,Crestgate Industries GmbH,self_serve,it_lead,manufacturing,DE,sub_1fZWCDhNgW3FYwGKyLfxPEEF
ch_3QVHSTZn01WJuQODsIwNxfas,2025-09-21 07:43:55,succeeded,599.0,0.0,19.72,579.28,card,,ZBOGHNN2-0001,subscription_create,6_month,1,cus_7CR2nZn6mro685,Brian Phillips,brian.phillips@auroracore-hotels.example,Auroracore Hotels Ltd,self_serve,it_lead,hospitality,NZ,sub_1LGMvjDW7taPnIyXczGdW874
ch_3ASt1DEgjzC0I8hkDTwolHvh,2025-09-21 12:46:15,succeeded,2000.0,0.0,65.25,1934.75,card,,NOQHSK8C-0004,subscription_cycle,12_month,2,cus_sFrZCDlhI4Iy51,Kate Jackson,kate.jackson@mailbox.example,,self_serve,network_consultant,network_consulting,NZ,sub_1h4nzijPTaVCGoaO22SeIrOo
ch_3aNEUqzvvtxNYzKjczaD0qBS,2025-09-22 12:35:41,succeeded,599.0,0.0,19.72,579.28,card,,7WW47QJA-0001,subscription_create,6_month,1,cus_8mwEGMb3YQHlPC,Laura Roberts,laura.roberts@deltaline-properties.example,Deltaline Properties Pty Ltd,self_serve,it_lead,real_estate,AU,sub_1JwkCh5lritDT0NgsmyoAWS7
ch_39KakKcPHAIFsUNfHUY2sHCV,2025-09-22 20:47:18,failed,1000.0,0.0,,,card,expired_card,IGMUAY8W-0003,subscription_cycle,12_month,1,cus_rYqHEPu7HA9C2n,Matteo Bruno,matteo.bruno@northmark-properties.example,Northmark Properties S.r.l.,self_serve,it_lead,real_estate,IT,sub_1ZEXiAZRi3zogVSzzCt5kqkg
ch_3pjbor4rB5Tj2LS0gWklx1ns,2025-09-23 03:50:47,succeeded,1000.0,0.0,25.25,974.75,card,,WCIRCIHD-0002,subscription_cycle,12_month,1,cus_GJGt6oghUkLU0X,Robert Baker,robert.baker@ironpoint-foods.example,Ironpoint Foods,self_serve,it_lead,food_beverage,GB,sub_187JPLoV1DwsNnspJvWzaV0w
ch_36hModyl8RgVnelV9DYeTiYt,2025-09-23 12:09:39,succeeded,599.0,0.0,19.72,579.28,card,,C37GTSB3-0002,subscription_cycle,6_month,1,cus_A30lWylRZDfxaM,Paul Campbell,paul.campbell@greengate-wi-fi-solutions.example,Greengate Wi-Fi Solutions,self_serve,network_consultant,network_consulting,US,sub_1PFlqeWBQHUhTQ02aYucPRAM
ch_3ZAWQugthbSCMYq5JRYPqtlL,2025-09-23 12:46:36,succeeded,1198.0,0.0,18.22,1179.78,card,,GL40LTUP-0001,subscription_create,6_month,2,cus_loZxm9GUx4NQky,Mats Pedersen,mats.pedersen@alpinestream-foods.example,Alpinestream Foods AB,self_serve,it_lead,food_beverage,SE,sub_157lPCnUdV3Uip2YgQkeim6k
ch_342Jw74k1V8f00MVTEaxlLcA,2025-09-24 08:00:00,succeeded,2000.0,0.0,65.25,1934.75,card,,8SZNPL2Q-0001,subscription_create,12_month,2,cus_fJMysxsNiYbPbw,Ahmed Evans,ahmed.evans@aurorapath-rf-consulting.example,Aurorapath RF Consulting,self_serve,network_consultant,network_consulting,US,sub_1RfBVKk4uSe7cMzblR6lLtQ7
ch_3IEJGXc6pHQrixgchoqzBmXb,2025-09-24 13:03:22,succeeded,3000.0,0.0,97.75,2902.25,card,,8KP73EYJ-0001,subscription_create,12_month,3,cus_0Ef1BwFo218LoJ,Eric Green,eric.green@vertexlink-communications.example,Vertexlink Communications,self_serve,head_of_wireless,telecom,US,sub_1uRrEqB69neg7cRLuXCA37Lv
ch_3655QR4eDWQIMyWo9l9nUhZQ,2025-09-24 13:25:39,succeeded,3000.0,0.0,45.25,2954.75,card,,B3GGTXWL-0001,subscription_create,12_month,3,cus_kRTMDTbKGBjpo6,Sami Ahonen,sami.ahonen@cedarport-clinics.example,Cedarport Clinics Oy,self_serve,it_lead,healthcare,FI,sub_1rXFR1bawRmWxvGItjDZYlAf
ch_3mLCY2rXFgDCfcV0YIXwUN9C,2025-09-24 15:23:54,succeeded,1797.0,0.0,27.21,1769.79,card,,2CYSZTWY-0001,subscription_create,6_month,3,cus_UBodzPdBywd7QZ,Tuomas Ahonen,tuomas.ahonen@polargate-warehousing.example,Polargate Warehousing Oy,self_serve,it_lead,logistics,FI,sub_1YzYcRPpBiJmIeBb7U4R3YM0
ch_3p9MbaqrjBjiWMtCz70o1i6v,2025-09-24 17:27:25,failed,3000.0,0.0,,,card,card_declined,SVLG8LDU-0002,subscription_cycle,12_month,3,cus_YhWhQSedwWM6ps,Rachel Moore,rachel.moore@lumenfield-systems-integration.example,Lumenfield Systems Integration,self_serve,head_of_wireless,it_services,AU,sub_1L8mfnLTAEOlsHndZvsXH1p3
ch_3pwgJO6jJJtHu1WCGTHpCo8X,2025-09-25 18:22:22,succeeded,1000.0,0.0,15.25,984.75,card,,86YG2PAZ-0001,subscription_create,12_month,1,cus_qBynS9iYp83ptr,Femke Meijer,femke.meijer@novagate-telecom.example,Novagate Telecom B.V.,self_serve,head_of_wireless,telecom,NL,sub_1Hf2bJrd0FZuIx6dpdQbZKTT
ch_326swIRZp3tG5mtcHZvYxeED,2025-09-25 21:15:18,failed,1000.0,0.0,,,card,expired_card,IGMUAY8W-0003,subscription_cycle,12_month,1,cus_rYqHEPu7HA9C2n,Matteo Bruno,matteo.bruno@northmark-properties.example,Northmark Properties S.r.l.,self_serve,it_lead,real_estate,IT,sub_1ZEXiAZRi3zogVSzzCt5kqkg
ch_3Ldk884thfOlV76suIyjOSPF,2025-09-26 10:01:22,succeeded,1198.0,0.0,39.19,1158.81,card,,TI95LGRF-0001,subscription_create,6_month,2,cus_gUVAitzDXFjMnk,Carlos Lee,carlos.lee@vertexworks-foods.example,Vertexworks Foods LLC,self_serve,it_lead,food_beverage,US,sub_1lb4S1sSMtIWnw0SYIFZy7me
ch_3MqT5qNmPtWo5I7EWwa52He2,2025-09-26 11:18:52,succeeded,1000.0,0.0,32.75,967.25,card,,ARD2427K-0001,subscription_create,12_month,1,cus_D1zASsh1CQyOZZ,Megan Nguyen,megan.nguyen@summitlink-wireless.example,Summitlink Wireless LLC,self_serve,network_consultant,network_consulting,US,sub_1x7xCRKtQ5EwmJ2VpkUkQAYE
ch_3Ik5DxZfSvaXYxoR9o9Z4IZe,2025-09-26 17:49:58,succeeded,599.0,0.0,19.72,579.28,card,,RR684SDV-0001,subscription_create,6_month,1,cus_9a3inovvZbbhpg,Ben Nelson,ben.nelson@balticwave-rf-consulting.example,Balticwave RF Consulting,self_serve,network_consultant,network_consulting,NZ,sub_1SyHLoHYPfX1rR9TepqrU69P
ch_3nM0jBNtN9PtTdjBB4MET5dK,2025-09-27 11:53:57,succeeded,2000.0,0.0,30.25,1969.75,card,,P0Q18VWU-0002,subscription_cycle,12_month,2,cus_49RYiJy11h3dCf,Alejandro Moreno,alejandro.moreno@signalport-technology-group.example,Signalport Technology Group,self_serve,head_of_wireless,it_services,ES,sub_1VfcYx2VGMPL9xy0mgwGfUN2
ch_3TablkcVUrDjmfzbEEEq83yB,2025-09-27 14:32:37,failed,2000.0,0.0,,,card,expired_card,TXTSULQL-0002,subscription_cycle,12_month,2,cus_UgDnjCoLTshp1d,Kari Heikkinen,kari.heikkinen@postbox.example,,self_serve,network_consultant,network_consulting,FI,sub_15DrjimIjHYhUwkqHad0Gp0M
ch_3tP2L9GvdClFUUseWQ8LuxhQ,2025-09-27 17:27:25,succeeded,1000.0,0.0,32.75,967.25,card,,LOTEBBD1-0002,subscription_cycle,12_month,1,cus_m0ddby8kYhnAeM,Carlos Nelson,carlos.nelson@atlasstream-retail-group.example,Atlasstream Retail Group,self_serve,it_lead,retail,US,sub_1rbDZnqacZpklEXLlWfVaErJ
ch_3frC8JEDFbNXn9bexAgnzyOt,2025-09-27 18:05:25,failed,3000.0,0.0,,,card,card_declined,SVLG8LDU-0002,subscription_cycle,12_month,3,cus_YhWhQSedwWM6ps,Rachel Moore,rachel.moore@lumenfield-systems-integration.example,Lumenfield Systems Integration,self_serve,head_of_wireless,it_services,AU,sub_1L8mfnLTAEOlsHndZvsXH1p3
ch_3L6fL7pmhbWJCl399MmdKrKB,2025-09-28 08:18:50,succeeded,1000.0,0.0,32.75,967.25,card,,XDVJO63A-0003,subscription_cycle,12_month,1,cus_3bl51DzMrPbaKT,Robert Adams,robert.adams@greenport-foods.example,Greenport Foods Pty Ltd,self_serve,it_lead,food_beverage,AU,sub_1h7Ftdj7qV9Dq3YtetT3RJxH
ch_3Xtp2b1eIQTS2HDOBGGERosM,2025-09-28 13:28:10,succeeded,2000.0,0.0,30.25,1969.75,card,,IQSO0EZQ-0002,subscription_cycle,12_month,2,cus_iGFeG3ubh1Csay,Chiara Russo,chiara.russo@greenmark-partners.example,Greenmark Partners S.r.l.,self_serve,it_lead,professional_services,IT,sub_1PFaOndJnRsiYzSZrz4lEXSe
ch_3qelf29E7lhxd0DzBzFW3cuK,2025-09-29 11:53:40,succeeded,599.0,0.0,9.23,589.77,card,,NEOUB6D4-0001,subscription_create,6_month,1,cus_O6IYxIAvHte2Cy,Michael Klein,michael.klein@stonepeak-technology-group.example,Stonepeak Technology Group GmbH,self_serve,head_of_wireless,it_services,DE,sub_1XVUyAR0uh84KLu1FvYDv9x9
ch_3YLhingBA5k7IJRpdZ1xOK0J,2025-09-29 13:43:59,failed,1000.0,0.0,,,card,card_declined,3ROQ98SU-0003,subscription_cycle,12_month,1,cus_vDLr2xIXmH3Doo,Daniel Thomas,daniel.thomas@greenfield-properties.example,Greenfield Properties LLC,self_serve,it_lead,real_estate,US,sub_11gyqFVBwqkI8zYgXUoBJxQi
ch_3cXtIXCoXngV3cjH9bavotN7,2025-09-30 15:21:37,failed,2000.0,0.0,,,card,expired_card,TXTSULQL-0002,subscription_cycle,12_month,2,cus_UgDnjCoLTshp1d,Kari Heikkinen,kari.heikkinen@postbox.example,,self_serve,network_consultant,network_consulting,FI,sub_15DrjimIjHYhUwkqHad0Gp0M
ch_3HqJNKiCSlmSSoiINdHpN5N9,2025-09-30 20:17:49,succeeded,1000.0,0.0,32.75,967.25,card,,7QP1Q607-0001,subscription_create,12_month,1,cus_2ofGXHzV5Na3MH,Eric Green,eric.green@stonewave-foods.example,Stonewave Foods Pty Ltd,self_serve,it_lead,food_beverage,AU,sub_10sgGkHPi5oqPfnNew5YdC82
ch_3Peb1rxVHf6ebvfwJzIsdoZZ,2025-09-30 21:59:18,failed,1000.0,0.0,,,card,expired_card,IGMUAY8W-0003,subscription_cycle,12_month,1,cus_rYqHEPu7HA9C2n,Matteo Bruno,matteo.bruno@northmark-properties.example,Northmark Properties S.r.l.,self_serve,it_lead,real_estate,IT,sub_1ZEXiAZRi3zogVSzzCt5kqkg
ch_3S8x6RjER6jK6r1efiGlXX7Q,2025-10-01 03:52:24,succeeded,2000.0,0.0,65.25,1934.75,card,,8AIX45SX-0001,subscription_create,12_month,2,cus_zKbcNZcl6jUB2M,Daniel Brown,daniel.brown@atlaspoint-communications.example,Atlaspoint Communications LLC,self_serve,head_of_wireless,telecom,US,sub_14n6zLBTvMNXwdYMScHLTjGx
ch_3wPyzutXRAeGfMvuQZ09XQR9,2025-10-02 08:14:23,succeeded,1000.0,0.0,15.25,984.75,card,,EYPHYVIC-0001,subscription_create,12_month,1,cus_d3mlh7HvX52Qem,Dirk Weber,dirk.weber@balticlink-retail-group.example,Balticlink Retail Group,self_serve,it_lead,retail,DE,sub_1RrRLbg3f1DV5LHT7il2pTld
ch_3f4YE3N6doaFM0ktbSQZxufW,2025-10-02 14:23:12,failed,1000.0,0.0,,,card,expired_card,X3IJL3GB-0002,subscription_cycle,12_month,1,cus_Rlqp84TKkqD2uR,Andrea Conti,andrea.conti@conti-network-services.example,Conti Network Services S.r.l.,self_serve,network_consultant,network_consulting,IT,sub_1Sc7wx5K1jPplIWaS4URoSfo
ch_3QZJJy7coDg4GHcQMlIhASSu,2025-10-02 14:34:59,succeeded,1000.0,0.0,32.75,967.25,card,,3ROQ98SU-0003,subscription_cycle,12_month,1,cus_vDLr2xIXmH3Doo,Daniel Thomas,daniel.thomas@greenfield-properties.example,Greenfield Properties LLC,self_serve,it_lead,real_estate,US,sub_11gyqFVBwqkI8zYgXUoBJxQi
ch_3MYSkqNbh8USnvuHkA0qWD2e,2025-10-02 17:25:37,failed,1000.0,0.0,,,card,expired_card,GIEA9MIV-0003,subscription_cycle,12_month,1,cus_cZ5B9qtfjvi5qU,David Harris,david.harris@polarstream-foods.example,Polarstream Foods,self_serve,it_lead,food_beverage,GB,sub_1TglFAhlOxFXz53EF6kPmaFx
ch_3b0R6WYZaY45HeMFwA9eEmM3,2025-10-02 18:31:25,failed,3000.0,0.0,,,card,card_declined,SVLG8LDU-0002,subscription_cycle,12_month,3,cus_YhWhQSedwWM6ps,Rachel Moore,rachel.moore@lumenfield-systems-integration.example,Lumenfield Systems Integration,self_serve,head_of_wireless,it_services,AU,sub_1L8mfnLTAEOlsHndZvsXH1p3
ch_3mXbBlEr1rWUxqj13XlD4uBA,2025-10-03 13:31:28,succeeded,1000.0,0.0,15.25,984.75,card,,8UM04GGI-0001,subscription_create,12_month,1,cus_q0Ehc20IpV9KrR,Matthias Weber,matthias.weber@polargate-schools.example,Polargate Schools GmbH,self_serve,it_lead,education,AT,sub_1cBVzB9Td4e5JRwOS9BJtbZ5
ch_38evzVoKDnnR353b3ZevjAMj,2025-10-03 15:48:03,succeeded,599.0,0.0,9.23,589.77,card,,SR02P9S3-0001,subscription_create,6_month,1,cus_mAl4BG6CeTl9nZ,Antti Ahonen,antti.ahonen@westmark-wireless.example,Westmark Wireless Oy,self_serve,network_consultant,network_consulting,FI,sub_1nTDgAM0Lvgm35m1UIvPUQZE
ch_3si5POgvLZfNLQKcej1HsXE9,2025-10-03 17:53:07,succeeded,1000.0,0.0,32.75,967.25,card,,VZ6DMSA3-0001,subscription_create,12_month,1,cus_IAJRR9XiV3qinv,Wei Brown,wei.brown@postbox.example,,self_serve,network_consultant,network_consulting,US,sub_1Sr66tVH4HM0Nj33rvQjyJyZ
ch_3HMJOnHP6ygt3gCv1EzsUCpD,2025-10-04 09:16:10,succeeded,1198.0,0.0,18.22,1179.78,card,,8KK58QVR-0004,subscription_cycle,6_month,2,cus_cQlnMEnClb6AzP,Julie Rousseau,julie.rousseau@westworks-networks.example,Westworks Networks SAS,self_serve,network_consultant,network_consulting,FR,sub_1jr2XU0QpBg8H5wkazIKyy4W
ch_3kNBsU7dUkFcGrzFlGjOtgAp,2025-10-04 12:25:54,succeeded,1198.0,0.0,18.22,1179.78,card,,TEK1OA51-0001,subscription_create,6_month,2,cus_cYBwtgWzurR8vH,Jonas Sørensen,jonas.sorensen@stonecore-construction.example,Stonecore Construction,self_serve,it_lead,construction,DK,sub_1sATgHgKp4tA8PhHIMzAZzo3
ch_39RRNpXayUQEUp9iujRdQteh,2025-10-05 11:20:15,succeeded,1000.0,0.0,15.25,984.75,card,,Z2RIMSI6-0003,subscription_cycle,12_month,1,cus_qyyg9NSApXtw98,María Ruiz,maria.ruiz@ruiz-network-services.example,Ruiz Network Services,self_serve,network_consultant,network_consulting,ES,sub_10cHLU9ir7ULl7b4XTLc1fP4
ch_3UAZ3zPqtrvRvfOyOLO6QA5k,2025-10-05 14:47:37,failed,2000.0,0.0,,,card,expired_card,TXTSULQL-0002,subscription_cycle,12_month,2,cus_UgDnjCoLTshp1d,Kari Heikkinen,kari.heikkinen@postbox.example,,self_serve,network_consultant,network_consulting,FI,sub_15DrjimIjHYhUwkqHad0Gp0M
ch_33QAht6bDBlnBc4wo3IBHwaA,2025-10-05 15:51:12,failed,1000.0,0.0,,,card,expired_card,X3IJL3GB-0002,subscription_cycle,12_month,1,cus_Rlqp84TKkqD2uR,Andrea Conti,andrea.conti@conti-network-services.example,Conti Network Services S.r.l.,self_serve,network_consultant,network_consulting,IT,sub_1Sc7wx5K1jPplIWaS4URoSfo
ch_3JWrNlIAbTWLijnsD1nLRomp,2025-10-05 17:54:37,succeeded,1000.0,0.0,25.25,974.75,card,,GIEA9MIV-0003,subscription_cycle,12_month,1,cus_cZ5B9qtfjvi5qU,David Harris,david.harris@polarstream-foods.example,Polarstream Foods,self_serve,it_lead,food_beverage,GB,sub_1TglFAhlOxFXz53EF6kPmaFx
ch_3od4lbhwfkiqa6haJ2rhDPYR,2025-10-06 08:59:00,succeeded,2000.0,0.0,30.25,1969.75,card,,KG7RTN9Q-0002,subscription_cycle,12_month,2,cus_n6gLHQm0WH4gAg,Jonas Nilsson,jonas.nilsson@atlasview-rf-consulting.example,Atlasview RF Consulting,self_serve,network_consultant,network_consulting,SE,sub_1DQkPlwJudoXe7xtgUup4b3x
ch_3a21bUxPGTTBU40NDtIgOt5Q,2025-10-06 10:35:39,succeeded,1000.0,0.0,32.75,967.25,card,,KSJH2ORT-0001,subscription_create,12_month,1,cus_OkYDq15Y5WpI4U,Raj Carter,raj.carter@balticpoint-warehousing.example,Balticpoint Warehousing,self_serve,it_lead,logistics,US,sub_1pmBEDNQqQNS9c1QflU6FGCF
ch_373QCCZScO9LqJvcwAsgMmAH,2025-10-06 14:17:36,succeeded,599.0,0.0,9.23,589.77,card,,VKMPPKJV-0002,subscription_cycle,6_month,1,cus_8zwz9Oj3vA3Bae,Niels Bos,niels.bos@apexpoint-industries.example,Apexpoint Industries B.V.,self_serve,it_lead,manufacturing,NL,sub_1ZIBwVlj9qqTwR1na9tgxIFB
ch_3jrxClzN7YSYZuCPveMs1YyZ,2025-10-06 17:36:12,succeeded,1198.0,0.0,39.19,1158.81,card,,SWACVJXJ-0001,subscription_create,6_month,2,cus_dVfFRgIE3AowNZ,Kate White,kate.white@orbitpeak-construction.example,Orbitpeak Construction LLC,self_serve,it_lead,construction,US,sub_122POulwctFvAhusxy2yWmoM
ch_3GziS2Rp9ejxjHEvbPDVA6JJ,2025-10-07 08:22:05,succeeded,1000.0,0.0,15.25,984.75,card,,EHYWZQNX-0001,subscription_create,12_month,1,cus_bn8eYzywJNQcum,Dirk Fischer,dirk.fischer@brightworks-foods.example,Brightworks Foods GmbH,self_serve,it_lead,food_beverage,DE,sub_1FTpugrLnr2M3EH4QYAD4ak4
ch_3J27hCrC302RRnHXFbjWUtaN,2025-10-08 02:04:02,failed,3000.0,0.0,,,card,card_declined,VOFS0FMA-0001,subscription_create,12_month,3,cus_RjtBMoDqugw3Qh,Amanda Miller,amanda.miller@apexpoint-managed-services.example,Apexpoint Managed Services LLC,self_serve,head_of_wireless,it_services,US,sub_17ttWKTdWJ8gVk8cr0azUbd3
ch_3gNkrMnUKBNS20obGwTQeUAa,2025-10-08 02:08:01,succeeded,3000.0,0.0,97.75,2902.25,card,,VOFS0FMA-0001,subscription_create,12_month,3,cus_RjtBMoDqugw3Qh,Amanda Miller,amanda.miller@apexpoint-managed-services.example,Apexpoint Managed Services LLC,self_serve,head_of_wireless,it_services,US,sub_17ttWKTdWJ8gVk8cr0azUbd3
ch_3kVLiKQL2XcMTm49uGerj99y,2025-10-08 13:44:48,succeeded,2000.0,0.0,65.25,1934.75,card,,UEKPWOE4-0002,subscription_cycle,12_month,2,cus_NGqPlswAHDy1Pz,Michael Baker,michael.baker@baker-network-services.example,Baker Network Services LLC,self_serve,network_consultant,network_consulting,US,sub_1ixm5wcG1o78P5PKNa6Hj4TT
ch_3p6mU3gOPvPYL9iN449RIWsp,2025-10-08 17:01:44,succeeded,599.0,0.0,5.14,593.86,sepa_debit,,H97SHB32-0001,subscription_create,6_month,1,cus_eX09TXkE5oqOan,Pierre Fournier,pierre.fournier@postbox.example,,self_serve,network_consultant,network_consulting,FR,sub_1fWeB1W5rhiWey2mxhoQXcJe
ch_3mHsmjR9tuhG9zpB0AnNeX2O,2025-10-09 05:42:57,failed,599.0,0.0,,,card,card_declined,Q6YBSU8R-0002,subscription_cycle,6_month,1,cus_YEEkzEB3fIeeJl,Erik Dahl,erik.dahl@northline-retail-group.example,Northline Retail Group AB,self_serve,it_lead,retail,SE,sub_11WU1AlhQZlPp1V7PuNZmMxk
ch_3cgbQk7qv6jG1IChRfaw67G0,2025-10-09 11:37:45,succeeded,1000.0,0.0,15.25,984.75,card,,8V0CJ17R-0005,subscription_cycle,12_month,1,cus_VXhOp91qtLkvNU,Florian Weber,florian.weber@greenlink-it-solutions.example,Greenlink IT Solutions GmbH,self_serve,head_of_wireless,it_services,DE,sub_1zDgQl9VkUyBiWA37lKPNpli
ch_3wqFVMcspnLZCwmEjlm0Kyq7,2025-10-09 14:29:12,succeeded,599.0,0.0,9.23,589.77,card,,V8PJU90E-0003,subscription_cycle,6_month,1,cus_ix2xo6AtL35MbC,Antti Nieminen,antti.nieminen@inbox.example,,self_serve,network_consultant,network_consulting,FI,sub_1MHd7SPTpXcAx8a8i27JVurq
ch_3dr2QC9rff9nMcBMvS7tuQnD,2025-10-09 22:11:17,succeeded,1198.0,0.0,39.19,1158.81,card,,KVB1SZND-0001,subscription_create,6_month,2,cus_KN22Uit4gd3vpu,Kevin Clark,kevin.clark@auroramark-industries.example,Auroramark Industries,self_serve,it_lead,manufacturing,US,sub_1AkzLgxVIfVmKPuJs0usU2jp
ch_3yqFfOwYL40VM3O2EXkadD4h,2025-10-10 09:43:05,succeeded,1000.0,0.0,32.75,967.25,card,,670N7R8N-0002,subscription_cycle,12_month,1,cus_chKYPYRFPY3NNZ,Rachel Campbell,rachel.campbell@granitepeak-wi-fi-solutions.example,Granitepeak Wi-Fi Solutions LLC,self_serve,network_consultant,network_consulting,US,sub_1iPzTVybBlvtCZRAgciaKLzy
ch_356rqEkFHNWjLIsCDiPkZKAs,2025-10-10 11:05:57,succeeded,2000.0,0.0,65.25,1934.75,card,,FB0PIEGU-0003,subscription_cycle,12_month,2,cus_1Jof48xevpHbBA,Daniel Williams,daniel.williams@balticwave-industries.example,Balticwave Industries Pty Ltd,self_serve,it_lead,manufacturing,AU,sub_1e6Lvc2CP9TSDNAoLr1t8RWH
ch_3sfGLbsYHykDjEJURwugg4vn,2025-10-10 15:07:12,failed,1000.0,0.0,,,card,expired_card,X3IJL3GB-0002,subscription_cycle,12_month,1,cus_Rlqp84TKkqD2uR,Andrea Conti,andrea.conti@conti-network-services.example,Conti Network Services S.r.l.,self_serve,network_consultant,network_consulting,IT,sub_1Sc7wx5K1jPplIWaS4URoSfo
ch_3lUQeKc9K2Rc8vHuMrV7sFWD,2025-10-11 09:35:20,succeeded,1198.0,0.0,39.19,1158.81,card,,XKCB0OCE-0003,subscription_cycle,6_month,2,cus_hKhjgZSdBuOnwF,Brian Anderson,brian.anderson@maplewave-managed-services.example,Maplewave Managed Services,self_serve,head_of_wireless,it_services,US,sub_19N69fQp1Sxq42ZsAleJM2OT
ch_30zNQgZTnSPz9dRy9VqQHwVd,2025-10-12 06:59:57,failed,599.0,0.0,,,card,card_declined,Q6YBSU8R-0002,subscription_cycle,6_month,1,cus_YEEkzEB3fIeeJl,Erik Dahl,erik.dahl@northline-retail-group.example,Northline Retail Group AB,self_serve,it_lead,retail,SE,sub_11WU1AlhQZlPp1V7PuNZmMxk
ch_3fwNbhzFXpxgiLd9nEEEqt4c,2025-10-12 09:47:54,succeeded,2000.0,0.0,30.25,1969.75,card,,CTT7N062-0003,subscription_cycle,12_month,2,cus_rGPzkojL0To5rQ,Romain Fontaine,romain.fontaine@orbitbridge-construction.example,Orbitbridge Construction,self_serve,it_lead,construction,FR,sub_137y1kFzPbRciCPdaj018qDp
ch_3aO8L1PhwpY1t1AkTWsydmIu,2025-10-12 10:53:35,failed,5000.0,0.0,,,card,expired_card,IWY7ZSMJ-0003,subscription_cycle,12_month,5,cus_qxLepgwWR0rjDx,Carlos Walker,carlos.walker@balticline-managed-services.example,Balticline Managed Services,self_serve,head_of_wireless,it_services,US,sub_1F4yRgImspJPAO3jnSYL40so
ch_37YS5keGupBbl7jQhszwDRTz,2025-10-13 15:49:07,succeeded,599.0,0.0,19.72,579.28,card,,B0FX1K2I-0006,subscription_cycle,6_month,1,cus_x6iXaIzSNfPNvw,Rachel King,rachel.king@nordicworks-rf-consulting.example,Nordicworks RF Consulting,self_serve,network_consultant,network_consulting,US,sub_1kAoy2ozPOT3RhfAgMG5DsmK
ch_3nbpgHrFRlRjXwDfe3uordI7,2025-10-13 21:59:40,succeeded,1000.0,0.0,15.25,984.75,card,,06IB9EME-0002,subscription_cycle,12_month,1,cus_yZ8LLFdlKD7gQk,Ben Patel,ben.patel@silverfield-rf-consulting.example,Silverfield RF Consulting Ltd,self_serve,network_consultant,network_consulting,IE,sub_1AQ61CcqRRbJMm1LuZWuDCfE
ch_3teOke9CY7mY8cEr5KzhG2M8,2025-10-15 06:49:54,succeeded,1000.0,0.0,15.25,984.75,card,,4UU9WBEY-0001,subscription_create,12_month,1,cus_BzSNX5E1GL6eIL,Bas Jansen,bas.jansen@atlascore-wi-fi-solutions.example,Atlascore Wi-Fi Solutions,self_serve,network_consultant,network_consulting,NL,sub_1iE3oLOfrbGQToecKCa3zprQ
ch_3zw4lwR0eqfjVZxtVMCDMV8n,2025-10-15 11:16:35,succeeded,5000.0,0.0,162.75,4837.25,card,,IWY7ZSMJ-0003,subscription_cycle,12_month,5,cus_qxLepgwWR0rjDx,Carlos Walker,carlos.walker@balticline-managed-services.example,Balticline Managed Services,self_serve,head_of_wireless,it_services,US,sub_1F4yRgImspJPAO3jnSYL40so
ch_3Fkoggc97vYpHgOQi707BK5W,2025-10-16 05:57:14,succeeded,1000.0,0.0,32.75,967.25,card,,VQ7DH7Z0-0002,subscription_cycle,12_month,1,cus_GIMADe2QEvHusA,Megan Phillips,megan.phillips@apexpeak-networks.example,Apexpeak Networks,self_serve,network_consultant,network_consulting,US,sub_1rFuEBjfX8zyrMilXM0lhX0a
ch_3TyWyKZfaMdFQkXZAs5G05zP,2025-10-16 07:06:44,succeeded,3000.0,0.0,97.75,2902.25,card,,AXYDA0U1-0001,subscription_create,12_month,3,cus_7uVeQqPjCEyeiV,Steve Adams,steve.adams@polarfield-it-solutions.example,Polarfield IT Solutions LLC,self_serve,head_of_wireless,it_services,US,sub_1bkhHRhJZvcSsOyDAWNqi2tR
ch_3WZDmIftnBIB3LaX1kPDjJPR,2025-10-16 08:10:28,succeeded,1000.0,0.0,15.25,984.75,card,,5P5YQTQE-0003,subscription_cycle,12_month,1,cus_UNzQj1YRhDvnxw,Heidi Kinnunen,heidi.kinnunen@brightfield-wireless.example,Brightfield Wireless Oy,self_serve,network_consultant,network_consulting,FI,sub_1sL3JV25AE5eyDiphy2g08zA
ch_3qKnFM0GMYSgmV8YJSE1BZTW,2025-10-16 17:44:58,succeeded,1000.0,0.0,15.25,984.75,card,,UTMF6E0R-0001,subscription_create,12_month,1,cus_WiTyo4smq1iFwh,Matteo Costa,matteo.costa@inbox.example,,self_serve,network_consultant,network_consulting,IT,sub_1r9i1Hg1tP6BDn6uimeAhaUb
ch_3YbqHUnpgYoekhhy3rbBd5qa,2025-10-17 06:46:57,failed,599.0,0.0,,,card,card_declined,Q6YBSU8R-0002,subscription_cycle,6_month,1,cus_YEEkzEB3fIeeJl,Erik Dahl,erik.dahl@northline-retail-group.example,Northline Retail Group AB,self_serve,it_lead,retail,SE,sub_11WU1AlhQZlPp1V7PuNZmMxk
ch_3BLJ6t83usr8ct1onwFBqFp4,2025-10-17 07:46:48,succeeded,599.0,0.0,9.23,589.77,card,,KDO8X1CT-0003,subscription_cycle,6_month,1,cus_fJT9FslIFyiKOU,Nils Lindqvist,nils.lindqvist@silvergate-rf-consulting.example,Silvergate RF Consulting AB,self_serve,network_consultant,network_consulting,SE,sub_1kVBsWUe3Z29rSInP5lJZRMu
ch_3Ge8hjJlKZ5qBPknARoRnKhc,2025-10-17 11:42:56,succeeded,1000.0,0.0,25.25,974.75,card,,OT69G2BX-0001,subscription_create,12_month,1,cus_wY4yh1yyRh5MbL,Amanda Jackson,amanda.jackson@pinemark-partners.example,Pinemark Partners Ltd,self_serve,it_lead,professional_services,GB,sub_1LLDvekDwMBkdHugvdYDyHKu
ch_3Rd2AWyeoLr5mFEIRnEb9VvP,2025-10-17 14:44:16,succeeded,1000.0,0.0,15.25,984.75,card,,VLDG5VXX-0001,subscription_create,12_month,1,cus_N91M35qOG7Zvux,Claire Mercier,claire.mercier@balticpeak-wi-fi-solutions.example,Balticpeak Wi-Fi Solutions SAS,self_serve,network_consultant,network_consulting,FR,sub_1IHlIAFl8LAKRLoDq3Dd4fTB
ch_3zpSBX4XBz6O8GkdWctBAI8d,2025-10-18 07:51:14,succeeded,599.0,0.0,19.72,579.28,card,,BS0DXYON-0002,subscription_cycle,6_month,1,cus_Axs0RlRpI3oCt5,Chris Carter,chris.carter@graniteport-networks.example,Graniteport Networks Ltd,self_serve,network_consultant,network_consulting,NZ,sub_1o37p5peIZwUcNMbOhWUQRo8
ch_3hcIu4rIJTwZ4nsHOJ8Ku9NV,2025-10-18 10:29:23,succeeded,2000.0,0.0,65.25,1934.75,card,,P0NX83AN-0004,subscription_cycle,12_month,2,cus_uXSyPDyKb2yIMt,Kevin Kim,kevin.kim@westview-rf-consulting.example,Westview RF Consulting Pty Ltd,self_serve,network_consultant,network_consulting,AU,sub_1RX8mnzWP1kjviAqIN200Jme
ch_3ve4NOQejsleM9RfxBGQRXpd,2025-10-18 11:59:45,succeeded,1000.0,0.0,32.75,967.25,card,,3KOQYEPJ-0002,subscription_cycle,12_month,1,cus_Tr28j7vaeNXiYj,John Carter,john.carter@beaconwave-it-solutions.example,Beaconwave IT Solutions Inc.,self_serve,head_of_wireless,it_services,CA,sub_1zC3pwzXQjkpkZwIIBkfliPV
ch_3I3LFuzjD649GMtolpVXYmAH,2025-10-18 18:47:06,succeeded,1000.0,0.0,25.25,974.75,card,,VYXKUEHL-0004,subscription_cycle,12_month,1,cus_ujmYIEWvPmK1Wl,Brian Lewis,brian.lewis@lewis-network-services.example,Lewis Network Services Ltd,self_serve,network_consultant,network_consulting,GB,sub_1WgFdCupYGWuzroFQ3PTD8U0
ch_3udBvhgEn4voiVSsW5VxWyn8,2025-10-18 20:09:06,succeeded,599.0,0.0,19.72,579.28,card,,K161G4AG-0002,subscription_cycle,6_month,1,cus_RADLZfywHhUE08,Wei Mitchell,wei.mitchell@stonemark-communications.example,Stonemark Communications Inc.,self_serve,head_of_wireless,telecom,CA,sub_1zsIHoChErcYrF2QfcviEoqg
ch_3T3GvI6yZOSly65iWMRm1nDT,2025-10-18 21:56:25,succeeded,2000.0,0.0,65.25,1934.75,card,,MK17G2WI-0002,subscription_cycle,12_month,2,cus_szDA1RrBrw1BLN,Paul Lewis,paul.lewis@pineworks-telecom.example,Pineworks Telecom LLC,self_serve,head_of_wireless,telecom,US,sub_1RMiQ8Fezrd5hP5MiZ0gQvt7
ch_3jtDWtizXEqAFmJmbWRLEg8T,2025-10-20 03:31:48,succeeded,1000.0,0.0,15.25,984.75,card,,0BP90V7T-0001,subscription_create,12_month,1,cus_xJMczuxTHU6vfS,Timo Heikkinen,timo.heikkinen@heikkinen-wireless-consulting.example,Heikkinen Wireless Consulting Oy,self_serve,network_consultant,network_consulting,FI,sub_1dePu1hxFUxxJ3f6DXounMav
ch_3qbT1ao6Xxu6KavgJ69Pq4lF,2025-10-20 15:29:24,succeeded,1000.0,0.0,32.75,967.25,card,,H9OLT3WL-0003,subscription_cycle,12_month,1,cus_WHIKsPAo6YmsmE,Rachel Young,rachel.young@young-wireless-consulting.example,Young Wireless Consulting,self_serve,network_consultant,network_consulting,CA,sub_1RV9B5Rp8E5YNTGjXzzsAC03
ch_3zHIPy9D68PckRO35t0UW3yX,2025-10-20 20:22:38,succeeded,1000.0,0.0,15.25,984.75,card,,ZOLZ3AIW-0001,subscription_create,12_month,1,cus_Zc7Q45R1e4sbcK,Dirk Schmidt,dirk.schmidt@schmidt-network-services.example,Schmidt Network Services GmbH,self_serve,network_consultant,network_consulting,DE,sub_1V4pdryDP4ouIR7594MWp0c3
ch_3DekFWRHk50cdUFciX0xfgoo,2025-10-21 13:30:55,succeeded,599.0,0.0,9.23,589.77,card,,6QZ9VV2G-0001,subscription_create,6_month,1,cus_YNucediX24Qmhl,Lukas Wolf,lukas.wolf@deltaview-rf-consulting.example,Deltaview RF Consulting GmbH,self_serve,network_consultant,network_consulting,DE,sub_1AbnNUpVA5TS9J83Qmdv3L8g
ch_3lEgXSda57v4d0GO3pbSDjBt,2025-10-22 05:14:14,succeeded,1000.0,0.0,15.25,984.75,card,,J8143X7L-0001,subscription_create,12_month,1,cus_aZss8qP59iXB7Q,Karin Nilsson,karin.nilsson@balticgate-rf-consulting.example,Balticgate RF Consulting,self_serve,network_consultant,network_consulting,SE,sub_16SoUmtquWkpYPe0EgRQi6kf
ch_3QfGt3LWdlH8Rb752Y5kk8kI,2025-10-22 09:40:56,failed,1000.0,0.0,,,card,expired_card,Y8CIAZ7I-0002,subscription_cycle,12_month,1,cus_GQIceU6qZNMLqX,Kevin Nelson,kevin.nelson@balticport-schools.example,Balticport Schools Ltd,self_serve,it_lead,education,NZ,sub_1RQLICF4emPW1wF7fsy0QzJR
ch_3m44vPh1vhV5UIoO5ArOxGiU,2025-10-22 21:50:53,succeeded,599.0,0.0,9.23,589.77,card,,UI6WYWT2-0002,subscription_cycle,6_month,1,cus_KSKcNULxeFdNYj,Daniel Weber,daniel.weber@weber-network-services.example,Weber Network Services,self_serve,network_consultant,network_consulting,DE,sub_10VnnfQXWKaJMY7U5IXcRaV7
ch_3TcKN6SDMoSD679a7UsrsRw7,2025-10-23 14:07:42,succeeded,1000.0,0.0,15.25,984.75,card,,F0BO89CA-0001,subscription_create,12_month,1,cus_275KZDYBrnvSAh,Thijs van Dijk,thijs.vandijk@van-dijk-network-services.example,van Dijk Network Services B.V.,self_serve,network_consultant,network_consulting,NL,sub_1TViNxVmgYf98aYfJfHCnre2
ch_3OGcNOZqwksa2BczL4Daviwh,2025-10-23 15:40:58,succeeded,599.0,0.0,9.23,589.77,card,,5KS2JCPR-0001,subscription_create,6_month,1,cus_5npKyfFlQc4xOh,James Carter,james.carter@carter-wireless-consulting.example,Carter Wireless Consulting,self_serve,network_consultant,network_consulting,IE,sub_1nwGS5gQGEGY3TSCbB8Hk8fc
ch_3CNVzj4DHhwWNzoj6ItN9XTL,2025-10-24 10:27:10,succeeded,1198.0,0.0,30.2,1167.8,card,,BPRYD7SE-0002,subscription_cycle,6_month,2,cus_v8L2L1faqIUgU7,Brian White,brian.white@brightpoint-systems-integration.example,Brightpoint Systems Integration Ltd,self_serve,head_of_wireless,it_services,GB,sub_18mMRIIlu5WiCL1JkJg0t5qH
ch_3ikezNhGHwx6CuHe3OMuM4Fm,2025-10-25 10:16:56,failed,1000.0,0.0,,,card,expired_card,Y8CIAZ7I-0002,subscription_cycle,12_month,1,cus_GQIceU6qZNMLqX,Kevin Nelson,kevin.nelson@balticport-schools.example,Balticport Schools Ltd,self_serve,it_lead,education,NZ,sub_1RQLICF4emPW1wF7fsy0QzJR
ch_3BMPZOCTVrDm3BTyDMRhXD1x,2025-10-25 12:06:30,succeeded,1000.0,0.0,6.35,993.65,sepa_debit,,R8AAVQ0S-0001,subscription_create,12_month,1,cus_TZXMEVVqTRpV51,Laura Virtanen,laura.virtanen@nordicport-retail-group.example,Nordicport Retail Group Oy,self_serve,it_lead,retail,FI,sub_194nfL94D2jQLuUiqjOO4TsJ
ch_373JpBhjdK0ZGVzrq0EUjDyk,2025-10-25 13:47:49,succeeded,2000.0,0.0,30.25,1969.75,card,,A556517V-0004,subscription_cycle,12_month,2,cus_cISqDoWiXf1TsW,Stefan Wolf,stefan.wolf@wolf-network-services.example,Wolf Network Services GmbH,self_serve,network_consultant,network_consulting,DE,sub_18CBBw9HM60SvcDwxmnsm9pF
ch_3di8m12HMmeQKOx5lWpy2wMC,2025-10-25 14:43:29,succeeded,3000.0,0.0,45.25,2954.75,card,,60RDYF9X-0003,subscription_cycle,12_month,3,cus_Ct4toegjXJBWnw,Sander Dekker,sander.dekker@alpinemark-it-solutions.example,Alpinemark IT Solutions BV,self_serve,head_of_wireless,it_services,BE,sub_1RRSz6xYo0MYWWKnROAq03XO
ch_3oj2PrIyWJtJftYfiHpfPZo1,2025-10-27 09:39:34,succeeded,2000.0,0.0,65.25,1934.75,card,,NHULT017-0004,subscription_cycle,12_month,2,cus_A5NUM1mc4KzYv5,Emily Williams,emily.williams@aurorapoint-wi-fi-solutions.example,Aurorapoint Wi-Fi Solutions,self_serve,network_consultant,network_consulting,US,sub_1XGxhrTJUvZeuZi67uks87TT
ch_3xYau20X7LK9IvTvP3J53bTs,2025-10-27 12:29:26,succeeded,2000.0,0.0,65.25,1934.75,card,,U5UYC1HT-0003,subscription_cycle,12_month,2,cus_Wuumzv8nn19X0O,Paul Clark,paul.clark@cedarbridge-logistics.example,Cedarbridge Logistics,self_serve,it_lead,logistics,US,sub_12VGL1wuRzKshoSYNibqfu93
ch_3nNnLTw6I1jTtBLBxpNV3EI8,2025-10-28 11:32:38,succeeded,599.0,0.0,15.23,583.77,card,,LNJ10H19-0001,subscription_create,6_month,1,cus_qkQCnuGamdBz7o,Eric Edwards,eric.edwards@apexworks-construction.example,Apexworks Construction Ltd,self_serve,it_lead,construction,GB,sub_1LarHNqAhAPsLWm79nZQpft9
ch_3EpDIFicmDQu9NrEyHnqFNQ5,2025-10-29 12:55:41,succeeded,599.0,0.0,9.23,589.77,card,,RQI0Z7VM-0002,subscription_cycle,6_month,1,cus_mYOxyTwYaaiOFX,Pierre Mercier,pierre.mercier@signalcore-properties.example,Signalcore Properties SAS,self_serve,it_lead,real_estate,FR,sub_1ZVoXbKLpw7GM1dHXFkUJFRR
ch_3pz8IEECKmFs7c7vWFUZbn6q,2025-10-30 10:38:56,succeeded,1000.0,0.0,32.75,967.25,card,,Y8CIAZ7I-0002,subscription_cycle,12_month,1,cus_GQIceU6qZNMLqX,Kevin Nelson,kevin.nelson@balticport-schools.example,Balticport Schools Ltd,self_serve,it_lead,education,NZ,sub_1RQLICF4emPW1wF7fsy0QzJR
ch_3dGQ91003H8WoqYW00jYLuX7,2025-10-30 11:17:10,succeeded,1000.0,0.0,15.25,984.75,card,,TAOL0DFI-0002,subscription_cycle,12_month,1,cus_r8wI0czJWUSrux,Jessica Baker,jessica.baker@beaconline-communications.example,Beaconline Communications,self_serve,head_of_wireless,telecom,IE,sub_1iqQUNgd9B2CmragfUfmwsif
ch_39Z6wiy1ZRpNQybZhHQ874LV,2025-10-30 13:03:48,succeeded,2995.0,0.0,6.35,2988.65,sepa_debit,,H4MO3F2B-0004,subscription_cycle,6_month,5,cus_TBlL4uhVrOes3n,Julia Krüger,julia.kruger@summitview-technology-group.example,Summitview Technology Group,self_serve,head_of_wireless,it_services,CH,sub_19Ycdj6GwvKDm9KhzD9LTyN1
ch_3WBzCOVQA3bdtlDEqTyzS9bb,2025-10-30 14:15:27,succeeded,1198.0,0.0,18.22,1179.78,card,,FWYMJCXC-0001,subscription_create,6_month,2,cus_Vdj87NaGbITss5,Femke Meijer,femke.meijer@brightfield-properties.example,Brightfield Properties,self_serve,it_lead,real_estate,NL,sub_17hOlbXrAxNw2qtXPS9wzrWo
ch_3icz8CtMj0uTytX32rm4ybLL,2025-10-30 15:59:46,failed,1000.0,0.0,,,card,expired_card,219KNECW-0003,subscription_cycle,12_month,1,cus_pfcpigwlAC0PIt,Jan Hartmann,jan.hartmann@orbitline-communications.example,Orbitline Communications GmbH,self_serve,head_of_wireless,telecom,DE,sub_1KNnkuu8Jsq5JXozdUL3t0lp
ch_3nZ8SOKrlvK0ZmHqQHx9bHp4,2025-10-30 23:17:21,failed,1000.0,0.0,,,card,expired_card,IW88EVZA-0004,subscription_cycle,12_month,1,cus_9GIjsJUhwG07k1,Ville Hämäläinen,ville.hamalainen@granitegate-clinics.example,Granitegate Clinics Oy,self_serve,it_lead,healthcare,FI,sub_1aBbQ8XTBB8hY1W99wheVhut
ch_3P6N8USWhNkl8Eqf2aoZIfEw,2025-10-31 06:09:36,succeeded,3000.0,0.0,97.75,2902.25,card,,AW9XCIVH-0002,subscription_cycle,12_month,3,cus_tScbHEuptgnSjb,Ryan Murphy,ryan.murphy@pinepeak-technology-group.example,Pinepeak Technology Group,self_serve,head_of_wireless,it_services,US,sub_1JyO3SJTZFbrFYoV9YdrsSo4
ch_3v6IskWmpmVRNLqRH0wJI1d6,2025-10-31 09:54:02,succeeded,2000.0,0.0,65.25,1934.75,card,,CLDPCQE2-0002,subscription_cycle,12_month,2,cus_4Hpas2HfcAZu3k,David Clark,david.clark@pinestream-warehousing.example,Pinestream Warehousing LLC,self_serve,it_lead,logistics,US,sub_1sabV6jqcl4jZjlsSfw5mA8N
ch_3sOfilFmeO9eBL1fiZVFWtux,2025-10-31 19:34:46,succeeded,2000.0,0.0,65.25,1934.75,card,,U12BIDGF-0002,subscription_cycle,12_month,2,cus_fYkwvX9KVvbrYG,Eric Kelly,eric.kelly@auroraview-foods.example,Auroraview Foods,self_serve,it_lead,food_beverage,NZ,sub_13MhOESo0W8V5oiN7inR8dnb
ch_3AzULogBcg5At97OxKPSulcz,2025-11-01 04:16:27,succeeded,1000.0,0.0,32.75,967.25,card,,DZWWR5KE-0002,subscription_cycle,12_month,1,cus_g1VKAQLYSxygQw,Carlos Kim,carlos.kim@mailbox.example,,self_serve,network_consultant,network_consulting,CA,sub_1QrRthfPHCkmHaWnUe1Y0WCw
ch_3ormp7fEKMKNcT1OUx4Gz5P0,2025-11-01 11:17:32,succeeded,1000.0,0.0,15.25,984.75,card,,TWDWXZ5Y-0002,subscription_cycle,12_month,1,cus_gZimNVm9VIYfM3,Erik Holm,erik.holm@aurorastream-networks.example,Aurorastream Networks,self_serve,network_consultant,network_consulting,SE,sub_1wysn2dpJ0i7khJC14nkgnf7
ch_3w0j6pHkl58TYR2v4XQ8F66m,2025-11-01 11:55:24,succeeded,1000.0,0.0,32.75,967.25,card,,5Q54KS47-0003,subscription_cycle,12_month,1,cus_Mtj704apHDoMDZ,Jessica Brown,jessica.brown@apexpoint-wireless.example,Apexpoint Wireless LLC,self_serve,network_consultant,network_consulting,US,sub_1wR2lO7sBrBwj9hmVfrcXjue
ch_3wRDsh9RUMSBT3RSdR0g3Ic8,2025-11-01 12:55:55,succeeded,1000.0,0.0,15.25,984.75,card,,9E6ODFV0-0002,subscription_cycle,12_month,1,cus_Amp150wQg8sGxu,Jukka Lehtonen,jukka.lehtonen@vertexview-schools.example,Vertexview Schools,self_serve,it_lead,education,FI,sub_1geT749DWq5LZGs1Dg6Pw6jK
py_3jzRuV8Pno3I1PxaTwenx6H8,2025-11-01 15:44:45,succeeded,115000.0,0.0,5.0,114995.0,bank_transfer,,PR6ULZKO-0001,subscription_create,enterprise,1,cus_AqUXZFI5DY3TK0,Aurelia Grand Hotels Group,accounts.payable@aurelia-grand-hotels-group.example,Aurelia Grand Hotels Group,enterprise,,hospitality,NL,sub_10Q3qa14Qnpu4xQuA1fZUyq8
ch_3XwKIYWMVe02DubM0vWwhDg6,2025-11-02 08:18:58,succeeded,1000.0,0.0,32.75,967.25,card,,9I43KOMH-0002,subscription_cycle,12_month,1,cus_hj0mJNBo2czXn3,Olivia Lee,olivia.lee@novacore-wireless.example,Novacore Wireless LLC,self_serve,network_consultant,network_consulting,US,sub_1wyTrHjFur0g7nuf7emvkzIt
ch_35kmuCkIqNgQH8XkNpBimsw4,2025-11-02 16:03:46,failed,1000.0,0.0,,,card,expired_card,219KNECW-0003,subscription_cycle,12_month,1,cus_pfcpigwlAC0PIt,Jan Hartmann,jan.hartmann@orbitline-communications.example,Orbitline Communications GmbH,self_serve,head_of_wireless,telecom,DE,sub_1KNnkuu8Jsq5JXozdUL3t0lp
ch_346V4aCwv4E9dOZ4V0iEh67F,2025-11-02 23:48:21,succeeded,1000.0,0.0,15.25,984.75,card,,IW88EVZA-0004,subscription_cycle,12_month,1,cus_9GIjsJUhwG07k1,Ville Hämäläinen,ville.hamalainen@granitegate-clinics.example,Granitegate Clinics Oy,self_serve,it_lead,healthcare,FI,sub_1aBbQ8XTBB8hY1W99wheVhut
ch_3sYqMWbz8jI765H0OoKsFVWE,2025-11-03 13:54:49,succeeded,1198.0,0.0,39.19,1158.81,card,,5EJ5Y7Q3-0001,subscription_create,6_month,2,cus_dnCyH9d1otxdUR,Paul Adams,paul.adams@signalstream-industries.example,Signalstream Industries,self_serve,it_lead,manufacturing,NZ,sub_1hL7aBYnM7zMMQbuzgB9hDVK
ch_3WLmxSfIS8VeDcM6qB4eX7Xf,2025-11-03 15:49:18,succeeded,1000.0,0.0,15.25,984.75,card,,BEDUS7J3-0003,subscription_cycle,12_month,1,cus_wH0sOrwUuDfPnZ,Niels Peeters,niels.peeters@nordicpeak-telecom.example,Nordicpeak Telecom B.V.,self_serve,head_of_wireless,telecom,NL,sub_1nEDtcnB77tShDRZpyTf0TAe
ch_3mts0CEbduFeVfYXmny05V90,2025-11-03 18:20:07,succeeded,1797.0,0.0,27.21,1769.79,card,,M643A0K4-0001,subscription_create,6_month,3,cus_xMFCUnJgXk9ZBV,Timo Niemi,timo.niemi@silverlink-media.example,Silverlink Media Oy,self_serve,it_lead,media,FI,sub_1Z8IwaNM6l169biUwDyqIAZb
ch_3zCtu61x1wyqINHjcIKB5wVT,2025-11-03 20:57:27,succeeded,1000.0,1000.0,15.25,984.75,card,,VQVLWPPM-0001,subscription_create,12_month,1,cus_hYi3Nr7JoAc8ri,Sabine Becker,sabine.becker@deltagate-wi-fi-solutions.example,Deltagate Wi-Fi Solutions GmbH,self_serve,network_consultant,network_consulting,DE,sub_1aqVlj0oGAr6l0rk8DgmiRCX
ch_3xCWcyQzBRCPvPiaXCKstEhA,2025-11-04 08:49:18,succeeded,599.0,0.0,19.72,579.28,card,,DQQNGNOW-0001,subscription_create,6_month,1,cus_crNhIGuUGTxPjY,Ben Kim,ben.kim@postbox.example,,self_serve,network_consultant,network_consulting,US,sub_1ggjiMQ4pSfK20D5DaBPfqMp
ch_3RlIONNBoyG2dpna7aiAkZbg,2025-11-04 09:40:53,succeeded,1000.0,0.0,32.75,967.25,card,,4XD0Z8SF-0001,subscription_create,12_month,1,cus_FBWxKqswTkkq6c,Rachel Brown,rachel.brown@greenstream-wireless.example,Greenstream Wireless Pty Ltd,self_serve,network_consultant,network_consulting,AU,sub_1cbRSLjerLN1NDKCo6sXXHRC
ch_3smWZetngHpu7K74nwPwlGyj,2025-11-04 18:23:43,succeeded,1000.0,0.0,32.75,967.25,card,,4H3CAHJ9-0001,subscription_create,12_month,1,cus_JBj1Wmx1VHlc9B,Kevin Davis,kevin.davis@summitgate-wireless.example,Summitgate Wireless LLC,self_serve,network_consultant,network_consulting,US,sub_1JJXAGeEbTAnSZKYlCxopRuh
ch_3kSn3trOFpGLTbAonm7DjzWH,2025-11-04 22:39:45,succeeded,1000.0,0.0,15.25,984.75,card,,BKD64I6Q-0001,subscription_create,12_month,1,cus_MGehtO9JSun8xB,Jonas Johansson,jonas.johansson@johansson-wireless-consulting.example,Johansson Wireless Consulting,self_serve,network_consultant,network_consulting,SE,sub_1PpYTsxHqwhVi7lsqpD8luqg
ch_3LGXrGp0dhtu5KOGqXWfWq5x,2025-11-05 08:24:19,succeeded,599.0,0.0,19.72,579.28,card,,Q21L2C2I-0001,subscription_create,6_month,1,cus_S6RMNPRhkYTdgF,Nicole Baker,nicole.baker@vertexworks-schools.example,Vertexworks Schools LLC,self_serve,it_lead,education,US,sub_1loC2FzaPw7etYfZAeexGAhU
ch_3HIgwDnQ4ldzEgmWxUdAItmb,2025-11-05 09:53:34,succeeded,1000.0,0.0,15.25,984.75,card,,5ATTK2X5-0001,subscription_create,12_month,1,cus_iQtCnejctegF5O,Jan Schulz,jan.schulz@alpinewave-retail-group.example,Alpinewave Retail Group,self_serve,it_lead,retail,DE,sub_1NMmOedbtYJH8SBilSGPr4te
ch_31Argv08tizt88zEStKAfwpG,2025-11-05 11:59:16,succeeded,1198.0,0.0,18.22,1179.78,card,,AZ8UW6EA-0002,subscription_cycle,6_month,2,cus_KhNkO7S33vfYKX,Katja Mäkelä,katja.makela@clearport-wireless.example,Clearport Wireless Oy,self_serve,network_consultant,network_consulting,FI,sub_1E3aUHqmj15GhLUd9eXX62b0
ch_3fMgYE5NiDEqEZRb2TtjIV84,2025-11-05 12:04:42,succeeded,1000.0,0.0,15.25,984.75,card,,TQO9CUWC-0001,subscription_create,12_month,1,cus_9c3cNqhVsbCXee,Julia Müller,julia.muller@orbitmark-wireless.example,Orbitmark Wireless GmbH,self_serve,network_consultant,network_consulting,DE,sub_1qHiP02TwAdBlL8am1dPdcii
ch_3dtp4ImkzLbbkW468hPF7Hob,2025-11-05 13:18:28,succeeded,1000.0,0.0,15.25,984.75,card,,2X1UJKH3-0002,subscription_cycle,12_month,1,cus_NDzYc6GSKj16s1,Juho Ahonen,juho.ahonen@signalbridge-managed-services.example,Signalbridge Managed Services Oy,self_serve,head_of_wireless,it_services,FI,sub_1mbIgUXNhxPpVKFo5EZxZJv8
ch_3UnS2D6EcOPjeCzwNKJ7WqOD,2025-11-05 19:21:13,succeeded,599.0,0.0,9.23,589.77,card,,WXPO315Y-0003,subscription_cycle,6_month,1,cus_WT6hSTplTKMcxu,Uwe Weber,uwe.weber@weber-wireless-consulting.example,Weber Wireless Consulting,self_serve,network_consultant,network_consulting,AT,sub_1RJZglzd6kOPtBKwIlQle3Qw
ch_321hvAHqAZ500q0T3sPSxybr,2025-11-06 08:53:45,succeeded,599.0,0.0,19.72,579.28,card,,SXBWESE0-0002,subscription_cycle,6_month,1,cus_8iWulPVlo8l2CG,Raj Miller,raj.miller@summitwave-logistics.example,Summitwave Logistics LLC,self_serve,it_lead,logistics,US,sub_11VDnMimbRN2nHsgKGstd1St
ch_38jsvUz67wBHMemR2qeeuqme,2025-11-06 17:19:29,succeeded,599.0,0.0,19.72,579.28,card,,NP01IIL8-0001,subscription_create,6_month,1,cus_2bSBRbDbORjog4,Chris Hall,chris.hall@bluewave-wireless.example,Bluewave Wireless LLC,self_serve,network_consultant,network_consulting,US,sub_1V7XFwyL2kDUdjLP3RwCMqxY
ch_3XLtPerMhYeyrRVoxFkikHxl,2025-11-06 20:07:32,succeeded,1000.0,0.0,32.75,967.25,card,,0E5DHDNI-0002,subscription_cycle,12_month,1,cus_o3Mb3xkJvMWRMG,Olivia Brown,olivia.brown@westpeak-construction.example,Westpeak Construction,self_serve,it_lead,construction,US,sub_1HnvAR3JDX3qTJIFA8zoRGrH
ch_31dwSfkTO98SrhXaSSE5Zzo8,2025-11-07 16:57:46,succeeded,1000.0,0.0,15.25,984.75,card,,219KNECW-0003,subscription_cycle,12_month,1,cus_pfcpigwlAC0PIt,Jan Hartmann,jan.hartmann@orbitline-communications.example,Orbitline Communications GmbH,self_serve,head_of_wireless,telecom,DE,sub_1KNnkuu8Jsq5JXozdUL3t0lp
ch_3P7GBghHT9ZAtVg9s5S354U3,2025-11-07 18:29:01,succeeded,2000.0,0.0,30.25,1969.75,card,,E0P0OU84-0002,subscription_cycle,12_month,2,cus_BM8pwK6IEjbqSw,Sanna Salminen,sanna.salminen@cedarfield-wi-fi-solutions.example,Cedarfield Wi-Fi Solutions Oy,self_serve,network_consultant,network_consulting,FI,sub_1fufKMF9GpvBnH6JtPbwejn6
ch_3TywIDI5mIsnRCbGFUmQRhD6,2025-11-07 19:53:29,succeeded,599.0,0.0,9.23,589.77,card,,U8M68O8H-0003,subscription_cycle,6_month,1,cus_QCp8b5ZfXeM03v,Erik Dahl,erik.dahl@dahl-network-services.example,Dahl Network Services,self_serve,network_consultant,network_consulting,DK,sub_1qi9zVk2RtRqD3RSJWtACool
ch_3VEvw0LYVSprAYVKy2LWNmhz,2025-11-09 14:01:48,succeeded,1000.0,0.0,15.25,984.75,card,,63DCTA1S-0001,subscription_create,12_month,1,cus_BuAKkRiFSQaElZ,Niels Vos,niels.vos@lumengate-industries.example,Lumengate Industries B.V.,self_serve,it_lead,manufacturing,NL,sub_1yxOVVnFVbB3YOSOqsFjOPU7
ch_3rJMJhgmJbiT9HwY8KDt4JJk,2025-11-10 12:46:44,failed,1000.0,0.0,,,card,expired_card,JB7DD27X-0003,subscription_cycle,12_month,1,cus_ba7LWageRejLxM,Daniel Clark,daniel.clark@pinegate-clinics.example,Pinegate Clinics,self_serve,it_lead,healthcare,US,sub_1vuvIX1PIfCenJnT7hmDfx4Z
ch_3OiReATQr7nVsunZ2cdHBdB8,2025-11-11 11:18:15,succeeded,3000.0,0.0,97.75,2902.25,card,,U6I1KPAO-0001,subscription_create,12_month,3,cus_a7BPkG9YMJqnhc,Jason Thompson,jason.thompson@northline-wi-fi-solutions.example,Northline Wi-Fi Solutions,self_serve,network_consultant,network_consulting,CA,sub_1tQX6LCHgGdEDOgWxG5p3BEI
ch_3i72LtwTv8DJIa7p464thYgB,2025-11-11 16:42:34,succeeded,3000.0,0.0,45.25,2954.75,card,,3QJD9LMM-0001,subscription_create,12_month,3,cus_H5JR17PnjEhV8H,Tuomas Kinnunen,tuomas.kinnunen@greenlink-systems-integration.example,Greenlink Systems Integration,self_serve,head_of_wireless,it_services,FI,sub_1kGtviVxuAmMHKtqOUEU0MQq
ch_3sqdGCj7Llsz6YRjib7mC0FA,2025-11-11 18:55:22,succeeded,1000.0,0.0,32.75,967.25,card,,726K2YH2-0002,subscription_cycle,12_month,1,cus_Nl4ETAOcPOymbF,Matt Young,matt.young@lumenmark-wireless.example,Lumenmark Wireless LLC,self_serve,network_consultant,network_consulting,US,sub_1TTfqmTmGPoxz2ynT1VcpNQs
ch_3IZKAyROECqiziOJUib8ElFm,2025-11-13 09:33:23,succeeded,1000.0,0.0,32.75,967.25,card,,HL9UGH5A-0001,subscription_create,12_month,1,cus_cebqP7puPD574a,Brian Smith,brian.smith@smith-wireless-consulting.example,Smith Wireless Consulting Inc.,self_serve,network_consultant,network_consulting,CA,sub_1cpRc7lLjBLh0PbTHreSWjgV
ch_3IFLmXJVca94admpiEfL1X11,2025-11-13 13:44:44,succeeded,1000.0,0.0,32.75,967.25,card,,JB7DD27X-0003,subscription_cycle,12_month,1,cus_ba7LWageRejLxM,Daniel Clark,daniel.clark@pinegate-clinics.example,Pinegate Clinics,self_serve,it_lead,healthcare,US,sub_1vuvIX1PIfCenJnT7hmDfx4Z
ch_3XZgsWoDkdm8e9b9ygJbC3dJ,2025-11-13 21:38:36,succeeded,1000.0,0.0,15.25,984.75,card,,K4Y5TE5N-0001,subscription_create,12_month,1,cus_gQkOEHrqJWc5uF,Romain Leroy,romain.leroy@crestline-rf-consulting.example,Crestline RF Consulting SAS,self_serve,network_consultant,network_consulting,FR,sub_1lGR1nMcGI5OEBDpPcxq2kym
ch_3INK1OSiXVGPnVfS67LLGehm,2025-11-13 23:51:45,succeeded,599.0,0.0,9.23,589.77,card,,B00CCZ1D-0001,subscription_create,6_month,1,cus_qqoOw1IvMdFBjQ,Julia Becker,julia.becker@alpinepath-wi-fi-solutions.example,Alpinepath Wi-Fi Solutions,self_serve,network_consultant,network_consulting,DE,sub_1WKCuAKTGpXYoG38gtfZ2ATX
ch_3MoSQKZOvDINbc5Ay7Unb3uc,2025-11-14 05:26:03,succeeded,3000.0,0.0,75.25,2924.75,card,,JKG19HIT-0004,subscription_cycle,12_month,3,cus_mRjlTXsQMR0k6c,Carlos Nguyen,carlos.nguyen@bluegate-wireless-engineering.example,Bluegate Wireless Engineering Ltd,self_serve,head_of_wireless,network_consulting,GB,sub_19J6RALzKgNvyqk0YjkA4Cw8
ch_3EcjeRVXlrJxTSrbAvM9Xq0s,2025-11-14 10:51:35,succeeded,1000.0,0.0,15.25,984.75,card,,SWN3G7G1-0002,subscription_cycle,12_month,1,cus_HIKYVknZjuOqLN,Jan Zimmermann,jan.zimmermann@silverlink-rf-consulting.example,Silverlink RF Consulting GmbH,self_serve,network_consultant,network_consulting,DE,sub_10koCJM2jSqPPV02qXSCbNfa
ch_3jk5FDWXsEGsHmMFwJ79m1KZ,2025-11-14 12:37:23,succeeded,1000.0,0.0,15.25,984.75,card,,0IITRZUG-0004,subscription_cycle,12_month,1,cus_Xa1uswYTdNRZ0j,Thijs de Jong,thijs.dejong@postbox.example,,self_serve,network_consultant,network_consulting,NL,sub_1kVG0nMN2B5DPZpo0LWsHwXc
ch_3G1RjbK69URdwAlCZuP5rtVZ,2025-11-14 14:18:07,succeeded,599.0,0.0,5.14,593.86,sepa_debit,,TU23S878-0001,subscription_create,6_month,1,cus_L8tpwJ8SEl9lgk,Sander van den Berg,sander.vandenberg@inbox.example,,self_serve,network_consultant,network_consulting,BE,sub_1kmTzVFEhUYrJnDV9lBnoM50
ch_3dqIjDpXpoxSwSAmAZUxWUro,2025-11-14 19:09:24,succeeded,1000.0,0.0,32.75,967.25,card,,5GJS56J2-0001,subscription_create,12_month,1,cus_TUzCO94Pby7i6f,Andreas Krüger,andreas.kruger@inbox.example,,self_serve,network_consultant,network_consulting,CH,sub_1peAfq1Pf5SfW7zxnEjEcGrb
ch_3Th362XRmyLgBQp34Wfetmbt,2025-11-15 14:38:44,succeeded,1797.0,0.0,27.21,1769.79,card,,F5Z21IX1-0004,subscription_cycle,6_month,3,cus_eJfbMO0Po4eNFe,Jukka Hämäläinen,jukka.hamalainen@harborcore-hotels.example,Harborcore Hotels Oy,self_serve,it_lead,hospitality,FI,sub_1aQdp1bmsZis6AM8XAy9nPk8
ch_3I5tUYB9ksjl74rgXyjgVIdW,2025-11-16 13:30:54,succeeded,2000.0,0.0,6.35,1993.65,sepa_debit,,B3ME94VX-0003,subscription_cycle,12_month,2,cus_LGxQ6qXDjkkrR3,Karin Andersson,karin.andersson@vertexline-communications.example,Vertexline Communications ApS,self_serve,head_of_wireless,telecom,DK,sub_1clTEjirvKYyPkqXzmc8QAEO
ch_3F0h3EgohntZs7TwuTbDam8d,2025-11-16 14:06:20,succeeded,2000.0,0.0,65.25,1934.75,card,,SRFGSXNG-0004,subscription_cycle,12_month,2,cus_eG0LbYLQNwFFVA,Chris Baker,chris.baker@balticpoint-networks.example,Balticpoint Networks LLC,self_serve,network_consultant,network_consulting,US,sub_1hSQJEvjruoEa1xFIbYK1wJ4
ch_32lpbUVqXVqFOLXQOQMQ4URu,2025-11-16 14:30:42,succeeded,1000.0,0.0,6.35,993.65,sepa_debit,,50F6727A-0004,subscription_cycle,12_month,1,cus_nk33htcGaay3ek,Rasmus Pedersen,rasmus.pedersen@alpineworks-retail-group.example,Alpineworks Retail Group ApS,self_serve,it_lead,retail,DK,sub_1I1nDU3KNpp6zyzVNuNhCrfD
ch_3L0Ufnyjdb849nS3aXvITQbx,2025-11-17 12:19:49,succeeded,3000.0,0.0,97.75,2902.25,card,,6JG8TBMR-0004,subscription_cycle,12_month,3,cus_krYqVmzIdjjLZY,Sven Koch,sven.koch@silverpoint-rf-consulting.example,Silverpoint RF Consulting AG,self_serve,network_consultant,network_consulting,CH,sub_18Iv0d9WqDMwWHOEy9BqVUuN
ch_33KrIwSAa6AXXOQ1u2aV14CB,2025-11-17 16:26:24,succeeded,1000.0,0.0,25.25,974.75,card,,0AD55VCV-0002,subscription_cycle,12_month,1,cus_7NOWqxWZEXeZ0n,Ryan Parker,ryan.parker@auroraview-communications.example,Auroraview Communications Ltd,self_serve,head_of_wireless,telecom,GB,sub_1mlubbzLBdWgao1z19Oulrqj
ch_32QLRugtf0PAZSGOi6NybdSP,2025-11-18 12:23:33,succeeded,1000.0,0.0,25.25,974.75,card,,TYSPQY57-0003,subscription_cycle,12_month,1,cus_k9qFYiDUsk4m3z,Kate White,kate.white@deltapeak-wi-fi-solutions.example,Deltapeak Wi-Fi Solutions,self_serve,network_consultant,network_consulting,GB,sub_1nNfL0WA0zB57x7i6IvIc5ES
ch_3HAdsN0JwHNAz1QekxjADyua,2025-11-18 15:39:12,succeeded,1000.0,0.0,15.25,984.75,card,,SCUNM3Q8-0001,subscription_create,12_month,1,cus_XqSI4tf2JlXixI,Bas Peeters,bas.peeters@signalcore-clinics.example,Signalcore Clinics BV,self_serve,it_lead,healthcare,BE,sub_1YLJUS4cB1zqPPkZ8bNdmz1k
ch_3jTAiOxYQrmrfUKFhHCGQQAd,2025-11-18 20:23:58,succeeded,2000.0,0.0,65.25,1934.75,card,,F1H3PKNE-0001,subscription_create,12_month,2,cus_tifD41LPMdklgf,Jason Lee,jason.lee@atlaspath-communications.example,Atlaspath Communications Ltd,self_serve,head_of_wireless,telecom,NZ,sub_1W3z10aQvMQGFRBzEpRn7YJQ
ch_3i4SIuCAOL5ubl1ZOcTUyTdt,2025-11-19 20:52:23,succeeded,599.0,0.0,19.72,579.28,card,,V1NCJPTC-0001,subscription_create,6_month,1,cus_jnrLK8koyfgBfO,Priya Jackson,priya.jackson@pinepeak-networks.example,Pinepeak Networks,self_serve,network_consultant,network_consulting,US,sub_1OGf7tpRHk61lk47R8ViyK94
ch_30GhB4DAhGxJr4RjhqSYprEg,2025-11-20 09:46:40,succeeded,5000.0,0.0,75.25,4924.75,card,,ACUSQM6K-0001,subscription_create,12_month,5,cus_d6p6eU5upFAsD9,Ville Turunen,ville.turunen@granitefield-systems-integration.example,Granitefield Systems Integration Oy,self_serve,head_of_wireless,it_services,FI,sub_1YorVVbMDKeURGuhMcq64nQs
ch_328T4EXePbCHGHHX0g4kGsmU,2025-11-20 11:02:48,succeeded,1000.0,0.0,32.75,967.25,card,,XHBTUW8W-0001,subscription_create,12_month,1,cus_QLHSLwjcZ152At,Sarah Harris,sarah.harris@nordicpeak-logistics.example,Nordicpeak Logistics LLC,self_serve,it_lead,logistics,US,sub_1dBzP8wF1E2ZNaWqv9SxESIc
ch_3KjSe7dE91qlSA9OTJK5RoM1,2025-11-20 16:48:14,succeeded,1000.0,0.0,32.75,967.25,card,,G0JB8JOB-0001,subscription_create,12_month,1,cus_uE3ownFffy4wK5,Kevin Williams,kevin.williams@apexwave-wireless.example,Apexwave Wireless LLC,self_serve,network_consultant,network_consulting,US,sub_1LUNYXrwaKSrXfyBy8DfdrjB
ch_3xNlvBD6rQE8edlPWFRcuCrV,2025-11-21 04:44:35,succeeded,1000.0,0.0,32.75,967.25,card,,A4LQFXC3-0002,subscription_cycle,12_month,1,cus_xMRnOhrH1PWytf,James Moore,james.moore@nordicmark-rf-consulting.example,Nordicmark RF Consulting LLC,self_serve,network_consultant,network_consulting,US,sub_10OIEspeHndGZZ4TZOwluhU1
ch_323orKPj5MdcBNKAdzVeWU29,2025-11-21 05:19:25,failed,5000.0,0.0,,,card,card_declined,6FX435YG-0001,subscription_create,12_month,5,cus_0Z1qSxgSVzyQ7y,Anja Hartmann,anja.hartmann@balticpoint-managed-services.example,Balticpoint Managed Services,self_serve,head_of_wireless,it_services,DE,sub_1SI9Y7zRSYFtxzqAc9Z7VccZ
ch_3syG9KO21Vp6Mk5wXgyEder5,2025-11-21 05:24:27,succeeded,5000.0,0.0,75.25,4924.75,card,,6FX435YG-0001,subscription_create,12_month,5,cus_0Z1qSxgSVzyQ7y,Anja Hartmann,anja.hartmann@balticpoint-managed-services.example,Balticpoint Managed Services,self_serve,head_of_wireless,it_services,DE,sub_1SI9Y7zRSYFtxzqAc9Z7VccZ
ch_3tJVaBMWAd66xqL2P6x28uwc,2025-11-21 08:00:47,succeeded,3000.0,0.0,75.25,2924.75,card,,J4UUO1HL-0003,subscription_cycle,12_month,3,cus_fWS8LbDEkw0mb3,Matt King,matt.king@king-wireless-consulting.example,King Wireless Consulting,self_serve,network_consultant,network_consulting,GB,sub_13NrUBOFIpYtfGp3B8fDCznY
ch_38fwf38n3iIZ0C0gYRf2aBes,2025-11-21 12:51:57,succeeded,1198.0,0.0,30.2,1167.8,card,,VK6SFG9L-0004,subscription_cycle,6_month,2,cus_IciQ1TUoQ34B07,Chris Johnson,chris.johnson@cleargate-clinics.example,Cleargate Clinics Ltd,self_serve,it_lead,healthcare,GB,sub_1fLhDtQvB975xVjB20VGrDVt
ch_3RUQRz3TmCcJkmSWkgmrCGgo,2025-11-21 13:55:52,succeeded,599.0,0.0,19.72,579.28,card,,UOLELSHQ-0001,subscription_create,6_month,1,cus_BTSREQ2Hyj8nVc,Tom Phillips,tom.phillips@lumenstream-telecom.example,Lumenstream Telecom,self_serve,head_of_wireless,telecom,US,sub_1UAArhDKbsoavKEWCfEAih1Q
ch_3iluil71jhRvCadJ9aY4MdLJ,2025-11-21 17:56:56,failed,599.0,0.0,,,card,card_declined,1W4UOVSW-0001,subscription_create,6_month,1,cus_d5rS8XWz5S1Eo9,Julia Becker,julia.becker@polarmark-schools.example,Polarmark Schools GmbH,self_serve,it_lead,education,AT,sub_11Ocrw4hNSYBLMOH9gBUah6E
ch_3NzoMrvgef5DN9VaMbbLSlqx,2025-11-21 18:02:29,succeeded,599.0,0.0,9.23,589.77,card,,1W4UOVSW-0001,subscription_create,6_month,1,cus_d5rS8XWz5S1Eo9,Julia Becker,julia.becker@polarmark-schools.example,Polarmark Schools GmbH,self_serve,it_lead,education,AT,sub_11Ocrw4hNSYBLMOH9gBUah6E
ch_3VeXproP6JaHwGmyOq2NgExU,2025-11-21 20:17:23,succeeded,1000.0,0.0,15.25,984.75,card,,RUUB5FRJ-0001,subscription_create,12_month,1,cus_W3RMDMm21uR4I3,Andreas Neumann,andreas.neumann@summitport-foods.example,Summitport Foods GmbH,self_serve,it_lead,food_beverage,AT,sub_1rFcucvuFQ8Q2WqOupfv7NlN
ch_3UAa4oVgpLZ1VOFB12yrJhj1,2025-11-23 04:22:24,succeeded,3000.0,0.0,75.25,2924.75,card,,YGG95D2A-0003,subscription_cycle,12_month,3,cus_4IBAPiNsoWnj2s,Ben Clark,ben.clark@summitwave-schools.example,Summitwave Schools,self_serve,it_lead,education,GB,sub_1LQ8MTAtOl3zOm1cUv5q0elF
ch_3vs7NkNwKbS2yTdLAhhGGnVH,2025-11-25 10:54:59,succeeded,1000.0,0.0,32.75,967.25,card,,GT21BKRZ-0001,subscription_create,12_month,1,cus_G2yCxOKc2xqssL,Matt Clark,matt.clark@signalstream-wi-fi-solutions.example,Signalstream Wi-Fi Solutions Inc.,self_serve,network_consultant,network_consulting,CA,sub_1zC9E4HZ1MPslgAfTqpbNYsE
ch_3PHTegS0rjWKKfSrBXpWRZPM,2025-11-25 13:20:39,succeeded,2000.0,0.0,50.25,1949.75,card,,RKBIX07D-0002,subscription_cycle,12_month,2,cus_QkHEvYOenSQbG1,Andrew Adams,andrew.adams@harborworks-wi-fi-solutions.example,Harborworks Wi-Fi Solutions Ltd,self_serve,network_consultant,network_consulting,GB,sub_167s1PTrEons1t0qJbeaRWtp
ch_3tXO6M1tabHVHlbePjZV1Ri2,2025-11-25 15:14:09,succeeded,599.0,0.0,9.23,589.77,card,,CA6AQI3M-0001,subscription_create,6_month,1,cus_HZPfRiDhxdhEJa,Tobias Becker,tobias.becker@atlasline-logistics.example,Atlasline Logistics,self_serve,it_lead,logistics,AT,sub_1H31BWYosbhbZ88xzSKrcZ8O
ch_39ncNkgeL6zCx3HhHPFuNKTL,2025-11-25 15:50:48,succeeded,1000.0,0.0,15.25,984.75,card,,M3BFKXC5-0002,subscription_cycle,12_month,1,cus_9MwuCjIhxIsd6d,Emma Sørensen,emma.sorensen@sorensen-wireless-consulting.example,Sørensen Wireless Consulting,self_serve,network_consultant,network_consulting,SE,sub_1EBsxqNLUTxBRmx7YqbVcFgc
ch_3TnU5QMhpwa7djL7oLADUlST,2025-11-25 17:48:29,succeeded,599.0,0.0,9.23,589.77,card,,G5V6CBF7-0001,subscription_create,6_month,1,cus_nlai2kBVZjXa9b,Maarten Mulder,maarten.mulder@mapleview-rf-consulting.example,Mapleview RF Consulting BV,self_serve,network_consultant,network_consulting,BE,sub_1MOwQRn3UV1jdyfV6LRGh7Yp
ch_3j0wmKIrdOmm7Pkn7FhJx95V,2025-11-25 19:08:43,failed,1000.0,0.0,,,card,expired_card,P3NWG9SS-0002,subscription_cycle,12_month,1,cus_RI44QIaQDsH1Hw,Sabine Koch,sabine.koch@balticpeak-wireless.example,Balticpeak Wireless,self_serve,network_consultant,network_consulting,CH,sub_1xhc2OewBZ6zEpWqoqiMK1JN
ch_3sEiGbhDg6797S4EGGcJnhzT,2025-11-25 23:15:48,succeeded,599.0,0.0,19.72,579.28,card,,3ZC9JTS4-0001,subscription_create,6_month,1,cus_yIB17kqHZca8yf,Stefan Zimmermann,stefan.zimmermann@inbox.example,,self_serve,network_consultant,network_consulting,CH,sub_1fmzmGrzqUz5LxlUPwxYmqls
ch_33Ekw72a8Zxaoyj7PDRlqRAa,2025-11-26 07:31:57,succeeded,1000.0,0.0,32.75,967.25,card,,VUN2OPJI-0001,subscription_create,12_month,1,cus_oP3bNdFMgCB6hE,Matt Mitchell,matt.mitchell@mitchell-wireless-consulting.example,Mitchell Wireless Consulting LLC,self_serve,network_consultant,network_consulting,US,sub_1hIgSFGfOMJTmUhfgITXV5yu
ch_30Q1XHJ8yiYN7rGoPqJVa3WB,2025-11-26 09:10:36,succeeded,599.0,0.0,9.23,589.77,card,,JJKDNAD7-0001,subscription_create,6_month,1,cus_Wso9bycbkYM8Is,Jan Schröder,jan.schroder@vertexmark-wi-fi-solutions.example,Vertexmark Wi-Fi Solutions GmbH,self_serve,network_consultant,network_consulting,AT,sub_1AdH5MryRpnT6KJmn5K2ewHo
ch_318YDbESYWqBUFjsIJLIEnHs,2025-11-26 13:54:11,succeeded,1000.0,0.0,32.75,967.25,card,,T0P17XL7-0001,subscription_create,12_month,1,cus_p9cVdLXUjhjKxX,Paul Adams,paul.adams2@adams-wireless-consulting.example,Adams Wireless Consulting,self_serve,network_consultant,network_consulting,AU,sub_1yPva8JiOv8o15UUHlBioVut
ch_32zQF1GDbtry5F0srHmISdie,2025-11-26 14:42:44,succeeded,599.0,0.0,9.23,589.77,card,,0OIDPRBH-0001,subscription_create,6_month,1,cus_RNQojReZ5nxD7H,Kristian Nygaard,kristian.nygaard@nygaard-wireless-consulting.example,Nygaard Wireless Consulting,self_serve,network_consultant,network_consulting,NO,sub_1ViY3n31Rp6xUfosndm1aiuz
ch_3dIUFygdLXohClaESxVOGuWP,2025-11-26 16:02:47,succeeded,1000.0,0.0,25.25,974.75,card,,FRA9SJT4-0001,subscription_create,12_month,1,cus_h79E6dQMUuMJqY,Michael King,michael.king@westpoint-wi-fi-solutions.example,Westpoint Wi-Fi Solutions,self_serve,network_consultant,network_consulting,GB,sub_1sf2SNJnTda5rGuAbysl2VLF
ch_3SBf1tkjRUT9z3YMR3tAoqp2,2025-11-27 14:38:13,succeeded,3000.0,0.0,97.75,2902.25,card,,0GODUL0X-0003,subscription_cycle,12_month,3,cus_dX2UDVwPtLUPgR,Raj Thomas,raj.thomas@deltaline-it-solutions.example,Deltaline IT Solutions LLC,self_serve,head_of_wireless,it_services,US,sub_1PC8QoOKEvC8tlhg8748B3zN
ch_3WdmqwEmsVdpEuxwOpwZ0TpW,2025-11-28 20:03:43,failed,1000.0,0.0,,,card,expired_card,P3NWG9SS-0002,subscription_cycle,12_month,1,cus_RI44QIaQDsH1Hw,Sabine Koch,sabine.koch@balticpeak-wireless.example,Balticpeak Wireless,self_serve,network_consultant,network_consulting,CH,sub_1xhc2OewBZ6zEpWqoqiMK1JN
ch_3tEoYO5vjZLByIXEbybnRFOm,2025-11-29 18:36:05,succeeded,1198.0,0.0,18.22,1179.78,card,,QPDAL99M-0001,subscription_create,6_month,2,cus_J5too8To0V9vUR,Lotte de Boer,lotte.deboer@orbitlink-it-solutions.example,Orbitlink IT Solutions,self_serve,head_of_wireless,it_services,NL,sub_1VhR1S1W5lYn8HTSi3enk87v
ch_33oHv4krhdkseLvJ10VEnqfk,2025-12-01 13:42:43,succeeded,2000.0,0.0,50.25,1949.75,card,,AQTI8DGK-0005,subscription_cycle,12_month,2,cus_u7WE0s6vJL5l1h,Priya Baker,priya.baker@orbitpath-networks.example,Orbitpath Networks Ltd,self_serve,network_consultant,network_consulting,GB,sub_1y9OUntD5zQLm10hKHwgWMB7
ch_3keZz5kdxMqfpyLxspMVUf7H,2025-12-01 16:24:11,succeeded,599.0,0.0,9.23,589.77,card,,E49PPR7S-0001,subscription_create,6_month,1,cus_l7xHqFBUMsZAPn,Thijs Dekker,thijs.dekker@weststream-media.example,Weststream Media,self_serve,it_lead,media,BE,sub_1jJ1vRdHnIhMF6Aj3trV8K80
ch_3suVdo6hIrDO8Rp52yAb0u4c,2025-12-02 09:36:32,succeeded,1000.0,0.0,15.25,984.75,card,,C5H8JYZA-0002,subscription_cycle,12_month,1,cus_yEMiDKRUVMmyUy,Katharina Richter,katharina.richter@beaconline-partners.example,Beaconline Partners GmbH,self_serve,it_lead,professional_services,AT,sub_1rqD0gCAuzdjGTtGFUOBocTb
ch_3mNvstVPspqoEnE0aQTrN3oI,2025-12-02 11:22:14,succeeded,3000.0,0.0,45.25,2954.75,card,,TADGAIVA-0001,subscription_create,12_month,3,cus_S5UYb3AwivLY0V,Chiara Costa,chiara.costa@apexview-systems-integration.example,Apexview Systems Integration S.r.l.,self_serve,head_of_wireless,it_services,IT,sub_19KjBi9X6fKcRqfYaTfo7U6H
ch_36hgH5j1w0BBkjO1ndpVy5lc,2025-12-02 22:16:53,succeeded,1000.0,0.0,32.75,967.25,card,,EZY1Z8WT-0002,subscription_cycle,12_month,1,cus_zSRPlIFStSolDT,Chris Edwards,chris.edwards@harborline-hotels.example,Harborline Hotels,self_serve,it_lead,hospitality,CA,sub_18KVjTAnzA9w5AL3Dbgw1zDL
ch_3GxrVnqcJN1OwjqXmgGb2ztm,2025-12-03 20:18:43,failed,1000.0,0.0,,,card,expired_card,P3NWG9SS-0002,subscription_cycle,12_month,1,cus_RI44QIaQDsH1Hw,Sabine Koch,sabine.koch@balticpeak-wireless.example,Balticpeak Wireless,self_serve,network_consultant,network_consulting,CH,sub_1xhc2OewBZ6zEpWqoqiMK1JN
ch_3yxXE6rqtTYgXG5VZ6aBpsp0,2025-12-04 08:36:40,succeeded,1000.0,0.0,32.75,967.25,card,,SUH6QA2R-0003,subscription_cycle,12_month,1,cus_z2qmRuhutX1rH4,Emily Roberts,emily.roberts@granitestream-wireless.example,Granitestream Wireless LLC,self_serve,network_consultant,network_consulting,US,sub_14TwD50QBObbryXpj4JIfm3P
ch_3EXOYZfshewk7TIxmCx3emT4,2025-12-04 13:19:34,succeeded,1000.0,0.0,15.25,984.75,card,,6MPT7O3Y-0001,subscription_create,12_month,1,cus_jnAGZEHTprx9Td,Paolo Russo,paolo.russo@polarfield-industries.example,Polarfield Industries,self_serve,it_lead,manufacturing,IT,sub_1Drg50yMHyT5LeVR9oZKJiyf
ch_3uhAzgMeFHWr6cRyxpASfwxJ,2025-12-05 03:14:17,succeeded,1000.0,0.0,25.25,974.75,card,,XA42VDX3-0004,subscription_cycle,12_month,1,cus_E7Xaw8fZQUJd4y,Chris Collins,chris.collins@crestbridge-networks.example,Crestbridge Networks Ltd,self_serve,network_consultant,network_consulting,GB,sub_1KfqvPHfebs7oV9usyV4mAgN
ch_33wyXWbJnfGsFD3X5PFmGqHf,2025-12-05 16:31:53,succeeded,1000.0,0.0,32.75,967.25,card,,4NP9ZR1W-0003,subscription_cycle,12_month,1,cus_d36yP2TYEra4iS,Ryan Martin,ryan.martin@crestfield-communications.example,Crestfield Communications LLC,self_serve,head_of_wireless,telecom,US,sub_1BnbkFnOs7uLvNetCyoy3fZf
ch_3borzcKUjwK46PIJm9gpMWbN,2025-12-05 17:53:50,succeeded,599.0,0.0,19.72,579.28,card,,0H0PUJCF-0001,subscription_create,6_month,1,cus_Odx6Ffsi4FKF5U,Julia Müller,julia.muller@muller-wireless-consulting.example,Müller Wireless Consulting AG,self_serve,network_consultant,network_consulting,CH,sub_1k4T7WRXJjsE3xj6bxkfGbIN
ch_3EcsP4w0yoSlRfCurT9uQJ5i,2025-12-06 11:51:33,succeeded,1000.0,0.0,15.25,984.75,card,,0R5Q4JX5-0002,subscription_cycle,12_month,1,cus_9OQgEqpKoVXKvG,Josh Roberts,josh.roberts@summitview-warehousing.example,Summitview Warehousing Ltd,self_serve,it_lead,logistics,IE,sub_1F8tQ7jvQSrc2ojAYDEsL4vd
ch_3cXUeMSOpQNzkGiGHsynurTn,2025-12-06 13:33:58,succeeded,1000.0,0.0,15.25,984.75,card,,5TVUQJP5-0002,subscription_cycle,12_month,1,cus_HegkKUog5yM1sR,Camille Durand,camille.durand@clearport-telecom.example,Clearport Telecom SAS,self_serve,head_of_wireless,telecom,FR,sub_1c8rTK0lK0oWCbmZZgGUhw7Q
ch_3O95LwkjjDLSwgwLBYKPvb14,2025-12-06 17:05:46,succeeded,599.0,0.0,19.72,579.28,card,,U7N6E9AE-0003,subscription_cycle,6_month,1,cus_csm9fU28JoQo81,John Scott,john.scott@mailbox.example,,self_serve,network_consultant,network_consulting,US,sub_1JSfKhLtKr2KvO7jacANWaDM
ch_3ogPnxpke41ZhXSkAjvCz3tg,2025-12-07 11:26:44,succeeded,599.0,0.0,5.14,593.86,sepa_debit,,3U0BPLCJ-0004,subscription_cycle,6_month,1,cus_aLz5OtxgFQPNF9,Ola Strand,ola.strand@novawave-networks.example,Novawave Networks,self_serve,network_consultant,network_consulting,DK,sub_1UjN2VPMDgJnBZdM9DwT6UXi
ch_3S1qQ1dVqMtLKDFURHfIhrSn,2025-12-07 17:08:58,succeeded,1000.0,0.0,25.25,974.75,card,,U3R7XMYH-0003,subscription_cycle,12_month,1,cus_PHCshAVfrWZthJ,Olivia Kelly,olivia.kelly@postbox.example,,self_serve,network_consultant,network_consulting,GB,sub_1gH6mmvPAHzW2hpcpIsZmF40
ch_3IM9NHPbLj2cuzn7R0j7ylSB,2025-12-08 13:26:49,succeeded,1000.0,0.0,25.25,974.75,card,,FMHI7SHK-0001,subscription_create,12_month,1,cus_tvOgIjquA5nymo,Ben Anderson,ben.anderson@crestpoint-construction.example,Crestpoint Construction Ltd,self_serve,it_lead,construction,GB,sub_1HSBUvRxORCAj1ARElhw6RYP
ch_3AUjMvkt7cruKH1LmJ13PrVP,2025-12-08 16:42:46,succeeded,599.0,0.0,19.72,579.28,card,,6I01LGIQ-0001,subscription_create,6_month,1,cus_bV6EBVPJA7j21B,Jessica Thomas,jessica.thomas@pinepeak-properties.example,Pinepeak Properties,self_serve,it_lead,real_estate,NZ,sub_1SxyUZl1rZ9m1joNeU7IZY1R
ch_3vsB71dAtYnaNMxFZ6LtR8xs,2025-12-08 19:45:53,succeeded,599.0,0.0,9.23,589.77,card,,QQ2O2PSJ-0001,subscription_create,6_month,1,cus_Yijv1G2iWjx3oG,Mikkel Olsen,mikkel.olsen@harborworks-it-solutions.example,Harborworks IT Solutions ApS,self_serve,head_of_wireless,it_services,DK,sub_1lxGY6cYAwQaovZDhmM7Qk8C
ch_3H6byKv8IeM6gAEePVGmy9MJ,2025-12-09 10:55:42,succeeded,1000.0,0.0,32.75,967.25,card,,13MY3ZHD-0004,subscription_cycle,12_month,1,cus_fFlxnVM92ArQGN,Tom Jones,tom.jones@vertexpoint-rf-consulting.example,Vertexpoint RF Consulting LLC,self_serve,network_consultant,network_consulting,US,sub_1f9uU4hTsJBdpFmMQMiEmaxJ
ch_3DyVhTHfgv2nQNv243rRCwAA,2025-12-09 14:46:14,succeeded,599.0,0.0,19.72,579.28,card,,I4L4O1GY-0001,subscription_create,6_month,1,cus_yKCv85fYN5wjvI,Daniel Jackson,daniel.jackson@harborline-clinics.example,Harborline Clinics LLC,self_serve,it_lead,healthcare,US,sub_1LeUcuI0umOUTrOFJ6rukVla
ch_3IXTL4lzqamdQRx2kcNOEVl1,2025-12-09 17:56:45,succeeded,599.0,0.0,9.23,589.77,card,,5BAOAJEQ-0001,subscription_create,6_month,1,cus_QIsaOQ4Ee9tvsb,Ingrid Lindqvist,ingrid.lindqvist@apexpoint-rf-consulting.example,Apexpoint RF Consulting ApS,self_serve,network_consultant,network_consulting,DK,sub_1i1INuEVMxwW8C3klKkna3cq
ch_3Y2m0UVd8F3UHtBQ1CQauENW,2025-12-11 09:55:49,succeeded,1000.0,0.0,15.25,984.75,card,,OXYCFS0W-0001,subscription_create,12_month,1,cus_qiG5vNyP7z1q93,Mikko Kinnunen,mikko.kinnunen@alpinestream-networks.example,Alpinestream Networks Oy,self_serve,network_consultant,network_consulting,FI,sub_1vFYY9lOBFIQk8MuRcv5NdUu
ch_31WQd0A8CrRBuKagobM3VXyA,2025-12-11 10:37:18,succeeded,1000.0,0.0,32.75,967.25,card,,9V2Q936V-0001,subscription_create,12_month,1,cus_p0wQsdXtOB9tVK,Brian Young,brian.young@young-wireless-consulting.example,Young Wireless Consulting,self_serve,network_consultant,network_consulting,US,sub_1hEXWhL7jZOzFSk4QMRqzBZO
ch_3kBvhnFZw0XAnAvMfp3jR1Dr,2025-12-11 15:24:08,succeeded,1198.0,0.0,39.19,1158.81,card,,LLIKMHD2-0002,subscription_cycle,6_month,2,cus_9hnAFY9FrUCjP0,Eric Wright,eric.wright@beacongate-media.example,Beacongate Media,self_serve,it_lead,media,US,sub_1KqCGm2oWaO4aLYGqhdyhXzJ
ch_3nvQXVpfM4kl6ePLHUa9Vp9l,2025-12-12 07:31:23,succeeded,599.0,0.0,19.72,579.28,card,,Z7GF1FV5-0003,subscription_cycle,6_month,1,cus_jHxLqo8hZB5pOe,Daniel Carter,daniel.carter@carter-wireless-consulting.example,Carter Wireless Consulting,self_serve,network_consultant,network_consulting,US,sub_1NvNLzxcN2fRUShT7Gy5Cx7i
ch_37oPCOBR92T6ywXSa7IwEPTL,2025-12-12 16:02:21,succeeded,599.0,0.0,9.23,589.77,card,,Q4DV5BUM-0001,subscription_create,6_month,1,cus_AOcgvAvPld1ARN,Eero Lehtonen,eero.lehtonen@nordicbridge-networks.example,Nordicbridge Networks Oy,self_serve,network_consultant,network_consulting,FI,sub_19kgSphjmQPHNwFBkQCuDMU2
ch_3ye6jKUnJSN3tocfjxSxNegf,2025-12-13 10:29:01,succeeded,2000.0,0.0,65.25,1934.75,card,,HOD603UV-0002,subscription_cycle,12_month,2,cus_ONBBu3mr4nEwON,Wei Moore,wei.moore@polargate-clinics.example,Polargate Clinics LLC,self_serve,it_lead,healthcare,US,sub_1unompp2htgm1S0PkoeMZ5Ax
ch_3rhV72myhchhmzDjkifPNxDh,2025-12-14 12:26:02,succeeded,2000.0,0.0,65.25,1934.75,card,,0F3VFKWY-0002,subscription_cycle,12_month,2,cus_sHGDjYxCGCQCNb,Jason Anderson,jason.anderson@weststream-rf-consulting.example,Weststream RF Consulting,self_serve,network_consultant,network_consulting,US,sub_1Zi448TDi5Z8PtFLJfjQl4Oi
ch_3vijlNHeEquQQVcSrEbk4vBU,2025-12-15 15:59:19,succeeded,3000.0,0.0,6.35,2993.65,sepa_debit,,0XSF7SYF-0005,subscription_cycle,12_month,3,cus_5b9iDl6IcU2YUt,Timo Virtanen,timo.virtanen@stonestream-construction.example,Stonestream Construction Oy,self_serve,it_lead,construction,FI,sub_1A2FVbTpELMjcLeeQYBSqg0F
ch_3c0ipx1mE8wQxPK3cr09y0PO,2025-12-15 16:36:51,succeeded,1000.0,0.0,25.25,974.75,card,,SH8RF8N1-0003,subscription_cycle,12_month,1,cus_GKjz59bbfYZhQY,Priya Harris,priya.harris@alpineworks-rf-consulting.example,Alpineworks RF Consulting Ltd,self_serve,network_consultant,network_consulting,GB,sub_1LHER5aeh6UGeU5xp6ojvGuF
ch_3jVJeanW5XO5Dt6TKvoPnPRI,2025-12-16 15:47:33,succeeded,1000.0,0.0,15.25,984.75,card,,MRNP3Q3W-0002,subscription_cycle,12_month,1,cus_aARFujj8Hx931g,Mikkel Sørensen,mikkel.sorensen@cedarview-foods.example,Cedarview Foods AB,self_serve,it_lead,food_beverage,SE,sub_1bAQmiXJl3n3M7pqMmvGHzNX
ch_3mfySk2ZdXZMvXKkllGOIq9f,2025-12-16 16:47:05,succeeded,1000.0,0.0,32.75,967.25,card,,EQI0X4E3-0001,subscription_create,12_month,1,cus_UZQsSIgIOh4NPN,Laura Lee,laura.lee@vertexwave-wireless.example,Vertexwave Wireless,self_serve,network_consultant,network_consulting,CA,sub_1fafHeoMfJTsJjzMKyeOOfjj
ch_3oftSpF3V47B6KLXMFqRzd1V,2025-12-18 09:04:16,succeeded,599.0,0.0,9.23,589.77,card,,E1JHNDBN-0001,subscription_create,6_month,1,cus_7Cz2FjskbN7MFl,Michael Schneider,michael.schneider@schneider-wireless-consulting.example,Schneider Wireless Consulting,self_serve,network_consultant,network_consulting,DE,sub_178QELoedwzWh1n1yg7kPsax
ch_3B1I1MC8p9Qd7LzxjeJtVsBI,2025-12-18 10:00:43,succeeded,5000.0,0.0,162.75,4837.25,card,,KJDO9COR-0001,subscription_create,12_month,5,cus_lC2AZR7bPUxpKS,Amanda Roberts,amanda.roberts@summitlink-technology-group.example,Summitlink Technology Group Inc.,self_serve,head_of_wireless,it_services,CA,sub_1UwHWLOBGo4twCnq8YmvcFvL
ch_3Iuxp74R2m6jLZIyN8ysQAuB,2025-12-18 13:28:12,succeeded,1000.0,0.0,32.75,967.25,card,,LYI4OAAQ-0001,subscription_create,12_month,1,cus_RCaUdBLymD2ZCP,Jessica Brown,jessica.brown@ironbridge-logistics.example,Ironbridge Logistics,self_serve,it_lead,logistics,US,sub_1fsTvFuewusvFHLkVIfzZy9A
ch_3XCRM9WbeyGbi8wOTYUBMv6o,2025-12-18 15:47:34,succeeded,599.0,0.0,19.72,579.28,card,,JC86TF7Y-0001,subscription_create,6_month,1,cus_IsFPR9jZVgm5BA,Mark Patel,mark.patel@deltaport-rf-consulting.example,Deltaport RF Consulting LLC,self_serve,network_consultant,network_consulting,US,sub_1TeqfFw7T7jtv5cYZvWrBBKx
ch_3mUBRm5itm0FGLmb2i5y25hL,2025-12-19 06:25:49,succeeded,1000.0,0.0,15.25,984.75,card,,6XAUJFVM-0001,subscription_create,12_month,1,cus_Pnv8g5THk9GSR4,Lotte Dekker,lotte.dekker@brightwave-networks.example,Brightwave Networks B.V.,self_serve,network_consultant,network_consulting,NL,sub_13FAdJXeZFMvRv30vFL3HKVH
ch_3HWKolGDdOypzFQdzSTJJSgV,2025-12-19 14:12:30,succeeded,2000.0,0.0,30.25,1969.75,card,,BMTQ0IFH-0001,subscription_create,12_month,2,cus_gxAJANnLu6XThp,Laura Lewis,laura.lewis@stonelink-networks.example,Stonelink Networks,self_serve,network_consultant,network_consulting,IE,sub_1ybqUQAh67I6Srz44JE9SYVY
ch_3NK7kkXsemUmQ0NYj4etsZOl,2025-12-19 22:03:18,succeeded,599.0,0.0,9.23,589.77,card,,MLYJRIGJ-0001,subscription_create,6_month,1,cus_G8lgKxAA6pNM0P,Matthias Müller,matthias.muller@inbox.example,,self_serve,network_consultant,network_consulting,DE,sub_1TSJ9qMxncLBEFINyIUoKL18
ch_3AEhLGgBvj1YvWiViahkHd8B,2025-12-20 14:48:10,succeeded,2000.0,0.0,30.25,1969.75,card,,HI972L3R-0002,subscription_cycle,12_month,2,cus_8ZT9FkIWSADiKp,Johan Karlsson,johan.karlsson@karlsson-network-services.example,Karlsson Network Services,self_serve,network_consultant,network_consulting,SE,sub_1T5iPfxgilaJHSVH9Ptufd6X
ch_3AkoxeemtklagdWGttw9IzZE,2025-12-21 16:24:35,succeeded,599.0,0.0,5.14,593.86,sepa_debit,,PXSW04A8-0002,subscription_cycle,6_month,1,cus_Fe7NGHqx09EBGX,María Ruiz,maria.ruiz@maplepoint-rf-consulting.example,Maplepoint RF Consulting S.L.,self_serve,network_consultant,network_consulting,ES,sub_1C9uaToPDZjPgMe27jIFetpY
ch_3ubGNyLeCi0087zLCGcFnO20,2025-12-22 12:17:55,succeeded,2000.0,0.0,30.25,1969.75,card,,HWNWR812-0001,subscription_create,12_month,2,cus_nnqOSrn173mz3k,Johan Strand,johan.strand@balticgate-rf-consulting.example,Balticgate RF Consulting,self_serve,network_consultant,network_consulting,SE,sub_1jy4ORhoynnRSONj3lLplOG4
ch_3L1oLcYbHfkxVqE5zHCwKTvC,2025-12-22 16:43:33,succeeded,2000.0,0.0,65.25,1934.75,card,,8PCP5RIV-0001,subscription_create,12_month,2,cus_TqrmKj9K3ssOKU,Kevin Harris,kevin.harris@vertexfield-wi-fi-solutions.example,Vertexfield Wi-Fi Solutions Pty Ltd,self_serve,network_consultant,network_consulting,AU,sub_1S8BMrLbz9yhRRs8k5EMMOM2
ch_3Ggy3XNJsyAx9O4eOsRsLw4s,2025-12-23 13:44:58,succeeded,599.0,0.0,9.23,589.77,card,,ZQCG6VQ8-0003,subscription_cycle,6_month,1,cus_w955XGS41wafDd,Marco Colombo,marco.colombo@silverbridge-networks.example,Silverbridge Networks S.r.l.,self_serve,network_consultant,network_consulting,IT,sub_1jtBfscdEK3caYDnBv98TQ9e
ch_308GKCPWXmOQQGZwE2LA86CM,2025-12-23 20:00:45,succeeded,1198.0,0.0,18.22,1179.78,card,,9Q1WU8BV-0001,subscription_create,6_month,2,cus_CWoWWGpg5ncM19,Rasmus Holm,rasmus.holm@apexmark-rf-consulting.example,Apexmark RF Consulting,self_serve,network_consultant,network_consulting,NO,sub_11AbtTTiDGOgh5tk3AKNha6Y
ch_3X7Xbz4EQNeF8wUFwuozPcFv,2025-12-25 10:03:05,succeeded,5000.0,0.0,75.25,4924.75,card,,KLBQ0KDY-0003,subscription_cycle,12_month,5,cus_x2bW2qwpjbtdWl,Rasmus Dahl,rasmus.dahl@pinepoint-wireless-engineering.example,Pinepoint Wireless Engineering ApS,self_serve,head_of_wireless,network_consulting,DK,sub_1yePsQz9hHy8UHS9aPiOZVI0
ch_3siIHddXldTOfkfUXJPNn41u,2025-12-26 07:36:38,succeeded,599.0,0.0,19.72,579.28,card,,L1UM4W49-0001,subscription_create,6_month,1,cus_tXQl4xHP0Z2SZO,Sarah Johnson,sarah.johnson@johnson-wireless-consulting.example,Johnson Wireless Consulting,self_serve,network_consultant,network_consulting,CA,sub_1PnhoFAcQ2mNcwqRP8EY7jMb
ch_3xWnlhgCgxL1h508UZ95wDIP,2025-12-26 08:43:47,succeeded,3000.0,0.0,97.75,2902.25,card,,UQ7654J3-0002,subscription_cycle,12_month,3,cus_XB8yZo5IhSyFlE,Laura Phillips,laura.phillips@phillips-network-services.example,Phillips Network Services LLC,self_serve,network_consultant,network_consulting,US,sub_1SURxqZVGeKfrOUOR5mm3M3h
ch_3DgUZKwLevsVCPTI2J44g3HF,2025-12-26 11:27:36,succeeded,599.0,0.0,9.23,589.77,card,,FHYNE5EU-0006,subscription_cycle,6_month,1,cus_KZCQRqFZnWQLEg,Nicolas Bernard,nicolas.bernard@orbitfield-media.example,Orbitfield Media,self_serve,it_lead,media,FR,sub_1YmsWmJDDX5j8qIpVN05cdUD
ch_3yCLTj4PcOQY1ekC5Rj7v5sS,2025-12-27 09:08:44,failed,1198.0,0.0,,,card,card_declined,T6LCZF2M-0003,subscription_cycle,6_month,2,cus_HWCEb36rwht705,Andrew Nguyen,andrew.nguyen@granitewave-logistics.example,Granitewave Logistics Inc.,self_serve,it_lead,logistics,CA,sub_1Js7Hw83sqVYP5naZbnPmFmK
ch_3eYRO9JgsB8zEbR78qWg1L3H,2025-12-27 15:57:53,succeeded,2000.0,0.0,65.25,1934.75,card,,XL7TNSRW-0002,subscription_cycle,12_month,2,cus_Cz7JSoHXkrbl4K,Megan Parker,megan.parker@parker-network-services.example,Parker Network Services LLC,self_serve,network_consultant,network_consulting,US,sub_1k2ZTN18H86XXjKG0IrhSLHo
ch_3glwDfND4DwSx0r1roRzRxwU,2025-12-27 16:18:36,failed,1000.0,0.0,,,card,expired_card,7GM1AVUH-0004,subscription_cycle,12_month,1,cus_kCDMK85HZCe9bb,Nicole Phillips,nicole.phillips@brightpoint-schools.example,Brightpoint Schools,self_serve,it_lead,education,US,sub_1kDbKasAtnyC7VK5HHYzXnvF
ch_3Amhk8JrH1hbbBwVHhp4Bzee,2025-12-28 09:15:29,succeeded,599.0,0.0,15.23,583.77,card,,731JK1K0-0001,subscription_create,6_month,1,cus_jZQn7T6RgGTRqD,Chris Roberts,chris.roberts@clearpoint-networks.example,Clearpoint Networks Ltd,self_serve,network_consultant,network_consulting,GB,sub_1GvN3b9MC7bw5WooyrGiJ4E7
ch_3ZaFdXKppaBdYv2JM6sO9WVt,2025-12-28 15:12:48,succeeded,1000.0,0.0,32.75,967.25,card,,JV891IH5-0001,subscription_create,12_month,1,cus_mH11I61lCmL3Dy,Wei Young,wei.young@silverstream-retail-group.example,Silverstream Retail Group,self_serve,it_lead,retail,US,sub_1b06RLs6eX00LnuF8IDE2dbc
ch_3BWTyIlITZAe8szPqBzgMZRw,2025-12-28 16:59:33,failed,1000.0,0.0,,,card,expired_card,KXRYEAEN-0003,subscription_cycle,12_month,1,cus_A9SoUykOA31VpM,Daniel Murphy,daniel.murphy@signalgate-retail-group.example,Signalgate Retail Group LLC,self_serve,it_lead,retail,US,sub_1aYVPtFjHXZDRyoVEoMjr4R1
ch_3XjWWm6MKpAfkBbtRY9r0K46,2025-12-28 18:05:04,succeeded,1000.0,0.0,25.25,974.75,card,,KJVFLIT6-0001,subscription_create,12_month,1,cus_Um5a1AvcqPMKRj,Ryan Kelly,ryan.kelly@inbox.example,,self_serve,network_consultant,network_consulting,GB,sub_1JKjvo1ggP44mCYTw4rNixmz
ch_3chaTgJODblSPtuPrB1j5Uo7,2025-12-29 10:33:39,succeeded,1000.0,0.0,15.25,984.75,card,,AX3BILQ8-0004,subscription_cycle,12_month,1,cus_2MVje4fs7tS1i1,Timo Saarinen,timo.saarinen@polarpoint-wireless.example,Polarpoint Wireless,self_serve,network_consultant,network_consulting,FI,sub_1d6Uc4gbcez5DIsd0bsXMzoc
ch_3fwwGeLr6zar3sGF4fFB5ttN,2025-12-29 14:08:26,succeeded,1000.0,0.0,25.25,974.75,card,,R3XE52HY-0001,subscription_create,12_month,1,cus_Ieabu7e0UbleIc,James Brown,james.brown@deltalink-networks.example,Deltalink Networks,self_serve,network_consultant,network_consulting,GB,sub_19PBLtDjHOkrK0BVhQM1gwe1
ch_3D0PyDCb4WUUtIJnBEaPhuiz,2025-12-30 09:26:44,succeeded,1198.0,0.0,39.19,1158.81,card,,T6LCZF2M-0003,subscription_cycle,6_month,2,cus_HWCEb36rwht705,Andrew Nguyen,andrew.nguyen@granitewave-logistics.example,Granitewave Logistics Inc.,self_serve,it_lead,logistics,CA,sub_1Js7Hw83sqVYP5naZbnPmFmK
ch_3eO5H63HcO0BczzIAnrckpRV,2025-12-30 17:14:07,succeeded,599.0,0.0,9.23,589.77,card,,DV12QH87-0002,subscription_cycle,6_month,1,cus_vP0Dm0XMjzebyY,Stefan Schröder,stefan.schroder@schroder-network-services.example,Schröder Network Services,self_serve,network_consultant,network_consulting,DE,sub_1sQGWu1xEADN24UGDbirz6Wi
ch_3LJH01N1FaEkArfLm0jrV2Sv,2025-12-30 17:20:36,failed,1000.0,0.0,,,card,expired_card,7GM1AVUH-0004,subscription_cycle,12_month,1,cus_kCDMK85HZCe9bb,Nicole Phillips,nicole.phillips@brightpoint-schools.example,Brightpoint Schools,self_serve,it_lead,education,US,sub_1kDbKasAtnyC7VK5HHYzXnvF
ch_3pFpbf5AOuKp2sSMbfoMalpe,2025-12-30 17:29:44,succeeded,599.0,0.0,15.23,583.77,card,,067J36DV-0001,subscription_create,6_month,1,cus_15zmz8WOiQuhmU,Ryan Baker,ryan.baker@deltafield-it-solutions.example,Deltafield IT Solutions,self_serve,head_of_wireless,it_services,GB,sub_1QxvK7ZcudIT7jqXPM34g3fS
ch_3bk7las1c2rxrWq3Ia3Es8C7,2025-12-31 14:28:34,succeeded,599.0,0.0,9.23,589.77,card,,BI7TFH5A-0001,subscription_create,6_month,1,cus_OcgXwefFE9lklh,Jonas Jensen,jonas.jensen@lumengate-wi-fi-solutions.example,Lumengate Wi-Fi Solutions AS,self_serve,network_consultant,network_consulting,NO,sub_1p73lbfOxQgIGe0oMUr9ca2A
ch_3EPciKiHRpAKoJ4YkjWNzE98,2025-12-31 16:49:12,succeeded,1000.0,0.0,15.25,984.75,card,,HM1961AF-0001,subscription_create,12_month,1,cus_09gkLzm27S6tOg,Pieter de Jong,pieter.dejong@greenmark-communications.example,Greenmark Communications B.V.,self_serve,head_of_wireless,telecom,NL,sub_12BBSAZTWGGCWUI8EnzjoOwU
ch_3kqt4JRZ7enfe1clghTRGcO6,2025-12-31 17:36:33,succeeded,1000.0,0.0,32.75,967.25,card,,KXRYEAEN-0003,subscription_cycle,12_month,1,cus_A9SoUykOA31VpM,Daniel Murphy,daniel.murphy@signalgate-retail-group.example,Signalgate Retail Group LLC,self_serve,it_lead,retail,US,sub_1aYVPtFjHXZDRyoVEoMjr4R1
