id,type,reporting_category,source_id,amount,fee,net,currency,description,status,created,available_on
txn_3URiH4RfeIrolxUG80crm5NE,charge,charge,ch_3OBSkGm9ZC6KPw7tNvUi7yld,119800,1822,117978,eur,Payment for invoice BBEAJ9CV-0001,available,1644413615,1644672815
txn_3MNNc5lQMeeu2HaIblbL5DKO,charge,charge,ch_3HamPACWLt8biAUmxtp1RPSA,59900,923,58977,eur,Payment for invoice BCCY66DG-0001,available,1647459527,1647718727
txn_36yGzfFkxdYNnMskNBC5ioQ6,payment,charge,py_3S7MYubU1TZKER4lbwLtDbwQ,179700,500,179200,eur,Payment for invoice 6POMYSA0-0001,available,1649093699,1649525699
txn_3ThfTb9JsS0rQa4z1p5XhJIE,charge,charge,ch_3vH7EbYjHFHoOS7UX7X6AYfB,59900,1972,57928,eur,Payment for invoice 3OBCVA31-0001,available,1649142508,1649401708
txn_3TNl5xmR6pRwPpSv5A15JSsC,charge,charge,ch_3ImsLyoMyV3qSg9ockbhMnnF,100000,2525,97475,eur,Payment for invoice LP5EODMM-0001,available,1649236207,1649495407
txn_3lKhpEZyH9KGSlpHml1EIFjt,charge,charge,ch_3K7LWaTbmSa6tDjZAsWaei8J,100000,3275,96725,eur,Payment for invoice KTL8K49N-0001,available,1649966503,1650225703
txn_3fueV475oYOrcM13fyhT2Eb9,charge,charge,ch_3nnox8TFNTdfZX47KRWQOu2g,59900,923,58977,eur,Payment for invoice WOW5IHB1-0001,available,1650388107,1650647307
txn_3Jc0ZiQF20xOHoDw85uJawvv,charge,charge,ch_3P8ud7FJHSeLCc7ZshtxfBBS,100000,1525,98475,eur,Payment for invoice FQIB5NU1-0001,available,1653089288,1653348488
txn_3nYPoy0Kaby1AmNDwQdT3SYt,charge,charge,ch_38KUgda3gV699n0rBHVZWW7C,100000,3275,96725,eur,Payment for invoice XIBPP4FH-0001,available,1653398820,1653658020
txn_3pGT6HnXvYwl6B704XReyVek,charge,charge,ch_3UMahRTqXUGXhNFTJqrnD62G,100000,1525,98475,eur,Payment for invoice K0QM83IJ-0001,available,1653488754,1653747954
txn_3U3Gdqa1tesR6wq8LPRCTvFr,charge,charge,ch_3VKEj4TNMTUwzIfFFDyvmzNQ,119800,3919,115881,eur,Payment for invoice TCB4ZNRF-0001,available,1654239683,1654498883
txn_3RmTf945Ol9UGovTSgZdPo8x,charge,charge,ch_37pszDfc0YVwr0qUuVoedCGK,100000,3275,96725,eur,Payment for invoice 5FFBJRL8-0001,available,1655197827,1655457027
txn_38tmB4xmU4KuCKnAGm3iwHkQ,charge,charge,ch_3ThlTSZVV59TRl3zXHdWyi2P,59900,1972,57928,eur,Payment for invoice 3P9PXB03-0001,available,1655378530,1655637730
txn_3M2mwfRnH3kft2XxLUmeh29m,charge,charge,ch_3CYQY3a8deYVi2DYWrgBpsIx,59900,514,59386,eur,Payment for invoice 96HM7BT7-0001,available,1655891939,1656323939
txn_3MBPKg5MOopB05aUicxtM95e,charge,charge,ch_3O8W1rm0geampq6s1eNivX8S,100000,1525,98475,eur,Payment for invoice 19TVK5YY-0001,available,1655934150,1656193350
txn_3HEg14ywbN8dwW5DRAVIMqpD,charge,charge,ch_3DLyKOWy903rYfNKyAWCf3i3,100000,1525,98475,eur,Payment for invoice EW0YUYV4-0001,available,1657523687,1657782887
txn_36MUF4HFhLgzyjVCRBixMJr7,charge,charge,ch_36GwLiyAARfxCvlCYY5bdirL,100000,3275,96725,eur,Payment for invoice 1D0NBJ1Q-0001,available,1657789770,1658048970
txn_3YzmZxa4iS1bFruoAM3fYNay,charge,charge,ch_30j1YxtRacccimcNz4EGm6PM,100000,3275,96725,eur,Payment for invoice XQ5G7VPC-0001,available,1657832867,1658092067
txn_3utOPjMdaqfcuvJLrkiCF7si,charge,charge,ch_3i1KbIjeNwaDTOqSLgagogAe,100000,3275,96725,eur,Payment for invoice QVRQNTRJ-0001,available,1658853533,1659112733
txn_3VFKd7t3TKdIEiIRv22prPUM,charge,charge,ch_3WD3dWXuco1aC3QfgfB2Q5sw,100000,3275,96725,eur,Payment for invoice 09GWJYAB-0001,available,1659622167,1659881367
txn_32GM9YScoCpnOPdlIJCAlfit,charge,charge,ch_3So9aoDS8QiThNsIbtuaGwTb,59900,1972,57928,eur,Payment for invoice CULVQ743-0001,available,1660104956,1660364156
txn_3nDMjVuLfUeWZtqTTWXcqmFM,charge,charge,ch_3IERRUvBVw0t5RNPUH3TZLTI,100000,1525,98475,eur,Payment for invoice WQRA0L1Q-0001,available,1661429690,1661688890
txn_3EaYEGwvd5oV6MrAA4pYm5QJ,charge,charge,ch_35zmXm7njbgqCj4gpCsDrnXK,200000,6525,193475,eur,Payment for invoice OKYBLJ8D-0001,available,1661532122,1661791322
txn_3SIvAEIu5tjW4DwFGKN3nFv6,charge,charge,ch_3ucZaSIU0L7oiY6r1Fnnsl1A,100000,3275,96725,eur,Payment for invoice Q4WH3OR1-0001,available,1662392360,1662651560
txn_3xHvnfd4Bc0vlDKD2U7lDJ7v,charge,charge,ch_3JwYghUOrPGkRTkJ2Is2ARzW,100000,3275,96725,eur,Payment for invoice 3BUMQXJP-0001,available,1664970882,1665230082
txn_3aGJkhHl06XlYUsT6vT3VcK8,charge,charge,ch_3dNrBZnehP20yJ0a2zTv1BMY,59900,514,59386,eur,Payment for invoice INYS9DXF-0001,available,1665055535,1665487535
txn_3ySTQXzeXHPNb7ZJziJDAAjt,charge,charge,ch_319FNBsGN6yVFBJXdctJXuPE,100000,1525,98475,eur,Payment for invoice 21AS5K8N-0001,available,1665408132,1665667332
txn_321svmJwJaaqoUZSgAqYPPqS,charge,charge,ch_3nSwGOHsJT2Kp5KL71ypOdMe,119800,1822,117978,eur,Payment for invoice DLD5QMB4-0001,available,1665429601,1665688801
txn_3N4CVXNgwullWaXNfNiZ04Pb,charge,charge,ch_3TSK2477sHuuAMqNAgRPewTC,59900,1972,57928,eur,Payment for invoice 5W8QCNXJ-0001,available,1665474115,1665733315
txn_3c3obvbLgLJsD3ALpqxDgv6n,charge,charge,ch_3PlTjGa1PDrUPtgfHmEAVfpR,100000,3275,96725,eur,Payment for invoice 64EPBF8T-0001,available,1665671666,1665930866
txn_3CdiJGLrhhkJgxD81kqOqmMj,charge,charge,ch_3gKsbQk03shal5emWZ9dGNnl,59900,1972,57928,eur,Payment for invoice 1RGZWWGW-0001,available,1665979657,1666238857
txn_32yp3j5oE5a0vYms0QT17Y1v,charge,charge,ch_3irDXqYjoL07Idimj8qo1PtA,100000,3275,96725,eur,Payment for invoice A2MK5Y8A-0001,available,1666004825,1666264025
txn_3ouoXLJj8KTmVOugFkd4rw1P,charge,charge,ch_3vgm68VHJfN1x0NXnZ4sz3tG,300000,4525,295475,eur,Payment for invoice 4ZBYALNA-0001,available,1666341710,1666600910
txn_3ki5VWnwUeKI4ZMcvLCvwXJW,charge,charge,ch_3zfHlNiTL3pZsu7FtYZw73aN,200000,3025,196975,eur,Payment for invoice FXA0NPT6-0001,available,1666612672,1666871872
txn_3ZTRd0lv0O7tR2KNS8a5ienX,charge,charge,ch_3zJ3lqxxMTh8sP8KSNPwszEO,119800,3919,115881,eur,Payment for invoice M3WMULCX-0001,available,1667309603,1667568803
txn_3hJLoN5A070pWQVEeDyWBiJl,charge,charge,ch_38cH5YXN0Ha7gAbNuJDf6zFb,59900,1972,57928,eur,Payment for invoice GBZ24HP0-0001,available,1667972723,1668231923
txn_3VVE4XsvdnFg08KKuYoARRIC,charge,charge,ch_3wDLf119l7x490h4FvzhRXrL,100000,1525,98475,eur,Payment for invoice 5NJAXXY6-0001,available,1668395933,1668655133
txn_33rgdVeQGvFiMoKj93k70bqL,charge,charge,ch_3pbsK7tZng3Oaet0GN59NIa4,100000,1525,98475,eur,Payment for invoice HD5EB9D9-0001,available,1668436351,1668695551
txn_3PMuZMHq1KbD9W1SkGuHvLx0,payment,charge,py_3Bp2BBWQRBHFCGmJus7Gb8Eh,300000,500,299500,eur,Payment for invoice 6POMYSA0-0002,available,1668708479,1669140479
txn_3anLbZdSVQ9Tqp1mlE8aLmYk,charge,charge,ch_3IMl5lGlriGfO81Be6LmzZEZ,100000,3275,96725,eur,Payment for invoice O8LC49DH-0001,available,1669019355,1669278555
txn_3VUVUMCokauxvP0ECqiYqIoO,charge,charge,ch_3Eor91JY4E0iOW2gCZHWlclF,59900,514,59386,eur,Payment for invoice B36QV5B5-0001,available,1669055509,1669487509
txn_3xqA5KDB7Ceq7EQ3AT2FWRwI,charge,charge,ch_3XhGxlgy2o8S4mE8YsoYkGWz,300000,9775,290225,eur,Payment for invoice 0W87EW9P-0001,available,1669389209,1669648409
txn_3rMtfiPz0EGOwB458rtfJA2l,charge,charge,ch_3otuziU2tbj06TH1TW0KwLhP,100000,2525,97475,eur,Payment for invoice 4KKO72G3-0001,available,1669609136,1669868336
txn_3lxheMBA2dI42yl1WmSUMvNT,charge,charge,ch_3I30AtdmQ3l4KBvUnBagMAUj,100000,3275,96725,eur,Payment for invoice HHAO76CY-0001,available,1669869968,1670129168
txn_3OYvnWDPXWkHtPUljejyCyCq,charge,charge,ch_3JLNM2KxdX3VqLYMgrkhkfyJ,59900,1972,57928,eur,Payment for invoice F3M4BG4G-0001,available,1669904293,1670163493
txn_3zyvKsAcuFXsJWPYIjobk5E8,charge,charge,ch_3t8hBoKyQHlBA19ULB87mUvt,59900,923,58977,eur,Payment for invoice 3FV7AQ9T-0001,available,1669991239,1670250439
txn_3hJtPQVIlLowshdZir1rHiNf,charge,charge,ch_3pJhFJL7kMKLdsotAHy4YtuB,59900,1523,58377,eur,Payment for invoice VHJ3BIDJ-0001,available,1670497720,1670756920
txn_3vXw6RRwUNuvqQQyWgaYeBrj,charge,charge,ch_37nnAvyQsNiQAQTarIkDpNCm,59900,923,58977,eur,Payment for invoice 8KDGI6AO-0001,available,1670813651,1671072851
txn_3gNAXd6mEArbmpmyylwOfZyM,charge,charge,ch_3qP0S5ZG1GmOGJE1pNrInSdS,59900,1972,57928,eur,Payment for invoice JF97XLB5-0001,available,1671023735,1671282935
txn_3wUhWOQhev8gK5BQwxf5AqwU,charge,charge,ch_3XR7Qkluxr18Lg13gF3oogQD,59900,1972,57928,eur,Payment for invoice 3P9PXB03-0002,available,1671189730,1671448930
txn_3k6HjH6WiRmMpG5o5m1TxIGE,charge,charge,ch_3jaN5O8MVmE3fAUBxx0AGGEE,100000,1525,98475,eur,Payment for invoice J9F1W2J5-0001,available,1671204093,1671463293
txn_3guB0cy6tkZAUUZ0n9QSLo52,charge,charge,ch_3ztYFVJna5o7Jk8UqGnO3blz,100000,3275,96725,eur,Payment for invoice 0N4QZWL6-0001,available,1671635313,1671894513
txn_3C42P6say7adFOatPqtn9PAj,charge,charge,ch_3dOhTXTFoZW6ejbkobV3WDbq,100000,3275,96725,eur,Payment for invoice PDOG9Z8C-0001,available,1671721454,1671980654
txn_3UuzejrPXbxRc4oSEHGM7Zwg,charge,charge,ch_3zAmknwQqxUhiZP9Bl9Ca2nX,100000,3275,96725,eur,Payment for invoice WWH0MG2F-0001,available,1671856477,1672115677
txn_3M7HWYVoi8rjSs4rbSCiBL8g,charge,charge,ch_3xbvhCKMf9N91mrSP81mbvt0,59900,514,59386,eur,Payment for invoice WV97T3QC-0001,available,1672175473,1672607473
txn_3oLjhlvkyD98KIqyCSUOxYdP,charge,charge,ch_3i4ZlbucmQXiuE7BJawECscT,59900,1972,57928,eur,Payment for invoice 1T9Z6S3Y-0001,available,1672409807,1672669007
txn_3tAkRUbFDCdrKjDmh1lEJzdX,charge,charge,ch_3YljAj0s7P02DdPiB3aqpOXU,100000,1525,98475,eur,Payment for invoice OF4WQ4YG-0001,available,1672675679,1672934879
txn_3bIZpu5ptfSp9coCjMNTUYva,charge,charge,ch_39GlLq5FJfOQumQpziGlFVBz,59900,1972,57928,eur,Payment for invoice Q9D7ZFT4-0001,available,1672884619,1673143819
txn_3vQKIazfVs9uTQwxFli8O7zA,charge,charge,ch_3eVgv6Lputl4IZepFw7Zqxfr,59900,923,58977,eur,Payment for invoice X9TH5EY4-0001,available,1673336467,1673595667
txn_379HdTEUVjdzz0uPeFs0rPdt,charge,charge,ch_36D6mX7sWcvLNie6pm0PwFyg,100000,2525,97475,eur,Payment for invoice 1QD6RDJM-0001,available,1673351196,1673610396
txn_3L5OQECkkbXqcKGL7jczD5e6,charge,charge,ch_3J9vZi9iqxHyW8gpqgdCYAXx,100000,1525,98475,eur,Payment for invoice 4D70M4FA-0001,available,1673608339,1673867539
txn_3gy6FZ2rkaSJtQ8h3gAKkUCz,charge,charge,ch_3lDbHomC2TETLzVh4EVegbwz,119800,1822,117978,eur,Payment for invoice 0M77NNZT-0001,available,1673979952,1674239152
txn_3oKn1WHHlKKO84B95rlBgUiF,charge,charge,ch_3NCk8KvpElXPHbzrPYCctMQI,100000,1525,98475,eur,Payment for invoice X174F7HP-0001,available,1674148328,1674407528
txn_35iwJ7tAyXx2OkeqpitPFdab,charge,charge,ch_3ghi4Pno1QFU2H3OMRe97X91,59900,1972,57928,eur,Payment for invoice ZS2NIPPS-0001,available,1674215442,1674474642
txn_3wpdcpubiau0sk6c5ckhCnar,charge,charge,ch_3Vud6pe48ukf2lhvUiOkTHwP,59900,1972,57928,eur,Payment for invoice IB57RTYC-0001,available,1674738971,1674998171
txn_3Pg36Mp4TK4k59to79axfH5a,payment,charge,py_3CP2PyFsthzp7H8hUoqX73d1,200000,500,199500,eur,Payment for invoice 3FIAM0OP-0001,available,1674763818,1675195818
txn_3z9fl8kzBJn7KAC6OG6KIsYL,charge,charge,ch_3qK7AgOefs5x0FcBSqGEbdcV,59900,923,58977,eur,Payment for invoice 2B0SV10Y-0001,available,1675082814,1675342014
txn_3MzDj1lZjil6eAOivC2jcmo6,charge,charge,ch_3OiR7Yzu8VTAKTrpjXo1KKHu,100000,3275,96725,eur,Payment for invoice ER74MWQX-0001,available,1675254602,1675513802
txn_3pBnSSwuwjWhN2aGRxB0hpcc,charge,charge,ch_3A9yrAEhwK2ZszrXxTjZ8cOz,100000,3275,96725,eur,Payment for invoice RGMVX0KQ-0001,available,1675333691,1675592891
txn_35X5vzMtilcXdn6AApNkwEbV,charge,charge,ch_31OEL33LRxjZmJlJuiS8Opjt,100000,3275,96725,eur,Payment for invoice 1N9LCXUI-0001,available,1676448181,1676707381
txn_3Z7J7Br19gm8Az4EdVgcPw5T,charge,charge,ch_3A0ymRebj1wgPHyqHSLHOyqS,100000,1525,98475,eur,Payment for invoice YS3H7407-0001,available,1676635517,1676894717
txn_3OuaSG6Pm0hdoWov9fW5s2dd,charge,charge,ch_3wLjh3M83uETcPBXbs7cN95P,100000,3275,96725,eur,Payment for invoice DPZR8Q10-0001,available,1676657585,1676916785
txn_3nHIOQoUfpdw9NTDlYcgoqp6,payment,charge,py_3T9fD7WkOtJhtbOTrJSvQi9Z,179700,500,179200,eur,Payment for invoice 0S5K6VJO-0001,available,1676930504,1677362504
txn_3UVY1tD5X5DuNWnd9v0S2CjZ,charge,charge,ch_38AxoayVuxXFkbCz35jodVaK,59900,923,58977,eur,Payment for invoice NULGHP78-0001,available,1676935125,1677194325
txn_3JVe0eaoR68ANfb5T9hOdofd,charge,charge,ch_3G3dOty6cAvBr7LBIAJZrsej,200000,3025,196975,eur,Payment for invoice K24OI98Z-0001,available,1676981672,1677240872
txn_39FURvmI6tl2jymcaeFoi8Zn,charge,charge,ch_3UnrMaBQ17PHF8jdLkvPyhap,59900,1972,57928,eur,Payment for invoice GZP1DMEG-0001,available,1676983313,1677242513
txn_3lmQQMeG1ea5RGWeVoYy6jq0,charge,charge,ch_3GoUuC6FyJ1PSVKNJkVOBzMI,59900,923,58977,eur,Payment for invoice 3XMM9CTI-0001,available,1677049271,1677308471
txn_30mP6R7AG2MdIHbw5Ug7Y1Bt,charge,charge,ch_3nHjnYXZWuYeZU64K6AFUcn3,59900,1972,57928,eur,Payment for invoice 9LR0IKXB-0001,available,1677164141,1677423341
txn_3pKzBUkOGXrZfmCsO9ke346s,charge,charge,ch_3oHwpKIp8CifGNI2o7A4LjUz,59900,923,58977,eur,Payment for invoice M634CUMA-0001,available,1677783842,1678043042
txn_3DEPvND1TAbtXOuNNVvgVpr7,charge,charge,ch_3wLHHRZ9NSpcYNY5Einre6Pb,100000,3275,96725,eur,Payment for invoice FATN8TYD-0001,available,1678109669,1678368869
txn_3oTmEgCIrFzKDihffxin9qpb,charge,charge,ch_3Uhg91mkGYM9iE2Y8MEUlaYh,59900,1972,57928,eur,Payment for invoice MPE6UBDX-0001,available,1678395491,1678654691
txn_3BR2LZrk06f35tSTsF80mrfK,charge,charge,ch_3zGKupBv5kZVmf8RGHA9wjXJ,200000,3025,196975,eur,Payment for invoice 0XJMRKGY-0001,available,1678433422,1678692622
txn_3Uv7Cz6zFYSAaUIkXlpRUmyi,charge,charge,ch_3GooeA02c32rzVy2PiZjmuz7,100000,3275,96725,eur,Payment for invoice 68OR5HJG-0001,available,1678442076,1678701276
txn_38xqr8p5Ruqv9wuPgIWxEIyD,charge,charge,ch_3hOWcy8n3mmpXJxlZ1AJ0tj2,100000,3275,96725,eur,Payment for invoice B6WY2TRC-0001,available,1678471696,1678730896
txn_3qjz7VXQk7HnBJ1K2i3BkH3m,payment,charge,py_3xf4OmoCrBwSAqrg58F5Hxvi,300000,500,299500,eur,Payment for invoice SG39VKUX-0001,available,1678571117,1679003117
txn_3pLtGymuhJz4945Tn8u7Tf1S,charge,charge,ch_3RYlfhYHBeZEjCsgutxWZvAj,119800,3919,115881,eur,Payment for invoice Y47R23Q5-0001,available,1678720016,1678979216
txn_3W3Z2OvirYaSnpbbWO8LqxS8,charge,charge,ch_3AgbtRnwPSIca7LVctfpviKJ,100000,1525,98475,eur,Payment for invoice 189JF6NQ-0001,available,1679311336,1679570536
txn_3zwk8CeEccOJ7hgForLxqQgK,charge,charge,ch_3RGIep4ArzCFq93o7IuKOYtT,59900,923,58977,eur,Payment for invoice 9OBX38MI-0001,available,1679483526,1679742726
txn_3pmjIdqV54glAJdoqkTtdLnd,charge,charge,ch_33l65NKl3ywPS2ABlYU8t4hn,300000,4525,295475,eur,Payment for invoice Q50L9PGX-0001,available,1679654434,1679913634
txn_3g83tpFiu8dxQiFNeZkuyWRF,charge,charge,ch_342T5u8OzJ2M8XGlmldxdXN4,100000,1525,98475,eur,Payment for invoice HOLVJT0J-0001,available,1679904026,1680163226
txn_3ErL4b8e2vCGp958WEG5bqFF,charge,charge,ch_3U3OWCUaHjFxXYiHv99JNP0R,200000,3025,196975,eur,Payment for invoice WEF74ARY-0001,available,1680277484,1680536684
txn_32C3dEmokfWgwlnJY8guuShu,payment,charge,py_3yB5M5PB999Lf6o8RV5kvR1i,11000000,500,10999500,eur,Payment for invoice JYJW87YV-0001,available,1680378027,1680810027
txn_3Rfy6NMTKxbfU5fURbk0VdZu,charge,charge,ch_3iYwkoZ3SFDQrGBY7DH1TpKM,59900,1972,57928,eur,Payment for invoice RBJFCW50-0001,available,1680522885,1680782085
txn_3lzyV4BKOfsj8PY9DiVshvg2,charge,charge,ch_3SNLF51Wt96TcJaFfe6Z8FO5,59900,923,58977,eur,Payment for invoice U6O962IH-0001,available,1680600895,1680860095
txn_3yzrKYbPCxWWRWp9Iw4z45Ow,charge,charge,ch_3xjgknNMo1PvbYKyoCgI7I2g,100000,2525,97475,eur,Payment for invoice LP5EODMM-0002,available,1680772207,1681031407
txn_3MPCMVTE8DO2C6IlWIx2sfLq,charge,charge,ch_3C2N1nU9n2G4saKfniTdplSV,200000,6525,193475,eur,Payment for invoice JWGM9RRC-0001,available,1680875938,1681135138
txn_3fi1p3azFLE3dmRu1r4Nrj9O,charge,charge,ch_32rpcsPxL1G8HFhjm9vyPjwu,100000,1525,98475,eur,Payment for invoice IGJ2B3G7-0001,available,1680882099,1681141299
txn_3ubaZCcKJQRQ7H0mrmNPXRMQ,charge,charge,ch_3ZVTBxaYAONvgZgyv0DqvxWP,300000,4525,295475,eur,Payment for invoice DLD5QMB4-0002,available,1681154401,1681413601
txn_3S7xvhtu9d2Q3xSxYthvBdNx,charge,charge,ch_39xixxChML5QAAhKUKgJlJeu,59900,1972,57928,eur,Payment for invoice 5W8QCNXJ-0002,available,1681198915,1681458115
txn_3iFUIuEMq7rCP3iqzpePWnBU,charge,charge,ch_3MpiQERtFdI89qH3xV6889oU,100000,1525,98475,eur,Payment for invoice S0ML09Q0-0001,available,1681373609,1681632809
txn_3WLBXptC5REV5wVOJDbJMnRR,charge,charge,ch_3I2oSpToXYBgePgUq3Td0Q6B,100000,3275,96725,eur,Payment for invoice KTL8K49N-0002,available,1681502503,1681761703
txn_3qHVYoBhAHjKR8xhkyg7e1xt,charge,charge,ch_3tyZYJl1cMokd3eEDpK9LqNa,119800,3919,115881,eur,Payment for invoice SCFGNWAH-0001,available,1681576116,1681835316
txn_341V0QHnmuM4oQC8j10blltF,charge,charge,ch_3sXtZ6KAcVgcVuj4m7lrMTjr,100000,635,99365,eur,Payment for invoice Q5NF2GPM-0001,available,1681643662,1682075662
txn_3qdzHLtDflhXBuCGwVZguwZ1,charge,charge,ch_38SRCzdgWtE9DcNXqYz5z8eY,59900,1972,57928,eur,Payment for invoice 1RGZWWGW-0002,available,1681704457,1681963657
txn_3WpJLcbqwdFeyo2ZHcmYpN2c,charge,charge,ch_3nnZODjjfGWmEP7n2WZrdBKn,100000,1525,98475,eur,Payment for invoice O34CQ44W-0001,available,1681884804,1682144004
txn_3mzDhgV2fTbmfeaMiFJaFAUw,charge,charge,ch_3msJV7fNLDUJ8TRLb2hOgtAR,59900,1972,57928,eur,Payment for invoice 7JD9WGYC-0001,available,1682621947,1682881147
txn_3b4BnQIpRGG9Y8BoiJJHGxkT,charge,charge,ch_3K8QI9nh8YSAmnsHFaSnvyzF,100000,3275,96725,eur,Payment for invoice QBO2SC2X-0001,available,1682624899,1682884099
txn_3qeYDhzEovsLX5bTi0hEX0nd,payment,charge,py_3ONQntDDZYc5DAUE1gntuSvE,119800,500,119300,eur,Payment for invoice W5VODDOL-0001,available,1682653351,1683085351
txn_3lqHscJ1s2H10Bhb41CH6TOy,charge,charge,ch_3ViP3AipKpmqeSiK6fe9LmnT,100000,3275,96725,eur,Payment for invoice 8U5NVHG8-0001,available,1683311944,1683571144
txn_3be8hklptoTIyYHiWSVRaktP,charge,charge,ch_3BWede0AgleaXVOzIu12N50u,59900,1972,57928,eur,Payment for invoice GBZ24HP0-0002,available,1683611123,1683870323
txn_3SHX1bAYnkwFDFCiXpu3bx5i,charge,charge,ch_31UsCdI3WvW5TcyY0HHCVOTt,200000,6525,193475,eur,Payment for invoice RJIKQX4U-0001,available,1683804548,1684063748
txn_3pALKfEA2yd3sOvMbwH999PQ,payment,charge,py_3P3lQchBIFiTWD55ghKNb3bf,300000,500,299500,eur,Payment for invoice 3DFRU1XR-0001,available,1683917198,1684349198
txn_35Qq7vr9F6BJX9Nt0Kh3XuYb,charge,charge,ch_3vXT1rMBE9oS9kP0NNJSrltd,100000,2525,97475,eur,Payment for invoice FJW52J9W-0001,available,1684334140,1684593340
txn_30Wmrz05vn7ahgvTLsBKmH06,charge,charge,ch_3uInIcKdwgBFXQPM6ILyMlEq,100000,1525,98475,eur,Payment for invoice UH1MCLSR-0001,available,1684764740,1685023940
txn_3i1GWQSxtg000bZr1X5q4rMX,charge,charge,ch_3uA7dPGh3srl4CeYPBG840ym,100000,1525,98475,eur,Payment for invoice C4UHMBDB-0001,available,1684773683,1685032883
txn_3NpAiGZXKVbguEokKJD6kJF9,charge,charge,ch_3LUihN0vinqG8dfDS4htWQsY,100000,3275,96725,eur,Payment for invoice XIBPP4FH-0002,available,1684934820,1685194020
txn_3cnCb7iElGEppy3FQNsdk3em,charge,charge,ch_3B0NpvDXu9Y5PEgm26l5cLZf,100000,1525,98475,eur,Payment for invoice 8OJFJA2E-0001,available,1684998712,1685257912
txn_3hrZCRZvFQLbqgZjCThBnKyz,charge,charge,ch_3MjUQIj7zZKLaij9Nc249Lsq,100000,1525,98475,eur,Payment for invoice K0QM83IJ-0002,available,1685024754,1685283954
txn_3bENlmrkYAhmReXneRKsuBB9,charge,charge,ch_3q8BJIJccpnkeVa4ytcQimzw,100000,1525,98475,eur,Payment for invoice FQIB5NU1-0002,available,1685320988,1685580188
txn_37ddnUWqMAXm4mRYPTq2aSOm,payment,charge,py_3ijbWyneJr8zRvld7kvEPSOd,500000,500,499500,eur,Payment for invoice 1QVWL10A-0001,available,1685400041,1685832041
txn_3GAsCEk0fsutkNu00giTTm6W,charge,charge,ch_3OYMpW1anK9D0blwsunNCRxp,59900,1972,57928,eur,Payment for invoice F3M4BG4G-0002,available,1685629093,1685888293
txn_3qaAzBEQtPNnXIfC2CBuFAjA,charge,charge,ch_34AcPK6QnMLSTFcpzG7oZ40N,59900,1972,57928,eur,Payment for invoice FU5MOU1B-0001,available,1685689345,1685948545
txn_3OYQNX9WCuaG1VPL91LSDFeZ,charge,charge,ch_3lCGk7Zf8Brfa2wuMgp32Vxm,59900,923,58977,eur,Payment for invoice 3FV7AQ9T-0002,available,1685716039,1685975239
txn_3XunltzbVCJWCYjZ8zFEioQJ,charge,charge,ch_33TW7ZEwz4jRj8VWuKMU1YIu,100000,3275,96725,eur,Payment for invoice 77YCXY4V-0001,available,1685717293,1685976493
txn_3Q7Qi0lU6SJQbjgb1oJlw9S3,charge,charge,ch_3yd2GNglyFQYYXK26m61aA17,100000,3275,96725,eur,Payment for invoice FBDYBEDY-0001,available,1685878630,1686137830
txn_3QvjdvH8alU9tJIsArCr9A5f,charge,charge,ch_3NRgHCnhcGy8JavkH7khJ2lJ,100000,3275,96725,eur,Payment for invoice 7O0P58DA-0001,available,1685969368,1686228568
txn_3CIHyEq6OI4HXc4jYQkKz2F4,charge,charge,ch_3kp8m1hxy9IjHRneDbLADDK4,59900,923,58977,eur,Payment for invoice SRSB2DWC-0001,available,1686057560,1686316760
txn_3zI9p6CbDJC5vCZICqngVUYe,charge,charge,ch_3m0Ytx0zHk44Yk0Oke4C6dbo,59900,923,58977,eur,Payment for invoice KIXXJDFQ-0001,available,1686123418,1686382618
txn_3MHGfnQOeWrvVMv5BwUiygNB,charge,charge,ch_340y8W2MpYg5BhmOGSfiKNqv,100000,2525,97475,eur,Payment for invoice 2YK6D6SP-0001,available,1686217023,1686476223
txn_3hYVLsv3SETkK17zqrR1Sybt,charge,charge,ch_3OJyVnBTrscs7xbbhcPdPcr6,59900,1972,57928,eur,Payment for invoice PONXNWL8-0001,available,1686237784,1686496984
txn_3YON3bWdzUynxSRrMC0WEieq,charge,charge,ch_3pkcEE8nQNYA5SJTY0oxHKaU,100000,3275,96725,eur,Payment for invoice EZINWPA0-0001,available,1686670161,1686929361
txn_3q0pzCs371CbA3KkukPimOMj,charge,charge,ch_3y57xhRx8IChPOmgi9p2k6Wr,100000,2525,97475,eur,Payment for invoice IBE1HODD-0001,available,1686683341,1686942541
txn_3CFVK5ZPpkAQD8TtHezHZAfX,charge,charge,ch_3JJJ5GCNoKBL6HGtBNjuYCjU,100000,3275,96725,eur,Payment for invoice 5FFBJRL8-0002,available,1686733827,1686993027
txn_3FMM3vqNsEg121tQrRS9iz4X,payment,charge,py_3Db7JyiuanmufivTBgHFEAGf,119800,500,119300,eur,Payment for invoice 1M0IQWSH-0001,available,1686902593,1687334593
txn_3VPUse13N7lzjDPLsezTcYHr,charge,charge,ch_37313AvSzQfytDBfGXp4k44U,100000,3275,96725,eur,Payment for invoice FXISG2J7-0001,available,1686907796,1687166996
txn_3zr50ZMn5COuAvReGm3AGgIm,charge,charge,ch_3uwjMTIdMzqeM1GNd15AjdS7,100000,3275,96725,eur,Payment for invoice XNJNUKJI-0001,available,1686938622,1687197822
txn_3bBVoRBe55T7TuwAGDKGsZAL,payment,charge,py_3PwrkVH18pMBVrMrd9TY6ejr,119800,500,119300,eur,Payment for invoice TSD9S7MO-0001,available,1687084340,1687516340
txn_3j02dVLeYvIVLjXZIgmZAyMV,charge,charge,ch_3aKuBBWUiTcf3vVaESSIoJEz,59900,1972,57928,eur,Payment for invoice C81EYVJU-0001,available,1687273389,1687532589
txn_3FI2bBTO1vDbzVWwhgUTzoyK,charge,charge,ch_3HC9ZrJXnoYCW5kiGMzhrwoJ,59900,1972,57928,eur,Payment for invoice ZOC2FFT1-0001,available,1687427311,1687686511
txn_3y2VEHmuooUmM0tcBkIlQl9Q,payment,charge,py_362zmkrFsMs06HNPWadJoiwm,119800,500,119300,eur,Payment for invoice 44F0IITR-0001,available,1687613483,1688045483
txn_3q9fkCKA35n1iTKBoId1N1uP,charge,charge,ch_3sj6QlViYr7LRu85cVhH7Y4O,100000,635,99365,eur,Payment for invoice WV97T3QC-0002,available,1687900273,1688332273
txn_3UVrGOzx9iWHCW0qwAi7ff9N,charge,charge,ch_3IzXzYJuVNi75dbAIs3acmQM,100000,2525,97475,eur,Payment for invoice QD3E28JD-0001,available,1688749282,1689008482
txn_3wXQ4RUW0omQMjN785J6jUKZ,charge,charge,ch_3wrN0NJ6C12HkYeLw3DpGJA6,100000,3275,96725,eur,Payment for invoice 9E5BRGJ0-0001,available,1688975473,1689234673
txn_3xJWYABxfuDVpRRJ6kCLUJlw,payment,charge,py_3JhRk4jmsZCR7OgVwXqrzuTH,179700,500,179200,eur,Payment for invoice Q4UNDH9M-0001,available,1689003371,1689435371
txn_3w43jETDBjdn5DGHQhC5glIg,charge,charge,ch_3uAgwjhUXE4bTB3oUPwl7Jp4,59900,1972,57928,eur,Payment for invoice ZCPSVU10-0001,available,1689046509,1689305709
txn_3L0szYFtv0pOylxCU6CXtMeS,charge,charge,ch_3AtS7oF00e5jEfIQXdD78iXp,100000,1525,98475,eur,Payment for invoice EW0YUYV4-0002,available,1689059687,1689318887
txn_3tM022msKYXzLfMRdCNgMDmM,charge,charge,ch_3XkjU57mzyTchOACjafgU4LC,200000,6525,193475,eur,Payment for invoice J2E9K0VA-0001,available,1689265692,1689524892
txn_3gN8MpmEhcIr5hUhVwse53NK,charge,charge,ch_3xSTFiOMXN5u584fdQTlC0g4,100000,3275,96725,eur,Payment for invoice 1D0NBJ1Q-0002,available,1689325770,1689584970
txn_3GLQwfW6zn8sLxWssHfN9yKP,charge,charge,ch_3SwdCLNwDG0H7bjC6ZT783Az,100000,3275,96725,eur,Payment for invoice XQ5G7VPC-0002,available,1689368867,1689628067
txn_3wcA1SoFA6NuzlNbbWJmy54N,payment,charge,py_385dgW6QvjAMOocjUl2dHvIw,179700,500,179200,eur,Payment for invoice VIVCE63Y-0001,available,1689376903,1689808903
txn_3qYhEGiletnAeVv2Uxc02JDf,charge,charge,ch_3VWIuFNPf1tGzPsqcsTDRFeL,119800,3020,116780,eur,Payment for invoice TRSIO3FJ-0001,available,1689578924,1689838124
txn_3xzpHClmMWPhPnlvEWbBzm9w,charge,charge,ch_39zRF9czWs56YqYu7hjqp54w,100000,1525,98475,eur,Payment for invoice EDE0S52Y-0001,available,1689584094,1689843294
txn_3TdwKehA7wdh7eKSZnwoeinA,charge,charge,ch_3RbD1pc0Y3H53vUVeysOd4B6,119800,1822,117978,eur,Payment for invoice 0M77NNZT-0002,available,1689618352,1689877552
txn_3LrIsPPsOSs3BvoP0ByvzT7A,refund,refund,re_3Ns5UIQGr7VrB0VLq24UZvH6,-100000,0,-100000,eur,REFUND FOR CHARGE (Subscription creation),available,1689945493,1689945493
txn_37ubNoR8S10UPqBPRCDdaj9x,charge,charge,ch_3gEzznXJmIGy24C6MdzvErLZ,100000,1525,98475,eur,Payment for invoice VCH8KZE5-0001,available,1689946383,1690205583
txn_3BjGpVahmudAK0xFKSjaE9w1,charge,charge,ch_3s2YQpfDLewYTo18wGFXk0ll,100000,2525,97475,eur,Payment for invoice 9NWWKDVN-0001,available,1690168151,1690427351
txn_3ugf7GBQQmBbGkxvg1mkhLWp,charge,charge,ch_3w1MsQarPgiNKGEMHuZjEQvA,59900,1972,57928,eur,Payment for invoice IB57RTYC-0002,available,1690377371,1690636571
txn_37FnFGnaIh09xtobUThIobsh,charge,charge,ch_3qLHLdQe09ToGH03ISISz8DB,200000,6525,193475,eur,Payment for invoice QVRQNTRJ-0002,available,1690389533,1690648733
txn_3dV3v4WlRPwTLsl7XJFdSIHc,charge,charge,ch_3Q12V7sMdUh3UU5jqU3xqmKL,59900,1972,57928,eur,Payment for invoice E36V4HZG-0001,available,1690559887,1690819087
txn_3Q6mD53rftGpIHmW28rXMtW8,charge,charge,ch_329lLKP4YBYRqedqEKJoB1Nq,59900,923,58977,eur,Payment for invoice 2B0SV10Y-0002,available,1690721214,1690980414
txn_3lCmhaxqbYmq7EsRRrF9kZtk,charge,charge,ch_3zclbufu93mp361qowRjDGWb,119800,1822,117978,eur,Payment for invoice VVBKKI4Q-0001,available,1690773210,1691032410
txn_31QPbUxvKP56ECyWswfRKcp3,charge,charge,ch_3N6xl5Um5ZK4Ye70JtCElZme,100000,3275,96725,eur,Payment for invoice 09GWJYAB-0002,available,1691158167,1691417367
txn_3mWUSnzI4Ytra5s2cZjTYTCI,charge,charge,ch_3Dh3FGLXapvphgZ8OK3ho00e,59900,1523,58377,eur,Payment for invoice IPI5BGJU-0001,available,1691169154,1691428354
txn_3DS5RieEljtbTXSGZsCWUxrZ,charge,charge,ch_3KD5noVN07DlLsNX8uaPK7ej,100000,3275,96725,eur,Payment for invoice KIQM012C-0001,available,1691488941,1691748141
txn_3Fgzsz7PATgg26gs5ZTewR0A,charge,charge,ch_3dwPbb1asxRmBGOQWn1lHlau,100000,1525,98475,eur,Payment for invoice 7R6RNV5K-0001,available,1691574070,1691833270
txn_3a4ESfsypKPe9DA3cu43u4L7,charge,charge,ch_3L1avIPX1oIRdhcf9hHQLOze,59900,923,58977,eur,Payment for invoice MELYEYGJ-0001,available,1691576393,1691835593
txn_39isrOO0vEVYu5VFRO5IgRqC,charge,charge,ch_3T6WikYKu11Wk4TmMSUHkwQf,100000,3275,96725,eur,Payment for invoice EI067OQA-0001,available,1691595117,1691854317
txn_3yhcZ963JQg6aNRlxJyapVnx,charge,charge,ch_3yIlPSHW4w0Y0xSVhjoep4e6,59900,1972,57928,eur,Payment for invoice 568KNET3-0001,available,1691632384,1691891584
txn_3sMi9WztgxrxVjPAUSPPelwp,charge,charge,ch_3FmQ4R11aO3EMF38HJiJ47Fl,179700,5865,173835,eur,Payment for invoice QMFB2ZRX-0001,available,1691659544,1691918744
txn_3A8p0xqK047NA2RJp76abIyB,charge,charge,ch_39gkIjEO0aEQwjwDL92KZplE,100000,1525,98475,eur,Payment for invoice VFKKYNRM-0001,available,1691689015,1691948215
txn_3bqjRpiOFNmHh3NcgrlWMzpe,charge,charge,ch_3UtZPsKz40EyaVHbjY8A1PyK,100000,1525,98475,eur,Payment for invoice NQZJP7LO-0001,available,1691725084,1691984284
txn_3z7sHBkdDHLeOY6kveEkYbpO,charge,charge,ch_3Tk2t6K3R2WustfshzahJ25g,59900,1972,57928,eur,Payment for invoice GIDVMI8I-0001,available,1692357701,1692616901
txn_3MGFuXVp3BueUBFwdIh6SkaC,payment,charge,py_3EVZDcjlQs1gADvrU8m8vjnN,119800,500,119300,eur,Payment for invoice SON6YC3S-0001,available,1692477328,1692909328
txn_3CbuJ7XdkK9Skw6tdGPDOMZU,charge,charge,ch_3b9WMAHWJVUCus0H8vCzRYGK,59900,923,58977,eur,Payment for invoice NULGHP78-0002,available,1692573525,1692832725
txn_3DGGBSmhgibGmj6tloUu1zvL,charge,charge,ch_3EKJI6beqo09vgUl8qp0SniN,59900,1972,57928,eur,Payment for invoice GZP1DMEG-0002,available,1692621713,1692880913
txn_3lpcFSPDpwxTLHNRB6zmuidy,charge,charge,ch_3tQLhjaN0QpZXiLHeMPcOyKJ,100000,3275,96725,eur,Payment for invoice I8RDS1JP-0001,available,1692703308,1692962508
txn_3P7KLNlw8cVXVENqFSPUhQiT,charge,charge,ch_3eTUde30soICx51MP6oj6xEI,100000,635,99365,eur,Payment for invoice 6Z5H5NIO-0001,available,1692962678,1693394678
txn_3EcmhaCYt6XkD6o2xXmr76hl,charge,charge,ch_3LKEkzo03j5VUYfhGrNIoMAi,100000,1525,98475,eur,Payment for invoice WQRA0L1Q-0002,available,1692965690,1693224890
txn_3LILoMpWjE4r7FmboxUnLOUo,charge,charge,ch_3cYAdMqLqhBjsxD2jo7G3TlU,100000,1525,98475,eur,Payment for invoice FFG96VUY-0001,available,1693240904,1693500104
txn_3fYx9OeBh7lOXNniVaiWKzy0,charge,charge,ch_3fLETz4SCzQYKCbYgi5zQ3if,59900,1972,57928,eur,Payment for invoice I0J5VDJW-0001,available,1693308075,1693567275
txn_33U6oMg2As7ZpbgPhbUcb2Eo,charge,charge,ch_3RmIYMWbjBBYnayyc4i8AHv4,100000,3275,96725,eur,Payment for invoice LPOFPGOR-0001,available,1693380360,1693639560
txn_3nJAfOnszPivh0Vzwhjor0zx,charge,charge,ch_3S4TH51lvbqC9ECrvZGeVh6l,100000,3275,96725,eur,Payment for invoice VXRE15CZ-0001,available,1693454564,1693713764
txn_350HcvDvM9mP3dtKe5MQizyV,charge,charge,ch_34IDq5OyJwpx4P8tptCkXHZZ,59900,1972,57928,eur,Payment for invoice Y7WZ5OVJ-0001,available,1693673177,1693932377
txn_35VyRdQNTtUzG2YykcZ8j1QE,charge,charge,ch_3lmYA1Xy5lbUW2cBCVuh7VmW,59900,923,58977,eur,Payment for invoice M634CUMA-0002,available,1693681442,1693940642
txn_3hklX7SYzXQJm4SAVlJjB7Mu,charge,charge,ch_3t6fBcOIwAfhHKTmxsHwEeAM,200000,6525,193475,eur,Payment for invoice DW69K381-0001,available,1693815663,1694074863
txn_3QYzId5uFYEppSYi1DCiRgSL,charge,charge,ch_32bfmqC7nyQHRwMLtrhKimTc,119800,3919,115881,eur,Payment for invoice PH7ZAT0H-0001,available,1693824022,1694083222
txn_36OfHXd6D3WRDtQxqu27QHVx,charge,charge,ch_3BBJNMaMFovor4MOhBbMmHM3,100000,3275,96725,eur,Payment for invoice Q4WH3OR1-0002,available,1693928360,1694187560
txn_3uJV6xCu7kLpyeT0gVeQtpzp,charge,charge,ch_3TYn7FESgAtpqbdlu3TmCOIm,100000,3275,96725,eur,Payment for invoice QLTSY2DS-0001,available,1693992906,1694252106
txn_3WMGfnnUXfA7yh7Aq457OrO2,charge,charge,ch_3RbVL8nZCQ8mprtd4J4RlknN,100000,1525,98475,eur,Payment for invoice 9DH2NH0I-0001,available,1694090637,1694349837
txn_32dbWyV2hfe05hAwyrUhjbwx,charge,charge,ch_38v4Kjdk9kJzMGd3VXUty6Hk,59900,1972,57928,eur,Payment for invoice MPE6UBDX-0002,available,1694293091,1694552291
txn_3t1mvSDrQdcZTAWaYvQw1lMV,charge,charge,ch_3S2GvyAXu5JQvAkEjKF4gVn8,59900,1972,57928,eur,Payment for invoice 4HECG6WV-0001,available,1694459956,1694719156
txn_3t177qBry2534ZHMdi0al20w,charge,charge,ch_3s5q8hY7WUctfuBCCkMafn4S,59900,1972,57928,eur,Payment for invoice C1U5S4WJ-0001,available,1694460079,1694719279
txn_3ODv53S1LFJrsyvfGiyxNhR7,charge,charge,ch_3IUcYrYp97DGO0H12WKtEMRr,200000,6525,193475,eur,Payment for invoice O0THE94Y-0001,available,1694517111,1694776311
txn_38oppu3cP16gWPmzy4i1gJZQ,charge,charge,ch_37U4vda7y5uaf3mnW6dsTfOB,59900,923,58977,eur,Payment for invoice AFQ59JUV-0001,available,1694683793,1694942993
txn_3FKI5BNvsQlDuLsYhGmVgLLY,charge,charge,ch_3H60R4TbnVrjrrOQyNLJSUhe,179700,5865,173835,eur,Payment for invoice Y47R23Q5-0002,available,1694879216,1695138416
txn_3TDROxaonSEyoAAsVZfVnhJW,charge,charge,ch_34yrREr47TsDNfmOsXnEG6Ro,100000,3275,96725,eur,Payment for invoice AA8DU0IR-0001,available,1694930128,1695189328
txn_3sIOqXE77o2B5241pIHpKt1s,charge,charge,ch_3oO1hyO5SQmGUchp2u9z3kGH,100000,1525,98475,eur,Payment for invoice 74HBPILJ-0001,available,1694976976,1695236176
txn_3JmFG64ko4GfjnT0OnsEc1Ui,charge,charge,ch_3fJrYFlZVtba2dHFU047TKlw,100000,3275,96725,eur,Payment for invoice ZGHWSA5Q-0001,available,1695040277,1695299477
txn_3BY1AqMGI259Z4CqkTVb17Vx,charge,charge,ch_3V3dsTO9EOOto1iMDcEE5ZeA,179700,4517,175183,eur,Payment for invoice JS53K8N3-0001,available,1695057004,1695316204
txn_3QQeKH0wc5O71gjdHP6F5boQ,charge,charge,ch_359r61QuqCwZLm6EgS59Wmwf,59900,923,58977,eur,Payment for invoice GIORQTTL-0001,available,1695104104,1695363304
txn_3rUNhednMrVD8npafIzl1n8s,charge,charge,ch_3oVNoQqlqfLhksMJANHPfN4U,100000,1525,98475,eur,Payment for invoice LEWIJK2R-0001,available,1695113714,1695372914
txn_3X1O3Rf5cnb0zxYSvqyY6ewX,charge,charge,ch_3GJWpipjT0emPXL4bzJl3kBg,100000,1525,98475,eur,Payment for invoice LJK67205-0001,available,1695133631,1695392831
txn_3NZdGLTDKk21MTgPmcro6lsu,payment,charge,py_3VtP0yypBAHMQYDU5V0Ib0Ts,200000,500,199500,eur,Payment for invoice 51U4R1Y4-0001,available,1695142768,1695574768
txn_38CZwlOia1NtwkJHFNzIwyOL,charge,charge,ch_3JxQiApkusdg7A8I5Z3AiMHT,59900,1972,57928,eur,Payment for invoice G8DX6NQT-0001,available,1695208684,1695467884
txn_3USAy7lBINqPD0yaD4jR2bjx,charge,charge,ch_30y5scQHGkk67UsIrey13Ifv,100000,3275,96725,eur,Payment for invoice WOCSCW95-0001,available,1695218573,1695477773
txn_35EhTPhvqGjY7aPNxjdHDUZZ,charge,charge,ch_38PjBia0EHymKSo0G4DatoGy,119800,1822,117978,eur,Payment for invoice 9OBX38MI-0002,available,1695381126,1695640326
txn_3MB9sCgPVUHWK9yxOdI7mYWY,charge,charge,ch_3gDnbCQQpzFyFmu85l2iPdxX,59900,1972,57928,eur,Payment for invoice YHXGMOCO-0001,available,1695384662,1695643862
txn_39gt2BsUKSXpQfbJxmAFbehl,charge,charge,ch_3BTu48BZWplR52BIiUs3SMf0,200000,635,199365,eur,Payment for invoice XWB6TH6Q-0001,available,1695626093,1696058093
txn_3kYsXuVHZNSZDMWI8U2AZLQq,charge,charge,ch_3bZZ05VenrLShmHKoUC8t9rk,100000,3275,96725,eur,Payment for invoice RIBV3UEL-0001,available,1695736663,1695995863
txn_3yb4UCPBfSvHzTmsEVal8PD9,charge,charge,ch_3AuOx0ZnGgveVcouJwRlQUF2,179700,5865,173835,eur,Payment for invoice LH7OQ7MO-0001,available,1695749287,1696008487
txn_3JQIZTOCPSd6cc6IvQlaUg40,charge,charge,ch_3bceIL6bIgaU5AZTfkHutJ4j,100000,1525,98475,eur,Payment for invoice D5L2N5I4-0001,available,1695757608,1696016808
txn_3KUsMZvPbyqfnh0KSlxNtOpP,charge,charge,ch_31gRtuPE2gA81mzFbQspyBHE,59900,1523,58377,eur,Payment for invoice NS9034OT-0001,available,1695953797,1696212997
txn_3cqUdv8IXRLazh4W809eYa53,charge,charge,ch_3uOXX97qvW2ibnQ2X7Xjit3U,59900,923,58977,eur,Payment for invoice 8AGSH8GT-0001,available,1695993541,1696252741
txn_3AS47Bh5wBdH6kigNxPIIMqo,charge,charge,ch_3LoKzvr0xiQ16zndiOoLo0gq,59900,1972,57928,eur,Payment for invoice RBJFCW50-0002,available,1696334085,1696593285
txn_362UTRcHGvMYKNZsklbQGFxU,charge,charge,ch_3w6XQdeOmzcrtH1K6Ulmo2WM,100000,1525,98475,eur,Payment for invoice U6O962IH-0002,available,1696412095,1696671295
txn_3SXMXcaE8QKglI9dhvKbTuiQ,charge,charge,ch_3jEVNIeRNNKalTb1fFPuGI0o,100000,3275,96725,eur,Payment for invoice 3BUMQXJP-0002,available,1696506882,1696766082
txn_3pXi46s9EeH0ghBRfxNFBD3U,charge,charge,ch_3z2WelkrbiAUoECMlmzN0Q9E,100000,1525,98475,eur,Payment for invoice 9T7JAI87-0001,available,1696513872,1696773072
txn_3v4i6AN9nXpyWMAHDhBIfPZ4,refund,refund,re_3NvAP487ciAACv60cKkqCsZO,-200000,0,-200000,eur,REFUND FOR CHARGE (Subscription creation),available,1696687613,1696687613
txn_3lNgjGyaIlzSYOVX8ThpsYSA,charge,charge,ch_3MlqzP6hsy5MtiOduVTlVuHk,59900,923,58977,eur,Payment for invoice U73RG5G0-0001,available,1696847313,1697106513
txn_3igUHibCyTLXJRPCJ2Iht9ed,charge,charge,ch_38sBNxUjPmDiMxym10v7ESwD,100000,1525,98475,eur,Payment for invoice 21AS5K8N-0002,available,1696944132,1697203332
txn_3d4XCSRSpB94O6qVNdzUa3Kt,charge,charge,ch_3zaRnPTAxs3nTnRpAQhbsVuk,100000,1525,98475,eur,Payment for invoice K2KDBSC1-0001,available,1696947624,1697206824
txn_3yvTvLMmI2mYOyPuJktJ7JAi,charge,charge,ch_3pCjuwbzpvPwrwHPDSDT4VEx,59900,923,58977,eur,Payment for invoice DK2384EF-0001,available,1696997550,1697256750
txn_3z5psafdktHsMbtA3nG5cZBQ,charge,charge,ch_3ZcVu1emwdrL04tHUoBYFSAZ,59900,1972,57928,eur,Payment for invoice 4IGPJABJ-0001,available,1697116992,1697376192
txn_31LMYm6LKxfQSjUShLS7RqNp,charge,charge,ch_3nyAInblFpBQUcOCh47u2khO,100000,3275,96725,eur,Payment for invoice I2GWEXOL-0001,available,1697196149,1697455349
txn_3yOREEW69zGb999oW93oDkb5,charge,charge,ch_3qXWebE7pDwjtPfZI8VUykLi,119800,3919,115881,eur,Payment for invoice SCFGNWAH-0002,available,1697387316,1697646516
txn_3TpQurbBXocmThEfchyYVtsU,charge,charge,ch_3aDlSqvWL2fdvG3UPQr29Pe2,59900,1523,58377,eur,Payment for invoice HYXNIN1S-0001,available,1697461672,1697720872
txn_33zdTL6OrFQPjwqVxxVX60g9,payment,charge,py_3F2fKvI3w5ZFhZV0oOv5g7va,13500000,500,13499500,eur,Payment for invoice 0KVOGSE1-0001,available,1697483155,1697915155
txn_3qeoPkUFbL88cPY2bRQQWLZZ,charge,charge,ch_3UvNK9rPFgCByA4WzGP8aWqQ,59900,1972,57928,eur,Payment for invoice 1RGZWWGW-0003,available,1697515657,1697774857
txn_3OOLL1TQ6iBgUaHbbuFZyaXE,charge,charge,ch_3w5GTex47bmo7DUIuYZ1FRg1,59900,1972,57928,eur,Payment for invoice 236GNBWT-0001,available,1697531899,1697791099
txn_3jsfNXLrl0y0kdJUsBvLQ3IA,charge,charge,ch_3V4y84UBmacJQ3qpnHgqF6XG,179700,5865,173835,eur,Payment for invoice NAHBQ1K8-0001,available,1697648415,1697907615
txn_3B9xiEUPi3E3sYK836xOXku7,charge,charge,ch_3Oc6T7cAHba7tZyrRgokjMUw,300000,4525,295475,eur,Payment for invoice 4ZBYALNA-0002,available,1697877710,1698136910
txn_3TkPG4klvVUBVeGDYdoKqDGy,charge,charge,ch_3pqErxtAcUyDpMZZC3rXJjaj,59900,923,58977,eur,Payment for invoice CB75EWYJ-0001,available,1697885908,1698145108
txn_3EKhO33SUFNTPxV1V5IIZTdJ,charge,charge,ch_3nQDGc2U6YrJINW47ztT5I8h,59900,923,58977,eur,Payment for invoice 8R68QMZ5-0001,available,1698053058,1698312258
txn_3NgbTW1kQmqG0eC0FDNhdmDE,charge,charge,ch_34KJuowpk43EdPPriK2M1piN,100000,3275,96725,eur,Payment for invoice 12DD31B4-0001,available,1698145050,1698404250
txn_3v8fyXuKsKbCGk6o9jxShYGD,charge,charge,ch_3EqF5OGgd60D4V7p4eFn6t3Z,59900,1523,58377,eur,Payment for invoice AN2TLXGV-0001,available,1698177149,1698436349
txn_3XlAqziJkApzyd8ITbghy6nn,charge,charge,ch_33UC9R42K0TkJi8vZQsmCbVK,100000,1525,98475,eur,Payment for invoice VGRSXUNE-0001,available,1698224662,1698483862
txn_3znV27xKoXaEAmY63D0qVIxm,charge,charge,ch_3xLjdKh8GqGHJ1hoAonINKN7,100000,1525,98475,eur,Payment for invoice 7A9TRQC4-0001,available,1698347256,1698606456
txn_3l09c9eIjxJ7L3W7SvepCdlQ,payment,charge,py_3qZhHLtCTbJ5iEi7zzhGQV34,300000,500,299500,eur,Payment for invoice V0QMQC2D-0001,available,1698371686,1698803686
txn_3bKuvEjHeWKWUZvVZOU0cmcq,charge,charge,ch_3B2sIygkfSF6UcaAbEHl9ojc,100000,3275,96725,eur,Payment for invoice 1VAY374Y-0001,available,1698422079,1698681279
txn_3RMyZnASb3CTz0sT5S6Z2Zqe,charge,charge,ch_3tPIQ1jzlzagvDfMBT305nzU,59900,1972,57928,eur,Payment for invoice 7JD9WGYC-0002,available,1698432739,1698691939
txn_3dpiOzRQNAEnI8ai3yPe3SEp,charge,charge,ch_3JHl4cjCGn7pP90j3CkbH8dJ,100000,1525,98475,eur,Payment for invoice L24YYBJR-0001,available,1698568179,1698827379
txn_31hKgBbxvR6zgZPptFDxr3zE,charge,charge,ch_3YOWLkYsuCP42oSP4XAjv8pj,100000,3275,96725,eur,Payment for invoice VBR54049-0001,available,1698606645,1698865845
txn_31CVo9abmKDMn6wPmLRTuGtp,charge,charge,ch_3vLyYv9tdZvvCvlCWJGTxBEs,59900,1972,57928,eur,Payment for invoice MHK69X3W-0001,available,1698646312,1698905512
txn_3GSoqINH1AASId6BMzzWbtJe,charge,charge,ch_33cXfCkKMd2z1EX6fJryhgHX,100000,1525,98475,eur,Payment for invoice WL7KE947-0001,available,1698649881,1698909081
txn_3P2xsWE3dleecjfSi1XCzSu7,charge,charge,ch_3ehfgKz6ldzdtKU8g54lRjye,59900,514,59386,eur,Payment for invoice L3NZYTH5-0001,available,1698666852,1699098852
txn_3ESUrWMN0pPDl5K2D0Rw6HxP,charge,charge,ch_3veWempeplYBG21F3M3jSVM3,100000,2525,97475,eur,Payment for invoice 3INZ7E0M-0001,available,1698736736,1698995936
txn_3dHYwaPNWYnMO41wZV2VSzaz,payment,charge,py_3Gqmbri3utKHPCEZMrPQSw4w,119800,500,119300,eur,Payment for invoice W5VODDOL-0002,available,1698804091,1699236091
txn_3en0mJzpNsgduhrrQfi4FPzi,charge,charge,ch_3nyKANsSTLyViEFVoIvkcHra,100000,3275,96725,eur,Payment for invoice VYAYZXNL-0001,available,1698831612,1699090812
txn_3ekIwJ2Prk3Skzd4uQnkKbhd,charge,charge,ch_3X71IGyBNFanaTeL3p3kiNBl,59900,923,58977,eur,Payment for invoice O0OZKCJ3-0001,available,1698919515,1699178715
txn_3kIYEGCviTv1H4A5ZIKtP0z7,charge,charge,ch_3un77XpMHwtk3M2ZA3ZW6O9T,100000,3275,96725,eur,Payment for invoice 1NDERFMN-0001,available,1698924111,1699183311
txn_316I0jOyrSGvVT4lrwbpf92E,refund,refund,re_3luoandtt44g8kkcOq4v0W7t,-59900,0,-59900,eur,REFUND FOR CHARGE (Subscription creation),available,1699085152,1699085152
txn_3WJ7K3VTje9BK5Y7MGamd5a3,charge,charge,ch_3GtLM0b0fU9rfsbUkaJF2js4,59900,923,58977,eur,Payment for invoice B1INSC9R-0001,available,1699283898,1699543098
txn_3WageRejLxMrc5gfX5PlwpxB,charge,charge,ch_3k7RdyjR79S9b85PWSUOba7L,100000,2525,97475,eur,Payment for invoice XSQNJU28-0001,available,1699345798,1699604998
txn_3QM0lxtrWVwxFt8EMm2dFXPv,charge,charge,ch_33ABKJO9d8CLiQfZlldhw9Kx,100000,2525,97475,eur,Payment for invoice P88L0ERZ-0001,available,1699358027,1699617227
txn_3e9IO2ESIQIcpjdNirPf2u5m,charge,charge,ch_35MgdHsgd8bJKyr1EimoMSOZ,100000,1525,98475,eur,Payment for invoice 13QVLUWV-0001,available,1699469393,1699728593
txn_3ctcadOFJF0YqLc2BmHzYnMV,payment,charge,py_3PyhsKDvAyjy0UsTYfoBj1YS,119800,500,119300,eur,Payment for invoice PAPYLN7F-0001,available,1699471355,1699903355
txn_3Dvf4QsfN0sPqzvathVUW9XN,charge,charge,ch_3tKNjOBQLWv7RWgRsFrRINpP,59900,1972,57928,eur,Payment for invoice YT039VIN-0001,available,1699969850,1700229050
txn_3hm9OdDPklC2baqCtsaUwtzf,charge,charge,ch_3asdRZxqWGAblmnhg8HxnM9m,59900,923,58977,eur,Payment for invoice HD5EB9D9-0002,available,1699972351,1700231551
txn_3WnGJPgy4QFaZBZRXfi5eWAn,charge,charge,ch_3ezGWLrizfDuJOt04WofqTIl,100000,1525,98475,eur,Payment for invoice D6O749GT-0001,available,1699995805,1700255005
txn_38iYnDzGFjhvnFQJxkK1HXXx,charge,charge,ch_3QMCg7iwvwm75VDtCTzw0enE,100000,3275,96725,eur,Payment for invoice WU6HICJ3-0001,available,1700127433,1700386633
txn_3VB33iY9G8QX01lMVHwm7zYx,charge,charge,ch_3CWGQVixdeu2oLda9LJLb1UR,100000,3275,96725,eur,Payment for invoice GBVPD1Z8-0001,available,1700194672,1700453872
txn_3r6oL29qc3iRwQcKS7MudYz8,charge,charge,ch_3TCmEWOBj6MNKlgfVwWPln7W,59900,1972,57928,eur,Payment for invoice VXI99B7D-0001,available,1700233626,1700492826
txn_385D7kYKKinshNeddZ311X9e,charge,charge,ch_3GJUrD3gXF8ERkMf1sJlzPyk,59900,923,58977,eur,Payment for invoice LLVFLZ6T-0001,available,1700244813,1700504013
txn_3TxKp76YwLsWMO4MUS1DiHKw,charge,charge,ch_30Vrwa42iejlQoirVEkQhjWl,200000,6525,193475,eur,Payment for invoice G1I4KKL9-0001,available,1700299216,1700558416
txn_3qsvTOcuYA9LAQL4kZPgTP94,charge,charge,ch_3s5GgIs1mcvhbUrLgdL4p9Nn,100000,3275,96725,eur,Payment for invoice O1HG66EL-0001,available,1700512116,1700771316
txn_3iUpK41JtXFmsyINND0v6zwQ,charge,charge,ch_3ELnwPTWxuMFxSWy4Ysjh48j,100000,3275,96725,eur,Payment for invoice O8LC49DH-0002,available,1700555355,1700814555
txn_3cUaBOrTBk0cyDlc6z11SD2Y,charge,charge,ch_3pGPhI4vqaQO8kD8gyy0pnON,100000,1525,98475,eur,Payment for invoice 5NJAXXY6-0002,available,1700626553,1700885753
txn_3o3fIli8Pr9e1sny9gWyjhFE,charge,charge,ch_3lrU1lZpQ1H0hvVcliwHavn7,59900,923,58977,eur,Payment for invoice 37YTIR2C-0001,available,1700670555,1700929755
txn_3ZndTezhmjYC1aXl0y3lwwx9,charge,charge,ch_3iZ9TEKS1b0AzZFc6HhXwPqi,100000,2525,97475,eur,Payment for invoice H00E0SG9-0001,available,1700736444,1700995644
txn_3c5r1hWkhV6BuecvniLB8lsM,charge,charge,ch_3OJ3y0XBSa9aq41ELZGj2aQ6,100000,1525,98475,eur,Payment for invoice VS6D7A9E-0001,available,1700909448,1701168648
txn_3ako6klYtKw34KJ86anAevMJ,charge,charge,ch_3T7WRmgJw7hbp1G8siBQunlN,300000,9775,290225,eur,Payment for invoice 0W87EW9P-0002,available,1700925209,1701184409
txn_3XKh7etpqFuo01KmbwvUK3HI,charge,charge,ch_3bTg0e6b9JKj46S19d2nttp8,100000,1525,98475,eur,Payment for invoice 1MOKYDH9-0001,available,1701111277,1701370477
txn_3ImWHdUNx69uhOZgyAtvhWq5,charge,charge,ch_3WyqVmPbHZeYVFPlqLfhHtG6,100000,2525,97475,eur,Payment for invoice 4KKO72G3-0002,available,1701145136,1701404336
txn_36Oeh8RO2ViD0PXyW4RLEhN1,charge,charge,ch_3Y52oowJYZQcXKtY577uGGPq,59900,1523,58377,eur,Payment for invoice OQTMERAU-0001,available,1701198084,1701457284
txn_3Em01C6nKTyuITN1IC0bRJlL,charge,charge,ch_3Dk1PLLQbwthyazgf6xN28NV,59900,923,58977,eur,Payment for invoice ADQCQFXY-0001,available,1701261887,1701521087
txn_3vh5p9ODrfPqyoT4a3d8ROtb,charge,charge,ch_3ijElm8rWreIfvd9CIlR5b0Z,200000,5025,194975,eur,Payment for invoice MFZLHHRA-0001,available,1701263156,1701522356
txn_3BBdjfr5qPQb41HNXlTkWsJY,charge,charge,ch_3mv6VMWonZH58cve4DwJPAX8,59900,923,58977,eur,Payment for invoice YKXKMNUG-0001,available,1701376218,1701635418
txn_3DXjlzklIJpPRUTODv81xl8v,charge,charge,ch_3zijHTwNewwZbzUOJ87cRW2J,100000,3275,96725,eur,Payment for invoice HHAO76CY-0002,available,1701405968,1701665168
txn_3qbEL3qoHwMsWD2EGi91ehQq,charge,charge,ch_3v5Hz3HdBNrkXLAq1nXAWGDP,59900,1523,58377,eur,Payment for invoice 4T8B3SAW-0001,available,1701412419,1701671619
txn_3MuW9ksBdRubh7A5aDvWEmEf,charge,charge,ch_35smy8ecmG3IUX5GQAwtRhhH,59900,923,58977,eur,Payment for invoice F41IP3DY-0001,available,1701424445,1701683645
txn_3Vcqn2qINMa6e6OFpWBavUJK,charge,charge,ch_3xrSwcUUClnJwXzUK0k2anzY,200000,5025,194975,eur,Payment for invoice U3R7XMYH-0001,available,1701439988,1701699188
txn_3PnGnsMrQ1lYUn0wCAGT5fUZ,charge,charge,ch_3fYocwV1rsBZx51zrEmusVge,59900,1972,57928,eur,Payment for invoice FU5MOU1B-0002,available,1701500545,1701759745
txn_36eSHfCvDIvmT0VzjhBLNfev,charge,charge,ch_3yO6iTjjXs7hREMF6KVJsKnB,100000,3275,96725,eur,Payment for invoice IF4ZJ6TR-0001,available,1701783670,1702042870
txn_3VvqjY3XhmXN9ZfGAB9qO3o0,charge,charge,ch_32Kjdxgv9kH81TUcnsQ01fXM,59900,923,58977,eur,Payment for invoice KOKLI5N6-0001,available,1701795575,1702054775
txn_3LmTQJYru0whQ4R3QIilUncM,payment,charge,py_3dGjHMsvGPmOEqeIU9zqoTKA,119800,500,119300,eur,Payment for invoice 1M0IQWSH-0002,available,1701867673,1702299673
txn_3VvmrGPdxKRWRmUGB2XPZO06,charge,charge,ch_3EMP2QH34ED66PwM1FcYbhwk,59900,923,58977,eur,Payment for invoice SRSB2DWC-0002,available,1701868760,1702127960
txn_39Lx0L0f0kyRdruFt6zqgEIj,charge,charge,ch_3GqmjkJ3zUl9BHsJczAndEqz,59900,923,58977,eur,Payment for invoice KIXXJDFQ-0002,available,1701934618,1702193818
txn_3l1FwNmIKkQlI5eCsQze88dC,charge,charge,ch_390GD5rHSGiQtLZW9nKP0TO0,59900,1523,58377,eur,Payment for invoice U5RDZ0P5-0001,available,1701936276,1702195476
txn_3syJdMeucS4ss1nuaFcBsKEg,charge,charge,ch_3Le5tpHW2vjgb54ETHs5xIUa,59900,1523,58377,eur,Payment for invoice 7OXUQV8V-0001,available,1701963688,1702222888
txn_3uhwcPyhSj7dz3s8SQicb4MI,charge,charge,ch_3FXrQC8QSmSgduYza95W7eLj,59900,1972,57928,eur,Payment for invoice 408BAUUK-0001,available,1701977588,1702236788
txn_31ZDM4NU7nxmnoXw29nA94IM,charge,charge,ch_30G84jPd5XeDmTiqGgLmtq9c,100000,3275,96725,eur,Payment for invoice PONXNWL8-0002,available,1702048984,1702308184
txn_3qJnoJdAGOEm93ZZdosKpvRY,charge,charge,ch_3QhamhRWxFZRxOvnLZycrugw,59900,1972,57928,eur,Payment for invoice FNYJJBHC-0001,available,1702202469,1702461669
txn_3DYe5u5GWTAJnGFyUMOvSBhN,charge,charge,ch_3b4jdKp4a02H0v2kXF9CoNhH,100000,3275,96725,eur,Payment for invoice 3QYYORJN-0001,available,1702275050,1702534250
txn_3HwPwiQgb6LbEaJ7qqKbzVwm,charge,charge,ch_39Wqlc3fEzdOxguXxUeXDEUY,59900,1972,57928,eur,Payment for invoice 2958M1GF-0001,available,1702548280,1702807480
txn_33kJJWkdkiCPOS1TuUG1fDkj,charge,charge,ch_384GWoQug6EG4JW6W9eR7Zi8,59900,1972,57928,eur,Payment for invoice VNU2S7L9-0001,available,1702551651,1702810851
txn_3r8qMf0X7xxkz8CSGqatwU9e,payment,charge,py_32W9K2tIG9jlA6rtkBHAmAHT,200000,500,199500,eur,Payment for invoice QHTJ1UF7-0001,available,1702581663,1703013663
txn_3lC2Mmq94u8G3RIVLtK2emhp,charge,charge,ch_3bo9TEVEOe8ZbOGdsBv1YQOC,59900,1972,57928,eur,Payment for invoice GC6W760N-0001,available,1702628761,1702887961
txn_3pakgWFPaLGVig6i6opJAbEg,charge,charge,ch_390QlJZXigbbzYBv77uugsuE,100000,1525,98475,eur,Payment for invoice 53G33HYX-0001,available,1702631623,1702890823
txn_3mCacs1u5jgW7QIRlYioWfl1,charge,charge,ch_3VGkRyc2IX3E1TjtXnD6y2wE,100000,1525,98475,eur,Payment for invoice J9F1W2J5-0002,available,1702740093,1702999293
txn_3k6hcLWUw5ZzVqJ7KmnagSLL,payment,charge,py_3qtJnn1IYdlPaHfCBVxk1Dgq,200000,500,199500,eur,Payment for invoice 3GP9344H-0001,available,1703029860,1703461860
txn_3FdHWlZboQWpj8kA2o47WtqP,charge,charge,ch_3CM1s78MmSm3KrDPyUjvfutz,100000,3275,96725,eur,Payment for invoice 21TONUU4-0001,available,1703072958,1703332158
txn_3fhMGrGERGGG0ZK7djkGPu7f,charge,charge,ch_3TA60j9Zbk0Y8JJvmujYdrXA,59900,1972,57928,eur,Payment for invoice C81EYVJU-0002,available,1703084589,1703343789
txn_3KFYsrT7GXWaDCkTz9xOAvTt,charge,charge,ch_3ZP6viDwiGivgoCJSGj03cXa,59900,1523,58377,eur,Payment for invoice 052UYI9E-0001,available,1703089705,1703348905
txn_3Vkn0sc0VfuPA5sFkUO7kAvw,charge,charge,ch_3DkBOxXNomaH3e7Rb9HU3Gwq,100000,3275,96725,eur,Payment for invoice 0N4QZWL6-0002,available,1703171313,1703430513
txn_3UdX7pqLXVbUJwd2LO7RTqnZ,charge,charge,ch_3xzR9k6Fv17sUfqBSR9BdXWm,59900,1972,57928,eur,Payment for invoice ZOC2FFT1-0002,available,1703238511,1703497711
txn_3tVUPmbmSYuHHmmDLJZWTR6g,charge,charge,ch_3OY10nF2HU43R4DHfTaHRR5t,59900,514,59386,eur,Payment for invoice 6ZV87VE2-0001,available,1703256727,1703688727
txn_31wB9SEWMbHzaVBnbkFnOs7u,charge,charge,ch_3FEXrXVGixd36yP2TYEra4iS,100000,3275,96725,eur,Payment for invoice PDOG9Z8C-0002,available,1703257454,1703516654
txn_3lLZkZCRqpxM9u25MGd9Gjjh,charge,charge,ch_3b0uHKexNFV5HriuxYQRcSwR,100000,1525,98475,eur,Payment for invoice NZEAVIGD-0001,available,1703265927,1703525127
txn_3e9zKDoAFr5WJ1iSm5CdMOMy,charge,charge,ch_33oobEALlfvbFzw5Y9fvBKb2,100000,3275,96725,eur,Payment for invoice WWH0MG2F-0002,available,1703392477,1703651677
txn_30JuHmNUC7FVlsFnVEfTyjoc,charge,charge,ch_3dQCnKv1EiXrGs6ulFXcaP23,200000,3025,196975,eur,Payment for invoice TN4O738E-0001,available,1703519391,1703778591
txn_3kIt1a9AJgDYjIotuVViGTBD,charge,charge,ch_33tvu7eKTXtglbyulozZvdjP,100000,1525,98475,eur,Payment for invoice K9PVAYGF-0001,available,1703581310,1703840510
txn_3C8jFTzFMuGe2m08URUoICWX,charge,charge,ch_31sKcrfctjre7OVaeCJP6uAO,100000,3275,96725,eur,Payment for invoice KGPGII7F-0001,available,1703602421,1703861621
txn_3O36fDFcXGUVfYd7LCM5FdRg,charge,charge,ch_39jFEsJ5XV5mo7nlyFcmbW1s,59900,923,58977,eur,Payment for invoice AWWY6W1Q-0001,available,1703844603,1704103803
txn_3Y1fxNUWIEU7bc39yvUMYEo6,charge,charge,ch_3h038rR8iNIHtzpASK1VjZbq,59900,923,58977,eur,Payment for invoice 7TZEXWLX-0001,available,1703861299,1704120499
txn_3Oe8mPSnLhGbhC4IFBuIItH6,charge,charge,ch_3lLAh6Mm80XYpiLtnKvACDwY,100000,1525,98475,eur,Payment for invoice OF4WQ4YG-0002,available,1704211679,1704470879
txn_3PgRSkygKuTNTfaTLKH1FNDM,payment,charge,py_31YgzmhUEG8zldX2UDVwPtLU,500000,500,499500,eur,Payment for invoice Q8HX0SYF-0001,available,1704639187,1705071187
txn_3OYRekfFyT0ytS2tVt7Zr0Li,payment,charge,py_3eYbupA2A0Gj5UoSyEMnt98f,119800,500,119300,eur,Payment for invoice 8HGJIWFV-0001,available,1704848061,1705280061
txn_3CWmbAwOw3irumeS0tuJzrz4,charge,charge,ch_3XKN8tGCuQtIGY868VR72orf,100000,2525,97475,eur,Payment for invoice 1QD6RDJM-0002,available,1704887196,1705146396
txn_3xnLNgYIFPXF53HiAODbf7eo,charge,charge,ch_3sAbOKHDIRS319VoeOJ5mLGd,100000,3275,96725,eur,Payment for invoice ZCPSVU10-0002,available,1704944109,1705203309
txn_3dEVOyDg5Pz7OJ2yRUKiavU6,charge,charge,ch_308lGndkFoVan3GL7jL1kYnA,100000,1525,98475,eur,Payment for invoice 4D70M4FA-0002,available,1705144339,1705403539
txn_3CKQhEeoHFL0h3YIiLn6Ms27,charge,charge,ch_3YeZkJnyLQCBv4GpwNJT0VZg,119800,3020,116780,eur,Payment for invoice TRSIO3FJ-0002,available,1705476524,1705735724
txn_33OOwiWvoD8YMleLh1WlHluj,charge,charge,ch_3YDrRUfp3Bvr7NGG3471CuIa,119800,1822,117978,eur,Payment for invoice 0M77NNZT-0003,available,1705515952,1705775152
txn_3piflU7zsM8IsWuTJ03DAnzK,charge,charge,ch_3qk4jcj5Gsi6BWlGFJ593v8G,100000,1525,98475,eur,Payment for invoice MU1D2AKN-0001,available,1705572120,1705831320
txn_34jUO1pmqzFlLPK2W6IBmAYl,charge,charge,ch_3S4CyPxxIWUMSxwvhAYf9PQA,100000,1525,98475,eur,Payment for invoice X174F7HP-0002,available,1705684328,1705943528
txn_3OCauZ3fKQxsPqgxQLFnymu7,charge,charge,ch_3gzZSPW0Cs7qXuHRZJSSarT9,119800,3919,115881,eur,Payment for invoice PZCDJHHR-0001,available,1705772013,1706031213
txn_3fW8CRS6pxXtt5UYuPAXvwf8,payment,charge,py_3ZJowAfTIep2p8BOza5pv9h5,179700,500,179200,eur,Payment for invoice VIVCE63Y-0002,available,1705802503,1706234503
txn_3Mo4e9wK3RyUpPtCnyABSeSy,charge,charge,ch_3HPWj1eoQPUEFOkDjmV1gsK2,200000,6525,193475,eur,Payment for invoice E36V4HZG-0002,available,1706457487,1706716687
txn_3bNHjni7hjlkZifbtGpO8TLH,charge,charge,ch_3F1RxKoCFBGzN6fUbyYHIF9r,100000,1525,98475,eur,Payment for invoice 5VFN7X1C-0001,available,1706467630,1706726830
txn_3qblmPTQvVy6vID6RJssRwaB,payment,charge,py_3JWuYnvQSZxjyF141W4yStzs,119800,500,119300,eur,Payment for invoice 44F0IITR-0002,available,1706548043,1706980043
txn_3UvblekyMMGqXITeUXwIgiUV,charge,charge,ch_31jgcXqsdxEAzJyWPmfX94fE,59900,923,58977,eur,Payment for invoice 2B0SV10Y-0003,available,1706618814,1706878014
txn_37f1bHhSrOlM3UdtU5kS7UQv,charge,charge,ch_3AAx0VowbbMTsePrOTclXX9J,59900,1972,57928,eur,Payment for invoice ER74MWQX-0002,available,1706790602,1707049802
txn_3JVTO4uFqWwuvFWZoc4Pe9Tc,charge,charge,ch_34tpZCFHC2nzrSMIjCSle7Z1,100000,1525,98475,eur,Payment for invoice Z57IOLF3-0001,available,1706807390,1707066590
txn_3hh7NJ131X2IuJohm70AqCzO,payment,charge,py_33PgmcgQ68WTp75CV3hknXd8,200000,500,199500,eur,Payment for invoice 3FIAM0OP-0002,available,1706818158,1707250158
txn_3MfhKgZhSrmh6D736QMq7yM1,charge,charge,ch_3vDdiLR3AgtxcR9n59OfovBf,300000,4525,295475,eur,Payment for invoice VVBKKI4Q-0002,available,1706934690,1707193890
txn_3MYQs7V5rXWDhT65XfhUGiYB,charge,charge,ch_3D75FQCzaiV0vKfiiMUuXW2s,59900,1972,57928,eur,Payment for invoice MKB8XQ0U-0001,available,1706944232,1707203432
txn_3mcLUsqTNALVksb8i1zIfHTR,charge,charge,ch_3bZO05R4nTr43JyivSF7u8dx,300000,4525,295475,eur,Payment for invoice A4MJCXRE-0001,available,1706982614,1707241814
txn_3dlRJNF6yEqdpYAv4rZs1Jp7,charge,charge,ch_3XpRJHERQxd1PpTFX5tNaPu6,59900,1972,57928,eur,Payment for invoice O72DXS4A-0001,available,1707118550,1707377750
txn_35jufezo986knEJDV8o50xGb,payment,charge,py_3YJ4gjDdy9U7nRibXopubAr5,200000,500,199500,eur,Payment for invoice 9S907EPY-0001,available,1707132427,1707564427
txn_3x1KS8wMh62u6LUeBcWHQHPg,charge,charge,ch_3FaNWOvGHMNDtpNBJb1l60lI,100000,635,99365,eur,Payment for invoice QJA6YU3J-0001,available,1707135969,1707567969
txn_35Vc3Ww6jO2AOuKpWGl5xfb7,charge,charge,ch_3uz8OIq5MWWI8iOQOih79X1L,119800,3919,115881,eur,Payment for invoice FFOZ3WTL-0001,available,1707322356,1707581556
txn_38MyShIFmEB9wmdFxvaaPiiE,charge,charge,ch_33VV3UMyoHLDtn1vbYUqNVTo,100000,3275,96725,eur,Payment for invoice T6KDXTKB-0001,available,1707385193,1707644393
txn_3DqGtAt8tp5cADw941wvAGhv,charge,charge,ch_3Wt8YNcHUX6Pz9zQt0jLq0vx,59900,923,58977,eur,Payment for invoice MELYEYGJ-0002,available,1707473993,1707733193
txn_3vuEaG63PPk1XK2KdYw0LAOp,charge,charge,ch_3ksPKAzIU3dYuJREG1NjfDhe,179700,5865,173835,eur,Payment for invoice QMFB2ZRX-0002,available,1707557144,1707816344
txn_3NxkQcbBfCGTzuGLZjAkpTat,charge,charge,ch_3lPUt0ztiTBjWb2gnm9FmlpD,59900,1972,57928,eur,Payment for invoice T9TXXSII-0001,available,1707838445,1708097645
txn_3REon8QdtMgV1Jn3gYFsSgtq,charge,charge,ch_3epWoXDbj0WPV3DRGwCXyVnC,59900,1972,57928,eur,Payment for invoice WF6H73VG-0001,available,1708010070,1708269270
txn_3sK1MC1kF6dpv57VrV2KjgTr,charge,charge,ch_33Evy969SwK0WhuwnJxW5DvG,59900,1523,58377,eur,Payment for invoice P0U8Y82R-0001,available,1708016241,1708275441
txn_3OQdHoSZEjca6ev6jGrFAKbe,charge,charge,ch_3csHaryxcHhHNrkMIhDCK1hS,59900,923,58977,eur,Payment for invoice YSV9TTYA-0001,available,1708036299,1708295499
txn_3T6CosEOmP1kw9M2HIBG29aN,charge,charge,ch_3SZ9uvFY1KtjCNvlNqERtW1N,179700,5865,173835,eur,Payment for invoice 9MSKIS41-0001,available,1708058354,1708317554
txn_3gSVATSTWiE0iW1EokeC1ind,charge,charge,ch_3NedZZEDRct0PIJtFqNsRlXe,100000,1525,98475,eur,Payment for invoice YS3H7407-0002,available,1708171517,1708430717
txn_3j5M1hiRrgxLkS55ApBbhB9M,charge,charge,ch_33IiHc2RtCnuESNaHsfQ6Axe,100000,3275,96725,eur,Payment for invoice 33MMDWIJ-0001,available,1708178866,1708438066
txn_3mdKw41fUoi7EgqcQf9rQcHP,charge,charge,ch_3IMTEGYd8pBJ7luGMBec1iMu,100000,1525,98475,eur,Payment for invoice DBH8QV6Y-0001,available,1708185057,1708444257
txn_38ms8z37n79tHjlAhbqwvZ6B,charge,charge,ch_3Sg2T6JLUADOrpJCjouezjl5,100000,1525,98475,eur,Payment for invoice PJGTI7QK-0001,available,1708236508,1708495708
txn_3QGU19P9yXdkLZvX1RXFku5N,charge,charge,ch_3ZPhiKLCovrqG9S07inVuXMw,100000,3275,96725,eur,Payment for invoice I557C1JD-0001,available,1708255252,1708514452
txn_3ytYPHcas9sg3UWCTzrxmKiI,charge,charge,ch_3GOvwp5zi4JeuHm6zG1bGnVG,59900,1972,57928,eur,Payment for invoice GIDVMI8I-0002,available,1708255301,1708514501
txn_3fc8Q9BtQfcWtruszxEJaNiC,charge,charge,ch_33UYYPjqaxBaIMq8AIRi9eCw,59900,923,58977,eur,Payment for invoice 8CN70BHI-0001,available,1708327892,1708587092
txn_3MoqHn5MzVGeXtcArYTBDq2J,charge,charge,ch_361rosTOnduRgTM6YFSywXHZ,119800,1822,117978,eur,Payment for invoice NULGHP78-0003,available,1708471125,1708730325
txn_33TZVskSqzOiKG1WRAIDTnVG,charge,charge,ch_3ACid3gd25M3vphcgzcpRSev,100000,3275,96725,eur,Payment for invoice L6D8M8ID-0001,available,1708507324,1708766524
txn_35JVAYXsJwwtG4NCRAIiBe48,charge,charge,ch_3ZixNW43nFuHT7C9HdTg9sry,200000,3025,196975,eur,Payment for invoice K24OI98Z-0002,available,1708517672,1708776872
txn_3F7KCHq7LBDx4Q4BrlLl7L51,charge,charge,ch_3Pb1xEAht01om58GN3GPxYVk,100000,3275,96725,eur,Payment for invoice GZP1DMEG-0003,available,1708519313,1708778513
txn_3SKLlz7EKzZfV1drmWhoFUyO,charge,charge,ch_3G3ArsyGNGO67LBqGhCNhrS8,100000,3275,96725,eur,Payment for invoice AO2TXNDM-0001,available,1708522160,1708781360
txn_3HvZ2DyabmcOwAhRESeEsj2X,charge,charge,ch_39Y9ImAIT10uV7a7Caul937m,300000,9775,290225,eur,Payment for invoice 9RRDV3VP-0001,available,1708624347,1708883547
txn_3NWu53sGMuixhi9DLztgFlg4,charge,charge,ch_34vXQy5v6s4mGj598k0ZNxD7,100000,1525,98475,eur,Payment for invoice 1VE016B4-0001,available,1708638149,1708897349
txn_3A0YOleGklw06BVH07suzQMx,charge,charge,ch_3b7K2lf13Nl3FVHiDEIOTWZb,100000,3275,96725,eur,Payment for invoice PYTD353R-0001,available,1708683052,1708942252
txn_38pwstipUaEUw0bL2IhkonRk,payment,charge,py_3BlY6ZkgDOsFEOEyHQfrf3rB,200000,500,199500,eur,Payment for invoice SON6YC3S-0002,available,1708957828,1709389828
txn_3InMPvzveOZeccWDxcxNvfsB,charge,charge,ch_3Q6DehyDu5QpfEHy2O9AcW1M,100000,1525,98475,eur,Payment for invoice US6U0X39-0001,available,1709049945,1709309145
txn_3cEWd22Pkci6eEyqazhQ7SA9,charge,charge,ch_35yO1WAoWIzsDIKDdDEq44w2,100000,3275,96725,eur,Payment for invoice QLIHB5JV-0001,available,1709062856,1709322056
txn_3m8zVXiUCJvRw2gQ398OiA4T,charge,charge,ch_33ukQN81R1QSqil3Tf3sfg3K,100000,1525,98475,eur,Payment for invoice Q83VWM7Q-0001,available,1709110035,1709369235
txn_3HDITZ0muB1GVg1qV8NR7aDm,charge,charge,ch_3H9qLuV6Ay9edt8wCEGoAiRh,100000,1525,98475,eur,Payment for invoice C7DBSQHJ-0001,available,1709217867,1709477067
txn_3wSo4SqNFpZwSeWdMx2VDpVE,charge,charge,ch_32u2sAJQmqjLfkB95oLRbXzD,100000,1525,98475,eur,Payment for invoice 13QT4UCM-0001,available,1709369312,1709628512
txn_3cdV7D31bT2zcHTWSyGaXCtb,charge,charge,ch_34nR4a1Wdi5ukhSF9nAscVCs,59900,923,58977,eur,Payment for invoice M634CUMA-0003,available,1709406242,1709665442
txn_3LjK6GRp3VlDYrymxDjnuxXI,charge,charge,ch_3CXgHSQDcgBr4rNtIbfD56ls,300000,9775,290225,eur,Payment for invoice XAFR4MYO-0001,available,1709557164,1709816364
txn_3VgU2cAc3SbCPe8tdQD7nPBc,charge,charge,ch_3yZbuOIE4wsVXcZi7E6er7tJ,59900,923,58977,eur,Payment for invoice M4YESZGN-0001,available,1709577576,1709836776
txn_3V3ElKB7JNOfBTf2lOIRBkxf,charge,charge,ch_3BJdu7bVMDLVWXdjqBdv6hSP,100000,3275,96725,eur,Payment for invoice FATN8TYD-0002,available,1709732069,1709991269
txn_3AfbYKh5mqyxt0EBFItEF04O,charge,charge,ch_3EQQHUTDKqpeEBRADAYXlQ5a,300000,4525,295475,eur,Payment for invoice 6ZNKFINK-0001,available,1709830411,1710089611
txn_3keBSXGYNcR6mVhMuZXsgnFZ,charge,charge,ch_3QhnHbmJVcGCBgF6cq1Rdh4N,59900,1972,57928,eur,Payment for invoice NPNVGED9-0001,available,1709971420,1710230620
txn_3BbH8ochG8zGLaCRvXVhTqrw,charge,charge,ch_3JUtnm05zQWa35DcUesahpb5,59900,923,58977,eur,Payment for invoice 1645DQSU-0001,available,1709990088,1710249288
txn_3m2UUwljI1CrWuL2bCU8vGde,payment,charge,py_3UKb1XD2Nz8csjHCO6c3e8nW,18000000,500,17999500,eur,Payment for invoice LXFRP4JG-0001,available,1709995897,1710427897
txn_3cHfXfIVwSFcFftgYq58e2L5,charge,charge,ch_3WNmq0sqUg97n5qLwMsh861A,59900,1972,57928,eur,Payment for invoice MPE6UBDX-0003,available,1710017891,1710277091
txn_3j3pKKhi2zD1D2mxAfBD9ylT,charge,charge,ch_3gWS64QaURY7d5xyy9wkdOk6,100000,3275,96725,eur,Payment for invoice 68OR5HJG-0002,available,1710064476,1710323676
txn_3evIT2Frg9tUmpN12LgRgs42,charge,charge,ch_3Tn40trrIgO9P2YLAQTxmysz,59900,1972,57928,eur,Payment for invoice 4HECG6WV-0002,available,1710184756,1710443956
txn_3mmApEx985AcJiPj0OgyMDb4,charge,charge,ch_3mUDMTt5T3tMP6HWq5c1du8H,200000,6525,193475,eur,Payment for invoice OBBRY387-0001,available,1710269184,1710528384
txn_3uGFlj6q0haQqq8txNTwf7Zt,charge,charge,ch_3uATUQ0tDI93tRun11pL0c5i,300000,7525,292475,eur,Payment for invoice I2YCZXO0-0001,available,1710329753,1710588953
txn_3jDCpqMygU7oR1av0ZAC5vCR,charge,charge,ch_3R0KXEBWTRB1QhQZMqD83tC7,200000,3025,196975,eur,Payment for invoice X1HLN5KO-0001,available,1710336545,1710595745
txn_3OfEE4aC7ZjgJyA6qhEngnug,charge,charge,ch_33QFk7xyybQe89E3BnMejyO6,239600,7812,231788,eur,Payment for invoice Y47R23Q5-0003,available,1710342416,1710601616
txn_3g5T2auJnaw0CaRpJbcDdeBx,charge,charge,ch_3gveL3Z5Rspf8d7bJPklvP8B,100000,1525,98475,eur,Payment for invoice JAR825UZ-0001,available,1710483410,1710742610
txn_3KLYbQyVUMYmeHAYMt6oggD6,charge,charge,ch_3Okfe5uVEAz7VUF3OSKE0iZA,59900,1523,58377,eur,Payment for invoice 2ZHMLFYU-0001,available,1710581516,1710840716
txn_3H5wkazIKyy4WmmqM1DQgGEj,charge,charge,ch_3rr27DLD8B88ijr2XU0QpBg8,100000,1525,98475,eur,Payment for invoice IMHZ39VZ-0001,available,1710663123,1710922323
txn_3jMaXUTyuJRP4U1NpHPdbk8J,charge,charge,ch_3BKIi5NB2lmZkiEn9QoIJPU7,100000,1525,98475,eur,Payment for invoice 189JF6NQ-0002,available,1710933228,1711192428
txn_3i2CyT3cyjcJmW7RpJl9Ifn6,charge,charge,ch_3iPPH4FeAKymdNgJNoFWD5dL,100000,1525,98475,eur,Payment for invoice YRRA8BOB-0001,available,1710946689,1711205889
txn_3b62fOpwrmH4Ao0PlVR55woD,charge,charge,ch_3d6awxNmy9Kk6aTx8HjVtlNe,200000,3025,196975,eur,Payment for invoice H6VQGJD0-0001,available,1711192068,1711451268
txn_3MMZODWqmn2QrFOb3CkoV3lF,charge,charge,ch_3HWevII3MdsbJaH7nfla6iop,300000,4525,295475,eur,Payment for invoice Q50L9PGX-0002,available,1711276834,1711536034
txn_3AuGUHOggpZcMYrcaDdF0mGY,charge,charge,ch_3O3FqePsYwEC7GkXCquKK25G,59900,1523,58377,eur,Payment for invoice VX8BHIGH-0001,available,1711277296,1711536496
txn_3oSupVhExBxwymEzyytZyyKJ,charge,charge,ch_3vyZg1wciyBjoEcYMKdd7MZr,119800,1822,117978,eur,Payment for invoice W6CSFX6G-0001,available,1711429032,1711688232
txn_3YtOmKBx3NIUXqI9hKNc6NMc,charge,charge,ch_3ihTDWpTXRld03er3yNmtvE0,179700,5865,173835,eur,Payment for invoice LH7OQ7MO-0002,available,1711474087,1711733287
txn_3otSVGbb0reeYRyQjLASdvkQ,charge,charge,ch_3lKIWnCDbcR7vbyI9JfCI7RK,59900,1972,57928,eur,Payment for invoice FLT5S2O8-0001,available,1711522529,1711781729
txn_3RMos5BRW4DyZ6RQExl62o8H,charge,charge,ch_3vraHewSeNa4BvHNBAffgqYq,100000,1525,98475,eur,Payment for invoice HOLVJT0J-0002,available,1711526426,1711785626
txn_3Z86LIbAHM15bJEYpYMntKYX,charge,charge,ch_304GhIgwNgBjN7JU0zsdVSaz,100000,3275,96725,eur,Payment for invoice 45YD5J4N-0001,available,1711576623,1711835823
txn_3s7OL14qpZ4fYXWLETT7RTmW,charge,charge,ch_3mnDEEhdXjknFY3v5wGMxZ04,59900,923,58977,eur,Payment for invoice 8AGSH8GT-0002,available,1711718341,1711977541
txn_31HvmZ1iJEce3EiKB8F6WFDV,charge,charge,ch_3l3uDJOk43erE6Nl8WGDj6LV,119800,1822,117978,eur,Payment for invoice 9OBX38MI-0003,available,1711800126,1712059326
txn_3TMA1ON8Q5UIIcJHp9qI6Lic,payment,charge,py_3oUZkvnPL530QeL6f8UQSeo3,200000,500,199500,eur,Payment for invoice AR5T843D-0001,available,1712075910,1712507910
txn_3DcwtIOWpgdeMHP2Tb0Se4yb,charge,charge,ch_38DBtAo0OCezyOkbPqcWlbjR,59900,1972,57928,eur,Payment for invoice 1WXYHWFF-0001,available,1712082020,1712341220
txn_3iQKn5XLpBV07VoO0czG49aU,charge,charge,ch_3TkCgcl7FLbklauaHrZyjr8w,59900,1972,57928,eur,Payment for invoice RBJFCW50-0003,available,1712145285,1712404485
txn_3Xf998HbkmEO7JTTcJJERhKs,refund,refund,re_3MPWPeloy3E8FMqTqg3Eo3yk,-200000,0,-200000,eur,REFUND FOR CHARGE (Subscription creation),available,1712154828,1712154828
txn_3ufRc7m5OGySQz3rXmE3AGOm,charge,charge,ch_3iY9bdMOagRrk4Udpvv24Ju7,100000,1525,98475,eur,Payment for invoice T6AQ4B6D-0001,available,1712249212,1712508412
txn_3h45AgwN4FzkuuZBWkekj6Dt,payment,charge,py_3VXXjU7WPavdRL5fG81hy9uH,12100000,500,12099500,eur,Payment for invoice JYJW87YV-0002,available,1712344527,1712776527
txn_3QCxo8ml9zSIpNMaCii8LP6S,charge,charge,ch_3PQHNSLxhdRSGhjLsVqckOGj,100000,1525,98475,eur,Payment for invoice CLUH2M4Y-0001,available,1712494595,1712753795
txn_3x3HSr3SHi7y60neg1RgLyxH,charge,charge,ch_3RfWZSfsRc1K4TEg3kvpkjYL,200000,6525,193475,eur,Payment for invoice JWGM9RRC-0002,available,1712498338,1712757538
txn_3iT9pv2dhGqoQomXwxkg33Qu,charge,charge,ch_3a6t5i2I6kdg6HjlQuOB610F,100000,1525,98475,eur,Payment for invoice IGJ2B3G7-0002,available,1712504499,1712763699
txn_3KRZRN9fION9z3UOp2U0R0T0,charge,charge,ch_3JGta2C8jTdFNcYuMS1ldkpa,100000,1525,98475,eur,Payment for invoice OJ5O1L6R-0001,available,1712618721,1712877921
txn_38FSWiwEQUmiNVtWepztE6T7,charge,charge,ch_3zPtXm4rxJpVU6iw1cHxd1jB,100000,3275,96725,eur,Payment for invoice 6EN75N71-0001,available,1712642985,1712902185
txn_3cA5h4EuGMp93Gh03CDEgwaR,charge,charge,ch_3KQwNEMZVLETSwB1KXDhhI6V,100000,2525,97475,eur,Payment for invoice LP5EODMM-0003,available,1712657707,1712916907
txn_35nnuB82qncUYrgVNHqYlauD,charge,charge,ch_3fUI2cdwqq6ZvcA2A9e01sI8,59900,923,58977,eur,Payment for invoice U73RG5G0-0002,available,1712658513,1712917713
txn_3NDk1zD7p9cuM4ZSDkYaVRsV,charge,charge,ch_3OHBei561eHbCNOH2zySMxzW,100000,3275,96725,eur,Payment for invoice DH7NTWAX-0001,available,1712684302,1712943502
txn_3LnRGEWWDjcLiadK6lP9O88f,charge,charge,ch_3tWWghLDfPl35jumGJ18rE3j,300000,4525,295475,eur,Payment for invoice DLD5QMB4-0003,available,1712776801,1713036001
txn_3FZwRN8GnYqv6hAYWDM7v6vi,payment,charge,py_3AkzapG8pP6l3a2CLmd0NjZQ,500000,500,499500,eur,Payment for invoice O25CK48W-0001,available,1712859153,1713291153
txn_3GCsBfbCEM1zLYYS8Rz9uaCb,charge,charge,ch_30nIQf1VMKHGMKHEOMj8ZH1x,100000,3275,96725,eur,Payment for invoice U5WOV342-0001,available,1712865435,1713124635
txn_3n6F8bSw01usijdeWLzUvqu8,charge,charge,ch_3L9RW03HZPaLNmDktV5ja35t,119800,3919,115881,eur,Payment for invoice 4IGPJABJ-0002,available,1712928192,1713187392
txn_3OiQ4HjmvMVvQCVQMI4M2cLZ,charge,charge,ch_3Gx7jAa5koUbExbdQAWrxH5Z,100000,3275,96725,eur,Payment for invoice KTL8K49N-0003,available,1713124903,1713384103
txn_3QOvP3TulC46CfZF0q3uBxK4,charge,charge,ch_3GiazdrAk9T0tEFiJKPwU9MZ,100000,3275,96725,eur,Payment for invoice S6UU6KS5-0001,available,1713171769,1713430969
txn_3vyS6TqSDeCeDS2Kgd4rFOl0,charge,charge,ch_3409rUPh2aJ8hn9pnrDPWLOG,119800,3919,115881,eur,Payment for invoice SCFGNWAH-0003,available,1713198516,1713457716
txn_3vye8CHI6QdCFnocd1HWdWHG,charge,charge,ch_3p6N3aCMV9zpugxbwz9xRl9H,59900,1972,57928,eur,Payment for invoice 1RGZWWGW-0004,available,1713326857,1713586057
txn_3uYa8N7jpAL7U8m1JhuL7jxR,charge,charge,ch_3QDv33K9dhaegHUmlNQLy5eF,59900,1972,57928,eur,Payment for invoice RZ3WHZYK-0001,available,1713370912,1713630112
txn_3ylFTqJ8MdLiKWVlu4dDdMCs,charge,charge,ch_3Ig4KAtiJrJCWjZQXZq6t5zn,100000,2525,97475,eur,Payment for invoice OIVOGH6E-0001,available,1713447966,1713707166
txn_3EJwzwV9JOfGChdChxCQn6No,charge,charge,ch_33sZj1m9P1wqL6bfZfOgfSZA,179700,5865,173835,eur,Payment for invoice NAHBQ1K8-0002,available,1713459615,1713718815
txn_3rTRBCC1ZPutKfRPBkU8SvsN,charge,charge,ch_3dtiFsWUUqk8557qLWg0HWvh,100000,1525,98475,eur,Payment for invoice O34CQ44W-0002,available,1713507204,1713766404
txn_3PPyFUV2Fu7RxWZ64ywJVHBk,charge,charge,ch_3bJjhrLMzfddv01mbUBRyPrn,100000,635,99365,eur,Payment for invoice Q5NF2GPM-0002,available,1713526282,1713958282
txn_3aIAbWp2jsSqSmsJk4bx9rCa,charge,charge,ch_3mURpZW1eaZ9ZprD1qT9Fd54,100000,1525,98475,eur,Payment for invoice Z55URJGG-0001,available,1713771843,1714031043
txn_3b82DqfBefJ56jjjqKhsJtHm,charge,charge,ch_3wycxv5kBMieg8Zolv4nMYRJ,59900,923,58977,eur,Payment for invoice 8R68QMZ5-0002,available,1713863852,1714123052
txn_3xnJ2NGOCF9euuZD7wLqdMYj,charge,charge,ch_3d9Zujo0Wi6CARNYrQHIhFiE,100000,1525,98475,eur,Payment for invoice JZ60BV03-0001,available,1714062432,1714321632
txn_3XosdEagruMY7ZdqnbdvDi69,charge,charge,ch_3B98oiwBwpRoxpvbyFdQnxsr,100000,1525,98475,eur,Payment for invoice GAG2FRDK-0001,available,1714137143,1714396343
txn_38nMMMeG0Dd2RB3xHShN4ct7,charge,charge,ch_3v07bOz2i0HOGvyBfjPfzUqQ,100000,3275,96725,eur,Payment for invoice QBO2SC2X-0002,available,1714247299,1714506499
txn_3RpAYdcMipCXnJWfU5ysZvsG,charge,charge,ch_3p4nJlX6roNbNLnePHY4vZne,100000,3275,96725,eur,Payment for invoice P4NLWV5K-0001,available,1714258541,1714517741
txn_3bBrEhXLs6KW6jDXpoASUBg3,payment,charge,py_3v5dgzJdFnHgvmuWDV2ikKHM,300000,500,299500,eur,Payment for invoice GCVP3QUF-0001,available,1714414827,1714846827
txn_3qfkgcQhnFG6BAtxZuSaJoBl,charge,charge,ch_37CgdmK5fj8pkRIHduP6VrnY,100000,3275,96725,eur,Payment for invoice 00VD1I72-0001,available,1714511496,1714770696
txn_35FXCzepdPZe0u9A0Dzm4tZ8,charge,charge,ch_36Y1lZpeg8IRlzktncNucw47,59900,923,58977,eur,Payment for invoice O0OZKCJ3-0002,available,1714644315,1714903515
txn_3EPMZ8IfPQOL73ToKydWxdLU,charge,charge,ch_3GwzVf4YCdWeUYewbJncDblq,179700,4517,175183,eur,Payment for invoice 1HIWE7TD-0001,available,1714658142,1714917342
txn_3V3YnocvLf1Ohk9kvW9iePiB,charge,charge,ch_3iuJMpjp9nCEpa3FukWaLyRJ,119800,3919,115881,eur,Payment for invoice 8U5NVHG8-0002,available,1714934344,1715193544
txn_3wdqFBAp2lPuye1nvYY3bpYp,charge,charge,ch_3uop1n0PQKDIUrqAlVv3emJq,100000,3275,96725,eur,Payment for invoice F0Y4EY4T-0001,available,1715259141,1715518341
txn_3dCX5CnVuhLAOLwwy0E6uVSN,charge,charge,ch_3M9sOpxIc9UMyTzamNd8xvEU,100000,1525,98475,eur,Payment for invoice 2HC7EV79-0001,available,1715291318,1715550518
txn_33QDslABIzJWRoHPeSWy5WSm,charge,charge,ch_3ZdmbmnrqtFO5yU2BG05UD2v,200000,6525,193475,eur,Payment for invoice RJIKQX4U-0002,available,1715426948,1715686148
txn_3M2Uqxrtrt3FQMGj3h84SiuC,charge,charge,ch_3fzy1yezQqktJLwHNUUiz5Qa,100000,3275,96725,eur,Payment for invoice 6IVDSSI4-0001,available,1715606479,1715865679
txn_3dSfOdNYpV9TEvxxMzYg6vym,charge,charge,ch_35huQeivl1OCDOWQcHcqMYJ6,100000,3275,96725,eur,Payment for invoice JVGQ9FBG-0001,available,1715628383,1715887583
txn_3iqx1TdmU85u0MNQU1CgE3iD,charge,charge,ch_3Fw7TSUQyqRwKBwfpPQ9zNKJ,59900,923,58977,eur,Payment for invoice HD5EB9D9-0003,available,1715697151,1715956351
txn_3hJhCBbwvZJDFUk75NjtNWzs,charge,charge,ch_3mRWQqYuNA5eNUnlXRlqYN9d,200000,3025,196975,eur,Payment for invoice OW6PENIY-0001,available,1715703975,1715963175
txn_36L4sZYmEgvvbLyMMOdsMl9J,charge,charge,ch_3AF86F3BfPMVDMii8QJ5Zl30,59900,1972,57928,eur,Payment for invoice EYG1K9WB-0001,available,1715779222,1716038422
txn_3cbwa8Q4Y9LkKmvniq8VYzRW,charge,charge,ch_3bCdD9WnOXyueJNapng6afR6,100000,3275,96725,eur,Payment for invoice 1E0A23IS-0001,available,1715950308,1716209508
txn_31EWG5dSsVs6I6hESOYTHoGM,charge,charge,ch_3ng6cphlPyOvZ7XAGaiqRMTq,119800,3919,115881,eur,Payment for invoice YT039VIN-0002,available,1715954930,1716214130
txn_3Pg1uGFQVEpLgFrQRfzuUGnb,charge,charge,ch_3sFhkeW6OYOQychcs3qqoJao,100000,2525,97475,eur,Payment for invoice FJW52J9W-0002,available,1715956540,1716215740
txn_3gCDssLUsXqQ07miw1Dy1qos,charge,charge,ch_3eYfERp5N5EAOh6xvKgwJv7u,59900,1972,57928,eur,Payment for invoice VXI99B7D-0002,available,1715958426,1716217626
txn_3T1vTkhoxlV22ET90w0MRuY0,charge,charge,ch_3CMrW0x0fTwtW63vXyyeKGLW,59900,923,58977,eur,Payment for invoice LLVFLZ6T-0002,available,1715969613,1716228813
txn_3zFSegpncgKS2Ib7BwGLsE6y,charge,charge,ch_3hIG5SdOUACJvDcRHo7e91Dr,100000,3275,96725,eur,Payment for invoice BP581E95-0001,available,1716019398,1716278598
txn_3QKDeKmIlq38ZIimKFIUIdHW,charge,charge,ch_30eqnJdL8TKFHtCStl7NIlKQ,100000,2525,97475,eur,Payment for invoice JE1L7MAW-0001,available,1716199290,1716458490
txn_3MAOQ1ceuCi5w5XLJX1BInK4,charge,charge,ch_301kyViHR5HtNzaNC3ASgPfm,100000,1525,98475,eur,Payment for invoice FQIB5NU1-0003,available,1716247688,1716506888
txn_3HqaJMXhdFa61fUkoVHPV4Ld,charge,charge,ch_3TA4buVziTbOM3Zlqxmoh7ML,300000,4525,295475,eur,Payment for invoice UH1MCLSR-0002,available,1716387140,1716646340
txn_3zYjUx54n0RQbhH6HTUV7CpB,charge,charge,ch_3F6B824EWkTkFwilGkVHB3Mq,300000,4525,295475,eur,Payment for invoice C4UHMBDB-0002,available,1716396083,1716655283
txn_3f0B3ZAVyyKC2is8r0nMMGhb,charge,charge,ch_3d7hSPrZajVqk3zO38BJLmnK,100000,1525,98475,eur,Payment for invoice E4K2FYDZ-0001,available,1716399179,1716658379
txn_3AfinLDGoWdKrsQCY3OBqvrz,charge,charge,ch_3TkNrhxTCjl3iTkRzP4GXUCe,59900,923,58977,eur,Payment for invoice 11P31WDL-0001,available,1716461003,1716720203
txn_3DOXELOmWjIYm8MRXD70DGt6,charge,charge,ch_3eKDgQocl2Pee2XS0C5soGkJ,59900,923,58977,eur,Payment for invoice YN85C32N-0001,available,1716538051,1716797251
txn_3R9B01Hds54zxzoiwaPqn5XJ,charge,charge,ch_3Lcu5GenPwgCx7aGT7UIJlMP,100000,3275,96725,eur,Payment for invoice XIBPP4FH-0003,available,1716557220,1716816420
txn_3pzohTpAKopavYeKbGg6RM6U,charge,charge,ch_3YyhsRaD9XRoJBRPSnp2CvJY,100000,1525,98475,eur,Payment for invoice 8OJFJA2E-0002,available,1716621112,1716880312
txn_3dJDlWuysFhw1b8lrtnjaLpE,charge,charge,ch_3Eua4EOM54o7nWpaWaMl9vQJ,100000,1525,98475,eur,Payment for invoice K0QM83IJ-0003,available,1716647154,1716906354
txn_3rUBVJ6Y6TB3CO6pm39VwL0S,charge,charge,ch_3POc1VQgMlW5DmCbkb6DdlDV,59900,923,58977,eur,Payment for invoice WU7CUUWW-0001,available,1716986172,1717245372
txn_3LwU7PCU0cRBcHumZV5QrLhS,charge,charge,ch_3P5Ab9sGULACiwvurH2LbEtt,100000,1525,98475,eur,Payment for invoice KON9EFLT-0001,available,1716996424,1717255624
txn_3LzalF8dJ84hQRB2DZ41gIQP,charge,charge,ch_38gZVB6LsCeFuf6I8mh2jslq,100000,1525,98475,eur,Payment for invoice KXUVQ8RF-0001,available,1717008532,1717267732
txn_3VdflYgBiZ0vFEjklmtOku1A,payment,charge,py_3K0vr9tHb65MGgOuojWB69WA,200000,500,199500,eur,Payment for invoice ZWW9ZNLK-0001,available,1717065505,1717497505
txn_3qvTRW5ZWDFeQxQ6NFZmN0ms,charge,charge,ch_3OZX39v2XYDfS1ENbHVD95VO,59900,923,58977,eur,Payment for invoice YKXKMNUG-0002,available,1717100844,1717360044
txn_3LhiXhwABwDgs6XIbqfJyKgI,charge,charge,ch_3OOc5rJolxCdVN5izzUXrQy0,59900,1523,58377,eur,Payment for invoice 4T8B3SAW-0002,available,1717223619,1717482819
txn_30F1EejLO0Q9RAhJY2IQf7aI,charge,charge,ch_3ey72oTiInRvrY9vxN8HqDrX,59900,1972,57928,eur,Payment for invoice FU5MOU1B-0003,available,1717311745,1717570945
txn_3QdraHSiEqYlv5EBXu0sIunb,charge,charge,ch_3DfINBpSyzRaRD0LEa6OAkmD,100000,3275,96725,eur,Payment for invoice 77YCXY4V-0002,available,1717339693,1717598893
txn_3v6u5Dl2PsdcOGL532sCI6kk,charge,charge,ch_39cb7SuNaVRL4Eph5NWqW0C7,200000,3025,196975,eur,Payment for invoice W7T01JOT-0001,available,1717517050,1717776250
txn_3LsEaHis1QrVhCXuxrdVenRa,charge,charge,ch_32R3IVNv6Rm7ZqGC43P5jvRh,200000,6525,193475,eur,Payment for invoice 7O0P58DA-0002,available,1717591768,1717850968
txn_3ubaoNlU2fzyyQ6e6HFKhend,charge,charge,ch_36ICM6kdZkFTR3la29QHaI5i,100000,3275,96725,eur,Payment for invoice W8AES0SN-0001,available,1717597600,1717856800
txn_3LZmoXNLEpRd5cTmOwiaskZZ,charge,charge,ch_30pIl6Wr8NStndZgI2ycmTxG,59900,923,58977,eur,Payment for invoice KOKLI5N6-0002,available,1717606775,1717865975
txn_3soW7UM50WOcLMUjW9vtT4rO,payment,charge,py_34O6c80lI7UJDuf9qFjchl5s,119800,500,119300,eur,Payment for invoice 1M0IQWSH-0003,available,1717663153,1718095153
txn_3gKZ2VEfxzQtss82E5hPjoyE,charge,charge,ch_3w2CHRSTyebQVEUSPkfYYmY8,100000,1525,98475,eur,Payment for invoice M9SKWKUW-0001,available,1717667163,1717926363
txn_38E7NlXM8vKt3A1ID28RT6in,charge,charge,ch_3dV7CSA0ruFGFsq1bb4FF52S,100000,1525,98475,eur,Payment for invoice 0A6QBUBC-0001,available,1717681126,1717940326
txn_37JQgJhyAi4lzHLO4axW5CcM,payment,charge,py_3AHnfxE7WSFN31euQ08zzqht,300000,500,299500,eur,Payment for invoice SHK1NN0D-0001,available,1717681934,1718113934
txn_3lVCaXuEODa4uZUaAb0tHB59,charge,charge,ch_3nM2yJpsSt3J07GhzKfZSMkJ,100000,3275,96725,eur,Payment for invoice 408BAUUK-0002,available,1717788788,1718047988
txn_34XIubypXVcfqgqjjtef8or4,charge,charge,ch_3K0az79FnlAN0GqdtvmIlPfD,100000,2525,97475,eur,Payment for invoice 2YK6D6SP-0002,available,1717839423,1718098623
txn_36yEPBExRDlMTUi8Vb1Uyv0j,payment,charge,py_3ZeITemUbbcR3d3UMT0aCTLA,200000,500,199500,eur,Payment for invoice 44F0IITR-0003,available,1718032823,1718464823
txn_3pO2wEXtuB53M8ickTR5hgZq,charge,charge,ch_3hDDNDsMTWTbdZXKW53TNzj1,100000,3275,96725,eur,Payment for invoice IDDVFKN3-0001,available,1718041055,1718300255
txn_3JY2ypaGu3GJH9aF8TR4XiZs,charge,charge,ch_3jT7CD2zk3mN99uuZkf8gh7o,100000,3275,96725,eur,Payment for invoice MTGBG7TT-0001,available,1718174641,1718433841
txn_3TWFSqw9f93uBzunZtkbjLdo,charge,charge,ch_38fLbs2nbv12yc2NPxMzjYEV,200000,6525,193475,eur,Payment for invoice 3L5PZQ8X-0001,available,1718287149,1718546349
txn_3gonY8NElPrDqTuslkbv0u1L,charge,charge,ch_3ZldKb7DsNKZaiu4470EPE5z,59900,1972,57928,eur,Payment for invoice SZY65VSE-0001,available,1718304758,1718563958
txn_3Vf3R8UJhXSLs1QJpVHkXOpZ,charge,charge,ch_3H8GaD0XgwSV85yC6GZpKZFe,100000,2525,97475,eur,Payment for invoice IBE1HODD-0002,available,1718305741,1718564941
txn_3einxwtPwlpFrjOgACcShEuC,refund,refund,re_3YZcgpEDRXrIemxM2ga4Ypqw,-100000,0,-100000,eur,REFUND FOR CHARGE (Subscription creation),available,1718312866,1718312866
txn_34kXcajwxvhsX0oaSWXTyS1H,charge,charge,ch_3ygUNq8MBpHOLdWmdaWRoX6u,100000,3275,96725,eur,Payment for invoice 5FFBJRL8-0003,available,1718356227,1718615427
txn_3TyCSWANeq4Fg5PMCZXyOI8D,charge,charge,ch_3BijHYUuS8LByeonONlAjxTT,59900,1972,57928,eur,Payment for invoice 2958M1GF-0002,available,1718359480,1718618680
txn_3vHZJgxqyCyMqRpczCXvIDhl,charge,charge,ch_3AFXnxjUih9s0lbwJw2QOXiv,100000,3275,96725,eur,Payment for invoice L5WHQBDB-0001,available,1718362277,1718621477
txn_3bIVeye5LjAD3RBNjxgqxT3T,charge,charge,ch_3QizWRhN9oYUpbbpune0SW84,59900,1972,57928,eur,Payment for invoice VNU2S7L9-0002,available,1718362851,1718622051
txn_3Jbl4kVPgD96cZAeIcKiUV8v,charge,charge,ch_37NFkIv1zE1FcIOkHdx2QqiJ,100000,1525,98475,eur,Payment for invoice KH7YVZ9V-0001,available,1718385631,1718644831
txn_3bYsPBM9nl9ZNQqqBwBGMv2g,charge,charge,ch_37wboeKBhFfGHpC8ixAJeiXm,100000,3275,96725,eur,Payment for invoice FXISG2J7-0002,available,1718529731,1718788931
txn_3rNGbMWh4WpzyrXPwrZmxj6f,charge,charge,ch_3GtR7MByyirmXXWKuBDJs63o,100000,3275,96725,eur,Payment for invoice XNJNUKJI-0002,available,1718561022,1718820222
txn_3SMPMwGY8ln0vXlay3DuDQod,charge,charge,ch_3n6NUM2W25qyTFTMWCtkZsT4,100000,3275,96725,eur,Payment for invoice 6MQ7OUGT-0001,available,1718796236,1719055436
txn_3DjgwhtpcHp22mwaPSCxleaB,charge,charge,ch_3O1kUBElvpqNcIyWC9GuCY5V,100000,2525,97475,eur,Payment for invoice CD8PS553-0001,available,1718815199,1719074399
txn_3KcJv4nf0f8sddXY8CLFnk7r,charge,charge,ch_3plm0dg5OH6Z5h8SjECrZJOH,59900,923,58977,eur,Payment for invoice HYROR1R6-0001,available,1718859984,1719119184
txn_3gx8WJpqwq6d1D31fnbQu2Or,charge,charge,ch_3R2usbQf1el8s9Rl533b0jpA,100000,3275,96725,eur,Payment for invoice 4WF8GAGM-0001,available,1718997731,1719256931
txn_3xgFQPNF9XJUcAtfp0bUjN2V,charge,charge,ch_3pVwrQ6uszhrrbryaWaLz5Ot,59900,1972,57928,eur,Payment for invoice ZOC2FFT1-0003,available,1719049711,1719308911
txn_3jYrH5JrdT6nLzEbisOQNZ69,charge,charge,ch_33tTkpoGdLx32gca9w7zwIcd,59900,514,59386,eur,Payment for invoice 6ZV87VE2-0002,available,1719067927,1719499927
txn_3VdNufhY6YXzRqW2pRTol8hk,charge,charge,ch_3bXcvLoh8O2viFzCJGyh7syE,59900,923,58977,eur,Payment for invoice KZZ4PMGW-0001,available,1719227403,1719486603
txn_3OQvv6wEA9fS5CnE5uqqBqIv,charge,charge,ch_32BQcUyTNerg1WPJ1L9QdQ81,100000,1525,98475,eur,Payment for invoice 6PJX9Z4I-0001,available,1719339149,1719598349
txn_3JArZhPdEkCghARmkBRfeq7W,charge,charge,ch_3RvFaqmy1gB1fx2qZuTpYjBJ,100000,3275,96725,eur,Payment for invoice C81EYVJU-0003,available,1719591129,1719850329
txn_3n8LqsEnUAXdgjdORFeweG1Q,payment,charge,py_3LQiD1HEaSkL4FjeLpQ7J2VO,200000,500,199500,eur,Payment for invoice A6GWL09H-0001,available,1719595898,1720027898
txn_3bkhnWJ5erko549BtmXTuzfW,charge,charge,ch_34dw3zs8eLRzigMbJYnul4zZ,100000,1525,98475,eur,Payment for invoice 7TZEXWLX-0002,available,1719672499,1719931699
txn_3ff4qo4hO9HkkdHEjZWMSKBW,charge,charge,ch_3kwHdI7RzgddwPmgBaGswiJb,119800,3919,115881,eur,Payment for invoice J7BWYSRT-0001,available,1719699462,1719958662
txn_35i8nNVh0Cg8twPohSWtbca6,payment,charge,py_3sKFNDXlIYv2BCCImXezqlON,200000,500,199500,eur,Payment for invoice SKFVQMNW-0001,available,1719710088,1720142088
txn_3wdPUYEsHMTohlXDLMtixqEW,payment,charge,py_35sy9m3YaO6Ao91H88GBulJ9,179700,500,179200,eur,Payment for invoice VIVCE63Y-0003,available,1719786283,1720218283
txn_3hr0xel7Qd4oGZ3QDM659jZA,charge,charge,ch_3AR2GmaTT59r3KwPUKF1xc4v,59900,1972,57928,eur,Payment for invoice M312NALP-0001,available,1719831651,1720090851
txn_3wlsgm5fjt4pZDrk43pWtcg0,charge,charge,ch_3B4FHFn4b3DdVB9bd3avbJsx,100000,3275,96725,eur,Payment for invoice 72BMHBMV-0001,available,1719942531,1720201731
txn_36srnUffOq1lNbNZN2d7iTGy,charge,charge,ch_3SwoRG2BdEfHYuP99QMpMaok,100000,2525,97475,eur,Payment for invoice QD3E28JD-0002,available,1720371682,1720630882
txn_3C1GDIu5jXrT65nlWzu5oqzm,payment,charge,py_3Mds4lhSPMrqDZpFSl4F2ezS,200000,500,199500,eur,Payment for invoice RMYI1UC7-0001,available,1720439727,1720871727
txn_38xk5Yu6i5Uc2OAHWbdJaTX2,charge,charge,ch_3Kc2CIgO4g2Pu7XkqGKh7dax,100000,1525,98475,eur,Payment for invoice EW0YUYV4-0003,available,1720682087,1720941287
txn_3f3R0LAiX7uWtZFZruvUPH0h,charge,charge,ch_3L0qReQ7yzF0yKPjmusGqYvC,100000,635,99365,eur,Payment for invoice UKT9OS2R-0001,available,1720708091,1721140091
txn_3Qn7mu4w75EmVNi19wXl3BSb,charge,charge,ch_30pg71t22ZDVLC4VHLqxKpQH,179700,2721,176979,eur,Payment for invoice Y43KE2M9-0001,available,1720884368,1721143568
txn_3c1YHkavx8RRgBjq502HMW6U,charge,charge,ch_3zuxWDZjhLs4eZqxy9Mk6rFO,200000,6525,193475,eur,Payment for invoice J2E9K0VA-0002,available,1720888092,1721147292
txn_3Yp3uR0eVAJ74kW4uADqN4x7,charge,charge,ch_3SOeZRflTGibZPhBeHOUg2S7,200000,6525,193475,eur,Payment for invoice 1D0NBJ1Q-0003,available,1720948170,1721207370
txn_3yA3sUfwhAdA4aSPWbfPkyth,charge,charge,ch_3g0s8dRvxCHNQpjioxXiwxgX,59900,923,58977,eur,Payment for invoice SLHSCF5D-0001,available,1721016368,1721275568
txn_3lBtko3dEFT4LKnoKYHToqOO,charge,charge,ch_3ZlUZrhCfMxTsEMGka2K8U45,59900,923,58977,eur,Payment for invoice D3ASRK3H-0001,available,1721038887,1721298087
txn_3NrxJpGzpCgW36nzfPLtyPju,charge,charge,ch_3FAXHMnFJmqev7rJUFuZV1HS,59900,1972,57928,eur,Payment for invoice CDAB7MOG-0001,available,1721041636,1721300836
txn_3GUyFDjQIfLWb3TQkqKh3YMs,charge,charge,ch_3iIvzHfO4713M2t7FeVr62t0,100000,3275,96725,eur,Payment for invoice U5CLNRNP-0001,available,1721065701,1721324901
txn_33o7lr0AyXh3bZcKSJBgV3tw,charge,charge,ch_3aLOglpj0oPS48sHuCBYF0I2,100000,3275,96725,eur,Payment for invoice Z4AKFE43-0001,available,1721202746,1721461946
txn_3vkqB27498vxZwtb8W8FHnF4,charge,charge,ch_35h9f3ZkRgnawOXtO5NGFZTd,100000,1525,98475,eur,Payment for invoice EDE0S52Y-0002,available,1721206494,1721465694
txn_3xgj7h2sua8q03zON0daXwaz,charge,charge,ch_3ca6V9SZHHzSR4uO2QfNWUGn,119800,1822,117978,eur,Payment for invoice 0M77NNZT-0004,available,1721240752,1721499952
txn_3jYrfseJurGRRSx9Nzh70SxC,payment,charge,py_3kYlHXaxw9c9BEL9Xwfk0u6X,179700,500,179200,eur,Payment for invoice PGA423GY-0001,available,1721327461,1721759461
txn_3ovrWCufh0Y7yFiFuvGfSvPs,charge,charge,ch_3PDbMFrixfJ19DD7z2b9IIEl,100000,1525,98475,eur,Payment for invoice F4L1HQPG-0001,available,1721399963,1721659163
txn_3FeXZkKzGESAsxW69v2KFgpc,charge,charge,ch_3RtHiNYRIslj31WQkE9yyuaw,59900,1972,57928,eur,Payment for invoice SQZBJ60U-0001,available,1721458351,1721717551
txn_3ZNQAHepJXCnEwObG6z233M1,charge,charge,ch_3tS9Js1e8qUSaDd6jtIHGaXX,59900,923,58977,eur,Payment for invoice 0GU5FHCS-0001,available,1721481726,1721740926
txn_3W2YG5XBOhkEnj1wlW7M8fKV,charge,charge,ch_3x8J29AMcHT0WmD61YLe9qQ5,100000,1525,98475,eur,Payment for invoice MAHYMCF3-0001,available,1721577840,1721837040
txn_3K4sDCUxmBt9qSJ2pVDyVTLD,charge,charge,ch_3zhpInQjv8WjbM2yl62magzc,100000,635,99365,eur,Payment for invoice 9OJ569P5-0001,available,1721646508,1722078508
txn_3z6OW5f5i1ZUC8hJ9PhS3pU8,payment,charge,py_3ramgfCnpS0MXB7knhvXBJpm,12400000,500,12399500,eur,Payment for invoice VRMCJ2S1-0001,available,1721663099,1722095099
txn_3VWC90leGCL9x3xPYE95cmdG,charge,charge,ch_3ejoaoZtUzMlMQIe0GHjJJN5,100000,3275,96725,eur,Payment for invoice 081YEXMX-0001,available,1721673639,1721932839
txn_3Cxqwd0rBS3GK0gB998l9Iej,charge,charge,ch_3txF64FmTDuCw11gKEcHM7zo,100000,1525,98475,eur,Payment for invoice K9KWYFJL-0001,available,1721909306,1722168506
txn_3AD4S46DfsOGWq8n5QQKBCyV,charge,charge,ch_3ethELjanbei98WDWlrkPRw9,100000,3275,96725,eur,Payment for invoice AA1G47VV-0001,available,1721910296,1722169496
txn_37e0bhXhCtYJGnw4tfMEBtv1,charge,charge,ch_3sepAu1aN98NLCxb2oj4TOsO,179700,4517,175183,eur,Payment for invoice CJQWKMJJ-0001,available,1721912697,1722171897
txn_36Z4Br8JUoTgksmMSheX0SLh,charge,charge,ch_36Dlm5pjKvt0FRDxjoocAj5l,200000,6525,193475,eur,Payment for invoice QVRQNTRJ-0003,available,1722011933,1722271133
txn_3cXeQkSU1ex88lYByZbh84zL,charge,charge,ch_3IrIfNFABiFBZcuQohMBLVSm,59900,923,58977,eur,Payment for invoice 68N2SR5L-0001,available,1722077022,1722336222
txn_3oSUlgYuWlRXeIDsjh8HYc48,charge,charge,ch_3XZcmPODKkd8POC9S31EYG2u,59900,923,58977,eur,Payment for invoice J0MN76JH-0001,available,1722265960,1722525160
txn_3BDfdNCIpqvT8sehCwlFTTCE,charge,charge,ch_3H5lDqOhSSLprMFhaOzPPuGs,100000,1525,98475,eur,Payment for invoice 2B0SV10Y-0004,available,1722343614,1722602814
txn_3SdtrpuKWcwwAx0Ao4Ruxmjk,charge,charge,ch_3cnk58vX1hzoF0SXkqQ3rF2m,119800,3919,115881,eur,Payment for invoice DN6VT8FH-0001,available,1722352774,1722611974
txn_3btioVC0tDx4SiPvpcrIV22G,charge,charge,ch_3OsSvjx8ock4TZs3cNMW48zN,200000,6525,193475,eur,Payment for invoice A8BSXFFD-0001,available,1722580437,1722839637
txn_3ZqNwj9k6XNuG8QP3ZZsAjUP,charge,charge,ch_3OVBhfPhwQTbcfYXLjSBLjoX,59900,923,58977,eur,Payment for invoice 9MGY52SW-0001,available,1722598324,1722857524
txn_3oPSXuPcNIbxosg8RiThc0EY,charge,charge,ch_3k91At26sk8bIdBGGXZbWouO,59900,1972,57928,eur,Payment for invoice MKB8XQ0U-0002,available,1722669032,1722928232
txn_3Ugc1cqaEwFGUMwyP41F7cel,charge,charge,ch_3wAgckNgQGQHQHt8Qmdu87sf,100000,1525,98475,eur,Payment for invoice OAYEC2BG-0001,available,1722726014,1722985214
txn_3EqlgySVZATmoSZvqMyT8uHv,charge,charge,ch_3WjB54H2u5WthLiZ80ZDwmzu,100000,3275,96725,eur,Payment for invoice 09GWJYAB-0003,available,1722780567,1723039767
txn_3PaSoDsrSOUbfd0I2KZ01qz0,charge,charge,ch_3cghGldQb8pNeAKnm99PFLkv,59900,1972,57928,eur,Payment for invoice O72DXS4A-0002,available,1722843350,1723102550
txn_3Rgr4ZTfPSMv1YcxEHUukAXo,charge,charge,ch_3Fz5Ahe2LSXbfNWxdQEbHjbT,100000,1525,98475,eur,Payment for invoice QCYINQEI-0001,available,1722949884,1723209084
txn_3AiRu00wwXc2agyFUwevx0Jh,charge,charge,ch_3pNVySc9ZLz0ueX57p8uyref,119800,3919,115881,eur,Payment for invoice FFOZ3WTL-0002,available,1723047156,1723306356
txn_3biTOgPXfcUwY1cdQuL5q3ij,payment,charge,py_3dUURjcAGyS7qdhgKPo2Vtyc,300000,500,299500,eur,Payment for invoice K2WPR87I-0001,available,1723074165,1723506165
txn_33BqFNmsWVOQTwWLVD2bFLJT,charge,charge,ch_3HfQJx2Zn5LW0r8KA9dg2J6k,59900,514,59386,eur,Payment for invoice C6UV4JPF-0001,available,1723105687,1723537687
txn_3osONqZapHrJjqAaVsR3YNr0,charge,charge,ch_3i4htEHVsuG0p4O0RdFlu515,100000,3275,96725,eur,Payment for invoice KIQM012C-0002,available,1723111341,1723370541
txn_3Q42HRbf3khj16TGx9rzwRc1,charge,charge,ch_3bICjM5YolTQMmMLZPRcOxYD,100000,1525,98475,eur,Payment for invoice MELYEYGJ-0003,available,1723198793,1723457993
txn_33LQjFiaEwpPx18GMijZW6of,charge,charge,ch_39adjiag4aQ9mUFz0Gcg8IbA,100000,1525,98475,eur,Payment for invoice KMVJB2ZW-0001,available,1723240005,1723499205
txn_3EZJZhTHoVEQUCxVeSMBDnxc,charge,charge,ch_3C0jaYa6jHQqAIaENH9Evf16,179700,5865,173835,eur,Payment for invoice QMFB2ZRX-0003,available,1723281944,1723541144
txn_3qLC59xVbmn9QzdWzIDHkb5o,charge,charge,ch_3NJ8MH1fmiEEO1MfWDcGAIHU,100000,3275,96725,eur,Payment for invoice 2WQJKPU8-0001,available,1723460189,1723719389
txn_3PpIeYcabAefiqzV3e4dOyS6,charge,charge,ch_3NaeASsyqI9HOSWHepxl1BX4,59900,1972,57928,eur,Payment for invoice T9TXXSII-0002,available,1723563245,1723822445
txn_3sHL78VRyA5Xyh0Ti7qRc6Ei,charge,charge,ch_3dWElILUZmlX1wcTpNm9stNv,100000,1525,98475,eur,Payment for invoice NQZJP7LO-0002,available,1723608064,1723867264
txn_390XPkSBQTR3kZLrPlDHnwuw,charge,charge,ch_3vjUjdBX19Bg090W8HTL9Duw,59900,1972,57928,eur,Payment for invoice WF6H73VG-0002,available,1723734870,1723994070
txn_32A42CFnjQO7hGgHZkFGDiFd,charge,charge,ch_3IkNH9XQ8PltDRKsWWaM8bM7,200000,3025,196975,eur,Payment for invoice RVPVRTYT-0001,available,1723738535,1723997735
txn_3lRwWfchpzpC1uj2blTB8DU7,charge,charge,ch_3CxDIK27UTiBQ6euMQUmYDH8,179700,5865,173835,eur,Payment for invoice 9MSKIS41-0002,available,1723783154,1724042354
txn_3nbDTzUEe3X1I8ZtbbWkrHEm,charge,charge,ch_3nIx3MxraBmmEeg7EeGSSJbt,59900,1972,57928,eur,Payment for invoice WTQC9IYK-0001,available,1723798694,1724057894
txn_3QZCoHMJHpCphjpSX05AqYNF,charge,charge,ch_39kNul9pMGB1Mo4ghC32jQe2,59900,923,58977,eur,Payment for invoice VLN61A4W-0001,available,1723803222,1724062422
txn_326CDoWT3z2YACxaIg5m57My,payment,charge,py_3FBDYdW3WeFcRz5LVFlfyC2P,200000,500,199500,eur,Payment for invoice ERPOW8NC-0001,available,1723968285,1724400285
txn_3dAx5uOgw7ijQdpER8YjTg3Q,charge,charge,ch_3U9KPPHNptz36BoDHoD8UgeG,100000,3275,96725,eur,Payment for invoice GIDVMI8I-0003,available,1723980101,1724239301
txn_36XcjurhfWWhJVwQk8JGaIwK,charge,charge,ch_3hILN5qxKkkf6caMzDEcAWmd,100000,1525,98475,eur,Payment for invoice VFKKYNRM-0002,available,1724004055,1724263255
txn_3cpAaixnAnKHJcwwZtFwAE6o,charge,charge,ch_3jP6Y6mZsebdAnZQiExFMAOz,100000,1525,98475,eur,Payment for invoice 8CN70BHI-0002,available,1724052692,1724311892
txn_3Ee7rGK64e6pS3clR2zBzi3K,charge,charge,ch_3edPQbu52lh68ME4WJRfChRO,59900,514,59386,eur,Payment for invoice MJN3MQZS-0001,available,1724071329,1724503329
txn_350W7Ecig0kMCWjYkMiHkwhl,charge,charge,ch_30VOMTECxS7gDALgg8DWpdT4,100000,3275,96725,eur,Payment for invoice WT53WT07-0001,available,1724077399,1724336599
txn_3cYmVYgS2gX6Cyfx4mtpoYCq,charge,charge,ch_387u7mOoekjD6CWVJr5rh7XR,200000,3025,196975,eur,Payment for invoice 6LD87OC9-0001,available,1724108494,1724367694
txn_3pVahlBmQia0O1eXkg7TAAjF,payment,charge,py_3Gd1vSpN5YAGlq3bmoruM7DG,179700,500,179200,eur,Payment for invoice U5U2VULH-0001,available,1724119495,1724551495
txn_3gZBKoFn9rra45is0NeqqTmu,charge,charge,ch_3n01HpmDtbP76AJw2hq584Ng,100000,3275,96725,eur,Payment for invoice W8Y8IWV3-0001,available,1724141533,1724400733
txn_31TsyJzRAC52cM4nixbkIv5h,charge,charge,ch_3oQY85itHC7U3aRKWRfpwXQ2,100000,3275,96725,eur,Payment for invoice QKU5KEH0-0001,available,1724305137,1724564337
txn_3T5HomoFucGL3BT4k5gqDCTr,charge,charge,ch_3bdugZGAGt0Dxjnpr51dyUDC,100000,3275,96725,eur,Payment for invoice I8RDS1JP-0002,available,1724325708,1724584908
txn_3PlCBpgvuZ77kBJKC5uN6FMm,charge,charge,ch_3q3yyQnhaivclbGcxLJC9FxD,100000,3275,96725,eur,Payment for invoice N7WTBQU9-0001,available,1724386967,1724646167
txn_3op8uOSHtGrjPQC7MYbpj3yA,charge,charge,ch_3CaVk00nG7pi4XYKv3iLfNpp,100000,1525,98475,eur,Payment for invoice TL95ST1B-0001,available,1724413722,1724672922
txn_3GacPnHsASwqnhzijmL3VfJe,charge,charge,ch_3IgDvEmFele7KuCyEsG8kKnI,59900,923,58977,eur,Payment for invoice FZQ1CGF3-0001,available,1724669366,1724928566
txn_3bThus9Ch1QLFjWb8w72YdYR,charge,charge,ch_34XUBxdbYJi5B1f59n0OAsTv,59900,1972,57928,eur,Payment for invoice 8TYQB7BV-0001,available,1724687777,1724946977
txn_3NeaK59cebq4pWdgm3h49sZe,charge,charge,ch_3qL1TScOnMjiCahxuz3TiZBu,59900,514,59386,eur,Payment for invoice 8BNLJYYL-0001,available,1724766608,1725198608
txn_3KqPd3R54gFVgKDI84nWIf5F,charge,charge,ch_37RhcfeC9vh9I1y8WeOGwRVm,200000,6525,193475,eur,Payment for invoice F4EVD5HL-0001,available,1724859939,1725119139
txn_3kWJRAyfbqLGOkf11gR5EBXm,charge,charge,ch_3h7it1epHDbylWwibMRVlSeH,100000,1525,98475,eur,Payment for invoice FFG96VUY-0002,available,1724863304,1725122504
txn_3KVHvTglGXkMecRucX9ByEqu,charge,charge,ch_3mMoFO6XzvajYaK0XvpuwxcV,100000,1525,98475,eur,Payment for invoice 3D5JL3M1-0001,available,1724928989,1725188189
txn_3HfBNd2VUGR5yBQEphZIqy6n,charge,charge,ch_318frC4IMJygsqQRTtlzehVX,100000,3275,96725,eur,Payment for invoice LPOFPGOR-0002,available,1725002760,1725261960
txn_338UOuwoGQC8b4281A0QdEKf,charge,charge,ch_3FDw4ydOyVga11ZrQInNYJ1I,100000,3275,96725,eur,Payment for invoice VXRE15CZ-0002,available,1725076964,1725336164
txn_3we8ZiO2iIyIDC6kVMtno92k,charge,charge,ch_3GFbQ9VNO9E6W1ZanO1aFNTB,179700,5865,173835,eur,Payment for invoice AT14L232-0001,available,1725274651,1725533851
txn_3JNLu5Q64y9LSHOZyuPs1wAM,charge,charge,ch_3vpF8zlxav6j33pPGvEBGI5F,100000,3275,96725,eur,Payment for invoice MTWQSDZS-0001,available,1725383580,1725642780
txn_3JsK0sMXrGnQvL7NbJ5GNiXq,charge,charge,ch_3pplgYKkLiS3vfnTpV6c5eVr,59900,1972,57928,eur,Payment for invoice RIPC3OAS-0001,available,1725388771,1725647971
txn_3ZO1rr163aCLqAAyh0WpDZz4,charge,charge,ch_3aJFt0KtcYsbog0DLxWCliKE,59900,923,58977,eur,Payment for invoice CJTBHK18-0001,available,1725389586,1725648786
txn_34OwSrQPtAP8zMaxJ3WQXpou,charge,charge,ch_3U2MPMCh1pKMBevuRw9AqqWF,300000,9775,290225,eur,Payment for invoice DW69K381-0002,available,1725438063,1725697263
txn_3lFxdVzVpwuF4kgryZLLtoU5,charge,charge,ch_3TgZ8mITgAcmkpqNt7kCnDyY,100000,3275,96725,eur,Payment for invoice QLTSY2DS-0002,available,1725615306,1725874506
txn_3f4iR8kdYpTtq8qlWrEhoD60,charge,charge,ch_3HUd4YPwNpyDRIYF6G2VFkFz,100000,1525,98475,eur,Payment for invoice 9DH2NH0I-0002,available,1725713037,1725972237
txn_3SIoEJS8HZCfePkBOcTwPgnU,charge,charge,ch_3FPKWjVnO84DGBOCRtPZ8Dm3,100000,1525,98475,eur,Payment for invoice 8VUJ217D-0001,available,1725909843,1726169043
txn_3WD9J9rTmEePnIXD9NLaGMcw,charge,charge,ch_31IS3VyoELAQyrrWUZcdjvYs,59900,1972,57928,eur,Payment for invoice MPE6UBDX-0004,available,1725915491,1726174691
txn_3McpW4GPpWbQayWM39lupYYG,charge,charge,ch_33onNBOrSaNlB3kCdy0khSDe,100000,1525,98475,eur,Payment for invoice 1T7NAEW8-0001,available,1725968334,1726227534
txn_33pLISwHLY4BQuBdEH3BX49z,charge,charge,ch_3VAkzJZcvsQCmLfsYovTwMtX,59900,1972,57928,eur,Payment for invoice 4HECG6WV-0003,available,1726082356,1726341556
txn_3fkhqBm7nyTryXPV4tlXstEs,charge,charge,ch_3zwOc0YkUYabRmtqnbwiKevp,200000,6525,193475,eur,Payment for invoice O0THE94Y-0002,available,1726139511,1726398711
txn_3N9xvjBBVrdyz6muVzvSQpZV,charge,charge,ch_3BJ1n717BPgmjtLtXGVkXcFI,59900,1972,57928,eur,Payment for invoice YQOHS2R4-0001,available,1726213176,1726472376
txn_3pC7lNN6UeMahJYbEGdl3irW,charge,charge,ch_33263AQKHQw8RxKkCVcXw1sa,100000,3275,96725,eur,Payment for invoice HAK8816B-0001,available,1726217493,1726476693
txn_3cFV8ZdkCa0I69eOFFwZcPKV,charge,charge,ch_3cUFvtjSw9YnvDuwDCZdRL0s,239600,7812,231788,eur,Payment for invoice Y47R23Q5-0004,available,1726240016,1726499216
txn_3v9gHhZvBdHoOHAFA7BIKz90,charge,charge,ch_3vLqz89w4kbIGUoUBM1WMxZb,100000,3275,96725,eur,Payment for invoice Q4WH3OR1-0003,available,1726245500,1726504700
txn_3wvDZmqRV0JIc254mIqU9K4D,charge,charge,ch_3SuvZj3POLsV0KdspDf84BQ6,300000,9775,290225,eur,Payment for invoice KE86KGGS-0001,available,1726487507,1726746707
txn_3bWqeBX6nbh2Ei2Ay0asI9GK,charge,charge,ch_3dA0pG81BHS64rlFJwwO5oWJ,100000,3275,96725,eur,Payment for invoice AA8DU0IR-0002,available,1726552528,1726811728
txn_30vxQ2ziomy9k6tnUKiM6B8n,charge,charge,ch_3Fvfk3n3So8biRVggwxAaWOs,59900,1972,57928,eur,Payment for invoice NP99K752-0001,available,1726569743,1726828943
txn_3i4ya7JaiIwtcst2p6uTpvtS,charge,charge,ch_3Dvv9zKUlMuN7y9Zj9SVDfZB,100000,3275,96725,eur,Payment for invoice ZGHWSA5Q-0002,available,1726662677,1726921877
txn_3YPwKECRfbKPVVYVapLq08r1,charge,charge,ch_3WGruLMxxEKlxNvRCRnvRqdQ,100000,635,99365,eur,Payment for invoice RDS66HMH-0001,available,1726678293,1727110293
txn_3ehhYb9Us4tVJOsu34COPyjh,payment,charge,py_3aB3bVwp0ZcpOxtmkqJMA7hs,500000,500,499500,eur,Payment for invoice 1H47MWT3-0001,available,1726685293,1727117293
txn_3dqUybYytunSGQhXDNqVfVPk,charge,charge,ch_35CTz9aYFatdHCW3HntRJXVo,59900,514,59386,eur,Payment for invoice FPSJ9ORW-0001,available,1726731360,1727163360
txn_3GD1Iz7HQstwNhnQG2YMnHWf,charge,charge,ch_34Ubx1LgUVYcHKSSu6PC5gdL,200000,6525,193475,eur,Payment for invoice L0G685PV-0001,available,1726745811,1727005011
txn_3WVLSS7G6wxypF4eqFe0qgh8,charge,charge,ch_3arzyznfshLE9JR9rKd9dKj2,100000,3275,96725,eur,Payment for invoice 9DFCTDR7-0001,available,1726825242,1727084442
txn_3K7W5APr6H927DkzycWLozlj,charge,charge,ch_3ks4DpZq73HF6k9ZxSpGq7zj,200000,6525,193475,eur,Payment for invoice WOCSCW95-0002,available,1726840973,1727100173
txn_3qzXoYwBJ8tomrSaeN4lXJcE,payment,charge,py_3TYhzLBksYrEx721FPkESrQK,179700,500,179200,eur,Payment for invoice 8UPUQEFR-0001,available,1726997316,1727429316
txn_3juZV6vZWSTqmZtd94qSuT8o,charge,charge,ch_3FOnpSR4mZglyxu8G7l0wUNO,179700,2721,176979,eur,Payment for invoice 9OBX38MI-0004,available,1727003526,1727262726
txn_3vHplTMqIxxWSD4fA54cyP05,charge,charge,ch_3Uz2naPqKH2Dd0be5CEu8ZUd,100000,1525,98475,eur,Payment for invoice JAMZQZBZ-0001,available,1727081643,1727340843
txn_3eeitivNsAThyHmMnSY9l2fZ,charge,charge,ch_3uFr9KRKYXsF0x0PeUuAbNOO,59900,1972,57928,eur,Payment for invoice Y2S7VZO3-0001,available,1727110556,1727369756
txn_3EacxoKUNagtdWbZnALCRk5x,charge,charge,ch_3p1BlqYzJW7lIbufYW5BNWh3,100000,2525,97475,eur,Payment for invoice IVOZEX0R-0001,available,1727119651,1727378851
txn_3bQzoNpVsxZNBDJKJ3xIZ1fr,charge,charge,ch_31deZZfBzCFOnfqm5mdcAnvd,59900,1972,57928,eur,Payment for invoice P95YTZV8-0001,available,1727161022,1727420222
txn_3oFPabPkcTTmHfVlYhamkSQ7,charge,charge,ch_34tkO7qRQrqhSNleM3iQUUgs,59900,1523,58377,eur,Payment for invoice VX8BHIGH-0002,available,1727174896,1727434096
txn_3tL4ViCoKNNLUK9TZw8NogS7,charge,charge,ch_3p31nByt8gKBzCq9XgifZCGG,59900,1523,58377,eur,Payment for invoice VQ64S7A6-0001,available,1727275892,1727535092
txn_3qV2DvvULqmBG7mygSvlj82V,charge,charge,ch_3aPKYxTfc9S76OMxUH17eLAp,119800,1822,117978,eur,Payment for invoice W6CSFX6G-0002,available,1727326632,1727585832
txn_3EMiqLKHcZ8fZWCDhNgW3FYw,charge,charge,ch_3ACuErtJGKYcTcSNE8rb6Euv,100000,3275,96725,eur,Payment for invoice RIBV3UEL-0002,available,1727359063,1727618263
txn_3dTlVnnjXB4NiVHOCZLKPyYn,charge,charge,ch_3Mt2NmeTKYHJ8kzVFHaDN3no,179700,5865,173835,eur,Payment for invoice LH7OQ7MO-0003,available,1727371687,1727630887
txn_30MxcRLECInnO7cVmkpIE5L1,charge,charge,ch_3OdsN3vpIfW46hFhKga2CMZT,100000,1525,98475,eur,Payment for invoice D5L2N5I4-0002,available,1727380008,1727639208
txn_3CipjXKbTVG940Ka8ZrBowhb,charge,charge,ch_35YhZ05nC18HcvxRtu07Vqe3,300000,9775,290225,eur,Payment for invoice GGYPK2FW-0001,available,1727382101,1727641301
txn_3TkJRHUmAAA6coGe3NT5y3sG,charge,charge,ch_354oQT8sBilhkOvbJ2Nf75qP,59900,923,58977,eur,Payment for invoice LEWIJK2R-0002,available,1727431634,1727690834
txn_35Zxgyj1MuHmk2AJX2TgbTnI,charge,charge,ch_3p8ou5yIrLj8uDlQNpymPGNs,100000,1525,98475,eur,Payment for invoice JI1LO7JG-0001,available,1727806671,1728065871
txn_3s2NKC9Xd2vhF4wkSWjwN3jh,charge,charge,ch_3YHKvoTNBNEkEjVri0t98YXD,200000,6525,193475,eur,Payment for invoice 8YGPWSGW-0001,available,1727840604,1728099804
txn_3KNDRQX80edKq8Tn6aJrCYSH,charge,charge,ch_3IMEc6eNzksHZ4m5772SyKzi,100000,3275,96725,eur,Payment for invoice ZUPY0A84-0001,available,1727872326,1728131526
txn_3KyQ3xlb2OoYSnMJ98hUTqLk,charge,charge,ch_3qGvm5iia62lto6wLBpsLPG8,100000,3275,96725,eur,Payment for invoice J07XGHI9-0001,available,1727876472,1728135672
txn_3qm97SHn0EYQ8ivXslBRoqco,charge,charge,ch_3UMRK4H7RPcHOfuiYrpUT6bo,100000,3275,96725,eur,Payment for invoice 1WXYHWFF-0002,available,1727893220,1728152420
txn_3coCObN1qakH9mUfLh5z5CFm,charge,charge,ch_3AmKv7C17Nq67dgdLDYJthuI,59900,1972,57928,eur,Payment for invoice RBJFCW50-0004,available,1727956485,1728215685
txn_3zdAHwDCOTKmNXNuwpNORDlT,charge,charge,ch_3tKeKV4WFI41l3LHNaEq5U9e,100000,1525,98475,eur,Payment for invoice 2PJDKOYV-0001,available,1727974341,1728233541
txn_3mXgyT8p8OTa6XPqxVayE3Ay,charge,charge,ch_3vkInmYoeC1eaLIuZ1GzUntG,100000,1525,98475,eur,Payment for invoice 2RHWE4J9-0001,available,1727986057,1728245257
txn_3NFt4IEjNQzS2Dbv8B2Zc5v0,charge,charge,ch_3474Jsvaq1ejnG7woW6ktx8U,100000,1525,98475,eur,Payment for invoice U6O962IH-0003,available,1728034495,1728293695
txn_3xCfkUtdDbipzbUrnJ1K8yfj,charge,charge,ch_3rDRjM2RRH24y0n5i6NshTPi,100000,3275,96725,eur,Payment for invoice 3BUMQXJP-0003,available,1728129282,1728388482
txn_3trSQXkq88mk7Y4CRKoDW6NH,charge,charge,ch_3OlDwM4bgXsP3KMfLHAxvYIM,100000,1525,98475,eur,Payment for invoice 9T7JAI87-0002,available,1728136272,1728395472
txn_30ZnXBxZQ42lQI6ewPRLdJP3,charge,charge,ch_37hklyNT9aKNi17HySibiY0l,100000,3275,96725,eur,Payment for invoice 7AL1XIXX-0001,available,1728227740,1728486940
txn_3VBsWUe3Z29rSInP5lJZRMuv,charge,charge,ch_3QpJBKOOZSWtO5V1e3QulLgk,100000,1525,98475,eur,Payment for invoice 5DE5WHFV-0001,available,1728416350,1728675550
txn_3YDzxmitSLXSm3ZhbnRn0BHz,charge,charge,ch_3TCo1vjVnSxaF5yOIkO1cBZx,100000,3275,96725,eur,Payment for invoice M3MWB9WK-0001,available,1728472467,1728731667
txn_3WQt6Ei5HsDgmZIg0G93vxn3,payment,charge,py_3bIj7RwMkPLStkcPBD2LU5Jo,200000,500,199500,eur,Payment for invoice 51U4R1Y4-0002,available,1728562348,1728994348
txn_3sxNH0hdhlMYkR8eWUajAphA,charge,charge,ch_3gMOhZAf4BZQznUPyZrPUZlX,100000,1525,98475,eur,Payment for invoice K2KDBSC1-0002,available,1728570024,1728829224
txn_3l3xaNaD3XOsLpig8rYyohtP,charge,charge,ch_3nn2CGDwPFERI0JB2LqiHt9p,400000,13025,386975,eur,Payment for invoice 4IGPJABJ-0003,available,1728739392,1728998592
txn_3CvAmMmPz8rC76A6pqJLeSez,charge,charge,ch_3DaYmWadaDIeyRcWd3Wkckmu,100000,3275,96725,eur,Payment for invoice I2GWEXOL-0002,available,1728818549,1729077749
txn_3QkPlwJudoXe7xtgUup4b3xw,charge,charge,ch_3xPxf6KYlQZSqZpMGKTaOfuD,200000,6525,193475,eur,Payment for invoice SCFGNWAH-0004,available,1729009716,1729268916
txn_3pLJ7fNwLKTne8CjxggbWqX6,charge,charge,ch_33AopEJvVF2hOPEz7lpldKyg,59900,1972,57928,eur,Payment for invoice NOGQVTQW-0001,available,1729096013,1729355213
txn_3LoypcejrmvxuRLN86yikuVr,charge,charge,ch_31wg6eMUmGdtugomM4MRaqMS,100000,3275,96725,eur,Payment for invoice Y0XB36A4-0001,available,1729153290,1729412490
txn_3G08yGy2uxQ0C448uEw9NuT7,charge,charge,ch_3PZMgWxzn05oLysZziTOfj4s,100000,1525,98475,eur,Payment for invoice A7YF62T7-0001,available,1729170382,1729429582
txn_3MZqBFPIpd4vjGewkESjXyko,charge,charge,ch_3Xtl3iZTGNvx5XP8Vsvi6UDU,59900,1972,57928,eur,Payment for invoice RZ3WHZYK-0002,available,1729182112,1729441312
txn_3koH2ubKq5boK1iw46UA0n7r,charge,charge,ch_3ee7ogVv4WeGt0b03epN5mvK,100000,3275,96725,eur,Payment for invoice O2VTX6R5-0001,available,1729261966,1729521166
txn_3vse0Kw7kRtAmAx9ThVfHtBV,payment,charge,py_3QYdKtBtvvKREcdPerMDtu0e,15000000,500,14999500,eur,Payment for invoice 0KVOGSE1-0002,available,1729361515,1729793515
txn_3HoUYTl8jMHd7SPTpXcAx8a8,charge,charge,ch_3WRPO3XvfhQ1CNiIiYdeWXME,300000,4525,295475,eur,Payment for invoice 4ZBYALNA-0003,available,1729500110,1729759310
txn_3oWsEPNlNG3qzAO2P7fiSvAS,charge,charge,ch_3ok6MXjBwGjmutGWY6924fW4,59900,923,58977,eur,Payment for invoice F7PB6GQ0-0001,available,1729506651,1729765851
txn_30G2J0X5GDUzhVp6bfVnqtVd,charge,charge,ch_3AgciaKLzysQqUbTg9i37Cdw,299500,9759,289741,eur,Payment for invoice VIBLUG2S-0001,available,1729508686,1729767886
txn_3q6xcnYn3rVe0CVSTu3sVdt0,charge,charge,ch_3aM9tQs3j21E73KCe7ZNBAWt,179700,5865,173835,eur,Payment for invoice NAHBQ1K8-0003,available,1729531695,1729790895
txn_3NsDnXWCWIFoy4z3tm5sLc5h,payment,charge,py_3Ze4GMdh3vvPZKcgHZwqsi1i,300000,500,299500,eur,Payment for invoice BXOYSA9A-0001,available,1729543794,1729975794
txn_36jKkn3GjR4uUGU56v1ANOEa,charge,charge,ch_33OmgeT749DWq5LZGs1Dg6Pw,100000,2525,97475,eur,Payment for invoice 6FVYCUMQ-0001,available,1729592315,1729851515
txn_30awTtx0vVULZ0kO541yhDIR,charge,charge,ch_3xUm9rMgotPczi0NaMCcj1Y7,100000,3275,96725,eur,Payment for invoice AE7UQPR5-0001,available,1729603261,1729862461
txn_3qJH5OTMWq484YwqLyLaD1P9,charge,charge,ch_3uCqQoJxaQC1xrERvmGVX408,59900,923,58977,eur,Payment for invoice 8R68QMZ5-0003,available,1729675052,1729934252
txn_3OOhOxDj3bde3tkuSui5vuDI,charge,charge,ch_3T82thRI5KmdXDDNL5o6QozA,59900,1972,57928,eur,Payment for invoice 6T96G003-0001,available,1729689763,1729948963
txn_3e6XpX4185g7o2yM2y5TKG81,charge,charge,ch_3WJSkrEEa5Ks4WLtCxVGNX9B,100000,635,99365,eur,Payment for invoice OTRVWREM-0001,available,1729696802,1730128802
txn_3LB3DLxeEIUPlLSYCAoY7g72,charge,charge,ch_3HprT9yNyv6nCThOrcymgWEO,100000,3275,96725,eur,Payment for invoice 9C1X5MFT-0001,available,1729709645,1729968845
txn_3Bh5O6WVwub2coKEHsX5o5S4,charge,charge,ch_3FZ6WhDHAhJpFaK8xR6MoCJ0,100000,3275,96725,eur,Payment for invoice 12DD31B4-0002,available,1729767267,1730026467
txn_3lkceZzNSaUXWPkD0WqdWCBK,charge,charge,ch_39YdrsSo4YoA39zAgyMjDzRs,100000,2525,97475,eur,Payment for invoice QP3LF501-0001,available,1729770205,1730029405
txn_3CQiBrtf9azC3pwzXQjkpkZw,charge,charge,ch_3b5RIEQTr28j7vaeNXiYjYsz,100000,1525,98475,eur,Payment for invoice VGRSXUNE-0002,available,1729847062,1730106262
txn_3JPkRFgBIskK2OTQ6rJuTUzc,charge,charge,ch_3ESo0W8V5oiN7inR8dnbBGnQ,100000,3275,96725,eur,Payment for invoice DBMOV7TC-0001,available,1729859872,1730119072
txn_3i8nkWwQvKwH0U3jboQvEWNS,charge,charge,ch_3nqBHKZQyKM7wBDVpY2yauTa,100000,1525,98475,eur,Payment for invoice 7A9TRQC4-0002,available,1729969656,1730228856
txn_3V49zHTajbTcxsPZoUg1k27H,charge,charge,ch_35BP1AqwcaiWbbdIehMSpCHB,119800,1822,117978,eur,Payment for invoice 8UYSXQYV-0001,available,1730005404,1730264604
txn_3IzqHMqWomZT4ccTx7wAEjvZ,charge,charge,ch_3H7MQCy8s9ZaKnU9Qg2eJ3oA,59900,923,58977,eur,Payment for invoice 10QVTRFP-0001,available,1730119204,1730378404
txn_3DO4JgPsJXCYNm82ktdVPFjo,charge,charge,ch_3pRNoBlJsD1aLIUgwDAI0TbN,59900,1523,58377,eur,Payment for invoice ASUR49J2-0001,available,1730227277,1730486477
txn_39xdX72NaBthiyC0PjhcdDOC,charge,charge,ch_3UYQoCoAjxGckmMWMjJRmYBS,59900,1972,57928,eur,Payment for invoice VBR54049-0002,available,1730229045,1730488245
txn_3NurFuEBjfX8zyrMilXM0lhX,charge,charge,ch_3IMADe2QEvHusAKC6fn6RTpY,100000,1525,98475,eur,Payment for invoice WL7KE947-0002,available,1730272281,1730531481
txn_3RYYnkUwwbkyp4VJlPa2VUAj,charge,charge,ch_3sn2dpJ0i7khJC14nkgnf7NA,100000,1525,98475,eur,Payment for invoice E3G6EJUP-0001,available,1730283845,1730543045
txn_3DD9uTtl7lfrQyda3WyNyTZ7,charge,charge,ch_3gSgVo71EDGQVR67E4bC2AOj,100000,3275,96725,eur,Payment for invoice UVR3T9Y5-0001,available,1730309844,1730569044
txn_3nFwr5k0l8432AdL5Dj99Rj2,payment,charge,py_3Jnbgrcdeb16NAJb2zCkhKrD,200000,500,199500,eur,Payment for invoice 769IPAFO-0001,available,1730357445,1730789445
txn_3NHauEKaxYicwxBqc6Eh9ckR,charge,charge,ch_3GGOZNhvBQzkCZekUtPFX0Kr,100000,2525,97475,eur,Payment for invoice NGITWOR3-0001,available,1730368033,1730627233
txn_3JOI3T51AeJj3oKE5za3DvR1,charge,charge,ch_3OdYBAXwNbd4TqqHPgVKGoEr,59900,923,58977,eur,Payment for invoice TGNAWMP1-0001,available,1730389775,1730648975
txn_3wbOI0LgbHIKYVknZjuOqLNF,charge,charge,ch_3eIQONWRFVRiSoQbnvAy4tHY,100000,3275,96725,eur,Payment for invoice VYAYZXNL-0002,available,1730454012,1730713212
txn_35jyNs52qMYNF91xzrqQSrEB,charge,charge,ch_3Ok5BVst9rny6PEGcVbg1tss,100000,3275,96725,eur,Payment for invoice 1NDERFMN-0002,available,1730546511,1730805711
txn_3kMpbBHNeEtRb4eakUFM67Bz,charge,charge,ch_3ml562tOFfXaM62CZQ1lVnNE,179700,4517,175183,eur,Payment for invoice 1HIWE7TD-0002,available,1730555742,1730814942
txn_3cW4vvMcqyIBWVyofxCjCa1e,payment,charge,py_34TT71T4joydNiCl5L0Gh6gZ,119800,500,119300,eur,Payment for invoice 6Q0WHNJC-0001,available,1730656154,1731088154
txn_3ZKWPdFMwYXFxKFWOUykAEuV,charge,charge,ch_37YdHtxUCQFNfZW7gOTbjwBr,59900,1972,57928,eur,Payment for invoice HYGR324L-0001,available,1730735973,1730995173
txn_3z46pdLW56H22CJjSfK0yYHM,charge,charge,ch_3Rbx9tGW4AXqt4LhjZKaDGEq,100000,1525,98475,eur,Payment for invoice S297ULN0-0001,available,1730740823,1731000023
txn_3HnhFdNhRzg6DcKwaCWMeJGo,charge,charge,ch_3wr7cPhE4Lzkm5zjFs7N7SYw,500000,16275,483725,eur,Payment for invoice KUBKHVRQ-0001,available,1730808579,1731067779
txn_3lfMbUzuQzzT1UzmKl8U1ZTj,charge,charge,ch_3pPBtDQcEyzmfSej3E8UURO1,100000,1525,98475,eur,Payment for invoice BX5XS8N6-0001,available,1730909813,1731169013
txn_3e7MOiIVe4UfxTyqVpXOXgsI,charge,charge,ch_3kOzWTsNCoZ2CHok44vAliFW,200000,5025,194975,eur,Payment for invoice XSQNJU28-0002,available,1730968198,1731227398
txn_3kzKpQEdP14GkZeifyHUQteQ,charge,charge,ch_3SUE5oD8wT6DDm1rlzbM8Ylu,100000,2525,97475,eur,Payment for invoice P88L0ERZ-0002,available,1730980427,1731239627
txn_3HUglQFTWFodUcZvd1XWEx2s,charge,charge,ch_33i7jRtIoE3ZWYW6WoOokxyk,200000,3025,196975,eur,Payment for invoice GD0QHH2N-0001,available,1730981679,1731240879
txn_3vi6KJWAqvvqbYcZGaDhVGF1,payment,charge,py_3ujVrUumrRLxqIUrWdhRBfbB,300000,500,299500,eur,Payment for invoice V0QMQC2D-0002,available,1731276706,1731708706
txn_3xnmTITjhYJJUtzpgBzW1dvE,charge,charge,ch_3DfxmWJdbplES87hi8Xwo4MC,100000,3275,96725,eur,Payment for invoice V3UKJK2Q-0001,available,1731366956,1731626156
txn_3AuNCQkHEvYOenSQbG1EscnO,payment,charge,py_3cAjvMzQSbEGIOMCGYbt6yhE,700000,500,699500,eur,Payment for invoice Q8HX0SYF-0002,available,1731399607,1731831607
txn_3yf8Ri9X3FHD1GJXtX9etrFg,charge,charge,ch_347ex3S06mcdrfdOx1hlueDg,59900,1972,57928,eur,Payment for invoice Y04LETHJ-0001,available,1731494374,1731753574
txn_3ZDWhCClLTN1qFvO76mtasd4,charge,charge,ch_3aa1hktzKYk1MIhPJqN8dxVT,59900,923,58977,eur,Payment for invoice HD5EB9D9-0004,available,1731594751,1731853951
txn_38PCAFrVI8bZ6PtUFhCO9vfW,charge,charge,ch_3XA4AtkWRw9OzzZSSb2vfCFp,59900,1972,57928,eur,Payment for invoice EYG1K9WB-0002,available,1731676822,1731936022
txn_31RAw6Zs8BmCtZeTlhDDAM7P,charge,charge,ch_3r6bMCmMSfAudSzbEM1afS2i,59900,1972,57928,eur,Payment for invoice VXI99B7D-0003,available,1731856026,1732115226
txn_3u0b7QgfdGpeyJo4yDDA7mrQ,charge,charge,ch_3mdFY0ulI3SVqIpUOZNWh6sK,59900,923,58977,eur,Payment for invoice LLVFLZ6T-0003,available,1731867213,1732126413
txn_3uwaQlC7KppGBd3zkZxinoAF,charge,charge,ch_34yGUPpbCO4cKajHYQKcSGHt,100000,1525,98475,eur,Payment for invoice D6O749GT-0002,available,1731877465,1732136665
txn_3m7J1w6S1wWeraLaCHxeD08y,charge,charge,ch_36dn9VeYT9KAdXxCWtaRPXiI,100000,3275,96725,eur,Payment for invoice 9GHR7DMS-0001,available,1731917543,1732176743
txn_3obSh2lCzw9RSYjAspjZQc82,charge,charge,ch_3iTPrUUQov9aEWYfkWZLKOFR,200000,6525,193475,eur,Payment for invoice G1I4KKL9-0002,available,1731921616,1732180816
txn_3Oc54aAzEa7rZXkmRR4lRMnr,charge,charge,ch_3mnVdB7uOsFNoCSOMEIqK2dy,100000,635,99365,eur,Payment for invoice WT8ZY3K8-0001,available,1731954581,1732386581
txn_36vhiw1D38fbEeaDKdtDvDTf,charge,charge,ch_3DQXt8ibzeetPuaRJ0WyUf2N,100000,3275,96725,eur,Payment for invoice WU6HICJ3-0002,available,1732009933,1732269133
txn_3CQAmzkq9D1vIDTjtCX6RE4u,charge,charge,ch_3fWg7pBIdLRsSFoMlawVWPQb,59900,923,58977,eur,Payment for invoice PZ1SH4BF-0001,available,1732012166,1732271366
txn_3jLJhZhcNRsjaV48KjOOTlLu,charge,charge,ch_3FyMafuXCYqQAUmBi7788Iuf,59900,923,58977,eur,Payment for invoice Y4F6JE9J-0001,available,1732021010,1732280210
txn_3DqUYwotBzD0PDasBxlMwQrB,charge,charge,ch_3saQOyDMuuMpGMqxc8Wut8YS,100000,3275,96725,eur,Payment for invoice GBVPD1Z8-0002,available,1732081552,1732340752
txn_3wIgDaPVJdDIuhOgnMchSoLO,charge,charge,ch_3eSND0WNouifKgFCzENqs2JX,300000,4525,295475,eur,Payment for invoice GQQBOFVZ-0001,available,1732111190,1732370390
txn_3buiS1UvjQONbrJSlauxVyee,charge,charge,ch_3NAPt81MaSu6nINePsTsVUJD,100000,3275,96725,eur,Payment for invoice O8LC49DH-0003,available,1732177755,1732436955
txn_30Lk02yjETdrhaI1Wb2N1hbE,charge,charge,ch_3UL54ydKRhkzR4CfKkYdrVBt,59900,1972,57928,eur,Payment for invoice V9HBM7PJ-0001,available,1732294768,1732553968
txn_3k9zsb829WmsXwBqvTvfSuWy,charge,charge,ch_37FEY9iYQKt6Kh6Te5n1tWgI,59900,923,58977,eur,Payment for invoice 11P31WDL-0002,available,1732358603,1732617803
txn_3bNcpTL342lDkgebXskAFcvu,charge,charge,ch_3kPWrKee5elLKlJC0Kc3IfR6,100000,2525,97475,eur,Payment for invoice H00E0SG9-0002,available,1732358844,1732618044
txn_3aDZn2YYWA5dH4e1hpuLphAe,charge,charge,ch_3bHLoOCaPRfUnTw5JnbSvrZv,100000,3275,96725,eur,Payment for invoice O1HG66EL-0002,available,1732393716,1732652916
txn_3gJAXqmcrY0JedlZgmfFBGLS,charge,charge,ch_33jmResjzpl35OPt08OCqS5z,59900,923,58977,eur,Payment for invoice YN85C32N-0002,available,1732435651,1732694851
txn_3XBKWWjYgLIlXuYVVBJBTMN8,charge,charge,ch_3wQWurJzVLlJzMzTny63Goma,100000,635,99365,eur,Payment for invoice VAL4G59X-0001,available,1732525806,1732957806
txn_3LB73sf9sCptmkSmm2oNooD8,charge,charge,ch_39O4UlaBvOMWyK0YeM8PAkyn,100000,1525,98475,eur,Payment for invoice VS6D7A9E-0002,available,1732531848,1732791048
txn_3g3XZPLM0tRxVI6dO3hyEcjg,charge,charge,ch_3qbVcFgcg8FAe9e3n9xi2Cei,300000,9775,290225,eur,Payment for invoice 0W87EW9P-0003,available,1732547609,1732806809
txn_3uIFu7C57PMoSz9cnrdcUeiQ,charge,charge,ch_3MPjH75ncdQaFQSJb3xZrWeY,59900,1523,58377,eur,Payment for invoice 4JOKS3Y6-0001,available,1732620714,1732879914
txn_3pDqRAUVihvRJ62AgutRiCw5,charge,charge,ch_3LlUngJg2iMGYoK8MAL39rOG,59900,1972,57928,eur,Payment for invoice YHLIXIGH-0001,available,1732703231,1732962431
txn_3EpDA1ntXFbqclHQRvpJYEIB,charge,charge,ch_3uvpYtqIp6AgZWJwpA4qXjgy,100000,3275,96725,eur,Payment for invoice 0512VRQP-0001,available,1732703343,1732962543
txn_3plTKMcxuLOAzZU2PepdbARJ,charge,charge,ch_3IyAf5vigcm9ABlhKGWT6hST,100000,1525,98475,eur,Payment for invoice 1MOKYDH9-0002,available,1732733677,1732992877
txn_3JQTIBwgzrUhCY5WsWJ4CgNU,charge,charge,ch_3UTL2yQOBMG58jSQBt9NfiOo,100000,1525,98475,eur,Payment for invoice EH953YF5-0001,available,1732779465,1733038665
txn_3yIg3hfjCC0kGeTAYfbElgPn,charge,charge,ch_3TEEYBYkJ8AL0alrYfd7uwVp,59900,1972,57928,eur,Payment for invoice F7ZBALAO-0001,available,1732805928,1733065128
txn_3qnDdACBVtiA0DSnjv41kEBH,charge,charge,ch_3Jj5kylIFUpBgW3k5qRwHThu,59900,923,58977,eur,Payment for invoice 1AYQMQE5-0001,available,1732849956,1733109156
txn_3jErbrn67iJYTMO7DsKJAe2Q,charge,charge,ch_3qts1kue9WHczkzeVA0aXtKw,59900,923,58977,eur,Payment for invoice WU7CUUWW-0002,available,1732883772,1733142972
txn_3HaUWg5qAOjnJsvVsWhGRi5S,charge,charge,ch_3PWLuFsmRKuGbC7f0guE4ABm,200000,5025,194975,eur,Payment for invoice MFZLHHRA-0002,available,1732885249,1733144449
txn_3SyyJsLd5KoQRPFKSRpF5n9E,charge,charge,ch_3WJzodvLtvMfftjgtMJoZLy6,100000,1525,98475,eur,Payment for invoice Z8UK65WG-0001,available,1732893047,1733152247
txn_3taOQdd3IBSTZSJOpahF5SWM,charge,charge,ch_31sM1a43B7nQeCw9meBkcu2K,100000,3275,96725,eur,Payment for invoice HHAO76CY-0003,available,1733028368,1733287568
txn_39abyMiCzIrNRLbc5Ul7yIdP,charge,charge,ch_3Fy8cJUduw9x6rwIR8mLQ2PM,59900,1523,58377,eur,Payment for invoice 4T8B3SAW-0003,available,1733034819,1733294019
txn_3mNBeVNFHHZpcpGuyC3thpco,payment,charge,py_368fOUaP0JHwn3yoxmsi2UqT,200000,500,199500,eur,Payment for invoice 3GP9344H-0002,available,1733093220,1733525220
txn_35b8XBa0RaB3TPD28z6HbKPO,charge,charge,ch_3lJyyjS9T8ywFWqm4f6TTphT,59900,1972,57928,eur,Payment for invoice FU5MOU1B-0004,available,1733122945,1733382145
txn_3cKFhlph9GeXVnwbWlveXA6e,charge,charge,ch_3tfV6OpZ5ZNrsJqCR5Z2zFTG,100000,3275,96725,eur,Payment for invoice UET0LBHN-0001,available,1733168238,1733427438
txn_3mqWhOQxZhsGDREpXq2bbhKH,charge,charge,ch_3DXak1h23Ar8rn6rMfchBEnk,59900,1972,57928,eur,Payment for invoice 6P92GP1Q-0001,available,1733209843,1733469043
txn_3qSGPEJa8CWnQrEkXltiTvMl,charge,charge,ch_3nmZEmZ6EqqJ40xG4RW02eOZ,100000,1525,98475,eur,Payment for invoice G9CBLO2B-0001,available,1733212689,1733471889
txn_3ByLJX9qS4NtAq8cE6SR8fSi,charge,charge,ch_3k6KNdOgSPO376k8qR5DZNeL,59900,1523,58377,eur,Payment for invoice UZS0CDN2-0001,available,1733223297,1733482497
txn_3ip91XvIU0FtYn1ooPULkS5k,charge,charge,ch_3qcpgK0sMCGX1yb114LfMI07,200000,6525,193475,eur,Payment for invoice WJIBBZXO-0001,available,1733225018,1733484218
txn_3kyl78HIMJLjTEcM03x0mrNx,charge,charge,ch_3yGkMfYjuSQEhqcJaBmKjD2o,100000,3275,96725,eur,Payment for invoice W2A8B31H-0001,available,1733288619,1733547819
txn_3FeMkP1sYmm3IhUxKfxGUtmB,charge,charge,ch_37rnrJLETG19qIDVtd0iawg6,100000,3275,96725,eur,Payment for invoice QDPDGDYN-0001,available,1733308500,1733567700
txn_3F7H8aTf9HzuiHwYxKRqWjB6,charge,charge,ch_3wqjXfuTrplp6EboeQZ1ZORj,100000,1525,98475,eur,Payment for invoice MFLZJKR1-0001,available,1733335462,1733594662
txn_3LZSLII5A9KvmaTXv5Ed0IpB,charge,charge,ch_3Kqlbv0g2dhCeFMXg080dvWX,59900,923,58977,eur,Payment for invoice BULLWXL5-0001,available,1733343101,1733602301
txn_3O24d7P5vMyNomhwQG4fnWfd,charge,charge,ch_3W7uh3EmSq7tLyc3UUiJXShN,119800,1822,117978,eur,Payment for invoice KOKLI5N6-0003,available,1733417975,1733677175
txn_3x9MEfibgYkwc0niOLdmQEHO,charge,charge,ch_3D95j6AVJaflHHab2nd6Aq88,100000,635,99365,eur,Payment for invoice O6EQDWQF-0001,available,1733424349,1733856349
txn_3cm3MUt4bQJtFFTYPtfNVeNr,charge,charge,ch_3ixFeK4sJYEEToBiFJPNH89G,100000,3275,96725,eur,Payment for invoice YSO1KDM7-0001,available,1733609421,1733868621
txn_3Q2Z8fP48GqoUCx9ne0qUK4x,charge,charge,ch_3fpfJxUNz8iyI3X1qxe1BJQ8,100000,3275,96725,eur,Payment for invoice PONXNWL8-0003,available,1733671384,1733930584
txn_3n8oo9eju8mDVQatYFBIHMCZ,refund,refund,re_3gF5WKMbuPZLRL1qf02h4QVF,-100000,0,-100000,eur,REFUND FOR CHARGE (Subscription creation),available,1733716309,1733716309
txn_3C2YL0SjVy7jLcXpiBMuLJGG,charge,charge,ch_3zRqk8wVGML21CWHGU3iXhnf,200000,5025,194975,eur,Payment for invoice U3R7XMYH-0002,available,1733755388,1734014588
txn_3EcopJlEF4J2TZM9BFnfL30b,charge,charge,ch_3mJ5i7CbHgSc0yrpALoNGvp6,100000,2525,97475,eur,Payment for invoice XRWRV3GQ-0001,available,1733755814,1734015014
txn_39d9w9azlje4Z8ZyqF5m5PYy,charge,charge,ch_3mM8M1wBdLaXJUAjD3Svw4k8,59900,923,58977,eur,Payment for invoice I8ZXPDNM-0001,available,1733773748,1734032948
txn_3Qb4FHbvmUZUD5j9a4QbccFF,charge,charge,ch_33BDmRJ9jpUVOnPPBSnmHBW2,59900,1972,57928,eur,Payment for invoice WWMQ52E7-0001,available,1733827904,1734087104
txn_3j1fDEvCGAWEev8XTay9UElV,charge,charge,ch_3fCIRGeJrePn0LlDJqzOQ0LQ,100000,3275,96725,eur,Payment for invoice 3QYYORJN-0002,available,1733897450,1734156650
txn_3LSudU6uWZrUbvsqQOHZWUSb,payment,charge,py_3V6TSoAQXmvQVuW6K8THiHQd,200000,500,199500,eur,Payment for invoice QHTJ1UF7-0002,available,1733948763,1734380763
txn_3g7tLpxJedG4Nsp3gsJ4GkFi,charge,charge,ch_3BbprU1VX7fhosH9NOA3JQx8,59900,923,58977,eur,Payment for invoice STLO09CM-0001,available,1734032890,1734292090
txn_3EHLp6AxEaQvmo3k7xAfbYQ2,charge,charge,ch_3dJ2VUW7Zo1VSORGSzdnHLoP,119800,3919,115881,eur,Payment for invoice 0KYT0OEH-0001,available,1734085714,1734344914
txn_3Pm4vh1OpYmQA1aR7m7ZGOjG,charge,charge,ch_3S3SL4iK6EfxkJHShFHl8IdJ,59900,1972,57928,eur,Payment for invoice SZY65VSE-0002,available,1734115958,1734375158
txn_3448TDi5Z8PtFLJfjQl4OiJv,charge,charge,ch_3w38H6ZwhtE5CCcUnb4iSVZi,59900,1972,57928,eur,Payment for invoice 2958M1GF-0003,available,1734170680,1734429880
txn_33lhM4XUKhstVaLZGlnKqjf9,charge,charge,ch_31v7onDPRtjqnwdA80uOGY58,100000,3275,96725,eur,Payment for invoice 7V9M2MWN-0001,available,1734176274,1734435474
txn_31NmvrvK3Ee7DsZjgSqCd0S2,charge,charge,ch_3bLCKEVTTG4bDzFKfKPpgRtn,100000,1525,98475,eur,Payment for invoice 53G33HYX-0002,available,1734254023,1734513223
txn_3pcdcViSaJjoIuI7a0un3Wms,charge,charge,ch_3ORLl2XRIe3LXBtWfDZxXkjY,100000,1525,98475,eur,Payment for invoice J9F1W2J5-0003,available,1734362493,1734621693
txn_3uixv7SF3cr5wCyHa7zBYUFD,charge,charge,ch_3mlzTq5C0rptQiPdWtCcsdVb,100000,3275,96725,eur,Payment for invoice CPPB9NJO-0001,available,1734441595,1734700795
txn_3940niOgkHgtEMjVoZgAbbYn,charge,charge,ch_3sv74uqubYssH0v8zGkcHXp0,100000,3275,96725,eur,Payment for invoice 9645D4NS-0001,available,1734463264,1734722464
txn_3LhbLDJar3mLU7cX8cOGyCLF,charge,charge,ch_3lYocoDJA4yMPtKhjo3pAoZg,100000,3275,96725,eur,Payment for invoice SNXRVKXE-0001,available,1734464626,1734723826
txn_3eer3OaDqfZ7hmqEXbN7evXz,charge,charge,ch_3uHOxRSZoedQzWWWTeRDvvqH,100000,3275,96725,eur,Payment for invoice KA0I8S14-0001,available,1734507482,1734766682
txn_3q7Strvbngl0u593kPcFAhR5,charge,charge,ch_3UDNjK49kfHmXJK7znf25poU,100000,3275,96725,eur,Payment for invoice GR69E8W4-0001,available,1734507625,1734766825
txn_3EdMZ9JKH51hkAoMnjLZY68b,charge,charge,ch_3oII0WpVgU8Iusd4NmHIbi75,100000,3275,96725,eur,Payment for invoice TYV59S24-0001,available,1734703791,1734962991
txn_3n7bMnbFhVtXK73eKWPfTqUr,payment,charge,py_3tjwSX2T2KgkjlqfW5CDyzwu,200000,500,199500,eur,Payment for invoice 0NY8XRLK-0001,available,1734802750,1735234750
txn_3UZmXJxwKDriWrN2yKfDYUXV,charge,charge,ch_3qFfBf082hozqyDSuCni6eTE,59900,1972,57928,eur,Payment for invoice ZOC2FFT1-0004,available,1734860911,1735120111
txn_35ybt2yHd406oFTjuMRbdlsh,charge,charge,ch_30kffxMYAFFHEv8bUNX9eNTs,59900,514,59386,eur,Payment for invoice 6ZV87VE2-0003,available,1734879127,1735311127
txn_3ZkitmM9ltjhlcrZJuJKLAz3,charge,charge,ch_3NHqCBTsZu0GnTEliREJobrC,100000,3275,96725,eur,Payment for invoice PDOG9Z8C-0003,available,1734879854,1735139054
txn_3ASfzaXL2P0YVYemTyXMPC6Q,charge,charge,ch_30z9TuzRJXEaQovqi517BDsy,100000,1525,98475,eur,Payment for invoice NZEAVIGD-0002,available,1734888327,1735147527
txn_3myi0KgT9NOxke6UIxJ7ZK0H,charge,charge,ch_35BRZJWVNc2REpBOloM5FJlV,100000,3275,96725,eur,Payment for invoice G77RA17I-0001,available,1734935257,1735194457
txn_38H4huHcXyM5e0Eaeemu1OGO,charge,charge,ch_3uRK1OG2iyqj2juCGDrkRCsi,59900,514,59386,eur,Payment for invoice D5ZCHYVI-0001,available,1734942499,1735374499
txn_35WVCdu0lsX2UJIarr545muH,charge,charge,ch_3rn0FW0XDyCmHOFFfRSHjKQC,100000,3275,96725,eur,Payment for invoice WWH0MG2F-0003,available,1735014877,1735274077
txn_3dEvOovlxC2boyi44Exx7m07,charge,charge,ch_3hv3AdqULuet283JTOjCIk13,100000,1525,98475,eur,Payment for invoice VRSNPGGZ-0001,available,1735034641,1735293841
txn_3rmGyd1EusdRal0unbuv1Ejh,charge,charge,ch_35zR0td1TbS24iWnaK0TquDL,119800,3919,115881,eur,Payment for invoice D36QO7OF-0001,available,1735045856,1735305056
txn_3aofPm1lMzbitDx9MdZ13sQa,charge,charge,ch_348sk68FvtiUKTEoL9hqy7uW,100000,1525,98475,eur,Payment for invoice RRR5BBUT-0001,available,1735064647,1735323847
txn_3AlKghJ2O5xpg3e4rQK7VHX1,charge,charge,ch_36T5562rqX40ZhIyCLu4K3Xx,59900,923,58977,eur,Payment for invoice ARP8ALH9-0001,available,1735122033,1735381233
txn_3jXtBzNREyyGeSPGiL77X4M1,charge,charge,ch_33tBOL3Y17OwBjL19a0Kt5sj,100000,1525,98475,eur,Payment for invoice BQENGZKA-0001,available,1735145101,1735404301
txn_3g0YHIZrZBnarU5cmsbGzOT5,charge,charge,ch_3M4rtys7dF3zGUQQjOF2SkFv,100000,3275,96725,eur,Payment for invoice KGPGII7F-0002,available,1735224821,1735484021
txn_33S51ywuF4CTJGWrof0nW4lS,charge,charge,ch_3DzqlMkesU0PQWRBxuhBt52m,119800,1822,117978,eur,Payment for invoice V6FJP9NW-0001,available,1735291884,1735551084
txn_31aVbYDlKOiKARX8iYBOhucB,charge,charge,ch_3lTQbn3TTDVslWUzz2J5QVGQ,59900,1972,57928,eur,Payment for invoice XC8U3W7T-0001,available,1735326128,1735585328
txn_37MzG9AwuJ6hy6RuhM6SL0X6,charge,charge,ch_3jKJ6uW4PZrc4FbnY9OOecpC,59900,1523,58377,eur,Payment for invoice F75RH099-0001,available,1735474917,1735734117
txn_3RM0NUyUWs803mNaUXW7RyjC,charge,charge,ch_3MN4eJ13RMBMqHpxVh4VWned,119800,3919,115881,eur,Payment for invoice J7BWYSRT-0002,available,1735510662,1735769862
txn_3ITH8jTQ3xGqXPLq9oZSgMbT,charge,charge,ch_3Oo3Nyf5cbvxyK3xmjSqo6Qy,100000,3275,96725,eur,Payment for invoice 2BL1EAHY-0001,available,1735552009,1735811209
txn_3EU36x6nmMmmwXGIFZle93fl,charge,charge,ch_3Bs4SkqvKGzQnd9hLNJ6Jqlv,100000,3275,96725,eur,Payment for invoice IGHNXF1A-0001,available,1735633845,1735893045
txn_3PbPNUDYweXzAonZ1CGz4d74,charge,charge,ch_3ZYVTpYyN3sirz8uOLQQBGSb,100000,635,99365,eur,Payment for invoice YUTYVCTX-0001,available,1735712966,1736144966
txn_3MwkyB9dI9iwIdE1L5mESJ6e,charge,charge,ch_3Oy6SGfZAxWUXpxl2RUgf5ql,179700,5865,173835,eur,Payment for invoice 4WQJIRQI-0001,available,1735722475,1735981675
txn_3G3ho6fOsvlsFwejXmK6bBhg,charge,charge,ch_3bfcRpsSYJQ6HRxUI0SQBEUU,200000,3025,196975,eur,Payment for invoice GQUBXB40-0001,available,1735908592,1736167792
txn_3CQnRjULsiBzXAmzvRvPtlKl,charge,charge,ch_3tE1GdUn3jL4g02mgrVKXIup,100000,1525,98475,eur,Payment for invoice QCR2PAI9-0001,available,1735908722,1736167922
txn_3LsldLdeWKSzsriapTw84HID,charge,charge,ch_3q0coioCKpToVAUUN00651nG,100000,3275,96725,eur,Payment for invoice K0QD03DP-0001,available,1736162787,1736421987
txn_3PiyrmMVjHOuyXsuirktU3tP,charge,charge,ch_3JvKvhlYKAVd9U9eaOeLcHck,100000,3275,96725,eur,Payment for invoice P81FTH04-0001,available,1736239338,1736498538
txn_33EymiP8uk4v246DE8SJyD7i,charge,charge,ch_3N3E2745498MZ0EwokoqINnS,200000,3025,196975,eur,Payment for invoice TERH4SIP-0001,available,1736289418,1736548618
txn_32dI2PKNrDSZLJHXzTngIcGV,charge,charge,ch_3ch99CWbOsnEfd7mGbgxKZry,100000,1525,98475,eur,Payment for invoice 764WU666-0001,available,1736420378,1736679578
txn_3gm1S0PkoeMZ5Ax1vUpfn7l1,payment,charge,py_3gy03ZrtQfqfyq4unompp2ht,179700,500,179200,eur,Payment for invoice PGA423GY-0002,available,1736433721,1736865721
txn_3y9ulMGbDEEwo6DmHWTssmLH,charge,charge,ch_3bGZQgo8TWsEtzbvCx5myM9v,100000,2525,97475,eur,Payment for invoice L8RM4F2M-0001,available,1736497894,1736757094
txn_3gSV8OYlpjaWnhkWiOXzQAiY,charge,charge,ch_3fxNCG14NkypUpy4X9omhNXk,100000,3275,96725,eur,Payment for invoice ZCPSVU10-0003,available,1736566509,1736825709
txn_3H7ZBPXatihd0P6fc4LEYNN5,charge,charge,ch_3q5LwKSjOOCciL5Bp6f8y4S7,100000,1525,98475,eur,Payment for invoice 4D70M4FA-0003,available,1736766739,1737025939
txn_3L0Y5V2jLQiYszZKw5eH8wY5,payment,charge,py_331C3JmCpU3EdbsspAj6rWgf,179700,500,179200,eur,Payment for invoice VIVCE63Y-0004,available,1736819923,1737251923
txn_3KpCroJSTL8uwxjvBA1ei2eS,payment,charge,py_3NvIROHAWpai5FPVyB9etNZf,179700,500,179200,eur,Payment for invoice U5U2VULH-0002,available,1736893915,1737325915
txn_3PO3Qa3zYNXGzMzdEJSngX95,charge,charge,ch_3ctAZXdPC1ajSSrpa2SVU7nE,100000,3275,96725,eur,Payment for invoice FVLWXQIN-0001,available,1736921899,1737181099
txn_3TA0t8EPGPnBp0iEBHguTpRN,charge,charge,ch_3hTTFV3bCC63QET9qLAWGfqB,59900,923,58977,eur,Payment for invoice 4YJY44SY-0001,available,1736942086,1737201286
txn_30JRz7PXQ6CVJPjZFbfnKfH8,charge,charge,ch_3UH3xmzpaIr6rJm4y0eoHnfx,100000,2525,97475,eur,Payment for invoice Q6R75ASY-0001,available,1736951248,1737210448
txn_3ZanAIkF98Xi41ziTPrU7PWS,charge,charge,ch_3koGW3dr1lRaTev8KOocEEbR,100000,1525,98475,eur,Payment for invoice R3CSRK0V-0001,available,1737020243,1737279443
txn_3GAsy1A5AtTcHBSCp8YEpHtC,payment,charge,py_3gBidHcYCQspW81uVruFFrdt,179700,500,179200,eur,Payment for invoice AZUWILWE-0001,available,1737026224,1737458224
txn_3VOGF3rgelVAj8ssSjJGc5Y6,charge,charge,ch_3eaPpBVcVmZeCYqMwyZNVG0u,100000,2525,97475,eur,Payment for invoice D8AVQ18V-0001,available,1737030292,1737289492
txn_3WLjHSxSLJnEnBm1InRJdZIq,charge,charge,ch_3q4zYAxZ66ftAi2njuz99L84,100000,1525,98475,eur,Payment for invoice MU1D2AKN-0002,available,1737194520,1737453720
txn_3xyBySIIBWa6nhtspfq0ZJ1H,charge,charge,ch_3Muu7bYgs7XZcA0nGJRVoKmG,100000,1525,98475,eur,Payment for invoice 33YFJ4UP-0001,available,1737277489,1737536689
txn_3SvZJ1rJxmxiYoKDz0a05rZa,charge,charge,ch_3DPJk7l6d1HsWAGQN4SGX0zN,59900,1972,57928,eur,Payment for invoice SQZBJ60U-0002,available,1737355951,1737615151
txn_3jMk96siIH7fTfQk9u7u0kNv,charge,charge,ch_3k3wnzH0fpAU3OQNQhqbYIfc,59900,923,58977,eur,Payment for invoice 0GU5FHCS-0002,available,1737379326,1737638526
txn_3qGfpsheG2ofhgTiZ59xwE5J,charge,charge,ch_3g4M88BqlmHtucwOICm08Tdh,59900,1972,57928,eur,Payment for invoice UL08FGIT-0001,available,1737539428,1737798628
txn_3xvzKzckxicizat0zA6sZZP9,charge,charge,ch_31eG9LQ65TKNVPOQhvr8KAHi,119800,1822,117978,eur,Payment for invoice B9O0A589-0001,available,1737548102,1737807302
txn_3pnrJUaiFJTXqc1kgYQwLZU7,charge,charge,ch_3MDFPXYbm153OgRwfj1XbyeE,100000,1525,98475,eur,Payment for invoice DZOXT20I-0001,available,1737616846,1737876046
txn_3bTpMTUm3HaGh8HpFn5MhB8I,payment,charge,py_3vEyeDCW1B1KGE0paFXtaaR6,119800,500,119300,eur,Payment for invoice QO5PCDZZ-0001,available,1737639886,1738071886
txn_3dhBQj7L8oYRneMPPwIZOuf7,charge,charge,ch_33zUHgVOmTsEhoZ4m5GBr0QU,100000,1525,98475,eur,Payment for invoice 05F5FXMZ-0001,available,1737724269,1737983469
txn_3DEEFyyrGYpG0oBhzm6jxIkl,charge,charge,ch_3WXtmrpI1DQ2h8v9g1zmBfCn,59900,923,58977,eur,Payment for invoice G5CMP24N-0001,available,1737967759,1738226959
txn_3uStdtB9RsBvGlwzVMJZupan,charge,charge,ch_3RWqVUCx0t2PjVMhkZfkFm1g,59900,923,58977,eur,Payment for invoice 68N2SR5L-0002,available,1737974622,1738233822
txn_3zTNAiRIIVI5u9081bd9lqDG,charge,charge,ch_3TVIZ2C0wIxkJTNiYurxRruZ,200000,6525,193475,eur,Payment for invoice E36V4HZG-0003,available,1738079887,1738339087
txn_3C1XWbBXAWW6vS3uyYG4RWEG,charge,charge,ch_3mr4eapEahtsTwk0UwigSRUn,100000,1525,98475,eur,Payment for invoice 5VFN7X1C-0002,available,1738090030,1738349230
txn_369PKzRa2JwqwXjkZP8gNWot,charge,charge,ch_3cYUygxnGAOzAb1W7JUQo74N,100000,3275,96725,eur,Payment for invoice WU68S630-0001,available,1738139590,1738398790
txn_3qdMsL4ifviRjvYCu7sOLtp5,charge,charge,ch_3OwNhpV4ny31qjv4yuQGR7yV,119800,1822,117978,eur,Payment for invoice TOWYQLUC-0001,available,1738247015,1738506215
txn_3UASIr64NT87MrFrS3PVcUxh,charge,charge,ch_3UX2cu4tINuMTUlAesavPHzN,100000,3275,96725,eur,Payment for invoice HYVENW1L-0001,available,1738249047,1738508247
txn_3Gn0y54LCFYel2eI6Jgv4opk,charge,charge,ch_3awUqLrDOou9tlV96usB0u1k,119800,3919,115881,eur,Payment for invoice DN6VT8FH-0002,available,1738250374,1738509574
txn_39zqmVxsIvxNlBMnmFJrb8sr,payment,charge,py_3izlz15I0Mi5TjrN3KMgadBm,119800,500,119300,eur,Payment for invoice 3FIAM0OP-0003,available,1738252638,1738684638
txn_3rtQTRheSHRqkODit2kIVJUE,charge,charge,ch_379QyFLQ8qQDCZnIMY2rFgGF,300000,4525,295475,eur,Payment for invoice VVBKKI4Q-0003,available,1738293210,1738552410
txn_30XTh46wkKTvR8xvyVkGTm3R,charge,charge,ch_30XsQ3XFowIIzzVI1mR9pamI,100000,2525,97475,eur,Payment for invoice A7CLQJSX-0001,available,1738337477,1738596677
txn_35pSZTUJeM7qSeTy2pA5BfNc,charge,charge,ch_3hCJ93jnXCq5OwKdHgA6hoj3,100000,1525,98475,eur,Payment for invoice Z57IOLF3-0002,available,1738429790,1738688990
txn_3uwMVLJSRRNoxdzH9KSowUTl,charge,charge,ch_3slys6fMQFlt8AJJkEUWzCsW,59900,923,58977,eur,Payment for invoice 9MGY52SW-0002,available,1738495924,1738755124
txn_3dwikCosidd9J93dNGaVtwH7,charge,charge,ch_3Vnv2oKgfZMqi9VOdRCiun2f,100000,3275,96725,eur,Payment for invoice PUJZRWNC-0001,available,1738497058,1738756258
txn_3EOgn3bbwsYoKPm5zA7Ymn1m,charge,charge,ch_3de07yZ4EwUyiWDgf5oQwlse,200000,3025,196975,eur,Payment for invoice D3IFH6C6-0001,available,1738552340,1738811540
txn_3phFT6808N0wQP1JoOmBI43b,charge,charge,ch_3U03AtNsmlsKRxCFDDcMvNL0,59900,1972,57928,eur,Payment for invoice MKB8XQ0U-0003,available,1738566632,1738825832
txn_3AKkOREsbL5MM5VFOz2uv6ML,charge,charge,ch_30LmLdstSwLbOBkcbHibEWoJ,300000,4525,295475,eur,Payment for invoice A4MJCXRE-0002,available,1738605014,1738864214
txn_362QO3oHtYotUffKYwlRDPvU,charge,charge,ch_3mTLef8elWeDR1rXy3MtCBgd,100000,3275,96725,eur,Payment for invoice 1PL5NAP4-0001,available,1738626554,1738885754
txn_39voOt0CY9L3K3bto9jRjJ03,charge,charge,ch_3rexMfok3EW4R2xcx9qmTYKa,59900,923,58977,eur,Payment for invoice DLI4CFIQ-0001,available,1738650489,1738909689
txn_3YpfxxLHWRo4QoHxDLCwIybv,charge,charge,ch_3upH4iJ2OnmQGRocWk2zUIUo,100000,1525,98475,eur,Payment for invoice JI1S3YFE-0001,available,1738739665,1738998865
txn_3BiD2T4QhpwkzZ4C61PXQaSV,charge,charge,ch_38cQ2AL8x3J17PQDYxw3fpq7,100000,635,99365,eur,Payment for invoice QJA6YU3J-0002,available,1738758369,1739190369
txn_3K35Z8Vq0EnQdXyPb9AiBjJb,charge,charge,ch_3vudwuQHQLgTxIoXbFJ3BFvF,200000,3025,196975,eur,Payment for invoice 1NW1OD5H-0001,available,1738777182,1739036382
txn_31cBLfgD1kMp9LsjmFFst4Br,charge,charge,ch_3apRwJICVXMWwlqPZxfqtESP,59900,1972,57928,eur,Payment for invoice Q3W34429-0001,available,1738841628,1739100828
txn_3oaDZnvyiRPvVZge0wq2ileC,charge,charge,ch_3rMXS3JjXJUvlZL2t9knOem4,119800,3919,115881,eur,Payment for invoice FFOZ3WTL-0003,available,1738944756,1739203956
txn_3oc17vR282E3MHqSKHZKJm4R,charge,charge,ch_3wTZAixXveMywGArbBHRB4Mc,100000,635,99365,eur,Payment for invoice C6UV4JPF-0002,available,1739003287,1739435287
txn_3m5kqGV4jUmahCLjChvaVXP9,charge,charge,ch_3TNyZmusrHKNM0N3aFS3iKSP,59900,1972,57928,eur,Payment for invoice T6KDXTKB-0002,available,1739007593,1739266793
txn_3H8ob3XlffAMTswrXBNxZL1R,charge,charge,ch_3flPoIxY12xa70zXdHxDqHdp,200000,3025,196975,eur,Payment for invoice AGE4R60T-0001,available,1739035196,1739294396
txn_3ElbxkoT8CYfI2A5c8OwDbnp,charge,charge,ch_3XnK76MYhDt2eSxRhPl91fIu,300000,9775,290225,eur,Payment for invoice QMFB2ZRX-0004,available,1739179544,1739438744
txn_36fOmCiYtLF0gdL0BOOhJjbO,charge,charge,ch_3xi3UOjM5ORPCLpzWqxZTwbk,100000,2525,97475,eur,Payment for invoice UOKUMV96-0001,available,1739189151,1739448351
txn_3aOQlcFcYnmwFHpJFjUlZOAw,payment,charge,py_3FnECh1TeBTYtwjw7ES87WiL,100000,500,99500,eur,Payment for invoice 9S907EPY-0002,available,1739298607,1739730607
txn_34YFMS3U5RgHMt1NLLY8JwgF,charge,charge,ch_39KppvArMaGvmU02RFUOu8qV,59900,1972,57928,eur,Payment for invoice 9FPOY9A1-0001,available,1739309860,1739569060
txn_3kDzCFAs1CBsnDjENHjYDitT,charge,charge,ch_3hpIOegIt2HBHNITt0GTCdYr,119800,3919,115881,eur,Payment for invoice 5O6D8G2F-0001,available,1739373836,1739633036
txn_3fOuluRsDcX4OdYEkAiM5Fnu,charge,charge,ch_3ezFqu0pvtfsBSRgatYjSKzw,100000,1525,98475,eur,Payment for invoice VS001S5R-0001,available,1739428598,1739687798
txn_3C0MtWMFkVPRgPTIsG1acGE0,charge,charge,ch_3VpC4m905KoWhsbbsn67OKB2,59900,1972,57928,eur,Payment for invoice O72DXS4A-0003,available,1739432390,1739691590
txn_3PuJmOHshO0s1sV0qu074mk1,charge,charge,ch_3KA1t428XRV1qzvp6Qusrq8p,100000,1525,98475,eur,Payment for invoice J8ZH46SK-0001,available,1739478535,1739737735
txn_3VOGfPVq9JSYIMnzCONdsJ5n,charge,charge,ch_3C0s3ktaqvQZb4YeVSOAXsKg,100000,3275,96725,eur,Payment for invoice BB74L6NP-0001,available,1739529823,1739789023
txn_3MO9HvXvmd5NF12kPi6xGfPi,charge,charge,ch_3dLu4kQdVGLZpuyyy5iMrZjh,100000,3275,96725,eur,Payment for invoice WTQC9IYK-0002,available,1739696294,1739955494
txn_3smkFFa6rWCIy71nQQZYsFRB,charge,charge,ch_3TH3rdqxXSoDfPrKvqaN9Sbx,100000,1525,98475,eur,Payment for invoice VLN61A4W-0002,available,1739700822,1739960022
txn_3olQd1D0tAqRSJrLauJ0SS5N,charge,charge,ch_3WoZRh3rkFXLLrLp7tTFgMqS,59900,1972,57928,eur,Payment for invoice 7NM325M0-0001,available,1739710636,1739969836
txn_3KWmSti0LouylN3l6uRVictK,charge,charge,ch_3a5HqpZPgK6PWRSRdOShhKHj,100000,3275,96725,eur,Payment for invoice 49K1QTC0-0001,available,1739779557,1740038757
txn_3bz7JNw5duWhB052XtILuT8S,charge,charge,ch_3MSjlYf7yoO2mJJ1h8mvoJYU,100000,3275,96725,eur,Payment for invoice U29A55PH-0001,available,1739787269,1740046469
txn_35EaxBBS7YwIHIP79VGDnP5H,charge,charge,ch_3LMmCYPptL5xd3Vf6CLJ7Q2V,100000,1525,98475,eur,Payment for invoice YS3H7407-0003,available,1739793917,1740053117
txn_33sdH4q3AG4BrPmYeksoxqcS,charge,charge,ch_3snEFKhdmGi68zDz8tEQiVlp,119800,635,119165,eur,Payment for invoice MJN3MQZS-0002,available,1739968929,1740400929
txn_3Oav4ITLEdCT6k3LbteXfoeF,charge,charge,ch_33uj96EJ4Zgjkv8GjkMxVQUE,100000,2525,97475,eur,Payment for invoice MEKJ8DN2-0001,available,1740064740,1740323940
txn_3fNpU19NcLlA3hL93ZcQ39tT,charge,charge,ch_3LI6IF2vMkbA3kqVN4QUBtpx,59900,1972,57928,eur,Payment for invoice FTCL5J61-0001,available,1740123284,1740382484
txn_3xvoyzQ7WtCp06CHMGN2f2jq,charge,charge,ch_3tySkB5AzyNNJksocWAJiG6L,100000,3275,96725,eur,Payment for invoice L6D8M8ID-0002,available,1740129724,1740388924
txn_3tOfB9QQNClvV4MFZsSGCUCq,charge,charge,ch_3ufHkYHzXUVg4UsKW8OG5ndv,100000,3275,96725,eur,Payment for invoice GZP1DMEG-0004,available,1740141713,1740400913
txn_3IxOPBMhShGeTBH5vcrKoPkI,charge,charge,ch_3Ub9piNK5FjsdrXTcdMJu5i3,59900,1972,57928,eur,Payment for invoice AO2TXNDM-0002,available,1740144560,1740403760
txn_33QUuw1ToFYL5M6BIjp0jw52,charge,charge,ch_3TpMYATuDfZYUJKGOcaJBGom,100000,1525,98475,eur,Payment for invoice O1BKEYAC-0001,available,1740144669,1740403869
txn_3zQRauYvdkypmcZBeT9JVfav,charge,charge,ch_3XrNlzLGP5Eh6WO1W2rl0hlN,300000,9775,290225,eur,Payment for invoice 9RRDV3VP-0002,available,1740246747,1740505947
txn_3oj9CduM4VvKlCqwciKuLF6p,charge,charge,ch_3mhrzSdzYms5vR7LyBw3gicm,59900,923,58977,eur,Payment for invoice 1VE016B4-0002,available,1740260549,1740519749
txn_3FakqJkYKrbQ0iZGLqJcUTT5,charge,charge,ch_3L3aYXJzPVe9C129GWfkVHEu,100000,3275,96725,eur,Payment for invoice PYTD353R-0002,available,1740305452,1740564652
txn_3XKNBenqY9j50ZTjDSwAv0SK,charge,charge,ch_3yMaDqP6IdyybWAptANhHitJ,59900,514,59386,eur,Payment for invoice NNDBT39A-0001,available,1740319715,1740751715
txn_3Ypl0htAEDzsIVdhwBBYQPGh,charge,charge,ch_3aeJsuKXx8TgKyiXz2DETsfJ,59900,923,58977,eur,Payment for invoice VGED3D3D-0001,available,1740390794,1740649994
txn_3BLqNPmkN6KrGukqlLhA3xlU,charge,charge,ch_3UaKQ5oS1mqTsjvTZNMwszSC,59900,1972,57928,eur,Payment for invoice MAQIBZYT-0001,available,1740394334,1740653534
txn_3oM5ZG9Wy0BDRMcgTXypmv0Z,charge,charge,ch_3e11eQirS8Ch49HWFhodlXO8,59900,923,58977,eur,Payment for invoice BDQM29VZ-0001,available,1740424016,1740683216
txn_33Hpmd733NV6Y3sk2ThXmTvO,charge,charge,ch_37RTDqPmRePeQPPUTkibEp1p,119800,635,119165,eur,Payment for invoice MR5WMX2X-0001,available,1740460610,1740892610
txn_3kNWkQhXTbpx7lebR4EkIux9,charge,charge,ch_3owIRsY4ohqyrceVbktoBwpr,100000,1525,98475,eur,Payment for invoice UX8MYRS7-0001,available,1740467075,1740726275
txn_3cWOJx8FfSTwp5bBl1H9KwW4,charge,charge,ch_3G2lwCk2bygFIfdXq6EXBPq0,200000,3025,196975,eur,Payment for invoice S9D03KJV-0001,available,1740491690,1740750890
txn_3yOtjahPuZ1jBHrkfwKtfatc,charge,charge,ch_3JOn3MCBSn5xWdzTKVM6gOes,119800,1822,117978,eur,Payment for invoice XYCUSP6A-0001,available,1740496555,1740755755
txn_3pMt0kuetffkQ1KwHBHGmI3x,charge,charge,ch_3jAY925qE1HQePxeDvcBqunX,119800,1822,117978,eur,Payment for invoice FZQ1CGF3-0002,available,1740566966,1740826166
txn_3jHQz9K7C9b0UIdl7yQflZVc,charge,charge,ch_3K0NzMPiifZWL1iiZkij4vGS,100000,3275,96725,eur,Payment for invoice IUD09KXT-0001,available,1740575935,1740835135
txn_3LUcelRDwmSlSWv5DMlSDNe6,charge,charge,ch_3kslnBARXz391rfayBn9P3PS,59900,1972,57928,eur,Payment for invoice 8TYQB7BV-0002,available,1740585377,1740844577
txn_3wWCCkkLyRQTXHjx05jFHy74,charge,charge,ch_3GA1h8YQcFaaLOqFfx7nR8H1,100000,3275,96725,eur,Payment for invoice 2FOTT147-0001,available,1740672052,1740931252
txn_3nJKTf9VsNnyklnI94kYw80B,charge,charge,ch_3zaPz5B8lKbk5K70Sb6170A7,100000,3275,96725,eur,Payment for invoice QLIHB5JV-0002,available,1740685256,1740944456
txn_335F1nCYQeQqbi68CX5SZsbY,charge,charge,ch_3HfjGmeMoF1YAztX7tLKnRkU,100000,1525,98475,eur,Payment for invoice C7DBSQHJ-0002,available,1740753867,1741013067
txn_38UVRF3rwI04gKCe0LCgjflL,charge,charge,ch_3oWXcCSOuFC3YzOrOYWNpjdX,59900,923,58977,eur,Payment for invoice YKFO09FH-0001,available,1740754457,1741013657
txn_3R7WLVFfVDbprXu7dgjqGTLz,charge,charge,ch_327j3G0Wdo0PEmda1IqQxsqh,59900,923,58977,eur,Payment for invoice 5JB2SQ8S-0001,available,1740814104,1741073304
txn_39BEgoAFt1rwpK7TMG1Okx6V,payment,charge,py_3sbHAdzwpmqPiiwMjVo6BO9o,21000000,500,20999500,eur,Payment for invoice HXUQMLDW-0001,available,1740840439,1741272439
txn_3wBL2O4A2E1LPOLT3M5VpZYt,charge,charge,ch_3p1nwvE8R7vVIkOLpD7nbfc9,100000,1525,98475,eur,Payment for invoice 13QT4UCM-0002,available,1740905312,1741164512
txn_3Y3d6YuSUHC9DUoZ7r8gY1Xw,charge,charge,ch_3gYd3RWPYR9qOFhgSeGlI9Yw,100000,1525,98475,eur,Payment for invoice YL4QFL80-0001,available,1740907089,1741166289
txn_3PFHyV6to1RkAi47W4vFOu5B,charge,charge,ch_3py9gYKKxt5BgokCu6KEAWtt,119800,3919,115881,eur,Payment for invoice AT14L232-0002,available,1740913051,1741172251
txn_34HOg8BhgkM7nkxkmGox3FD8,charge,charge,ch_3cYww6mOk8N61FaxzUXsIJcJ,59900,1972,57928,eur,Payment for invoice RIPC3OAS-0002,available,1741027171,1741286371
txn_3QivRcpxk4BJgaBjkFZrwq4J,charge,charge,ch_34UT0yGyOszNJVcEJqXKcTGQ,59900,923,58977,eur,Payment for invoice CJTBHK18-0002,available,1741027986,1741287186
txn_3RLJfNmXBAaWvhv7uxe4FkLL,charge,charge,ch_36PwV6y8WlsiH2KW2ofTjc7C,300000,9775,290225,eur,Payment for invoice XAFR4MYO-0002,available,1741093164,1741352364
txn_3a1YGjYIf0qmvr9Bbpb7FUY3,charge,charge,ch_3E50ElNBMn8iF1sfAMHweLiC,59900,1972,57928,eur,Payment for invoice HIWVA3WO-0001,available,1741172017,1741431217
txn_3ewfCFCTUk5Dw74jnRJanaCE,charge,charge,ch_3fbRYwa9Rq6cEiCAW5mySfVy,100000,3275,96725,eur,Payment for invoice HLQZMHAN-0001,available,1741254981,1741514181
txn_3UHFjRD1UNrRuVZlmRTdZ7yu,charge,charge,ch_3V66BVvugQAqWTm3xNAELZO9,100000,3275,96725,eur,Payment for invoice FATN8TYD-0003,available,1741268069,1741527269
txn_3RIBnDrSeBt3hL0WzvlPHH8q,charge,charge,ch_3sDoT2qhoxSqtwfcApT5WrM8,100000,3275,96725,eur,Payment for invoice RTPODH8K-0001,available,1741291919,1741551119
txn_31QhNJjMa6RyWZ4RIpDoNzsp,charge,charge,ch_3zXgSG2pVJBMAX5tvc1L9vic,299500,9759,289741,eur,Payment for invoice UK1HMP1P-0001,available,1741359179,1741618379
txn_3z9ksRobrtxkhnrJKNn2Fqil,charge,charge,ch_3iAOOCHZdsjMAoFKfY9FKTlt,300000,4525,295475,eur,Payment for invoice 6ZNKFINK-0002,available,1741366411,1741625611
txn_3V0fzvHcrusm9jh7cOOPUTa3,charge,charge,ch_31fFJfbIVJUyf4zPoWHoYTyA,100000,3275,96725,eur,Payment for invoice WTK7WO32-0001,available,1741515419,1741774619
txn_3nm7WTlvbzpLu1tQE6XrcJNx,charge,charge,ch_3bU7CfHlErP0rfggpN18MAjb,100000,3275,96725,eur,Payment for invoice MPE6UBDX-0005,available,1741553891,1741813091
txn_3oKBPiAHrkA30D2oWbJ51eT4,charge,charge,ch_3R8GSAmxYPO1gUKsa1HrJnut,100000,1525,98475,eur,Payment for invoice VJ724EAV-0001,available,1741623247,1741882447
txn_3EXP0RGI6OYYsI5T7RG8cqc9,charge,charge,ch_3cjTsZ5s7CT18LeURAjspJcJ,59900,1972,57928,eur,Payment for invoice 4HECG6WV-0004,available,1741720756,1741979956
txn_3bxDhJmDAw92lVldBrC8vz2h,charge,charge,ch_3JMKEsCLce3GreTUVZPENhUX,59900,1972,57928,eur,Payment for invoice YQOHS2R4-0002,available,1741851576,1742110776
txn_3ocJz2NhlVn9Ou82mooozOwU,charge,charge,ch_3y0oSxRqf1srbUj1nrQgKx79,100000,2525,97475,eur,Payment for invoice QPZ8OFK6-0001,available,1741863400,1742122600
txn_3Bz2AD2GGDX0kPTFxz8y2K5L,charge,charge,ch_358da2tXj0LC1jTDo4htTEif,200000,5025,194975,eur,Payment for invoice I2YCZXO0-0002,available,1741865753,1742124953
txn_31j8zAO5HLf0R1fKpq4MKhGy,charge,charge,ch_3YKVBT0VOljjJqhybbtGhSbC,200000,3025,196975,eur,Payment for invoice X1HLN5KO-0002,available,1741872545,1742131745
txn_3fGpOiiFoHXseSrLWyNEWEDo,charge,charge,ch_3g0TRTM2zSEUMQHGkt37S33r,239600,7812,231788,eur,Payment for invoice Y47R23Q5-0005,available,1741878416,1742137616
txn_3c5K67cbAyphZlhknPZ9K8ce,charge,charge,ch_3AptHT52z6ZEnfpHokiAWCNS,100000,1525,98475,eur,Payment for invoice 5JOXGBO6-0001,available,1741882630,1742141830
txn_3HcQTFBreYbdftxOpFM5vuNO,charge,charge,ch_3SBJi1Yttw5rzGe8ZbSoNhSF,100000,3275,96725,eur,Payment for invoice KUZKPDAZ-0001,available,1741955709,1742214909
txn_3EHSj9U59rEXNCwb20R0hIBv,charge,charge,ch_3ybJ7qOynM5jRMllUfP9qzPD,100000,3275,96725,eur,Payment for invoice F2TGKQPL-0001,available,1741959037,1742218237
txn_353RYxxNn0lTdRsDHirxjrzN,charge,charge,ch_3RPkbOjT5RIbtMXDFgCR4HgA,100000,3275,96725,eur,Payment for invoice X8H2YGYP-0001,available,1742186178,1742445378
txn_3jSd5Aend0Ephi24SCkvOaMm,charge,charge,ch_3K8HA3K9UPEXYjE8K5vH0DQ2,100000,3275,96725,eur,Payment for invoice NP99K752-0002,available,1742208143,1742467343
txn_3KHX0fqBbvJWD9xE74P70rTA,charge,charge,ch_3FXADm0ShTI9jJY7XaEl79rs,100000,2525,97475,eur,Payment for invoice TVFNQX6Q-0001,available,1742218756,1742477956
txn_32Y9kGqsLAxlWhPzRdysx4IY,charge,charge,ch_3HgriORNz1v7KXVomZ9Tsyvs,179700,5865,173835,eur,Payment for invoice 80V9DX8M-0001,available,1742223914,1742483114
txn_36mH6OoSqL8QXlbFHzo2k5ub,charge,charge,ch_3NAZsCz89cfDEUVCV9ZppYiX,100000,3275,96725,eur,Payment for invoice 68OR5HJG-0003,available,1742293296,1742552496
txn_3aScqLEtGU2jKi3dLBDi2JGI,charge,charge,ch_3pDPNCObu1sEex0Qz7gQ32mu,59900,1972,57928,eur,Payment for invoice N09YKXTY-0001,available,1742320801,1742580001
txn_3LXFZgrJx9ojuhDghmkzaJJl,charge,charge,ch_3CGv4RyATFPwz9w8fZnxWyGF,100000,635,99365,eur,Payment for invoice FPSJ9ORW-0002,available,1742369760,1742801760
txn_3i6tvjxmuV4SMm8veCO5jBN2,charge,charge,ch_36zxelIvn3yfvwjzW1ZaeM4C,100000,3275,96725,eur,Payment for invoice 1VMNIQH6-0001,available,1742376898,1742636098
txn_3gOwpz012ys0kjl6StbomL4o,charge,charge,ch_30wH9hfnGC1kODyQ4xFZjDkJ,100000,1525,98475,eur,Payment for invoice GSEV2KSY-0001,available,1742420951,1742680151
txn_3E8UfZgpDcbNQqMEc0DQ8qe3,charge,charge,ch_3ytM50MLsbYc94XbnPJOjmgo,100000,1525,98475,eur,Payment for invoice 189JF6NQ-0003,available,1742469228,1742728428
txn_3bncubhiMbMnQymsNrTpNX8o,charge,charge,ch_3tKh6wD4sipDHbro4GqtRCx8,100000,1525,98475,eur,Payment for invoice YRRA8BOB-0002,available,1742482689,1742741889
txn_3ia4PMn2cAUNAZqjb9woA2C9,charge,charge,ch_33spXCw7fEzAktT1frrck1dU,59900,1972,57928,eur,Payment for invoice NTA21V3P-0001,available,1742484432,1742743632
txn_360GWkKNa3s7CMMM69fAE0qV,charge,charge,ch_3IhT6vU5NQ60QcUF5xqC3ITN,59900,1972,57928,eur,Payment for invoice VUEXUT29-0001,available,1742591693,1742850893
txn_3uG4mokZZS8VSkTJLmNdkw06,payment,charge,py_3RDOPVMnCu9NMpka4Sa5vhOV,300000,500,299500,eur,Payment for invoice UAOHEU6A-0001,available,1742706135,1743138135
txn_3P3wqAEYPPFllJNZTmxMYQNI,charge,charge,ch_3cJkozxGFMlCsPGsU1D6BxeH,59900,1972,57928,eur,Payment for invoice Y2S7VZO3-0002,available,1742748956,1743008156
txn_36WQ2mhZNwO3jHVczglQLI0c,charge,charge,ch_3qUM4gtbRN4Q3cpgD7E1Yshr,59900,1972,57928,eur,Payment for invoice P95YTZV8-0002,available,1742799422,1743058622
txn_3e4WCGoq3nAZdgLtbOtpuWcP,charge,charge,ch_32ntVmMArpOfVLX2u8HiE5S3,300000,4525,295475,eur,Payment for invoice Q50L9PGX-0003,available,1742812834,1743072034
txn_3XkNQNnY0uUGmfDkvC9Qjpc1,charge,charge,ch_3NDYt1jHupqb9Rt7P63vFYhd,119800,3919,115881,eur,Payment for invoice 2ONJ0YXB-0001,available,1742812836,1743072036
txn_3NoPMcR9KPic6OZ0Gb14RTzj,charge,charge,ch_3ip84JPPSYOHQYbQFfq7sSqw,59900,1523,58377,eur,Payment for invoice VX8BHIGH-0003,available,1742813296,1743072496
txn_3afZvWSAOcPNJZnxUypEn1Cg,charge,charge,ch_3o1AgYzWZ05MzXGCRHKFYZih,119800,1822,117978,eur,Payment for invoice AQ88VM8V-0001,available,1742903589,1743162789
txn_37ZN1j7V5lJqzGCYBgtqIPW6,charge,charge,ch_3cVNA80mfqNZQcqk216ZpCJK,119800,1822,117978,eur,Payment for invoice W6CSFX6G-0003,available,1742965032,1743224232
txn_3thI9Kl8KXQlyFIjIqmM85wC,charge,charge,ch_3RdUi6avqtNrLvuut48hHFnH,100000,3275,96725,eur,Payment for invoice NBFTTDF5-0001,available,1743084297,1743343497
txn_3if2ANLuc5MUzyuDyV5hBRIz,charge,charge,ch_3KgPN7HIJsOAauk8nPRFSgVx,100000,3275,96725,eur,Payment for invoice 45YD5J4N-0002,available,1743112623,1743371823
txn_3wh1sOMAnghJzQyaA0WGcRvZ,charge,charge,ch_3C7jK3mH0YxTVwXgZIuHPP9q,59900,1972,57928,eur,Payment for invoice CXROFE4E-0001,available,1743166597,1743425797
txn_3g4NBFPe8ugbheYbzzdFByp6,payment,charge,py_3G2pt6aa7lqTIFFXHvCCroa6,200000,500,199500,eur,Payment for invoice 2D7HBTKA-0001,available,1743366821,1743798821
txn_3wO6varbKjzQ4tp4ZPawvvfM,charge,charge,ch_3Nlld8cE2YQOWmKJSnXeaPxQ,200000,6525,193475,eur,Payment for invoice NSR4MCXC-0001,available,1743498724,1743757924
txn_3cg7Iwfv4K2jjJf1UqCZy0ox,charge,charge,ch_3hqQ39qePbnG8NS6Likhlh5P,300000,7525,292475,eur,Payment for invoice EXWEQDKS-0001,available,1743591599,1743850799
txn_3xTTuoZFPGUlp38SEeI9iYSz,charge,charge,ch_3ModwUHSYuQsz47yWcjxptZq,59900,923,58977,eur,Payment for invoice 9YBXQLJV-0001,available,1743601312,1743860512
txn_35eccZVoXbKLpw7GM1dHXFkU,charge,charge,ch_3oWi7O5ClZ2lEzazmkJJwhQV,59900,1972,57928,eur,Payment for invoice F22I1SEO-0001,available,1743607282,1743866482
txn_3Mo25w4JAwLuHbcr50V52hIl,charge,charge,ch_3L5uQfCnUGKQQwtadPy2HF4T,59900,1972,57928,eur,Payment for invoice RBJFCW50-0005,available,1743681285,1743940485
txn_33gxrE1LYqK0HtG64vm0v9bP,payment,charge,py_3fkHFjEiUhQvGFnHRgMf4AYc,200000,500,199500,eur,Payment for invoice AR5T843D-0002,available,1743768930,1744200930
txn_3JTpVRModwM2NO4TRQJaokml,charge,charge,ch_3TNG1m7bWJGHGWY6JAFBw06s,200000,3025,196975,eur,Payment for invoice T6AQ4B6D-0002,available,1743785212,1744044412
txn_3jFqldHUWYyAhkbzz2W5ABcI,charge,charge,ch_3tEwbk1UOzpwNBATXG1LIo4y,100000,2525,97475,eur,Payment for invoice LP5EODMM-0004,available,1743930607,1744189807
txn_3I0saJyeQ8373GSLm2nr1xVa,charge,charge,ch_3ysHoz6jtzWvkzgU3oA0zEHX,100000,1525,98475,eur,Payment for invoice CLUH2M4Y-0002,available,1744030595,1744289795
txn_36ZsZdVkPmUhXeARtuCHmqk6,charge,charge,ch_3GkYkUGUK1Jj3e1sLbmHJD9A,200000,6525,193475,eur,Payment for invoice JWGM9RRC-0003,available,1744034338,1744293538
txn_3sB8N3uYWm6xXpdaChL3tLUN,charge,charge,ch_309j3DeBfJyWsdvpLqgGEo2y,200000,3025,196975,eur,Payment for invoice IGJ2B3G7-0003,available,1744040499,1744299699
txn_3kgFTnAIrZ2kd9Pr1CG38YUu,charge,charge,ch_3ir9OSgoQeMYgsLphgKJ0qhA,100000,1525,98475,eur,Payment for invoice OJ5O1L6R-0002,available,1744154721,1744413921
txn_3NSAKRLbJoUiqQvKZhhPV0bP,payment,charge,py_3KUQzuVbRlkUDwpueRAZDcV9,19800000,500,19799500,eur,Payment for invoice LXFRP4JG-0002,available,1744281997,1744713997
txn_3Oo4sO1FEIDHbljPWxDBa3LZ,charge,charge,ch_3Mn1t2otcxuX0km77KTdgRRg,300000,4525,295475,eur,Payment for invoice DLD5QMB4-0004,available,1744312801,1744572001
txn_3rmj6k7hElRbIiT8dxsi4g78,payment,charge,py_3PanfmK8dYLkNxGwoLmSeHHI,14500000,500,14499500,eur,Payment for invoice JYJW87YV-0003,available,1744323447,1744755447
txn_3xNPi7HJsoQzZFHtR7JhGtIc,payment,charge,py_3RxltdVP6eINYRUXT3kEHo4A,179700,500,179200,eur,Payment for invoice ZODFTIEW-0001,available,1744393122,1744825122
txn_3LWJUWYM2wGpOiJ8tRA1vHH9,charge,charge,ch_3jVaxNtrK1hq6l1OvEEsd7oB,59900,923,58977,eur,Payment for invoice Y8PP658U-0001,available,1744393135,1744652335
txn_3b3hSyJC4vogDQ2XM79EdZtn,charge,charge,ch_3loZQl7VnahaYySjpj93SEYC,100000,3275,96725,eur,Payment for invoice U5WOV342-0002,available,1744401435,1744660635
txn_31x2lq2Jps0bXZpqsdsnYDjw,payment,charge,py_3FF7yga4YgDZ9FAsaBhgeZ6l,500000,500,499500,eur,Payment for invoice O25CK48W-0002,available,1744574793,1745006793
txn_31LaA70uq8YEEkzEB3fIeeJl,charge,charge,ch_3J0ARt6h4lti4UzY8c0iolP4,100000,3275,96725,eur,Payment for invoice KTL8K49N-0004,available,1744660903,1744920103
txn_3FSqqUQ2aHZHmezSm5GyqKYv,charge,charge,ch_36NKADQ6US7ORYV6ye7EGMse,59900,923,58977,eur,Payment for invoice TDJD7ZEH-0001,available,1744716934,1744976134
txn_3OW9ZSCIwHp8XytCjLhK1rXU,charge,charge,ch_3MuUoVKNF8mQRTmHfQUWyZaw,100000,635,99365,eur,Payment for invoice Q5NF2GPM-0003,available,1744802062,1745234062
txn_3eMOH5MBM7Qm581kJ5Ok7orz,charge,charge,ch_38rqVPLZMoZA473K4ry6hWIk,59900,1523,58377,eur,Payment for invoice K2ZYHNLX-0001,available,1744811070,1745070270
txn_3xW5Km2ihR8IR2EObWWjfveY,charge,charge,ch_390vhlfHhRJlKeCZuIaOj6Ql,100000,3275,96725,eur,Payment for invoice NOGQVTQW-0002,available,1744820480,1745079680
txn_3X7RKSpjLHrTzSlefHm60xac,charge,charge,ch_3mmZzznO5ag4K1SR7Dwz1sC0,59900,1972,57928,eur,Payment for invoice RZ3WHZYK-0003,available,1744906912,1745166112
txn_3qVosuNT8TDz1nlKQForM3Im,charge,charge,ch_3OykfjIbET6fE3oQRlSU5YrO,100000,1525,98475,eur,Payment for invoice P7MHI8H2-0001,available,1744908933,1745168133
txn_38eELSXcwjmnmvSjnBZuPc4C,charge,charge,ch_3jv3KOupWvpplsnvTNP9WJ7e,59900,923,58977,eur,Payment for invoice S0KIC2CD-0001,available,1744976901,1745236101
txn_3tHTqwNonwEBUIGjWdyKy4Et,charge,charge,ch_3GpmF3QF6QeozjGDrNXoDcoQ,100000,2525,97475,eur,Payment for invoice OIVOGH6E-0002,available,1744983966,1745243166
txn_3BSQyFDAETNRy7eKifu6v4ws,charge,charge,ch_3MWaaLcYg36q29kOjnswUUaL,100000,1525,98475,eur,Payment for invoice O34CQ44W-0003,available,1745043204,1745302404
txn_3NktxtuLvcJsgJOjPKcz17Q1,charge,charge,ch_3jhmzRPfR7JaYIduzYh9bW2q,100000,3275,96725,eur,Payment for invoice 0UHTWGNJ-0001,available,1745067112,1745326312
txn_3FaJSgaWgjGksCzQFSs7O3Yq,charge,charge,ch_3VLP08uZZw5M4ui0yrPUY3uF,299500,9759,289741,eur,Payment for invoice VIBLUG2S-0002,available,1745233486,1745492686
txn_3p9vSIhWl8JZkT82pi6n2PMw,charge,charge,ch_3DnQHJ1uxa7tQu8BU96aYqaS,59900,1972,57928,eur,Payment for invoice L83E89YR-0001,available,1745240138,1745499338
txn_34MMXaSXzWaxnOvJEDvKG3n8,charge,charge,ch_3beuICXTWBCseWWl8CBkfj6y,100000,1525,98475,eur,Payment for invoice 1QK9TOAU-0001,available,1745245736,1745504936
txn_3fAIrEMd6TJxWhJPraNSK4uo,charge,charge,ch_3YertSjOwOWCir2QGj1hdFag,59900,923,58977,eur,Payment for invoice BZ564WR8-0001,available,1745248874,1745508074
txn_3RnYkAKvYdKCFqZS0CYOEcst,charge,charge,ch_3ayyEUvYtTzAXVcme8eqZ5Bt,59900,923,58977,eur,Payment for invoice B075UO05-0001,available,1745307541,1745566741
txn_3rQzdMkSat8saHBVDGWxMyij,charge,charge,ch_348ymxaVzG918uPuyV1hnoZA,119800,1822,117978,eur,Payment for invoice RBDCV9Y8-0001,available,1745327988,1745587188
txn_3nH93SPdeKyGtyYsytbdQTbf,charge,charge,ch_3Sdm4PwMzUqedPXNNvR64lIK,100000,3275,96725,eur,Payment for invoice KNVTLDC6-0001,available,1745328157,1745587357
txn_3wjxytB8SOXmFXJV6EpWvtqn,charge,charge,ch_3I6jli59reT4M3abzAHvRUlP,200000,5025,194975,eur,Payment for invoice 4B5U8Z31-0001,available,1745409612,1745668812
txn_32Qf09LmCDJ0SiSvT2chqHDe,charge,charge,ch_3EFSGt0tTCpxmUHnsWlpYl7O,59900,1523,58377,eur,Payment for invoice WQ7Z9UE3-0001,available,1745597486,1745856686
txn_3jd49COZVXmNxSn4wc50NQ6k,charge,charge,ch_31H4q6ULc0imsyjTchgoFD7u,100000,1525,98475,eur,Payment for invoice 742QEEJP-0001,available,1745665812,1745925012
txn_3v2S3jMCD65CHCjvNjq3OlCc,charge,charge,ch_3qT84TF1BoqDxFVJH0YTFLu6,100000,1525,98475,eur,Payment for invoice GAG2FRDK-0002,available,1745673143,1745932343
txn_3I28rrLC76yHEInTYtMSNE19,charge,charge,ch_3a7LCYGX8C7pLlJfD88NuGCB,119800,1822,117978,eur,Payment for invoice 8UYSXQYV-0002,available,1745730204,1745989404
txn_3fAxs0RlRpI3oCt5cFTfOQyw,payment,charge,py_3DlzL089QoloxVPxBXQ9GKER,300000,500,299500,eur,Payment for invoice GCVP3QUF-0002,available,1745777367,1746209367
txn_3B2FlUKgid108gobpsFlsLHn,charge,charge,ch_3kkN2Zlgj0Wc4mFbSwkh0wCO,100000,3275,96725,eur,Payment for invoice QBO2SC2X-0003,available,1745783299,1746042499
txn_3MxqRf7xYohxAmjCJ6Y8TFZH,charge,charge,ch_30v9mpSMdXCY9k4C04A89rlQ,100000,3275,96725,eur,Payment for invoice P4NLWV5K-0002,available,1745794541,1746053741
txn_308sU3VlZalTJJGQW6B9DioQ,charge,charge,ch_3YRKIgS3DMZZRADLZfywHhUE,59900,923,58977,eur,Payment for invoice 10QVTRFP-0002,available,1745844004,1746103204
txn_3fbfUmpGEBA2TcH714UMCyUW,charge,charge,ch_3v7TAVwJ0UQKBA8ijlyeeCOJ,100000,1525,98475,eur,Payment for invoice 7MPV2V9R-0001,available,1745844809,1746104009
txn_33CdfbJot8lSeQLYTY2aEmRX,charge,charge,ch_3SCN6KdWNk4RSjXxHdKntS2x,100000,3275,96725,eur,Payment for invoice WNBRTNX3-0001,available,1745896819,1746156019
txn_3K3uTAsU1hjt4O4sf2ghXoT1,charge,charge,ch_3Z4QOja5chWnphh67Y6gcp9d,100000,1525,98475,eur,Payment for invoice Z5XA2M45-0001,available,1745923023,1746182223
txn_3snw81EgqCkAL7AxH1gnsUs0,charge,charge,ch_3QrpdygN8GQWZCtmp5Sgyerx,59900,514,59386,eur,Payment for invoice DPS6J1TH-0001,available,1745940925,1746372925
txn_3wenx6H8NENf0ec6SmkHPIGE,payment,charge,py_376Y8IfYjzRuV8Pno3I1PxaT,16000000,500,15999500,eur,Payment for invoice N871ZDEH-0001,available,1745943531,1746375531
txn_3XmHIcbO5GAcYI138fq5P55r,charge,charge,ch_38yBcd5cj8DvQOoTuqfC87sC,59900,1972,57928,eur,Payment for invoice VBR54049-0003,available,1745953845,1746213045
txn_3M5Zko3s1nS82xoJxPbKZRHb,charge,charge,ch_37SGFP9QUcqwWVUrWOBs1IDH,59900,1523,58377,eur,Payment for invoice A3JWB36H-0001,available,1745961784,1746220984
txn_3tyQeQdP05NIKDnIS0AaKYc1,charge,charge,ch_3dIROoWeLCDk87Z0oUjZSQzQ,100000,3275,96725,eur,Payment for invoice GQUIPZK4-0001,available,1746000602,1746259802
txn_3wXbmN21YenHjlPve3loDzDE,charge,charge,ch_3SZnPfJApbd2KGxvnmgOKzKD,59900,923,58977,eur,Payment for invoice WX7AK0BA-0001,available,1746018325,1746277525
txn_3C2TgdGFbRvCNq7aMJWdXrld,charge,charge,ch_3hshymqdjwxWwqeywJyL11ly,59900,923,58977,eur,Payment for invoice TGNAWMP1-0002,available,1746028175,1746287375
txn_3ntIikczdIpYzJjvq2mNsLoj,charge,charge,ch_3xMpr4GLBcM7OxnjPW8vC7kC,100000,1525,98475,eur,Payment for invoice 22J81DF1-0001,available,1746037464,1746296664
txn_36ifbV95GAZowmTFO0vlwqIA,charge,charge,ch_3Ms5r94nEni34wC6ukwV8JUM,179700,4517,175183,eur,Payment for invoice 1HIWE7TD-0003,available,1746194142,1746453342
txn_37uSrUxBgMSaL6WV3Sj6DkJu,charge,charge,ch_3JRIKtpiBBb3mdtCBKMKYyJJ,59900,1972,57928,eur,Payment for invoice HYGR324L-0002,available,1746374373,1746633573
txn_38uWp42XiPEIsZ75HAsAlsqc,charge,charge,ch_3rVByJbA8vZaiwh3LDZfiPH0,59900,923,58977,eur,Payment for invoice M11MMKS1-0001,available,1746445699,1746704899
txn_3RwlJL1o3YaEIpF5RvFbEpFi,charge,charge,ch_3AbaEfJTSBOWaIVvgwmCLtmU,100000,1525,98475,eur,Payment for invoice GOTNF13W-0001,available,1746446501,1746705701
txn_30IhrdRap6z8g9HKh4GIeZJC,charge,charge,ch_3q27S4jFODnt7kvpuqAKb5EL,100000,3275,96725,eur,Payment for invoice DCHH8OW4-0001,available,1746458874,1746718074
txn_3TMv8eJYjTZsCeFeboNLCDKj,charge,charge,ch_3xiDhz5h9wRSfnf98j8te599,100000,3275,96725,eur,Payment for invoice 9PSEN1MY-0001,available,1746486900,1746746100
txn_3HkcMPYS29oySDgVRxd6XBKX,charge,charge,ch_30QlUe9drHHqJbhO6kFSSyYP,59900,923,58977,eur,Payment for invoice KCZGM00T-0001,available,1746519546,1746778746
txn_3FNbCdjoglg0oZLovcf3RfYp,charge,charge,ch_37qZ6ta58S8kH7Oz3avVBgXq,100000,1525,98475,eur,Payment for invoice WP9LRJ0L-0001,available,1746641969,1746901169
txn_3POJLD5pPTwnwTQOC5omqsaJ,charge,charge,ch_3eQQkBLvkyUYXoEFHkdQI1qM,100000,3275,96725,eur,Payment for invoice F0Y4EY4T-0002,available,1746795141,1747054341
txn_3YrPaREFocuAGqhuZp6VJNN2,charge,charge,ch_3tvdYkveRxhvReoVpj0MVnBF,59900,1523,58377,eur,Payment for invoice 6J5UB0GZ-0001,available,1746805491,1747064691
txn_3NHcSghNaHM3SEMFFqVYXR2o,charge,charge,ch_3FDYawG3qxZBHdIINmMPED1B,100000,1525,98475,eur,Payment for invoice 2HC7EV79-0002,available,1746827318,1747086518
txn_3kypdSezHL85gPuJFPnsnxce,charge,charge,ch_3UI9wfqjjDVpUAu1yJZXjQrn,200000,6525,193475,eur,Payment for invoice RJIKQX4U-0003,available,1746962948,1747222148
txn_3aOTWoGzxDWLsgyKWJegLGft,charge,charge,ch_3QizxjzUBkQHjMigt0jme8Go,100000,1525,98475,eur,Payment for invoice ZBNDQBI5-0001,available,1747029936,1747289136
txn_3uRqFUh6zbVSpQqmP03cvXTR,charge,charge,ch_3UrQkfVBIPVDJ0dw51HIWqxf,100000,3275,96725,eur,Payment for invoice 6IVDSSI4-0002,available,1747142479,1747401679
txn_36aSQvsmf9YdPFlqeWBQHUhT,payment,charge,py_3iEktBoo5Mke1Ya0Ln6gB60o,179700,500,179200,eur,Payment for invoice 8UPUQEFR-0002,available,1747224576,1747656576
txn_3Ihlsxr9gzPcFEX4iurWvrzF,charge,charge,ch_34dYv8f6sSkBK0KmbibKHSXB,59900,923,58977,eur,Payment for invoice HD5EB9D9-0005,available,1747233151,1747492351
txn_34xu3c1NIhP1RNr0UCT5mql2,charge,charge,ch_3nE1U3P2eKWeKRGSEcYhC71r,200000,3025,196975,eur,Payment for invoice OW6PENIY-0002,available,1747239975,1747499175
txn_35Rc2zWm7vSn3fPPqQrENWZJ,charge,charge,ch_3hRcTOAyGDs4LcCPc0ccCiuN,100000,1525,98475,eur,Payment for invoice HQYR6BAZ-0001,available,1747245859,1747505059
txn_3diVSUH7POHxKAV16TRAR8vw,charge,charge,ch_3m80sDqc7LsalUfNKR4bwOGg,59900,1972,57928,eur,Payment for invoice EYG1K9WB-0003,available,1747315222,1747574422
txn_3jLpDJrQ8Bi7k1ErhYBYnNfD,charge,charge,ch_3uhuC8nt8gUoIy5vhFNOIuPl,300000,9775,290225,eur,Payment for invoice BHF2AG7H-0001,available,1747369386,1747628586
txn_3AxsbgUJWKARYDdqrVvQyUrt,payment,charge,py_3G9NQXg5UA8dO3U7t1LysL4o,300000,500,299500,eur,Payment for invoice VNMBTB4B-0001,available,1747426874,1747858874
txn_3ofNJU3Kyi68l7bdwofmnRL2,charge,charge,ch_3wFge6yXBso3YQor504tKwe2,100000,3275,96725,eur,Payment for invoice 1E0A23IS-0002,available,1747486308,1747745508
txn_3n67hH2HzzY07SDQasMNhtt3,charge,charge,ch_3Au5R3tsmnlahAz444KifLeN,100000,2525,97475,eur,Payment for invoice FJW52J9W-0003,available,1747492540,1747751740
txn_3UIALZvK9BFeAMZdQCmX2SIF,charge,charge,ch_3aTEMQ4lBhqeOIYD8SVkFXwE,100000,3275,96725,eur,Payment for invoice BP581E95-0002,available,1747555398,1747814598
txn_3NFsWjsakGXyc8nY1B9xdHjG,charge,charge,ch_3sFLruI4x8NmWJyc2zLrMxN1,59900,1972,57928,eur,Payment for invoice 38B9C19E-0001,available,1747597910,1747857110
txn_30MBXQ8cKxqplBxhkiAOnSWN,charge,charge,ch_3uZjhv7NxLZrb5EVm346QLCH,59900,923,58977,eur,Payment for invoice Y4F6JE9J-0002,available,1747659410,1747918610
txn_3m2i6JEx01chq0AtzQaefa9B,charge,charge,ch_3ziSboFq6CZzGgvVMwtDdoTY,59900,923,58977,eur,Payment for invoice U8QCVG1D-0001,available,1747666980,1747926180
txn_3bwWxIndz9ahYWtrKWilbO3v,charge,charge,ch_37oIrOwwVpmQO1qR6bmQ80ja,59900,923,58977,eur,Payment for invoice D58OTKHB-0001,available,1747679868,1747939068
txn_36Qie4La22mhygSftOTW7ii3,charge,charge,ch_3y9ILEOOxGTuPy2zNptFYmha,100000,2525,97475,eur,Payment for invoice JE1L7MAW-0002,available,1747735290,1747994490
txn_3q0YzIdnXnCxEGicjcMnZvNb,charge,charge,ch_3Bdz03fIvZWpD2OAvjamJp8e,100000,1525,98475,eur,Payment for invoice FQIB5NU1-0004,available,1747783688,1748042888
txn_35FkISOUhtPFhr1iEsIlrHhn,charge,charge,ch_3Fubb0gjcJSLGiz2iZXe32YH,100000,3275,96725,eur,Payment for invoice PYF8YX8I-0001,available,1747922288,1748181488
txn_3uf043dLH649PrYEiSABer0J,charge,charge,ch_3JV38zjlbiL3O14hsEht8dHa,300000,4525,295475,eur,Payment for invoice UH1MCLSR-0003,available,1747923140,1748182340
txn_3LZ4EVSF5A3KThxpKT84Otjb,charge,charge,ch_30MyA4f70QPgPTfImgIZrI5w,100000,1525,98475,eur,Payment for invoice WY2XU2DM-0001,available,1747929351,1748188551
txn_3wJQ0xA7fxr0Z0mxwLIgnGHv,charge,charge,ch_3fHLukU8bSfDbw1K8fEoMmNP,59900,1972,57928,eur,Payment for invoice V9HBM7PJ-0002,available,1747933168,1748192368
txn_3t6Zz1oEgZwfZ4h6TpnLeNun,charge,charge,ch_35JHRVB3r1OjGZ4bYtrMVGTC,100000,1525,98475,eur,Payment for invoice E4K2FYDZ-0002,available,1747935179,1748194379
txn_3IT8hgRDx90YZ8xkCixTqeeA,charge,charge,ch_3OP8zb8EHlngZY0eSHrLtxp3,100000,3275,96725,eur,Payment for invoice 8EHBEX5E-0001,available,1747935626,1748194826
txn_3csNRY0QxADhoeOk187BwaeS,charge,charge,ch_3W39W0UNkvLZktAujLYc2Tck,59900,923,58977,eur,Payment for invoice 11P31WDL-0003,available,1747997003,1748256203
txn_3dt5Uaaz61kCDYmL8Ky8d18B,charge,charge,ch_31VDnMimbRN2nHsgKGstd1St,59900,923,58977,eur,Payment for invoice YN85C32N-0003,available,1748074051,1748333251
txn_3B6nUrbVJbB160vncugnlOvM,charge,charge,ch_3GP2nutKmRcUPSPnmdD60dvc,100000,1525,98475,eur,Payment for invoice 8OJFJA2E-0003,available,1748157112,1748416312
txn_3wZuayNepMW1TgO5l3CFaKHZ,charge,charge,ch_31QtkDuhnF2Xs60x0rIvKSle,100000,1525,98475,eur,Payment for invoice K0QM83IJ-0004,available,1748183154,1748442354
txn_37CEdm0AbUFbzNZHmwYXhcGK,charge,charge,ch_3eAEqVsDig3y4nS2d8zM6tWx,100000,2525,97475,eur,Payment for invoice 4JOKS3Y6-0002,available,1748259114,1748518314
txn_3kRTTff6FJUDKHtUIjfI76zl,charge,charge,ch_3tij1X2HaVwk5HGFl3rPN9Zd,59900,1972,57928,eur,Payment for invoice YHLIXIGH-0002,available,1748341631,1748600831
txn_3uS5ajO7Vr852F3xY7njVgr0,charge,charge,ch_3dlksszsr5FtTaWiduBsxM42,59900,923,58977,eur,Payment for invoice P7CBMPAR-0001,available,1748358531,1748617731
txn_3tDsZxfusekDUvLmHFjQziTx,charge,charge,ch_3fpB3nJNRdVufaXgQ9tPHMYp,100000,3275,96725,eur,Payment for invoice F7ZBALAO-0002,available,1748444328,1748703528
txn_3dSbI2yLM9QUEGLwNlNr8O4i,charge,charge,ch_3TNzDxF7YN5LWfII2bI7JE8L,59900,923,58977,eur,Payment for invoice WU7CUUWW-0003,available,1748522172,1748781372
txn_34I4CXboZbkdgLkzKA5vuhpl,charge,charge,ch_3a0ier5uRre5WY9Ae6VDbvlo,100000,1525,98475,eur,Payment for invoice KON9EFLT-0002,available,1748532424,1748791624
txn_3bUHYeGrVHXOPoSBc55l05Hx,refund,refund,re_3CCvz0DOyNsUgY1MiiHN9Ua6,-59900,0,-59900,eur,REFUND FOR CHARGE (Subscription creation),available,1748535531,1748535531
txn_3mt0nkvmW1oBMRZVKWxEHNis,charge,charge,ch_3BOXYKOeuXFwwQknbA8N1qRy,100000,1525,98475,eur,Payment for invoice KXUVQ8RF-0002,available,1748544532,1748803732
txn_3vyGLKHGUhKdjpa6N8wy0sD0,charge,charge,ch_3PS0FsjD28hRs3HmbrX8h3gm,100000,1525,98475,eur,Payment for invoice MI641H1Q-0001,available,1748618667,1748877867
txn_37luxqxFCOqaul1uPzzCJdMj,payment,charge,py_3n7F1JV4UoKXQ6YzbGfZNVJj,300000,500,299500,eur,Payment for invoice GC6C47NV-0001,available,1748662707,1749094707
txn_3rt6FjyFN31ieq4KrRsFXkhC,charge,charge,ch_3tdZJKJxZZECNHCsHL2k7e3P,100000,635,99365,eur,Payment for invoice KMNZZQY1-0001,available,1748672210,1749104210
txn_3PgbTWZZDLbnVdZqiLOwckv0,charge,charge,ch_3yRKvkTuzyPOHgHULtP1OzrA,59900,923,58977,eur,Payment for invoice 1AYQMQE5-0002,available,1748747796,1749006996
txn_3HsABzlsbwFrAQW8r7ZmP51a,charge,charge,ch_3AIMp5dSwvkEINQlBPd4nXZP,59900,1523,58377,eur,Payment for invoice 4T8B3SAW-0004,available,1748759619,1749018819
txn_339SFkBGAVlWnJIKe1E0rjFI,charge,charge,ch_3MOlsJBMkV3hrxKzkex0C5it,100000,1525,98475,eur,Payment for invoice RQN1NN0P-0001,available,1748765886,1749025086
txn_35Nq0MFTFOj6AGBYSmNe7GOF,charge,charge,ch_36mUY78d4RDlWFsFKzkH2USg,100000,2525,97475,eur,Payment for invoice 193QNWLW-0001,available,1748779714,1749038914
txn_3MlGH6D2PBHMFopwI2PEpxAW,charge,charge,ch_31GsEC8NgI0q7WMxq41JIQnv,59900,1972,57928,eur,Payment for invoice FU5MOU1B-0005,available,1748847745,1749106945
txn_3p0lW6aXostm3wLmKSmi7Rg3,charge,charge,ch_3IaeH9BhHxHhKVZjnzJWidYE,59900,1972,57928,eur,Payment for invoice 77YCXY4V-0003,available,1748875693,1749134893
txn_3UpYNnM7tu66Qob596amdUaM,charge,charge,ch_3S8u6lBa4vPHPxTrZ7yFSqcj,500000,16275,483725,eur,Payment for invoice V7B6FIXP-0001,available,1748943373,1749202573
txn_3AuteJ6Pi2oVuEBXFcO37ESr,charge,charge,ch_3puo4oeAWnVURogxzwKOdgdx,59900,923,58977,eur,Payment for invoice BNPMVC1H-0001,available,1748975102,1749234302
txn_3ZIwInesFvH66dbhRhK5K348,charge,charge,ch_3BFW9QNzrFofLtc96Fe8HvrA,200000,3025,196975,eur,Payment for invoice W7T01JOT-0002,available,1749053050,1749312250
txn_3uWOymbrBixzjDDULPvtPCFk,charge,charge,ch_3SaGEXf3NrIdSw61OhjQ8XDz,200000,6525,193475,eur,Payment for invoice 7O0P58DA-0003,available,1749127768,1749386968
txn_3q8gwqzDpejyfaRduFfYroR9,payment,charge,py_32kuObHc313fUHRGLqWsZprq,200000,500,199500,eur,Payment for invoice ZWW9ZNLK-0002,available,1749132625,1749564625
txn_3OlZhPariRGUCrysrnedK6wj,charge,charge,ch_3MK7Ti1D27Mu6T8wPJmyrQcf,100000,3275,96725,eur,Payment for invoice RVTF26EO-0001,available,1749137995,1749397195
txn_3lI8meQ0SAYPx0ErcbuJBFcc,charge,charge,ch_3NAjac9LvwEVu1JQUKbgVsbD,100000,1525,98475,eur,Payment for invoice M9SKWKUW-0002,available,1749203163,1749462363
txn_35T6irXHx9kvUKs1rGJNt8Cg,charge,charge,ch_3B6Hg8aajI8plEDPWr5v46uX,100000,2525,97475,eur,Payment for invoice SH9NP3FN-0001,available,1749318252,1749577452
txn_3jg3uQYKC27bJNppX7WgPZn4,charge,charge,ch_38UPRi7NQKlrlxdbWZ7NE14o,100000,3275,96725,eur,Payment for invoice 408BAUUK-0003,available,1749324788,1749583988
txn_3DGlznNgVJZGz3rBN0BysdKS,charge,charge,ch_3g5cpKks6xkgzAAG7rP7aE3A,179700,2721,176979,eur,Payment for invoice DN73YI1G-0001,available,1749387468,1749646668
txn_3BR69ycvh0oU52057WoiQC7N,charge,charge,ch_3OaJylY7rGWNjAgnwmdQROQX,59900,1523,58377,eur,Payment for invoice G7Z6YL0B-0001,available,1749484933,1749744133
txn_3jeerCgY2DV1p2WRZscThXcO,charge,charge,ch_3Tf4D1Ux4zEMXjxGDHQqa5Nd,100000,1525,98475,eur,Payment for invoice I8ZXPDNM-0002,available,1749498548,1749757748
txn_38adh7wirPhaqyhK85e0qdrt,charge,charge,ch_3sGq46T9FuSlQz5HrAmwCATH,119800,3919,115881,eur,Payment for invoice MPZX3SR9-0001,available,1749548905,1749808105
txn_3880rF37Hi2xsFNkQYlcVyC7,charge,charge,ch_3lgBjRys5FOl8FbZQhEW73k6,100000,3275,96725,eur,Payment for invoice EDHLSKHL-0001,available,1749562674,1749821874
txn_3aMl3FAr3BdWrgC6aJ7EHtbw,charge,charge,ch_3DzA86pell9fK81HQ4ljDuIU,100000,1525,98475,eur,Payment for invoice JS933KQX-0001,available,1749567601,1749826801
txn_3Baxskl4DFrRisyVrCx4Xcdb,charge,charge,ch_3KXOH18fuP0iC3a8LvOw1fva,100000,3275,96725,eur,Payment for invoice MTGBG7TT-0002,available,1749710469,1749969669
txn_375ANCX2avtva8emBjhkgmuQ,charge,charge,ch_3iORnWsUkVg20HcLd2b7bRH8,100000,1525,98475,eur,Payment for invoice STLO09CM-0002,available,1749757690,1750016890
txn_3bn7xi77X1yE9JDC9HCm87F8,charge,charge,ch_3RBJTzk7X6LSshOkR47OJ9zl,119800,3919,115881,eur,Payment for invoice 0KYT0OEH-0002,available,1749810514,1750069714
txn_3JAujdIldRpy2qPL5iRvv22b,payment,charge,py_3kxSqH3sPtCoBBBlF74N6tcW,300000,500,299500,eur,Payment for invoice NL7J1C5S-0001,available,1749832040,1750264040
txn_3MSoTNWh6A9DnTOMUI6fop5G,charge,charge,ch_31jRJqW3nV9yvx1nQZHbo6mQ,59900,1972,57928,eur,Payment for invoice SZY65VSE-0003,available,1749840758,1750099958
txn_33q66fnyyzC1zhOkq0EkClVi,charge,charge,ch_3OYPYQ6LCpVNEXtgCkONhZmV,100000,2525,97475,eur,Payment for invoice IBE1HODD-0003,available,1749841741,1750100941
txn_3XXjKG0IrhSLHooNL38e8KGt,charge,charge,ch_3m8dMcd6jkugtZk2ZTN18H86,100000,3275,96725,eur,Payment for invoice 5FFBJRL8-0004,available,1749892227,1750151427
txn_3TS4diIDtRg92nGNfk78kGYJ,charge,charge,ch_3tk2deFreuRtegRd96OobRdV,100000,3275,96725,eur,Payment for invoice L5WHQBDB-0002,available,1749898277,1750157477
txn_3mq0Nv1KIJIeV5F8CsF9L7cM,charge,charge,ch_34Y0ohAbiPuaaEbHBBKTaOin,100000,1525,98475,eur,Payment for invoice KH7YVZ9V-0002,available,1749921631,1750180831
txn_3LL6PJLphWz2s2vMhf3v1qt2,charge,charge,ch_3xIoKocyhkoMCn6LWB2fotHX,100000,3275,96725,eur,Payment for invoice FXISG2J7-0003,available,1750065731,1750324931
txn_3sEnxLGYH7PmEMNkq4kmyk18,charge,charge,ch_3NsKfJgLcsuHRt7NduWvC8PV,100000,3275,96725,eur,Payment for invoice XNJNUKJI-0003,available,1750097022,1750356222
txn_31rmyPrZysuuBCohBURplQF2,charge,charge,ch_3m73UvlUowmDvBULF77kBq36,59900,1972,57928,eur,Payment for invoice 2958M1GF-0004,available,1750158940,1750418140
txn_30tSvKzJGdsgURezD2ssULvo,charge,charge,ch_3zW9pMBSNZDCIdt777zNyXR8,59900,923,58977,eur,Payment for invoice J026EPPC-0001,available,1750162493,1750421693
txn_3pxalOrHBGuu0QtvZGDAmXoo,charge,charge,ch_3ltprLzgbsWsvuHuoSX3j5uW,59900,923,58977,eur,Payment for invoice E04XQWHP-0001,available,1750241618,1750500818
txn_3JEsUpoktdm5ae3OLDB6IqOR,charge,charge,ch_3ezxQlKSJ9xC3ZUxTOL9bugV,100000,3275,96725,eur,Payment for invoice ZDKHHHG4-0001,available,1750252386,1750511586
txn_3lgsOtBis4GKTjeqoZDZME8W,charge,charge,ch_3Ik6z3X8MEcZQ2B5gb7Vp7Ag,119800,3919,115881,eur,Payment for invoice 6KZ7DNBZ-0001,available,1750260363,1750519563
txn_3OxeN4ldZaF4o7a13suZY9t0,charge,charge,ch_3fOQifIzgFZWLMFsBO8FdBgL,100000,3275,96725,eur,Payment for invoice ZR4E5DUF-0001,available,1750330676,1750589876
txn_3VOjGuVgWo96ZCKYYY2Wy4mH,charge,charge,ch_3sYdInFfAGOo1MoIovfxu9Qe,100000,2525,97475,eur,Payment for invoice CD8PS553-0002,available,1750351199,1750610399
txn_3XG6MvgpUx9hp3EQ1gGkH3zB,payment,charge,py_39O7bgyzGWeZ8Y7ay1HNuF0L,119800,500,119300,eur,Payment for invoice TOIMEAMP-0001,available,1750413542,1750845542
txn_38SUVTK5JF1ukMFB8QfJI5ov,charge,charge,ch_3pinyHTmQANs4JQnkAaQIsDo,100000,2525,97475,eur,Payment for invoice A6FHHGYE-0001,available,1750417970,1750677170
txn_3knHBHRwKfH90MEbuY3B1GWA,charge,charge,ch_3OCi0irktSFfzQUPnAKD5nvj,100000,1525,98475,eur,Payment for invoice 827ZJTS5-0001,available,1750504313,1750763513
txn_34J6nyGrs5tqNU22vzxVUY2J,payment,charge,py_3ljErg2Bcxg7DDppROZmvHze,200000,500,199500,eur,Payment for invoice SKFVQMNW-0002,available,1750546848,1750978848
txn_3xw1J33GvUP4BPNJHNLRGPFJ,charge,charge,ch_3jPERXnG3y1bTGxvRhFdD6oZ,59900,1972,57928,eur,Payment for invoice ZOC2FFT1-0005,available,1750585711,1750844911
txn_3jkf6j53zJaX918zw4m6xeCZ,charge,charge,ch_31tBTA6Bk9im0g8qP2Uz2ylV,100000,3275,96725,eur,Payment for invoice 8XF2U55F-0001,available,1750722957,1750982157
txn_35SRyg4uTWcgJ54QN7joY3hb,charge,charge,ch_3tU826YTS65DORQsutuDAiC0,59900,923,58977,eur,Payment for invoice MWGQ0OUN-0001,available,1750745199,1751004399
txn_3dNR8TyW2K3CPHzYW9PNctPn,charge,charge,ch_3jPplae4vBD6qsEpakmBTBQM,100000,1525,98475,eur,Payment for invoice J7QVZZOS-0001,available,1750770276,1751029476
txn_34YLFprCFos5FcmOlhqjrjMb,charge,charge,ch_32JcUCF9qiXUDTWEEW9VWwrK,59900,923,58977,eur,Payment for invoice A0VRBU0D-0001,available,1750778281,1751037481
txn_3XQNslKgVhFWD5SqpKEm9ouE,charge,charge,ch_3pgLW9ZVcYc3Y0EGingEkzgr,59900,923,58977,eur,Payment for invoice I7JR224M-0001,available,1750807760,1751066960
txn_3ESYWHqE8zOWXPXw9Phd5JqI,charge,charge,ch_31zbS4EeZzjsRo5OmrlnztkY,59900,923,58977,eur,Payment for invoice ARP8ALH9-0002,available,1750846833,1751106033
txn_3EiHo7N5h8Qp72vjOUK6pAEp,charge,charge,ch_3giPqKXxD9pQVvjhXaZZ3uAu,100000,1525,98475,eur,Payment for invoice 6PJX9Z4I-0002,available,1750875149,1751134349
txn_3sRdVsXHVfmu0uZPXMnWm4MB,payment,charge,py_3o7jADAADJoUFTArAMP9Rwyp,500000,500,499500,eur,Payment for invoice ULX58919-0001,available,1750883762,1751315762
txn_3UCY40pXosJJYdxQtHLAWbn8,charge,charge,ch_3Wk1bTOG8Hq9LRHrLZcFRdIf,100000,1525,98475,eur,Payment for invoice ULC41S56-0001,available,1750924444,1751183644
txn_3XyQoecG4nPc17xVgCXXOH7u,charge,charge,ch_3uwo7hGoCvzmWOqiitV2Veha,119800,1822,117978,eur,Payment for invoice V6FJP9NW-0002,available,1751016684,1751275884
txn_3Uls7gK6rywQecQ4PZIQAa5j,charge,charge,ch_3JjEMeU9IzQRhL69XEV5HBjc,59900,923,58977,eur,Payment for invoice 3GY7AXQ7-0001,available,1751021881,1751281081
txn_3f5WfPkwDjK7Qx50dmrAubVo,charge,charge,ch_3Oc7FlA9btjkLIg6gny9uc5y,119800,3919,115881,eur,Payment for invoice D36QO7OF-0002,available,1751033248,1751292448
txn_3kXqhwsVyWNvs5AhmW11MMJ4,payment,charge,py_3R3YoBssEW65Ojh3iB0ce7kn,179700,500,179200,eur,Payment for invoice AZUWILWE-0002,available,1751121184,1751553184
txn_3etJOzc9Y39C8mFI1jr6kd1p,charge,charge,ch_3JE1fsZoEwHQY7EGoS44qSX0,119800,3919,115881,eur,Payment for invoice J7BWYSRT-0003,available,1751235462,1751494662
txn_3IJ8mGYomJzJ9oSFVzdYADHT,charge,charge,ch_3OrG5ztTYsvzbTwNXoSzICke,300000,9775,290225,eur,Payment for invoice 4WQJIRQI-0002,available,1751360875,1751620075
txn_3lKBdqKNsoAj1JTde0kPQw26,charge,charge,ch_3dC74EhVAy6PKPq8GUq0ITNA,59900,1972,57928,eur,Payment for invoice ITSD89GV-0001,available,1751374997,1751634197
txn_3cS2dmjIIyMFzweR5w6AliWX,charge,charge,ch_3AtIQT9kwruDwZMHQLBJeeEt,100000,3275,96725,eur,Payment for invoice 72BMHBMV-0002,available,1751478531,1751737731
txn_3ZPezWP4xMZnipbGITAdEDm2,payment,charge,py_35xPaRYC3HD6RZuUPAmnkS3c,200000,500,199500,eur,Payment for invoice A6GWL09H-0002,available,1751485598,1751917598
txn_3elKcXV6gQXrh6OHu4w19SFu,charge,charge,ch_3a3NrQT6yqutGlQOGbW8fCEU,100000,1525,98475,eur,Payment for invoice 7TZEXWLX-0003,available,1751899939,1752159139
txn_3TxDMdEeLMWB8xw4b1k7exg5,charge,charge,ch_3xkmSZxq7HAvoC1u0F5clqRR,100000,1525,98475,eur,Payment for invoice 8YB61YI0-0001,available,1751965142,1752224342
txn_3tCgJrVTmvwd0WIx55kJCEof,payment,charge,py_3R1YS0zLQUn0HEIYOQgzrFQ8,200000,500,199500,eur,Payment for invoice RMYI1UC7-0002,available,1752058887,1752490887
txn_36QtubpLV8DNLmCiuPBPyVc7,charge,charge,ch_3FSqQl90oyOAuijjCdAuuhAV,59900,923,58977,eur,Payment for invoice 7RHDQKY5-0001,available,1752149725,1752408925
txn_3gBvcm09BtcxyFRN46EVXABu,charge,charge,ch_3DxaM1NA7J38lAVsc8zb82bX,119800,1822,117978,eur,Payment for invoice 727ZJMJN-0001,available,1752223244,1752482444
txn_3iRcnnIApTnioz7VGwalGK4C,charge,charge,ch_3T4FS2fBW5MXegDN5hRVALpa,59900,514,59386,eur,Payment for invoice Z3828HCU-0001,available,1752242031,1752674031
txn_3FxjeyKizeFM4gNiDfTuqfBx,charge,charge,ch_307YEnHltpBFp0AY1Im1BbXe,59900,923,58977,eur,Payment for invoice FQWK6K8Y-0001,available,1752380888,1752640088
txn_3G7COpj3weRYfc819EY7qJuy,charge,charge,ch_3isasxhxVXJFhWs72OXyUuRX,200000,6525,193475,eur,Payment for invoice 1D0NBJ1Q-0004,available,1752484170,1752743370
txn_3kwZmADkfSuaAO2w48pjfpwY,charge,charge,ch_3gRJbcUXA6tLHTAwNQHmGAqL,299500,9759,289741,eur,Payment for invoice 36JMWLDN-0001,available,1752495933,1752755133
txn_3Ri8LgpsFgH6yhrARk5l7IDY,payment,charge,py_326SbFsyyaBuqHEmSDL9vptd,179700,500,179200,eur,Payment for invoice PGA423GY-0003,available,1752504181,1752936181
txn_3INU0BQ8izIKbTvGH4Agadmy,charge,charge,ch_3Oyu1ygCK0ZAiu0vkjbph9FU,59900,923,58977,eur,Payment for invoice 4YJY44SY-0002,available,1752580486,1752839686
txn_3FD8dTkv2venfZzBVDl2mTkM,charge,charge,ch_3zSyEWoSIJoc6nDnl9vMdcBz,100000,3275,96725,eur,Payment for invoice U5CLNRNP-0002,available,1752601701,1752860901
txn_36L2JmAAJYYyqI97aRjbYyum,payment,charge,py_3fO4BHEjJyYwSeTfCNNCxkKD,200000,500,199500,eur,Payment for invoice MW7EX1GM-0001,available,1752634866,1753066866
txn_3dRGmfV3wOnfLbBDE1NzqFCQ,charge,charge,ch_3yLqfGIPAHMF3JYWRM6liT32,59900,923,58977,eur,Payment for invoice N2OU60O0-0001,available,1752640595,1752899795
txn_3Jtfz8dVYfoRqblDJMJcBOxa,charge,charge,ch_34x0MteuMSlmr0qvm00TYk41,200000,6525,193475,eur,Payment for invoice J2E9K0VA-0003,available,1752688152,1752947352
txn_33ShOHBwhFxVT71clgQJ2IfF,charge,charge,ch_3zZdlp4tkFEcurrBmsVwIfZm,100000,3275,96725,eur,Payment for invoice Z4AKFE43-0002,available,1752738746,1752997946
txn_3oNuSanw0UkjQntzI5Yuddfw,charge,charge,ch_3gYAkeY5egk0kenj3LDdx28J,59900,1972,57928,eur,Payment for invoice WJUHBKBJ-0001,available,1752740100,1752999300
txn_3xmtXStIVXR7pwOHBdYH95vM,charge,charge,ch_3WLVYzUPOHt28QhRvthtTCFY,100000,1525,98475,eur,Payment for invoice EDE0S52Y-0003,available,1752742494,1753001694
txn_3dklgqxk0JXj29W3RGyvcBX5,charge,charge,ch_3MXcUEghczaBEo7nCbt3IKCo,100000,1525,98475,eur,Payment for invoice Z6VHM5B3-0001,available,1752790263,1753049463
txn_3ckqusIPQDenscIS1fJ9hkdv,payment,charge,py_35LKTzCV3SHeXP3aAQBCOBKk,299500,500,299000,eur,Payment for invoice V9HK0PSY-0001,available,1752842795,1753274795
txn_3UDjGoRABZxYyHS8VYoK53nM,charge,charge,ch_3lCqyulYKzU9GcFWHp71OCu0,100000,3275,96725,eur,Payment for invoice 6XZXFPCI-0001,available,1752845339,1753104539
txn_3AjNoBOOhXsVCCfjylmieP9I,payment,charge,py_3EXzGc3NrngnmhXlTrKwpUmz,179700,500,179200,eur,Payment for invoice VIVCE63Y-0005,available,1752883783,1753315783
txn_3MUlWEDFNQznFxJtaYL8okEu,charge,charge,ch_32GbESndXlIpAgcsviylBtzO,59900,514,59386,eur,Payment for invoice MDUKTATD-0001,available,1753092402,1753524402
txn_3RCc6O2iVjf58qSX2jvBLakI,charge,charge,ch_3bgVSpk8RZfi0x1XgZH5ICQ2,119800,3020,116780,eur,Payment for invoice VZ23KB5W-0001,available,1753097943,1753357143
txn_3QB7kfqwndKbFPy7ZImbtuAA,charge,charge,ch_3CmVtMefPDXzBOCXDUBL2I8O,100000,2525,97475,eur,Payment for invoice JTA6MOND-0001,available,1753104724,1753363924
txn_3y71FmKnHFX7jWooi0ppquYH,charge,charge,ch_3l69XMvGoC1z2EtlR9VaNAwD,100000,3275,96725,eur,Payment for invoice 1KYWPZR5-0001,available,1753182202,1753441402
txn_3WOX3lKdXTvxBj9TGhp3BLK4,charge,charge,ch_3oH6tCQoLiRnZdUD7MApdbki,100000,635,99365,eur,Payment for invoice 9OJ569P5-0002,available,1753182508,1753614508
txn_39ttugXiCnPCr0LGjY7HP0ka,charge,charge,ch_3FKWe4TzNl42UDvKtSiVMnIi,100000,3275,96725,eur,Payment for invoice QFD9GE7O-0001,available,1753205843,1753465043
txn_3TAWdneTCr4xGttZPaE2KPJm,payment,charge,py_3ym2l2wX64Eha5DGqlkI7CEo,179700,500,179200,eur,Payment for invoice K37SXSQD-0001,available,1753207391,1753639391
txn_3a4aLmDwG4AWNn2d690AeCMK,charge,charge,ch_3xnBJuNRC8O4fiDx7Esr57Hv,100000,3275,96725,eur,Payment for invoice 081YEXMX-0002,available,1753209639,1753468839
txn_3Bm9eWyNy7sN9CMGSym8Iv80,charge,charge,ch_3NuOfqzzWYm12EzMU45SjFAK,200000,3025,196975,eur,Payment for invoice 4PE8TW3R-0001,available,1753265963,1753525163
txn_33ucqcbHaVdyKB7n6Er7OGK1,charge,charge,ch_3nPWzMAvIzgMUIRpWdEiVzEl,100000,2525,97475,eur,Payment for invoice KLSVMN67-0001,available,1753345723,1753604923
txn_35yNJnpIOtvmdfJ1CFQ6lcRR,charge,charge,ch_3KwqUhTnJPxNVBi70ZRYPz3l,59900,923,58977,eur,Payment for invoice 0M8UVKFP-0001,available,1753443960,1753703160
txn_3SBMkgLWRRz22aVWBGfDx3qt,charge,charge,ch_3VyYsO66FdceFjTYtZJz8QYz,100000,1525,98475,eur,Payment for invoice K9KWYFJL-0002,available,1753445306,1753704506
txn_3AHB2VMqfbLWr7m4Ax6UHtDg,charge,charge,ch_3AmZ5Bgt9RBb3G7AW9P799Qd,200000,6525,193475,eur,Payment for invoice AA1G47VV-0002,available,1753446296,1753705496
txn_39004IzvxUlRDeytNEhzWhkU,charge,charge,ch_3CKO7EUkFsqLvJnE66w7IjTC,100000,1525,98475,eur,Payment for invoice 5VTM5HT1-0001,available,1753460092,1753719292
txn_3OkYaFuWf1i2zX9Z9shCIqMf,charge,charge,ch_3lOKRqi8PwzZs2Ttn3YhG8hv,100000,2525,97475,eur,Payment for invoice ECBCGCVE-0001,available,1753526214,1753785414
txn_3lIwR7YPI9vJ33L1b3g3ZwUu,charge,charge,ch_3wUlVrtwQpq5JPTARPWct22E,200000,6525,193475,eur,Payment for invoice QVRQNTRJ-0004,available,1753547933,1753807133
txn_36hwMOVnX9sSasAj0c29MeOf,charge,charge,ch_3VPOuyNsOZqrR19ew3cD5IIe,59900,923,58977,eur,Payment for invoice G5CMP24N-0002,available,1753606159,1753865359
txn_3eiWXReDkqLAfe7aZBITDdio,charge,charge,ch_3QI3ag2W32D7eb17x1ZtAKiQ,59900,923,58977,eur,Payment for invoice 68N2SR5L-0003,available,1753613022,1753872222
txn_389bf4WBRfi53lMdnfSbypKq,charge,charge,ch_3AjOWMzAATj62l0um5GDRBKB,200000,6525,193475,eur,Payment for invoice X2AMCN5S-0001,available,1753683796,1753942996
txn_3MFJEr1zHmHFmKgEn6MJalBf,charge,charge,ch_3h3pyLPkBtLjBmGKst4Dry5c,59900,1972,57928,eur,Payment for invoice SQZBJ60U-0003,available,1753690831,1753950031
txn_3Fo1lhwH7G7riyBB8WcjalEG,payment,charge,py_3TSccr92hbvScMSs5VggCHd0,200000,500,199500,eur,Payment for invoice 44F0IITR-0004,available,1753736363,1754168363
txn_3n9GjHc1YWjgAWiCZC2S1744,charge,charge,ch_3RS6J4jgdInDRZKlRLlaHCZa,100000,1525,98475,eur,Payment for invoice 2B0SV10Y-0005,available,1753879614,1754138814
txn_3IHwW5iU4W3xCcyecl3MZRK7,charge,charge,ch_3m7z0krpEkY5wEvRB8iZZXnn,119800,1822,117978,eur,Payment for invoice TOWYQLUC-0002,available,1753885415,1754144615
txn_3TUTqyhc8pVJdlKMfm8Os801,charge,charge,ch_38UeLvBQvGryPjI9E6JbalWg,200000,6525,193475,eur,Payment for invoice DN6VT8FH-0003,available,1753888774,1754147974
txn_3woOBc82XZgAtcPIYzpizIKy,charge,charge,ch_3gPLpxxZprVM6k7ictnCl2pt,200000,5025,194975,eur,Payment for invoice 181KEO7G-0001,available,1754055884,1754315084
txn_3AE3HjdetPm6QARqMvYt8iXO,charge,charge,ch_3srUhELFWxSboykyiX5XL02a,400000,13025,386975,eur,Payment for invoice A8BSXFFD-0002,available,1754116062,1754375262
txn_3qLSs9jI0I6e1u7dpQrEMgiZ,charge,charge,ch_3p3Y9negJNDR15p2wa0MmeD2,59900,1972,57928,eur,Payment for invoice MKB8XQ0U-0004,available,1754205032,1754464232
txn_3xdn2JJCEtS4ayed13IYG0mu,charge,charge,ch_3miKzQS1OPyU8NufrxtUcDbY,59900,923,58977,eur,Payment for invoice Q4JQICWM-0001,available,1754226116,1754485316
txn_3XrVBtj4lSNFM0rTf6Zv1xVi,charge,charge,ch_3OHP3XCMqOoTfVtApzWZmJey,100000,1525,98475,eur,Payment for invoice OAYEC2BG-0002,available,1754262014,1754521214
txn_3jZjBvbFjf5Ayj8EXpT5pVop,charge,charge,ch_32Pn72jhsx9gmzXBF8yrPJEJ,100000,1525,98475,eur,Payment for invoice MFBSPTPO-0001,available,1754326803,1754586003
txn_3WvibhfNq2w8kn0AIa5BVhrG,charge,charge,ch_3Kf7bqJqixJnBPEhXdw9a77u,59900,1972,57928,eur,Payment for invoice O72DXS4A-0004,available,1754379350,1754638550
txn_3ahiPWfcxJJvW3C1WcbjSlvy,charge,charge,ch_3Uiz2AafFkP11d9OMO6hWI7d,100000,1525,98475,eur,Payment for invoice HHSN7S74-0001,available,1754397154,1754656354
txn_3Z3uDqaRBLkRaLEuG1I6jVqH,refund,refund,re_3JQJhnHEMdJ9B7ogsUaQfmR4,-100000,0,-100000,eur,REFUND FOR CHARGE (Subscription creation),available,1754430123,1754430123
txn_3Y9zi7TPGeM3doLx2lJGH69k,payment,charge,py_3ulFqxd7LGbnZv9Qz2w5yHjB,200000,500,199500,eur,Payment for invoice VDWDAVRS-0001,available,1754525426,1754957426
txn_3t2TtKHCRWbipWUxNKTfIbMh,charge,charge,ch_3ZMFLO7Tn0zfKWHOqTOCROVG,100000,3275,96725,eur,Payment for invoice 09GWJYAB-0004,available,1754580627,1754839827
txn_3vUgIDJ5ruMnLB7KPL2twIrZ,charge,charge,ch_3c3w3jqmypMMWteckpc9vI5X,119800,3919,115881,eur,Payment for invoice FFOZ3WTL-0004,available,1754583156,1754842356
txn_3YptSLxd56BO5ebLjpjubrFd,charge,charge,ch_3VOwvic7WLmH6DhH6zoDeDPc,100000,3275,96725,eur,Payment for invoice KIQM012C-0003,available,1754647341,1754906541
txn_34esxE78NzKwUBcN6HHrb6ew,charge,charge,ch_3rGPQ2n2DzYf3yMAxkGmQjve,100000,1525,98475,eur,Payment for invoice MELYEYGJ-0004,available,1754734793,1754993993
txn_3e4w0uL7RRHhcG06BeeaWnDB,charge,charge,ch_3Zz9bATQJIoyNcb63X64U5C9,100000,1525,98475,eur,Payment for invoice KMVJB2ZW-0002,available,1754776005,1755035205
txn_3fAgBnlEtGuok7eOSO6Y20PF,payment,charge,py_3PnX7q6DZKKJgdchd7C8uUGc,400000,500,399500,eur,Payment for invoice ERPOW8NC-0002,available,1754800605,1755232605
txn_38sAwSIVQqoo1YBCHtcOSYt0,charge,charge,ch_30btje5yiwtV8G6G8lCsaGyB,100000,1525,98475,eur,Payment for invoice VFKKYNRM-0003,available,1754847415,1755106615
txn_3CkDJXshXp1blyVaKEIIxiPL,charge,charge,ch_3nUQj4wasb2g4Gp3unCFh9Rq,100000,1525,98475,eur,Payment for invoice NQZJP7LO-0003,available,1754883484,1755142684
txn_3v4gX9FY09IXrIbcNVzfkLdJ,charge,charge,ch_3sAo2sp4MU8I8HwmGObebu4I,100000,3275,96725,eur,Payment for invoice 2WQJKPU8-0002,available,1754996189,1755255389
txn_3RDEwP1k8lknUvS2RWxdJSx4,charge,charge,ch_3ue4O8EXQNSPx4Pm0ERMKbzP,119800,3919,115881,eur,Payment for invoice 5O6D8G2F-0002,available,1755012236,1755271436
txn_3urGlYvso8mHBwG0zsjsJVcD,charge,charge,ch_3QmrL9LJqSdtSye1c1Ev0xou,59900,1972,57928,eur,Payment for invoice GKP5TCLX-0001,available,1755102946,1755362146
txn_3c7DAnI5dqXxEe80PO6oVX5M,payment,charge,py_3LSgSnI8Vly0iUX6MqvtCjda,300000,500,299500,eur,Payment for invoice K2WPR87I-0002,available,1755206505,1755638505
txn_3US7T6rt9SOmdgINF6lU0DpD,charge,charge,ch_3rGR3vWsolqhqUXyoH0NShh1,200000,3025,196975,eur,Payment for invoice RVPVRTYT-0002,available,1755274535,1755533735
txn_3h3chSnuYyUjlnwbyR9IJXuA,charge,charge,ch_3Ej0d1vmqsQvaexzOAiBfF1Q,100000,2525,97475,eur,Payment for invoice 1L674EEO-0001,available,1755428879,1755688079
txn_3lvkGBF7zFPTrIflUkUuZCKK,charge,charge,ch_3MOZ6vKGkSsFeKVFNKCzxaAG,100000,1525,98475,eur,Payment for invoice JVULP17B-0001,available,1755521157,1755780357
txn_3eyrfyUvomiFD9WxJgPhgXsd,charge,charge,ch_3TFxlwoy70lLYUeQcWjVHqT0,100000,1525,98475,eur,Payment for invoice 8CN70BHI-0003,available,1755588692,1755847892
txn_3kQLT4OoSNmAEWcCNFx8Tfy0,charge,charge,ch_342Oy8HrOFIjPzzwk8kch9ZR,200000,635,199365,eur,Payment for invoice MJN3MQZS-0003,available,1755607329,1756039329
txn_3dLfyUA2hPbWdDhufjyBmi3t,charge,charge,ch_3eR9gHsLLqiScHS9zw9GE1Vv,100000,3275,96725,eur,Payment for invoice BYWW2KYC-0001,available,1755607431,1755866631
txn_3ojfBhFNzpLBHWFCuoYPUNeF,charge,charge,ch_3nr3K0zJ1daFTV6bLsqoc9gN,100000,3275,96725,eur,Payment for invoice WT53WT07-0002,available,1755613399,1755872599
txn_3WS3qDW0SfnhvsKmu7eSXz1X,charge,charge,ch_3XFFx5zlP2rFXHoGFJhrxoLt,100000,1525,98475,eur,Payment for invoice 5HBI9P1B-0001,available,1755614946,1755874146
txn_3hScnA9tRtSDZyCNpqfaqle5,charge,charge,ch_3mezAJ4gqVX3uP05me0xNdhx,100000,3275,96725,eur,Payment for invoice FTCL5J61-0002,available,1755761684,1756020884
txn_3jYot9kSNdH1R4auge5yjNbl,charge,charge,ch_3WUUZirCOtK9SnBRtqDHOMQZ,100000,3275,96725,eur,Payment for invoice GIDVMI8I-0004,available,1755777941,1756037141
txn_36DXkanufE2Kny8t20uFvPYf,charge,charge,ch_315urbKi36in5B0Ot3Xsjrz0,59900,1972,57928,eur,Payment for invoice AO2TXNDM-0003,available,1755782960,1756042160
txn_3q8zHXmftRsQAlx5JscS9Hi2,charge,charge,ch_3L9kKq22zL0Izo1riCX5SskM,300000,7525,292475,eur,Payment for invoice 5PRKD29Q-0001,available,1755812363,1756071563
txn_3IoXn33q5t4Y9z7Ly7Aamic9,charge,charge,ch_30thXXwsZsq6UrGiuz0h3Gwe,100000,3275,96725,eur,Payment for invoice QKU5KEH0-0002,available,1755841137,1756100337
txn_3yzLl9LF7FyL3lYr9RObhKPN,charge,charge,ch_3lXEbmg8GlkoFVTz3HYSXTUr,100000,3275,96725,eur,Payment for invoice I8RDS1JP-0003,available,1755861708,1756120908
txn_3ZFAj69BXutcee09aDqteAlu,charge,charge,ch_3J2wdiCkGZ4HutZIA2J6Me7w,59900,923,58977,eur,Payment for invoice 1VE016B4-0003,available,1755898949,1756158149
txn_3h8Dg98thSSn5Q32SJ1lXoh5,charge,charge,ch_3uQM69acnjmH0VAeqXvHNzYs,100000,3275,96725,eur,Payment for invoice N7WTBQU9-0002,available,1755922967,1756182167
txn_3BaqrdFG3siPVZJrwqZgnKNz,charge,charge,ch_3NmlIsLSnRRhXEILfELJf4la,59900,514,59386,eur,Payment for invoice NNDBT39A-0002,available,1755958115,1756390115
txn_3eLf4kv9z0t0zbQUMIlhDLUX,charge,charge,ch_34lPWQ4snRD8lBVq0SCuZQnM,59900,1972,57928,eur,Payment for invoice MAQIBZYT-0002,available,1756032734,1756291934
txn_3e7ZkQdG5w3cP8C9ZNTVtY0J,charge,charge,ch_3OzP2vudHfOVUtVMkrbpx2ru,59900,923,58977,eur,Payment for invoice BDQM29VZ-0002,available,1756062416,1756321616
txn_3FSYPoMqtT3kgz89iOA8yUQj,charge,charge,ch_31BT0ighTplgp0L4FzYEjFmG,119800,635,119165,eur,Payment for invoice MR5WMX2X-0002,available,1756099010,1756531010
txn_3PF95ZeW8JaRoZVKlyFAr2yl,charge,charge,ch_31IErBNMgGNaIRREOWQrQKVk,100000,1525,98475,eur,Payment for invoice IYVN0ATP-0001,available,1756118068,1756377268
txn_3u7M8gfr96C6yMLB5vyqmD3T,payment,charge,py_3Ft1FxdYHJUtxOijT2hXz0Je,28500000,500,28499500,eur,Payment for invoice VDJ4BZ1Y-0001,available,1756118944,1756550944
txn_3MbgW0nrHfPyEedk07i22pXP,charge,charge,ch_3UWiWXF7BEKQ2l2SQmf9vBgy,119800,1822,117978,eur,Payment for invoice FZQ1CGF3-0003,available,1756205366,1756464566
txn_3AK6cLYrHRUY27SaAV6UexgW,payment,charge,py_3NZxpic9Bjai1rWZGRdi9tHh,500000,500,499500,eur,Payment for invoice 1W9RJHZS-0001,available,1756227865,1756659865
txn_3LoaYLPf6TzuN8QHbzEITxwL,charge,charge,ch_3l3MONGKuw6Ooj3hfc9aLZt7,119800,3919,115881,eur,Payment for invoice NXM8WB05-0001,available,1756312048,1756571248
txn_3SLaxU4Dd0voIPNtxZr4l72W,charge,charge,ch_33bk4jSQmagtvKWEa5R43I6u,59900,1972,57928,eur,Payment for invoice VAU09L6V-0001,available,1756398447,1756657647
txn_3MseFCHsKVnFqxZMyCssrLN4,charge,charge,ch_3VIDXlNqLVsW5kVUMJLugFdk,100000,635,99365,eur,Payment for invoice NCRRUMCT-0001,available,1756450159,1756882159
txn_3NZ7rF2sUWyZOP4DeLU9g4Sg,charge,charge,ch_3wCatNOQ2pvIBtJePZFMDUGP,100000,1525,98475,eur,Payment for invoice 3D5JL3M1-0002,available,1756464989,1756724189
txn_3lrZujzSzJOmAtITlePerb5A,charge,charge,ch_3PJX0O8LAtPLNzTaAn0Q2pRI,59900,923,58977,eur,Payment for invoice G0725X5Z-0001,available,1756472101,1756731301
txn_3C6moBUPoMwOIemMD4g59Zli,charge,charge,ch_3Hmvq77GiuqiMRXxV93PIFpD,100000,3275,96725,eur,Payment for invoice 31JXR6NW-0001,available,1756483745,1756742945
txn_30R3WlhxVIxPYqxUGtGJJhk8,charge,charge,ch_3iBUgAeWHr8NEah32ZzDQCre,100000,3275,96725,eur,Payment for invoice 4GKAURZH-0001,available,1756498625,1756757825
txn_3nALcEMdEA0xOFLnwAvNldYf,charge,charge,ch_3PYlJtaMZEIZcCCLbCHE72dv,59900,1972,57928,eur,Payment for invoice 0N15ELU3-0001,available,1756565359,1756824559
txn_3LyEZFlbyDVxP1wL9M89rdZZ,charge,charge,ch_3cjK49NVvaLAzmcAjdxolpQO,100000,1525,98475,eur,Payment for invoice FFG96VUY-0003,available,1756659104,1756918304
txn_348Hx2L8mR5igb4FQr9ubGqH,charge,charge,ch_3XwjncSFT5rVcMfvje4oYRX6,100000,1525,98475,eur,Payment for invoice 5JB2SQ8S-0002,available,1756711704,1756970904
txn_3TK1XzLPEOh255jx3TIKlpkU,charge,charge,ch_3u4rIJTwZ4nsHOJ8Ku9NVShI,59900,1972,57928,eur,Payment for invoice UMDGG8TE-0001,available,1756721328,1756980528
txn_3Vt13FUlkW8hGNpYvCISPQpF,charge,charge,ch_3zNz6OlzLNnaePTh6Foo1jWH,100000,3275,96725,eur,Payment for invoice JTDXYE84-0001,available,1756738988,1756998188
txn_3DFbNXn9bexAgnzyOtFBYAN5,charge,charge,ch_3BjiWMtCz70o1i6v04frC8JE,119800,3919,115881,eur,Payment for invoice AT14L232-0003,available,1756810651,1757069851
txn_3AitzDXFjMnkHp82tlEj0AIZ,charge,charge,ch_3635KYTyJCnMFb1qToiONgUV,59900,923,58977,eur,Payment for invoice 547WAQFF-0001,available,1756889970,1757149170
txn_38hct3OQIn1BmxDRmiFOddyE,charge,charge,ch_37s79B70r2zENDc5Q2nalaGG,200000,3025,196975,eur,Payment for invoice PFRQMFKW-0001,available,1756905106,1757164306
txn_3LJM3URk7RyKXxhjYMuEHrfG,charge,charge,ch_3JVjUGBSWR80FZ2NhGouyjSg,100000,3275,96725,eur,Payment for invoice MTWQSDZS-0002,available,1756919580,1757178780
txn_3KDqNywEfureJltCZO9YcXtI,charge,charge,ch_3yOIksXBO1CAbLNsb0PL8ksS,59900,1972,57928,eur,Payment for invoice RIPC3OAS-0003,available,1756924771,1757183971
txn_3GeXgPctHZrH2V0gXqMdWBKP,charge,charge,ch_3sESvq4n3COhDSfSs3D8kaIh,59900,923,58977,eur,Payment for invoice CJTBHK18-0003,available,1756925586,1757184786
txn_3PxqKlAgktbKCq1sqc35byrp,charge,charge,ch_3r2Qjgtaxvt2swoGOifVvroA,59900,1972,57928,eur,Payment for invoice HIWVA3WO-0002,available,1757069617,1757328817
txn_36tfvcQ2b9TjmB4E2lI8ngrM,payment,charge,py_31QrvCmx1URHV5P3hJMVYlle,119800,500,119300,eur,Payment for invoice DXIMIHD8-0001,available,1757071952,1757503952
txn_371nfEB4jQNrkQri3h4naC2o,charge,charge,ch_3SwlzUhf7RX6h1XAbzbL2NrK,100000,3275,96725,eur,Payment for invoice Q4WH3OR1-0004,available,1757086760,1757345960
txn_3mQTpWLBOZoUfHaVNp4tLjvi,charge,charge,ch_3KsUohYvaqDvUy0an4Z58YNS,200000,6525,193475,eur,Payment for invoice SILCRK5Y-0001,available,1757170232,1757429432
txn_3lnycqiYnVPjO9esrWqAEdth,charge,charge,ch_3rbBifL4UHpQoAU2JAsMtoeK,100000,1525,98475,eur,Payment for invoice 9DH2NH0I-0003,available,1757249037,1757508237
txn_3TxDwNBVZRwODWwBBQHfMdK6,charge,charge,ch_3ThcfO1ksWLBYxo3CAZW5lS0,299500,9759,289741,eur,Payment for invoice UK1HMP1P-0002,available,1757256779,1757515979
txn_3ImsIzzTanlm1OnJbnXF1sER,charge,charge,ch_3qjvNDd9fvCAesBkvd5KeoTh,59900,1972,57928,eur,Payment for invoice 55ZKNFTJ-0001,available,1757352266,1757611466
txn_3Cr7Wv2Fv0k1r6IgTFIA14Mh,charge,charge,ch_3dxtve03WcAqiNdVcUGyEDpr,100000,3275,96725,eur,Payment for invoice OLSFXSUM-0001,available,1757371551,1757630751
txn_3ZrwKU93jJlJBiXMTl8ElGGA,charge,charge,ch_3iBb7nDoRkSos4xZLkq5Q4IG,119800,3919,115881,eur,Payment for invoice XWOUQGD8-0001,available,1757431827,1757691027
txn_3DTRHfL9bMVjDqLloMwiu9f0,charge,charge,ch_3sFWDC0qD2jbHvwlSfsWRLYS,179700,4517,175183,eur,Payment for invoice L3GD6V9F-0001,available,1757486944,1757746144
txn_3a670YGDOQOb2o4wGh8gLExP,charge,charge,ch_3neFsBMMwq30d7Sp4oCJQL0S,100000,1525,98475,eur,Payment for invoice 1T7NAEW8-0002,available,1757504334,1757763534
txn_3fg7OQZxFmIghX2SfsLuZ612,charge,charge,ch_3Q8n9FJBY6dDrGniptJG5y62,200000,6525,193475,eur,Payment for invoice 3OSFXC3J-0001,available,1757505997,1757765197
txn_35pMIQuOeVr9LIWv9UEqCCnq,charge,charge,ch_3yUTTv4hMmsdhiVIXKKV8Tpw,100000,1525,98475,eur,Payment for invoice R7T0NVCG-0001,available,1757520135,1757779335
txn_3GAzC6g3IiMrXJP267eu5zsg,charge,charge,ch_3bqHLn52hstVqrpsrmSAfMQF,200000,6525,193475,eur,Payment for invoice UIWQ56EJ-0001,available,1757581039,1757840239
txn_3Mjfl5FdZbRVyC6J4Kas3lCG,charge,charge,ch_36fRUemzugWsJnFJD81LKMQv,100000,3275,96725,eur,Payment for invoice 5F7J2TOR-0001,available,1757594391,1757853591
txn_3PRjdMHdFY32J4XPaYLaO8L1,charge,charge,ch_3kULNAmitLRFHHS9aagGDlCS,100000,2525,97475,eur,Payment for invoice EHGRGEO7-0001,available,1757594902,1757854102
txn_3r1ntX22kKk1flFtkJBKrJsx,charge,charge,ch_3kyIvIb0s2SbmTrwezzkLfCg,59900,1972,57928,eur,Payment for invoice 1AVAIHZN-0001,available,1757606920,1757866120
txn_3YJAMo8MyMB78ko3yJbkqaL2,charge,charge,ch_3mi5OABsyJo9nEkkHHu2VMqy,100000,3275,96725,eur,Payment for invoice HAK8816B-0002,available,1757753493,1758012693
txn_3yFsJQN8u3bdNe6AswD93z8g,charge,charge,ch_3TQBiqnm0wNYFY9PJYG72peg,100000,2525,97475,eur,Payment for invoice JAONMUW9-0001,available,1757753503,1758012703
txn_32qG5IFLmISyuRPFbNGiyXcd,charge,charge,ch_3gh3Bg7mYqnmiz2ALDVwTzeh,239600,7812,231788,eur,Payment for invoice Y47R23Q5-0006,available,1757776016,1758035216
txn_3qBEJ5BhDZzxJnmMgHBQKqnS,charge,charge,ch_3iy6IpvckQ7fYlc2ySyqrZ49,200000,3025,196975,eur,Payment for invoice OIP2Z81K-0001,available,1757926852,1758186052
txn_3F5hqdU6vT2lOWSuPCi9Qzmu,charge,charge,ch_35SKpy5j3NMSd1nAB0BCoDXS,100000,3275,96725,eur,Payment for invoice AA8DU0IR-0003,available,1758088528,1758347728
txn_3BJDcqJj553dOnw8vAPt4Q7K,charge,charge,ch_3Tra1LKXnkMsxDhjpmAh8FMB,179700,5865,173835,eur,Payment for invoice 80V9DX8M-0002,available,1758121514,1758380714
txn_3bVWd1y6CAJ4dvWuOT6msXhv,charge,charge,ch_33XRe1gyzAy4UarHZZWLJLsT,119800,635,119165,eur,Payment for invoice XGNGSW0G-0001,available,1758190913,1758622913
txn_3jzDA613jrFVK0R1eTb8OZR3,charge,charge,ch_3ezJTv9PvRYZIg1x60Jpm0lQ,100000,3275,96725,eur,Payment for invoice ZGHWSA5Q-0003,available,1758198677,1758457877
txn_39oNft6UKHLdKzAO1TzWIMfj,charge,charge,ch_3DQLa89rmscjxobYTapOHQlh,100000,1525,98475,eur,Payment for invoice EKDTCJ5B-0001,available,1758206581,1758465781
txn_3H73QCCZScO9LqJvcwAsgMmA,charge,charge,ch_3RobTqy0Ja7G64nohmSpfvpn,59900,923,58977,eur,Payment for invoice I9W2F3RG-0001,available,1758206625,1758465825
txn_39c66v0D8aRsuN06NC17Hthj,charge,charge,ch_3gEE360GfKgQXjMELVkB8ORW,59900,514,59386,eur,Payment for invoice RDS66HMH-0002,available,1758214293,1758646293
txn_3QnXsXfIOnrCzwyg9ZlxxJMe,charge,charge,ch_33nOmKa5emX9USL72iDiOYya,59900,1972,57928,eur,Payment for invoice N09YKXTY-0002,available,1758218401,1758477601
txn_3wXyZli7kmPAQD7QPjp83MHk,charge,charge,ch_3ZxxyeYAAbeglByrPSn4UcCk,200000,6525,193475,eur,Payment for invoice L0G685PV-0002,available,1758281811,1758541011
txn_3UDKakJun3Zd4GSfh4nLoIfS,charge,charge,ch_32iN9ZvWWHaFiuPkWmdYlb6q,200000,6525,193475,eur,Payment for invoice O8355VYD-0001,available,1758295856,1758555056
txn_3IbC0eb1pxcviHANyCFO5HHn,charge,charge,ch_3sUqHB1ssD9lrs96qyE8F10b,100000,3275,96725,eur,Payment for invoice 9DFCTDR7-0002,available,1758361242,1758620442
txn_3wGzbZhcBPbCX8UmM44vVTnF,charge,charge,ch_3wQGsx7MPZ9VCwK7KnqsppCp,200000,6525,193475,eur,Payment for invoice WOCSCW95-0003,available,1758376973,1758636173
txn_3fZfHWqMoUzooVBljaIOfxKB,payment,charge,py_3rj7AnyMvhW6kHUgwEaxjYPg,200000,500,199500,eur,Payment for invoice 51U4R1Y4-0003,available,1758453988,1758885988
txn_3cEVO2YwEOnaUhOdj9psRZlH,charge,charge,ch_3uzXDgo0JenTyTFYTmdJfCpC,59900,1972,57928,eur,Payment for invoice VUEXUT29-0002,available,1758489293,1758748493
txn_3JbiMU50Hbk6c096vUnTa2LR,charge,charge,ch_3jlm0Kyq7YOWSzrolq9sYuo9,100000,2525,97475,eur,Payment for invoice FYYRKP2J-0001,available,1758534436,1758793636
txn_36eAzoP3Xkrf7JfR4qoTMj0R,charge,charge,ch_3IwMqbjWwvlfgKOeKe0ynHOx,200000,6525,193475,eur,Payment for invoice DU1BTYYM-0001,available,1758552141,1758811341
txn_3kS21fh67NOc4guAyaW9paeK,charge,charge,ch_368yG2ktV61NcBjIOBY52lXw,100000,635,99365,eur,Payment for invoice FIZTK717-0001,available,1758566765,1758998765
txn_3OwUathPLhEUBgzelbxfjwof,charge,charge,ch_3r6r39uNMCiXb3L4S2DNDkS6,100000,1525,98475,eur,Payment for invoice JAMZQZBZ-0002,available,1758617643,1758876843
txn_3NGaWEwBHuF0WzNNRlz3xOLP,charge,charge,ch_3ptgqOFnBTfEr3jstELhBV1h,59900,1972,57928,eur,Payment for invoice Y2S7VZO3-0003,available,1758646556,1758905756
txn_3eGg0vQuDnKh0DnKZ0gwOc9T,charge,charge,ch_3L6oNM5Jmh86sSlyFlyRIweV,100000,2525,97475,eur,Payment for invoice IVOZEX0R-0002,available,1758655651,1758914851
txn_3BNVoqmbrHf3fcPEuG0az5Rq,charge,charge,ch_3rKupzTWBowPcRv9zaV88MCl,59900,1972,57928,eur,Payment for invoice P95YTZV8-0003,available,1758697022,1758956222
txn_3uXHDHR9rdy52tLm5ksdesDB,charge,charge,ch_3wINjftZC6ekWgweoM0zvRUq,119800,3919,115881,eur,Payment for invoice 2ONJ0YXB-0002,available,1758710436,1758969636
txn_3CdF2CgycwxhEe2Qip0lPJ8U,payment,charge,py_3ReLRIaq4yCEP64N7WZnHF9e,500000,500,499500,eur,Payment for invoice 1H47MWT3-0002,available,1758751633,1759183633
txn_3rQlInyxhSCw4jcC78IFsYLz,charge,charge,ch_3T3RaFF6qWQ6FNaDj85czDqz,119800,1822,117978,eur,Payment for invoice AQ88VM8V-0002,available,1758801189,1759060389
txn_37JHLOhR09yoqc51rdRbKbLe,charge,charge,ch_3nJyYmCgS9RO4vKNRunPlLj6,100000,1525,98475,eur,Payment for invoice 7N4W56ZQ-0001,available,1758815173,1759074373
txn_3GzIdDVNFSTcNlxzHdgynWOF,payment,charge,py_3kkq2GdnHdzWHp5lKH6ucuFE,179700,500,179200,eur,Payment for invoice ZODFTIEW-0002,available,1758828282,1759260282
txn_3BR2kRTMDTbKGBjpo6bZklHN,charge,charge,ch_3gZSN59rfVy60cUMyOfLUFY5,100000,2525,97475,eur,Payment for invoice XG33CLDP-0001,available,1758839398,1759098598
txn_364UN639Uj3u8cf095t7yEh6,charge,charge,ch_3U0nOswkQxuh19UIBq1uz1p2,119800,1822,117978,eur,Payment for invoice W6CSFX6G-0004,available,1758862632,1759121832
txn_3sQSYY3t0vcrtpw3BL3YMOFr,charge,charge,ch_3kuepUyvjsfDOe0DbJw0rHwr,100000,3275,96725,eur,Payment for invoice RIBV3UEL-0003,available,1758895063,1759154263
txn_3uiTOjg06bY1e3C0Ixxazf8v,charge,charge,ch_3vY0ndr6lRJZ2IxVrfX9x5yq,300000,9775,290225,eur,Payment for invoice 60FQV09O-0001,available,1758905497,1759164697
txn_3HPW9OVqHrnO883A0mBpHdzu,charge,charge,ch_3mxbfizXyFNVqCR11HhGjaJ3,100000,1525,98475,eur,Payment for invoice D5L2N5I4-0003,available,1758916008,1759175208
txn_3v9QVHSTZn01WJuQODsIwNxf,charge,charge,ch_39ol50OmMX2i3wgHURtJSIao,100000,3275,96725,eur,Payment for invoice 74T592HR-0001,available,1758966334,1759225534
txn_3xRKSLeWlGkcyQFq89zXpLij,charge,charge,ch_3QrzAEEUl9C7NccHkFowdN3X,100000,635,99365,eur,Payment for invoice 0MBIDL4G-0001,available,1759061654,1759493654
txn_3NrIBV9p8AYL8fKjivHXG32z,charge,charge,ch_3GS8Ewc8HVmIo4g2ftDx2t6k,200000,5025,194975,eur,Payment for invoice YFCEH8G1-0001,available,1759220821,1759480021
txn_3XaVxXH9uMbg72nnb4zTRrJR,charge,charge,ch_3Gb8fWteQMNDIlT1PSdTc6Bq,59900,1972,57928,eur,Payment for invoice B35YKBBG-0001,available,1759222893,1759482093
txn_3XGga581DIckmVTyJhFeKlVu,charge,charge,ch_3FBPCH4t1l1Aw4kx0F0QM2cF,59900,923,58977,eur,Payment for invoice CC0H5JLC-0001,available,1759233055,1759492255
txn_3KOcnhzL7OIMkClkAmJTSziS,charge,charge,ch_3li1hPUWxmIqmI8RJ3slcwCz,59900,923,58977,eur,Payment for invoice AT4MU8MR-0001,available,1759247478,1759506678
txn_3RTzaKDDzUnqwot1enFlx9Zw,charge,charge,ch_3pPA7YS5keGupBbl7jQhszwD,100000,1525,98475,eur,Payment for invoice F14NL1WQ-0001,available,1759251014,1759510214
txn_3NkHaMPrFgmoro0KRX4hdnsW,charge,charge,ch_3mETt7bXDcKMLcrXZPwPw2T8,100000,1525,98475,eur,Payment for invoice D7ON8M3P-0001,available,1759258284,1759517484
txn_3oetVMYRT6HL8nGDmfPzbziw,charge,charge,ch_3ejsleM9RfxBGQRXpdhwY4F4,100000,1525,98475,eur,Payment for invoice JI1LO7JG-0002,available,1759342671,1759601871
txn_3MtoCDwxWYBQt6YnroXJ1piY,payment,charge,py_3cz1b6J4SoJrz9DwlIfYPFWq,200000,500,199500,eur,Payment for invoice GZ2NANQF-0001,available,1759343208,1759775208
txn_3LEJ1yNHosF9El74VvueWpP1,charge,charge,ch_3zjD649GMtolpVXYmAHP8xVr,200000,6525,193475,eur,Payment for invoice 8YGPWSGW-0002,available,1759376098,1759635298
txn_3yb4WGF1WobnrdAMtR5iJcww,charge,charge,ch_3voiVSsW5VxWyn8Q7r16YkrN,200000,6525,193475,eur,Payment for invoice J07XGHI9-0002,available,1759412472,1759671672
txn_3jHsnTuVBHEF7UMPThuRgxEQ,charge,charge,ch_3iWMRm1nDTZXHxlTk70nEITv,59900,1972,57928,eur,Payment for invoice F22I1SEO-0002,available,1759418482,1759677682
txn_3icA8GtH6Nwn8eEf1iq983vq,refund,refund,re_3rPItBFxAw8mwEGMb3YQHlPC,-100000,0,-100000,eur,REFUND FOR CHARGE (Subscription creation),available,1759420714,1759420714
txn_320O0TYkwaL8ePZZBUAWck4k,payment,charge,py_3GPIa7esT3TSc4hPud6htpHg,300000,500,299500,eur,Payment for invoice 4J1GWNPG-0001,available,1759436166,1759868166
txn_3WiKTyWyKZfaMdFQkXZAs5G0,charge,charge,ch_3s4lJOfewE3xBQQ0AGcZNECl,59900,923,58977,eur,Payment for invoice TQZSQD6H-0001,available,1759499357,1759758557
txn_3WXsEGsHmMFwJ79m1KZnRsxX,charge,charge,ch_3Mf88jygmiJvY8OupYIjk5FD,59900,1972,57928,eur,Payment for invoice 4JP16PRF-0001,available,1759499536,1759758736
txn_3r1rWUxqj13XlD4uBAqpMOvi,charge,charge,ch_3CaVqR7rHufdRxWTOZmXbBlE,59900,1523,58377,eur,Payment for invoice 4BJEEGNE-0001,available,1759499781,1759758981
txn_3TDxcyZQeAmcAbYG3KWcd1Tq,charge,charge,ch_3Rm5pyhlF6n87woH17wreWK9,100000,1525,98475,eur,Payment for invoice 2PJDKOYV-0002,available,1759510341,1759769541
txn_36lf20p8WeHyIyXLEQPmWMLb,charge,charge,ch_3sI6y67UnThvqJWmKMEZdmdY,100000,3275,96725,eur,Payment for invoice 3BUMQXJP-0004,available,1759665282,1759924482
txn_3UUiPXa1DcTXzUPiNMIkNyCB,charge,charge,ch_3dXltuLVzZQOajmaj5FmnFMG,100000,1525,98475,eur,Payment for invoice 9T7JAI87-0003,available,1759672272,1759931472
txn_3poZF3vui6k0nHZqGGwndyRZ,charge,charge,ch_3USd5TVo2fi4S31Pmv6K3NNP,59900,1972,57928,eur,Payment for invoice RBJFCW50-0006,available,1759752585,1760011785
txn_3oumhCPhXvg7ZHdArAbcv684,charge,charge,ch_3XJlTgCtTuD5YNEqQVuCo5Q1,119800,3919,115881,eur,Payment for invoice S86UAW5D-0001,available,1759756372,1760015572
txn_3fNPmrktpqDAzlcjOspwkXuV,charge,charge,ch_3uayhiEsC3cvOWxMDfMfBEX4,100000,3275,96725,eur,Payment for invoice 7AL1XIXX-0002,available,1759763740,1760022940
txn_3TZHDWqlB1kRMNud4sHUGwn6,charge,charge,ch_3HFinK9Q20APOSZINeTecoMk,100000,1525,98475,eur,Payment for invoice 5FGVJC0B-0001,available,1759763869,1760023069
txn_3k1XipKGoZfRokwpk5u2y6P4,charge,charge,ch_3HxORsanoGcy3Zj9uEa2FH0U,100000,2525,97475,eur,Payment for invoice VU32W1C4-0001,available,1759779626,1760038826
txn_3NKHU9Zmc6utDGT8gPzrPKFb,charge,charge,ch_3bqYJ7gk3jGXQQSceneGul4e,59900,1972,57928,eur,Payment for invoice E6NRS3LC-0001,available,1759841063,1760100263
txn_3BpbETRqBtLRDktT4ULHdkhB,charge,charge,ch_3iJGpYt03vBILZHcm1lu3cSh,100000,1525,98475,eur,Payment for invoice MLBEE5CL-0001,available,1759848531,1760107731
txn_3FTEI6lH7Ky9XHBAEM7OcyNq,payment,charge,py_3OxGZHN393vKxTlsYlv66z95,179700,500,179200,eur,Payment for invoice VLY27MFS-0001,available,1759863386,1760295386
txn_3FnxabGHDXEpXlBKHUl23yh7,charge,charge,ch_3HHB6nQjrS1uawe2Pbr7FYSk,59900,1972,57928,eur,Payment for invoice 2RJPSHUH-0001,available,1759901815,1760161015
txn_3pfrOAkhEm31KBxk0TBOEtPc,charge,charge,ch_3MFjOvoUVA5W2mzUpQMEHq2H,59900,923,58977,eur,Payment for invoice RDQC7XNP-0001,available,1759918372,1760177572
txn_3s98YOHejgS6aUnMZCWMECOM,charge,charge,ch_3RW6nlrUkpLK6TBiMLLCU42a,59900,1972,57928,eur,Payment for invoice HFVXF09H-0001,available,1759919751,1760178951
txn_3fIJhi2UkQXbMBNl4zdU5A0I,charge,charge,ch_3kyGwO5peaFdBnSF3vrsxyNT,100000,3275,96725,eur,Payment for invoice M3MWB9WK-0002,available,1760008467,1760267667
txn_3YiFCbEwGe8hjJlKZ5qBPknA,charge,charge,ch_35oyVRF1nWSkx30t6AD7Evrb,300000,4525,295475,eur,Payment for invoice FSCCO304-0001,available,1760085759,1760344959
txn_3BkTCtaWOqrpRRkPJTMZZqDC,refund,refund,re_3QpNkinvU9WUS60Oy9gNkrMn,-59900,0,-59900,eur,REFUND FOR CHARGE (Subscription creation),available,1760095195,1760095195
txn_3TKd96Dy9mMmUE0bqEcL6ChE,charge,charge,ch_3O7xvqzraR6HgvYPqsNSrayx,100000,1525,98475,eur,Payment for invoice K2KDBSC1-0003,available,1760106024,1760365224
txn_30KspvNWCydluuLtwFY8VxB8,charge,charge,ch_34oLQ3pS8MzI8KtAKLxi1nyx,119800,1822,117978,eur,Payment for invoice 2L9G1LXD-0001,available,1760107931,1760367131
txn_3j4CvoylMQ2LabVLhXZ5uGzw,charge,charge,ch_3hPdpbfh8XNpPRxMzgRUuA4i,100000,3275,96725,eur,Payment for invoice COKZ1INS-0001,available,1760117423,1760376623
txn_3b14qGJAzeDePr8B4UYIzYU6,charge,charge,ch_3YSCUjyD09cFQPkI1TVlE1ob,59900,923,58977,eur,Payment for invoice Y8PP658U-0002,available,1760204335,1760463535
txn_3eED57lmRIbHJu2eZSNZ17Gj,charge,charge,ch_3S0dfKF3uPcHc2cfMi02AFPU,400000,13025,386975,eur,Payment for invoice 4IGPJABJ-0004,available,1760275392,1760534592
txn_3JmyNRuOiYAEMwFhQTw789Ji,charge,charge,ch_3maYY88vukc5Sou3wH6wZ9xH,100000,1525,98475,eur,Payment for invoice JN8KHBF4-0001,available,1760391748,1760650948
txn_3ohntZs7TwuTbDam8devb4TD,charge,charge,ch_3Jrrc9r8GR76e72QSUF0h3Eg,59900,1972,57928,eur,Payment for invoice EB4GJOL6-0001,available,1760519749,1760778949
txn_32BwqEJ9GsC0mYWMlmyfynRT,charge,charge,ch_38SrhXaSSE5Zzo8pLcLUMBka,59900,923,58977,eur,Payment for invoice TDJD7ZEH-0002,available,1760528134,1760787334
txn_3ud0OjbTR1yZIaGbBlHlXHyO,charge,charge,ch_3lvK0ZmHqQHx9bHp4jjscoPf,400000,13025,386975,eur,Payment for invoice SCFGNWAH-0005,available,1760545716,1760804916
txn_3qHspE7Ms727M0GVxh41OvR7,charge,charge,ch_3ta917SwRIGk9w8ir5gEME3p,100000,3275,96725,eur,Payment for invoice F755700Z-0001,available,1760618887,1760878087
txn_35YSsgY8X318LjMWox5FzJOT,charge,charge,ch_3g4DNhnIWRVl8TVpFaKsGXN4,59900,1523,58377,eur,Payment for invoice K2ZYHNLX-0002,available,1760622035,1760881235
txn_3No2sgynVVPXGcQxgdqIjDpX,charge,charge,ch_3lLxbBXItKczm2dauXzzm3W9,59900,1972,57928,eur,Payment for invoice 8ZEA8HT1-0001,available,1760648282,1760907482
txn_3nw31vNRSgYrMEbhgxXHJzVT,charge,charge,ch_3Ax8iiUrn50LZPLRkOQDCwNM,100000,3275,96725,eur,Payment for invoice Y0XB36A4-0002,available,1760689290,1760948490
txn_3v4XQ8F66mkDalfNYmzf7kjQ,charge,charge,ch_37ze4GLM45w0j6pHkl58TYR2,100000,1525,98475,eur,Payment for invoice UXKF30QM-0001,available,1760708018,1760967218
txn_3b36tSPVQpkOnTf9h00zjyUl,charge,charge,ch_3Dwmud6u3yVyNyF3my97mW59,59900,1972,57928,eur,Payment for invoice RZ3WHZYK-0004,available,1760718112,1760977312
txn_3eGXjp6tAMypdToaUA11uAys,payment,charge,py_3I0N49B9hRwXd6NKpYlYqFwb,300000,500,299500,eur,Payment for invoice BXOYSA9A-0002,available,1760728674,1761160674
txn_36OoDiiDEM2ucZMt2IGsdA6j,charge,charge,ch_3APsLWm79nZQpft9HdW737oT,200000,6525,193475,eur,Payment for invoice O2VTX6R5-0002,available,1760797966,1761057166
txn_3q4rSEcyFGomfBfH1HwflY9R,charge,charge,ch_34zwcEmeVPlhx0WMs6qbZytk,100000,3275,96725,eur,Payment for invoice 5ZHYHLG4-0001,available,1760881351,1761140551
txn_30UgbclIkgUpENtik6DAnquz,charge,charge,ch_35M2wp6s3Z7JtU7ecVipSKjW,59900,923,58977,eur,Payment for invoice 3QNA7RFI-0001,available,1760917502,1761176702
txn_3kze69BqYDiPQIAxVBJWy4ge,charge,charge,ch_374ev0hgh2uSopAr0sysbmxw,100000,1525,98475,eur,Payment for invoice XZ18TXB2-0001,available,1760973439,1761232639
txn_3Y2o8qwfKRwrnhK9Nsi5POgv,charge,charge,ch_3lAKijJ07IGken5qnZ6INnfc,59900,1972,57928,eur,Payment for invoice 1YBWA2SX-0001,available,1761027585,1761286785
txn_3Q30wpDqkujdKtbLEtGue86P,charge,charge,ch_38ufds6DYuIwz1K0YgAE31Zt,300000,4525,295475,eur,Payment for invoice 4ZBYALNA-0004,available,1761036110,1761295310
txn_3H1WkySGbtsceeajilCN3XYH,charge,charge,ch_3iF8QGBQRUZ7IBDEeSplr1qZ,119800,1822,117978,eur,Payment for invoice V4ZIXWIB-0001,available,1761042342,1761301542
txn_3URCB5GZmxecFz5Xqb4uOrmA,charge,charge,ch_3xGcwVJIpQHV9ljIryBQVZFa,100000,3275,96725,eur,Payment for invoice I2GWEXOL-0003,available,1761046409,1761305609
txn_3Iqr6hlLBTzO9FDTurtKh0yY,charge,charge,ch_3KzKACXSy4REIwC36tmFIP5G,59900,1972,57928,eur,Payment for invoice L83E89YR-0002,available,1761050870,1761310070
txn_3NlMYm2V4pdryDP4ouIR7594,charge,charge,ch_3G8Zc7Q45R1e4sbcKRyuSYbn,59900,923,58977,eur,Payment for invoice BZ564WR8-0002,available,1761060074,1761319274
txn_3waCxBttPmtP5eKChBOXXHna,charge,charge,ch_3zHa1oPNN2TjV4dOCVvkADR3,100000,3275,96725,eur,Payment for invoice Z7X8W6YA-0001,available,1761068354,1761327554
txn_3623DsCpU2zaB87Gof6WvcRx,charge,charge,ch_3MZsLvRIqDdWiSDf9JaXoJ2t,59900,923,58977,eur,Payment for invoice LLMFH3XH-0001,available,1761128242,1761387442
txn_38aRnJigvYQJ0onwg5zZsHax,charge,charge,ch_3D68PckRO35t0UW3yXMGXd8G,100000,3275,96725,eur,Payment for invoice AE7UQPR5-0002,available,1761139261,1761398461
txn_3QJLZK0DG8xiNto0pGcJx2Wv,charge,charge,ch_3DhGdkQbAz8rBdeYPqrXGEbz,59900,1972,57928,eur,Payment for invoice YNWC2IQZ-0001,available,1761143002,1761402202
txn_3s5S8yKrvJSbMwkQLXC1Sz0D,payment,charge,py_3SOzqMTNyxp9QFjT9XPdERTr,16500000,500,16499500,eur,Payment for invoice 0KVOGSE1-0003,available,1761144655,1761576655
txn_3Cj7Llsz6YRjib7mC0FAljxG,payment,charge,py_3l78Gdk8FDiUIfSzjgImsqdG,119800,500,119300,eur,Payment for invoice 6UUGUOV1-0001,available,1761175527,1761607527
txn_3SDMoSD679a7UsrsRw79KAmY,charge,charge,ch_3TER4XfMZa6GB8IhCJ9TcKN6,100000,3275,96725,eur,Payment for invoice OU10587V-0001,available,1761192928,1761452128
txn_349vATF9r9hSGnS4HmEIpzS8,charge,charge,ch_3k7yOpUxx4naxESwK9PjJ2TV,100000,3275,96725,eur,Payment for invoice 9C1X5MFT-0002,available,1761245645,1761504845
txn_3w2qtXPS9wzrWo6fL80fAj6v,charge,charge,ch_3jNPvqeOe5NrSA7hOlbXrAxN,100000,3275,96725,eur,Payment for invoice 12DD31B4-0003,available,1761303267,1761562467
txn_3XtzrTAjFb9kgvbwpaR0siuh,charge,charge,ch_3TyzS9bbwjiHHaK1Gm9pVJG3,100000,2525,97475,eur,Payment for invoice QP3LF501-0002,available,1761306205,1761565405
txn_3s1FLRILIPBj782tMlJxVTdP,charge,charge,ch_3KR3SQIDe2KsmRjYpn6sanQS,100000,1525,98475,eur,Payment for invoice VGRSXUNE-0003,available,1761383062,1761642262
txn_35lQPWiTyo4smq1iFwhIHui4,charge,charge,ch_3ZYNRHSTl7I6pQggYm7DR4cg,100000,1525,98475,eur,Payment for invoice A7YF62T7-0002,available,1761401122,1761660322
txn_3XB4C621QVdfysNKcMEIZObc,charge,charge,ch_3bpGfHFJuYD0lLprdvju2nq0,100000,1525,98475,eur,Payment for invoice 7A9TRQC4-0003,available,1761505656,1761764856
txn_3j15DMq1YJw26Z9K3pW15kdo,payment,charge,py_3ysZb8q06UdAF4QJbVVdFW9x,300000,500,299500,eur,Payment for invoice V0QMQC2D-0003,available,1761526306,1761958306
txn_36nTqqv1j0Cwjgefi0NEvJFQ,charge,charge,ch_3QJJM9vCP5zrhGkETcMZUDCF,100000,1525,98475,eur,Payment for invoice 6Q4XFV3X-0001,available,1761626916,1761886116
txn_3VrDm3BTyDMRhXD1xH13Iizy,charge,charge,ch_3ManVx7k5roVPZEKEBMPZOCT,59900,923,58977,eur,Payment for invoice 6GDNJACY-0001,available,1761639710,1761898910
txn_36tzmTNsVxrQuImUZUVxhzlP,charge,charge,ch_3EAkVyX8ZiXIdlwvPJ98pImp,100000,1525,98475,eur,Payment for invoice 4JOESWJV-0001,available,1761647589,1761906789
txn_31u2aV14CB03zLLfWV6cSc9e,charge,charge,ch_3L2meKMGXU3KrIwSAa6AXXOQ,100000,1525,98475,eur,Payment for invoice 8HLMD5GU-0001,available,1761735284,1761994484
txn_3iInoo6miAPxmK41okTbSUfm,charge,charge,ch_32Z0MxLhzWuTSRr3fX5KBC6k,300000,4525,295475,eur,Payment for invoice QLM97S8Y-0001,available,1761745323,1762004523
txn_34IpGntdVfFRgIE3AowNZFNa,charge,charge,ch_3azBzHO5u7TGh5el37hK4J5d,59900,1972,57928,eur,Payment for invoice VBR54049-0004,available,1761765045,1762024245
txn_3hz2IG8FI4ncjO74oUTR6DQU,charge,charge,ch_3FtcL6UpJy0vltPBQRseHt2N,100000,1525,98475,eur,Payment for invoice WL7KE947-0003,available,1761808281,1762067481
txn_3CUufFJGVBpFMDe6Amil4v46,charge,charge,ch_3M8kkONIx5QovuufJODYBPON,100000,1525,98475,eur,Payment for invoice WX7AK0BA-0002,available,1761829525,1762088725
txn_3NvBfHftDZytJ6war8h2weVE,payment,charge,py_3j6oq3SbhSGMMjOrNLrKVLAy,200000,500,199500,eur,Payment for invoice X4Q98XGQ-0001,available,1761834501,1762266501
txn_3SfrSBf1tkjRUT9z3YMR3tAo,charge,charge,ch_3S67N1N08PMJfOEz4VQ6ypXe,299500,9759,289741,eur,Payment for invoice HH8XGH8S-0001,available,1761853104,1762112304
txn_39VqdwewMGL3NoDYyuDuMXuQ,charge,charge,ch_3pfVHhepm8qtoxjeWnelRhR4,59900,1972,57928,eur,Payment for invoice SDT5J65U-0001,available,1761910226,1762169426
txn_3ETpmc8r5v7oKmm54Rg95Fb0,charge,charge,ch_3kmFDKix5IPdOSB6mD98uHeK,59900,923,58977,eur,Payment for invoice S148AZ2Q-0001,available,1761920763,1762179963
txn_38AB4A1VQXXfTmbZNXS7hjc0,charge,charge,ch_36E1aJht1vfQoSqCNE3VTMu5,100000,1525,98475,eur,Payment for invoice TGNAWMP1-0003,available,1761925775,1762184975
txn_32P6x28uwcn6yKIBzxjYmBHw,payment,charge,py_3XGPrHOg02tJVaBMWAd66xqL,200000,500,199500,eur,Payment for invoice NWGMPR7K-0001,available,1761939504,1762371504
txn_3r6F88DbLgxd3TgtARx6tUTQ,charge,charge,ch_3Ml3CBwefV2NFlCuyd1QS1nJ,100000,3275,96725,eur,Payment for invoice VYAYZXNL-0003,available,1761990012,1762249212
txn_33zprQxLBTuw05gkeAywNXhN,charge,charge,ch_3FkVWgiE3oLOfrbGQToecKCa,100000,1525,98475,eur,Payment for invoice E3G6EJUP-0002,available,1762080425,1762339625
txn_3sO902SGNVCyStn3IXNnlai2,charge,charge,ch_3ba5INMLnJpTIm3xIOIUO9Cx,59900,1972,57928,eur,Payment for invoice 1NDERFMN-0003,available,1762082511,1762341711
txn_3aC3TBbkh8DO7YHbQzVu7Tvd,charge,charge,ch_3W1WUD14LUuDutQKuN3yOddF,100000,3275,96725,eur,Payment for invoice UVR3T9Y5-0002,available,1762107444,1762366644
txn_3MD4g0SeByaYkesgN07ampzR,charge,charge,ch_3jW1QEJ7RoOtpVzpziHoQVmk,100000,3275,96725,eur,Payment for invoice EEWCA8BN-0001,available,1762175979,1762435179
txn_3O29iIQxKEi7mL1G0CXU7e3a,charge,charge,ch_3VZT6IskKGPv69SzVdr7I3ss,59900,1972,57928,eur,Payment for invoice 1R8JWEH5-0001,available,1762195812,1762455012
txn_3b1cKaa7bdOzwWaB69ftCRBW,charge,charge,ch_3Zu4M9iiLPT9wELj6iJCBOKG,100000,2525,97475,eur,Payment for invoice UJSX0L88-0001,available,1762242792,1762501992
txn_3Rjog4xATUoou79j49BV7XFw,charge,charge,ch_3M5kCVXe1u3TcaT2bSBRbDbO,100000,1525,98475,eur,Payment for invoice S297ULN0-0002,available,1762276823,1762536023
txn_3sdKIfb2koH7OYBQ3pQSwWgp,charge,charge,ch_3mNS07HEGygTFfSOonkVlDBp,59900,1972,57928,eur,Payment for invoice RUZCPLT6-0001,available,1762282298,1762541498
txn_3wBHMemR2qeeuqmeYd7351KJ,charge,charge,ch_3syDBxB07IYm6aBv8jsvUz67,59900,923,58977,eur,Payment for invoice M11MMKS1-0002,available,1762343299,1762602499
txn_3ybjM2tZEwlNeaF9ChF2A0Ce,charge,charge,ch_37fuagfnfkec2UVvQnJJBMDe,100000,2525,97475,eur,Payment for invoice ODJE52VB-0001,available,1762363518,1762622718
txn_3uVE05vq8XJP2W2RkBOKLibd,charge,charge,ch_3eSWLA9TiMWtiBDBsWxxpcgp,100000,1525,98475,eur,Payment for invoice UEHZD3CI-0001,available,1762434286,1762693486
txn_3HKJFekk65dhP9rWHgOzgQk0,charge,charge,ch_3zrCUvTsYDHyZhqjyl8SiFlo,100000,1525,98475,eur,Payment for invoice BX5XS8N6-0002,available,1762445813,1762705013
txn_3uIameIasgM6RdAdH5MryRpn,charge,charge,ch_3wkTWBuw7vsdrXudrHNs6HCt,400000,10025,389975,eur,Payment for invoice XSQNJU28-0003,available,1762504198,1762763398
txn_32xufeDmwejwJKjvo1ggP44m,charge,charge,ch_39ey7RgZROM2mhEoofociZWX,119800,1822,117978,eur,Payment for invoice FHO5BWDE-0001,available,1762506730,1762765930
txn_3D6YVqrVrT9ktGMdYwW2KkbQ,charge,charge,ch_3CxUf5YDvF5jZQn7T6RgGTRq,59900,923,58977,eur,Payment for invoice 88TAGO60-0001,available,1762514642,1762773842
txn_3Va3WBOoEHTgfAYAPiHxcsX1,charge,charge,ch_3eRLBk0Q1XHJ8yiYN7rGoPqJ,100000,2525,97475,eur,Payment for invoice P88L0ERZ-0003,available,1762516427,1762775627
txn_33zUOzVD4qCrKRe06WDkGMZG,charge,charge,ch_3A8NQino9w9agE3CKjTu0yku,400000,6025,393975,eur,Payment for invoice GD0QHH2N-0002,available,1762517243,1762776443
txn_3Ssu0Mt03MO3FFzXY1cG2FJs,charge,charge,ch_37vIXWoEW1BpgvNmIR9oEhOH,100000,1525,98475,eur,Payment for invoice KO36FFSK-0001,available,1762529866,1762789066
txn_30Cpb6GI9ehxagjkmCFPmqet,charge,charge,ch_3pZd7pbS5NtKihjjwBkkLfaX,100000,3275,96725,eur,Payment for invoice HYGR324L-0003,available,1762532253,1762791453
txn_3bhsF47qH8Ocqoexyp0aXmeV,charge,charge,ch_3vjSH2T9PVKxtYvCD1z5HkkW,100000,2525,97475,eur,Payment for invoice 6J5UB0GZ-0002,available,1762703091,1762962291
txn_3HeEquQQVcSrEbk4vBUlq3Ws,charge,charge,ch_3fMLhhTrOKcxzeQSyANvijlN,59900,923,58977,eur,Payment for invoice 47RBMA8U-0001,available,1762711128,1762970328
txn_3vJITZniTwibohq3osYh0Okx,charge,charge,ch_3cA1VJQVAowg51pszuVtj5CO,59900,923,58977,eur,Payment for invoice 92KMBHJR-0001,available,1762937269,1763196469
txn_36DS85zkSKNvgcjssAXJYmwX,charge,charge,ch_33NO7sceBW6g4xsLuO5nD71a,100000,3275,96725,eur,Payment for invoice AP82VJ0D-0001,available,1762967922,1763227122
txn_3UUS1qQ1dVqMtLKDFURHfIhr,charge,charge,ch_3HHVXfA9wxQpa4bhna391ZQZ,59900,923,58977,eur,Payment for invoice PRN46HEU-0001,available,1763045791,1763304991
txn_33FqHiRgTmFwpbRJnxB6iYdo,charge,charge,ch_3XPs30Bzh9N6S29wHrM4zf6b,59900,1972,57928,eur,Payment for invoice S8LLAGMR-0001,available,1763047425,1763306625
txn_3Gbmt6CH0HsKkanKlOzv6yxR,charge,charge,ch_3dRkRDDTI3etz7X9EeQuu0Vi,100000,1525,98475,eur,Payment for invoice 18MS1CPQ-0001,available,1763113459,1763372659
txn_3AZJSxM8YFWDgybtFqfBBzbf,charge,charge,ch_3HFfObTdsGy1wK9PvYjZRWSj,59900,923,58977,eur,Payment for invoice HD5EB9D9-0006,available,1763130751,1763389951
txn_3GV9UNPDIHaWrojgp73lbfOx,charge,charge,ch_3FZHYr0Y0ZNHd3wNWMdmNTK7,100000,3275,96725,eur,Payment for invoice 3A5DZL2R-0001,available,1763137371,1763396571
txn_3zyxOVVnFVbB3YOSOqsFjOPU,charge,charge,ch_3NbBdyTecIZ3LsBhZQloGMNQ,100000,1525,98475,eur,Payment for invoice D6O749GT-0003,available,1763154205,1763413405
txn_3OMJTmUhfgITXV5yuwOhe8lG,charge,charge,ch_36hEKJxXzBqpImyu6hIgSFGf,500000,7525,492475,eur,Payment for invoice XJPUH4JM-0001,available,1763214054,1763473254
txn_3wkUYECYLEIw9IXr4guqxB32,payment,charge,py_38L8FMjWd2RZeDmLjUCAqL62,200000,500,199500,eur,Payment for invoice H3TJTIAC-0001,available,1763244958,1763676958
txn_34mbZzArlz0aNFAAzAHQfKsd,charge,charge,ch_3Vgr8vFUAhZlZMpMdmyqN1Wu,100000,3275,96725,eur,Payment for invoice GBVPD1Z8-0003,available,1763353072,1763612272
txn_3qqAEhLGgBvj1YvWiViahkHd,charge,charge,ch_3zrcRYScTlkxCfVUc1c7e2ju,100000,3275,96725,eur,Payment for invoice 6HN0F1A4-0001,available,1763366738,1763625938
txn_3xP9EWv3Weeii8wEsX6m9DI1,charge,charge,ch_3VEdZePCogJInLyqktdvTqWi,100000,1525,98475,eur,Payment for invoice YI42LYDI-0001,available,1763380583,1763639783
txn_35HOtYsiWlAQ4JZnzVNnme69,charge,charge,ch_3JgXk9ZBVw31YbTr1umbulgI,300000,4525,295475,eur,Payment for invoice VXUJ0T85-0001,available,1763422162,1763681362
txn_3Z0L9dbKqR23YPdx6SrMqBCQ,payment,charge,py_3iHM25lxSXZzG6vQ6I6OY1I7,119800,500,119300,eur,Payment for invoice TOIMEAMP-0002,available,1763436362,1763868362
txn_3ctAgMLaYZ4kmTnU5QMhpwa7,payment,charge,py_3cY7Hvf6hC8R5DJ31FFeuOpF,419300,500,418800,eur,Payment for invoice Q8HX0SYF-0003,available,1763449147,1763881147
txn_37Xbz4EQNeF8wUFwuozPcFv7,charge,charge,ch_3Hl8VqeiwFtvaJcEWEHE0EQX,100000,1525,98475,eur,Payment for invoice EUF001OE-0001,available,1763452503,1763711703
txn_352kJyaSdmTQ07MSR0FGR5ta,charge,charge,ch_3McGI5OEBDpPcxq2kymhGtfX,100000,3275,96725,eur,Payment for invoice 9GHR7DMS-0002,available,1763453543,1763712743
txn_3p9dSfE5gx8URxeNmla0kJl2,charge,charge,ch_3WcRA4iHLRj6R0a4UvkuMgi4,100000,3275,96725,eur,Payment for invoice UZ48CIDC-0001,available,1763463867,1763723067
txn_3mrI2HdVWFOjy6EA8ioNImFG,charge,charge,ch_3DCyxNbR2tqceKKJBlwPL4bz,200000,3025,196975,eur,Payment for invoice RU742Y9G-0001,available,1763473373,1763732573
txn_3tifD41LPMdklgfjVnZBswik,charge,charge,ch_37NLXlFLhSh6BOIVv4GuoFKH,100000,3275,96725,eur,Payment for invoice 38B9C19E-0002,available,1763495510,1763754710
txn_33D7WtDb9QniZuhAzgMeFHWr,charge,charge,ch_3sLmFNhFZQhSwQAwOt4H2Giy,200000,3025,196975,eur,Payment for invoice YVXZLKGC-0001,available,1763553382,1763812582
txn_3xBVe2r8TGUCOHJBP8gjZ5TG,charge,charge,ch_3oSNKxlEnejHFSmyMOqGcvwX,59900,1972,57928,eur,Payment for invoice SBWA6AC4-0001,available,1763555356,1763814556
txn_3vHGpavFN8XEBydEHhpTIeNu,charge,charge,ch_3moLPJBMKrVrkH81OoEG4L9q,59900,923,58977,eur,Payment for invoice Y4F6JE9J-0003,available,1763557010,1763816210
txn_3FjSTOfmIDYoA3AP4AFdmuqI,payment,charge,py_3u5euUREsOtAjlmXMmBozCON,299500,500,299000,eur,Payment for invoice 577B6614-0001,available,1763586436,1764018436
txn_3GGvN06slnI5m7LEt4b7hLOG,charge,charge,ch_3jReZ5nxD7HTzpfADcnEFCz3,100000,2525,97475,eur,Payment for invoice 7INICF42-0001,available,1763628889,1763888089
txn_3cvuFQ8Q2WqOupfv7NlNYYDi,charge,charge,ch_31uR4I3EJIc2iDqA8HF3rFcu,300000,4525,295475,eur,Payment for invoice GQQBOFVZ-0002,available,1763647190,1763906390
txn_3QKcElIWWEFcx8XsJOK5Tixz,charge,charge,ch_36JaHwGmyOq2NgExUcpHrYUL,100000,3275,96725,eur,Payment for invoice O1HG66EL-0003,available,1763670516,1763929716
txn_3uv8Bt23XN4EBOjKEvUwTsL7,charge,charge,ch_3rGx2oxjfeTAQGisRRLXVYxC,300000,4525,295475,eur,Payment for invoice BD7OB9GA-0001,available,1763729083,1763988283
txn_3LTj4PcOQY1ekC5Rj7v5sSsk,charge,charge,ch_3cx6wTwM5KchutM2bxU4tLyC,100000,3275,96725,eur,Payment for invoice 0EJLQBVR-0001,available,1763736452,1763995652
txn_3wcGWT8cQLuV3qYrBFuoVrse,charge,charge,ch_3DVNp3HI7oX8FTN3EKa6ZFiV,100000,3275,96725,eur,Payment for invoice MY7VP0U2-0001,available,1763775101,1764034301
txn_3mIlUKTmOggfHzOWNzew112O,charge,charge,ch_339qRbjYWcGLFFa6stVkUHdH,119800,1822,117978,eur,Payment for invoice U8QCVG1D-0002,available,1763823780,1764082980
txn_3cxobBJHZPfRiDhxdhEJaea4,charge,charge,ch_3pudwdq1sHZKYqoDjcqUKdVj,59900,1972,57928,eur,Payment for invoice V9HBM7PJ-0003,available,1763830768,1764089968
txn_3QtCYGcVtmsmQjqka79ii0Px,charge,charge,ch_3NatsyTxGonQopAHIH6VsfbG,59900,923,58977,eur,Payment for invoice 11P31WDL-0004,available,1763894603,1764153803
txn_3DQRWdNF54yQ4lx7bbUbCfJL,charge,charge,ch_39Y7zRSYFtxzqAc9Z7VccZmw,100000,2525,97475,eur,Payment for invoice H00E0SG9-0003,available,1763894844,1764154044
txn_3BArd74Hi6QztLsOE9DMCwl6,charge,charge,ch_3HHnpNVGYeQ9IsFPR9jZVgm5,100000,1525,98475,eur,Payment for invoice 6K8WNXI7-0001,available,1763903927,1764163127
txn_3f7GM5tqLz7rBElTwXFhrgso,charge,charge,ch_3VcnL0VT49wr35Ubolu7UhTX,100000,1525,98475,eur,Payment for invoice VS6D7A9E-0003,available,1764067848,1764327048
txn_35LwHbMY4ObEpor0mLDhpxZV,charge,charge,ch_3BEUQApIs3pdr1F5CM9v8xbA,300000,9775,290225,eur,Payment for invoice 0W87EW9P-0004,available,1764083609,1764342809
txn_3Rr8EMuTwZm6yqIBPwv9qjT5,charge,charge,ch_3ERFqw7YOld00aoujnTH6gzl,59900,514,59386,eur,Payment for invoice UAY3IXQY-0001,available,1764099383,1764531383
txn_3CzafSHO0UmjwHyKzqbMCJSR,charge,charge,ch_3svb8fBGjCFbpUIwmnjCtLVB,100000,3275,96725,eur,Payment for invoice IZ42TYSQ-0001,available,1764177273,1764436473
txn_32ebHD2u0xLMmxr5S9kh5vsA,charge,charge,ch_3g1L3HffY62EV1liAYq3rysz,100000,1525,98475,eur,Payment for invoice WNUPX2HI-0001,available,1764197449,1764456649
txn_3IdFD8gQasySotEjcr1cmIEP,charge,charge,ch_3d8qHG0ZnqKQMCym6rUFsw62,59900,1972,57928,eur,Payment for invoice YHLIXIGH-0003,available,1764239231,1764498431
txn_3srZYebpwKbROsnp3hozTRRo,charge,charge,ch_3PziXKlikm5xnoow67nZXS2Q,100000,1525,98475,eur,Payment for invoice 1MOKYDH9-0003,available,1764269677,1764528877
txn_3LQKPbxEZ1zHB1dXFX6NdAWB,charge,charge,ch_3dpDZ6UqeuAlfo9db2c1dd5h,100000,1525,98475,eur,Payment for invoice EH953YF5-0002,available,1764315465,1764574665
txn_3coradiqkRo4IYwVIKCjjPIi,charge,charge,ch_3UpZn2x3ufv0b8u0Z6MsckyT,59900,923,58977,eur,Payment for invoice 1AYQMQE5-0003,available,1764385956,1764645156
txn_3OSlnHXu1PTOC93eMZyzE0Oy,charge,charge,ch_3lpcjgeoUwcmRefhLYhpEGb3,100000,1525,98475,eur,Payment for invoice Z8UK65WG-0002,available,1764429047,1764688247
txn_3ZCaqWnLNmDFJdGsQnA4NTvz,charge,charge,ch_3DI2ufquoktpDqtSoIk1dcUn,100000,3275,96725,eur,Payment for invoice 0512VRQP-0002,available,1764498783,1764757983
txn_3DA5gtUGrubnOEBPllmytt7I,charge,charge,ch_3nq8TiZNafZbjkSLMfPfuVNC,59900,1523,58377,eur,Payment for invoice 4T8B3SAW-0005,available,1764570819,1764830019
txn_330WgpX01lVOmqupftifOq1z,charge,charge,ch_35be3GAMYzud4pSpuAJ0lvyw,100000,3275,96725,eur,Payment for invoice L3JB0VRC-0001,available,1764595629,1764854829
txn_3zwvNicSG0W5cPfDolnoA5HD,charge,charge,ch_3hGmTbsVq25XCfvPPeqABSN0,200000,5025,194975,eur,Payment for invoice U3R7XMYH-0003,available,1764598388,1764857588
txn_34LN4iYlCR3VHQECyV2CZW1Q,charge,charge,ch_320Taz2ImXDJyx8psLU02ak5,200000,3025,196975,eur,Payment for invoice 2U12C9XO-0001,available,1764604595,1764863795
txn_3jf3tBebjK8ueFtkXo5CmK8w,charge,charge,ch_3ANnLu6XThpdwGCTojmFLVld,100000,1525,98475,eur,Payment for invoice G9CBLO2B-0002,available,1764748689,1765007889
txn_3hwezitnIrwsGBfzYo6n3iJp,charge,charge,ch_3IVnB2GzZyKIyM0bglYuxEVS,200000,6525,193475,eur,Payment for invoice WJIBBZXO-0002,available,1764761018,1765020218
txn_36hLPl8Gtne1job96wCgw3b8,charge,charge,ch_3OA7WbrjDw5ed2PdXpDFNGTS,100000,3275,96725,eur,Payment for invoice 4EHPFNZD-0001,available,1764773668,1765032868
txn_3I9BOxSNCtRnWBKpW05jB5Wo,charge,charge,ch_3wTkEBtxYerS8useCLjeoB2K,59900,1523,58377,eur,Payment for invoice LHBVIQ7H-0001,available,1764837645,1765096845
txn_3DEJi88nXV8Vi4qlGjE3CGJr,charge,charge,ch_3MKaUzG3IbKtiUea6ABZ5AiC,100000,3275,96725,eur,Payment for invoice QDPDGDYN-0002,available,1764844500,1765103700
txn_3xJwXojddYZnXagtG0Rp4pFv,charge,charge,ch_3hwi6kpvzw0GbHZkvK9p2ERw,100000,1525,98475,eur,Payment for invoice GOA7MLF0-0001,available,1764860119,1765119319
txn_3lXQyUZFonRUCe2WdlOvQ6Po,charge,charge,ch_3FdYz8phRfMHkkjVzftbbw6Y,100000,3275,96725,eur,Payment for invoice LH5TVPC6-0001,available,1764860373,1765119573
txn_37d1gLjqaVhMVn0ELGVwT5ky,charge,charge,ch_3mz3kmMwME7UWY8njvYqqOJc,100000,1525,98475,eur,Payment for invoice MFLZJKR1-0002,available,1764871462,1765130662
txn_3F2U3yBnfsn1MlcPGp23cdfK,charge,charge,ch_3VgBnnlQcRf0WyVSEBlVrDo4,59900,1972,57928,eur,Payment for invoice 8LEEXTRI-0001,available,1765018925,1765278125
txn_3QnP5JoAlzZWGaoPSKt5G0QY,payment,charge,py_3RuwRbrDfghwVV7nNLfDUkVy,11500000,500,11499500,eur,Payment for invoice 7CJ8VQ75-0001,available,1765055039,1765487039
txn_36u69aMV8rUDWnGi8i5oikZZ,charge,charge,ch_3bBLLs3EPif9kDZ9yok8s1jI,200000,6525,193475,eur,Payment for invoice YSO1KDM7-0002,available,1765145421,1765404621
txn_378IplPD01kVdVQfleXlVGWf,charge,charge,ch_3F7J9WhLlXS4QuPlcKD5yDJs,179700,2721,176979,eur,Payment for invoice DN73YI1G-0002,available,1765198668,1765457868
txn_3ZLnf5eS6gepdmfuhzWEQZzA,charge,charge,ch_3zxjeJtVsBI1WdphwQdsyxeG,100000,3275,96725,eur,Payment for invoice PONXNWL8-0004,available,1765207384,1765466584
txn_3ygysHM5qHlI1ZNUvghINNnf,payment,charge,py_3bRSLjerLN1NDKCo6sXXHRCi,200000,500,199500,eur,Payment for invoice 3GP9344H-0003,available,1765208940,1765640940
txn_3mL5i8hdWnkLSLNBbnFPR3Nf,charge,charge,ch_3t2Lvo71vsRiGYqMikBWglU1,100000,2525,97475,eur,Payment for invoice 2MNFXTA8-0001,available,1765216145,1765475345
txn_3PJnhCTyOcyF9QPLCkiSXtxa,charge,charge,ch_3wqpTGZ97CqKLJWRLVe3nq16,59900,1972,57928,eur,Payment for invoice TEC6P6O2-0001,available,1765267043,1765526243
txn_3Rqcmwo32LMIjbDwlFLzG84q,charge,charge,ch_3U7zAicpxw1HVYZcLA43jZIg,100000,1525,98475,eur,Payment for invoice 0ROH5GKD-0001,available,1765273951,1765533151
txn_3JDi8BId14Ea3f1jIhIC2Q0O,charge,charge,ch_3hfobqFXKNOwlO8lmM6T9MYy,59900,923,58977,eur,Payment for invoice TYU2PJYG-0001,available,1765278768,1765537968
txn_33VWxjtCqZNoLDUGBaFhEsG3,charge,charge,ch_3P22wjONquVeQqNuAv0m79Nq,59900,1972,57928,eur,Payment for invoice 1CDTD2OY-0001,available,1765281113,1765540313
txn_3FqEd8RulN67WcPhUhhG7aMo,payment,charge,py_3TzgXLKLGgFWk8fYtUD4Xhs0,200000,500,199500,eur,Payment for invoice XCXW7OCK-0001,available,1765298219,1765730219
txn_3Rhmq6a8WigVXSBZjGZyZZLY,charge,charge,ch_3cTuAVpfq9tediPQeB1HRJrn,119800,3919,115881,eur,Payment for invoice MPZX3SR9-0002,available,1765360105,1765619305
txn_3GMMUTTkLkYxUObNmiVGoZ9b,charge,charge,ch_3GhvBe8Z5sKMmOfYdBacGVQ4,100000,2525,97475,eur,Payment for invoice NUW4KLXZ-0001,available,1765453578,1765712778
txn_3gBZMM6RepsEnR0m2u6FkARC,charge,charge,ch_3GUqVt0F6EZ6LuFZ7fv3AB6x,100000,2525,97475,eur,Payment for invoice FW2676UE-0001,available,1765456756,1765715956
txn_3H7gVekTzUF2H4d1MEpVgr6u,charge,charge,ch_3w0ml3STKZjYdp7HBLhwGpzZ,100000,1525,98475,eur,Payment for invoice 1ZBBS4JV-0001,available,1765545658,1765804858
txn_3LFwED6gCaopFWplHMIiWptb,charge,charge,ch_3UwCfxSAPNbYUVYXUdhGc247,59900,923,58977,eur,Payment for invoice XQOAONS9-0001,available,1765613041,1765872241
txn_3Aj3trV8K80x2FkT09eMb5Ms,charge,charge,ch_3AAE5FCk2G2jJ1vRdHnIhMF6,119800,3919,115881,eur,Payment for invoice 0KYT0OEH-0003,available,1765621714,1765880914
txn_3sTS0LPESBqd3gEztKdshAeW,charge,charge,ch_3pMVUf7Hmq2wSOCny2zq9u46,59900,1972,57928,eur,Payment for invoice SZY65VSE-0004,available,1765651958,1765911158
txn_3zmOmElJe7sz8hw4vQxCNsoi,charge,charge,ch_3LPoUS3tneWzV1fiVOIN3wwg,100000,1525,98475,eur,Payment for invoice C03C6WDJ-0001,available,1765669190,1765928390
txn_3ezKR9DHtpumsAsMWrU8XJd9,charge,charge,ch_347r3dOQ9SBVtDSC2wpvCG4t,100000,3275,96725,eur,Payment for invoice 7V9M2MWN-0002,available,1765712274,1765971474
txn_35URd3aykoQWFkXfE8L5BnPA,payment,charge,py_32eJNhgT3MryihkwZaJ21wld,500000,500,499500,eur,Payment for invoice 179B6LFJ-0001,available,1765727289,1766159289
txn_3S3IHhbsPYDb1KUT0AChdHgt,charge,charge,ch_3m3ZJhRcKlLiQR3ixrzZRbc0,100000,1525,98475,eur,Payment for invoice IQK644IN-0001,available,1765794670,1766053870
txn_3QrSpy9QbXqtEFlBZOhWy3vK,charge,charge,ch_3cgx6Q69l5vM0VxBvfbCu2EZ,100000,1525,98475,eur,Payment for invoice 8Z2KB16J-0001,available,1765876003,1766135203
txn_37xxQvEmxbQvJEZMs6poswEl,charge,charge,ch_3Sk2ZdXZMvXKkllGOIq9fAxU,100000,1525,98475,eur,Payment for invoice J9F1W2J5-0004,available,1765898493,1766157693
txn_3Lr6zar3sGF4fFB5ttNqK3EA,charge,charge,ch_3evSyhHaH8Nqy43XEB5fwwGe,100000,3275,96725,eur,Payment for invoice 2958M1GF-0005,available,1765969120,1766228320
txn_3ygknijEUrP8RNAHHStgVElo,charge,charge,ch_3maMAmkvA9DKmT1JZ8pYHSCd,100000,3275,96725,eur,Payment for invoice CPPB9NJO-0002,available,1765977595,1766236795
txn_3WRf8HECGSMnM5zfEjJjrHJQ,charge,charge,ch_3bN7MFlhVpnxgcwRwtjv0SXS,100000,3275,96725,eur,Payment for invoice SNXRVKXE-0002,available,1766000626,1766259826
txn_3pXGuQdPCu4UydUXdNiyqIKM,charge,charge,ch_3etDcf5LIZF5h2u8GQdejnCz,100000,3275,96725,eur,Payment for invoice KA0I8S14-0002,available,1766043482,1766302682
txn_3Asgejr4nvaGXJTTBtU7IQnV,charge,charge,ch_3aWBhlEuBNCtUWihRyq3e5sZ,300000,9775,290225,eur,Payment for invoice GR69E8W4-0002,available,1766043625,1766302825
txn_3YiTAa59SjV9IiZDPoN4avZ6,charge,charge,ch_38xIyb0AlyzrFDslBVQJufs5,59900,1972,57928,eur,Payment for invoice 2PUKC5MB-0001,available,1766045054,1766304254
txn_3wvdcI3SzcUomO9u3AOFghGC,charge,charge,ch_3MEwvQPNIkhAYfW3Q0kNq9s7,119800,3919,115881,eur,Payment for invoice 6KZ7DNBZ-0002,available,1766071563,1766330763
txn_3M6AKPrjCGzZvcKxPPRSMpUs,charge,charge,ch_3vGwqRX4FISjjSu3iIXUyigd,100000,1525,98475,eur,Payment for invoice NDDLQT2D-0001,available,1766123825,1766383025
txn_34CQm78BOvUqqlHgJYbPcDwY,charge,charge,ch_3n9C8QwbZkEsgPJDQ6TYVnRe,100000,3275,96725,eur,Payment for invoice ZBRRUDG3-0001,available,1766134211,1766393411
txn_3QJKprSyl6z8fCcYyIhmtQWb,charge,charge,ch_3T0QAYWbkMjHBdnlwGrr7gzG,100000,3275,96725,eur,Payment for invoice TYV59S24-0002,available,1766239791,1766498991
txn_3IMpUEGh5E5HZHgv7qy9PgFT,charge,charge,ch_3z7suCfARxY6qU71znvMM9FX,100000,1525,98475,eur,Payment for invoice TH5GJ25R-0001,available,1766395069,1766654269
txn_3Htt1AquAOcgvAvPld1ARNCZ,charge,charge,ch_31EPg0gOmmQj3Ws3A76FLcvv,59900,1972,57928,eur,Payment for invoice ZOC2FFT1-0006,available,1766396911,1766656111
txn_3rg3gnfCgdfpADlyw0OGm8qb,charge,charge,ch_3LdAzwsu3HgQe9Vi2b9KsO3B,100000,3275,96725,eur,Payment for invoice 0DYUM2B1-0001,available,1766429642,1766688842
txn_3o4twCnq8YmvcFvLLDVQoIvd,payment,charge,py_3pKSrqgy8dzDOwOdUwHWLOBG,100000,500,99500,eur,Payment for invoice 0NY8XRLK-0002,available,1766433370,1766865370
txn_3cibWcAKAqBLrGzLCiiFc7JF,charge,charge,ch_3Zl1rZ9m1joNeU7IZY1RIQsm,100000,3275,96725,eur,Payment for invoice G77RA17I-0002,available,1766471257,1766730457
txn_39q8SOFpO7lw0IVpt934botL,charge,charge,ch_3vODcgnIWqFMnmZhUwgtBjyP,100000,1525,98475,eur,Payment for invoice VRSNPGGZ-0002,available,1766570641,1766829841
txn_3fgv2nQNv243rRCwAAjWvc7Y,charge,charge,ch_3jruOrMMGLXX8tyII4DyVhTH,179700,5865,173835,eur,Payment for invoice D36QO7OF-0003,available,1766581708,1766840908
txn_35MwBfwCdVlUxEyPZPg5NSz7,charge,charge,ch_3U90KPcOSaafQlkzIKvKx9Fm,100000,1525,98475,eur,Payment for invoice RRR5BBUT-0002,available,1766600647,1766859847
txn_31zaaBXi6xfsTvFuewusvFHL,charge,charge,ch_3RudcqnRCaUdBLymD2ZCPuPo,59900,923,58977,eur,Payment for invoice ARP8ALH9-0003,available,1766658033,1766917233
txn_3PTLqpKd1IjLjPBPnM5fglOn,charge,charge,ch_3TzD7oPCOBR92T6ywXSa7IwE,100000,3275,96725,eur,Payment for invoice PDOG9Z8C-0004,available,1766679674,1766938874
txn_3AuByZ7Gulpxr6laicEQshwA,charge,charge,ch_3rgwIuxp74R2m6jLZIyN8ysQ,100000,1525,98475,eur,Payment for invoice BQENGZKA-0002,available,1766681101,1766940301
txn_365cACDbOIXTL4lzqamdQRx2,charge,charge,ch_3AlMWYRfySuksHJK2nQ1XIyU,100000,1525,98475,eur,Payment for invoice NZEAVIGD-0003,available,1766687847,1766947047
txn_3UhNQekNO19AUBog5akytg1A,charge,charge,ch_36qiuoR8aEcb93njDIYarlTn,100000,3275,96725,eur,Payment for invoice PFY3BNLK-0001,available,1766734226,1766993426
txn_30pEUhrbcrKg2w4IGafPdmNO,charge,charge,ch_34ZCqx8cjpVnX2Q7b8aeqgCb,119800,3020,116780,eur,Payment for invoice NZ4B9A93-0001,available,1766752496,1767011696
txn_37adsnjSLa1NGFZWtcwS6cxb,charge,charge,ch_3kJB4srBPN6j7mpWYyh4i7EW,100000,3275,96725,eur,Payment for invoice KGPGII7F-0003,available,1766760821,1767020021
txn_3lfjZ78cYGEtX0I6ZCZetCHJ,charge,charge,ch_3Z7a9BJ7yH4E2F8n3nvAt8h1,119800,1822,117978,eur,Payment for invoice V6FJP9NW-0003,available,1766827884,1767087084
txn_3w80O7m3c3iNDugdykJez5HY,charge,charge,ch_3OkKU8cWljRADXxVmvPcHqsO,59900,1523,58377,eur,Payment for invoice DPFI99OU-0001,available,1766854713,1767113913
txn_3fbGrLuisUWkiqLgk6CbxEHe,charge,charge,ch_3GgC6YMCfqE8MSxUDmFO4B5F,100000,2525,97475,eur,Payment for invoice 8HEXE87F-0001,available,1766917713,1767176913
txn_3dpLhzDWDtEQPvNvweaV2fku,charge,charge,ch_34dYTIQStVQ1Hulu671N5zqN,59900,1972,57928,eur,Payment for invoice VLITFCZ2-0001,available,1767009394,1767268594
txn_3wTNzGFVVwgazwZ0C6IsdKHA,charge,charge,ch_3ttgZgtEtaN2rfMEvch8lHRD,119800,3919,115881,eur,Payment for invoice J7BWYSRT-0004,available,1767046662,1767305862
txn_3e6Tp2ytmdw8A7Zqs2ZNGbLX,charge,charge,ch_3L6eyibhsBFkHv7CnsOuBHoN,200000,3025,196975,eur,Payment for invoice L57LNIDQ-0001,available,1767063511,1767322711
txn_3OVZpAXUzLOGDRvboZOHAdaH,charge,charge,ch_3ryslY3qvzIXFkS1Id8dhPTl,100000,3275,96725,eur,Payment for invoice 5WCBX0RP-0001,available,1767098045,1767357245
txn_3Lcp8ulyZWmGHe3Luvgfba02,charge,charge,ch_33jtuGQW99P0h09Vgys7ramR,200000,6525,193475,eur,Payment for invoice USP5FKVO-0001,available,1767100988,1767360188
txn_3Vj6Hkaqxh6nQTxIkPqLBqpH,charge,charge,ch_3jUHbCsfyydEt9vJfJoyKeTb,59900,923,58977,eur,Payment for invoice RR82DUXV-0001,available,1767101050,1767360250
txn_3dpi6hN5h5IdX0nFjkZR2LyI,charge,charge,ch_3gHR3GPSR24j6ggSYDuEb15f,100000,3275,96725,eur,Payment for invoice IGHNXF1A-0002,available,1767169845,1767429045
txn_3XJQ0AvYZ6xD4gp1tAxGja2N,charge,charge,ch_3h6VJ1Xj2BxABno1V15pAGGV,200000,635,199365,eur,Payment for invoice YUTYVCTX-0002,available,1767248966,1767680966
txn_3g0Nrx0ivA8Ah9z4o0QCkb8a,charge,charge,ch_3cwYK7EjLZO4rkFVp20xlL6U,200000,3025,196975,eur,Payment for invoice GQUBXB40-0002,available,1767444592,1767703792
txn_3PQg9ZWF0QTLnRumdgzjOeRx,charge,charge,ch_3p0YJInCUfVAU4c0JCiGOnbS,100000,1525,98475,eur,Payment for invoice QCR2PAI9-0002,available,1767444722,1767703922
txn_3jiFuSZeQu5cwn9jErATI904,charge,charge,ch_3rAg527PWM1VorGM81hIA55X,179700,5865,173835,eur,Payment for invoice Y347C9K6-0001,available,1767627179,1767886379
txn_3PK0CwKF2ROuc0AjinyTGc2R,charge,charge,ch_3IaO6dx7tEupUdKE2gUHu5Ed,59900,923,58977,eur,Payment for invoice D291X8BP-0001,available,1767639145,1767898345
txn_3D6pRttW6nbJ8AxXozVEn2xF,charge,charge,ch_30BcVD8qxZKrMY5rntfol0D5,100000,3275,96725,eur,Payment for invoice K0QD03DP-0002,available,1767698787,1767957987
txn_3M6q6jhdDPZidXqFptAHcrgM,charge,charge,ch_3Tv31vQ1UpMf3jZ41HTaK9UY,100000,2525,97475,eur,Payment for invoice YMC34DI7-0001,available,1767731155,1767990355
txn_37GsdRPzj9j0taRM6t0kRXoE,charge,charge,ch_3HKtY4EkPWdFtqDiD5w3K1rC,59900,1523,58377,eur,Payment for invoice QHRCMGYV-0001,available,1767799784,1768058984
txn_3EZkTJ0odEl8dYys9Y52AM89,charge,charge,ch_3DPH2BixT0MSmdfWC8J9l6gU,119800,1822,117978,eur,Payment for invoice TERH4SIP-0002,available,1767825418,1768084618
txn_3dD13i1DblzXrL2Qi8Q5uPNB,charge,charge,ch_3gLZWknfPgmdS8sITk3EYSbu,59900,923,58977,eur,Payment for invoice PL8CHGO5-0001,available,1767908173,1768167373
txn_3xPF4uRljglXZCt4vZEc1gKM,charge,charge,ch_3TH6hxPJnI1zsGQcBOhOJ1Jn,200000,3025,196975,eur,Payment for invoice 764WU666-0002,available,1767956378,1768215578
txn_3OBsRrle5uRZmVmNN5sdu5Rg,charge,charge,ch_36EgeH0rCMQEoQxGh2MPWAwE,200000,3025,196975,eur,Payment for invoice 0P6DAL06-0001,available,1767957677,1768216877
txn_3jMb3FMfyd083ASu171s13Ra,payment,charge,py_3FokPnhoFAcQ2mNcwqRP8EY7,299500,500,299000,eur,Payment for invoice VIVCE63Y-0006,available,1767996103,1768428103
txn_3R7H5LNw7FzUZNIfjG9tuxn1,payment,charge,py_3Nuej0tRi4QCTDC0QHZHHhw1,200000,500,199500,eur,Payment for invoice OG69LXR1-0001,available,1768046528,1768478528
txn_3iqdoOXvg8vQANlpcmbIAGxR,charge,charge,ch_3uhtTXOb887RFHebCZMeGMOG,100000,3275,96725,eur,Payment for invoice ZCPSVU10-0004,available,1768102509,1768361709
txn_3vFqjN3EnTCihc1PK6BdsULV,charge,charge,ch_3L4kHiOufPzOxVOKAw3IofkU,119800,1822,117978,eur,Payment for invoice 727ZJMJN-0002,available,1768120844,1768380044
txn_3XVK1Am5ewjtBAf8EEJATHhE,charge,charge,ch_32nawvS6JDxDuihvGZTgOYqT,119800,1822,117978,eur,Payment for invoice 3JMDNKJE-0001,available,1768238272,1768497472
txn_3A7tcGFrzWBL7enWA0mrEj5v,charge,charge,ch_3zv9UwbHy0wYMGsXTEpYahM6,59900,923,58977,eur,Payment for invoice FQWK6K8Y-0002,available,1768278488,1768537688
txn_3O7jq2xg3objDOMXUfD7jLlA,charge,charge,ch_32Xy3l0hBIXdkT7sTOKEIsss,59900,923,58977,eur,Payment for invoice 4D70M4FA-0004,available,1768302739,1768561939
txn_3YDTsYFfX07A1yaFM2aMHeGS,charge,charge,ch_3nBq4oZlKY14WWbb7hZbimBz,179700,5865,173835,eur,Payment for invoice EVC1OVO2-0001,available,1768322767,1768581967
txn_3FVbfcEV1HqjoactBfIlO8pW,charge,charge,ch_36lCDM9MLh8LDKg6BPB08Px3,200000,3025,196975,eur,Payment for invoice MSTSYTQ3-0001,available,1768329766,1768588966
txn_3dYWtdAJsh3aeFBkt8uloDMf,charge,charge,ch_3hqfByIgJW6EP59u5AsRXAW3,59900,1972,57928,eur,Payment for invoice XKQIFOMQ-0001,available,1768394766,1768653966
txn_3lBlPC9uMKKCEJ6BK90DYP70,charge,charge,ch_3cAbkbTzlYGvOf16n9sXA13Y,100000,1525,98475,eur,Payment for invoice MPVFB7C7-0001,available,1768408742,1768667942
txn_3SHxXQ7qPLt79a8E6zhKHsvQ,charge,charge,ch_3pHrzDO7hoz8guU5NbirzMOb,100000,3275,96725,eur,Payment for invoice 89JK537Z-0001,available,1768451222,1768710422
txn_38xXlMxNGJWQSUj6lnmRWzBz,charge,charge,ch_3NlgWIvJrMigJJwykyfmrS3G,59900,923,58977,eur,Payment for invoice OMU3L04S-0001,available,1768471803,1768731003
txn_34EnqFMAHZdRx6r6wDQ6Ir7J,charge,charge,ch_3EtuChg9dKFyUUp9WwmhUa6x,59900,923,58977,eur,Payment for invoice EA6HBWJB-0001,available,1768472273,1768731473
txn_3F9U9GTBUSUKOo04TeLG7P8D,charge,charge,ch_3UQyPqJz23xKTTy2kOsCDC7q,200000,3025,196975,eur,Payment for invoice 4YJY44SY-0003,available,1768478086,1768737286
txn_3aXqbDq2AkmNsZZLMNTF3YBA,charge,charge,ch_30DWaCBaGSWGw3e330UqOunK,59900,923,58977,eur,Payment for invoice RU3SG0FK-0001,available,1768480260,1768739460
txn_3CFhn8bdotZ1xlKgHqf6UImW,charge,charge,ch_3epoypoaF57h68ENFE4cl5CE,100000,2525,97475,eur,Payment for invoice Q6R75ASY-0002,available,1768487248,1768746448
txn_3obDlZwiMJmDJ4nKxafldyWb,charge,charge,ch_3tPyZohDf48wEeNqI5zk4Cwu,59900,923,58977,eur,Payment for invoice D9A7W6U6-0001,available,1768488789,1768747989
txn_3VB3Oy5jHkt2NpoauPHHc0ot,charge,charge,ch_3qCruRuDMYZRnn12YLRr80Aq,59900,923,58977,eur,Payment for invoice N2OU60O0-0002,available,1768538195,1768797395
txn_3frS21O6f0zvTdZY41lCgXTD,charge,charge,ch_3yB336FehRQM4QbrVFwfgS22,100000,1525,98475,eur,Payment for invoice 7GUSA472-0001,available,1768551917,1768811117
txn_3mhk6HyTtSwdpE24l6TXl954,charge,charge,ch_3uRdcmmJbSwl5hLNZw0Q96iw,100000,2525,97475,eur,Payment for invoice D8AVQ18V-0002,available,1768566292,1768825492
txn_33VKdnjY6hKrtTSrKV4mvW2m,charge,charge,ch_38Z2eqvL3hf1VikhTokChq0P,59900,923,58977,eur,Payment for invoice QNERXGMM-0001,available,1768653501,1768912701
txn_35nT6CRuzoFGCLaNF6eFSLOO,payment,charge,py_3CcX8S9dsEeQgEEWezIVnrTi,200000,500,199500,eur,Payment for invoice UMSSJJ7Z-0001,available,1768749565,1769181565
txn_3gYV4JZAB9ZcJ2U2byLPCVfz,charge,charge,ch_36nrCnv5oUKOvpEOHJZDJY9X,100000,1525,98475,eur,Payment for invoice 33YFJ4UP-0002,available,1768813489,1769072689
txn_3IXu4C3EmPSt640ko06sJo0Q,charge,charge,ch_3GKeQSDCt8AOECFbwuYOAMzG,100000,3275,96725,eur,Payment for invoice IIA7PZ53-0001,available,1768836403,1769095603
txn_3CROTbGAbHqZ04EucYuFLvOL,charge,charge,ch_3ILUtA5gndaYNNzLIA9UBhdR,59900,1972,57928,eur,Payment for invoice SQZBJ60U-0004,available,1768891951,1769151151
txn_3ufIUxtmjf7P57CFFcZqEY4z,charge,charge,ch_3xaeCzu1EL0aXQlDw9Dqm5gd,179700,5865,173835,eur,Payment for invoice U5NXIQT7-0001,available,1768893799,1769152999
txn_3ECnKCD1U7KILgJTQOznyxUo,charge,charge,ch_3nHu0fRnYdPGyuL77WJ5BlLB,100000,1525,98475,eur,Payment for invoice 9GH3M5FX-0001,available,1768983456,1769242656
txn_3BYdK0LdktkXa0xvnkD1m3My,charge,charge,ch_3xqCnHs0Pyodt3ONMH1R9ffm,100000,2525,97475,eur,Payment for invoice VZ23KB5W-0002,available,1768995543,1769254743
txn_3zzfSwBaAGh3u7n49NFtareM,charge,charge,ch_3w9xGQuLDxb3enEh5yPQY9UN,100000,3275,96725,eur,Payment for invoice HRA8P640-0001,available,1769006759,1769265959
txn_3dLXUjhjKxXHSzU5Ou63myl8,payment,charge,py_3FVGBfpMpG0EKqBMegPMp9cV,200000,500,199500,eur,Payment for invoice QHTJ1UF7-0003,available,1769015643,1769447643
txn_36CAhanrUnoTpfI5h8Z9c4JF,charge,charge,ch_38eQsuBkBPAE9nOQV2nHCOlh,59900,1523,58377,eur,Payment for invoice T2CS5KXZ-0001,available,1769017792,1769276992
txn_3WKrtl3rTQpsmBT7yJ0rzs6w,charge,charge,ch_3AOAmsh6kMchhAsXMVySTsnK,100000,1525,98475,eur,Payment for invoice DZOXT20I-0002,available,1769152846,1769412046
txn_3eWQ8P0DOEEfPnSioYThNWCf,charge,charge,ch_3fapcKNKXTO0oFRXHI2dElG9,59900,1523,58377,eur,Payment for invoice KJ2V0W83-0001,available,1769164410,1769423610
txn_3DkmFoiMDalB11o251GMvftI,charge,charge,ch_3MyuzwTxxddTH8QR8rui1gcP,100000,3275,96725,eur,Payment for invoice V5VYEI7X-0001,available,1769252213,1769511413
txn_3MPko1pEELXFNRUL4a2Yqu9Z,payment,charge,py_3NpE8BKPX2LDvdsLHfcTbM38,200000,500,199500,eur,Payment for invoice M66ECH7G-0001,available,1769298233,1769730233
txn_3H0VhFxEDWOKdl5e2S5l0Doi,charge,charge,ch_3tE6WCqD2l73ehKYs5e3Ij4E,100000,3275,96725,eur,Payment for invoice 5V9CTHVS-0001,available,1769435964,1769695164
txn_3RBCEZO43sKCHnVuKb80GEkG,charge,charge,ch_3p8lZjCYSW5lc0Nw7FLhg6gm,59900,1972,57928,eur,Payment for invoice WLLTCYK8-0001,available,1769445229,1769704429
txn_3PKoJr7wXQxOCZuiMkA5t63y,charge,charge,ch_3OAmcnvxIjNF9Y32lmaQdqd6,59900,923,58977,eur,Payment for invoice QHH2RQ61-0001,available,1769488113,1769747313
txn_3JpejPKLxZ1RTDH2o70BALVL,charge,charge,ch_3xtzEJD2eWQKwMJvXRym9jHq,100000,1525,98475,eur,Payment for invoice SX7O2MVA-0001,available,1769501257,1769760457
txn_3ClWMVVBMwqtmPsCfUMBDB1U,charge,charge,ch_3wDpqaCbsY1WYofxKMCNq0XN,119800,1822,117978,eur,Payment for invoice G5CMP24N-0003,available,1769503759,1769762959
txn_3S3ocZGFzsIgzVPimWKiAmaq,charge,charge,ch_3tORvN3PdJnovCe9UaikthUE,200000,635,199365,eur,Payment for invoice UKMENCTF-0001,available,1769514128,1769946128
txn_3kg5YhSl5HcppXeC3EV7l7e2,payment,charge,py_3tOPbxqaZQeaYeNkRBxzGopG,200000,500,199500,eur,Payment for invoice ID88BZKF-0001,available,1769516784,1769948784
txn_3RCeo6QKux95Xvt0P6lF0IIg,charge,charge,ch_3Vc5qgr5ddgeZGbjqXkn6lNu,59900,923,58977,eur,Payment for invoice AR3GR59C-0001,available,1769530471,1769789671
txn_3dZ43uEufy8klRgABzqGp4Mm,charge,charge,ch_3A3rSWsOXWBC33iFAwPZi8Js,59900,1972,57928,eur,Payment for invoice Y9CGLL6G-0001,available,1769607918,1769867118
txn_3Qpr0MwlDxEzE2QhTF7ZH18h,charge,charge,ch_39T4KhR9SDMBuIUwSYlJgYv3,200000,6525,193475,eur,Payment for invoice E36V4HZG-0004,available,1769615887,1769875087
txn_3BpC8PnGdIrltCudBQZwL0F3,charge,charge,ch_3Gw0lhYCBCb1o5LP5JKn7xNv,100000,1525,98475,eur,Payment for invoice 5VFN7X1C-0003,available,1769626030,1769885230
txn_3TvjtuSQHgKH035O8aZgkLSG,charge,charge,ch_3jjVyCawqEVpC1vsChXY28oK,500000,12525,487475,eur,Payment for invoice GHVDN5AL-0001,available,1769628928,1769888128
txn_3WITYjGlxNcZvNLYPKl4lJGq,charge,charge,ch_3MlUlbIylLl56Hin0zbX3aoW,100000,3275,96725,eur,Payment for invoice I16FAPGG-0001,available,1769670248,1769929448
txn_3rx5WPknwMsBMhT3sBmKo0T1,charge,charge,ch_3x5zFMOsPHxurYL2v5FJ6jgA,100000,3275,96725,eur,Payment for invoice FGKVNH9S-0001,available,1769742728,1770001928
txn_3djUGKSMDZsGFjcoKwUub1aC,charge,charge,ch_3pbCzt1WP1XjFo6HZOBgEoTY,179700,2721,176979,eur,Payment for invoice TOWYQLUC-0003,available,1769783015,1770042215
txn_3XIoiFDBA4tg8SZ4VyEtG4NO,charge,charge,ch_3RHn0k1kjcXI84Rdhk7EAWbh,300000,4525,295475,eur,Payment for invoice VVBKKI4Q-0004,available,1769829210,1770088410
txn_3b5iwVyUh5lGOPhjWsJezeSu,charge,charge,ch_3rMzT1YNsx8qb6UJb6bTm0SU,100000,2525,97475,eur,Payment for invoice A7CLQJSX-0002,available,1769873477,1770132677
txn_30tNYh9l9ut2mbkZ0tqUBauQ,charge,charge,ch_3kmh2AdxomxJkc5CAYhRBl5P,59900,923,58977,eur,Payment for invoice Y5NEMURQ-0001,available,1769884059,1770143259
txn_3op9WWyBwgrkMvquFhDN0Gvj,charge,charge,ch_3YSkVGbmtsLXZm557EMCCjB9,100000,1525,98475,eur,Payment for invoice Z57IOLF3-0003,available,1769965790,1770224990
txn_3WdE7KQ5bCi3fxsGPcun2YTO,charge,charge,ch_3RTOOu4vSsDNyjjy3vxqD8j4,200000,3025,196975,eur,Payment for invoice D3IFH6C6-0002,available,1770088340,1770347540
txn_3bznm1cS82hufbaubnf2hlXk,charge,charge,ch_3Vy4kSCRxfFgFGtIYUgaoCDV,100000,1525,98475,eur,Payment for invoice GYULQ30Z-0001,available,1770112364,1770371564
txn_3ke9kuNPojHtv03CGxhF5It5,charge,charge,ch_3Bhqo9ZdjOBt996qGvDQqBuT,59900,923,58977,eur,Payment for invoice Q4JQICWM-0002,available,1770123716,1770382916
txn_3g0TL7T212dcHhundisESLsF,charge,charge,ch_3xOY6l9ruZtRuG2SyjTlJOrw,100000,3275,96725,eur,Payment for invoice 1PL5NAP4-0002,available,1770162554,1770421754
txn_34p8voOl8VXv0UuEazpG43iQ,payment,charge,py_3kmCAXDTXuvSzJ55DHXs5IFO,200000,500,199500,eur,Payment for invoice UAOHEU6A-0002,available,1770174135,1770606135
txn_3OPuQGu9J1y4zc0mhLqfdOb3,charge,charge,ch_30DuN98AYeX5j6Bpz9nyL7Jd,300000,4525,295475,eur,Payment for invoice JI1S3YFE-0002,available,1770275665,1770534865
txn_3vr2Idi7IT1i2BLMpkRYpFRl,charge,charge,ch_38NUuVmwjCHIpb9o3hSzHArd,59900,1972,57928,eur,Payment for invoice O72DXS4A-0005,available,1770276950,1770536150
txn_3iUeihoYeFjASTMrvro08hQA,charge,charge,ch_3MdqHzdhm76Sn9FOfdCQjaL6,300000,9775,290225,eur,Payment for invoice 4KEYM7QF-0001,available,1770287300,1770546500
txn_3aWBJh72TSBCfMaT7kQe3eCQ,charge,charge,ch_37FUQdBRoRMah3urhKY02L2W,100000,635,99365,eur,Payment for invoice QJA6YU3J-0003,available,1770294369,1770726369
txn_3f9ar6oqBBHsbwHgDebmF4sq,charge,charge,ch_3jTUu4Ygkp6nEndBfPbxCgaC,59900,1972,57928,eur,Payment for invoice YJCZ2N8S-0001,available,1770294621,1770553821
txn_3xgw7gZdMa81KOa3FuDqo9Kx,charge,charge,ch_3PUHHWJNV10K6QDJI2mrcAzS,100000,1525,98475,eur,Payment for invoice YA6MCM9H-0001,available,1770307207,1770566407
txn_3gaYsSRajcsjnIPEwKj3llol,charge,charge,ch_32y9OAF0ojywql6V6qDGrK74,59900,1972,57928,eur,Payment for invoice MKB8XQ0U-0005,available,1770366092,1770625292
txn_3fjONB68jdpNqovpZEc0C2ez,charge,charge,ch_3wH1KhJvEsn2I1JXL9yxl8tB,100000,3275,96725,eur,Payment for invoice 7FO7YQYU-0001,available,1770398109,1770657309
txn_3RrjxMmZMF0xY3B1w4A1HjvU,charge,charge,ch_3uKyNg3WjaJI8REye84Kiqcx,59900,923,58977,eur,Payment for invoice 6TM9J58D-0001,available,1770399354,1770658554
txn_3uuZy9tKiidznWNe2ggGYP26,charge,charge,ch_3a7pdpN6135iLJswsMWcgPXb,59900,1972,57928,eur,Payment for invoice GWD4U48A-0001,available,1770405831,1770665031
txn_3QbHMfW3nsPxNHyWKLWG8X39,charge,charge,ch_3kuO7MJzmYWGGUfjP4DQxGil,100000,635,99365,eur,Payment for invoice C6UV4JPF-0003,available,1770539287,1770971287
txn_3hAZRKOmm5TEKJ0BLFiZfSv9,charge,charge,ch_3s2p09XfDN8QnLku612CKfni,300000,9775,290225,eur,Payment for invoice 567T36S5-0001,available,1770572855,1770832055
txn_3sgREKEcqI8zWSU9XTogzzzA,charge,charge,ch_3Kph8nLBUQwGUqV6FYvo5fB1,179700,2721,176979,eur,Payment for invoice 3YETWG7G-0001,available,1770573474,1770832674
txn_3D3BT0crtBxFbVxaS5UJybi7,charge,charge,ch_35Kx5HH8RY8aYVsPCiMiocq7,59900,923,58977,eur,Payment for invoice YYMD6WTA-0001,available,1770614864,1770874064
txn_3wrWYHgNSAxtgfsvbrlgxoCC,charge,charge,ch_3uXDp3xfxI4UEms82zwAkQ6s,100000,3275,96725,eur,Payment for invoice GLBBAXF5-0001,available,1770650074,1770909274
txn_3tWvXJ1PMhwS3El8GnyQwr2H,charge,charge,ch_3zRJY6CAHBUBzAkQDlzaTHv7,100000,1525,98475,eur,Payment for invoice 7WIB2ZEY-0001,available,1770654215,1770913415
txn_3bKsPZy1IwG39egHqyJ7eh1v,charge,charge,ch_3ToLBYzC2MThap2bFZkaGBA2,200000,3025,196975,eur,Payment for invoice N2MCPQEZ-0001,available,1770658363,1770917563
txn_3Xf6loBUjMAgzwT5ZnxxWSeF,charge,charge,ch_37LH2f6ojXLljEZk18SIKShi,500000,16275,483725,eur,Payment for invoice QMFB2ZRX-0005,available,1770715544,1770974744
txn_3sXsEKEyKRQaQCBpqRCJPuFT,charge,charge,ch_3tkuTczV8gEEapFvNEUZhsXP,200000,5025,194975,eur,Payment for invoice UOKUMV96-0002,available,1770725151,1770984351
txn_36Jc11UbTIYHAOdm7e9JTVln,charge,charge,ch_3wNM0YhlWahfyExsumVXa0Yh,200000,6525,193475,eur,Payment for invoice FFOZ3WTL-0005,available,1770741396,1771000596
txn_3pAtKBaNV1EP2AxE1DaH2aXB,charge,charge,ch_3XbayD0mZIOr1GnRWb9ecGDR,100000,3275,96725,eur,Payment for invoice VY1J0K2H-0001,available,1770798309,1771057509
txn_3EiI9NA7BAltSvyIPoTpK9Eh,charge,charge,ch_3yI8MM11PyxN0PUvcpRWXVAC,100000,3275,96725,eur,Payment for invoice J9HJ475Z-0001,available,1770814854,1771074054
txn_3P6ZWZhpDgGU3eIzjPXlhU6i,payment,charge,py_31exNQjAUpW4LIbXKrXrZt1F,179700,500,179200,eur,Payment for invoice 0BPO3H5J-0001,available,1770842604,1771274604
txn_3B66nmVkIB3AJy3J8C1DYMtN,charge,charge,ch_3BYMW4oNF31FaxCh5KHD6VV4,119800,3919,115881,eur,Payment for invoice 7SD3CJO2-0001,available,1770902601,1771161801
txn_3ODR3qZMLkKFh9rlPXCDjzLV,charge,charge,ch_3c7plOtcHAktE0V7hI3LyK48,200000,6525,193475,eur,Payment for invoice 5O6D8G2F-0003,available,1770909836,1771169036
txn_3bZ9PIkfYH1dRaM32jM0ywvd,charge,charge,ch_3LmAQSiDTqqS2jxiU860DHW5,100000,2525,97475,eur,Payment for invoice D0HUZCXN-0001,available,1770932262,1771191462
txn_3h60gWZCv2mL4DaWdvvd18NV,charge,charge,ch_3Miyy5P7B9ndpJQvpWlloHnV,100000,1525,98475,eur,Payment for invoice VS001S5R-0002,available,1770964598,1771223798
txn_30rHcEjrxhwmmp3iVSWgtyB1,charge,charge,ch_3FEdkkkaum2E0gmlKBIIGghp,59900,1972,57928,eur,Payment for invoice GDF0WZIX-0001,available,1770965877,1771225077
txn_3ZFxwBK8wr4oKQAcORS4Uj1M,charge,charge,ch_3gwPRJUNoba5mqu5uMG2hFt1,200000,6525,193475,eur,Payment for invoice HL722X0G-0001,available,1771010649,1771269849
txn_3sXHFzSFr0h2pEs6qXakDWKE,charge,charge,ch_3JPxXFtdLbm0wpanJXI9EmLT,100000,1525,98475,eur,Payment for invoice J8ZH46SK-0002,available,1771014535,1771273735
txn_3O5CT0q1eQxOCyGMiORa5PDi,charge,charge,ch_3yRIWvV1Gtcwc6XHqPEacJ2w,200000,6525,193475,eur,Payment for invoice BB74L6NP-0002,available,1771065823,1771325023
txn_3L3NFWBsTQBhXmsHa2wD5qFe,charge,charge,ch_3p8w2z7jyHbV0NquILgEQfse,100000,1525,98475,eur,Payment for invoice VLN61A4W-0003,available,1771236822,1771496022
txn_3k8MMdzi1UlZEdX9KAGDSYbD,charge,charge,ch_3S2zKlh4WhOanJHHwWOpAsnO,100000,1525,98475,eur,Payment for invoice LV0Z2DA0-0001,available,1771244751,1771503951
txn_3z7t71YXKe7gFEILg3mcKleI,charge,charge,ch_31fKwlIOoc7Pu3toEBnsXAKc,119800,1822,117978,eur,Payment for invoice TNZ5HL9S-0001,available,1771249438,1771508638
txn_3ePY9IH4N2X34TbFOQdRv3TF,charge,charge,ch_3cxs6dJavnNPT53HsIK3hLwU,100000,3275,96725,eur,Payment for invoice 49K1QTC0-0002,available,1771315557,1771574757
txn_3LSFBpt3blKjmFy2oVbKuqbb,charge,charge,ch_3JF5n4sD6Va6jSetodx6dNAM,100000,1525,98475,eur,Payment for invoice YS3H7407-0004,available,1771329917,1771589117
txn_3xV2XU3aTVGlfENtusLnKoYQ,charge,charge,ch_3NhBUgh4QdJxqXXTkmOv6fK8,100000,3275,96725,eur,Payment for invoice LJ5EE5ZC-0001,available,1771354784,1771613984
txn_3yrYybB9qYiyhg8hRf1hkENV,charge,charge,ch_3zNVoGwnJWu9iCw2ilx7AIls,100000,3275,96725,eur,Payment for invoice ZO7137VS-0001,available,1771391841,1771651041
txn_3XaG3H0GDec5bF2dE9eqbu8N,charge,charge,ch_3v1GkqU7XutcZeMLnh0TM0pw,59900,1523,58377,eur,Payment for invoice 4XS0D3Z9-0001,available,1771407180,1771666380
txn_3KaqeE46ySOCXPijV8j3TgAp,charge,charge,ch_32o8IEuwS6MK8w3qunq7dodl,59900,514,59386,eur,Payment for invoice 40BJGWX4-0001,available,1771412225,1771844225
txn_3tbQHBT6ad5aGLFPoKRcyKwF,charge,charge,ch_3mrIapKWBOoVdXSU0kVJXU0W,59900,923,58977,eur,Payment for invoice I6XVWP54-0001,available,1771500616,1771759816
txn_3naMpzJzOnyh34OJUzqhKHfx,charge,charge,ch_3SK65gFn1O1MS6an5sESdlZV,119800,3919,115881,eur,Payment for invoice I2QDO8YD-0001,available,1771592973,1771852173
txn_3YhuMhIez0ewNSzV7VzxEpfo,charge,charge,ch_30GDQwOhvmQzVBkD4CCNjtqx,200000,5025,194975,eur,Payment for invoice MEKJ8DN2-0002,available,1771600740,1771859940
txn_3aqmy6G5utMh2ZswvhDFsdRh,charge,charge,ch_3moKyN1jgSKdKB0gTyFLVcXI,100000,3275,96725,eur,Payment for invoice GZP1DMEG-0005,available,1771677713,1771936913
txn_3PKZWQfMdUciwMoAR4C6zjWJ,charge,charge,ch_3Gt2Je7gMlgEE9o2Svu2l9Vb,59900,1972,57928,eur,Payment for invoice AO2TXNDM-0004,available,1771680560,1771939760
txn_392zy1PDAH8qW1ZpsqYwczxp,charge,charge,ch_3quFyLuGTpX2ygqZPopM4ePe,300000,9775,290225,eur,Payment for invoice 9RRDV3VP-0003,available,1771782747,1772041947
txn_3xce6JPP3DY5TOzdtb8IC0QK,charge,charge,ch_3BWkkpfZB0a8dNRjvVzOdy2p,100000,1525,98475,eur,Payment for invoice 1VE016B4-0004,available,1771796549,1772055749
txn_3E3iadRNsYw06fBlaiGqkb06,charge,charge,ch_3SKtCNjXaIglquj368RkyUa8,100000,3275,96725,eur,Payment for invoice PYTD353R-0003,available,1771841452,1772100652
txn_37mjPz9drreMQ8vWeNVYzDfP,charge,charge,ch_3Vq8zHqNUSMtZbqzF8lrDAlU,59900,514,59386,eur,Payment for invoice NNDBT39A-0003,available,1771855715,1772287715
txn_3LotXE9UdHGjeeDG7Kpefc3j,charge,charge,ch_3Zmps0UuDnV9k8vffmPQ6800,100000,3275,96725,eur,Payment for invoice 8OATVEHZ-0001,available,1771861325,1772120525
txn_3PMycoPm3wx3ed0esiI6Cb0d,charge,charge,ch_36Svowdwz57jrmNxxOmKnejq,200000,3025,196975,eur,Payment for invoice G5A5L2QR-0001,available,1771934989,1772194189
txn_3eAdplx7pSkI13BRR9r83Qcg,payment,charge,py_311o4h04BgiNhqkweBQqzafl,200000,500,199500,eur,Payment for invoice V5PW07LT-0001,available,1771950590,1772382590
txn_3W9n9eVtJNNYGhDxk4SCvcfy,charge,charge,ch_3ZDQ1hzZ9EHD34nooQf1zrAF,59900,923,58977,eur,Payment for invoice BDQM29VZ-0003,available,1771960016,1772219216
txn_3qePZIZl2mF68WZTgLFY1d15,charge,charge,ch_3HU5uoi4K2E0CL4tVjcKYJ49,59900,1523,58377,eur,Payment for invoice KD9VJ65A-0001,available,1771992621,1772251821
txn_3o8Y3MTvMhqzUjwAjtsV4aGP,charge,charge,ch_3EEIfQ5bVup7H4OINc8WoPz6,119800,635,119165,eur,Payment for invoice MR5WMX2X-0003,available,1771996610,1772428610
txn_3sKk9SrOnlJdeyZCOci0m1Uc,charge,charge,ch_3ripsN9594IoeTzchuPPWRxt,100000,1525,98475,eur,Payment for invoice UX8MYRS7-0002,available,1772003075,1772262275
txn_3bU8Fs5INevfamHmD7Ye1cFw,charge,charge,ch_3Ctn3Dq9ZwAudBwNFx8IIgQv,100000,3275,96725,eur,Payment for invoice S7JUKH0T-0001,available,1772025479,1772284679
txn_3pxjX3BeBvHjf8GfYmKiztP1,charge,charge,ch_3vepEQHeD6Aj3o9Bb1GH71sK,59900,923,58977,eur,Payment for invoice HE9CC6DT-0001,available,1772030270,1772289470
txn_3xOzMnKlgk9Zfyo2YDaKNrxu,charge,charge,ch_3iqperwZmfcPw06iTxdGW26c,59900,1972,57928,eur,Payment for invoice FC6J09PJ-0001,available,1772032333,1772291533
txn_3bbzLXIQFftlEDYnbdm6yCcZ,charge,charge,ch_3PjBVAsMs1LOIxY9cYbOIs1O,119800,1822,117978,eur,Payment for invoice FZQ1CGF3-0004,available,1772102966,1772362166
txn_3bXayYewXrvCfHkELYPI1wY0,charge,charge,ch_3HjDxL9lYuipjxSsGauSLr1R,100000,3275,96725,eur,Payment for invoice IUD09KXT-0002,available,1772111935,1772371135
txn_3IhNzpEMQDF9oSvn4irRYPph,charge,charge,ch_3mTxHYoiV7PYmImMfW3A0WgJ,59900,1972,57928,eur,Payment for invoice OPFLR5EO-0001,available,1772122659,1772381859
txn_32FGD6Hi05lroZuyaT6QHdmR,charge,charge,ch_3K0bEtsHJkTpxnR2LTTooVDx,100000,3275,96725,eur,Payment for invoice 2FOTT147-0002,available,1772208052,1772467252
txn_3qQD2kN3VnKPokv6FQ6STqto,charge,charge,ch_3qtxB1eILXzgnzynemlrSMFl,119800,3919,115881,eur,Payment for invoice NXM8WB05-0002,available,1772209648,1772468848
txn_3kD5so9UVHYQ6gRs4skImXgf,charge,charge,ch_3QqYsb9VbvqTMgfYyMMn4C0V,100000,3275,96725,eur,Payment for invoice QLIHB5JV-0003,available,1772221256,1772480456
txn_39NdOlgGSzg66tAurCGRYLeO,charge,charge,ch_3ahyzsTHrNTr7zkzGGCzN5K8,59900,923,58977,eur,Payment for invoice G0725X5Z-0002,available,1772283301,1772542501
txn_3OJnp8C2o6K4rVg10K9B9OdY,charge,charge,ch_3RLrVziqzvNxiLTVPcuCYtqG,100000,1525,98475,eur,Payment for invoice C7DBSQHJ-0003,available,1772289867,1772549067
txn_3m8mTsd5do1DmTlDZOkOiEcX,charge,charge,ch_3K0SXoMifMDg08P14DHBwQ7T,100000,3275,96725,eur,Payment for invoice VAU09L6V-0002,available,1772296047,1772555247
txn_3QiVImyvapIrRBtngA9XWAZC,charge,charge,ch_3heovZ9I0lEcjPXEG2nFLuyo,59900,1972,57928,eur,Payment for invoice UMDGG8TE-0002,available,1772359728,1772618928
txn_35wvZZPrFD3y0oZcXKnh8kjB,charge,charge,ch_3fiQ4z6rLflbyj3NvxqbaLPR,100000,1525,98475,eur,Payment for invoice YL4QFL80-0002,available,1772443089,1772702289
txn_3HtETjzMQ6GV34RQcRPgdLtA,charge,charge,ch_3xsojMj8Wb5ze7U0kJMCaGeM,119800,3919,115881,eur,Payment for invoice AT14L232-0004,available,1772449051,1772708251
txn_37mWcEZmzsYKtKw5pjCuP1Yh,charge,charge,ch_3QgSq8bZEup8Pn2h0XMOWlKH,300000,9775,290225,eur,Payment for invoice YUEB61FZ-0001,available,1772454248,1772713448
txn_3YqZ80R8mE9FebCjPxNz4LAw,charge,charge,ch_3ESUvpj4jdZz9HTQ5Ys1gWjU,59900,1972,57928,eur,Payment for invoice TUY3FZI3-0001,available,1772458025,1772717225
txn_3Jt5w51CleKFr9vnuDcGiZyS,charge,charge,ch_3fXix0Mxdkbh7Lt3xruhP6pc,200000,3025,196975,eur,Payment for invoice 6XT4F9ML-0001,available,1772458211,1772717411
txn_3RExJ5q9IJ1gD9VsQjyW24gu,charge,charge,ch_3C49wXLy74kvx6XTDYNQ1Z95,100000,3275,96725,eur,Payment for invoice OX57QIMH-0001,available,1772458290,1772717490
txn_3xg7XK6XEUBIjn2oTj12c9od,charge,charge,ch_398Xmdt0PunAUPrnKZDfbEub,119800,1822,117978,eur,Payment for invoice RDDSY613-0001,available,1772481459,1772740659
txn_3g6imjChmj3KNdN9Ad55FFNY,charge,charge,ch_3Ni2DO1ntRvNbgfgYYZnhlmB,59900,923,58977,eur,Payment for invoice 547WAQFF-0002,available,1772528370,1772787570
txn_3iIzQkRYSiwzjJqokgh99XCd,charge,charge,ch_3cWnNuIlHIX8Neep5V7WfIvx,59900,1523,58377,eur,Payment for invoice HWS6KRRS-0001,available,1772538385,1772797585
txn_33Cirl9tB2cjvjAe8yQD2PJP,charge,charge,ch_3lT60QsrnrZFD1VwkkpdmLcR,59900,1972,57928,eur,Payment for invoice TLE5CHX1-0001,available,1772539171,1772798371
txn_33wUMRyFgVCRJB1v1OqHSYke,charge,charge,ch_33T4nuQg0aVZAIdHOxAZEaHd,59900,1972,57928,eur,Payment for invoice RIPC3OAS-0004,available,1772563171,1772822371
txn_3g8WYb3AHEpc8TpQ43WpJt6D,charge,charge,ch_3ZrexIUnDlMjDll7FuldzfJO,59900,923,58977,eur,Payment for invoice CJTBHK18-0004,available,1772563986,1772823186
txn_3TlAKM1FbFLNyky847iEJtzg,charge,charge,ch_3PMTw6taGoHoFfxLxapOqDXC,59900,923,58977,eur,Payment for invoice RCDPW3AS-0001,available,1772622824,1772882024
txn_3Wdz2Po1CGnWSNUEj688widf,charge,charge,ch_330KOIBuA1hnakY6jvwrqpND,100000,1525,98475,eur,Payment for invoice M2P0X35P-0001,available,1772625141,1772884341
txn_3DUvQNelURVHKfd3pb4hp20o,charge,charge,ch_34tL6KiDF8l88E9cyxSqjBhU,59900,1972,57928,eur,Payment for invoice H532O69H-0001,available,1772710163,1772969363
txn_3nGZTj9bowRdrbNMwj4p0Itu,charge,charge,ch_3P9UbVAkqBUjwN4TLCTJ7npk,100000,3275,96725,eur,Payment for invoice Z8E1GDRN-0001,available,1772711202,1772970402
txn_3tJibcvZHHKprLd9WxfIz26r,charge,charge,ch_3jp6cPQ64sFTpwwXODN3VWLB,59900,1972,57928,eur,Payment for invoice DNVBYOJH-0001,available,1772712322,1772971522
txn_3om3HmA4dvlSHijo116Jti9R,charge,charge,ch_33Q2GyjQx9gDJfuDYDDPESOI,59900,1523,58377,eur,Payment for invoice SJJUCUUK-0001,available,1772717882,1772977082
txn_3hmg5aysVCSKucL36dCzUSnY,payment,charge,py_3UP8MQ2aU6IQAEuwaSvEjKWH,23100000,500,23099500,eur,Payment for invoice HXUQMLDW-0002,available,1772731099,1773163099
txn_3ODHIwS12pWytO8Iqzne020Y,charge,charge,ch_3ONxylyckQItFCpgjpO6TH9y,59900,1972,57928,eur,Payment for invoice G79UCGGC-0001,available,1772789372,1773048572
txn_3Ibr23feQL1Og4HfKCrh5qOH,charge,charge,ch_3wmg4llBqNEC0yUzALVD2RX0,100000,3275,96725,eur,Payment for invoice HLQZMHAN-0002,available,1772790981,1773050181
txn_3emeAx7SLQxUDPfalxctKb0R,charge,charge,ch_3XUiIlsaaN4WG1PHCYZAgSzT,100000,3275,96725,eur,Payment for invoice FATN8TYD-0004,available,1772804069,1773063269
txn_357UXFBW3NAV4lokwuMhMlXY,charge,charge,ch_3YWEA9VCsOSWR3UFNDL0C1KY,100000,3275,96725,eur,Payment for invoice Q0VPP3ZD-0001,available,1772821334,1773080534
txn_3AhjAWn6tqJckiKPTz1cw3Vl,charge,charge,ch_3T4i1F72vwtJFXmb4uwWCljp,200000,3025,196975,eur,Payment for invoice TNKXDLW3-0001,available,1772884932,1773144132
txn_3DtunWxZt4hNrm3485GqvREj,refund,refund,re_3oyOr59uKgdOlqcwDOwxxM23,-59900,0,-59900,eur,REFUND FOR CHARGE (Subscription creation),available,1772900204,1772900204
txn_3ohvKzOUkRsEESrtGrIVMl3S,charge,charge,ch_3yWk0ybVbVO2sPz6lQqJpyoK,300000,4525,295475,eur,Payment for invoice 6ZNKFINK-0003,available,1772902411,1773161611
txn_3XqtziJ4z2UsOvbE5KgUPN0o,charge,charge,ch_3jkQg3PPZc8AqQQLOPx0QEXI,100000,3275,96725,eur,Payment for invoice 55ZKNFTJ-0002,available,1772990666,1773249866
txn_3fC8G7hJFI2SYuOS7mONblYU,charge,charge,ch_3zBpSACwz2p0Oz3Yfscsd2me,119800,3020,116780,eur,Payment for invoice C3DV15QV-0001,available,1773036069,1773295269
txn_3cdITBGi4bI1uxOKsxlzSpLi,charge,charge,ch_3Fz4kH0qGy0fnU0MSgeokQRq,100000,1525,98475,eur,Payment for invoice P6N151VS-0001,available,1773051926,1773311126
txn_30YDsz2Ava7QwlMYim23G874,charge,charge,ch_3QDu2RKj5G0gGAKi1AEhL23Q,59900,1972,57928,eur,Payment for invoice XWOUQGD8-0002,available,1773070227,1773329427
txn_3V5chcA27znCN8piMZIKadiu,charge,charge,ch_3ptSU1HJa1Z2LwnG4M1CuJWU,59900,923,58977,eur,Payment for invoice M3V2MDAX-0001,available,1773078232,1773337432
txn_3fMlCY5vXoJzm3ozpbl73Bhb,refund,refund,re_3A9vmuvpbIjgpHzSLM3EYsmc,-100000,0,-100000,eur,REFUND FOR CHARGE (Subscription creation),available,1773083999,1773083999
txn_3V2bJgaldaL6az2j7cnRxyVY,charge,charge,ch_3JAxNp5oGFkRr7MG4xGTwmRV,100000,3275,96725,eur,Payment for invoice MPE6UBDX-0006,available,1773089891,1773349091
txn_3Ch62OF17lkJg4fCQWB3pXkK,charge,charge,ch_3EOOLF5tZ5FRF70BMnQQFe2W,100000,1525,98475,eur,Payment for invoice FORIW7EN-0001,available,1773124856,1773384056
txn_3iisdvrDNCcouICj7XU5yorj,charge,charge,ch_3c0u51odPRN5jETN4ookCvIk,200000,6525,193475,eur,Payment for invoice 68OR5HJG-0004,available,1773136476,1773395676
txn_32VR5UGhP2kz00c1fb9TlB0w,charge,charge,ch_3N185zlSj11q97lKzgOASZgm,59900,1972,57928,eur,Payment for invoice LT4790YS-0001,available,1773155566,1773414766
txn_3zJTcTfal2zhJxEBbGfOlf9C,charge,charge,ch_3n2gXjKQN0DoqT5N2zDwBgue,100000,1525,98475,eur,Payment for invoice VJ724EAV-0002,available,1773159247,1773418447
txn_3O82S8sH8HhqkXtH6sEXbpE7,charge,charge,ch_3npp0VXWRGy5ifrOXbR2gxHe,100000,635,99365,eur,Payment for invoice 0RVESNV4-0001,available,1773160318,1773592318
txn_3kqbdv8npi9mOaSRSOakuFhR,charge,charge,ch_32XiJty3O7hXBV58l2EzXqDh,100000,1525,98475,eur,Payment for invoice GBADG4SH-0001,available,1773304832,1773564032
txn_3bs8VnE4AOTTIKMW7XWhRUYf,charge,charge,ch_3VVOPXHca6NOscm9eIDXtmxt,100000,2525,97475,eur,Payment for invoice AEMIDWF8-0001,available,1773332348,1773591548
txn_3b8VebXq2xF5UsAhjePPK95k,payment,charge,py_3M6CbRB7fjQlIZ69GBqGlz7P,9500000,500,9499500,eur,Payment for invoice DO536WDP-0001,available,1773335328,1773767328
txn_3XsHtOxDh51tzlFuQ7l9sgTJ,charge,charge,ch_3HmGClWOQul4I8jPtv4hHPb9,100000,2525,97475,eur,Payment for invoice I2YCZXO0-0003,available,1773401753,1773660953
txn_39352uKZnSSuF0YWfVqEIRn4,charge,charge,ch_3D0DkpRJn5nfreTpkDEnw3vg,200000,3025,196975,eur,Payment for invoice X1HLN5KO-0003,available,1773408545,1773667745
txn_3zt2TC15orn549wAsJVtQRCD,charge,charge,ch_3TV0tozG2Ji48Qx6ysti9qx8,100000,3275,96725,eur,Payment for invoice X9DD8HOL-0001,available,1773412599,1773671799
txn_3jCp8UbE3tmLqty3fbadXV4i,charge,charge,ch_3cJIQn6sh2BTd8rHQ9wfgsUL,299500,9759,289741,eur,Payment for invoice Y47R23Q5-0007,available,1773414416,1773673616
txn_3Y5GTB1pk7fJtXxi1yDQOxZw,charge,charge,ch_3mJfqdo7W7qPo3d83B8zYfyD,100000,1525,98475,eur,Payment for invoice 5JOXGBO6-0002,available,1773418630,1773677830
txn_3gx92mmRwNNYNSszksBrmeaa,charge,charge,ch_3bVvP5Gf2xMObd3BrNIVE9Fn,100000,3275,96725,eur,Payment for invoice F2TGKQPL-0002,available,1773495037,1773754237
txn_3LgTv1Qs8GDWrUXYvakKY9DG,payment,charge,py_3XMC137UCoOMg6sp5xOvlPOO,179700,500,179200,eur,Payment for invoice VLY27MFS-0002,available,1773502526,1773934526
txn_3NctVsq3ohsdDMwMabRG8lgK,payment,charge,py_3UFVBNIht6OH7CpmS01t4Qxo,179700,500,179200,eur,Payment for invoice PGA423GY-0004,available,1773571141,1774003141
txn_3QsQJZPQp0OULXhqAxYLUM8m,charge,charge,ch_3jT6Lq08IMBp9W0oOntpcPLQ,200000,6525,193475,eur,Payment for invoice T0OH352C-0001,available,1773649887,1773909087
txn_36acc4RJBlptPvq5xmwPbiT0,charge,charge,ch_3wI74Pn8xDjjJR9EtaHPWTMj,59900,1972,57928,eur,Payment for invoice DKH8BHGU-0001,available,1773650393,1773909593
txn_3GfgbBkumcGNlaIZzWu91uYV,charge,charge,ch_3KPSArGaRLV0lOBMGniJDCwr,100000,3275,96725,eur,Payment for invoice HHUD09YN-0001,available,1773676046,1773935246
txn_36skgAnCjuRm0lTvdeFB78Jk,charge,charge,ch_32cpk79eboe0GSI0Xl7VaepV,100000,3275,96725,eur,Payment for invoice NP99K752-0003,available,1773744143,1774003343
txn_3REsg8UzyMKjz4ZDEv9f58Cw,charge,charge,ch_3HA84z7Y92aQKCHJOIbmEQkL,100000,2525,97475,eur,Payment for invoice TVFNQX6Q-0002,available,1773754756,1774013956
txn_39VMNuV5gGGtR2409nCFiX9K,charge,charge,ch_3UvoHlAV0hT9N8nFiUAqKpum,179700,5865,173835,eur,Payment for invoice 80V9DX8M-0003,available,1773759914,1774019114
txn_3XBTRWutqFOHngkWGIPh5z54,charge,charge,ch_3QO1eJGoZCOMTJD3vvDfGpec,100000,1525,98475,eur,Payment for invoice EKJ69BBH-0001,available,1773765839,1774025039
txn_3xObEIP2VWrOCwYaMkb8kO5t,charge,charge,ch_3IijnB8oJ4dTthA0uxg4cBbT,59900,923,58977,eur,Payment for invoice M2ULIMTP-0001,available,1773852551,1774111751
txn_3VA0h2X0M4xaCe15TXExfti4,charge,charge,ch_3WKKd1zgs7uunBmYmtNr2WVt,100000,635,99365,eur,Payment for invoice RDS66HMH-0003,available,1773852693,1774284693
txn_3RyQjiTk7nSIh61mZaBTNx5w,charge,charge,ch_3AL4gj5zFSwozXzKPdIsKoqv,59900,1972,57928,eur,Payment for invoice N09YKXTY-0003,available,1773856801,1774116001
txn_394OQxp7BeAkh0237I3FOEow,charge,charge,ch_3QqlaG6bjG0L5Ge6g8AIGZtN,100000,635,99365,eur,Payment for invoice FPSJ9ORW-0003,available,1773905760,1774337760
txn_3AJJyzCot7JKxUkj670Y7Ab0,charge,charge,ch_3teMcFxxoyKobywh50BisdgC,100000,3275,96725,eur,Payment for invoice 1VMNIQH6-0002,available,1773912898,1774172098
txn_3mAK4qLwoqV8vZBzp2IQ0hFK,charge,charge,ch_3sKpFSWdIUOJ8Jkseaab868v,100000,1525,98475,eur,Payment for invoice GSEV2KSY-0002,available,1773956951,1774216151
txn_3wexnJ2sAtODISCNyUSA7cRB,charge,charge,ch_39KkpHzwKfxIZcZRB8LZ93d6,59900,1523,58377,eur,Payment for invoice R3OPN71N-0001,available,1774031779,1774290979
txn_3S8zPeLwDlSi7GDYwDLi6TDq,charge,charge,ch_38vR2GOyDaq3yp1wpm5kg5cv,59900,1972,57928,eur,Payment for invoice OM80MVBB-0001,available,1774123776,1774382976
txn_3GUl0vMPL8Mb9EcVbiXa8jnY,charge,charge,ch_3Y0mzvV3RLs4sj1r7J3nk5Br,59900,1972,57928,eur,Payment for invoice VUEXUT29-0003,available,1774127693,1774386893
txn_32r1CHptcEArFvtcC3bMAJ83,charge,charge,ch_3ucwaGtP0W5971M2Iule0fzb,100000,635,99365,eur,Payment for invoice NO9QLNAM-0001,available,1774189134,1774621134
txn_3VtYX5CB77CbkKSNv0MbI701,charge,charge,ch_34Ma3xsQ2eTgDOD5eDZTDsRQ,59900,1972,57928,eur,Payment for invoice R7SC6A0Y-0001,available,1774230820,1774490020
txn_3izFHhxDpdKzK5LrU1sJvsyl,charge,charge,ch_3eZOqIWz8GU140zsNB9nypc2,59900,923,58977,eur,Payment for invoice OHYTLER8-0001,available,1774249134,1774508334
txn_3uBj4TxrrDmLgIjNoAx5Jddp,payment,charge,py_3BBkIZx3oEiv3pnghSDWuNGR,100000,500,99500,eur,Payment for invoice 9S907EPY-0003,available,1774269667,1774701667
txn_3kPZB0yGcggtYHoyax24rdQl,charge,charge,ch_3wMsRWv5ndZ29C7eXbLRYypH,100000,1525,98475,eur,Payment for invoice YRRA8BOB-0003,available,1774282989,1774542189
txn_3gTjlFEbERNIx8cIYfwyJUVg,charge,charge,ch_3ok59yhCvrFrYhqQa2useRbI,59900,1972,57928,eur,Payment for invoice P95YTZV8-0004,available,1774335422,1774594622
txn_3KFSwsXgt4Yzkq473tmOLJmD,charge,charge,ch_3yKZbEwBXFCfYz683L3n2nJX,300000,4525,295475,eur,Payment for invoice Q50L9PGX-0004,available,1774348834,1774608034
txn_3KKOrG2pqOfnxyxlWHIFODvW,charge,charge,ch_3Lbz2pKnwC5sQ7r9ZO6LlZpM,59900,923,58977,eur,Payment for invoice RKH82IYM-0001,available,1774354993,1774614193
txn_3ewWl34wlzdT4Tsb2CfL15RG,charge,charge,ch_3jwjc8C1hiPudGI2nUj6B8UA,59900,923,58977,eur,Payment for invoice C6670A6U-0001,available,1774383868,1774643068
txn_3j0YXq1Hechq6xfjtOWOJHO2,charge,charge,ch_3tu8UH5c444cURaHCEyWNTUU,100000,1525,98475,eur,Payment for invoice 86S7PIOY-0001,available,1774426178,1774685378
txn_3k3yJ1KVMb6FbnCw1nbWZ15R,charge,charge,ch_3M4bBkBD2GJJtmxUmS1zBM5A,59900,923,58977,eur,Payment for invoice AQ88VM8V-0003,available,1774439589,1774698789
txn_3mqK6jsDmxVVP6grjz1tzLNh,charge,charge,ch_31tW7ZOpxWfN8cxU1c1voxVM,100000,1525,98475,eur,Payment for invoice Y8K31SSB-0001,available,1774444726,1774703926
txn_37r328bBKpmIVJLGImgC8viy,charge,charge,ch_3lR1LduysAzyUlJyFNXgD8LK,59900,1972,57928,eur,Payment for invoice ZEVVK0Z1-0001,available,1774446785,1774705985
txn_3Um5MxvkgYOPal04plKi2oin,charge,charge,ch_34cdOsZFSl6CVMEvq5sDO3ci,100000,3275,96725,eur,Payment for invoice CDT037KP-0001,available,1774451312,1774710512
txn_3Q78QQlPd5RkiftoGmwUBB5Y,charge,charge,ch_3i1EcaZoqYtQbNNuHn61WoP7,200000,6525,193475,eur,Payment for invoice Q0CCEZBU-0001,available,1774524185,1774783385
txn_3PulBeyoPBpVODqkEPEJLEzI,payment,charge,py_3iW3M5jceFpuDRCtT66UEOMG,300000,500,299500,eur,Payment for invoice J4KTR6FT-0001,available,1774531115,1774963115
txn_32hCekF71GSu6ChqYXyTUbWU,charge,charge,ch_3SeP1Zq83Xv5xuqfmpACCwiA,300000,4525,295475,eur,Payment for invoice R3IHESCB-0001,available,1774544344,1774803544
txn_3VgRToMXKBwLSpf2WKrSo5D1,charge,charge,ch_3hZwmUrhA2m60zFlguv3I2JK,59900,1972,57928,eur,Payment for invoice Y2S7VZO3-0004,available,1774546136,1774805336
txn_3s4gDR85SbAb9mURwDuBnng5,charge,charge,ch_3eKB45J9G7ghL7SUxjDY0TDv,100000,1525,98475,eur,Payment for invoice YTHVIXVY-0001,available,1774556338,1774815538
txn_34TxJop4tNaociLiiUzdbyfL,charge,charge,ch_30Ndblrhq2mT7uMJzqLQ6RQC,119800,3919,115881,eur,Payment for invoice RZT21CV9-0001,available,1774586547,1774845747
txn_3Jd3FPst9kAz8cWwRXJzqoYX,charge,charge,ch_3LFFD6iKc1na0Ib75mzQawfR,100000,3275,96725,eur,Payment for invoice E0ZCKR82-0001,available,1774612077,1774871277
txn_3Y1bUMqrE5Di4w7qVJh8Bwph,charge,charge,ch_3b4hiLNrigtjwL1Tj0WSNeWL,100000,3275,96725,eur,Payment for invoice NBFTTDF5-0002,available,1774620297,1774879497
txn_3MWTL3n1dkx02I3wuk0NBT8M,charge,charge,ch_35BsgJq2bbDPejO7LusHTZZv,100000,3275,96725,eur,Payment for invoice 45YD5J4N-0003,available,1774648623,1774907823
txn_3ZZGsQ2mjJWr4f45Ti2dsfNp,charge,charge,ch_3PFLepp5jxPQnqBwFkI9CeQt,100000,635,99365,eur,Payment for invoice BQ3XE15L-0001,available,1774846972,1775278972
txn_3SUVcgDfWQSmW6AYO00E95Pp,charge,charge,ch_3LjGsbfyN9Y1Kz0zlon8SDGi,59900,1972,57928,eur,Payment for invoice B35YKBBG-0002,available,1774861293,1775120493
txn_32441FIz7PI8qTsI2nch1qPO,charge,charge,ch_3Kjc9EespyQU3rgAdg1JxeTL,59900,1972,57928,eur,Payment for invoice 12VBHKMR-0001,available,1774868651,1775127851
txn_3L7zga8QwoUcBQp8jTgWmsRd,charge,charge,ch_3gv7e6pyXokepWJnouZtrTb6,500000,7525,492475,eur,Payment for invoice IAUGZKSG-0001,available,1774868760,1775127960
txn_31yLaqTGbGyVA1pE58eJXNle,charge,charge,ch_3dWzihzMZFjnFhNpydCWnHmA,100000,1525,98475,eur,Payment for invoice FW510Q06-0001,available,1774869414,1775128614
txn_34XUB744a6LQQh58U6nksPbe,charge,charge,ch_3dvymqlHR2cluzj0HiuYcOer,59900,923,58977,eur,Payment for invoice CC0H5JLC-0002,available,1774871455,1775130655
txn_3rdAOymhIRupLSCBpy3fXuf8,charge,charge,ch_3PTGE1Wr5xV7nMD48paI19fg,100000,3275,96725,eur,Payment for invoice QKRMBOH1-0001,available,1774888406,1775147606
txn_3SuGXckhbImyaxNty4UQewIV,charge,charge,ch_3lLMgGqmZdfPi0oCQrVB5SD5,200000,6525,193475,eur,Payment for invoice KE03BNO2-0001,available,1774948597,1775207797
txn_3yQcaXDjqMxqEkWUVfrj3kh4,payment,charge,py_3cB3I1TGxHrmDvCDsFbW2lP8,200000,500,199500,eur,Payment for invoice AR5T843D-0003,available,1774971090,1775403090
txn_3pdI2TXP3gVJ2qAwttUTqr2H,payment,charge,py_3isPUiAvFGy9A4T84KaNjmsx,119800,500,119300,eur,Payment for invoice 2LPKPS9D-0001,available,1774981747,1775413747
txn_3XwDqzMwRDspL56NDSyBeV4N,charge,charge,ch_3ma2L4cLFo6KSv7xR2HxmNOw,100000,3275,96725,eur,Payment for invoice G482VO8M-0001,available,1774991276,1775250476
txn_3EjCWGtNi7pOaNGuS7fgPs3s,charge,charge,ch_3w3KUoiL7EPFC68vhHsq3EHU,100000,1525,98475,eur,Payment for invoice KL5U1VMO-0001,available,1775050188,1775309388
txn_33r0oUna5VOZHIznQNvrkilN,charge,charge,ch_3qo2yec4DEpNyfYPWrIEUEWB,100000,3275,96725,eur,Payment for invoice SEGZ4OHT-0001,available,1775121438,1775380638
txn_3p1TEa1oNM0uFJKIJg49IxET,charge,charge,ch_3qmXaJaEjssNYJLFJIbPeeic,300000,7525,292475,eur,Payment for invoice EXWEQDKS-0002,available,1775127599,1775386799
txn_3wlvSb2tz0HhB7iAY4g2n4A3,charge,charge,ch_3YUfoUq8IbCkaejhmnkDBqrT,59900,1972,57928,eur,Payment for invoice F22I1SEO-0003,available,1775143282,1775402482
txn_3UFFDVf93ppNvnzZrw8IwKjM,charge,charge,ch_3ZkCbMbtwqiOoUGhj3bWCZfn,179700,2721,176979,eur,Payment for invoice AT4MU8MR-0002,available,1775146698,1775405898
txn_3qBT8DLp9yb6WTL7b5zql3Al,charge,charge,ch_3gltHIWZ3HR92DDOCFY5LGHe,59900,1972,57928,eur,Payment for invoice V8MC1G3M-0001,available,1775149012,1775408212
txn_3WL4cw7k2Dp9WMYwiWA9UR1Y,charge,charge,ch_3m5NcpG7ctaUm5sKOttpA3qW,100000,2525,97475,eur,Payment for invoice JB2OCQ8U-0001,available,1775164232,1775423432
txn_3LsDngDwDffLHI0kIF2Au8xB,charge,charge,ch_3CO4lvJtQBy3KZK5qY5laEyk,119800,1822,117978,eur,Payment for invoice W6CSFX6G-0005,available,1775197572,1775456772
txn_3vzaNspRgwLnoujOvx87siRt,charge,charge,ch_35WJKUQ64YoaqjRh1b5kCgUe,59900,923,58977,eur,Payment for invoice TQZSQD6H-0002,available,1775224157,1775483357
txn_3wNiKy1weNCxj745JQ5OXR9h,charge,charge,ch_3xc0DQs8TbTU0r0M19eZeF7q,59900,1523,58377,eur,Payment for invoice 4BJEEGNE-0002,available,1775224581,1775483781
txn_3qvB2fLfXbjVW05uEG3FjEA6,charge,charge,ch_3SAY92ilFyqAzfSjRQhoug4W,100000,1525,98475,eur,Payment for invoice D9LCU3N9-0001,available,1775238010,1775497210
txn_32G2rbyilyS8l16LUBmJpsuV,charge,charge,ch_3VGb5PQ4Hj4Alk55jgAvnNUh,59900,923,58977,eur,Payment for invoice 5K31M9V9-0001,available,1775247825,1775507025
txn_3y76k4c1QwXyGQMRibFUlGQu,payment,charge,py_3Tl3LOUiiMKcZf7leGL6wAvu,200000,500,199500,eur,Payment for invoice 2D7HBTKA-0002,available,1775394341,1775826341
txn_3T2wRdZ40vdwTnUeoyHZRf6h,charge,charge,ch_34OuzqdJQ4X4VG2UjO5KNKF2,59900,1972,57928,eur,Payment for invoice ASRKLPZT-0001,available,1775476629,1775735829
txn_3QhjPcJlH6nHza33RO7uGtl3,charge,charge,ch_3zsAW8kNKcCcefSctihld9YI,200000,6525,193475,eur,Payment for invoice S86UAW5D-0002,available,1775481172,1775740372
txn_3vVBOP5HeEdGxtSMFejqfiNv,refund,refund,re_3O2WIw93zeOmAo3NU3FG54gu,-300000,0,-300000,eur,REFUND FOR CHARGE (Subscription creation),available,1775529964,1775529964
txn_3cdGV1fvcndUGVZ3JvF3TzuG,charge,charge,ch_3MDX5pUDY6WxAwjiIRqOJpk7,200000,6525,193475,eur,Payment for invoice PC1PC6T9-0001,available,1775562203,1775821403
txn_3iyMLyVuGxRMs3R3eO3Vw5ha,charge,charge,ch_3vBptz9ywLdnnDjC3ZJrBGkH,119800,3919,115881,eur,Payment for invoice NFYLIFIE-0001,available,1775564915,1775824115
txn_3leCegsk1OOqGYAZW5plT78I,charge,charge,ch_3yhWtZpsWXp0SED9u55UGPI9,100000,1525,98475,eur,Payment for invoice CLUH2M4Y-0003,available,1775566595,1775825795
txn_38X1BbUWSLuFSW0ZKVbTedGs,charge,charge,ch_3cbaABlUVLx2NxNoPTr0e8gl,59900,1523,58377,eur,Payment for invoice EZEKHW09-0001,available,1775570330,1775829530
txn_35PC9n5nYOkdVQfO7xvhWfww,charge,charge,ch_3ed2cLW02B8d32tODeBJhRoK,200000,6525,193475,eur,Payment for invoice JWGM9RRC-0004,available,1775570338,1775829538
txn_3cPHBqBlsjD8hU2uoSUDpK3h,charge,charge,ch_3J3HJbvA7TiNasbfuY8rZYOA,200000,3025,196975,eur,Payment for invoice IGJ2B3G7-0004,available,1775576499,1775835699
txn_384nNFniOOUMMCBf3aGiGKgX,charge,charge,ch_3bMxCoFtCo22bxreu3dIHWsI,100000,1525,98475,eur,Payment for invoice J9KJRZAC-0001,available,1775579726,1775838926
txn_3dcMxTXhPw4WFDKMzMeGEjtI,payment,charge,py_3HADoDAPRTb0KJL6KGPEBKUg,16000000,500,15999500,eur,Payment for invoice JYJW87YV-0004,available,1775583507,1776015507
txn_3OthBqqaJic14OnV5ivH4Pxj,charge,charge,ch_3qZqMJwY5UmTtotA0TSInVOi,100000,1525,98475,eur,Payment for invoice EOZ3TRLC-0001,available,1775585257,1775844457
txn_364HtkDijHeXiC7dw7xsndOZ,charge,charge,ch_3UUduDxa8X0whQ65CgQwjnsL,100000,3275,96725,eur,Payment for invoice AGLQITCQ-0001,available,1775605219,1775864419
txn_3FFg95Yf7tb6i0VoSoqRNUzO,charge,charge,ch_3zdo9LwOB0D85PYpakTIPGn6,100000,3275,96725,eur,Payment for invoice T11DGQ2P-0001,available,1775640602,1775899802
txn_3VupWDZRlQnTxi1cWi54eUD7,charge,charge,ch_3LXtWCpLj57Ilil8JDFtItSZ,100000,1525,98475,eur,Payment for invoice FAG0EKSZ-0001,available,1775644311,1775903511
txn_3ciU9L9xXunZdJyaS09SwOMh,charge,charge,ch_3WjxRY7DVE08hpV16n6CUfTD,59900,1972,57928,eur,Payment for invoice JZ6BIDQ2-0001,available,1775651069,1775910269
txn_3Zeo0VuvjFMx0FbWf0QUKX8s,charge,charge,ch_3SEFVpUtjNRMzXbVlsPooG7R,179700,5865,173835,eur,Payment for invoice D5WZXUT7-0001,available,1775654940,1775914140
txn_3ihMmsKB9IZ197AkFKnSVoNT,charge,charge,ch_38N1nLxM04k8Kj2vYN9jMoWO,100000,635,99365,eur,Payment for invoice 0LYMX4BX-0001,available,1775678443,1776110443
txn_3NZWNBbidv9OxOhAVsd43qcu,charge,charge,ch_35ScfuGZFmi9OtKHzlxpQC86,100000,1525,98475,eur,Payment for invoice OJ5O1L6R-0003,available,1775690721,1775949921
txn_39aBdlhUkx2uo5pa3CTVKPl8,charge,charge,ch_3sDlnBtkBCBcQYdOjVRUPvto,59900,1972,57928,eur,Payment for invoice PZII8KV8-0001,available,1775746283,1776005483
txn_34PTYVOKqskB1JZun2lJcKbu,charge,charge,ch_3GBTUgusnVgNDob9ejRciJIn,200000,3025,196975,eur,Payment for invoice DLD5QMB4-0005,available,1775848801,1776108001
txn_3ByDQRx7DUmaRL9e4AxmCWuy,charge,charge,ch_3oCXu67fh1bPqNGzNnFSQcjZ,300000,9775,290225,eur,Payment for invoice TDNKXLT1-0001,available,1775915314,1776174514
txn_3ApbdPOARbRQqn4BJ2F8LwWd,charge,charge,ch_3ZPgbLdxDZDakJDXd0VzeuMm,59900,923,58977,eur,Payment for invoice Y8PP658U-0003,available,1775929135,1776188335
txn_3sxFUv0PZqtBXUmg1rec4fe4,charge,charge,ch_3rZeLBWObOslW0BZ8BgUJQAi,100000,3275,96725,eur,Payment for invoice U5WOV342-0003,available,1775937435,1776196635
txn_31md5H2QGZmFH0oZwcA1PWG2,charge,charge,ch_3ouX2VdHTYGX9GgGxum7w7te,59900,1972,57928,eur,Payment for invoice 34SEV9ET-0001,available,1775973499,1776232699
txn_36VoGRI54i6hEFlF2RZvlyDt,charge,charge,ch_3wIc4SmRjXQz5elbima1Uz7t,59900,923,58977,eur,Payment for invoice NFR7GIWO-0001,available,1776133174,1776392374
txn_3QbF3wYi72HuJeREgVjzoiiY,charge,charge,ch_3a7ss8LBsROnCq0ldIsTdqa5,200000,6525,193475,eur,Payment for invoice 5SH3O2O1-0001,available,1776175042,1776434242
txn_3QtixTbce7dQuwARyCPvZC3v,charge,charge,ch_3zxyI2oLB8oPEhqSOCBhZATC,100000,3275,96725,eur,Payment for invoice KTL8K49N-0005,available,1776196903,1776456103
txn_38lkNknRJeJ9TrRyEnKsy4i3,charge,charge,ch_3WVKYCQRmqXjecrCjvQBykrH,59900,1972,57928,eur,Payment for invoice EB4GJOL6-0002,available,1776244549,1776503749
txn_3UDGdzQV4HmTcG8cQwj9ZgCO,charge,charge,ch_3PH8gzjnsDWE8tQHBM825ru2,59900,923,58977,eur,Payment for invoice TDJD7ZEH-0003,available,1776252934,1776512134
txn_3e7Q1kIOAFnlv3tIyvfcI9DF,charge,charge,ch_3s2onzzxSXnTBOGolR6AGC6B,100000,1525,98475,eur,Payment for invoice JFA4XCWT-0001,available,1776263112,1776522312
txn_3jpWrpZvcKJjKHyHnimWx0ZB,charge,charge,ch_3Gx3Ff295U9jIhmW4xxMxb6O,100000,1525,98475,eur,Payment for invoice OQ80ZM82-0001,available,1776265034,1776524234
txn_3YzVS3tLmUQq3HB3rb3oefHm,charge,charge,ch_3Y0xt6VRFHkolla19fUJmGSU,59900,923,58977,eur,Payment for invoice J17CTBNY-0001,available,1776265420,1776524620
txn_3Tr7bQC2KCqbBsy4H3ScChaP,charge,charge,ch_3dfBKDjytb8eskgSWsnwUk12,100000,635,99365,eur,Payment for invoice Q5NF2GPM-0004,available,1776338062,1776770062
txn_3LntqjjabbvSvpaJwehitH2K,charge,charge,ch_3kjpGMG9b578lahysPlW1Jrn,100000,3275,96725,eur,Payment for invoice NOGQVTQW-0003,available,1776356480,1776615680
txn_3HmNCjO6hhYXJuOKtae5sfh8,charge,charge,ch_3OKLnWAPgdLTD8X3JCdVsCqH,59900,1972,57928,eur,Payment for invoice 8ZEA8HT1-0002,available,1776373082,1776632282
txn_3721gLluvkLmutksgOk9xC00,charge,charge,ch_3vTeix0ZGzb2zzjSrUEXBIRA,59900,1972,57928,eur,Payment for invoice 6XURVZR7-0001,available,1776429128,1776688328
txn_3OKytNFPAvXiamE9VNScoyGV,charge,charge,ch_3qrzhV37XrerKXrMwHq2oCEl,100000,1525,98475,eur,Payment for invoice 26V8UOAJ-0001,available,1776429176,1776688376
txn_3SNGqfNtXYJHWXlR5yJCAALd,charge,charge,ch_3zRPGymgFNyCEyNkgSArcNEf,100000,1525,98475,eur,Payment for invoice 3PBCQ2WB-0001,available,1776436997,1776696197
txn_3pbST0GO8Zwl7pXpHaM4IqIo,charge,charge,ch_3nXgGLryMNXRyCekAKFaZjVY,100000,1525,98475,eur,Payment for invoice P7MHI8H2-0002,available,1776444933,1776704133
txn_3O6fpgCCvVUSd3PBRFmfzK3z,charge,charge,ch_3gLwhrNMwsp0ry5M3nQgiFBh,100000,3275,96725,eur,Payment for invoice OTHXCKQV-0001,available,1776451132,1776710332
txn_3EnrY6rZLHZXfzmxffCjhxAG,charge,charge,ch_3q4vIvTa11UTpl4Sq2jca8nQ,200000,5025,194975,eur,Payment for invoice OIVOGH6E-0003,available,1776519966,1776779166
txn_3sMSrSsOcX08qfZ2WVDAQNAx,charge,charge,ch_3NMQW2i2tYnYhPus8TB4AGrl,59900,923,58977,eur,Payment for invoice 4VB675B7-0001,available,1776624128,1776883328
txn_3fvrBm0vhT5WPONzq3oqfG7u,payment,charge,py_3FeS6jEFFLTqHwOnpId00Vun,119800,500,119300,eur,Payment for invoice 6UUGUOV1-0002,available,1776646707,1777078707
txn_3f4Yn13G3BUPOcWAqToQfj9T,charge,charge,ch_3MdAJMJoKSbbZ1npEsHhsgUs,59900,1523,58377,eur,Payment for invoice GCZOIUE7-0001,available,1776756386,1777015586
txn_34ofPzBslqOu9NPH1CUEwczT,charge,charge,ch_3R3S6utMnvAgJxhf9V2VfAnm,119800,1822,117978,eur,Payment for invoice V4ZIXWIB-0002,available,1776767142,1777026342
txn_366DYCTfDgqJVxyuOH2EgaJp,charge,charge,ch_3VJdtGCtCudsiMdaBPJ2aWzA,100000,3275,96725,eur,Payment for invoice PX3C6DFS-0001,available,1776785758,1777044958
txn_3pDoYfflhNZe4CDLkqw5oBOr,charge,charge,ch_3eelOq9lFPYJadfOXwWuQNg9,200000,635,199365,eur,Payment for invoice MXDJGGM6-0001,available,1776815875,1777247875
txn_3DPY3c86NnZ7AwYK3PDgVSRq,charge,charge,ch_3u7vk3oBOW3bJBwwwcSKtXOi,100000,1525,98475,eur,Payment for invoice 8SEGDR3A-0001,available,1776855195,1777114395
txn_3fOxIEntIWw8LahD9vj7SwVa,charge,charge,ch_3i62mJrXavyJL6NNleAkiBHX,100000,1525,98475,eur,Payment for invoice HA3H69VL-0001,available,1776861718,1777120918
txn_3e668MUtTWDqYczZStgudAJU,charge,charge,ch_3o8ItF5Sh0ZARuISlpB6oOaE,100000,3275,96725,eur,Payment for invoice KNVTLDC6-0002,available,1776864157,1777123357
txn_3VixrF42LlN7GOjVrMPZhrJp,refund,refund,re_3DjclBXMIoSrHDA5D11lrp6v,-59900,0,-59900,eur,REFUND FOR CHARGE (Subscription creation),available,1776931879,1776931879
txn_3LhbpgU2sQ0Znqnrxpcf1KbX,charge,charge,ch_3vifd6eZW0SbUiZhHAFRNQlO,100000,1525,98475,eur,Payment for invoice 07EBP4BT-0001,available,1776943320,1777202520
txn_36yHbwrdcbxeypvm5Rs0SXzG,charge,charge,ch_3kinIy51pkBKnGmfvzDmBkmG,59900,514,59386,eur,Payment for invoice JTSHE3ML-0001,available,1777016664,1777448664
txn_3ICorUdjZWZq3sddwIwPUWHL,charge,charge,ch_3j4tb2IXTb92aAneBFXyozP0,59900,1972,57928,eur,Payment for invoice 0BQG0IXJ-0001,available,1777028906,1777288106
txn_3eD64Z0Cd7k99jbfX9TGsuJZ,charge,charge,ch_3nuLUinj6GuQYexS5eQP5oYM,59900,1972,57928,eur,Payment for invoice ZWQDURS7-0001,available,1777051673,1777310873
txn_3NEWPDP7ppy6dHKD6UWuiZeo,charge,charge,ch_3Re1AQrmeJf6s27hu2QxrGUn,100000,3275,96725,eur,Payment for invoice MHT2LXYD-0001,available,1777071614,1777330814
txn_3dDXSPQ71Wk6gbr5nKF3GKQD,charge,charge,ch_3f3a43kj5hGSvGbjkcRMGv3P,119800,3919,115881,eur,Payment for invoice E5FHE528-0001,available,1777137293,1777396493
txn_3gd4YkGyo6voWLeJ4gMPKEvd,charge,charge,ch_3Vczi6YZKem8V32HHGOULg9V,100000,1525,98475,eur,Payment for invoice GAG2FRDK-0003,available,1777209143,1777468343
txn_3eQ5Ms6FRmxZ2eGcc1886WJq,charge,charge,ch_374CcaaivKiy0XEauDjR33iC,59900,1523,58377,eur,Payment for invoice FRWMD771-0001,available,1777216055,1777475255
txn_3eYZoInzXxcLF3h5Ayw9UTNh,charge,charge,ch_3I92f7MGB58RVAl1sneMri74,100000,1525,98475,eur,Payment for invoice O34CQ44W-0004,available,1777272504,1777531704
txn_3QGhjltxfxkFt3gJwmVv0iOt,charge,charge,ch_3tEEyQLmIN6A0tmPjMVkIJD1,100000,1525,98475,eur,Payment for invoice 4RZGP14D-0001,available,1777292601,1777551801
txn_3mpBcaeMwAsbdMlL3yAI4KsE,payment,charge,py_3E8UkG7NuYZ41YKWs0cjCzjQ,17600000,500,17599500,eur,Payment for invoice N871ZDEH-0002,available,1777304391,1777736391
txn_3nMGF2GEWv1EYTEDRCmtqXhg,charge,charge,ch_39mxkyPsugsecN0KfGrVFsgd,100000,3275,96725,eur,Payment for invoice QBO2SC2X-0004,available,1777319299,1777578499
txn_3X10ilyR70UtJwjMFODJg0Pv,charge,charge,ch_3oQLzEt6cafyGNWdIWpcf8G3,200000,3025,196975,eur,Payment for invoice 6GDNJACY-0002,available,1777364510,1777623710
txn_39rYx2RyhxJBkyBjzCU6PWrx,charge,charge,ch_3XmEziTsN7f9WW5D2wnlAzUQ,100000,1525,98475,eur,Payment for invoice 7MPV2V9R-0002,available,1777380809,1777640009
txn_3DaShAbFVKZNeBqW4506SODX,charge,charge,ch_3NOl7dtibEuIWMLSHcxY7twJ,100000,1525,98475,eur,Payment for invoice Z5XA2M45-0002,available,1777459023,1777718223
txn_3EQTQTUFYgOpfSgQEgYnml8D,charge,charge,ch_3VPClRM4UrsmGCKKsaHIpSO9,100000,3275,96725,eur,Payment for invoice GQUIPZK4-0002,available,1777536602,1777795802
txn_3cQFyvEx1csoU2XVT2HK05Od,charge,charge,ch_3qbYptSLUc8FVbtCyPqfPF51,300000,635,299365,eur,Payment for invoice 9SX5RYQC-0001,available,1777543908,1777975908
txn_3BdT6EOfMi7WRkrSYYmE26qE,charge,charge,ch_3g7tpRjFdvQOQxXjucPnwDo6,100000,1525,98475,eur,Payment for invoice 834Z26QU-0001,available,1777545673,1777804873
txn_3JkLMX2ndRqTeANOj38xsXy4,charge,charge,ch_3GbXEJJgDRu6VWp3jtYZbIRL,59900,923,58977,eur,Payment for invoice 5SR0YAQQ-0001,available,1777554130,1777813330
txn_3sMmEbQLqWaJ18pmbrmaEZB1,charge,charge,ch_3IK8VgsFzZrg5ouQhU4hJB2J,200000,3025,196975,eur,Payment for invoice OOGJAWQX-0001,available,1777572739,1777831939
txn_31eV2gWAobaof45nvA9IVky7,charge,charge,ch_3uxfwMfBUV6QQEghgSGW5HRs,100000,1525,98475,eur,Payment for invoice 22J81DF1-0002,available,1777573464,1777832664
txn_37lqfasLTC1Tsk0wCuNoOPO2,charge,charge,ch_3isLiN4lZdXzSLHOCQe05rUw,299500,9759,289741,eur,Payment for invoice HH8XGH8S-0002,available,1777577904,1777837104
txn_3ZFuR1V9rNaEupvRU7vTWC6d,charge,charge,ch_3qCCGfV5JmtN11s73qbf5mCm,100000,3275,96725,eur,Payment for invoice QVS6F7O3-0001,available,1777622902,1777882102
txn_3h1oDSVrFwXx1xus1Yy1F8rS,charge,charge,ch_3yoGdJT0CkqFhahloqyLZgwz,100000,3275,96725,eur,Payment for invoice TI6B4MOD-0001,available,1777640451,1777899651
txn_3CDDRzWekrWfFJOBqoMp9Qy7,charge,charge,ch_3NzgzfgnghBNEhoroD6iqiIu,100000,3275,96725,eur,Payment for invoice B4TCCD27-0001,available,1777649933,1777909133
txn_38ZPro5a6ZMxiSQJTeGyNYsl,charge,charge,ch_3grhkreAFZyxVpqgyY1jVRXu,100000,3275,96725,eur,Payment for invoice BZMQD34K-0001,available,1777778640,1778037840
txn_3xj2Gz2TWdkOKqdfsstyLJsA,charge,charge,ch_3oOsH83Cb2LpbeID3ypjbpOp,100000,3275,96725,eur,Payment for invoice NTWPPUIB-0001,available,1777886054,1778145254
txn_3h4GGzeM8zGNr0iZTf8MkvAz,charge,charge,ch_3xqk5f0EDJTD4glpOcCuywLx,100000,1525,98475,eur,Payment for invoice GOTNF13W-0002,available,1777982501,1778241701
txn_3ilLglEBGCkRo4daTy0bxTD5,charge,charge,ch_3s7KqYhbIhdb07caTqIBng3O,100000,3275,96725,eur,Payment for invoice DCHH8OW4-0002,available,1777994874,1778254074
txn_3oDbDfkyCwtx0uXaAvRsfvVO,charge,charge,ch_3SOPnvXlL0veHCnWbCSqAPLD,200000,6525,193475,eur,Payment for invoice BWNCOSEP-0001,available,1778031355,1778290555
txn_3FEV2G9TDfwJzYa3nyXcIiiq,charge,charge,ch_3uwv9Kd3zh6gtN2OPLz9gklt,119800,1822,117978,eur,Payment for invoice 566SWWN2-0001,available,1778073409,1778332609
txn_3iHyVEb0TwTiiE43615rSzyK,charge,charge,ch_3JdiO9SvQuqTson4MtNpV8r2,59900,1972,57928,eur,Payment for invoice SECTCUFW-0001,available,1778082780,1778341980
txn_3mL7YMq8xDi3NZ0tJKJEBqx5,payment,charge,py_3tAPhhbjCKW9UgIXC6bRxynd,500000,500,499500,eur,Payment for invoice 0GV6NW6I-0001,available,1778115072,1778547072
txn_3aEjEGt8hxDhtuFtSvIGAZ9U,charge,charge,ch_3bOFjkogHD6SP0eixPhTiBKo,59900,923,58977,eur,Payment for invoice BL8ETL9T-0001,available,1778167266,1778426466
txn_3GtCdHEMkey8gG9eaWLdgPmX,charge,charge,ch_3bOLpg8m0rVgfv9wtmPdJCrU,100000,1525,98475,eur,Payment for invoice WP9LRJ0L-0002,available,1778177969,1778437169
txn_3yNsJEnwTEbIsTI5DG3W3Umj,charge,charge,ch_3BwaDPTaJFhcp3H47vKg5pi0,100000,3275,96725,eur,Payment for invoice 5Q02A7QU-0001,available,1778224190,1778483390
txn_3rxxi6ZtVaLRnWUzG7XXkRpi,charge,charge,ch_35LpWw4kcQNHvFd6zAsmem2D,59900,923,58977,eur,Payment for invoice 28TTPDOD-0001,available,1778238349,1778497549
txn_3MQ7Ok9gFYLveAjVcWW14Z1R,charge,charge,ch_3fSr6APufahzJspeor36EdT4,100000,1525,98475,eur,Payment for invoice M11MMKS1-0003,available,1778241859,1778501059
txn_391ZxH9ohO4KwXNKKkbMb372,charge,charge,ch_36v92cM4qtW0JDxwx2lyYlFy,59900,923,58977,eur,Payment for invoice IEI5TDIV-0001,available,1778247360,1778506560
txn_3qkFZp2TeZfWb6yDSnetigh2,charge,charge,ch_38iVmE7jlnxI6XzKtVj5FY2r,100000,3275,96725,eur,Payment for invoice 9PSEN1MY-0002,available,1778287080,1778546280
txn_3IwzJAugzKAjMuMExHuxPDQw,charge,charge,ch_3vVN4YGvs0WtnWINS2XxgxYO,100000,3275,96725,eur,Payment for invoice F0Y4EY4T-0003,available,1778331141,1778590341
txn_3uZKUmDQy8bFJSkw8S6zFHBG,payment,charge,py_33gCNXL7ID8IFZbJawyOlm7E,14000000,500,13999500,eur,Payment for invoice F0O5EJQ9-0001,available,1778418805,1778850805
txn_3HjPzVfw7ofFKLfkr9F0De3A,charge,charge,ch_311LmUfVRzcWzRZIH6sSTZyN,59900,1972,57928,eur,Payment for invoice FNFFF2GX-0001,available,1778488666,1778747866
txn_3b2XEicUMw8oBlPugCoAaDwf,charge,charge,ch_3JPan1KhDpfMZxra9XjujdQA,59900,1972,57928,eur,Payment for invoice IV3Y3XAM-0001,available,1778500101,1778759301
txn_38Sx9J1WvZWCtBjK23nSgrBh,charge,charge,ch_3UuBjvICG5yAsoL7W3aCQ5hW,200000,6525,193475,eur,Payment for invoice J0X4IQBA-0001,available,1778504380,1778763580
txn_3tSVsPguZTC52ECwUACgLYST,charge,charge,ch_3xxdcStVTtUVXKBHXLXwX2GE,100000,1525,98475,eur,Payment for invoice FFU15QW6-0001,available,1778506378,1778765578
txn_3XboNzS5vpv5TAYKkeLRG7sW,charge,charge,ch_3YLRoPPcM6WHKMeu8znaCIMN,59900,1972,57928,eur,Payment for invoice WLY4JLIS-0001,available,1778506474,1778765674
txn_3SfTtxyIfeb90daX6dvEIyw3,charge,charge,ch_3TK5KuUyyLYBeGI6e9Nobete,59900,923,58977,eur,Payment for invoice 4U6ZH3I8-0001,available,1778508792,1778767992
txn_3aTZAPcpAIZlWuKQ2ZiLs0f0,charge,charge,ch_3IOfsf4Gq7l4QtVhHdsYzORa,59900,923,58977,eur,Payment for invoice 7INCN0WH-0001,available,1778532196,1778791396
txn_3KhX0YdRdpUVoVwcmNlnmDjg,charge,charge,ch_3lCwPw66VkOL2LK6B3irIezU,59900,923,58977,eur,Payment for invoice 92KMBHJR-0002,available,1778575669,1778834869
txn_3tzLxiTNnvbLidzLtsafDOEL,charge,charge,ch_37pdoDZszNIw5k4pZTfLww5X,200000,6525,193475,eur,Payment for invoice KS7XIB94-0001,available,1778653555,1778912755
txn_3JQiV6TfZgzr5qi9CUNvxPFn,charge,charge,ch_3SQiAOhV55iD1q8uhPSCL2nF,200000,6525,193475,eur,Payment for invoice 6IVDSSI4-0003,available,1778678479,1778937679
txn_3NBujWFGtPFhOVtUQdXMmXDN,charge,charge,ch_3W6jRu6MgBM5jaldNahzQ9on,59900,1972,57928,eur,Payment for invoice 2OMDF0GV-0001,available,1778679538,1778938738
txn_3pzIBwOS0g3O3qmsxuN9tqZx,charge,charge,ch_3rOlXgzE1TaF7iar2TvnTXnV,59900,923,58977,eur,Payment for invoice PRN46HEU-0002,available,1778684191,1778943391
txn_3msntyqaXtK4Uvr6N4wi1rb7,charge,charge,ch_3xxUooxgBZQnD9tleOfE12Ek,100000,3275,96725,eur,Payment for invoice 03AJEV7S-0001,available,1778685288,1778944488
txn_3BsBA3saqEVX0MIqVHYOGmwB,charge,charge,ch_3YSxI6EJSanutWVFWSHId43x,59900,1972,57928,eur,Payment for invoice S8LLAGMR-0002,available,1778685825,1778945025
txn_34ys74BjJYe45VSV9q5K2R10,payment,charge,py_3SteLp1N0pdcLKvOhJFe38Ch,500000,500,499500,eur,Payment for invoice SCOSODGZ-0001,available,1778697635,1779129635
txn_3AdYlXu6dnJcevB7P1WiSBfA,charge,charge,ch_3GjYMcVzhUCB5BsH8S40qWb2,59900,923,58977,eur,Payment for invoice HD5EB9D9-0007,available,1778769151,1779028351
txn_3KKH9Y8Ypeb5tWVFfQdU7kuI,charge,charge,ch_3Lq5T8wRw3zhMjsErRrfMIhi,300000,4525,295475,eur,Payment for invoice OW6PENIY-0003,available,1778775975,1779035175
txn_3f4bk7Dj0PmbwhupeIlVWx4l,charge,charge,ch_3jYqAKZDMtv6Ky5c3cpN8BmO,200000,3025,196975,eur,Payment for invoice HQYR6BAZ-0002,available,1778781859,1779041059
txn_3PsgDLvZ8CTO5kXZpavWovCz,charge,charge,ch_3R3GmuoV0wFpMyVWeCRUg4y5,200000,3025,196975,eur,Payment for invoice XZYQRR55-0001,available,1778821773,1779080973
txn_3KDCkK6BD2zg5aATrm9Ua4CC,charge,charge,ch_3IHcUrXGZIxRGGSR4ie40PqM,300000,4525,295475,eur,Payment for invoice ZKWHO8H0-0001,available,1778833956,1779093156
txn_3LOPDbouoaabX3g0GrW8P0dm,charge,charge,ch_3AvgafJP8CqgaJxqXBEpj3zA,100000,3275,96725,eur,Payment for invoice 420G5MJX-0001,available,1778835823,1779095023
txn_3oYf6iNpkW2DohDpgVxgLG21,charge,charge,ch_3A1Y6LwhEgV276ZThVLEUJjo,100000,1525,98475,eur,Payment for invoice W1TFH3UA-0001,available,1778850201,1779109401
txn_3wpwp9yyT4FsRm5MbuIGjYL2,charge,charge,ch_3fX9mrUtE5VtvUuWqki4Uqq9,59900,1972,57928,eur,Payment for invoice IDCTFUAL-0001,available,1778858995,1779118195
txn_3zpwXRT4lZIrsJgiEG3LupIb,charge,charge,ch_39dPfpYShvZ9gGVgLYKw19Y1,100000,635,99365,eur,Payment for invoice O3CT0GS5-0001,available,1778859772,1779291772
txn_37oiTXPN91St8IYfyrABieWF,charge,charge,ch_3BFSgIzRA5yVROKA7tb6GsBT,59900,1972,57928,eur,Payment for invoice K1Y9J3NO-0001,available,1778861844,1779121044
txn_3gbNq88aYMdhpB1SfvfR64X0,charge,charge,ch_3368np4eB7wxk7QQpSRZL3md,119800,1822,117978,eur,Payment for invoice Q8EOO7QR-0001,available,1778999606,1779258806
txn_3fkg3PoM9w1Ht7PoyzmCgwFM,charge,charge,ch_3A6BIYi9zT7gqbFK7nroK682,119800,3020,116780,eur,Payment for invoice E7GRX47N-0001,available,1779012630,1779271830
txn_3fTSDdrRPikymgj24cyiLew0,charge,charge,ch_3CNznuCbVgMx3VR2uKpx2Ui0,100000,2525,97475,eur,Payment for invoice FJW52J9W-0004,available,1779028540,1779287740
txn_3hkJVOuFPblTykz5MpQcR0v0,charge,charge,ch_3BzE326DQiGXorkFwoC69X8N,100000,3275,96725,eur,Payment for invoice JXTL2DL7-0001,available,1779108399,1779367599
txn_3xb1CYqpSqgqyPi9HyABNqsf,charge,charge,ch_3ZapgPGxDPPlHir5CeGVngPO,59900,1972,57928,eur,Payment for invoice 1UIU1MXM-0001,available,1779122866,1779382066
txn_3CKBfsX3yDE3jWlvDi3XLAnl,charge,charge,ch_3VyCyiluXzMwGUvopi02zk84,300000,9775,290225,eur,Payment for invoice BHF2AG7H-0002,available,1779165966,1779425166
txn_3qFhx3yipOABg9n8AIF3QsSd,charge,charge,ch_359p3lsrE4xV9GkZeV9rzywW,119800,3020,116780,eur,Payment for invoice 6S4K14OK-0001,available,1779182206,1779441406
txn_3umheDrorvaInzTOGYXD4RxH,charge,charge,ch_36HqC68dkVChsd0YNzNpEhJx,100000,1525,98475,eur,Payment for invoice Y4F6JE9J-0004,available,1779195410,1779454610
txn_3uZWirH7cP0HTE4lvEKKLWYw,payment,charge,py_3kIIj2bQRjTeGZtyUD5QkuF4,500000,500,499500,eur,Payment for invoice O25CK48W-0003,available,1779216213,1779648213
txn_3c8OHcFfoQfSOSWmjGbAwBm7,charge,charge,ch_3LZtKTUsZmbkL5vXMrf7bYRu,100000,2525,97475,eur,Payment for invoice JE1L7MAW-0003,available,1779271290,1779530490
txn_3BMKvuIET1B1QOaV1zmgupcj,charge,charge,ch_3yK9JI7F9u5PMUlO4Bg1mMg1,59900,1972,57928,eur,Payment for invoice 88ODCWDZ-0001,available,1779274653,1779533853
txn_3yaGBJwakwRBTf6g1iHPHWy6,charge,charge,ch_3Cftd5G3OmIYnUBzpNdTuk2g,100000,3275,96725,eur,Payment for invoice VHDL2FZJ-0001,available,1779275235,1779534435
txn_3Fuf8fYllQZDvd8ERxlRS21J,payment,charge,py_3jryoVt4ElH0fwA5N0rZqUMs,200000,500,199500,eur,Payment for invoice 4GIH5SV1-0001,available,1779284853,1779716853
txn_3VXbGAWkILNJU0P3THFNCd7E,charge,charge,ch_37HoeoXNdn8ZCIuEojkarzoc,200000,3025,196975,eur,Payment for invoice JO6WC4SI-0001,available,1779414869,1779674069
txn_3mBv0KgbWIhspL95lMsR5Vm5,charge,charge,ch_3ul1Z6sObeMU0bvf1ZwCZlRj,100000,2525,97475,eur,Payment for invoice G73K3R80-0001,available,1779452958,1779712158
txn_3OEicAsz9OsAd3Tt6t2e0prO,charge,charge,ch_3b9f7AareHUntimB1BS7YY94,300000,4525,295475,eur,Payment for invoice UH1MCLSR-0004,available,1779459140,1779718340
txn_3BupWs8cHxe2EvCj8gUMmLnb,charge,charge,ch_3ExI5Wq5Z6KqPwJLkZ4kUZKs,100000,3275,96725,eur,Payment for invoice NVKKVQL7-0001,available,1779462720,1779721920
txn_3ZO32qTmEPVM6vqwkjwgj9Po,charge,charge,ch_3ySZX18xxbcBFZI1WdTh0hid,100000,1525,98475,eur,Payment for invoice WY2XU2DM-0002,available,1779465351,1779724551
txn_34NEX7B4YVAEcJFJu2gIOiSG,charge,charge,ch_3rUHmyxkPL3oAW5TkPQIoylI,100000,3275,96725,eur,Payment for invoice V9HBM7PJ-0004,available,1779469168,1779728368
txn_3qglGRisRitypa6g1o6wPsnm,charge,charge,ch_3XEV1ywSQlqHWhJNcWWbWlKY,200000,6525,193475,eur,Payment for invoice 8EHBEX5E-0002,available,1779471626,1779730826
txn_3no0hJlnAlNiuw5LfmK2kMmx,charge,charge,ch_3RPnzv6mttMT8k1K1OiUGeoW,59900,923,58977,eur,Payment for invoice 11P31WDL-0005,available,1779533003,1779792203
txn_3Sky45BjHorb5GA4V9YU7Twv,refund,refund,re_3N4z5K7PrNfI5GIyWBpqfHTI,-59900,0,-59900,eur,REFUND FOR CHARGE (Subscription creation),available,1779565392,1779565392
txn_3ZAFkmfgEC6ps2QehTF7rUb7,charge,charge,ch_3i1W7eKaE0ZeMSPCWoUU3gup,100000,1525,98475,eur,Payment for invoice 8OJFJA2E-0004,available,1779693112,1779952312
txn_3I4cRnXQd4AdWMjqMiHKYVNL,charge,charge,ch_3DN2oZl2hyBdPcUB72WORfMW,119800,635,119165,eur,Payment for invoice 82O132PO-0001,available,1779700737,1780132737
txn_3aaq7mgeTPj5cJTJvhgdjduU,charge,charge,ch_311lJ32WXTEskIxohw4m9pjn,59900,923,58977,eur,Payment for invoice 695PBIR7-0001,available,1779707495,1779966695
txn_3LxBRwO4WYG0xsw9vcblhhqA,charge,charge,ch_34MHuQaqGEJWqExe1SxiluTS,200000,3025,196975,eur,Payment for invoice K0QM83IJ-0005,available,1779719154,1779978354
txn_3sD2sUUbxPWASlr7v4OpKGTY,charge,charge,ch_39z1EJAoEL44IOT9yoF0o7or,100000,635,99365,eur,Payment for invoice UAY3IXQY-0002,available,1779737783,1780169783
txn_3fSE0bWG4XBSsRmZHt1adinN,payment,charge,py_3MYgc7o7D41213Je0FOQPJqs,300000,500,299500,eur,Payment for invoice GC6C47NV-0002,available,1779766647,1780198647
txn_3hRVYH3jBonLeJbrqwiKK06T,charge,charge,ch_3bwRJSf75ksCJWyhWntDNvTR,59900,1972,57928,eur,Payment for invoice BC6JIK7B-0001,available,1779792291,1780051491
txn_3xxOtJgnxpOlDvHUUAdFVHtN,charge,charge,ch_3SuixeLsU5xj4GT7uhzcOykS,100000,2525,97475,eur,Payment for invoice 4JOKS3Y6-0003,available,1779795114,1780054314
txn_3km58rUruznxEZfiXc06rlsa,charge,charge,ch_3eV5qSxGAUsGHA6kNtBvJ8lA,59900,923,58977,eur,Payment for invoice TP0T3MB6-0001,available,1779799030,1780058230
txn_36NqIwD8oRlxyhmlzNF4ZB33,charge,charge,ch_3MIbdp1CcTvuk0URl0HDGa8Y,59900,1972,57928,eur,Payment for invoice JY9EHV93-0001,available,1779808215,1780067415
txn_3vv4pAigMI5S0bGTDHpqTZFN,charge,charge,ch_3x86IlWn5AmMcGzBycIXaehX,100000,3275,96725,eur,Payment for invoice YNJNXI7V-0001,available,1779810581,1780069781
txn_3NASywkqKPwutZw5zrU2MlsC,payment,charge,py_3FMmVNZNbZjraJSmsTiHslS7,179700,500,179200,eur,Payment for invoice W8XHU4AG-0001,available,1779822824,1780254824
txn_3zzrU6DN0WZXQ0hWSNQOWx3D,charge,charge,ch_3Itc655okARAEU7gb2gPDa8R,100000,3275,96725,eur,Payment for invoice G5ESALZA-0001,available,1779830617,1780089817
txn_34SDjsoY00QiLafqytJaru39,charge,charge,ch_3qNFx4J6vRXctF9hqueldhN6,179700,5865,173835,eur,Payment for invoice YHLIXIGH-0004,available,1779877631,1780136831
txn_33Q3Z67sBuc1EZ50S3WNvS6f,charge,charge,ch_3dNntEIJDXwd0DYBq4kzdUNs,59900,923,58977,eur,Payment for invoice CZ5FE9TC-0001,available,1779877650,1780136850
txn_3UYhrMVdvUmMc5q0VmPFBFv2,charge,charge,ch_3Y6wMKJpcGs6kmp1bCxHzIfQ,59900,1972,57928,eur,Payment for invoice AFCTE52T-0001,available,1779885510,1780144710
txn_3lhSHQdqAdFT4FIdlVFse7Le,charge,charge,ch_3lg3qyLEtlG82GkkVEUB2p59,59900,1523,58377,eur,Payment for invoice 8P803GMR-0001,available,1779894466,1780153666
txn_3PvO46ZPHEznYtARZ99jmzXd,charge,charge,ch_3AS0b5hLxWL4T5CNA6IHZT9r,100000,3275,96725,eur,Payment for invoice F7ZBALAO-0003,available,1779980328,1780239528
txn_3tKQhooObXJEAfI1FHrHCfDb,charge,charge,ch_3wC7M94VxkIJ98X7Uohw4vN3,59900,1972,57928,eur,Payment for invoice 251E4N17-0001,available,1780039861,1780299061
txn_3gNjIj7v9ouhtTQDXp1Bx2i5,charge,charge,ch_3jWb62Xt1RIU1BvV3VdRi64B,100000,1525,98475,eur,Payment for invoice KON9EFLT-0003,available,1780068424,1780327624
txn_3eJEAlLnFw2hZLkstYH87g7h,charge,charge,ch_3XXZsvUXYNSDQYGCEhtz2YdU,100000,1525,98475,eur,Payment for invoice KXUVQ8RF-0003,available,1780080532,1780339732
txn_3wmFwBdEmriAiMFXdJISXvmO,charge,charge,ch_3Eb2BKxG9nHi2PpphUl7LfcC,100000,635,99365,eur,Payment for invoice 06SWG8BG-0001,available,1780097175,1780529175
txn_3BcxJ8UWOIGFVFvqASuXx4JL,charge,charge,ch_3dNBEL2eQ983ak7gXI7P1ITo,59900,923,58977,eur,Payment for invoice IS7156NS-0001,available,1780152252,1780411452
txn_3AkfWaIUyGPBuKSm5bRpJPVn,charge,charge,ch_3JOj0PLvPihgyDXefaDEntUF,100000,1525,98475,eur,Payment for invoice MI641H1Q-0002,available,1780154667,1780413867
txn_3b7IYU7kB1TTINV6WjTr5c2w,charge,charge,ch_3zAAtsU6aaLkynSF6Yf8B6fV,100000,635,99365,eur,Payment for invoice KMNZZQY1-0002,available,1780208210,1780640210
txn_3qCuVy2gnWBeTf86sZla4nlZ,charge,charge,ch_3qBBSI6r84KCo1mrALQsUot7,59900,1972,57928,eur,Payment for invoice YZLCIEX1-0001,available,1780256363,1780515563
txn_3LMiFwfEOcu2U1Nk0ojocI4L,charge,charge,ch_3ZfxtDC0DcgY7hMSB30SFlSy,100000,1525,98475,eur,Payment for invoice RQN1NN0P-0002,available,1780301886,1780561086
txn_3v27b1dc2xkQqNpAYoHU9Zax,charge,charge,ch_3JYUgVZ0soFm5z4OJid5fYvp,100000,2525,97475,eur,Payment for invoice 193QNWLW-0002,available,1780315495,1780574695
txn_3Eaf6G1PfMw5r2B6ycm2GFT2,charge,charge,ch_32AsbTwQwvVnJq8ylp03F7uc,200000,3025,196975,eur,Payment for invoice KCOC0X7V-0001,available,1780325990,1780585190
txn_3R3mtRRukfKZBRz5JtNLIXVa,charge,charge,ch_3VraADcLSOtYjHbP1SLGziyH,100000,3275,96725,eur,Payment for invoice NPHJPZ1Z-0001,available,1780394594,1780653794
txn_3qAWCO3AR2v6CeMUSVBINr8e,payment,charge,py_3iEofUmU3Vd58kes8zfBgRpd,299500,500,299000,eur,Payment for invoice 2LW3IW3K-0001,available,1780426627,1780858627
txn_3m1jrkXzQkB6SBa748FsIUo1,charge,charge,ch_3of9sINvInyYQVAStAk3sIo7,119800,1822,117978,eur,Payment for invoice CX25Q701-0001,available,1780452121,1780711321
txn_3LPi6j3TMrbCIae7nxp1RP8f,charge,charge,ch_352TSDLFlwltzBsZKr6LaP7Y,119800,3020,116780,eur,Payment for invoice R8F6CCRP-0001,available,1780467787,1780726987
txn_3ZApqXrK4WQOVfkErDJy5nTY,charge,charge,ch_3KnSNZ8ads13yyaOoY0bRhpe,500000,16275,483725,eur,Payment for invoice V7B6FIXP-0002,available,1780479373,1780738573
txn_3jllFaE1tndAL81RfTLSbtZc,charge,charge,ch_3ohN4L44a8xmB2XNgLNy2Pn3,100000,3275,96725,eur,Payment for invoice UXEZSCEU-0001,available,1780503931,1780763131
txn_3W5IxKbXA1fUgCkAb4Di4UJf,charge,charge,ch_3d6Ccq2qCwHAbmt46khI4BhU,200000,3025,196975,eur,Payment for invoice W7T01JOT-0003,available,1780589050,1780848250
txn_3J15INfGXsRdomVeUIgawzJ3,refund,refund,re_3jO0g4gxdDJp5MTRovlJqpXh,-100000,0,-100000,eur,REFUND FOR CHARGE (Subscription creation),available,1780661834,1780661834
txn_3wWGuRt1U2dnp2rArFODL2Rg,charge,charge,ch_3u9wPzb6kqknRJBQbnuwWcDg,200000,6525,193475,eur,Payment for invoice 7O0P58DA-0004,available,1780663768,1780922968
txn_3WuUvQ8tsga3SsVRGLoQNgxZ,charge,charge,ch_3HQ7qaXRaCquqKhu51SEniHY,300000,9775,290225,eur,Payment for invoice UGXGJTGL-0001,available,1780735058,1780994258
txn_35UuxUoBCgY2ItB6oZeOIRMh,charge,charge,ch_3fHNggosUHHNhvYCq1aoEWZL,59900,1972,57928,eur,Payment for invoice 8LEEXTRI-0002,available,1780743725,1781002925
txn_3B2nb4OR9IbJsrzg2fuY7IGA,charge,charge,ch_3ZIizMYjADglrhCPceFBCh6G,100000,3275,96725,eur,Payment for invoice L31FZ7PY-0001,available,1780772692,1781031892
txn_3fPttpor2ar4SbA2mRinML3b,charge,charge,ch_3AKVswzgRlOBna7JPkL9Maqb,59900,1523,58377,eur,Payment for invoice SH9NP3FN-0002,available,1780854252,1781113452
txn_37GLML2GHWTwtBBP1UMep4vK,charge,charge,ch_3QuvmcwYBYrVFzUYM74TsyQI,59900,923,58977,eur,Payment for invoice B5DEW597-0001,available,1780899942,1781159142
txn_3Z7GdRCyIMyyg6upBNYhfME9,charge,charge,ch_3VPVJEBprAtHvEZo4wBzPXia,100000,635,99365,eur,Payment for invoice WRCMUR6P-0001,available,1780921715,1781353715
txn_3RHwChTM2zTcd7ayx9NaEDQX,charge,charge,ch_35qgVw8309DHeUnAno7Nd2Bd,300000,4525,295475,eur,Payment for invoice DN73YI1G-0003,available,1780923468,1781182668
txn_3vdX7Etk5shHs5fkzuGkZLDJ,charge,charge,ch_38jmXdwL0l7mZjtXhkcTUwLp,100000,1525,98475,eur,Payment for invoice Z3LBY7BX-0001,available,1780934782,1781193982
txn_39PNVBs64OYxpfgEQxXLjwQ0,charge,charge,ch_31pUMH7bnuYCO5RVXcpMhdG5,100000,1525,98475,eur,Payment for invoice 6T7RNQOU-0001,available,1780948415,1781207615
txn_3agkk4nHZ6eE2P9cJHlI7oQQ,charge,charge,ch_3su9raNh8YandDzAhzc3fshE,59900,1972,57928,eur,Payment for invoice OQGPVTWT-0001,available,1780952403,1781211603
txn_36mbLQg6RIwxKdihGrrnDIlO,charge,charge,ch_31rEvURBJrDLdyK0mn49GVXW,59900,923,58977,eur,Payment for invoice TYU2PJYG-0002,available,1781003568,1781262768
txn_3oBP0lmiW6lmCPRwlkNcXgGJ,charge,charge,ch_3JNRLZHx0sPj1zbzdgZkBmPD,59900,1972,57928,eur,Payment for invoice 1CDTD2OY-0002,available,1781005454,1781264654
txn_3Zbf1f2TaJu1M5mk8TzRb0n8,charge,charge,ch_3ZVvTDrs3GEbJfW0Gx8KJEV5,100000,3275,96725,eur,Payment for invoice J5KU53IW-0001,available,1781019647,1781278847
txn_33jU452HD9zPobVy23QscVKe,charge,charge,ch_30U3bcX2n7JnFSxOgUNMaHeI,100000,1525,98475,eur,Payment for invoice I8ZXPDNM-0003,available,1781034548,1781293748
txn_35UEYNVZ2m3SRCp3U2oNwKTA,charge,charge,ch_3AuVWj8KWBbYB55q1HiAjf9B,119800,3919,115881,eur,Payment for invoice MPZX3SR9-0003,available,1781084905,1781344105
txn_38fzzg2EVq70J3oTLkusBCgh,charge,charge,ch_3dtQiOmtVABJMHWT47IeStTD,59900,1972,57928,eur,Payment for invoice EDHLSKHL-0002,available,1781098674,1781357874
txn_3JDjEoePV2bIuwcvvlCtcfqK,charge,charge,ch_3oGhSYjlxqAdq9rS7IXXlqIf,100000,1525,98475,eur,Payment for invoice AZS5CHD0-0001,available,1781101086,1781360286
txn_3vnxzAuFEo70jtqT6OvhhGgI,charge,charge,ch_3yykXamIKXJM608gf5fhpaSd,100000,1525,98475,eur,Payment for invoice JS933KQX-0002,available,1781103601,1781362801
txn_3qLWM17CQb6EK8qqktEDxWRD,charge,charge,ch_3FGEGNhXXE6jouFzVhs0xlAr,100000,3275,96725,eur,Payment for invoice MTGBG7TT-0003,available,1781246469,1781505669
txn_3ZONS8qGVEVEwSKYNf06BEZN,charge,charge,ch_3y5YRiiecSpkoglPAq9S4xsx,100000,1525,98475,eur,Payment for invoice O5V3XTII-0001,available,1781258544,1781517744
txn_39tdO91aS3W5Y99dDOW7JFuy,charge,charge,ch_34yBFBTkn2QjPD0R1HFS8GYb,59900,923,58977,eur,Payment for invoice CDAEN1FH-0001,available,1781274964,1781534164
txn_30l3zsNXxIQZRxlXUWXIke57,charge,charge,ch_39sId696xGcVR2DJ3a5t90CW,100000,1525,98475,eur,Payment for invoice STLO09CM-0003,available,1781293690,1781552890
txn_3G3iIZTBfvNvdPO1ski41vcs,charge,charge,ch_311CzBkq8DwItEKE2cHSGLNS,200000,6525,193475,eur,Payment for invoice OJHUZPR9-0001,available,1781340648,1781599848
txn_3Y7e0k53yQfwZefxC6QlE7zk,charge,charge,ch_3z0iXepRMODbkl31uuNCIRlA,200000,6525,193475,eur,Payment for invoice 0KYT0OEH-0004,available,1781346514,1781605714
txn_3UbQj0FqidKfyD1CJZ9i7Ag5,charge,charge,ch_3SiTw7PBxJJiGCo1GXf4aRDY,59900,1972,57928,eur,Payment for invoice SZY65VSE-0005,available,1781376758,1781635958
txn_3HmXTcgFpUGmupWzPOBQHygd,charge,charge,ch_3iUdMZkSm0lPf6KLQSVIT2jb,100000,2525,97475,eur,Payment for invoice IBE1HODD-0004,available,1781377741,1781636941
txn_3IlMfmhulXkJdGomk1OcHWuU,payment,charge,py_3dDCyiLkXVy4cptSe8lBGTHI,500000,500,499500,eur,Payment for invoice ULX58919-0002,available,1781389982,1781821982
txn_3cfOBJDdmGZnlamM5ml6F3Aj,charge,charge,ch_3AJiHTkHtyvhA8Hjxdw7ySpf,200000,3025,196975,eur,Payment for invoice KH7YVZ9V-0003,available,1781457631,1781716831
txn_36Q3YiQLLZOzfwaJbvDCIXvx,charge,charge,ch_3Ddj0NGT7vXTZRR56JyxYmvY,119800,1822,117978,eur,Payment for invoice PSRZHDB6-0001,available,1781516702,1781775902
txn_3Po2ZUrfMOsXRwxcxsOZdN5e,charge,charge,ch_358K9ZFwrbd6XjI9mKWQefyD,100000,3275,96725,eur,Payment for invoice JLFMMKK9-0001,available,1781546233,1781805433
txn_3jx4jWWLCUB68hGlSlhyyhVo,charge,charge,ch_3xAeIqGWMxWftnLJOJb2quhT,100000,3275,96725,eur,Payment for invoice 408BAUUK-0004,available,1781555588,1781814788
txn_3iqNSyOuILeB7PLZPxs4GBKG,charge,charge,ch_3cqT58Gmaa2asz5jbIMKkq1b,200000,3025,196975,eur,Payment for invoice VYMN0Z6T-0001,available,1781613125,1781872325
txn_3b5MqTPvlebzfOVf2Zd4uAJ4,charge,charge,ch_3TMTJfpa36ZZwLO0n2qY0WXS,100000,3275,96725,eur,Payment for invoice 5FFBJRL8-0005,available,1781688327,1781947527
txn_3ETWyXcvTo8pjfMy7PwWVWHZ,charge,charge,ch_3GOCgF4wJ7T0pz7eCrsk0cvu,59900,923,58977,eur,Payment for invoice LR3G1BQ5-0001,available,1781718979,1781978179
txn_3ze2NCqKBcK9iXNKIrQPGH2l,payment,charge,py_3KpARCup0XtjwPYhlHGgrC33,200000,500,199500,eur,Payment for invoice 44F0IITR-0005,available,1781727323,1782159323
txn_3TTOiV8I6euVss7O5hfDR1es,charge,charge,ch_3HIWHWWTuUIo86lGdwRcqAZy,59900,1972,57928,eur,Payment for invoice 2PUKC5MB-0002,available,1781769854,1782029054
txn_39Pt9gFveOKHh05n3Ik9G24j,charge,charge,ch_37AQ3exGuQHDQHNUPMFFq9y6,59900,1972,57928,eur,Payment for invoice SMX76E30-0001,available,1781779813,1782039013
txn_3aJeaOWsxeWc7LDZusVzPEz4,charge,charge,ch_3AfAacUz7YzS7Lz2Jy1Qifgn,300000,9775,290225,eur,Payment for invoice ZDKHHHG4-0002,available,1781788386,1782047586
txn_3QYKlWAZXWJvm7NFOAxcuHy0,payment,charge,py_37ywUDiNe8q1DctYP2TNRthy,200000,500,199500,eur,Payment for invoice NL7J1C5S-0002,available,1781812880,1782244880
txn_37VrBQ1quDvSqqxiKlI7lkZd,charge,charge,ch_3sfNaxQ2HhmNpBka3OXFd8qU,100000,1525,98475,eur,Payment for invoice WQKQNEAJ-0001,available,1781826483,1782085683
txn_3NVf4Y59ieq535cA2QFxabrX,charge,charge,ch_30aFG8IWiKKciyae4Pk8wMVs,200000,3025,196975,eur,Payment for invoice Y677AM5C-0001,available,1781895075,1782154275
txn_3v8zn0Id67SYfocf9KbHPbMt,charge,charge,ch_3AZvZamrqqKZb9IdrPgxBMqP,100000,2525,97475,eur,Payment for invoice A6FHHGYE-0002,available,1781953970,1782213170
txn_3oaUDK8gX4BWtPqewgrA19NG,charge,charge,ch_3JPwRebBVKhQVdGQZmxNPlpq,59900,1972,57928,eur,Payment for invoice ZOC2FFT1-0007,available,1782121711,1782380911
txn_35db1r8ssyD2xmIJpByEdxw6,charge,charge,ch_3jqKbF4q8remlMuS8PiSPwbH,100000,3275,96725,eur,Payment for invoice ZR4E5DUF-0002,available,1782126296,1782385496
txn_3qEVvoQnDEP5UayPemPsKiUR,charge,charge,ch_3AHKf52fk4tq38rbDINUXHDm,100000,3275,96725,eur,Payment for invoice B0GP6E41-0001,available,1782129188,1782388388
txn_3FomWqXiNChJdlLjeFWkQnAg,charge,charge,ch_32RVkZwxdZo3FfzpAL7SEiHi,100000,3275,96725,eur,Payment for invoice 0FJXJDIM-0001,available,1782209486,1782468686
txn_3S4lHc1xe35hGiRpjm0tWsyf,payment,charge,py_3wSzBYYKcRWULT3BB0MJMaAb,7000000,500,6999500,eur,Payment for invoice 1IK2VR24-0001,available,1782230287,1782662287
txn_38E9xQoeCrVqpJFzm2kSm1Sk,payment,charge,py_3rjtjWIbmDZYreHoCQuSyorH,100000,500,99500,eur,Payment for invoice A6GWL09H-0003,available,1782245318,1782677318
txn_3cgExRFgkfknkZjEz0CAezcK,charge,charge,ch_3YntFpvV7hitfg2q4ph9hYOp,200000,6525,193475,eur,Payment for invoice 2A4QJUUJ-0001,available,1782252774,1782511974
txn_3qp0hCmfApyvZTep37hRNsNp,charge,charge,ch_3Tqu3Kkgf8bwokSp8NmPDPye,100000,2525,97475,eur,Payment for invoice D2S932K0-0001,available,1782290714,1782549914
txn_35T2GyRSy8sFooe0X040mYUZ,charge,charge,ch_3VoYXnpP069615MRsfobRbdy,59900,923,58977,eur,Payment for invoice 5K56GOWK-0001,available,1782293714,1782552914
txn_3OdVhBlEb90opoNNZrbirxVo,charge,charge,ch_3oV03p3M4KmkQoYu4G9iZH6E,59900,1972,57928,eur,Payment for invoice ORIOONR5-0001,available,1782302306,1782561506
txn_3C1rhB7XNp7mV89jtyuklHYZ,charge,charge,ch_3My7Qzo4c1XTjv5oWNBxq8Z3,179700,5865,173835,eur,Payment for invoice D36QO7OF-0004,available,1782306508,1782565708
txn_33gg4clQfhdKnNHsMOlW5ZKS,charge,charge,ch_3NfotqyO2x9JclplAWABX1iF,100000,1525,98475,eur,Payment for invoice 1EICRIJ1-0001,available,1782384653,1782643853
txn_3C6aNo8UskOk0MB6pP4qF2RF,charge,charge,ch_3fpq2FpKgsXc2ykyQStC1fpc,100000,1525,98475,eur,Payment for invoice 6PJX9Z4I-0003,available,1782411149,1782670349
txn_3cOOgHpwelcd550s0LSmDhim,charge,charge,ch_3npAi8zmPoPz9ZlDwstQWzxY,100000,1525,98475,eur,Payment for invoice ULC41S56-0002,available,1782460444,1782719644
txn_3zdNimsf5HXJsVRxC1zqVKLj,charge,charge,ch_33QgxXJI5FkbuWEMy1nktFve,100000,2525,97475,eur,Payment for invoice AN3ZSXL8-0001,available,1782468919,1782728119
txn_3i4jvkS2aThjD2WLcHNfj5CE,charge,charge,ch_3RBmKuTrhyItx34j6nx7vSxk,119800,3020,116780,eur,Payment for invoice NZ4B9A93-0002,available,1782477296,1782736496
txn_3LVtGExjKZucXn2D7pDJC0tk,charge,charge,ch_3WNJ1b5X9p9eNyUFWNPCeqJr,119800,1822,117978,eur,Payment for invoice V6FJP9NW-0004,available,1782552684,1782811884
txn_38xPVn3LVuyHGUY4g5jzZzQa,charge,charge,ch_3LDLaM89XWfRVKGOqC3iWhYK,59900,1523,58377,eur,Payment for invoice DPFI99OU-0002,available,1782579513,1782838713
txn_3zaS5Y13LkT86Sr3DDOlUqPp,charge,charge,ch_3ZzHyaaRt4Kg7S8Q8dgg9r84,200000,6525,193475,eur,Payment for invoice BUI504T5-0001,available,1782639971,1782899171
txn_3fzc0nq3tCf9MaVxvQahlpHo,charge,charge,ch_3iDUwyUBWNI8wuJKEt5k9HDn,100000,3275,96725,eur,Payment for invoice 9TRCHDVB-0001,available,1782644731,1782903931
txn_3J1KnzwUSyJaAgWPGz2mDwJH,charge,charge,ch_3rrz2vQxji11SHSI1S1Yt5QL,100000,3275,96725,eur,Payment for invoice FHY5GCWT-0001,available,1782729203,1782988403
txn_3zKUMsMYCJUCWVG84YVPksEy,charge,charge,ch_3Kx6t6rYQcjUf7sBhFf5L4SF,59900,1972,57928,eur,Payment for invoice VLITFCZ2-0002,available,1782734194,1782993394
txn_3dxsYIYYgMouKIGLJTl28w2X,charge,charge,ch_3uhy5roLyHVIUjReQ0uG1WmU,100000,1525,98475,eur,Payment for invoice 7TZEXWLX-0004,available,1782744499,1783003699
txn_3A7TAqOCm2Q2G280ZPdClArr,charge,charge,ch_3IZYtK18zanRv3f9W2VdIk0A,119800,3919,115881,eur,Payment for invoice J7BWYSRT-0005,available,1782771462,1783030662
txn_3tsoxWJh2mSpgUk3528DBX3V,charge,charge,ch_3qVSj0MK5rcrvTqaG2kp6GQc,59900,923,58977,eur,Payment for invoice RR82DUXV-0002,available,1782825850,1783085050
txn_3w1vwvuLKSwKYGn4NlV8Xe2R,charge,charge,ch_3kSs8NQDFasyyrZXvHOU4Plq,100000,2525,97475,eur,Payment for invoice QGWAF7GX-0001,available,1782830305,1783089505
txn_3N9MAjF5ls0l1vDLU67I6AL0,charge,charge,ch_3jbyyKHCHKynHx9C1oI5a5u6,179700,5865,173835,eur,Payment for invoice GHJU2OPH-0001,available,1782837143,1783096343
txn_3XMzivEPwXnL785ibWPzL33z,payment,charge,py_3p0viQKgHiHrXIrBDpEcxFAE,299500,500,299000,eur,Payment for invoice VIVCE63Y-0007,available,1782840583,1783272583
txn_3cDJXaw3Y5Fo7lI9l51F6q8C,charge,charge,ch_3MfM847fa9Pv7G2R8DBW3agf,300000,9775,290225,eur,Payment for invoice 4WQJIRQI-0003,available,1782896875,1783156075
txn_3JFpvNolGuw05ZZVpTdQygIT,charge,charge,ch_3tSME6OELhDh98jBnhBh1FBp,59900,923,58977,eur,Payment for invoice LUWI71PY-0001,available,1782901957,1783161157
txn_3nBxiw70HBqVanbqpXQE8P9b,charge,charge,ch_3aVq8JDu40jZERX0U2OpDDtS,59900,923,58977,eur,Payment for invoice 9L0R8G0L-0001,available,1782902626,1783161826
txn_3Ruc2RYUkmWbcZ7Q8EyovguW,charge,charge,ch_30ytMAaBEIET917JayGXZi0W,100000,3275,96725,eur,Payment for invoice 72BMHBMV-0003,available,1783014531,1783273731
txn_3usZHTJ8N4BVtOxMgxTwkry5,charge,charge,ch_3s5hopOrpNFtpj9V4flaSiLn,59900,1972,57928,eur,Payment for invoice I0SGICXM-0001,available,1783061176,1783320376
txn_3lgJpTz6wmFpE2ZxwqqqQ0Jt,payment,charge,py_31sX3kVSaJaRnBO3hQjV2eP0,119800,500,119300,eur,Payment for invoice APT97AK4-0001,available,1783189607,1783621607
txn_3ENKHYOko42wcdDLzbwXvVdw,charge,charge,ch_3t5nNBtSZikhuDFSXs6REdRs,100000,1525,98475,eur,Payment for invoice D291X8BP-0002,available,1783277545,1783536745
txn_34iyBYMaihv1Zsc2nc92EpFB,charge,charge,ch_3TdpQWWNFZok8QaBNezeMhpa,200000,6525,193475,eur,Payment for invoice EHXOLLVI-0001,available,1783337008,1783596208
txn_3LMTmPKZ61o0lwc6tD57n4HM,payment,charge,py_3OrVdIOY3BGEVLkDFbVGoH2a,200000,500,199500,eur,Payment for invoice RMYI1UC7-0003,available,1783431147,1783863147
txn_3JaANy4Md29NkwmpUf7CuShQ,charge,charge,ch_3GpIqefyz62aLWSHkdVIO90D,100000,3275,96725,eur,Payment for invoice LPEL4TW7-0001,available,1783439468,1783698668
txn_33JkZwhL285hC0JMF6Sr9Qzl,payment,charge,py_3HuGL2uQ3Ep0XriWWulW8uOC,200000,500,199500,eur,Payment for invoice 9KFJL7R7-0001,available,1783449617,1783881617
txn_3i6pGco1yRX00uqF5EWyGbnK,charge,charge,ch_3IXK62cq03llvp6ddgJE9sCe,119800,1822,117978,eur,Payment for invoice TERH4SIP-0003,available,1783463818,1783723018
txn_3zmaizxdfalWQir9vGq50FbG,charge,charge,ch_3ON2J54Foxk3HxtNeSyCEp8w,100000,1525,98475,eur,Payment for invoice 8YB61YI0-0002,available,1783501142,1783760342
txn_3U9hYKC5Ap5ZL41B8xeSCRka,charge,charge,ch_3TOBkDIg2w8r7DZJWb91LNIS,100000,3275,96725,eur,Payment for invoice PH5AANU6-0001,available,1783505511,1783764711
txn_3ijHQMcOel9NZqdPB0UDGcg4,charge,charge,ch_3yfeFJ9GnwnHsOEJ4JW5RlNg,59900,1972,57928,eur,Payment for invoice QKOGRCEI-0001,available,1783525338,1783784538
txn_3RyBEJSlrHx7rBBFKGsSzbrd,charge,charge,ch_3n0o99TOolNWWRVZ9uDbyCZg,59900,923,58977,eur,Payment for invoice PL8CHGO5-0002,available,1783546573,1783805773
txn_3585uFcAKTSqhMeG5CgmvMwx,payment,charge,py_3vDRDnnYlObJG7JEmkEfUsWn,200000,500,199500,eur,Payment for invoice 9L0MHP5H-0001,available,1783568721,1784000721
txn_3Zyi75lWETrFagKb31KNaLUP,charge,charge,ch_34uPV75m8P84QZhR36P61xxK,59900,923,58977,eur,Payment for invoice QPNSTS0L-0001,available,1783597260,1783856460
txn_3WXKIViKQlywv2CiTqg8bTVO,charge,charge,ch_3dmesSCarHiTjZetr3zziIQ9,59900,923,58977,eur,Payment for invoice CB2IMXKF-0001,available,1783665939,1783925139
txn_3SaTwwtBD9FKx0hpk2ai3mc2,charge,charge,ch_3utZLLV2hibbgGzJecOrQfIJ,100000,2525,97475,eur,Payment for invoice FA0N21BU-0001,available,1783680427,1783939627
txn_3JgEk6hEtDXEW5DYIxTRNJLj,charge,charge,ch_3aIntYKoHZkLaNIMVekPvBfW,100000,3275,96725,eur,Payment for invoice 4W8ZCN03-0001,available,1783688582,1783947782
txn_3R6ye4mkviYojMpDj5wjEpzf,charge,charge,ch_385zbQwDa5ttMFCs4wa94iYz,59900,923,58977,eur,Payment for invoice 5S0VKVZ0-0001,available,1783690444,1783949644
txn_31YKGMJSwgpiS65c2sVjyy5B,charge,charge,ch_3dSz8MwqJNPORprSTzDsbdFg,100000,1525,98475,eur,Payment for invoice ZFK36IYA-0001,available,1783698504,1783957704
txn_31zCqncc5I51micQBfrQQVO1,charge,charge,ch_3X2rmDH5nFq1KO6k1JCXqMEs,119800,1822,117978,eur,Payment for invoice 727ZJMJN-0003,available,1783759244,1784018444
txn_34533eAaOULzmg5Du3N0gJZR,payment,charge,py_37kYGCPYuIfy4bHvRDemHSwk,200000,500,199500,eur,Payment for invoice MW7EX1GM-0002,available,1783797366,1784229366
txn_3pgvjrmvGLzaEq9XVeSYV8N5,charge,charge,ch_39b9ipzCHQanHRmECWn0dSIO,119800,1822,117978,eur,Payment for invoice 3JMDNKJE-0002,available,1783876672,1784135872
txn_3psJ0ioTx0e5dHA1KJyIibys,charge,charge,ch_3Ri4rK9RFT7WBdeak0uTcWpj,119800,1822,117978,eur,Payment for invoice FQWK6K8Y-0003,available,1783916888,1784176088
txn_3iewcXRn9T0o4Jhpmlacbt87,charge,charge,ch_3O4Me41rTZ2fC2XiGXAbPRnq,59900,923,58977,eur,Payment for invoice LN925QM1-0001,available,1783941015,1784200215
txn_3Mw0eKnwpBIZNHt16SXKrWXW,charge,charge,ch_370JGxO2e6XJgUzlBQbYaXYZ,59900,923,58977,eur,Payment for invoice 4D70M4FA-0005,available,1783941139,1784200339
txn_3TeKC46d5cBfhnGJ1NXuEZyt,charge,charge,ch_3RCpCSQosdkFNaI2nqCvQZNL,200000,6525,193475,eur,Payment for invoice J2E9K0VA-0004,available,1783960092,1784219292
txn_3Jsj2hmS5CqQ18dHfIkQNGyB,charge,charge,ch_38TVtj50cJTyoMtJtscPxEVS,119800,3919,115881,eur,Payment for invoice EVC1OVO2-0002,available,1783961167,1784220367
txn_33LcrsNzqJd0Rvtxpm5k4smF,charge,charge,ch_3V8cGXbNchPScCviqBYXWPdo,200000,6525,193475,eur,Payment for invoice 1D0NBJ1Q-0005,available,1784020170,1784279370
txn_3V4Q8VMUVQJtMVdjaLLdwRSN,charge,charge,ch_3pcopBmyeiJZsmu4FvazVIdd,59900,1972,57928,eur,Payment for invoice XKQIFOMQ-0002,available,1784033166,1784292366
txn_3dNtKNbRN41FHao1DQmdz5LP,charge,charge,ch_3g70SPP367NAZhCj0q7vIvnw,100000,1525,98475,eur,Payment for invoice 32SGRCUS-0001,available,1784036336,1784295536
txn_3wn2zL0DnubILo3PLA1pSgbr,charge,charge,ch_33CQj9Ne22lVzn1PWXeY2Shu,119800,3919,115881,eur,Payment for invoice R4NN8JWO-0001,available,1784036350,1784295550
txn_3XiWSKvBmoFCNQATQVzgDaWY,charge,charge,ch_31x6ZRtfxvtGqEzieaIRGzAO,100000,1525,98475,eur,Payment for invoice 0Z8DATMO-0001,available,1784047693,1784306893
txn_3U06kBtfcOlG2AQMO8xLRbq1,charge,charge,ch_35mCzhaSPILOBZMcRu8Ew5LM,100000,1525,98475,eur,Payment for invoice EA6HBWJB-0002,available,1784110673,1784369873
txn_33407aI65aG1QGiXeUkesruI,charge,charge,ch_3zW15AZ4gPnmxyUb8btHgSou,59900,923,58977,eur,Payment for invoice D9A7W6U6-0002,available,1784127189,1784386389
txn_3lDUSYQvBklSEEWIeQrBKbMY,charge,charge,ch_3OazaLFfocybutTV7z9LscA2,59900,1972,57928,eur,Payment for invoice 6RS3F6IJ-0001,available,1784130293,1784389493
txn_3UNy82Gqzs4ICjJMo6LOVpKi,charge,charge,ch_3gcvasWpFYwfIeiCXhncwjNr,100000,3275,96725,eur,Payment for invoice U5CLNRNP-0003,available,1784137701,1784396901
txn_3dFkljMxYr1503NjsXpCsLFG,charge,charge,ch_3KqnezgD5Yr1Wd2BNxyud9e4,100000,1525,98475,eur,Payment for invoice EDE0S52Y-0004,available,1784278494,1784537694
txn_3YxwFmmgIbEnJnprzKwOikjx,charge,charge,ch_34CFT5SVpP9oTyX7piSf09JM,299500,4517,294983,eur,Payment for invoice WUZK1967-0001,available,1784299123,1784558323
txn_3ZOTV9qfxNd7GRaN4clmSbhP,charge,charge,ch_3C9Yn5AsFrQCtVd3kQxbt5Ju,100000,1525,98475,eur,Payment for invoice Z6VHM5B3-0002,available,1784326263,1784585463
txn_3BxYSJ8vppe1Qx6z7umPf1Et,charge,charge,ch_3gwBvI0rxsvi6oElIiRLh83T,59900,923,58977,eur,Payment for invoice OMU3L04S-0002,available,1784372523,1784631723
txn_3u0DehBRu8lde8eMpXdQc268,charge,charge,ch_3pXqqwKlg5doSIFsO1JXie6b,100000,1525,98475,eur,Payment for invoice Z9SW3UL4-0001,available,1784464715,1784723915
txn_3IYMWuBii8apEsrcHA3t0QLw,charge,charge,ch_3MaXoM3kSGG7M79Ul4pw3Jtz,239600,7812,231788,eur,Payment for invoice U5NXIQT7-0002,available,1784532199,1784791399
txn_3tz7mgOUUv6Z5ZrZ3UknciYh,charge,charge,ch_3pl4RyWgEaUQBRhz5ViPRsY5,100000,1525,98475,eur,Payment for invoice 1JKBC34S-0001,available,1784567583,1784826783
txn_3ElWyVSOYuJzp9TcKNPqMKgz,charge,charge,ch_3bnsomqkZrYYldfQ36tFJrT1,179700,2721,176979,eur,Payment for invoice QFO6UTA4-0001,available,1784595585,1784854785
txn_3SxJi75CATjASrpV9wXOs1cF,payment,charge,py_3bPL9L0EHQ2XCrb30KHzuFDL,200000,500,199500,eur,Payment for invoice LJJRVUSZ-0001,available,1784601442,1785033442
txn_3iWnIV4hlnHvqvgzTH3mDk3g,payment,charge,py_3UjfpGfvzWAzyANYjdpsRIV4,22000000,500,21999500,eur,Payment for invoice 7UO3IAG1-0001,available,1784625190,1785057190
txn_3ETotwEROpa5rNsEVYMwfKC2,charge,charge,ch_3jQmDSP4R68ziITrhvoH4HcI,100000,2525,97475,eur,Payment for invoice JTA6MOND-0002,available,1784640724,1784899924
txn_3Bs5QLspWj6GJckdaWJ8WePg,charge,charge,ch_3rMJhTxdI3GCmE5caEvdiso9,59900,1523,58377,eur,Payment for invoice T2CS5KXZ-0002,available,1784656192,1784915392
txn_3HgvbChISwGAyE5tY8vj1G8N,charge,charge,ch_3IbuPf7f6HDJK7TKJYGvRRUh,59900,1972,57928,eur,Payment for invoice IS8BUPTT-0001,available,1784669335,1784928535
txn_3UoWMk4n8usobxwi4DTtO1jZ,charge,charge,ch_3xSTlXvKuxWcJkZDuUe3cvFZ,59900,923,58977,eur,Payment for invoice GBFNW5DG-0001,available,1784713013,1784972213
txn_3IaTWjjhYAzWS6jVbLv36iuW,charge,charge,ch_3t4t7Hk1UziRTMERBgvrULEq,100000,3275,96725,eur,Payment for invoice 1KYWPZR5-0002,available,1784718048,1784977248
txn_3EYtrqZgoRA0siNdIDASbKVp,charge,charge,ch_3gRL4EQknff70egyUhx6SLbq,100000,635,99365,eur,Payment for invoice 9OJ569P5-0003,available,1784718508,1785150508
txn_3sJC9wzXahlfwbIvhfhxnQFO,charge,charge,ch_3t3hvd1sJCU4e60nJVJTM533,59900,1523,58377,eur,Payment for invoice 4IO16Z1Y-0001,available,1784727929,1784987129
txn_3EHJ9KekiOwF2avoYJw4JfaM,charge,charge,ch_3j4nqoQRtvQtXfBVztq0ykPu,100000,3275,96725,eur,Payment for invoice QFD9GE7O-0002,available,1784741843,1785001043
txn_3iSBmGudsQtlhwrh2oo1qJkO,charge,charge,ch_3b8UlR5fbpBg1BqElLKSmJ6T,100000,3275,96725,eur,Payment for invoice 081YEXMX-0003,available,1784745639,1785004839
txn_3Lr0pQP0xtxYg2cywuf4eYML,charge,charge,ch_3sysrikVA2Ltg22rlYxG89A0,100000,3275,96725,eur,Payment for invoice FRFM00ZT-0001,available,1784781937,1785041137
txn_3fDnswLtckN8xTD8LuF7uS4u,charge,charge,ch_3DSHQORS8wmfJKU3S2lubDbR,200000,3025,196975,eur,Payment for invoice 4PE8TW3R-0002,available,1784801963,1785061163
txn_3dhm5zN3gzuCgomcyQKftVAr,charge,charge,ch_34W5BVoNwRgsodUZWsIqgt6k,100000,2525,97475,eur,Payment for invoice KJ2V0W83-0002,available,1784802810,1785062010
txn_3dFo0CcNh5jiLbCQhWnyVpYT,charge,charge,ch_3yYosj61HjKk5a7EE4h2JxaB,59900,923,58977,eur,Payment for invoice FQ4Y9TVB-0001,available,1784809584,1785068784
txn_3SdCkNhKImc7hroaIakp3OrW,charge,charge,ch_3fa96dVUgSqTDIWPUN2RH66d,59900,1523,58377,eur,Payment for invoice KLSVMN67-0002,available,1784881723,1785140923
txn_361Pcyj8AQ6RE5KTOUmaa1yC,charge,charge,ch_3zRA0sPKUX3MD58RYasUAcRs,59900,1972,57928,eur,Payment for invoice HSG881B1-0001,available,1784902730,1785161930
txn_3XVXrF3wcQa1yAiJwrEu8sqj,charge,charge,ch_3l5MwcKvqXpXkyfu4hqPazCA,100000,1525,98475,eur,Payment for invoice K9KWYFJL-0003,available,1784981306,1785240506
txn_3L2dgwtk4u0p30EenUCClslx,charge,charge,ch_307MMx1v765b5t7XtMbgmRAT,59900,923,58977,eur,Payment for invoice WNMZYRPJ-0001,available,1784983908,1785243108
txn_3jBPfHHIZ5Fj0rxaXjBpHGG0,charge,charge,ch_3x5lnZ14lwbYNcQEbr0fcDQo,100000,1525,98475,eur,Payment for invoice 5VTM5HT1-0002,available,1784996092,1785255292
txn_35Uxt0KyYhtlxoWE0AlwAbUD,charge,charge,ch_3WndTY2tMvH4BPE6igpcflsE,59900,1523,58377,eur,Payment for invoice ECBCGCVE-0002,available,1785062214,1785321414
txn_3V0cqyRxuqLE7JcV77LcfXmr,charge,charge,ch_3IQ2RzfUYU7cjnIHWnMdhMZo,59900,1972,57928,eur,Payment for invoice WLLTCYK8-0002,available,1785083629,1785342829
txn_3URgraQWPpTYG51HUeIuKymR,charge,charge,ch_32CB4UAGkJ8DkR7Chxmqc1t5,200000,6525,193475,eur,Payment for invoice QVRQNTRJ-0005,available,1785083933,1785343133
txn_3ZFGKRGDkn6bqvWFY9jX3wC4,charge,charge,ch_3bSlxBk4uCPqPZQmL25kRmKd,100000,3275,96725,eur,Payment for invoice 4WQAHWHV-0001,available,1785164636,1785423836
txn_3xYxCs9SsxfaIZlW40QWS6H5,charge,charge,ch_3seA8tWz8Oe7AIHq9zEHboJt,59900,1972,57928,eur,Payment for invoice Y9CGLL6G-0002,available,1785246318,1785505518
txn_393dKJ1LZ4Pdi4gnmkaHje1r,charge,charge,ch_3HluMofYB0Xz0XrSaHtLdg92,59900,514,59386,eur,Payment for invoice 4VYQBGTV-0001,available,1785248371,1785680371
txn_3BRF5IojW9idbTzfDZxSKi4C,charge,charge,ch_3rCw2Envw7gczQfN2kaQqDUu,119800,1822,117978,eur,Payment for invoice R37PE65C-0001,available,1785334203,1785593403
txn_32xuBXM3S0yaIEzSw3HFh4JT,charge,charge,ch_3fRzqaB0m1fLYNu09XPE6DDe,59900,1972,57928,eur,Payment for invoice MGGPEXVH-0001,available,1785345242,1785604442
txn_3Th5lZ1EUY7kskzGQjZes4LS,charge,charge,ch_3cTjIy5gUKFwRGSyzKhcw8UO,100000,1525,98475,eur,Payment for invoice 2B0SV10Y-0006,available,1785415614,1785674814
txn_3zeYxHCF1FEHSfgbarDfpAng,charge,charge,ch_3Zzn2vfah6RQNlF71uhnJ6BX,200000,6525,193475,eur,Payment for invoice DN6VT8FH-0004,available,1785424774,1785683974
txn_30NljAEAy4iTuYSlWgFboYaN,charge,charge,ch_3kBhzwqTRLsjUImvj8NXloiZ,59900,1972,57928,eur,Payment for invoice NUH1OFJB-0001,available,1785493679,1785752879
txn_32jrPvz3oxPmJzb5YkjyzKkD,charge,charge,ch_3kpz8qE2VUvpKcLDJBLPKtRr,100000,1525,98475,eur,Payment for invoice Y5NEMURQ-0002,available,1785522459,1785781659
txn_3AMWeLAIWczFqgj3FgcfDmVT,charge,charge,ch_3g5jUKOBazdvTHNL4I7QGVjE,200000,5025,194975,eur,Payment for invoice 181KEO7G-0002,available,1785591884,1785851084
txn_3Honw5tYXan8vqzxWcE41hvj,charge,charge,ch_3D8Sc5YntnOJAg4eCaKJKxuc,400000,13025,386975,eur,Payment for invoice A8BSXFFD-0003,available,1785652062,1785911262
txn_3GVd2c1xmUJqUuxyfxqgvuU9,charge,charge,ch_3RuOkrW00sox7To55VpdJdYi,100000,3275,96725,eur,Payment for invoice JBEO009M-0001,available,1785721380,1785980580
txn_3NbiplAPpE6LBlXFB80O0XWb,charge,charge,ch_3vEY30mJ0DNTeGFlTOL03ban,59900,923,58977,eur,Payment for invoice Q4JQICWM-0003,available,1785762116,1786021316
txn_3m2Uq3O9PAFMDmMU39hpxBtr,charge,charge,ch_38jwtfK408EGvtVHEQeKSWFq,100000,1525,98475,eur,Payment for invoice 9LMWL8FU-0001,available,1785834885,1786094085
txn_3v0dLs5NHh5y1tSFOj1ucDRN,charge,charge,ch_3hADrsPLi2G5fTCBl0tXQHnB,100000,3275,96725,eur,Payment for invoice 09GWJYAB-0005,available,1785852567,1786111767
txn_3VO25h2uXUv6JbNE7mXste1l,charge,charge,ch_3VoN041uZZgIm2Lyagt22MmT,200000,6525,193475,eur,Payment for invoice RN509FK8-0001,available,1785857265,1786116465
txn_3N0OXV9gOMocypSaKLKlV64X,payment,charge,py_3DxuMa7rTHygZ9YEKn51GdQJ,179700,500,179200,eur,Payment for invoice PGA423GY-0005,available,1785868021,1786300021
txn_3DMrKoKGgEpah18YT5iwvzAn,charge,charge,ch_3rNdOPnBdGagKPEiEPZh4SHO,59900,1972,57928,eur,Payment for invoice 7RH48QXZ-0001,available,1785933002,1786192202
txn_3dxWlylDnbbL25pdZ3o5VoR7,charge,charge,ch_3cQTuaqw4x50ElOKf5HOocIz,59900,1972,57928,eur,Payment for invoice YJCZ2N8S-0002,available,1785933021,1786192221
txn_3Y1vxIoQCkNqgOUd5VHAlvS5,charge,charge,ch_3xHIrQIhIGUiKypYyJsXJEv4,100000,1525,98475,eur,Payment for invoice RRVITTGG-0001,available,1785935365,1786194565
txn_3qZ4hmdlwyzTjiJ805LntLw7,payment,charge,py_3cNpZZprA8EvyiBI9vA7ITgY,300000,500,299500,eur,Payment for invoice SKFVQMNW-0003,available,1785968868,1786400868
txn_38QB3B2fPEr8SpCCXBdHCPgy,charge,charge,ch_3boYjwXGuOYXFapYq5VCC1Ah,179700,2721,176979,eur,Payment for invoice 8C8M6UJB-0001,available,1786016879,1786276079
txn_3eMSnK93b4eqazwaJKta16bx,charge,charge,ch_3OMozYQXiLYl1KbFyMwK6F6o,100000,3275,96725,eur,Payment for invoice LRNEOAKR-0001,available,1786033328,1786292528
txn_3fg4b5pPCRtRFwEcMrL0mzLV,payment,charge,py_3Le8RGZeNi118CfJuGUyZ5ft,179700,500,179200,eur,Payment for invoice ESMQ0W5R-0001,available,1786034190,1786466190
txn_3uDbJT7tGXBsYUuczm264KSE,charge,charge,ch_3AfFO6kssFbQUaocuFXwD5oE,100000,1525,98475,eur,Payment for invoice DX891VLG-0001,available,1786035370,1786294570
txn_3K2WuP2UQwhHSf2nubC3CJ7r,charge,charge,ch_3xsTJtpHgW34Otbkjot7UATM,59900,923,58977,eur,Payment for invoice 6TM9J58D-0002,available,1786037754,1786296954
txn_3ZzUHenD6uQsl3HpnpS5hNo3,charge,charge,ch_36nPZe9mQrchxslfPTUIyB1U,59900,1972,57928,eur,Payment for invoice GWD4U48A-0002,available,1786044231,1786303431
txn_3WgjXSE3nS4OoXkWnjHP8yhk,charge,charge,ch_3iUNE634Iccw2IpFEzIGQee7,59900,923,58977,eur,Payment for invoice SMZEU26P-0001,available,1786045641,1786304841
txn_3mkkqLCUa7L5vwE0Xp4WbudA,charge,charge,ch_3S5o1vtNJ1s7MhKsBUnElaFE,100000,3275,96725,eur,Payment for invoice KIQM012C-0004,available,1786183341,1786442541
txn_3bEihohNSK0hs2C1NdbK2b7y,charge,charge,ch_3k19wUGjTkjAGOoRyaxbI9n8,400000,6025,393975,eur,Payment for invoice 3YETWG7G-0002,available,1786211874,1786471074
txn_3NPpQb8pfFmxjN41ZaG62Xy3,charge,charge,ch_3QTab0n8PPMLvVgJxShpYt89,100000,1525,98475,eur,Payment for invoice MELYEYGJ-0005,available,1786270793,1786529993
txn_33mpDJbgJUnMcSJsY5tVfAmc,payment,charge,py_3ndKEOjgI4SiAahpEp6NQB48,179700,500,179200,eur,Payment for invoice 0BPO3H5J-0002,available,1786293564,1786725564
txn_35a5E02etd7p0L0bmoBcZRN5,charge,charge,ch_3LhYrCfJZDU5Uf7tcQGuDQBo,59900,923,58977,eur,Payment for invoice VG1I7F5Q-0001,available,1786350025,1786609225
txn_3ucNBlmRVeBmeTuv5d04Wvdz,charge,charge,ch_3mbdxoWW4ptxJ3yN1lGn70Ww,59900,923,58977,eur,Payment for invoice RTI7JHDO-0001,available,1786371753,1786630953
txn_3KIRVUNpScGZ1bwzXisu3Wgc,refund,refund,re_37b6a9LDljsl8R3VOQHAZBSl,-119800,0,-119800,eur,REFUND FOR CHARGE (Subscription creation),available,1786377483,1786377483
txn_3RRmhSEwGxTRRRoNeKAUznSY,payment,charge,py_3PeeIxV9BdOHPS9YUfdlcYqd,119800,500,119300,eur,Payment for invoice EXVALQSN-0001,available,1786463015,1786895015
txn_308zJprJslxu9ud5n9sncOhN,charge,charge,ch_3CuLYUwwvv6ResngMchPicaQ,59900,923,58977,eur,Payment for invoice 0297TLY3-0001,available,1786468180,1786727380
txn_3rVCSIEDflBPOJcot6AA2F2Y,charge,charge,ch_35gy3INIhUfRlBrKiXkeSEcM,100000,1525,98475,eur,Payment for invoice BJWQQI42-0001,available,1786468579,1786727779
txn_3fCJcTtxtw3ni0OblpWaYzQa,charge,charge,ch_3g4yXDZfUj1TgXwcQ4LSykPi,200000,3025,196975,eur,Payment for invoice 2NDH9SVU-0001,available,1786483160,1786742360
txn_3tXWZHJOxPDLDRPSuSVcozsw,charge,charge,ch_35HrCVuuq1XGJeTeqguIrbSq,100000,1525,98475,eur,Payment for invoice TF9CME13-0001,available,1786506692,1786765892
txn_3DDzV4X1hSAFzT9CYo0sFGRT,charge,charge,ch_3SoaUiI6HUPqCG19Cd8nMv6k,300000,4525,295475,eur,Payment for invoice RJFOVNGQ-0001,available,1786531670,1786790870
txn_3vZSRWOHQVweUKCYvkcwlRNo,charge,charge,ch_3eYE3scb9bZyqUH6GghvNGdM,119800,3919,115881,eur,Payment for invoice 7SD3CJO2-0002,available,1786541001,1786800201
txn_3QT1ZKZwIV55zZG4hSFoxger,payment,charge,py_39LIaD6cwYTTFQipkD04n18v,200000,500,199500,eur,Payment for invoice VDWDAVRS-0002,available,1786666826,1787098826
txn_38AV4i7qk3M9Xh17LZQxp7ie,charge,charge,ch_3sa0ev7M8P4MHR0uKheMi8aq,100000,1525,98475,eur,Payment for invoice A6222KGB-0001,available,1786710730,1786969930
txn_3B0czXW3mFRWvKY7BtkUsuJF,payment,charge,py_3wO3ICbGP4X2JWrCaPUE975H,119800,500,119300,eur,Payment for invoice BKR61HK7-0001,available,1786713718,1787145718
txn_3mbnVbqhwtQHcGJj1C3TyoD9,charge,charge,ch_3LNXaiMYkrH9OqDfCMVZ3blK,100000,1525,98475,eur,Payment for invoice ZOOLVA4V-0001,available,1786790383,1787049583
txn_3CIyW2n3Wn80bK0uOwUfVWDx,charge,charge,ch_3YUhrukRj2LtukVZzsaMizI2,100000,1525,98475,eur,Payment for invoice RVPVRTYT-0003,available,1786810535,1787069735
txn_3kU3WMAez69mYg98UmL2tYqs,charge,charge,ch_30JRyIsk4CZ8lNrifWwFMigd,59900,923,58977,eur,Payment for invoice WROMY37J-0001,available,1786874196,1787133396
txn_3gQkoHxagQkLL4VBfKXmnXNY,charge,charge,ch_3eK86hYv3yQgBEYlooUw1TN5,100000,3275,96725,eur,Payment for invoice V4UIEGBV-0001,available,1786946362,1787205562
txn_3lgxJVsu4qG80D5wbdTTxieb,payment,charge,py_3blzG1wTDp7CBdFxLqBrreSG,400000,500,399500,eur,Payment for invoice ERPOW8NC-0003,available,1786963065,1787395065
txn_3cGW7UlOBA1a5AaGAMK9GxTc,charge,charge,ch_3n3iyRNUHiSIn8TZqU7C1ftQ,100000,2525,97475,eur,Payment for invoice 1L674EEO-0002,available,1786964879,1787224079
txn_3o89qd5Lx6BjJCdE2RZgakkF,charge,charge,ch_3vhibvZGl7RmSlFG5Ci6s05a,100000,3275,96725,eur,Payment for invoice 4K51I2MN-0001,available,1786975058,1787234258
txn_3lKdnWILQ2gJpeCSRItWYdij,charge,charge,ch_3oUxRXjy7GbADfYs0863QRdL,59900,1972,57928,eur,Payment for invoice MEWMS3P2-0001,available,1786987232,1787246432
txn_3awTNlrnOZedBFddHTcmeLuX,charge,charge,ch_3zjIy3WblffN1vBzhBAzXYvP,59900,514,59386,eur,Payment for invoice 40BJGWX4-0002,available,1787050625,1787482625
txn_3k2H9Gyqij6HZQ4WsgJE6Agq,charge,charge,ch_3YZHcpvIEkj45e6bKJijTeQ9,100000,3275,96725,eur,Payment for invoice GIDVMI8I-0005,available,1787052101,1787311301
txn_3zpYnmI7ASlX9vNC6yeAYuIz,charge,charge,ch_3ya9pz6Mmyk8E08L6G12pIcd,200000,3025,196975,eur,Payment for invoice AN9T1DEH-0001,available,1787076913,1787336113
txn_3Eqt2vYmUDhS5YXbKymnmcHD,charge,charge,ch_3fdXeYER4wduyW8RAleazk9E,100000,1525,98475,eur,Payment for invoice VFKKYNRM-0004,available,1787079895,1787339095
txn_3p9vm63tpZg1Swjoxfv0edoq,charge,charge,ch_32wOjt6FHXDi2PMEzFk7Qp9P,100000,1525,98475,eur,Payment for invoice I6XVWP54-0002,available,1787139016,1787398216
txn_3yvB4gDECAnErqp9B9pPQ0Zx,charge,charge,ch_3BHqhdSJoBNt36tR7uVMnAbn,100000,3275,96725,eur,Payment for invoice BYWW2KYC-0002,available,1787143061,1787402261
txn_3aLvYTQEjDz4qN3BCKyzA0F9,charge,charge,ch_3u9ojKFd7m3EkYrBZu55J9bU,200000,635,199365,eur,Payment for invoice MJN3MQZS-0004,available,1787143329,1787575329
txn_3ubTU2JeMzxGR1GzxYLqyp86,charge,charge,ch_34G91snEDjwGHelKo9qmNL31,100000,3275,96725,eur,Payment for invoice L1TDF5EA-0001,available,1787149172,1787408372
txn_3GDzRToE4nVYSaxZQUxkTs3k,charge,charge,ch_3vhs0yhK24lgrLdlmfi8ueDX,100000,3275,96725,eur,Payment for invoice WT53WT07-0003,available,1787149399,1787408599
txn_3Ue1pGhBKmBzTWDwxWxVLX6U,charge,charge,ch_392sEvBhoXZXLIk88lovUF6h,100000,1525,98475,eur,Payment for invoice 5HBI9P1B-0002,available,1787150946,1787410146
txn_3LAIGlXN0nkNy2A1nemALBUH,charge,charge,ch_3U7QqYgJIYVzxCQaXridVe0P,200000,6525,193475,eur,Payment for invoice I2QDO8YD-0002,available,1787231373,1787490573
txn_39hn77wBg556LK7uLLvdolYK,charge,charge,ch_3nBj5Fv8w9PUJCIKZIoupxDU,59900,1972,57928,eur,Payment for invoice JNUSZA0H-0001,available,1787242779,1787501979
txn_3l0IOJBUYnHtcxPnOCFIzQdH,charge,charge,ch_3WEZbmphF67demlcvCd9fhGL,100000,3275,96725,eur,Payment for invoice 2UIINIVS-0001,available,1787246434,1787505634
txn_3HLhezVjE7JJtAcLbtMcW7Kd,charge,charge,ch_3fHfn2sLLYoWEuLGaNZFcfSB,59900,1972,57928,eur,Payment for invoice AGFVFFP9-0001,available,1787296134,1787555334
txn_3iYPJM6N5SPFEJt4hUGYTXrt,charge,charge,ch_3JsWS5TsjdbfqPCvN6FMEJB3,100000,3275,96725,eur,Payment for invoice Q2XMKRLB-0001,available,1787296815,1787556015
txn_3SItOe8zoOK9Foi2k5AxYnjZ,charge,charge,ch_3DGj2M4r9sJ5SbvgkD39KiUe,100000,3275,96725,eur,Payment for invoice FTCL5J61-0003,available,1787297684,1787556884
txn_3d5ar3DeDKNIYdBKosd3LrfK,charge,charge,ch_3RagLITcEbOU3juCUediFFlY,59900,923,58977,eur,Payment for invoice FK6EG89T-0001,available,1787303778,1787562978
txn_3OYyCsahTtPNvHSz0E9zYZBm,charge,charge,ch_3XY1uDxxIrz9QvNtmEdblz5O,100000,3275,96725,eur,Payment for invoice TBV8W87C-0001,available,1787321991,1787581191
txn_3VTwChpL8KQbr7nnqQCLJ0eJ,charge,charge,ch_3XCpASdNQXlEFx5qytdZ1sue,59900,923,58977,eur,Payment for invoice HAVAUZY2-0001,available,1787322017,1787581217
txn_3kI6H1g1wNWmJiPzBXfTtUDS,charge,charge,ch_3uD715kT9hgKNGTMdiE55HQ7,100000,1525,98475,eur,Payment for invoice 7C6GDRVQ-0001,available,1787332865,1787592065
txn_3ZwPuzLMVpBlQRhuwDdosZdb,payment,charge,py_3o58tI80HutKJOBLbtlKMTnM,300000,500,299500,eur,Payment for invoice K2WPR87I-0003,available,1787339565,1787771565
txn_3IDZ0s3KxWD8nKtWRnmNGQMc,charge,charge,ch_3CZwhg48H0dz4q7sHxUPv3GL,100000,3275,96725,eur,Payment for invoice QKU5KEH0-0003,available,1787377137,1787636337
txn_3CYPkrzRZzZIXHKlitqzRhOU,charge,charge,ch_3ogAaQegAO5V40OkKp11U5d1,100000,3275,96725,eur,Payment for invoice I8RDS1JP-0004,available,1787397708,1787656908
txn_37FesDgGDVw657kut24wKl8t,charge,charge,ch_3oagIGNlagMIh4BqoImfogpZ,59900,1972,57928,eur,Payment for invoice RE5S6HVR-0001,available,1787418682,1787677882
txn_3kqSAqHTRqFSRmBxFzGKFHx8,charge,charge,ch_3rv9GstU7jzRvjYWdXpzTBy2,59900,1972,57928,eur,Payment for invoice BQECWDU8-0001,available,1787484123,1787743323
txn_3iFVWefkIsTRi2wnHee1CUfE,charge,charge,ch_3Owj9mkgSfarezUXocliBnJk,59900,514,59386,eur,Payment for invoice NNDBT39A-0004,available,1787494115,1787926115
txn_3nOATNtjCZ9F0UCkw7hwl9OW,charge,charge,ch_3mGlUURZpG0RGrtulnCEHW9E,100000,1525,98475,eur,Payment for invoice CW8NRF1H-0001,available,1787571570,1787830770
txn_3229lJXsqkslyrLm8J6LRFNe,charge,charge,ch_39PBtmDASnhWsEPNRGnI9kTa,59900,1972,57928,eur,Payment for invoice OCL25UCL-0001,available,1787586095,1787845295
txn_3Ydew3WJv8PFUQyHPZUn0idb,charge,charge,ch_3gUO5xzlbpoFT9J5atTGm3AA,59900,923,58977,eur,Payment for invoice 45OTXN5O-0001,available,1787589998,1787849198
txn_3PMEbcxpuoJllto0Kkx8sa4T,charge,charge,ch_3ZaFDhRUCUkVqwp3R1SZwZVo,119800,3919,115881,eur,Payment for invoice 7MGXNB4L-0001,available,1787591193,1787850393
txn_3V3SETlZHmrVwTH7iMjGBGUm,charge,charge,ch_3PKO2pspaKwyNKNpkBLSrZwe,59900,923,58977,eur,Payment for invoice BDQM29VZ-0004,available,1787598416,1787857616
txn_38p6Wfikwo0UIwYYkS6mI6pu,charge,charge,ch_3IjYzYLmIHRMwTQHi5dDtE8z,59900,1523,58377,eur,Payment for invoice KD9VJ65A-0002,available,1787631021,1787890221
txn_3ojFJsY0UJQ0UBQxliXFf40E,charge,charge,ch_3Sdepz1eRl5ef4Zc92L94znG,119800,635,119165,eur,Payment for invoice MR5WMX2X-0004,available,1787635010,1788067010
txn_34PKyk3s1mO3JIsV7popOdUC,charge,charge,ch_3UyPZjtAC64YakI2bVmyyWB2,100000,1525,98475,eur,Payment for invoice IYVN0ATP-0002,available,1787654068,1787913268
txn_3QIVRMZdeo2iUdxNLFLV659Q,charge,charge,ch_36wrrUzLo42e4QaqfhMwykTD,59900,923,58977,eur,Payment for invoice W8UMU636-0001,available,1787668406,1787927606
txn_3RT3NELYk9SrgeBwrIpTskBB,charge,charge,ch_3nrMsUdEfTXO2je514ngmXtr,59900,923,58977,eur,Payment for invoice HE9CC6DT-0002,available,1787668670,1787927870
txn_38nV3eWrZ76va3PE7XnIPfyJ,charge,charge,ch_3u90egzazOnGoOfFw5xNvyAg,100000,3275,96725,eur,Payment for invoice FC6J09PJ-0002,available,1787670733,1787929933
txn_3vZHN4tsJnSoVPyBpmWPovGy,charge,charge,ch_3PBnUGD0zrmldJY3qD8NoGYs,100000,3275,96725,eur,Payment for invoice GHDWSOQE-0001,available,1787735532,1787994732
txn_3TUGuOe7bdhzFnWjD1Vd2QQH,charge,charge,ch_3VbxU2qZE5qtxoLaiRRXWPoO,100000,3275,96725,eur,Payment for invoice 4DV1M0J2-0001,available,1787738264,1787997464
txn_3ovQes9F7VaCJ4fnSI3a8QOd,charge,charge,ch_3Pnu7EBMUFCmDZEfoxJP47ta,119800,1822,117978,eur,Payment for invoice FZQ1CGF3-0005,available,1787741366,1788000566
txn_3oMYwADsqMWgkCgEa1r5Vmj5,charge,charge,ch_3lUVXQ01FCcrIYDTmBuVXuh5,59900,1972,57928,eur,Payment for invoice OPFLR5EO-0002,available,1787761059,1788020259
txn_3zIFA6TzsslTesv2TbaIG4UX,charge,charge,ch_3x0jjBufYONWaM36r5T3riBd,59900,1972,57928,eur,Payment for invoice NZESXRXV-0001,available,1787777212,1788036412
txn_30ZTmP8L6VGEPdW79Ph7Gsl7,charge,charge,ch_3t1tGw1m8Qjk07N7xa84vC7S,119800,3919,115881,eur,Payment for invoice NXM8WB05-0003,available,1787848048,1788107248
txn_3i0zF3MSgxP2TDs2Jp5tyGze,charge,charge,ch_3u3Aqz5xwfPCPprOjjT9p5yW,59900,923,58977,eur,Payment for invoice H6FHRUVA-0001,available,1787915643,1788174843
txn_3JJr6Z2KyIukzCqOdDUXSHYQ,charge,charge,ch_3OUmYfGLfqUNqw7gLXQQtNFV,200000,3025,196975,eur,Payment for invoice 9DB5FBH8-0001,available,1787933543,1788192743
txn_3abEc2DAlZldCN8gQFFeD2xc,charge,charge,ch_3QJuBIn9WDLaxX2PzdnLWhss,100000,1525,98475,eur,Payment for invoice FFG96VUY-0004,available,1787935304,1788194504
txn_3KX0uV9pimKOXOyI1Yodh9kn,charge,charge,ch_3G64akouX8Jf6zgDevhLsTXz,100000,1525,98475,eur,Payment for invoice 3D5JL3M1-0003,available,1788000989,1788260189
txn_3npESknquUuYSnfxhHu8rGSE,charge,charge,ch_3wBbAUIFhiSTuM0AhxFoX4bX,59900,923,58977,eur,Payment for invoice G0725X5Z-0003,available,1788008101,1788267301
txn_3r7MICQUxHlwzjymKXPf6jPh,charge,charge,ch_3Eg5TH6ZljFmJMSbcfwP87Ty,100000,3275,96725,eur,Payment for invoice 31JXR6NW-0002,available,1788019745,1788278945
txn_3NdvTCJSXcZFwkyof1yqrvCz,payment,charge,py_3IiqQSffLsZwwUPXeV3sH0Mx,500000,500,499500,eur,Payment for invoice 1W9RJHZS-0002,available,1788029785,1788461785
txn_3fj8P2rglcO7YWLGYiIoJMB6,charge,charge,ch_3LY4kvk7Z9fUxMPGPw7kgaxY,100000,1525,98475,eur,Payment for invoice CTWVOYJB-0001,available,1788094049,1788353249
txn_3kTGmoPkdOZyTsb4LBb5oZfr,charge,charge,ch_3ureBwHRRjWFlMUI8X7hKWvn,59900,1972,57928,eur,Payment for invoice 682TW8CT-0001,available,1788171650,1788430850
txn_39rlWmRmqyFoHR6blu29N1ds,charge,charge,ch_3fLKInuYmfLVDVtrIpROrYY4,100000,1525,98475,eur,Payment for invoice 0M2DVESV-0001,available,1788193799,1788452999
txn_3jZZfT4ezOVYlEjB6Q069rBX,charge,charge,ch_3R4fU4M0zLPIX3T0MKi0nI1X,59900,1972,57928,eur,Payment for invoice DWXA5VJ6-0001,available,1788240648,1788499848
txn_3cGjGXRj8hYEJELc4fI5wzAR,charge,charge,ch_3iUxCSGoizTXOrD7IufcPLzU,59900,1972,57928,eur,Payment for invoice UMDGG8TE-0003,available,1788257328,1788516528
txn_3paWixvOSSe2E9z8RGHHjNzP,payment,charge,py_30Arodu9n3kAJ2qTHYgx4DnY,29900000,500,29899500,eur,Payment for invoice VDJ4BZ1Y-0002,available,1788268444,1788700444
txn_3JKvksVs85wMTARI4dtzJXmL,charge,charge,ch_3V5EJIMOkfJaNB3djYTUoL7q,100000,3275,96725,eur,Payment for invoice 9B2OTS14-0001,available,1788288205,1788547405
txn_36VhBDKqnhDQtSl5ffev4Wps,charge,charge,ch_3PnK1GzNfxU6zffjQ1e8TFcc,100000,1525,98475,eur,Payment for invoice MY3336JQ-0001,available,1788337641,1788596841
txn_3sRFWQKUhrhgKF83LNXLc2pM,charge,charge,ch_3uAmo4fawOuSzOetio2FqR2w,200000,6525,193475,eur,Payment for invoice AT14L232-0005,available,1788346651,1788605851
txn_3rhnAQqkyiV8XNlqys4Z4QKE,charge,charge,ch_3YDDdi3dsocF5xO63J2KNCxo,59900,1972,57928,eur,Payment for invoice TUY3FZI3-0002,available,1788355625,1788614825
txn_3XjsnRuh62oaHREduGd4UOAv,charge,charge,ch_3xTKjcu10KteqD2rYcctLS72,59900,923,58977,eur,Payment for invoice 4HKL9OAY-0001,available,1788376019,1788635219
txn_3rll8JoD8TXMHClu2F9xduSz,charge,charge,ch_3OtWK5gR0PQKcbBfi1LEmqAO,59900,923,58977,eur,Payment for invoice JEWONWWV-0001,available,1788405436,1788664636
txn_3ql6TXwrtvYf1JE0nDwfT2F0,charge,charge,ch_3amVV87SayEYbot0SUoES9n2,59900,923,58977,eur,Payment for invoice 547WAQFF-0003,available,1788425970,1788685170
txn_3GmCxSoL0Ok9PkM457auYkV3,charge,charge,ch_30NzYoOkDEcjoZY8NyJZbD7K,100000,2525,97475,eur,Payment for invoice THYLWYB1-0001,available,1788442798,1788701998
txn_3JPtXvVGNAnP1woOGWizBGHl,charge,charge,ch_3Vhy7TZx4AaUiCDVd3jkuylL,59900,923,58977,eur,Payment for invoice BV9NWZ6Z-0001,available,1788446518,1788705718
txn_3qBWAn88UGecHZKkPJK5S3zs,charge,charge,ch_3wb6if0FrmLUpjvN6XAmT8YY,59900,1523,58377,eur,Payment for invoice 9WHVUC62-0001,available,1788452973,1788712173
txn_3fcoKpf7bNdNtvf46v397p1f,charge,charge,ch_3IazIDcjwzzV54J8BP1KDkTi,59900,923,58977,eur,Payment for invoice IF85QIUR-0001,available,1788453227,1788712427
txn_3SwaOHhm6l4oyGMfhSaJOFOT,charge,charge,ch_3Mhpb9d4aIunVpBanQDlKVe9,100000,3275,96725,eur,Payment for invoice MTWQSDZS-0003,available,1788455580,1788714780
txn_3qq16t7w0oFEcSaBWNKfNrkI,charge,charge,ch_3Jrc0GvzLIKHYKOsOnmWdZqY,59900,1972,57928,eur,Payment for invoice W15GO31M-0001,available,1788455581,1788714781
txn_373Mq9jisvgcrpf66INxDhpJ,charge,charge,ch_34S5NOe8cgy6Ft9Vi0DKlUix,100000,1525,98475,eur,Payment for invoice DOF60UQI-0001,available,1788460374,1788719574
txn_3IKMMz3db9TC0s2B0HpKf6gu,charge,charge,ch_3wSPt9bsdO8uiCvlFmlcwQ9S,59900,1972,57928,eur,Payment for invoice RIPC3OAS-0005,available,1788460771,1788719971
txn_3ChM27iWeA7hbKAmS0EmZA3d,charge,charge,ch_3osVyvp9c2pGIKxKhRd912kv,59900,923,58977,eur,Payment for invoice CJTBHK18-0005,available,1788461586,1788720786
txn_30iaPIFAZRupNXPESW9XNrHK,charge,charge,ch_35hgnvlSF2DEqk5DLSSwydyY,59900,923,58977,eur,Payment for invoice FNMCC90S-0001,available,1788501679,1788760879
txn_3UTvOi18vhZvcy2498GyPmvd,charge,charge,ch_34g7PdG2vKZOEcNWxCS0U9LQ,100000,3275,96725,eur,Payment for invoice BRB2JQPK-0001,available,1788514393,1788773593
txn_3aEKQ3YcD0Ojhcbb0lmLErrm,charge,charge,ch_3rYD2sd3onGAnqbfsLdIYU0v,100000,1525,98475,eur,Payment for invoice PLOZ4UN4-0001,available,1788544989,1788804189
txn_3XZ7G37c93DTwGyLiw0TJTpZ,charge,charge,ch_3b6UctNQedlCayscWg4NxnqT,59900,923,58977,eur,Payment for invoice VY59LA2W-0001,available,1788550332,1788809532
txn_3h2wzaMhyNr3bwbs8PWAgmM0,charge,charge,ch_3jFHlyvySMAbyQuKtRY3Wa3m,59900,1523,58377,eur,Payment for invoice SJJUCUUK-0002,available,1788615482,1788874682
txn_3dzp6ZVJHHgcZ6Rckaz9rGo5,charge,charge,ch_39BGqj59x1w82NVywHgwYWfm,100000,1525,98475,eur,Payment for invoice ENBJX6DW-0001,available,1788754290,1789013490
txn_3QkxEN2CrnLGzBEQQ3SLE9z9,charge,charge,ch_3sxH2XdXIU2ORf0dIFBEhZtb,59900,1972,57928,eur,Payment for invoice ZJL6B0UN-0001,available,1788783683,1789042883
txn_3dJlc0uYGZx7w3LE5jjhyBw0,charge,charge,ch_3jlyoiI9kwEAJBaP5rPQsrh1,100000,1525,98475,eur,Payment for invoice 9DH2NH0I-0004,available,1788785037,1789044237
txn_3XgcnB0Whlrqc3xscZv6bSQ0,charge,charge,ch_3XSPDfuEyfrmQ4YBDyP68A4b,119800,1822,117978,eur,Payment for invoice 0J9GL3AI-0001,available,1788791039,1789050239
txn_3imqwOeNR6qPfI1Sq8Ir66PF,payment,charge,py_328FxbOtSUG3HlFgB3WrYmsF,179700,500,179200,eur,Payment for invoice 03GE9EOT-0001,available,1788819985,1789251985
txn_3VgjmOdshwd3FNXNSKhYhXIH,charge,charge,ch_3PrZojoxHK43SUOxoqf6Qx5v,59900,1972,57928,eur,Payment for invoice F4BCDG7T-0001,available,1788865997,1789125197
txn_3o915TC1qFQMskKiG4KLY8VN,charge,charge,ch_3sIjesA0ZJ2uVfepTnRf5jMa,59900,923,58977,eur,Payment for invoice VI1ZJZ2W-0001,available,1788866050,1789125250
txn_3nVxbpaujCqWjPKLbzXlcb6z,charge,charge,ch_3ybqfJ0IgGJZiumOITeo2B98,59900,923,58977,eur,Payment for invoice S2U0NOTJ-0001,available,1788870248,1789129448
txn_3aTUG5FuP3p5KdKDgzbM6sKm,charge,charge,ch_3ZYZpmMmJKFjoUDggNnq5B24,100000,635,99365,eur,Payment for invoice VWOVPLAU-0001,available,1788870281,1789302281
txn_33NgO517NW0Pd1a2pHTmnQ5r,payment,charge,py_3sG7vUprnFIBTxyJu4KD2GNn,119800,500,119300,eur,Payment for invoice G2FXJ5KR-0001,available,1788871581,1789303581
txn_3LCK2JbidkMnepkh8VL1WQWp,charge,charge,ch_3Mr6cAjMrfHukJaRjxEz1FI1,59900,1972,57928,eur,Payment for invoice JKHQQAW0-0001,available,1788872164,1789131364
txn_3bqiVPW5VRzfvnK87YV1h8Xj,charge,charge,ch_3uokU4bsJTShkjoGXX8rLHh0,200000,6525,193475,eur,Payment for invoice XHIMIDYG-0001,available,1788881696,1789140896
txn_3gft1ASZNd5UN30if59oAu39,payment,charge,py_3ZSPgSDXPyetDg91IeHF2mZn,8500000,500,8499500,eur,Payment for invoice 2QPIFA50-0001,available,1788882954,1789314954
txn_3BD8HisANHgRl1rDj5d9atJW,charge,charge,ch_3mQvk6QefErBY5EnAEhhhjQB,100000,1525,98475,eur,Payment for invoice 6IKKTN2C-0001,available,1788890261,1789149461
txn_3Mu0SzdUgi6SUIw8G2HgdpHY,charge,charge,ch_3A5qSJmd9YZO9jMf7A65nmhz,59900,1972,57928,eur,Payment for invoice OLSFXSUM-0002,available,1788907551,1789166751
txn_3I39svQZAORFBsYtj5elknJA,payment,charge,py_3Byio8bqHyJoSedSX2kvuExG,200000,500,199500,eur,Payment for invoice 8GEMIPUT-0001,available,1788911583,1789343583
txn_3U821wgsrjdetF42A6DCuAcQ,charge,charge,ch_3l7Sfa48ZliWy5uNSYQTHBc5,100000,1525,98475,eur,Payment for invoice 1T7NAEW8-0003,available,1789040334,1789299534
txn_3psrEl1okyIvl6aXrM9L81sQ,charge,charge,ch_3CpI2r9jtfZ6wamhPz5mo6kW,200000,6525,193475,eur,Payment for invoice 3OSFXC3J-0002,available,1789041997,1789301197
txn_3lylxnzeLgabeO84gQOBDkgs,charge,charge,ch_3salvDsReaL2O5jDUzURHft7,100000,1525,98475,eur,Payment for invoice R7T0NVCG-0002,available,1789056135,1789315335
txn_3g2cZBvXnkOa3LYxWE5fA7jH,charge,charge,ch_38DYfZ5qkQ6KmZIeTlBzsGTY,59900,923,58977,eur,Payment for invoice OD9JP16O-0001,available,1789098012,1789357212
txn_3hPjP12x7CNzTqWnJaSlORpT,charge,charge,ch_35BQuXZMjRq64HfPSZXgQMWn,200000,6525,193475,eur,Payment for invoice 12DQRYSV-0001,available,1789116602,1789375802
txn_3JtHs3LV0yx2QaIdq1eIM5Rq,charge,charge,ch_3VViAHRA5cwclqCcD79VpRu3,300000,9775,290225,eur,Payment for invoice UIWQ56EJ-0002,available,1789117039,1789376239
txn_3G1VtkNChkibjxphNCkO41Mb,charge,charge,ch_39nbF62mFg88IjFlKyjU4saK,200000,5025,194975,eur,Payment for invoice EHGRGEO7-0002,available,1789130902,1789390102
txn_3MjCX1qy8VA7uuFfF6KDR2MO,charge,charge,ch_38jz1eWh30oGrBhWnWjq60q6,59900,923,58977,eur,Payment for invoice 8SOAG67G-0001,available,1789226200,1789485400
txn_3Csj1aEtSnVTfUP0yvGx5eei,charge,charge,ch_3Hh8x4bJJdMKHJmODB1Xm0KC,100000,3275,96725,eur,Payment for invoice HAK8816B-0003,available,1789289493,1789548693
txn_3GS0Xoqyie3wXjPOgNFM0fUQ,charge,charge,ch_3a7UQFthanVfwXhOBrGWreQN,500000,16275,483725,eur,Payment for invoice Y47R23Q5-0008,available,1789312016,1789571216
txn_365A6x4AzLetlwKC8X4Hdu3w,charge,charge,ch_3XX8ea7Em7YZlE0DsvgzcyZT,100000,3275,96725,eur,Payment for invoice Z0PZZTW4-0001,available,1789385310,1789644510
txn_3XPPQ9MX8OzfuKKlV0IyPzQQ,charge,charge,ch_3TMy5XgUM6qfgHPJadg770Lr,100000,3275,96725,eur,Payment for invoice 8QJ9O4RM-0001,available,1789390281,1789649481
txn_3BO7MDRoqXnrHTug00QhYt4P,payment,charge,py_3PSozGfRe1P28NREfTZQyBXZ,179700,500,179200,eur,Payment for invoice U1CCW92A-0001,available,1789426007,1789858007
txn_3mt5hz76LHD5lrpfWkc98E38,charge,charge,ch_3CCQVXCPlo86jnttmxi841cX,200000,3025,196975,eur,Payment for invoice OIP2Z81K-0002,available,1789462852,1789722052
txn_3NMdFxHXoQL8ndYmJb3arbmd,charge,charge,ch_3RSUd2c1NSpUGor53xCBtLVD,100000,3275,96725,eur,Payment for invoice 0GLSYR6C-0001,available,1789464919,1789724119
txn_3l4YfyS7AyThS3YN8zCKbAae,charge,charge,ch_3L9fMQ5Hi5AAm6GTex6ktklA,59900,514,59386,eur,Payment for invoice QAKK0TW1-0001,available,1789478006,1789910006
txn_3sbldekVqBx327cAZ29N83Fv,charge,charge,ch_38j88i97UopkKXzHT2aNIvAt,100000,1525,98475,eur,Payment for invoice EMT17B32-0001,available,1789484777,1789743977
txn_37AxHFlLnaTm01bmleHYu5Ru,charge,charge,ch_38lfX29a2e289y82vs3xB3Ha,59900,1523,58377,eur,Payment for invoice TYSNK7Z6-0001,available,1789504878,1789764078
txn_3PUp1UICfGiTj7ZGwp6sQHGs,charge,charge,ch_3Us6E9wOHYfnaTMsHTicvdwl,119800,3919,115881,eur,Payment for invoice 7C2U8EGC-0001,available,1789505621,1789764821
txn_303uJwZ9eDhjxcL1VuDWeirj,charge,charge,ch_3g10jUEXpwcKoK5UBUoI6P1w,59900,923,58977,eur,Payment for invoice 6I9NI68Y-0001,available,1789512625,1789771825
txn_3f7XWKBwhDceDFC0nPSgjMeC,charge,charge,ch_30RuPrWlmIKbMPanRMAOkV3T,100000,1525,98475,eur,Payment for invoice XZGU1XXC-0001,available,1789516266,1789775466
txn_3Qkio5UZlTFgzNgdP7qrSZN3,charge,charge,ch_3YnYhgGElLaGHYe43I3A26Jc,100000,3275,96725,eur,Payment for invoice ELNDA771-0001,available,1789531474,1789790674
txn_3pm7V27fqJT5S5DeS9CamvJS,charge,charge,ch_3E0xvSnapKWLQ5lJDdiFBR8D,59900,1972,57928,eur,Payment for invoice PX8GTWPS-0001,available,1789547256,1789806456
txn_3pqpICwkqbvbvOLhIDLR5YuE,charge,charge,ch_3Dztur432roqX4memRI2e0Zu,200000,3025,196975,eur,Payment for invoice 66KX7GF3-0001,available,1789560882,1789820082
txn_3ImkZIZjV3Ap23BixdJXyF1V,charge,charge,ch_3BqT5IrEpJTokWdvgqnQIiEZ,100000,3275,96725,eur,Payment for invoice FP5ZPQBR-0001,available,1789576246,1789835446
txn_3izQ9SuJLi98f2DFvdKrzzbk,charge,charge,ch_3u1QqbSlESAmG7tFiTYNOkLb,100000,3275,96725,eur,Payment for invoice AA8DU0IR-0004,available,1789624528,1789883728
txn_3h9ITSfUiDehp9d21B5sGox8,charge,charge,ch_33TcJsBC73pJjMsTwV3V5qtf,100000,3275,96725,eur,Payment for invoice 3MR0YEKO-0001,available,1789658334,1789917534
txn_3bZMOjEjr9qNo0ksnIziTB3O,payment,charge,py_3GK4hERr0zNELFiTSdjXdxYk,500000,500,499500,eur,Payment for invoice 1H47MWT3-0003,available,1789690873,1790122873
txn_35NjZT4KdCP8mxlXqExnGLFt,charge,charge,ch_3Ne40Ndg369Zgwjz1J2pZ8cP,119800,1822,117978,eur,Payment for invoice 8OQD1JIP-0001,available,1789720325,1789979525
txn_3YGe2bCCuWNhnqzEFDqFDXDo,payment,charge,py_3INkzn5NorKhFSxUn8FYpY83,119800,500,119300,eur,Payment for invoice FIJDI6NF-0001,available,1789733364,1790165364
txn_3nRbV1ECfRdpXAhYBaem0jOH,charge,charge,ch_3vGQlOA6XBREf3bTSkjfwZph,100000,3275,96725,eur,Payment for invoice RNU9MIYH-0001,available,1789734193,1789993393
txn_3rUsVsoikcwDEhJK5P2QJhyO,charge,charge,ch_3ha2XEUCNXN4qVOOwlNxzHXn,100000,3275,96725,eur,Payment for invoice ZGHWSA5Q-0004,available,1789734677,1789993877
txn_3wtZDhe8wBQZxqSOekoHLYTB,charge,charge,ch_358vBTNtgfdxIAIAq7kxUjIF,100000,1525,98475,eur,Payment for invoice EKDTCJ5B-0002,available,1789742581,1790001781
txn_3BKUQgWaYbbkzGG4BemQHXNh,charge,charge,ch_3zBPNtj3mYTLPwSnxrZuW1h2,59900,923,58977,eur,Payment for invoice M2ULIMTP-0002,available,1789750151,1790009351
txn_3hEs4TGSLCzX8HNVUl2lXkRj,refund,refund,re_3JHWWbypvcA4nzs2Vz5AWxPq,-119800,0,-119800,eur,REFUND FOR CHARGE (Subscription creation),available,1789762919,1789762919
txn_3xXMU003LMARFUbxF87b8PS3,charge,charge,ch_3L4wyUwC7rNsNi1w6RsM6Hr5,100000,1525,98475,eur,Payment for invoice PMEQFLSV-0001,available,1789803817,1790063017
txn_3oZU7BE3FswDI7d2Pt2gW269,charge,charge,ch_3ofpxNZzTtkVUZQP9ae7XCmd,200000,6525,193475,eur,Payment for invoice L0G685PV-0003,available,1789817811,1790077011
txn_3rWiA8Tdr86nC5sC0pSUVxKX,charge,charge,ch_3fJs69kpftEJlC75RvGoCIom,200000,6525,193475,eur,Payment for invoice O8355VYD-0002,available,1789831856,1790091056
txn_3rOl6O9EKd44pEjcy4pM9orJ,charge,charge,ch_3e13hq5OWA0WXoKATSKLlNxq,200000,6525,193475,eur,Payment for invoice WOCSCW95-0004,available,1789912973,1790172173
txn_3BTbuWca33NmSuUfJGh20qjJ,charge,charge,ch_3PCSBKDGBs60bzvINzL4pgPq,100000,3275,96725,eur,Payment for invoice 3FF1XY12-0001,available,1789915298,1790174498
txn_3Url7ZjUJuA7bEmri84Amm40,charge,charge,ch_3G0s95SvMm7nDaWeF5wlxtp9,59900,1523,58377,eur,Payment for invoice R3OPN71N-0002,available,1789929379,1790188579
txn_3eE21wej0zTKtmjZoqRyq0D7,charge,charge,ch_3FpAFVMwJXfzyAB6zadcP13A,100000,3275,96725,eur,Payment for invoice GAQQKXWM-0001,available,1789973500,1790232700
txn_3b51T1Lztddki0CAhSVLoPWG,charge,charge,ch_3WzQf613ismjtge4V1O5ZJAT,100000,1525,98475,eur,Payment for invoice 360EAQV6-0001,available,1790023942,1790283142
txn_3iFINQpKWVbEdAXFa4v6IFVy,charge,charge,ch_3yht4kfRnYzUGrdZ1PhiXbxn,59900,1972,57928,eur,Payment for invoice VUEXUT29-0004,available,1790025293,1790284493
txn_3qwKzMemOEjCH4aiM4ptlzJn,charge,charge,ch_3ikTrcaAqp9Nlz2My0y0QZL0,100000,1525,98475,eur,Payment for invoice WIZTR9AG-0001,available,1790042133,1790301333
txn_3C9fLwwgTcqoCQDfdI17uDWh,charge,charge,ch_310WDTfHn8MHmf3uG9p3B0jS,100000,2525,97475,eur,Payment for invoice FYYRKP2J-0002,available,1790070436,1790329636
txn_32w8NH1lnlTdoLcEPvc97lOD,charge,charge,ch_3xa8rHi6rSrJD3zPKr7oZkLa,100000,3275,96725,eur,Payment for invoice NVMUVHKY-0001,available,1790127544,1790386744
txn_3lziCVVwL1jSKtyQmN3IVTv7,charge,charge,ch_3GclY6Bj86oN9YFh5ZtdnaWm,59900,1972,57928,eur,Payment for invoice R7SC6A0Y-0002,available,1790127944,1790387144
txn_34mrkMVA9K0Iq0NHCZTaYZ5e,charge,charge,ch_3O3k977MjGOzy6lcxLLy3FA0,59900,1972,57928,eur,Payment for invoice 4Q4V1QRC-0001,available,1790142126,1790401326
txn_3PANj9QrKlY211eSOGVxOhEu,charge,charge,ch_3sT39PDVHSsHiTIDrhcUScZ9,100000,1525,98475,eur,Payment for invoice OHYTLER8-0002,available,1790146734,1790405934
txn_3bGtZF8R0KN3O00oPVLH0qec,charge,charge,ch_3biLRJcRKlHU6YUFaIOIuWGH,100000,1525,98475,eur,Payment for invoice JAMZQZBZ-0003,available,1790153643,1790412843
txn_32ZUoPVLzPBGDDAAamP8u15P,charge,charge,ch_3r2PSkOyloZeELylRJnrB0lF,100000,3275,96725,eur,Payment for invoice 9DFCTDR7-0003,available,1790156502,1790415702
txn_3zemV69HnRtlHrtdvdkPSMSb,charge,charge,ch_3GZUkEelLcYIFJlJWfPiY1aA,100000,1525,98475,eur,Payment for invoice WBVKQXC8-0001,available,1790178225,1790437425
txn_3aJSwKEQiG3Ihf0dTL1JMeLU,charge,charge,ch_35zWdnDij4c7SSRvOdybexu7,59900,1972,57928,eur,Payment for invoice Y2S7VZO3-0005,available,1790182556,1790441756
txn_35fcUmbTMwZt3XIp0tVZAw8c,charge,charge,ch_3IAKVisivJOZyZ3xbmQvYqlt,100000,2525,97475,eur,Payment for invoice IVOZEX0R-0003,available,1790191651,1790450851
txn_3sG9XC4L6aVsVYEhLh6sk1tk,charge,charge,ch_39D0NdDzJLO0CH8DSlxAeT57,59900,1972,57928,eur,Payment for invoice V9MHF53G-0001,available,1790279740,1790538940
txn_3RJSUZ2x09L3NcFafmm1ViW5,charge,charge,ch_33lZ6XhFLwN9BsSdNs5KvoMd,100000,3275,96725,eur,Payment for invoice GO5QXF03-0001,available,1790283347,1790542547
txn_3OucjOJGew4U6fTRRhOOFhZk,charge,charge,ch_3AeQFEBBmxqZbE3CK4q13fUk,100000,635,99365,eur,Payment for invoice SK9HIASU-0001,available,1790320405,1790752405
txn_3IQEll4lfaQKDiFxujmzTvZA,charge,charge,ch_3XjHYXa2dofoWrE3ABRIfzzB,100000,1525,98475,eur,Payment for invoice O2NY7W7J-0001,available,1790330710,1790589910
txn_30RgeD2Y4ylagXbJGh5c3ipv,charge,charge,ch_3EfhMBHDovRwrzeeSyfvBVZN,59900,1972,57928,eur,Payment for invoice ZEVVK0Z1-0002,available,1790344385,1790603585
txn_3rd5jgD89fgaDNCTvfjBw9yz,charge,charge,ch_3lFLLgaUmqonSZpBD1eZZgPd,59900,1523,58377,eur,Payment for invoice 6907J3F5-0001,available,1790357360,1790616560
txn_3zDZZZxVucv4XWJQiHDhZWzY,charge,charge,ch_3z4YmtEJg2MuSIRlY5vPJ7uy,200000,5025,194975,eur,Payment for invoice XG33CLDP-0002,available,1790375398,1790634598
txn_3rYRIMFXcorVqcJXXGBXdT3H,charge,charge,ch_3LKMzX4gMPUDr1QFf30KZCPU,59900,1972,57928,eur,Payment for invoice C6HARX8B-0001,available,1790378020,1790637220
txn_32dhL0rpswI0B1HwiefdRIoU,charge,charge,ch_3zoHbEQs0RiIW1Cfvyfp41Db,119800,1822,117978,eur,Payment for invoice W6CSFX6G-0006,available,1790398632,1790657832
txn_3o8p9oCcuWqOnv0lrQ75YZjT,charge,charge,ch_3w5lOmEquNEkYzrlqi4xGrhe,100000,3275,96725,eur,Payment for invoice RIBV3UEL-0004,available,1790431063,1790690263
txn_3RhaW2x7ywFuZE5XzhXBvQ00,charge,charge,ch_3RJEpwzpSQbBoEXRXXoEaGD9,300000,9775,290225,eur,Payment for invoice 60FQV09O-0002,available,1790441497,1790700697
txn_3OF76r1XF2qlAg0KWT8mbnnD,charge,charge,ch_3WTUIQLhKh7rkebx7ak96lUL,100000,1525,98475,eur,Payment for invoice RKH82IYM-0002,available,1790516473,1790775673
txn_3F09KidrOiRou5Z8m901oocg,charge,charge,ch_3oyX7KLdWnFx64eX2kTKqq7Z,100000,1525,98475,eur,Payment for invoice S5HO9ZXX-0001,pending,1790578941,1790838141
txn_3j7W87uDuTvokqOMyodRElDC,charge,charge,ch_3M24oId66njb1Z5JPqjOcg2d,100000,2525,97475,eur,Payment for invoice UO22URWO-0001,pending,1790579240,1790838440
txn_3L7lG92KC2omNQ8nvABZm7wQ,payment,charge,py_3HDIUhu55ZFzVqBK8DFNZ8Kq,200000,500,199500,eur,Payment for invoice C3DQAIFH-0001,pending,1790581917,1791013917
txn_3nueb8tuJ6ONPTqmPD3qwuTx,charge,charge,ch_3gfLdM9aC8meKPIyIteNEsGa,100000,3275,96725,eur,Payment for invoice 7M9F2VLK-0001,pending,1790585856,1790845056
txn_3k5nMhN7FCDxyKgcplQSQ4kS,charge,charge,ch_3MLDrZZffiJJS0SA8DrGUZQv,59900,1972,57928,eur,Payment for invoice XBKI9B84-0001,pending,1790586120,1790845320
txn_3gs1R9Vg1cM7UOpxrNghPBH9,charge,charge,ch_3HiFmqh3lLN16vqSrYzUTV3O,100000,635,99365,eur,Payment for invoice 0MBIDL4G-0002,pending,1790597654,1791029654
txn_3eyln5SDrR8u3dXctt75owPt,charge,charge,ch_3HQj1Kx30I5ru31UWoYaJsHd,59900,1972,57928,eur,Payment for invoice N07ZTKTL-0001,pending,1790609737,1790868937
txn_38JctPSHKxsOFcIX031cHLyv,charge,charge,ch_3EsLpP95aMACHo0XpTk6pC0C,100000,2525,97475,eur,Payment for invoice 6RWUJPCX-0001,pending,1790613708,1790872908
txn_3sAC0aeLAtDxZiCKqEJFi9zw,payment,charge,py_3FZOgLs13RvKB0wldo4GYMqf,119800,500,119300,eur,Payment for invoice S0A3L3V4-0001,pending,1790637946,1791069946
txn_3LldmkkJ6xIUFSAjDRGBHzqH,charge,charge,ch_3GwLi0kUu0Y8xTesnTNVuw1W,100000,3275,96725,eur,Payment for invoice I06NYGC4-0001,pending,1790683487,1790942687
txn_32T1vNxfPOs0rBaW155RDb5J,payment,charge,py_3qXxdhBBCX1T9OotOx3nNbtL,500000,500,499500,eur,Payment for invoice TK4681K1-0001,pending,1790704243,1791136243
txn_3TFI0bYIaX9It19vGGg2ydQd,charge,charge,ch_3iSTMHr6qZVFysMYWXXn3fj3,100000,1525,98475,eur,Payment for invoice D5L2N5I4-0004,pending,1790711688,1790970888
txn_3amLFi748r8jJtzC0E7hbvYS,charge,charge,ch_345gB9roVE6LkDEAn8ULhAmw,200000,5025,194975,eur,Payment for invoice YFCEH8G1-0002,pending,1790756821,1791016021
txn_3BEQI0OhXTPo23kftDgk6MVp,charge,charge,ch_34AZjekEGCQYVEjQNNINDWlG,59900,1972,57928,eur,Payment for invoice B35YKBBG-0003,pending,1790758893,1791018093
txn_3s3pZnDoCFMocbMXUIZuNxR7,charge,charge,ch_37T6QGW69Zk5tfABQBWicwfI,179700,2721,176979,eur,Payment for invoice AT4MU8MR-0003,pending,1790783478,1791042678
txn_38TxQqIf4zUKEeLbtKuiIJ0G,charge,charge,ch_3nV25mrIG1pkX38lPbTdVKY3,100000,1525,98475,eur,Payment for invoice F14NL1WQ-0002,pending,1790787014,1791046214
txn_3MRJuzaIxGHbQN4oqYtxCGQK,charge,charge,ch_3I9yrlEhkvLfYTI1GM9I8bWm,100000,2525,97475,eur,Payment for invoice XDNSQTWY-0001,pending,1790789851,1791049051
txn_3bpMBHHyzjmpHtnnQrlsNQjd,charge,charge,ch_36yLuGSeT1dHCZcuazgDjaTV,100000,1525,98475,eur,Payment for invoice D7ON8M3P-0002,pending,1790794284,1791053484
