id,payment_intent_id,invoice_id,customer_id,amount,amount_captured,amount_refunded,currency,status,paid,refunded,failure_code,failure_message,payment_method_type,card_brand,card_last4,card_exp_month,card_exp_year,card_country,description,receipt_email,balance_transaction_id,created
ch_33H2k1fpdtHUtMi58qW0sSrt,pi_3vwThrDT6wJAn0tDFbSo5nmg,in_1dnhjh1KSa9Zj0zUz0TyIvkd,cus_jlUOpMak0KsBYU,100000,100000,100000,eur,succeeded,1,1,,,card,visa,2892,7,2025,SE,Subscription creation,johan.dahl@vertexcore-properties.example,txn_3zWoon4DHBy9PcwmysHlLVR6,1644680990
py_3PVHamPACWLt8biAUmxtp1RP,pi_3UeMlFdHq4qjmKOCdBBBFdYl,in_19USqagKSEqiRhXvda8LMYC0,cus_OjbXTMejAxc85C,119800,119800,0,eur,succeeded,1,0,,,bank_transfer,,,,,,Subscription creation,luca.ferrari@greengate-properties.example,txn_3SAMNNc5lQMeeu2HaIblbL5D,1645647289
py_3S7MYubU1TZKER4lbwLtDbwQ,pi_3XfaJyxOx9Kwj04JSRyZYyYK,in_12jNFtscyQaeOPwDUU8QwLCf,cus_XxoI1Guhgg5Gjo,179700,179700,0,eur,succeeded,1,0,,,bank_transfer,,,,,,Subscription creation,megan.scott@westwave-systems-integration.example,txn_36yGzfFkxdYNnMskNBC5ioQ6,1649093699
ch_3vH7EbYjHFHoOS7UX7X6AYfB,pi_3iaqsLhgU1rxKmfAQdVIPcRE,in_1eG8wrf13PDIEIaKUenNFRxe,cus_IUlisi7NpL6VbX,59900,59900,0,eur,succeeded,1,0,,,card,amex,7481,1,2026,US,Subscription creation,jason.nelson@atlasview-wireless.example,txn_3ThfTb9JsS0rQa4z1p5XhJIE,1649142508
ch_3ImsLyoMyV3qSg9ockbhMnnF,pi_3fsJ5mtkTmylvEU8pzemlDjP,in_1vX4X5SJrtA46ckb7gGCl3tS,cus_Wo0OAUrxi7OWEW,100000,100000,0,eur,succeeded,1,0,,,card,mastercard,0791,4,2023,GB,Subscription creation,mark.murphy@northport-foods.example,txn_3TNl5xmR6pRwPpSv5A15JSsC,1649236207
ch_3K7LWaTbmSa6tDjZAsWaei8J,pi_3mje4cChaZPijE3BcO6eTafM,in_1HdsES3Gw7sqYgI5EbJ56o1F,cus_5neTUoUbKCe0NO,100000,100000,0,eur,succeeded,1,0,,,card,visa,1431,6,2025,CH,Subscription creation,sven.zimmermann@cedarcore-wireless-engineering.example,txn_3lKhpEZyH9KGSlpHml1EIFjt,1649966503
ch_3nnox8TFNTdfZX47KRWQOu2g,pi_3ITXTuHvzEPQ5zDi9XJoeb20,in_17NmS2a9yG5TybFILQeFinPC,cus_VSZYRLtTojg4nS,59900,59900,0,eur,succeeded,1,0,,,card,visa,3260,4,2025,IT,Subscription creation,giulia.ricci@apexstream-retail-group.example,txn_3fueV475oYOrcM13fyhT2Eb9,1650388107
ch_3P8ud7FJHSeLCc7ZshtxfBBS,pi_3PrSh6vwMW7bXy0ENEkQW22y,in_19qDqBa6gaxqGfFWKuGl14Mm,cus_GG3pHLcktaXbsK,100000,100000,0,eur,succeeded,1,0,,,card,visa,6706,6,2026,DE,Subscription creation,andreas.hoffmann@postbox.example,txn_3Jc0ZiQF20xOHoDw85uJawvv,1653089288
ch_38KUgda3gV699n0rBHVZWW7C,pi_3s7YkX22qG0K97mUYo1Pl1f7,in_18PF7WzWSS4OWRXlJczEYeOg,cus_JIyuwUgUJ2ekxB,100000,100000,0,eur,succeeded,1,0,,,card,visa,0947,12,2025,US,Subscription creation,daniel.martin@martin-network-services.example,txn_3nYPoy0Kaby1AmNDwQdT3SYt,1653398820
ch_3UMahRTqXUGXhNFTJqrnD62G,pi_32NRtTodagFCeHiTV8lO35uh,in_1xiOA30kENexUIyuTLZDjeJp,cus_KV3VvmKTHHujNM,100000,100000,0,eur,succeeded,1,0,,,card,visa,0088,12,2025,FI,Subscription creation,anna.kinnunen@mapleline-properties.example,txn_3pGT6HnXvYwl6B704XReyVek,1653488754
ch_3VKEj4TNMTUwzIfFFDyvmzNQ,pi_3l6MKAi2qdj3EOmTCpaHMcoD,in_1yQMm1e6MW9ONLRcfvT2ecAG,cus_O6FnrBtaRt34XL,119800,119800,0,eur,succeeded,1,0,,,card,visa,0908,7,2024,US,Subscription creation,jessica.williams@crestview-construction.example,txn_3U3Gdqa1tesR6wq8LPRCTvFr,1654239683
ch_37pszDfc0YVwr0qUuVoedCGK,pi_3gsQBdVJ1nzpjnPxSvdgP18E,in_1QMHC3gYgxC3uZtvzUq5PPKS,cus_KEcTY0vb7IfLaP,100000,100000,0,eur,succeeded,1,0,,,card,visa,7395,12,2025,US,Subscription creation,raj.nelson@mailbox.example,txn_3RmTf945Ol9UGovTSgZdPo8x,1655197827
ch_3ThlTSZVV59TRl3zXHdWyi2P,pi_3CIfIFAMqqi19ve9XPvJP29t,in_1yJcm1pwR158HXlLqIdbCQjk,cus_9XExA8Qw1osSxB,59900,59900,0,eur,succeeded,1,0,,,card,mastercard,9217,10,2025,CA,Subscription creation,michael.jones@beaconline-warehousing.example,txn_38tmB4xmU4KuCKnAGm3iwHkQ,1655378530
ch_3CYQY3a8deYVi2DYWrgBpsIx,pi_3hsKbR3hVN9BPKu8OZ8klboY,in_1VBw3qXTDHgNPJsMBc83FaHH,cus_Q0h0o7PxoVeGBI,59900,59900,0,eur,succeeded,1,0,,,sepa_debit,,,,,,Subscription creation,florian.wagner@crestline-networks.example,txn_3M2mwfRnH3kft2XxLUmeh29m,1655891939
ch_3O8W1rm0geampq6s1eNivX8S,pi_37ddO1n7Gi8YadsUhgbmP3hL,in_14xJRJFoxI4fmv7zoSgWYEe2,cus_mZXXs1b0zEu7Cq,100000,100000,0,eur,succeeded,1,0,,,card,visa,1051,10,2025,DK,Subscription creation,ola.nilsson@clearview-rf-consulting.example,txn_3MBPKg5MOopB05aUicxtM95e,1655934150
ch_3DLyKOWy903rYfNKyAWCf3i3,pi_3Gd6a39oozONiCfxaWU3yLDP,in_19UKIMe9Dr8egrWSq633qZpH,cus_w6dStbZIqW9LCL,100000,100000,0,eur,succeeded,1,0,,,card,visa,4521,3,2026,DE,Subscription creation,dirk.schmidt@lumenpath-communications.example,txn_3HEg14ywbN8dwW5DRAVIMqpD,1657523687
ch_36GwLiyAARfxCvlCYY5bdirL,pi_3jrRgILsPTilFhoQTiTkuTCA,in_1zlaj6gok4S5NnxE3xp0tqAH,cus_4dBapx1c6dDx4f,100000,100000,0,eur,succeeded,1,0,,,card,visa,2102,1,2024,CA,Subscription creation,robert.patel@patel-wireless-consulting.example,txn_36MUF4HFhLgzyjVCRBixMJr7,1657789770
ch_30j1YxtRacccimcNz4EGm6PM,pi_3pZ90WKP6gJdx1mmvT75np4U,in_1yM6Yjx8fZqCOOjtQGPsNQg3,cus_fDaqJ1dWEvLgxq,100000,100000,0,eur,succeeded,1,0,,,card,amex,5717,1,2023,AU,Subscription creation,ben.carter@stonemark-retail-group.example,txn_3YzmZxa4iS1bFruoAM3fYNay,1657832867
ch_3i1KbIjeNwaDTOqSLgagogAe,pi_3W34q6inMYnjSlhwNoUdjEKh,in_13iILeQLcFYZ5lxliVmxS7j1,cus_TtnVUMZvaDhemA,100000,100000,0,eur,succeeded,1,0,,,card,visa,0235,11,2025,US,Subscription creation,ahmed.clark@clark-network-services.example,txn_3utOPjMdaqfcuvJLrkiCF7si,1658853533
ch_3WD3dWXuco1aC3QfgfB2Q5sw,pi_3FGwMEU1RY3lZC2eYC1r8l82,in_1lVeEx7rMK1MOVaF7dCaONfY,cus_TH9NR5h8NVGixi,100000,100000,0,eur,succeeded,1,0,,,card,mastercard,8515,8,2024,US,Subscription creation,ben.lewis@alpinebridge-communications.example,txn_3VFKd7t3TKdIEiIRv22prPUM,1659622167
ch_32Ow8GD4mRYxv3IxoSafmegV,pi_3mJus7Gb8EhPMuZMHq1KbD9W,in_17uks87TTzBBp2BBWQRBHFCG,cus_MWlcWuvspbqmRy,100000,100000,0,eur,succeeded,1,0,,,card,visa,0388,6,2024,CA,Subscription creation,emily.kelly@apexbridge-wi-fi-solutions.example,txn_3L2UroxhYMKuVTF7M5KzdieG,1660054206
ch_3So9aoDS8QiThNsIbtuaGwTb,pi_3tfxrZVGzpMgBSlpY76bc2F0,in_11laboJI5UMzuUWSx1mbemN7,cus_bp4y84vr4e97b6,59900,59900,0,eur,succeeded,1,0,,,card,visa,7512,7,2025,US,Subscription creation,wei.young@novamark-clinics.example,txn_32GM9YScoCpnOPdlIJCAlfit,1660104956
ch_3IERRUvBVw0t5RNPUH3TZLTI,pi_3HGy370a65sfs32h4MIsNdoh,in_1EF4v0VOnhwj49vatyQSW7ca,cus_yvSbnEbspV9bOb,100000,100000,0,eur,succeeded,1,0,,,card,visa,0473,6,2024,FR,Subscription creation,antoine.bernard@cedargate-wi-fi-solutions.example,txn_3nDMjVuLfUeWZtqTTWXcqmFM,1661429690
ch_35zmXm7njbgqCj4gpCsDrnXK,pi_3r8D1wuDtZG0HNrRMzqjYvmI,in_1iK9D6OAmKewaeFeYqeBUmVg,cus_AmafAwFujxChlS,200000,200000,0,eur,succeeded,1,0,,,card,visa,6841,7,2026,NZ,Subscription creation,andrew.campbell@crestline-industries.example,txn_3EaYEGwvd5oV6MrAA4pYm5QJ,1661532122
ch_3NvPlTjGa1PDrUPtgfHmEAVf,pi_3ZNw28CBBw9HM60SvcDwxmns,in_1RV9cBmHUL7jjqw64rX87nvr,cus_FtWbVoDqNaK46r,119800,119800,0,eur,succeeded,1,0,,,card,mastercard,7686,12,2023,GB,Subscription creation,amanda.jones@clearbridge-hotels.example,txn_3pRc3obvbLgLJsD3ALpqxDgv,1662902198
ch_39G1dNrBZnehP20yJ0a2zTv1,pi_3o5g0UcVnvNbtVPXa7XCdaPp,in_186DgRgB2nKFLyaJFHaeAfBP,cus_bio44q9v4lpUlf,59900,59900,0,eur,succeeded,1,0,,,card,mastercard,4463,2,2024,SE,Subscription creation,karin.nygaard@alpinecore-foods.example,txn_3BMYaGJkhHl06XlYUsT6vT3V,1663478341
py_34hbpZbkrfboCnbH04x4a4z6,pi_3ydq8WsjNvXS1vH8y0DMYY45,in_1ihsKCobiIcbMdStBk4UWmZ5,cus_C6mDYITLNUEkgv,299500,299500,0,eur,succeeded,1,0,,,bank_transfer,,,,,,Subscription creation,rasmus.eriksson@atlasview-telecom.example,txn_3TVPFOLyyVuIGnoeFiAIbvq6,1664292317
py_307eEZVx2epzkaRuZAE3THnq,pi_3gCsXhncUDcbBuOoGyXgbz2p,in_1p4iqGGgymlalyLyp7ieUL7O,cus_XxoI1Guhgg5Gjo,179700,179700,0,eur,succeeded,1,0,,,bank_transfer,,,,,,Subscription update,megan.scott@westwave-systems-integration.example,txn_38okfV2OTb8tfvdFsr7Xm5ap,1664885639
ch_3u9uJk5HBL9mkrkC9J6RALzK,pi_3D2M7DexNq7P0YXuuXqVJexL,in_11wU5gt7FXUsFp02QuwMPcuu,cus_wGOHsJT2Kp5KL7,100000,100000,0,eur,succeeded,1,0,,,card,visa,5724,5,2024,GB,Subscription creation,john.kelly@beaconpeak-rf-consulting.example,txn_3gNvyqk0YjkA4Cw8okzj7YrB,1665057434
ch_3EEcEtIkExaMr78jpadnTxQH,pi_3vr1Q8b24jahGq8AU5uo88hE,in_1K8c0gb1dCiXwC4MOzGSFAaX,cus_8VHJfN1x0NXnZ4,100000,100000,0,eur,succeeded,1,0,,,card,mastercard,9276,3,2024,CA,Subscription creation,sarah.nelson@harborpeak-wireless-engineering.example,txn_3UGexsw9lT0QT6mZN9mRITyc,1665641485
ch_3x5X5ly89OnRX8mnzWP1kjvi,pi_3TyAH4QYzEOKczKObeGPvsXC,in_1Td2znWFMJeKXGjcn9Eh8jPa,cus_kXQ7PVRvjtmR2T,59900,59900,0,eur,succeeded,1,0,,,card,visa,7081,5,2025,FI,Subscription creation,jukka.virtanen@virtanen-network-services.example,txn_3AqIN200JmeBkuNSa9hdMADz,1665836122
ch_35vuwRQ8jqg2d2Irmo1pOOY3,pi_3ElRLMlNRZgPh2Vnr7fllcX6,in_1XYrX7nrNMs3UMoq6oMgfzLU,cus_VSZYRLtTojg4nS,100000,100000,0,eur,succeeded,1,0,,,card,visa,3260,4,2025,IT,Subscription update,giulia.ricci@apexstream-retail-group.example,txn_3gyUsBMFBFsJZOA2oxVRHPu2,1666199307
ch_3Cla2IQty3SAT2zkvQkz7cKI,pi_35GxtCE5JqOpoQFRPsXYEWmM,in_1Odv60U042hyb7CUi1NtwmVZ,cus_F1XOmstGPaNZej,59900,59900,0,eur,succeeded,1,0,,,card,mastercard,1854,4,2023,SE,Subscription creation,karin.hansen@summitpath-communications.example,txn_3Oog7pi2KYJLoahh9957U7PV,1666597114
ch_3hG0xIAkxfO410iTYykoLyFE,pi_3g2Cuc1y0S704WbHT6EzoN26,in_1tW6gTnT45yQEWpo2mgM37gu,cus_0MepRXZSkkTMs4,200000,200000,0,eur,succeeded,1,0,,,card,visa,5595,4,2025,US,Subscription creation,sarah.davis@beaconline-telecom.example,txn_3vFNe705s4qPFuW7pbsY43x3,1667197760
ch_3quUGpEey8iEt7iA4mFQVUgM,pi_3iCp8dFM7nNqKL3bZDUWPSkz,in_1T4ciiXAbvNq0VvZNvJueOJu,cus_TW0KwLhPrMtfiP,100000,100000,0,eur,succeeded,1,0,,,card,amex,4554,5,2024,US,Subscription creation,ben.campbell@mapleport-rf-consulting.example,txn_3R0JjwWH2kmaNXiK2svSUtRv,1667908166
ch_3myeum7q9Ll4Dys48zJGU4Ey,pi_368YElpzFabO1AXwmJzunySC,in_1Gcf2afo40xiYqj5qVsC52iL,cus_h4FvzhRXrLVVE4,100000,100000,0,eur,succeeded,1,0,,,card,mastercard,9576,6,2023,US,Subscription creation,james.scott@alpineview-wireless.example,txn_33F0Y1eovMzWjCYfwo5PsADx,1667982158
ch_3nYdqz5zEjWGXDviKwv7hPFJ,pi_3MIWnirJb0qyVmNGIlMxPCax,in_156QaSiah1iJIa6mnnWjEXo0,cus_Oaet0GN59NIa43,59900,59900,0,eur,succeeded,1,0,,,card,mastercard,3849,10,2025,NL,Subscription creation,koen.deboer@nordicpeak-wireless-engineering.example,txn_3Mc64ch4xw6DMwX9tqDdrwU5,1668089818
ch_3vgLN1YdMb3aQSFJB0O1hnLL,pi_38teZ8gnigYPMRrFVMpGsIJE,in_1V9we3D030r3vQJyDEm0Ao5z,cus_TuPV86eLXGsCK6,299500,299500,0,eur,succeeded,1,0,,,card,visa,9026,7,2023,NO,Subscription creation,emma.strand@polarfield-managed-services.example,txn_3MDaP0l4uML9hgiOF2DWikE8,1668180097
ch_38Lg13gF3oogQDwUhWOQhev8,pi_3snaAo4ZKzoHrBZETJpOBAlb,in_1KHqxazY801Spo3JLDf8rKV7,cus_GLb9UNJNnh38lJ,100000,100000,0,eur,succeeded,1,0,,,card,mastercard,8263,10,2026,AU,Subscription creation,mark.jackson@deltastream-hotels.example,txn_3gK5BQwxf5AqwU5ONX1lc9SA,1668316473
ch_3CIz2I74s650XAJvrXDzh39X,pi_3eYUYkI98YVbqUD3bsSLMBaO,in_12CwBGmvrTM75hM8Bk0azdDt,cus_sP8KSNPwszEOZT,100000,100000,0,eur,succeeded,1,0,,,card,mastercard,7430,3,2023,US,Subscription creation,megan.lewis@pineworks-networks.example,txn_3SPpmhmZyMPzIXiRUXG74Svv,1668421031
ch_3uEA81lgE6MUOWA8Iv0d9WqD,pi_3OVfhzYWOwjMQakdHN9oYLsc,in_1wNSLg4yTockIl98Zn45Yxlk,cus_2477sHuuAMqNAg,100000,100000,0,eur,succeeded,1,0,,,card,mastercard,7569,12,2023,GB,Subscription creation,jessica.green@signalport-wireless.example,txn_3MwWHOEy9BqVUuNE0Kw0EQMH,1668702261
py_3k02l0BA9Xphq0kPgVuguhV0,pi_3auxbGWfRIpA0PcJtTn7eDJk,in_1thYTKf2y5OBivChQu2f0RbQ,cus_KSxD48wtyNhtuT,200000,200000,0,eur,succeeded,1,0,,,bank_transfer,,,,,,Subscription creation,paul.young@balticbridge-communications.example,txn_3E9tH2MQVPNWMxQrV402728O,1668722531
ch_38vULWbBYTQRJwjy8NFEGPCM,pi_3jDHzgwyriFVcNcmTYjvRrKz,in_19air2Ke8FFgFk4Bv6JaNeuV,cus_DtkOsehto9w9B3,59900,59900,0,eur,succeeded,1,0,,,card,visa,6216,4,2025,US,Subscription creation,rachel.clark@deltalink-rf-consulting.example,txn_3VKCdBfzz8vzE1rrs9myWmJw,1669275343
ch_3QVpHaoKySI91WjbUPNDAak3,pi_34LOHNEttGOBvLZ8vc8zWQkh,in_1C5ovbc3d5vKVSILvifNaJ2x,cus_l5lGlriGfO81Be,119800,119800,0,eur,succeeded,1,0,,,card,visa,1487,6,2023,SE,Subscription creation,mats.sorensen@sorensen-wireless-consulting.example,txn_3NCLwOv8D3YlieFdMxJCpvkn,1669710262
ch_3KvuRbhNajiVUo3ZVKP4bg0U,pi_3yqnVcmclzKpJsWcb7r9DcSy,in_1oYVOvFCUGi66b1UDlbSBB1a,cus_jauZDybqY6ogph,100000,100000,0,eur,succeeded,1,0,,,card,visa,1096,3,2023,AT,Subscription creation,uwe.schmidt@stoneworks-construction.example,txn_343im73M84tr2faYZi1oNvmo,1670392598
ch_3Ta6rYZ9Lo08AOvEgAKfTvcL,pi_3gHUYjxsdBXpMtlbKqBjYBLL,in_1uEVVMdq8jUMWq2nYHX7CnS7,cus_zev8gp4gR1fR3X,100000,100000,0,eur,succeeded,1,0,,,card,mastercard,9570,4,2024,IE,Subscription creation,eric.lee@bluewave-media.example,txn_3KxycX6IQnFLZXf094bOh4X7,1670405040
ch_3xFQquYOZjQDftG4fHGFZRqC,pi_344l6vk7sJTGer37DbEYS1ss,in_1nVx0O4C7sfko4ayukRJ5PBW,cus_0M7HWYVoi8rjSs,59900,59900,0,eur,succeeded,1,0,,,sepa_debit,,,,,,Subscription creation,maxime.lambert@lambert-wireless-consulting.example,txn_3I5MHY4xOY9TIBiY10egWyLI,1670442920
ch_3KvWZ0tpucqjL2ZxTnGxBWdM,pi_3l3mLWZIm4Pue6l4rP12Vm2w,in_1oZFMmviiZw0bl0lPf4SVDV2,cus_awECscToLjhlvk,100000,100000,0,eur,succeeded,1,0,,,card,mastercard,6232,4,2024,GB,Subscription creation,jessica.mitchell@balticgate-construction.example,txn_31ArXa3gZOUDacQ2cx2JDfk3,1670687037
ch_3BxovktUvK8tvO1FtnQZYqrw,pi_33memt9sIvK4z7giWkMvNwWE,in_1vfyTfBhchuTx1BRMt4SJRXM,cus_l4KBvUnBagMAUj,100000,100000,0,eur,succeeded,1,0,,,card,visa,3041,4,2025,DE,Subscription creation,stefan.schmidt@mapleworks-schools.example,txn_3c1jjVSQRwZI7Y5CMxITC6dV,1670849649
ch_3GcA8J8c6XHE1UpwsF0Z4aHD,pi_3aLJmKYOTZFs3FxmQB7OkWCN,in_1AkeV4kCDMK85HZCe9bb5lvU,cus_kobV3WDbqC42P6,59900,59900,0,eur,succeeded,1,0,,,card,visa,3512,11,2026,NL,Subscription creation,wouter.vandijk@atlasfield-retail-group.example,txn_3sFMLDIHfhs6TZzCOwxbvhCK,1671040308
ch_3EGsKW998Q5v6MFh0kAM2M5l,pi_34fs7tS1i1bPZcouB8yfOh1d,in_1gGroD2rw2MGrj96Nud2MVje,cus_9ULB87mUvtzyvK,59900,59900,0,eur,succeeded,1,0,,,card,visa,3751,1,2023,SE,Subscription creation,rasmus.strand@cedarview-wireless.example,txn_3ypID8b3sZqDJqdKhYChP8mt,1671094814
ch_3k8bMMKJuScDWSzM0bXxWkLS,pi_3jVS6MuIJLAp8LYJVsktS9Wz,in_1Bra9vyVF5Fh9obdo9AITjTF,cus_CNAXSKRsHTQ6jQ,100000,100000,0,eur,succeeded,1,0,,,card,visa,4551,3,2023,US,Subscription creation,steve.williams@balticpath-media.example,txn_3E0aun8HkJBbiytmqczB36dK,1671502863
ch_3YNtb8lFgJcgCT81bjuqxIkh,pi_3QfHSq0V1KPMwUu6hjmJHf5p,in_1sIYt6if1nppoHa60JNA1saC,cus_aHvgdad0rSLaPo,59900,59900,0,eur,succeeded,1,0,,,card,visa,4733,10,2024,CA,Subscription creation,nicole.smith@smith-wireless-consulting.example,txn_3KV11mIcuvjq4ahpJhFJL7kM,1671644709
ch_3un3R0EAnV2nKG7AU9e4Dmp2,pi_3Wdy9mneGWXuuuPPZeZjDKf8,in_10DGGA2HUO2imJPjOBkwJ7QK,cus_Q0h0o7PxoVeGBI,59900,59900,0,eur,succeeded,1,0,,,sepa_debit,,,,,,Subscription update,florian.wagner@crestline-networks.example,txn_3XZODUxmEfTaCVjHlGzbntIv,1671703139
ch_34HL8d74Lp9ud8dZbev8Z4Tj,pi_3XajrSgAFuYVmxC4PwXjCWLF,in_1SbP8497jofMeI0Scg0ya1Vv,cus_Bxx0AGGEEk6HjH,100000,100000,0,eur,succeeded,1,0,,,card,visa,9838,8,2026,AU,Subscription creation,brian.thompson@thompson-wireless-consulting.example,txn_3fIZe0xablmx2L77OyJmwnBq,1672079319
ch_3OA2tkovsUaPBPUSwafq1tzw,pi_3K547lO9XRMTl9WCrRMKcgBT,in_1jIfziz5Mr3iAgyl9S6d00MQ,cus_E1pNrInSdSgNAX,59900,59900,0,eur,succeeded,1,0,,,card,visa,6044,4,2023,NL,Subscription creation,koen.bakker@greencore-warehousing.example,txn_3sm86IX2UJSU5F9Qkj1NmU4H,1672379693
ch_3eE5doh9JYfEBDkNJqd5m20O,pi_3AcVBhgcWZKZ5cxvRta6bWk9,in_1fKXFi8aKHx5DSd0Muj9P5IT,cus_lzJYBJ6k9sH9Kn,100000,100000,0,eur,succeeded,1,0,,,card,visa,2825,12,2024,NO,Subscription creation,ingrid.holm@granitebridge-foods.example,txn_3nFA4DvgYbUD6dcTlDbHomC2,1672787228
ch_3mUR2haRYIzsEuPBrooPKZYu,pi_3nmKImqqa2CngXeRyYtQMV1g,in_1P51XFbwkY2zDYox64DZbseJ,cus_ZqxfrvQKIazfVs,200000,200000,0,eur,succeeded,1,0,,,card,amex,6863,12,2027,US,Subscription creation,james.jones@signalworks-schools.example,txn_3oAUSNxPZqmyv6I97BVC9NCk,1672941509
ch_3FWS1056mqmjZxWs1oXALSoq,pi_3MfOepyA5Jk8mWmEbf7z2TYA,in_1zcOMPuPDJBc2S3C5So9kAtN,cus_P5lKyuAWGdLFxR,100000,100000,0,eur,succeeded,1,0,,,card,visa,9822,4,2024,IE,Subscription creation,steve.jackson@signalpoint-wireless.example,txn_3KTfuAtNrsbqc8o6d0PhpYrD,1672944964
ch_3K5CUIn6usJCGdvFlepPx5Cd,pi_36TOpbxMLij01YMnj4aY8wVj,in_1PnoBFVRgdcHAsX1zo96Sgkv,cus_OkTHwPwpdcpubi,59900,59900,0,eur,succeeded,1,0,,,card,visa,0179,6,2026,CH,Subscription creation,christian.fischer@westview-wireless-engineering.example,txn_3ltyerzbyFIIGVRrbKnCI9PJ,1672987146
ch_3qSnyk8H8Qo5kFeE1LpUe3oU,pi_3v6CZBdjikXa9IRZ7zWmLSNG,in_1C89O5Weh9kp3I86ZcWnJbce,cus_nHIOQoUfpdw9NT,100000,100000,0,eur,succeeded,1,0,,,card,mastercard,9583,1,2024,US,Subscription creation,priya.green@green-network-services.example,txn_3b1bQTe5pPSQI1ECP2PyFsth,1673448397
ch_3wBcCr1xXMRroN7nAADS3AXT,pi_316G1S6wd4fqH0hValTmoFNg,in_1ahVYaTjoP9RZOjxJRQOdAjY,cus_wzgy6FZ2rkaSJt,59900,59900,0,eur,succeeded,1,0,,,card,amex,8488,9,2025,US,Subscription creation,raj.jackson@granitelink-retail-group.example,txn_3fxe1zb4G7ftETVIIHAuSsRr,1673613589
ch_3nGtaP1nKEvVQzMWfDgl5n4i,pi_3C9N4cAUVr3KUAO3sB01RKRL,in_1AjuVCf3EfpvQIE94ObHmwTM,cus_BaXJDkKoI1d0gG,59900,59900,0,eur,succeeded,1,0,,,card,mastercard,0125,8,2027,BE,Subscription creation,sanne.hendriks@mailbox.example,txn_32mJz9HVh51LBjx26D6mX7sW,1673768920
ch_3NnN8h2YlVtqYxp3QOAN6YyF,pi_3XO6AxDUaIY8P6mi6Jku3M0a,in_1lGtrRcayj0MCZQkPuVswmmv,cus_faA1HomPTQ552M,100000,100000,0,eur,succeeded,1,0,,,card,visa,8699,9,2025,NO,Subscription creation,emma.madsen@balticfield-logistics.example,txn_3F1aYexszCJ3co8IZALw07t8,1673868551
ch_3dPY1qhecPJwK9VUEyzQm7PE,pi_3wUVPl9XeHf8VsKNYovDpKPh,in_1l68sxRr6tKB9g5SjH0avjXa,cus_7QUjGcufpSjsGe,59900,59900,0,eur,succeeded,1,0,,,card,mastercard,8953,1,2027,CH,Subscription creation,julia.schneider@atlaswave-hotels.example,txn_39MhGIhspaLOAYNn36h1fsC9,1674463349
py_3wcjdXLAu6fOtXe5DqND3k83,pi_3MoTzuTFLyFMm7iH5z2wlIUN,in_1fP0g6TwZjbpYqlIQRj49dQ2,cus_915iwJ7tAyXx2O,119800,119800,0,eur,succeeded,1,0,,,bank_transfer,,,,,,Subscription creation,ryan.kelly@stonepoint-systems-integration.example,txn_3AXP774d3ZswWEuO2RIlhyv1,1674568170
ch_3EGywrcc45QMgrIdvVfQONkt,pi_3dndwER9yl6yihj35tQx5NAk,in_1poeXIVVA1n2OyeY9fy7z1Vi,cus_W7jDuNX4F7cz0D,59900,59900,0,eur,succeeded,1,0,,,card,visa,4907,5,2026,US,Subscription creation,nicole.martin@novagate-rf-consulting.example,txn_3xlZ0UvJcg9g9nWB2X2Vud6p,1674795992
ch_3J3YbmZ0as8jZe8hwb317gOh,pi_3FSXyhGZDc2ct4kNryDSLCai,in_10eNV2yjOZqrLJgHqNXpWysO,cus_ImD6K4JzIgRlaK,100000,100000,0,eur,succeeded,1,0,,,card,visa,4981,12,2025,US,Subscription creation,michael.king@mailbox.example,txn_3RGAcgj0H2xtKgPRGqK7AgOe,1674825317
ch_3v0hsOl1PppoFi7MbtTCD0BC,pi_3EZc542AITSXa15EjpV8jyg7,in_1vMi1WPgyHAlVfJu2x6L4ETz,cus_F983kzLqaSqrz4,100000,100000,0,eur,succeeded,1,0,,,card,visa,9125,11,2024,US,Subscription creation,sarah.nguyen@harborpeak-wi-fi-solutions.example,txn_3gxrVAa4ytSBS5BeEgMga0G7,1675100072
ch_3ZM2kEE8FMiPrtudZnv8HkFJ,pi_3AMJFmcjhNANMX45ujNKV1OX,in_1cPOuCyr9rumYNwfMIu3sESq,cus_L1hKx1yQPx1PA4,59900,59900,0,eur,succeeded,1,0,,,card,visa,6732,5,2024,CA,Subscription creation,james.moore@moore-network-services.example,txn_3xhxYEqTbI2gN2GrqRxvCKC7,1675501296
ch_3ei442ZgxbvAqMbFhfee2j9p,pi_3ap9FURvmI6tl2jymcaeFoi8,in_1BCUnrMaBQ17PHF8jdLkvPyh,cus_epIZQjeBkV1rhZ,100000,100000,0,eur,succeeded,1,0,,,card,visa,0480,7,2024,US,Subscription creation,nicole.harris@atlasstream-industries.example,txn_3Z6c642Bo5yRfYninAp2t68w,1675583032
ch_3dDB4rky29MrLv3n4jkabYgn,pi_3tETdBko6VstOXdFzdHk6Yej,in_1YJYOPy5EEOkVrOGNu6LtAk2,cus_pHoRxpXmneLgBg,59900,59900,0,eur,succeeded,1,0,,,card,visa,8151,4,2024,SE,Subscription creation,soren.sorensen@sorensen-network-services.example,txn_3cd067ZeiDt5frk7iazekXBt,1675610559
ch_3gPCWAoNSoA0drVWtK4LB4f7,pi_3FFePDMsi125kOhlGRALqAa4,in_1dtM0N7sYaqpk2qJ7TT4dEUA,cus_bp4y84vr4e97b6,59900,59900,0,eur,succeeded,1,0,,,card,visa,7512,7,2025,US,Subscription update,wei.young@novamark-clinics.example,txn_3OaD9j1YozHM5c3laH8AF2Mt,1676002556
ch_3Oqc8vAh4JcfOihNMj9iPx5J,pi_3IdqV54glAJdoqkTtdLndD6W,in_15NKl3ywPS2ABlYU8t4hnpmj,cus_YpIY9L9R6B1GCq,100000,100000,0,eur,succeeded,1,0,,,card,mastercard,3189,1,2026,CH,Subscription creation,lena.weber@apexmark-networks.example,txn_38zA6JkRsS1bzqCPGzaOwrFT,1676547683
ch_3GqLh5Q1YPuw9dIof2xEMtvw,pi_30dZvXbPfh4icYSygphM7OCZ,in_1tFRCqV3PkT80xem1RXTpJJ9,cus_vG9aykSs587AQe,100000,100000,0,eur,succeeded,1,0,,,card,visa,0253,8,2025,IT,Subscription creation,matteo.conti@conti-wireless-consulting.example,txn_3YiXJRa2E67vdHftbL0VQrRp,1676623185
ch_39RwbjJ95CVx8tfNJo2kRQQd,pi_3glZEqBfoUVI2wuM4jaATX43,in_1lFF6MjEOA9vSS6FLrm9l7Jy,cus_F4dj0cYJMxJklO,200000,200000,0,eur,succeeded,1,0,,,card,mastercard,1184,10,2026,US,Subscription creation,tom.scott@scott-wireless-consulting.example,txn_3E55h37CqPTGAqcPqAOjDrz1,1676632987
ch_3QUjbGy7IQgkQM4SJ0TcIF2c,pi_3EgCIrFzKDihffxin9qpb2Ku,in_191mkGYM9iE2Y8MEUlaYhoTm,cus_bqE6HxqMhzPpk5,59900,59900,0,eur,succeeded,1,0,,,card,visa,2299,1,2026,SE,Subscription creation,mikkel.holm@orbitpoint-schools.example,txn_3P02zjV39E6aoStR6oIare3y,1677005120
ch_349HLAFIFq2xWGcqBHrMe1yr,pi_36JMXA9gNLFCvd3IECqVF2dh,in_1qetJ9xCqQTS85if7InTSOHY,cus_10tjDHkuMjbMtH,100000,100000,0,eur,succeeded,1,0,,,card,visa,4513,9,2027,CA,Subscription creation,brian.green@postbox.example,txn_3HHj8MZT0rBza2dcw8T3i2xb,1677006449
ch_35ZFiDGnc9uDSosOcMFCKVk7,pi_3DG030It87umJv6diLQ5zxO0,in_1b05lLTYnbEu8pXDGgG5JK2w,cus_UiZ3fY6MBONnZN,59900,59900,0,eur,succeeded,1,0,,,card,visa,4786,6,2026,CA,Subscription creation,emily.mitchell@postbox.example,txn_3hixyG6EzXTOMUkshonQqm1G,1677053382
ch_30axnaU2vHiAfMeaWauqnYzI,pi_3Hxviqjz7VXQk7HnBJ1K2i3B,in_1P1Pxxf4OmoCrBwSAqrg58F5,cus_oEW280DQFAXVnk,100000,100000,0,eur,succeeded,1,0,,,card,visa,7865,5,2027,FI,Subscription creation,timo.makinen@maplepeak-warehousing.example,txn_3sPbITCzwdmNCv0Rz5LmMCXd,1677071794
ch_37lelMMPoO6sAp7a8E4IYfbo,pi_3Z8cOzpBnSSwuwjWhN2aGRxB,in_1QfM9yA9yrAEhwK2ZszrXxTj,cus_JSTAz0WNcUniEL,100000,100000,0,eur,succeeded,1,0,,,card,visa,2106,5,2027,AT,Subscription creation,lukas.wolf@beaconlink-wi-fi-solutions.example,txn_3a6YrDbtbrdtW7MPh3qpJlPi,1677257822
ch_3Oz0uvgO48yD2mpk13AQvYdw,pi_3svKTn5QypKziIOmQ5VGWnMR,in_1BzeneY3Ku2ir88YXees0DoC,cus_rSGTt7uuvZcxEx,59900,59900,0,eur,succeeded,1,0,,,card,visa,5418,11,2025,CH,Subscription creation,sven.wolf@alpineview-rf-consulting.example,txn_3V3dGGmyfbPND8uB3k3nR5dU,1677267508
ch_3or1X9cZImfNCnYA4QVLbou6,pi_3hVl9NAKCUfmWy2rFTuId6st,in_1jZEnicmYkjOV3oJthz7kzid,cus_432x7NoHNZSqbI,59900,59900,0,eur,succeeded,1,0,,,card,visa,1016,10,2026,GB,Subscription creation,michael.johnson@nordicport-wireless.example,txn_35GEJKWNmUTP3U7se75N7pfp,1677268704
py_3RXZt5KIVrElwKOUsCgey0cb,pi_3p6HHYjxsj2BlnpyLeSvKCoY,in_1JXelE5WSxhv9uYXXjrxA5vg,cus_zm3QWUdM3R6hsY,200000,200000,0,eur,succeeded,1,0,,,bank_transfer,,,,,,Subscription creation,amanda.clark@polarstream-foods.example,txn_3TtV3qq7qAamWUm6WfLF9MNs,1677844078
ch_3wiOi0zqOGyU1AZnsTYfjEIV,pi_33o7IuKOYtTzwk8CeEccOJ7h,in_1PsKGx6qvx8RGIep4ArzCFq9,cus_r6YAsvGg7H2dtJ,300000,300000,0,eur,succeeded,1,0,,,card,mastercard,2801,11,2026,IE,Subscription creation,brian.roberts@graniteport-wireless-engineering.example,txn_3ODYV6uR3EgWGEkmJb0UZfIr,1677849037
ch_3AeDpGKRtcdNhECVV9zn0dkw,pi_3Nw7ydHcecFzOuiApHyEvZZN,in_1RL9aijNjFvHRI2IQBxMpCY4,cus_PJAVUuYJfjNwbt,59900,59900,0,eur,succeeded,1,0,,,card,mastercard,0899,7,2025,US,Subscription creation,laura.smith@smith-wireless-consulting.example,txn_3MqwbcHEtYvIoItL1XyvZ5lP,1678197137
ch_3vyOhNbuivisci7ezf2GZatb,pi_3FjqMwSB4QAYMc3gkLg4U8kC,in_1mqEWXpLxtK4B1V1AXxFr6Q9,cus_Akrubb7dYCpAvn,179700,179700,0,eur,succeeded,1,0,,,sepa_debit,,,,,,Subscription creation,michael.schneider@westview-wireless-engineering.example,txn_39Wld4CI19Z4pP6u9Q4dCtHb,1678222375
ch_3XYB1t2mh8KFrDayCuvL7J6L,pi_3Rsn2A02V0ehJy3YSusVmUfA,in_1od2HoptPFDtXVowAU75NZNu,cus_rObx6GpznD7rAf,100000,100000,0,eur,succeeded,1,0,,,card,visa,4925,7,2026,GB,Subscription creation,megan.miller@miller-network-services.example,txn_36t1ERAh9vuHDOQQ2KWlrRfb,1678448206
ch_3KSp6J5RIdS75i1F25iXbUHQ,pi_39bl4GUtoQSkQV2FevNdYKcZ,in_1OXvYQmhGGSJu4Z1eJwbbMpk,cus_FtWbVoDqNaK46r,119800,119800,0,eur,succeeded,1,0,,,card,mastercard,7686,12,2023,GB,Subscription update,amanda.jones@clearbridge-hotels.example,txn_3rSncQrqJt8R6boNjGZOfkLG,1678540598
ch_3ihjNzAIqaONMguNmI67Xkfu,pi_3N4hvWpvi7b0h64iP6MizQlg,in_1j1lubmpHZHetXwIYK5gCdQc,cus_KezbhquDmFlGoU,100000,100000,0,eur,succeeded,1,0,,,card,mastercard,6578,1,2025,FR,Subscription creation,guillaume.martin@alpinebridge-wi-fi-solutions.example,txn_3G5oQU5vRCYI4vg0DswDNuYy,1678958314
ch_35hCjWPNyFfQEMqGTmFcw1QZ,pi_3KjPGIaOLltmSTArOy2U216y,in_1x1FKkiMnwKVqS1UOmT7qe6k,cus_tSidqk6oS9yCj9,100000,100000,0,eur,succeeded,1,0,,,card,mastercard,8871,10,2024,DK,Subscription creation,rasmus.pedersen@mailbox.example,txn_3E938O6rfBmfEu6xFS6dQI9B,1679488899
ch_3wpiftNQRQvEdUZpHHidPV3N,pi_3iHv99JNP0RErL4b8e2vCGp9,in_1r4tOiYpo7qU3OWCUaHjFxXY,cus_YuTCUS21WjX8fc,200000,200000,0,eur,succeeded,1,0,,,card,mastercard,6221,11,2024,CH,Subscription creation,lukas.schneider@beaconbridge-properties.example,txn_3X3WpA2h5Kgw3lWjvAKgWeO7,1679657433
py_3yB5M5PB999Lf6o8RV5kvR1i,pi_3pOkgF4nkrekfr5efYXUg1bA,in_1FHdpmUxmhDRYF3xhzswQp6i,cus_ZIil6tzf2pISHx,11000000,11000000,0,eur,succeeded,1,0,,,bank_transfer,,,,,,Subscription creation,accounts.payable@kaarna-university-of-technology.example,txn_32C3dEmokfWgwlnJY8guuShu,1680378027
ch_33S2aKMRtLwpN3oUeK2p1mkx,pi_3qtGMFJtCbBXmhjMlcN4JmrL,in_1HIz7Q2dSUQlBbDqzXEDqkar,cus_Wo0OAUrxi7OWEW,100000,0,0,eur,failed,0,0,card_declined,Your card was declined.,card,mastercard,0791,4,2023,GB,Subscription update,mark.murphy@northport-foods.example,,1680772207
ch_3eO9jItobh4NOT0TKyPAF3IO,pi_3rpprqkYsKSx7wy3yYANm5sm,in_1kYuHaSAnDlkRkHue2QJA9CR,cus_KzSYsyWxuaaD9s,100000,100000,0,eur,succeeded,1,0,,,card,visa,3736,6,2024,CA,Subscription creation,brian.martin@greenpeak-networks.example,txn_3gzTA0nm1sO4aGYC2N1nU9n2,1680872911
ch_3PeK88A44HwHWvrGlrxdjAIA,pi_3qtGMFJtCbBXmhjMlcN4JmrL,in_1HIz7Q2dSUQlBbDqzXEDqkar,cus_Wo0OAUrxi7OWEW,100000,0,0,eur,failed,0,0,card_declined,Your card was declined.,card,mastercard,0791,4,2023,GB,Subscription update,mark.murphy@northport-foods.example,,1681035367
ch_3ccMdx0m6dfAVBwQnHmuklcQ,pi_31NqOOfhGoofWVBskj1shw2Z,in_1oqn42OMJJt3MTWAdvVld4R6,cus_DS5DcyZ7EEQ5up,59900,59900,0,eur,succeeded,1,0,,,card,visa,5657,9,2024,AU,Subscription creation,james.collins@summitlink-rf-consulting.example,txn_3x87ZhrbPAYibP1fXNNH0A7R,1681253874
ch_3Covdo9uSkxuNi4dY4wSUgW0,pi_3U8m17J2xKnk7NMUn36OukTJ,in_1IjeyQ5w83dahWy5L0r9hxJ2,cus_uiBs6rG3zG4hJV,59900,59900,0,eur,succeeded,1,0,,,card,visa,8453,12,2027,US,Subscription creation,mark.campbell@northgate-wi-fi-solutions.example,txn_33efkD4AaDs1P38Zlft0sdgy,1681389462
ch_3Zz1HR0wTc7BTB6MxM87MZVT,pi_3qtGMFJtCbBXmhjMlcN4JmrL,in_1HIz7Q2dSUQlBbDqzXEDqkar,cus_Wo0OAUrxi7OWEW,100000,0,0,eur,failed,0,0,card_declined,Your card was declined.,card,mastercard,0791,4,2023,GB,Subscription update,mark.murphy@northport-foods.example,,1681465927
ch_3Rvgse7Rbzlf1VnOhGjwG4Y4,pi_3JQRQ7H0mrmNPXRMQorhJWAG,in_1AONvgZgyv0DqvxWPubaZCcK,cus_5neTUoUbKCe0NO,200000,200000,0,eur,succeeded,1,0,,,card,visa,1431,6,2025,CH,Subscription update,sven.zimmermann@cedarcore-wireless-engineering.example,txn_3b0AzvVyeCujhESPsh589xix,1681502503
ch_3RbVX5Q8oNOnUTkAK8xDeWlB,pi_38dfDS4htWQsYNpAiGZXKVbg,in_1j9dzR6Le8HiOLUihN0vinqG,cus_9wqFIILmv9RZ6W,59900,59900,0,eur,succeeded,1,0,,,card,visa,2250,4,2026,FI,Subscription creation,sami.koskinen@summitbridge-warehousing.example,txn_3ZtULimq0Q4sgN0fh0jI1EUS,1681554911
ch_3sZHLEWWosNaMcx1N9b31mTL,pi_32Q3xSxYthvBdNxvrzpNbGrR,in_15QAAhKUKgJlJeuS7xvhtu9d,cus_kXQ7PVRvjtmR2T,59900,59900,0,eur,succeeded,1,0,,,card,visa,7081,5,2025,FI,Subscription update,jukka.virtanen@virtanen-network-services.example,txn_3OJhhWBlQK3X90pLTGyEI2oS,1681560922
ch_3tc7ujuhfPoPOCiWzWebP3KW,pi_3xLOtN3tFN9QwoFAItClUgHy,in_1DuU5eGDi3eyh7eQyWLvkpfG,cus_X3H4uODa70BhtN,119800,119800,0,eur,succeeded,1,0,,,card,visa,9009,11,2024,IE,Subscription creation,chris.lewis@vertexlink-properties.example,txn_3m4qK58f0ITwjJJervMRMVss,1681573082
ch_3wKirEszpP9xzWGvncCVedE2,pi_3DxDpg1pbuaSJeK2b5kWbxK1,in_1t4leYXzf5JoYScNSzNqxixc,cus_VYoBhAHjKR8xhk,59900,59900,0,eur,succeeded,1,0,,,card,visa,3568,8,2027,SE,Subscription creation,frida.halvorsen@nordicfield-rf-consulting.example,txn_3un4Uyr1Pe40MpiQERtFdI89,1681636095
py_3hVaqCRIT1coXRZcw7UDE3Xr,pi_3FCAhvFPgOMKtiJCe8Mua5RW,in_1Z6RAyMecwY46GpevOolDRDI,cus_XxoI1Guhgg5Gjo,179700,179700,0,eur,succeeded,1,0,,,bank_transfer,,,,,,Subscription update,megan.scott@westwave-systems-integration.example,txn_3B7p2qEGVc7XlObRe3J4JPdH,1681915979
ch_3RRp5C8SRWlFidrqFU79Pz4s,pi_3EswTFAvzjhJZpyyQUehantr,in_12FAlslu4Jl06XdW5QFin4zM,cus_SZjkfVS0anqRiP,100000,100000,0,eur,succeeded,1,0,,,card,amex,2950,10,2027,US,Subscription creation,jason.davis@alpineworks-construction.example,txn_3NFzdgL3PekDIQ7dSFa9iYwk,1681986726
ch_3B9kNpCy3VGR7JiMDeUlDxIU,pi_350OQdP95zaj1nlnAgYOXRYp,in_1Qyl632koxAV9XJoZbK6nPw6,cus_exBCmsJV7fNLDU,100000,100000,0,eur,succeeded,1,0,,,card,mastercard,3413,7,2026,CH,Subscription creation,anja.fischer@auroraport-wireless-engineering.example,txn_3hhcb55cFE09TLhifj37dF2a,1682001047
ch_32l04RY6ObvpFyyQlN6JoGLf,pi_3ZlfIaecCVzf76pv41XItgQU,in_1YtIuNyAIFImdaYQLxes5Lby,cus_MPCMVTE8DO2C6I,100000,100000,0,eur,succeeded,1,0,,,card,mastercard,8871,8,2024,US,Subscription creation,sarah.brown@orbitfield-telecom.example,txn_3M2QdWv9RjvmhgynwpO9iOce,1682001545
ch_3Kd2n38w73Lg2eDdqZteY9dN,pi_3hIRvVAlT40fYanp0bBCinCi,in_15po51UK3CmT6kQgujvoa8le,cus_dX4trlgb8tPb95,100000,100000,0,eur,succeeded,1,0,,,card,visa,6611,11,2027,SE,Subscription creation,erik.andersson@signalworks-industries.example,txn_3hUq17Laz6M7fByBQ9ToNQpJ,1682077518
ch_3lvVgj30awmiJfoMGskPIzie,pi_36pC5JEc5iDs2Q9GHKaqJ0QG,in_1o3JaANmo01bgv0KaeW7GIuI,cus_Km4WG9TsONQntD,179700,179700,0,eur,succeeded,1,0,,,card,visa,5220,6,2027,CA,Subscription creation,amanda.davis@apexpeak-retail-group.example,txn_3mXHZoNjtSS5wWihDcNj7Zx2,1682206699
py_3vy4Em6QC9uNkOdmZQlRIPxe,pi_3umgA6EXDuVUFXNeBerdxPVa,in_1aiUyY0eC01NBEDAm2rh0CUg,cus_DH1TpKMRfy6NMT,119800,119800,0,eur,succeeded,1,0,,,bank_transfer,,,,,,Subscription creation,tom.martin@cedarpoint-technology-group.example,txn_3Iqz6nz7GN3RttBbDnnZODjj,1682275290
ch_3cv3IGcPWQGKxGr8eMK1zycq,pi_35REV5wVOJDbJMnRRem08bDO,in_1XYBgePgUq3Td0Q6BWLBXptC,cus_F1XOmstGPaNZej,59900,59900,0,eur,succeeded,1,0,,,card,mastercard,1854,4,2023,SE,Subscription update,karin.hansen@summitpath-communications.example,txn_32s8UUel1vVWmtA69kUo8SRC,1682321914
ch_3c8mcbCOsootJRHI8pSrxBp4,pi_37bqpXzS2Zx0Vo0NMUr9B6PJ,in_1ilxNbmN54qrxK53oAgKcr9e,cus_HLtDflhXBuCGwV,59900,59900,0,eur,succeeded,1,0,,,card,mastercard,9273,1,2027,DE,Subscription creation,sabine.schneider@nordicwave-wi-fi-solutions.example,txn_3Leaef8mUYoImrtyZYJl1cMo,1682429198
ch_3DHQwAHrLZuCk3Ymw0lu0qT6,pi_30CgyaktdnqdHF1TtZFrUneV,in_1d0OrZKzUyUhsoTlz2huRySk,cus_ASjFtZq26RjsFm,59900,59900,0,eur,succeeded,1,0,,,sepa_debit,,,,,,Subscription creation,wouter.dejong@apexcore-foods.example,txn_3psTwGdhkd9hJPB6PcaCVzVM,1682434455
ch_3mDbRMx6iXaIzSNfPNvwcTjO,pi_3pO15gQPQqAPyDCNsPbxDNxC,in_1VxAvshorREt4tdctE5iGnTx,cus_uVJllMRl2rpcsP,59900,59900,0,eur,succeeded,1,0,,,card,visa,2535,6,2025,DK,Subscription creation,rasmus.karlsson@alpineport-industries.example,txn_3UsXpDLIskAoy2ozPOT3RhfA,1682575253
ch_3WeuzOUdFbLfkLuNGGIXIahv,pi_300bZr1X5q4rMXIBRkDIBYXU,in_1l4CeYPBG840ymi1GWQSxtg0,cus_iedf9YX9IcNbYU,100000,100000,0,eur,succeeded,1,0,,,card,amex,4413,4,2026,US,Subscription creation,andrew.brown@brown-network-services.example,txn_3XpqGiJzfSfjcSEgwu4mEOYM,1682983678
ch_3bFiCwplMOzKuDMuILw7BZul,pi_3VrMrd9TY6ejrbBVoRBe55T7,in_1GqztRyC5XsuqPwrkVH18pMB,cus_UKG0BTr69F0BQ3,100000,100000,0,eur,succeeded,1,0,,,card,visa,9163,1,2024,IE,Subscription creation,david.wright@wright-wireless-consulting.example,txn_3cVixgddqmErg1exd96Q40dD,1683100494
ch_37yCxQUMhliKDIuIIZkrN2Wq,pi_3pnnMDQCfhQxMvxvoXaeOWLD,in_1iM6nNUzt5HEiyIPNcuNSjP9,cus_M4hDWsFdPWMbXk,100000,0,0,eur,failed,0,0,card_declined,Your card was declined.,card,amex,8649,10,2026,US,Subscription creation,jason.scott@stonepoint-clinics.example,,1683102179
ch_3MkcluDbbYMwitvpKehSEhQJ,pi_3pnnMDQCfhQxMvxvoXaeOWLD,in_1iM6nNUzt5HEiyIPNcuNSjP9,cus_M4hDWsFdPWMbXk,100000,100000,0,eur,succeeded,1,0,,,card,amex,8649,10,2026,US,Subscription creation,jason.scott@stonepoint-clinics.example,txn_3ePcpzW5NKjMNhQu2vGng1Zp,1683102580
ch_3CN0J5iCsWPM4kC2iYiKm02I,pi_33R1cXlmllmFR2LGp87v5uhq,in_1n8V67HnK9RXMLYKspvBxbyg,cus_OxYiYyhGxlRHDC,200000,200000,0,eur,succeeded,1,0,,,card,visa,8572,2,2025,US,Subscription creation,james.young@young-wireless-consulting.example,txn_3EPAYUQL6u23l1hFGcTL4dJS,1683131962
ch_3E9IJYmIer34NNSa1FDRzjBW,pi_3spNOqgjBnTbBEFJomRXhSRl,in_1un5x9kjz7No2fQ9JkQ73doN,cus_asGOJyVnBTrscs,100000,100000,0,eur,succeeded,1,0,,,card,mastercard,1915,7,2024,AU,Subscription creation,brian.murphy@murphy-network-services.example,txn_3eEyZvyov7CJbBG64lxhzIsE,1683198401
ch_3SlQcF4zxZQSdM5XwnN7uVEa,pi_3cP0G8MJRTmzaWtTUH5DX8BB,in_1e74LxGLOoqfpNymu6yyrKoy,cus_vJIlQaDb7Jyiua,100000,100000,0,eur,succeeded,1,0,,,card,visa,6984,2,2026,US,Subscription creation,nicole.johnson@greenport-rf-consulting.example,txn_3ofqSQz6raceFHElacHOxBjE,1683538639
ch_3435VV8s2tYhzrNnjTDMLaz7,pi_3TB27gaa0OkR7hja0lMvWI1y,in_1cvia2GUjI7mhEruv85Tpg5y,cus_0KEtQRjllkrBjY,59900,59900,0,eur,succeeded,1,0,,,card,mastercard,0703,10,2025,CH,Subscription creation,christian.wagner@granitecore-networks.example,txn_3gfegtoArnU7xAUGUm2mprXw,1683719536
ch_3QjLHKpnZB5SyeHw6l0HS7Jr,pi_3qeSiK6fe9LmnTlqHscJ1s2H,in_1q8BqbFgB8OXTiViP3AipKpm,cus_Oaet0GN59NIa43,100000,100000,0,eur,succeeded,1,0,,,card,mastercard,3849,10,2025,NL,Subscription update,koen.deboer@nordicpeak-wireless-engineering.example,txn_3FduQgRGBz5kOnVNui3izbk0,1683728218
ch_3Pkw60i1OiSk8teig86wR6UV,pi_3g34JmOMvU8qa8YcxAQeIivF,in_1zu7DF8xdgTqLkAOoD7DY7ua,cus_ViYr7LRu85cVhH,59900,59900,0,eur,succeeded,1,0,,,card,mastercard,3634,11,2025,DK,Subscription creation,emma.lund@balticworks-wi-fi-solutions.example,txn_3a5jnZRnAeNCpDEgQTobX5BI,1683798857
ch_3Q3JkDydN1ApZufah1QrDH45,pi_3ImT3bgx4Ma528aAmAX4zoue,in_1WYMy5Pj5ElXRl9WZ6r15qiC,cus_sZiKluGQSx77NP,59900,59900,0,eur,succeeded,1,0,,,card,visa,8259,11,2026,NL,Subscription creation,ruben.dekker@bluelink-systems-integration.example,txn_3huly08fpTFTuVLwdZObAtsp,1684146542
ch_3sA3JtzPT5fZPCc8bNkCog6n,pi_3OBjcgQdifQUNCHjP0qsXG2j,in_1hqjcfh9YhSTCq0WMJ8zm4Bq,cus_Cm0Ytx0zHk44Yk,59900,59900,0,eur,succeeded,1,0,,,card,mastercard,6091,7,2026,US,Subscription creation,john.parker@vertexlink-construction.example,txn_3SPmUHVLVNKFyAhvrXndm4BU,1684417169
ch_3Lx0sJurHR45e79sReMX5v5e,pi_3wVvToDNFnxeMBgI4a4Su02v,in_1mY0nOS0tx0K3hZ7E0uskxKF,cus_NRgHCnhcGy8Jav,59900,59900,0,eur,succeeded,1,0,,,card,visa,5667,9,2027,CH,Subscription creation,julia.hoffmann@aurorafield-networks.example,txn_3nXBRW54sR76013YPprwZxfr,1684753510
ch_3UEPUn0zcWDadY5AKMik1DD0,pi_3My0eI2fqUhUWYf6QdZij9HI,in_1a248xo1Vc8F1fTn9lo38wma,cus_1y8qXnr7XZ3j9n,59900,59900,0,eur,succeeded,1,0,,,card,visa,2580,1,2025,DK,Subscription creation,erik.karlsson@westlink-clinics.example,txn_3zfldyeR84fFAuG0QwAUctoI,1684913370
ch_3B0NpvDXu9Y5PEgm26l5cLZf,pi_3BiTZsqiPE0paUFVrpiAQbOO,in_1t69f83veVzmZhn6hKMjx0k2,cus_DtkOsehto9w9B3,59900,59900,0,eur,succeeded,1,0,,,card,visa,6216,4,2025,US,Subscription update,rachel.clark@deltalink-rf-consulting.example,txn_3cnCb7iElGEppy3FQNsdk3em,1684913743
ch_3NhkVKN4IDmNsWhCv8ZRyAeQ,pi_3I8JmUvdtGDgN04Kz9JStFOa,in_1wtQuFSBDRPMTROcLDGitzXJ,cus_JIyuwUgUJ2ekxB,100000,100000,0,eur,succeeded,1,0,,,card,visa,0947,12,2025,US,Subscription update,daniel.martin@martin-network-services.example,txn_38kbelSHGzXXhs2VEeqchNNN,1684934820
ch_3AFSY9yqQNHQzYfgPHmtwPuO,pi_3BFXQPM6ILyMlEq0Wmrz05vn,in_16B62saVnRa3DmjuInIcKdwg,cus_KV3VvmKTHHujNM,100000,100000,0,eur,succeeded,1,0,,,card,visa,0088,12,2025,FI,Subscription update,anna.kinnunen@mapleline-properties.example,txn_3Ys3Xe9ElqC2lY8xl2iVtAzA,1685024754
ch_3b9VWTvcASC2ogVU15zvDjOO,pi_3K5ZPpkAQD8TtHezHZAfXUzZ,in_15GCNoKBL6HGtBNjuYCjUCFV,cus_cS7og8YBJCPb46,100000,100000,0,eur,succeeded,1,0,,,card,mastercard,8723,8,2026,US,Subscription creation,eric.white@brightport-warehousing.example,txn_3nqbFjHn85EUamiFgGnp93qo,1685086679
ch_36bKQHAXaY7PNONVdc6nMJZ6,pi_3t0Kh3XuYbTk453w52B8Mf7T,in_10NNJSrltd5Qq7vr9F6BJX9N,cus_ryEl2Wh5nB7xsB,100000,100000,0,eur,succeeded,1,0,,,card,mastercard,2867,3,2027,DE,Subscription creation,julia.neumann@lumenview-networks.example,txn_3jA6w8nVB8UA6AVwdRX3obhi,1685376669
py_39C13PvnxWrASURvlInzayrz,pi_39LSIMpFpwk3zlni3pmv3Nzz,in_1RMSJmbA0QJ6zoY6odTIUxQh,cus_C6mDYITLNUEkgv,299500,299500,0,eur,succeeded,1,0,,,bank_transfer,,,,,,Subscription update,rasmus.eriksson@atlasview-telecom.example,txn_3c445HmywQZUoNb8yL7uqfEr,1685471777
ch_3JSzH0VI6Vh2JBCs6esmnZFG,pi_39pw79YDpeEuLuHCtUjHFUF1,in_17clpxlmNXu83A46fNcPc1ar,cus_hqFnAYUSbBfBRm,100000,100000,0,eur,succeeded,1,0,,,card,visa,6751,6,2024,DK,Subscription creation,erik.halvorsen@alpinebridge-industries.example,txn_3mRLIPXS1kIVi30SR5J2VtUw,1685585738
ch_353rftGpIHmW28rXMtW8unhN,pi_3pFxhaolwVvxVMRrubBZu29l,in_1hFf2NHoBmwUjukY9yDiX9dL,cus_r3C3ZPXWf72pXL,119800,119800,0,eur,succeeded,1,0,,,card,visa,9617,8,2025,SE,Subscription creation,nils.karlsson@cedarfield-warehousing.example,txn_3SDd1JdFhj6arG1vRjFKxsMS,1685619336
ch_33rRQSoqah9lCoNYdRYQ1C8K,pi_3UZrphRC3XzfBmjnLzEiCWs0,in_1KhLASKrtLv4FqkJcwelNjRt,cus_fSuTYE4UzbibuR,100000,100000,0,eur,succeeded,1,0,,,card,mastercard,5832,9,2025,IT,Subscription creation,simone.gallo@inbox.example,txn_38HwQkGcy0RQCzsOGixVWMtP,1685885910
ch_3mw1eqLzjbDcV5yg1N7IqBOv,pi_3WzhBFD1usQnvW0ByUiAO4ef,in_1u2bWTivESR4Wt4kTh6EQ39b,cus_BuFAjA948ZGbp1,100000,100000,0,eur,succeeded,1,0,,,card,visa,7132,11,2026,US,Subscription creation,raj.miller@crestmark-hotels.example,txn_3BL1A85dgW6QvjAMOocjUl2d,1685979819
ch_3SvI2KAFfH2HcXsbejkNbjgm,pi_3K26m61aA17Q7Qi0lU6SJQbj,in_1YVnMs1M7dQyd2GNglyFQYYX,cus_0M7HWYVoi8rjSs,59900,59900,0,eur,succeeded,1,0,,,sepa_debit,,,,,,Subscription update,maxime.lambert@lambert-wireless-consulting.example,txn_3wIwFbTlSEiJ0eZZNpByy9Zz,1686167720
ch_3NKG1JVx0pF7U9VJs4Fsx72M,pi_3Z3Mhca7WAP0rkdAD5tiP61x,in_1K1RXjIdc19Yr1gycA3FT802,cus_DaVJO7367vGHwa,100000,0,0,eur,failed,0,0,card_declined,Your card was declined.,card,visa,7819,9,2026,DE,Subscription creation,sabine.fischer@novawave-wi-fi-solutions.example,,1686489558
ch_3H4IZPZp0ejHtjx9iCUB5R8y,pi_3Z3Mhca7WAP0rkdAD5tiP61x,in_1K1RXjIdc19Yr1gycA3FT802,cus_DaVJO7367vGHwa,100000,100000,0,eur,succeeded,1,0,,,card,visa,7819,9,2026,DE,Subscription creation,sabine.fischer@novawave-wi-fi-solutions.example,txn_36xlxDDOO5cnZ3igIDud54ls,1686489790
ch_3XVKbTGSg2CbzCjJwOiht8TS,pi_3t4Vl4iAVUclmry7Cw9AB8lk,in_15Euqn2pTBNbNPNxrfteN2F5,cus_sE8SfrDvw8m13n,100000,100000,0,eur,succeeded,1,0,,,card,mastercard,4335,8,2024,ES,Subscription creation,elena.vega@polarworks-partners.example,txn_3C8ZgPG5R65vHWybvzf04kRR,1686493343
ch_3FjEuJW5ywrbq6C1o6iR8KN1,pi_3b2ux3jbz6osTjsD5ziZ6WKx,in_1ZQ6yXzS0M8abfXtvbVFqF1A,cus_RcHwUWpOBVrIFg,100000,100000,0,eur,succeeded,1,0,,,card,mastercard,8494,2,2026,IE,Subscription creation,eric.davis@balticwave-wireless.example,txn_3hbVV40y8W2MpYg5BhmOGSfi,1686586742
ch_3J7ZAVt7UgkROsKma8iIt27k,pi_3nIz44vbTBiBvu71b4ap6eVr,in_1Oi87j0fFqwR2vOHcbrfkGg6,cus_WEieqEBWwdy9W0,100000,100000,0,eur,succeeded,1,0,,,card,visa,5727,12,2024,GB,Subscription creation,rachel.kelly@vertexgate-rf-consulting.example,txn_3gMMC3NfuL0SSmmmRd9z6CmB,1686679334
ch_3xJHC9ZrJXnoYCW5kiGMzhrw,pi_3knRK07CpKzrmqD2azBz7Ksp,in_1XUyXBhdQmbaWp4FfyGJ5mgY,cus_KEcTY0vb7IfLaP,100000,100000,0,eur,succeeded,1,0,,,card,visa,7395,12,2025,US,Subscription update,raj.nelson@mailbox.example,txn_3oJFI2bBTO1vDbzVWwhgUTzo,1686733827
ch_3FKthym7ahqyujwRqBOyqScJ,pi_3qMHTS0F58xnI9WjFBppWHVL,in_1MdkVpRoJMMJ3CJYqj6yF3kV,cus_07RlaXYOAoUgw7,200000,200000,0,eur,succeeded,1,0,,,card,mastercard,4919,7,2027,US,Subscription creation,priya.lee@northpath-technology-group.example,txn_3bIVi2HierzVlmctbtSKdHf9,1686853966
ch_3WA7mfak1KIywWgpgcdULEQV,pi_3wAXXKKVdeFFHo56fIrm5JNQ,in_1NxeIV5DAl1zzGpKeW54lOux,cus_3hM5mvNJ3PEPFl,100000,100000,0,eur,succeeded,1,0,,,card,visa,0411,3,2024,US,Subscription creation,steve.adams@cedarpoint-it-solutions.example,txn_3dTHlmSUIdqOpBVPP35WTk7n,1686940182
ch_3PNurcyP8ib3jgtktNJ2z032,pi_3d945cC4LwmRtVGXEflX37sR,in_1O78RnqLy0YEb2zIUWtObbSw,cus_FMXhqwSbqLaD21,100000,100000,0,eur,succeeded,1,0,,,card,mastercard,7992,1,2025,FI,Subscription creation,antti.heikkinen@clearlink-warehousing.example,txn_3s3CugwvHKWjlxjsDFLVzH9m,1687326274
ch_3Ic3RNQ6WriUw0Z7wxIx4zqh,pi_3Io7WubWh1PWs5HyShhUZVPj,in_19emwbTSekdNt7ERSracraEQ,cus_SdnkUjYzVOiNvV,100000,100000,0,eur,succeeded,1,0,,,card,visa,1038,11,2024,CA,Subscription creation,paul.miller@stonecore-wi-fi-solutions.example,txn_3pjSLwyWNRhcZ5fGjugC5J4D,1687344734
py_3gdCq4BgetqhgBRw8lT4EwIa,pi_3wFDFCiXpu3bx5i9TaqxrsPw,in_1W5TcyY0HHCVOTtSHX1bAYnk,cus_JhDWquHXl8rSK2,200000,200000,0,eur,succeeded,1,0,,,bank_transfer,,,,,,Subscription creation,thomas.schmidt@novalink-rf-consulting.example,txn_3gm4br7YwCGl12a6J8SPHfU1,1687432536
ch_3fQYpH9sXOUNJ0ahtn0Dk06f,pi_3U9Sld1b7bpYGB44F7EQ2Kvd,in_1rZEw0sGqMk1B08PA8lsLF27,cus_xw2RDb9rkGFQEi,100000,100000,0,eur,succeeded,1,0,,,card,visa,7202,3,2025,NZ,Subscription creation,eric.murphy@murphy-network-services.example,txn_3zSnAKXSUf5LMZLlTR7bFAmY,1687538897
py_3qbPborQQbFoTse7unfV5h0k,pi_3CCPqOMmeJUxvXirRbD1pc0Y,in_1bLEyfaIsufpzvsS3UpYYMaO,cus_fW6zn8sLxWssHf,119800,119800,0,eur,succeeded,1,0,,,bank_transfer,,,,,,Subscription creation,uwe.becker@deltaworks-communications.example,txn_3Fz4GeVG0LzTWqwzPvydFA67,1687606016
ch_3I9Ycjk2neV3dhZqEvMmwPIP,pi_3hW4AC3vOYgXxm2TaFBcdCq7,in_1cqCiRBWT1HkLN9M7UpATeTO,cus_GNHxru43Xgdifc,100000,100000,0,eur,succeeded,1,0,,,card,visa,3311,8,2027,DE,Subscription creation,thomas.wolf@wolf-network-services.example,txn_3pNoDKm7b03IK3gpe5IERa4d,1687765135
ch_3nCmVnRzpVJ6FofIu0wpkcEE,pi_3BwpWtorWk9MXyYtEQRdT4Z4,in_1pBfLGd7VSFy1QrkCubiH6uA,cus_CqAxzY9ZMF2Cvh,59900,59900,0,eur,succeeded,1,0,,,card,mastercard,4051,2,2024,FR,Subscription creation,olivier.bonnet@deltabridge-clinics.example,txn_38nQNYA5SJTY0oxHKaUYON3b,1687954947
ch_3MNnWXKrN0aeE7gb0tsHS0Im,pi_3g1mkhLWp0vbzq2u1eXFdYms,in_1HuZjEQvAugf7GBQQmBbGkxv,cus_ft0PZVvawuEn0r,100000,100000,0,eur,succeeded,1,0,,,card,amex,3455,8,2025,US,Subscription creation,priya.baker@baker-network-services.example,txn_3NJpkFCs5Z0gWqLHLdQe09To,1687987906
ch_3TeEG6FMW9UcPyrZgBh2600M,pi_38L29PII9HMxmx24ZOdTV4es,in_1kD6o2xXmr76hlQ1tDhDZYSY,cus_gevA4s0yRpDEjk,59900,59900,0,eur,succeeded,1,0,,,card,mastercard,2500,8,2027,GB,Subscription creation,raj.mitchell@apexline-rf-consulting.example,txn_3YI2BxEGBM6CofaCKiUIvOQE,1688204860
ch_36ZeIyYPmr53vtUTUAASxpRg,pi_3WtLrIsPPsOSs3BvoP0ByvzT,in_1UnOvj4SuHq9nRTV1Qe6UKRI,cus_Ttr8LVIclxhAH4,59900,59900,0,eur,succeeded,1,0,,,card,mastercard,2419,6,2026,US,Subscription creation,andrew.nelson@blueworks-wireless.example,txn_3MI0nCOoiA3UPluORgWEyz0n,1688594770
ch_3af6TPjwcQa7DnN8XJg0uo16,pi_3e1rigfS7Vc7mj0A3Nm32hTz,in_1P9My8V0BH7xWSeAz3sZy21q,cus_OkTHwPwpdcpubi,59900,59900,0,eur,succeeded,1,0,,,card,visa,0179,6,2026,CH,Subscription update,christian.fischer@westview-wireless-engineering.example,txn_3vG1CPm7KWElG7IU54zaYZTy,1688625546
ch_3m75uKXmvwy1ZHbF0g6gepY2,pi_3Nj3RDUYeINaU9WSBk2tnKir,in_12OiiRO4F8lvTDueek6iPJAW,cus_Qc1S8VRGHAAtvg,100000,100000,0,eur,succeeded,1,0,,,card,visa,3710,9,2027,DE,Subscription creation,sabine.hoffmann@balticbridge-networks.example,txn_3AirSWCt0LkfKbRjShBiD5Vm,1688664271
ch_3VvAdJt7xN6aDLYBYitYnHJs,pi_3i0WrB2OilVv8Pro7EfGVpBG,in_15VjGXBEAp3EEhBQ3NUkOxho,cus_3sWdp90UOmLIPN,100000,100000,0,eur,succeeded,1,0,,,card,visa,1423,5,2025,NO,Subscription creation,bjorn.eriksson@summitpath-construction.example,txn_3PL69PQRr0f3uuO8L2IvMw2e,1688722824
ch_3OOF5IqgQJRUzCFwJxB6wbca,pi_3swCvqu9aoqeyHEFoyYjqs8a,in_1cozHJ9AlIiEGBlecPnDJJat,cus_w6dStbZIqW9LCL,100000,100000,0,eur,succeeded,1,0,,,card,visa,4521,3,2026,DE,Subscription update,dirk.schmidt@lumenpath-communications.example,txn_3yatVaXZci1zoC5XdaWpNQvx,1689059687
ch_3G8jnGs2YQpfDLewYTo18wGF,pi_39sW4Q9r6rCmUKJ1lHtTm2GW,in_1Vzj4SfaODXOoBEIbZcZIX21,cus_4dBapx1c6dDx4f,100000,100000,0,eur,succeeded,1,0,,,card,visa,2102,1,2024,CA,Subscription update,robert.patel@patel-wireless-consulting.example,txn_3Xk0llBjGpVahmudAK0xFKSj,1689325770
ch_3sHnrtIHkdK7nj3XpF54qDL2,pi_3wfXmvzrj9xATS9kHUbYZ9en,in_1ToCGMTcHhFfzsXMTnpJtOlp,cus_081lkHSwMK5fQt,100000,100000,0,eur,succeeded,1,0,,,card,mastercard,0065,8,2025,ES,Subscription creation,maria.moreno@moreno-network-services.example,txn_33gjEOiBkIZ6xKdeyEuaJcsB,1689335750
ch_34HKV2iS9vQduZUzUxOFnNzQ,pi_3qWQCgYhX6qfjcuWtfinh0X3,in_1x8Z1bgG1uRB7CowoM8NJpLg,cus_BaXJDkKoI1d0gG,59900,59900,0,eur,succeeded,1,0,,,card,mastercard,0125,8,2027,BE,Subscription update,sanne.hendriks@mailbox.example,txn_3FQJuTa8TXQQcLEBuV9MVOf1,1689407320
ch_3KJrVwXtfdSCrMu8V7YQuLsi,pi_3lapWR3qges3Sm2lKzw1zTVm,in_16zmuidy62sC4rVaxxJKY4MP,cus_DzlzFmaWq7GAtQ,59900,59900,0,eur,succeeded,1,0,,,card,mastercard,8829,10,2024,GB,Subscription creation,laura.carter@carter-network-services.example,txn_3ZIhFZdjcXcbwDZhVOtzkYEm,1689673851
ch_3eI2Ba56JKBB5j6ZiHh76c6f,pi_3Qe9SEgSKM0RAYexHTaG1hjg,in_1lTbvHW3NlpbusOvOqIzV7oM,cus_2Ntut2KhBTjAgV,100000,100000,0,eur,succeeded,1,0,,,card,mastercard,0349,2,2026,GB,Subscription creation,carlos.white@crestpeak-industries.example,txn_3SnRPbRyuguhjV5VcY3ktz79,1689790139
ch_3VWUzo6qAd5n41HuffQnHjS6,pi_3XyEfQRVash1LByp9SBVmyET,in_1hbUcb2Eo6QfqkGA6KcNlwRC,cus_yjw5vXcPOgnMha,59900,59900,0,eur,succeeded,1,0,,,card,mastercard,6602,5,2027,BE,Subscription creation,maarten.peeters@apexport-communications.example,txn_31yqDciTUoTLIzGAgNcZ1Yqk,1689848370
ch_3p4BEtJRnhla9uOToXHKCism,pi_3gdOv6Kz68cEzteGN41NgGcG,in_1FSb4Vbx0J8lsrRMm1KlTfOH,cus_7QUjGcufpSjsGe,59900,59900,0,eur,succeeded,1,0,,,card,mastercard,8953,1,2027,CH,Subscription update,julia.schneider@atlaswave-hotels.example,txn_3m3ou8Z1RPMd5KAC2nvSOi82,1690101749
py_3lvkZMfhVljijXbyOS1bRl1Z,pi_3uFNPf1tGzPsqcsTDRFeLqYh,in_1ja7UkXfkRNNyYayt8lkzVWI,cus_915iwJ7tAyXx2O,119800,119800,0,eur,succeeded,1,0,,,bank_transfer,,,,,,Subscription update,ryan.kelly@stonepoint-systems-integration.example,txn_3gnmhPSYTjLtGAtjRnA9eajT,1690373190
ch_37IbLbkBpx5L8ZoxotjzJpeH,pi_3m323ZPNA71WjwyDZ52AvhtQ,in_1UTlYIUCsLVniHlTXQrnkZZ4,cus_ZcMco5g8eqe6mp,100000,100000,0,eur,succeeded,1,0,,,card,visa,6391,1,2024,FI,Subscription creation,anna.korhonen@novapath-managed-services.example,txn_3SpZdTmyMk33EDzAoJI031g3,1690381894
ch_3X0h9ZGeXM4wfnfNH6SDQFEe,pi_3XUwfrwnVol9ecdvlz9kQjfu,in_1Zo7xBEOLmRYb5cSUJ2FICUm,cus_TtnVUMZvaDhemA,100000,100000,0,eur,succeeded,1,0,,,card,visa,0235,11,2025,US,Subscription update,ahmed.clark@clark-network-services.example,txn_3UFbcQ03X2siFldvofOZmFPV,1690389533
ch_3oTGNfWLiew69pnhkAxrB1fs,pi_3JiX18b5AVmVG5MtoSq2KgqN,in_1m7svbqq1Tnd18ydvwBNVkff,cus_mAAyfoHlhEbOdQ,59900,59900,0,eur,succeeded,1,0,,,card,visa,6293,10,2025,CH,Subscription creation,julia.meyer@apexview-logistics.example,txn_3f55Stwqeuo7rN21KuL1zmGd,1690408122
ch_3g0Yon6NiAiXEKIFFvET6AHF,pi_3u1TwDOnJmvhRCzYudVbjHuX,in_1ZKn7ixTUdd0mDE8x9BsYRsw,cus_W7jDuNX4F7cz0D,59900,59900,0,eur,succeeded,1,0,,,card,visa,4907,5,2026,US,Subscription update,nicole.martin@novagate-rf-consulting.example,txn_3LZDFILragBotM2ZG0Dbd8zk,1690434392
ch_3QUziUP2UE9i3YO7YWboo7bp,pi_3PWI1WgjZceUgevm1PzEYcC5,in_1CXV8vx0UkFUB8QjwTdhRX4D,cus_FpiD40BuxcaVKb,100000,100000,0,eur,succeeded,1,0,,,card,mastercard,6498,2,2027,US,Subscription creation,megan.young@silvergate-networks.example,txn_355w4BsfIgzWRPCQpunkBXiQ,1690459909
ch_3gcLhOKVY1k7vH3UjniHuFVY,pi_3kDKt8oONjy0HvGke3sb36ML,in_1MDOgNkoUEMzexGT8g8TizAL,cus_0YJtMDbriCk7Ao,59900,59900,0,eur,succeeded,1,0,,,card,visa,2825,6,2026,DK,Subscription creation,lars.lund@auroramark-warehousing.example,txn_3TuCIGTsRE39yFTduJz6twHS,1690794543
ch_3ht4RhJ4VlrAKJsRqOyKVCVc,pi_35vGOQLDzzRp6c8VQOvKxvZr,in_1W3c3ZzBNMyvCnKvi8Fi3FMy,cus_UPHvP6qdoVJ3Tr,100000,100000,0,eur,succeeded,1,0,,,card,visa,9299,8,2025,US,Subscription creation,carlos.carter@atlasport-wireless.example,txn_35AVxAJ3gQj4trdY0xRdF11G,1690795220
ch_3dojpoPl1JO2GihzD0GpRXYP,pi_3prOpwPmWJCs73YvOaLVwg52,in_102YrzTO8pIFF97xYoHofbWr,cus_L1hKx1yQPx1PA4,59900,59900,0,eur,succeeded,1,0,,,card,visa,6732,5,2024,CA,Subscription update,james.moore@moore-network-services.example,txn_3TgPYRtAjUdkBcMYJ53xhtIB,1691139696
ch_3EY0s8yrjUiqT1CC8I30Loge,pi_3Efz7Tq47ShnGeriqC2vP4K1,in_1orfLSi3EHVPkMcjIdqDyk8z,cus_TH9NR5h8NVGixi,100000,100000,0,eur,succeeded,1,0,,,card,mastercard,8515,8,2024,US,Subscription update,ben.lewis@alpinebridge-communications.example,txn_3R4TYFX7BOmA8XSTS6h1TYLK,1691158167
ch_30oCzqN1bCvhSqrEZOqWdRaY,pi_3HvL8IMGSssaFZrHmDlT5pzM,in_1lykCLGBwovDp6qlyTDSHfPI,cus_pHoRxpXmneLgBg,100000,100000,0,eur,succeeded,1,0,,,card,visa,8151,4,2024,SE,Subscription update,soren.sorensen@sorensen-network-services.example,txn_3f2GrkNmpwlcdWhLruQthSvK,1691248959
ch_3161K1CvkIvy4BQ0z56JIQ22,pi_3zS3dhSgFtb5yfaUGZPsrtqM,in_1y3ChUdVmD3Id1SRieJ6qYrb,cus_aGOsX3rwPRdIJV,200000,200000,0,eur,succeeded,1,0,,,card,visa,7845,6,2026,FI,Subscription creation,sami.ahonen@mailbox.example,txn_3v9ETI4XRx3MBUocTzfM60sq,1691410338
ch_3ZjTYTCIqX829s6yR9DSIWQA,pi_3lxfygsFBDh3FGLXapvphgZ8,in_1AiA3SOapcRDwQQUMIzgqUpN,cus_MWlcWuvspbqmRy,100000,100000,0,eur,succeeded,1,0,,,card,visa,0388,6,2024,CA,Subscription update,emily.kelly@apexbridge-wi-fi-solutions.example,txn_3q3Aj9fREi1VDwWDXyJZYWFF,1691590206
ch_3T6WikYKu11Wk4TmMSUHkwQf,pi_3PQjPaUDAbVi62uhSC6iwKAk,in_1mPZf3vU0ozalTs8Qie3GO4l,cus_7hUsagHZzDI8Lh,59900,59900,0,eur,succeeded,1,0,,,card,mastercard,7286,4,2027,US,Subscription creation,john.anderson@stonewave-systems-integration.example,txn_39isrOO0vEVYu5VFRO5IgRqC,1691595117
ch_3HyyaWujBMuVy5nZBsAM5eaz,pi_34zTKlBW7Jyg3m6KQtYdQufx,in_1UXf0HWjrNSYWm3SH9xJ3gPY,cus_bp4y84vr4e97b6,59900,59900,0,eur,succeeded,1,0,,,card,visa,7512,7,2025,US,Subscription update,wei.young@novamark-clinics.example,txn_3FmQ4R11aO3EMF38HJiJ47Fl,1691640956
py_3EVZDcjlQs1gADvrU8m8vjnN,pi_3PH5VANWayEY8hZBpKERfiem,in_1S1m31swSRs320j0O0uBIWbw,cus_JURXvkTkGTaIQA,119800,119800,0,eur,succeeded,1,0,,,bank_transfer,,,,,,Subscription creation,kari.nieminen@stonestream-retail-group.example,txn_3MGFuXVp3BueUBFwdIh6SkaC,1692477328
ch_3iXSM1eSH15aI2jS13lqVfCg,pi_3HVLMBGrYtdPtwSDw0ozHfsO,in_19WztgxrxVjPAUSPPelwps5g,cus_bqE6HxqMhzPpk5,59900,59900,0,eur,succeeded,1,0,,,card,visa,2299,1,2026,SE,Subscription update,mikkel.holm@orbitpoint-schools.example,txn_34JTkkY5Ku9N6kpcIBiuo0bB,1692643520
ch_3MTgPmcro6lsuRyApgVuSkPa,pi_3mrLIvAlIXAlAHVtP0yypBAH,in_16TlJnCYSLiI8V4Pfaj7E6sL,cus_UiZ3fY6MBONnZN,59900,59900,0,eur,succeeded,1,0,,,card,visa,4786,6,2026,CA,Subscription update,emily.mitchell@postbox.example,txn_3KAAG9hxmrdLc8033roCvTVX,1692691782
ch_3caJGZ2MzJyEfqXhIylz6TRM,pi_3RY4Yqv2qs4vxyAUgZxUDc4m,in_1e42Mt3AluVYnFRPXBFsTfoV,cus_rSGTt7uuvZcxEx,59900,59900,0,eur,succeeded,1,0,,,card,visa,5418,11,2025,CH,Subscription update,sven.wolf@alpineview-rf-consulting.example,txn_3yuKD5noVN07DlLsNX8uaPK7,1692905908
ch_3EVG4uYdurZMs1qb2yvTLig5,pi_3ctMddtuCwDMQ5Q0fPdikDEU,in_1RieEljtbTXSGZsCWUxrZtCP,cus_432x7NoHNZSqbI,59900,0,0,eur,failed,0,0,card_declined,Your card has insufficient funds.,card,visa,1016,10,2026,GB,Subscription update,michael.johnson@nordicport-wireless.example,,1692907104
ch_3PIK9TKNv6zoaPepV8qLOEiV,pi_30Y0xSVhjoep4e6yhcZ963JQ,in_16d57jgFIJJNfWByIlPSHW4w,cus_yvSbnEbspV9bOb,100000,100000,0,eur,succeeded,1,0,,,card,visa,0473,6,2024,FR,Subscription update,antoine.bernard@cedargate-wi-fi-solutions.example,txn_32dRr3rFPedClKpSoTyKCiBA,1692965690
ch_3x3yA6jlHG26OhfgZWsTnYRz,pi_3jJiZkcACv9uN3C6GyBQ6J3C,in_1yzucSate2VptVB1iN4gpaC8,cus_AmafAwFujxChlS,300000,300000,0,eur,succeeded,1,0,,,card,visa,6841,7,2026,NZ,Subscription update,andrew.campbell@crestline-industries.example,txn_3tXLLg4OmDU0MWi2Z4AgYZ8j,1693068122
ch_3isK7Hv4w8NS7EUaxH5IdnK8,pi_3ctMddtuCwDMQ5Q0fPdikDEU,in_1RieEljtbTXSGZsCWUxrZtCP,cus_432x7NoHNZSqbI,59900,59900,0,eur,succeeded,1,0,,,card,visa,1016,10,2026,GB,Subscription update,michael.johnson@nordicport-wireless.example,txn_3HfZG8yF8npLKVYa0fPUPahh,1693171104
ch_38v4Kjdk9kJzMGd3VXUty6Hk,pi_35t6TYtrRHMi5AU4DVBf7t20,in_1SjzqWiHmGngwsgUl5os8wYh,cus_SodPP333oMTjao,100000,100000,0,eur,succeeded,1,0,,,card,mastercard,5637,9,2024,US,Subscription creation,amanda.davis@westgate-industries.example,txn_32dbWyV2hfe05hAwyrUhjbwx,1693325705
ch_3acLAc6JsFK0ogueSBYFrK0P,pi_3b89Olud13J9PmvtGLynaEQL,in_1AV1HBrlZBogZo2eYKQQIDaU,cus_wnpnnj47Pcmrfd,299500,299500,0,eur,succeeded,1,0,,,card,mastercard,7710,6,2024,GB,Subscription creation,kevin.brown@westworks-systems-integration.example,txn_3GBSdey7yqBJfZjQoZuHBqqm,1693403547
ch_3EwQYHaHAZuUtqHkzgXBin2Y,pi_3dQpEySowz3DhVHDs0Ev7PlH,in_1uQrn0hmwR0xUDHXG4PIWz7D,cus_eSqJ7ebb1ioLdt,59900,59900,0,eur,succeeded,1,0,,,card,visa,9689,9,2024,FR,Subscription creation,claire.dubois@signalstream-logistics.example,txn_3ksIcUJ9pdGFnG7Kwn9gl4eu,1693588036
ch_3zYvMcnQopVdX8pAgzkvnFfv,pi_3uZt9RrtJsbfEJxzjB5z5sB8,in_1jz8FhE9uB9jQhd8YEaEWTko,cus_ctsoCCXvmLvBNm,100000,100000,0,eur,succeeded,1,0,,,card,amex,4274,3,2024,US,Subscription creation,mark.miller@pineport-networks.example,txn_32bfmqC7nyQHRwMLtrhKimTc,1693819226
ch_3voPk0onQAjzJXL9fSrmxNf2,pi_3AMTZ5ftOriPO7OiNYTz42UT,in_1Elv3RF0EBRMFxP6rp89bSe6,cus_sXGMvYwGqVjoRJ,100000,0,0,eur,failed,0,0,card_declined,Your card was declined.,card,visa,5824,7,2025,FI,Subscription creation,heidi.virtanen@virtanen-network-services.example,,1693929270
ch_3s4asB6MaliZ1XJHzPwkYPOJ,pi_3AMTZ5ftOriPO7OiNYTz42UT,in_1Elv3RF0EBRMFxP6rp89bSe6,cus_sXGMvYwGqVjoRJ,100000,100000,0,eur,succeeded,1,0,,,card,visa,5824,7,2025,FI,Subscription creation,heidi.virtanen@virtanen-network-services.example,txn_3u3jHb1RHAuOx0ZnGgveVcou,1693929617
ch_3KTu5qKEXdTx9iIUDLmC1659,pi_3JPFLWnOYc9zE6PqlJZiaTSh,in_1t3nZOldqsPh5pjPEW2YI8GZ,cus_PouGD33zFajrjo,100000,100000,0,eur,succeeded,1,0,,,card,visa,8480,4,2024,AT,Subscription creation,sabine.schmidt@deltapeak-rf-consulting.example,txn_3r61QuqCwZLm6EgS59WmwfQQ,1693931292
ch_3ldFEXGJUkw9S7YRddXw40MW,pi_3YhvfeTVUs6oTGx6XsMkfNXT,in_12z10OBUnL3T97BjofUJXOTM,cus_GTM71nDUMFwhkX,100000,100000,0,eur,succeeded,1,0,,,card,visa,5068,7,2026,DE,Subscription creation,uwe.klein@klein-network-services.example,txn_3XYkYIMuHW6nhHw3wGFl2hx2,1693968836
ch_3AQz7mwY8sk5QeRK30vwiai9,pi_38pIKM6kGI1rrbH8ZCT0fDQm,in_1phIkNA4Lm16rsNKSl5hajB2,cus_ZZ05VenrLShmHK,100000,100000,0,eur,succeeded,1,0,,,card,visa,5429,1,2024,ES,Subscription creation,alejandro.romero@cedarcore-construction.example,txn_34gRiq9NA7PEgyqIze4lcBQf,1694020108
ch_3pl8MrhvLQNwsVcqYkzSd4qb,pi_3byRMLnCFjbqDnSz11corSNA,in_1Y1uZbW0FjKD9BdSyTHmi91Q,cus_7y5uaf3mnW6dsT,59900,59900,0,eur,succeeded,1,0,,,card,visa,1840,7,2025,US,Subscription creation,rachel.mitchell@mitchell-network-services.example,txn_3q2jd4dfq9ufq3ycyfup2vOk,1694068999
ch_3u65RAya3SYeQk83yqUZLZk2,pi_3y31gF9MQJozErntyHQF6LL4,in_1aJna2CdE3TJXCs2eoJFPlFz,cus_PJAVUuYJfjNwbt,59900,59900,0,eur,succeeded,1,0,,,card,mastercard,0899,7,2025,US,Subscription update,laura.smith@smith-wireless-consulting.example,txn_3fLe2x4HG2y7OWJuriepxNzd,1694094737
ch_3gv3SbPg1stSef8y4IGDTQRI,pi_3XaBzCShkdSkzzpOnbagpU5e,in_1XkyMPrB4UWxkXbOX8tewq9f,cus_vQw1lMVtbEmlgS,59900,59900,0,eur,succeeded,1,0,,,card,mastercard,3596,10,2024,DE,Subscription creation,anja.weber@aurorastream-industries.example,txn_39TYn7FESgAtpqbdlu3TmCOI,1694166192
ch_3gyqFVBwqkI8zYgXUoBJxQiA,pi_3EeC6bo4tCrXf2QFzkAkkvDL,in_1RwYaljn9Ko6uWFEstkmDxiS,cus_8C5Ka4k9rMY8LG,100000,100000,0,eur,succeeded,1,0,,,card,visa,2524,8,2024,CA,Subscription creation,brian.brown@brightstream-rf-consulting.example,txn_3pkusdg7A8I5Z3AiMHT8CZwl,1694547972
ch_3pDfI8ekw37pd4RALOEu135w,pi_33DYfXBtlOFR6h7Ftdj7qV9D,in_1DsMocyqwAu3flJs3YD68Spc,cus_HpKt1sHl9Srit2,59900,59900,0,eur,succeeded,1,0,,,card,amex,0844,3,2024,DE,Subscription creation,florian.klein@aurorabridge-wireless-engineering.example,txn_3cMihtGhgg0mhPa3WrB3Uv1l,1694560506
ch_3Ag2bglj0FiyOaF8zjJugTtc,pi_3pcLYJhtGRs3LpR8fADTDzkt,in_1rroWNu5Wa92dB6xQZ9KqzMD,cus_CFbceIL6bIgaU5,100000,100000,0,eur,succeeded,1,0,,,card,mastercard,2552,11,2024,GB,Subscription creation,david.phillips@atlasstream-wireless-engineering.example,txn_3ZwaHs8Osh7XyqJHugyhFPWr,1694691693
ch_3pK5dJR9Gsq4rCxCZmRlgGNC,pi_3BwAxUe5up3Q94ETxHf8cQiB,in_1s0cj4ptFL9nazcKeLRefy7W,cus_sZvn4hVYCAZ436,100000,100000,0,eur,succeeded,1,0,,,card,visa,4601,8,2026,FR,Subscription creation,guillaume.rousseau@polargate-rf-consulting.example,txn_3z90nsOM45FnrmL8syDDxXiM,1694820887
ch_3KtdruAwPTbEf2TasmLMPYcK,pi_3ohkocqtNIduVjb7jd2hwgBx,in_1ZwRQHm1ue7kL8qikQ6vVFed,cus_MyZnASb3CTz0sT,100000,100000,0,eur,succeeded,1,0,,,card,visa,8037,4,2024,DK,Subscription creation,mikkel.olsen@signalport-it-solutions.example,txn_3KWb4iNuCehfgKz6ldzdtKU8,1695030400
ch_3rhgPp0L7SKfOA2Yh6LQNdom,pi_3qLNoHMTfaP4TJToGM0KsnQe,in_1hqlhXCaTZYnBKrbDf4yoilx,cus_WYpAUa2bB5BePB,59900,59900,0,eur,succeeded,1,0,,,card,amex,3420,10,2024,US,Subscription creation,tom.brown@polarview-construction.example,txn_3aeeUYz1ToGgYuM1MwDsGAqc,1695042683
ch_3utNaOQkf7nWSwF1iCbw6NoM,pi_3EFNIdnAXr6l93G4r6RiKWok,in_10SHYgLPliCFuXBi8PArTyiL,cus_DdZl2AjG1pUZa7,59900,59900,0,eur,succeeded,1,0,,,card,mastercard,8804,5,2025,FI,Subscription creation,sami.turunen@granitefield-construction.example,txn_39X4XzI7yxyvI98PvwaIi7Pn,1695119235
ch_3dsIg2EBs9lAvtR4ibLgK0m1,pi_3ve94f8z2p8NNymghnreUYXl,in_1aaa6smwJpmbWaRp9mBWC5eb,cus_Nb5efz71H5Nl3V,59900,59900,0,eur,succeeded,1,0,,,card,mastercard,3398,1,2026,FI,Subscription creation,laura.salonen@clearstream-technology-group.example,txn_3EDRRjnbmQyM3RZYdnVj7nXP,1695195750
ch_3Bf7QZzM88hUkrVuapRzG2F4,pi_38DGPZBygLH1oZUwVY06FMGF,in_1NQt4PGHXuOXUm2nm5EVmNY8,cus_O4CyU4IHN0jvtK,100000,100000,0,eur,succeeded,1,0,,,card,visa,2413,10,2024,CA,Subscription creation,james.jones@novaline-it-solutions.example,txn_3g5U8aQgOZ5gX3suszqoskVO,1695219833
py_3KF6Ox5osDY51f1Cquw6M6RX,pi_3s8xYXJZS34bXZrX5vHj2lH5,in_1VDzY9OTVNG6zZj9QSOFqF2Z,cus_OE7DCHyXo4bw1r,119800,119800,0,eur,succeeded,1,0,,,bank_transfer,,,,,,Subscription creation,bas.meijer@greenworks-foods.example,txn_3mwk5QaLiQoRLwZbbAnK82GP,1695251760
ch_3CUyGX0ejNiSv2x7BTu48BZW,pi_31kqXTvXYRuh5uOPfaBJKNGc,in_1FhaDuPrTKq1TpKVWNCtDUY6,cus_FBstZIZUnvWuTD,200000,200000,0,eur,succeeded,1,0,,,card,visa,3406,3,2027,SE,Subscription creation,ingrid.strand@mailbox.example,txn_3plR52BIiUs3SMf09gt2BsUK,1695296950
ch_3M35KvGUcRi3v0Grf8MMQSxP,pi_3D1nah0nL8YYNhMoYe2a3P0X,in_1dvaS190pENlUbzLFz3iJpJu,cus_fSvHzTmsEVal8P,59900,59900,0,eur,succeeded,1,0,,,card,visa,0064,2,2026,GB,Subscription creation,john.white@deltaworks-networks.example,txn_3FECz9aZbWb89Tg1QoBLwhoo,1695376796
ch_3niCV0mxbfeSs0Y6yeLKBmNI,pi_3f0v2GY26uIzE1fHrvLBrf2f,in_16c79cUBGDnmaCQ8gnXwmTpW,cus_0drf6EEOGOsSpA,100000,100000,0,eur,succeeded,1,0,,,card,amex,4534,7,2024,AT,Subscription creation,andreas.wagner@wagner-wireless-consulting.example,txn_32dnmPKrcnPnpMvVqsq7OriP,1695388454
ch_3GxC7TP6EdpMpOaz26KZk4er,pi_3cjDpoAiV72L1JikrTwsMdlc,in_1Fe2v1eYidRdmJiFerBSOtPQ,cus_5qG4TymqioTp8B,119800,119800,0,eur,succeeded,1,0,,,card,amex,6274,5,2024,US,Subscription creation,steve.kim@orbitmark-hotels.example,txn_3BPut6fBcOIwAfhHKTmxsHwE,1695393305
ch_33DB1KttKCD5AZ6YyXQrpj3x,pi_3mVnL0gma3KU8LM25WSPnA7A,in_1X9AOMPyNjuF4DhRgkYPqok9,cus_UouuyapGP73lI3,59900,59900,0,eur,succeeded,1,0,,,card,visa,0225,12,2026,DK,Subscription creation,frida.andersson@inbox.example,txn_32mj46GMP8i1sNV5JpITQu2Y,1695456149
ch_3FbL88cPY2bRQQWLZZZoDGZZ,pi_3iBx7kFvMG4M4MNeWq2UvNK9,in_1mjkLQDRgZ7bZkBlUeA9E0dc,cus_zGb999oW93oDkb,100000,100000,0,eur,succeeded,1,0,,,card,mastercard,9800,7,2024,AU,Subscription creation,david.nguyen@vertexbridge-wireless.example,txn_3wDl4ubWrnuiaZKnxEPliuBF,1695644438
ch_3iNberjYaVq2xmLFfDLv0S4I,pi_3bESNr13obe6ZSBvrNybnVPp,in_16WUdpigixWgLAT8lYMT9ZAW,cus_G0WiKgYuzzKmTK,100000,100000,0,eur,succeeded,1,0,,,card,visa,4903,1,2024,SE,Subscription creation,mats.jensen@crestpeak-schools.example,txn_3Dq5OyJwpx4P8tptCkXHZZ50,1695652380
ch_39ynznrexQW0OZPd9FI68u57,pi_3PmK7wG8TZ1zILjeJhZpfNkm,in_1epKtJhVI3XZZ5Uhty1QgRJ6,cus_NTZXAZ8HA1TdnZ,100000,100000,0,eur,succeeded,1,0,,,card,mastercard,5656,7,2026,DK,Subscription creation,mikkel.johansson@harborlink-warehousing.example,txn_3c3RLbfD7J4HSRnLPD4lYgps,1695719632
py_3xBFiwJJOTQqF2Oo4xgDnbCQ,pi_3H36zwZXwNO9VJ0T4yFv2qHF,in_1JvAiWMm5D1frZyLKYISltYz,cus_F5boQWGJIPc1eU,119800,119800,0,eur,succeeded,1,0,,,bank_transfer,,,,,,Subscription creation,pieter.vandijk@beaconpoint-hotels.example,txn_3QpzFyFmu85l2iPdxXMB9sCg,1695742301
ch_3ZEXiAZRi3zogVSzzCt5kqkg,pi_3piBBYsWQvMrNe9izuAUrYqH,in_1FUhbJl0uRVqCo93ckHIM55q,cus_ovhjjDNPVmX6uA,100000,100000,0,eur,succeeded,1,0,,,card,visa,0679,9,2027,DE,Subscription creation,dirk.braun@ironview-schools.example,txn_3izCUO8A5lICe5kDZ8fdcTsg,1695822120
ch_3MO41wZV2VSzazdaFW3hc5GF,pi_3ajQuj4ZgQX2f8jGqmbri3ut,in_1zAQYhRxpL1el7rhPLW8cu6s,cus_QKglI9dhvKbTui,119800,119800,0,eur,succeeded,1,0,,,card,mastercard,4086,6,2025,AT,Subscription creation,stefan.hartmann@hartmann-wireless-consulting.example,txn_33q5rLFbdiiH62YnzaLKt0Sr,1695887657
ch_3tobRxNMjj5TxKvtCGVMwdTV,pi_3IB2gQXH1DOevpI4mIbhZFKx,in_1OqEOF7rhODeidipSP5wb61y,cus_AriopwYMjhaBtD,59900,59900,0,eur,succeeded,1,0,,,card,visa,8381,4,2027,FI,Subscription creation,petri.lahtinen@lahtinen-wireless-consulting.example,txn_324uLni5reupnmjtyXOhTOQ1,1695998421
py_3xJM3kQpKsK0ROdJuGtBJM0C,pi_3kM8OvVc1W3PJNn5XlfZe10M,in_1PUPI2yODYSQS0wTC7i0kYIR,cus_XxoI1Guhgg5Gjo,179700,179700,0,eur,succeeded,1,0,,,bank_transfer,,,,,,Subscription update,megan.scott@westwave-systems-integration.example,txn_3CCTCXQpwOg17f7zOUnxceMD,1696160939
ch_3MtQ1iTBTqGuLfYkDbQev0qK,pi_37nKOPTT3CvfcLkwUlt5BbJd,in_1eP2xsWE3dleecjfSi1XCzSu,cus_wGOHsJT2Kp5KL7,100000,100000,0,eur,succeeded,1,0,,,card,visa,5724,5,2024,GB,Subscription update,john.kelly@beaconpeak-rf-consulting.example,txn_30xbA191gwbduU627XkFLYKF,1696593434
ch_3S7RqNpxDr6w5ITD7qoBYuIq,pi_3ynXtKURnyAInblFpBQUcOCh,in_1pUhBfvlxv0wVCFrQif9KuM3,cus_FYtCTWrDCWGELZ,200000,200000,0,eur,succeeded,1,0,,,card,mastercard,3978,11,2026,NO,Subscription creation,karin.strand@strand-wireless-consulting.example,txn_3cyUYAsf1dAfLUBvCfXghOja,1696596521
py_33jIj5AqIbqsPTyjao9HSDCh,pi_3yZlE6YZGOkpIfS3fvSboW9o,in_1F8nCHDIBMAokOCHmmvo3ZvM,cus_iRgSLtdddGrmEd,200000,200000,0,eur,succeeded,1,0,,,bank_transfer,,,,,,Subscription creation,olivia.taylor@crestgate-wireless-engineering.example,txn_3voSmPoNtIItsOTo3gyDtnos,1697013676
ch_3202TwfOJxuOTEhO7vq04rxZ,pi_3fHemUPS46ClCKaKQ4KFcKpd,in_1tgT0A4wUdBPWrtfipcGOHvs,cus_DS5DcyZ7EEQ5up,59900,59900,0,eur,succeeded,1,0,,,card,visa,5657,9,2024,AU,Subscription update,james.collins@summitlink-rf-consulting.example,txn_3YSuonnLSBHVaHKUzO2ztfd3,1697065074
ch_3DhvVpa5kLZBvwJvn5trhT0s,pi_3UpzI1lAC60fqvVmzkElrxhv,in_1uz4BlqjTJn3lslgjKjl4cN9,cus_8VHJfN1x0NXnZ4,300000,300000,0,eur,succeeded,1,0,,,card,mastercard,9276,3,2024,CA,Subscription update,sarah.nelson@harborpeak-wireless-engineering.example,txn_3Ub5LWUxUbzpY9RJvDEc0Vcw,1697177485
ch_3Tdb07X1utu7qzw7cwae691k,pi_3g17W7W08nUEeeOk5D86OR3k,in_1mDmXBiAg6Nxv4Wgdqkml7r3,cus_uiBs6rG3zG4hJV,59900,59900,0,eur,succeeded,1,0,,,card,visa,8453,12,2027,US,Subscription update,mark.campbell@northgate-wi-fi-solutions.example,txn_3ih0RffM4Lf7ExbrPJmS04yG,1697200662
ch_3SUhSejGKgDNNIHuLW5m9S5z,pi_36ZY7dU0SE25s9DHok4twp4r,in_1IUUeV724gpPL5P8tWB07dNe,cus_kXQ7PVRvjtmR2T,59900,59900,0,eur,succeeded,1,0,,,card,visa,7081,5,2025,FI,Subscription update,jukka.virtanen@virtanen-network-services.example,txn_3Om5f7xj5FKh1bHrJALVPzFb,1697372122
ch_33W7SvepCdlQaj02u3l0EB72,pi_3t1u4P7cSnzxyqZhHLtCTbJ5,in_1CA5x9LVKtroXrXy1UlLLBmW,cus_MQxSxjsOR1WHIK,100000,100000,0,eur,succeeded,1,0,,,card,visa,3378,12,2027,GB,Subscription creation,megan.young@inbox.example,txn_3hMo6F0kPjDuR1IkhXyIvqrK,1697472251
py_3F2fKvI3w5ZFhZV0oOv5g7va,pi_3eE82Kgkyelr9DwAZPEsN5gl,in_1eM842xKHnC3sPWCfs2PdScU,cus_ToeQpp7vK7SyEx,13500000,13500000,0,eur,succeeded,1,0,,,bank_transfer,,,,,,Subscription creation,accounts.payable@st-alder-regional-health-system.example,txn_33zdTL6OrFQPjwqVxxVX60g9,1697483155
ch_3DMn6wPmLRTuGtpat1nwgfab,pi_3GlFvdXeHWTpSubJvLyYv9td,in_1z2cmwLzGTrwrHJAPjf5EpFj,cus_ZHT0VnLtfYlam5,100000,100000,0,eur,succeeded,1,0,,,card,mastercard,9179,10,2025,US,Subscription creation,sarah.moore@clearworks-wi-fi-solutions.example,txn_3yswWH6ZXqrwuBfYojEyz5du,1697529169
ch_3Q9NnhH3ZOda43TyBuzFz7B0,pi_3tyPSTRp9FvKsmScpBZopjTh,in_1liWsH65UbZ2gkgSWK3VxmXr,cus_hGDaeYyDUAAlQI,119800,119800,0,eur,succeeded,1,0,,,card,visa,3744,6,2027,US,Subscription creation,carlos.baker@lumenfield-schools.example,txn_35eeh1HUUVG65FMrudDnP2fm,1697544981
ch_3Nm8BiERGL5BOKarfyeKQD2l,pi_3KkOMdDJpB2ICwo3Skt75aCV,in_1dWV65fFLKIVKsbrNEIEnYYT,cus_PABSMnBrP1y81X,200000,200000,0,eur,succeeded,1,0,,,card,visa,3610,6,2024,NL,Subscription creation,niels.peeters@pinemark-telecom.example,txn_3nAl4IbeciOkCXtDQNYvY3AS,1697555402
ch_3JZuddwaX3mo3R9YGEET4ZmY,pi_3EsjUuUzOJIdF7ejFQzDBCL7,in_1qZFMpV3MEBBPcL57DGMz2ak,cus_yTLe9Ed3o8rY7y,59900,59900,0,eur,succeeded,1,0,,,card,visa,0413,5,2027,FI,Subscription creation,sanna.kinnunen@postbox.example,txn_33WbDVl3IihMFvHjK15AdSeI,1697827763
ch_36SDM4B0xjvvt7XICQAlboaL,pi_3EVz4VbI46SXSmScPvD6jACy,in_1XQjqMtosowQFKbtsgsAKciu,cus_55LlfLDwSFUwGh,100000,100000,0,eur,succeeded,1,0,,,card,visa,7702,6,2026,DE,Subscription creation,katharina.richter@richter-wireless-consulting.example,txn_3Qd6cdtOe7kxLhcqPnPdNTHv,1697957378
py_3xxV60nahvIaEL8eapTw1K8b,pi_3HnFENworNa7cAo9n1i9FVkX,in_1de04XX3lwcNHoEicelG98V2,cus_DH1TpKMRfy6NMT,200000,200000,0,eur,succeeded,1,0,,,bank_transfer,,,,,,Subscription update,tom.martin@cedarpoint-technology-group.example,txn_3KjT3URwOvpDfAnkHdtVWHBI,1698006570
ch_3ySBf7x0waYR0XXOmlXL7tb7,pi_3TwMTUtJnDzpY0JewE4EZcVu,in_1E4PX4dRvGCQ9ftC3d0OEwgi,cus_Km4WG9TsONQntD,179700,0,0,eur,failed,0,0,card_declined,Your card was declined.,card,visa,5220,6,2027,CA,Subscription update,amanda.davis@apexpeak-retail-group.example,,1698017899
ch_3wO3vNidqV4y84UBmacJQ3qp,pi_3eIWq2VAYz8xYE4ECHZb01KT,in_1RALNk2hhYoBMffsQzpE3AXk,cus_F1XOmstGPaNZej,59900,0,0,eur,failed,0,0,expired_card,Your card has expired.,card,mastercard,1854,4,2023,SE,Subscription update,karin.hansen@summitpath-communications.example,,1698133114
ch_3wmyOFTqNHlDyogWtNQg7LYB,pi_3o5SUjnnPEziseCLPgk62vX2,in_1AyiDQqygqksoL5MPbZwR2qV,cus_I6qan86bCV7qjj,59900,59900,0,eur,succeeded,1,0,,,card,visa,5343,12,2025,CA,Subscription creation,daniel.carter@mapleworks-rf-consulting.example,txn_3AEnULvjRdgoQ0vR54F3W31t,1698235732
ch_3c1fP4z8tQycB1NUBzPYOWLk,pi_34Ot5qfDDwx1ysIR212sOTG9,in_15pSOenCIInnLMiEio3PwP2g,cus_HLtDflhXBuCGwV,200000,200000,0,eur,succeeded,1,0,,,card,mastercard,9273,1,2027,DE,Subscription update,sabine.schneider@nordicwave-wi-fi-solutions.example,txn_3YsuCP42oSP4XAjv8pj1hKgB,1698240398
ch_3rmA5wWWC7QQwygpfe5EmkI8,pi_3lD0NT3K6astFq645TE7Mw7r,in_1R6zgZPptFDxr3zEWcQL3aJ2,cus_ASjFtZq26RjsFm,59900,59900,0,eur,succeeded,1,0,,,sepa_debit,,,,,,Subscription update,wouter.dejong@apexcore-foods.example,txn_3nC3Cdpiq1GQELoSjIcuRRSz,1698245655
ch_3afiKDPDJqvI38HMQNVygLeP,pi_3TwMTUtJnDzpY0JewE4EZcVu,in_1E4PX4dRvGCQ9ftC3d0OEwgi,cus_Km4WG9TsONQntD,179700,179700,0,eur,succeeded,1,0,,,card,visa,5220,6,2027,CA,Subscription update,amanda.davis@apexpeak-retail-group.example,txn_3N03pCCorMDJ3U4i5dNNdQSy,1698277279
ch_3dUNW8g1pGYEWUe7f0VP7P43,pi_349fJkybqY3cQXYqrNuv8jph,in_1huJ5ZKUtwg5Sz1KXQ1OuNTE,cus_k6ShKNBv72ReYI,100000,0,0,eur,failed,0,0,card_declined,Your card was declined.,card,amex,9892,8,2024,US,Subscription creation,john.anderson@mailbox.example,,1698306276
ch_31hoAonINKN7znV27xKoXaEA,pi_349fJkybqY3cQXYqrNuv8jph,in_1huJ5ZKUtwg5Sz1KXQ1OuNTE,cus_k6ShKNBv72ReYI,100000,100000,0,eur,succeeded,1,0,,,card,amex,9892,8,2024,US,Subscription creation,john.anderson@mailbox.example,txn_3mY63D0qVIxmpfcpigwlAC0P,1698306549
ch_3I3X9XtFydyopbavxAYxzsDg,pi_3eIWq2VAYz8xYE4ECHZb01KT,in_1RALNk2hhYoBMffsQzpE3AXk,cus_F1XOmstGPaNZej,59900,0,0,eur,failed,0,0,expired_card,Your card has expired.,card,mastercard,1854,4,2023,SE,Subscription update,karin.hansen@summitpath-communications.example,,1698393094
ch_3erQoZ7TZoUxvCDoGj5WmVVt,pi_3Uto9QjJzdALS6VjJEjOenZb,in_1EYV7Zw81tzo92Mb77aSuTxu,cus_Svw8CZ1cK9GZjA,100000,100000,0,eur,succeeded,1,0,,,card,mastercard,4747,8,2025,NO,Subscription creation,sara.eriksson@mailbox.example,txn_30N1gfEbkAcNymroXlNhOyuJ,1698662560
ch_3J7JAi6rCe7sy3xr8TsnnXwd,pi_33msnykpCjuwbzpvPwrwHPDS,in_1WKnROAq03XOGhj2gC9Ooid3,cus_0MepRXZSkkTMs4,200000,200000,0,eur,succeeded,1,0,,,card,visa,5595,4,2025,US,Subscription update,sarah.davis@beaconline-telecom.example,txn_3r6z6uk6FEXmYowR5iTvBLrr,1698733760
ch_3bhYCnepxk12kpImWriaRG1m,pi_3eIWq2VAYz8xYE4ECHZb01KT,in_1RALNk2hhYoBMffsQzpE3AXk,cus_F1XOmstGPaNZej,59900,59900,0,eur,succeeded,1,0,,,card,mastercard,9911,11,2027,SE,Subscription update,karin.hansen@summitpath-communications.example,txn_3VCflspeI0F3fLcD2ZTZ9VeP,1698825274
ch_3yStzsqblmPTQvVy6vID6RJs,pi_30ANiu2ze1JVHVAgFfhrWOMv,in_1D1i3RlXAbm5Tw57NNjYFxY4,cus_HtG6ImWHdUNx69,59900,59900,0,eur,succeeded,1,0,,,card,mastercard,8279,6,2025,FR,Subscription creation,guillaume.laurent@summitlink-rf-consulting.example,txn_3sRwaBngs9EXqP6FbQMM8wc7,1699021311
ch_34UKgmNJAdiRYXxLIcMKXoN6,pi_3jiSXfge39ZOY7c509Jbbyir,in_1xx7oc9ok2P1SpsbRckwEgCC,cus_KKISPRz6jFCxsO,59900,59900,0,eur,succeeded,1,0,,,card,visa,8999,2,2024,GB,Subscription creation,eric.evans@apexcore-hotels.example,txn_3cWTfjFUTh1wZZCfZRpBs4LB,1699042018
ch_3JPgy4QFaZBZRXfi5eWAnHAx,pi_353VSyaqUeu68r6TWW6CFhez,in_13d4hQhDrra7zmj6O5KvjO9R,cus_jNg4hQKUdNdLeV,59900,59900,0,eur,succeeded,1,0,,,card,mastercard,7943,4,2027,DE,Subscription creation,jan.meyer@deltamark-construction.example,txn_3yZmPJ7fjZdgtJrgxCupo4Gk,1699049458
ch_3CBcKoVczF1nggBqRyEj5Bea,pi_3puKixb8R8aGiX1SFeAoKbt2,in_15IiHEkNbWlDmEPcpG3IeRtU,cus_EvpgkM5M0YAZL3,59900,59900,0,eur,succeeded,1,0,,,card,visa,0504,9,2027,IE,Subscription creation,daniel.davis@mailbox.example,txn_3uP3ebJAxXYcWAer9YK4XmIx,1699102151
ch_3GSdmceldEEeudi3MBMw5C6D,pi_3o9fS0T851QbRqstl3NBD8PK,in_1gT7y9W83GFSgfsxzZXl7zav,cus_s2KMqWsZinRrt2,100000,100000,0,eur,succeeded,1,0,,,card,visa,2818,12,2024,US,Subscription creation,wei.green@postbox.example,txn_3k1PLLQbwthyazgf6xN28NVE,1699183942
ch_3DjA901lWvdGl4LmblAI0hLl,pi_3bvCT2XOGOwgI0JJJ5BBG03L,in_1eCExibnuHdCMPeGsP12Fd93,cus_S4GryV9ynI3ajE,59900,59900,0,eur,succeeded,1,0,,,card,amex,8043,3,2024,GB,Subscription creation,sarah.collins@postbox.example,txn_39kXjOrEic6dZnZqZAO0ZzEf,1699265452
ch_3xbSWHgUlkvEFW3lKXcNZ0MZ,pi_3xMqhi5kqc8ohyTSh9xQW5u0,in_18DLC1D27y6Ct4g03smoiRTG,cus_N1IC0bRJlLcONc,59900,59900,0,eur,succeeded,1,0,,,sepa_debit,,,,,,Subscription creation,tobias.klein@apexpath-telecom.example,txn_3cAG9YbA82ua4KVXIAIXc7zf,1699269294
ch_3B3MRf07RoNc6PyDoC9cqqqB,pi_3uS80BjbL7MDmmkoOoYTOcvJ,in_1dOMTU3M66EgEOnUCbA9rJKs,cus_Nv8Gik95N5NpPB,100000,100000,0,eur,succeeded,1,0,,,card,visa,0829,11,2026,US,Subscription creation,paul.evans@evans-wireless-consulting.example,txn_34hHf3dsYC0Se9gDEVdHy5LG,1699273069
ch_3hNjnYSovCXNdIYTNykkbhoA,pi_3WPbtSSFv7hPH6BGVDidlDxu,in_1jPrNNvzHnZpBp925UEO6tcn,cus_TW0KwLhPrMtfiP,100000,100000,0,eur,succeeded,1,0,,,card,amex,4554,5,2024,US,Subscription update,ben.campbell@mapleport-rf-consulting.example,txn_3iaauQbktlm2mziB51aKueTB,1699444166
ch_3MvUDrZ97uuMkYqxJMqWnZ3m,pi_32U6YrJINW47ztT5I8hEKhO3,in_1jNApvrFmvVaeh6BO75nQDGc,cus_h4FvzhRXrLVVE4,100000,0,0,eur,failed,0,0,expired_card,Your card has expired.,card,mastercard,9576,6,2023,US,Subscription update,james.scott@alpineview-wireless.example,,1699518158
ch_3l0uqa1ghClUqGlWH3oXXc2c,pi_3xpgN1QgIO2qo38ixjyCxZFP,in_14fXFy7XUqCffRbk3hXgWR6U,cus_i9mvuvIX1PIfCe,100000,100000,0,eur,succeeded,1,0,,,card,amex,2084,6,2025,IT,Subscription creation,luca.esposito@aurorapoint-clinics.example,txn_3gTtn5mdvveozA1p9Nr018xg,1699536182
ch_3S70VJvXK77KMA8mwdhxfjGb,pi_3eEZMLWvIiIuQr9P9RManZ4V,in_15Wm53goRGKckUlxrszGgEy2,cus_bjUbnEDtcnB77t,100000,100000,0,eur,succeeded,1,0,,,card,visa,9438,7,2026,ES,Subscription creation,miguel.diaz@cedarwave-networks.example,txn_3YgHVBva2pI6NJrw8EQStPDU,1699614429
ch_3ZQsmCbVKXlAqziJkApzyd8I,pi_3PypzePFbuoPVXHPJPr4OzQL,in_1XtcNkTwUS2US55dNO0cPDT3,cus_0KEtQRjllkrBjY,100000,100000,0,eur,succeeded,1,0,,,card,mastercard,0703,10,2025,CH,Subscription update,christian.wagner@granitecore-networks.example,txn_3Tbghy6nnqhNO3NtJMDPzZzI,1699617136
ch_30JtVpC37P8yjY2WsYkNCKpH,pi_3AQJPnwX8MsOf4kl3cbQba4O,in_1vmZCrLw1WqpWol0k935jzot,cus_YqLc2BmHzYnMVB,59900,59900,0,eur,succeeded,1,0,,,card,visa,5276,8,2026,US,Subscription creation,andrew.roberts@vertexcore-communications.example,txn_3Lwf5AXoQWDC2zFbKGgxO7NN,1699685280
ch_3Kh7etpqFuo01KmbwvUK3HIi,pi_3A0axOtQURRCIHjBpGx6TaMk,in_1FgdgBPkUUSG0UYMNI2bXp1y,cus_xGOrlzrOlLa9ji,100000,100000,0,eur,succeeded,1,0,,,card,mastercard,5348,5,2025,CA,Subscription creation,matt.lee@pinefield-networks.example,txn_3zhmch4XeiQdnuiOpCXkp4o6,1699724237
ch_3VAjSbIpQDUaMiWKutela3tS,pi_32U6YrJINW47ztT5I8hEKhO3,in_1jNApvrFmvVaeh6BO75nQDGc,cus_h4FvzhRXrLVVE4,100000,100000,0,eur,succeeded,1,0,,,card,mastercard,9793,4,2025,US,Subscription update,james.scott@alpineview-wireless.example,txn_3LqrMidxAOYjraJoR1kaTD9D,1699779218
ch_3cNcgzKXMFzxuw0D2i1yq2MY,pi_3sprRoPuo1TQ7Q53Bl4CfQ8f,in_194oVJommtX0PQcpD1zICHYu,cus_GLb9UNJNnh38lJ,300000,300000,0,eur,succeeded,1,0,,,card,mastercard,8263,10,2026,AU,Subscription update,mark.jackson@deltastream-hotels.example,txn_3KHi8lEvJI7v2Pvngq1i3eZh,1699852473
ch_3MuFaB4B4PwcQnGv2xk7Rdyj,pi_3I6lTvLEoRCrbn0tkpJdu4M9,in_1gJkbJzOQLGJnWNMKAFJ8DIt,cus_FNDMjDynT04PzL,59900,59900,0,eur,succeeded,1,0,,,card,visa,9956,9,2027,SE,Subscription creation,mikkel.johansson@brightlink-logistics.example,txn_3R79S9b85PWSUOba7LWageRe,1699903026
ch_30m6Fc9bFGS3sEz6TTw4BHO9,pi_3kKNrgy6b7wyyNwVhrj76STl,in_1j0HS3wYC7zzCa9LaHSWpXXb,cus_cpjdNirPf2u5m6,100000,100000,0,eur,succeeded,1,0,,,card,mastercard,7702,4,2025,NL,Subscription creation,femke.vandijk@beaconworks-technology-group.example,txn_3ImCPyhsKDvAyjy0UsTYfoBj,1699929815
ch_3tJbttbRhHDWiNHUZfdndES3,pi_3PcRtCAKapUElvsuOOSSdcnF,in_1JOg4XsnrOngZtjLikduS23k,cus_BwWWfgTUihRm2z,100000,100000,0,eur,succeeded,1,0,,,card,visa,8974,4,2025,GB,Subscription creation,chris.campbell@bluepoint-wi-fi-solutions.example,txn_3OMbFocaNxjTUeE8uS8SbcGy,1699954549
ch_3K3leOunCMTJa3Fip7Ycdlmc,pi_3eaRg7NxWSCIEDEhakg3T7Wn,in_14hnpzcHcMW2jriLhabU38eK,cus_sP8KSNPwszEOZT,100000,100000,0,eur,succeeded,1,0,,,card,mastercard,7430,3,2026,US,Subscription update,megan.lewis@pineworks-networks.example,txn_3kfT6ru7HEahyK1ZQZgpcgm1,1699957031
ch_3vTOcuYA9LAQL4kZPgTP94O0,pi_3vxF0vN6ZRpdUXPBO7uDeFzs,in_13bvJHhIoowCZrDoO0yrgi4d,cus_QK7Hfmo1yhb3O9,179700,179700,0,eur,succeeded,1,0,,,card,mastercard,9061,3,2026,DE,Subscription creation,florian.meyer@stoneview-technology-group.example,txn_3xG6VI8fnphpwTgdmiru0e3J,1700039125
ch_3abk9ZKE9lncYnp6kxZuK6cC,pi_32I0FsY3m7J69KebWsSGsMUw,in_1HV52tHMlIazs03K6Q3q3ZyZ,cus_sZiKluGQSx77NP,59900,0,0,eur,failed,0,0,card_declined,Your card has insufficient funds.,card,visa,8259,11,2026,NL,Subscription update,ruben.dekker@bluelink-systems-integration.example,,1700044142
ch_3W0FQQTPXTnZMuYEhfXmv8Dt,pi_3TpELMjcLeeQYBSqg0FpSOjU,in_16IcU2YUtUNGj6GRjpaA2FVb,cus_MEcvDS0bSQUrXM,100000,100000,100000,eur,succeeded,1,1,,,card,visa,2415,8,2027,US,Subscription creation,raj.clark@mailbox.example,txn_3qFJOJ3y0XBSa9aq41ELZGj2,1700046816
ch_3UVkm80gTgYMtnThRpGPhI4v,pi_3iuYrbbfuORtoExpbwD1Xr9d,in_1gp5soT3BRjrbhjMFuPjqQbm,cus_2477sHuuAMqNAg,100000,100000,0,eur,succeeded,1,0,,,card,mastercard,7569,12,2023,GB,Subscription update,jessica.green@signalport-wireless.example,txn_3qaQO8kD8gyy0pnONcUaBOrT,1700238261
ch_3v9dSW52azdoTqFzEIqlHPMz,pi_32I0FsY3m7J69KebWsSGsMUw,in_1HV52tHMlIazs03K6Q3q3ZyZ,cus_sZiKluGQSx77NP,59900,59900,0,eur,succeeded,1,0,,,card,visa,8259,11,2026,NL,Subscription update,ruben.dekker@bluelink-systems-integration.example,txn_3YcX5swApNcXez02FCAuwQh2,1700306402
ch_3JXBRCR8VMhNNULBV8cMWCF3,pi_3YtKw34KJ86anAevMJtAJ3in,in_1Jw7hbp1G8siBQunlNako6kl,cus_DhQw32jl9aOuN8,119800,119800,0,eur,succeeded,1,0,,,card,mastercard,9688,10,2025,US,Subscription creation,raj.smith@crestbridge-networks.example,txn_3HkntiXnAnR1TGX9G8BLAWyq,1700460201
ch_3Wr6oL29qc3iRwQcKS7MudYz,pi_3I9CkLxsuip2e1o4aSL1el6S,in_1Wa1kG4rUdW9f1EyD84ItFdZ,cus_c6fUqhiNm8q1L0,100000,100000,0,eur,succeeded,1,0,,,card,mastercard,5098,5,2024,US,Subscription creation,chris.parker@silverpeak-technology-group.example,txn_38AW9UGyj6pMnydbvF2CNk5W,1700475026
ch_3LX4cp56J9n2ZOyiOn83OoHZ,pi_3oMHKomJkWLmDP9YTYVYHDz3,in_1qlbAqsSNd0IPXKlGj9UOin0,cus_lxy9cUBB9u1oMB,100000,100000,0,eur,succeeded,1,0,,,card,visa,2748,5,2024,SE,Subscription creation,bjorn.eriksson@postbox.example,txn_3wwbPMIqtJnn1IYdlPaHfCBV,1700483813
ch_3kjA29UaTx9fDbquqM4rQMCg,pi_3XhgPoWCK3nWtr0Y0MJ075OR,in_1i9tjUUBWDPIBz7fQlsDFyGk,cus_jhFE25IwDU6nOX,100000,100000,0,eur,succeeded,1,0,,,card,visa,5800,2,2027,US,Subscription creation,jason.scott@scott-wireless-consulting.example,txn_37iwvwm75VDtCTzw0enE8iYn,1700539487
ch_3RVB33iY9G8QX01lMVHwm7zY,pi_3Gn8AyYA8AEMQhXi2IjCIE92,in_1SiJDwjbJTFp7VASqcCGiUKf,cus_ECAnPjTgG60F1c,200000,200000,0,eur,succeeded,1,0,,,card,mastercard,9688,7,2026,NL,Subscription creation,koen.vos@vos-network-services.example,txn_3xoaBW88SBe7JqINmYniiQHn,1700591393
ch_33ac5rX3rRM323y6mXBXM7IN,pi_3tc7lPZu2W8e54M5y7t1NDqG,in_1z11SD2Y9EDb5x6fGGtjOATF,cus_NRgHCnhcGy8Jav,119800,0,0,eur,failed,0,0,card_declined,Your card was declined.,card,visa,5667,9,2027,CH,Subscription update,julia.hoffmann@aurorafield-networks.example,,1700651110
ch_3odhp1Gepa1YjY3Ur1WaOn6j,pi_3TkCNvHobBjTvEMbI5t3ylqj,in_1sv1h9C1ZAYa3PlUXlUMkRfy,cus_i5A9nA6CeAnsfe,300000,300000,0,eur,succeeded,1,0,,,card,mastercard,0514,3,2026,IE,Subscription creation,kate.king@brightview-wi-fi-solutions.example,txn_3vqp2VXbVAFouptE9TZ65DV9,1700726757
ch_3Elm8rWreIfvd9CIlR5b0Zvh,pi_30GtYYprlpT4CC104HO6oLfR,in_1eN1oHRDtbgjnCa05Ww3Ab5y,cus_oFCueBDs2fgRhc,100000,100000,0,eur,succeeded,1,0,,,card,visa,2482,6,2026,US,Subscription creation,jason.mitchell@summitcore-logistics.example,txn_35p9ODrfPqyoT4a3d8ROtbvk,1700745859
ch_30egkQ77yZVDZ2q2hJfOZB7p,pi_3KLqU82cS4GmNWlcge6ZnE5k,in_1Qqt1Q1x8T3sqT6Zqzsh5U6U,cus_DtkOsehto9w9B3,59900,59900,0,eur,succeeded,1,0,,,card,visa,6216,4,2025,US,Subscription update,rachel.clark@deltalink-rf-consulting.example,txn_3ZuweLcnAuNtGFlSzZn7KEpr,1700811343
ch_3rOEZKPEIvY0b5BKA5tGYfxI,pi_3tc7lPZu2W8e54M5y7t1NDqG,in_1z11SD2Y9EDb5x6fGGtjOATF,cus_NRgHCnhcGy8Jav,119800,119800,0,eur,succeeded,1,0,,,card,visa,5667,9,2027,CH,Subscription update,julia.hoffmann@aurorafield-networks.example,txn_39sfPxM1Dc3zQhJVUTEK7d1Z,1700911930
py_3P0pFZ0FNCLTKIdsHWiONPj0,pi_32VFhJgpg33347otw6TzKNxI,in_1pxl70XAd8J4EHPbt9bkk9cC,cus_KSxD48wtyNhtuT,200000,200000,0,eur,succeeded,1,0,,,bank_transfer,,,,,,Subscription update,paul.young@balticbridge-communications.example,txn_316tQdaO4jmHIX19oMR4bMhz,1701034811
ch_3EKS1b0AzZFc6HhXwPqiZndT,pi_3aptnlQVYoK3jPSaalbfFYw3,in_1I6fbxUgBNbjz1ctJWd3SdAt,cus_fA6H9Cnf8kFnTS,59900,59900,0,eur,succeeded,1,0,,,card,visa,2199,8,2024,GB,Subscription creation,james.parker@parker-network-services.example,txn_3ezhmjYC1aXl0y3lwwx95f2x,1701241069
ch_3BzYTeg0KpFbD3w6L46Yg3G1,pi_3J9W9kecqDYbSfGY0DloHBsS,in_1MOkCrvIbBOEH0TkZnXJi5F4,cus_4RLEhN1Q2R8ech,119800,119800,0,eur,succeeded,1,0,,,card,visa,9151,4,2027,SE,Subscription creation,bjorn.berg@auroraline-technology-group.example,txn_3YgzmhUEG8zldX2UDVwPtLUP,1701267169
ch_3OBQLWv7RWgRsFrRINpPDvf4,pi_3EoarKa2UxSXU9M6PeRcacc6,in_1FyzAUa1nI6p3SvyLRT9rvqO,cus_LAINMFNy5Q7O5l,100000,100000,0,eur,succeeded,1,0,,,card,visa,5244,1,2027,US,Subscription creation,emily.smith@beaconwave-wi-fi-solutions.example,txn_3QsfN0sPqzvathVUW9XNR0Fa,1701305450
ch_3UTlu7XWOQYNAAYZA8vTI03J,pi_34DVrtmwvlJAIRrRbyAGgcNj,in_1wRhbLplfWm3HnHX2Nf0u2IK,cus_C8jFTzFMuGe2m0,59900,59900,0,eur,succeeded,1,0,,,sepa_debit,,,,,,Subscription creation,anja.neumann@northline-industries.example,txn_3qH5819a7Cyt0558mmb0uHKe,1701428104
ch_33dYNfPWvl3j3SbmOUHT3Ijo,pi_3dHiyePsQz9hHy8UHS9aPiOZ,in_1rOruxJlhI6kzoGAmZ9mRJxj,cus_r3C3ZPXWf72pXL,119800,119800,0,eur,succeeded,1,0,,,card,visa,9617,8,2025,SE,Subscription update,nils.karlsson@cedarfield-warehousing.example,txn_3rWA65fFGqTdvXjUcrHwkMeF,1701430536
ch_31ZTkoGyG2RTtIlnnRp1mG6T,pi_3ptygVd0z6HShONsNzPzYcYZ,in_1HTgefIla2sOkmAbek8Nk2jU,cus_rJg4yas33C1Jg0,59900,59900,0,eur,succeeded,1,0,,,card,visa,6470,9,2027,US,Subscription creation,emily.turner@pinefield-hotels.example,txn_3PAZoaF9V0H1T1DIPL0QW2He,1701502257
ch_3OZnUEBowdY0U33ULCbRqBrD,pi_3AaqnN0Ox7sEloXCJcSg7FZ0,in_1Xpj4JIfm3P9DfbCxBHuuSjZ,cus_BavUJKpFUQ5Zz2,59900,59900,0,eur,succeeded,1,0,,,card,visa,9255,4,2025,FI,Subscription creation,lauri.heinonen@postbox.example,txn_3fCoJyi5cBWrxBWmCvmiVFzJ,1701788403
ch_3Xs4Cex1VCJxbP6nnLEHQsRU,pi_36mpoHMlGLrZYD1AJO39T9IM,in_1zW2hpcpIsZmF40kJsKz1FzI,cus_MyBsrI5bwmhQqR,59900,59900,0,eur,succeeded,1,0,,,card,visa,9529,5,2026,US,Subscription creation,tom.nelson@inbox.example,txn_30K7Bg51WMudg5rHMihyFiG7,1701794086
ch_311coZniuHykmMRFwSqYViEu,pi_3e4DwJPAX8BBdjfr5qPQb41H,in_1N901i2c3Nmv6VMWonZH58cv,cus_jauZDybqY6ogph,100000,0,0,eur,failed,0,0,expired_card,Your card has expired.,card,visa,1096,3,2023,AT,Subscription update,uwe.schmidt@stoneworks-construction.example,,1701928598
ch_3aLRX50IXsTuXCifYocwV1rs,pi_38KUXkbapDse3ZIdchTu8x8O,in_181xl8vI3VlnFLFMEROjslOJ,cus_zev8gp4gR1fR3X,100000,100000,0,eur,succeeded,1,0,,,card,mastercard,9570,4,2024,IE,Subscription update,eric.lee@bluewave-media.example,txn_3BZx51zrEmusVgePnGnsMrQ1,1701941040
ch_3aT50Wyn5jKA3eB7vdGjHMsv,pi_33ny3oxdnMHGIiJ19I0gIhYy,in_1n0wCAGT5fUZAUL1ORUXkNtG,cus_0M7HWYVoi8rjSs,59900,59900,0,eur,succeeded,1,0,,,sepa_debit,,,,,,Subscription update,maxime.lambert@lambert-wireless-consulting.example,txn_3GPmOEqeIU9zqoTKALmTQJYr,1701978920
ch_3BLkGX20UESh0YVgAiAyCJ1N,pi_3lId8nJ1s3YSakOpmJIWMi2L,in_1qEJVFdkKPgV5YSXEmI00V5c,cus_Qo1UxLmgMd15Lj,100000,100000,0,eur,succeeded,1,0,,,card,visa,6063,7,2026,AT,Subscription creation,thomas.neumann@postbox.example,txn_3eJDpdSbks7ceqCdQCnKv1Ei,1702015995
ch_3RSsdDmBoYBAs4DpOr1mvIWW,pi_3kxEjzWL28mEelFwNPxqaVo0,in_1AQMOgSZK9najYPfz9AYmrPY,cus_8RoP1TETbMB90G,59900,59900,0,eur,succeeded,1,0,,,card,mastercard,3689,10,2027,US,Subscription creation,andrew.taylor@pinemark-wireless.example,txn_35mqQGn16PhpWEJIc3ViCJUx,1702053502
ch_3kXfB4l7iflQgpAa2UewBD2n,pi_3rxaMhPjkXCX8N0BY5musvFr,in_1GY1e4aUm40fWrDlipRzOj65,cus_iojDVlGHxTLSah,59900,59900,0,eur,succeeded,1,0,,,card,visa,6946,12,2027,SE,Subscription creation,ingrid.pedersen@nordicpath-rf-consulting.example,txn_3woWbQSS461UOkceYyk2hBop,1702128469
ch_3ru2duD1jJCmjnoN9jK6QaxA,pi_3e4DwJPAX8BBdjfr5qPQb41H,in_1N901i2c3Nmv6VMWonZH58cv,cus_jauZDybqY6ogph,100000,0,0,eur,failed,0,0,expired_card,Your card has expired.,card,visa,1096,3,2023,AT,Subscription update,uwe.schmidt@stoneworks-construction.example,,1702192178
ch_39cRUnU9mhecyGDVBFIiEMP2,pi_38LDZoe3DiDCThVU0rghZV27,in_14R3QIilUncMGwRRvtoTdIiv,cus_awECscToLjhlvk,100000,100000,0,eur,succeeded,1,0,,,card,mastercard,6232,4,2024,GB,Subscription update,jessica.mitchell@balticgate-construction.example,txn_3QH34ED66PwM1FcYbhwkVvmr,1702223037
ch_3MyFPu9GQHP3lbHrmJxpnOaa,pi_3vGuFiLpg8o5XTduyzO2zizQ,in_1PvfpLHER5aeh6UGeU5xp6oj,cus_qA7XRFxH3FgKLO,100000,100000,0,eur,succeeded,1,0,,,card,mastercard,6224,3,2025,AU,Subscription creation,priya.baker@deltapoint-wireless-engineering.example,txn_33fuuqUPvkZX78rdzpCXc6Sj,1702306311
ch_35lU41l7bgnny9gzjqBKf5HE,pi_34rDmXANlxbhV7XEvh5P9TvY,in_1pjZSq3HE85uE4mHP1Bbm8sF,cus_230JuHmNUC7FVl,100000,100000,0,eur,succeeded,1,0,,,card,mastercard,5777,10,2024,BE,Subscription creation,maarten.jansen@inbox.example,txn_3gYoGFTi6E9Udgsa3bQBzdSa,1702581119
ch_3r01TRoTFtb5zijHTwNewwZb,pi_3e4DwJPAX8BBdjfr5qPQb41H,in_1N901i2c3Nmv6VMWonZH58cv,cus_jauZDybqY6ogph,100000,100000,0,eur,succeeded,1,0,,,card,visa,5504,4,2025,AT,Subscription update,uwe.schmidt@stoneworks-construction.example,txn_3zUOJ87cRW2JDXjlzklIJpPR,1702624598
ch_3znT0rkXoOxHu2NFZJowAfTI,pi_3nMJaJItpr6BfK3use1VFc3c,in_1UO7kAvwG1BEQNFpnW9zlLrd,cus_4CAGuYkGo1zuPs,100000,100000,0,eur,succeeded,1,0,,,card,mastercard,7188,7,2024,US,Subscription creation,priya.thompson@postbox.example,txn_3ep2p8BOza5pv9h5fW8CRS6p,1702883306
ch_3uTF2jp7KxznfLDK9cltsx13,pi_3vAyrLkwQ0XNGw3I8Ao3lW71,in_1Ykd9thxcjE2nMlnmfShOrOD,cus_dRGwqmtxCQy8eJ,119800,119800,0,eur,succeeded,1,0,,,card,mastercard,3704,8,2025,SE,Subscription creation,mikkel.jensen@stonemark-properties.example,txn_33JuAlCYWqAZPBzpajjqkCrH,1702923289
ch_3PMxAylobyNHs7WQCNx2eDRF,pi_3B0PJsrGsUyXOL9OI365tnUI,in_12TviKrdpfzopHrlajCLKMMX,cus_doluE9EJ9YJcIg,100000,100000,0,eur,succeeded,1,0,,,card,mastercard,4915,1,2025,US,Subscription creation,paul.king@westport-construction.example,txn_3rvB2P5fUt5xjEO84EBm1Be3,1702938874
ch_3QsNQJYqhMKydNjKHLbhTtin,pi_3baDMKOBVaEKZu7Unbo0vZgh,in_1o47WtqPVX6Tl7Tpjr8FTeLH,cus_nt5dZkQTMU1G1u,59900,59900,0,eur,succeeded,1,0,,,card,mastercard,6112,3,2027,US,Subscription creation,amanda.thomas@pinebridge-managed-services.example,txn_3EA9e2YTJKoJfDZ6nvb2cW0i,1702980104
ch_3EJaGeSPmi84uwzhGqmjkJ3z,pi_3Rto3iUtmpybI439u7BYUrim,in_1WRmUGB2XPZO06orQzD4zQiv,cus_CNAXSKRsHTQ6jQ,100000,100000,0,eur,succeeded,1,0,,,card,visa,4551,3,2026,US,Subscription update,steve.williams@balticpath-media.example,txn_3Ul9BHsJczAndEqz9Lx0L0f0,1703038863
ch_3lEJwaNpLdgHbtxy9nLch4oE,pi_33z75MkodASQ9My5gxGGu8uo,in_1sKVlxh65ZfHrIj6dWfzHcZM,cus_P3E5K6o1wtl8Qk,59900,59900,0,eur,succeeded,1,0,,,card,mastercard,4693,12,2024,FR,Subscription creation,laurent.moreau@signalmark-networks.example,txn_3p5I3qOSAjJJ8uxhJWkeYbup,1703151212
ch_31CGofFLiNZmrKLallxJTaGM,pi_3esxUut6KAayFdE1H8bYFbMT,in_1T9SfHaVqO2pkjvlGRTFlSlo,cus_1y8LzXMbMF0WqZ,100000,100000,0,eur,succeeded,1,0,,,card,visa,6754,1,2027,DE,Subscription creation,julia.schneider@clearmark-rf-consulting.example,txn_3110xSbZoP03uxVq1MpoU3O1,1703161589
ch_34mxlbNepnfDEe7YX7QFKsJh,pi_3bKhG5mPtMMLY2Suek5Pts56,in_1XG5t9BwlMKlqtaGpshGqkRN,cus_eSHfCvDIvmT0Vz,179700,179700,0,eur,succeeded,1,0,,,card,visa,6790,10,2024,US,Subscription creation,jessica.lewis@lewis-network-services.example,txn_3TJzp3fr8ljk7yjnbaFmR7CV,1703169457
ch_33OZYwOwVpRDX0G84jPd5XeD,pi_3flKZFZDTbG1EpUIpf7riIa5,in_16zqgEIj0Qci3o5512wc9VBi,cus_Bxx0AGGEEk6HjH,100000,100000,0,eur,succeeded,1,0,,,card,visa,9838,8,2026,AU,Subscription update,brian.thompson@thompson-wireless-consulting.example,txn_3mTiqGgLmtq9c1ZDM4NU7nxm,1703615319
ch_3CDXh2tvbhL7SxbwJaXQgWQh,pi_3e1CdQ9HHieGlyS4mBdEtdD9,in_1BSaUQNAgfqGSa6jfP5k9Op5,cus_kJJWkdkiCPOS1T,59900,59900,0,eur,succeeded,1,0,,,card,visa,7337,2,2026,DE,Subscription creation,markus.weber@mailbox.example,txn_335YR4Z29gghjGOLq6G8hNto,1703617478
ch_3D6KpUhj67g4sQMa0GHozqUP,pi_3A60j9Zbk0Y8JJvmujYdrXAf,in_1MNpZeI6wXjbfNPckc4AirNT,cus_bpmTMa5c7p2PDt,59900,59900,0,eur,succeeded,1,0,,,card,amex,4048,9,2027,US,Subscription creation,matt.edwards@crestline-warehousing.example,txn_3sQVlQBEC4XXGcdrbRDq2kpk,1703675288
ch_34M9pp4oxV1fYv88QuimdT8P,pi_34au74mKXRjpx1CrkPEkjUEd,in_1j4uDuGEEuScRrqNgcT7Rink,cus_fXMVvqjY3XhmXN,300000,300000,0,eur,succeeded,1,0,,,card,mastercard,9091,11,2024,AU,Subscription creation,robert.kelly@inbox.example,txn_3uQwjdDSCmeJGId1sKcrfctj,1703733707
ch_3wnp34ZcWvailetsp6A11r0s,pi_3t7baFOz9filkUH81X817vWl,in_1rSm0IJwwLXMtGXvA95rxhlQ,cus_xalKn51erRcp66,100000,100000,0,eur,succeeded,1,0,,,card,visa,3295,9,2024,US,Subscription creation,jessica.evans@postbox.example,txn_3LWVi5xDsMQpYonqhRAQoPlG,1703764210
ch_3D4e5ui2bYXHjVGkRyc2IX3E,pi_3c2UfqcHZpwOLSLtmiTnkQBm,in_1w29nA94IMxjQE1zYhoozHE8,cus_CqAxzY9ZMF2Cvh,59900,59900,0,eur,succeeded,1,0,,,card,mastercard,4051,2,2024,FR,Subscription update,olivier.bonnet@deltabridge-clinics.example,txn_31TjtXnD6y2wEmCacs1u5jgW,1703766147
ch_33yubhNImWnexgcjHZm3WdnM,pi_3yfLiPDJSec71A2oSJYVZMSK,in_1xJUmmAmUJXSsCvfuOSXH2Ta,cus_rG7lESHMh8sKHm,100000,100000,0,eur,succeeded,1,0,,,card,visa,0351,11,2025,CH,Subscription creation,christian.klein@greenfield-telecom.example,txn_3Uavts9SbvHUe66vS2Kjdxgv,1703819583
ch_3ATTOf7XWswNbgEIKIpbgdbQ,pi_3C3WxkWH48kBfgxkiP7zRM5Z,in_1hmWApigoVP2xpHXbnRy3wcv,cus_baPBhZBgXLmXnA,59900,59900,0,eur,succeeded,1,0,,,card,mastercard,4729,3,2027,DK,Subscription creation,sara.sorensen@granitepoint-wireless.example,txn_3uSASCm6MfjCmEz3hBoNHsnc,1703829807
ch_3ZeQ7ZyaNPiWUGryl8V8Ad9s,pi_3Ekv43LJRsb7tSZ7ZlsHA82n,in_13HzioQEVJGdijb5xSLSMH1A,cus_N9mpttB2MUMfvi,100000,100000,0,eur,succeeded,1,0,,,card,amex,6464,11,2026,GB,Subscription creation,rachel.williams@clearpeak-technology-group.example,txn_3600cGKZCJ31Ybsfs0ljDJTM,1703871927
ch_3MZNrM6YCYJnyGCNXNzDPmeh,pi_3RXMScVb0dDeFSZj6iQGG1f8,in_1w4ZiZlKxo8JeNRaE5uU2Ob2,cus_gevA4s0yRpDEjk,119800,119800,0,eur,succeeded,1,0,,,card,mastercard,2500,8,2027,GB,Subscription update,raj.mitchell@apexline-rf-consulting.example,txn_3wQeG7WtB1RTwJwV1Goq12tf,1704102460
ch_3Om4ToLHIDH6r3ARHvDV4ZaO,pi_3kXy6rey0Y1Kiw6NVei3aAQr,in_1Xn7yd1YU4B9zX36AOL7aq7D,cus_o03knMX24ZvS6z,100000,100000,0,eur,succeeded,1,0,,,card,visa,6348,2,2028,GB,Subscription creation,josh.clark@silverpeak-properties.example,txn_3MZ2sJoXdCbPr3ClXlX0EU7W,1704123697
ch_35rbNvqNOnY90xhGl57KwRoj,pi_3ONvPSTosL3yugxTGxtQm5AN,in_1oYhOV7FjbhRhuze7TQGx7fs,cus_lzJYBJ6k9sH9Kn,100000,100000,0,eur,succeeded,1,0,,,card,visa,2825,12,2024,NO,Subscription update,ingrid.holm@granitebridge-foods.example,txn_3YKRApZ4UPG7JBsufrFhZVz2,1704323228
ch_31KkoEW9OoQBrXO47pyaSx18,pi_3vR9zOCA7CcW40wdr6IeqcG6,in_1qGtAt8tp5cADw941wvAGhv1,cus_8gSBd8x3lNzAKo,179700,179700,0,eur,succeeded,1,0,,,card,mastercard,7833,7,2026,US,Subscription creation,matt.carter@polarbridge-foods.example,txn_3H8ZpeqDksPKAzIU3dYuJREG,1704435661
ch_3jTKpCwfTqQ0frMgA5TCk9Rz,pi_3XXiM5X0T6caJJsad3McduY3,in_1MCmUA7i1sTXgIbWVnKCv0v3,cus_ZqxfrvQKIazfVs,400000,400000,0,eur,succeeded,1,0,,,card,amex,6863,12,2027,US,Subscription update,james.jones@signalworks-schools.example,txn_3BGT117remcXeLOoXoAfiXU6,1704477509
ch_3xQ23bpEgrS1XJPp8gKOW05A,pi_3XjLfz6b5cq1mzuL8voNSept,in_1HYvOhnE7T4xWQRVOMHpBYAO,cus_OkTHwPwpdcpubi,100000,100000,0,eur,succeeded,1,0,,,card,visa,0179,6,2026,CH,Subscription update,christian.fischer@westview-wireless-engineering.example,txn_3k8oOetVVlQzrk1w6PR3k4Lb,1704523146
ch_3xgMYTZ5GRvZgCCkD81Uiq4F,pi_3a2nAk1gi6O70eYE7NixAgye,in_1sPqgxQLFnymu7ArKLntyocX,cus_xWNc9Zdms4XbTG,59900,59900,0,eur,succeeded,1,0,,,card,visa,9586,6,2027,FI,Subscription creation,kari.hamalainen@pinebridge-wireless-engineering.example,txn_3Q5gtSi7AKXcrKgHWgNHKgc0,1704708297
ch_3bkJZoBRQkREtgbd21FV42hM,pi_3yQ1It36maxbiwcCuGRKq5GO,in_1ZWZiO3ivi0e3gAKzYzvFHLV,cus_PAZBxLJs5Au4yd,59900,59900,0,eur,succeeded,1,0,,,card,visa,3676,6,2028,DE,Subscription creation,daniel.hartmann@maplepeak-managed-services.example,txn_3mRWijWzYse8mhGyUZmVAIxy,1704711740
ch_3ZlOZtFxpVSFjmLtZgY6VTxy,pi_3EJLFWfRnvKhmJMhTrHVHkiG,in_1BaOpOuktJeEHfTVnfOIdq0b,cus_YD1kYd6gf4q7Sv,179700,179700,0,eur,succeeded,1,0,,,card,mastercard,2744,5,2026,US,Subscription creation,sarah.collins@beaconview-it-solutions.example,txn_3pTZfVjT8blb1CwxwdKbMv34,1704732019
ch_30bL2IhkonRkJPis173NTo62,pi_3vDZmHfZbGMIgBlY6ZkgDOsF,in_1vwrUp9DfwcsHDpcECfoGidN,cus_kS7UQv3fQeMgcB,100000,100000,0,eur,succeeded,1,0,,,card,visa,6695,4,2028,US,Subscription creation,daniel.mitchell@northmark-industries.example,txn_3BeOKvhXNsr0uL3YXDPoxV7a,1704808122
ch_3SzkbkHtXamySKl47qTOn50R,pi_3zrxmKiIQOduhxQwhdy0pZ9c,in_1G1bGnVGytYPHcas9sg3UWCT,cus_NDL8mv5pDBT7eH,200000,200000,0,eur,succeeded,1,0,,,card,mastercard,2241,3,2026,CA,Subscription creation,david.lee@crestview-communications.example,txn_3VjNb0ssLrRS61rosTOnduRg,1704887485
ch_3wiGivgoCJSGj03cXaKFYsrT,pi_3oZUE1CnXnxzxdoAh06b5t8P,in_1tMFFoIEohHY2eezRIfxOfG9,cus_nHIOQoUfpdw9NT,100000,100000,0,eur,succeeded,1,0,,,card,mastercard,9583,1,2024,US,Subscription update,priya.green@green-network-services.example,txn_37GXWaDCkTz9xOAvTtUuWflR,1704984397
ch_3KBsKr10tpw8pzDVBrqnIJFo,pi_3R7wHwEa0WVQY0BJ2bXbl5wf,in_17nPSGsrB44ZvB69KcSuqcCT,cus_faA1HomPTQ552M,100000,100000,0,eur,succeeded,1,0,,,card,visa,8699,9,2025,NO,Subscription update,emma.madsen@balticfield-logistics.example,txn_350eF9eEYKLC4KVfNqfTfILu,1705404551
ch_3RhQSHFxGx9gD8yn1RI8PNfp,pi_34xICqaGtJBSLAvrrQL4ioEe,in_1V8o50xGbJL4AykfEG7dBBT4,cus_zy6HuKbAGlhYJ4,59900,59900,0,eur,succeeded,1,0,,,sepa_debit,,,,,,Subscription creation,maria.navarro@nordicfield-communications.example,txn_3NOyVbReJlx08lknQz6wq5ZD,1705444081
ch_3TSTWiE0iW1EokeC1indCN8U,pi_3A1VcqZtKZGTnrXKTK4dSNed,in_19OC5JJVlgDU3fuqOWHsmlL9,cus_4AQl4CGiFwfU2L,100000,100000,0,eur,succeeded,1,0,,,card,mastercard,1921,2,2025,US,Subscription creation,jessica.scott@vertexlink-clinics.example,txn_3aA811gZ4Utotw9l3thajXZp,1705449007
ch_3vdjPkIt1a9AJgDYjIotuVVi,pi_37uWZuiGZZVhJAdaNUHAtgKe,in_1xjFNq9urVyGHgbFyk2Z3IjM,cus_DzlzFmaWq7GAtQ,59900,59900,0,eur,succeeded,1,0,,,card,mastercard,8829,10,2024,GB,Subscription update,laura.carter@carter-network-services.example,txn_3GTBDkFLC0Apz8EJVh2UAnN3,1705571451
ch_36zR6PW9EGXkqH6JNplWTNZQ,pi_3tab3lvBs9qWJ1L2R3A0xcuM,in_1WIozy9wTSxX60BmHFnlW26O,cus_ye6ql8EqUFdgXD,100000,100000,0,eur,succeeded,1,0,,,card,visa,0962,10,2025,CA,Subscription creation,jason.evans@beaconpeak-wi-fi-solutions.example,txn_36P1tu5R4ybPR6CBlmjsfyN6,1705599048
ch_3wYOe8mPSnLhGbhC4IFBuIIt,pi_3DhvqO08J24kbzRQJrvv9xM4,in_1KY8rp7vZykYmIEIYX2Ma8MN,cus_yjw5vXcPOgnMha,59900,59900,0,eur,succeeded,1,0,,,card,mastercard,6602,5,2027,BE,Subscription update,maarten.peeters@apexport-communications.example,txn_3H6mTG2VoT8N3d54XfwzIZDV,1705745970
ch_3rfCWmbAwOw3irumeS0tuJzr,pi_31ASmtlNMMzwF8y7ZUmt17Hq,in_1uAGl9X5cSPhV234oJ4UpNdp,cus_7QUjGcufpSjsGe,59900,59900,0,eur,succeeded,1,0,,,card,mastercard,8953,1,2027,CH,Subscription update,julia.schneider@atlaswave-hotels.example,txn_3z42gKbIEdgJQcnjZi9Z2C4u,1705999349
py_3xexVhfLhuSZbqxEEXlDhGn4,pi_3RBrHqCimIX42qZi2Gvxdqzc,in_1xxUKZJ9KAg7nD3acEUcqqiV,cus_915iwJ7tAyXx2O,179700,179700,0,eur,succeeded,1,0,,,bank_transfer,,,,,,Subscription update,ryan.kelly@stonepoint-systems-integration.example,txn_3jOOudSP87QB5iAOoe5rejIy,1706202510
ch_3igjJ9bgq5Voy4ir4qys9AAx,pi_3xW4BUfh4JxynItNR3oRcDuF,in_1IsWuTJ03DAnzKqZJ9ncE3nU,cus_7WDOkcLGKa5pa8,59900,59900,0,eur,succeeded,1,0,,,card,visa,4820,6,2026,DK,Subscription creation,ingrid.dahl@balticstream-properties.example,txn_30VowbbMTsePrOTclXX9J7f1,1706259705
ch_3GdxnLNgYIFPXF53HiAODbf7,pi_3ojh0q6Uu9rF8ijyTSd8O0EI,in_1kXI1RxZU2e0jlgyZCNdEusN,cus_mAAyfoHlhEbOdQ,59900,59900,0,eur,succeeded,1,0,,,card,visa,6293,10,2025,CH,Subscription update,julia.meyer@apexview-logistics.example,txn_3eouLmOtgdzuzzZha86HswQ4,1706305722
ch_3nAdEVOyDg5Pz7OJ2yRUKiav,pi_3LMvDZpnbs43LYzY0EkqwT3u,in_1YQaHsz3NgtYbqjhNf0edw8o,cus_W7jDuNX4F7cz0D,59900,59900,0,eur,succeeded,1,0,,,card,visa,4907,5,2026,US,Subscription update,nicole.martin@novagate-rf-consulting.example,txn_3U6iJOuJNoTRYJkI1ihFFreZ,1706331992
ch_3ZgCKQhEeoHFL0h3YIiLn6Ms,pi_3RBIsU01TbWxEzPNzTj41E3U,in_1hC2jBZdBItblo3GU3nM9Ad5,cus_ImD6K4JzIgRlaK,100000,100000,0,eur,succeeded,1,0,,,card,visa,4981,12,2025,US,Subscription update,michael.king@mailbox.example,txn_327pCJo6gzmOS0FEqaQkHgER,1706361317
ch_3Ia3OOwiWvoD8YMleLh1WlHl,pi_3smeMKfgLq1ml2jL1jGbpSNX,in_1rXmVOe4qXS0pBbUeT5UC9s2,cus_F983kzLqaSqrz4,100000,100000,0,eur,succeeded,1,0,,,card,visa,9125,11,2024,US,Subscription update,sarah.nguyen@harborpeak-wi-fi-solutions.example,txn_3uj4LJ1CXBhNwb85hrjGNMq5,1706636072
ch_31O7XK7guf3kIsn6GBtLMBye,pi_3FVNtj7qUsvpKzpmylLQv4K0,in_141fUoi7EgqcQf9rQcHPbeLF,cus_yn0nHhKsfNbnL3,100000,0,0,eur,failed,0,0,card_declined,Your card was declined.,card,mastercard,6188,4,2028,CA,Subscription creation,tom.lee@atlaslink-networks.example,,1706795376
ch_3CGf2Bf3uBeaGt3iYy9KU7dt,pi_3FVNtj7qUsvpKzpmylLQv4K0,in_141fUoi7EgqcQf9rQcHPbeLF,cus_yn0nHhKsfNbnL3,100000,100000,0,eur,succeeded,1,0,,,card,mastercard,6188,4,2028,CA,Subscription creation,tom.lee@atlaslink-networks.example,txn_3oBv26Xo1uARo1RU4SZtKTSy,1706795789
py_3oCxipc6QIda1GcMnapzY52o,pi_39NA8qyJEmMQk9LrKvhoUMoY,in_1zucvjZZAwPaXoU9eFs5TUCR,cus_eco6tqi9zVk2Rt,200000,200000,0,eur,succeeded,1,0,,,bank_transfer,,,,,,Subscription creation,emily.kim@alpineview-wireless-engineering.example,txn_3owJYZQcXKtY577uGGPq6Oeh,1706882002
ch_3NnEuvfd6LPBA9ETo4DBKrJf,pi_3OweiUMwwPCanUvJi4cQ7sCq,in_119X0xEE810AhIw8yxqjmNOZ,cus_BOknNNeQuDvAsi,179700,179700,0,eur,succeeded,1,0,,,card,mastercard,4673,11,2028,BE,Subscription creation,bas.vandijk@brightpoint-schools.example,txn_3LrtEMLlQe4uTyIJNAPdjrBv,1706891727
ch_3hgQIDbjJxKFTP7L7KfwZag8,pi_3QTNS6IcFZhROrNuDJswRt64,in_1W6Ay5QWv5dXNetHI1UnEN2j,cus_34b6bW8wpmHPEh,59900,59900,0,eur,succeeded,1,0,,,card,visa,6686,1,2025,US,Subscription creation,chris.taylor@vertexpeak-networks.example,txn_32ngorzos7nTjnUv1OggJuOR,1706932475
ch_3chCtopUJolzdylavHIF4yVx,pi_3arcdBsT36ma4FauttwyLAHg,in_1bR79UspBou2ZcDvYvH6xtWS,cus_L1hKx1yQPx1PA4,100000,100000,0,eur,succeeded,1,0,,,card,visa,6732,5,2024,CA,Subscription update,james.moore@moore-network-services.example,txn_30lQDBY6CTmfJLSs3fjtb5xT,1707037296
ch_3CWTervQ6hz8vawc8X5e8Cvm,pi_35Y8iJmTWxfhffrOdoxlvrd7,in_1QAGsjSbuTvua4K6SOkktpKn,cus_Q6Zm6bDagL3oXI,100000,100000,0,eur,succeeded,1,0,,,card,mastercard,4667,12,2027,DK,Subscription creation,johan.jensen@auroraview-wi-fi-solutions.example,txn_3JQ7W89hMigS85lwKRF70VkI,1707044507
ch_3nCr88FCyfuDkRtw0t5EcwZJ,pi_3IHnODcvdQnvop1veURj5Dvu,in_1uklTtQ8iZN5sldbed54GB5N,cus_epIZQjeBkV1rhZ,100000,100000,0,eur,succeeded,1,0,,,card,visa,0480,7,2024,US,Subscription update,nicole.harris@atlasstream-industries.example,txn_3WvESUzlLcYG8wCW6rksGetc,1707119032
ch_3CS6r8qpTKEuwDYSCHqou9Wk,pi_3LDWOwkVUvJWiXo4RFonSvyQ,in_137n79tHjlAhbqwvZ6BxHCJC,cus_8eqA20DNWr4UKx,100000,100000,0,eur,succeeded,1,0,,,card,visa,1395,1,2025,NL,Subscription creation,pieter.visser@crestport-media.example,txn_3ReKYMglo0zgMK3A0sKFrfSU,1707291461
ch_3S2wtRXUtBge0xDxzLG98emX,pi_3FMUiLzz5hVvXT0aIUAfKgsI,in_1ci6eEyqazhQ7SA9nxF9OBaH,cus_w27mnDL5MK3DXb,200000,200000,0,eur,succeeded,1,0,,,card,mastercard,6875,7,2026,AU,Subscription creation,matt.adams@adams-network-services.example,txn_3X6ZRugapr4aa7ySWf7MZ0eB,1707310104
ch_3RSev3TZVskSqzOiKG1WRAID,pi_32vIhqTXjTpjRpqsJxMDvm5G,in_1I26iiK7oDn7YXUy8DhhXNb8,cus_7hUsagHZzDI8Lh,100000,100000,0,eur,succeeded,1,0,,,card,mastercard,7286,4,2027,US,Subscription update,john.anderson@stonewave-systems-integration.example,txn_3TnVGQcB9eVXy2ypkMefgbF6,1707492717
ch_3mjRpFgTVbjRq6rQDufoSfbb,pi_3IeHRMPptFd0EnsqO4WIY6fZ,in_1vFURa0uqeOEihUZQ96rJxci,cus_bp4y84vr4e97b6,100000,100000,0,eur,succeeded,1,0,,,card,visa,7512,7,2025,US,Subscription update,wei.young@novamark-clinics.example,txn_3joax27CqF05qgR2oYgskbZO,1707538556
ch_32M3AqSSXUut1E0rc1oBGfpx,pi_3D3Pfmzi4z6s9u7HLaRYXbil,in_1fCGTzuGLZjAkpTatq1io9XG,cus_wX42S2BFcQsEjP,200000,200000,0,eur,succeeded,1,0,,,card,mastercard,4127,2,2028,CA,Subscription creation,ben.adams@mailbox.example,txn_3uaNzjXp6dU5cmuTkmIooHgv,1707747969
ch_35heAo9VGphWPz2MyXOHkjSJ,pi_3XITZRAfsO5SXL9Mzb4zoscL,in_1Q9BtQfcWtruszxEJaNiCQxA,cus_mVGiVoXYI1zPHI,59900,59900,0,eur,succeeded,1,0,,,card,visa,5073,11,2027,CH,Subscription creation,thomas.muller@nordicstream-rf-consulting.example,txn_3Wfrfkcm7qkYlIAd4aKpcycO,1707824758
ch_3GRv4nf5cz5KjfeGWYAp3PWg,pi_3zdEbsj2eyH3rgNHscACDoDX,in_1Flg42SmUnZPZ5cLmFHUM0AU,cus_htCxChB7654vXQ,200000,200000,0,eur,succeeded,1,0,,,card,amex,2744,3,2028,US,Subscription creation,daniel.baker@silverbridge-telecom.example,txn_3jnMiac6KCqV9SFxqbfSXcXP,1707894267
ch_3QOoFDWXfHpet8Vp1jF1B4rY,pi_3AdUOEl8Rh4bRkaRCi8z43YC,in_11RVbMR4YhsdA0UvK65qt4pt,cus_u3xR7vh4lfAkOO,100000,100000,0,eur,succeeded,1,0,,,card,mastercard,0851,9,2028,NZ,Subscription creation,megan.martin@westmark-wireless.example,txn_3bu8hMBdayGExS2hQLUN3zwp,1707926424
ch_31lShpdZfgF9wyU82cvBWfum,pi_38rV1fP50OVnsQoKt6OOz3eW,in_1V8NR7aDmHvQfCDwC1vuat44,cus_TH1xWtOQpsGQew,100000,100000,0,eur,succeeded,1,0,,,card,mastercard,6360,1,2027,US,Subscription creation,kate.brown@vertexstream-wi-fi-solutions.example,txn_3EUKxc6yDAvxCecYvTUjFcfz,1707979155
ch_3UCgGC5hZv7dSPP6Nc0e2JNM,pi_3LVksb8i1zIfHTRQWN7Do9Yp,in_1r43JyivSF7u8dxmcLUsqTNA,cus_vG9aykSs587AQe,100000,100000,0,eur,succeeded,1,0,,,card,visa,0253,8,2025,IT,Subscription update,matteo.conti@conti-wireless-consulting.example,txn_3XRR7CHJfZbGVd4ue1GtsVJ2,1708159185
ch_3W1NT6CosEOmP1kw9M2HIBG2,pi_3FbT1prs4Za65wMJ9iuXovqC,in_1CXgyQukINLanMsu6OAQQff6,cus_F4dj0cYJMxJklO,200000,200000,0,eur,succeeded,1,0,,,card,mastercard,1184,10,2026,US,Subscription update,tom.scott@scott-wireless-consulting.example,txn_39aN0mPFBvwLpXy9mzGM65l3,1708168987
py_3mtbFzcxamNQ9f640JaLNcn9,pi_3Dq2J2Xa7QFYcn3x2cT9Yqtb,in_1wXHZMoqHn5MzVGeXtcArYTB,cus_JURXvkTkGTaIQA,119800,119800,0,eur,succeeded,1,0,,,bank_transfer,,,,,,Subscription update,kari.nieminen@stonestream-retail-group.example,txn_39DZyhUAuxNEFrLcMPxQFmN4,1708264948
ch_3qYiamzQh89uWIX1Qw3ldT1s,pi_3RJPZMqj0Rp5sf4fcGCnrrkk,in_1pBbhB9MlzyU2AOHa2s9TZ8o,cus_t4x2TQoIIXK3Ii,179700,179700,0,eur,succeeded,1,0,,,sepa_debit,,,,,,Subscription creation,mikkel.nilsson@orbitstream-technology-group.example,txn_3OcgmsTArDXNfgIWBomY0Sp0,1708346267
ch_3McqEqEqnLvybx6p18zTEcRu,pi_37PkLfcOKA6ZFZQxXeDCJZ1j,in_1xJSvrxUoPsDCVO7Flk67E19,cus_QhydgvN5Ctyeqx,100000,100000,0,eur,succeeded,1,0,,,card,visa,2911,2,2027,DE,Subscription creation,thomas.schneider@orbitpath-hotels.example,txn_3yqWtPfBmW3bhMqgAqqhAeS3,1708363067
ch_3Waxu0khu1fNFvXnQoiRkY9W,pi_3TT0yuN0nQ1ILdn3plRlxrl3,in_1LlqHOXb0C3Ok2O8y8eVaKtP,cus_oZwc7XA1tSGBiH,119800,119800,0,eur,succeeded,1,0,,,card,visa,3822,7,2025,GB,Subscription creation,steve.lee@stonecore-clinics.example,txn_3Jtx7SVwOnBAO9H7LLjoP3se,1708538945
ch_3nNcyw7hMXqX5Xge77d4thvW,pi_31NzwpJOOMqUjzPEDF6oltlN,in_1EprWFycHsZ4TkNsOUZ8XrIo,cus_bqE6HxqMhzPpk5,59900,59900,0,eur,succeeded,1,0,,,card,visa,2299,1,2026,SE,Subscription update,mikkel.holm@orbitpoint-schools.example,txn_3jQpp0bsw8XnvKJKoFyrqIfm,1708541120
ch_3OY9ausUmoxYTterCNtl8vMH,pi_3pCbLMQHm6mESxkRxjxfweKZ,in_1aj5vGmnEqzZhBnGRH2M7UEk,cus_UiZ3fY6MBONnZN,59900,59900,0,eur,succeeded,1,0,,,card,visa,4786,6,2026,CA,Subscription update,emily.mitchell@postbox.example,txn_3KY8lKboZG4ncNIpRFHQ6MZ2,1708589382
ch_3VEkpaD2GWDuxwabJuc1HQMP,pi_3pQnjuKJ0D529GIHbZ9V1vSC,in_1v1QvQq8PriZp6ntIrm16GR3,cus_zMqVYZayKTL2iK,200000,200000,0,eur,succeeded,1,0,,,sepa_debit,,,,,,Subscription creation,alvaro.fernandez@inbox.example,txn_3jNNjbEXyCnlEWH1yiaquWjv,1708617351
py_3bzrl9CwzA0Xp7TVda759N9n,pi_3IXFJVIDFHFYgJ0eSY454ksW,in_1xVyujWhYPeh69geUzZRFln5,cus_PQA4jUO1pmqzFl,200000,200000,0,eur,succeeded,1,0,,,bank_transfer,,,,,,Subscription creation,kate.baker@stonelink-wireless-engineering.example,txn_3xQ95hYSCA33U59PUnObXcGY,1708621232
ch_31MInMPvzveOZeccWDxcxNvf,pi_3SYqMwSWJ4n3vsnGG5hUjEmM,in_17ElhnVHGTjCeg3DLRefwo7b,cus_JSTAz0WNcUniEL,100000,100000,0,eur,succeeded,1,0,,,card,visa,2106,5,2027,AT,Subscription update,lukas.wolf@beaconlink-wi-fi-solutions.example,txn_3sBIeR7m8yIaX1s3cH5iOERY,1708793822
ch_3ifTa3Wat9OvD1VkwvaoDsYr,pi_3h74Na42PwuRiULBq7uYRvi8,in_1F3jjyRYMGtawK6Zo7hojLA9,cus_rSGTt7uuvZcxEx,59900,59900,0,eur,succeeded,1,0,,,card,visa,5418,11,2025,CH,Subscription update,sven.wolf@alpineview-rf-consulting.example,txn_34iEFVxOLv49De5Suzuz8OIq,1708803508
ch_3pKRKb6b2ukk7mXspKGw8BmN,pi_32AOuKpWGl5xfb74byHbW4HY,in_1WI8iOQOih79X1L5Vc3Ww6jO,cus_432x7NoHNZSqbI,59900,59900,0,eur,succeeded,1,0,,,card,visa,1016,10,2026,GB,Subscription update,michael.johnson@nordicport-wireless.example,txn_3bmsaHf2EoWYaO1r0PoKTLp0,1708804704
ch_3VoheyNZ6QYUiEERPvSR6Oyz,pi_3TgZiMKfIPG9spRe00pEH8IN,in_1abmcOwAhRESeEsj2Xxr6lyf,cus_JcHVDOfMmNymvd,100000,100000,0,eur,succeeded,1,0,,,card,mastercard,3105,6,2028,US,Subscription creation,emily.campbell@apexgate-rf-consulting.example,txn_3KgraiAPZLI0jAThL3omDbS0,1709185547
ch_3EmOkvzWY31G6D4XUDXQkHWv,pi_3SA1xmGEUEyynoFrwBfCrqj6,in_16ntS0L6DITP4Vo6BXjWCgRz,cus_eSqJ7ebb1ioLdt,59900,59900,0,eur,succeeded,1,0,,,card,visa,9689,9,2024,FR,Subscription update,claire.dubois@signalstream-logistics.example,txn_3VsYdSUhAPGgY2YERfi4fDDh,1709312836
ch_3hQxLcrjhoX3nDnwmRZ8LSvZ,pi_3PklvP8Bg5T2auJnaw0CaRpJ,in_1OzgJkGogveL3Z5Rspf8d7bJ,cus_QqzdvxmGjOVtgz,59900,59900,0,eur,succeeded,1,0,,,card,mastercard,8642,2,2027,US,Subscription creation,chris.carter@carter-network-services.example,txn_3VTjhuWwdB5f5cgvcJcEMT6F,1709325153
ch_3D2DEQXBCtIZP8y29aC4wilA,pi_3NIcf4pTg4KWwZwAe5St1msM,in_1T0sI08wMy6zCYrDQT7DcYgs,cus_kuNaoW6UsISkyi,100000,100000,0,eur,succeeded,1,0,,,card,visa,3853,12,2025,GB,Subscription creation,eric.miller@miller-wireless-consulting.example,txn_3olrPP4LzOQCE3POl25kERNy,1709389932
py_3OZzzalL8K9KwAnwAoGy1j8p,pi_3CmXfjPrQQRrHgY14PPRy2uD,in_1d5XfxNkpcXNSi7fVvWtNG0o,cus_guVEmEpZr2fDSM,200000,200000,0,eur,succeeded,1,0,,,bank_transfer,,,,,,Subscription creation,anna.ahonen@polarworks-media.example,txn_3niodOOmab5WkIuVEJRArJS0,1709420628
ch_3CSumoSiVYBH0JduNgIuJPJK,pi_37jDCpqMygU7oR1av0ZAC5vC,in_1DR0KXEBWTRB1QhQZMqD83tC,cus_IMQ2WlcwxifUqJ,59900,59900,0,eur,succeeded,1,0,,,card,visa,7399,7,2028,CH,Subscription creation,stefan.fischer@northpeak-industries.example,txn_3tvJ4D85EZQ1BSjvhiXSoTRk,1709465417
ch_3O0NfqpHeHpeReUJpPH5AJb4,pi_3oGaRVMjEb2OR1VfNGJoJISo,in_1dq6xSKeqSUbhrjzAOAqO9Hc,cus_6aBJgTreXFXeSi,59900,59900,0,eur,succeeded,1,0,,,card,visa,4895,5,2026,US,Subscription creation,jason.moore@lumenport-clinics.example,txn_3mFQ0vXEAYojjlzK5akZfdZL,1709555041
ch_3EJstckq2ko9DEbyLrWHa7Kb,pi_3BcMaR4G13FNpQ3XouvJO33X,in_1kQN64mjuJdehhd9JGBFz5HH,cus_sKDF0JAnq42Nmx,59900,0,0,eur,failed,0,0,card_declined,Your card was declined.,card,mastercard,9649,7,2025,FI,Subscription creation,katja.jarvinen@ironmark-communications.example,,1709650247
ch_31wKE9AOX1eToRAtoPi8bO3T,pi_3BcMaR4G13FNpQ3XouvJO33X,in_1kQN64mjuJdehhd9JGBFz5HH,cus_sKDF0JAnq42Nmx,59900,59900,0,eur,succeeded,1,0,,,card,mastercard,9649,7,2025,FI,Subscription creation,katja.jarvinen@ironmark-communications.example,txn_3sFPRpvQ6PpKHwzktH7Bx2ol,1709650509
ch_3D34TfVdXVxj02Qf2p0w3dLB,pi_3r7tJVgU2cAc3SbCPe8tdQD7,in_18zk3yZbuOIE4wsVXcZi7E6e,cus_OvWXsR4Ba4ihD0,59900,59900,0,eur,succeeded,1,0,,,card,visa,7956,3,2025,US,Subscription creation,jessica.kelly@silvercore-foods.example,txn_3mAWox9e8Zjpkoo56IVytGyp,1709753426
ch_3pc3cxlib79xAP4Cz4nR4a1W,pi_3IA0PB7RyOaGwrw6yfhlVRMx,in_1suzQMxrdMgQ2ebW4WIrsQAE,cus_PJAVUuYJfjNwbt,59900,59900,0,eur,succeeded,1,0,,,card,mastercard,0899,7,2025,US,Subscription update,laura.smith@smith-wireless-consulting.example,txn_3di5ukhSF9nAscVCscdV7D31,1709819537
ch_3UaEx9xI6cGLtfcDE8vH7MAB,pi_3VnUC1GwxDO8OGY0cqViMnyx,in_1zcHTWSyGaXCtbMyA4zvK89B,cus_vQw1lMVtbEmlgS,59900,59900,0,eur,succeeded,1,0,,,card,mastercard,3596,10,2024,DE,Subscription update,anja.weber@aurorastream-industries.example,txn_3Jdu7bVMDLVWXdjqBdv6hSPV,1709890992
ch_3EBRUhj3hFB2oWJzbzCfkHcs,pi_3U59J97aa9xnqjoghwDrG2fF,in_1gNBFaqEupEsqVNnZmP7rdjy,cus_ytHYemfs57w3yt,100000,100000,100000,eur,succeeded,1,1,,,card,visa,4381,7,2028,FI,Subscription creation,antti.lahtinen@pinefield-media.example,txn_3EBJwUIYPuWiYiQxrS8JGyWy,1709900340
ch_33QzvXMtbFv0QhFRkxwo3xFX,pi_3LjK6GRp3VlDYrymxDjnuxXI,in_1CXgHSQDcgBr4rNtIbfD56ls,cus_DlT1xQ0tqDt2h0,59900,59900,0,eur,succeeded,1,0,,,card,visa,5715,1,2025,GB,Subscription creation,carlos.miller@vertexstream-retail-group.example,txn_3b1uRobSTVcV3omsI7DEbyR3,1709928052
py_3UKb1XD2Nz8csjHCO6c3e8nW,pi_3EUwW0z0l1yqDqLiuvdo3lSK,in_16Ng5ytFvFDpfZD0jOR2hN02,cus_lonF6X0MrZYdDv,18000000,18000000,0,eur,succeeded,1,0,,,bank_transfer,,,,,,Subscription creation,accounts.payable@voltmark-fertigungstechnik.example,txn_3m2UUwljI1CrWuL2bCU8vGde,1709995897
ch_3p3SN29DoFfWqi8433NDJ6wS,pi_3PsipDjY7lCclhG4ZBoieydW,in_1tnx5CdGZc1h53Izmmnb4apV,cus_2qncUYrgVNHqYl,59900,59900,0,eur,succeeded,1,0,,,card,mastercard,5512,11,2025,FI,Subscription creation,lauri.heikkinen@northworks-media.example,txn_3tvZWmvrQD2BnwGUY37XsRqm,1710008281
ch_3q4v4mnFRgPoC8J9vRNNS9LG,pi_3XHlFGAtKjv9IkG8J1E2E6QO,in_1SzlF91DnSBFUarRdLWR9Bcy,cus_rObx6GpznD7rAf,100000,100000,0,eur,succeeded,1,0,,,card,visa,4925,7,2026,GB,Subscription update,megan.miller@miller-network-services.example,txn_3bJnOrVOr3lo5jeXlY0HG6i4,1710070606
ch_3XSZauvWMBJIKN6cnoknk7Hn,pi_3zDwSo4SqNFpZwSeWdMx2VDp,in_1KC2u2sAJQmqjLfkB95oLRbX,cus_1BA4wo8OpFa071,300000,300000,0,eur,succeeded,1,0,,,card,mastercard,3386,10,2026,GB,Subscription creation,andrew.harris@harris-wireless-consulting.example,txn_3q2ghFqlUerZDuAsxXAaLwF7,1710155979
ch_3X0cd0Y5UHLjhczcbDPZ85WB,pi_301YgWLB6kRJ83eOvyJqLWzt,in_1p3Vm49DQ1EyeO3iQupcYEEO,cus_6CLYJIQ7EFDce2,100000,100000,0,eur,succeeded,1,0,,,card,amex,9493,6,2025,US,Subscription creation,kate.adams@clearline-networks.example,txn_38K7HoGNo8Shzl3YZZzmG1ZP,1710228247
ch_34wV0k8xatVtZNm9K7CSGDT4,pi_3deWLzUvqu8Bg041eFI5Dw1j,in_1DktV5ja35tn6F8bSw01usij,cus_dlwzZ7SvYWdMTs,100000,100000,0,eur,succeeded,1,0,,,card,mastercard,4174,1,2027,US,Subscription creation,david.murphy@alpinemark-wi-fi-solutions.example,txn_3H6GxOVCXKBuXypgMhxGx7jA,1710246073
ch_3mMMRj2SMHMTWwr9bz9RjRGp,pi_3NWzvDHeyw5hU8UgJeHLrF4b,in_1UvecwDwX1XIfm62nBe7KMgE,cus_KCkxlTkCgcl7FL,100000,100000,0,eur,succeeded,1,0,,,card,visa,4537,11,2025,DE,Subscription creation,michael.braun@signalpeak-clinics.example,txn_3IPQF9nbbF4R2qFweYcjScBW,1710295168
ch_37cP9U2ZFMM3oKX4bf8tg0A0,pi_3B13Fgwl3Rxrjoxs1pddQp8n,in_1QU5lYQogwZWGC1LmBRIegVc,cus_yI3Gxds18UftyD,200000,200000,0,eur,succeeded,1,0,,,card,visa,9166,9,2025,IT,Subscription creation,luca.russo@russo-network-services.example,txn_351y4WVY10HkedfcNBXAJEiy,1710341870
ch_3m3jGSjDpUcppLv589SPGWRn,pi_32cl3xpUprOwVm0S9sJjE66T,in_1EMcLfJr4sx3QykZr3HI57Hv,cus_gpbrDwBSZRpUXW,200000,200000,0,eur,succeeded,1,0,,,card,visa,6990,8,2027,US,Subscription creation,laura.mitchell@pinelink-systems-integration.example,txn_3vukQJxJDVQBM5CPGhCCBnVh,1710402510
ch_3sSv9OXa1Gy0B5e2FDNrF6mw,pi_3ZySQJ0j7X1r3u2oEKCLH7Ra,in_199lo2qi1O0rSerPKnDNkd7y,cus_KezbhquDmFlGoU,100000,100000,0,eur,succeeded,1,0,,,card,mastercard,6578,1,2025,FR,Subscription update,guillaume.martin@alpinebridge-wi-fi-solutions.example,txn_3K5nXOAjE9KcbtPj8paZoCyf,1710580714
ch_3OptgWxs8KtMfcbGiAumzhiV,pi_3aBN4nGKHXq5n0I9UqOK245G,in_1cV1ABUQcsyjWHugoLRwnzbn,cus_WYpAUa2bB5BePB,59900,59900,0,eur,succeeded,1,0,,,card,amex,3420,10,2024,US,Subscription update,tom.brown@polarview-construction.example,txn_352AwbLRJtwOaeqfgUh8I4zb,1710767483
ch_3jyT6MHWfexBxKkhg8UNvNBk,pi_3ERhKsMPWPeloy3E8FMqTqg3,in_162ivnXf998HbkmEO7JTTcJJ,cus_H2fgmrQd6awxNm,100000,100000,0,eur,succeeded,1,0,,,card,visa,5127,3,2028,BE,Subscription creation,sanne.visser@apexport-networks.example,txn_3s8ecw9i3UTHqUKTxsdtUNDT,1710767682
ch_3hAtiTKGSe9CAoDuKulRTTMV,pi_3DGSIWQfgmD6ln07IzXlWaof,in_1E1PrabO1rOYr4IJyUJFOcab,cus_lw14HOXviRwsx2,59900,59900,0,eur,succeeded,1,0,,,card,amex,1772,1,2028,US,Subscription creation,tom.murphy@summitmark-rf-consulting.example,txn_3Rs51niRBt8hmrplEugg6T3D,1710835669
ch_3HSr3SHi7y60neg1RgLyxHXR,pi_36G1xmOhMJAfj7LAha3JPh9R,in_1Wh48EyDlPnqkXja47RXfktx,cus_QXRbR8NPH0eZ5D,59900,59900,0,eur,succeeded,1,0,,,card,mastercard,2356,5,2028,NZ,Subscription creation,ahmed.lewis@maplestream-wi-fi-solutions.example,txn_3aZtWQ1EimNcADaZCOyH5AWB,1710842857
ch_3UP47eT3Ll8I3n5rIsXzranB,pi_34J9MYPCXAOXCdZFSHucNVHV,in_1Cf5VSKDlPO0OxvEYyAtNgUr,cus_DdZl2AjG1pUZa7,59900,59900,0,eur,succeeded,1,0,,,card,mastercard,8804,5,2025,FI,Subscription update,sami.turunen@granitefield-construction.example,txn_3pR3Tgv0dX2hsUB1RXcF0Jw8,1710844035
py_3MJ5JWRZSluhXPkb7K2lf13N,pi_38cMMwTTyx2xzl5yNpfxoLoi,in_1Kzf5Xc02kvWVkICQLmBdQjC,cus_OE7DCHyXo4bw1r,119800,119800,0,eur,succeeded,1,0,,,bank_transfer,,,,,,Subscription update,bas.meijer@greenworks-foods.example,txn_3l3FVHiDEIOTWZbA0YOleGkl,1710893700
ch_3e3EiKB8F6WFDVfYPPofMAGj,pi_3nNw182zPGbAJL1l3uDJOk43,in_1fXeLgVun983FJsdvIrXWhdI,cus_Nb5efz71H5Nl3V,100000,100000,0,eur,succeeded,1,0,,,card,mastercard,3398,1,2026,FI,Subscription update,laura.salonen@clearstream-technology-group.example,txn_3B4nRBvHtxyIdQVfzLv8DUWO,1710920550
ch_39RIAhi8dyE3sRIJ4LvkeffH,pi_3OeVXQ9bE2H6ZZgsx7aabcL2,in_1z5k5QFshn0m3BxYlv08kdpz,cus_HQMgjEQQHUTDKq,59900,59900,0,eur,succeeded,1,0,,,card,visa,1009,1,2027,NL,Subscription creation,sanne.mulder@silvermark-warehousing.example,txn_355hBUy5kkOeJPfKaosOmApF,1711083890
ch_3yeCw5FlwtzOLNr6HPPpJAsg,pi_3NkeBSXGYNcR6mVhMuZXsgnF,in_1BQhnHbmJVcGCBgF6cq1Rdh4,cus_G09nlv2tURKnlV,100000,100000,0,eur,succeeded,1,0,,,card,visa,2446,10,2025,GB,Subscription creation,megan.thomas@beaconwave-managed-services.example,txn_3mrCYuk01vLhW6jW27agLArF,1711106791
ch_3LL4lbqLKE75paD7W2KRBwPG,pi_3uKK25GAuGUHOggpZcMYrcaD,in_1pI1NNsO3FqePsYwEC7GkXCq,cus_x6YNaRDIOQeRPZ,59900,59900,0,eur,succeeded,1,0,,,card,mastercard,0813,7,2027,CA,Subscription creation,jason.white@balticview-logistics.example,txn_3SkdTNEwtrZeqAOMMOw9UdQp,1711109284
ch_36QogEPTo7odu270KfDkMdPl,pi_3wDZzXU7N6mpDBdcfHWevII3,in_1eTHDbOhGFkPTFnsb2pVGYCq,cus_tSidqk6oS9yCj9,100000,0,0,eur,failed,0,0,card_declined,Your card was declined.,card,mastercard,8871,10,2024,DK,Subscription update,rasmus.pedersen@mailbox.example,,1711111299
ch_3QJn31OJR7QuQDdAkerz4A9s,pi_33er3yNmtvE0YtOmKBx3NIUX,in_11xaX5wd7BsjihTDWpTXRld0,cus_5qG4TymqioTp8B,119800,119800,0,eur,succeeded,1,0,,,card,amex,6274,5,2024,US,Subscription update,steve.kim@orbitmark-hotels.example,txn_3vSfM2p9c0tRryQK1q0XfMyo,1711118105
ch_3KtvwOUnux1szGR6NlTFz1RU,pi_3mmApEx985AcJiPj0OgyMDb4,in_1mUDMTt5T3tMP6HWq5c1du8H,cus_StowiAuq7qAlrl,300000,300000,0,eur,succeeded,1,0,,,card,mastercard,7120,11,2025,GB,Subscription creation,amanda.hall@graniteport-foods.example,txn_3iRTaUQCtC1N9yYL1TNzPWWU,1711203342
py_3Wr748vp8hfZEUQV9V7jEcLs,pi_3thYkpHoGjwoYYwvgMoqDD5q,in_1pUa110DiVF9SaQ4FFH0Z8gq,cus_Wfp7gzHtcf8lWW,200000,200000,0,eur,succeeded,1,0,,,bank_transfer,,,,,,Subscription creation,kevin.phillips@beaconport-warehousing.example,txn_34WQyIhJsNdi40CGE33quctM,1711268481
ch_3ophFKYgNsmGinrP9HMSHPuE,pi_3wDZzXU7N6mpDBdcfHWevII3,in_1eTHDbOhGFkPTFnsb2pVGYCq,cus_tSidqk6oS9yCj9,100000,0,0,eur,failed,0,0,card_declined,Your card was declined.,card,mastercard,8871,10,2024,DK,Subscription update,rasmus.pedersen@mailbox.example,,1711373679
py_39j1UHQy285exglMXSHhxHC1,pi_3Nh1hUeIu6SrfqmtEORsMhW3,in_1m3ZzFB1MoTXaHOCtSYO3dqa,cus_F5boQWGJIPc1eU,119800,119800,0,eur,succeeded,1,0,,,bank_transfer,,,,,,Subscription update,pieter.vandijk@beaconpoint-hotels.example,txn_3HWvAX6sBOOg31zbMcaBQplt,1711384481
ch_3GoTsu4vfFBGHe3QA6795rZl,pi_3YiNVSgQntfQHYObMTRezmAG,in_1hV6F64fDm4swxFDFYgX6EV0,cus_WVXKDS6qAWfcsa,100000,100000,0,eur,succeeded,1,0,,,card,mastercard,0621,10,2026,US,Subscription creation,michael.white@balticpath-wireless-engineering.example,txn_3iDBuNYUDNWBbipTzYAincp0,1711396044
ch_3pq4bAHP56NkjPvYQtnacnSZ,pi_3w7Xjl2SGn3KBlpfTAoxtLr4,in_1ic9zUQkzQVEsQh0sFac44va,cus_bBQujBoUZkvnPL,59900,59900,0,eur,succeeded,1,0,,,card,mastercard,6510,12,2025,US,Subscription creation,paul.davis@alpinepoint-networks.example,txn_3MvipJv1OxOAGVQSFNlIMGKv,1711601163
ch_3EnQsx1Ny1WnVsctcMbnWKGW,pi_34u8Pz3t4um8COqRqPjOABDA,in_1opa67jH5cloJw7ERBX6NACF,cus_YLCBItB1tPgRDi,100000,100000,0,eur,succeeded,1,0,,,card,visa,1871,5,2026,DE,Subscription creation,daniel.hoffmann@northport-networks.example,txn_3URiL6sp5B2d1oZQhfRzjFKH,1711647057
ch_3YG76k5Je6XPfYSxP1QYTjVZ,pi_3wDZzXU7N6mpDBdcfHWevII3,in_1eTHDbOhGFkPTFnsb2pVGYCq,cus_tSidqk6oS9yCj9,100000,0,0,eur,failed,0,0,card_declined,Your card was declined.,card,mastercard,8871,10,2024,DK,Subscription update,rasmus.pedersen@mailbox.example,,1711804899
py_3T7LQXQ5TyMevToncwyINM23,pi_3RSAKTMZciO5N3pC0L4t0c19,in_17JNOfBTf2lOIRBkxfKxVrBH,cus_XxoI1Guhgg5Gjo,179700,179700,0,eur,succeeded,1,0,,,bank_transfer,,,,,,Subscription update,megan.scott@westwave-systems-integration.example,txn_3ZtGVcLjmQnbx1qXLNRi1U7v,1711814159
ch_37XPMuXAlQsMmScdjw8sqHHz,pi_3tbIXhrtm33jtH2GWz79Rwwh,in_1Ifn6FVXq0ZKCyuBKlSh59oG,cus_NAACkjCiPPH4Fe,100000,100000,0,eur,succeeded,1,0,,,card,visa,8293,5,2026,GB,Subscription creation,rachel.evans@apexpath-rf-consulting.example,txn_3TwDR1WSE5BWZIhotsB5db7Z,1711888863
ch_3pNUpCVNTvKtOvh77Edf2a3f,pi_3Dy1qos2tmfo2DOKPpEe7eEt,in_1gwJv7ugCDssLUsXqQ07miw1,cus_4MERMw4gCtPIyQ,100000,100000,0,eur,succeeded,1,0,,,card,amex,2105,1,2027,US,Subscription creation,amanda.adams@westworks-properties.example,txn_3Qyu9cJfqSIq6CMrW0x0fTwt,1711987510
ch_3Ct2izgakEv4fNNFfjgSPe7G,pi_3IBar6lQNdMOkhJdVQJVUQ3P,in_1T9qNt0GAU9FBNeQQK1mtUPF,cus_PJ9xcSQSdNmAwy,100000,100000,0,eur,succeeded,1,0,,,card,mastercard,4960,1,2026,US,Subscription creation,priya.harris@vertexpath-communications.example,txn_3zdozRBmto1dD4B8FyX0yQSy,1712247348
py_3VXXjU7WPavdRL5fG81hy9uH,pi_3FgFiLHkXD5tEyRvJDm7t3KA,in_16F4P1I2PzzZdDg0HZxBHLod,cus_ZIil6tzf2pISHx,12100000,12100000,0,eur,succeeded,1,0,,,bank_transfer,,,,,,Subscription update,accounts.payable@kaarna-university-of-technology.example,txn_3h45AgwN4FzkuuZBWkekj6Dt,1712344527
ch_3po51WbJjhrLMzfddv01mbUB,pi_3qVofF56lTpKQPtUPEpYFONr,in_1r0hcvE10LsE3t1S0CzV1mk0,cus_KzSYsyWxuaaD9s,100000,100000,0,eur,succeeded,1,0,,,card,visa,3736,6,2024,CA,Subscription update,brian.martin@greenpeak-networks.example,txn_3RyPrnPPyFUV2Fu7RxWZ64yw,1712495311
ch_3T0aCTLA6yEPBExRDlMTUi8V,pi_3PTwXWxYHqPP80WbgFG9YwGQ,in_16eS9s1siZ6FdykMIsYLUCqs,cus_jniRjpAQXuxYSu,119800,119800,0,eur,succeeded,1,0,,,card,mastercard,4795,8,2026,US,Subscription creation,amanda.moore@northpoint-communications.example,txn_3b1Uyv0je08TprJmHL16DUVI,1712654100
ch_3cZe8KmxwKbbMgzZHzcCEn1x,pi_3HZdmbmnrqtFO5yU2BG05UD2,in_1uHcXptgFgI9A9N5ZzPkyvTp,cus_PIzMLGzhlnToQy,59900,59900,0,eur,succeeded,1,0,,,card,amex,0097,7,2026,AU,Subscription creation,josh.adams@lumenpeak-schools.example,txn_3h9Xs6S6DKvIH3XwJlyxPQHH,1712758094
ch_3q3uBxK4PMrSywOpRiZd4XLe,pi_3OJogdhBCGiazdrAk9T0tEFi,in_1PsAxazN0bwRHe6SOK3rNmw1,cus_WNrd314jaw9GWd,59900,59900,0,eur,succeeded,1,0,,,card,visa,4252,11,2028,AU,Subscription creation,john.jones@atlaspath-rf-consulting.example,txn_30M5TBGE4HgLhCkuHU165GdQ,1712766110
ch_3IHBkditljplEx2Yn2yeULHv,pi_3pN9H6AlM2nPVPHHZ8UCc1nX,in_1Ydo3JFFMt4tXuxhvaDgnWUw,cus_c0knIzERiKBsuy,100000,100000,0,eur,succeeded,1,0,,,card,visa,3213,2,2028,NL,Subscription creation,bram.vandenberg@novalink-construction.example,txn_3nMNKFoVNNQmMij01xk1trvo,1712849674
ch_3DXpoASUBg34RqnouauRxbPv,pi_3mbBzK3FLTA6v5dgzJdFnHgv,in_1Dm9KhzD9LTyN1fKiHUJJrBC,cus_nKhzXg3184V1EJ,100000,100000,0,eur,succeeded,1,0,,,card,mastercard,4598,8,2025,NZ,Subscription creation,chris.turner@northport-clinics.example,txn_3zD9YqFwhsVtgKtve8hf19qs,1712996910
ch_3p6N3aCMV9zpugxbwz9xRl9H,pi_3QyfON99uXRgdPuTjU4r3YU6,in_1ZQfg5JKF1okuLhQNn3UbmLE,cus_5neTUoUbKCe0NO,200000,200000,0,eur,succeeded,1,0,,,card,visa,1431,6,2025,CH,Subscription update,sven.zimmermann@cedarcore-wireless-engineering.example,txn_3vye8CHI6QdCFnocd1HWdWHG,1713124903
ch_3DM7v6vi6h325Y4UTKPS04De,pi_3OaYRT49AAkzapG8pP6l3a2C,in_1JWYDbZN6enJ0HTMYuZ1FbZY,cus_3Z8gs1RLUmjEr8,100000,100000,0,eur,succeeded,1,0,,,card,mastercard,2662,2,2027,BE,Subscription creation,daan.vandenberg@bluepath-communications.example,txn_35tPsbd6bQhbNleKBYCJjtyM,1713164213
ch_3h6lcf3sZj1m9P1wqL6bfZfO,pi_35LiPuQcD1PODurIMSnCmYBj,in_1UaAxmG0jpP0HCysq8Jg1dSm,cus_kXQ7PVRvjtmR2T,59900,59900,0,eur,succeeded,1,0,,,card,visa,7081,5,2025,FI,Subscription update,jukka.virtanen@virtanen-network-services.example,txn_3gfSZAEJwzwV9JOfGChdChxC,1713183322
ch_30cEbCqKTC0GZUKMe2cZs57j,pi_3IHduP6VrnYqfkgcQhnFG6BA,in_1c3GFwLMdHo7CgdmK5fj8pkR,cus_vGsK5n4JmkpQuM,100000,100000,0,eur,succeeded,1,0,,,card,visa,8015,8,2025,DK,Subscription creation,lars.strand@brightport-communications.example,txn_3c9HYkVepFm6t0aEwtiahD9i,1713192933
ch_3VToKSTVoxIpHpono8bgB9Bn,pi_39grNAuMRPs5TgGfG2XhjRXb,in_1eXSpJAeEUnVlziP5vqEeThE,cus_5gqq2S4W75JfcA,59900,59900,0,eur,succeeded,1,0,,,card,visa,3335,3,2026,US,Subscription creation,laura.young@atlaslink-networks.example,txn_3uE736FdWDXaycQ9oEWKOelV,1713379694
ch_3j4C4Xz4vRbzW4cyNHGuGljI,pi_3W5ZWDFeQxQ6NFZmN0msFWQ5,in_19v2XYDfS1ENbHVD95VOqvTR,cus_wolakT16vQSobM,59900,59900,0,eur,succeeded,1,0,,,sepa_debit,,,,,,Subscription creation,karin.pedersen@harborpoint-communications.example,txn_3ESKOiHFGFwsKnyPaj3MPt4Z,1713441149
ch_3zx9hjtI0KayMeOfy1HowfaG,pi_3J6Y6TB3CO6pm39VwL0SnJlM,in_1VQgMlW5DmCbkb6DdlDVrUBV,cus_skvD6rpeOtTTSE,179700,179700,0,eur,succeeded,1,0,,,card,amex,8068,7,2025,NL,Subscription creation,joost.deboer@de-boer-network-services.example,txn_3nSdwO7ajwylPfsq5Lb6LocQ,1713448808
ch_3uL7jxRrxoZrvTfh0mmogkm7,pi_3KDNf7aDQDv33K9dhaegHUml,in_1TyAdx0RTvwEVYw8DufZeuS4,cus_8CjjIbmjYP6zu2,100000,100000,0,eur,succeeded,1,0,,,card,visa,7262,7,2026,AT,Subscription creation,lena.hoffmann@postbox.example,txn_3ciDecBWKWi3dujPMe99ofKJ,1713450477
ch_3EjsACa0xHREBoCY0PPy1WGg,pi_3bNLnePHY4vZneRpAYdcMipC,in_10vnYCP0rQ7MnUp4nJlX6roN,cus_0SpAHsS68o9dMN,59900,59900,0,eur,succeeded,1,0,,,card,visa,0722,2,2026,DE,Subscription creation,julia.neumann@silverworks-wi-fi-solutions.example,txn_3LIg8gBjPDHIM5PZvC78YutK,1713471248
ch_3V1gsEPcP8CrUr6ZsoqjRlJy,pi_3PfOHBei561eHbCNOH2zySMx,in_1ykl3yb8GIUTpwAc8c7k9rQD,cus_gaASxEK9aSi6fb,59900,59900,0,eur,succeeded,1,0,,,card,visa,2523,11,2026,FR,Subscription creation,claire.lambert@atlaslink-networks.example,txn_3Ga27NHR22IDqlkPsJCYQvIZ,1713545258
ch_3dtiFsWUUqk8557qLWg0HWvh,pi_3ZjnV2hNxfZ1iB2oAKnVIz9l,in_1Vj3bb3d0wJvh6c0gfI1bdg0,cus_SZjkfVS0anqRiP,100000,100000,0,eur,succeeded,1,0,,,card,amex,2950,10,2027,US,Subscription update,jason.davis@alpineworks-construction.example,txn_3rTRBCC1ZPutKfRPBkU8SvsN,1713609126
ch_3y4SVZwycxv5kBMieg8Zolv4,pi_3qheOFDWGTKeL1FBmwIbhacb,in_1ANomvEKge7np3ZRVgEwW1kx,cus_exBCmsJV7fNLDU,100000,100000,0,eur,succeeded,1,0,,,card,mastercard,3413,7,2026,CH,Subscription update,anja.fischer@auroraport-wireless-engineering.example,txn_3nMYRJb82DqfBefJ56jjjqKh,1713623447
ch_3peY3kjKK4v07bOz2i0HOGvy,pi_3ODBFUExvfqVUNzQj1YRhDvn,in_1CS14wGHJvBd24JBCJ6Svvaq,cus_MPCMVTE8DO2C6I,100000,100000,0,eur,succeeded,1,0,,,card,mastercard,8871,8,2024,US,Subscription update,sarah.brown@orbitfield-telecom.example,txn_3BfjPfzUqQ8nMMMeG0Dd2RB3,1713623945
ch_39SiSNjSty3Es3RsY44L49L4,pi_34Pgu5rFdvg19mLJWSvufPZB,in_1hN4ct7gNRghKcBVmX1K3sfl,cus_yTLe9Ed3o8rY7y,59900,59900,0,eur,succeeded,1,0,,,card,visa,0413,5,2027,FI,Subscription update,sanna.kinnunen@postbox.example,txn_37dOOBYhXGE2kOWp1iwaajoR,1713638963
ch_3j6YeRi7fnHCEui7pIWfBJ4h,pi_3RKWPefhnJCObUjnSeW3sUrY,in_1W0jWhyJd4ijcL6vDYfoal46,cus_srEqQfzblkW41x,100000,100000,0,eur,succeeded,1,0,,,card,mastercard,6348,5,2028,US,Subscription creation,steve.baker@northview-wireless.example,txn_3alwW44yW2es08MqcC92xno0,1713756361
ch_3Un3rDhRJrRsb1WDIji5H1Ry,pi_3gltPbuvYj89qS21fyFjk0Dh,in_1yfuIH2tzbpPTUwGAkfLD9oG,cus_Km4WG9TsONQntD,239600,239600,0,eur,succeeded,1,0,,,card,visa,5220,6,2027,CA,Subscription update,amanda.davis@apexpeak-retail-group.example,txn_34duInXv0QhruTfG7mwPN5tU,1713829099
ch_3CDvPcnPDi3l07CgWReh1DRN,pi_32VbMGWWMUVxzmjTU9kfiMEt,in_1E2rV8U1QVKjB9KzF4HqFdyv,cus_kTWoKQnK4hQ6Y1,299500,299500,0,eur,succeeded,1,0,,,card,visa,3525,1,2026,GB,Subscription creation,ryan.thomas@lumenlink-wireless-engineering.example,txn_3TnIDcUCkbAq13v4LtbWuhvy,1713856293
ch_3AEFkytBpBE4tXPQHNSLxhdR,pi_3GjiUIzginbChKhjgZSdBuOn,in_10yhd7Mt4TXwjH5Kc6VaKvhK,cus_F1XOmstGPaNZej,59900,59900,0,eur,succeeded,1,0,,,card,mastercard,9911,11,2027,SE,Subscription update,karin.hansen@summitpath-communications.example,txn_3SGhjLsVqckOGjQCxo8ml9zS,1713944314
ch_3iG7cOF0xn3anz8QGyHAmvxa,pi_3DBZMDWByshnxzZJkkYGBWEO,in_1YANmbSUQZgtuXLcP6bRg7z2,cus_B8ZsaI6hxkjDIG,59900,59900,0,eur,succeeded,1,0,,,card,visa,3066,3,2028,GB,Subscription creation,brian.patel@patel-network-services.example,txn_35igKnKyPqixBWbBsdQhjmjQ,1713953679
ch_3ttIWqkmodJjO0buR88fdQjm,pi_3MqJNwFXA3hhqYCSK2qeeTdU,in_15FdZMbnkWN6zQ5L5GHc5506,cus_ftOrorqDDnVCVg,59900,59900,0,eur,succeeded,1,0,,,card,mastercard,9941,1,2027,AU,Subscription creation,rachel.baker@westpath-industries.example,txn_3aSQnJZGI4fdCFvtpPfGJ361,1713963595
ch_3aLGfPJY09XzfraEK9sbdhy7,pi_30pvE3hAnSw4zI4aB1c3gNbH,in_1ii8LP6SVajrhShSdx0TWJcH,cus_I6qan86bCV7qjj,119800,119800,0,eur,succeeded,1,0,,,card,visa,5343,12,2025,CA,Subscription update,daniel.carter@mapleworks-rf-consulting.example,txn_3biVts9vZaB9Ww7XqEg6mIJr,1714046932
ch_3YmY1DgakPUMveyjLkz1wuLL,pi_3y4tnQepc3MxxW4BeFE971KR,in_1IDyhTlBZyfiXBt07eyjzNNX,cus_dRaunPAM3G2wvr,59900,59900,0,eur,succeeded,1,0,,,card,mastercard,1735,6,2025,DK,Subscription creation,henrik.strand@stoneview-managed-services.example,txn_32sfmDZw5TtokYb74gRbV623,1714047825
ch_33RzTyM3mqpu5Cgst1dncnf7,pi_3BfgVO9OUHtYiar8tzwdKEn5,in_11AUR0WeTQhzf7PQpC8itlMd,cus_ASjFtZq26RjsFm,100000,100000,0,eur,succeeded,1,0,,,sepa_debit,,,,,,Subscription update,wouter.dejong@apexcore-foods.example,txn_3RcxEsnslalWjEgsnJjqIuFj,1714056855
ch_3TNIXhd2IOxiX34ENykjw3NM,pi_3FKcP2hm2bTpGvweNkIx4OYW,in_1PQDF7jAcrOI8Rs0GyO2TxBr,cus_1vTkhoxlV22ET9,59900,59900,0,eur,succeeded,1,0,,,card,mastercard,4215,10,2028,US,Subscription creation,brian.carter@stoneview-communications.example,txn_3BxhMugy4nlbhcZoI0Dc74f9,1714117225
ch_3VOoYSVzTOeZMWJ39b1zd80x,pi_3X4x1xUbdYHELDIz7SrZLoXO,in_1CUdGw3hSiuMQFiIQEYhuFeH,cus_4U3Y8SGkC9j2nE,100000,0,0,eur,failed,0,0,card_declined,Your card was declined.,card,mastercard,1249,12,2026,BE,Subscription creation,wouter.jansen@pinestream-clinics.example,,1714143694
ch_3OEp6KrEHCJhPGEhG8lnQiXb,pi_3X4x1xUbdYHELDIz7SrZLoXO,in_1CUdGw3hSiuMQFiIQEYhuFeH,cus_4U3Y8SGkC9j2nE,100000,100000,0,eur,succeeded,1,0,,,card,mastercard,1249,12,2026,BE,Subscription creation,wouter.jansen@pinestream-clinics.example,txn_3AietEOeLNl6v2rQT1WcvL9X,1714143986
ch_3PR9B01Hds54zxzoiwaPqn5X,pi_30X6Jn7JFPQ12R9Vfmqj3aHD,in_1bP37Q45oqQKtQXRLEtQ7mey,cus_usFobvZnmYnnLE,59900,59900,0,eur,succeeded,1,0,,,card,visa,5962,4,2028,IE,Subscription creation,paul.jackson@jackson-network-services.example,txn_3JOsQE40ZLLPl2vWmgjaN02S,1714174363
ch_3lSP0zFUpjYbM2FQJac71irG,pi_3ZQXZq6t5znylFTqJ8MdLiKW,in_1RWHZG8EchIIg4KAtiJrJCWj,cus_hb4zqF1Jof48xe,100000,100000,0,eur,succeeded,1,0,,,card,visa,9311,2,2028,ES,Subscription creation,laura.torres@brightstream-wi-fi-solutions.example,txn_3c6Sv1C6LMpq2z0RPMclV7JT,1714378271
ch_3zImTPQ1ctFKfJ1StTTDkDlu,pi_3MLJgH6cRrbjdyzbLGlIHeeH,in_1RlwtZDxYmLQeeZqW1IlX8Lo,cus_0Fh5igBo7wYoEH,119800,119800,0,eur,succeeded,1,0,,,card,visa,4390,12,2027,GB,Subscription creation,daniel.collins@pineline-communications.example,txn_3gkE4H73AG3KJ3rF2eNYq6CM,1714477282
ch_3GFQVEpLgFrQRfzuUGnb61IQ,pi_30i55dxBffw1zOMezzzlmsFh,in_12h6Vtkkl8KIwpd7UETEYoVX,cus_n6qM12eaGNSuu7,100000,100000,0,eur,succeeded,1,0,,,card,mastercard,0557,6,2026,NL,Subscription creation,ruben.peeters@stonepath-rf-consulting.example,txn_3w0UMEHbxteGIiTsIJ8fZWwT,1714482375
ch_3JT1QgWzk80rwTORjHREr4Zy,pi_3N3E4U80O5P1QNF3mCn3aEkF,in_1NOo6NzuuuAhuoUaXIvVab98,cus_iedf9YX9IcNbYU,100000,100000,0,eur,succeeded,1,0,,,card,amex,4413,4,2026,US,Subscription update,andrew.brown@brown-network-services.example,txn_3zslje2jpLFycm7oRafoJjYP,1714606078
ch_3fZSMkJlVCaXuEODa4uZUaAb,pi_3dJcqe4TlTvIwqhXdH4MnxMj,in_1Iiq1n83IzDOMQD3kCMV3hNN,cus_NLEpRd5cTmOwia,59900,59900,0,eur,succeeded,1,0,,,card,amex,5244,2,2028,FI,Subscription creation,riikka.lehtonen@silverpeak-schools.example,txn_30tHB59mPZIVj3NzJSLRTKuN,1714638324
ch_3oXh4Co6kGxu7K5Q9zcRlmsm,pi_3PiNsoWnj2sQkk82gXbvAE0p,in_1mE4oXssKEmXvD2rlmco4IBA,cus_UKG0BTr69F0BQ3,100000,0,0,eur,failed,0,0,expired_card,Your card has expired.,card,visa,9163,1,2024,IE,Subscription update,david.wright@wright-wireless-consulting.example,,1714722894
ch_3vcTqwQxhZdAblNLXsncpwyE,pi_3v0Wc7lca8T4rk4VXOogkGNd,in_1D594vH7Gr5fPApoB4Dq6m5L,cus_M4hDWsFdPWMbXk,100000,100000,0,eur,succeeded,1,0,,,card,amex,8649,10,2026,US,Subscription update,jason.scott@stonepoint-clinics.example,txn_3xIfvrQsB1aPig9W4vyCV8rk,1714724579
ch_36MKEcJtS5C6O6POUWTyYPen,pi_3FnZnAp4ob1k09jEM9vLUIby,in_1tL6g3eb07rFTn6Tkv66MTyS,cus_Zd5xX1Yh4gF3Jr,200000,0,0,eur,failed,0,0,card_declined,Your card was declined.,card,visa,3483,2,2028,DE,Subscription creation,anja.neumann@neumann-network-services.example,,1714738714
ch_3WSGoj2bwjzmHcW7Kb1nCeeX,pi_3FnZnAp4ob1k09jEM9vLUIby,in_1tL6g3eb07rFTn6Tkv66MTyS,cus_Zd5xX1Yh4gF3Jr,200000,200000,0,eur,succeeded,1,0,,,card,visa,3483,2,2028,DE,Subscription creation,anja.neumann@neumann-network-services.example,txn_3H8GaD0XgwSV85yC6GZpKZFe,1714738901
ch_34lzHLO4axW5CcMTir3ZZx09,pi_3s5mUW7bG4N9IaAoAHnfxE7W,in_1adJw30iilmHlgd5vaH6nkO8,cus_HtG6ImWHdUNx69,59900,59900,0,eur,succeeded,1,0,,,card,mastercard,8279,6,2025,FR,Subscription update,guillaume.laurent@summitlink-rf-consulting.example,txn_3Tj2gBIvm2bGTLwtPEkrPIKC,1714746111
ch_3TdyEVfv4c9DIb3yk7q5glkn,pi_3guC6ffckyv2p5HF3kWigaPV,in_1lNdEgjslUUc9S8TJQPT3Qi0,cus_OxYiYyhGxlRHDC,200000,200000,0,eur,succeeded,1,0,,,card,visa,8572,2,2025,US,Subscription update,james.young@young-wireless-consulting.example,txn_32eQCzC9HjuyLcOctFOMUNgn,1714754362
ch_3rMsKNZjKLBKyc6WhDHXGaAp,pi_36e6HFKhendynLFl16dNLA59,in_1la29QHaI5iubaoNlU2fzyyQ,cus_bWFOQQTuwgK27w,100000,100000,0,eur,succeeded,1,0,,,card,amex,9965,5,2027,US,Subscription creation,olivia.campbell@greengate-networks.example,txn_3TJKOcIJJ40REdIoiTq0lFnj,1714779584
ch_3uBXdPm51qoYGHaTfhUQSxH6,pi_3QgamAsRcClmKYl8GcFT4xEa,in_12m8hDQ2e380vs2n8QF5ZpXB,cus_asGOJyVnBTrscs,100000,100000,0,eur,succeeded,1,0,,,card,mastercard,1915,7,2024,AU,Subscription update,brian.murphy@murphy-network-services.example,txn_386zhUHvcRl815TcbATWBJKy,1714820801
ch_3QCY3OBqvrzhBghytTRjFtEG,pi_3rWjO2wwjRAvTkNrhxTCjl3i,in_1KsUXlcCHjhi6DE9oTENkTRL,cus_EvpgkM5M0YAZL3,59900,59900,0,eur,succeeded,1,0,,,card,visa,0504,9,2027,IE,Subscription update,daniel.davis@mailbox.example,txn_30l78DOffxsMfGOE4nKgFGpZ,1714826951
py_35GGOaiE0vQzI4rDEEbv22am,pi_3GFlj6q0haQqq8txNTwf7ZtX,in_1ATUQ0tDI93tRun11pL0c5iu,cus_B5PL2GX1od5LE8,200000,200000,0,eur,succeeded,1,0,,,bank_transfer,,,,,,Subscription creation,michael.thomas@ironport-retail-group.example,txn_3zhwNXqBFSu3au3yoVx1CMI2,1714976878
ch_3CLZCOE4GSNuF3NyWhrloZrq,pi_3PiNsoWnj2sQkk82gXbvAE0p,in_1mE4oXssKEmXvD2rlmco4IBA,cus_UKG0BTr69F0BQ3,100000,0,0,eur,failed,0,0,expired_card,Your card has expired.,card,visa,9163,1,2024,IE,Subscription update,david.wright@wright-wireless-consulting.example,,1714986774
ch_3S5JK3duNetewypjAabLRC8G,pi_3SDLlom1CHCHjhdup5UQZEEu,in_1CFY1QXYgh9KKzjDcbluFORf,cus_S4GryV9ynI3ajE,59900,0,0,eur,failed,0,0,expired_card,Your card has expired.,card,amex,8043,3,2024,GB,Subscription update,sarah.collins@postbox.example,,1714990252
ch_3MbWj6Snu5hvX7nn75pVgtvN,pi_38Vi91xycnEL8oFTy3fl7CpM,in_1QSpwUnfoDmb8CqtblF1QcB3,cus_N1IC0bRJlLcONc,100000,100000,0,eur,succeeded,1,0,,,sepa_debit,,,,,,Subscription update,tobias.klein@apexpath-telecom.example,txn_3pZQxpPC5Xk1qBAIjJ6VdYA6,1714994094
ch_31zlBXTBKLDdghO7FKw8uOzL,pi_3dVenRaCVzoQFDDIVIH5OEdk,in_1P5jvRhLsEaHis1QrVhCXuxr,cus_3h3LMSqYDHdY6P,100000,100000,0,eur,succeeded,1,0,,,card,visa,1356,11,2026,AU,Subscription creation,mark.young@novafield-properties.example,txn_3PCihpjoIz0pIl6Wr8NStndZ,1715009513
ch_3ABwDgs6XIbqfJyKgI3c0pFV,pi_3JaQeSA9bgYauzAiOe9OOc5r,in_1G4dMJ26JGPCiXy5PytUXtyl,cus_yKC2is8r0nMMGh,100000,100000,0,eur,succeeded,1,0,,,card,visa,8437,7,2026,DK,Subscription creation,kristian.dahl@graniteview-networks.example,txn_3njmGs6IZhBOFzW0LYlPNkcl,1715069706
ch_3q7bwtRHHFLPDkWpADWt5Tvj,pi_3SDLlom1CHCHjhdup5UQZEEu,in_1CFY1QXYgh9KKzjDcbluFORf,cus_S4GryV9ynI3ajE,59900,59900,0,eur,succeeded,1,0,,,card,amex,1437,7,2027,GB,Subscription update,sarah.collins@postbox.example,txn_3HgNNxTv8k5yqKPdbJtBBAH2,1715252872
ch_3uvlU8Z6Fh843I7Ugtt3Hi4j,pi_3P4HS75fhcM34wBHf5jGozO5,in_12l2PdGdJ3mPVIaDn4bAgq0h,cus_Js63orNGbMWh4W,300000,300000,0,eur,succeeded,1,0,,,card,visa,2531,2,2025,FI,Subscription creation,lauri.lahtinen@granitegate-telecom.example,txn_3pluZD9cSHsAd63UomMklrMc,1715259042
ch_3ryIwrwFG0Bao8X2PdIlJH78,pi_3OXZHG7XcWf0hBqQca4ueTFA,in_1KVUYGixRZi8duwuLqDE78ZF,cus_mj2A8J6FCk4X4p,100000,100000,0,eur,succeeded,1,0,,,card,visa,4981,1,2026,BE,Subscription creation,bas.jansen@novapoint-wireless.example,txn_36xXZkphMraV7375gsyUXN4x,1715260216
ch_3TFLC7ZtOlNVYTeetxZlcuLj,pi_3rbEOvYeUhY810FDDZAzd9wY,in_1EkiTyoEep2sUcPeueUySLF9,cus_dEkCghARmkBRfe,59900,59900,0,eur,succeeded,1,0,,,card,mastercard,0073,11,2028,SE,Subscription creation,karin.dahl@deltaview-clinics.example,txn_3qR7TAmW5wy70vLQXpeWEqkR,1715280088
ch_3qddP7V898l3JaV24P6GpL4S,pi_3mniroEWZesH1va0hajb86lK,in_1O9VRwcZXbIK6pzhesr4rl8v,cus_Oaet0GN59NIa43,100000,100000,0,eur,succeeded,1,0,,,card,mastercard,3849,10,2025,NL,Subscription update,koen.deboer@nordicpeak-wireless-engineering.example,txn_3htjrkvVD6zigIlS7Q3y3cAf,1715350618
ch_3mvsKz0mM2eLVMFf5Tdzdtc1,pi_3YZImUVIo7ZREcJXVvRKbjfB,in_1HxrYAj637K8Li9bL09OkOyI,cus_hNeXqhfPUtrP9n,100000,0,0,eur,failed,0,0,card_declined,Your card was declined.,card,visa,9964,12,2027,IT,Subscription creation,luca.esposito@westwave-properties.example,,1715375944
ch_3iBUx52wzqLmIYdSX8KvHhcU,pi_3YZImUVIo7ZREcJXVvRKbjfB,in_1HxrYAj637K8Li9bL09OkOyI,cus_hNeXqhfPUtrP9n,100000,100000,0,eur,succeeded,1,0,,,card,visa,9964,12,2027,IT,Subscription creation,luca.esposito@westwave-properties.example,txn_3Krm7LQeVBwB5oSSjSTFH9I3,1715376428
ch_3KshzoAYYw5xkgFyT18BoqVI,pi_3wOjhkR6e8JBlaUAK0TNhiYF,in_1vhrZEgnwtUNaSZevary0l8K,cus_YqLc2BmHzYnMVB,59900,59900,0,eur,succeeded,1,0,,,card,visa,5276,8,2026,US,Subscription update,andrew.roberts@vertexcore-communications.example,txn_3oDUzbvsr70lUWyLQT09fp8i,1715410080
ch_3g09K1ufn9zJm7WP50bsY1kJ,pi_3PiNsoWnj2sQkk82gXbvAE0p,in_1mE4oXssKEmXvD2rlmco4IBA,cus_UKG0BTr69F0BQ3,100000,0,0,eur,failed,0,0,expired_card,Your card has expired.,card,visa,9163,1,2024,IE,Subscription update,david.wright@wright-wireless-consulting.example,,1715415474
ch_3tRwXtpQg07VJQcGLkoNxaiN,pi_31le7q0PxPSHjNvZWSsYeCXp,in_1u0KqML7LHacAkBWGuvSdrOQ,cus_C5Ecyi0QqZi9aZ,100000,100000,0,eur,succeeded,1,0,,,card,mastercard,2576,5,2027,US,Subscription creation,olivia.green@green-network-services.example,txn_3fcogHk2d7hSPrZajVqk3zO3,1715592701
ch_3DA1avtI82AQG2fLlGO0Cbv3,pi_31e5tE4Co33HcCivwrBgZwS3,in_1ufnI22AudjncEXshPCkDSpz,cus_FNDMjDynT04PzL,59900,59900,0,eur,succeeded,1,0,,,card,visa,9956,9,2027,SE,Subscription update,mikkel.johansson@brightlink-logistics.example,txn_367rvzTRM8xT4pP7IG0odJYJ,1715627826
ch_3rp89Q1oQqvUeP8xgcBJvPx8,pi_3Vv3emJqwdqFBAp2lPuye1nv,in_1hQC6roSuop1n0PQKDIUrqAl,cus_QK7Hfmo1yhb3O9,300000,300000,0,eur,succeeded,1,0,,,card,mastercard,9061,3,2026,DE,Subscription update,florian.meyer@stoneview-technology-group.example,txn_3yV0cKI50hZJWAw59XJkADo1,1715763925
ch_3iI4bWxXyPgkhkh9XEyvjwCE,pi_3FYXq2W5KiUsDE3zIxj54wb6,in_1Fwj0k8G2WN1Y8BN8KNgVHJc,cus_Hc0cSYKF6im49h,119800,119800,0,eur,succeeded,1,0,,,card,visa,8638,4,2028,CH,Subscription creation,jan.fischer@bluemark-logistics.example,txn_3WIA3QQIsLjXBjq6rObseZDX,1715853039
ch_3HoEo41cDucQy21rHzSb6b3y,pi_3D5ygUNq8MBpHOLdWmdaWRoX,in_16jvmEQ8ex3Fd75fkGDldCY4,cus_pUKNSs8Le159Jz,59900,59900,0,eur,succeeded,1,0,,,card,visa,7141,12,2026,FI,Subscription creation,riikka.lahtinen@lahtinen-wireless-consulting.example,txn_3LDj57QBoSYIhkmYfnJ13Z94,1715960299
ch_36feyitNsc335bvX3XfV3VIF,pi_3cNSZ68biV4t3AILKUC4qS90,in_1QfataMGGL9PCZNJKHrPcmZB,cus_DhQw32jl9aOuN8,119800,119800,0,eur,succeeded,1,0,,,card,mastercard,9688,10,2025,US,Subscription update,raj.smith@crestbridge-networks.example,txn_3fcpLGyajKCz2SjDtDI0jghj,1716185001
ch_3vp0RNQK64jnW3NPqG8jai2S,pi_3whaKxKgFLPDvmjy2HpMufLA,in_1n8i7IMObizVuYXyvir7WjMy,cus_GgJsYc9EfdQ087,59900,59900,0,eur,succeeded,1,0,,,card,visa,7418,12,2027,US,Subscription creation,james.wright@ironport-industries.example,txn_3BcUYwYr9LyutOeFfYY2FOjr,1716294722
ch_3ZQ7jorvGnPrbv1MOA7X7ttq,pi_3qrkG8XpTdfjMSvZT820DmLz,in_1qvPfeveRYr7H73vDIHWweeA,cus_lRAqxNSaIyUxCy,100000,100000,0,eur,succeeded,1,0,,,card,mastercard,8205,2,2025,US,Subscription creation,megan.jones@stonefield-systems-integration.example,txn_3CbzonBbVI95wEUZlssxpjm6,1716335886
ch_3nJXIjQCrsBAuOCSandJ3oes,pi_36uaMWTBxoaXPNYReQCK4pVI,in_1lhEceBRdgYK3HHrpacGphVu,cus_NRgHCnhcGy8Jav,119800,119800,0,eur,succeeded,1,0,,,card,visa,5667,9,2027,CH,Subscription update,julia.hoffmann@aurorafield-networks.example,txn_3BQvPuqtv3MIj5rKHYRMgQcG,1716375910
ch_3nhWrTUXhAdMIhQizWRhN9oY,pi_39eCD6mDWgRKsA3Le1Ycm82H,in_1PMCZXyOI8Dw04OVCbJ3y3RL,cus_4dJjOqvslvIusB,59900,59900,0,eur,succeeded,1,0,,,card,mastercard,5996,3,2025,ES,Subscription creation,pablo.diaz@crestgate-properties.example,txn_3Upbbpune0SW84bIVeye5LjA,1716528075
ch_3X8sfUrDRIciQ1TUoQ34B07L,pi_3BNxsD38SC1ZgqIVKxRVgGPX,in_1MlhQghcD6Jcuvx3Zipeu7Cv,cus_DtkOsehto9w9B3,100000,100000,0,eur,succeeded,1,0,,,card,visa,6216,4,2025,US,Subscription update,rachel.clark@deltalink-rf-consulting.example,txn_3r4Gjm8tHeecfLhDtQvB975x,1716536143
ch_3bRkW4x3Yay6wyUvRvCavyzD,pi_35b0HfjWJpCAV2ZTkstvgiIq,in_1VGrDVtBTSFoNkPNISwcVL9H,cus_JIyuwUgUJ2ekxB,100000,0,0,eur,failed,0,0,card_declined,Your card was declined.,card,visa,0947,12,2025,US,Subscription update,daniel.martin@martin-network-services.example,,1716557220
ch_35VObSdel1xLtRQ6zGpemSF7,pi_3Dig9kuisR4QTigixicrocrQ,in_1xpPwcg5PIFqZH14ulfQpf4K,cus_KV3VvmKTHHujNM,100000,100000,0,eur,succeeded,1,0,,,card,visa,0088,12,2025,FI,Subscription update,anna.kinnunen@mapleline-properties.example,txn_3XYeTVZ3P13hhmRWQqYuNA5e,1716647154
ch_3FTr2eVnfqfwtCV7f1mwf7uP,pi_3NjtNWzs9Q5aBvjUNk6HOV4G,in_1RlqYN9dhJhCBbwvZJDFUk75,cus_cS7og8YBJCPb46,100000,100000,0,eur,succeeded,1,0,,,card,mastercard,8723,8,2026,US,Subscription update,eric.white@brightport-warehousing.example,txn_3Z9VORsMkWgJOOWUieE6d5St,1716709079
ch_3jIYm8MRXD70DGt6gcd3zpA3,pi_35b0HfjWJpCAV2ZTkstvgiIq,in_1VGrDVtBTSFoNkPNISwcVL9H,cus_JIyuwUgUJ2ekxB,100000,100000,0,eur,succeeded,1,0,,,card,visa,0947,12,2025,US,Subscription update,daniel.martin@martin-network-services.example,txn_38BiPD3CQKRc0dYBFpG5cSzN,1716820620
ch_3xHEbyNlx3rwxBd0RvFzcN3P,pi_3Qf7aIN9btl23YNblwoUxqnI,in_1HqDrX0F1EejLO0Q9RAhJY2I,cus_l4P12kUY1bEmAd,59900,59900,0,eur,succeeded,1,0,,,card,visa,5949,4,2028,US,Subscription creation,paul.green@inbox.example,txn_3geOsG6VVD8aXLXG0lvO2jEU,1716875401
ch_3o6JZTP1MwTGDoZgQAbSJdM4,pi_31V7Tt5jFLZzY53bnJiYfV6Y,in_11CdayhgkoqxDQRPchEJERG0,cus_7UM50WOcLMUjW9,100000,100000,0,eur,succeeded,1,0,,,card,visa,7702,10,2025,CA,Subscription creation,priya.thompson@alpinepeak-clinics.example,txn_3eXLQAI4vwSzRAHyg59jNiRR,1716890521
ch_3sZYmEgvvbLyMMOdsMl9JOoE,pi_3lfzqq0VtecLamGRE9Wp4cAF,in_1kfnsgKIk6TEbQrkcMwwn5UF,cus_4RLEhN1Q2R8ech,119800,119800,0,eur,succeeded,1,0,,,card,visa,9151,4,2027,SE,Subscription update,bjorn.berg@auroraline-technology-group.example,txn_3LqLWXGp8uUA5GZs9wPk4o3T,1716991969
ch_39ev8p0NsviSwWRZT3yFxJr7,pi_3W0DofuEyoITqglF60DYvBMJ,in_1vantpoK2UOytLf0kG9bN6ta,cus_ryEl2Wh5nB7xsB,100000,100000,0,eur,succeeded,1,0,,,card,mastercard,2867,3,2027,DE,Subscription update,julia.neumann@lumenview-networks.example,txn_377fz8ZQQWYpM9sOpxIc9UMy,1716999069
ch_3dLx32gca9w7zwIcdjYrH5Jr,pi_3FiKy1XmOPuiu7iJ9nc2oDrE,in_19DwT6UXiu8tkcQ6QkRcu0qV,cus_PzDl3QR07GCZLL,119800,119800,0,eur,succeeded,1,0,,,card,visa,5836,5,2025,SE,Subscription creation,kristian.eriksson@greenline-networks.example,txn_3dT6nLzEbisOQNZ696i47iYW,1717046561
ch_3hebPZe6lEYBbq49UdeBynwG,pi_3wASgMWRpZL0y3mY8BRRClxR,in_1wr2zxf3KWhYfI5HpCR4nEtQ,cus_r3C3ZPXWf72pXL,200000,200000,0,eur,succeeded,1,0,,,card,visa,9617,8,2025,SE,Subscription update,nils.karlsson@cedarfield-warehousing.example,txn_3ANZclnV8F8WeaqCU9PM5XVU,1717241736
ch_3d2aVtr4WFu0m0Mv60F3pKbO,pi_3HxrBffD6VUsvCLln6WO5r0g,in_10Nk8lblwoYaTCf5XoZxZFSZ,cus_rJg4yas33C1Jg0,59900,0,0,eur,failed,0,0,card_declined,Your card has insufficient funds.,card,visa,6470,9,2027,US,Subscription update,emily.turner@pinefield-hotels.example,,1717313457
ch_3avx8RRgBjq502HMW6U3HGua,pi_3nTaGh94u1C8eun6E7OizuxW,in_1h4iCNbeHKVHX9Inn08DtKIw,cus_u6i5Uc2OAHWbdJ,59900,59900,0,eur,succeeded,1,0,,,card,visa,2018,9,2026,US,Subscription creation,megan.thomas@bluepeak-construction.example,txn_3xMY2kU02T1KkQS6sBdv7XvX,1717414863
ch_3Jdms9XB5KwXKkv2Mt0Sv1eI,pi_3hKkWcS3LXUO6KnkK7z7hQVH,in_1lpac89jV3pTkoIOZfkWSLK3,cus_8xhjpADPSlptrk,119800,119800,0,eur,succeeded,1,0,,,sepa_debit,,,,,,Subscription creation,uwe.fischer@novawave-properties.example,txn_349sSHtv2YEgEA71meXQQrA8,1717417399
ch_3c9BEL9Xwfk0u6XjYrfseJur,pi_30ED432Qt58f78yOP0gFtSHf,in_1xXMzqmKSj9YCeq4PSdAc1Jh,cus_p3GMaxcbsbjLKf,100000,100000,0,eur,succeeded,1,0,,,card,mastercard,9739,5,2028,US,Subscription creation,laura.white@beaconlink-telecom.example,txn_3GRRSx9Nzh70SxCsMO92BMhp,1717418406
ch_3JEcRKEveOlwgFUjjes5NDB3,pi_341WQ9jyHfdFg4iHeNGM5WrW,in_1kbGhuQpmvRbIzZiIUgKnTu0,cus_OCeGfZZsSR0Avl,59900,0,0,eur,failed,0,0,card_declined,Your card was declined.,card,mastercard,8050,12,2026,GB,Subscription creation,ryan.lewis@apexfield-wi-fi-solutions.example,,1717495868
ch_36YXzRqW2pRTol8hkYGHkB8A,pi_341WQ9jyHfdFg4iHeNGM5WrW,in_1kbGhuQpmvRbIzZiIUgKnTu0,cus_OCeGfZZsSR0Avl,59900,59900,0,eur,succeeded,1,0,,,card,mastercard,8050,12,2026,GB,Subscription creation,ryan.lewis@apexfield-wi-fi-solutions.example,txn_3UQJEgXWbqZCQrLLAiUvcYxq,1717496212
ch_3uPEIKkycyCEIpLPcCcDLaLk,pi_30GrsVgrDE99dnzJzzGJNwpJ,in_1NRZCkt9AICLe2p1rzYjRMka,cus_1wfXRyaay6Dlm5,59900,59900,0,eur,succeeded,1,0,,,card,visa,2511,4,2026,CA,Subscription creation,kate.clark@silverview-industries.example,txn_3QCQvPoXlWg5K5JoLtSZ5nx4,1717498998
ch_3rsepAu1aN98NLCxb2oj4TOs,pi_3e4lERa6sZlZNmbuAofKm3L4,in_16LFRMzZtuMBuQvQQhnGFIam,cus_gIunrPIdcbu0id,100000,100000,0,eur,succeeded,1,0,,,card,visa,8584,12,2026,GB,Subscription creation,priya.smith@alpinepoint-systems-integration.example,txn_3O7e0bhXhCtYJGnw4tfMEBtv,1717534651
ch_3zPLPCUuw3R2usbQf1el8s9R,pi_3HxrBffD6VUsvCLln6WO5r0g,in_10Nk8lblwoYaTCf5XoZxZFSZ,cus_rJg4yas33C1Jg0,59900,0,0,eur,failed,0,0,card_declined,Your card has insufficient funds.,card,visa,6470,9,2027,US,Subscription update,emily.turner@pinefield-hotels.example,,1717574817
ch_32kkbQINygnsm54yf9ntDbdC,pi_3t2H8WDpAFRQ32KFhMIKbpMS,in_1f08e02YLeYs9ZJEU2w2f31t,cus_BuFAjA948ZGbp1,100000,100000,0,eur,succeeded,1,0,,,card,visa,7132,11,2026,US,Subscription update,raj.miller@crestmark-hotels.example,txn_3qeIx9tzb4oV7u2mlZ3BmexY,1717602219
ch_3pg71t22ZDVLC4VHLqxKpQHQ,pi_3EwZ359ZLzMveE9FMaXBXZEc,in_17mk7DZancHfofb2uwqQpXx3,cus_ThB95ndjsM75VI,100000,100000,0,eur,succeeded,1,0,,,card,visa,3939,7,2028,IT,Subscription creation,alessandro.russo@russo-wireless-consulting.example,txn_3n7mu4w75EmVNi19wXl3BSb6,1717664568
ch_3sA0ZXtrGdVGCX5k1k1q45ix,pi_37vERMg2zGc1HoWDUPpXJGlV,in_1FNTiVSG9EZ2QlOrOfLkbFam,cus_LLsmlozsrL34ff,100000,100000,0,eur,succeeded,1,0,,,card,visa,0006,5,2026,US,Subscription creation,priya.taylor@postbox.example,txn_3jIV319xxpdLDF9TDhwI76Vd,1717685999
ch_3PegaibBKzbQkSrvTguHgqVf,pi_33UpO0Ujb5GhOw76QmI049ta,in_1cQq9F9p8xfsqWHAPpZUgt9Q,cus_0M7HWYVoi8rjSs,59900,59900,0,eur,succeeded,1,0,,,sepa_debit,,,,,,Subscription update,maxime.lambert@lambert-wireless-consulting.example,txn_37ZA9xghC2NnqC5otP6TILRk,1717790120
ch_3KW53TNzj1pO2wEXtuB53M8i,pi_3H7CN4WuNLWk6oy1F9U3gbMT,in_1B1V7MiRs2VIqMw9N0tv3nhD,cus_VoffKjsxYq07uc,100000,100000,0,eur,succeeded,1,0,,,card,visa,8958,4,2026,FR,Subscription creation,laurent.lambert@maplelink-wi-fi-solutions.example,txn_3ckTR5hgZqdm843aZTPlZ4b5,1717871193
ch_3HyDUokxJZK3MxgxwMoQCgYi,pi_3HxrBffD6VUsvCLln6WO5r0g,in_10Nk8lblwoYaTCf5XoZxZFSZ,cus_rJg4yas33C1Jg0,59900,0,0,eur,failed,0,0,card_declined,Your card has insufficient funds.,card,visa,6470,9,2027,US,Subscription update,emily.turner@pinefield-hotels.example,,1718006097
ch_3vpqNcIyWC9GuCY5VDjgwhtp,pi_31CFhn7HDSzSPZ0OEcxX0TSA,in_11nE5Jp86Cm7aU3hbBBY3tvd,cus_XYhnlUKWpRx46u,59900,59900,0,eur,succeeded,1,0,,,card,amex,6237,10,2027,AU,Subscription creation,emily.adams@adams-wireless-consulting.example,txn_3cHp22mwaPSCxleaBHVnaKKW,1718040160
ch_3mycb3lcucnk58vX1hzoF0SX,pi_3VTiDxTLl5veXbM4NUQRCDGU,in_1VA4yacJSkYcylAAct31yvwl,cus_7UPmGFfGxKjlvr,119800,119800,0,eur,succeeded,1,0,,,sepa_debit,,,,,,Subscription creation,janne.hamalainen@balticmark-wireless.example,txn_3kqQ3rF2mSdtrpuKWcwwAx0A,1718107079
ch_3YSrVXd7Egibef2z9vZBwGQk,pi_3VLgBpVg7vs6jCKpmgq3yRD0,in_1QpPXP7Tp4JJkYxWr5ryHIuw,cus_DaVJO7367vGHwa,100000,100000,0,eur,succeeded,1,0,,,card,visa,7819,9,2026,DE,Subscription update,sabine.fischer@novawave-wi-fi-solutions.example,txn_3uI5aahcRV2gXrq2yKSO0hyc,1718111958
ch_34OJGGj8ULqVOzAU0hc1UL63,pi_3niDLLSFEP92jCzivl0PTYs2,in_1XxBB1BSgFn89tDMUSpC2nQS,cus_R74cmq8CbhNHxY,59900,59900,0,eur,succeeded,1,0,,,card,visa,6509,9,2027,US,Subscription creation,raj.phillips@silverview-communications.example,txn_32CHNKXH2rmTg7e7MEkeKBZ2,1718179803
ch_3ltcYBkldQdE6R7hmUA5Q8SP,pi_3yEVE3BCReOgGGFsE3trT4kK,in_14hLGl408Jl6xGt0zQOdxmQE,cus_RcHwUWpOBVrIFg,100000,100000,0,eur,succeeded,1,0,,,card,mastercard,8494,2,2026,IE,Subscription update,eric.davis@balticwave-wireless.example,txn_3Ivkrq2ywYvREzdSWbKJ4vQN,1718209142
ch_3r2DSiO8raWsh6V2jYW2aLos,pi_32tahbQNuggoIe5oNap2qaLo,in_1fbhjvth2NdbrnfXOvDnLHfQ,cus_WEieqEBWwdy9W0,100000,100000,0,eur,succeeded,1,0,,,card,visa,5727,12,2024,GB,Subscription update,rachel.kelly@vertexgate-rf-consulting.example,txn_3JCaRk0WWcqxt4zx3JxDQ2n2,1718301734
ch_3BejwWv9BdrYu6p5rmuUL9nT,pi_3j7uUbaYVPtFjHXZDRyoVEoM,in_1fGb8GTo8fAIr3sua48rbzbK,cus_KEcTY0vb7IfLaP,100000,100000,0,eur,succeeded,1,0,,,card,visa,7395,12,2025,US,Subscription update,raj.nelson@mailbox.example,txn_3Zx2TCDEQ7Pgi8ElD6RLSjBe,1718356227
ch_3t1MnDcgcm0wwfstWP8RPwT0,pi_3pEDRXrIemxM2ga4YpqwysKz,in_1wtPwlpFrjOgACcShEuCYZcg,cus_07RlaXYOAoUgw7,200000,200000,0,eur,succeeded,1,0,,,card,mastercard,4919,7,2027,US,Subscription update,priya.lee@northpath-technology-group.example,txn_38Gagr0syHEx4nSCUR2CFXD3,1718476366
py_3aNys450gZntqieQQVKT2DsJ,pi_32vcTbtjKHaxgV1gYmhXAMHY,in_1YmsM2GixfboDYZT3mRtThLJ,cus_0MAVJkryOBMs67,200000,200000,0,eur,succeeded,1,0,,,bank_transfer,,,,,,Subscription creation,nicole.adams@balticstream-managed-services.example,txn_3XEiNl6drN7ESottSg8q3Qtk,1718535423
py_3EgGwQfzAuXoSSq4Z6MX9itA,pi_3hPATWgU3rTFSSiCBFxyxb04,in_1TCcHKYlIZs6QGVUE1eJ51X0,cus_A1H7jCatgfPfqO,500000,500000,0,eur,succeeded,1,0,,,bank_transfer,,,,,,Subscription creation,jason.davis@polarpoint-managed-services.example,txn_3d6zymKV7J3UsX98Bja8BHmx,1718554120
ch_3ItrAppaVmFv1jrOfAvhIpNn,pi_3jFzDytfWuhvjodqNnOSYVcd,in_1zHsW1nq7c1SXVTuOsBtzTmZ,cus_3hM5mvNJ3PEPFl,100000,100000,0,eur,succeeded,1,0,,,card,visa,0411,3,2027,US,Subscription update,steve.adams@cedarpoint-it-solutions.example,txn_36ZU7KNHEv4h4Qm8CBDjgkUc,1718562582
ch_3qZBeVwFS1mgrvPNywMRog9F,pi_3VqEny3lBY4Bva4pABCtxQR5,in_1ykKnxzBTJO3AqO8SZpknYRD,cus_dRGwqmtxCQy8eJ,119800,119800,0,eur,succeeded,1,0,,,card,mastercard,3704,8,2025,SE,Subscription update,mikkel.jensen@stonemark-properties.example,txn_3tmxhCvvuWsZ6mHVhoZl4Lei,1718734489
ch_325qyTFTMWCtkZsT4SMPMwGY,pi_3M8xabBIt63QaCqBdA0bG5C2,in_1aFLsJAuixTmGJoCymRgB3gM,cus_nD1Pjov4vC6zJl,59900,59900,0,eur,succeeded,1,0,,,card,amex,6415,4,2027,US,Subscription creation,sarah.taylor@cedarcore-clinics.example,txn_38ln0vXlay3DuDQodJXJMtnx,1718790443
py_3NyhxgnUocygPJpjdu9idtOh,pi_3ESOYTHoGM3ywZ5URPhIfCHV,in_1AGaiqRMTq1EWG5dSsVs6I6h,cus_4S6jq9WqJfaBZM,300000,300000,0,eur,succeeded,1,0,,,bank_transfer,,,,,,Subscription creation,mats.jensen@greenpeak-it-solutions.example,txn_3ZCu7cqYssXBZu5g8whTZdJ9,1718827666
ch_3PDbMFrixfJ19DD7z2b9IIEl,pi_3jXX5K7jfW1gMWjz3W9e8Sb4,in_1LdZkSXKZHuIatGbewAFpdml,cus_rpPXCMpy47XL7M,100000,100000,0,eur,succeeded,1,0,,,card,visa,3174,1,2026,GB,Subscription creation,john.nelson@nelson-network-services.example,txn_3ovrWCufh0Y7yFiFuvGfSvPs,1718867880
ch_3JPVntlcT5xP5RwR9XwYHDGT,pi_39fS5CnE5uqqBqIvfWtww0zj,in_1erg1WPJ1L9QdQ81OQvv6wEA,cus_FMXhqwSbqLaD21,100000,100000,0,eur,succeeded,1,0,,,card,mastercard,7992,1,2025,FI,Subscription update,antti.heikkinen@clearlink-warehousing.example,txn_3N5V80e3UX81fZuLERY3sae1,1718948674
ch_3Y5n7OGaGXSUGl4h8JiiWOji,pi_3lzVqZjU523PhB6PF0KRfiSk,in_1xFWegvlT5AU8S8gc5NVvSLK,cus_SdnkUjYzVOiNvV,200000,200000,0,eur,succeeded,1,0,,,card,visa,1038,11,2024,CA,Subscription update,paul.miller@stonecore-wi-fi-solutions.example,txn_3XixC3vcNKk9c2EIY3liUTGR,1718967134
ch_36D3a6zknENj7GbbwPL16KST,pi_3M7J3gkSoStlg2KKd7pUn4MW,in_1F0LwtLCDFFzNF9KKFrKkKz0,cus_MO5rQXFzHf496x,100000,100000,0,eur,succeeded,1,0,,,card,visa,2676,8,2028,FI,Subscription creation,katja.heinonen@heinonen-wireless-consulting.example,txn_3faKigsZubjaHLFzOGeOu1R0,1719149069
ch_39lOTGCHdEzcekimgJD9rQTN,pi_35sOwuDMc3lDl3pktQpnBGRk,in_1u5JZTomOtFOMwLbcAZ8mefQ,cus_xw2RDb9rkGFQEi,100000,100000,0,eur,succeeded,1,0,,,card,visa,7202,3,2025,NZ,Subscription update,eric.murphy@murphy-network-services.example,txn_3MZaNtQ8qLdObrff8VOsXZ7N,1719161297
ch_3fZuwZUyrPjpMlYDCl3KlFyg,pi_3UkH0J69Yk7rFtO0GKjmF5N7,in_1rwrYPVM7pAIkok3yEirbFWX,cus_pH6T2OXWcxRVh0,100000,100000,0,eur,succeeded,1,0,,,card,mastercard,1046,2,2025,US,Subscription creation,kate.nguyen@westfield-clinics.example,txn_3LRV0uqNlNtev3CZrvtGfdNp,1719236146
ch_3Pg0s8dRvxCHNQpjioxXiwxg,pi_3BrcvdvNsrbAkTAmpxhxkq0o,in_1vKedBa9dm9HXu7fl3YeUglO,cus_eJYjLqfd47UEgL,100000,100000,0,eur,succeeded,1,0,,,card,visa,0348,9,2026,FI,Subscription creation,eero.salminen@orbitbridge-it-solutions.example,txn_3XyA3sUfwhAdA4aSPWbfPkyt,1719245168
ch_3DqDspzZtAXB4FHFn4b3DdVB,pi_3YiIV7aiDHeVA6MLzL5bmYMH,in_1GcFm45TNIPQIvEFgHcZlIj2,cus_jJk8KvWRPP5cRi,100000,100000,0,eur,succeeded,1,0,,,card,visa,5640,8,2026,DE,Subscription creation,anja.becker@harborwave-networks.example,txn_39bd3avbJsxwlsgm5fjt4pZD,1719258571
ch_3un7PEnLb8KK3AWDsn4QLS8L,pi_3xMzjYEVTWFSqw9f93uBzunZ,in_1VWNbvlZ8fLbs2nbv12yc2NP,cus_kJJWkdkiCPOS1T,59900,59900,0,eur,succeeded,1,0,,,card,visa,7337,2,2026,DE,Subscription update,markus.weber@mailbox.example,txn_39QwqvY0cH0I0FtC0qilt4jb,1719428678
ch_3mgBaGswiJbff4qo4hO9Hkkd,pi_3gbzkMUt5psNOgym2Li9TP5K,in_1F3BwDqWmqaJlplaF01ai8Nj,cus_hVp5cMQFDG1XOB,100000,100000,0,eur,succeeded,1,0,,,card,visa,9509,9,2026,FI,Subscription creation,heidi.ahonen@pinepoint-logistics.example,txn_3HEjZWMSKBW1OuYyaSLAXEmc,1719494403
ch_34s9kqR6kLLgpxY04wcVlW6r,pi_3qN4x74pXCGtF59LDMXHf8aF,in_1Ug2S7Yp3uR0eVAJ74kW4uAD,cus_cx4HuTMzLqRf5C,100000,100000,0,eur,succeeded,1,0,,,card,visa,2961,7,2027,CH,Subscription creation,tobias.neumann@silvermark-wireless.example,txn_32pk44IzbsgHLyESJdiUpTC6,1719589836
ch_3HTGLkJLZxVt1G7mavs1fh1Y,pi_3JxBqjM4OJ8s0CfkCZdEVRR6,in_1rJrmjgVSTPukfya7UP7799T,cus_baPBhZBgXLmXnA,100000,100000,0,eur,succeeded,1,0,,,card,mastercard,4729,3,2027,DK,Subscription update,sara.sorensen@granitepoint-wireless.example,txn_3qVJxPKtmnZP3YArC6pZ1KHs,1719641007
ch_3L7z5JpEKunFLOMm1go3qVB8,pi_3shTYC4F0V37r4URQoYBbVAf,in_1QGHKbc9JjS5Rnd23er3KEGN,cus_m7P0RI4NjwiLrj,100000,100000,0,eur,succeeded,1,0,,,card,amex,2012,5,2025,US,Subscription creation,david.thomas@inbox.example,txn_3m8EEh4wVu2wpcTfcuriZ37z,1719808707
ch_3IMCX8F63EJDMSUA8yFBLEhi,pi_3rzwRc1IF3O9t9KRilb3KkQd,in_1RcOxYDQ42HRbf3khj16TGx9,cus_FUpEnC8kKKXjOu,119800,119800,0,eur,succeeded,1,0,,,card,mastercard,2070,9,2027,US,Subscription creation,john.phillips@maplebridge-logistics.example,txn_3vSkU6GAIAy3YEtC0jaYa6jH,1719819424
ch_3XN1c4ugEmpV9otgJevAJkvj,pi_39batKkoihyfp3ZabebLAB9d,in_1HYuLtBW1Fe7n0TRVepMmbHL,cus_gevA4s0yRpDEjk,119800,119800,0,eur,succeeded,1,0,,,card,mastercard,2500,8,2027,GB,Subscription update,raj.mitchell@apexline-rf-consulting.example,txn_3KbMUJLqMo6quovrwPRFDIIH,1719827260
ch_3on8SuxR7966Hae7iIlF1ln3,pi_3VCpt4LhwnDnv1rxmJrGg4AT,in_1PYp5kWbepPcMaZg4qzDX0gH,cus_CiKKXuyg5QBnwo,59900,59900,0,eur,succeeded,1,0,,,sepa_debit,,,,,,Subscription creation,katharina.koch@deltastream-wireless.example,txn_3waFI7eIWzfFFSBB27996A9r,1719852597
ch_3j87KrTgL5q1X8BTcRaFJ2rE,pi_3pmJ1fqND8hZX7FSFu64343h,in_13nH7A1J2m98Zm91FzKaKE1h,cus_EZJZhTHoVEQUCx,100000,100000,0,eur,succeeded,1,0,,,card,mastercard,9608,5,2028,NL,Subscription creation,femke.dekker@dekker-wireless-consulting.example,txn_3lVrsRQc5ARwTvKY9RiCvfNZ,1719866671
ch_3miEEO1MfWDcGAIHUqLC59xV,pi_3IV0hL8jaZkpCAeaat9UeE2x,in_1UbJ2GXnQSNKRDVI8iAp1k8T,cus_ZyHkMQGZ2KjA9I,100000,100000,0,eur,succeeded,1,0,,,card,mastercard,6824,1,2025,GB,Subscription creation,ryan.johnson@brightmark-systems-integration.example,txn_3bmn9QzdWzIDHkb5oxWdGUEC,1719948280
ch_3wyhKlrG0dm8UYF1NkeifBYH,pi_38lEAhQ8BxdjM91MBfRiEVOv,in_1uobU0e0M7OVw2JyM7pbJCXJ,cus_Me4JyynDJ7k3iP,100000,100000,0,eur,succeeded,1,0,,,card,visa,7992,12,2025,DE,Subscription creation,matthias.weber@pinelink-construction.example,txn_3xj6zqEGcu4n26hQlNE8K7N6,1720093900
ch_352lh68ME4WJRfChROEe7rGK,pi_3870FpYpsQAGVpQGvKG3F43t,in_1cw38hkdX7HUe4Fw0Hj3pHUx,cus_Lj3TrqLqWjrpWv,100000,100000,0,eur,succeeded,1,0,,,card,visa,7006,10,2027,US,Subscription creation,priya.white@balticgate-properties.example,txn_364e6pS3clR2zBzi3KASnfTe,1720177313
ch_3o69WJ2LdI3etxEwADNjmEE6,pi_3w9AD4S46DfsOGWq8n5QQKBC,in_1zIethELjanbei98WDWlrkPR,cus_Qc1S8VRGHAAtvg,100000,100000,0,eur,succeeded,1,0,,,card,visa,3710,9,2027,DE,Subscription update,sabine.hoffmann@balticbridge-networks.example,txn_3GgXuWx26SvhEULO12ujXmlH,1720286671
ch_3wh2UbhiBANwbWB5IHteQPnn,pi_3fo5vGWX2jrhVjxRdKHmIjfU,in_1oUGAuRgMMh8tE0vaomhAmYg,cus_jTvHPkKKRwFEyO,100000,100000,0,eur,succeeded,1,0,,,card,visa,8261,6,2028,DE,Subscription creation,christian.zimmermann@crestpoint-wi-fi-solutions.example,txn_3QoNUkl4JH3VztcFTFdHNltC,1720339212
ch_3mDtbP76AJw2hq584NggZBKo,pi_3jf1tyB4twXWEJDGlXePG6uw,in_1V5alNR7aSCCrdTfLuK0OEl6,cus_NmTUx6PnLNQXzA,100000,100000,0,eur,succeeded,1,0,,,card,visa,3054,4,2027,US,Subscription creation,raj.walker@signalline-rf-consulting.example,txn_3Fn9rra45is0NeqqTmuXitZw,1720365089
ch_3DkmYust9Bs6TKa7rHZsZbUz,pi_3U8ibfAUL7Etautsp5Ep2OTt,in_12SXJlhQrWG00qwKQDVY81zg,cus_PAZBxLJs5Au4yd,59900,59900,0,eur,succeeded,1,0,,,card,visa,3676,6,2028,DE,Subscription update,daniel.hartmann@maplepeak-managed-services.example,txn_3J8w3g33SghEJ3wdazMP7W3V,1720436540
ch_3j3dnNdFdOCaq8iFkyncMOom,pi_3i3lbFhY8NWE4xBxylWNRICB,in_1wYasprWYvBNKNiH9zp238z2,cus_YD1kYd6gf4q7Sv,119800,119800,0,eur,succeeded,1,0,,,card,mastercard,2744,5,2026,US,Subscription update,sarah.collins@beaconview-it-solutions.example,txn_3J4K2hB6Dpfeke1j7oomJTYD,1720456819
ch_3C9uWkmcFyboo8iP0yOF5Ooo,pi_3UL161n6kp44nyA75A3UViKF,in_1ceZbP5KA16SnST38IPoanKG,cus_vuMQJ7I9VQNfGu,300000,300000,0,eur,succeeded,1,0,,,card,mastercard,9135,2,2025,DE,Subscription creation,christian.schneider@nordicfield-industries.example,txn_3JUz1uwycQ6FTh0TWtPTlI2A,1720531202
ch_3K9QkvZVXwauBnBMGW0kn6cx,pi_3K4sDCUxmBt9qSJ2pVDyVTLD,in_1zhpInQjv8WjbM2yl62magzc,cus_w6dStbZIqW9LCL,100000,100000,0,eur,succeeded,1,0,,,card,visa,4521,3,2026,DE,Subscription update,dirk.schmidt@lumenpath-communications.example,txn_37zXFCfRAz5IehT5hN5wraLk,1720682087
ch_3X12IpLWM2f39UeXPCENUpPy,pi_3DrF9K0BoJbFMUtkOKVp8sq7,in_1Bx3QfTk18wlQ1XFM0GHu1g5,cus_rQInNYJ1I38UOu,59900,59900,59900,eur,succeeded,1,1,,,card,mastercard,6568,8,2025,ES,Subscription creation,marta.fernandez@beaconmark-logistics.example,txn_3ohWmWTGIWc9kNOYTW9sQPVA,1720778615
ch_35gScyItYCfahdg8QOSKYsDd,pi_3dJVdMDYxegQj4eccy2E1AMk,in_18QqLm3wEdqtLAAbL0zbfqwE,cus_YvjUjdBX19Bg09,100000,100000,0,eur,succeeded,1,0,,,card,mastercard,2807,8,2025,ES,Subscription creation,sergio.navarro@signalport-communications.example,txn_3TJ47H7TlBDLjTB4saapqKLO,1720788357
ch_3vRSkmWPiD8FgEFTVj8uX9lA,pi_3OSLYg796cNl45e40qvAHjy0,in_1YG5XBOhkEnj1wlW7M8fKVdI,cus_kXDAiS1GsacOLn,100000,100000,0,eur,succeeded,1,0,,,card,amex,5618,5,2028,AT,Subscription creation,thomas.klein@mailbox.example,txn_3HHZcoP4l0dtN0MuZlNgqVqA,1720805896
ch_3qao2Z251FV4123GoDsAL3tR,pi_31M61HYbSUuBPD2x7HYGMQp3,in_1boviC2vZuunjOSDF07b5eoK,cus_pb39soT9D0Hwo9,59900,59900,0,eur,succeeded,1,0,,,card,visa,7146,4,2026,DK,Subscription creation,karin.nygaard@nordicport-wireless.example,txn_3QKHH1g7dY03NU88Zw0ChJcu,1720884337
ch_3W5sBNvb0ZLLyEJodIV2ctQk,pi_3oeQMmZoSobdmnKEASOyySea,in_1HjDbi3aseqTww64rmlIjiKa,cus_4dBapx1c6dDx4f,100000,0,0,eur,failed,0,0,expired_card,Your card has expired.,card,visa,2102,1,2024,CA,Subscription update,robert.patel@patel-wireless-consulting.example,,1720948170
ch_3CfdRqQGSaUQnvcULRv3r26g,pi_3ACrhe4KaCK9ToX2U1KMgzs8,in_1lRXeIDsjh8HYc48BJzdAPOW,cus_081lkHSwMK5fQt,100000,100000,0,eur,succeeded,1,0,,,card,mastercard,0065,8,2025,ES,Subscription update,maria.moreno@moreno-network-services.example,txn_3lQcPWXu7HJ1gCPWqzOnw0Xi,1720958150
ch_3hkpgNyMYlJvqEuHtek8CjaM,pi_3g7TAAjFzh7PtkmtBJu2Mg76,in_1oruM7DGpVahlBmQia0O1eXk,cus_c0LZHSLGfY0rqD,59900,59900,0,eur,succeeded,1,0,,,card,mastercard,8013,12,2027,GB,Subscription creation,josh.thomas@cedarview-hotels.example,txn_3NTMbfu6qjrbsxOkwk91At26,1721044412
py_38RGf3ETYAYfy3THVV7stfnW,pi_38po9W6MKP7Gp87g8JqA6jv1,in_16GXeD5cBNegJN53tq9zMgPS,cus_qXM60vxq4SAGbD,119800,119800,0,eur,succeeded,1,0,,,bank_transfer,,,,,,Subscription creation,jason.thompson@greenworks-warehousing.example,txn_36rVCjT1UxzY6HhVVLxyKTIn,1721078761
ch_3B998l9Iej2vwCFZqMiptSro,pi_3g9lUMClv8ItxF64FmTDuCw1,in_1pKH5sY2urQmWQOe1nuiiKLL,cus_zy6HuKbAGlhYJ4,59900,59900,0,eur,succeeded,1,0,,,sepa_debit,,,,,,Subscription update,maria.navarro@nordicfield-communications.example,txn_3eDDBeQ47Hmd0UAR1bsjh0Zf,1721168881
ch_3SglP0vr89DxrQU8oxKw1Ow0,pi_3BoDHoD8UgeGdAx5uOgw7ijQ,in_1oyyxJ599FkAU9KPPHNptz36,cus_M4GJZKhGDZcDmM,100000,100000,0,eur,succeeded,1,0,,,card,mastercard,5770,8,2027,DE,Subscription creation,tobias.schmidt@brightfield-networks.example,txn_3YSoDF74YCqDieRa7tLwqqPY,1721172723
ch_3YzJWyd07x2NNx2c7JRoNXZc,pi_3oeQMmZoSobdmnKEASOyySea,in_1HjDbi3aseqTww64rmlIjiKa,cus_4dBapx1c6dDx4f,100000,100000,0,eur,succeeded,1,0,,,card,visa,1111,12,2026,CA,Subscription update,robert.patel@patel-wireless-consulting.example,txn_3mPODKkd8POC9S31EYG2uoSU,1721208210
ch_3HVPxpk4xE7duRef1isLpU6e,pi_3HBm5ePiuR3wyiVgbJYCJmld,in_1LHSZlKOsR2njWEkIqCehCWs,cus_py4Izph3CBcDQp,100000,100000,0,eur,succeeded,1,0,,,card,mastercard,3935,12,2028,GB,Subscription creation,laura.mitchell@postbox.example,txn_33AtcyPgjNCDyifWT9T4rshe,1721292076
ch_3UvIoUez2pOpwCn4huQy3N7W,pi_3v4CbhKrR0A5OFFJxgPQu49k,in_17TrLscUpyS4zxJlc8IzTtuT,cus_DzlzFmaWq7GAtQ,59900,59900,0,eur,succeeded,1,0,,,card,mastercard,8829,10,2024,GB,Subscription update,laura.carter@carter-network-services.example,txn_3aLOglpj0oPS48sHuCBYF0I2,1721296251
ch_3TSPjeSKTNNbhdQqkKq00aFA,pi_3Wx3wBcsApyfdtqlTC1SoDHn,in_11BUjIekeGAD9gjIzxWkSnGb,cus_x03B5JvJvPLGZ0,100000,100000,0,eur,succeeded,1,0,,,card,visa,4040,2,2026,US,Subscription creation,josh.nguyen@apexpeak-technology-group.example,txn_3kaCReenUew2aM0bN6F9fqSO,1721308878
ch_3ILUZmlX1wcTpNm9stNvsHL7,pi_3TTNzTB98xX9kjUrS5Iyi3we,in_1UoC7xtFMraOiLk5qBjhWkSa,cus_WhJVwQk8JGaIwK,59900,59900,0,eur,succeeded,1,0,,,card,visa,8354,1,2026,US,Subscription creation,sarah.collins@summitlink-hotels.example,txn_38VRyA5Xyh0Ti7qRc6EimNgJ,1721379062
ch_3EqlgySVZATmoSZvqMyT8uHv,pi_3yXTvH2wvBDBq37p6t23O7mq,in_1OgkArY0c0SfDleLgV81kWay,cus_ouOoPSXuPcNIbx,59900,59900,0,eur,succeeded,1,0,,,card,mastercard,4102,1,2027,DE,Subscription creation,katharina.neumann@deltamark-wireless.example,txn_3LzcCkRq7PC7OD60ZrGQWiUM,1721388843
ch_3ZV6SMdtZ93kvYj7wNS662Bm,pi_3HZ1N9GhB5sj0FPCch0ywi0u,in_1AyXh3bZcKSJBgV3twlH5LBA,cus_yjw5vXcPOgnMha,59900,59900,0,eur,succeeded,1,0,,,card,mastercard,6602,5,2027,BE,Subscription update,maarten.peeters@apexport-communications.example,txn_3VYUhnnfdnqz1wqMhhfvTFLc,1721470770
py_3ln2xYKfyQucc4q9g68uT7R5,pi_3EabwHX44SkTp0lp9PEJZRVu,in_1mwzgnI6cfoZZ65K4AFOtRsz,cus_915iwJ7tAyXx2O,119800,119800,0,eur,succeeded,1,0,,,bank_transfer,,,,,,Subscription update,ryan.kelly@stonepoint-systems-integration.example,txn_36WJdtHZIMfWEOxmtjiPwF5r,1721553630
py_3ramgfCnpS0MXB7knhvXBJpm,pi_3ageo9oDweMdNkv84Slu3LzT,in_1X1w7aA1bmsQobWAFN5S8Thz,cus_xmEwXprgCr3QJX,12400000,12400000,0,eur,succeeded,1,0,,,bank_transfer,,,,,,Subscription creation,accounts.payable@costa-lucera-hotels--resorts.example,txn_3z6OW5f5i1ZUC8hJ9PhS3pU8,1721663099
ch_3KYHToqOOmH0e1QmPpU931RB,pi_3GzDHeCzzoZlUZrhCfMxTsEM,in_11qrXLKT80kDepik5d2xQydn,cus_7QUjGcufpSjsGe,59900,59900,0,eur,succeeded,1,0,,,card,mastercard,8953,1,2027,CH,Subscription update,julia.schneider@atlaswave-hotels.example,txn_3N28kMJFFIbEvtKsWN9GG53P,1721724149
ch_3sixsKj4fX3n2RMSny44uYMG,pi_3CbFvslDus5OS3YLyhRH6Clx,in_1rp8KpXYTHY1Iv6B4wtUhEIt,cus_hGBK02A0FPMH2Y,100000,100000,0,eur,succeeded,1,0,,,card,amex,0139,4,2028,US,Subscription creation,david.roberts@aurorabridge-rf-consulting.example,txn_3YWCohktMT39GL8Ftr2obJv7,1721917887
ch_3S5j1AIAHIIA02ZDUgA6GsZv,pi_3pIDd2KjFyVj5v67sENES63a,in_1It0wQQzEXTobXOCHBzRWXyE,cus_7WDOkcLGKa5pa8,59900,59900,0,eur,succeeded,1,0,,,card,visa,4820,6,2026,DK,Subscription update,ingrid.dahl@balticstream-properties.example,txn_30cMFiObjpcmwDZKMZXKYAig,1721984505
ch_3T9NYuQBn2VSB53Zdz5IeeBP,pi_3WXSIeSBGmIhU6a8KPZQaYHD,in_12YvA63kFKlUyx2cbGYduQwO,cus_TtnVUMZvaDhemA,100000,100000,0,eur,succeeded,1,0,,,card,visa,0235,11,2025,US,Subscription update,ahmed.clark@clark-network-services.example,txn_3NuV86BszsqAtsSOwJdwiDmA,1722011933
ch_3cdQuL5q3ijTxTQMhgYBTD2k,pi_3t4ivrbMIj7GdUURjcAGyS7q,in_1O2kEw77pv07TFCfdjhqhviq,cus_W7jDuNX4F7cz0D,59900,59900,0,eur,succeeded,1,0,,,card,visa,4907,5,2026,US,Subscription update,nicole.martin@novagate-rf-consulting.example,txn_3T7vAEXWI07OexT6VQiNvOkq,1722056792
ch_3dkoJ7JNhsLqBYLJaz87wBoX,pi_3n7MiFQeS6UZNPifGItOZN3J,in_1NpH9qGeCCueqF7sT8864ktP,cus_VD8mjjKUT5Fl5m,100000,100000,0,eur,succeeded,1,0,,,card,visa,2271,7,2028,US,Subscription creation,paul.mitchell@lumenbridge-rf-consulting.example,txn_3xRXjFGZl5x0zsJqmTSUrZSb,1722080951
ch_3CJtgZoz8mn7fy9UBZFT1p9Z,pi_3586GRd09WH2Msm9YMkWZoVE,in_19sVvmP63O2z9Uqq7uZCXmEp,cus_FpiD40BuxcaVKb,100000,100000,0,eur,succeeded,1,0,,,card,mastercard,6498,2,2027,US,Subscription update,megan.young@silvergate-networks.example,txn_3ejoaoZtUzMlMQIe0GHjJJN5,1722082309
ch_3MRqJGYigFf4Q7yLhdMqIk2C,pi_3JOtaBK1yJaCsqCN7uoamf6k,in_190leGCL9x3xPYE95cmdGKCe,cus_UPHvP6qdoVJ3Tr,100000,100000,0,eur,succeeded,1,0,,,card,visa,9299,8,2025,US,Subscription update,carlos.carter@atlasport-wireless.example,txn_3LqRaBA8pzLGGwL6pcM5thKQ,1722417620
ch_3XJc1xllSnuwilQ2LFo8kMqV,pi_3prP7ivEKk4kyF8UR1V4ZcQO,in_1TmEePnIXD9NLaGMcwHTNTNQ,cus_eh2Jif1WpxNcyN,100000,100000,0,eur,succeeded,1,0,,,card,mastercard,0900,6,2028,ES,Subscription creation,pablo.ruiz@crestport-wi-fi-solutions.example,txn_3AkzJZcvsQCmLfsYovTwMtX3,1722511697
ch_320J8vqNHCd9oQsPAitaJvZU,pi_321TsyJzRAC52cM4nixbkIv5,in_1SoQY85itHC7U3aRKWRfpwXQ,cus_BOknNNeQuDvAsi,179700,179700,0,eur,succeeded,1,0,,,card,mastercard,4673,11,2028,BE,Subscription update,bas.vandijk@brightpoint-schools.example,txn_3QE7RPfbFkMTz8hB0gdVKFZw,1722616527
ch_3mEeg7EeGSSJbtnbDTzUEe3X,pi_365fhJGuPnWsIosMxJREZpxJ,in_1Dxs9ABw3phvHqW3d6ia3axc,cus_34b6bW8wpmHPEh,59900,59900,0,eur,succeeded,1,0,,,card,visa,6686,1,2025,US,Subscription update,chris.taylor@vertexpeak-networks.example,txn_31I8ZtbbWkrHEmIJoX1A2xaD,1722657275
ch_3FGDiFdsq2SYxzqPRpP4Z97d,pi_3r3Fe2URIkNH9XQ8PltDRKsW,in_1GZQmTDgrneEDZST2TpVjT10,cus_sjWtufXShxHYkf,59900,59900,0,eur,succeeded,1,0,,,card,visa,2974,3,2027,FI,Subscription creation,antti.korhonen@korhonen-network-services.example,txn_3JbTVelvwKsPXF7HPCc5cK37,1722769906
ch_3DVCEKaLfz8FxHRkWPoMHNMU,pi_3T8C6sk3lwFtk338AXjULpGt,in_1WBh56dy5xb1hRmAeiGP2MLW,cus_TH9NR5h8NVGixi,100000,100000,0,eur,succeeded,1,0,,,card,mastercard,8515,8,2024,US,Subscription update,ben.lewis@alpinebridge-communications.example,txn_3UuVKvcdKqpndLY3X2xG6b9V,1722780567
ch_3SYsA2i85asAMajm72fvlnMK,pi_3BuEbMaRFfbTblH6TvFrtBqM,in_1qa7yXusR40FaHVirSi0xfEg,cus_pHoRxpXmneLgBg,100000,100000,0,eur,succeeded,1,0,,,card,visa,8151,4,2027,SE,Subscription update,soren.sorensen@sorensen-network-services.example,txn_3YcFMqIzaPieWblaHYA1oI4x,1722871359
ch_3rIV22GoT9t6zZZ1i316xIXS,pi_3NU7RwqHOsSvjx8ock4TZs3c,in_1mON3iBmZeDEyI8PxipZixIS,cus_DLgds1OAi4vy6F,59900,59900,0,eur,succeeded,1,0,,,card,mastercard,4999,11,2028,US,Subscription creation,john.anderson@crestgate-logistics.example,txn_3HIcKqNuJ8KLF0ggkdKbqeSP,1722881079
ch_3xYCkDRoJIHKqMPxw6bkONTJ,pi_3WBh5d4lBHWHgpxS9oclYPo5,in_1pf7nncBwfloTN2cWdRFuir8,cus_57pWztfwVwBLrr,100000,100000,0,eur,succeeded,1,0,,,card,mastercard,4634,12,2028,GB,Subscription creation,chris.collins@clearpeak-wi-fi-solutions.example,txn_3C92H5Zy6m9pRghj4IdoltPb,1722953840
ch_30HalDo2iNVE4A7a6wAgckNg,pi_3JMRkAidz3me1md9QvlemHzB,in_1QFk35jwfKBS1bI3mXNO0L7p,cus_aGOsX3rwPRdIJV,200000,200000,0,eur,succeeded,1,0,,,card,visa,7845,6,2026,FI,Subscription update,sami.ahonen@mailbox.example,txn_3QGQHQHt8Qmdu87sfUgc1cqa,1723032738
ch_3CYfyke8NGbxqlEfFLrbD7Mr,pi_3fXEjMwsM0twwKgzk4OkqtzU,in_1uURmNMRfQkHHNMgxaoyBER4,cus_a5y3L8adwvLfvd,59900,59900,0,eur,succeeded,1,0,,,card,amex,3397,1,2027,US,Subscription creation,robert.campbell@westline-wi-fi-solutions.example,txn_3oAQRtoZDxOb1ouI7GXPWYIb,1723104744
ch_3TDfLBUerLJaFEhBDth0rJ2D,pi_3XSHfQJx2Zn5LW0r8KA9dg2J,in_1N0UCdFvoPaSDFKtvWuBg9MA,cus_Mnctr9hf0I0HBo,100000,100000,0,eur,succeeded,1,0,,,card,mastercard,1182,4,2028,DK,Subscription creation,jonas.johansson@alpinecore-wi-fi-solutions.example,txn_32aKy5uGgqYDe5XjS3BZnhiL,1723130737
ch_3vjGzWABDlMPiwUaOCDtbDRL,pi_39Cnf9Pv6ba4OFvBbG1CbY8d,in_1WSQOkqpOhXeM7imCEj0qH0F,cus_xmDjCT9AHjdUdS,100000,100000,0,eur,succeeded,1,0,,,card,amex,9039,5,2026,US,Subscription creation,james.turner@westline-wi-fi-solutions.example,txn_3JSJ3cG2mfQJ9e4WNCdG9m1c,1723169222
ch_3xxx460GE5aZYxX2dt4da1sj,pi_3WITFxyZXr19mi1R0iEzzM8w,in_1MwyP41F7celhSa0jSZS4ihH,cus_MWlcWuvspbqmRy,100000,0,0,eur,failed,0,0,expired_card,Your card has expired.,card,visa,0388,6,2024,CA,Subscription update,emily.kelly@apexbridge-wi-fi-solutions.example,,1723212606
ch_3LT39I0mT6EBgYd6FOnpSR4m,pi_3CeX67GoaUjz6o0SBixGUMo4,in_1DkzycWLozlji5cQkjkQgVAb,cus_mgwGfUN2b7cEtX,100000,100000,0,eur,succeeded,1,0,,,card,visa,6009,10,2025,GB,Subscription creation,sarah.kim@alpinewave-rf-consulting.example,txn_3Zglyxu8G7l0wUNOjuZV6vZW,1723215362
ch_3ydvLZ1SyPyv6YuIKFzp4EUg,pi_3KpREutu3NvZ08MEjSaOMSfG,in_1tY2KzcJ1mdDDROzBmNEaBqW,cus_JifHdobXtNQslI,59900,59900,0,eur,succeeded,1,0,,,card,mastercard,9674,10,2026,IT,Subscription creation,simone.romano@northgate-construction.example,txn_3DnjCoLTshp1dHPIFIuDu7rs,1723457092
ch_3MVgWx9yBggt0vPvtn1PwOZ3,pi_3WITFxyZXr19mi1R0iEzzM8w,in_1MwyP41F7celhSa0jSZS4ihH,cus_MWlcWuvspbqmRy,100000,0,0,eur,failed,0,0,expired_card,Your card has expired.,card,visa,0388,6,2024,CA,Subscription update,emily.kelly@apexbridge-wi-fi-solutions.example,,1723474086
ch_3ajUeu0xRv0ox7GqxVODLj0X,pi_3uhuHxSue29G5VDbyXXH4Gtx,in_1KWgXJkdI92WWOSXipQvnruQ,cus_mVGiVoXYI1zPHI,59900,59900,0,eur,succeeded,1,0,,,card,visa,5073,11,2027,CH,Subscription update,thomas.muller@nordicstream-rf-consulting.example,txn_3tbUgXrQBgkg7sY00sEXb5tr,1723549558
ch_3UukAXo9bQkUDNMBGffLzYn5,pi_3YEytOOdFz5Ahe2LSXbfNWxd,in_1gkQRATO164gApFUPP8v2nnz,cus_uPXRKpZhe5GoRG,200000,200000,0,eur,succeeded,1,0,,,card,visa,3864,4,2028,US,Subscription creation,emily.taylor@greenpoint-wireless-engineering.example,txn_3a6ws1LvnYjgiDd4ILZqBkBc,1723727844
ch_3zh8QDKzN3VUw8J9WAGX3Vci,pi_3pwstb2TtwV6TMjmbr77V4cf,in_1o5YAfLMh58QqvSXMDdzKvcN,cus_nAZNh1i2zLbcmR,100000,100000,0,eur,succeeded,1,0,,,sepa_debit,,,,,,Subscription creation,sanne.bos@signalpath-media.example,txn_3U8IGbBUVsu10dmPpyP925lc,1723737760
ch_32p6uTpvtSwbLMFOK3mWV0kI,pi_3e8mPzo6nkxDvv9zKUlMuN7y,in_1KCeuEXJ6uS3C3P5yATkCmVV,cus_asI9GKvhZCUzNY,200000,200000,0,eur,succeeded,1,0,,,card,visa,9914,5,2026,DE,Subscription creation,lukas.neumann@balticline-communications.example,txn_3hNbe0OWOydaq7yeDWYzkAN7,1723820503
py_3Qa6jFTXWtQqVCwos9nPsFAR,pi_3hnTjSdM4gXXVKObHlwmdEGP,in_1wSm7ke1T4FEGwAAFXDBsJ1s,cus_JURXvkTkGTaIQA,119800,119800,0,eur,succeeded,1,0,,,bank_transfer,,,,,,Subscription update,kari.nieminen@stonestream-retail-group.example,txn_3xnf0XP3EuIKvZLRZfVBGBqN,1723843168
ch_3d8IX80TB4lNMxExu6cEt7H5,pi_3KYHJ8kzVFHaDN3nodTlVnnj,in_19jn83U8AV8FwhhZeMt2NmeT,cus_FORUi5uuekYQiW,119800,119800,0,eur,succeeded,1,0,,,sepa_debit,,,,,,Subscription creation,lena.schneider@signalgate-wireless.example,txn_3x6zFuApaDcmfIdpDmPWcTEA,1723893877
ch_3gDh9D1cebB1eP24oCs2thGx,pi_3WITFxyZXr19mi1R0iEzzM8w,in_1MwyP41F7celhSa0jSZS4ihH,cus_MWlcWuvspbqmRy,100000,0,0,eur,failed,0,0,expired_card,Your card has expired.,card,visa,0388,6,2024,CA,Subscription update,emily.kelly@apexbridge-wi-fi-solutions.example,,1723904766
ch_34ghC32jQe2QZCoHMJHpCphj,pi_3rQKkZjtnjeJvaFCFn4UBhbI,in_19UMlyO0aI0Ly89aFwzqYjGL,cus_t4x2TQoIIXK3Ii,179700,179700,0,eur,succeeded,1,0,,,sepa_debit,,,,,,Subscription update,mikkel.nilsson@orbitstream-technology-group.example,txn_3pSX05AqYNFSRzNTq52Tf6iN,1724071067
ch_3htMzQ7Cmo1ayJ8Tgbxz9QnT,pi_3JcQThXeavKqocfvItM1l46y,in_1cQQ0hCoNS3RFKhjcoxpzGO3,cus_oZwc7XA1tSGBiH,200000,0,0,eur,failed,0,0,card_declined,Your card was declined.,card,visa,3822,7,2025,GB,Subscription update,steve.lee@stonecore-clinics.example,,1724263745
ch_3S9g2Pf1ehdnIDpHWYzYUCx3,pi_3UStvNI04OAjdJf8RBQWWqZN,in_1qLeSF8R5cUha8WLKiA4rnLV,cus_bqE6HxqMhzPpk5,59900,59900,0,eur,succeeded,1,0,,,card,visa,2299,1,2026,SE,Subscription update,mikkel.holm@orbitpoint-schools.example,txn_3xMfjMs6YBS6765dZBSHBX8s,1724265920
ch_37pi4XYKv3iLfNppop8uOSHt,pi_3kbIOoh00L59ECQi3nQUp24I,in_1QcKWN7TNedqg2cOVEVHBxVg,cus_UiZ3fY6MBONnZN,59900,59900,0,eur,succeeded,1,0,,,card,visa,4786,6,2026,CA,Subscription update,emily.mitchell@postbox.example,txn_3GrjPQC7MYbpj3yAV33vW9lz,1724314182
ch_32Mf8LKzACuErtJGKYcTcSNE,pi_3oWjuxjEaOx4p2kHlryudFnS,in_12Vlsu9j3P6YR0rQCVTXAQzn,cus_FlpKwAkmnQpiZH,119800,119800,0,eur,succeeded,1,0,,,card,mastercard,9283,5,2025,SE,Subscription creation,johan.sorensen@novafield-it-solutions.example,txn_38rb6EuvEMiqLKHcZ8fZWCDh,1724314485
ch_38Tgyjd4bKflY0N8K6OTa49R,pi_34oQT8sBilhkOvbJ2Nf75qPT,in_1HLPyjkTsDm36ZSWgrEelSY5,cus_iLrEBlXrFA5EUE,59900,59900,0,eur,succeeded,1,0,,,card,visa,0418,12,2027,US,Subscription creation,nicole.mitchell@mitchell-wireless-consulting.example,txn_3YiJy11h3dCfATCV7KNIoFcQ,1724353592
ch_3e0uMGJoyRfQRYXUvcxiwx0G,pi_3Eqc43fjXe4GqQ9lZJmrjHAf,in_1PtAP8zMaxJ3WQXpouNE5tmI,cus_zSZrz4lEXSelgU,100000,100000,0,eur,succeeded,1,0,,,card,mastercard,9459,2,2028,IE,Subscription creation,jason.clark@mailbox.example,txn_3JGt6oghUkLU0XNdoEfonf7k,1724355281
ch_3fkjYs0JpuyzhxQJs8D0eZBL,pi_3ZdFUsM7WHoNH5FkbTFCA6zb,in_1KfdtllncJEdOEYCM3bKll0x,cus_hzump6QrkLDId3,100000,0,0,eur,failed,0,0,card_declined,Your card was declined.,card,amex,0141,10,2028,US,Subscription creation,james.green@northpoint-wi-fi-solutions.example,,1724416217
ch_3KahNpgZ6Ts932kpa6bcZFma,pi_3ZdFUsM7WHoNH5FkbTFCA6zb,in_1KfdtllncJEdOEYCM3bKll0x,cus_hzump6QrkLDId3,100000,100000,0,eur,succeeded,1,0,,,card,amex,0141,10,2028,US,Subscription creation,james.green@northpoint-wi-fi-solutions.example,txn_3lPPzZ1ocxLRTJW9El702L8B,1724416594
ch_3dbGjmM734VfDVXY7VKc3V4E,pi_3JcQThXeavKqocfvItM1l46y,in_1cQQ0hCoNS3RFKhjcoxpzGO3,cus_oZwc7XA1tSGBiH,200000,200000,0,eur,succeeded,1,0,,,card,visa,3822,7,2025,GB,Subscription update,steve.lee@stonecore-clinics.example,txn_3KLOAg9k5IHXRiaitOilpp3f,1724527925
ch_3WovaGWheYa8tolCEdenuhDy,pi_3V7sl3J8efJCgDuqdj4do23z,in_1MWyry1nZhH1VzyiRCUekjYZ,cus_rSGTt7uuvZcxEx,119800,119800,0,eur,succeeded,1,0,,,card,visa,5418,11,2025,CH,Subscription update,sven.wolf@alpineview-rf-consulting.example,txn_301jmctAj9oUpOdD0aoKMCOH,1724528308
ch_3TcTiB7fKvwqWLtWfLTyEp2A,pi_3nIGacPnHsASwqnhzijmL3Vf,in_1IJIgDvEmFele7KuCyEsG8kK,cus_432x7NoHNZSqbI,59900,59900,0,eur,succeeded,1,0,,,card,visa,1016,10,2026,GB,Subscription update,michael.johnson@nordicport-wireless.example,txn_3GWC3WCwPK2aIGrHWNvjQo17,1724529504
ch_3JPP8ycTxhknPHjPwSTgZ8mI,pi_3uhxhNsDLL9dY5OOklKb2BPZ,in_1HoOHAFA7BIKz90TQWcicVd3,cus_RND23CYTXY27YT,100000,100000,0,eur,succeeded,1,0,,,card,amex,6405,4,2026,US,Subscription creation,priya.miller@lumenline-rf-consulting.example,txn_3TgAcmkpqNt7kCnDyYlFxdVz,1724753696
ch_3GUK1CtZNI7humtMx1A12Jiw,pi_3SD9W09W2KXB1vGyVX8xVAJW,in_1gWlJMxdTJPYovIM3hyUc4qv,cus_lduoQMPolGN5hM,100000,100000,0,eur,succeeded,1,0,,,card,mastercard,2079,4,2028,GB,Subscription creation,jessica.johnson@silvermark-schools.example,txn_3uRZaMng4ORty3E9z1H15bm1,1724762234
py_3QpSyTThU2B9PObkOrl0VRZG,pi_35v9TnYyzCuROLcEjhrU6tPo,in_11SCZZe5g3yBLFuOhXiuDhOf,cus_ai4J50mLNdrUMS,500000,500000,0,eur,succeeded,1,0,,,bank_transfer,,,,,,Subscription creation,josh.hall@maplelink-wireless-engineering.example,txn_3yMYjJ7aiLIsj1CnWe2luOgX,1724876708
ch_3WZ7nJuwgIjXcxDqEfp60BnA,pi_3aev74E8SupflrGqCNN4nKfc,in_1H0lQxQTnABfLtYCuorI9on6,cus_DgHZXWE06sy4M6,300000,300000,0,eur,succeeded,1,0,,,card,visa,3691,11,2027,DE,Subscription creation,thomas.braun@orbitwave-rf-consulting.example,txn_3wA7QNfYK17TxiTwbjYZIrBj,1724917423
ch_3psgTXXuwx0ZOpS4rn8hkaIT,pi_3Kx7uMchSGS6hQ986O6cd6u4,in_1am5wamno8liStcx7EocEQSy,cus_BPLVqA9BLC5nxt,59900,59900,0,eur,succeeded,1,0,,,card,visa,9901,9,2027,DK,Subscription creation,rasmus.andersson@granitegate-communications.example,txn_3wEXAwZXiwAaoZ0kxHI5Jalb,1724922240
ch_3JC9FxDPlCBpgvuZ77kBJKC5,pi_31HK1DZ8ZE6dTPoLGQpciSc3,in_1fifJIifuEjRS6BFqC5q8xFi,cus_SodPP333oMTjao,100000,0,0,eur,failed,0,0,card_declined,Your card has insufficient funds.,card,mastercard,5637,9,2024,US,Subscription update,amanda.davis@westgate-industries.example,,1724948105
ch_3FNnCbWyQTRjYXR883xAmSG7,pi_38WNfOdH4ijK1r67R2BrFKnV,in_1Fezrd5hP5MiZ0gQvt7bQAmp,cus_XUeYS4iIHQuyib,59900,59900,0,eur,succeeded,1,0,,,card,visa,0568,9,2028,FI,Subscription creation,petri.heikkinen@balticpath-wireless.example,txn_3env4i0FGVjW0gSBNqeKwAQy,1725202046
ch_36FMmGPb4KQ3H8Wsey5nv4HT,pi_31HK1DZ8ZE6dTPoLGQpciSc3,in_1fifJIifuEjRS6BFqC5q8xFi,cus_SodPP333oMTjao,100000,0,0,eur,failed,0,0,card_declined,Your card has insufficient funds.,card,mastercard,5637,9,2024,US,Subscription update,amanda.davis@westgate-industries.example,,1725211565
ch_3i84rlkG4Upd6AcOJNbZYRVe,pi_3pVsxZNBDJKJ3xIZ1frW8c1E,in_1fBzCFOnfqm5mdcAnvdbQzoN,cus_QqzdvxmGjOVtgz,59900,59900,0,eur,succeeded,1,0,,,card,mastercard,8642,2,2027,US,Subscription update,chris.carter@carter-network-services.example,txn_3dyd3cf4nxfAFqfnFokgWhCw,1725222753
ch_3W6ktx8UNFt4IEjNQzS2Dbv8,pi_39gQiWtvig5U5mVlYAmxS4DP,in_1ZeZ00eWDheHrxmmZ4Yk7tGU,cus_a8MebUP0l5Z9UM,59900,59900,0,eur,succeeded,1,0,,,card,amex,2858,7,2028,US,Subscription creation,ahmed.mitchell@brightcore-networks.example,txn_3B2Zc5v0TCWKlvMAeRUB1qoV,1725250241
ch_3nUHnUt0jjUnazBe8KryGCXr,pi_3VwfV18XAzCldPQonGv1VUjo,in_1mMxlWn1gTcLGLWP4C7ROuKw,cus_ctsoCCXvmLvBNm,100000,0,0,eur,failed,0,0,expired_card,Your card has expired.,card,amex,4274,3,2024,US,Subscription update,mark.miller@pineport-networks.example,,1725441626
ch_3VedzQHXv8oxnGK4cOPLbJg6,pi_34yVYNoui2wc2bw3OQ7y4yZt,in_10E45zgj9Y8dsUxXmpclcnDV,cus_6aBJgTreXFXeSi,59900,59900,0,eur,succeeded,1,0,,,card,visa,4895,5,2026,US,Subscription update,jason.moore@lumenport-clinics.example,txn_3fn2sfcLXwLQYZzVQ2fU7CsR,1725452641
ch_37xp54Y7Sp6sWk8sK7PM8liO,pi_3nbBGnQJPkRFgBIskK2OTQ6r,in_12D3MhOESo0W8V5oiN7inR8d,cus_EOdUP6GbhXESXT,100000,100000,0,eur,succeeded,1,0,,,card,mastercard,4643,2,2025,DK,Subscription creation,karin.nilsson@beaconport-networks.example,txn_3aLVjIoDmM1Yr0qlxl9jalHd,1725457966
ch_3vfJUBuu44lpq8MsywCz93o8,pi_331922khdRME8WmUIbdHs4o7,in_1BhxKkzq7cqFzEHV5uzXMEQ7,cus_ooUiLl9SZYFpRT,59900,59900,0,eur,succeeded,1,0,,,card,mastercard,0832,9,2027,CH,Subscription creation,michael.muller@harborline-properties.example,txn_3emPEgAncHevRuid5IoAXNXq,1725536069
ch_34uEcswxXtl3iZTGNvx5XP8V,pi_3AuRUejEC3GoKgpfmrZHRqUf,in_1tSOakjBjfUoQ5ic6BruNiEH,cus_VAlSwcmtPok5Q3,100000,100000,0,eur,succeeded,1,0,,,card,visa,3607,11,2025,CA,Subscription creation,laura.smith@vertexview-hotels.example,txn_3svi6UDUMZqBFPIpd4vjGewk,1725538628
ch_3AhOA5jJRCgPLjrp3x34VhZt,pi_3xmiy54BtfNaSOx6Un06wNHY,in_1bMgiVxV5qRhmpHfCS8g6sh5,cus_sKDF0JAnq42Nmx,200000,200000,0,eur,succeeded,1,0,,,card,mastercard,9649,7,2025,FI,Subscription update,katja.jarvinen@ironmark-communications.example,txn_3m5LsXs1tM0xcf4nrbDZnqac,1725547847
ch_3pooXQgp1ZNYeyB6BmurPKkS,pi_3gcKnPVQjClZVQDmuxq79umb,in_1LlWfVaErJ41kh4QrJNzK5rh,cus_PouGD33zFajrjo,100000,0,0,eur,failed,0,0,expired_card,Your card has expired.,card,visa,8480,4,2024,AT,Subscription update,sabine.schmidt@deltapeak-rf-consulting.example,,1725553692
ch_33QCP1Ouqb4tf74ye9g8WdmC,pi_31HK1DZ8ZE6dTPoLGQpciSc3,in_1fifJIifuEjRS6BFqC5q8xFi,cus_SodPP333oMTjao,100000,100000,0,eur,succeeded,1,0,,,card,mastercard,5637,9,2024,US,Subscription update,amanda.davis@westgate-industries.example,txn_3KoomhF2lbiIXH1kL4yXGYvQ,1725641225
ch_3fYOBrLoMcWwjTTpnQzZXjoD,pi_3UEQ0owWDcokjnOrFD1PvX9a,in_14jf4t0EHyea7Q9PXF6KSzY1,cus_ZZ05VenrLShmHK,100000,100000,0,eur,succeeded,1,0,,,card,visa,5429,1,2027,ES,Subscription update,alejandro.romero@cedarcore-construction.example,txn_3vsrvVMH5ZAVfRriDSkbf59d,1725642508
ch_3SjlbEfG44munqdaQgB5NByO,pi_3zdAZ59qdLmqeSizKTVjbbA3,in_1HjLwwne2mgVt2FEMbj1EafC,cus_OvWXsR4Ba4ihD0,100000,100000,0,eur,succeeded,1,0,,,card,visa,7956,3,2025,US,Subscription update,jessica.kelly@silvercore-foods.example,txn_3lX8ovFm5gco6a0DcFl84XX5,1725651026
ch_3Mrzpc9cPZuk4rLAOHAX61EM,pi_3VwfV18XAzCldPQonGv1VUjo,in_1mMxlWn1gTcLGLWP4C7ROuKw,cus_ctsoCCXvmLvBNm,100000,100000,0,eur,succeeded,1,0,,,card,amex,7743,12,2028,US,Subscription update,mark.miller@pineport-networks.example,txn_3MZX8V7KIrXV4g9ZGQ1Klf6v,1725701486
ch_3nvRqdQYPwKECRfbKPVVYVap,pi_3W4V5qtMnRcUe0lMEaVWihkc,in_11Hi7qW1UrJ3Ozm5GCuNW5VU,cus_vQw1lMVtbEmlgS,119800,119800,0,eur,succeeded,1,0,,,card,mastercard,3596,10,2024,DE,Subscription update,anja.weber@aurorastream-industries.example,txn_3Lq08r1imUjeWAEjbdS4280f,1725788592
ch_3qUyzdOyQGa8atYBFaPlZBrV,pi_3gcKnPVQjClZVQDmuxq79umb,in_1LlWfVaErJ41kh4QrJNzK5rh,cus_PouGD33zFajrjo,100000,0,0,eur,failed,0,0,expired_card,Your card has expired.,card,visa,8480,4,2024,AT,Subscription update,sabine.schmidt@deltapeak-rf-consulting.example,,1725816252
ch_3jeTfXl2eHZm8cfafAOwGWfK,pi_3Ggt9FUIZwmoWG3HVzTQzI9y,in_17HjYIi4dalNqBEc37E4rEGb,cus_DlT1xQ0tqDt2h0,59900,59900,0,eur,succeeded,1,0,,,card,visa,5715,1,2025,GB,Subscription update,carlos.miller@vertexstream-retail-group.example,txn_3Gc4kT4nc0yI803gMtbPAppl,1725825652
ch_3IF3BK4DQgVM5e4C52NXxWHh,pi_3cRb5St3C63gZF5U2sKfNtvw,in_1hQSedwWM6psFKtl6ufJks4z,cus_8C5Ka4k9rMY8LG,100000,100000,0,eur,succeeded,1,0,,,card,visa,2524,8,2027,CA,Subscription update,brian.brown@brightstream-rf-consulting.example,txn_3owYIjnfm9E5McSmgds2Rv8x,1726170372
ch_3Z8hu2HxMcyaabzLbYywhpgZ,pi_3gcKnPVQjClZVQDmuxq79umb,in_1LlWfVaErJ41kh4QrJNzK5rh,cus_PouGD33zFajrjo,100000,0,0,eur,failed,0,0,expired_card,Your card has expired.,card,visa,8480,4,2024,AT,Subscription update,sabine.schmidt@deltapeak-rf-consulting.example,,1726245252
ch_3SfvZzcsED1klwfvORLnToch,pi_3OVPJQTnVS6YA4E6iIeLU83L,in_1AFq9zDMIdtRy94PjKB9SxYq,cus_CFbceIL6bIgaU5,100000,100000,0,eur,succeeded,1,0,,,card,mastercard,2552,11,2024,GB,Subscription update,david.phillips@atlasstream-wireless-engineering.example,txn_33uZcy0yo5CTz9aYFatdHCW3,1726314093
ch_3jRBxYX3TXw91zSusRY2yvm2,pi_3VPknzFSspI17X8LF2BMzMwD,in_1XVodqUybYytunSGQhXDNqVf,cus_sZvn4hVYCAZ436,100000,100000,0,eur,succeeded,1,0,,,card,visa,4601,8,2026,FR,Subscription update,guillaume.rousseau@polargate-rf-consulting.example,txn_3Bq1oVRHv35Cvslh6FNqoBZ8,1726443287
ch_3RlDv52YNZ66H1ZgycaQOYYM,pi_3DiryyTQVeC2EyeLPnLaq7B2,in_1oG0bXiYtNB6oF4RPUSFxIuc,cus_ZkUebQN7VlC5w3,100000,100000,0,eur,succeeded,1,0,,,card,visa,7194,7,2026,GB,Subscription creation,megan.king@king-wireless-consulting.example,txn_3196Po1msryb5xniNu1VZEIz,1726494252
ch_3lguFleh2hnIKJ1paIIG1JKp,pi_341nMjP43p8qCEh0xhHjXiOc,in_1E8bAr2x1xWB05DxOyaTyKCL,cus_MhrsUp4hjgTkQU,59900,59900,0,eur,succeeded,1,0,,,card,visa,1789,12,2026,DK,Subscription creation,rasmus.larsson@harborfield-wi-fi-solutions.example,txn_3uxkpT98uUlbbq8UiMbULqPz,1726502402
ch_3MQMH3vyAx21LYAldup0Bcjj,pi_37PaYQAq6xrFirbjHsACNqnv,in_1STlOJmQAbcVImgvebXGMZFJ,cus_5O5hQS3V603zSr,59900,59900,0,eur,succeeded,1,0,,,card,visa,9958,5,2028,US,Subscription creation,kevin.nelson@ironstream-properties.example,txn_3pnLhq1hNoVjlTEfYlrhqIbO,1726504110
ch_3ZuOZh6kGmkEN8UtGJm2dQF5,pi_38YXDs2NKC9Xd2vhF4wkSWjw,in_1W07LYHKvoTNBNEkEjVri0t9,cus_UckBeEG9Hm2D1B,500000,500000,0,eur,succeeded,1,0,,,card,mastercard,8962,6,2025,CH,Subscription creation,tobias.wolf@beaconline-telecom.example,txn_3P8ec7RrFG6gKCPcop29GIVN,1726507557
ch_3KEHsX5o5S4nPQ9pCTfKnFZl,pi_3UfmwsifpjKGFZ6WhDHAhJpF,in_17vEyLCziqQUNgd9B2Cmragf,cus_FBaNNTNnxxxJG5,100000,100000,0,eur,succeeded,1,0,,,card,mastercard,5596,1,2028,SE,Subscription creation,ola.lund@lund-network-services.example,txn_3lAa3xLH4WspqIM5BfRL36JY,1726544567
ch_3m2Fohh6CMxFRo9fnoRwz5mY,pi_307V5bwZzBrAf63qvM0qmXtG,in_1wCWsOnhceExm98TOXpSiG7K,cus_weYdzPGowyZVc5,100000,100000,0,eur,succeeded,1,0,,,card,visa,5156,11,2025,DE,Subscription creation,sabine.muller@pinefield-partners.example,txn_3HdClV64LgTTltLSWfO5yvw7,1726578270
ch_38fgYTMAwU8b1S0mRxmzqFmv,pi_3tdDbipzbUrnJ1K8yfj0SJ4W,in_12RRH24y0n5i6NshTPixCfkU,cus_OB2jFWhy3jbqQw,59900,59900,0,eur,succeeded,1,0,,,card,visa,3727,9,2025,AU,Subscription creation,amanda.walker@signalwave-schools.example,txn_31QVywQEDAJeLloUKxcGSlOl,1726659031
ch_3xGUMwnDEgweQnvTvttGaU1o,pi_3FnB8UlBfEfgt4DUxX94LZys,in_1uuUkimeqDyYCtbger5P6YKJ,cus_YIMtrSQXkq88mk,200000,200000,0,eur,succeeded,1,0,,,card,mastercard,8925,10,2027,SE,Subscription creation,johan.halvorsen@lumenline-networks.example,txn_3yvRPztgEdfmYW9HeU8rah1Q,1726670577
ch_3WM39lupYYGD8A06aSva0ZEB,pi_3SDlzHiPZEmr3onNBOrSaNlB,in_1bjIHA5PMjBgwwfmdXQggE0g,cus_lw14HOXviRwsx2,59900,59900,0,eur,succeeded,1,0,,,card,amex,1772,1,2028,US,Subscription update,tom.murphy@summitmark-rf-consulting.example,txn_3kgLCK53de1Opb2VylkQBsWj,1726733269
ch_31if08hc0So8k08udgIb8clQ,pi_3dPmW3n5WbqlPqsy9TY00l2P,in_1WJQKk4kgl77luKR41vjDbLQ,cus_QXRbR8NPH0eZ5D,59900,59900,0,eur,succeeded,1,0,,,card,mastercard,2356,5,2028,NZ,Subscription update,ahmed.lewis@maplestream-wi-fi-solutions.example,txn_3HiqKNFy0pHtU6ysvx9F1eL5,1726740457
ch_3VetuQAnCc3u1pdzsPLsfqh4,pi_3K2cIZ5G2sVezir7blap00cl,in_1V5cOvC7E2cs8BpgWFpYBM0n,cus_DdZl2AjG1pUZa7,59900,59900,0,eur,succeeded,1,0,,,card,mastercard,8804,5,2025,FI,Subscription update,sami.turunen@granitefield-construction.example,txn_3dA8yzbFP7iAk03TNsMiRqho,1726741635
py_3pshNLVQPAIva1vAAsZbGmno,pi_3Lpig8rYyohtPwyiPpoFzr3S,in_1I0JB2LqiHt9pl3xaNaD3XOs,cus_6z3kn3weNVeM5m,119800,119800,0,eur,succeeded,1,0,,,bank_transfer,,,,,,Subscription creation,magnus.andersson@deltapath-partners.example,txn_3hHeRwy14AI0vWLb5RrAV9aK,1726772475
ch_3erdEtAHrrkRnfZtt3MSTjcA,pi_3VSN2gLLKoNcDINvbR47pWU3,in_1K10OPM1mqy2fFA51zeSifuj,cus_O4CyU4IHN0jvtK,100000,100000,0,eur,succeeded,1,0,,,card,visa,2413,10,2024,CA,Subscription update,james.jones@novaline-it-solutions.example,txn_3WjhSlbzY62vx7gzbdaAWhG3,1726842233
py_3nJORHixfq9UmwFZzOvxxWqw,pi_3TwYwRwsPCdiUFbtdUuvgnf5,in_1P940VJhlO4V8faCTC2G7At0,cus_OE7DCHyXo4bw1r,119800,119800,0,eur,succeeded,1,0,,,bank_transfer,,,,,,Subscription update,bas.meijer@greenworks-foods.example,txn_3ym9uTlwQgOfxDa0N2ol8bou,1726881840
ch_3a052iYm6ys1kwoU48vHb6Sg,pi_36LEOeoWOThExZthFdqfEKZK,in_1jGowNUuvn8KqcDUOu9ChmE2,cus_FBstZIZUnvWuTD,200000,200000,0,eur,succeeded,1,0,,,card,visa,3406,3,2027,SE,Subscription update,ingrid.strand@mailbox.example,txn_3uYzqMbbyCsl6Ap9M1zwy9GT,1726919350
ch_3AFjsKXHbeLYTClOmJOL6ctT,pi_3bKuHi4g8W5XQNjKlKWxzoBp,in_1JlSFtn4wKctGf230y6xMIZY,cus_HQMgjEQQHUTDKq,59900,59900,0,eur,succeeded,1,0,,,card,visa,1009,1,2027,NL,Subscription update,sanne.mulder@silvermark-warehousing.example,txn_3hNPpm9YqNu76Xos5fJio5Lj,1726981490
ch_3yIDC6kVMtno92kKyNRRHmdP,pi_37LD3ylky5fk9P2KGFbQ9VNO,in_1yVrUwS0NCImLYcrBtElQ1K0,cus_x6YNaRDIOQeRPZ,59900,59900,0,eur,succeeded,1,0,,,card,mastercard,0813,7,2027,CA,Subscription update,jason.white@balticview-logistics.example,txn_33GLvz7FZvXRReQPD5l6YHGB,1727006884
ch_3bi5PuQdM06PJvLQRZizeAGT,pi_3y1eC9JOmbUVF1zSJjTX0jwG,in_1RCRcRj09Dn7SwYrV2n2tgxF,cus_0drf6EEOGOsSpA,59900,0,0,eur,failed,0,0,expired_card,Your card has expired.,card,amex,4534,7,2024,AT,Subscription update,andreas.wagner@wagner-wireless-consulting.example,,1727010854
ch_3IlVcJGvsdPAqk1UfDNZQi8Q,pi_3hhaj7QFJIsMR0FDY8r04q9v,in_15nRmtRp1ExY0V4cOyyVDznE,cus_5qG4TymqioTp8B,119800,0,0,eur,failed,0,0,expired_card,Your card has expired.,card,amex,6274,5,2024,US,Subscription update,steve.kim@orbitmark-hotels.example,,1727015705
ch_3pHahQJk8qqWl3lLHxFq1GcS,pi_3RMuvCyo5cVE4mVmW9SK12et,in_1lLgkVBsWUe3Z29rSInP5lJZ,cus_GngUkuaIKppcs7,100000,100000,0,eur,succeeded,1,0,,,card,visa,0019,2,2028,US,Subscription creation,jessica.nguyen@ironfield-logistics.example,txn_3QOjTHf6aZQdOHixAcDEVMGR,1727095343
ch_3jtLtXGVkXcFIN9xvjBBVrdy,pi_3rRod6D5MmNDRKggb9gGx3ZK,in_1wzAdE7FZXrOOD9zrLdrLbEx,cus_wkpy8waH6nJpKI,59900,59900,0,eur,succeeded,1,0,,,card,mastercard,9821,6,2028,AU,Subscription creation,ryan.walker@apexpoint-partners.example,txn_3z6muVzvSQpZVuX1jFcmxkCn,1727171523
ch_3YGatWGm9MId7uGXKLcIL5C7,pi_3mTYNDV80duC2gACIgdhfbUD,in_18CuXCMwx61OtjZKXEIVmGe0,cus_0nwXGTc9ahz2II,100000,100000,0,eur,succeeded,1,0,,,card,visa,1549,8,2026,US,Subscription creation,priya.moore@lumenworks-systems-integration.example,txn_3Q3gkpdEoM69Npzf3dm57tIP,1727175892
ch_3zAJ5IsZaCl2c9vTnitJcF0N,pi_3b4HFW87jReXxBRBqvRLJxSk,in_1SgGrCXae7EuIfENc8BofoCh,cus_5yFXGJOt9YAAhe,200000,200000,0,eur,succeeded,1,0,,,card,visa,7898,2,2025,BE,Subscription creation,femke.bos@pineline-wireless.example,txn_37NL28iS168fWm0WgIT3WeL5,1727182018
ch_3JL6brBP2XBLWW1dNvL3XeLC,pi_3LRSfu7YvKegmf3YmovxuzLB,in_1Hx9CSkDGquEBNANekXfovOG,cus_IDnH5hxy8QhYFt,100000,100000,0,eur,succeeded,1,0,,,card,mastercard,0001,5,2026,FI,Subscription creation,petri.nieminen@signalline-telecom.example,txn_3HAiaSOncxZSRFnih0t2Cmgf,1727262603
ch_3ChjEIC1c7cjsjE7YZ2xt0Cb,pi_3tdWbZnALCRk5x7CI87rE778,in_1lIbufYW5BNWh3EacxoKUNag,cus_zGb999oW93oDkb,100000,100000,0,eur,succeeded,1,0,,,card,mastercard,9800,7,2027,AU,Subscription update,david.nguyen@vertexbridge-wireless.example,txn_36YHIB3JzYn9TCDZ7JpCMmRv,1727266838
ch_3rYxOUz2naPqKH2Dd0be5CEu,pi_3y1eC9JOmbUVF1zSJjTX0jwG,in_1RCRcRj09Dn7SwYrV2n2tgxF,cus_0drf6EEOGOsSpA,59900,59900,0,eur,succeeded,1,0,,,card,amex,4820,10,2027,AT,Subscription update,andreas.wagner@wagner-wireless-consulting.example,txn_38ZUdvHplTMqIxxWSD4fA54c,1727271794
ch_321FPkESrQKqzXoYwBJ8tomr,pi_3QzQyt3kGClAwYdnC8XHiw9v,in_1YNZN0DD4qMV4pn7nsQZUcOc,cus_G0WiKgYuzzKmTK,100000,100000,0,eur,succeeded,1,0,,,card,visa,4903,1,2027,SE,Subscription update,mats.jensen@crestpeak-schools.example,txn_3SaeN4lXJcEyyzaL9AmUHX4s,1727274780
ch_3S232eyHEDvGH6kPFtYhqYp0,pi_3hhaj7QFJIsMR0FDY8r04q9v,in_15nRmtRp1ExY0V4cOyyVDznE,cus_5qG4TymqioTp8B,119800,119800,0,eur,succeeded,1,0,,,card,amex,0812,1,2028,US,Subscription update,steve.kim@orbitmark-hotels.example,txn_3twhHTSY43aAZYbQYhVp1Blq,1727275205
ch_3IbhTwIvTMuwy8hGC5B2xQRb,pi_3QCv1ODaMn9cnN8tgp3nZw1s,in_15h5dzTVJ4YeL30phqhWkTjx,cus_kg2Wee3hMTo6vi,100000,100000,0,eur,succeeded,1,0,,,card,mastercard,9043,8,2025,FI,Subscription creation,laura.salonen@inbox.example,txn_3IS0eEyKkbICftzm33y4M5gp,1727282345
ch_3dH7lf7sAD1fXI5JpC7OlbtK,pi_3WfRR2IvlhLMOpXaOy8fgk0Q,in_16VnMjWKIqIhpEROj994dWpu,cus_NTZXAZ8HA1TdnZ,100000,100000,0,eur,succeeded,1,0,,,card,mastercard,5656,7,2026,DK,Subscription update,mikkel.johansson@harborlink-warehousing.example,txn_3Kq8cOI0EXggIMuL0OdgmcTp,1727342032
py_33whwMqIPz7yjY26ijaVmisc,pi_3nQvL7NbJ5GNiXqZ63aV01Fx,in_1S3vfnTpV6c5eVrJsK0sMXrG,cus_XxoI1Guhgg5Gjo,119800,119800,0,eur,succeeded,1,0,,,bank_transfer,,,,,,Subscription update,megan.scott@westwave-systems-integration.example,txn_31L4vku98DgxElkh9u2NrUyU,1727350859
ch_39Z8RetTk372BKTVpOVQswLo,pi_3NLu5Q64y9LSHOZyuPs1wAMV,in_1pF8zlxav6j33pPGvEBGI5FJ,cus_ovhjjDNPVmX6uA,100000,100000,0,eur,succeeded,1,0,,,card,visa,0679,9,2027,DE,Subscription update,dirk.braun@ironview-schools.example,txn_3IFluJ7PQc1VGvOo2yxwUvSH,1727444520
ch_3YcHKSSu6PC5gdLGD1Iz7HQs,pi_32R0SVuEgd8btnILODXMVeKV,in_1Skm6c30liedHelXVty5Bmrn,cus_bBQujBoUZkvnPL,59900,59900,0,eur,succeeded,1,0,,,card,mastercard,6510,12,2025,US,Subscription update,paul.davis@alpinepoint-networks.example,txn_3twNhnQG2YMnHWf9mYTy4iJk,1727498763
ch_3gwxAaWOs0vxQ2ziomy9k6tn,pi_3kX5gl07fc85ErmJ5kwiDgJO,in_1uPdx4pehh2KtV6KQ3OJHa7W,cus_mwA88r62XGy0t8,100000,100000,0,eur,succeeded,1,0,,,card,mastercard,5432,12,2026,US,Subscription creation,kate.smith@bluemark-logistics.example,txn_3UKiM6B8nv7r2aeQez19H2S5,1727533804
py_30LLEdkvOe5CcAIswBb1Oph0,pi_3plIWaS4URoSfoftTqdaM9tQ,in_1OYortZlcTsoYeSc7wx5K1jP,cus_kA9hW5rLA0WRvi,200000,200000,0,eur,succeeded,1,0,,,bank_transfer,,,,,,Subscription creation,elena.vega@balticbridge-properties.example,txn_3BHCt0xfgyH8HxMptlkCFqzo,1727543295
ch_3uCvAmMmPz8rC76A6pqJLeSe,pi_3W9rWcjy3i99Ri4JrR1MEI4N,in_1hQ5S0P53ChzU00nPcr2ybit,cus_b1OiECQNe9Sf5i,300000,300000,0,eur,succeeded,1,0,,,card,visa,0513,10,2027,SE,Subscription creation,magnus.jensen@harborwave-clinics.example,txn_3zs8sa7Zq5htNTcq20BHUmJU,1727687816
ch_3MH9NmuJDZf5vJFRR9OiXGtV,pi_3In7G6dW740vtwS6dKrI2g02,in_1mcz1mdCfLQrmz2NQSDee6hW,cus_gVKGoErJOI3T51,119800,119800,0,eur,succeeded,1,0,,,card,visa,0120,8,2025,AU,Subscription creation,mark.white@inbox.example,txn_3Qprcs37hgg59olyck4qxAbO,1727784215
py_3KIchDZyVRSXl6zZTFc4AUbW,pi_3AI0TbNDO4JgPsJXCYNm82kt,in_1UuayGopRNoBlJsD1aLIUgwD,cus_3fuxPQgVghQ9ml,119800,119800,0,eur,succeeded,1,0,,,bank_transfer,,,,,,Subscription creation,kevin.johnson@harborline-retail-group.example,txn_36u5TYTuOZiGnlrVufTeM8B3,1727888472
ch_3ek3tqpRZVA8CJFfZ1wWRaBV,pi_3WqWAEQPPocvX7Jfoc4tJA56,in_1l8bdEDHET6ZVhRMZAzmzksP,cus_wGOHsJT2Kp5KL7,100000,0,0,eur,failed,0,0,expired_card,Your card has expired.,card,visa,5724,5,2024,GB,Subscription update,john.kelly@beaconpeak-rf-consulting.example,,1728215834
ch_3yk6Vb5EVm95VhiwKlBTEUP4,pi_3h1yBcn8eBOlcvwLCJ72DeKJ,in_10iBpxCTFeDy9qV2L6LB74DN,cus_FYtCTWrDCWGELZ,200000,200000,0,eur,succeeded,1,0,,,card,mastercard,3978,11,2026,NO,Subscription update,karin.strand@strand-wireless-consulting.example,txn_3rldvhG1KPHprT9yNyv6nCTh,1728218921
ch_30Zinv05AvIJ770H8tkslWoA,pi_3jFZrH3MX4C1FmIflPieyI65,in_1TwHaWgJra2H7x6w0XdWtAOY,cus_ZGs1Dg6Pw6jKkn,100000,100000,0,eur,succeeded,1,0,,,card,mastercard,5799,7,2026,IT,Subscription creation,simone.ricci@greenpoint-wi-fi-solutions.example,txn_342EJCcSbBvL2PFN31i2AffY,1728306292
ch_3LRnEJIaE6zoYXNSIHy52eFh,pi_3YXstDGyauUKrNwQiv2hBq4t,in_1WwXBPf7n9L2xiTfQK7MXTSE,cus_byXKYVSs6DavQm,100000,100000,0,eur,succeeded,1,0,,,card,mastercard,2726,9,2027,NL,Subscription creation,sander.vos@northcore-hotels.example,txn_3najqD7v8R8hAJKJEh4TKVXr,1728318063
ch_3hObgpdGAzLr7wxRM5ttb4oy,pi_3hmU4nwDdpvgxc8urQ9gWIIM,in_1hYD7DunVNC3UhpEPtkG0xql,cus_C14nkgnf7NARYY,100000,100000,0,eur,succeeded,1,0,,,card,mastercard,9497,6,2026,SE,Subscription creation,bjorn.eriksson@eriksson-network-services.example,txn_3JDlHSjrEjtVe9pA1kgB901F,1728324676
ch_3cLH1RezW6vSOMcVaTa4B81w,pi_3Y7g72k3olrOoAb4oguetKYy,in_1mgWEOLB3DLxeEIUPlLSYCAo,cus_jniRjpAQXuxYSu,179700,179700,0,eur,succeeded,1,0,,,card,mastercard,4795,8,2026,US,Subscription update,amanda.moore@northpoint-communications.example,txn_36mbjVuA0qzycITH11stz3X4,1728465300
ch_3Q07waqDQXt8ibzeetPuaRJ0,pi_3eG7Cau3wQgluqIxguBok0x8,in_1X84kBMhlGH4vtbMbuPW1Bp9,cus_PSXS4GEeb6Kqlb,200000,200000,0,eur,succeeded,1,0,,,card,mastercard,4987,2,2027,NO,Subscription creation,rasmus.dahl@deltaport-it-solutions.example,txn_3WyUf2N6vhiw1D38fbEeaDKd,1728474599
ch_3xhNPNHin8NakREhiO45f9Na,pi_3WqWAEQPPocvX7Jfoc4tJA56,in_1l8bdEDHET6ZVhRMZAzmzksP,cus_wGOHsJT2Kp5KL7,100000,0,0,eur,failed,0,0,expired_card,Your card has expired.,card,visa,5724,5,2024,GB,Subscription update,john.kelly@beaconpeak-rf-consulting.example,,1728477674
ch_31BAhOHzJLQM8md118bz05e2,pi_3Iu8rYGViFG1uDZh8qHfVdTM,in_13HGFOHrWjD3g2jlsBj9MvMg,cus_llXitrjlBvCz3o,200000,200000,0,eur,succeeded,1,0,,,card,visa,1222,7,2028,FI,Subscription creation,juho.salonen@pinemark-media.example,txn_3LPbPaL5poSXugXiMezoJYcn,1728478866
ch_3Sm3ZhbnRn0BHz6Sp0OmqtVk,pi_3vDeOCx8hacfdedTCo1vjVnS,in_1PdyMkOmcE3EbqsfRW3dxlaF,cus_WNrd314jaw9GWd,59900,59900,0,eur,succeeded,1,0,,,card,visa,4252,11,2028,AU,Subscription update,john.jones@atlaspath-rf-consulting.example,txn_3pD5sHihblIGhzDoG1P0wv6H,1728577310
ch_3gGG7RpGlywIK74Xceiyyv5M,pi_38YDbIieglVoFRLXsOOOza0Y,in_1OQhqwmgYQrvgoCS02ZKYuUS,cus_o6QozAOOhOxDj3,59900,59900,0,eur,succeeded,1,0,,,card,mastercard,5777,6,2026,DE,Subscription creation,jan.schneider@lumenport-wireless.example,txn_3LdFofxReHaFMJ8uWxqMAvok,1728617826
ch_31yHNtAQKTM4CWe0VpLr7Upj,pi_3qRrZInsuhURQdmAnhSXbs5x,in_1TbtjLOMliCL8k5yjUCJeJTy,cus_8VHJfN1x0NXnZ4,400000,0,0,eur,failed,0,0,expired_card,Your card has expired.,card,mastercard,9276,3,2024,CA,Subscription update,sarah.nelson@harborpeak-wireless-engineering.example,,1728799885
ch_3JfypTP7qZQPIjAqIZ4ThyhG,pi_3WqWAEQPPocvX7Jfoc4tJA56,in_1l8bdEDHET6ZVhRMZAzmzksP,cus_wGOHsJT2Kp5KL7,100000,0,0,eur,failed,0,0,expired_card,Your card has expired.,card,visa,5724,5,2024,GB,Subscription update,john.kelly@beaconpeak-rf-consulting.example,,1728911054
ch_35QAugA9EIB7qnwobvGRPEKX,pi_3Y1mOtZnj5uRmwHBoGc7ZnJn,in_1camykm2MEeZdLsfuGkVcr5o,cus_24fW4oWsEPNlNG,59900,59900,0,eur,succeeded,1,0,,,card,visa,5755,7,2027,US,Subscription creation,jessica.thompson@alpineview-construction.example,txn_3QSpeJrsP6w16a07phkpoE0k,1728993009
ch_3jopqFJnbgrcdeb16NAJb2zC,pi_3qRrZInsuhURQdmAnhSXbs5x,in_1TbtjLOMliCL8k5yjUCJeJTy,cus_8VHJfN1x0NXnZ4,400000,0,0,eur,failed,0,0,expired_card,Your card has expired.,card,mastercard,9276,3,2024,CA,Subscription update,sarah.nelson@harborpeak-wireless-engineering.example,,1729059685
ch_3ZDitGenu10dMwVuUWacam72,pi_31nb4jOBmpBaJjoqWxLPHwNR,in_15KrWbrlXq1lTGLed6eiEvkW,cus_ZHT0VnLtfYlam5,100000,100000,0,eur,succeeded,1,0,,,card,mastercard,9179,10,2025,US,Subscription update,sarah.moore@clearworks-wi-fi-solutions.example,txn_3vaage0aBJrQX0d4y9HpeyHz,1729151569
ch_3ac4TQ8Y74eDlZPQf3OUjD67,pi_3vrZvaDZn2YYWA5dH4e1hpuL,in_1BaajbHLoOCaPRfUnTw5JnbS,cus_XX2yxS58cJ0Spc,100000,100000,0,eur,succeeded,1,0,,,card,mastercard,4195,12,2028,FI,Subscription creation,lauri.kinnunen@kinnunen-network-services.example,txn_3cKI29KAKLcjQDZO7PS3CBUO,1729164176
ch_3n8nUK56I5NID7I5zdbDWcwb,pi_3MslKRvqlbJzYAMim9WEA5pO,in_1KMzTNqe1IOUCJzh98pydMlI,cus_PABSMnBrP1y81X,300000,300000,0,eur,succeeded,1,0,,,card,visa,3610,6,2027,NL,Subscription update,niels.peeters@pinemark-telecom.example,txn_3xXZuCGNrcR7xGYibuwcwiRI,1729177802
ch_3Ld463bMwIdufsW2E3Az2IiG,pi_3kIk8MFaqZsTGmfoHhkQb0zv,in_1a60RnlLA3WkYLfrPOGsvxcL,cus_5gqq2S4W75JfcA,59900,59900,0,eur,succeeded,1,0,,,card,visa,3335,3,2026,US,Subscription update,laura.young@atlaslink-networks.example,txn_3jTElJ09vNY3259VMD4u3HR6,1729190894
ch_3LPxSRkypU6Olno9l2fpqHAH,pi_3ziKNDRQX80edKq8Tn6aJrCY,in_1wUIMEc6eNzksHZ4m5772SyK,cus_wolakT16vQSobM,59900,59900,0,eur,succeeded,1,0,,,sepa_debit,,,,,,Subscription update,karin.pedersen@harborpoint-communications.example,txn_3YzHcHhTjf9PGBrUcUFRR6HN,1729252349
ch_3p6jrw8h486dQWmESLNEhlBF,pi_3BokAZTturu00OCACOkIzYiM,in_12HfU7JDoYz7yZjJ17Z2lHPi,cus_skvD6rpeOtTTSE,179700,179700,0,eur,succeeded,1,0,,,card,amex,8068,7,2025,NL,Subscription update,joost.deboer@de-boer-network-services.example,txn_3UZAqoGgIwNUykkZOxJEYTIM,1729260008
ch_30hbqD1VK0kZRp4rAbe6DrIp,pi_3Ua0sR6eeybXIrEd0WUMQLn3,in_1UY8mlfgJKIdBsgeKoKvKqK2,cus_0SpAHsS68o9dMN,59900,59900,0,eur,succeeded,1,0,,,card,visa,0722,2,2026,DE,Subscription update,julia.neumann@silverworks-wi-fi-solutions.example,txn_3oeZsDVwWGGPtOARgyfsDfT0,1729282448
ch_3QwUyVBDWDd4Ex9CPsuGIgoB,pi_3O89JNNuh4MNFZEwZvCmsUGi,in_1oGgQoGMAm3IxtbEWInZbumS,cus_gaASxEK9aSi6fb,119800,119800,0,eur,succeeded,1,0,,,card,visa,2523,11,2026,FR,Subscription update,claire.lambert@atlaslink-networks.example,txn_3azTxAO32BbTzU6sVQbe2pVL,1729356458
py_3QYdKtBtvvKREcdPerMDtu0e,pi_3z4r7BQbOV70rmAdu1CKp4Ds,in_1o5w5PCtTcdOQHHpzuVNNboj,cus_ToeQpp7vK7SyEx,15000000,15000000,0,eur,succeeded,1,0,,,bank_transfer,,,,,,Subscription update,accounts.payable@st-alder-regional-health-system.example,txn_3vse0Kw7kRtAmAx9ThVfHtBV,1729361515
py_327So3Mb3xkJvMWRMGTh2gmf,pi_3I5UGJ7VoqRHLtLqBtP3zBAk,in_1qNCBjuMBsMyio6staazbqng,cus_NzOHloisSynP55,200000,200000,0,eur,succeeded,1,0,,,bank_transfer,,,,,,Subscription creation,john.johnson@beaconlink-warehousing.example,txn_3woyM0jHnvAR3JDX3qTJIFA8,1729447657
ch_3c2W7jDbdgsLzV58bNoZMFue,pi_3bwWKV0pU3lJyd0OJp6JQFPC,in_1mLjblqPHE5GclDEpHUdYoLz,cus_yTLe9Ed3o8rY7y,59900,0,0,eur,failed,0,0,card_declined,Your card has insufficient funds.,card,visa,0413,5,2027,FI,Subscription update,sanna.kinnunen@postbox.example,,1729450163
ch_3mpR4S52JU8vmbKAIMJpijFk,pi_3qRrZInsuhURQdmAnhSXbs5x,in_1TbtjLOMliCL8k5yjUCJeJTy,cus_8VHJfN1x0NXnZ4,400000,400000,0,eur,succeeded,1,0,,,card,mastercard,9730,10,2026,CA,Subscription update,sarah.nelson@harborpeak-wireless-engineering.example,txn_3Eb8jNSdqYocc6Sj9Ov17FJr,1729492405
ch_3gG30tTwAjeyaFLbw1X7huZu,pi_3wvcn5reVHPWtNo59D5uLv9J,in_1B9oHuHxBZLrkXjghLXmesvF,cus_N4HkZT9CDsHx7m,59900,59900,0,eur,succeeded,1,0,,,card,visa,9346,11,2028,GB,Subscription creation,carlos.nguyen@clearlink-industries.example,txn_3Br5sC79sagI93MhZL9jvd9F,1729521626
ch_3KArUuyWLIP3E25uzdwtbHQS,pi_3BV49zHTajbTcxsPZoUg1k27,in_1O5BP1AqwcaiWbbdIehMSpCH,cus_55LlfLDwSFUwGh,100000,100000,0,eur,succeeded,1,0,,,card,visa,7702,6,2026,DE,Subscription update,katharina.richter@richter-wireless-consulting.example,txn_36uBpM7z4mydPVKIA7l6dajN,1729579778
ch_3I7K4O273v2q6tzbA4eqIw6P,pi_3gAa1wAsKGhigxoGk6tHEqsA,in_1atgPCINVSPTdcV4bVuwEC7k,cus_Km4WG9TsONQntD,239600,239600,0,eur,succeeded,1,0,,,card,visa,5220,6,2027,CA,Subscription update,amanda.davis@apexpeak-retail-group.example,txn_3jgXypFoeuVunkpFoj0RaIsY,1729640299
ch_3DpUJ3sRfa8E3zo22hUCcrL7,pi_3bwWKV0pU3lJyd0OJp6JQFPC,in_1mLjblqPHE5GclDEpHUdYoLz,cus_yTLe9Ed3o8rY7y,59900,0,0,eur,failed,0,0,card_declined,Your card has insufficient funds.,card,visa,0413,5,2027,FI,Subscription update,sanna.kinnunen@postbox.example,,1729710803
ch_31iIcB0i84UDTbAuZxarVyFq,pi_3GFwCXfTquNvH8ZpKKg5a5gL,in_1hEMePEaIDKTuzBoNXQc7XWK,cus_F1XOmstGPaNZej,100000,100000,0,eur,succeeded,1,0,,,card,mastercard,9911,11,2027,SE,Subscription update,karin.hansen@summitpath-communications.example,txn_3qwKPYg0CHmWumAr0T0mHnQ3,1729755514
ch_3QMKzhAJwnHCr2ltrp1GdVSo,pi_3pKT7qmieQIkjqTRr6rTu1HU,in_1AFijydpoesGVLnFEPCBn3MS,cus_BZ6zEpWqoqiMK1,179700,179700,0,eur,succeeded,1,0,,,card,mastercard,4653,10,2025,US,Subscription creation,robert.scott@cedarlink-technology-group.example,txn_3XdAmp150wQg8sGxu9i3zgjL,1729768943
ch_3vja4Qj3WH5X6M3T7ywDp27u,pi_3S9qZmk6NqtByZDgaj1BxDEM,in_1Hqk49TcmLs9smtrS7OEPZms,cus_ftOrorqDDnVCVg,59900,59900,0,eur,succeeded,1,0,,,card,mastercard,9941,1,2027,AU,Subscription update,rachel.baker@westpath-industries.example,txn_3E7gorjwOnPQ78Pd6ITcnJX9,1729774795
ch_3I8pGwZpNupKk9qFYiDUsk4m,pi_3ZiAcVoGnjAfeGF43Xyp7m8N,in_1sntYyVPpaeeGy1hBF0T38HJ,cus_M89mZNqjcdqaxl,100000,100000,0,eur,succeeded,1,0,,,card,visa,4576,6,2028,US,Subscription creation,sarah.green@stonepeak-partners.example,txn_33zIQGABP16kROJhUttMga7k,1729795061
ch_3LysZziTOfj4sG08yGy2uxQ0,pi_3KnAwwuKZNIpXvLVp5WAuFuz,in_17i4GWiyKRNfStAA4DeN32xN,cus_I6qan86bCV7qjj,119800,119800,0,eur,succeeded,1,0,,,card,visa,5343,12,2025,CA,Subscription update,daniel.carter@mapleworks-rf-consulting.example,txn_3C448uEw9NuT7vuEL45Mx9VX,1729858132
ch_3bIAYfMFUZSGGrnEdGtUQDiR,pi_3R5M6ct9t6kt9VBrlC5YY6ew,in_1LtXSLGyEH03sWfJLEZH9Q3O,cus_HLtDflhXBuCGwV,200000,200000,0,eur,succeeded,1,0,,,card,mastercard,9273,1,2027,DE,Subscription update,sabine.schneider@nordicwave-wi-fi-solutions.example,txn_30Yvf1L3LvgQEagSdbXmbyL6,1729862798
ch_3yRqYrMynvHcgFiqZc19RQyh,pi_3o8gpjG8RpBKDAqAFVyjBJrt,in_1TpGvG2hggTs0uaDntVhrV0Y,cus_k6ShKNBv72ReYI,100000,100000,0,eur,succeeded,1,0,,,card,amex,9892,8,2027,US,Subscription update,john.anderson@mailbox.example,txn_3b8CEShu5R5NY3TR08TIacUn,1729928676
ch_3pDW1guojQy6JeBkVdLtXSwq,pi_3vAliFWe7MOiIVe4UfxTyqVp,in_1bN5rgRkOzWTsNCoZ2CHok44,cus_t0qJbeaRWtp85F,200000,200000,0,eur,succeeded,1,0,,,card,visa,6006,8,2026,US,Subscription creation,raj.anderson@alpinebridge-managed-services.example,txn_30Ed3Qapc52eYKOaWb0YVeXx,1730112130
ch_3spZqyDLAQ3Nnslbi3O8dPWD,pi_3bwWKV0pU3lJyd0OJp6JQFPC,in_1mLjblqPHE5GclDEpHUdYoLz,cus_yTLe9Ed3o8rY7y,59900,0,0,eur,failed,0,0,card_declined,Your card has insufficient funds.,card,visa,0413,5,2027,FI,Subscription update,sanna.kinnunen@postbox.example,,1730145263
ch_3JtYl2g4nbFLGyZKvhvBM8pw,pi_3jyNs52qMYNF91xzrqQSrEBk,in_1k5BVst9rny6PEGcVbg1tss5,cus_pHl9jtaFjfxcdo,59900,59900,0,eur,succeeded,1,0,,,card,visa,8464,6,2027,GB,Subscription creation,kate.edwards@aurorapoint-foods.example,txn_3K6IEjbqSwhUAUzJ70MPghQh,1730192656
ch_3ySibiY0l0ZnXBxZQ42lQI6e,pi_3jsUVYrSDLDFw3zGQyfIxcvz,in_1aLyvwP3i7ofoczK6VlS0T9u,cus_Svw8CZ1cK9GZjA,100000,100000,0,eur,succeeded,1,0,,,card,mastercard,4747,8,2025,NO,Subscription update,sara.eriksson@mailbox.example,txn_3wPRLdJP3ms0w7tII72w1zzr,1730284960
ch_3QSbEGIOMCGYbt6yhEAuNCQk,pi_35ULAPx6j0SbTaA2clP1p3QV,in_1You1hwHgCB7Xl4ZMhLRHOzG,cus_CZQ1lVnNEkMpbB,100000,100000,0,eur,succeeded,1,0,,,sepa_debit,,,,,,Subscription creation,wouter.devries@apexpath-logistics.example,txn_3HEvYOenSQbG1EscnOT4goLa,1730312120
ch_35ECte0Npdl4T0R2hWal8JZk,pi_3ZefMJiYEeLb7dZ5BuKWRn3a,in_1wcf3gHZFdCQl2o0qBpUMlSL,cus_0MepRXZSkkTMs4,200000,200000,0,eur,succeeded,1,0,,,card,visa,5595,4,2025,US,Subscription update,sarah.davis@beaconline-telecom.example,txn_3uudPvV5NIBvB5gMziQL7fxf,1730356160
py_3wqwG1lR5gUhmPJQyW19LIjI,pi_3MU7qMslWqBF17YhSVUKwdPD,in_18MR32lORAwAFj5Y7xDjR9Ux,cus_DH1TpKMRfy6NMT,200000,200000,0,eur,succeeded,1,0,,,bank_transfer,,,,,,Subscription update,tom.martin@cedarpoint-technology-group.example,txn_3vl81prN5sxbzObxcxooff7M,1730399550
ch_36Te5n1tWgIk9zsb829WmsXw,pi_37YWx8CekJ5LqaQuSEGysrFo,in_1iH5FhSIYWcZhHsQlEdUNhNV,cus_NLEpRd5cTmOwia,100000,100000,0,eur,succeeded,1,0,,,card,amex,5244,2,2028,FI,Subscription update,riikka.lehtonen@silverpeak-schools.example,txn_3BqvTvfSuWy4jpnQglLjJYtc,1730535924
ch_3MYbfzfM90M4rtys7dF3zGUQ,pi_35zktWVRZWqpaLZ5diAgO84H,in_1fwBGvtVFhEpzi6r8DB2cfTa,cus_r8UyeQ6glBkyct,100000,100000,0,eur,succeeded,1,0,,,card,visa,4523,12,2025,FR,Subscription creation,olivier.lefebvre@brightpoint-wi-fi-solutions.example,txn_3QjOF2SkFvg0YHIZrZBnarU5,1730590504
ch_3JC0Kc3IfR6bNcpTL342lDkg,pi_3Zv0D9vj3puSX2vsQ4s1tfFX,in_1PaVzfG7052WlC90GmbZoYkx,cus_HtG6ImWHdUNx69,59900,59900,0,eur,succeeded,1,0,,,card,mastercard,8279,6,2025,FR,Subscription update,guillaume.laurent@summitlink-rf-consulting.example,txn_3ebXskAFcvuzAiIgPkuuC7VT,1730643711
py_3tasd4s8hCJrRLJzvuY6D1FJ,pi_3VyE2R8TAaa1hktzKYk1MIhP,in_1SRRTVDrSCn3hd9OrEMyrXgF,cus_UxF0F2TYZOQdRF,119800,119800,0,eur,succeeded,1,0,,,bank_transfer,,,,,,Subscription creation,julia.wolf@northstream-clinics.example,txn_3iyPp2a6ZpjvGJqdafwyTrHj,1730720616
ch_3Pt08OCqS5zgJAXqmcrY0Jed,pi_3l6EBEispatVEWodiiJAnr0l,in_1vr9gOBrjZUB61TgiPRN5qJC,cus_EvpgkM5M0YAZL3,59900,59900,0,eur,succeeded,1,0,,,card,visa,0504,9,2027,IE,Subscription update,daniel.davis@mailbox.example,txn_3lZgmfFBGLSStBf8ENxPlgoN,1730724551
py_3wn3yoxmsi2UqTmNBeVNFHHZ,pi_3yKW5yP2j5mgkem6E7RiAde9,in_1ZaW4DHQEwQMueRIzJomNzz9,cus_l3XEAIe9RzbQxp,119800,119800,0,eur,succeeded,1,0,,,bank_transfer,,,,,,Subscription creation,mikkel.pedersen@crestport-media.example,txn_3pcpGuyC3thpcoppYVvPpbje,1730748340
ch_3K0YeM8PAkynLB73sf9sCptm,pi_33aYjejZO2xR7pQ0kE7LY3Ew,in_1voeWcyMXxt95zornxFfwTKk,cus_s2KMqWsZinRrt2,100000,100000,0,eur,succeeded,1,0,,,card,visa,2818,12,2024,US,Subscription update,wei.green@postbox.example,txn_3kSmm2oNooD8D0Tr9ekBpBqx,1730806342
ch_3vMrTUgTODuC6Ofk9gU8uc0Y,pi_3PmFmKpOogNmYn9vovleXhAc,in_1vEQNrJs7Hw83sqVYP5naZbn,cus_sTXy5R8dcVM0Vi,59900,59900,0,eur,succeeded,1,0,,,sepa_debit,,,,,,Subscription creation,marko.jarvinen@apexwave-construction.example,txn_3tsYkrkAtNLTjOBtEWeMGHDy,1730891220
ch_3AFlwHVJlUR0qRWVeo2DrdRO,pi_3wjIE5JFs9aqhEXDmQH3DTp0,in_1hsuE6b5cDmnL0tWIJi7aP3b,cus_yJWzqxSlxND4Qt,59900,59900,0,eur,succeeded,1,0,,,card,visa,9984,9,2025,AU,Subscription creation,robert.campbell@cedarview-wi-fi-solutions.example,txn_3Aa9wgCHKjVmD1K0cB2KmmCY,1730894670
ch_3n9xi2Ceig3XZPLM0tRxVI6d,pi_3xzOwWru8d8us0SLYEBsxqNL,in_14W0IaDsZCVk0QuMSZTc5WCl,cus_Nv8Gik95N5NpPB,100000,100000,0,eur,succeeded,1,0,,,card,visa,0829,11,2026,US,Subscription update,paul.evans@evans-wireless-consulting.example,txn_3O3hyEcjgh5M51m6247hvbnW,1730895469
ch_3ZbS48k3M5DBIuuRstO1mqIL,pi_3GHzNXbAPA1qsYPKq4Li8mko,in_1UFCHsbAQmiXJl3n3M7pqMmv,cus_TFVcidCJTYFMiK,59900,59900,0,eur,succeeded,1,0,,,card,visa,7332,8,2027,US,Subscription creation,sarah.campbell@northview-construction.example,txn_36MCSyhQOBFlRXWnQeZ4jd1N,1730958613
ch_3TksqZm7RA9orV6kWiXclfWK,pi_3bq611pEbMm1xbenqXcHDqmJ,in_1oFmJn9Ig0PsJzb3QqgOLwVL,cus_WDuDuHXFO51Axt,100000,100000,0,eur,succeeded,1,0,,,card,amex,8003,10,2028,GB,Subscription creation,james.parker@mailbox.example,txn_3IqpuygC2sE7SACH8fdsPUQQ,1730990381
ch_3bTAuhTvdQ7fodCFoDghgwcj,pi_3Q9egMjkx9grslm7EsPvxdkw,in_1dJBjtBfscdEK3caYDnBv98T,cus_35xA6AfOKJeqoy,100000,100000,0,eur,succeeded,1,0,,,card,visa,9831,6,2025,US,Subscription creation,kate.martin@martin-network-services.example,txn_3rSamYn6z7ifoXlzLrtZCb8M,1731005459
ch_3GWT6hSTplTKMcxuLOAzZU2P,pi_3ga3PpsH1xkLH5ijLFnYmue6,in_1W9b7V5PiJFTii1VyQFThTBp,cus_TW0KwLhPrMtfiP,100000,100000,0,eur,succeeded,1,0,,,card,amex,4554,5,2027,US,Subscription update,ben.campbell@mapleport-rf-consulting.example,txn_3epdbARJZglzd6kOPtBKwIlQ,1731066566
ch_34ku1EjEeizMd7ELPwKXTlRV,pi_33RMBMqHpxVh4VWnedRM0NUy,in_1XVjbjRcBVH8Bp1MeBMN4eJ1,cus_kcwNXTVfSYi98D,100000,0,0,eur,failed,0,0,card_declined,Your card was declined.,card,mastercard,3593,8,2028,IE,Subscription creation,ben.lewis@alpinepoint-rf-consulting.example,,1731091306
ch_3yWsfv5Z05KAkxq8R9ps1nrv,pi_33RMBMqHpxVh4VWnedRM0NUy,in_1XVjbjRcBVH8Bp1MeBMN4eJ1,cus_kcwNXTVfSYi98D,100000,100000,0,eur,succeeded,1,0,,,card,mastercard,3593,8,2028,IE,Subscription creation,ben.lewis@alpinepoint-rf-consulting.example,txn_3mudbRLM9GCjEqV5UgDHcGyS,1731091492
ch_3HNqTIedTUJw4u3SXXKAt5E4,pi_30brlhQqVTppgwYCMVq316og,in_1HDyIMQWhJdfHMRD7zqmX2U6,cus_h4FvzhRXrLVVE4,100000,100000,0,eur,succeeded,1,0,,,card,mastercard,9793,4,2025,US,Subscription update,james.scott@alpineview-wireless.example,txn_3iKNg01G2CXXHhrvtqqa9zkh,1731140558
ch_3lPJcvfndfZXBbDK4Hu87HdK,pi_3RhB2Hdq4LaAwvfMP37mDwKZ,in_1W6YGo81dOGCnU5m9HPcGCfJ,cus_i9mvuvIX1PIfCe,100000,100000,0,eur,succeeded,1,0,,,card,amex,2084,6,2025,IT,Subscription update,luca.esposito@aurorapoint-clinics.example,txn_3ouII8522DFXnpTzrkb7SzCi,1731158582
ch_3tzj392uxoeBAqkqBX6QIwrE,pi_3yRMDlndcKpK21d4ie7vSKRy,in_1ZeWqzA3oSA00XL6SK32j3WD,cus_dEkCghARmkBRfe,59900,59900,0,eur,succeeded,1,0,,,card,mastercard,0073,11,2028,SE,Subscription update,karin.dahl@deltaview-clinics.example,txn_3o6NyZopvgybsssIZFDaVRMt,1731177688
ch_3qfqt8dXfPRBIzHLF7z2L5BA,pi_3oJQTIBwgzrUhCY5WsWJ4CgN,in_1AUTL2yQOBMG58jSQBt9NfiO,cus_bjUbnEDtcnB77t,100000,100000,0,eur,succeeded,1,0,,,card,visa,9438,7,2026,ES,Subscription update,miguel.diaz@cedarwave-networks.example,txn_3vdTmkPIafncybbnfDzCIrAM,1731236829
ch_3Z8NbK2I3bM65Rvw08QPWXbI,pi_3bYRGjgQaRFmPf1mcUD7nrpb,in_1v6Cm9xE9UBtLIGf4VbpJdtq,cus_YqLc2BmHzYnMVB,59900,59900,0,eur,succeeded,1,0,,,card,visa,5276,8,2026,US,Subscription update,andrew.roberts@vertexcore-communications.example,txn_3oVZN86cbboSPRdAesHhB6Ol,1731307680
ch_3AADHlgMDOl2v0eZcy4JMKon,pi_34o0XZYxY0UgNkghCYiqZIXz,in_1q1VvWXxChT9uHJkgSCnnXwJ,cus_xGOrlzrOlLa9ji,100000,100000,0,eur,succeeded,1,0,,,card,mastercard,5348,5,2025,CA,Subscription update,matt.lee@pinefield-networks.example,txn_3578KhnnQlEdNIPJlXWLlKAu,1731346637
ch_3ZlC7lY0xiTTGwtSGqcTvLkj,pi_3r5wCyHa7zBYUFDlSjhr7NWp,in_1ptQiPdWtCcsdVbuixv7SF3c,cus_9ZTjObZNqJSvma,100000,100000,0,eur,succeeded,1,0,,,card,visa,1228,8,2027,US,Subscription creation,megan.jones@vertexpath-systems-integration.example,txn_3dFMuvdfEeo908Z13R2PDgPL,1731410371
py_3WIPelg1VKAQLYSxygQwgSMN,pi_3DAM7PVTE8r8ZjjP0YmJiEf8,in_1afS2i1RAw6Zs8BmCtZeTlhD,cus_ESYSEPBwEQrkJX,300000,300000,0,eur,succeeded,1,0,,,bank_transfer,,,,,,Subscription creation,ben.young@alpinewave-communications.example,txn_3E1shfxr3QrRthfPHCkmHaWn,1731447369
ch_32sj41hY0wokEtPXxzC3Tvo4,pi_38mx3i7jRtIoE3ZWYW6WoOok,in_1Nl3Io1dsppV2kCP3V3txjnV,cus_GLb9UNJNnh38lJ,300000,300000,0,eur,succeeded,1,0,,,card,mastercard,8263,10,2026,AU,Subscription update,mark.jackson@deltastream-hotels.example,txn_3IepPy0qzsGYP3YerSnihJIB,1731474873
ch_30QRolisBhGo8GV8ohZYiV8P,pi_3QRvpJYEIBt1cnjZGja1PgQU,in_1wpA4qXjgyEpDA1ntXFbqclH,cus_4yAQjXfytiNsLI,100000,100000,0,eur,succeeded,1,0,,,card,mastercard,6792,9,2028,CA,Subscription creation,ahmed.jones@jones-wireless-consulting.example,txn_33trKxasnbXDmQEns8pcDBkR,1731511796
ch_339vUDvbsPeiBbQAC5KiqswJ,pi_3Scv9lFjZ373efZxnNDg4wja,in_1qJQMMSj8tJwGsscLWYTwa7k,cus_FNDMjDynT04PzL,100000,100000,0,eur,succeeded,1,0,,,card,visa,9956,9,2027,SE,Subscription update,mikkel.johansson@brightlink-logistics.example,txn_39Ui5PUXNnRQf5I7qxuhKyvY,1731525426
ch_32X24Qbfgk8UZqFdQdmcygvr,pi_3Zy79NP8C081zGdrk4Rbbubz,in_1TNwdEHIMXPlsrKJ4WJlFaUo,cus_cpjdNirPf2u5m6,100000,100000,0,eur,succeeded,1,0,,,card,mastercard,7702,4,2025,NL,Subscription update,femke.vandijk@beaconworks-technology-group.example,txn_36VF6D3ELY3JvwBpkDxJ4Kyu,1731552215
ch_3qMBux2uXU9UVOQja0uvZTH0,pi_3W1nn22wFBK1N2w4uym2csuX,in_1Xp5i2Vh3UWZ9fWxoou98630,cus_BwWWfgTUihRm2z,100000,100000,0,eur,succeeded,1,0,,,card,visa,8974,4,2025,GB,Subscription update,chris.campbell@bluepoint-wi-fi-solutions.example,txn_3i66dzokzcmI27tVvZVClYsl,1731576949
ch_3fa7ywdAVx4Ovcs3d3GbinNn,pi_3VMKFV7RExrGuDEXJJqP7wSK,in_1WOIyFE1Ln02lsW2TtJ54476,cus_bYzxwzlu66KCF5,200000,200000,0,eur,succeeded,1,0,,,card,mastercard,4706,1,2026,FI,Subscription creation,jukka.turunen@turunen-network-services.example,txn_3kZwEj3aVjPqsTZquxF4aGpd,1731578279
ch_3AbFrYt8Zv8dle85BgX6zPWJ,pi_37Swhlcw1LZhSipzAiW3WrOl,in_1lc13N6DZ9latalc3GJqUKYQ,cus_sP8KSNPwszEOZT,100000,100000,0,eur,succeeded,1,0,,,card,mastercard,7430,3,2026,US,Subscription update,megan.lewis@pineworks-networks.example,txn_3zodvLtvMfftjgtMJoZLy6Sy,1731579431
ch_3SyfH9IQNko5YQ3DAk6HmPUG,pi_3k1QzNLuhcSkmkVWa2gyB44A,in_1lCTAxGJ13c7Qlib5qZzK86i,cus_sI7DIbNDTX0tik,100000,100000,0,eur,succeeded,1,0,,,card,mastercard,9800,4,2027,FI,Subscription creation,riikka.jarvinen@jarvinen-network-services.example,txn_3Wk67WtaTBcaGjdSLTFvyEfO,1731665506
ch_3HV1eppqS4DNPuhgxR3jSh0a,pi_3lcVnhGEH8OkziiN4fC1UmiL,in_1Ld5KoQRPFKSRpF5n9ESc3sY,cus_Hc0cSYKF6im49h,119800,119800,0,eur,succeeded,1,0,,,card,visa,8638,4,2028,CH,Subscription update,jan.fischer@bluemark-logistics.example,txn_3amwHc9PJj0cY5Efu6jtla2N,1731750639
ch_3w8fd1abL6j4LzNC7sPYEQx3,pi_3MYAFFHEv8bUNX9eNTs5ybt2,in_1JoQo81J6w4h9bhehO10kffx,cus_SkkLpcZ5OhhbY7,100000,100000,0,eur,succeeded,1,0,,,card,amex,1278,1,2028,GB,Subscription creation,amanda.jackson@jackson-network-services.example,txn_3yVPSifw7KvntdElSNMvx57N,1731754608
ch_3RiCw51XTb3J8nD4bF456DVI,pi_33wNZCGjLlUngJg2iMGYoK8M,in_1gCCUZn93xprV5jg9XZXiHOl,cus_2477sHuuAMqNAg,100000,100000,0,eur,succeeded,1,0,,,card,mastercard,7569,12,2026,GB,Subscription update,jessica.green@signalport-wireless.example,txn_3UlZzMFMOscHpNXINtWQTWyk,1731860661
ch_3Vyj1LGtUXPdnSAEFgf9Nqpr,pi_3N8ezQw85Yx2Yfu9pLutbFq3,in_1maXBKWWjYgLIlXuYVVBJBTM,cus_06X9xNRs3202gE,299500,0,0,eur,failed,0,0,card_declined,Your card was declined.,card,visa,7859,1,2027,FI,Subscription creation,anna.makinen@lumenview-telecom.example,,1731937305
ch_3Gjfb1s3Tted4HEMr3tC11Mj,pi_3N8ezQw85Yx2Yfu9pLutbFq3,in_1maXBKWWjYgLIlXuYVVBJBTM,cus_06X9xNRs3202gE,299500,299500,0,eur,succeeded,1,0,,,card,visa,7859,1,2027,FI,Subscription creation,anna.makinen@lumenview-telecom.example,txn_3eSYjsH8YzHtEMvjv4DUgOYc,1731937419
py_3OyAn9J3RZM4BTHmBuwS8jZN,pi_385Zk8gyO8xIqqdSM7oonBH0,in_1vMi2DPIAOekr8uomjDv0Dp0,cus_KSxD48wtyNhtuT,200000,200000,0,eur,succeeded,1,0,,,bank_transfer,,,,,,Subscription update,paul.young@balticbridge-communications.example,txn_3TOUXEFPBt4bjS0FUNPlP14S,1731975071
ch_3HdA7wysSyqFfBf082hozqyD,pi_3QobY3UtIavW2EghpyvwdikS,in_1eH8wY5r7ODvO9NvmKkqK2oT,cus_VFOKax04u40OSu,100000,100000,0,eur,succeeded,1,0,,,card,mastercard,9331,10,2028,NL,Subscription creation,pieter.mulder@orbitport-rf-consulting.example,txn_3SuCni6eTEUZmXJxwKDriWrN,1732022938
ch_3q3QWJcfeYkojlbpDPW62zBX,pi_3yq4unompp2htgm1S0PkoeMZ,in_1rUstG9JZgxKqgy03ZrtQfqf,cus_pQy5SX88oOIaTX,100000,100000,0,eur,succeeded,1,0,,,card,mastercard,5262,12,2027,DE,Subscription creation,jan.richter@polarbridge-warehousing.example,txn_3r4CQ4hB5JknyxUg3EUBZOTo,1732026579
ch_3RCuSfk6A2VbbMh11jO0WU7W,pi_3G4LN8BPQsWwGIviF0Bgfhpj,in_18TvmHm9aLQBKWhD9vaUFAWY,cus_DhQw32jl9aOuN8,179700,179700,0,eur,succeeded,1,0,,,card,mastercard,9688,10,2025,US,Subscription update,raj.smith@crestbridge-networks.example,txn_3LSayCkDc5cWiN63RdXNq8sA,1732082601
ch_3sJ1dVTgqjTD6tQHxmK38Mpu,pi_3GnWz1CzKMiilcaeEOfkCCcz,in_1sF5ga9Oii79hqcBPctCKW1z,cus_c6fUqhiNm8q1L0,100000,100000,0,eur,succeeded,1,0,,,card,mastercard,5098,5,2027,US,Subscription update,chris.parker@silverpeak-technology-group.example,txn_3muDba845SqwGJ9bYc8qODmo,1732097426
ch_3ck1TcmVUI8DlxEO7fIKl7XS,pi_3pYNAYENVRRrpYVhHsiqkPEu,in_1NkSXQcZpIutVmTYnFRDO51B,cus_lxy9cUBB9u1oMB,100000,0,0,eur,failed,0,0,expired_card,Your card has expired.,card,visa,2748,5,2024,SE,Subscription update,bjorn.eriksson@postbox.example,,1732106213
ch_3qcXitfkhkeuRtMFogrDWpkh,pi_35HY3xKEHGiF6quC9SNL1mF6,in_1ffUjafekn1wcU4PE0k3aaiu,cus_SCr1OY49SVjuRL,59900,59900,0,eur,succeeded,1,0,,,card,mastercard,5010,4,2028,CA,Subscription creation,tom.johnson@balticline-hotels.example,txn_3H3gu36HbRxmbZczRu3xJiWP,1732122711
ch_3OAw6zKU6VFJR53VCAWkUYPj,pi_3rTuEkKv0qy84rFqFk08cr6k,in_1RzbwT6WLzHUoXA1Bfp4zQ7n,cus_jhFE25IwDU6nOX,100000,100000,0,eur,succeeded,1,0,,,card,visa,5800,2,2027,US,Subscription update,jason.scott@scott-wireless-consulting.example,txn_3K3AiMN9aEiFqkLuZ1oMEc75,1732161887
ch_3PeLYRYv0zKKTHDRYDcz1Z5T,pi_3FW85JtxUfRzfHlbRNnpXhfy,in_1w9J1M2CcujMql9NdgC3bkIk,cus_GgJsYc9EfdQ087,59900,59900,0,eur,succeeded,1,0,,,card,visa,7418,12,2027,US,Subscription update,james.wright@ironport-industries.example,txn_3clpgmwXx900e9WLtCzeGpeg,1732192322
ch_3Fw7erSdHdO5wkVVl59utj6L,pi_3stpO7szZg2QQvpWN6yfbB93,in_1JlDXac4DXT3dzjQiu6ysvwo,cus_ECAnPjTgG60F1c,200000,200000,0,eur,succeeded,1,0,,,card,mastercard,9688,7,2026,NL,Subscription update,koen.vos@vos-network-services.example,txn_3IFUFLyv0WITtBMfbSMVUO5v,1732213793
ch_3tiYQZPN8cMcuvrrzfxiVi8F,pi_3wgDCNoxeBJuGwXzMs50NYgk,in_1bMEcJmpNdGhQLGNxcGdoiR2,cus_Z8EsUL3BGFtLsS,59900,59900,0,eur,succeeded,1,0,,,card,mastercard,8651,3,2026,CH,Subscription creation,anja.muller@alpinefield-logistics.example,txn_3aJDYajAWT3dHuzjkSzWGoC0,1732261088
ch_3ko4PJYQL1j9Mbo5UrfnIvmn,pi_3zEa7rZXkmRR4lRMnrk7n9iM,in_1uOsFNoCSOMEIqK2dyOc54aA,cus_SrtPi0nCgZqnYh,59900,59900,0,eur,succeeded,1,0,,,card,visa,8766,5,2028,FI,Subscription creation,juho.saarinen@lumenport-rf-consulting.example,txn_3eSa1lMyyTuftWCp2lTDpT1O,1732283344
ch_3cHi3YA4cb3Kr8elmwosGdze,pi_3jvQSrc2ojAYDEsL4vdvkcmj,in_1XKvGUD1D0qO1FpF9NuF8tQ7,cus_yk0VfdLVJv2V04,200000,0,0,eur,failed,0,0,card_declined,Your card was declined.,card,visa,7713,5,2028,CA,Subscription creation,john.parker@orbitlink-rf-consulting.example,,1732308329
ch_3DTT8k8GXeTMoLAbiOpyhSKA,pi_3jvQSrc2ojAYDEsL4vdvkcmj,in_1XKvGUD1D0qO1FpF9NuF8tQ7,cus_yk0VfdLVJv2V04,200000,200000,0,eur,succeeded,1,0,,,card,visa,7713,5,2028,CA,Subscription creation,john.parker@orbitlink-rf-consulting.example,txn_30G18Lzr8pvy2qj9tYTxeL0B,1732308783
ch_31wWcNF06DNi04dK0ozJX656,pi_3pYNAYENVRRrpYVhHsiqkPEu,in_1NkSXQcZpIutVmTYnFRDO51B,cus_lxy9cUBB9u1oMB,100000,0,0,eur,failed,0,0,expired_card,Your card has expired.,card,visa,2748,5,2024,SE,Subscription update,bjorn.eriksson@postbox.example,,1732366433
ch_39VeYT9KAdXxCWtaRPXiIm7J,pi_3mUVIoeENLeFSjHAVW6tbNDW,in_1KlX0OmBGasNLAUYzBhzXcx6,cus_oFCueBDs2fgRhc,100000,100000,0,eur,succeeded,1,0,,,card,visa,2482,6,2026,US,Subscription update,jason.mitchell@summitcore-logistics.example,txn_31w6S1wWeraLaCHxeD08ygHK,1732368259
ch_3WEWTL3p0vmKPabOD6zjNRjM,pi_3FBJcH8mSArw1OYrCE0Ldu7q,in_1xVl2mp5TfgpyDBvO71VyIh2,cus_4dJjOqvslvIusB,100000,100000,0,eur,succeeded,1,0,,,card,mastercard,5996,3,2025,ES,Subscription update,pablo.diaz@crestgate-properties.example,txn_3NWFZUq4lgDM2R42lB5Qt6gk,1732425675
ch_3wXfwJEJIUTVHRiraCDFiqzM,pi_3bK7gVme84fNC6aqEQutnPdj,in_1lkFK2hJ2vzoJVaDal4gW333,cus_TO09N5XPUL54yd,100000,100000,0,eur,succeeded,1,0,,,card,mastercard,0931,5,2028,US,Subscription creation,ryan.smith@stonestream-properties.example,txn_3HisSk015Tz3hAjFQkkvPzag,1732532259
ch_3uEBmSvTIomsVi6MOif2wB7w,pi_3krNQDfiqPVGmjMcij5l9OeV,in_1KwH5csHGDjYxCGCQCNbTiYK,cus_kvcYEKMMKfbItu,100000,100000,0,eur,succeeded,1,0,,,card,visa,8278,12,2025,US,Subscription creation,ryan.kelly@blueport-wireless.example,txn_384n0WmypH2wFq8YR3K8trzf,1732607955
ch_3S3SL4iK6EfxkJHShFHl8IdJ,pi_3ZXpHiFmhfL7A3Q43DfuDy3p,in_18yZo5IhSyFlEIC4320pYkTX,cus_7H5fCIRGeJrePn,100000,100000,0,eur,succeeded,1,0,,,card,visa,8742,6,2025,AT,Subscription creation,andreas.klein@westcore-networks.example,txn_3Pm4vh1OpYmQA1aR7m7ZGOjG,1732710053
py_3WQC2WMBdXQHMDjfZMK2tuCo,pi_3F1v63fzq0q2tRjJteeiLX8k,in_1QwthnQ61J8m1Yjp8ipjuQl7,cus_eco6tqi9zVk2Rt,200000,200000,0,eur,succeeded,1,0,,,bank_transfer,,,,,,Subscription update,emily.kim@alpineview-wireless-engineering.example,txn_3pCSQwd9PT9SXHGkbi5wPKVX,1732777822
ch_3JCa2JxmQIrWRBoKTCepL473,pi_3pYNAYENVRRrpYVhHsiqkPEu,in_1NkSXQcZpIutVmTYnFRDO51B,cus_lxy9cUBB9u1oMB,100000,0,0,eur,failed,0,0,expired_card,Your card has expired.,card,visa,2748,5,2024,SE,Subscription update,bjorn.eriksson@postbox.example,,1732797653
ch_33F3IW6Y2wq8nfargRhliv9t,pi_3vnztmo8KVjTAnzA9w5AL3Db,in_1g7cOlX8HPSmvOaaQQx09LnK,cus_AsaWrJHVhF3SCz,200000,200000,0,eur,succeeded,1,0,,,card,visa,8440,4,2028,US,Subscription creation,matt.turner@brightwave-wi-fi-solutions.example,txn_3bQmm9BIAyccApdXrTqGOz50,1732802307
ch_3G48t50i1cfOl9uNmGL1UODT,pi_3wXKLU5XA2FFE42y9Mmd6oSa,in_1NtWXT3kxEG1UzPpaviVFgtj,cus_jP3fLMAQmoOBDq,500000,500000,0,eur,succeeded,1,0,,,card,mastercard,2165,10,2028,NL,Subscription creation,pieter.vos@maplepoint-wireless-engineering.example,txn_3IH7Aaa1mNPzXOuxhWznVES3,1732811277
ch_3mOiMI6RQZs6xHibkQM1IwSv,pi_3WPdFMwYXFxKFWOUykAEuVz9,in_1dHtxUCQFNfZW7gOTbjwBrZK,cus_PzDl3QR07GCZLL,119800,119800,0,eur,succeeded,1,0,,,card,visa,5836,5,2025,SE,Subscription update,kristian.eriksson@greenline-networks.example,txn_3Y9eCPt9u88BZHaC0I1nVu4f,1732944161
ch_3mEuQzedGi78nfxpyeUKYp30,pi_3jG8dydpKVFgm9bu1UruRw5a,in_1bwMtKmqLC1N3LE1pE0OOwPE,cus_eKpOMpgdqdNOiY,100000,100000,0,eur,succeeded,1,0,,,card,mastercard,4375,4,2025,NL,Subscription creation,wouter.jansen@harborcore-hotels.example,txn_3hhtdUzP7viIRwE71QhT9YQ3,1733140031
ch_3JzGSh2HDID85j18cKrEvIjI,pi_3IOqqO0bZXp09vgjrEWB8oKj,in_1f6hcFNWms30IFWxJYNDEDRl,cus_hhDsPN8jBM39pX,100000,100000,0,eur,succeeded,1,0,,,card,mastercard,2830,3,2026,ES,Subscription creation,miguel.torres@signalworks-wireless.example,txn_3tOlgVKHJlPnVFlnrKFjespT,1733212554
ch_36EcopJlEF4J2TZM9BFnfL30,pi_3wH4zD5nrjWWqp2TZr4Q72q0,in_17Za11ZvKMEvmdJsb42u4bn3,cus_u6i5Uc2OAHWbdJ,59900,59900,0,eur,succeeded,1,0,,,card,visa,2018,9,2026,US,Subscription update,megan.thomas@bluepeak-construction.example,txn_3b159eYy6iPyhqNZzi5ngWT1,1733226063
ch_3U6mNZJv3mCmgKR6JGDR1tjt,pi_3DFKxrkdUs7HczDRIGqfsy9A,in_1ejvJPzPSoD8UBXGHkRN1tFU,cus_kYjMxbeYPE3NRe,100000,100000,0,eur,succeeded,1,0,,,card,mastercard,2175,2,2025,NL,Subscription creation,daan.jansen@granitestream-wi-fi-solutions.example,txn_3YhcLfAzZ4rWTdfyZ6p8uDVA,1733228695
ch_3YG2v3MXSM3YuWD6xDAdFmZ6,pi_39R00pDVTdRoJ8ZkfToOJJOr,in_1UpAPnr0TihNc1xyCg4q8Gq6,cus_OCeGfZZsSR0Avl,119800,119800,0,eur,succeeded,1,0,,,card,mastercard,8050,12,2026,GB,Subscription update,ryan.lewis@apexfield-wi-fi-solutions.example,txn_3RNjmpCjjKprpslTQbn3TTDV,1733307068
ch_389n7NBG8J1SYGKIA2OHVogo,pi_3iYBOhucBUcECI2zza8UDpvc,in_1z2J5QVGQ1aVbYDlKOiKARX8,cus_1wfXRyaay6Dlm5,59900,59900,0,eur,succeeded,1,0,,,card,visa,2511,4,2026,CA,Subscription update,kate.clark@silverview-industries.example,txn_3yfY8pWa1E0K84PQ0LiEUlYe,1733310198
ch_3QEIR3VJ8gouGPqZE2mAj0RZ,pi_3HbF96EmduXMNXBpeOj8c1pn,in_11Ltt0NceUjnteAXsbgNLJHY,cus_jG5mE4VxEWipc7,100000,100000,0,eur,succeeded,1,0,,,card,visa,0557,6,2025,IE,Subscription creation,nicole.harris@harris-network-services.example,txn_3mjjmPcYBmCLRSaOpl5OFieU,1733310961
ch_3LpWH3NELy6LockEpT4ZcjDr,pi_3GlwzVMJZupane1DPIXb1dxl,in_1jVMhkZfkFm1guStdtB9RsBv,cus_o5sTUZ7x7g9NNL,100000,100000,0,eur,succeeded,1,0,,,card,mastercard,7669,7,2027,US,Subscription creation,priya.nguyen@nguyen-network-services.example,txn_3JqkTz1FqIryvZIxoTVIZ2C0,1733389321
ch_3zgUXk1EQG4azBRN6rZTGtFn,pi_368bC4fToKIMkBomIrqPbQSM,in_1i75EdMZ9JKH51hkAoMnjLZY,cus_mmz34j22HFSz4K,119800,119800,0,eur,succeeded,1,0,,,card,mastercard,9238,1,2026,IT,Subscription creation,luca.russo@russo-wireless-consulting.example,txn_3TvlJMjc45jxzKPuxguVndIY,1733415293
ch_3Strvbngl0u593kPcFAhR59A,pi_3z6XldCLfk6ZYyMAm1nmCwMU,in_1ZQ71YUwxm5isBO5emAClWnk,cus_zev8gp4gR1fR3X,100000,0,0,eur,failed,0,0,expired_card,Your card has expired.,card,mastercard,9570,4,2024,IE,Subscription update,eric.lee@bluewave-media.example,,1733563440
ch_3PxzDr4sv74uqubYssH0v8zG,pi_38hZB5pOeR5ljViL2qMaFu2H,in_1M4JvHGxa6SO5GFf0ljHxLqo,cus_0M7HWYVoi8rjSs,59900,59900,0,eur,succeeded,1,0,,,sepa_debit,,,,,,Subscription update,maxime.lambert@lambert-wireless-consulting.example,txn_3kcHXp0940niOgkHgtEMjVoZ,1733601320
ch_34yEMiDKRUVMmyUyd1n8rPSa,pi_3mq3cYlihPnIizAJkYgjsQld,in_1Yncm54ZLCxLx2LtBqsmJXZO,cus_Qo1UxLmgMd15Lj,300000,300000,0,eur,succeeded,1,0,,,card,visa,6063,7,2026,AT,Subscription update,thomas.neumann@postbox.example,txn_34IbvBTPWtGur2VgWFMEGHyV,1733638395
ch_3W23cYyQcLDnV5Y59hLkPvyd,pi_3Yll9uMLU2Z3sFYUYGECz1Af,in_13gWU8eY1EptnvOPIJef7CwK,cus_vUOu4zzyujOzjV,100000,100000,0,eur,succeeded,1,0,,,card,mastercard,5828,8,2027,DE,Subscription creation,sabine.schneider@silverpath-technology-group.example,txn_3rKdeiqU438zImkkMJ5gHCEQ,1733725535
ch_3eiysmFGSIdVjdOU4mJ9TSL9,pi_3z6XldCLfk6ZYyMAm1nmCwMU,in_1ZQ71YUwxm5isBO5emAClWnk,cus_zev8gp4gR1fR3X,100000,100000,0,eur,succeeded,1,0,,,card,mastercard,8683,6,2026,IE,Subscription update,eric.lee@bluewave-media.example,txn_33Z1gZxGbaUxWOUPGbFQyvis,1733825520
ch_3yaQcvgIhY2Xzl5eAypJJz6N,pi_3qMQXR2fiViMrqfDJfGsEQl2,in_1eOhIoXJunUi4wkDtY43XgQI,cus_awECscToLjhlvk,100000,100000,0,eur,succeeded,1,0,,,card,mastercard,6232,4,2027,GB,Subscription update,jessica.mitchell@balticgate-construction.example,txn_3Yz8Odpsi52EnU89gomHsMYZ,1733845437
ch_3SfErNx1LyfF6utHX5QENAvP,pi_3qxS3qNPRiIZc8rTK0lK0oWC,in_117Vvsgak3NSQJXflne6wudP,cus_XYhnlUKWpRx46u,59900,59900,0,eur,succeeded,1,0,,,card,amex,6237,10,2027,AU,Subscription update,emily.adams@adams-wireless-consulting.example,txn_30BXSHrmlrnNI1p2nSYcwwoZ,1733851360
ch_3YpvjThTo0kp1qFZG46lrB50,pi_3RTFRlHMpFrVqZxj22sz3ujj,in_10KRYzLkfD22aWcwCS0ZXTld,cus_8dMmO4a3SChcQY,100000,100000,0,eur,succeeded,1,0,,,sepa_debit,,,,,,Subscription creation,antoine.martin@clearport-telecom.example,txn_3SrJc2slG6j1lCZJDtvUACgl,1733852053
ch_3BWq4vM3tjhoKuRNBf5dLK0p,pi_3Rc2JORmEOVcKP4EY6eMRYn8,in_1Tu6Aq5obrzRZuAG9AP46XEb,cus_5hqhhAx56yuWgX,59900,59900,0,eur,succeeded,1,0,,,card,mastercard,8454,11,2028,NO,Subscription creation,bjorn.nilsson@silverwave-telecom.example,txn_3fL4GoluPJneebmovRlYYJXd,1734016743
ch_3TlpCOFJRR5lOzbeppsA0E1e,pi_3sJ4GkFir1HvSbP9t0gUe7Bk,in_1OA3JQx8g7tLpxJedG4Nsp3g,cus_aoiUKXCjk1pmHu,59900,59900,0,eur,succeeded,1,0,,,card,amex,9060,7,2028,FI,Subscription creation,janne.korhonen@atlasmark-logistics.example,txn_3vAZupMUBh6mA22owIt4wBUi,1734088292
ch_3TM4ze8jImbpGFpDRcFSH2tA,pi_3n1ooPULkS5kVQsEAA2YKA6O,in_1yb114LfMI07ip91XvIU0FtY,cus_NiiBeI8YrmJGuj,100000,100000,0,eur,succeeded,1,0,,,card,visa,1592,4,2026,US,Subscription creation,emily.carter@nordicgate-wireless-engineering.example,txn_3cH3oNIFEQdo20JICCBH2fow,1734090127
ch_3fmIenloBAR36AcrSupTDAOl,pi_3fe4SuQ2cIuuNOu2aEIMO6OE,in_1UBS92qf2lsIpllOioC9Bn4X,cus_230JuHmNUC7FVl,100000,0,0,eur,failed,0,0,expired_card,Your card has expired.,card,mastercard,5777,10,2024,BE,Subscription update,maarten.jansen@inbox.example,,1734203519
ch_3jOL5VfbmnZHGwzMFFc0Wuff,pi_37YKXacHbuaM7k0IBfNdVDnL,in_1WDSWS70ZDoDVBlm5kZvtM5u,cus_kGTkmiBSl1WilG,100000,100000,0,eur,succeeded,1,0,,,card,visa,3019,1,2026,FR,Subscription creation,nicolas.rousseau@rousseau-network-services.example,txn_3649rOTMb2XXBDE8u82UxeXc,1734359450
ch_3HjhhXL1MkafppUyMmkR3ng6,pi_37y0dNjXJVj13FtsWzdChxkS,in_19a4QbccFFXvJoWK6bVVvOjG,cus_TPaj5ekdo7vW9Y,200000,200000,0,eur,succeeded,1,0,,,card,mastercard,5408,10,2026,FI,Subscription creation,anna.jarvinen@balticview-it-solutions.example,txn_3M9Aq9Wo9w5ixGow4LsA5tws,1734361507
ch_3UFD0h8VrQYruMfHqT0YOuCk,pi_3dv9M45jlj3hjgqPuzbL1ICa,in_1ezedtzx2mniUsLAoD2079Hi,cus_K9EPJoaaGXLTwB,100000,100000,0,eur,succeeded,1,0,,,card,visa,3611,7,2025,FR,Subscription creation,olivier.lefebvre@crestlink-wireless.example,txn_3pNVd5c5etF5J2JOmQoehrip,1734385071
ch_3GxoqycJwlozgqBb1VOOiaBC,pi_3D0otAOIVbvd54Md0KiKEFwB,in_1WnQrEkXltiTvMl2TLsbPzXT,cus_8FpGBbaw5FTgHh,59900,59900,0,eur,succeeded,1,0,,,card,mastercard,1852,8,2027,DE,Subscription creation,sabine.weber@westbridge-warehousing.example,txn_3JhQReFlobMUXB9xbSBI1iBU,1734457031
ch_3RASQvjIw6sKmuNsxs7xN8bM,pi_3fe4SuQ2cIuuNOu2aEIMO6OE,in_1UBS92qf2lsIpllOioC9Bn4X,cus_230JuHmNUC7FVl,100000,100000,0,eur,succeeded,1,0,,,card,mastercard,3732,9,2028,BE,Subscription update,maarten.jansen@inbox.example,txn_3GWAPZpwWUU5zyMntEKqlbv0,1734464999
ch_3yimkezdhDZvP2lOai6gNxEG,pi_3vmaTXv5Ed0IpBXx57xsMH9R,in_1CeFMXg080dvWXLZSLII5A9K,cus_4CAGuYkGo1zuPs,300000,0,0,eur,failed,0,0,expired_card,Your card has expired.,card,mastercard,7188,7,2024,US,Subscription update,priya.thompson@postbox.example,,1734505706
ch_3mZzH0SUPo293UNS9nTNw34i,pi_39YcOyjO0B4SeOpwD6mhrk5A,in_1MbEAzHdMbWEQeYH7vm7TDYZ,cus_ZJ1rJxmxiYoKDz,100000,100000,0,eur,succeeded,1,0,,,card,mastercard,3937,3,2027,NL,Subscription creation,joost.peeters@cedarport-wireless.example,txn_3jFJGPueQW0tgPjmkwz1fOGL,1734515264
ch_3NtEduzAQHhu5P8aySCswQiM,pi_3UbXIVhWEzNCjlKbxmxQqWk0,in_1GKBI0E84gZuMRWAh9gdi9Oz,cus_Qow5FF13rxI7DY,100000,100000,0,eur,succeeded,1,0,,,card,visa,3642,5,2028,DE,Subscription creation,markus.hoffmann@apexline-rf-consulting.example,txn_3HkKSRuOjTq4PGGvogHVYUwn,1734537342
ch_3qmby4hCfMBjQcUi4REkG2ra,pi_3MR7RhPPfvbUY33v8u23kiUy,in_19Dijzq6HSXXWZt3nPtmhs4B,cus_dRGwqmtxCQy8eJ,119800,119800,0,eur,succeeded,1,0,,,card,mastercard,3704,8,2025,SE,Subscription update,mikkel.jensen@stonemark-properties.example,txn_3kepgosQoTbWnJpWa1F0sQGW,1734545689
ch_3mPRyyvm21ow20PLAmABUxkH,pi_3QaKOOZz9nikeBxTzxlPvxe2,in_1EADN24UGDbirz6WidKwnsjY,cus_doluE9EJ9YJcIg,100000,0,0,eur,failed,0,0,card_declined,Your card was declined.,card,mastercard,4915,1,2025,US,Subscription update,paul.king@westport-construction.example,,1734561274
ch_3mnOskk0D2SfdiDkm5NwwvQj,pi_3oaMzaDsMDU9hkeFl1Mu2Jie,in_1WarhpltM6yEWdn4AXgJ6wG8,cus_nD1Pjov4vC6zJl,100000,100000,0,eur,succeeded,1,0,,,card,amex,6415,4,2027,US,Subscription update,sarah.taylor@cedarcore-clinics.example,txn_36jvz2b1j8svqgA4nHL4WAmM,1734601643
ch_3NWSjDmiRr766pDjSYP8ViKc,pi_3e4Z8ZyqF5m5PYyQexXTDuh8,in_1aXJUAjD3Svw4k89d9w9azlj,cus_CNAXSKRsHTQ6jQ,200000,200000,0,eur,succeeded,1,0,,,card,visa,4551,3,2026,US,Subscription update,steve.williams@balticpath-media.example,txn_3UiWqXLlttamrF7OgjyGpqd7,1734661263
ch_3TrZCPAUuWoF83dbvJMjCTVR,pi_3xYHx4xK0c4TTIGpxcYKLKBS,in_14kWCDy6zEJnFiRq9pfazaAN,cus_jzllszrTJSvBCu,59900,59900,0,eur,succeeded,1,0,,,card,mastercard,9517,12,2026,FI,Subscription creation,tuomas.nieminen@mailbox.example,txn_3EQzhdbWHtyPMlLtkdMKgcmb,1734689772
ch_3wBM3kyCYb1OkpsXOmEJZERS,pi_3vmaTXv5Ed0IpBXx57xsMH9R,in_1CeFMXg080dvWXLZSLII5A9K,cus_4CAGuYkGo1zuPs,300000,0,0,eur,failed,0,0,expired_card,Your card has expired.,card,mastercard,7188,7,2024,US,Subscription update,priya.thompson@postbox.example,,1734765206
ch_3FNLzD85Rc5aoaWloTSdmDde,pi_3ZYvnAzFx3s3LKdaQBS034dH,in_1w1osmM5QLUr7ffPfHxDy66r,cus_1y8LzXMbMF0WqZ,100000,100000,0,eur,succeeded,1,0,,,card,visa,6754,1,2027,DE,Subscription update,julia.schneider@clearmark-rf-consulting.example,txn_3czbRjiLEuhKhwYKkksfJUxg,1734783989
ch_3dmQEHOakgr0TxayVrgeoQt2,pi_3QaKOOZz9nikeBxTzxlPvxe2,in_1EADN24UGDbirz6WidKwnsjY,cus_doluE9EJ9YJcIg,100000,0,0,eur,failed,0,0,card_declined,Your card was declined.,card,mastercard,4915,1,2025,US,Subscription update,paul.king@westport-construction.example,,1734820894
ch_3thJwmHwt61VfNSnWSZ2Hs2v,pi_3G8DEcNQGNUcKmuBvyQzRC9T,in_1azfVuzg3OCyNHzRN77VH9Cz,cus_AaFGiV1maDdzqX,100000,100000,0,eur,succeeded,1,0,,,card,mastercard,9844,4,2028,CA,Subscription creation,olivia.king@summitview-foods.example,txn_3iEFXw49SzaltIUUbi5Nn6s3,1734855978
ch_303iYXfeRO8EYMZX4PeKq1Vs,pi_3KQPYUZcqRN4CbBmeTvFIs8u,in_1neUzUaJ2NtfYlrXMgESaHAM,cus_Tmmg348x51y6tb,100000,100000,0,eur,succeeded,1,0,,,card,visa,9334,5,2028,US,Subscription creation,tom.murphy@pinestream-telecom.example,txn_3zFv8wElzaJZDPJk7l6d1HsW,1735029435
ch_3fXRe26MeHDd2V2TTvYU5sRp,pi_3my7OHhOtgWxkkA5PqgaTJTh,in_1XGIFZle93flUNDMnS8NPsy3,cus_JCu8VqkctJR0ou,100000,100000,0,eur,succeeded,1,0,,,card,visa,0520,5,2026,US,Subscription creation,daniel.green@alpineline-wireless.example,txn_39hyc6CLy0aDbbSxVJBcOY77,1735134422
ch_3CcgGGdXkKkYrPsip4ql4tPo,pi_3vmaTXv5Ed0IpBXx57xsMH9R,in_1CeFMXg080dvWXLZSLII5A9K,cus_4CAGuYkGo1zuPs,300000,300000,0,eur,succeeded,1,0,,,card,mastercard,5559,8,2026,US,Subscription update,priya.thompson@postbox.example,txn_3BkkNfmS5Q8zJAJb2Fb3lE46,1735199126
ch_3pXf2KckfohAQQAvrB89g7sq,pi_3E5l30Bn0ACwNaddlMNwC3Xh,in_1upA9KPDJzY8eSw7HlX5Pepk,cus_7FYsetJlZufQlO,100000,100000,0,eur,succeeded,1,0,,,sepa_debit,,,,,,Subscription creation,katharina.richter@northview-systems-integration.example,txn_3hwO2xS1zTIF2uMUEok3BzsQ,1735215749
ch_3KfKyVjquUjt23XANPaKfsiB,pi_3VKGFAGoBfHk8NF59qlzncyQ,in_1NmxivfsuktSpsDWtNPcOQ4a,cus_Bxx0AGGEEk6HjH,100000,100000,0,eur,succeeded,1,0,,,card,visa,9838,8,2026,AU,Subscription update,brian.thompson@thompson-wireless-consulting.example,txn_3PVHExY8DrBruzTzGxif5xDG,1735237719
ch_3vhHfeQHeM5yypBqlCw5pXjJ,pi_3QKUwR3BZDd8diUGRAHLDT9M,in_1acpNgmg79cDRXHJRqpbKC20,cus_kJJWkdkiCPOS1T,59900,0,0,eur,failed,0,0,card_declined,Your card was declined.,card,visa,7337,2,2026,DE,Subscription update,markus.weber@mailbox.example,,1735239878
ch_3FBIHMCZgF5WKMbuPZLRL1qf,pi_3QaKOOZz9nikeBxTzxlPvxe2,in_1EADN24UGDbirz6WidKwnsjY,cus_doluE9EJ9YJcIg,100000,100000,0,eur,succeeded,1,0,,,card,mastercard,4915,1,2025,US,Subscription update,paul.king@westport-construction.example,txn_302h4QVFl4dqoai6aHhNzxLU,1735254214
ch_3FbiCfX2s0emvyBYZe7WVTQK,pi_3wPtFHlbtvOVsfgQw8tGqFim,in_1yi44Exx7m073rl134A98Jau,cus_HVjjwjEAPYGQT9,59900,59900,0,eur,succeeded,1,0,,,card,visa,5088,4,2025,US,Subscription creation,rachel.baker@stoneview-wireless.example,txn_3i3XRPniW1xBMsFDDIAlQP2o,1735291423
ch_3Rna2z8Ve9aAAJ8opkzrEMXs,pi_3B0ewZR9V5FqvgOAlvkLTZDe,in_1PXatihd0P6fc4LEYNN5499o,cus_3DvhlOWcLMOG4p,100000,100000,0,eur,succeeded,1,0,,,card,visa,9419,4,2027,US,Subscription creation,jessica.kim@kim-network-services.example,txn_383ZRSp7idUDiNJtuDVSTnWF,1735311986
ch_3G4lLWQS8SCdi9tp7RcwXfSj,pi_3px2SwA8rZp58a94cjvpObgj,in_1HZHfm9MpwX63QkhWjyTIQYg,cus_fXMVvqjY3XhmXN,300000,300000,0,eur,succeeded,1,0,,,card,mastercard,9091,11,2027,AU,Subscription update,robert.kelly@inbox.example,txn_3S92gfo4XduVhbmPJHQ23JhQ,1735356107
ch_3z6IbwyXQC7IdkzmBnToRuYn,pi_3Mm7zQQhZQYBgXbf14lRTVBb,in_1aGh8HpFn5MhB8Il8Le513ux,cus_wNEaOnN3q9ymGp,100000,100000,0,eur,succeeded,1,0,,,card,visa,6648,1,2028,DK,Subscription creation,nils.sorensen@graniteworks-warehousing.example,txn_3hlslMNbIlWbK5LWx2RgztTb,1735360590
ch_3t3tBRlHFEOgeX8CztL9nXSq,pi_3cuvT9YexaCjEP5fFgDkCn1k,in_12ntVSexNvw5n1fU0gIwLpEp,cus_xalKn51erRcp66,100000,100000,0,eur,succeeded,1,0,,,card,visa,3295,9,2027,US,Subscription update,jessica.evans@postbox.example,txn_3swtavZOiGtT68ttBsJBun3e,1735386610
ch_3Ztj9H8PS6SiHT8B6gg0aYeK,pi_3bdhSCO2Gldq5Pstdrd5L8vX,in_1vBdDAxPaq49ZbktAk8q1Re5,cus_N9mpttB2MUMfvi,100000,100000,0,eur,succeeded,1,0,,,card,amex,6464,11,2026,GB,Subscription update,rachel.williams@clearpeak-technology-group.example,txn_3NNKOppmqOoOConJ20FPu8EL,1735494327
ch_3vF1SybJfHoiUPmBM4RLFzx8,pi_3QKUwR3BZDd8diUGRAHLDT9M,in_1acpNgmg79cDRXHJRqpbKC20,cus_kJJWkdkiCPOS1T,59900,0,0,eur,failed,0,0,card_declined,Your card was declined.,card,visa,7337,2,2026,DE,Subscription update,markus.weber@mailbox.example,,1735504298
ch_3hkWiOXzQAiYyJqVDDDs5t52,pi_30bdXh5Jf8GFfxNCG14NkypU,in_1fmtnTwHaXyXzNmaBLIzJ1Lo,cus_r7UDzG8Mbc1zGK,100000,100000,0,eur,succeeded,1,0,,,card,visa,1359,9,2027,FI,Subscription creation,kari.virtanen@westpeak-foods.example,txn_3pZ1d3OIBeRinJidk5fBXHPi,1735555528
ch_30wrSRGXTqhpeDbrBJIlR7rv,pi_3VHX1gguv9omnLO7MKowZVW1,in_1K3XxAlKghJ2O5xpg3e4rQK7,cus_tSt990X9oCBpP3,59900,59900,0,eur,succeeded,1,0,,,card,mastercard,4063,7,2028,FR,Subscription creation,romain.leroy@polarpeak-wi-fi-solutions.example,txn_3qGCqlvKfXkYVLPhkrJyCIRp,1735647853
ch_3gi6YF8Qt0RSQdPamNGiljcS,pi_3cNLxB3QQ9jvr41cmg2pQwDb,in_1cHBSCp8YEpHtCLruHWtc2nX,cus_49pa0rdLwlhlng,59900,59900,0,eur,succeeded,1,0,,,card,visa,6855,1,2027,IE,Subscription creation,kate.scott@scott-wireless-consulting.example,txn_3OJEIGWFz48C8FB2M8Y0kX51,1735665519
ch_3GaOeuIrzKR2q8TmigXfxVL5,pi_35u9081bd9lqDGwtJrfjYoEW,in_1kJTNiYurxRruZzTNAiRIIVI,cus_FUpEnC8kKKXjOu,119800,0,0,eur,failed,0,0,card_declined,Your card was declined.,card,mastercard,2070,9,2027,US,Subscription update,john.phillips@maplebridge-logistics.example,,1735717024
ch_3TeBTYtwjw7ES87WiLaOQlcF,pi_3X0aPj58KuZwYztSFUpAsYuN,in_1Bj7Iq7E73xagAKRkguFBCS3,cus_gevA4s0yRpDEjk,119800,119800,0,eur,succeeded,1,0,,,card,mastercard,2500,8,2027,GB,Subscription update,raj.mitchell@apexline-rf-consulting.example,txn_3cYnmwFHpJFjUlZOAw5HZe2g,1735724860
ch_3qLrDOou9tlV96usB0u1kGn0,pi_3Dv9v4I6oVU2xzEw1qGYHoES,in_1vLDa4m5nN9l1jZYUs3Jo2Um,cus_o03knMX24ZvS6z,100000,100000,0,eur,succeeded,1,0,,,card,visa,6348,2,2028,GB,Subscription update,josh.clark@silverpeak-properties.example,txn_3y54LCFYel2eI6Jgv4opk488,1735746097
ch_3LJ1LgASUJ7gGuvORfobdDn2,pi_3OzZgaoDGIfeTPLgV0InDr7F,in_1LJSRRNoxdzH9KSowUTlMjXh,cus_3YwCH7MTuTl49i,119800,119800,0,eur,succeeded,1,0,,,card,visa,4460,3,2029,NL,Subscription creation,bram.dejong@de-jong-network-services.example,txn_39q1vU03AtNsmlsKRxCFDDcM,1735812044
ch_34M3a1KxZ03rAIoyPzNMl9ep,pi_3QKUwR3BZDd8diUGRAHLDT9M,in_1acpNgmg79cDRXHJRqpbKC20,cus_kJJWkdkiCPOS1T,59900,0,0,eur,failed,0,0,card_declined,Your card was declined.,card,visa,7337,2,2026,DE,Subscription update,markus.weber@mailbox.example,,1735934378
ch_3MZIwxk07EwJwtcKmr4eapEa,pi_35u9081bd9lqDGwtJrfjYoEW,in_1kJTNiYurxRruZzTNAiRIIVI,cus_FUpEnC8kKKXjOu,119800,0,0,eur,failed,0,0,card_declined,Your card was declined.,card,mastercard,2070,9,2027,US,Subscription update,john.phillips@maplebridge-logistics.example,,1735978984
ch_3GcnHvzjO63Zbmgx4DkY3Yy5,pi_3eMywGArbBHRB4Mcoc17vR28,in_1vbR3EFHCAOxva6vwTZAixXv,cus_GsjiDKlUhSba8Q,100000,100000,0,eur,succeeded,1,0,,,card,amex,7276,3,2027,US,Subscription creation,wei.williams@auroramark-networks.example,txn_3dt7k7YIdEItRTrPgQVrvzbP,1736081374
ch_3QDCZnIMY2rFgGFrtQTRheSH,pi_3ueeHE0SgryOBtJQXOv5fjz1,in_1AGqHXe5KfhyrLBuL1kqdhtp,cus_ZqxfrvQKIazfVs,400000,400000,0,eur,succeeded,1,0,,,card,amex,6863,12,2027,US,Subscription update,james.jones@signalworks-schools.example,txn_3RqkODit2kIVJUEeGRR9QNF2,1736099909
ch_3DMQXiethq7ehVDauzhiceEd,pi_3Xjy8FGWlHSHjRPF5MVYxf2c,in_1M6oxCK8ttGrmHl6JTCnj84g,cus_XjkZP8gNWotmSU,100000,100000,0,eur,succeeded,1,0,,,card,visa,5793,6,2028,GB,Subscription creation,brian.turner@silverbridge-telecom.example,txn_3nFPmOq5vkhtQoGKBy0zcPGD,1736243081
ch_3uZ7nw4Fa25j41Rpd9aBjVbz,pi_3IV09hL4TKN7hcc351vuNRJE,in_1CXy714xzZdu1RzgjGoiMWLb,cus_PAZBxLJs5Au4yd,59900,59900,0,eur,succeeded,1,0,,,card,visa,3676,6,2028,DE,Subscription update,daniel.hartmann@maplepeak-managed-services.example,txn_3kILd5tcet5MiBdOPAkUoVOh,1736334140
ch_3W4dnTKDAaO1mqpd5iTWk2qq,pi_35u9081bd9lqDGwtJrfjYoEW,in_1kJTNiYurxRruZzTNAiRIIVI,cus_FUpEnC8kKKXjOu,119800,119800,0,eur,succeeded,1,0,,,card,mastercard,2070,9,2027,US,Subscription update,john.phillips@maplebridge-logistics.example,txn_30mvNLK8FIRReiCoUshMkXhC,1736409184
ch_3fXg8bLCV6L81RaCzwELKy5Q,pi_3AxNPi7HJsoQzZFHtR7JhGtI,in_1eRxltdVP6eINYRUXT3kEHo4,cus_kS7UQv3fQeMgcB,100000,0,0,eur,failed,0,0,card_declined,Your card has insufficient funds.,card,visa,6695,4,2028,US,Subscription update,daniel.mitchell@northmark-industries.example,,1736430522
ch_3ZArDQ6AERJPbENhKDyA66eO,pi_3N47cn5uzxESwtDsuTYNKhph,in_1p2J0G99YUtgmPafXrwfE2S5,cus_9W6ug7ZdwBpe5l,119800,119800,0,eur,succeeded,1,0,,,card,amex,7679,5,2026,IE,Subscription creation,megan.williams@westline-retail-group.example,txn_3jmTbWCvE6Jso4InMDxlWCwg,1736448586
ch_31utdMDaf2tOKQukiUR8YQaa,pi_31I165HmyFWuInXnqAM56eWO,in_1T1QDhQ0GAeTZhulWHlhIKoV,cus_nHIOQoUfpdw9NT,100000,100000,0,eur,succeeded,1,0,,,card,mastercard,9583,1,2027,US,Subscription update,priya.green@green-network-services.example,txn_3xbTl356eEfSzOHXSofpl5fL,1736606797
py_3TH9G1tafeiKLg7wLR8D2gL3,pi_3DhZ6YVkE4FemxREcU6H7vsZ,in_1dqlMRdan9ShOf681zZdI8P3,cus_KyFDnYgZcs2xSS,200000,200000,0,eur,succeeded,1,0,,,bank_transfer,,,,,,Subscription creation,ben.lee@deltawave-it-solutions.example,txn_30tfDGFBdxtLa7wPQtnzQMhE,1736608505
ch_3aQjLdBVjNajkE2zkqI85Azp,pi_3AxNPi7HJsoQzZFHtR7JhGtI,in_1eRxltdVP6eINYRUXT3kEHo4,cus_kS7UQv3fQeMgcB,100000,0,0,eur,failed,0,0,card_declined,Your card has insufficient funds.,card,visa,6695,4,2028,US,Subscription update,daniel.mitchell@northmark-industries.example,,1736694942
ch_3C7wWrOP8pxb3yNGrHuslqmM,pi_3iTl0CQSlzqJZPhUnKw4g3Di,in_1UsugxiKg4sLFrBwJnvIG43d,cus_KJiMrtOn0d5qsA,500000,500000,0,eur,succeeded,1,0,,,card,mastercard,6818,7,2027,NZ,Subscription creation,mark.lewis@summitmark-managed-services.example,txn_3eJQveV5KgCKoOvP2fgRUvA4,1736749243
ch_3mHHGkbCmnrbuAdIZs7DXaIk,pi_32dC6S40rzyG4fjbk34gZesC,in_19b6PDNJgSWLS6bldIf2rSuG,cus_lsFwejXmK6bBhg,59900,59900,0,eur,succeeded,1,0,,,card,mastercard,4138,7,2026,DE,Subscription creation,sabine.schneider@brightbridge-warehousing.example,txn_3PKQNW5Yv44mwrqdAE5DC8fk,1736776622
ch_3NLVlDpxluuLC4NhkqDBaKmL,pi_3Hhsl9ZpW5YqZL1DNOb4duCq,in_1TXqc1kgYQwLZU7sCyt79yZJ,cus_pb39soT9D0Hwo9,59900,59900,0,eur,succeeded,1,0,,,card,visa,7146,4,2026,DK,Subscription update,karin.nygaard@nordicport-wireless.example,txn_3ir4JUFD1O31N3yrpveKtZ8A,1736781937
ch_3iewY6vI07H9k1C50JPF9gzc,pi_3u8T9IL0yXGqYDJZ7PjOD3Hf,in_19GuEs85TD7sC6iwNi6piKRf,cus_1L5mESJ6enTn83,100000,100000,0,eur,succeeded,1,0,,,card,visa,2225,1,2026,FI,Subscription creation,eero.makela@maplewave-rf-consulting.example,txn_3BcdFwRNy0ky7ohI8krWhGAd,1736796903
ch_31WcCgUrm3H7kJwyin6qVDPP,pi_3PGKq0o7FKhenqrDSHiCyC2o,in_1GlNcYf54892dsgJ3zvNXcsj,cus_Jf633M4gB27BE5,100000,100000,0,eur,succeeded,1,0,,,card,visa,4144,6,2028,DE,Subscription creation,lukas.meyer@inbox.example,txn_32EyQ0K2VrczocsaPCesR3pj,1736886237
ch_30D2oe0ffwRfuyhoC4LC6UVr,pi_3M0KbKoQhXRLPwcT9NC5JJo8,in_1jxYNI2jHV1KfsZ9iK3Wt7RJ,cus_zTngIcGVyvybJS,200000,200000,0,eur,succeeded,1,0,,,card,visa,0706,1,2028,DE,Subscription creation,daniel.hartmann@balticcore-communications.example,txn_36OzlXhiQ42EjnziPvimHANo,1736925487
ch_3bcaFGMtbodU220bYT7lC4Zw,pi_3OQaai1mNVcVvXWqk3rP7YAh,in_1iUSCus1b7TLujxRCbQTQeMp,cus_ifviRjvYCu7sOL,59900,59900,0,eur,succeeded,1,0,,,card,mastercard,4603,1,2028,DE,Subscription creation,stefan.hartmann@novapath-clinics.example,txn_3lcziFrdBUX2cu4tINuMTUlA,1736933125
ch_3GTm3RKWMWPcWWMAl10c611T,pi_35p5ChU0XsQ3XFowIIzzVI1m,in_1jByA69kYr4uuxZDuO5gRb7R,cus_c0LZHSLGfY0rqD,59900,59900,0,eur,succeeded,1,0,,,card,mastercard,8013,12,2027,GB,Subscription update,josh.thomas@cedarview-hotels.example,txn_3Crh3hpZBA19d9zTa2883SyQ,1736942012
ch_3GCNMASi0BHFLOArJE3XKzqL,pi_3cJgykHUJZUM7Zt0sU6ZECIm,in_1XPKCJAkJhATNhv99j77tUlc,cus_ZhcE7pbuCPkTAr,300000,300000,0,eur,succeeded,1,0,,,card,amex,1780,4,2027,BE,Subscription creation,bram.deboer@bluefield-hotels.example,txn_3UH3xmzpaIr6rJm4y0eoHnfx,1736946628
ch_3uhQUvlLakRTgdI7fIKP5snI,pi_3n7i6mPjcHGPj6rR7404Ticq,in_1AGSPTQlG7AdTe661LpADit7,cus_vZHd963TpuxLYP,59900,59900,0,eur,succeeded,1,0,,,card,visa,2726,10,2027,AU,Subscription creation,jason.thompson@northwave-rf-consulting.example,txn_3egqufeJPwmBZET9MaFp63bo,1736957738
ch_3VUIfqLjrAhVbChmKGud6g3R,pi_3i6NkzfrBdTlBIrU2z91VMMh,in_1bUbWIpb3GUQIkYoOamL7k5l,cus_faA1HomPTQ552M,100000,100000,0,eur,succeeded,1,0,,,card,visa,8699,9,2025,NO,Subscription update,emma.madsen@balticfield-logistics.example,txn_3YUcJXiKUHZAGMf6jvQjR725,1737026951
ch_3gLly1gHaWkDW6XY45lQfcPH,pi_30rpYemsK3tlY3LAEoZ2FtiI,in_1BZk4GfskNEpnnNVmVb1fP8J,cus_F34iEyRLJnrkns,100000,100000,0,eur,succeeded,1,0,,,card,mastercard,2354,8,2029,DE,Subscription creation,tobias.zimmermann@pineline-properties.example,txn_3wIH15dBxQJSSNFq0r9BLSp9,1737029653
ch_3TagrVY5C7uqWJuWiVc7GHo0,pi_3irXrC67OHEHY1R0G2q8Rra5,in_1jPTNCXUAzjeHcHvwoMSCqae,cus_F2rRdIux7yfMwC,59900,0,0,eur,failed,0,0,card_declined,Your card was declined.,card,mastercard,5263,12,2028,NL,Subscription creation,niels.devries@crestline-telecom.example,,1737034214
ch_37FHc4n7OZJ0O8YVJDI9u7a4,pi_3irXrC67OHEHY1R0G2q8Rra5,in_1jPTNCXUAzjeHcHvwoMSCqae,cus_F2rRdIux7yfMwC,59900,59900,0,eur,succeeded,1,0,,,card,mastercard,5263,12,2028,NL,Subscription creation,niels.devries@crestline-telecom.example,txn_3sSeekSgBVrlv3CyRDrjpsfm,1737034641
ch_3a3Pq3AbdoUEwepnwO6WI488,pi_38e1q83xSMve1d6iDsRIX9lU,in_1TCn2PoDb07fpgCTjybb4NsY,cus_zy6HuKbAGlhYJ4,59900,59900,0,eur,succeeded,1,0,,,sepa_debit,,,,,,Subscription update,maria.navarro@nordicfield-communications.example,txn_3g4XaEAwiCcF0ny31YArfHyR,1737066481
ch_3hzm6jxIklW5nnbzzLOseYXP,pi_3vkeLFB3bAuWXtmrpI1DQ2h8,in_1Q5U1SJxVRwaKzybDSXlqGQp,cus_4AQl4CGiFwfU2L,100000,100000,0,eur,succeeded,1,0,,,card,mastercard,1921,2,2025,US,Subscription update,jessica.scott@vertexlink-clinics.example,txn_3rzCEN72WVLEfQKGQLeINvpb,1737071407
ch_3kQkfjbGzbuEFLIFDNCtTODA,pi_3AxNPi7HJsoQzZFHtR7JhGtI,in_1eRxltdVP6eINYRUXT3kEHo4,cus_kS7UQv3fQeMgcB,100000,0,0,eur,failed,0,0,card_declined,Your card has insufficient funds.,card,visa,6695,4,2028,US,Subscription update,daniel.mitchell@northmark-industries.example,,1737125562
ch_3r10rFin2urvvAWvKO4DPZYV,pi_3TynBmT3SHpnn4cSEbBq9IT2,in_1XwW09aCAEv3acAeGEFBczKt,cus_DzlzFmaWq7GAtQ,59900,0,0,eur,failed,0,0,expired_card,Your card has expired.,card,mastercard,8829,10,2024,GB,Subscription update,laura.carter@carter-network-services.example,,1737193851
ch_3Eb6egIThNv304EEPTH0sUma,pi_3RtQw2t7Kc4uU833nrvuaMP8,in_183r8H0l7eEdH6NI8T2j2jOv,cus_ye6ql8EqUFdgXD,100000,100000,0,eur,succeeded,1,0,,,card,visa,0962,10,2025,CA,Subscription update,jason.evans@beaconpeak-wi-fi-solutions.example,txn_3z2XcLf1E1zF4G4P14o1hZWF,1737221448
ch_3QYoWdwfEKkh2I9ShsYQ9h37,pi_39cOv4BxewGgQI4sQcEYY1VS,in_1HpNJcxu1wgi1D6T7YULSJWj,cus_WhJVwQk8JGaIwK,59900,59900,0,eur,succeeded,1,0,,,card,visa,8354,1,2026,US,Subscription update,sarah.collins@summitlink-hotels.example,txn_3TBsyvlmq9mp0ML1ECrv1doQ,1737276662
ch_3q7DOam6pVbzD1ZXe8tk44TW,pi_3ZkNqEwS0N9JrTUCrbWcar19,in_1wPEyvOIBrO2Td9UqYGw8fA6,cus_ouOoPSXuPcNIbx,59900,59900,0,eur,succeeded,1,0,,,card,mastercard,4102,1,2027,DE,Subscription update,katharina.neumann@deltamark-wireless.example,txn_3bepdC4qlPC3A8LXlPRlXfHY,1737286443
py_3PxMZfc2wVYTLhPWeWWvMDFP,pi_3lB7w0wkpD2KhKW6TM3xkE79,in_1MI6qdZM0pXZravwODwu7XY1,cus_915iwJ7tAyXx2O,119800,119800,0,eur,succeeded,1,0,,,bank_transfer,,,,,,Subscription update,ryan.kelly@stonepoint-systems-integration.example,txn_3XYbm153OgRwfj1XbyeEpnrJ,1737307410
ch_3jA102XT7TADxNmui60NNLsU,pi_3hHI1uO3jX3UM2q7MH1yJtGx,in_1YrMWy6JzLk8XYHYndimvgVs,cus_yjw5vXcPOgnMha,59900,59900,0,eur,succeeded,1,0,,,card,mastercard,6602,5,2027,BE,Subscription update,maarten.peeters@apexport-communications.example,txn_3Ez0x73Fc50r6LDkfY1E7PS9,1737368370
ch_3DBK9KIJoSeIkQuB6rKfoW8g,pi_3TynBmT3SHpnn4cSEbBq9IT2,in_1XwW09aCAEv3acAeGEFBczKt,cus_DzlzFmaWq7GAtQ,59900,0,0,eur,failed,0,0,expired_card,Your card has expired.,card,mastercard,8829,10,2024,GB,Subscription update,laura.carter@carter-network-services.example,,1737454911
ch_3kf08K8wwZG1QRVQ69qZ2xgn,pi_3TwUrriF6XxicAtohk2qgEVd,in_1XhOahNQwwjtE0s2Tplce1Z6,cus_87MrFrS3PVcUxh,100000,100000,0,eur,succeeded,1,0,,,card,mastercard,8234,5,2028,US,Subscription creation,michael.white@white-network-services.example,txn_3dEIoq0coioCKpToVAUUN006,1737562720
ch_3rBNVEsVBbXcsINxWCZqmFFj,pi_3EqO2U9xxMumoYKQvPvomQFi,in_1HWk1uBPDVeTCVn5xGRSZLOz,cus_7lpuq2HeLx4JaG,59900,59900,0,eur,succeeded,1,0,,,card,mastercard,0965,11,2027,US,Subscription creation,daniel.nguyen@vertexline-clinics.example,txn_3uq1w4B4APmEABRR20rkMMYI,1737566165
ch_37w7mcK6MzLaWNhJFWMHb9Jm,pi_3483CSnZGXnQnOFgWLWF3JqR,in_1S1zCDD1x7wwoeISqiQWvMDS,cus_7QUjGcufpSjsGe,59900,59900,0,eur,succeeded,1,0,,,card,mastercard,8953,1,2027,CH,Subscription update,julia.schneider@atlaswave-hotels.example,txn_3kgvlIwlo2WFN2nFeWBcN3RH,1737621749
ch_3l11ik7GWqhpO8GMVvmg8hPT,pi_3U7EJeyrE2J23WjO3v74nnNm,in_1TK7dFs12Ubd9psTLnuZR5X9,cus_b8QvPR7Z8SYOun,100000,100000,0,eur,succeeded,1,0,,,card,visa,0941,10,2027,AT,Subscription creation,julia.wolf@atlasmark-wireless.example,txn_3XyzEkoGW3dr1lRaTev8KOoc,1737755959
ch_3DYweXzAonZ1CGz4d74BrvtS,pi_3TynBmT3SHpnn4cSEbBq9IT2,in_1XwW09aCAEv3acAeGEFBczKt,cus_DzlzFmaWq7GAtQ,59900,0,0,eur,failed,0,0,expired_card,Your card has expired.,card,mastercard,8829,10,2024,GB,Subscription update,laura.carter@carter-network-services.example,,1737888291
ch_3BctAZXdPC1ajSSrpa2SVU7n,pi_3xWvHb1zbNZA8cxRyXM0l2lQ,in_1qU78nCXortgzkmalVXvhOVn,cus_W7jDuNX4F7cz0D,59900,59900,0,eur,succeeded,1,0,,,card,visa,4907,5,2026,US,Subscription update,nicole.martin@novagate-rf-consulting.example,txn_3EPO3Qa3zYNXGzMzdEJSngX9,1737954392
ch_3wechP4kDHWce8uc1SCsofOl,pi_3XvGYkeQWpY8Rn3ALDT9S5DR,in_1uRSpkjUbJ01KNU3yaf6zcYi,cus_OS5RMcbUSCvVkY,100000,100000,0,eur,succeeded,1,0,,,card,visa,5691,10,2026,FI,Subscription creation,timo.korhonen@silvercore-retail-group.example,txn_3aHBBDbbeYz3nXtOwhGZCNwe,1737959307
ch_3g4K4RArSLczEwUbRVgdc6fv,pi_31QuLLFlx2O5xfMyslpFi9LX,in_1MMNj4sxQz7fKqmTteq1X9wg,cus_ggFfJaC5XD7COe,179700,179700,0,eur,succeeded,1,0,,,card,visa,3812,4,2029,DE,Subscription creation,lena.muller@ironpeak-media.example,txn_33UK2VR2BWDaMJFl6spjqiqr,1737977726
ch_3WMH06rJIORAUMvnTqArpNoC,pi_31xDHbRuqiYpHQAPbgAXEAke,in_14ECMhcIX8ziXwdujjgJ4eAS,cus_AgnaN9NZYfUTH3,299500,299500,0,eur,succeeded,1,0,,,card,visa,9566,6,2029,FR,Subscription creation,maxime.rousseau@northcore-systems-integration.example,txn_3GTWH4DOmNifpvTofwJW6Bbp,1738169828
ch_3YFlhpe1eAyYyznsk6YLbCD1,pi_3g6phOHyutXwm2BhEbeeu20N,in_1GumDSEfhITPhlzzK9YPtSoF,cus_F983kzLqaSqrz4,100000,0,0,eur,failed,0,0,expired_card,Your card has expired.,card,visa,9125,11,2024,US,Subscription update,sarah.nguyen@harborpeak-wi-fi-solutions.example,,1738258472
ch_3PA6i9aBcXRBfhQaC3H0bGZQ,pi_3ctorWEeDgxKnepEE5bfLXSo,in_1FFLfe9Gckp3nGgV1ZhEAHXc,cus_CBZ3tdAGY6MEyX,59900,59900,0,eur,succeeded,1,0,,,card,visa,2980,3,2029,BE,Subscription creation,lotte.devries@ironmark-foods.example,txn_3go8TWsEtzbvCx5myM9vy9ul,1738325803
ch_3aVaxqDhuUpvAEkRIOKsPfcn,pi_3zPaoIuaeTd1jRCeKejmxgrC,in_1581Z6KoWSQgDsVFCvCRchzI,cus_fIiJkHBsOsJIFh,100000,100000,0,eur,succeeded,1,0,,,sepa_debit,,,,,,Subscription creation,antti.heikkinen@heikkinen-wireless-consulting.example,txn_3N6cizsHG51DHo7HjznSw6mi,1738340810
ch_3a4LmVvOf6FW8GMT9l1fUk07,pi_3hJaghAqH4e5vNIIQTjUiaA9,in_1U2RCnQ2zrVRrbQxswltU0Ob,cus_BOknNNeQuDvAsi,179700,179700,0,eur,succeeded,1,0,,,card,mastercard,4673,11,2028,BE,Subscription update,bas.vandijk@brightpoint-schools.example,txn_34zjWc9wKUg6KFjfiGIVND4k,1738514127
ch_3OW0ATjtFesAbIXNRE2iRwzA,pi_3g6phOHyutXwm2BhEbeeu20N,in_1GumDSEfhITPhlzzK9YPtSoF,cus_F983kzLqaSqrz4,100000,100000,0,eur,succeeded,1,0,,,card,visa,9550,12,2028,US,Subscription update,sarah.nguyen@harborpeak-wi-fi-solutions.example,txn_3WRBrj6tE1GdUn3jL4g02mgr,1738520792
ch_3AbCiSgtrP5JrXUwBJAJYh2R,pi_3FdrQvuZviXmyDSNV4A64UOv,in_1JYIq9uaJfiF5wvPvIZw74PW,cus_34b6bW8wpmHPEh,179700,0,0,eur,failed,0,0,card_declined,Your card has insufficient funds.,card,visa,6686,1,2028,US,Subscription update,chris.taylor@vertexpeak-networks.example,,1738554875
ch_3asGYETTfCcf9a1R0t35JHtV,pi_3kMCeZEZF0i3K9w01PyXZHUX,in_1EE6w7IfXj5lQ52yP781kp4b,cus_J04pGI2Wv8s5Q4,59900,59900,0,eur,succeeded,1,0,,,card,mastercard,0868,1,2028,NZ,Subscription creation,josh.harris@deltastream-industries.example,txn_3mK0cfV7CyVLfDX1VCUiFT25,1738594371
ch_3K92tDNmbl8ZdgPTDWorjjrq,pi_3OHEot7itZ4Nn9PVCgucwgow,in_1MuE7GEvcw3IotCyv3Y9bSpZ,cus_2xcx9qmTYKa9vo,59900,0,0,eur,failed,0,0,card_declined,Your card was declined.,card,amex,0314,7,2028,US,Subscription creation,ryan.edwards@granitestream-schools.example,,1738609325
ch_379pgKW6w0rSuFEb4DHSeUJL,pi_3OHEot7itZ4Nn9PVCgucwgow,in_1MuE7GEvcw3IotCyv3Y9bSpZ,cus_2xcx9qmTYKa9vo,59900,59900,0,eur,succeeded,1,0,,,card,amex,0314,7,2028,US,Subscription creation,ryan.edwards@granitestream-schools.example,txn_3yMaDqP6IdyybWAptANhHitJ,1738609780
ch_3AdJmW2TkGlVyEPPZ1M7qwjY,pi_32iYlrRbk0VvHwOhbygalka9,in_1mio0pcG1eCiaveKi1hSGmOk,cus_L1hKx1yQPx1PA4,59900,0,0,eur,failed,0,0,expired_card,Your card has expired.,card,visa,6732,5,2024,CA,Subscription update,james.moore@moore-network-services.example,,1738659696
ch_3Krz9kNDSlR6dxGUUs8eZdpU,pi_3A8stKn4RrabElrUHxdunDZZ,in_1liH1tEtTgzc6VNBA411QpBO,cus_sjWtufXShxHYkf,59900,59900,0,eur,succeeded,1,0,,,card,visa,2974,3,2027,FI,Subscription update,antti.korhonen@korhonen-network-services.example,txn_3wPA91RnGjtgmNwnIYOzPvPu,1738667506
ch_330A19MdPxfsxABZOYFIiWFN,pi_3eUIAOe6qtMmXN9hJa3gS44U,in_1wfC2QdgN6h78vFiCmgBCjGx,cus_3l6uRVictKfgMI,100000,100000,0,eur,succeeded,1,0,,,card,mastercard,0680,5,2029,CA,Subscription creation,mark.collins@mapleline-wi-fi-solutions.example,txn_3WVcNSln6XaaTAdeS4wNygph,1738682388
py_3PClYRCitXw4Xlzk6bqnrCOp,pi_36MBPE3m8kdRYGmFt4ylV6XJ,in_1fZKtxuhDwt35xRhHFSmGO3n,cus_zsriapTw84HIDU,200000,200000,0,eur,succeeded,1,0,,,bank_transfer,,,,,,Subscription creation,josh.jones@orbitpath-wireless-engineering.example,txn_3pPKb113sHqJpngxOfnxlJCe,1738697943
ch_3wpyc2247wfbUaaaYKsZ2yCx,pi_337KrB8q9KnnqoZbxixpnwaB,in_1pnUcNW9S6DtRdKddKp6enA0,cus_OoSqL8QXlbFHzo,100000,100000,0,eur,succeeded,1,0,,,card,mastercard,9618,11,2026,NO,Subscription creation,bjorn.holm@westpeak-clinics.example,txn_3GtFyX3EdCCtVoBwsh9kciSO,1738734756
ch_39ErOsH8hJyWSOM4kT1ZHdZp,pi_3cUSGvSEAKFr8x4JswIEfO7N,in_1Wvsv6lxH0WSunVSrMDpyiDG,cus_epIZQjeBkV1rhZ,100000,100000,0,eur,succeeded,1,0,,,card,visa,0480,7,2027,US,Subscription update,nicole.harris@atlasstream-industries.example,txn_3Gx3QAmzuhsjjJk7k5npUDZt,1738741432
ch_32a8bxioeUGfK9a9zfCGB5uH,pi_3uiIHhtcvbj2n43EHtzVljsf,in_1pmRxMivJggy37SaItGe0wS8,cus_YlpWMlXHxwvFwY,100000,100000,0,eur,succeeded,1,0,,,card,mastercard,8547,8,2027,NL,Subscription creation,ruben.vos@auroraline-hotels.example,txn_3ajUczBdOKNsAhwDcLI7rovU,1738775867
ch_3aH1vtjASDkjhDLIhYqemWQY,pi_3FdrQvuZviXmyDSNV4A64UOv,in_1JYIq9uaJfiF5wvPvIZw74PW,cus_34b6bW8wpmHPEh,179700,0,0,eur,failed,0,0,card_declined,Your card has insufficient funds.,card,visa,6686,1,2028,US,Subscription update,chris.taylor@vertexpeak-networks.example,,1738815995
ch_3FezTjjbi1fdSSWO9kLkDoEJ,pi_3ab8J7LrMauUBmgUGiW6isKC,in_1db4EDpw7XUOcgvMtUirLIwc,cus_8eqA20DNWr4UKx,100000,0,0,eur,failed,0,0,expired_card,Your card has expired.,card,visa,1395,1,2025,NL,Subscription update,pieter.visser@crestport-media.example,,1738913861
ch_3GjsFrbDvwyv726KrVo9VYBu,pi_32iYlrRbk0VvHwOhbygalka9,in_1mio0pcG1eCiaveKi1hSGmOk,cus_L1hKx1yQPx1PA4,59900,59900,0,eur,succeeded,1,0,,,card,visa,2638,7,2029,CA,Subscription update,james.moore@moore-network-services.example,txn_36wvYy8Et64oaVO7dRAd44vE,1738923996
ch_3DQaBbe5IEdppGvS2sM7WONZ,pi_3QTtmJZUo37rxYGmUGrPHgKh,in_15JnzxTRfiBnSqgU13xkh8AH,cus_zcIZi5FjpdKQOr,100000,100000,0,eur,succeeded,1,0,,,card,visa,8436,10,2027,US,Subscription creation,eric.young@auroraview-wireless.example,txn_3MelEaRBKCVJvQakk4ClSX7g,1738925684
ch_3QCA2Uu7TpMYATuDfZYUJKGO,pi_35OPurWM4HVPNzSpRFS10li0,in_1kEHmobGKWRZ0ShFKXHaDgVX,cus_vvBCgLNwJA4hQB,100000,100000,0,eur,succeeded,1,0,,,card,visa,1943,12,2028,CA,Subscription creation,michael.harris@summitwave-wireless.example,txn_3caJBGom3QUuw1ToFYL5M6BI,1738929221
ch_39P3PSLUcelRDwmSlSWv5DMl,pi_39dufKuv2ogRSQiPIJdMksrs,in_10rjUj4sdfaExCwfCxuVhxoa,cus_a5y3L8adwvLfvd,59900,59900,0,eur,succeeded,1,0,,,card,amex,3397,1,2027,US,Subscription update,robert.campbell@westline-wi-fi-solutions.example,txn_3SDNe6EH5Um5Ei8CRmKGMWEP,1739002344
ch_3Sb6170A7nJKTf9VsNnyklnI,pi_3r2V1P9IEfucXqp2uIam3Hb6,in_1pSmpgKYszTboZmxLIQKfr2M,cus_bp4y84vr4e97b6,100000,100000,0,eur,succeeded,1,0,,,card,visa,7512,7,2025,US,Subscription update,wei.young@novamark-clinics.example,txn_394kYw80B777y6zJ4QtWXdBN,1739160956
ch_3DvcBqunXpMt0kuetffkQ1Kw,pi_3ab8J7LrMauUBmgUGiW6isKC,in_1db4EDpw7XUOcgvMtUirLIwc,cus_8eqA20DNWr4UKx,100000,100000,0,eur,succeeded,1,0,,,card,visa,8075,3,2027,NL,Subscription update,pieter.visser@crestport-media.example,txn_3HBHGmI3xReJ7KMzBrrzGqiQ,1739176001
ch_3V0K7sNrc7FfdaaGeqwwBQdS,pi_3FdrQvuZviXmyDSNV4A64UOv,in_1JYIq9uaJfiF5wvPvIZw74PW,cus_34b6bW8wpmHPEh,179700,0,0,eur,failed,0,0,card_declined,Your card has insufficient funds.,card,visa,6686,1,2028,US,Subscription update,chris.taylor@vertexpeak-networks.example,,1739247395
ch_3ynABMpUCDd0h21hWFNDhdxZ,pi_3aEpwVH3q3fCi4csS3rXnYRr,in_1kE2WGi2ul6cA7CbA0sgP0U0,cus_QcFaaLOqFfx7nR,300000,300000,0,eur,succeeded,1,0,,,card,mastercard,6538,12,2027,US,Subscription creation,carlos.carter@carter-network-services.example,txn_3hFmpWq73LY6imOFDMKgMFKy,1739296761
ch_3ztX7tLKnRkU35F1nCYQeQqb,pi_3Cvt7L4aKpWzMBDimlilenBO,in_1rCUFCKYK1wzMTc27X10DS1r,cus_JifHdobXtNQslI,59900,59900,0,eur,succeeded,1,0,,,card,mastercard,9674,10,2026,IT,Subscription update,simone.romano@northgate-construction.example,txn_3i68CX5SZsbYz5q1MQqMkYYd,1739354692
ch_3i4plt85XLmnXo1iA6Bf13sX,pi_3oW7cgSk0BcNvBR93QZ29j1X,in_1VemUn0fmqiL7Ue3r6fNY2kw,cus_3xRxDHHWx5wO8K,59900,59900,0,eur,succeeded,1,0,,,card,amex,8319,7,2028,US,Subscription creation,olivia.wright@crestworks-networks.example,txn_3uLRe83fGtc5y72F7x6GDL2J,1739361905
ch_3xD8IdJuIuYlWRg0vIYbEipZ,pi_3vRKWYQ3IvFlwW9tLIDdskMM,in_1c7P3SdG9UbU0kHd3Db8oHFF,cus_liAo5RFbyQfc95,100000,100000,0,eur,succeeded,1,0,,,card,visa,2465,10,2029,GB,Subscription creation,laura.lee@bluewave-hotels.example,txn_35ZpHTkNkrqiuiEktBoo5Mke,1739363613
ch_3LkCsNgPuwHKAFCnfIJyBdW7,pi_3jm8ufGw5dTdrMPB6yK49f5O,in_16T67NlmW2vn0XBsnuQsjyT9,cus_wX42S2BFcQsEjP,200000,200000,0,eur,succeeded,1,0,,,card,mastercard,4127,2,2028,CA,Subscription update,ben.adams@mailbox.example,txn_37S5zVbi2fZFSYffUl0jdpF4,1739370369
ch_3LRCr2PXGZiX44YOK7yjCZjS,pi_3Iq79bmpZ9fcr6yMh4JitMMk,in_1sKcwzjg56JBzAqsX3r6s40A,cus_L1iiZkij4vGSjH,59900,59900,0,eur,succeeded,1,0,,,card,mastercard,0812,3,2028,DE,Subscription creation,lena.weber@brightwave-foods.example,txn_3VI2FQqE2KPI6fPzwY98fjGt,1739386480
ch_3qnRqM8XqyRdEHsHHC8pHzXI,pi_3Zo04nMkEJDXWJzddwbmSuNp,in_1zQ9bVCGmI5xXloTmUfHFwzT,cus_1kMp9LsjmFFst4,59900,0,0,eur,failed,0,0,card_declined,Your card was declined.,card,mastercard,2143,11,2026,US,Subscription creation,priya.edwards@apexlink-retail-group.example,,1739447737
ch_3FnbVJwFYsdq2O8866RyOggT,pi_3Zo04nMkEJDXWJzddwbmSuNp,in_1zQ9bVCGmI5xXloTmUfHFwzT,cus_1kMp9LsjmFFst4,59900,59900,0,eur,succeeded,1,0,,,card,mastercard,2143,11,2026,US,Subscription creation,priya.edwards@apexlink-retail-group.example,txn_3Yx8GWIoT90Wsctva1yCp4Ms,1739448001
ch_3JTURxvlvfu0DCHiqdp4dHKP,pi_3MRvyH4BL5mvm9ZOn6nDE0Hf,in_19gKgHqzi3o7ylZMw9qfE2l7,cus_rGrpMnlkD0nRbJ,100000,100000,0,eur,succeeded,1,0,,,card,mastercard,8601,7,2029,GB,Subscription creation,ben.evans@evans-wireless-consulting.example,txn_30bRrqsxQ99GnWIFAvEGTBgL,1739457507
ch_3IiYmBYMq8iWp49SDC871Q81,pi_3TGQQivRcpxk4BJgaBjkFZrw,in_1E004UT0yGyOszNJVcEJqXKc,cus_RILW4upj7g9Lu4,100000,100000,0,eur,succeeded,1,0,,,card,visa,2463,12,2026,FI,Subscription creation,ville.salminen@beaconport-schools.example,txn_33Zo4CIlZ6HNUdAs8cL0QzLy,1739476310
ch_30FeWcs57peYxsxskXTPBzrM,pi_38UVRF3rwI04gKCe0LCgjflL,in_1oWXcCSOuFC3YzOrOYWNpjdX,cus_htCxChB7654vXQ,200000,200000,0,eur,succeeded,1,0,,,card,amex,2744,3,2028,US,Subscription update,daniel.baker@silverbridge-telecom.example,txn_3JN11DxBmAk4JQoYmp3RGPnT,1739516667
ch_38kk17I9heNb83h9ryGjtdii,pi_3qKLyCLHLshnSHkoxwmwNkg6,in_1sK2RjvtnlyeSb0ralzsJqLB,cus_UffKYwlRDPvUwh,119800,119800,0,eur,succeeded,1,0,,,card,mastercard,3520,10,2028,US,Subscription creation,kevin.walker@summitpeak-wireless-engineering.example,txn_3Pm3a0cuvudwuQHQLgTxIoXb,1739530626
ch_3Pi3CBZC4AM3F4QWLwEolKcJ,pi_35CgbZQGPIPJte8nhRNkYpRz,in_10AD6K6kCGQCheQzbpSuprIZ,cus_rYV5nsfoDdd2Vy,59900,59900,0,eur,succeeded,1,0,,,card,amex,8739,10,2027,US,Subscription creation,tom.young@clearlink-networks.example,txn_3WWI3aqvVGH7WhN3khA8hwip,1739532860
ch_3SiMCmNhpRdKiRuKSBcju0RA,pi_3EqQ8wYpx4OPPTD2tltMTnLH,in_18EGpOfJWo8VZYs4n70j7XaE,cus_u3xR7vh4lfAkOO,100000,100000,0,eur,succeeded,1,0,,,card,mastercard,0851,9,2028,NZ,Subscription update,megan.martin@westmark-wireless.example,txn_3nqiigyMzD9NkQ7QovZ1IVB4,1739548824
ch_3a8ozhcHSHQAVc88X8On93sR,pi_3e3C6y3f7CKa8B42k5EWmrxS,in_1MBooOHFUdR8yubj8TgYnjm4,cus_TH1xWtOQpsGQew,100000,100000,0,eur,succeeded,1,0,,,card,mastercard,6360,1,2027,US,Subscription update,kate.brown@vertexstream-wi-fi-solutions.example,txn_35ZOmtnLeXStynBfTqammF8a,1739601555
ch_39aCpSjr6X1BbkhZD3UHESZD,pi_3oQwlseEOgn3bbwsYoKPm5zA,in_1hjBRrjde07yZ4EwUyiWDgf5,cus_vG9aykSs587AQe,100000,100000,0,eur,succeeded,1,0,,,card,visa,0253,8,2025,IT,Subscription update,matteo.conti@conti-wireless-consulting.example,txn_3owNFOE2j1uKZ6HwBola5LYV,1739781585
ch_3oIxY12xa70zXdHxDqHdpH8o,pi_3IIGPgnhaSIJiRWKPyFdpz0A,in_1I5v3dIDsbbBQGtO7InaV1Bf,cus_F4dj0cYJMxJklO,200000,200000,0,eur,succeeded,1,0,,,card,mastercard,1184,10,2026,US,Subscription update,tom.scott@scott-wireless-consulting.example,txn_3b3XlffAMTswrXBNxZL1RdRn,1739791387
ch_38zf929uEdUqwWf7RvYIZdBc,pi_3T5e4Gu7YnNwkBmwFzsjATlX,in_1SzZz0mF1r8OLJmCRKlx8UXM,cus_EnQdXyPb9AiBjJ,59900,59900,0,eur,succeeded,1,0,,,card,mastercard,4958,6,2027,ES,Subscription creation,alejandro.vega@granitepoint-industries.example,txn_3huIlSFuRe11eQirS8Ch49HW,1739798737
ch_3WTm3xNAELZO9UHFjRD1UNrR,pi_3S1i3ILKricE2sUWOMZ2ai7b,in_1LAIrSGXFuxCGwEXR7lkK8YU,cus_2KW2ofTjc7CRLJ,100000,100000,0,eur,succeeded,1,0,,,card,visa,9279,8,2028,FR,Subscription creation,guillaume.fournier@inbox.example,txn_3uVZlmRTdZ7yuAL2TRRuP8KY,1739802303
ch_3OoHWB0c4euD9SEGXAAVN4nE,pi_38gUYsrKGhexckQwRtqSvqZN,in_185xV6xVW4W8kGv0WU5lNiDF,cus_t4x2TQoIIXK3Ii,179700,179700,0,eur,succeeded,1,0,,,sepa_debit,,,,,,Subscription update,mikkel.nilsson@orbitstream-technology-group.example,txn_3A5TdYmOZMrEPay1uVl6mJay,1739968667
ch_3lFKwmEYjclwCOChJ8gMTeIt,pi_3bgob8hWbW01aErlILJPnmin,in_1QDaQTwSlAmL17IhK3uLtbfF,cus_SCX3NKzDPF8Gn7,119800,119800,0,eur,succeeded,1,0,,,sepa_debit,,,,,,Subscription creation,kari.lehtonen@graniteport-technology-group.example,txn_3hjtCTpDSpCrdCTbhe3vKUXF,1739989413
ch_3OzXANnqiUxMqBbxmw4Z3L9X,pi_3fGpdhdVt3EIzAk8U5WHSr0t,in_18XKJX17VwUcUPrVF8Cnoyhd,cus_VTVK0ehZVhbLjm,59900,59900,0,eur,succeeded,1,0,,,card,visa,1276,3,2026,FI,Subscription creation,mikko.jarvinen@jarvinen-network-services.example,txn_3sRiPN3inieGt1VMPhPmz1ll,1740132623
ch_3t1k8jFvaINReJGA3aZBEj4c,pi_3h8Xy27MJUNPUxmf6woqOmVb,in_1l5qShATCcrrzA0Vu5e6Hhwx,cus_bqE6HxqMhzPpk5,59900,59900,0,eur,succeeded,1,0,,,card,visa,2299,1,2026,SE,Subscription update,mikkel.holm@orbitpoint-schools.example,txn_3FxPQjYcphiACWvHqms2isF2,1740163520
ch_3RaqbyIICjnabPcoEPDB628Q,pi_3h687xJCkBiAiLny60RaTYmp,in_1zZKDp3u9L5VvkZBlqoUFYPj,cus_RPCLpzWqxZTwbk,59900,59900,0,eur,succeeded,1,0,,,card,mastercard,1792,2,2026,CH,Subscription creation,stefan.schulz@lumenbridge-media.example,txn_3n7sWopxz84RAIWJRfwHDdjL,1740165870
ch_33tiZu7aOvxiPTTrBJ6nsiKn,pi_39Hjp6x4J0HDPh3TUb8qv7PY,in_174d6qRRvgKRTjJFImOO4yif,cus_UiZ3fY6MBONnZN,59900,59900,0,eur,succeeded,1,0,,,card,visa,4786,6,2026,CA,Subscription update,emily.mitchell@postbox.example,txn_30v8UzqVFSCrXQsZg18Fz9WY,1740211782
ch_3ofgNGR8uHk4XJo5OkcwyTZk,pi_3b41t4xAIqea32Hbwru4fB6Y,in_1uRxWQRCV7xNE3Koot0jsYhb,cus_FlpKwAkmnQpiZH,200000,200000,0,eur,succeeded,1,0,,,card,mastercard,9283,5,2025,SE,Subscription update,johan.sorensen@novafield-it-solutions.example,txn_3rQLOM6KpoAMvE8zs9lOWBVv,1740212085
ch_3X87t4hZayohP7Yuhsq7fwXC,pi_3VSOAXsKgVOGfPVq9JSYIMnz,in_1rgAfWiFqC0s3ktaqvQZb4Ye,cus_zMqVYZayKTL2iK,100000,100000,0,eur,succeeded,1,0,,,sepa_debit,,,,,,Subscription update,alvaro.fernandez@inbox.example,txn_3WEB7yK9eORJoueRN58jQZcL,1740239751
ch_32jXc5NBQ4Ex3s7IlITn0t5F,pi_3NNr0SR3x2NagwReQtWWPKEe,in_1h3sO1opxrqCtDRxJ74uEZfJ,cus_iLrEBlXrFA5EUE,59900,59900,0,eur,succeeded,1,0,,,card,visa,0418,12,2027,US,Subscription update,nicole.mitchell@mitchell-wireless-consulting.example,txn_36Z1gUVEvyf8shlth9xcJ9tc,1740251192
ch_3HLf0R1fKpq4MKhGyAgvA4im,pi_3LkhxN7LixHGsdtbA1YKVBT0,in_1ttM7WlZf02Ka5422RKMin3N,cus_GGDX0kPTFxz8y2,59900,59900,0,eur,succeeded,1,0,,,card,visa,3504,3,2029,AT,Subscription creation,lukas.schroder@balticgate-networks.example,txn_33M97HxL0bXqtj4yvAXymywt,1740306668
ch_3D7ategHJp2zyf0Mi76sZ6mW,pi_3QNZZvFm9pe4YAE07H4HRGMs,in_1s5cYV213YwLvB0wY9xSxjNg,cus_rSGTt7uuvZcxEx,100000,100000,0,eur,succeeded,1,0,,,card,visa,5418,11,2025,CH,Subscription update,sven.wolf@alpineview-rf-consulting.example,txn_3Oe75vRpyqBcT3eIBFzFeSDW,1740425908
ch_3WsMZQ8wYBdvSaorjMxd4f5l,pi_3VIkOLpD7nbfc9wBL2O4A2E1,in_1nOQVVQvdlHQA4p1nwvE8R7v,cus_C3Owe0zsQHXRAB,100000,100000,0,eur,succeeded,1,0,,,card,visa,8553,9,2028,SE,Subscription creation,kristian.olsen@novalink-wireless.example,txn_3acE21H6CyZfyvDBs0tEVuOn,1740426171
ch_3bvWoZRh3rkFXLLrLp7tTFgM,pi_3DdVdSVhBtBbf6PAPG7sRPti,in_1txIvzEu3gArMHEXzvponr3k,cus_432x7NoHNZSqbI,59900,59900,0,eur,succeeded,1,0,,,card,visa,1016,10,2026,GB,Subscription update,michael.johnson@nordicport-wireless.example,txn_3qSolQd1D0tAqRSJrLauJ0SS,1740427104
ch_3p82JQ4yCzoVmaoU50aMqFhA,pi_3iBLaIOOue1AQ55GjEXDfC6H,in_1ajZaAIFtqBQw0bGCtbvXaPJ,cus_f7yoO2mJJ1h8mv,59900,59900,0,eur,succeeded,1,0,,,card,visa,3578,11,2026,GB,Subscription creation,amanda.edwards@edwards-network-services.example,txn_3psaI0ezKFwbmzAk4UhLmffU,1740487535
ch_3kiUHzAWjBAMj6pr7jOXrqdR,pi_3D4IDSusw6HOf9nRr0BLgNIw,in_1sPP83ovMZhdez91Z6Sehhl2,cus_OcwVzsFPZyn0RX,200000,200000,0,eur,succeeded,1,0,,,card,visa,6101,1,2029,DK,Subscription creation,soren.madsen@postbox.example,txn_3MumMNM95mAXrcG8lcRPfNuz,1740518368
ch_3rXq9AwmPcIwVy53j3Qx6ZTA,pi_3fqk2QvlZFMdjPEHuGBGZ6K8,in_11BsxKgs9FBd7FVcGav8NX0o,cus_Bw2tKpHPn9b92c,59900,59900,0,eur,succeeded,1,0,,,card,visa,1268,8,2027,US,Subscription creation,ahmed.brown@cedarport-clinics.example,txn_3u8Aejluznz6TfHVmW4zIli4,1740558738
ch_31Km0iIKnJ5OkRbDp21KG9YP,pi_3yYTeFUE02vN46pOgh4dHdwJ,in_1JF7OyebJMr8nqX1euI0lkcw,cus_wJQn2sSDiy5tlw,100000,100000,0,eur,succeeded,1,0,,,card,mastercard,7856,12,2028,US,Subscription creation,wei.clark@balticwave-schools.example,txn_3Wx1uQKVdqcAkgNn9eDrkm2Z,1740656218
ch_3ZDVoFz0Dth489jfHYN7rjiH,pi_35fHneQKf7pXz0vmw1SmlQpv,in_1aC9BbQH5aj4Xp3P91Zdy8xZ,cus_fAatossq3D1WXf,100000,100000,0,eur,succeeded,1,0,,,card,mastercard,4161,4,2027,DK,Subscription creation,bjorn.eriksson2@eriksson-network-services.example,txn_3QvjoemnAYWtm5LPkYSNYxc4,1740662139
ch_3HIC7IT386aO3Nxhis6kex8p,pi_3rC8vz2hdApIibfAUaU3Pv4F,in_1ZPENhUXbxDhJmDAw92lVldB,cus_1VIF6faLmDwpCh,100000,100000,0,eur,succeeded,1,0,,,card,visa,4675,5,2026,US,Subscription creation,tom.roberts@auroraport-wi-fi-solutions.example,txn_3bIGg44KJa3KB58da2tXj0LC,1740672062
ch_32BD9m23bfTDHoUmcSeomRex,pi_3RPJj6lmcuDZYPxVEprcrIiW,in_1TCbaKtt1iz6JDWiDeGApkuR,cus_JcHVDOfMmNymvd,100000,100000,0,eur,succeeded,1,0,,,card,mastercard,3105,6,2028,US,Subscription update,emily.campbell@apexgate-rf-consulting.example,txn_3uIENLXuRs8CKgMsnMioZ2S8,1740721547
ch_327j3G0Wdo0PEmda1IqQxsqh,pi_36TfHp4hTiVudKuFIX6CiMLB,in_1F2frEERAfcoebyDWSq7ErN4,cus_pJamYGd6lJ7aTM,59900,59900,0,eur,succeeded,1,0,,,card,visa,8935,2,2028,BE,Subscription creation,bas.bos@brightpoint-hotels.example,txn_3R7WLVFfVDbprXu7dgjqGTLz,1740814104
py_3sbHAdzwpmqPiiwMjVo6BO9o,pi_3IVG8oBILrMibFS5P2aI7naS,in_1a6dW32B64hwa3ok28gepWK2,cus_i7SSQaUwTvAMef,21000000,21000000,0,eur,succeeded,1,0,,,bank_transfer,,,,,,Subscription creation,accounts.payable@halden-ridge-state-university.example,txn_39BEgoAFt1rwpK7TMG1Okx6V,1740840439
ch_3KsjdpTT0t7oGo8Fy5NBpScW,pi_3QHUhTQ02aYucPRAMwTkDD3h,in_1gB60o6aSQvsmf9YdPFlqeWB,cus_XUeYS4iIHQuyib,59900,59900,0,eur,succeeded,1,0,,,card,visa,0568,9,2028,FI,Subscription update,petri.heikkinen@balticpath-wireless.example,txn_34QJ6BJg6lH3cjK8HA3K9UPE,1740840446
ch_3AaMyI2QTRGha3LOTjKK2Uj6,pi_3SCkvOaMmypk2Fr4p0nhIpQv,in_1K5vH0DQ2jSd5Aend0Ephi24,cus_QqzdvxmGjOVtgz,59900,59900,0,eur,succeeded,1,0,,,card,mastercard,8642,2,2027,US,Subscription update,chris.carter@carter-network-services.example,txn_3OQH6DOqTFGMCGv4RyATFPwz,1740861153
ch_3gYd3RWPYR9qOFhgSeGlI9Yw,pi_3VBsEIRxCOzpGLHWU2BNEYSZ,in_1GBVBF8RQRLgbbTlEYWb44e3,cus_AVfe9FTnz9wOQP,100000,100000,0,eur,succeeded,1,0,,,card,visa,8591,5,2028,DE,Subscription creation,tobias.becker@stonepeak-communications.example,txn_3Y3d6YuSUHC9DUoZ7r8gY1Xw,1740907089
ch_3Wi7O5ClZ2lEzazmkJJwhQV5,pi_3sPEK0YeC5vOpt2Yb38suP7s,in_1C3YxDab99pPibewYbkbBHun,cus_cnFt3BbZEny44U,200000,200000,0,eur,succeeded,1,0,,,card,mastercard,9252,7,2026,DK,Subscription creation,lars.nygaard@vertexlink-logistics.example,txn_3eccZVoXbKLpw7GM1dHXFkUJ,1740913010
ch_3md1DdMJWhuIzMSkItXJR8J0,pi_3zaJJlFDVnUyjWaxVwrktSFo,in_1xWyGFLXFZgrJx9ojuhDghmk,cus_kuNaoW6UsISkyi,100000,100000,0,eur,succeeded,1,0,,,card,visa,3853,12,2025,GB,Subscription update,eric.miller@miller-wireless-consulting.example,txn_3tAFwXTVSNt8QfytM50MLsbY,1740925932
ch_3A2bxPNEA6ktB0KcXcxN8PCs,pi_3aO7qPWMEE1KbRGl5GheWuRB,in_1UPwhwTenKb1URVal27HR2yb,cus_7DfKQzs1WU1Alh,100000,100000,0,eur,succeeded,1,0,,,card,mastercard,0021,10,2027,SE,Subscription creation,henrik.holm@atlaspeak-communications.example,txn_30137mfLeDdADoTdCP4hGXCp,1741011004
ch_31XXmXH8GszRnh8f6gMpHE3s,pi_3zarxAdc6qYT3mAsrCO3QW6u,in_12lCMy7mhAUDNk61JhlrbE71,cus_M5vuNODM4cKzFl,100000,100000,0,eur,succeeded,1,0,,,card,visa,3856,8,2026,US,Subscription creation,ben.thomas@clearbridge-warehousing.example,txn_3pXCw7fEzAktT1frrck1dUia,1741011783
ch_3IjCKQB0EJvzkEF04o6rkaG8,pi_30DQ8qe3oJN8h5MTBcNYC4d1,in_1PJOjmgoE8UfZgpDcbNQqMEc,cus_6aBJgTreXFXeSi,179700,179700,0,eur,succeeded,1,0,,,card,visa,4895,5,2026,US,Subscription update,jason.moore@lumenport-clinics.example,txn_35Z4nBrYQLJtKh6wD4sipDHb,1741091041
ch_3E50ElNBMn8iF1sfAMHweLiC,pi_35EEh7mCBZDxt5uO6GWaYjea,in_1IGhdHTpv9HypDGpugT03bm2,cus_jc0svuQZTp0AZ2,59900,59900,0,eur,succeeded,1,0,,,card,mastercard,3865,3,2029,US,Subscription creation,jessica.turner@atlasport-rf-consulting.example,txn_3a1YGjYIf0qmvr9Bbpb7FUY3,1741172017
ch_3hjO0PmJlwwC2zr4epvqA6RV,pi_3rTpNX8odG8ytsVOCNJQaiOt,in_1GqtRCx8bncubhiMbMnQymsN,cus_ooUiLl9SZYFpRT,100000,100000,0,eur,succeeded,1,0,,,card,mastercard,0832,9,2027,CH,Subscription update,michael.muller@harborline-properties.example,txn_3mpThP38jq5AiaXqcJkozxGF,1741174469
ch_3fbRYwa9Rq6cEiCAW5mySfVy,pi_3cB8JbiZIBwVlj9qqTwR1na9,in_1JksGGpd3AiZVIwkoCRJ3zxD,cus_l3jv7gfItxKSe0,100000,100000,0,eur,succeeded,1,0,,,card,visa,2868,12,2026,CH,Subscription creation,sabine.schneider@graniteline-foods.example,txn_3ewfCFCTUk5Dw74jnRJanaCE,1741254981
ch_3yX5PwF2E5H9EPOKGOW3sCoe,pi_3cf0PjLFJ4Cdx2vBCCn5EbcT,in_1qDmpcfUTAQXsAseZO43Ej0r,cus_OSgoQeMYgsLphg,59900,0,0,eur,failed,0,0,card_declined,Your card was declined.,card,mastercard,3676,7,2026,US,Subscription creation,emily.carter@signalbridge-foods.example,,1741315296
ch_3RRgOo4sO1FEIDHbljPWxDBa,pi_3cf0PjLFJ4Cdx2vBCCn5EbcT,in_1qDmpcfUTAQXsAseZO43Ej0r,cus_OSgoQeMYgsLphg,59900,59900,0,eur,succeeded,1,0,,,card,mastercard,3676,7,2026,US,Subscription creation,emily.carter@signalbridge-foods.example,txn_33LZ0kdruDvOnCiWqOneJJEf,1741315827
ch_31fFJfbIVJUyf4zPoWHoYTyA,pi_3x4ZE6HkxGZwfTpwPKXnQ4IC,in_1iClJP4hr2aPb8JPIvrcSHnf,cus_5YWSlLdODAuE40,100000,100000,0,eur,succeeded,1,0,,,card,mastercard,8102,9,2028,US,Subscription creation,jessica.miller@cedarlink-construction.example,txn_3V0fzvHcrusm9jh7cOOPUTa3,1741515419
ch_3xAe8CfejRYhJ0LfDPmt06dh,pi_3d18803POcJj0uxrzGLTh4ja,in_1qDFLlztutNpcs2CbdEoF530,cus_MqWyzoAoD3Om8i,100000,100000,0,eur,succeeded,1,0,,,card,mastercard,5475,5,2029,SE,Subscription creation,lars.jensen@westworks-wireless-engineering.example,txn_3ghxXuAp41LBnKqoIH0OBnZT,1741613961
py_360KWWXHT7A3ZqWsfMgXxTt0,pi_3FAjsUO2TLO09XWDEU6hne9S,in_1TNmEdiGYPDZkRwvtUlSVjac,cus_ciIyCYR5oXDBEv,119800,119800,0,eur,succeeded,1,0,,,bank_transfer,,,,,,Subscription creation,andreas.muller@auroraline-schools.example,txn_3oQ2J9gtWbp4dFoFDIZhsTB3,1741631136
ch_3fIiRbgt2p6LYarpMoU0ZmPq,pi_34pjt3Q9ZaIFC47lintTNvCR,in_1hZwidSqNEzi7cgoNsnpFuYF,cus_qFG2eM41pQgvny,59900,0,0,eur,failed,0,0,card_declined,Your card was declined.,card,mastercard,0249,3,2027,GB,Subscription creation,mark.evans@nordiccore-hotels.example,,1741675207
ch_3R8GSAmxYPO1gUKsa1HrJnut,pi_34pjt3Q9ZaIFC47lintTNvCR,in_1hZwidSqNEzi7cgoNsnpFuYF,cus_qFG2eM41pQgvny,59900,59900,0,eur,succeeded,1,0,,,card,mastercard,0249,3,2027,GB,Subscription creation,mark.evans@nordiccore-hotels.example,txn_3oKBPiAHrkA30D2oWbJ51eT4,1741675320
ch_3TysJKnn64XMSSov8WjlNxqM,pi_3Z76nNOleXnZNcQPQXKGqCti,in_1F0B26nZM2S1YjFbcpOWXxpC,cus_QLLI1YTt3p4rOG,100000,100000,0,eur,succeeded,1,0,,,sepa_debit,,,,,,Subscription creation,jan.weber@mapleline-industries.example,txn_38gUtbuuDSY0JLNt0EcB3HAU,1741704018
ch_3uchPDcV4qD9KNAdWMsk0l0H,pi_3Bx2WCjTDokqUXIGQEDJbiC7,in_1FdEQtoyStgq6FZ1YSUGf3x2,cus_jrzNRLk4zePNww,59900,59900,0,eur,succeeded,1,0,,,card,visa,8670,9,2029,GB,Subscription creation,priya.phillips@harborbridge-foods.example,txn_3sWSgn193dnJDykndS5X2mak,1741708986
ch_3YertSjOwOWCir2QGj1hdFag,pi_3TFf4kv55AoGywR7Johth45E,in_1V9vBheTbHoIaC6j8DXRMWF2,cus_QQepb6Lkmk8bR1,59900,59900,0,eur,succeeded,1,0,,,card,mastercard,9472,4,2028,US,Subscription creation,kevin.harris@harborstream-clinics.example,txn_3fAIrEMd6TJxWhJPraNSK4uo,1741709703
ch_3k6LtgVQYbqMPm9wo04ip84J,pi_3eCs9ycPL9pk18zGUIfFzGH9,in_1nAZdgLtbOtpuWcPs0UMZld6,cus_6CLYJIQ7EFDce2,100000,100000,0,eur,succeeded,1,0,,,card,amex,9493,6,2025,US,Subscription update,kate.adams@clearline-networks.example,txn_3PPSYOHQYbQFfq7sSqwNoPMc,1741764247
ch_3FUIoe4sLKi0cFrfUGbPY89L,pi_3Oa0X6X8YlzhO13fBTVRuA7l,in_1Pic6OZ0Gb14RTzjPh2fstDY,cus_dlwzZ7SvYWdMTs,100000,100000,0,eur,succeeded,1,0,,,card,mastercard,4174,1,2027,US,Subscription update,david.murphy@alpinemark-wi-fi-solutions.example,txn_3cVNA80mfqNZQcqk216ZpCJK,1741782073
ch_3vVPXMnw18F4B8OzjHQLve3A,pi_3nvZj1iBvCSN0UQZWOPc3WWS,in_17V5lJqzGCYBgtqIPW6658Rb,cus_KCkxlTkCgcl7FL,100000,100000,0,eur,succeeded,1,0,,,card,visa,4537,11,2025,DE,Subscription update,michael.braun@signalpeak-clinics.example,txn_3xcwksiSERe2qmM2rE1yq8g7,1741831168
ch_3y0oSxRqf1srbUj1nrQgKx79,pi_3Mjb51kFTCKuNRzGnL6S2Ww5,in_1FP8NrX2gSXMGtlC45WUnr1U,cus_eHDBCS3kKYOoZZ,100000,100000,0,eur,succeeded,1,0,,,card,visa,4057,9,2029,GB,Subscription creation,michael.mitchell@mitchell-network-services.example,txn_3ocJz2NhlVn9Ou82mooozOwU,1741863400
ch_3BLCJuv4BoOiDdcp0oKrX3yp,pi_3BV26ohVBXEd3ObqotzMLL9q,in_1piLsW0DyAroH5VDdhoSCVuH,cus_XSHKDn4Psyp1vC,59900,59900,0,eur,succeeded,1,0,,,card,visa,6267,9,2026,US,Subscription creation,emily.martin@harborlink-partners.example,txn_3N7UJWKjcYNjqlaCU0VDLuqk,1741866072
ch_3HFF7yga4YgDZ9FAsaBhgeZ6,pi_3Gxj4ms0bKkruPcufP5u83yG,in_1O0d6MBAxIJ5F0nlDAzxGk3B,cus_6wSf59dz6Irroi,200000,200000,0,eur,succeeded,1,0,,,card,mastercard,2117,9,2028,NL,Subscription creation,niels.deboer@vertexbridge-schools.example,txn_3l1x2lq2Jps0bXZpqsdsnYDj,1741867820
ch_3M2LBgEsbAlZMPkF3omPDyxC,pi_3ZLN0m28LRM1N0bq6CtacQ1e,in_1vYBxJIRVWSm0GagB5lTrZNl,cus_yI3Gxds18UftyD,200000,200000,0,eur,succeeded,1,0,,,card,visa,9166,9,2025,IT,Subscription update,luca.russo@russo-network-services.example,txn_3NiWltJK3gdCZo1ZsEtpHnFb,1741877870
ch_3AptHT52z6ZEnfpHokiAWCNS,pi_3FoMFEgOT7m3ZPTUrNuy1Gtm,in_1u79NtDXT7Rvoyj9uaWnddd2,cus_vZUb9PkceQ2F0Z,100000,100000,0,eur,succeeded,1,0,,,card,mastercard,7816,7,2027,FR,Subscription creation,romain.moreau@novapoint-rf-consulting.example,txn_3c5K67cbAyphZlhknPZ9K8ce,1741882630
ch_34ufySb3rzsIHoChErcYrF2Q,pi_3j7F3ZSidGiprPD5Kv12C7ia,in_1Lt0de7cohoPDfOBYLCFsQhX,cus_kXsUOkcYfSW45A,100000,100000,0,eur,succeeded,1,0,,,card,visa,2812,2,2026,US,Subscription creation,megan.white@harborstream-retail-group.example,txn_3fcviEoqgCjnh3oJDZiLazwH,1741944257
ch_3PxoOdq6NB76zXdrFKiSUwHm,pi_3rQZWfuGyh6f7uOJtZ6R7z9k,in_1RB5sUB2pr66o2Iatfk5A6Gm,cus_KezbhquDmFlGoU,100000,0,0,eur,failed,0,0,expired_card,Your card has expired.,card,mastercard,6578,1,2025,FR,Subscription update,guillaume.martin@alpinebridge-wi-fi-solutions.example,,1742116714
ch_3TTyofxYFRbtPZvLUtlv67O6,pi_3HKFYZihafZvWSAOcPNJZnxU,in_1yLID46Oo1AgYzWZ05MzXGCR,cus_MhrsUp4hjgTkQU,59900,59900,0,eur,succeeded,1,0,,,card,visa,1789,12,2026,DK,Subscription update,rasmus.larsson@harborfield-wi-fi-solutions.example,txn_3ZNcqiYNJKcXQcjAmOsYpM01,1742140802
ch_3dEngugLG3fhLaBeltOyUv1p,pi_3yEObdFLAhmAZoAdNJ2USF5J,in_1GLUGZBUrlVfbWGtRidNlNCX,cus_5O5hQS3V603zSr,59900,59900,0,eur,succeeded,1,0,,,card,visa,9958,5,2028,US,Subscription update,kevin.nelson@ironstream-properties.example,txn_3CXPVUzh9H9b0faZDoSEN3rm,1742142510
py_3W6fH0489SfzOKyumh9VNCNe,pi_38sgNv5WPN5utBAp7LRH9v4g,in_1gOGJLORiDQvqu6WrcVYCfxu,cus_OE7DCHyXo4bw1r,200000,200000,0,eur,succeeded,1,0,,,bank_transfer,,,,,,Subscription update,bas.meijer@greenworks-foods.example,txn_3tHD7btGNQeaX2ntVmMArpOf,1742172660
ch_3yGkYkUGUK1Jj3e1sLbmHJD9,pi_3JosOH4ur8RTG2rIX2KXQ7Sf,in_1ZZqvmZAEZFznj9g7cgMhwta,cus_ysHoz6jtzWvkzg,100000,100000,0,eur,succeeded,1,0,,,card,mastercard,4966,11,2026,FI,Subscription creation,kari.salminen@bluepeak-industries.example,txn_3A6ZsZdVkPmUhXeARtuCHmqk,1742211033
ch_3FXADm0ShTI9jJY7XaEl79rs,pi_3lSlk6nW0oDNqiMe53QEvexW,in_1xcpUdIbksm1HO4yEVsT9SbX,cus_8YAWg06KkUXeuz,100000,100000,0,eur,succeeded,1,0,,,card,mastercard,5590,5,2028,GB,Subscription creation,olivia.mitchell@harborlink-wireless.example,txn_3KHX0fqBbvJWD9xE74P70rTA,1742218756
ch_3m48ymxaVzG918uPuyV1hnoZ,pi_3i4X55mubTXKWvkdqa1XrKWC,in_1wH8KcFVVuPXRhRByMCtwqL7,cus_sJ8x8xtfkHzhFd,100000,100000,0,eur,succeeded,1,0,,,card,visa,8209,6,2028,IT,Subscription creation,luca.bianchi@lumenpeak-it-solutions.example,txn_3ArQzdMkSat8saHBVDGWxMyi,1742300783
ch_33dmySc2bFuHLeV4CTzMH849,pi_3POH6yGuS2zbbIxhlw0pdoWZ,in_112RROS1Ma0jKHNPIKmSs5Bo,cus_qg9kgueco8jsI1,59900,59900,0,eur,succeeded,1,0,,,card,mastercard,9876,11,2029,US,Subscription creation,jessica.nguyen@westview-industries.example,txn_3llQXAVxdwa7UWNKsdRCp70j,1742304261
ch_3pDPNCObu1sEex0Qz7gQ32mu,pi_3U6czg2h2ZlKF8o0pOy2fbLg,in_1UVjjlucRFD40q3yMcqFvgKu,cus_5dQAwV5O4PPnMe,59900,59900,0,eur,succeeded,1,0,,,card,visa,0155,3,2029,US,Subscription creation,amanda.scott@clearbridge-it-solutions.example,txn_3aScqLEtGU2jKi3dLBDi2JGI,1742320801
ch_3cGsIl5jACalfrAoZzrN3S7z,pi_3gn7sFCkIJ1AVDiAPEYoG2mV,in_1gJyRZTVWPl0yMA9oTzxEHzz,cus_lw14HOXviRwsx2,100000,100000,0,eur,succeeded,1,0,,,card,amex,1772,1,2028,US,Subscription update,tom.murphy@summitmark-rf-consulting.example,txn_3hb4i2LoJz01jeRc9Yj3WNnO,1742371669
ch_36zxelIvn3yfvwjzW1ZaeM4C,pi_3JlwmUdDfcgkzKnyuR6fSXkc,in_1Qrb6ABBArelvqupMXdZ9TQO,cus_8XtKNVqMooT8rw,100000,100000,0,eur,succeeded,1,0,,,card,visa,7645,5,2026,CA,Subscription creation,jessica.king@cedargate-clinics.example,txn_3i6tvjxmuV4SMm8veCO5jBN2,1742376898
ch_3LrSfq6FuP0uX1yPxWdu4AbR,pi_3rQZWfuGyh6f7uOJtZ6R7z9k,in_1RB5sUB2pr66o2Iatfk5A6Gm,cus_KezbhquDmFlGoU,100000,100000,0,eur,succeeded,1,0,,,card,mastercard,4486,8,2028,FR,Subscription update,guillaume.martin@alpinebridge-wi-fi-solutions.example,txn_3XKvNXcwpZoyjaCnrDZP7Ya2,1742377654
ch_3A8zgEB2hWUpykFBCzNSAeHx,pi_345ebimTAaKVL6k03SNQBlMO,in_1jZK0UzxqdIm9ztD4HsO6trW,cus_DdZl2AjG1pUZa7,100000,100000,0,eur,succeeded,1,0,,,card,mastercard,8804,5,2025,FI,Subscription update,sami.turunen@granitefield-construction.example,txn_3yEHEmle4r5BYCWzq6ff5a7r,1742380035
ch_36EhiIO9mvAZlMLUMFPiG1QP,pi_3l8r7oCiaUJTYAwysXFpqtyP,in_1HKRBRwoIntiFAvywLaYkIFs,cus_LHpiAxH6h7x90v,200000,200000,0,eur,succeeded,1,0,,,card,visa,7498,9,2028,US,Subscription creation,daniel.martin@mailbox.example,txn_3CoNkhLtG7rFeBegTYvCJDs7,1742384799
ch_31kODyQ4xFZjDkJgOwpz012y,pi_35qNcRD1Dh20sxyqphhIiOCH,in_1GkYjbZT2evmMTZ4alj6Hb4V,cus_Nb5efz71H5Nl3V,100000,100000,0,eur,succeeded,1,0,,,card,mastercard,3398,1,2026,FI,Subscription update,laura.salonen@clearstream-technology-group.example,txn_3s0kjl6StbomL4o48bYTOxoC,1742456550
ch_3HVWwIrBapSyXoMYbZ8mL25A,pi_3EPxXJTKcC79oKtj2HLc6HOF,in_1K4l6xyeQPSlovPoNJsLdjW6,cus_Vlp3LGxMDCO1OJ,59900,59900,0,eur,succeeded,1,0,,,card,mastercard,3630,1,2029,US,Subscription creation,daniel.adams@atlasworks-properties.example,txn_3Ii3QpMIi3ZFB2jGw2TxWHp1,1742459307
ch_3bsqOrUdRX1tecrIFu8aveaq,pi_30TsCXVHqlhU3nleahnJ45XW,in_19DgHQnfXzHwnwAvhz4ghPd9,cus_QA2pvnXm31h6GZ,100000,100000,0,eur,succeeded,1,0,,,card,visa,0659,1,2029,AT,Subscription creation,lukas.schneider@schneider-network-services.example,txn_3cSCRLw1o5C9QCmqRhhEXRVC,1742490997
ch_3cFTfOQyw09SXMbo37p5peIZ,pi_3u6cv3mkfnDlzL089QoloxVP,in_14cdGAAaiLyQezB1RQcqEMah,cus_fu6v4wsbxyGXU2,100000,100000,0,eur,succeeded,1,0,,,card,mastercard,5369,11,2026,US,Subscription creation,wei.kelly@kelly-wireless-consulting.example,txn_3wUcNMbOhWUQRo8vbsiTdNja,1742542021
py_3CX05UHNfFs9vaB23sDDCTTn,pi_3IXInLgv5R8mKhgRohUQV1GX,in_1dAQo5V9M9oaCOaaLuyoTpmN,cus_Wfp7gzHtcf8lWW,200000,200000,0,eur,succeeded,1,0,,,bank_transfer,,,,,,Subscription update,kevin.phillips@beaconport-warehousing.example,txn_3TTdrfNYh4OBQ7A1kyXPbeNF,1742543661
ch_3ModwUHSYuQsz47yWcjxptZq,pi_3qSjGwn8tB2nJGHNydQfmvMD,in_1MVpyANZI0Bc7v7DX1oIX10J,cus_JfmIGW2RaN5nlf,100000,100000,0,eur,succeeded,1,0,,,card,amex,5069,12,2029,US,Subscription creation,priya.evans@northworks-networks.example,txn_3xTTuoZFPGUlp38SEeI9iYSz,1742565829
ch_38y7W7sOxqr0n4MMFFD50alt,pi_35FsYmaKRU9QZF6bjqNVFFOU,in_1tfbi3ebKmMHYKPCorVBPLpX,cus_HQMgjEQQHUTDKq,59900,59900,0,eur,succeeded,1,0,,,card,visa,1009,1,2027,NL,Subscription update,sanne.mulder@silvermark-warehousing.example,txn_35F5n5GLRh5dzd7rLds0A1KJ,1742619890
ch_3TBhlF46UK9gN8uQ88Pb7ejv,pi_3pQ8BMcrK559MHg7FFB8Iqvy,in_1ir3i6iU212TSuRxZgYHnNxO,cus_x6YNaRDIOQeRPZ,59900,59900,0,eur,succeeded,1,0,,,card,mastercard,0813,7,2027,CA,Subscription update,jason.white@balticview-logistics.example,txn_3jFfKN2TRIVwXPVV720PIOej,1742645284
ch_3v7KXVomZ9Tsyvs2Y9kGqsLA,pi_39W7AFU10MCai9HKJpWYYlK5,in_18aeSh4ANIHnHYltpkqGMeog,cus_5qG4TymqioTp8B,119800,0,0,eur,failed,0,0,card_declined,Your card was declined.,card,amex,0812,1,2028,US,Subscription update,steve.kim@orbitmark-hotels.example,,1742654105
ch_3tSXPiD0M7hXyf88RBUbZSBJ,pi_3BeTw9oYmbPmoxNs7rlPV1ay,in_1MhtYCkcvC9oqwa5rsCrzMmJ,cus_bzzdFByp6hqxzR,100000,100000,0,eur,succeeded,1,0,,,card,visa,1721,5,2028,US,Subscription creation,john.nelson@postbox.example,txn_3i1Yttw5rzGe8ZbSoNhSFHcQ,1742819361
ch_39XbfLfoBZN9onAlYTtHj8op,pi_3EvKuz1UJOmTdVecL2wgFtX8,in_1n6UCrZ8AldF1cIt3XTnhMlw,cus_GmZAanfQzp2Uk0,59900,59900,0,eur,succeeded,1,0,,,card,visa,3077,11,2027,FI,Subscription creation,riikka.lahtinen@alpinebridge-wireless.example,txn_3ADbHf4unARdNCUkUPuW5YAF,1742827675
ch_3WhPzRdysx4IYiIHsNpY0nfe,pi_39W7AFU10MCai9HKJpWYYlK5,in_18aeSh4ANIHnHYltpkqGMeog,cus_5qG4TymqioTp8B,119800,119800,0,eur,succeeded,1,0,,,card,amex,0812,1,2028,US,Subscription update,steve.kim@orbitmark-hotels.example,txn_3FJNM76dXI5Qlh3oSZKJiOIH,1742918645
ch_3TZUXCeXpd8BVdnRaDqzeAIh,pi_3PndS2BAD3vJ4FWXMtI3KCuO,in_1PNV1KaOK1zbM95SBViLvsYx,cus_WVXKDS6qAWfcsa,100000,100000,0,eur,succeeded,1,0,,,card,mastercard,0621,10,2026,US,Subscription update,michael.white@balticpath-wireless-engineering.example,txn_3T6vU5NQ60QcUF5xqC3ITN60,1742932044
ch_3aenpztCugss6RoWpUPp7aON,pi_3bE5EzMe3HpNthExoL8Clvji,in_1Oe1wZtmuG6BnRhGt3IJgKZK,cus_S3jMCD65CHCjvN,100000,100000,0,eur,succeeded,1,0,,,card,visa,2991,7,2029,IT,Subscription creation,paolo.greco@northpoint-systems-integration.example,txn_3UOB4d7iLKxP1Y49C8cTHyRa,1742934174
ch_3ZSZnPfJApbd2KGxvnmgOKzK,pi_3WohHygPqBkEK7H3Yp09dqD3,in_1YKlaeRCpB6Znl1MISdgWgTl,cus_sdHiitvqfCvLpx,59900,59900,0,eur,succeeded,1,0,,,card,mastercard,5889,6,2027,SE,Subscription creation,rasmus.olsen@olsen-network-services.example,txn_3DwXbmN21YenHjlPve3loDzD,1742962487
ch_3wV5szttW1Hqco0blbVV2C7b,pi_3dx8cragJ8ENXlSI1IHM6zEN,in_14xWjj6Y21Ca8585LEe8NjRc,cus_TJG16cCHPasMrb,100000,100000,0,eur,succeeded,1,0,,,card,mastercard,1269,12,2027,US,Subscription creation,ben.williams@novalink-it-solutions.example,txn_33aXBbjAByexasvBOIektnMO,1743007690
py_3BiOG356OBu30ODeAcXkoNgd,pi_3NZTmxMYQNIlOFQVgmMhdYui,in_1GsU1D6BxeHP3wqAEYPPFllJ,cus_3fuxPQgVghQ9ml,119800,119800,0,eur,succeeded,1,0,,,bank_transfer,,,,,,Subscription update,kevin.johnson@harborline-retail-group.example,txn_3sPkfBMSPI0dcewA5Jfu41VL,1743075912
py_3ws7BPzpxXsqmqJhFMfcRA8I,pi_3h31dSnwutFDL9xXZf2oaIzv,in_1o4JzJCY2TwYBmAzffKelCng,cus_CeLa0yc4VZvUJe,119800,119800,0,eur,succeeded,1,0,,,bank_transfer,,,,,,Subscription creation,david.edwards@summitstream-foods.example,txn_3ExA0ewiryg1AuAa3JogeW3T,1743081464
ch_3RdUi6avqtNrLvuut48hHFnH,pi_3ro16uhdtREUlP9xYmRuefOB,in_1sdFViEOBwPh0hiZPL12OkmL,cus_noUdzrq1su2FQ6,100000,100000,0,eur,succeeded,1,0,,,card,visa,9295,11,2028,US,Subscription creation,kate.miller@westport-media.example,txn_3thI9Kl8KXQlyFIjIqmM85wC,1743084297
ch_34ExAJrpMll3guLKO7vWdyyi,pi_3DQ2XM79EdZtndW5Mt79zNiw,in_1YySjpj93SEYCb3hSyJC4vog,cus_NovWGYRNZyZDDz,100000,0,0,eur,failed,0,0,card_declined,Your card was declined.,card,mastercard,9783,2,2027,DE,Subscription creation,sabine.koch@crestmark-wireless.example,,1743101592
ch_3W32Q31clqE2mM7GwgciuKIk,pi_3DQ2XM79EdZtndW5Mt79zNiw,in_1YySjpj93SEYCb3hSyJC4vog,cus_NovWGYRNZyZDDz,100000,100000,0,eur,succeeded,1,0,,,card,mastercard,9783,2,2027,DE,Subscription creation,sabine.koch@crestmark-wireless.example,txn_3giXydvbcLQCHq37WQ5pUezx,1743102128
ch_32kucg4e6gX88Rl8IahjbNwB,pi_3RXoJ0NJEOvGPbyRSAYwJ7Sa,in_1WZtDyaG7tq39IS6V969Tqb0,cus_Qjpc1xWrHFBRsh,300000,300000,0,eur,succeeded,1,0,,,card,visa,2497,3,2029,US,Subscription creation,sarah.mitchell@summitpoint-managed-services.example,txn_3E8vBExcWS6NvOOQjtcNMOfD,1743154380
ch_3C7jK3mH0YxTVwXgZIuHPP9q,pi_31cO8MSiacWxyHKlCyNUPLZ4,in_1lEFzVbytTS4SCsvihPWQYph,cus_wjjlbSFGmi5qCA,59900,59900,0,eur,succeeded,1,0,,,card,visa,8080,4,2029,US,Subscription creation,steve.young@mailbox.example,txn_3wh1sOMAnghJzQyaA0WGcRvZ,1743166597
ch_3Hbi5p72YASvaJfJCcgbiyBa,pi_3cGOPYtf5IMBhfm2mALjfCSV,in_1YFq1PtWZGwdAtXVliPO7Zzu,cus_YLCBItB1tPgRDi,100000,100000,0,eur,succeeded,1,0,,,card,visa,1871,5,2026,DE,Subscription update,daniel.hoffmann@northport-networks.example,txn_3Ln6vxlBodKeXzxrSQOcXAes,1743183057
ch_3HVeIGDiXeftTRjj7Oe3R72h,pi_3F6QeozjGDrNXoDcoQtHTqwN,in_1woBmym2JRdH6iVAEOGpmF3Q,cus_Lyyy6L64GAf6lX,100000,100000,100000,eur,succeeded,1,1,,,card,visa,2965,10,2027,US,Subscription creation,megan.johnson@lumenpath-wireless-engineering.example,txn_3tKfcmukyg3LmYqtgpOkeXk7,1743283455
ch_39GXeWbeFWIQqtMKZS5jJT9X,pi_3idFhMBTJpAtKNc8rqr7XiaY,in_1xrQJKP65LBE6ZeqTJdEn4GQ,cus_NAACkjCiPPH4Fe,100000,100000,0,eur,succeeded,1,0,,,card,visa,8293,5,2026,GB,Subscription update,rachel.evans@apexpath-rf-consulting.example,txn_3TXhW4rGv0us8XsO9MZVF9bP,1743424863
ch_36Dc3qlYjitoiSrql2B2m2mA,pi_3GV9Y2Eh4TLyEvW2uaQhYP0B,in_1bjuQNFlSx2fb7EjvBQpTHbN,cus_4MERMw4gCtPIyQ,59900,59900,0,eur,succeeded,1,0,,,card,amex,2105,1,2027,US,Subscription update,amanda.adams@westworks-properties.example,txn_3RxFX9v3kw3hKsnN4WrGbwBP,1743523510
ch_3rmErKDuLyzo855QTMu1fUxm,pi_38QR1dzsBN3j6y7Pt92IXXZi,in_10PAymskuRoiwuRd6wauy7kx,cus_k7GXNSSKhXSCCE,300000,300000,0,eur,succeeded,1,0,,,card,mastercard,1052,5,2029,US,Subscription creation,paul.williams@cedarcore-foods.example,txn_3CkEQ4IDJv22yqUX9CP0XI7K,1743567148
ch_3l7EJfr3t2twQ018AutaHxhu,pi_3YPDYPEThMmQ0hWVJJhPIUQ7,in_1dPDbxk19PSr1iUOmRvIhPLr,cus_8kfqDblhumwMDj,100000,100000,0,eur,succeeded,1,0,,,card,visa,2260,1,2026,FR,Subscription creation,laurent.roux@orbitcore-logistics.example,txn_3tQCibfbRzZdqXKDyfhKhUqu,1743592253
ch_3LWRfWLV8tcmjoEu27KplIxn,pi_3sX0JgPn2ncnUjHwLGCgzzTw,in_1kvoHFbmDSurFHA2WhpnSYCn,cus_YJBM08GsHcoKB8,100000,100000,0,eur,succeeded,1,0,,,card,amex,7855,11,2027,US,Subscription creation,brian.phillips@atlasstream-wireless.example,txn_3CwaiTIMbU5hjutjxVTaNxdy,1743693888
ch_36SKTDnlq6O9iNZls1hs5QqQ,pi_3fR7OIQUgwP0nZ5PKLjuyMyc,in_1cxSfBkNhz2X27BBYP42mth4,cus_5vuftR6mJoU1eo,300000,300000,0,eur,succeeded,1,0,,,card,visa,1934,5,2028,NL,Subscription creation,bram.dejong@harborlink-systems-integration.example,txn_3WHoeuoxF9v41DkfZAkbtnfh,1743778780
ch_3ocFUyEEmv0HxW6vAKWK9DFf,pi_3eqZ5BtRnYkAKvYdKCFqZS0C,in_1MBcJuzayyEUvYtTzAXVcme8,cus_PJ9xcSQSdNmAwy,100000,100000,0,eur,succeeded,1,0,,,card,mastercard,4960,1,2026,US,Subscription update,priya.harris@vertexpath-communications.example,txn_35O6DI6Bd9rpKnD6RxhrUdYQ,1743783348
ch_3v7TAVwJ0UQKBA8ijlyeeCOJ,pi_3OY5u3ND1ZNeHP4aoSEi7iIn,in_1EbfTaPvsUoKXwKE95gd52cj,cus_KzSYsyWxuaaD9s,100000,100000,0,eur,succeeded,1,0,,,card,visa,3736,6,2027,CA,Subscription update,brian.martin@greenpeak-networks.example,txn_3fbfUmpGEBA2TcH714UMCyUW,1744031311
ch_3YY9ynvScoxD2jUZOgAF3qVI,pi_3FpoT6eetJnYl8J21GBWU4Ne,in_1TSiyTOcArdr9ksRwXics1AL,cus_jniRjpAQXuxYSu,179700,179700,0,eur,succeeded,1,0,,,card,mastercard,4795,8,2026,US,Subscription update,amanda.moore@northpoint-communications.example,txn_3nlcpWfIW9btrY37rlFsIYQv,1744190100
ch_3qsGJ8k25oOAc63SoRPWYEB2,pi_3jQrnkypdSezHL85gPuJFPns,in_1PpiGUI9wfqjjDVpUAu1yJZX,cus_9Uk1kp1tFt1e2F,100000,100000,0,eur,succeeded,1,0,,,card,visa,4963,11,2028,NL,Subscription creation,daan.visser@visser-wireless-consulting.example,txn_3BYPWbKlq0OCTzlQQct7QWCG,1744207186
py_3KUQzuVbRlkUDwpueRAZDcV9,pi_3r3jM17koGpR9Swz2S4gEjwg,in_1ydIQRwBVK7z0rB3AU28FRlc,cus_lonF6X0MrZYdDv,19800000,19800000,0,eur,succeeded,1,0,,,bank_transfer,,,,,,Subscription update,accounts.payable@voltmark-fertigungstechnik.example,txn_3NSAKRLbJoUiqQvKZhhPV0bP,1744281997
ch_3dygN8GQWZCtmp5Sgyerxsnw,pi_3a9AjcgQZf9WNtSvhobJi8oI,in_1ExPYtdCwO5H7lJLpJW5Bcqn,cus_WNrd314jaw9GWd,59900,59900,0,eur,succeeded,1,0,,,card,visa,4252,11,2028,AU,Subscription update,john.jones@atlaspath-rf-consulting.example,txn_381EgqCkAL7AxH1gnsUs0Vnn,1744302110
py_3PanfmK8dYLkNxGwoLmSeHHI,pi_3dlCm2nXETY33RhrB7N2e943,in_1pL9eM7ZoSwFbPHqneZyp7kx,cus_ZIil6tzf2pISHx,14500000,14500000,0,eur,succeeded,1,0,,,bank_transfer,,,,,,Subscription update,accounts.payable@kaarna-university-of-technology.example,txn_3rmj6k7hElRbIiT8dxsi4g78,1744323447
ch_3Onc2WtzJm0Q7iEaWinCCUsm,pi_3o7f1mj5hhYNaKwcVfffFNzH,in_1WKaJMY7U5IXcRaV7fdyVqYA,cus_o6QozAOOhOxDj3,59900,59900,0,eur,succeeded,1,0,,,card,mastercard,5777,6,2026,DE,Subscription update,jan.schneider@lumenport-wireless.example,txn_3pc9ge8yj2pIyHluDV31WOek,1744342626
ch_3aJrSYwRj1VDnMimbRN2nHsg,pi_3AEIgS2jPupKUxUz27gJA00j,in_1aeSzqGLXby68QjU7xjWR0pG,cus_qpusBJVW39W0UN,100000,100000,0,eur,succeeded,1,0,,,card,mastercard,5974,11,2026,US,Subscription creation,kevin.miller@bluelink-logistics.example,txn_3KGstd1Stdt5Uaaz61kCDYmL,1744349052
ch_3bWVIRhj0p27uQddMRIJa9Ye,pi_3tCraqW29kBd4SNZ5xxrkC5O,in_1LYTY2aEmRX609hZ2LgImTP2,cus_QPj7kfW1ht9q5z,100000,100000,0,eur,succeeded,1,0,,,card,amex,7522,7,2027,US,Subscription creation,tom.king@irongate-networks.example,txn_3fWn4EONtaKaywGzLIUZ3eA8,1744352383
ch_3NZHmwYXhcGKbCi1RWp0Fks3,pi_3ii3JnAlYBIjMeAEqVsDig3y,in_1RM7odkNhVfK4VZ6ztIJSjuL,cus_gO5l3CFaKHZ5Sg,200000,200000,0,eur,succeeded,1,0,,,card,visa,0195,5,2026,NZ,Subscription creation,josh.jones@novamark-it-solutions.example,txn_3Lrm7OoOH0sAygpzvDm3mfjK,1744356060
ch_3cDQnNFEsAxxubtV1SO0kEsq,pi_3KKuJrNXXE9PpqXGX7hTbuVg,in_1MBU5eS1GNlGWFbiKQUILhXK,cus_2eKWeKRGSEcYhC,100000,100000,0,eur,succeeded,1,0,,,card,mastercard,9194,2,2026,US,Subscription creation,jason.young@pinepath-rf-consulting.example,txn_3OFmSTroKkp1RHklFOC26ksz,1744379357
ch_3C0c4wqgCQxbi28aGk6hdAOV,pi_3bKHSXBIhlsxr9gzPcFEX4iu,in_19NJWKP4dYv8f6sSkBK0Kmbi,cus_dotgfPF4TjSfcT,59900,59900,0,eur,succeeded,1,0,,,card,amex,1693,4,2027,US,Subscription creation,rachel.murphy@orbitfield-schools.example,txn_3L43rXY5PqPY7MSOtz9ISrhN,1744385322
ch_3i8mAORPSdARrlOhhVNXm7UX,pi_3wZBxeVSbdBYfTZld6nqh10A,in_1EIv2avuhs9GqVT9DTZT2Inl,cus_c0knIzERiKBsuy,100000,100000,0,eur,succeeded,1,0,,,card,visa,3213,2,2028,NL,Subscription update,bram.vandenberg@novalink-construction.example,txn_3HZuE0Bbj2IxmVt4JoFwhS6D,1744385674
ch_35NJOtLPvkXzeW0zfDPOfpB3,pi_3X4AgRaMwGBYKb2jMJGbFgwq,in_1UDKHtUIjfI76zlmNCh8ziSA,cus_zpVx9eAUDBZSo9,100000,100000,0,eur,succeeded,1,0,,,card,mastercard,8906,10,2026,AT,Subscription creation,florian.richter@granitepeak-industries.example,txn_3nJNRdVufaXgQ9tPHMYptDsZ,1744635452
ch_3LzTa4hfHLukU8bSfDbw1K8f,pi_3v2RzFPIZ6GDGcBzTN5mkclz,in_1vz2wU3KkqOYACgSxcOavy9j,cus_25DU0stFkNIgcL,59900,59900,0,eur,succeeded,1,0,,,card,visa,1420,5,2027,US,Subscription creation,sarah.phillips@atlasline-warehousing.example,txn_3EoMmNPwJQ0xA7fxr0Z0mxwL,1744641475
ch_31GtHlLSftsp0KTwvkDBp7Ov,pi_3e2ofNJU3Kyi68l7bdwofmnR,in_1yKwFge6yXBso3YQor504tKw,cus_R5i7gItMdi5ZTd,200000,200000,0,eur,succeeded,1,0,,,card,visa,7186,2,2027,CA,Subscription creation,nicole.thompson@thompson-network-services.example,txn_3dofDIj1BAgJvnqE2ztFwN2R,1744642600
ch_3uICXTWBCseWWl8CBkfj6y4M,pi_3XxfnxSDfCTGLV06emY9m7q2,in_1WBWmk7By9hoUgoCmRUrY7gX,cus_5neTUoUbKCe0NO,300000,300000,0,eur,succeeded,1,0,,,card,visa,1431,6,2025,CH,Subscription update,sven.zimmermann@cedarcore-wireless-engineering.example,txn_3MXaSXzWaxnOvJEDvKG3n8YJ,1744660903
ch_3FqJw8kbhyRxzjeKj3c4sL5r,pi_3jVkqDCnzDMavOeU7RAByjmJ,in_1pzSQ7OHeebioMfUkxWXq7Ug,cus_vGsK5n4JmkpQuM,100000,100000,0,eur,succeeded,1,0,,,card,visa,8015,8,2025,DK,Subscription update,lars.strand@brightport-communications.example,txn_3oWfA51n6z21TccPN7tBBdeY,1744728933
ch_3ISzQag7momoQi0etW9xlgp4,pi_3nex9QvZRIOtLqz4jQWcEE8F,in_1NIKDnIS0AaKYc13TIzxJ82h,cus_flyrA56c8CN5RL,59900,59900,0,eur,succeeded,1,0,,,card,mastercard,1189,7,2029,US,Subscription creation,ryan.miller@deltaport-logistics.example,txn_3sKWSekaYTj5MlYXE52vBRFd,1744768853
ch_3yGHD2OOwTU99KbCnQcPrFqc,pi_37cdZ8zWyGkYMCsV17BF9vQW,in_1hSvEtDF5ZQsVBurKyBH20xF,cus_GtghBVPIrYOgpi,100000,100000,0,eur,succeeded,1,0,,,card,mastercard,9671,4,2028,ES,Subscription creation,sergio.fernandez@beaconpath-networks.example,txn_3WFdqGuvzqLTqhBWE5vFIMDW,1744806959
ch_3la7haHVP8Q79EKCsoHdn9HU,pi_3gnlOvMLkSFhUknf9SyIgTGk,in_1D60dvcB6nUrbVJbB160vncu,cus_ketbOaZsbA0S60,100000,100000,0,eur,succeeded,1,0,,,card,mastercard,8391,9,2026,US,Subscription creation,josh.collins@balticport-telecom.example,txn_3AyfQjbsDI1QtkDuhnF2Xs60,1744899780
ch_3gV3uF1zromtrFTPk0yOA1rl,pi_31OjGZ4bYtrMVGTCt6Zz1oEg,in_1XTMkhYYD8rxnPlR5JHRVB3r,cus_bNjtKsRxuNhlgO,100000,100000,0,eur,succeeded,1,0,,,card,mastercard,9708,9,2026,US,Subscription creation,john.campbell@campbell-wireless-consulting.example,txn_35XOWyzF2RZBIVGwgwc8E48q,1744983518
ch_3FB6wmo7mWL2UI4Kd93LCeIU,pi_3wxPf8SPgLnC1wCpjTn6sYIk,in_12z2eoUUVD6FC5Zd9I33tjTd,cus_skvD6rpeOtTTSE,300000,300000,0,eur,succeeded,1,0,,,card,amex,8068,7,2025,NL,Subscription update,joost.deboer@de-boer-network-services.example,txn_3mIFwZm8M78A03D0A2wIubzJ,1744984808
ch_3QRlSU5YrOqVosuNT8TDz1nl,pi_3UrQoRxAySDUMYpEq89AhBaT,in_1hcMnV1bHtmRVfPgu6Wkf9x6,cus_8CjjIbmjYP6zu2,59900,59900,0,eur,succeeded,1,0,,,card,visa,7262,7,2026,AT,Subscription update,lena.hoffmann@postbox.example,txn_3KQForM3Imbt8jEP7HuPFS6d,1744986477
ch_3GAYjV2SMu6xR3KAmB7epb7a,pi_3Yx1wNunip4WiIC0wiVQf1R1,in_12QXh1XUmCfpS6TXjPzbvEzO,cus_0SpAHsS68o9dMN,59900,59900,0,eur,succeeded,1,0,,,card,visa,0722,2,2026,DE,Subscription update,julia.neumann@silverworks-wi-fi-solutions.example,txn_3uKz77okQfQIN9AasuQ1j9sh,1745007248
ch_3SpTuHy2ODIr3GqltWjEh54O,pi_3Rsbtml9m4exx0Hk1ailZ7Gm,in_1bEtshRzdM6qBbUfytyZvAMM,cus_gaASxEK9aSi6fb,179700,179700,0,eur,succeeded,1,0,,,card,visa,2523,11,2026,FR,Subscription update,claire.lambert@atlaslink-networks.example,txn_3AZxt6Zi78RDfjTVdXw8ohRK,1745081258
ch_3CJ2gVni1jIasX4wy4IxTtku,pi_3ECppKWN5YjddJwbZl2qdx5i,in_1p9vSIhWl8JZkT82pi6n2PMw,cus_MPCMVTE8DO2C6I,200000,200000,0,eur,succeeded,1,0,,,card,mastercard,8871,8,2027,US,Subscription update,sarah.brown@orbitfield-telecom.example,txn_3rWkf3exdC8wdpFjTkFgJte1,1745159945
ch_3OAaNiIZkruz57oWZE7Tgscq,pi_3V8ZmqsWae5eFI1z9wfr6eiS,in_1EcKzhJUnbiNIt5eNcLpD3Sb,cus_za4Riv2WPNlld8,100000,100000,0,eur,succeeded,1,0,,,card,mastercard,3521,2,2027,GB,Subscription creation,wei.lee@deltafield-networks.example,txn_3WqlhvHwPeFubdblQFlzEIrE,1745241184
ch_3zA8oQLC4qbkQmtoyyBl5S0I,pi_3GHX6PpWR9iESF6i5Z0SWVfE,in_1jPYNlrlKoSWqgIYpaws7wnZ,cus_N4HkZT9CDsHx7m,59900,59900,0,eur,succeeded,1,0,,,card,visa,9346,11,2028,GB,Subscription update,carlos.nguyen@clearlink-industries.example,txn_3jfgMyVDvqgH4RFobh12dSvA,1745246426
ch_3WEcszlgwxZk7m9ekMo23tMk,pi_3Xai2CUh92Rg6TlZvqpB1wJv,in_18MxWsV3fudMemvaze3zumtm,cus_Km4WG9TsONQntD,239600,239600,0,eur,succeeded,1,0,,,card,visa,5220,6,2027,CA,Subscription update,amanda.davis@apexpeak-retail-group.example,txn_3dhqQ39qePbnG8NS6Likhlh5,1745365099
ch_3s76UrLniN06ykzcqS97rfPD,pi_3IKtpiBBb3mdtCBKMKYyJJ7u,in_1vND68vm2h2vUH2IYD5FHdJR,cus_32sLDHU2DyVO4V,59900,59900,0,eur,succeeded,1,0,,,card,amex,2638,3,2027,DK,Subscription creation,ingrid.dahl@dahl-wireless-consulting.example,txn_3AyxjuOUuT9HP2RIbvbizsfT,1745507503
py_36qI1P7KcpyQMUZP7e8ieAnj,pi_3gkGtPFGM1JK68tl4HuuvLpS,in_1XVFEcC0uusSLzwUtvFXVSIY,cus_JURXvkTkGTaIQA,119800,119800,0,eur,succeeded,1,0,,,bank_transfer,,,,,,Subscription update,kari.nieminen@stonestream-retail-group.example,txn_3cQ65TDwbSW35RnfzNUGAomd,1745509048
ch_3kGEK1iUKY6q7HEooPRhFsF8,pi_3hVkIzBaGOsdw5Gwlbs4xZ0D,in_15JT1vCku8ZjR1lIRGF9sJfc,cus_GfaiTR50AlUfr9,59900,59900,0,eur,succeeded,1,0,,,card,mastercard,6501,2,2026,DE,Subscription creation,sven.klein@signallink-construction.example,txn_3hPPd2D7fG36ofmcQyIWbrM0,1745519111
ch_3XJg4NRU7hzBFdCQKL83WmPQ,pi_34sJTtxjmA4BRKdMh2SWMifU,in_1K2jjJf1UqCZy0oxbJ6FVtIz,cus_I6qan86bCV7qjj,119800,119800,0,eur,succeeded,1,0,,,card,visa,5343,12,2025,CA,Subscription update,daniel.carter@mapleworks-rf-consulting.example,txn_3YbQubhq78B5hJH7xDTi812b,1745582932
ch_32chqHDewDhKMfhxekMojBSG,pi_3lyd1O9EqEFSGt0tTCpxmUHn,in_1bsLB1JzgFJ6AGCRAAZCp89q,cus_ASjFtZq26RjsFm,100000,100000,0,eur,succeeded,1,0,,,sepa_debit,,,,,,Subscription update,wouter.dejong@apexcore-foods.example,txn_38A1HRSa3VEQPwA1OSlATXe2,1745592855
py_3DqCdHnEopX7U3SJdq7RtNfS,pi_35mbCxt0HilVFOd2zXmrSSJs,in_1a3s7CMMM69fAE0qVJX89mrk,cus_B5PL2GX1od5LE8,200000,200000,0,eur,succeeded,1,0,,,bank_transfer,,,,,,Subscription update,michael.thomas@ironport-retail-group.example,txn_31zu0crIvQv6US7qnoiVJvTB,1745654278
ch_3jamJp8eq0YzIdnXnCxEGicj,pi_3Iucs63mjQTBIAX9SWbNAK0v,in_10l35pcXbv75bZgakJrN0kvZ,cus_YhnHJUTvBA3YNM,59900,59900,0,eur,succeeded,1,0,,,card,visa,8333,7,2027,US,Subscription creation,carlos.walker@ironline-warehousing.example,txn_3cMnZvNbLgxGcrKYEbZUwj3I,1745829680
ch_33DSAzmHk6Tu42JtcCirWZ9L,pi_38SmRSlgVtLyN3OM5UqG74AX,in_1GY97BXN3y4BqQsVwvBo7gAj,cus_hb4zqF1Jof48xe,100000,100000,0,eur,succeeded,1,0,,,card,visa,9311,2,2028,ES,Subscription update,laura.torres@brightstream-wi-fi-solutions.example,txn_3zDQCrYPkXZkbCscwaU2MNtT,1745914271
ch_3X87dIBsra2fIgSghVk4L5q3,pi_3Oz10cQ00xmRlOtGqucfcSWJ,in_1Pp5vwVs5STei9z8y7yFYaUS,cus_L6I61NfpfEaX2Q,100000,100000,0,eur,succeeded,1,0,,,card,amex,0014,9,2026,US,Subscription creation,sarah.edwards@auroraworks-foods.example,txn_3ZwIGZxXfZx3gcjhTfP5aTpK,1745925118
py_3T0ruOUEVgK26WBZdY7lSP5N,pi_3fXCtdyAdTRrNu6rkWb3hbq4,in_1JeNLSvoFR4Octoy5QRVhmm6,cus_a6BKxYAAfcl5Y5,119800,119800,0,eur,succeeded,1,0,,,bank_transfer,,,,,,Subscription creation,lena.koch@alpinemark-systems-integration.example,txn_3NEmUyBztqjToydvYrJ1K9U4,1745925811
py_376Y8IfYjzRuV8Pno3I1PxaT,pi_3KPfPAAb4HvcZH5yRzKHIV6N,in_1J73QOj7G2vD9rkWeeKAxeP3,cus_oRj5dSEBFZsN01,16000000,16000000,0,eur,succeeded,1,0,,,bank_transfer,,,,,,Subscription creation,accounts.payable@kivimet-paper--packaging.example,txn_3wenx6H8NENf0ec6SmkHPIGE,1745943531
ch_3dNIMdtmNB5Y9w7rqmxPGpKE,pi_37flPeAoNqL2bdEMZeNNGyR9,in_15DPJnsOLCnm2YbJhoxvhVN3,cus_n6qM12eaGNSuu7,300000,300000,0,eur,succeeded,1,0,,,card,mastercard,0557,6,2026,NL,Subscription update,ruben.peeters@stonepath-rf-consulting.example,txn_31dGGwqKCzeaes8M7eyP0eXd,1746018375
py_3u7fg0WlYiJLmD29V5Wq2yY8,pi_3AhuDl1Cegh02rtRT6WeyYPm,in_1N7OkmwSgHSiX4DJtjTnHML3,cus_lahAz444KifLeN,200000,200000,0,eur,succeeded,1,0,,,bank_transfer,,,,,,Subscription creation,megan.turner@clearpeak-hotels.example,txn_3MBZGpeQ7rPsuz3AMWDABtAu,1746058221
ch_38sxTgiPqKXxD9pQVvjhXaZZ,pi_3MUQsJuNXMQfmjFkqyHxO4O9,in_1ILvSavk10ykI38D8i7gX0U5,cus_j1m8LO78rIJKta,100000,100000,0,eur,succeeded,1,0,,,card,visa,9416,6,2027,US,Subscription creation,raj.white@granitewave-construction.example,txn_33uAuEiHo7N5h8Qp72vjOUK6,1746117304
ch_3runRNjEjPZ7AC7yx40mQBOC,pi_3VxZRULZauU6PtrxX06mF7Su,in_1U0SD166GOGBuOmFLQrYKspu,cus_SwhQ7tIHwZiNgW,59900,59900,0,eur,succeeded,1,0,,,sepa_debit,,,,,,Subscription creation,thomas.moreau@orbitbridge-telecom.example,txn_3Ax98P7qa0wxxjakUam6MYv1,1746195111
ch_3uuhFo0fbjMe5766spAvMRuA,pi_3iElebLv5343WZDMi7RrrMUA,in_13Vmqd0cZDvKPXz70vtEkMBV,cus_M4hDWsFdPWMbXk,100000,100000,0,eur,succeeded,1,0,,,card,amex,8649,10,2026,US,Subscription update,jason.scott@stonepoint-clinics.example,txn_31pxyoS7NOCG3errUM37QIOD,1746260579
ch_3d0Fo1lhwH7G7riyBB8Wcjal,pi_3jsrEhcgIRyD44pwtDC4aoky,in_1qUEDRhl5WOKQe4I3YnqUgh7,cus_Zd5xX1Yh4gF3Jr,200000,200000,0,eur,succeeded,1,0,,,card,visa,3483,2,2028,DE,Subscription update,anja.neumann@neumann-network-services.example,txn_3EGQTLj2vatLQ9fvMBmmG3Ma,1746274714
ch_34CXboZbkdgLkzKA5vuhplJF,pi_34KhNkO7S33vfYKXaS7JM4ha,in_1IjAjzNxu5Lu57jpGBWtqsv8,cus_bWFOQQTuwgK27w,100000,100000,0,eur,succeeded,1,0,,,card,amex,9965,5,2027,US,Subscription update,olivia.campbell@greengate-networks.example,txn_3HfSeT2ceDanSS3Vm6lCmU4b,1746315584
ch_3nkvmW1oBMRZVKWxEHNistjP,pi_3Y2pFJ5abgEkCwcW18VIhSBO,in_1KXX1jxYyHM0pt0roKMZZJyh,cus_asGOJyVnBTrscs,100000,0,0,eur,failed,0,0,expired_card,Your card has expired.,card,mastercard,1915,7,2024,AU,Subscription update,brian.murphy@murphy-network-services.example,,1746356801
ch_3WRHpD68bkkW1iivQQH0Iz0z,pi_3arzNz4jDFkoGgAY3cHbzUOh,in_1H0Rq87Nya8s5ew3KES6evMh,cus_EvpgkM5M0YAZL3,179700,179700,0,eur,succeeded,1,0,,,card,visa,0504,9,2027,IE,Subscription update,daniel.davis@mailbox.example,txn_3LcWbmuKOr8dbUHYeGrVHXOP,1746362951
ch_3Xh0v6hP39wZ0rkkyaoZm5Wx,pi_3313rryfM6QahqQEllTt8rNt,in_1TfZxSwL7F6gmkjDl609kfsZ,cus_g2UcTwG1Y8A4DD,59900,59900,0,eur,succeeded,1,0,,,card,mastercard,2859,12,2027,GB,Subscription creation,brian.white@vertexline-foods.example,txn_3EsG9yK6IV9KcyDpgCEDaeOf,1746458004
ch_3BliJwtovXBEmfgS9LZmwAz2,pi_3HN9Ua6i9ZUdIscK8PFpQHMe,in_15l05HxCCvz0DOyNsUgY1Mii,cus_sTXy5R8dcVM0Vi,100000,100000,0,eur,succeeded,1,0,,,sepa_debit,,,,,,Subscription update,marko.jarvinen@apexwave-construction.example,txn_3EB4T9z2R0IEdQKHV3c12QF4,1746529620
ch_30jabwWxIndz9ahYWtrKWilb,pi_3q7UX7ZikpbknWqunGcLA2KU,in_102cGR15JHGUOM4H4sdtCuDv,cus_N1IC0bRJlLcONc,100000,100000,0,eur,succeeded,1,0,,,sepa_debit,,,,,,Subscription update,tobias.klein@apexpath-telecom.example,txn_3O3vcgccvJFDzF1Y9dulsDsh,1746530094
ch_3SOXCADIgmaE1CMeqKUhIefy,pi_3n9RwKaqKsdhntrFMp3D3z86,in_1pQhGR081FPaaqPcXHkBiEwh,cus_yJWzqxSlxND4Qt,100000,100000,0,eur,succeeded,1,0,,,card,visa,9984,9,2025,AU,Subscription update,robert.campbell@cedarview-wi-fi-solutions.example,txn_3b2VFX2mI7ATQFGgMsxaf4YQ,1746533070
ch_3ZN5xYVoPMurVAcrkZsiY1kF,pi_3oTkoJ4lEWQZ11BeEEpaJTe8,in_1ec00p47bOMzzT2eq2xY8NVG,cus_TFVcidCJTYFMiK,59900,59900,0,eur,succeeded,1,0,,,card,visa,7332,8,2027,US,Subscription update,sarah.campbell@northview-construction.example,txn_3B1sZNMC3u1HHAe5GuhqfbkX,1746597013
ch_3mCLtmURwlJL1o3YaEIpF5Rv,pi_3eAS8WKqFes0W1N4lrbHwxtY,in_1bSchuTLo4TdiJOIluQJoBCQ,cus_yKC2is8r0nMMGh,100000,100000,0,eur,succeeded,1,0,,,card,visa,8437,7,2026,DK,Subscription update,kristian.dahl@graniteview-networks.example,txn_3FbEpFisnelmCCP2wMi5pLbB,1746605706
ch_3uNiWyu226RmCAQt5c6UbMFw,pi_3Y2pFJ5abgEkCwcW18VIhSBO,in_1KXX1jxYyHM0pt0roKMZZJyh,cus_asGOJyVnBTrscs,100000,0,0,eur,failed,0,0,expired_card,Your card has expired.,card,mastercard,1915,7,2024,AU,Subscription update,brian.murphy@murphy-network-services.example,,1746616421
ch_3qu2LrB5O2JUvF945nNWi8cs,pi_3UPAmnkS3cZPezWP4xMZnipb,in_18XxhgHKt95xPaRYC3HD6RZu,cus_ueIbXvEM7w1WEN,59900,59900,59900,eur,succeeded,1,1,,,card,visa,3410,8,2026,FI,Subscription creation,antti.saarinen@deltalink-construction.example,txn_3MvxZHtpHuyt1oJh5WVsDL4F,1746618334
py_3ssFXpccY6y3yA7ZulaInYVf,pi_3Rrku8f9bETzMjA3Aff8DYXp,in_1jx7eCglN1LWQckDTHBYzpii,cus_W0KhCt6jM9j4GD,300000,300000,0,eur,succeeded,1,0,,,bank_transfer,,,,,,Subscription creation,ahmed.davis@crestgate-telecom.example,txn_3sl6id6WI0ESaOabtiWe415A,1746639494
ch_3ay6DHiI3mrkpgJenBo72TwS,pi_3kLIg6gny9uc5yf5WfPkwDjK,in_1pIUGS2EwxeDCBOc7FlA9btj,cus_p9HWck2NEQpFLJ,59900,59900,0,eur,succeeded,1,0,,,card,visa,5687,3,2026,US,Subscription creation,josh.scott@alpinemark-retail-group.example,txn_3gmwcapxmupMLISC6HxgNjWN,1746648554
py_33uEctdoapyeYd3oScoMaRr5,pi_3TdKEi0mYYeTw1o8ceCIwROi,in_1IIlu5WiCL1JkJg0t5qH3mCi,cus_4S6jq9WqJfaBZM,300000,300000,0,eur,succeeded,1,0,,,bank_transfer,,,,,,Subscription update,mats.jensen@greenpeak-it-solutions.example,txn_3NJNDdJ8kSbdzboIh8ZIJv5N,1746734746
ch_3wv86RR6f0iwgIaeH9BhHxHh,pi_32K7XxWNxd0SMzBiCaG0ddsQ,in_12PEpxAWuxnbG8XIpVbCrEDn,cus_kFCqfuKemtkeQ3,119800,119800,0,eur,succeeded,1,0,,,card,mastercard,5200,4,2028,FR,Subscription creation,olivier.mercier@northfield-wireless.example,txn_3KVZjnzJWidYEp0lW6aXostm,1746778110
ch_3szZyr0xp1zaDw7BJOrZh5LK,pi_3Eh6Hjc6ZjB5bhx5HVjW83xQ,in_1FBG8zSjoyXui4AR9LMciHvw,cus_3HytlaQHQX7S9b,59900,59900,0,eur,succeeded,1,0,,,card,mastercard,9305,7,2029,FI,Subscription creation,kari.ahonen@balticcore-industries.example,txn_3TzCV3SHeXP3aAQBCOBKkckq,1746779819
ch_3ieVD7IQP0AyU35wS0le9PWP,pi_3TiNaNXXhyrAY8X9khUk5TqP,in_1kJKImM1jx2yXAqlsfjL24iF,cus_Js63orNGbMWh4W,300000,300000,0,eur,succeeded,1,0,,,card,visa,2531,2,2028,FI,Subscription update,lauri.lahtinen@granitegate-telecom.example,txn_36fznCZ4e3f6ZeIrw0ZjqaOG,1746795042
ch_3JWfwkE4WbfSFSSw8p4M5zu3,pi_3epwwXOexSSrKu6YeLgD91BX,in_1yqWneFspRs70St4RudH5wfz,cus_dEkCghARmkBRfe,59900,59900,0,eur,succeeded,1,0,,,card,mastercard,0073,11,2028,SE,Subscription update,karin.dahl@deltaview-clinics.example,txn_3pDzSLTS9dvXpUYJHuaVLdvf,1746816088
ch_34gAFrpLWUrwGdcfx4jjtLZL,pi_34cWaY3n3Q1oWgUtTAPxl3cM,in_1FacD8BTX5JNVV0jcJkvc4dQ,cus_Oaet0GN59NIa43,100000,100000,0,eur,succeeded,1,0,,,card,mastercard,3849,10,2025,NL,Subscription update,koen.deboer@nordicpeak-wireless-engineering.example,txn_3c78SS9FLCQkj4imprzbwiQz,1746886618
ch_3LJO47D6Uv9cMCsGKvGSNTTC,pi_3hEpzNabbdYUqZ1Von7TiMl8,in_19semQg1UzQj7QN7o3GzG6Y2,cus_hNeXqhfPUtrP9n,100000,100000,0,eur,succeeded,1,0,,,card,visa,9964,12,2027,IT,Subscription update,luca.esposito@westwave-properties.example,txn_3uAK7fF4nbrtkv6SY5PpJG6x,1746911944
ch_36YIaG6a25SIj6qvon7f0bCy,pi_3kISOUhtPFhr1iEsIlrHhnMU,in_1bb0gjcJSLGiz2iZXe32YH5F,cus_YqLc2BmHzYnMVB,59900,59900,0,eur,succeeded,1,0,,,card,visa,5276,8,2026,US,Subscription update,andrew.roberts@vertexcore-communications.example,txn_3RDat6WxiVBQUIGAW69ozqkr,1746946080
ch_3vFDjzMeY9AJAsotIG7pqUUj,pi_3Y2pFJ5abgEkCwcW18VIhSBO,in_1KXX1jxYyHM0pt0roKMZZJyh,cus_asGOJyVnBTrscs,100000,100000,0,eur,succeeded,1,0,,,card,mastercard,7227,1,2027,AU,Subscription update,brian.murphy@murphy-network-services.example,txn_3UbqsLnAxJhO12SQH8YWUPtd,1747050941
ch_3vQjFxwe6XlqB6kraGOw09Jh,pi_3TGkfURsQ5U5raoQGb7tU3t3,in_1YNOHCdqIoPxugMIjeH0iPfS,cus_Te7kTRn48O5Xdp,59900,59900,0,eur,succeeded,1,0,,,card,visa,1330,4,2026,DE,Subscription creation,sven.wagner@atlasview-properties.example,txn_3HMxoFihHDDBcuehyvjtQobN,1747106543
ch_3vF0V9TEnpwJ5AyA4kTPytzj,pi_3W3jFq8lqDWnGTuNCWouZf7l,in_17ViSh6ttrqN444LhJvdpRVY,cus_C5Ecyi0QqZi9aZ,100000,100000,0,eur,succeeded,1,0,,,card,mastercard,2576,5,2027,US,Subscription update,olivia.green@green-network-services.example,txn_3tC50wtIsQBHGtG9vZsbenF8,1747128701
ch_3l9jzsPqwkGVvE0C1ZIS4IiT,pi_3UKHjI2IcJvXXh2OoA4u0sWY,in_1o6foD3avFwDPRh00OnlWKrX,cus_TqeeAvonnAt1Oc,59900,59900,0,eur,succeeded,1,0,,,card,mastercard,7210,5,2028,NO,Subscription creation,erik.nygaard@maplefield-networks.example,txn_3bE32yEkiFaioAn9RZAXW35h,1747134441
ch_3bQ9rcI3eTcVRO7AOiRxrGBD,pi_39ZB011WhIMyKdULgB1QvYwm,in_14t1fh45C7UrpkltkJlM1drw,cus_c3IPp59B6vua3c,59900,59900,0,eur,succeeded,1,0,,,sepa_debit,,,,,,Subscription creation,sanne.meijer@deltacore-warehousing.example,txn_3KdyXOktin5cJVccIZyd4aeg,1747168647
ch_3nQXDr9nArpAEpDIfGHIAs9b,pi_3tOQJfGDxuGuR1U9OUn0PgHp,in_1ij6iJgva49yQkAaaD9bMKeU,cus_JIh9P7CqMW4ak7,100000,100000,100000,eur,succeeded,1,1,,,card,mastercard,7636,6,2026,US,Subscription creation,john.nguyen@westpoint-rf-consulting.example,txn_3Wjlu10qxSvZhMKSJfxm5VyY,1747255004
ch_3AThBM3AdYvuibdYPfmzuw1d,pi_3Vx2NiHOt2UyabyQ5wAuTsLY,in_1feCzDX7Zl52PTZBseSkvUUI,cus_QK7Hfmo1yhb3O9,300000,300000,0,eur,succeeded,1,0,,,card,mastercard,9061,3,2026,DE,Subscription update,florian.meyer@stoneview-technology-group.example,txn_3xR5TVVbnfgy01Knr5UekGTs,1747299925
ch_3F4PI840WmZ2QrV4ffRVRfGS,pi_33tvKqO74QqYDFYAy9HtNA9j,in_16MSM0p1CyXHifEQ0O43TABJ,cus_Hc0cSYKF6im49h,200000,200000,0,eur,succeeded,1,0,,,card,visa,8638,4,2028,CH,Subscription update,jan.fischer@bluemark-logistics.example,txn_3CHdIiPdN37e0zSRWtPunMja,1747389039
ch_3KmgqCVgqeL1pMl5JPoXfXsf,pi_3KC27bJNppX7WgPZn4mY3idI,in_1NQKlrlxdbWZ7NE14ojg3uQY,cus_3F5YSVahDRj3Bs,59900,59900,0,eur,succeeded,1,0,,,card,visa,0718,7,2027,BE,Subscription creation,koen.mulder@granitepath-clinics.example,txn_3jGoUwnuUT8rJlxDgJ0nD9pK,1747409056
ch_3DE20LWOb9pq27S4jFODnt7k,pi_3sEYF1GyevFrBfLw819xzle4,in_1mwu0URdojZAeEWTO89oEfxB,cus_UAi01ozCckny2r,119800,119800,0,eur,succeeded,1,0,,,card,mastercard,3401,5,2029,SE,Subscription creation,kristian.berg@lumenline-warehousing.example,txn_3vpuqAKb5EL0IhrdRap6z8g9,1747425468
ch_386pR3FokahFg64tir1R6Kls,pi_3inj2ZgPSmHTOfGi7ixupJhf,in_1bFE3qyEffTQRPTazUU8IgyU,cus_hCsK6PHm8ThW2v,100000,100000,0,eur,succeeded,1,0,,,card,amex,1414,10,2026,SE,Subscription creation,jonas.berg@polarview-rf-consulting.example,txn_3ghJ9cbP5cnVrO86bSL4LPcZ,1747469804
py_3uqvATBm2vGmd4ElftaXMS6h,pi_3IY1CfXsvlK9p1nkYsS5vugX,in_1P3ojlOIV4nxXnyGFqnE86rV,cus_UxF0F2TYZOQdRF,119800,119800,0,eur,succeeded,1,0,,,bank_transfer,,,,,,Subscription update,julia.wolf@northstream-clinics.example,txn_3ZMZ3RJW3NTwMDnQHJ1uxa7t,1747473456
ch_3I4x8NmWJyc2zLrMxN1NFsWj,pi_35JzYJkhTzEpgiK6gJGK9Gs1,in_1JlIV8JLBo2f2wQPxScr0C8u,cus_06X9xNRs3202gE,400000,400000,0,eur,succeeded,1,0,,,card,visa,7859,1,2027,FI,Subscription update,anna.makinen@lumenview-telecom.example,txn_3sakGXyc8nY1B9xdHjGs5e1e,1747575705
ch_3KT4SCm99xP0kLKlZjU7Pyv7,pi_3xBr5KzWWqW3dpIa7wgHaxEU,in_18rzonDIucv7uPU1EF9U9t7I,cus_I06ZLJFxdRfY1y,100000,100000,0,eur,succeeded,1,0,,,card,mastercard,5007,5,2026,US,Subscription creation,ryan.campbell@campbell-network-services.example,txn_3VN1ueEARBkdlpXrjNsUjJFu,1747645499
ch_3jXIl8HXO88QsICBACAS3Sdb,pi_3kQPZ0XM9Nl13H2hHinCZOAv,in_1URRuA2cwnZk2veoTdQpFQVR,cus_gnmhXlTrKwpUmz,119800,0,0,eur,failed,0,0,card_declined,Your card was declined.,card,visa,7661,2,2027,AU,Subscription creation,steve.williams@lumenbridge-warehousing.example,,1747695086
ch_3vUP4BPNJHNLRGPFJ6Mc0Mr6,pi_3kQPZ0XM9Nl13H2hHinCZOAv,in_1URRuA2cwnZk2veoTdQpFQVR,cus_gnmhXlTrKwpUmz,119800,119800,0,eur,succeeded,1,0,,,card,visa,7661,2,2027,AU,Subscription creation,steve.williams@lumenbridge-warehousing.example,txn_3SLvOys1KUovAcSePcNVCRTK,1747695390
ch_3GSI5nmZBh4Nc6ZF5HdCsoZo,pi_3yLIn5jpNNSpazpgJAOQpMUi,in_1HcBrcASD5cr5toMXole3e15,cus_DhQw32jl9aOuN8,179700,179700,0,eur,succeeded,1,0,,,card,mastercard,9688,10,2025,US,Subscription update,raj.smith@crestbridge-networks.example,txn_3dIOgdfAXh6MNRwHpAXDfz9X,1747721001
py_38bis94ZWib6aBHT6Rz1cI4U,pi_3d6aSryKnkUn3P5tmFD5IJ41,in_1hQEvNDSv0Tl1TLjims55hBZ,cus_bHc313fUHRGLqW,179700,179700,0,eur,succeeded,1,0,,,bank_transfer,,,,,,Subscription creation,julie.bonnet@bluebridge-systems-integration.example,txn_3U9Kk3mGFVxrNg5zXVcLoSva,1747736188
ch_3LLzoTy7JK2j6OrpXrQldkmq,pi_3QGD7HVyvs1Ow8xciLCfCwE0,in_1eSi0CjHXmRgPDitLWTwJuYL,cus_35LYot5icmcn23,100000,100000,0,eur,succeeded,1,0,,,card,visa,7336,2,2029,US,Subscription creation,andrew.harris2@harris-wireless-consulting.example,txn_330S7Q4qomgkCMzFo08BFvdz,1747746345
ch_3DiYELnoV9eOsE59zFhwUvR5,pi_36YzbGfZNVJj7luxqxFCOqau,in_1QuIiW7Q4j4cn7F1JV4UoKXQ,cus_SCr1OY49SVjuRL,59900,59900,0,eur,succeeded,1,0,,,card,mastercard,5010,4,2028,CA,Subscription update,tom.johnson@balticline-hotels.example,txn_3CH3i1hn0KJyzf7nhA7Gdyop,1747761111
ch_3VxiDhz5h9wRSfnf98j8te59,pi_3aorRVbPziQNeMIvvcKTsQDF,in_1kxyBcNkPh4GF4V5jjrFaqtL,cus_GgJsYc9EfdQ087,100000,100000,0,eur,succeeded,1,0,,,card,visa,7418,12,2027,US,Subscription update,james.wright@ironport-industries.example,txn_39TMv8eJYjTZsCeFeboNLCDK,1747830722
ch_3GNSx8WaxaPW38z1XCOf3a6L,pi_3vxw5IpsLsTOuXR9YhZPWGeT,in_1IrDdwt28a9sEFkSfUFATGcd,cus_p5GLt0pX06qgdz,100000,100000,0,eur,succeeded,1,0,,,card,mastercard,5520,12,2027,US,Subscription creation,eric.williams@vertexlink-communications.example,txn_3HIsEhtIalV6wbkolJ79hYAI,1747871258
ch_3BaCzjH1jOQ8TuBPNDzAoOtk,pi_3hzrMgyGGnYvDYSeKWl4QN2v,in_1VXxlLTzlygDNkrY9Po7nbHE,cus_lRAqxNSaIyUxCy,100000,0,0,eur,failed,0,0,expired_card,Your card has expired.,card,mastercard,8205,2,2025,US,Subscription update,megan.jones@stonefield-systems-integration.example,,1747871886
ch_3e8kkRvbUQtO8jwI3pNNkOP8,pi_3tvfgok3P6l88Vs8YQHUqR1g,in_1Vf0hBQOrpNb3dEfbGh4GLPY,cus_xs910QyPxINwvo,100000,100000,0,eur,succeeded,1,0,,,card,amex,4700,5,2029,US,Subscription creation,jason.walker@apexport-rf-consulting.example,txn_3zb8EHlngZY0eSHrLtxp3IT8,1747982730
ch_3TW7jimkhqgqbSLW7rVByJbA,pi_3qBOow4ytNVMS2diFdNdaeZ7,in_12OI0VeCHFuw0Ng2w3MjGIp9,cus_BoRQjtKsGDJBgB,59900,59900,0,eur,succeeded,1,0,,,card,mastercard,6356,6,2028,US,Subscription creation,jessica.martin@martin-network-services.example,txn_38vZaiwh3LDZfiPH08uWp42X,1747986227
ch_3qRwY8EPQJ3oaAT7FCWNz5zh,pi_3lNCbW4V5u1xicnsCHY3Mgn2,in_1wAf4j1hHSZ4LV8AwZJBR6wn,cus_AX5Jb7wg25uTRz,300000,300000,0,eur,succeeded,1,0,,,card,mastercard,4705,2,2028,BE,Subscription creation,thijs.hendriks@summitmark-rf-consulting.example,txn_3pdRYNggn2nJkrCmnoyFvVGI,1747996354
ch_3zCOyIhb0ROUKUdiLXHgVitk,pi_3PaE2KPJmGB7Wrxc4bs8Sh57,in_1qlkI7CEoTAWdneTCr4xGttZ,cus_DtkOsehto9w9B3,100000,0,0,eur,failed,0,0,expired_card,Your card has expired.,card,visa,6216,4,2025,US,Subscription update,rachel.clark@deltalink-rf-consulting.example,,1748072143
ch_3fcZDO3TeDsyf0OAZh3dWsEC,pi_38hd3RKQxrCVwjiBjb6COdbd,in_1dk99abklKMJmWf2xTS3OZci,cus_VHXpxk6fwr8vBE,59900,59900,0,eur,succeeded,1,0,,,sepa_debit,,,,,,Subscription creation,anna.niemi@postbox.example,txn_3JppMJiC80wCIR7y88D6u85c,1748083368
ch_3AIwCMo24PWAS9qQqA8KbXwo,pi_38nt8gUoIy5vhFNOIuPljLpD,in_1rNhN1boBstHsffclvYyuhuC,cus_JIyuwUgUJ2ekxB,100000,100000,0,eur,succeeded,1,0,,,card,visa,0947,12,2025,US,Subscription update,daniel.martin@martin-network-services.example,txn_340UnVCVW5mPX2i7cgMITXzY,1748093220
ch_3bOHaAxQNDq59agbYRnrgIBg,pi_30HEIYOQgzrFQ8tCgJrVTmvw,in_1MlOZGYaGGTlHnR1YS0zLQUn,cus_9dmkeWZkeG08f2,100000,100000,0,eur,succeeded,1,0,,,card,mastercard,4782,10,2026,SE,Subscription creation,johan.pedersen@pedersen-network-services.example,txn_3v7C8PRd5s9TWwASHAzH53hf,1748120628
ch_3HWRaIke2TgvCfepniaJvgOL,pi_3hzrMgyGGnYvDYSeKWl4QN2v,in_1VXxlLTzlygDNkrY9Po7nbHE,cus_lRAqxNSaIyUxCy,100000,100000,0,eur,succeeded,1,0,,,card,mastercard,6141,8,2028,US,Subscription update,megan.jones@stonefield-systems-integration.example,txn_3r8YL1crp7BiT4VZ6HPpym2l,1748131986
ch_3BOe4BqpqZxrbr5zdeDzBNSR,pi_32WN85a71gl9jjShyd15i4oj,in_1EUoG8cbpY1HNMJgtKvRE2bw,cus_KV3VvmKTHHujNM,100000,100000,0,eur,succeeded,1,0,,,card,visa,0088,12,2025,FI,Subscription update,anna.kinnunen@mapleline-properties.example,txn_33QSRrzHOJUPOkZW5kN2CDhy,1748183154
ch_3Nkq4kmyk181ztPZ862xVox7,pi_3Qg8c9XbNifgNsKfJgLcsuHR,in_1tMMb48qGuMCmOH4CXRvZqTJ,cus_a3cEzZZ3aSfefu,200000,200000,0,eur,succeeded,1,0,,,card,visa,8135,5,2029,US,Subscription creation,amanda.kim@beaconbridge-rf-consulting.example,txn_31RsY9bXJSC66z1msx0cZDx1,1748186452
ch_3IiRgZCNA8ZnLx6sKjlzJIgz,pi_3PaE2KPJmGB7Wrxc4bs8Sh57,in_1qlkI7CEoTAWdneTCr4xGttZ,cus_DtkOsehto9w9B3,100000,100000,0,eur,succeeded,1,0,,,card,visa,2201,5,2027,US,Subscription update,rachel.clark@deltalink-rf-consulting.example,txn_3wKpIjgDG9SduF0AIdYT94f1,1748332603
ch_315xJoVG8jdYPH3l7DCxf8ht,pi_3DtljPFile4Daxg3tgnz54nJ,in_13AjtbkRwXIZAvLorsXtTREa,cus_VCz7JSoHXkrbl4,119800,119800,0,eur,succeeded,1,0,,,card,mastercard,7461,3,2028,US,Subscription creation,david.roberts@maplegate-networks.example,txn_3YIMqlNADUk5RyhIoPm5dhnn,1748351368
ch_3P9r7PfTfizHPUZNk24S26n6,pi_3V10z2XQsk5Eu30XXFKf2SYn,in_1pJw8vru47vnUzNYKwBD3fxl,cus_7UM50WOcLMUjW9,100000,100000,0,eur,succeeded,1,0,,,card,visa,7702,10,2025,CA,Subscription update,priya.thompson@alpinepeak-clinics.example,txn_3IDK7pxqF5fxdfJoUygtzT5U,1748426521
ch_39xflL6MT4y4alLGY9CERW03,pi_33wQRZkvZrdjMdtd91QPCcT5,in_1COq55lwTJykhYkRPQc3MQmf,cus_H9RJPfSXx0RAAl,59900,59900,0,eur,succeeded,1,0,,,card,mastercard,5836,10,2026,US,Subscription creation,eric.parker@balticworks-warehousing.example,txn_3GrL563T1AWO06WnQy44ojOq,1748529662
ch_3rFQJawUPJXEosM78dp5QXIZ,pi_37bgyzGWeZ8Y7ay1HNuF0LXG,in_1KE8es9Nt18dSsU5ryTa7x9O,cus_ryEl2Wh5nB7xsB,100000,100000,0,eur,succeeded,1,0,,,card,mastercard,2867,3,2027,DE,Subscription update,julia.neumann@lumenview-networks.example,txn_3U4q1IdTkRxjo6hodovB68qG,1748535069
ch_3qljhv7ZkoeuGFdndSQztkh6,pi_31fvaBaxskl4DFrRisyVrCx4,in_1cv5TKXOH18fuP0iC3a8LvOw,cus_rtfTcQfqHoTQtg,179700,179700,0,eur,succeeded,1,0,,,card,visa,5026,10,2029,US,Subscription creation,ahmed.evans@crestport-media.example,txn_33Xx8Ze3RgkMDaZWOJV6ikez,1748557959
ch_3EQmo2z9MTK96v73s1WjioJh,pi_3jUXuzbQFAkFrYyDNr4bbRiU,in_1Ulj3lZQSXYXLfbQ70JZlVyJ,cus_PzDl3QR07GCZLL,119800,119800,0,eur,succeeded,1,0,,,card,visa,5836,5,2025,SE,Subscription update,kristian.eriksson@greenline-networks.example,txn_3Bm2xnNfhpLJHGLEPTht4RuV,1748582561
ch_3sjFILSeC71FhwdKI6oX0tVT,pi_3k6owVk4xDhDatz4HlguIAp9,in_1zOkFefdNBkkjlZmQ0uibGLm,cus_XjxGDHQqa5Ndje,59900,59900,0,eur,succeeded,1,0,,,card,mastercard,7130,12,2028,CH,Subscription creation,daniel.klein@northgate-properties.example,txn_3cb4azVGBD8ugV2LH9fVtzwd,1748605590
py_3FmNcNN2BjMaaarxD0UCi9Nv,pi_3LYcM362CGKvylrDvO80wqNk,in_1f12TQHAfI7Kl6Etu7x8465a,cus_fNKaPTGI2VfA6l,200000,200000,0,eur,succeeded,1,0,,,bank_transfer,,,,,,Subscription creation,olivia.miller@harborport-partners.example,txn_3FXIb0vZg1BXwQ5XOW2wjK8p,1748621156
ch_3ydrhnuwepg5HpFRmL5rCtlU,pi_3kr30OjBvuSr8E4iMDsh9iOz,in_1kjJZvh07VNhzBXpQvlVW1Qp,cus_dmjIIyMFzweR5w,100000,100000,0,eur,succeeded,1,0,,,card,mastercard,7777,8,2026,CA,Subscription creation,david.anderson@anderson-wireless-consulting.example,txn_3CThp9j2mdtkOmw1wyptZAWm,1748860068
ch_3fp0yx36IgaZh4coqAZMnwmx,pi_3ehaXyQoecG4nPc17xVgCXXO,in_1XOCuwo7hGoCvzmWOqiitV2V,cus_p3GMaxcbsbjLKf,100000,0,0,eur,failed,0,0,card_declined,Your card was declined.,card,mastercard,9739,5,2028,US,Subscription update,laura.white@beaconlink-telecom.example,,1748954406
ch_38fCEUelKcXV6gQXrh6OHu4w,pi_3DqcJWWlySHmxlZcsNVpfSfK,in_1ALD05gVdjq06lPRCoijvFsx,cus_1wfXRyaay6Dlm5,59900,59900,0,eur,succeeded,1,0,,,card,visa,2511,4,2026,CA,Subscription update,kate.clark@silverview-industries.example,txn_319SFupxhtPiOvTGiwgeqUEd,1749034998
ch_3S44qSX0etJOzc9Y39C8mFI1,pi_3u10XpgLfJ7I9WHM1ma0baFb,in_12JjyfQq8ZH6oQl4BpmFBV3O,cus_gIunrPIdcbu0id,100000,100000,0,eur,succeeded,1,0,,,card,visa,8584,12,2026,GB,Subscription update,priya.smith@alpinepoint-systems-integration.example,txn_3jr6kd1pJcGbEYb1soFfV98b,1749070651
ch_3JaP2w2dDrM1BDTQ5K3zKOWb,pi_39DjDXiB8CrqxyjoWHR6oWss,in_1sxFxN9WvV9YCxMuN1G6Wmsk,cus_BuFAjA948ZGbp1,100000,100000,0,eur,succeeded,1,0,,,card,visa,7132,11,2026,US,Subscription update,raj.miller@crestmark-hotels.example,txn_3STF81rBkfseGIvtQKnwlaWs,1749138219
ch_36e4GFHvrr3CKejxfPMIfNbP,pi_3tVAZu4njk4CI3ShaQ5QrtNK,in_1jAn6UJdSgGshXVSmftuwpc8,cus_mmz34j22HFSz4K,300000,300000,0,eur,succeeded,1,0,,,card,mastercard,9238,1,2026,IT,Subscription update,luca.russo@russo-wireless-consulting.example,txn_3XJud1VG23BpRlfE2rDR3GHJ,1749140093
ch_3vfWFe7NGHqx09EBGXAPFMSZ,pi_3DPLp3GwLnbqOOPmCAob9DWB,in_1KJ1ivyckfcBsuAXLdDRaSle,cus_ThB95ndjsM75VI,100000,100000,0,eur,succeeded,1,0,,,card,visa,3939,7,2028,IT,Subscription update,alessandro.russo@russo-wireless-consulting.example,txn_3a8caC9uaToPDZjPgMe27jIF,1749200568
ch_303OqKxvMYym7551Tom9gxyk,pi_3ehaXyQoecG4nPc17xVgCXXO,in_1XOCuwo7hGoCvzmWOqiitV2V,cus_p3GMaxcbsbjLKf,100000,0,0,eur,failed,0,0,card_declined,Your card was declined.,card,mastercard,9739,5,2028,US,Subscription update,laura.white@beaconlink-telecom.example,,1749214326
ch_39FOO35gvJOfZ89N23veS8VH,pi_379dlpdXBOV4JcZcfG0PAmKt,in_1YjU91UDk4orHLyRClnrBC3u,cus_LLsmlozsrL34ff,100000,100000,0,eur,succeeded,1,0,,,card,visa,0006,5,2026,US,Subscription update,priya.taylor@postbox.example,txn_3FJiPhSymVRuFJ5Y4ogeTh4j,1749221999
ch_3ukDZ3FMEAovOAHndM0SZZA6,pi_36T9FuSlQz5HrAmwCATH8adh,in_1fqprkhZ2OEHxj9VvujpsGq4,cus_0M7HWYVoi8rjSs,100000,100000,0,eur,succeeded,1,0,,,sepa_debit,,,,,,Subscription update,maxime.lambert@lambert-wireless-consulting.example,txn_3zdk4ZvNO2Zlo0Ys0kZPDBia,1749326120
ch_3Itm6n7IFOCi0irktSFfzQUP,pi_3sOINaQeKbdSVNWFjq9nIAbQ,in_1GFZerQp5oVDkMRACBczBYdM,cus_VoffKjsxYq07uc,200000,200000,0,eur,succeeded,1,0,,,card,visa,8958,4,2026,FR,Subscription update,laurent.lambert@maplelink-wi-fi-solutions.example,txn_3nAKD5nvjknHBHRwKfH90MEb,1749407193
ch_3qpKEm9ouEH12qUoOMGCDRpU,pi_3rgwi9C4hERpgLW9ZVcYc3Y0,in_1sxcSduL83ykm8Vfsb7ZMog5,cus_HAsLU4WTawiOri,100000,100000,0,eur,succeeded,1,0,,,card,amex,7136,4,2027,FR,Subscription creation,julie.bernard@stoneworks-wireless.example,txn_3gOr3lhuqOKEoTQQYADgARST,1749471391
ch_3Ke1iuYVI9nm9IPxNWDc9joa,pi_34cpM1fXywdf94K20y7NhTs9,in_18wmwL5XDFf4qtxdxmwqQumz,cus_MttmoWndtpUpMC,119800,119800,0,eur,succeeded,1,0,,,card,visa,5425,11,2026,FR,Subscription creation,julie.girard@brightstream-it-solutions.example,txn_3te4TDD4BRJkgKTj8GJ3auF4,1749502702
ch_3UeVPOuyNsOZqrR19ew3cD5I,pi_3pDlXVAv9GaKbO0o1Bq0UEE8,in_1DW0VMXcF3y6M36KnZvFdT7y,cus_7qXKrtGBie9pYx,59900,59900,0,eur,succeeded,1,0,,,card,mastercard,3111,4,2028,US,Subscription creation,james.davis@balticcore-logistics.example,txn_3Ie6hwMOVnX9sSasAj0c29Me,1749582368
ch_3Pd87iWPSYAGiUUUzC9ulR0n,pi_37x1ZtAKiQeiWXReDkqLAfe7,in_1vmL7OfK0cQI3ag2W32D7eb1,cus_H019SZ9LBRrU1P,100000,100000,0,eur,succeeded,1,0,,,card,visa,5485,12,2028,IE,Subscription creation,priya.miller@miller-wireless-consulting.example,txn_3ioVojd3rGgtdY4O2XzGhBjp,1749615231
ch_3pdRkyrEqa2o3EGasqUSDniz,pi_3b3G7AW9P799QdAHB2VMqfbL,in_133jPld437OciDAmZ5Bgt9RB,cus_kGPU61OzRy1cRT,59900,59900,0,eur,succeeded,1,0,,,card,mastercard,2262,11,2028,US,Subscription creation,priya.davis@deltaline-wi-fi-solutions.example,txn_3KxBSYenAsXIE0cTtdmiUwoe,1749646642
ch_3BVCpwqK8K7Aw4FU82PATddi,pi_35FOl8FbZQhEW73k6880rF37,in_1X1thF5gGZ9S1LENIlgBjRys,cus_DaVJO7367vGHwa,100000,100000,0,eur,succeeded,1,0,,,card,visa,7819,9,2026,DE,Subscription update,sabine.fischer@novawave-wi-fi-solutions.example,txn_3U0ODLmARV1cw7xEDbUaX5X4,1749647958
ch_3bqLo7Yzc6KC2oH4EuKZLpJh,pi_3ehaXyQoecG4nPc17xVgCXXO,in_1XOCuwo7hGoCvzmWOqiitV2V,cus_p3GMaxcbsbjLKf,100000,0,0,eur,failed,0,0,card_declined,Your card was declined.,card,mastercard,9739,5,2028,US,Subscription update,laura.white@beaconlink-telecom.example,,1749649146
ch_3gGDcVltprLzgbsWsvuHuoSX,pi_3nsCGGT0hzvLKfL9JebSaBY7,in_13zjKykYNxAxx5abCemD86or,cus_RcHwUWpOBVrIFg,100000,100000,0,eur,succeeded,1,0,,,card,mastercard,8494,2,2026,IE,Subscription update,eric.davis@balticwave-wireless.example,txn_33j5uWpxalOrHBGuu0QtvZGD,1749745142
ch_3b0u0MJM06Uf5WrrWuFPIjKy,pi_3lLDHMmt73RVLWllTMQmwQ01,in_1JQU3clZjUN9FLPzEmoHFg79,cus_j1qRI4yuoGiom3,200000,200000,0,eur,succeeded,1,0,,,card,visa,3998,9,2028,IT,Subscription creation,alessandro.gallo@novaview-systems-integration.example,txn_3vPOWej0LNHQlZyiWMb3ppyG,1749802327
ch_3e6IPYip0bZWAs16cpph3T4g,pi_3vGlK7deOh19iNCoQ2lDOV2S,in_1rjNjsx1KI9l4nepIfHi0kVc,cus_a6Ie2WoQMAydM0,200000,200000,0,eur,succeeded,1,0,,,card,visa,0262,8,2028,US,Subscription creation,laura.johnson@nordicview-partners.example,txn_3O3O4Riy0jfFbUpNXiVrfw3X,1749808246
ch_3e2HlLMiZFER89bwlMbhURNX,pi_3ovmRJz4FzJuctuFNLMvRX8R,in_1oos7iep5f6AQoRC0nS8y9Sj,cus_aoiUKXCjk1pmHu,59900,59900,0,eur,succeeded,1,0,,,card,amex,9060,7,2028,FI,Subscription update,janne.korhonen@atlasmark-logistics.example,txn_3w8YQ38KxLIVk0x1vdEi7SpB,1749813092
ch_3IKKQPft7x2xgBaP2uhlsZRW,pi_3eQBlVC2ivEOXLXF7JT20Ugy,in_1XLI9i8vTp1R6LV3w4PKWkC2,cus_WEieqEBWwdy9W0,100000,0,0,eur,failed,0,0,expired_card,Your card has expired.,card,visa,5727,12,2024,GB,Subscription update,rachel.kelly@vertexgate-rf-consulting.example,,1749837734
py_3C3780JVaKkytXYlvlpSr9Ro,pi_3YDGZMk02kfI6juTjuqwF7il,in_1AAi4wYQF1MV0jbWpCFr8eIo,cus_0MAVJkryOBMs67,200000,200000,0,eur,succeeded,1,0,,,bank_transfer,,,,,,Subscription update,nicole.adams@balticstream-managed-services.example,txn_3Bc0Nci2wRIeE6Mbyk9lQKap,1749915063
ch_3QWEOWiyO42HWX7SD602q05u,pi_3YcTu7JLsjzIadPtUkgd08xt,in_1iiSHOdN1cj97gIrCKCVkof8,cus_4EhVAy6PKPq8GU,59900,59900,0,eur,succeeded,1,0,,,sepa_debit,,,,,,Subscription creation,miguel.diaz@mailbox.example,txn_3viBvDIjTWRvWxDtJquQMRGM,1749932207
ch_3xuUef8xbFHfKiCSNRisP4U5,pi_3DOzVUjLWEwsBk4pzkDKeKN1,in_1PavHPKRAJgiXetKVdk5DQt0,cus_07RlaXYOAoUgw7,200000,200000,0,eur,succeeded,1,0,,,card,mastercard,4919,7,2027,US,Subscription update,priya.lee@northpath-technology-group.example,txn_3buDyHuES9poYZX7bPYdKJ9m,1750012366
ch_3ezD2ssULvoRx2DSYB6LdjYv,pi_33gs2aYNCOuAzW9pMBSNZDCI,in_1l788JgK9rMc3F201BF38bmS,cus_gBzZQaYZIhi2xF,200000,200000,0,eur,succeeded,1,0,,,card,amex,7033,7,2026,US,Subscription creation,ben.edwards@beaconview-wireless.example,txn_3QaS6EIlJmgqSO6kPp6qDWXZ,1750082775
ch_3uC4WmdYG8elGzYqew4ZV8wd,pi_3oQgwwUOlnGoFtH7X5riKbqN,in_1Lyzdt24KBrm3YC7f2tRt4UD,cus_8tF2NGuG2SqtRk,200000,200000,0,eur,succeeded,1,0,,,card,visa,8545,12,2027,CH,Subscription creation,michael.muller@nordicview-communications.example,txn_3pK4NdR21omDJUP4tiGjf5op,1750092892
ch_3yAOIz3PFRxU5eVX1U1fbVXS,pi_3PPmk9Zrz8CzxeSCSxuqGijl,in_1mIpr31EvlEEFmmsMvpnngsh,cus_3hM5mvNJ3PEPFl,100000,100000,0,eur,succeeded,1,0,,,card,visa,0411,3,2027,US,Subscription update,steve.adams@cedarpoint-it-solutions.example,txn_3pAc1nGinELVIFkkpIgxOYpb,1750098582
ch_3KZG2HlRiOAi4gjZbZB7q7lg,pi_3eQBlVC2ivEOXLXF7JT20Ugy,in_1XLI9i8vTp1R6LV3w4PKWkC2,cus_WEieqEBWwdy9W0,100000,0,0,eur,failed,0,0,expired_card,Your card has expired.,card,visa,5727,12,2024,GB,Subscription update,rachel.kelly@vertexgate-rf-consulting.example,,1750101494
ch_3qdHKiVyYsO66FdceFjTYtZJ,pi_3KPuQx0zqIr3t8vgF1RRTwTx,in_1MKL1nCC0MHn3GnJ8gZZc94E,cus_bby2qVTxnBJuNR,200000,200000,0,eur,succeeded,1,0,,,card,visa,4716,9,2027,SE,Subscription creation,sara.andersson@northstream-rf-consulting.example,txn_3z8QYzSBMkgLWRRz22aVWBGf,1750115072
ch_395ct21ZQDzvXbd3Jj72uB9g,pi_30ihNcOckDCN41cYwRWgTsMJ,in_1F2mQ4fwXVDtrFTVZvaV7RAW,cus_8FpGBbaw5FTgHh,59900,59900,0,eur,succeeded,1,0,,,card,mastercard,1852,8,2027,DE,Subscription update,sabine.weber@westbridge-warehousing.example,txn_3b7aIJ3Qs4dhOL633uaGYJ1a,1750181831
ch_3WEEW9VWwrK4YLFprCFos5Fc,pi_3WnZorpdSWQsNk85FFNAqlBt,in_11FTm1P18hBtaJoWuoAoz3Tz,cus_dRGwqmtxCQy8eJ,119800,119800,0,eur,succeeded,1,0,,,card,mastercard,3704,8,2025,SE,Subscription update,mikkel.jensen@stonemark-properties.example,txn_3mOlhqjrjMbjENCbPYXcHzMu,1750270489
ch_35XfhnZN6k1JilQGYnvSWCMW,pi_35GGEhjEnCs21ZsIIqUnH6As,in_1ezLbbskz3ce7Nl5R3QuUcbo,cus_rpPXCMpy47XL7M,100000,100000,0,eur,succeeded,1,0,,,card,visa,3174,1,2026,GB,Subscription update,john.nelson@nelson-network-services.example,txn_3tlYRPUp09HxjrvDFD8Jhe4N,1750403880
ch_3VD7oSE0i2gIj1lgJZFTBRO3,pi_3R69ycvh0oU52057WoiQC7N7,in_1aJylY7rGWNjAgnwmdQROQXB,cus_jzllszrTJSvBCu,59900,59900,0,eur,succeeded,1,0,,,card,mastercard,9517,12,2026,FI,Subscription update,tuomas.nieminen@mailbox.example,txn_3uPJDetdQMyJ37QgkiPvVpG5,1750414572
ch_38IvYkE0p5bYzVzVnbpHgMZy,pi_3LtKOQq5c4FgU6H4j0tPQ4XH,in_1OCBgpmzkbKVYqPwc1bqsYz6,cus_0WLVYzUPOHt28Q,100000,100000,0,eur,succeeded,1,0,,,card,mastercard,6100,4,2029,CA,Subscription creation,ryan.king@lumenfield-communications.example,txn_32rjrtKgt9rrcqvXiP52BJMO,1750426368
ch_3fMm5iHaCFQG1x8B0eg5MUIb,pi_3U83ve2NsZ3ryyhpEru4swyR,in_1CgAcaLh4mA1UzEifEIuAm4V,cus_SdnkUjYzVOiNvV,200000,0,0,eur,failed,0,0,expired_card,Your card has expired.,card,visa,1038,11,2024,CA,Subscription update,paul.miller@stonecore-wi-fi-solutions.example,,1750503134
ch_3i4i6BOuGX1gXQXtH6FMlpiS,pi_3eQBlVC2ivEOXLXF7JT20Ugy,in_1XLI9i8vTp1R6LV3w4PKWkC2,cus_WEieqEBWwdy9W0,100000,0,0,eur,failed,0,0,expired_card,Your card has expired.,card,visa,5727,12,2024,GB,Subscription update,rachel.kelly@vertexgate-rf-consulting.example,,1750533914
ch_3kMFB8QfJI5ovOmPlGGCZEhf,pi_3jXa6nBzMPQGdRpinyHTmQAN,in_1U7LFVNS0ZEdkDdwXKYUL81u,cus_oT0coMH6YYI2Ci,59900,59900,0,eur,succeeded,1,0,,,card,visa,6867,10,2028,AU,Subscription creation,olivia.parker@mailbox.example,txn_3GcZyN3o1JSny8nf5dIbPr6K,1750555447
ch_37iSqmnv7Kk0magjRoA9OzoS,pi_3TaiMlUbKXQueLTjjOoy0cOB,in_1guKJNcqLxkhwK35SsHCxbaW,cus_96jzvMe1F2pBA7,500000,500000,0,eur,succeeded,1,0,,,card,mastercard,2879,7,2026,CH,Subscription creation,matthias.hoffmann@orbitstream-it-solutions.example,txn_3IoCqxP9SAj0xgsamXWLSj56,1750659840
ch_3wBPvafr5fA7c4II29QuaCVK,pi_3PdqCyqrKAtpmRi086kfJaXO,in_16bT6wA9p2kCqB7D0mvG0ssr,cus_oZR6VvASyHQtkQ,100000,100000,0,eur,succeeded,1,0,,,card,visa,6453,12,2027,NL,Subscription creation,maarten.visser@alpineport-partners.example,txn_3xKdtgHV7nvOiCdSgrmmmm09,1750663339
ch_3sFTi6xvz4WYGyhSzLOaES8e,pi_3474213t6N4d04IwwneDuBzv,in_112xdA1UFpVnJ1JssGo7a8Gu,cus_MO5rQXFzHf496x,100000,100000,0,eur,succeeded,1,0,,,card,visa,2676,8,2028,FI,Subscription update,katja.heinonen@heinonen-wireless-consulting.example,txn_33OmuUynQKWOU4digGy0dv12,1750685069
ch_3WG7nJ6yqqi9HTSmNstAmunc,pi_3PyrDrwHvlZ6f41cygEiwSos,in_1n6cYBL1QcftfgqZ0qS1vfGB,cus_yLPkBtLjBmGKst,119800,119800,0,eur,succeeded,1,0,,,card,visa,4746,7,2028,CA,Subscription creation,carlos.moore@beaconstream-managed-services.example,txn_3l8MLJeridgJGJDJLcsgU6Gb,1750702445
ch_3EBXFcO37ESrUqebM6U7a0lT,pi_3vlJi1ShfgvtKpuo4oeAWnVU,in_1uLPMluPJZpbYREQU2XaFlOq,cus_6wZQXbJPkGzU3i,59900,59900,0,eur,succeeded,1,0,,,card,visa,9194,9,2027,FR,Subscription creation,antoine.martin@martin-wireless-consulting.example,txn_3CihBz3xmag81q85BFa3jnmk,1750706066
ch_33suZY9t01aKOrx7bMAOUKV5,pi_3U83ve2NsZ3ryyhpEru4swyR,in_1CgAcaLh4mA1UzEifEIuAm4V,cus_SdnkUjYzVOiNvV,200000,0,0,eur,failed,0,0,expired_card,Your card has expired.,card,visa,1038,11,2024,CA,Subscription update,paul.miller@stonecore-wi-fi-solutions.example,,1750763654
ch_3syq8FzikRoeJOOWreTkREaM,pi_3PU6kj7F8pqIrYcL7nLCtcyp,in_1JXVhRgN3nKAa5OMreC9Rjb5,cus_hr6Sy80on51Uyn,119800,119800,0,eur,succeeded,1,0,,,sepa_debit,,,,,,Subscription creation,antti.saarinen@balticlink-media.example,txn_3LTFOO22grfL7lADZyOkydmG,1750764169
ch_3KkHRvWSOAsNdsUkQgae3BYS,pi_3saoUCNJFN25n52gKoCzjnLq,in_1zQRt9IxNGEcJxzptohTcQJC,cus_pH6T2OXWcxRVh0,100000,0,0,eur,failed,0,0,expired_card,Your card has expired.,card,mastercard,1046,2,2025,US,Subscription update,kate.nguyen@westfield-clinics.example,,1750772146
ch_3nrTRMPG9DDOWm24wPi07PiW,pi_36qsEpakmBTBQMdNR8TyW2K3,in_1PO7VGUmsIWy8ejPplae4vBD,cus_eJYjLqfd47UEgL,100000,100000,0,eur,succeeded,1,0,,,card,visa,0348,9,2026,FI,Subscription update,eero.salminen@orbitbridge-it-solutions.example,txn_3J11iEtKSszR8ARRWCka1jGA,1750781168
ch_3xkkYU5KvcKe3JylOAh3L4cz,pi_3C4M5xo39jnJdZkEMxlITXn7,in_1TlHAdG0wQjqRYY3Va1tAO6J,cus_jJk8KvWRPP5cRi,100000,100000,0,eur,succeeded,1,0,,,card,visa,5640,8,2026,DE,Subscription update,anja.becker@harborwave-networks.example,txn_3jQFqFPkc64zmRcE81oYbb06,1750794571
ch_3w5rFxXtyiUHpHFZeGzKKQJX,pi_3466I5NyrRQNp5n01Aejwm7m,in_1Qf1lf8Ghfm3VicBHYNHYLLS,cus_MJTEQCa3yzf3eg,200000,200000,0,eur,succeeded,1,0,,,card,mastercard,0753,8,2026,FI,Subscription creation,sanna.heinonen@deltapeak-hotels.example,txn_3etdqe8ajUMTQcwfi5oc9SKK,1750837114
ch_3gVJZGz3rBN0BysdKS8aximh,pi_3ZCP49YGQRa8vgcUZwg5cpKk,in_1DMeuVm5s7td1uC63OvkM79c,cus_0naEWWOMiX2ZWB,100000,100000,0,eur,succeeded,1,0,,,sepa_debit,,,,,,Subscription creation,koen.devries@summitstream-schools.example,txn_3AvWVFKKORbO2YcRxTsm0I5p,1750996980
ch_3B1rbPfJeULSnj56jEM4BRek,pi_3QcF7vJ0J3ueNFU9HA5pM5Cf,in_1r4izcJVF48vhDxTyOm6eJw8,cus_hVp5cMQFDG1XOB,100000,100000,0,eur,succeeded,1,0,,,card,visa,9509,9,2026,FI,Subscription update,heidi.ahonen@pinepoint-logistics.example,txn_3iOWbiePp3utakkGlCKgUmW1,1751030403
ch_3bbdSFhBnV5ZOcjhIB1dQCKZ,pi_3saoUCNJFN25n52gKoCzjnLq,in_1zQRt9IxNGEcJxzptohTcQJC,cus_pH6T2OXWcxRVh0,100000,100000,0,eur,succeeded,1,0,,,card,mastercard,2684,5,2029,US,Subscription update,kate.nguyen@westfield-clinics.example,txn_3Dh8Ffl60yba5dwt2jmv28jq,1751034406
ch_3U2fk4WejaYXo1hGs8lOxuGZ,pi_3B5gb7Vp7AglgsOtBis4GKTj,in_1nVDyllaM8wIk6z3X8MEcZQ2,cus_baPBhZBgXLmXnA,100000,100000,0,eur,succeeded,1,0,,,card,mastercard,4729,3,2027,DK,Subscription update,sara.sorensen@granitepoint-wireless.example,txn_3JbdMDWND6syMzu7LOGnwtSw,1751177007
ch_3FD3sVvyTDk1A8rerH3Ju4IR,pi_3U83ve2NsZ3ryyhpEru4swyR,in_1CgAcaLh4mA1UzEifEIuAm4V,cus_SdnkUjYzVOiNvV,200000,0,0,eur,failed,0,0,expired_card,Your card has expired.,card,visa,1038,11,2024,CA,Subscription update,paul.miller@stonecore-wi-fi-solutions.example,,1751198954
ch_3W3OQHAxHrPEtr1v2A9kx71d,pi_3Qe1l74yrRGNsBFtA6T99j6w,in_1AQC6GTVzwq96XUPqvXSuzcZ,cus_TiMZQIC2kLxnN0,59900,59900,0,eur,succeeded,1,0,,,sepa_debit,,,,,,Subscription creation,pieter.smit@clearpath-warehousing.example,txn_3O9NJeL8527uF3Nak5DUvoxD,1751211108
ch_3c4rUI0YpWoFS8pY1hPWsSjv,pi_35baOLXHuGndBthyC4DU1vnF,in_103mlNHJPE0gUuVSOhEkHt1x,cus_tSt990X9oCBpP3,59900,0,0,eur,failed,0,0,card_declined,Your card was declined.,card,mastercard,4063,7,2028,FR,Subscription update,romain.leroy@polarpeak-wi-fi-solutions.example,,1751286253
ch_3vKPq3XfRBopF2vc1lxQA6dr,pi_3iYiNFPMCBt5A1fNjb1dHEVO,in_1zasF3twAJoJFfQVd6LijIeD,cus_m7P0RI4NjwiLrj,100000,100000,0,eur,succeeded,1,0,,,card,amex,2012,5,2028,US,Subscription update,david.thomas@inbox.example,txn_35zhj9NC3mI5gsCz6dlXMNcg,1751344707
ch_3HsrUuA94podSfVWmIGCPwOl,pi_37XEn2k6GAo158BgiQCZXx8N,in_1y70LyG9Li8GX0FkO6x25vuL,cus_FUpEnC8kKKXjOu,200000,200000,0,eur,succeeded,1,0,,,card,mastercard,2070,9,2027,US,Subscription update,john.phillips@maplebridge-logistics.example,txn_3oYruZHAReNG1K1ujVhwXyJD,1751355424
ch_3Y47kPqInyI8BBdNviDJYfLg,pi_37ICK7HwPGiJRpoPKUFGeuTK,in_1rCQ8LU8klsU3liHoZKl9T7a,cus_gevA4s0yRpDEjk,200000,200000,0,eur,succeeded,1,0,,,card,mastercard,2500,8,2027,GB,Subscription update,raj.mitchell@apexline-rf-consulting.example,txn_3wUYGWu3N3CTswuu7Ng2IABB,1751363260
ch_3B4sS0jlp5dk8gJGKp9YaEaF,pi_3F9RFG7xzmvvGbsQQ8DD893W,in_1QBIO5BTrCGBX9TT9n0x0KVT,cus_ljIcqzX0RfCzqW,100000,100000,0,eur,succeeded,1,0,,,card,visa,9860,8,2027,DE,Subscription creation,andreas.richter@richter-wireless-consulting.example,txn_3iNzaeGzoPTB0nummCL48zlk,1751374284
ch_3ZOtRKzKNTONhbK0Ah8INYDt,pi_3Cbt3IKCodklgqxk0JXj29W3,in_1UlUCKJzrMXcUEghczaBEo7n,cus_EZJZhTHoVEQUCx,100000,100000,0,eur,succeeded,1,0,,,card,mastercard,9608,5,2028,NL,Subscription update,femke.dekker@dekker-wireless-consulting.example,txn_305II8PAC9E4SSfIcibpUhz0,1751402671
ch_3fJ6u3AA5yUJECEBv7LVfJ3W,pi_3qoQ4AdWhxmBTuFsTaTtsSSR,in_1Ny6INRhRaabeP4qgr955bG8,cus_4PkHooxs7irENl,100000,100000,0,eur,succeeded,1,0,,,card,mastercard,1835,8,2026,IT,Subscription creation,alessandro.gallo@northwave-wireless.example,txn_3zUiwAB6Sf6lL2kj86NARZYa,1751423447
ch_3iyIZzL2VulCOAzrSeaX5atn,pi_35baOLXHuGndBthyC4DU1vnF,in_103mlNHJPE0gUuVSOhEkHt1x,cus_tSt990X9oCBpP3,59900,59900,0,eur,succeeded,1,0,,,card,mastercard,4063,7,2028,FR,Subscription update,romain.leroy@polarpeak-wi-fi-solutions.example,txn_34RyGQ3TK6LvP1JogvdenlUC,1751546773
ch_3QtTo4WLnQY7Cy99ekV0sctw,pi_39RqCkDJXshXp1blyVaKEIIx,in_1uewnUQj4wasb2g4Gp3unCFh,cus_QzDAPxYzCOL5we,59900,59900,0,eur,succeeded,1,0,,,card,mastercard,9364,9,2026,CA,Subscription creation,sarah.moore@moore-network-services.example,txn_31h3lhTSiFrvRGmQUl0vvhe4,1751605255
ch_3Ve1pzQSmgAq4wn6jFRdAgsB,pi_3df4cfq8czloELB17lfK86Fm,in_1gU7gSFOaQaGRUhBDiTtTE6O,cus_LupdFfxq0thXXw,100000,100000,0,eur,succeeded,1,0,,,card,mastercard,1971,9,2027,GB,Subscription creation,james.anderson@anderson-wireless-consulting.example,txn_3XgrPNinXlMxtX2KpkHxBnbi,1751623914
ch_3qzzWYm12EzMU45SjFAKBm9e,pi_3WjxRWgOiSmRaOBoTikHBtR2,in_1HtrIPpVpBKxdsPUCDMnrZu1,cus_Lj3TrqLqWjrpWv,100000,100000,0,eur,succeeded,1,0,,,card,visa,7006,10,2027,US,Subscription update,priya.white@balticgate-properties.example,txn_3WyNy7sN9CMGSym8Iv80WLLJ,1751713313
ch_3o3OvadjHfutiirPgwpZPu8O,pi_3aNJwxPDMtzvAO84eab5Bw5K,in_1PcgzwRxys6tqwiwEU0hSvXc,cus_Qc1S8VRGHAAtvg,100000,100000,0,eur,succeeded,1,0,,,card,visa,3710,9,2027,DE,Subscription update,sabine.hoffmann@balticbridge-networks.example,txn_3EYWBcbsETpbPn7nUPGq0tGx,1751822671
ch_3i4nQO6RBzf8GeOFSzAGC7rM,pi_36liT32dRGmfV3wOnfLbBDE1,in_1CzUA2HyLqfGIPAHMF3JYWRM,cus_jTvHPkKKRwFEyO,100000,100000,0,eur,succeeded,1,0,,,card,visa,8261,6,2028,DE,Subscription update,christian.zimmermann@crestpoint-wi-fi-solutions.example,txn_3AtXcaqxEEt5DHGOUbqZL5dN,1751875212
ch_3mSZxq7HAvoC1u0F5clqRRTx,pi_372b79SSrhsOcFFf4svCw21T,in_1y8OIZOpVEZreYHKPuGuqSzc,cus_NmTUx6PnLNQXzA,100000,100000,0,eur,succeeded,1,0,,,card,visa,3054,4,2027,US,Subscription update,raj.walker@signalline-rf-consulting.example,txn_3DMdEeLMWB8xw4b1k7exg5Md,1751901089
ch_38fvIkVd1XijX3q8ZgmIDmd7,pi_3GZ4HutZIA2J6Me7wZFAj69B,in_1CfxwQmRENoZsP9i4J2wdiCk,cus_GeXVSXboQWfaWe,59900,59900,0,eur,succeeded,1,0,,,card,mastercard,5826,8,2029,FI,Subscription creation,anna.turunen@auroraport-hotels.example,txn_3Xcsd3wFpKLhWzBbe35XNgyF,1751909824
ch_3zpharQ9Mg6rvYOoCNrqOdYv,pi_3TGapqJyJ1La6cyZVit3U6jt,in_1bvxNLyQbvsXK1A1xoUFAakw,cus_9ynU4t63cxt9pE,59900,59900,0,eur,succeeded,1,0,,,card,visa,8356,12,2029,DE,Subscription creation,jan.hartmann@granitebridge-wi-fi-solutions.example,txn_35TGkXFIB21Defe2n3vPCCU5,1751911445
ch_3QLv3fqOfEKcJRtc094ZGT4U,pi_3Oy8HrOFIjPzzwk8kch9ZRkQ,in_1ysI1CQyVjicgxHYtPIX8W42,cus_dhnSKGOPxK4tfe,179700,179700,0,eur,succeeded,1,0,,,card,amex,2799,11,2027,US,Subscription creation,matt.campbell@campbell-wireless-consulting.example,txn_3Dz5i1MONFmvKFxnaaJyHS8W,1751914247
ch_3kgwJqVlItAaHuH68W3CDtXh,pi_3XO7Thl40SE7DHNtF5uZm5ox,in_12aAE3HjdetPm6QARqMvYt8i,cus_GZUMfL6dTyNfhk,100000,100000,0,eur,succeeded,1,0,,,card,amex,9725,10,2026,US,Subscription creation,ahmed.williams@westport-rf-consulting.example,txn_3y0KyqxN3p3Y9negJNDR15p2,1751952335
ch_3X7jWooi0ppquYHdgt8s2dnc,pi_3KQNjrfgTMLd2IsMl69XMvGo,in_1KA3MyqZYDEeoOzosg8iYAHS,cus_Z0PRdAOUPkW2HO,100000,100000,0,eur,succeeded,1,0,,,card,mastercard,5380,2,2026,US,Subscription creation,brian.harris@signalport-technology-group.example,txn_3HIvBVrIOTufSwgS8pIj3Wht,1752072586
ch_3Jaxlgig8q0zuo72v0IsJlhL,pi_3qi8PwzZs2Ttn3YhG8hvOkYa,in_1uyDTMnYF5ZbW9KzMY4AlOKR,cus_ygisM3rSE2Y7MR,59900,59900,0,eur,succeeded,1,0,,,card,amex,4907,6,2028,DK,Subscription creation,jonas.olsen@novaline-rf-consulting.example,txn_3q4Q2ay0x15a1YRbmyuaIRpj,1752074911
ch_3HsgpAQqDAReaQteAIps75u4,pi_38Q4mFwv1AWcT7ppaHvdSIOn,in_1yZgPl2O1ORDX5fbs4kDMs3s,cus_9W6ug7ZdwBpe5l,119800,119800,0,eur,succeeded,1,0,,,card,amex,7679,5,2026,IE,Subscription update,megan.williams@westline-retail-group.example,txn_3rngiZoNdomWLM3IF35CH6tJ,1752086986
ch_3oOiQeizZwRC6MRdcTxwORyN,pi_3UtAOcWsywaoava7br0X9yOl,in_1ohThn59us8XePHdtKGXoo4f,cus_qUM8W0t7Ea340s,119800,119800,0,eur,succeeded,1,0,,,card,mastercard,4684,10,2026,CA,Subscription creation,olivia.nelson@signalworks-wi-fi-solutions.example,txn_35XzxflVGeyShBPKx8dYuLVj,1752164215
ch_3fe5eJW1b7AS9tyV7gwv1iwX,pi_3m1BbXeFxjeyKizeFM4gNiDf,in_1liOEjR07YEnHltpBFp0AY1I,cus_w6dStbZIqW9LCL,100000,100000,0,eur,succeeded,1,0,,,card,visa,4521,3,2026,DE,Subscription update,dirk.schmidt@lumenpath-communications.example,txn_3C27CwMcESARV36Cif7gOZBn,1752218087
ch_3yiwtV8G6G8lCsaGyB8sAwSI,pi_3Pc48J4NXJeVWp8jiHmpGEO6,in_1Hm4vou9fL40rvlVJCRuyBKS,cus_TQJIoyNcb63X64,59900,59900,0,eur,succeeded,1,0,,,card,mastercard,8971,4,2027,DE,Subscription creation,dirk.wolf@postbox.example,txn_3VQqoo1YBCHtcOSYt0rFFp6h,1752333001
py_3FKKnxnmLnhxWJrfdGbsnYZ1,pi_32bz6rKrKjSAROyHxGdV5FWI,in_1degChyjivodxtWQMJbKjvOY,cus_TT6IBpiBxFoRN9,119800,119800,0,eur,succeeded,1,0,,,bank_transfer,,,,,,Subscription creation,carlos.taylor@clearpoint-wireless.example,txn_3E08W1YY4DwSlnCi5YpmlEjQ,1752363712
ch_3FUAxM6yOQrgWhvQROKDy9dW,pi_34ZJKsenYfp6yzEJxEAgzB5B,in_1YANpp13zSNHkh2osmNo0NnT,cus_4dBapx1c6dDx4f,100000,100000,0,eur,succeeded,1,0,,,card,visa,1111,12,2026,CA,Subscription update,robert.patel@patel-wireless-consulting.example,txn_3dETFt5Su3QpxfRPnM1LdPVi,1752484170
ch_3eR6yMszfngynS9chJDHMwS7,pi_3hYzLhh3xviNTxxq4cmVkYhX,in_1yNPSv8KgNfaLDGydkqckSu3,cus_081lkHSwMK5fQt,100000,100000,0,eur,succeeded,1,0,,,card,mastercard,0065,8,2025,ES,Subscription update,maria.moreno@moreno-network-services.example,txn_3ZXeVJUJBAYWx8IWk5PSAqVY,1752494150
py_3z7Pt2Vh9OzzmjwHQq1N1CkN,pi_3jzxWHPbvDSignuFrnuOdpOM,in_1GWAzhOi9XdJXBW4QqWFIaJm,cus_A1H7jCatgfPfqO,500000,500000,0,eur,succeeded,1,0,,,bank_transfer,,,,,,Subscription update,jason.davis@polarpoint-managed-services.example,txn_3X80F9N3ZKudBrVPQcVqoXf8,1752516460
ch_3PKCVq8QXE5N8RmPcYDmnre2,pi_3jIbBe9tsgi3v2DDHMxfpP2R,in_1vnm6EfNfk6m09ge6xzozCNF,cus_4lmpo6NDtanGRQ,100000,100000,0,eur,succeeded,1,0,,,card,visa,7469,6,2028,DK,Subscription creation,nils.halvorsen@stonepath-wireless.example,txn_3o5LXUHle8UXtXFqeD4ke0XQ,1752567504
ch_3b4uyxgESyhKAgiVJwb5whVR,pi_37TPGeM3doLx2lJGH69kjgtN,in_1xd7LGbnZv9Qz2w5yHjBY9zi,cus_c0LZHSLGfY0rqD,59900,59900,0,eur,succeeded,1,0,,,card,mastercard,8013,12,2027,GB,Subscription update,josh.thomas@cedarview-hotels.example,txn_30G7av9mU9dNLMSujLqU1Drr,1752580412
ch_3DSqmY7baHozJaFNUDQ8KSyE,pi_3WKbmjeuYvSwcjWQLgsrtXbs,in_16IQP3ssFLvx461HxVadLbVK,cus_vZHd963TpuxLYP,59900,59900,0,eur,succeeded,1,0,,,card,visa,2726,10,2027,AU,Subscription update,jason.thompson@northwave-rf-consulting.example,txn_3OoeSatLlQ2UyUpRSKScTUYR,1752596138
ch_3m1VAlh1wHC2m9lvh42Jpjpl,pi_3UfFHk4w6YNEYy2m3C5R8NkP,in_1BCj1apWAwl8C67yj4Tqv9SX,cus_2RfkSRpsxz8w30,59900,59900,0,eur,succeeded,1,0,,,card,visa,1347,7,2029,US,Subscription creation,jason.anderson@cedarcore-industries.example,txn_3F2srGsI7UQteEGI31X1RvS6,1752654628
ch_3KdGrUXZfmr8QWxUH86adDLH,pi_3ALUJ71Wbb2FJp00oy5xau7Q,in_1PGRi9GoVR7B6XCn2vVTcMWx,cus_zy6HuKbAGlhYJ4,59900,59900,0,eur,succeeded,1,0,,,sepa_debit,,,,,,Subscription update,maria.navarro@nordicfield-communications.example,txn_38ui5oz5qr62crIL458QVkLd,1752704881
ch_3vfJdjkKlq9X1SyhuYxF9IVt,pi_3a7syJSd6XHJKkKnfRZc6YCv,in_1J9mxqlKYJ5VSMRqh7WIHY5q,cus_M4GJZKhGDZcDmM,100000,0,0,eur,failed,0,0,card_declined,Your card has insufficient funds.,card,mastercard,5770,8,2027,DE,Subscription update,tobias.schmidt@brightfield-networks.example,,1752708723
ch_3ShIrsSxcwMtPAF6ZnDXrNn2,pi_3S7T6rt9SOmdgINF6lU0DpDH,in_1GR3vWsolqhqUXyoH0NShh1U,cus_ZkOpq3oANCSGU0,100000,100000,0,eur,succeeded,1,0,,,card,visa,8200,12,2027,BE,Subscription creation,maarten.smit@lumenmark-networks.example,txn_33CFHTIYFv5WbOeR3Yn1PQQy,1752838648
ch_3Lnlfu9GlxXbgVSpk8RZfi0x,pi_3vqG5FS6FLCKa2s3WHJSrrdY,in_13nSsz0OwcJU9RCJiPKDfvt0,cus_x03B5JvJvPLGZ0,100000,100000,0,eur,succeeded,1,0,,,card,visa,4040,2,2026,US,Subscription update,josh.nguyen@apexpeak-technology-group.example,txn_31XgZH5ICQ2RCc6O2iVjf58q,1752844878
ch_3QEn2qtPH168JuROV8MsJW2p,pi_3OMQLIjb0bossdwa9WGipkAT,in_1LakIQLJ4tR0XIN2d1AUZ8gh,cus_ouOoPSXuPcNIbx,59900,59900,0,eur,succeeded,1,0,,,card,mastercard,4102,1,2027,DE,Subscription update,katharina.neumann@deltamark-wireless.example,txn_3VJXJ6FLs0bQKSjHe4NASWhS,1752924843
ch_3OO0NdunjgHMNwIAKWk1jTPl,pi_3a7syJSd6XHJKkKnfRZc6YCv,in_1J9mxqlKYJ5VSMRqh7WIHY5q,cus_M4GJZKhGDZcDmM,100000,100000,0,eur,succeeded,1,0,,,card,mastercard,5770,8,2027,DE,Subscription update,tobias.schmidt@brightfield-networks.example,txn_3DjC19reUbGPLw9quZT28UV6,1752969603
ch_3hBQxovX3PqIasSi6fTeyQIt,pi_3Xc0JxJgUypTMLMPlYbViYgy,in_1mUlMiuWEEkynMmeeViMwGAG,cus_yjw5vXcPOgnMha,59900,59900,0,eur,succeeded,1,0,,,card,mastercard,6602,5,2027,BE,Subscription update,maarten.peeters@apexport-communications.example,txn_37S6FFqwBf78lhaTRNzkgVAQ,1753006770
ch_3DTsC7yXjZDjleCwDEAy7JqG,pi_3uzgP69qJZHYzOQwp2siTNMf,in_1Tu76wFQYgnktHPjbEt3Tm7g,cus_eFZgmF6cpa6nA0,59900,59900,0,eur,succeeded,1,0,,,card,mastercard,6233,4,2027,US,Subscription creation,olivia.clark@mapleline-wireless-engineering.example,txn_3gyrL9VlY5ijAq9I67wZlsCF,1753043506
ch_3LFKs7xNmlIsLSnRRhXEILfE,pi_34Sfx69M104RxaaMIX7oAdPR,in_1XKNPTtempYz5HqGO3hL3Q9T,cus_DfQWruQM69acnj,100000,100000,0,eur,succeeded,1,0,,,card,visa,8829,5,2028,GB,Subscription creation,sarah.patel@maplewave-media.example,txn_3LJf4laBaqrdFG3siPVZJrwq,1753097267
ch_34QAUiqerImpgPsSvXzFCoDv,pi_34snRD8lBVq0SCuZQnMeLf4k,in_1hPOpMslmWkqK5x6CEs4lPWQ,cus_wThNXmlATd7Mc1,100000,100000,0,eur,succeeded,1,0,,,card,visa,9684,4,2028,FR,Subscription creation,claire.martin@clearpath-rf-consulting.example,txn_3rOrOADNHyK5wbcHCzWau5wH,1753097546
ch_3XQNSPx4Pm0ERMKbzPRDEwP1,pi_3rnd8BEYjS2AElc9xszwy6vq,in_1qtvDnUxlcFhDRenr6GOahew,cus_Ao2sp4MU8I8Hwm,100000,100000,0,eur,succeeded,1,0,,,card,amex,8275,1,2029,FI,Subscription creation,ville.niemi@balticlink-wi-fi-solutions.example,txn_3k8lknUvS2RWxdJSx41kcI1b,1753139233
ch_3vTMzn6i1QTaxFKWe4TzNl42,pi_3kHqcFu2n53D4KqnTkqLcvys,in_1RdNGcWbLzOp1sqdBJof39gQ,cus_7QUjGcufpSjsGe,100000,100000,0,eur,succeeded,1,0,,,card,mastercard,8953,1,2027,CH,Subscription update,julia.schneider@atlaswave-hotels.example,txn_3UDvKtSiVMnIi9ttugXiCnPC,1753260149
ch_3YVSRRM6CkUukEBxA8z2pVAN,pi_3VzXl2QeIXZ6Dp8UJyu1eeve,in_1CnLQYUUqUpolMq0jt48jQ9m,cus_zwfIUCyvyi0T4P,100000,100000,0,eur,succeeded,1,0,,,card,amex,1561,2,2027,US,Subscription creation,brian.nelson@harborfield-networks.example,txn_3BA2pFzW3HiEWQyS24OZcYN6,1753445172
ch_3WVPKr3SMxDaZcffVW1RN6Ib,pi_3VDm5kSVZpHXKDSixQbD71sY,in_1Y7HP0kaNNBdH5bbqt2JSCeB,cus_hGBK02A0FPMH2Y,100000,100000,0,eur,succeeded,1,0,,,card,amex,0139,4,2028,US,Subscription update,david.roberts@aurorabridge-rf-consulting.example,txn_3niwPoSLLfm6hHlFKdDMtODQ,1753453887
ch_37AGQ00toHOmVOstauBmEVEl,pi_3qyulYKzU9GcFWHp71OCu0UD,in_14YOk1NwxC8IFbUM6d0yD8lC,cus_TtnVUMZvaDhemA,100000,100000,0,eur,succeeded,1,0,,,card,visa,0235,11,2025,US,Subscription update,ahmed.clark@clark-network-services.example,txn_3jHMyRlWpJfawI4S25X5bQDa,1753547933
py_3haUEaiugYH01nL103CXCP1U,pi_3rrBmsVwIfZm3ShOHBwhFxVT,in_1pepi9wembmpzZdlp4tkFEcu,cus_GV3U4ldSBCco4N,179700,179700,0,eur,succeeded,1,0,,,bank_transfer,,,,,,Subscription creation,mark.white@ironstream-partners.example,txn_3AdvTnGKwc2Yiii5eJZLqTh1,1753552173
ch_3Wd0afemFMh4EPgRJbcUXA6t,pi_3vBtSuEQ6JpgdatTqLkEjNbv,in_1g6PvkphQovxf3rDcyi5C29p,cus_W7jDuNX4F7cz0D,59900,59900,0,eur,succeeded,1,0,,,card,visa,4907,5,2026,US,Subscription update,nicole.martin@novagate-rf-consulting.example,txn_3LHTAwNQHmGAqLkwZmADkfSu,1753592792
ch_32e43Mg1BMcRcjkWgWrJUkqA,pi_3AMijbwoJ6CSl1mNpJncrcqJ,in_12w48pjfpwYwhWkGaiGLVMNN,cus_ggFfJaC5XD7COe,179700,179700,0,eur,succeeded,1,0,,,card,visa,3812,4,2029,DE,Subscription update,lena.muller@ironpeak-media.example,txn_3VuM0uT9cGkS3jDkEEQY5KOn,1753616126
ch_3pu11pQTZLf65jSTyAfCqpmJ,pi_3gYAkeY5egk0kenj3LDdx28J,in_14cJCuyNblXDjeAZJLtu9sLf,cus_VD8mjjKUT5Fl5m,100000,100000,0,eur,succeeded,1,0,,,card,visa,2271,7,2028,US,Subscription update,paul.mitchell@lumenbridge-rf-consulting.example,txn_3208NWbwew2GXvzibt2nevZK,1753616951
ch_3AEHjO2VIIsxyS9pIAjOWMzA,pi_3hv2JjYjrCXRMVrSLsTF4eGf,in_1EyXHGOS5ZWX8WQX5jVuhs02,cus_FpiD40BuxcaVKb,100000,100000,0,eur,succeeded,1,0,,,card,mastercard,6498,2,2027,US,Subscription update,megan.young@silvergate-networks.example,txn_3ATj62l0um5GDRBKB89bf4WB,1753618309
ch_3ntAjHd2a8Q851EnXSyikIju,pi_3hW6kHUgwEaxjYPgfZfHWqMo,in_1jhfxqZfrPrJFRI7rj7AnyMv,cus_z8PIOxcUxHuMmO,100000,100000,0,eur,succeeded,1,0,,,card,mastercard,3028,8,2028,US,Subscription creation,chris.patel@beaconbridge-hotels.example,txn_3E84tW5AcAAz6fW6tEIlhl82,1753636547
ch_32GIFO8Ymx9iMONB8Xr8SQyH,pi_3tEF9j64THlUAQai1OstZNYE,in_1ADc49FYsHZkh4ehnvaKvjOD,cus_XeoUXlFt7BVUWi,59900,59900,0,eur,succeeded,1,0,,,card,mastercard,3325,2,2026,DE,Subscription creation,andreas.schmidt@ironlink-schools.example,txn_3XtrjYiQsM4ADUypS68IrJFc,1753785344
ch_3ShE42Dw5egexyIVPwKDWSxu,pi_3GZG2PdGBe7OsGoy9WsgkK3N,in_12EbaVLsKihngesBKdKFz3mZ,cus_FweQBOr2CDOdry,100000,100000,0,eur,succeeded,1,0,,,card,visa,1488,7,2029,DE,Subscription creation,jan.wolf@postbox.example,txn_36bmEsUiVHlejGuyoAMPYKAc,1753791267
ch_35EPgHVvwt5xur3jQjlL9YRk,pi_3C2JEVoaHOcOmDl7Xhq3qCQH,in_1lMdnfSbypKq4jjNUYXpOtLr,cus_AgnaN9NZYfUTH3,299500,299500,0,eur,succeeded,1,0,,,card,visa,9566,6,2029,FR,Subscription update,maxime.rousseau@northcore-systems-integration.example,txn_3tcLZ4VHdbDYR86Dy5eteHTu,1753808228
ch_38nN6vD8ndwx8td4vdkmOuYf,pi_3W7acAFszIXSaLAr6USEp7pC,in_109c2Ot1L12BFXJKsyoU8CmP,cus_iJ1VGk0VJnhsQp,59900,59900,0,eur,succeeded,1,0,,,card,visa,9962,11,2028,US,Subscription creation,tom.nguyen@nguyen-wireless-consulting.example,txn_3UOgPcK3OQjEdjsSd84REw2V,1753878159
ch_3seGgVlLY2DZ7kJ6BsH6EwxA,pi_32qwCXgKmZEE9L31GQRWayLN,in_16NURVMRReJAlVPenAOyFzZP,cus_Wpuww6HJBApPVJ,100000,100000,0,eur,succeeded,1,0,,,card,amex,0299,10,2027,US,Subscription creation,ahmed.thomas@clearfield-it-solutions.example,txn_3XAsh1cgTBp4wZ9Nb8mE2gde,1753882513
ch_3Ubl5GOPCILRbH1o2s4aweQz,pi_3g6CKO7EUkFsqLvJnE66w7Ij,in_195qfNrFDhKZ7lmsfkV4zGlX,cus_CBZ3tdAGY6MEyX,59900,59900,0,eur,succeeded,1,0,,,card,visa,2980,3,2029,BE,Subscription update,lotte.devries@ironmark-foods.example,txn_35BVqLF7koGDH8ns2Tx6RN1Z,1753964203
py_3L2I8OQB7kfqwndKbFPy7ZIm,pi_3uatKQcuFZqZlOd4ydLf3EGu,in_19K9oPc2Rx7ilZSDaA7Z5ZuL,cus_CeLa0yc4VZvUJe,119800,119800,0,eur,succeeded,1,0,,,bank_transfer,,,,,,Subscription update,david.edwards@summitstream-foods.example,txn_3btuAANlKqTPsVWwiEffjEXk,1754164664
ch_3tqlvyeFV2U3y7WDvpBTQpkE,pi_3NI9b0qoFEnk8L1a3VL9yTlf,in_16CVJlMi885hPjluOaJtXIlf,cus_L1hKx1yQPx1PA4,100000,100000,0,eur,succeeded,1,0,,,card,visa,2638,7,2029,CA,Subscription update,james.moore@moore-network-services.example,txn_3ZELgTVi6onwHu5nWtxvNtQw,1754298096
ch_3s6NuKLrjI8HksA1IftNlu4z,pi_3nNGQw8KoQxxA6QeJPlyvimp,in_1HdZVB9LCYXu7RioNHisYyNk,cus_sjWtufXShxHYkf,59900,59900,0,eur,succeeded,1,0,,,card,visa,2974,3,2027,FI,Subscription update,antti.korhonen@korhonen-network-services.example,txn_31GMc1asOCXN3o2x53br0e2T,1754305906
ch_34tX8PI6Yfa0ATbHawWJXaBL,pi_3BMZWCth6ZbOCCvkoiDzT0Ba,in_1AdzsT3avR0UwJ1yxXltjSna,cus_TH9NR5h8NVGixi,100000,100000,0,eur,succeeded,1,0,,,card,mastercard,8515,8,2027,US,Subscription update,ben.lewis@alpinebridge-communications.example,txn_3frIXpds4EtnmL9ELVGUX0vM,1754316567
ch_3cpdmBnM0jBNtN9PtTdjBB4M,pi_3xRCgfvohiX7bctnHdvFffRt,in_1f7yZkn9aEDkpqrLJcEr0xw8,cus_zlsZfYyOkE0ek5,100000,100000,0,eur,succeeded,1,0,,,card,visa,3846,8,2026,SE,Subscription creation,bjorn.larsson@larsson-network-services.example,txn_3ET5dKy7Yzz0K7paKLjrWhNF,1754397603
ch_32bUry9q7bK6t8CNyUfqFHuu,pi_31BErgW9CWF7m476cPiwIQBU,in_1FJMDTfbVtP5KBkhGQyC7Bgq,cus_pHoRxpXmneLgBg,100000,100000,0,eur,succeeded,1,0,,,card,visa,8151,4,2027,SE,Subscription update,soren.sorensen@sorensen-network-services.example,txn_3osFUhvOBz4Cv4GbtvMw7oPL,1754407359
ch_3ogsUaQfmR4OheJNbx8d0rlP,pi_3XpT5pVopacrZ3uDqaRBLkRa,in_1F8yrPJEJjZjBvbFjf5Ayj8E,cus_anhYF8NWXAXmP6,59900,59900,0,eur,succeeded,1,0,,,card,mastercard,4093,6,2026,US,Subscription creation,olivia.miller@mailbox.example,txn_311vwgU9AaX6VyG2cg9lE9TR,1754488054
ch_31X8ysXRbGSSlhJnq6BcqLIu,pi_3UoA0VqVJ8GanVNtigo9flIw,in_1YOohrv3OmfNPpSmjZHscOA5,cus_57pWztfwVwBLrr,100000,100000,0,eur,succeeded,1,0,,,card,mastercard,4634,12,2028,GB,Subscription update,chris.collins@clearpeak-wi-fi-solutions.example,txn_3BV5c3QeHUz0ffvAEUwcP3Ea,1754489840
ch_3CIlak7d9ctIGjjt62cRESI0,pi_3yiRyHOTvcgt9nfehItUs4g4,in_1cNyg0rsmhqJtotwXBguSsze,cus_bjgwAcpPXUAKP2,59900,59900,0,eur,succeeded,1,0,,,card,mastercard,1096,10,2028,US,Subscription creation,megan.patel@harborpeak-logistics.example,txn_3IOEKoJXoc4YuwiyMDBop3r7,1754501889
ch_3R5PMYwEqJ7XrAChixf6rbUC,pi_30Z1dkQ9teaahyQLHPlnRbb4,in_1qLphMQKG38pYPNyVdQtj20D,cus_8luI3aiGRhZErH,100000,100000,0,eur,succeeded,1,0,,,card,visa,6114,5,2027,DE,Subscription creation,stefan.braun@northworks-systems-integration.example,txn_3FILdfK3iAeUguU7fsTfDB0H,1754543454
ch_39KSIezMOZ6vKGkSsFeKVFNK,pi_3c8Q65xUmYsxHfp9MVfVOutF,in_1Mtd4g39DGbJke2cqLqxDnyj,cus_aGOsX3rwPRdIJV,200000,0,0,eur,failed,0,0,card_declined,Your card was declined.,card,visa,7845,6,2026,FI,Subscription update,sami.ahonen@mailbox.example,,1754568738
ch_3Hom0lKqvY8chwekEzhoVso2,pi_3ub8rC6Z6YZicOPq0y8gdzx7,in_16vMVfOJ1VAuzesbAwCCPV2i,cus_HrvoYAiJUGFZJU,59900,59900,0,eur,succeeded,1,0,,,card,visa,4438,8,2026,IE,Subscription creation,paul.brown@brown-wireless-consulting.example,txn_3kLjMcGhlO4J460i0n7XjJ3V,1754570602
ch_36YjAIBBvbhNzwmwKbcaWx1B,pi_3CYxg3MEUFSTV2eWMJrVr7L9,in_1M6Op8RBzWyjvgvSiTX6yw6Q,cus_a5y3L8adwvLfvd,59900,59900,0,eur,succeeded,1,0,,,card,amex,3397,1,2027,US,Subscription update,robert.campbell@westline-wi-fi-solutions.example,txn_3vE2HgtK6iejAQOcmWClnsEj,1754640744
py_3XT47YHHNdi09nJWUJ2xTJeI,pi_3urbKi36in5B0Ot3Xsjrz06D,in_14AR3Fr92YZIxlUgiijNog15,cus_e5vAkBOGixdxXI,200000,200000,0,eur,succeeded,1,0,,,bank_transfer,,,,,,Subscription creation,mark.miller@summitbridge-systems-integration.example,txn_3bE7mgyGdEuY8bP8V2E5dXc4,1754659541
ch_3wDjpCJOy9WcvfPeCfVLKKsd,pi_3jlnwbyR9IJXuAS6gLErO2VA,in_1vaexzOAiBfF1Qh3chSnuYyU,cus_xmDjCT9AHjdUdS,100000,100000,0,eur,succeeded,1,0,,,card,amex,9039,5,2026,US,Subscription update,james.turner@westline-wi-fi-solutions.example,txn_3BCGKfqpkhFnMyy0Er8KAZRz,1754705222
ch_3afj58q9BK0mCpYVvXqO9OCt,pi_3pH5xjNF1aLA3pDpQfVg8bzu,in_1i7kmPAQD7QPjp83MHkh0Ht7,cus_0DZF7vfPce6LFr,59900,59900,0,eur,succeeded,1,0,,,card,visa,6716,7,2026,DE,Subscription creation,christian.schneider@pineview-properties.example,txn_3sUqHB1ssD9lrs96qyE8F10b,1754714918
ch_3hn7qjsU47T2T4TlYRmt8zyW,pi_3Ir8udVs3HQxWhiSXutGlyZd,in_1X9pl1wvGLIlldZWrneOS4zb,cus_mgwGfUN2b7cEtX,100000,100000,0,eur,succeeded,1,0,,,card,visa,6009,10,2025,GB,Subscription update,sarah.kim@alpinewave-rf-consulting.example,txn_3oZRlATAo7mATk04HVgerYCj,1754751362
ch_3MKBToil6bax8tOIGAGVbYZv,pi_3mcIqgWKiKQL347GZQquK0BC,in_1HomHxcSmUm4050FcKpqTo5s,cus_qPE3xMn3tfBCr9,100000,100000,0,eur,succeeded,1,0,,,card,visa,9775,12,2029,ES,Subscription creation,pablo.moreno@moreno-network-services.example,txn_3Q7BCuoatt5HIWGA45GXeGT8,1754753061
ch_34Td2xxE6iQBmYdv9QeCxyCZ,pi_3c8Q65xUmYsxHfp9MVfVOutF,in_1Mtd4g39DGbJke2cqLqxDnyj,cus_aGOsX3rwPRdIJV,200000,200000,0,eur,succeeded,1,0,,,card,visa,7845,6,2026,FI,Subscription update,sami.ahonen@mailbox.example,txn_3uwgTJ46hb85w1v5xyxGQwu8,1754830818
ch_35RqBrhpUCmo4gNk5NZoLJ6s,pi_3FaxKrKupzTWBowPcRv9zaV8,in_1BUltxae3Rr0TmX28bebUKd8,cus_gqg10r1aldfvWP,200000,200000,0,eur,succeeded,1,0,,,card,visa,7604,4,2027,US,Subscription creation,priya.lee@apexpoint-managed-services.example,txn_3tCFUMUnhiujb4uMYt7lTyug,1754940157
ch_3Hb2um6sX920ntt5q0VqXv0a,pi_3bFZM3dVQ0tUWKGRj6rXnX43,in_1vEF8bskUfW3nco8AVbqcPHx,cus_JifHdobXtNQslI,59900,59900,0,eur,succeeded,1,0,,,card,mastercard,9674,10,2026,IT,Subscription update,simone.romano@northgate-construction.example,txn_3u463bm7fIsuscvfIUQTjTGR,1754993092
ch_3yJgDGkeh903FtJuHz0Hy6nV,pi_3xbfizXyFNVqCR11HhGjaJ3H,in_187xToKNyqFZCn2XWRT0xT6m,cus_TkfrLL8rcOyQFi,100000,100000,0,eur,succeeded,1,0,,,card,visa,9879,8,2028,ES,Subscription creation,marta.navarro@signalview-networks.example,txn_3X99neO7IwuRrEqB69neg7cR,1755012399
ch_3en3wWREt53Ja12eZJXGdf6m,pi_3WGSW5wlG7KpKMd5P0JFFSdd,in_1D9lV4VqDEwRTyDSCUMjqs52,cus_Y2b1UWV8tyE850,59900,59900,0,eur,succeeded,1,0,,,card,visa,1933,6,2028,DK,Subscription creation,henrik.lindqvist@northgate-partners.example,txn_3EiHXuR2YrD44GZt4WrSyHLo,1755081743
ch_34ovopyoN1nbEQrVolm8eSbE,pi_3yaaVzZyzXUJnxvEliGcJrYg,in_1m7BCyPVtD3nv6MaGbKDGC1Y,cus_rYV5nsfoDdd2Vy,100000,100000,0,eur,succeeded,1,0,,,card,amex,8739,10,2027,US,Subscription update,tom.young@clearlink-networks.example,txn_33yRK8jdAXnhm5E6HICO9Qrm,1755171260
ch_3a1hKW29Wu0B0EFbaBtr0cUm,pi_3ToqwMQCyVnCty3S5v4ZdX0m,in_15TuwKLjjehuENgfuOTHqqmZ,cus_aHhmBSTGVisiL5,100000,0,0,eur,failed,0,0,card_declined,Your card was declined.,card,mastercard,6995,5,2029,FR,Subscription creation,julie.lambert@silverport-telecom.example,,1755177838
ch_3fhHt9YApxp3PaykuepUyvjs,pi_3ToqwMQCyVnCty3S5v4ZdX0m,in_15TuwKLjjehuENgfuOTHqqmZ,cus_aHhmBSTGVisiL5,100000,100000,0,eur,succeeded,1,0,,,card,mastercard,6995,5,2029,FR,Subscription creation,julie.lambert@silverport-telecom.example,txn_3fDOe0DbJw0rHwrsQSYY3t0v,1755177913
ch_3EPuM0zhRxbl0JfrTAHECAsi,pi_3xgchoqzBmXbU8400Sf5JCdZ,in_1FZJuKP2HFdpIEJGXc6pHQri,cus_EqtDc8iHuWkJB8,59900,59900,0,eur,succeeded,1,0,,,card,visa,0887,10,2029,GB,Subscription creation,nicole.johnson@silverline-rf-consulting.example,txn_3MJb1IwTo4Y1TWGZ1dxIAmot,1755179079
ch_3UwwEPnj58GioA4H1OlgmvL6,pi_3jTUnx06D0NeDgY9TaN3SYh6,in_1HuF0WzNNRlz3xOLPEeL5DGL,cus_THZBmSkDoePosI,100000,100000,0,eur,succeeded,1,0,,,card,mastercard,8437,9,2027,SE,Subscription creation,sara.berg@brightlink-networks.example,txn_3oNM5Jmh86sSlyFlyRIweVeG,1755230616
ch_395FTEI6lH7Ky9XHBAEM7Ocy,pi_3rEl2vFsCxuwDnIhytNMxHH6,in_1EzCcPrn3m81IyJ7MupF8ddk,cus_uPXRKpZhe5GoRG,200000,200000,0,eur,succeeded,1,0,,,card,visa,3864,4,2028,US,Subscription update,emily.taylor@greenpoint-wireless-engineering.example,txn_3NqUvXdQReHP3xd9YvdVXN36,1755263844
ch_3jWmVQoMvJL2oue2vxO6UNsZ,pi_3svonSGljVvWYGP9Y3IXqdeG,in_1gB0U6Vrhz6l16huHnwWReJ8,cus_nAZNh1i2zLbcmR,100000,100000,0,eur,succeeded,1,0,,,sepa_debit,,,,,,Subscription update,sanne.bos@signalpath-media.example,txn_3TT1PYdiRMxQo7seTtfgPLpx,1755273760
py_3WOgxRrRzEOsBBo0PCVWlmH0,pi_3fC459pPvtjXbztn6nQ0BLt4,in_1Lq9619tyFRAfBOM08mrQPSJ,cus_cAjdxolpQOLyEZ,179700,179700,0,eur,succeeded,1,0,,,bank_transfer,,,,,,Subscription creation,james.kim@balticline-foods.example,txn_3Mt68NS4c7HMmtSn5yP6ehny,1755296509
ch_3ZqI2r7qVJQVbbNuF9JkojK2,pi_3AtcPIYzpizIKyCKuyhHCYsR,in_1M6k7ictnCl2ptwoOBc82XZg,cus_asI9GKvhZCUzNY,200000,200000,0,eur,succeeded,1,0,,,card,visa,9914,5,2026,DE,Subscription update,lukas.neumann@balticline-communications.example,txn_3tCzDJd0zLo7ythm5Z3C1Hjw,1755356503
ch_3aUA11uAysus1QOmPTr1XEQ9,pi_3aVOi8WiEDyI0N49B9hRwXd6,in_1YVwXvdERCX90qSnRtzWfEMs,cus_2TFntpD4iLJ8RO,59900,59900,0,eur,succeeded,1,0,,,card,amex,3002,4,2027,US,Subscription creation,daniel.adams@brightworks-wireless.example,txn_3OTaeqSnuo1vlCow0IpOm86P,1755421678
ch_3nWx4ZshRefkkz8w0Yr1ziQz,pi_3Uye3xQraEm9xy3c0D1Mestv,in_1xXxZM2fPowpng8DkrPP9Etn,cus_EnQdXyPb9AiBjJ,59900,59900,0,eur,succeeded,1,0,,,card,mastercard,4958,6,2027,ES,Subscription update,alejandro.vega@granitepoint-industries.example,txn_3edRlDajbYGtMZ06iel6W6AK,1755437137
ch_3rvRvfOyOLO6QA5kMAkf2yjd,pi_3DjmfzbEEEq83yB9xQBqEatA,in_1Ru1HUhrjHOeY3VTablkcVUr,cus_MvGBF38bjtsJvq,119800,119800,0,eur,succeeded,1,0,,,card,visa,8190,3,2026,US,Subscription creation,josh.white@summitport-media.example,txn_3e1prRPHhFcr52OkXu2rYDa5,1755509241
ch_3W5kVUMJLugFdkMseFCHsKVn,pi_3SIjeqS2YzkHvfJdk0berJUC,in_1tdsaiSevKj4DOIB0TYNHgiB,cus_oNruxNfxswPeb1,100000,100000,0,eur,succeeded,1,0,,,card,visa,9283,7,2029,ES,Subscription creation,sergio.vega@maplemark-managed-services.example,txn_3FqxZMyCssrLN4F2EJdiSnYH,1755521776
ch_3zGWoit470bZbe21QTG1hbfr,pi_3fvcQ2b9TjmB4E2lI8ngrMl0,in_1rvCmx1URHV5P3hJMVYlle6t,cus_t4x2TQoIIXK3Ii,179700,179700,0,eur,succeeded,1,0,,,sepa_debit,,,,,,Subscription update,mikkel.nilsson@orbitstream-technology-group.example,txn_3FAgjuFBfl187sfikK3blIRe,1755607067
ch_3IjPRv9JjiIUh7qeRXZ5ikfs,pi_3JCA5G0iZ2GBMrRZcUD3j2Xs,in_18RgVnelV9DYeTiYtd6FnKKN,cus_ITXuXMORnnSqML,100000,100000,0,eur,succeeded,1,0,,,card,visa,3597,12,2029,US,Subscription creation,david.wright@wright-network-services.example,txn_37HUZRSFXZEFvQYj01hcq1tA,1755679682
ch_344vVTnF2xLGgs19u5JNEcTL,pi_315ENzTauwQGsx7MPZ9VCwK7,in_1hC9i0V6YyB1djluLCxfXMp3,cus_S9nPVFfaGcthDk,100000,100000,0,eur,succeeded,1,0,,,card,amex,5698,11,2028,US,Subscription creation,andrew.carter@lumenpoint-networks.example,txn_37LHAQ5LDKNJR0d0sgGkHPi5,1755703460
ch_3R43I6uSLaxU4Dd0voIPNtxZ,pi_3aDv5FMJeWaL62NocvL5N9P0,in_114aFgcKfemJyThQZWChiyaK,cus_VTVK0ehZVhbLjm,59900,59900,0,eur,succeeded,1,0,,,card,visa,1276,3,2026,FI,Subscription update,mikko.jarvinen@jarvinen-network-services.example,txn_3r4l72WC8Du3frTWwxEnqHVx,1755771023
ch_3RPY61B6ATQ9E9thmeia8ccs,pi_3Co8XB3z0vLGkPWIFxswyeVP,in_1hdk5pwgJO6jJJtHu1WCGTHp,cus_WXb6sppoFWvsH0,100000,100000,0,eur,succeeded,1,0,,,sepa_debit,,,,,,Subscription creation,timo.salminen@inbox.example,txn_3kYHwLRTXLbFTr1hqG5rHGJ3,1755776187
ch_3f4aSRL9T6CgK1XY2jychEDg,pi_3edS0wBrvycrxlwnYxPCChlW,in_1XSkwAsq94CyzSiU28ybdOg9,cus_lWiauowLOQteaB,500000,500000,0,eur,succeeded,1,0,,,card,visa,4090,5,2026,GB,Subscription creation,john.scott@auroraworks-it-solutions.example,txn_3P1G5mb54vxTDSicJMfoirMB,1755858466
ch_3DY3fnu8Y8anixyHmkdUs5wP,pi_3rPj8FNxgS4hzGe5su7GD2cc,in_1arvN7y4CpTB1AR73V92jb3a,cus_iLrEBlXrFA5EUE,59900,59900,0,eur,succeeded,1,0,,,card,visa,0418,12,2027,US,Subscription update,nicole.mitchell@mitchell-wireless-consulting.example,txn_3IzoZft7suaVINN7PDbS9rDu,1755889592
ch_3usBcXGC8xOfJ0mZTJtDd5j2,pi_3dhxokSwJAWW1ttx1EB18JX8,in_181Up9Qn7522BfXiZEPAAKdI,cus_zSZrz4lEXSelgU,100000,100000,0,eur,succeeded,1,0,,,card,mastercard,9459,2,2028,IE,Subscription update,jason.clark@mailbox.example,txn_3E5JfugfNT7MPsV25do0035b,1755891281
ch_3mpuUN7flzozzZHoxtMbj4bb,pi_3Skoj0YOzdVlsL6ny8ZFP4N5,in_1134uTch6ZlgqiAYg4KETCXm,cus_GGDX0kPTFxz8y2,59900,59900,0,eur,succeeded,1,0,,,card,visa,3504,3,2029,AT,Subscription update,lukas.schroder@balticgate-networks.example,txn_300Uf1bNJZ1W7IiPCRdSuNJm,1755945068
ch_3g8qel5dx3sPvXXszBtOcYkg,pi_3IDWIp2UdSpDuiuumcJCI0Lx,in_1tiMV29u5m3jpa762iS2hvUy,cus_hzump6QrkLDId3,100000,100000,0,eur,succeeded,1,0,,,card,amex,0141,10,2028,US,Subscription update,james.green@northpoint-wi-fi-solutions.example,txn_3kE1ZVbdu8K7g04UVfUyIaxl,1755952217
py_3idCJKzasvrb49ZRdhxzGKiJ,pi_3dtv7omAcVOSzlDfuYT7328n,in_1PaNgpeNUdk65dJ4BeP16IFj,cus_JURXvkTkGTaIQA,119800,119800,0,eur,succeeded,1,0,,,bank_transfer,,,,,,Subscription update,kari.nieminen@stonestream-retail-group.example,txn_3BMgSGG3rwadZmt6XBNV82sp,1755959788
ch_3UcDbYxdn2JJCEtS4ayed13I,pi_3UemAW95hVBxc5MGduTuqK43,in_1gVyN33mkbhv06UwrgMLDmNA,cus_432x7NoHNZSqbI,59900,59900,0,eur,succeeded,1,0,,,card,visa,1016,10,2026,GB,Subscription update,michael.johnson@nordicport-wireless.example,txn_3YG0mupLTceonWA7cxo5gfFY,1756065504
py_3Ft1FxdYHJUtxOijT2hXz0Je,pi_3ht9Rq4hDi6DdHottulM4whk,in_1SRTt7p1IWmxzBeTYXILB03m,cus_TYUgd46TiMP6PM,28500000,28500000,0,eur,succeeded,1,0,,,bank_transfer,,,,,,Subscription creation,accounts.payable@marlowe-valley-university-hospital.example,txn_3u7M8gfr96C6yMLB5vyqmD3T,1756118944
ch_3pBz39A8PQnkhJnclH2Kyy5D,pi_3VV22fPqTm62ZslcXsqA78NS,in_1QimG2jiUxU2htJYVrD3AlSg,cus_f7yoO2mJJ1h8mv,59900,59900,0,eur,succeeded,1,0,,,card,visa,3578,11,2026,GB,Subscription update,amanda.edwards@edwards-network-services.example,txn_3efGU3HbC2HYouEW4GP9NOgL,1756125935
ch_3AYF4dNCcvJaa0QVAcf6l5P5,pi_3O1ksWLBYxo3CAZW5lS0TxDw,in_1manHyWlocC1lUfSNppXThcf,cus_e8CHkBkU0RKPky,100000,100000,0,eur,succeeded,1,0,,,card,mastercard,8904,6,2029,US,Subscription creation,sarah.thomas@thomas-network-services.example,txn_3WE2Ir0dz7yhgn1KX5tid7aS,1756138710
ch_3EryStE4YgtwH6hPqFnw7sks,pi_33tRLH0xzCdsleWaU421r8f6,in_1q0ZZekUd3pKbHmhG1sf1fsV,cus_phlOiB6nIVuyZi,100000,100000,0,eur,succeeded,1,0,,,card,mastercard,8847,1,2027,GB,Subscription creation,ahmed.brown@brown-wireless-consulting.example,txn_3QSxFUMd2nmVY1GElGjsj50t,1756173779
ch_3lugnGhk7EMREkfjZYhXfhZI,pi_3ISRvlxpg8tbDMPMXtp2b1eI,in_1Z47w3PUFwBLtRg5I9duUdBV,cus_2hx1mNQwcEe7Uy,100000,100000,0,eur,succeeded,1,0,,,card,mastercard,4491,3,2028,NZ,Subscription creation,andrew.lewis@clearbridge-networks.example,txn_3wk4cFqWFLYmVcsZJWjdf5qH,1756196138
ch_3wyg9ZlxxJMegD1zASsh1CQy,pi_3mlNNez4BYm7J3nOmKa5emX9,in_11Vu60WAJ3FkscQEeNfUEKbR,cus_9P3VpPPwpLcMLc,100000,100000,0,eur,succeeded,1,0,,,card,mastercard,0758,4,2028,DK,Subscription creation,emma.hansen@greenport-systems-integration.example,txn_3OZZaEgWZW5rD3W1Wi667lYk,1756219522
ch_39ndAcwe5q4V21I8SlDEd64N,pi_3yjzvTM3NiEqR5rQAhyGeIrP,in_1wQ0SlwKR39MnmCHoAdR3Nyi,cus_T5OQSkvaapilMx,300000,300000,0,eur,succeeded,1,0,,,card,mastercard,8892,12,2027,DE,Subscription creation,lena.schmidt@inbox.example,txn_3PtX87FqvhbmumQjou1AuVKw,1756236000
ch_3FbNGiyXcdqA0ArF0qXMJWnl,pi_3VBAaIP8JoOgh3Bg7mYqnmiz,in_1SuFwvXmCGMO8ModvI7vq0fD,cus_syJsSmsarIpwmW,100000,100000,0,eur,succeeded,1,0,,,card,mastercard,8272,12,2026,NL,Subscription creation,bram.hendriks@bluelink-wi-fi-solutions.example,txn_35d21ZjOyYs3IeMxp1VJJW92,1756278866
ch_3EaZBTcHRd5XWYKd8jtwxA2B,pi_3FY4tk3CjHL8W5Zum5sDAage,in_12tLm5ksdesDBCq0y4aNRVy3,cus_Abr5hYWIcMS4bw,100000,100000,0,eur,succeeded,1,0,,,card,mastercard,5345,1,2027,FI,Subscription creation,ville.hamalainen@clearport-wireless.example,txn_3HVd3WCFIK6SrfGCFM7qJW5P,1756301992
ch_3ztfNWl7n9LVhRBXXTg4XWTV,pi_3FXSx2cX2I5bPIpHZosXxxJi,in_1DLuRzJN3TdfZfw6VFzkAQrF,cus_DOkEa1GvPXFcZd,100000,100000,0,eur,succeeded,1,0,,,card,visa,4287,11,2029,US,Subscription creation,olivia.anderson@harborstream-foods.example,txn_34DxuL6fL7pmhbWJCl399Mmd,1756382327
ch_3dJwHIeZ1BEnALya8p3KMr3D,pi_3AaepGyjKkt88astQ2bwMXBV,in_1HP0AL6XXseL0PPQtjywEUSM,cus_DgHZXWE06sy4M6,200000,200000,0,eur,succeeded,1,0,,,card,visa,3691,11,2027,DE,Subscription update,thomas.braun@orbitwave-rf-consulting.example,txn_3aeUCnbfLEtsuKe6KSiGOKhz,1756453423
ch_36MznqsayOmzpfxbewswW79K,pi_3VObKeJfajFyWMhp4AGPqHnQ,in_1H6MP00j8yj41Zl79nuqsPf5,cus_bHAnTLyk7THTiT,100000,100000,0,eur,succeeded,1,0,,,card,visa,1741,2,2027,AU,Subscription creation,olivia.lee@nordicpoint-rf-consulting.example,txn_3akKcPHAIFsUNfHUY2sHCV7Z,1756453853
ch_31WJuQODsIwNxfas0Vm0ATit,pi_3hZT5RfCDpaXyIPDg2KFEQkE,in_1nQ2nJGc5zOOijqTaFTRNDaI,cus_pJamYGd6lJ7aTM,59900,0,0,eur,failed,0,0,card_declined,Your card has insufficient funds.,card,visa,8935,2,2028,BE,Subscription update,bas.bos@brightpoint-hotels.example,,1756711704
ch_345eBzyEfotfOeVysu2uw4qa,pi_3seZ1puHo1HT10XuA313vtxk,in_1wkCh5lritDT0NgsmyoAWS7V,cus_XUeYS4iIHQuyib,59900,59900,0,eur,succeeded,1,0,,,card,visa,0568,9,2028,FI,Subscription update,petri.heikkinen@balticpath-wireless.example,txn_3NEUqzvvtxNYzKjczaD0qBSC,1756738046
py_38OJqnjUkHDrbBifL4UHpQoA,pi_3SuJBRf2TUrqlROFD5DoKnCL,in_1epQZJJy7coDg4GHcQMlIhAS,cus_Zy1tlUa6RlRkB9,119800,119800,0,eur,succeeded,1,0,,,bank_transfer,,,,,,Subscription creation,andrea.bianchi@clearstream-hotels.example,txn_3U2JAsMtoeKlnycqiYnVPjO9,1756826706
ch_3HrMwEKehaSVWLP3SDitZHzw,pi_3LjHVEpDIFicmDQu9NrEyHnq,in_1FkO7PpIh3AJ4YbpHirH5Sts,cus_RuJDyFK9SDotTU,100000,100000,0,eur,succeeded,1,0,,,card,visa,1430,6,2027,US,Subscription creation,kate.brown@novamark-media.example,txn_3XJlCYQzZbgvIJWrxrRjna3e,1756914882
ch_3aFiuPkWmdYlb6qUDKakJun3,pi_3dI7lJ5amlRx80xdHI1MmaNI,in_1kOrnbpgHrFRlRjXwDfe3uor,cus_PB23tpZJKpfwyv,100000,100000,0,eur,succeeded,1,0,,,card,mastercard,6044,6,2028,FI,Subscription creation,jukka.heinonen@heinonen-wireless-consulting.example,txn_3Zd4GSfh4nLoIfS3Kmpa6pif,1756928410
ch_3Nwn8eEf1iq983vqrPItBFxA,pi_3hZT5RfCDpaXyIPDg2KFEQkE,in_1nQ2nJGc5zOOijqTaFTRNDaI,cus_pJamYGd6lJ7aTM,59900,59900,0,eur,succeeded,1,0,,,card,visa,8935,2,2028,BE,Subscription update,bas.bos@brightpoint-hotels.example,txn_3w8mwEGMb3YQHlPC5ML15Cqa,1756974504
ch_3JA76c6YSu72ZgnzjLZqCeYi,pi_3EJ5BhDZzxJnmMgHBQKqnSps,in_16IpvckQ7fYlc2ySyqrZ49qB,cus_6aBJgTreXFXeSi,300000,300000,0,eur,succeeded,1,0,,,card,visa,4895,5,2026,US,Subscription update,jason.moore@lumenport-clinics.example,txn_3Y7Bn63WZUPimfZc8UaqZBzz,1756988641
ch_383xKlEDWQJKRS5l6C3loZxm,pi_3lJieQGNOqZmct7QwsMrUJjK,in_1pigMnt7GJcd3qVHb0z60wqf,cus_EOdUP6GbhXESXT,100000,0,0,eur,failed,0,0,expired_card,Your card has expired.,card,mastercard,4643,2,2025,DK,Subscription update,karin.nilsson@beaconport-networks.example,,1756993966
py_3xTb2Qn36lBAV8SSGrmj8dC5,pi_3v8LEvKWQLSpniCLK5gFKybb,in_1ZwA83rLeGbIJ8uvIYYgOfPF,cus_ciIyCYR5oXDBEv,119800,119800,0,eur,succeeded,1,0,,,bank_transfer,,,,,,Subscription update,andreas.muller@auroraline-schools.example,txn_3YDf54v0rXwr1pXGfJ3nHfUB,1756999716
ch_3kezNhGHwx6CuHe3OMuM4FmC,pi_3tPR215PVyExcTF5hFxAN8Qf,in_1BYC7OZzQBLU55s8ePiEA74Z,cus_zxaUZyhAmLQjre,100000,100000,0,eur,succeeded,1,0,,,card,mastercard,8574,2,2028,DE,Subscription creation,dirk.hartmann@northline-construction.example,txn_3zpz8IEECKmFs7c7vWFUZbn6,1757011198
ch_3tnBIB3LaX1kPDjJPRzbc2nT,pi_3R3Svr03mXXOaH1rVhW6Zffo,in_1p5jyQ52myDZcuQ7ghypoFn4,cus_c97vYpHgOQi707,300000,300000,0,eur,succeeded,1,0,,,card,visa,1248,3,2027,GB,Subscription creation,wei.moore@summitlink-managed-services.example,txn_3j4ILrhpbWK0GcT5EVx6Qe6p,1757055487
ch_3gthbSCMYq5JRYPqtlLvDdoy,pi_3CNKa7zAOnEv51uM2WAsBnZo,in_1SQ1nLjvDfCJRer8wW6nXERu,cus_jc0svuQZTp0AZ2,59900,59900,0,eur,succeeded,1,0,,,card,mastercard,3865,3,2029,US,Subscription update,jessica.turner@atlasport-rf-consulting.example,txn_3CJbXaly9qu0xWMscZihuu2h,1757069617
ch_3DWdiNkj9N5huxsmkf7inuRp,pi_3BCaUqseKoYh3aHzHrW4OMp5,in_1hEjkWmYFki6hjeRxcDOcuPV,cus_VAlSwcmtPok5Q3,100000,100000,0,eur,succeeded,1,0,,,card,visa,3607,11,2025,CA,Subscription update,laura.smith@vertexview-hotels.example,txn_33mKfn8t6HBj2j6jMf5VrrSs,1757074628
ch_3fcAckq6F769vFDfUlRUxhW6,pi_3qOV7t5pGmsvAJIqRIbQuKm0,in_1XLp7jVBE9tEstOZtWMbMIJ3,cus_sKDF0JAnq42Nmx,200000,200000,0,eur,succeeded,1,0,,,card,mastercard,9649,7,2028,FI,Subscription update,katja.jarvinen@ironmark-communications.example,txn_3SBWRqmPxsIhlmURA0p2AK3L,1757083847
ch_3BW7oWmi7XVyuY8MMohSQNJV,pi_3QY59FKAnLAXdKwINIHN2ytv,in_14HOeAl1kEigfJmclN9z6Hyq,cus_ZZ05VenrLShmHK,300000,300000,0,eur,succeeded,1,0,,,card,visa,5429,1,2027,ES,Subscription update,alejandro.romero@cedarcore-construction.example,txn_3R0IP4Nwwp605wG95Twt6nBu,1757178508
ch_3bWwIxEZ2xzGac5IttL2abO9,pi_3MPTZ8DQaM1bxDAV8ZIG4TI0,in_1D06UBodzPdBywd7QZWeQGRI,cus_OvWXsR4Ba4ihD0,100000,100000,0,eur,succeeded,1,0,,,card,visa,7956,3,2028,US,Subscription update,jessica.kelly@silvercore-foods.example,txn_3le0eH0epfpewFI6tEyFrCZx,1757187026
ch_3keGupBbl7jQhszwDRTzaKDD,pi_3HynK2c1gyoZf5ct0rNH1sci,in_108kzVDM0cMzLFluEohmMqxu,cus_46OpF2XwkGoQmw,300000,300000,0,eur,succeeded,1,0,,,card,visa,5703,8,2028,US,Subscription creation,kevin.johnson@balticwave-partners.example,txn_3zUnqwot1enFlx9Zwrse3K3p,1757254871
ch_3JbnXF1sER4cd75ABbyvE2z5,pi_3lJieQGNOqZmct7QwsMrUJjK,in_1pigMnt7GJcd3qVHb0z60wqf,cus_EOdUP6GbhXESXT,100000,0,0,eur,failed,0,0,expired_card,Your card has expired.,card,mastercard,4643,2,2025,DK,Subscription update,karin.nilsson@beaconport-networks.example,,1757257186
ch_3MfR8dZkzHah6DS7EtpMs6U4,pi_3Xmw0eSQ5uLpPqwIccBi2AIh,in_1eQp3XmC8cCjXOuIgSusthY8,cus_POaxGcwVJIpQHV,59900,59900,0,eur,succeeded,1,0,,,card,visa,0105,12,2027,NO,Subscription creation,ola.halvorsen@halvorsen-network-services.example,txn_3k62KQhpSwo0VZwgg7Makd8f,1757316213
ch_3axC8vc0tMaW7TS8JbGYLyMV,pi_3F4oetVMYRT6HL8nGDmfPzbz,in_1OQejsleM9RfxBGQRXpdhwY4,cus_Qt3SQZfbI2WyiN,100000,100000,0,eur,succeeded,1,0,,,card,mastercard,5231,4,2029,FI,Subscription creation,petri.niemi@greenpoint-networks.example,txn_3lC9S4EMaBWJxaIV0Iz05NR9,1757336481
ch_3fgKOeKe0ynHOx6eAzoP3Xkr,pi_3hhy3rbBd5qaff7JxeciYZ7I,in_1nN6QDerWPJNYbqHUnpgYoek,cus_TZ84gKUdIQPvmH,59900,59900,0,eur,succeeded,1,0,,,card,visa,4177,8,2028,BE,Subscription creation,sanne.deboer@summitcore-logistics.example,txn_3f7JfR4qoTMj0RzcgbQk7qv6,1757511025
ch_3esT3TSc4hPud6htpHg20O0T,pi_3Fp4izbgXDcZ9sgJ7GJKbEu7,in_1CkRBLJ6t83usr8ct1onwFBq,cus_N7sYtmRSe3bDlM,200000,200000,0,eur,succeeded,1,0,,,card,amex,2854,3,2029,US,Subscription creation,chris.thompson@summitpath-partners.example,txn_3YkwaL8ePZZBUAWck4kqYIbP,1757516425
ch_36J4Kas3lCG9du2nYvV3UXyg,pi_3ezZOblq1hqB6fRUemzugWsJ,in_1KJa7TQywKN5dhzY7TyVLGd2,cus_qFG2eM41pQgvny,59900,59900,0,eur,succeeded,1,0,,,card,mastercard,0249,3,2027,GB,Subscription update,mark.evans@nordiccore-hotels.example,txn_3HTMcsksaMzH9HPG8JoND13h,1757572807
ch_3bMBNl4zdU5A0IO8RnWgmskP,pi_3nJHsNqzjQ2lBDpkyGwO5pea,in_1BGKL9RadtPCT924GUDQ02o1,cus_spwkXuV140LbbE,100000,100000,0,eur,succeeded,1,0,,,card,mastercard,9205,10,2027,GB,Subscription creation,josh.scott@scott-wireless-consulting.example,txn_3MrrMAFr9Z6GsYheSb7SFoN9,1757589385
ch_3oEinPiAkfFGXxszg7aCxNoZ,pi_3azgrFW7MfaPtKtwJQXReJ4t,in_1A2PMa0atYODxPVO4ljMmRiv,cus_jrzNRLk4zePNww,100000,100000,0,eur,succeeded,1,0,,,card,visa,8670,9,2029,GB,Subscription update,priya.phillips@harborbridge-foods.example,txn_3OVqxLhfAWkNqamSu1QRquKI,1757606586
ch_3M5n0LyS7MXIMZOXvYX7AWsH,pi_3qKnFM0GMYSgmV8YJSE1BZTW,in_1SsyRsuqxv6Nd5tJd27YpgzJ,cus_AhaUbQcU27lPQa,200000,200000,0,eur,succeeded,1,0,,,card,visa,5452,12,2026,DE,Subscription creation,tobias.koch@apexpeak-foods.example,txn_3hIZMpPzBPSdBIVFHVEhqO3h,1757609548
ch_3Qo3C8ncEUfq6SPzmFnLmxLo,pi_335rL44pM46V4aCwv4E9dOZ4,in_1KXN9nZrqxDuWHkwQvRAFNau,cus_CZVCoHf9iIcVio,59900,59900,0,eur,succeeded,1,0,,,card,visa,6488,9,2026,US,Subscription creation,raj.evans@ironline-managed-services.example,txn_3RxPRpnMcTb4kJaAtQ5RNLJ4,1757688079
ch_3lPCnUdV3Uip2YgQkeim6kV4,pi_3lJieQGNOqZmct7QwsMrUJjK,in_1pigMnt7GJcd3qVHb0z60wqf,cus_EOdUP6GbhXESXT,100000,0,0,eur,failed,0,0,expired_card,Your card has expired.,card,mastercard,4643,2,2025,DK,Subscription update,karin.nilsson@beaconport-networks.example,,1757689846
ch_3ki32PRBskwsRSqDsTda85kj,pi_3Ert8KXFZir4t05mokydofpJ,in_1cpoamXrQ7SYDg9AANqKD5x3,cus_8C5Ka4k9rMY8LG,100000,100000,0,eur,succeeded,1,0,,,card,visa,2524,8,2027,CA,Subscription update,brian.brown@brightstream-rf-consulting.example,txn_3KNmRNufiHHlB8ka8WVfnGCz,1757706372
ch_3EMvyBQJjTa7ql0T1OBZFB1N,pi_3PNH8hYC6xhqP53CjBRJH3kF,in_15bjjc2f4VOFkVmWkOlqjLpM,cus_CFbceIL6bIgaU5,100000,0,0,eur,failed,0,0,expired_card,Your card has expired.,card,mastercard,2552,11,2024,GB,Subscription update,david.phillips@atlasstream-wireless-engineering.example,,1757850093
ch_3Mt6SvWkGgyQvapkArVZj2lt,pi_3zzTBk20RWCCLQK8inGFHPNb,in_1djLFAlV5X4bOCCbvVnSjTpR,cus_38n4k9vBeu42kK,59900,59900,0,eur,succeeded,1,0,,,card,amex,6513,4,2029,US,Subscription creation,rachel.nelson@signalwave-industries.example,txn_3N30NlPHJAWPGhZbKVoYQDLs,1757919965
ch_3AEhszpzEpdf2UqeWaKgumPZ,pi_3vjHsnTuVBHEF7UMPThuRgxE,in_15iWMRm1nDTZXHxlTk70nEIT,cus_k1ZJLokInYyWsP,59900,59900,0,eur,succeeded,1,0,,,card,visa,8741,12,2028,US,Subscription creation,robert.roberts@balticfield-logistics.example,txn_3wyVRiR0eZEJkMqbT1ao6Xxu,1757978077
ch_3FQofteRY22ISb4tyCu0E9Nm,pi_3GZHva8OuOU0vaz6xQqD1nnS,in_1KfAUWRp28vn5VYtLagpREdl,cus_sZvn4hVYCAZ436,100000,100000,0,eur,succeeded,1,0,,,card,visa,4601,8,2026,FR,Subscription update,guillaume.rousseau@polargate-rf-consulting.example,txn_3looMsCWTtEhfV9KHcvMpfnF,1757979287
ch_3kfM6cvN6gBzk8mqizuj0WEs,pi_3nhzL7OIMkClkAmJTSziSUyn,in_1hPUWxmIqmI8RJ3slcwCzKOc,cus_5O5hQS3V603zSr,100000,100000,0,eur,succeeded,1,0,,,card,visa,9958,5,2028,US,Subscription update,kevin.nelson@ironstream-properties.example,txn_3N5KeBUbGAi5pGz8xbPvKn77,1758040110
ch_3SyZOSyb8nTO6IYxIAvHte2C,pi_3VgnFIY1jOQ6Hm1BUP4WwJEi,in_1q0JxFpjQI192g57XVUvmfmp,cus_UckBeEG9Hm2D1B,500000,0,0,eur,failed,0,0,expired_card,Your card has expired.,card,mastercard,8962,6,2025,CH,Subscription update,tobias.wolf@beaconline-telecom.example,,1758043557
ch_3HzytEMx875mZbZDEOFxQJ8E,pi_3AfsOfilFmeO9eBL1fiZVFWt,in_1d0dGy3a6B1hlGhvByNNmUJY,cus_UqAkHI3iXNkjuI,100000,100000,0,eur,succeeded,1,0,,,card,visa,4852,2,2026,US,Subscription creation,rachel.thomas@crestbridge-wireless.example,txn_3bauJx9GfCvcaWoYkUMxhr9i,1758108080
ch_3A26sr5fgAh8ucP4xYhCfPzB,pi_3PNH8hYC6xhqP53CjBRJH3kF,in_15bjjc2f4VOFkVmWkOlqjLpM,cus_CFbceIL6bIgaU5,100000,100000,0,eur,succeeded,1,0,,,card,mastercard,0630,10,2027,GB,Subscription update,david.phillips@atlasstream-wireless-engineering.example,txn_3vuAJeYnWQmC7052QwD9j7rH,1758112953
ch_3q4sSQO4u27kcNymJLZOjrrm,pi_324CtakY04PP33SpcBwZ8UyZ,in_1wV21rHKgG2BZeKVIcod76d2,cus_weYdzPGowyZVc5,100000,100000,0,eur,succeeded,1,0,,,card,visa,5156,11,2025,DE,Subscription update,sabine.muller@pinefield-partners.example,txn_3MkHy6QzagcHG9ZX95fJMysx,1758114270
ch_3oscJH7oP0EeoAP01yDepJeY,pi_34uSe7cMzblR6lLtQ7lLwLOl,in_1YbPbw7GRxAtWCVl8cRfBVKk,cus_qg9kgueco8jsI1,59900,59900,0,eur,succeeded,1,0,,,card,mastercard,9876,11,2029,US,Subscription update,jessica.nguyen@westview-industries.example,txn_3nDJz67fiOlqOX4Pjz42Jw74,1758201861
ch_3GOMiObZnHnQKGvPAydyQt2g,pi_3Yh8i1BLAt9m44vPh1vhV5UI,in_123SU4UhWbOohGUjICMbDmr7,cus_TVFeG6yFCX1WBY,100000,100000,0,eur,succeeded,1,0,,,card,mastercard,1756,1,2027,GB,Subscription creation,michael.williams@novaline-rf-consulting.example,txn_3dAmR5TzGEOTh22I6S8Y5kmM,1758276172
ch_3xDRmiFOddyESLXWIXdZ2oaj,pi_3VgnFIY1jOQ6Hm1BUP4WwJEi,in_1q0JxFpjQI192g57XVUvmfmp,cus_UckBeEG9Hm2D1B,500000,500000,0,eur,succeeded,1,0,,,card,mastercard,2124,7,2027,CH,Subscription update,tobias.wolf@beaconline-telecom.example,txn_37kdPS9WDBOsiqcAtR7HM9GT,1758306117
ch_33JGaiynYwuppvWolpehYSCU,pi_3waDK2H2OoBAHdtNIPnRnmyP,in_1MmUE0bqEcL6ChEJyOIsud07,cus_UcdPVO5mJ4OKDs,300000,300000,0,eur,succeeded,1,0,,,card,mastercard,9464,5,2026,NL,Subscription creation,ruben.bakker@cedarworks-managed-services.example,txn_3jyD09cFQPkI1TVlE1obb14q,1758364888
ch_3s4FhBCQTb31K19HKhjxUGuS,pi_359rfVy60cUMyOfLUFY5BR2k,in_1LcAL7KMKQIruYenebtcgZSN,cus_O4CyU4IHN0jvtK,100000,100000,0,eur,succeeded,1,0,,,card,visa,2413,10,2027,CA,Subscription update,james.jones@novaline-it-solutions.example,txn_3EGpteDr2RZ7fEEio7BJfWAU,1758378233
ch_3E909aHN3bsrQXlWSGjB351w,pi_3kpIZOtZ4cQkyxUdRsKmZB4r,in_1ptB8xcNppCLpZWgtWLViC4w,cus_FBstZIZUnvWuTD,200000,200000,0,eur,succeeded,1,0,,,card,visa,3406,3,2027,SE,Subscription update,ingrid.strand@mailbox.example,txn_3sqrA1hHecTObLv32JXCbE3u,1758455350
ch_3luVp37nJ6rV5M5WrexBJfPT,pi_3e6Uo3fxQzOp91jgF9swRUG5,in_1ucakmtzg1UZpPjqFLZlTkOl,cus_HQMgjEQQHUTDKq,59900,59900,0,eur,succeeded,1,0,,,card,visa,1009,1,2027,NL,Subscription update,sanne.mulder@silvermark-warehousing.example,txn_3NMF3w97H6GP4hsQ9b0wU494,1758517490
ch_3wk2z7Un1cZGv0tF8x9bmv50,pi_34N41nI7DAFnDEWa1VcDQYtA,in_1GVQzaeXrClboCiiYKTL6KOo,cus_x6YNaRDIOQeRPZ,59900,59900,0,eur,succeeded,1,0,,,card,mastercard,0813,7,2027,CA,Subscription update,jason.white@balticview-logistics.example,txn_3730DQQEUudpft0lJc31jxuB,1758542884
ch_3oVonEkThvxEQrzAEEUl9C7N,pi_3cCLOd6n5kfoCAIfU9Fe7wxV,in_1Wg9I1YzaBNKHMUJzbcPVqbB,cus_5qG4TymqioTp8B,200000,200000,0,eur,succeeded,1,0,,,card,amex,0812,1,2028,US,Subscription update,steve.kim@orbitmark-hotels.example,txn_3ccHkFowdN3XxRKSLeWlGkcy,1758551705
py_3Q7r16YkrNyb4WGF1WobnrdA,pi_3pdFd3db0iUvT1wT1vIXOuCL,in_1otPzp8mSbflKozKpqbrTn0i,cus_1ow3W9fBi6R9Ke,300000,300000,0,eur,succeeded,1,0,,,bank_transfer,,,,,,Subscription creation,jonas.strand@northpath-wireless-engineering.example,txn_3MtR5iJcwwk8RmxDR7LlKif2,1758562363
ch_3uJ7PqvqpUqlPgbLlXri8Qtb,pi_3tyvMpyY9w34MqUbKbonRwso,in_189zXpLijgM9evKwNrBEimiv,cus_GngUkuaIKppcs7,100000,100000,0,eur,succeeded,1,0,,,card,visa,0019,2,2028,US,Subscription update,jessica.nguyen@ironfield-logistics.example,txn_3Dlhsz2ofSkTHl2Q58C5hYLo,1758631343
ch_3oqgw0d2rfectqFQJQ1rPJ31,pi_35eFWIvhEeqhUXCfsQCnwXmb,in_1s9f32YWf4ucXtPgNrTXdIbe,cus_RNDimkElhz51ii,200000,200000,0,eur,succeeded,1,0,,,sepa_debit,,,,,,Subscription creation,rasmus.nilsson@signalcore-networks.example,txn_3AqmgOYLCoTui4wNsuM8Yn14,1758638944
ch_3V6fsZl8GqwSRm7TK9EsYmBT,pi_3tLfKEv3i4EC2r5nkjmxyDYL,in_1S0GyMp5g9F3NvPS6nrDR5Ln,cus_5yFXGJOt9YAAhe,400000,0,0,eur,failed,0,0,expired_card,Your card has expired.,card,visa,7898,2,2025,BE,Subscription update,femke.bos@pineline-wireless.example,,1758718018
ch_3GREzBCJmdq7Bt1XPNvAPf3t,pi_3ibIJi49RLhGDzfO7duVOeHJ,in_16Za4uHzSFYpRzwriHv3hi1z,cus_GmZAanfQzp2Uk0,100000,100000,0,eur,succeeded,1,0,,,card,visa,3077,11,2027,FI,Subscription update,riikka.lahtinen@alpinebridge-wireless.example,txn_3bRyi7v0Alb4S1sSMtIWnw0S,1758725275
ch_3kNDw0Pw01KgI7aVQtgD9PHp,pi_35IWQSB8RpBj8NXsgWDsbwPR,in_1adD4hRdxQoVjKFKKooUWzow,cus_1MzewanP8ltXZ5,200000,200000,0,eur,succeeded,1,0,,,card,mastercard,0906,4,2028,SE,Subscription creation,nils.holm@stonecore-telecom.example,txn_3esxJJWqQ56rqEkFHNWjLIsC,1758730140
ch_3VFBLdk884thfOlV76suIyjO,pi_3zmnaYc1dxDkPFfkFUuzMGSS,in_17mexBampbTMwhGAbks57oYu,cus_IDnH5hxy8QhYFt,100000,100000,0,eur,succeeded,1,0,,,card,mastercard,0001,5,2026,FI,Subscription update,petri.nieminen@signalline-telecom.example,txn_3SPFARkf8bnKwRbNZG9WxCSn,1758798603
ch_3nnp3yX9KIIRcYBwtgWzurR8,pi_3wKXSPN6cyN9o01YrrTuidx0,in_1Mz4HdVHy53nxgBAWLhfXzCV,cus_HdW737oT6OoDii,200000,200000,0,eur,succeeded,1,0,,,card,amex,9066,9,2028,US,Subscription creation,rachel.murphy@murphy-wireless-consulting.example,txn_3vHHhsVya1UjUrErrv37ddia,1758800953
ch_3o4TiCKT8zpLlH5j8f4YE3N6,pi_3OhR09yoqc51rdRbKbLe1lq8,in_1mCgS9RO4vKNRunPlLj67JHL,cus_zGb999oW93oDkb,100000,100000,0,eur,succeeded,1,0,,,card,mastercard,9800,7,2027,AU,Subscription update,david.nguyen@vertexbridge-wireless.example,txn_3doaFM0ktbSQZxufWMQ2aOVS,1758802838
ch_3xVrfX9x5yquiTOjg06bY1e3,pi_3Ml39hG17X4IO9PmoNbnJ7SK,in_10r0nfshp7TE27vga5zTvGKy,cus_G0WiKgYuzzKmTK,100000,100000,0,eur,succeeded,1,0,,,card,visa,4903,1,2027,SE,Subscription update,mats.jensen@crestpeak-schools.example,txn_3C0Ixxazf8vEmKUx4NjPwGF2,1758810780
ch_34Yt6gfO6hkwPtEsbRbndGjJ,pi_3AbTWLijnsD1nLRompYd6PH6,in_176BwajgcGFTn8jxoNJWrNlI,cus_kg2Wee3hMTo6vi,100000,100000,0,eur,succeeded,1,0,,,card,mastercard,9043,8,2028,FI,Subscription update,laura.salonen@inbox.example,txn_3NjSMCBHvOml0k8NNP93PSq5,1758818345
ch_3Jaa6OIvqxThuzyOUCF3NGtx,pi_3OnHP6ygt3gCv1EzsUCpDuyg,in_1NSy7KuhUyUbZ4xvstrwOHMJ,cus_sdHiitvqfCvLpx,100000,100000,0,eur,succeeded,1,0,,,card,mastercard,5889,6,2027,SE,Subscription update,rasmus.olsen@olsen-network-services.example,txn_3m4aOjKpBF6txzSElHGiUh8i,1758860087
ch_3abNUaf9JN0a1CA4qlT3pF5o,pi_3NpXayUQEUp9iujRdQtehICb,in_1OdzSrjmMY03XlAFVlzw19RR,cus_NTZXAZ8HA1TdnZ,100000,100000,0,eur,succeeded,1,0,,,card,mastercard,5656,7,2026,DK,Subscription update,mikkel.johansson@harborlink-warehousing.example,txn_3dyneKElhEcMftFAPpZMjjQR,1758878032
ch_3x8iiUrn50LZPLRkOQDCwNMn,pi_3jjNBSOoBYIAYHwJJol32vIv,in_19ehIWHUswhf8xusDxqOgLYl,cus_vqRTnqgn0HoP29,59900,59900,0,eur,succeeded,1,0,,,card,mastercard,2068,11,2028,FI,Subscription creation,tuomas.salminen@polarpeak-rf-consulting.example,txn_3w31vNRSgYrMEbhgxXHJzVTW,1758899917
ch_3LtmKhPlSO25aiNDQm6mL7bz,pi_3YnaISS0Z7jAyjlCeCxHEYQK,in_1a8vmmF9VAPfkAHVoBpxjk2L,cus_zazqovR3BuDQvf,59900,59900,0,eur,succeeded,1,0,,,card,visa,7966,7,2029,FR,Subscription creation,maxime.moreau@mailbox.example,txn_3uVcFew5h3bT3y9cPaqcUUDJ,1758959033
py_3m0Lw3NlpILVZZeKXyUzunXS,pi_3P6hCOCGpF8XHOqqCeXtNfw2,in_1xTa2F9exKCJjhKYxL35atlA,cus_kA9hW5rLA0WRvi,200000,200000,0,eur,succeeded,1,0,,,bank_transfer,,,,,,Subscription update,elena.vega@balticbridge-properties.example,txn_3aUkgwg6YKpYMC3wjvTtFZwl,1758974175
ch_3cvgtGPSu1B0A10eC6mPlGp0,pi_3wod4lbhwfkiqa6haJ2rhDPY,in_1gbhdHWcLwfimjo8MWkYDk4U,cus_ovhjjDNPVmX6uA,100000,100000,0,eur,succeeded,1,0,,,card,visa,0679,9,2027,DE,Subscription update,dirk.braun@ironview-schools.example,txn_3flQBONijxvLxSMohKHnR6oy,1758980520
ch_35MbBiks44HtZ6fHQd1Ea3va,pi_3tLfKEv3i4EC2r5nkjmxyDYL,in_1S0GyMp5g9F3NvPS6nrDR5Ln,cus_5yFXGJOt9YAAhe,400000,0,0,eur,failed,0,0,expired_card,Your card has expired.,card,visa,7898,2,2025,BE,Subscription update,femke.bos@pineline-wireless.example,,1758982078
ch_3jdlJJn5cYLxhMZLJZ7p0OMS,pi_3H73QCCZScO9LqJvcwAsgMmA,in_1RobTqy0Ja7G64nohmSpfvpn,cus_wjjlbSFGmi5qCA,59900,59900,0,eur,succeeded,1,0,,,card,visa,8080,4,2029,US,Subscription update,steve.young@mailbox.example,txn_3Cm5BIi8TiHSSpFoc37IVM5h,1759064197
ch_3GtW1t9UC20naJYYWs69TkNG,pi_3hFRp3solEeVuPilD3O4roaf,in_1DytyBCZOIKQ66Mt1midn2mA,cus_v4KMKb2DXqJvfl,200000,200000,0,eur,succeeded,1,0,,,card,visa,0716,10,2029,DE,Subscription creation,florian.wagner@mapleline-foods.example,txn_3KN1HyyfE1DLhaG6frNPVtMg,1759172956
ch_30Zv6lOmMEp8m30SkHfFgBQm,pi_3hRmYRfSlWrt4QOScfK9vRhu,in_1VR07nLQuBaWi2nLsXCQOvlM,cus_EC261Ah0tvwl4s,100000,100000,0,eur,succeeded,1,0,,,card,visa,5183,6,2027,US,Subscription creation,emily.lewis@lewis-wireless-consulting.example,txn_3ay73JpBhjdK0ZGVzrq0EUjD,1759221730
ch_3lT1PSdTc6BqXaVxXH9uMbg7,pi_3KQL2XcMTm49uGerj99yCvSd,in_1CjQGFrGQbtgE96R7C5gkVLi,cus_b1OiECQNe9Sf5i,300000,300000,0,eur,succeeded,1,0,,,card,visa,0513,10,2027,SE,Subscription update,magnus.jensen@harborwave-clinics.example,txn_32nnb4zTRrJR86fJOXW3Pcz0,1759223816
ch_3MDfSdD0cFlBZb6n5JAU0sYy,pi_3N2gjUs7W1SWjAgALRXTh944,in_1eIoT2ABTUtgvB6kZEAJKr75,cus_oD0Oo1Q9j5XFeZ,100000,100000,0,eur,succeeded,1,0,,,sepa_debit,,,,,,Subscription creation,kristian.hansen@silvergate-networks.example,txn_3GhqtAQ5cjkj0s2iHf4alGTG,1759296939
ch_3VBw2gb2KpE0MxhHnW4Rfta9,pi_3NqalyOgYCGDoDDjLrZRAbvt,in_1TwJGBFaBluKIcXzizGp2Yqb,cus_rPKFbyczvwz9hg,100000,100000,0,eur,succeeded,1,0,,,card,mastercard,7214,10,2026,DK,Subscription creation,emma.karlsson@summitworks-retail-group.example,txn_317SwRIGk9w8ir5gEME3pqHs,1759335581
ch_3qQTwk1az4hJS4mKGayjrova,pi_3K7OG9cxzBc76NKDWba99MdI,in_1hpe4NnqRkXosaqbDH9OKCVX,cus_DOO6TpXU3zfdgu,100000,100000,0,eur,succeeded,1,0,,,card,mastercard,0696,6,2026,AT,Subscription creation,michael.hartmann@nordicstream-wi-fi-solutions.example,txn_3yACE0YAEC5YLTBJrBjMGF3v,1759336393
ch_3mfVf54oLQ3pS8MzI8KtAKLx,pi_3fMuf3YIgq9e7MIMrky3fnKS,in_1aEJ7oLnHmWAgrUELoIKdyZS,cus_rsCJY5VkS03Bzz,59900,59900,0,eur,succeeded,1,0,,,card,visa,1476,11,2029,SE,Subscription creation,rasmus.nygaard@orbitpath-foods.example,txn_3i1nyx0KspvNWCydluuLtwFY,1759381141
ch_3bazlaSKlqsJrgsD4W0HjM6e,pi_3tLfKEv3i4EC2r5nkjmxyDYL,in_1S0GyMp5g9F3NvPS6nrDR5Ln,cus_5yFXGJOt9YAAhe,400000,0,0,eur,failed,0,0,expired_card,Your card has expired.,card,visa,7898,2,2025,BE,Subscription update,femke.bos@pineline-wireless.example,,1759410238
ch_3Qj1Xu0BrZ6PAkTS9mPMcFbk,pi_3S4BTd4hSJX2dS7PcmU3vt3V,in_1bTJVfCMaKzyCHvsqldQXLaF,cus_zdxkjqamoKeOw2,100000,100000,0,eur,succeeded,1,0,,,card,mastercard,3302,11,2026,US,Subscription creation,chris.harris@summitport-construction.example,txn_3tc9xBafPuGvFJTEWXLykPyd,1759441496
ch_3qHZIYN3pN3PQpV5dFinMf88,pi_3wIjes9soqN3o1PSzvIL7Z8O,in_1SrbAvM9Xq0set3mnVMv7bA8,cus_Y9RWJFwfqcQRdh,59900,59900,0,eur,succeeded,1,0,,,card,visa,1664,11,2029,CA,Subscription creation,emily.phillips@deltalink-telecom.example,txn_3jygmiJvY8OupYIjk5FDWXsE,1759584511
ch_34oH8wXiv7nbqHGZZJ6PtL9k,pi_30vHoxkNFisXVtaAkzLgxVIf,in_12Xzloys8t0qzjr6HNhwsuHH,cus_FYtCTWrDCWGELZ,200000,200000,0,eur,succeeded,1,0,,,card,mastercard,3978,11,2026,NO,Subscription update,karin.strand@strand-wireless-consulting.example,txn_3n4FqOsLxpcWEPNnd8HBFkXT,1759754921
py_3WI7dahiPWfcxJJvW3C1Wcbj,pi_3ceO5YyVmDC3TwPQJW4h0r8f,in_1Dovx1Ofhh1rMb37miOwpDia,cus_ai4J50mLNdrUMS,500000,500000,0,eur,succeeded,1,0,,,bank_transfer,,,,,,Subscription update,josh.hall@maplelink-wireless-engineering.example,txn_3SlvyLRCYsXvMD5yHAUiKOih,1759777328
ch_31cEnysNXCaVqR7rHufdRxWT,pi_3Z5lTtHCITgMzJLXGNwHy9sB,in_13VcBVzB9Td4e5JRwOS9BJtb,cus_HvrVbvpB92dW8S,100000,100000,0,eur,succeeded,1,0,,,card,visa,2888,7,2029,ES,Subscription creation,sergio.vega@graniteworks-it-solutions.example,txn_3OZmXbBlEr1rWUxqj13XlD4u,1759807648
ch_3LE6x0PR4QBZiBcEBlPTASoo,pi_3XZbzIXQE19llGtNQ4U80E8F,in_1hnmeB8wnMZH27cNrhRg93q6,cus_GtYAHDy4JvrhS3,100000,100000,0,eur,succeeded,1,0,,,card,visa,3233,5,2027,NO,Subscription creation,ingrid.madsen@madsen-network-services.example,txn_35dqrnDiauR0HmVCi3qwYMNY,1759845837
ch_3504Yp79E9cJedwh0cQUnS2D,pi_3uqY5hIdXeQ8KcWYvKDa5a4K,in_1doWvPZ5jjEnyYFuOOULvQoF,cus_XMffBcTVphANgO,100000,100000,0,eur,succeeded,1,0,,,card,visa,4288,9,2026,DK,Subscription creation,magnus.eriksson@bluemark-foods.example,txn_36EcOPjeCzwNKJ7WqODXYjxU,1759934515
ch_3GdaXMeL65dW1MX7NeOCrdwP,pi_39lgkHKXYF767takmTzVFEhU,in_1t84Ag8SVXFhcTL8tpwJ8SEl,cus_b0zojIIiV5P3sg,500000,500000,0,eur,succeeded,1,0,,,card,visa,2551,1,2028,IT,Subscription creation,simone.gallo@beaconfield-systems-integration.example,txn_3EsMhHEm9HZafhQ5fIazhRMZ,1759935912
ch_3yro99wtQ9zDpdPHHL7jIiUi,pi_3nDkH1DoUZDn5cu0VbHn5TPI,in_19jdr2QC9rff9nMcBMvS7tuQ,cus_jniRjpAQXuxYSu,300000,300000,0,eur,succeeded,1,0,,,card,mastercard,4795,8,2026,US,Subscription update,amanda.moore@northpoint-communications.example,txn_3z3g4DkIHoRnkfCPFAfd7rBV,1760001300
ch_3WVa0k6eErls2FYkWmeqoaPk,pi_38odzVoppwYNqcyLFDhRqgQ2,in_1BcAtBerhTYnNV6vAIc4nCuP,cus_PSXS4GEeb6Kqlb,200000,200000,0,eur,succeeded,1,0,,,card,mastercard,4987,2,2027,NO,Subscription update,rasmus.dahl@deltaport-it-solutions.example,txn_3YhRTDftr1Z669hSpgeOdGY4,1760010599
ch_3ReMLT4aXReUgg1agdkJgLSy,pi_3OVQMyMtV9kgm26K2hIyn70a,in_1urzKbcNZcl6jUB2M6aoPZ2F,cus_llXitrjlBvCz3o,300000,300000,0,eur,succeeded,1,0,,,card,visa,1222,7,2028,FI,Subscription update,juho.salonen@pinemark-media.example,txn_3NdGS3CrtBex6n3pI5j6WSFn,1760014866
py_3iALbmN33SEG3XgY6CpTesAJ,pi_3lxUP478agalKMqzbFfQ8JVR,in_1mn3plMbsqIJSpU0H7AXEYNK,cus_YFBlBSebaPRv9j,500000,500000,0,eur,succeeded,1,0,,,bank_transfer,,,,,,Subscription creation,anna.saarinen@ironbridge-systems-integration.example,txn_3UmcqKAl9CtmjtUAeFFdViQq,1760061225
ch_3snpLXbj7xknOdnXz9Mqvhu2,pi_3T756duekVl7ProDgX4BZ3tf,in_1XDjvZaI5N5aLJAuwJgIeDqP,cus_OvR7w9U95yapcq,59900,59900,0,eur,succeeded,1,0,,,card,visa,3656,2,2028,US,Subscription creation,carlos.patel@beaconlink-properties.example,txn_3SEBLNtZNamHc3lxNQz4RzZR,1760089328
py_3m01LXYKUzadiP5mvoEKOHGv,pi_3ffmfTESOxSH6TxpfxnjtcqN,in_14n2WMcONN5V3STTm5U9HZni,cus_a6BKxYAAfcl5Y5,200000,200000,0,eur,succeeded,1,0,,,bank_transfer,,,,,,Subscription update,lena.koch@alpinemark-systems-integration.example,txn_3FMaAcAOKLV6jRUZ6lhsKuPt,1760099191
ch_3tjb6OV9DUGRMcDZKSaFkQaj,pi_343csEoMUVVcUmeXDZh54l8D,in_1jogH2VS5vKWwhBEgnksTMaS,cus_WNrd314jaw9GWd,100000,100000,0,eur,succeeded,1,0,,,card,visa,4252,11,2028,AU,Subscription update,john.jones@atlaspath-rf-consulting.example,txn_3SdCYoWEfjrcb9euqhvhzZob,1760113310
ch_3e2TSlH7NVh2TmjXEo2ELHII,pi_3k2dbdP6hEMmTbHsr2XvldHz,in_1qVluhYr7tCxjywEK3PSaCSK,cus_o6QozAOOhOxDj3,59900,59900,0,eur,succeeded,1,0,,,card,mastercard,5777,6,2026,DE,Subscription update,jan.schneider@lumenport-wireless.example,txn_3JaiAvFPgnABEx6yNDoqcOoQ,1760153826
ch_3tXs2SHyntWuGT6lfV4s6Zom,pi_3efWeB1W5rhiWey2mxhoQXcJ,in_1eX09TXkE5oqOanm85GnbXWa,cus_8VHJfN1x0NXnZ4,400000,400000,0,eur,succeeded,1,0,,,card,mastercard,9730,10,2026,CA,Subscription update,sarah.nelson@harborpeak-wireless-engineering.example,txn_3M0eu3NOlrqSNfhFvfrwLiCx,1760335885
ch_3t5410IA2Z0MxLhzWuTSRr3f,pi_3j7al38qJ9DSeEq4nfP5iiQW,in_1LUNn0oNLF4js5GgZcQm9vCG,cus_UxzhwcAwV1L07z,300000,300000,0,eur,succeeded,1,0,,,card,mastercard,3464,9,2026,US,Subscription creation,robert.jones@pineline-systems-integration.example,txn_3X5KBC6kiInoo6miAPxmK41o,1760344798
ch_3dwZjL0TER4XfMZa6GB8IhCJ,pi_321WW8lNvGq01ISWL52PaeAZ,in_1DTViNxVmgYf98aYfJfHCnre,cus_HNJjz56reORsJP,100000,100000,0,eur,succeeded,1,0,,,card,visa,9588,10,2027,GB,Subscription creation,matt.moore@cedarbridge-schools.example,txn_39TcKN6SDMoSD679a7UsrsRw,1760358991
ch_32EfkEnWuVnCo7xa0HFEUUUV,pi_3iMnz6u65vbK1xsbWi7UccD3,in_1DEpMDTPXst2cLrkr8VXmHuH,cus_HGcILVlsnPHgkB,59900,59900,0,eur,succeeded,1,0,,,card,visa,8206,1,2028,US,Subscription creation,priya.jackson@crestfield-logistics.example,txn_3biFbELCzjnA5Kh2AxzAsnJQ,1760368144
ch_3lOHcau6mZ82BzEmCnwGS5gQ,pi_3Cg9goP0WapmDWBwDuj02WA2,in_1U3gOPvPYL9iN449RIWspxdr,cus_25DU0stFkNIgcL,59900,59900,0,eur,succeeded,1,0,,,card,visa,1420,5,2027,US,Subscription update,sarah.phillips@atlasline-warehousing.example,txn_3GEGY3TSCbB8Hk8fcQUmJrfO,1760452675
ch_3irWF2kfi4CbZYl9g7LdEdVf,pi_3NB7SJLP2LfRIpdQkH9SullP,in_1xhwF5z7QRadCVm60I0Rh3gb,cus_i7VEGa9P4PZRrV,119800,119800,0,eur,succeeded,1,0,,,card,mastercard,2554,6,2027,GB,Subscription creation,megan.phillips@balticmark-logistics.example,txn_3rBPHTegS0rjWKKfSrBXpWRZ,1760466163
ch_31nXqq6as8pKaSFylwjkCa9Q,pi_3y4wK5lTqd6qycttpialH37t,in_1BZcVV4tMlNbNcEuE3ownFff,cus_HrrV9tyM00QiWy,59900,59900,0,eur,succeeded,1,0,,,card,mastercard,7346,4,2026,NZ,Subscription creation,james.mitchell@aurorawave-rf-consulting.example,txn_37FcCTMNckuXtoIFA7eA3Tk2,1760536356
ch_327ex3HJ1QjsiSYE4uCd1NDh,pi_3lJ51mA5AHS6j9OVLPnwbQdB,in_1xIMFhGKVgcsjEBngrRSHD3y,cus_jbK69URdwAlCZu,59900,59900,0,eur,succeeded,1,0,,,card,visa,8157,11,2029,US,Subscription creation,chris.lewis@lumenmark-rf-consulting.example,txn_3GdkQbAz8rBdeYPqrXGEbzQJ,1760539086
ch_3czL4DaviwhVuZB6wNH9oNNY,pi_3fKoMhmfaA9urAvEAq1zKqHl,in_1lsydAZwMVSOiWd9KiG2GwEu,cus_flyrA56c8CN5RL,119800,119800,0,eur,succeeded,1,0,,,card,mastercard,1189,7,2029,US,Subscription update,ryan.miller@deltaport-logistics.example,txn_3QcsMtkwD7N0UOWkmGYYBoRG,1760580053
ch_335fn4GCEtN2MehIG6bSikQ7,pi_3DEe8Xc28gwgMrR5u4jEfKIw,in_1xU3Ljq7Y9ctukpruyRatdZ5,cus_ZHT0VnLtfYlam5,100000,100000,0,eur,succeeded,1,0,,,card,mastercard,9179,10,2025,US,Subscription update,sarah.moore@clearworks-wi-fi-solutions.example,txn_3Usf4yDInlY2XEeGGGz6vQui,1760687569
ch_3IyLth2mL00rvPIDXJrrc9r8,pi_3kMrDOcSztP1Bc9DyFiegWJ3,in_1yjgVIdWxHhrrZOGGLCnCvME,cus_upKa9Nouk0jBV1,59900,59900,0,eur,succeeded,1,0,,,card,visa,3506,5,2027,NO,Subscription creation,anders.dahl@auroraport-wi-fi-solutions.example,txn_3GR76e72QSUF0h3EgohntZs7,1760711849
ch_3pbSDjBtHNp6YtH4jGQqbhUv,pi_38kE21WdRpu4tEAsiy3jiO7N,in_1faJ435a9xmBC0jSGt7VIhuR,cus_PABSMnBrP1y81X,300000,300000,0,eur,succeeded,1,0,,,card,visa,3610,6,2027,NL,Subscription update,niels.peeters@pinemark-telecom.example,txn_3hhi6c9I0dJRB70NNdttG7Bz,1760713802
ch_3Ba3IZf6e0fngLFNwIfFCv0N,pi_3MsaU5lBJxmnfd1yKeHHt7Cb,in_1oXTlqMBTQXwqPPD0o001N1w,cus_CkWVOPwIIR9G7v,59900,59900,0,eur,succeeded,1,0,,,card,amex,5062,6,2027,GB,Subscription creation,megan.brown@polarpeak-clinics.example,txn_38Z8K93Z2qFiZG0TwsGfCCb7,1760718837
ch_3LzvStg698AdQ34H7kmMmET5,pi_3bGQToecKCa3zprQxLBTuw05,in_1L1JJ9MciQ3FkVWgiE3oLOfr,cus_gaASxEK9aSi6fb,300000,300000,0,eur,succeeded,1,0,,,card,visa,2523,11,2026,FR,Subscription update,claire.lambert@atlaslink-networks.example,txn_3Fye509eFdCf6cNwteOke9CY,1760892458
ch_3Cn9qZqJKHxORsanoGcy3Zj9,pi_3JTf1RKOkmQ5saqmOCaVlTqL,in_14EgeN7cZDNkjKJkTcMWHET4,cus_yUkzuiexxjxRXf,59900,59900,0,eur,succeeded,1,0,,,card,visa,5282,2,2026,GB,Subscription creation,robert.evans@orbitworks-rf-consulting.example,txn_3uEa2FH0Uk1XipKGoZfRokwp,1760966930
ch_3XydqoKMWtAFtx6BcdRzHa1o,pi_3vBd2s50Ah8XCa2RaxyQliqq,in_1tZAFCxJZ1cwRYsCWk3D9wa1,cus_QpKLiCd9nrPBIR,100000,100000,0,eur,succeeded,1,0,,,card,visa,2296,5,2028,BE,Subscription creation,lotte.visser@visser-wireless-consulting.example,txn_3PNN2TjV4dOCVvkADR3waCxB,1760971836
ch_3BmOHTHKMc9ZiF8QGBQRUZ7I,pi_3dEnjrYVYmsBHmHTiF4iPLdY,in_1jpjEDrjleXU1JUMGsvcgojX,cus_Oy3mXGr7bRpq7K,100000,100000,0,eur,succeeded,1,0,,,card,visa,3691,10,2027,ES,Subscription creation,pablo.romero@alpineworks-wireless.example,txn_3BDEeSplr1qZH1WkySGbtsce,1760980869
ch_3xodNxManVx7k5roVPZEKEBM,pi_3GnIxJ6o7D9VCj1mbed93wfp,in_14nfL94D2jQLuUiqjOO4TsJ1,cus_3nAkIlYHpKbfDj,100000,100000,0,eur,succeeded,1,0,,,card,visa,1680,2,2028,FR,Subscription creation,romain.girard@pineline-warehousing.example,txn_3PZOCTVrDm3BTyDMRhXD1xH1,1761029824
ch_38d1IHlIAFl8LAKRLoDq3Dd4,pi_3BPONCUufFJGVBpFMDe6Amil,in_1zhG2M8kkONIx5QovuufJODY,cus_N4HkZT9CDsHx7m,59900,59900,0,eur,succeeded,1,0,,,card,visa,9346,11,2028,GB,Subscription update,carlos.nguyen@clearlink-industries.example,txn_3fTBHuIi8HMYQUhBuDIRrByZ,1761057626
ch_3kND9QQP9oKRHgqFqQMFOoEd,pi_37QMlywWpOdmxIkxcgcMl7dR,in_1TweS79KVc5ENNbhOrmuHfy9,cus_55LlfLDwSFUwGh,100000,100000,0,eur,succeeded,1,0,,,card,visa,7702,6,2026,DE,Subscription update,katharina.richter@richter-wireless-consulting.example,txn_3lNLUGkhDdFhhSIIMfmqSJlc,1761115778
py_3SOzqMTNyxp9QFjT9XPdERTr,pi_3PJHaAC7xkLMUFdODENEDScl,in_115xwUKVzOGPL5unvioYV7qQ,cus_ToeQpp7vK7SyEx,16500000,16500000,0,eur,succeeded,1,0,,,bank_transfer,,,,,,Subscription update,accounts.payable@st-alder-regional-health-system.example,txn_3s5S8yKrvJSbMwkQLXC1Sz0D,1761144655
ch_3DgL14DRSzn2hPdpbfh8XNpP,pi_3GKonS1vroB5C8nZ0jJAkKZT,in_1UFFCoCtYoJbDUtQmL1YiPp0,cus_xcz59pf7bU4ttX,100000,100000,0,eur,succeeded,1,0,,,card,visa,4674,12,2029,NZ,Subscription creation,priya.anderson@balticpoint-rf-consulting.example,txn_3RxMzgRUuA4ij4CvoylMQ2La,1761155243
ch_3TdWJ8gVk8cr0azUbd3UPNvT,pi_3NhUYRX9B6eVFfowdakVNGRX,in_18TDofEMRkpnQ9Bj2iGLQhd2,cus_Km4WG9TsONQntD,179700,179700,0,eur,succeeded,1,0,,,card,visa,5220,6,2027,CA,Subscription update,amanda.davis@apexpeak-retail-group.example,txn_3HHB6nQjrS1uawe2Pbr7FYSk,1761176299
ch_3fKskf4EIPfXXjjQ3wHwzEPi,pi_3XRP4XOLLDfUGHwkaJ27hCrC,in_1abGHDXEpXlBKHUl23yh7ahP,cus_F1XOmstGPaNZej,100000,100000,0,eur,succeeded,1,0,,,card,mastercard,9911,11,2027,SE,Subscription update,karin.hansen@summitpath-communications.example,txn_38owUQdMbXFNXHZSS7EEXZhm,1761291514
ch_3SbUeROeV3ilAKijJ07IGken,pi_3gq9Sr66tVH4HM0Nj33rvQjy,in_1IAJRR9XiV3qinvLR3gvFaZE,cus_GfaiTR50AlUfr9,59900,59900,0,eur,succeeded,1,0,,,card,mastercard,6501,2,2026,DE,Subscription update,sven.klein@signallink-construction.example,txn_35qnZ6INnfcY2o8qwfKRwrnh,1761330311
ch_3Qmhl3CR8KLXlokfLGIT2M50,pi_3U0RxMvUEO0C97OkCgcyRut6,in_1POgvLZfNLQKcej1HsXE9rbx,cus_I6qan86bCV7qjj,200000,200000,0,eur,succeeded,1,0,,,card,visa,5343,12,2025,CA,Subscription update,daniel.carter@mapleworks-rf-consulting.example,txn_3PPGUEs0ezR5DxFhNHRhUk6p,1761394132
py_324bYKm9h8B6SoUmtquWkpYP,pi_3C2nESs08sXXILUEf2FaVwM2,in_1v0L5hbIDNBH5riCRjJAgLbD,cus_DH1TpKMRfy6NMT,200000,200000,0,eur,succeeded,1,0,,,bank_transfer,,,,,,Subscription update,tom.martin@cedarpoint-technology-group.example,txn_3e0EgRQi6kfHoMgBnlEapdVB,1761397590
ch_3mYDky63P83tY8yybvxAUn2g,pi_3oq3SbhSGMMjOrNLrKVLAyNv,in_1dn8kvCrI4MBw5j22U3qpkj6,cus_HLtDflhXBuCGwV,200000,200000,0,eur,succeeded,1,0,,,card,mastercard,9273,1,2027,DE,Subscription update,sabine.schneider@nordicwave-wi-fi-solutions.example,txn_3mvtdhi1etLYC1slvv9zSgiP,1761398798
ch_3c7R6zQFjZCKCpiJGpYt03vB,pi_3nMOqQK1jIHhXCAoKudKygQn,in_18eYzywJNQcumhmQNSBxP0Hq,cus_k6ShKNBv72ReYI,100000,100000,0,eur,succeeded,1,0,,,card,amex,9892,8,2027,US,Subscription update,john.anderson@mailbox.example,txn_3ILZHcm1lu3cShBpbETRqBtL,1761464676
ch_3q6M6nT77yrRyoEirMSXQedV,pi_3usJXH6RRZPGuDk26N6QM016,in_1Qb9bZw2ODONtsmYGGO89zjK,cus_8xPvLnO3QLU1aP,100000,100000,0,eur,succeeded,1,0,,,card,visa,5135,7,2028,DE,Subscription creation,katharina.meyer@greenview-wireless.example,txn_3RnojmvQhlqkYMkCKqgKaztx,1761635546
ch_335bSPrFf3APx5mlZsHkU2DJ,pi_38s7qs2b6whO6O7gd1qGmb0L,in_1hH5GyFaQi5HveCLHgDKUzal,cus_t0qJbeaRWtp85F,200000,200000,0,eur,succeeded,1,0,,,card,visa,6006,8,2026,US,Subscription update,raj.anderson@alpinebridge-managed-services.example,txn_3TvEAx3szFIyvS0QwlzWoeVu,1761648130
py_3xg96ixGKBkJI1YZmXGPrHOg,pi_3ozQ2eUjAWvGjhXLM0notecH,in_1VLjQt7CtBY7a1HH7YGrssy0,cus_lPM6PHY7Dbx68M,200000,200000,0,eur,succeeded,1,0,,,bank_transfer,,,,,,Subscription creation,laura.clark@greenlink-industries.example,txn_302tJVaBMWAd66xqL2P6x28u,1761666199
ch_3SSlzBZAvvtwtp6vKHmw8nsz,pi_3GTyiL4psBMrAwqXoszOgwZt,in_10SMkUrUIGUxO6CW2NzHSN6p,cus_6cSc9erLez0jVj,100000,100000,0,eur,succeeded,1,0,,,card,visa,6274,1,2027,ES,Subscription creation,daniel.lopez@lopez-wireless-consulting.example,txn_3PjtaohMZPfZMkHBkbjMu0ez,1761758891
py_3UPZOtzKQMMwgqCXnh29hYJE,pi_3rvUOvKXVhyv8upeAfq1Pf5S,in_1mix1YKwCu3jb9oyiBC4ODPM,cus_GhB4DAhGxJr4Rj,300000,300000,0,eur,succeeded,1,0,,,bank_transfer,,,,,,Subscription creation,carlos.walker@alpinemark-managed-services.example,txn_3R11EjpA9gcMNqIi44ewHUHC,1761819804
ch_3Sa9XgMFjOvoUVA5W2mzUpQM,pi_3rpiqWuKxQaM446vOClxRKXy,in_1pe9I4zG3wJuoDNhoOJPvTCu,cus_TgElnG9iuCdzqV,100000,100000,0,eur,succeeded,1,0,,,card,mastercard,7300,12,2027,NO,Subscription creation,bjorn.berg@granitecore-construction.example,txn_3EHq2HpfrOAkhEm31KBxk0TB,1761821534
ch_3FsQrVIeWebgI2stPde8E8Wy,pi_3QflU6FGCFfoCW6taXMGYfJX,in_1VWLXZ7RCopmBEDNQqQNS9c1,cus_0MepRXZSkkTMs4,119800,119800,0,eur,succeeded,1,0,,,card,visa,5595,4,2028,US,Subscription update,sarah.davis@beaconline-telecom.example,txn_3fxJT7tY4a21bUxPGTTBU40N,1761892160
ch_3vHFF5NrnN38gLOa18kmFDKi,pi_30Q2XVywHtUM1IIkupa9VoJa,in_1nehM3y5dWAoGCrGIx8iHiNG,cus_Tj76AoEAUn48ie,59900,59900,0,eur,succeeded,1,0,,,card,mastercard,6587,10,2026,GB,Subscription creation,laura.young@mailbox.example,txn_3x5IPdOSB6mD98uHeKETpmc8,1761895711
ch_3eE0HkqwRBhs5xhWmaYY88vu,pi_3MBthBio7frO9bWx5XwIP3Tz,in_1vTeXBXqlQCFTcbnfgursekN,cus_5FrPBJYiDhqCuk,59900,59900,0,eur,succeeded,1,0,,,card,visa,7564,3,2028,BE,Subscription creation,niels.vos@stoneline-hotels.example,txn_3kc5Sou3wH6wZ9xHJmyNRuOi,1761905253
ch_3hpXU7us8nKWEnW4Hy8MPgJW,pi_3m0On70S8ImUFpDJspJ2f5QO,in_1PsVPSruzdaryY4MyYzx60Dr,cus_u28YULPgyYxj9u,100000,100000,0,eur,succeeded,1,0,,,card,visa,9754,3,2029,AU,Subscription creation,ben.clark@ironcore-wireless.example,txn_3V42yy3EwAHil2dfxgNvqj6X,1761910830
ch_3ugnvjfoCycBGqLdABFqTPtV,pi_3f8EEyaAd2JIqSIK8fwf38n3,in_1GWrNKTV94PuItBHlUyKBgE5,cus_VFmhYIZHimEeXh,100000,100000,0,eur,succeeded,1,0,,,card,mastercard,4251,7,2029,DE,Subscription creation,uwe.meyer@auroracore-rf-consulting.example,txn_3H78Qqn6gPye4iSWWTtP4mIk,1761923015
ch_3Yw5IjaX9vnyxbxOA3XMwBvr,pi_3h8TcSiuE9xRSWmpY6iM2wkP,in_18qwWUVKSKD1TqCRyTbuaTzr,cus_HNwTVbUhxgH5Vh,100000,100000,0,eur,succeeded,1,0,,,card,mastercard,3974,7,2028,ES,Subscription creation,pablo.fernandez@apexworks-wireless.example,txn_3LmOe61dO8GjwZcrew9mcdbd,1761994274
ch_32yCxOKc2xqssLlHWVdsDSaW,pi_3qrOBf9xjMyWy97CAEdSWtQy,in_1evRLaMGwxAeDcEfeM8bkPuF,cus_NLEpRd5cTmOwia,100000,100000,0,eur,succeeded,1,0,,,card,amex,5244,2,2028,FI,Subscription update,riikka.lehtonen@silverpeak-schools.example,txn_3K1zC9E4HZ1MPslgAfTqpbNY,1762071924
ch_3NB8hptBXfpH7glwDfND4DwS,pi_3A3vHDfAA7pBThHqYeUuL2jq,in_1z2ebHD2u0xLMmxr5S9kh5vs,cus_Ct4NBhIS6XWAdo,59900,0,0,eur,failed,0,0,card_declined,Your card was declined.,card,visa,6758,6,2028,AU,Subscription creation,brian.walker@aurorawave-wireless.example,,1762106974
ch_3cCu0vrZWFbMoaEWP1AtAGoN,pi_3A3vHDfAA7pBThHqYeUuL2jq,in_1z2ebHD2u0xLMmxr5S9kh5vs,cus_Ct4NBhIS6XWAdo,59900,59900,0,eur,succeeded,1,0,,,card,visa,6758,6,2028,AU,Subscription creation,brian.walker@aurorawave-wireless.example,txn_3GTdD0AgdcBAZgRvPigtPTtf,1762107227
ch_3L9Y8Et1B7ajrRemLkv13Ynj,pi_3ZwiXgAaKrUk7iY0yDLodEPv,in_1RJUlRz69xdEAMtPhnC3vIOV,cus_Jp9oP4SlqHwlPa,100000,100000,0,eur,succeeded,1,0,,,card,mastercard,1119,7,2029,FI,Subscription creation,janne.virtanen@virtanen-network-services.example,txn_3zkm6PQeN9cM7H6rwwopwooU,1762165698
ch_35ymut9DnqLmYyRjgQehopbS,pi_300QB6jNfsF1tPH587z38XoZ,in_1Qwv2XqZt94RNkB4b228SGLa,cus_AVAXmEx6Xqgabz,100000,100000,0,eur,succeeded,1,0,,,card,mastercard,1322,7,2028,GB,Subscription creation,jason.johnson@alpinepath-foods.example,txn_38GVTxZGWYRaBeUkxpFrvaU1,1762174146
ch_3yvCUOcH9zeHY1NjcgVvOtnW,pi_3rcQDSqTn1vdvBepV4F0ADK6,in_1pVWlG0zkgCAIO6BeSHI4p0W,cus_KFPRzHqwu5zUHv,59900,59900,0,eur,succeeded,1,0,,,card,visa,2032,11,2028,US,Subscription creation,olivia.roberts@alpinestream-warehousing.example,txn_36g8x3unrivQDLY2R4MVL57u,1762191778
ch_3XadMb6mdDimdg5zb8la07Qr,pi_3O5nD71a6DS85zkSKNvgcjss,in_13WvQrfl3NO7sceBW6g4xsLu,cus_U2MnvO3APy3E5Y,59900,59900,0,eur,succeeded,1,0,,,card,visa,5299,6,2027,FI,Subscription creation,janne.salminen@maplepeak-managed-services.example,txn_3VlXGJUu5jtHm9EjqtuVbLxh,1762217597
ch_31bz2J1zzrdyovegR2EZiyY6,pi_3hSfrWmUVnXiHH8V7wFUdABG,in_1REQ2Hyj8nVcJzthtGnDnh08,cus_3kSxxwSQXpNDXc,59900,59900,0,eur,succeeded,1,0,,,card,visa,5001,4,2027,DE,Subscription creation,katharina.braun@graniteworks-schools.example,txn_3onqfUaIguya07gd1l3oB31N,1762256934
ch_32yTdLAhhGGnVHyO9CNxmkbI,pi_3RPYRfjSFIdpUGOxzsueeYZZ,in_1fsuD88ht7eCatwGNe6qJfkd,cus_EvpgkM5M0YAZL3,300000,0,0,eur,failed,0,0,card_declined,Your card was declined.,card,visa,0504,9,2027,IE,Subscription update,daniel.davis@mailbox.example,,1762260551
ch_3zDjkifPNxDhY5JMItk7dH8a,pi_3Ip6e2N4UO6KkigDEanTA9hk,in_1pxuDj2tXBTpqQlV8nPwyNYd,cus_ILXnbZqzkB4WD5,200000,200000,0,eur,succeeded,1,0,,,card,mastercard,1226,10,2026,GB,Subscription creation,ahmed.nguyen@nguyen-network-services.example,txn_3ottZQkdxW3NfeVSRUUUyNpN,1762337017
ch_3FvILuDk0OEfjJbTB8leQxM8,pi_3EJ0pXbkV6vBGu6NjISrB4pO,in_1WwlXbRG8ovM3yrLICqSQqi6,cus_rdyMSrVUYUdHHA,59900,59900,0,eur,succeeded,1,0,,,card,visa,0588,7,2028,US,Subscription creation,steve.taylor@stonestream-rf-consulting.example,txn_3QWpbU4bIFELWFaCela7oSBt,1762424210
ch_33FHNABPz9WqRf7GSvKHB1WC,pi_3Gk2JaFsALjHoSdUwVx2dKDJ,in_1XxBVe2r8TGUCOHJBP8gjZ5T,cus_2CpF6nTKg1H9to,59900,59900,0,eur,succeeded,1,0,,,sepa_debit,,,,,,Subscription creation,anja.weber@weber-network-services.example,txn_33FL1TAEUFCpzRUd88mrdIhC,1762424637
ch_331FFeuOpFctAgMLaYZ4kmTn,pi_3nqWcC84gtFSju2xDjuQU7lU,in_1wQRn3UV1jdyfV6LRGh7YpoL,cus_Nv8Gik95N5NpPB,100000,100000,0,eur,succeeded,1,0,,,card,visa,0829,11,2026,US,Subscription update,paul.evans@evans-wireless-consulting.example,txn_3U5QMhpwa7djL7oLADUlSToL,1762431469
ch_3KigOfcdW3YyPQ6FaZQuJoSt,pi_3SsadX0hThya4ivnJhbAR5g8,in_1r8EMuTwZm6yqIBPwv9qjT5L,cus_G6a76Hu8fy7L6A,100000,100000,0,eur,succeeded,1,0,,,card,mastercard,0160,5,2029,US,Subscription creation,matt.adams@postbox.example,txn_3paqY5ZjwoNTynXyfREA1DzK,1762442069
ch_3w17Pw2hESa1SKz00fAkyVuY,pi_3v5KtpM3JM9eIBjLz6CJqOE5,in_1Vdo6hIrDO8Rp52yAb0u4cWJ,cus_Qdgxoju8TvCOxh,59900,59900,0,eur,succeeded,1,0,,,card,visa,4424,6,2029,US,Subscription creation,josh.anderson@vertexcore-hotels.example,txn_3a01HMdMuVLQRJSoL2AVne56,1762466302
ch_3lL8am1dPdciiVORizdM67p2,pi_3PAEDPQYZmgKh6Lu6fKfMXBP,in_1AGlcmdCXb5gJ61CeqsHphsb,cus_TFVcidCJTYFMiK,59900,59900,0,eur,succeeded,1,0,,,card,visa,7332,8,2027,US,Subscription update,sarah.campbell@northview-construction.example,txn_37myBVNUy50ZAQMTWsyeDP8A,1762494613
ch_3saInOmherT6ICPbBLLs3EPi,pi_3inILdLYy2HgYHTMcnNYAGrJ,in_10ELGVwT5kyrre9GXqP8Xzp2,cus_JgGp0HCEnnqOSr,59900,59900,0,eur,succeeded,1,0,,,card,visa,4088,1,2026,AT,Subscription creation,sven.kruger@northview-construction.example,txn_3f9kDZ9yok8s1jI6u69aMV8r,1762517832
ch_37KyXu1AlyA2vhXYoCV18iei,pi_3RPYRfjSFIdpUGOxzsueeYZZ,in_1fsuD88ht7eCatwGNe6qJfkd,cus_EvpgkM5M0YAZL3,300000,300000,0,eur,succeeded,1,0,,,card,visa,0504,9,2027,IE,Subscription update,daniel.davis@mailbox.example,txn_3W4zdN5qKcE6a9SjUvfxIu5q,1762522631
ch_3BppbHnGhe4wUb5os3i5uDu1,pi_3py6z9EluobfMgYE5NiDEqEZ,in_1QDtUqvf3oPJXiVHlzGTT9bF,cus_WDuDuHXFO51Axt,100000,100000,0,eur,succeeded,1,0,,,card,amex,8003,10,2028,GB,Subscription update,james.parker@mailbox.example,txn_3kuOoZbLm1PE0nxoEz48fEEx,1762526381
py_3ct4PKlCDBumOgnsRw8FpTpw,pi_3LX9wpoqIZxdbjFedyYT0ds8,in_14ULHdkhBPFl6rMKslkdm5Ex,cus_bHc313fUHRGLqW,179700,179700,0,eur,succeeded,1,0,,,bank_transfer,,,,,,Subscription update,julie.bonnet@bluebridge-systems-integration.example,txn_3KIQcWXppFyPCgsronhQE20O,1762531348
ch_3r0SCRI17EFuDRxh8xX3WtQp,pi_33mlZX1qine6EM0pJcLgYHib,in_1kIFPq8iV1OOjRsKAQydyUtG,cus_35xA6AfOKJeqoy,100000,0,0,eur,failed,0,0,expired_card,Your card has expired.,card,visa,9831,6,2025,US,Subscription update,kate.martin@martin-network-services.example,,1762541459
ch_3hqjyl8SiFloHKJFekk65dhP,pi_3QLQusaMJbHddf5R5l8T4z8J,in_1XMXnkwLGLOh9ZVSmzDNDQme,cus_TW0KwLhPrMtfiP,100000,100000,0,eur,succeeded,1,0,,,card,amex,4554,5,2027,US,Subscription update,ben.campbell@mapleport-rf-consulting.example,txn_39rWHgOzgQk0KBcgpRTlU9rB,1762602566
ch_3udrHNs6HCtuIameIasgM6Rd,pi_3Tr5nPAAvPE3FHUigx2UBwwH,in_1QCM1YnVDKJ0llT6Dp2Il87J,cus_kcwNXTVfSYi98D,100000,100000,0,eur,succeeded,1,0,,,card,mastercard,3593,8,2028,IE,Subscription update,ben.lewis@alpinepoint-rf-consulting.example,txn_3AdH5MryRpnT6KJmn5K2ewHo,1762627306
ch_3agE3CKjTu0yku3zUOzVD4qC,pi_3VsPR5zyhL7aBYnM7zMMQbuz,in_1C3GSaKAwaKKg7XAjCH31LqQ,cus_kFCqfuKemtkeQ3,119800,119800,0,eur,succeeded,1,0,,,card,mastercard,5200,4,2028,FR,Subscription update,olivier.mercier@northfield-wireless.example,txn_3rKRe06WDkGMZGNHqy0f9Vnk,1762675710
ch_3zG6vQ6I6OY1I7Z0L9dbKqR2,pi_3k98IfF73AAyLmRcN9bm9Svg,in_1sYqMWbz8jI765H0OoKsFVWE,cus_3HytlaQHQX7S9b,119800,119800,0,eur,succeeded,1,0,,,card,mastercard,9305,7,2029,FI,Subscription update,kari.ahonen@balticcore-industries.example,txn_33YPdx6SrMqBCQxe7wXvwkTt,1762677419
ch_339X4352DkI8Fbk7las1c2rx,pi_3rkPhRpcrHN7NTpkY2p3jU9Y,in_1Ge0oMUr9ca2AXjmsjzm5siw,cus_avtlDBqKrnC5tB,100000,100000,0,eur,succeeded,1,0,,,card,visa,3044,1,2026,CH,Subscription creation,lukas.schmidt@orbitworks-schools.example,txn_3rWq3Ia3Es8C7CZ0b0IgDDGQ,1762694425
ch_3vCD1z5HkkWbhsF47qH8Ocqo,pi_3RL40cRUOHegXFDAXm1NGYJi,in_136r8fuNYR4nCmJpdIgFMOgY,cus_i9mvuvIX1PIfCe,100000,100000,0,eur,succeeded,1,0,,,card,amex,2084,6,2028,IT,Subscription update,luca.esposito@aurorapoint-clinics.example,txn_3exyp0aXmeV8T7PbVZLPYiBT,1762694582
ch_3dsGy1wK9PvYjZRWSjAZJSxM,pi_3R8zHSZkDSxjH6k4uZiyn82J,in_1O96KO0ApviWthk93Vore5ms,cus_dEkCghARmkBRfe,300000,300000,0,eur,succeeded,1,0,,,card,mastercard,0073,11,2028,SE,Subscription update,karin.dahl@deltaview-clinics.example,txn_38YFWDgybtFqfBBzbfEwHHBp,1762713688
ch_3IZ3LsBhZQloGMNQzyxOVVnF,pi_37UtLTPuhnSiWl2inomo93o6,in_1nyD5rzRmVP2BmZ013mcPQjG,cus_bjUbnEDtcnB77t,100000,100000,0,eur,succeeded,1,0,,,card,visa,9438,7,2026,ES,Subscription update,miguel.diaz@cedarwave-networks.example,txn_3VbB3YOSOqsFjOPU7sXirumr,1762772829
ch_3HtzSbjJK9fMSP9muNXjWWm6,pi_3TtrQINw5gr0tb66Ialy4Tly,in_1ggP44mCYTw4rNixmzLYEgJM,cus_GqUFU5rFg1Kftr,100000,100000,0,eur,succeeded,1,0,,,card,visa,4247,11,2026,CA,Subscription creation,jason.mitchell@mitchell-network-services.example,txn_3MKpAfkBbtRY9r0K46fgE2xB,1762789892
ch_3svUz67wBHMemR2qeeuqmeYd,pi_33mlZX1qine6EM0pJcLgYHib,in_1kIFPq8iV1OOjRsKAQydyUtG,cus_35xA6AfOKJeqoy,100000,100000,0,eur,succeeded,1,0,,,card,visa,9620,5,2027,US,Subscription update,kate.martin@martin-network-services.example,txn_37351KJszWlxIpvP9CAsjRZx,1762803299
ch_3rAYVKy2LWNmhzNkG2PfmVDC,pi_3L4Sg5QppMPsjkNKnC52uMD7,in_1BhUmgfdohGLpIm1Ul6BVmpv,cus_YqLc2BmHzYnMVB,59900,59900,0,eur,succeeded,1,0,,,card,visa,5276,8,2026,US,Subscription update,andrew.roberts@vertexcore-communications.example,txn_3PtENrqxR0scTJ7JxPibyHEq,1762843680
ch_3rtvFP9X1USYborzcKUjwK46,pi_3E8ihZiSQBRHSjq5HFeQVnO5,in_1xj6bxkfGbINarcJRHgIV5sp,cus_lzSZNU2bld3IQO,100000,100000,0,eur,succeeded,1,0,,,card,mastercard,7823,2,2027,CA,Subscription creation,ryan.white@cedarcore-logistics.example,txn_3PIJm9gpMWbNHQgs9M03eVnP,1762871607
ch_3m80A9U4G7bx4laTEpD7mVgr,pi_3w0ltTVmc3iPELgR6BVjvbY6,in_1QtCnejctegF5O2bHIsWO1IL,cus_xGOrlzrOlLa9ji,100000,0,0,eur,failed,0,0,expired_card,Your card has expired.,card,mastercard,5348,5,2025,CA,Subscription update,matt.lee@pinefield-networks.example,,1762882637
py_3FUSSWLdfskL1CxHJXCF7NHy,pi_3ZsLEU6as2kLcAXCY3YGZcS9,in_1WTyIlITZAe8szPqBzgMZRwK,cus_atgFqFXtZu4M9i,119800,119800,0,eur,succeeded,1,0,,,bank_transfer,,,,,,Subscription creation,alejandro.fernandez@lumenport-partners.example,txn_3EUM4cSTy6Ua5Jxnn3EHW3HU,1762946039
ch_3I5OEBDpPcxq2kymhGtfX52k,pi_3Bd4L1WvmgLx9gQkOEHrqJWc,in_1rzSTOSFFCC9xo3Grp025RlL,cus_9ZTjObZNqJSvma,100000,100000,0,eur,succeeded,1,0,,,card,visa,1228,8,2027,US,Subscription update,megan.jones@vertexpath-systems-integration.example,txn_3JyaSdmTQ07MSR0FGR5ta7zp,1762946371
ch_3fp3jR1DrVrLfrAF0scLQH7X,pi_3Z2PyePBJ0MCAhIHaZ9XHeVy,in_1Ps2t6Wn3379VNsebGVcOV96,cus_lECK2uRkmv5KDk,200000,200000,0,eur,succeeded,1,0,,,card,visa,7846,11,2027,FI,Subscription creation,antti.ahonen@harborpoint-technology-group.example,txn_3srhUbaNq9ycvNK8q6USQD21,1762946541
ch_3q7NLXlFLhSh6BOIVv4GuoFK,pi_32XddkKel63IXZgsWoDkdm8e,in_104hCFIboRS1t9E4NG3fOVsb,cus_Te7kTRn48O5Xdp,100000,100000,0,eur,succeeded,1,0,,,card,visa,1330,4,2026,DE,Subscription update,sven.wagner@atlasview-properties.example,txn_3HtifD41LPMdklgfjVnZBswi,1763004143
ch_395moLPJBMKrVrkH81OoEG4L,pi_3YqAOh5s2g8JnbD00OCjEreq,in_1s7PNZE5SukzxDBcwRrrOUjq,cus_GLb9UNJNnh38lJ,400000,400000,0,eur,succeeded,1,0,,,card,mastercard,8263,10,2026,AU,Subscription update,mark.jackson@deltastream-hotels.example,txn_39qvHGpavFN8XEBydEHhpTIe,1763010873
ch_3qv9SxESIc2GMnZG4mw1g9pm,pi_3vTVcnnQLHSLwjcZ152AtNnc,in_1qwjecbOwachG3nzGxkSjGcR,cus_TqeeAvonnAt1Oc,119800,0,0,eur,failed,0,0,card_declined,Your card was declined.,card,mastercard,7210,5,2028,NO,Subscription update,erik.nygaard@maplefield-networks.example,,1763032041
ch_3Mm21uR4I3EJIc2iDqA8HF3r,pi_3mUNHFG6Ha8GgFooPKpili1K,in_1j928T4EXePbCHGHHX0g4kGs,cus_FNDMjDynT04PzL,100000,100000,0,eur,succeeded,1,0,,,card,visa,9956,9,2027,SE,Subscription update,mikkel.johansson@brightlink-logistics.example,txn_3FcucvuFQ8Q2WqOupfv7NlNY,1763061426
ch_3P6JaHwGmyOq2NgExUcpHrYU,pi_3vm1E4ntVlqh4vrqrrpU7YTI,in_1zM1r7GTEbpu4HG3R2XXIGoX,cus_c3IPp59B6vua3c,100000,100000,0,eur,succeeded,1,0,,,sepa_debit,,,,,,Subscription update,sanne.meijer@deltacore-warehousing.example,txn_3LQKcElIWWEFcx8XsJOK5Tix,1763066247
ch_378mpYxsDdDnfbIlBzQXKxJK,pi_3dWovaeNSIh70SKRjM75SjOv,in_1lDNLS6RMNPRhkYTdgFCWVuX,cus_cpjdNirPf2u5m6,100000,100000,0,eur,succeeded,1,0,,,card,mastercard,7702,4,2028,NL,Subscription update,femke.vandijk@beaconworks-technology-group.example,txn_3ygV2pbyT833ENbZPqO2exwd,1763088215
ch_3RY29bPIu5rv4HKbXloFNIOl,pi_3TI0lDCde9aL6gJuLJFTUIKe,in_131cp5OcaFijeRsSL5c0EBWK,cus_BwWWfgTUihRm2z,100000,100000,0,eur,succeeded,1,0,,,card,visa,8974,4,2028,GB,Subscription update,chris.campbell@bluepoint-wi-fi-solutions.example,txn_3zkq30N3YeLZCyTly3Z6JTzX,1763112949
ch_3LNTLk2E7UvRXCx9W8j5djGP,pi_3BzpLinf5XRKiOJ0896psmuJ,in_1jBAWXDQllKAzef363Rggobo,cus_bYzxwzlu66KCF5,200000,200000,0,eur,succeeded,1,0,,,card,mastercard,4706,1,2026,FI,Subscription update,jukka.turunen@turunen-network-services.example,txn_3vqRh88QbJJkdmly6L6sgMdT,1763114279
ch_3ZhXSkAjvCz3tgmez2vn1oyQ,pi_33UtvKTH3OzNGOsxXhAnyhaq,in_1Udc2p4aF15RPJ2tGxtK9plw,cus_jDLSwgwLBYKPvb,100000,100000,0,eur,succeeded,1,0,,,card,mastercard,4428,8,2027,ES,Subscription creation,alejandro.moreno@westfield-telecom.example,txn_3lcoHlWAjGWSy8x2OCHmMsI5,1763125500
ch_318samsuE2uqlqVZNaxawsN3,pi_3VxS7EdCKMJ6BCGzM1UOO7Jy,in_1EJY9qL4bB8acItvra9LyM86,cus_qiG5vNyP7z1q93,100000,100000,0,eur,succeeded,1,0,,,card,visa,5740,9,2028,FI,Subscription creation,mikko.kinnunen@alpinestream-networks.example,txn_3j9npnAlsIjVPJoQcWNk0uej,1763128549
ch_3IDfQVo8E0HW9jdxv47wcqJN,pi_3imOpGk8Imx7xcQTAqddFsGQ,in_133Yrl0HhiKCjcVb6abiXIly,cus_d1kKfW6rc0qUOv,59900,59900,0,eur,succeeded,1,0,,,card,mastercard,3655,12,2027,FI,Subscription creation,jukka.koskinen@signalview-partners.example,txn_34InWx4I8q3BvFKuxffpUPkv,1763138285
ch_3jkXX3xAiMmUR3D06qDXv4PZ,pi_3w0ltTVmc3iPELgR6BVjvbY6,in_1QtCnejctegF5O2bHIsWO1IL,cus_xGOrlzrOlLa9ji,100000,0,0,eur,failed,0,0,expired_card,Your card has expired.,card,mastercard,5348,5,2025,CA,Subscription update,matt.lee@pinefield-networks.example,,1763144417
ch_3n4kZCrORr8rR6I2ZviLzbu8,pi_3lxTFRmsXH31BWYosbhbZ88x,in_1vOOL9lw0uAifk7DUcpsAp2p,cus_sI7DIbNDTX0tik,100000,100000,0,eur,succeeded,1,0,,,card,mastercard,9800,4,2027,FI,Subscription update,riikka.jarvinen@jarvinen-network-services.example,txn_3wuu1Bgg2H3aNS8a4jobMYJF,1763201506
ch_3HCkzymTgomBnhy6cB8FOXdn,pi_31Ri2B5vl9yEiqEAfOlzVFbK,in_1RhwytXO6M1tabHVHlbePjZV,cus_SkkLpcZ5OhhbY7,200000,200000,0,eur,succeeded,1,0,,,card,amex,1278,1,2028,GB,Subscription update,amanda.jackson@jackson-network-services.example,txn_308GGFgq4XpKGSkG1pHEhGkE,1763290608
ch_339qRbjYWcGLFFa6stVkUHdH,pi_3vTVcnnQLHSLwjcZ152AtNnc,in_1qwjecbOwachG3nzGxkSjGcR,cus_TqeeAvonnAt1Oc,119800,119800,0,eur,succeeded,1,0,,,card,mastercard,7210,5,2028,NO,Subscription update,erik.nygaard@maplefield-networks.example,txn_3mIlUKTmOggfHzOWNzew112O,1763291241
ch_3ZYDvXTlK4Rdla3UI8QsyG9K,pi_34J4VWjWYmcGphF3OvhyW5ok,in_1wjQhjqFyyQPdhxhOEZhO59k,cus_3F5YSVahDRj3Bs,100000,100000,0,eur,succeeded,1,0,,,card,visa,0718,7,2027,BE,Subscription update,koen.mulder@granitepath-clinics.example,txn_3O21Vp6Mk5wXgyEder53otxL,1763306656
ch_3w9iHaxUfSByKZWUXzqjdNJ4,pi_38F7J9WhLlXS4QuPlcKD5yDJ,in_1gedhkEc7HK6e4HA6MZmv2a4,cus_ZVSmDOyYijv1G2,59900,59900,0,eur,succeeded,1,0,,,card,visa,8513,3,2028,AT,Subscription creation,markus.wolf@summitport-schools.example,txn_3j0YTtcCbArHIwiaSSbgjnqI,1763373489
ch_3qupH01CZPMixzIZdDUl81TC,pi_3pcrNhIGuUGTxPjYgCCxlxzN,in_1PkW15htFSk2hfuRhdWVv5Pi,cus_2477sHuuAMqNAg,100000,0,0,eur,failed,0,0,card_declined,Your card has insufficient funds.,card,mastercard,7569,12,2026,GB,Subscription update,jessica.green@signalport-wireless.example,,1763396661
ch_3Up4X7QsV3WUBLjaOTJZBuan,pi_3wk0MizUytuPssvZE2lJAFzv,in_1O99jH4HpgQ194LwZfbUIwfi,cus_pbaNTgA0aOeKrQ,100000,100000,0,eur,succeeded,1,0,,,card,mastercard,1939,9,2027,US,Subscription creation,jessica.martin@postbox.example,txn_3LESPFywW1FGL507AtpPbiwJ,1763407876
ch_3XG5VZ6aBpsp0Jyd6STzOdpO,pi_371LBkGfEngzeKKoTYXYQFOu,in_1DYoA3AP4AFdmuqIjK3K8dwZ,cus_jO1ndpVy5lc8yA,100000,100000,0,eur,succeeded,1,0,,,card,mastercard,8037,3,2028,US,Subscription creation,kevin.king@crestgate-it-solutions.example,txn_3idFwmMAfrZmD1WD7tsPiTvx,1763468399
ch_3iVkXf9xXXEbvdBIO78XgRTf,pi_3BNfvqnkYse8TunENiZKPSsz,in_1cXUeMSOpQNzkGiGHsynurTn,cus_cnaflEOpGsHMke,119800,119800,0,eur,succeeded,1,0,,,card,visa,0349,5,2028,IT,Subscription creation,luca.bruno@clearcore-telecom.example,txn_3O3zguc4LoFhm84IUhmG0RGb,1763494173
py_3IrarNPVlI6SUYjzkBBdorH7,pi_3hNSYBLMOH9gBUah6EmrBhfM,in_11Eo9VN0JyKFN7JeOh1Ocrw4,cus_y76bg3GBp6zUx0,179700,179700,0,eur,succeeded,1,0,,,bank_transfer,,,,,,Subscription creation,ville.heinonen@deltaline-managed-services.example,txn_3jRyEBkccuHz9l2biluil71j,1763496141
ch_3U3sKaImlwBauEK8dgRICgNl,pi_3vTj8TT4OoML0bbdkIOaJN7w,in_1AEhLGgBvj1YvWiViahkHd8B,cus_XqN6miAZ1xmEIC,100000,100000,0,eur,succeeded,1,0,,,card,amex,6639,12,2028,FI,Subscription creation,mikko.nieminen@polarport-properties.example,txn_302DKIY92sCFAOq5RFelApt3,1763542058
ch_3WlDWwZ36sjAryQp6EQ91QTW,pi_3G1D5fJLsqqCWnt9ZJcA0I49,in_1eEquQQVcSrEbk4vBUlq3Wsm,cus_raH8otIAa6c5oi,100000,100000,0,eur,succeeded,1,0,,,card,mastercard,1380,7,2026,NO,Subscription creation,bjorn.berg@cedarwave-wi-fi-solutions.example,txn_3TeCHTIawAC0HkBqKLHN0c0i,1763548930
ch_3Rd8qHG0ZnqKQMCym6rUFsw6,pi_3LK9PSR3McSD5Slb5nH7uKSu,in_13tJDzJabuj39XqZNxBfRrPF,cus_VFOKax04u40OSu,100000,100000,0,eur,succeeded,1,0,,,card,mastercard,9331,10,2028,NL,Subscription update,pieter.mulder@orbitport-rf-consulting.example,txn_32IdFD8gQasySotEjcr1cmIE,1763558938
ch_3ohiX15MYtqCHWKolGDdOypz,pi_3Ld1Cte7ATa6ZGeDA9VQxEZj,in_1rz44JE9SYVYF0NXSARfEUTt,cus_u1JD61sizEgpgx,100000,100000,0,eur,succeeded,1,0,,,card,visa,0903,9,2028,US,Subscription creation,michael.turner@atlascore-managed-services.example,txn_3FQdzSTJJSgVHgJQeMIWgoq3,1763561137
ch_3BeGDUog2hQqPn7qkfgJlfH6,pi_3PQrrpd5dCF4s7MxNp5pL9PG,in_1kbQVcGVS6JzU6vkCEJokAiV,cus_uVGrkFuounyAoi,200000,200000,0,eur,succeeded,1,0,,,card,mastercard,5571,10,2026,CA,Subscription creation,daniel.lee@lumenline-hotels.example,txn_3CzWfh1jcC1egHcH2S0VyPMC,1763561193
ch_3Arlz0aNFAAzAHQfKsd30I5w,pi_3w0ltTVmc3iPELgR6BVjvbY6,in_1QtCnejctegF5O2bHIsWO1IL,cus_xGOrlzrOlLa9ji,100000,0,0,eur,failed,0,0,expired_card,Your card has expired.,card,mastercard,5348,5,2025,CA,Subscription update,matt.lee@pinefield-networks.example,,1763574497
ch_3I1MC8p9Qd7LzxjeJtVsBI1W,pi_3ahZsK57l6vsI2DzrFLkjTdb,in_1VQoIvdmBtP1nXY6AyADyDZS,cus_fulC2AZR7bPUxp,100000,100000,0,eur,succeeded,1,0,,,card,mastercard,0874,7,2028,SE,Subscription creation,soren.madsen@orbitline-wireless.example,txn_3dphwQdsyxeGZLnf5eS6gepd,1763629058
ch_37o6trD76eeKFUbj0Vo8ccWq,pi_3YW0IQIuL1yvW5oaFP4xMKsV,in_1Bqs6OkBH3cZjnPiSvr9fTAQ,cus_c6fUqhiNm8q1L0,100000,100000,0,eur,succeeded,1,0,,,card,mastercard,5098,5,2027,US,Subscription update,chris.parker@silverpeak-technology-group.example,txn_3DI2ufquoktpDqtSoIk1dcUn,1763633426
ch_3SWgzZuElUTX08GKCPWXmOQQ,pi_3Vq25XCfvPPeqABSN0zwvNic,in_15tk3AKNha6Yy7Z6rzhGmTbs,cus_fCjbTaxnDsMZoC,100000,100000,0,eur,succeeded,1,0,,,card,mastercard,9402,2,2029,GB,Subscription creation,olivia.lewis@harborlink-technology-group.example,txn_3GZwE2LA86CM8Ht2D6lmvjvq,1763635235
ch_3Ax9O4eOsRsLw4sgSfNy268v,pi_331yDJ2Ez6CUAEbXC2kGi0tW,in_1ffvvUOVinoDZ2FzKoS1EehV,cus_ncLq6VhW7ZF2HF,200000,200000,0,eur,succeeded,1,0,,,card,mastercard,4284,2,2029,DE,Subscription creation,christian.neumann@alpinegate-it-solutions.example,txn_3rZVOyXwd0COgzWMqK8QPit9,1763638414
ch_3y720Yd5ISNcwnBzETJCtiPz,pi_3L8g0OdZmMtZiQ9eqZVwirl7,in_1nLNmDFJdGsQnA4NTvzX563R,cus_SCr1OY49SVjuRL,59900,59900,0,eur,succeeded,1,0,,,card,mastercard,5010,4,2028,CA,Subscription update,tom.johnson@balticline-hotels.example,txn_3iXKlikm5xnoow67nZXS2Qsr,1763658711
ch_36sOxRIuUdbpoon12Qn40iZu,pi_3pcrNhIGuUGTxPjYgCCxlxzN,in_1PkW15htFSk2hfuRhdWVv5Pi,cus_2477sHuuAMqNAg,100000,0,0,eur,failed,0,0,card_declined,Your card has insufficient funds.,card,mastercard,7569,12,2026,GB,Subscription update,jessica.green@signalport-wireless.example,,1763661081
ch_3zpGZKF9SKjicOJXCRM9Wbey,pi_3jTXaOW1ZVdDhHe2WRHfbGNr,in_1jtv5cYZvWrBBKxQhITyJpia,cus_7XzOgtSxrUQ21h,200000,200000,0,eur,succeeded,1,0,,,card,mastercard,3576,4,2026,GB,Subscription creation,tom.hall@apexbridge-systems-integration.example,txn_3Gbi8wOTYUBMv6oNSkrE6Zj6,1763669358
ch_3Co6PpYTsxHqwhVi7lsqpD8l,pi_3PAzYyJ0pzLtFQa3MrctfAW1,in_1KbROsnp3hozTRRomMntCysD,cus_ECAnPjTgG60F1c,200000,0,0,eur,failed,0,0,card_declined,Your card has insufficient funds.,card,mastercard,9688,7,2026,NL,Subscription update,koen.vos@vos-network-services.example,,1763749793
ch_3MpG0EKqBMegPMp9cVdLXUjh,pi_3r81ovvApY5qab0kpgAerDM9,in_1S4ySri4ttwLBPYAg42tJ4PJ,cus_yk0VfdLVJv2V04,100000,100000,0,eur,succeeded,1,0,,,card,visa,7713,5,2028,CA,Subscription update,john.parker@orbitlink-rf-consulting.example,txn_3jKxXHSzU5Ou63myl8DSIuHi,1763844329
ch_32x3ufv0b8u0Z6MsckyTcora,pi_3Za9fphhnqDkayxUpWJJwhpu,in_1yEnTHFZvPrLOKoQeTy3gssl,cus_BoRQjtKsGDJBgB,59900,59900,0,eur,succeeded,1,0,,,card,mastercard,6356,6,2028,US,Subscription update,jessica.martin@martin-network-services.example,txn_3diqkRo4IYwVIKCjjPIiPlnq,1763883827
ch_33enk87vN2zYz1LBaS72AKir,pi_3GJ5too8To0V9vURDAgbu89w,in_1ecSJLoRk4dfRhfMJRyZ3hRS,cus_oFCueBDs2fgRhc,100000,100000,0,eur,succeeded,1,0,,,card,visa,2482,6,2026,US,Subscription update,jason.mitchell@summitcore-logistics.example,txn_3t2dWl7QRg6i8XWEyBfhpkTP,1763904259
ch_3WPzRXcHnXTwdxxWwLw3HDdP,pi_3IiGEitEoYO5vjZLByIXEbyb,in_1ECEBCCBCarrhA5RZwaRvzip,cus_4dJjOqvslvIusB,100000,0,0,eur,failed,0,0,expired_card,Your card has expired.,card,mastercard,5996,3,2025,ES,Subscription update,pablo.diaz@crestgate-properties.example,,1763961675
ch_3mzax9fDoAMoMCnz0WUJz1DU,pi_31mUOaN3eBeiqZSRePDjKqnF,in_1rD6mC66SWi5wau96omPI65P,cus_1XM1MJ6ZCNVvwz,100000,100000,0,eur,succeeded,1,0,,,card,mastercard,7370,8,2027,US,Subscription creation,brian.nelson@summitpath-logistics.example,txn_3NmK0Imwjdf1WbF0qV9Kwn9O,1764006263
ch_3qeuAlfo9db2c1dd5hLQKPbx,pi_3PAzYyJ0pzLtFQa3MrctfAW1,in_1KbROsnp3hozTRRomMntCysD,cus_ECAnPjTgG60F1c,200000,200000,0,eur,succeeded,1,0,,,card,mastercard,9688,7,2026,NL,Subscription update,koen.vos@vos-network-services.example,txn_3EZ1zHB1dXFX6NdAWBDDp3Va,1764009833
ch_3ic5CA8X2tLXqHlxS7NMOl6O,pi_3goLBPAeJMqzl0u8rAodhggW,in_1k3AUZDdshzHJElCJaQo0WuP,cus_TO09N5XPUL54yd,100000,100000,0,eur,succeeded,1,0,,,card,mastercard,0931,5,2028,US,Subscription update,ryan.smith@stonestream-properties.example,txn_3hKrUmKMXur8FX4dpPTD6TDg,1764068259
ch_3xbA5LwHbMY4ObEpor0mLDhp,pi_3pcrNhIGuUGTxPjYgCCxlxzN,in_1PkW15htFSk2hfuRhdWVv5Pi,cus_2477sHuuAMqNAg,100000,0,0,eur,failed,0,0,card_declined,Your card has insufficient funds.,card,mastercard,7569,12,2026,GB,Subscription update,jessica.green@signalport-wireless.example,,1764090621
ch_3mvces72utLoJnfMhkjxCbtB,pi_3FKe2au9vdQth4iz7sgzkaeb,in_1kxbO335sIvljEYecgEVrYPf,cus_SxKHxEWOcA1VJQ,59900,59900,0,eur,succeeded,1,0,,,card,mastercard,5058,3,2027,AU,Subscription creation,priya.thompson@signalline-media.example,txn_3QOvudTyOujOB2OFDwLBg67W,1764144146
ch_3jgeoUwcmRefhLYhpEGb3OSl,pi_3IiGEitEoYO5vjZLByIXEbyb,in_1ECEBCCBCarrhA5RZwaRvzip,cus_4dJjOqvslvIusB,100000,100000,0,eur,succeeded,1,0,,,card,mastercard,4032,6,2027,ES,Subscription update,pablo.diaz@crestgate-properties.example,txn_3nHXu1PTOC93eMZyzE0OyeFz,1764225675
ch_3Pv8AFqlliDt8o84DJReBuI4,pi_3RtlaqVlj0oGAr6l0rk8Dgmi,in_1i3Nr7JoAc8riLBKtMzAubW4,cus_eJgGxxZi3A8Pa2,100000,100000,100000,eur,succeeded,1,1,,,card,visa,0774,7,2029,US,Subscription creation,daniel.clark@silverpoint-foods.example,txn_3050BT2ZTfeQCrCLFtpS30PZ,1764227050
ch_3GVEm4DB37xHkOKWmkSssn5T,pi_3gZp8aJtbvHdgcxftclZnJu2,in_1l27N9efFXmorR1JKIJQVqFS,cus_tYu7TRgz79D6cV,59900,59900,0,eur,succeeded,1,0,,,card,mastercard,7736,1,2026,IE,Subscription creation,brian.smith@irongate-media.example,txn_37osqpLepPEOdIbd6iLstnAc,1764245258
ch_3X2iQxLqK2zBheTlQC6PRt3B,pi_3ixP9EWv3Weeii8wEsX6m9DI,in_1QVEdZePCogJInLyqktdvTqW,cus_7H5fCIRGeJrePn,100000,0,0,eur,failed,0,0,expired_card,Your card has expired.,card,visa,8742,6,2025,AT,Subscription update,andreas.klein@westcore-networks.example,,1764246053
ch_3AQMvt0Z6MHjPZo2sIkXNZvw,pi_3UuIt47fdpqjIRrN9Ed15pcn,in_1QXVpfM4kl6ePLHUa9Vp9lX1,cus_EoY7h8Lr9rqJl8,59900,59900,0,eur,succeeded,1,0,,,card,amex,1331,6,2026,NO,Subscription creation,emma.jensen@deltagate-construction.example,txn_3lDKBd30ERq6SsF12mLrsZU1,1764268309
ch_31aiuzNJjIDRNF8Cv4iNmFrR,pi_37aIQtOqRC06cm0OKs3a2Et2,in_1EnqhbUI6nBxIhRIXRXBUDBD,cus_AsaWrJHVhF3SCz,200000,200000,0,eur,succeeded,1,0,,,card,visa,8440,4,2028,US,Subscription update,matt.turner@brightwave-wi-fi-solutions.example,txn_36myXKFSXAjiXKKOIqUH716w,1764338307
ch_3ObAQ87ffn6hgrTlCOpxGEka,pi_3aYS2zQF1GDbtry5F0srHmIS,in_1RoDMcMzBs7QkSNzcb1ODl3V,cus_jP3fLMAQmoOBDq,500000,500000,0,eur,succeeded,1,0,,,card,mastercard,2165,10,2028,NL,Subscription update,pieter.vos@maplepoint-wireless-engineering.example,txn_3mUbugJjwXM3GsWQLz9zjj2g,1764347277
ch_3Ovws8jtrvzancoWMimts0CE,pi_3Zm4b61wQYuCWT0JJxqmndn7,in_1M6l169biUwDyqIAZbeo6VTj,cus_H9RJPfSXx0RAAl,119800,119800,0,eur,succeeded,1,0,,,card,mastercard,5836,10,2026,US,Subscription update,eric.parker@balticworks-warehousing.example,txn_3bduFeVfYXmny05V90gEZYxt,1764427262
ch_3V5yuwOhe8lGSfvCEGeDrXz3,pi_3OoP3bNdFMgCB6hEKJxXzBqp,in_1WCTj8x2belpjjHWW3og90an,cus_PzDl3QR07GCZLL,119800,0,0,eur,failed,0,0,expired_card,Your card has expired.,card,visa,5836,5,2025,SE,Subscription update,kristian.eriksson@greenline-networks.example,,1764480161
ch_3t2FyzgBtwSajMefSAzAi72L,pi_3ixP9EWv3Weeii8wEsX6m9DI,in_1QVEdZePCogJInLyqktdvTqW,cus_7H5fCIRGeJrePn,100000,100000,0,eur,succeeded,1,0,,,card,visa,6666,1,2029,AT,Subscription update,andreas.klein@westcore-networks.example,txn_3twTv8DJIa7p464thYgBBhkd,1764509993
ch_393sTNaFWqrtaN886QkvgzEQ,pi_3hDPH2BixT0MSmdfWC8J9l6g,in_1VYPoycHOdhf2kSuozkM8Omt,cus_5LEmaziBBa8Sik,59900,59900,0,eur,succeeded,1,0,,,card,mastercard,3263,10,2029,GB,Subscription creation,raj.taylor@signalpoint-wireless-engineering.example,txn_30aX0DQz1NqJyol107JemVnZ,1764579082
ch_3yA1dMSgDvwr1gngmuoA31Op,pi_3bCTnhZqscgc7csdW6IoxZEW,in_1EHaLKK2hTz4JFDj8X3HxFuM,cus_hyrULMUG3Fqxkz,179700,179700,0,eur,succeeded,1,0,,,card,mastercard,2068,5,2029,FI,Subscription creation,laura.nieminen@brightmark-schools.example,txn_3WEANxrVZqubdSxVwCy6vwQy,1764615429
ch_33auEwmzIIYBXtjvJW3bXyOy,pi_3mX2Eo41deRgmWj9Fzc1pUL3,in_19qwEqU3uCHvMhYfJnE7usK2,cus_xXxAvcFdYz8phR,59900,59900,0,eur,succeeded,1,0,,,card,visa,5929,3,2028,US,Subscription creation,steve.murphy@stoneport-technology-group.example,txn_3ihWNzDL3TalGOisf5q1W296,1764658700
ch_36GQmdZACitos3CQmxImBfII,pi_3tE3zEu4MTNE0xV5nbJwN2Oy,in_10S3IHhbsPYDb1KUT0AChdHg,cus_12DXzJdhacmAqJ,100000,100000,0,eur,succeeded,1,0,,,card,visa,3879,5,2027,DE,Subscription creation,uwe.fischer@fischer-network-services.example,txn_3Xibc3T97hRP6KwZBHLK2ToD,1764668890
ch_3jwvtLja2mKHpfa9bJ70VyMZ,pi_38vmIzkhazVpQzqSuNPZBCkq,in_1cm7NHvTC9DgRTZXBNEjiBKJ,cus_eKpOMpgdqdNOiY,100000,100000,0,eur,succeeded,1,0,,,card,mastercard,4375,4,2028,NL,Subscription update,wouter.jansen@harborcore-hotels.example,txn_3EbZxS8SifCokEVhupvcNk1S,1764676031
ch_3PK6BdsULVJVepCHTB6i4MFR,pi_3OoYdYrNllL4kHiOufPzOxVO,in_1coOy9O8nUUEV2RYbUbaGNXQ,cus_C8ireBcFBqbyKu,59900,59900,0,eur,succeeded,1,0,,,card,mastercard,1734,1,2027,NL,Subscription creation,joost.vandenberg@mapleport-wi-fi-solutions.example,txn_3MaWWWs7PudHbdZDhG7FZfl6,1764691515
ch_3miL3eQ7GjoGKd6DrJ0fDN7i,pi_3OoP3bNdFMgCB6hEKJxXzBqp,in_1WCTj8x2belpjjHWW3og90an,cus_PzDl3QR07GCZLL,119800,119800,0,eur,succeeded,1,0,,,card,visa,3607,1,2028,SE,Subscription update,kristian.eriksson@greenline-networks.example,txn_3lwwp9OUQ94hvAT0zJuWmu5k,1764740381
ch_3PMT89DSviGm41td5l6Qa9fQ,pi_3FmBSeg7oqVoyu0Ak5q8Hbqs,in_1y0wkkmOKCzHtrmxBAzy2kN4,cus_hhDsPN8jBM39pX,100000,100000,0,eur,succeeded,1,0,,,card,mastercard,2830,3,2026,ES,Subscription update,miguel.torres@signalworks-wireless.example,txn_3cd29PBLtDjHOkrK0BVhQM1g,1764748554
ch_3GeLr6zar3sGF4fFB5ttNqK3,pi_3ZfAa9LOcr3I96Nsk5VsY9CS,in_1LWBHXrrPUVSqKrsgjewNKXx,cus_kYjMxbeYPE3NRe,100000,100000,0,eur,succeeded,1,0,,,card,mastercard,2175,2,2028,NL,Subscription update,daan.jansen@granitestream-wi-fi-solutions.example,txn_3EAAzm1fozCgEWBtk2Yk848o,1764764695
ch_34tezKR9DHtpumsAsMWrU8XJ,pi_3ujfqLP3VoOTBlOgyanUAONY,in_145P8aJeD7AItpRxe5hWR6mD,cus_1wfXRyaay6Dlm5,100000,100000,0,eur,succeeded,1,0,,,card,visa,2511,4,2026,CA,Subscription update,kate.clark@silverview-industries.example,txn_3d9RfTFod8Wyokq2IEBdqXLs,1764846198
ch_3UZQsSIgIOh4NPNiDoTO1iYq,pi_3kTAvbrMDZBcYDAXFFxXI9qY,in_15TbjyzgfFC5l7ZDo0cHYFeF,cus_jG5mE4VxEWipc7,100000,100000,0,eur,succeeded,1,0,,,card,visa,0557,6,2028,IE,Subscription update,nicole.harris@harris-network-services.example,txn_3ykLLyGH4r6CfCPFDT84nf2N,1764846961
ch_30oSbn0EBkOx9PggBpp5ZX6d,pi_3doNyTwgJPt2bYscrdDG3M1E,in_1koDQrSaTHl3rElCFw5RrSfF,cus_o5sTUZ7x7g9NNL,100000,100000,0,eur,succeeded,1,0,,,card,mastercard,7669,7,2027,US,Subscription update,priya.nguyen@nguyen-network-services.example,txn_33nOSHTYQFWXKyekck9HhmQs,1764925321
ch_3CkESkpDsFabaFZW2RFaUCZu,pi_3fm7CDzL9TcMEr5mAeEwj5FS,in_1x1uy0DKedQGfYNTNF9h3KP9,cus_cXCNr9nh1wf84K,100000,100000,0,eur,succeeded,1,0,,,card,amex,3490,3,2028,CA,Subscription creation,priya.lee@lee-network-services.example,txn_3qnLN60VuFENpypt2M3ey2dG,1764929146
ch_3pTyXPXi9G5F1SZeZtwmNi4J,pi_3SBd8QKXgF004xJZOtDDsbVL,in_1Bgf6qtKtuvz8bSWfJglLjPY,cus_D99w1bwrVxaYWW,59900,59900,0,eur,succeeded,1,0,,,card,visa,9290,6,2026,NL,Subscription creation,pieter.bos@novacore-logistics.example,txn_35VkL3q4flvL0O1bbE3It4gQ,1764952324
py_3RuwRbrDfghwVV7nNLfDUkVy,pi_34JczZo8YlqqeNNDIR8aJdQ4,in_1gCdauMt7C4MQemcZ52LHUjs,cus_zbzhvhoGymjdUy,11500000,11500000,0,eur,succeeded,1,0,,,bank_transfer,,,,,,Subscription creation,accounts.payable@aurelia-grand-hotels-group.example,txn_3QnP5JoAlzZWGaoPSKt5G0QY,1765055039
ch_3Nf5bZQDML4EgN4liYt3VXgQ,pi_37Polef677E5Lu8HSBUvRxOR,in_1d6VvtO1tpxjW3zU3DnzzP4z,cus_zev8gp4gR1fR3X,100000,100000,0,eur,succeeded,1,0,,,card,mastercard,8683,6,2026,IE,Subscription update,eric.lee@bluewave-media.example,txn_3StAJHmLSdlZe968HaVaVTv6,1765099440
py_3J8yiYN7rGoPqJVa3WBOoEHT,pi_3a8F2NFult0WHzIE83ui7cKf,in_1jZAbyunsvTKPFUuxcx5MsK3,cus_eco6tqi9zVk2Rt,200000,200000,0,eur,succeeded,1,0,,,bank_transfer,,,,,,Subscription update,emily.kim@alpineview-wireless-engineering.example,txn_3gfAYAPiHxcsX1AnbiZPD9Ve,1765118362
ch_30fwmgEFa5uKMY3WMrg0eA2p,pi_3AAL8icEwIdh25wNDyG0Rqih,in_1WuzUK95F42uKyrtjQkb6NZA,cus_6JhNVJjYmjyDVe,59900,59900,0,eur,succeeded,1,0,,,card,visa,0102,3,2028,FI,Subscription creation,mikko.salminen@novapoint-it-solutions.example,txn_3eyir0U8xqjt06ABfKtvIBq3,1765120484
ch_3b6cBdYYflQDLpYEFzbTVyHd,pi_3zn7R0j7ylSBts8J9KcJ6fBK,in_1iLhXR1F9DEWIM9NHPbLj2cu,cus_Qo1UxLmgMd15Lj,300000,300000,0,eur,succeeded,1,0,,,card,visa,6063,7,2026,AT,Subscription update,thomas.neumann@postbox.example,txn_3QDrSYB78QELoedwzWh1n1yg,1765174395
ch_3lncaXGEguAYpsW8viZvJ8Y6,pi_3nxzAuMjMW453KiTcEiOv97g,in_1viR4TGMTRMz2M66axiBIaKI,cus_aX0r8GgC6YMCfq,59900,59900,0,eur,succeeded,1,0,,,card,mastercard,8324,2,2027,NL,Subscription creation,wouter.bakker@vertexworks-foods.example,txn_3wmLtGXFqGaqKKAZ8gVIxIXB,1765195273
ch_3oftSpF3V47B6KLXMFqRzd1V,pi_3UEQg4pAYpBbyB9LKLW9TNwP,in_1ReBR5ChUmOgfpguTUPXSKbJ,cus_vUOu4zzyujOzjV,200000,200000,0,eur,succeeded,1,0,,,card,mastercard,5828,8,2027,DE,Subscription update,sabine.schneider@silverpath-technology-group.example,txn_3cmCqSu42EWpe2rO3hjt1VYe,1765261535
ch_35EM5NMfKRG46KZpbdSnLxdw,pi_3R44PaIqkLw4Pg7YJfFU7lvl,in_1JVNJ9CDOycJPnv8g5THk9GS,cus_MttmoWndtpUpMC,179700,179700,0,eur,succeeded,1,0,,,card,visa,5425,11,2026,FR,Subscription update,julie.girard@brightstream-it-solutions.example,txn_3dhQ6vdlFcR3T9tYOXPGtSaO,1765313902
ch_3iE15zmz8WOiQuhmUT35rY4g,pi_3A7tJTjzEvwFVD79XBp8HSSV,in_15iffNR7foTtAqG6C1Yg7HdC,cus_awECscToLjhlvk,100000,100000,0,eur,succeeded,1,0,,,card,mastercard,6232,4,2027,GB,Subscription update,jessica.mitchell@balticgate-construction.example,txn_3LmWJ8wXQxvK7ZcudIT7jqXP,1765381437
ch_3Nwt82ILKU8qCruRuDMYZRnn,pi_35J7kMYgvpoHVC6GBPn9LNCZ,in_1UImWK0oLW5uqrsoLYSjA2ir,cus_1zG6ugNwFepoyp,100000,100000,0,eur,succeeded,1,0,,,card,visa,9544,8,2026,US,Subscription creation,david.young@greenport-telecom.example,txn_312YLRr80AqVB3Oy5jHkt2Np,1765384752
ch_3EYBpFpbf5AOuKp2sSMbfoMa,pi_3xBanOgZR84XO9VCi7kQpR3I,in_1g3fSxdRxUOgHTIkFAEwDxIE,cus_8dMmO4a3SChcQY,100000,100000,0,eur,succeeded,1,0,,,sepa_debit,,,,,,Subscription update,antoine.martin@clearport-telecom.example,txn_3lpekH5lyjGPqAoZ9Tg97D0M,1765388053
ch_3GFjJLvZpjJP0xCzke80JrIT,pi_3jEau3KOaTSJ9qMxncLBEFIN,in_12ScRzckt7nWsLVrIjyPpqlA,cus_kGPU61OzRy1cRT,59900,59900,0,eur,succeeded,1,0,,,card,mastercard,2262,11,2028,US,Subscription update,priya.davis@deltaline-wi-fi-solutions.example,txn_3oZutMIGlD3d58jFKrOZpaio,1765457842
ch_3ZZcHWzLff4Al2LHeo7FmQAQ,pi_3RmWz4qUtRq0rUPK63b2QXm5,in_1cupQc9Higv7VyI8Wbo8UMXD,cus_PytoTWMyP4Myw9,100000,100000,0,eur,succeeded,1,0,,,card,mastercard,9654,2,2027,NL,Subscription creation,pieter.dekker@atlasstream-hotels.example,txn_3CNIQa1Kz5ynZ39YfjSmaZJq,1765464752
ch_3UsN3xWaXD2qdjgIksHhQVw1,pi_34BOnpgl6PjXCnGIk1F3DLeK,in_1tEQPvNvweaV2fku5HURomPb,cus_e4YbTBXqGlITGS,100000,100000,0,eur,succeeded,1,0,,,card,mastercard,0890,8,2028,US,Subscription creation,chris.miller@miller-network-services.example,txn_3Lz9Tis70KupLETXex8kq4vd,1765540268
ch_3R8sG4Nf7Uansp1OyGOczGX4,pi_3sG3ILrirACEXlWBEtlnOumk,in_19Nq3VWxjtCqZNoLDUGBaFhE,cus_tvyx1XZ3ObPK4T,200000,200000,0,eur,succeeded,1,0,,,card,visa,9996,7,2028,NL,Subscription creation,daan.peeters@peeters-network-services.example,txn_3G4BPlqciwx1rZRcJblIiOyP,1765553002
ch_3D47rJ3plStwOWWG9v88FokP,pi_3sZOlK37TUrl7RekPvWrYhYW,in_1Bl8KNK7kkXsemUmQ0NYj4et,cus_aoiUKXCjk1pmHu,59900,59900,0,eur,succeeded,1,0,,,card,amex,9060,7,2028,FI,Subscription update,janne.korhonen@atlasmark-logistics.example,txn_3nhoFAcQ2mNcwqRP8EY7jMb3,1765624292
ch_3dTOfkfUXJPNn41uper1EPg0,pi_3nzeHh3f3XUgEFZNZZE8GcCj,in_183ASu171s13RazRIQgnQKCu,cus_NiiBeI8YrmJGuj,200000,200000,0,eur,succeeded,1,0,,,card,visa,1592,4,2026,US,Subscription update,emily.carter@nordicgate-wireless-engineering.example,txn_3gOmmQj3Ws3A76FLcvvHtt1A,1765626127
ch_3eXi6ZLxmmytqgWwxqcvgxou,pi_3rTQj1ZjYq5lLog76cSsiXgQ,in_1jB5WoK2oFBCZ8QQB06JvXjg,cus_0UKG39xR3R94Ud,59900,59900,0,eur,succeeded,1,0,,,card,visa,1719,5,2027,US,Subscription creation,laura.hall@auroraview-wi-fi-solutions.example,txn_3saeGlPQMl7QbaTyk030tMjU,1765721266
ch_3kvxTWWYDzeuCcTHLVlg50PN,pi_3FUG0M4EzAmtnaym6Jd47qNC,in_1OcgvAvPld1ARNCZgL1dIvju,cus_230JuHmNUC7FVl,100000,100000,0,eur,succeeded,1,0,,,card,mastercard,3732,9,2028,BE,Subscription update,maarten.jansen@inbox.example,txn_3ugqjQZHWAY2IyLqvZtulYjb,1765739519
ch_31cbzaphBc4Mski1INuEVMxw,pi_3PKQgRS3kQUENp0HK8PEFV7U,in_1IHdwDJBHw1BgYt9nfzj5pos,cus_4EhVAy6PKPq8GU,100000,100000,0,eur,succeeded,1,0,,,sepa_debit,,,,,,Subscription update,miguel.diaz@mailbox.example,txn_3W8C3klKkna3cqpYfTu4gt5G,1765743407
ch_3UriDwIP4vo8Kqz97P3aEyHU,pi_3xbZHBRXNTIyQ7S6pOFPEzk1,in_11MlcPGp23cdfKgYN0uGstRl,cus_SgUYxNelqj9QjV,59900,59900,0,eur,succeeded,1,0,,,card,visa,3390,1,2026,US,Subscription creation,ryan.king@postbox.example,txn_37foIFxhlI7kfgPkwlHbD4CC,1765802738
ch_3zcWDOk8jQGDytsYDngyVuOY,pi_3VTwamiTXi5m1zguiWmTlq2G,in_1A7tcGFrzWBL7enWA0mrEj5v,cus_pu7WC0mBj2la99,59900,59900,0,eur,succeeded,1,0,,,card,visa,6195,5,2029,US,Subscription creation,chris.adams@silverport-wireless-engineering.example,txn_3PJvHsi2Xy3l0hBIXdkT7sTO,1765886802
ch_32kcNOEVl1pnjv7ukwy2hcod,pi_3ljAlMWYRfySuksHJK2nQ1XI,in_11jE0LOOFvgJUgxs5ZMAB49J,cus_kGTkmiBSl1WilG,100000,100000,0,eur,succeeded,1,0,,,card,visa,3019,1,2026,FR,Subscription update,nicolas.rousseau@rousseau-network-services.example,txn_3Qr5fwo7qGCxt9ODIXjx7XbC,1765895450
ch_37zTEfiTNlMyRMAbiurxG3zt,pi_3K9GpY7184pIkyrlRFVXnZtm,in_1NvaGR9spTGCI8xi7cC0nSyD,cus_xg3objDOMXUfD7,100000,100000,0,eur,succeeded,1,0,,,card,visa,1540,2,2027,GB,Subscription creation,tom.miller@summitwave-schools.example,txn_3xau123BX4rP4gGtn4PfEU95,1765895818
ch_3tWMwDAhS4G4FF3v5hUnbp0u,pi_31rZ9m1joNeU7IZY1RIQsmci,in_16wc5ban40MRoSihVfSxyUZl,cus_K9EPJoaaGXLTwB,100000,0,0,eur,failed,0,0,expired_card,Your card has expired.,card,visa,3611,7,2025,FR,Subscription update,olivier.lefebvre@crestlink-wireless.example,,1765921071
ch_3ZNl8AULmgfPZGq6HAwbVH3E,pi_3tJXiilIVsg6sLNQmCnNIjur,in_1EnQkMV1dMlMDDDLZ6L3JOEM,cus_kIKS9GUqVt0F6E,59900,59900,0,eur,succeeded,1,0,,,card,mastercard,6179,8,2026,DE,Subscription creation,markus.neumann@greenmark-wi-fi-solutions.example,txn_3Q1LneeZDGVQuX6eswUYMqvs,1765949902
ch_3IRPTA8zBHbUT6ap7Dikdvqw,pi_3K7EjLZO4rkFVp20xlL6Ug0N,in_18YhDIRLb6tATxEPAt5r2cwY,cus_Mx2mtecmQlpa17,59900,59900,0,eur,succeeded,1,0,,,card,visa,7077,9,2028,NL,Subscription creation,thijs.vandijk@van-dijk-network-services.example,txn_31FYqGlH5MSegtw84WU2CvDJ,1765976412
ch_3lawZdmkEex6fL3qzcmj8T4Y,pi_3BjyP9q8SOFpO7lw0IVpt934,in_1exl2vODcgnIWqFMnmZhUwgt,cus_8FpGBbaw5FTgHh,59900,59900,0,eur,succeeded,1,0,,,card,mastercard,1852,8,2027,DE,Subscription update,sabine.weber@westbridge-warehousing.example,txn_3nhQHSUn1mLyo3CyacNQVCyd,1765993031
ch_31gKqyWThWzeNyLLxHfkqzpP,pi_3hTHfgv2nQNv243rRCwAAjWv,in_19FhjruOrMMGLXX8tyII4DyV,cus_4CAGuYkGo1zuPs,300000,300000,0,eur,succeeded,1,0,,,card,mastercard,5559,8,2026,US,Subscription update,priya.thompson@postbox.example,txn_3LTtcC1hbsKs12BBSAZTWGGC,1766041706
ch_3z6uBPKuoHjdRWSLpeEzQ08B,pi_3LdVcfba4RCgFjbpmIcwnQIh,in_1VVvgXIKbDR9qHvLafBmnl3d,cus_XCQ1KF8Hz5XVEE,59900,0,0,eur,failed,0,0,card_declined,Your card was declined.,card,visa,3759,4,2028,CH,Subscription creation,thomas.wagner@lumenline-systems-integration.example,,1766049008
ch_3FdJXS796jkrI1cpZDJCpKlp,pi_3LdVcfba4RCgFjbpmIcwnQIh,in_1VVvgXIKbDR9qHvLafBmnl3d,cus_XCQ1KF8Hz5XVEE,59900,59900,0,eur,succeeded,1,0,,,card,visa,3759,4,2028,CH,Subscription creation,thomas.wagner@lumenline-systems-integration.example,txn_3MzK2ByPBZS4RPgNQLEvtRZP,1766049285
ch_3PzrL3ewIrgmf2EzIrTFEYX0,pi_3XKtj1YS5oXyMcSqgZjBBqvz,in_1lXXcJjlsmUyJkk1SKQgV9lY,cus_b0RQO9UYfaWmJn,100000,100000,0,eur,succeeded,1,0,,,card,mastercard,0579,7,2026,GB,Subscription creation,david.parker@apexline-networks.example,txn_3hBVqWBCJ6ZuBIn2CxFPz5mL,1766136093
ch_34HRrvIIFRpUquUniRfMq9Qc,pi_3ccLNIedk7Cq6kTjYBWCICya,in_1n3F2q3FXx8he3vdeyRrkA5N,cus_nD1Pjov4vC6zJl,100000,100000,0,eur,succeeded,1,0,,,card,amex,6415,4,2027,US,Subscription update,sarah.taylor@cedarcore-clinics.example,txn_3nvbgz7Y13QY1e2Ce4jr4Lr5,1766137643
ch_3uIpnhClMXEb24QZZUJlk7WC,pi_31rZ9m1joNeU7IZY1RIQsmci,in_16wc5ban40MRoSihVfSxyUZl,cus_K9EPJoaaGXLTwB,100000,0,0,eur,failed,0,0,expired_card,Your card has expired.,card,visa,3611,7,2025,FR,Subscription update,olivier.lefebvre@crestlink-wireless.example,,1766185431
ch_3tVK8LWD9Y4KuB1EKmYRnVIx,pi_3UuUkf7YEncTOtZRnvEXD7uQ,in_1k9jtnqWF4PVqZUAOFwWhjR1,cus_CNAXSKRsHTQ6jQ,200000,200000,0,eur,succeeded,1,0,,,card,visa,4551,3,2026,US,Subscription update,steve.williams@balticpath-media.example,txn_3kcGpXUhTozmRbofGNk8JFay,1766197263
ch_3YXegnoVUuGwYgh81SYj1DsD,pi_3M3EWo8khGoE6JeCE6gugZVw,in_1huTbA9LsN0UdTw06BCuMoLm,cus_jzllszrTJSvBCu,59900,59900,0,eur,succeeded,1,0,,,card,mastercard,9517,12,2026,FI,Subscription update,tuomas.nieminen@mailbox.example,txn_3NtG5IgCLfhFGqBUH2ba6NKN,1766225772
ch_3avCVs9R7kdV7FLAbAGQGDpu,pi_3qPSmYBMovpmgr3zWJBYmbJC,in_1ZCt4vZEc1gKM6viYXaSt7Q7,cus_kMLBmBQDS5VRLJ,59900,59900,0,eur,succeeded,1,0,,,card,visa,8423,4,2029,US,Subscription creation,kevin.campbell@beaconstream-clinics.example,txn_3htTXOb887RFHebCZMeGMOGi,1766240803
ch_3ONA7VSW9p7exnjtPcPuFOEQ,pi_3VVwgazwZ0C6IsdKHAxCKnJp,in_1EtaN2rfMEvch8lHRDwTNzGF,cus_1y8LzXMbMF0WqZ,100000,100000,0,eur,succeeded,1,0,,,card,visa,6754,1,2027,DE,Subscription update,julia.schneider@clearmark-rf-consulting.example,txn_3Snsnbn6LyEap3X1r8WHUWw9,1766319989
ch_3O7NLQstnihPUFIpOuzHQ3Tf,pi_3pi6hN5h5IdX0nFjkZR2LyIe,in_1HR3GPSR24j6ggSYDuEb15fd,cus_oT0coMH6YYI2Ci,59900,0,0,eur,failed,0,0,card_declined,Your card has insufficient funds.,card,visa,6867,10,2028,AU,Subscription update,olivia.parker@mailbox.example,,1766366647
ch_3z0QziZxdAnE5560lVUJwlHH,pi_36zuwA8RNhZPHqRbRD2jkKbr,in_1kSVlYgREFu10Fo25ppFZxyN,cus_AaFGiV1maDdzqX,100000,100000,0,eur,succeeded,1,0,,,card,mastercard,9844,4,2028,CA,Subscription update,olivia.king@summitview-foods.example,txn_3DCc9dtVnrrRKu25txpfCwKw,1766391978
ch_3pZhFZiB5sISRqz8ieFYtrQC,pi_33xKTTy2kOsCDC7qF9U9GTBU,in_107Q2weSyOqHiEfBUQyPqJz2,cus_W0ASzHoVBJ3YIN,100000,100000,0,eur,succeeded,1,0,,,card,visa,2436,8,2029,DE,Subscription creation,thomas.wolf@mailbox.example,txn_3j40HAsTFX6vx5sa56ksRkup,1766413027
ch_3XYo4xGiZfLQ8TcIxBK7fnI4,pi_3GqgSdZ9pZlBAujDepJx6A3r,in_1ZDPoN4avZ6QkrYgem3eYg6n,cus_T3Ay5207USD6Ts,100000,100000,0,eur,succeeded,1,0,,,card,visa,8435,2,2029,US,Subscription creation,paul.harris@beacongate-hotels.example,txn_3ZEgImTh637tcZTvVWvPHYGy,1766414727
py_3Ean65F8NqmbPo92aBKjgCO1,pi_33f6DXounMavAmbBFm9YOFpp,in_1qdkcoZ0QhmBdePu1hxFUxxJ,cus_ESYSEPBwEQrkJX,500000,500000,0,eur,succeeded,1,0,,,bank_transfer,,,,,,Subscription update,ben.young@alpinewave-communications.example,txn_35cQ7Pi6jtDWtizXEqAFmJmb,1766451309
ch_3HPOlcffjzQoVwhmCR8GqAZ3,pi_3wJ2tlQauL5pQ1CwzjV0s7zV,in_1vfr98hsgH0oC54UfJiXlaGL,cus_SZP6YRv2KtY8Ug,100000,100000,0,eur,succeeded,1,0,,,card,mastercard,0305,8,2027,BE,Subscription creation,lotte.vos@mailbox.example,txn_3eAXbGvH06DLuri08d8OPP32,1766488670
ch_3bXKYgWDWEE6XgINLEPN4v4y,pi_3rg3gnfCgdfpADlyw0OGm8qb,in_1LdAzwsu3HgQe9Vi2b9KsO3B,cus_KYsUvVhxRvonjC,100000,100000,0,eur,succeeded,1,0,,,card,mastercard,6935,2,2029,BE,Subscription creation,joost.visser@crestfield-wireless.example,txn_3xp0k3JnVeeC976xUZaqnlkT,1766496892
ch_3Hj4X8E3lith2DIUJADsdL6e,pi_3X96zia1wGuNyjqx3seFJFF5,in_1Z869i0xgVgV8YcdEOL9GEKn,cus_6wZQXbJPkGzU3i,59900,59900,0,eur,succeeded,1,0,,,card,visa,9194,9,2027,FR,Subscription update,antoine.martin@martin-wireless-consulting.example,txn_3yibhsBFkHv7CnsOuBHoNe6T,1766517266
ch_3IH5nMPi5g6Tw9X9k4CKNYHZ,pi_3b5inlWfpAXQPIlocAC9RPpm,in_1dw8A7Zqs2ZNGbLX5NSrx9Ig,cus_Tmmg348x51y6tb,100000,100000,0,eur,succeeded,1,0,,,card,visa,9334,5,2028,US,Subscription update,tom.murphy@pinestream-telecom.example,txn_3UEKSW2wA2K6J8wLFcuMVzOn,1766565435
ch_3IiWptbWnmCymd5iHqsZb9qW,pi_341mlyDiUwCfxSAPNbYUVYXU,in_1Kgv0vpfXucllnumvVxzz8Az,cus_hr6Sy80on51Uyn,119800,119800,0,eur,succeeded,1,0,,,sepa_debit,,,,,,Subscription update,antti.saarinen@balticlink-media.example,txn_3ASauapmU72mYdTYe4NfrAQf,1766575369
ch_3ruKH1LmJ13PrVPlkA0Hyymu,pi_31rZ9m1joNeU7IZY1RIQsmci,in_16wc5ban40MRoSihVfSxyUZl,cus_K9EPJoaaGXLTwB,100000,0,0,eur,failed,0,0,expired_card,Your card has expired.,card,visa,3611,7,2025,FR,Subscription update,olivier.lefebvre@crestlink-wireless.example,,1766616591
ch_3SulU8jUyQd3jxxy2Pn1WYAn,pi_3pi6hN5h5IdX0nFjkZR2LyIe,in_1HR3GPSR24j6ggSYDuEb15fd,cus_oT0coMH6YYI2Ci,59900,0,0,eur,failed,0,0,card_declined,Your card has insufficient funds.,card,visa,6867,10,2028,AU,Subscription update,olivia.parker@mailbox.example,,1766629507
ch_3tJVWsZnJZsSyosi8YIXhg3O,pi_3wCBcHhQpQ9mzDSpHoSMtrLd,in_1Za3n8qwebXg4h6nV1U0fbQm,cus_xyzjsUxmJMePqb,100000,100000,0,eur,succeeded,1,0,,,card,visa,0978,4,2028,GB,Subscription creation,michael.scott@ironview-wi-fi-solutions.example,txn_3ltE9OGYNUUPBvjGF5m6bG0w,1766667822
ch_3SXTWuEixOENIysq6vI9aJ1G,pi_3CWMYWQdd0gnAjwSfuAoTTHX,in_1AdaHVfMaBrT1GJJ2RNNXuFH,cus_2I6C1SMWOhgkWx,59900,59900,0,eur,succeeded,1,0,,,card,visa,9128,12,2026,FI,Subscription creation,laura.makinen@atlasstream-wireless.example,txn_3y6eJBUFoyANOfkor5281cuB,1766677074
ch_3aV1fLWLrWHGc8zIrP7Y8Rxv,pi_39BbLi3kTuxT1fDc3fGV1wFd,in_1y4odzlp7dFa5Hr0IQdCWs4U,cus_Bxx0AGGEEk6HjH,100000,100000,0,eur,succeeded,1,0,,,card,visa,9838,8,2026,AU,Subscription update,brian.thompson@thompson-wireless-consulting.example,txn_3Aq2HfIpka9ofFacLPoUS3tn,1766773719
ch_3lYDYco37ufBbfb6EPZI3v1i,pi_38hw4vQxCNsoizRkJIY2ksUY,in_1V1fiVOIN3wwgzmOmElJe7sz,cus_3DvhlOWcLMOG4p,100000,100000,0,eur,succeeded,1,0,,,card,visa,9419,4,2027,US,Subscription update,jessica.kim@kim-network-services.example,txn_3gAb9RBbi2tiDGQEkVqKQXbs,1766847986
ch_3e4CQm78BOvUqqlHgJYbPcDw,pi_3nRR34r7xg1nArTESD6McEps,in_1ngFBhbylChATipWBj4Z0az5,cus_fXMVvqjY3XhmXN,300000,300000,0,eur,succeeded,1,0,,,card,mastercard,9091,11,2027,AU,Subscription update,robert.kelly@inbox.example,txn_3Y1ph1Mz1x26Fojs3mbX7JKj,1766892107
ch_3iPsgnHM3m3CF490FZGnU7Qi,pi_3XTvsyIYn4T06d4ZbJyV0gAi,in_1mF8e0B4DLnPlnigqWj3YFXc,cus_wNEaOnN3q9ymGp,100000,100000,0,eur,succeeded,1,0,,,card,visa,6648,1,2028,DK,Subscription update,nils.sorensen@graniteworks-warehousing.example,txn_3vRdc85DwhzeTNYooeY4vX20,1766896590
ch_3id3A4zXtG4oGcJ5NZHPCldf,pi_3CR3VHQECyV2CZW1Qoh0hpaR,in_1mXDJyx8psLU02ak54LN4iYl,cus_xalKn51erRcp66,100000,100000,0,eur,succeeded,1,0,,,card,visa,3295,9,2027,US,Subscription update,jessica.evans@postbox.example,txn_3MXNpWkB4U9HaF3pMefnRE2N,1766922610
ch_3L6vC1YnFmaE60BcVD8qxZKr,pi_3qHov9DHGY6b6YhOAHWRF22U,in_1zjOeRxtK1CKdER2vD7AXiQR,cus_NtNYw7v2LsHiTL,59900,59900,0,eur,succeeded,1,0,,,card,mastercard,0550,9,2029,DE,Subscription creation,katharina.zimmermann@inbox.example,txn_3MY5rntfol0D5D6pRttW6nbJ,1767018354
ch_3w41kIBz86wqpTGZ97CqKLJW,pi_3f1h9fXY70zCJi4qhHyjze9F,in_1mddjXyKV3nxWXOT8PoRGOsV,cus_TiMZQIC2kLxnN0,59900,59900,0,eur,succeeded,1,0,,,sepa_debit,,,,,,Subscription update,pieter.smit@clearpath-warehousing.example,txn_3RLVe3nq16PJnhCTyOcyF9QP,1767022308
ch_3n5h8mJZpdmTEJFVcOuEPQ2O,pi_3qPcX0HE2Mz4633r6yG7nXIU,in_1Xtxa4nAuJI5f81PIuK411Bz,cus_N9mpttB2MUMfvi,100000,100000,0,eur,succeeded,1,0,,,card,amex,6464,11,2026,GB,Subscription update,rachel.williams@clearpeak-technology-group.example,txn_3O4d0LuTNcw0wZ6x7b2hQk6C,1767030327
ch_31RHp1N6TfPJvWdVH3w1qvGv,pi_3vyw30WgpX01lVOmqupftifO,in_1mIO5be3GAMYzud4pSpuAJ0l,cus_RCICVBEBlaXiEs,200000,200000,0,eur,succeeded,1,0,,,card,visa,9056,3,2028,GB,Subscription creation,nicole.carter@granitebridge-wi-fi-solutions.example,txn_30pqIDxxceXhp4rxiuUQB7H3,1767030829
ch_3yRxvHE1sjguPXEMWZfRxEsZ,pi_3pi6hN5h5IdX0nFjkZR2LyIe,in_1HR3GPSR24j6ggSYDuEb15fd,cus_oT0coMH6YYI2Ci,59900,0,0,eur,failed,0,0,card_declined,Your card has insufficient funds.,card,visa,6867,10,2028,AU,Subscription update,olivia.parker@mailbox.example,,1767061267
ch_3DTXNpQz7suCfARxY6qU71zn,pi_3E2a37t8GJEsTVdNzMbd3kcO,in_16IEHnER5pOigRzi47ukFpjF,cus_r7UDzG8Mbc1zGK,100000,100000,0,eur,succeeded,1,0,,,card,visa,1359,9,2027,FI,Subscription update,kari.virtanen@westpeak-foods.example,txn_3vMM9FXIMpUEGh5E5HZHgv7q,1767091528
ch_3LnmdgCzCv6bVZyEIECS4kvx,pi_3KgG56xinDU3J1VFYtGYIwPB,in_1UJ12M1ug3lTv5rjMn2gOJ3b,cus_Iv8f7gJdxbxlGr,100000,100000,0,eur,succeeded,1,0,,,card,mastercard,2813,6,2026,NZ,Subscription creation,sarah.green@polarpoint-networks.example,txn_3fYV5zfT6h8V8XcGQywjukbD,1767173633
ch_33pdWrBCObFvKCBnROcCFpb5,pi_3yDF9JWVRb6mhOh66iW4B0dD,in_1gFTc0xC1MMPGwk2rSeuKVcd,cus_tSt990X9oCBpP3,59900,59900,0,eur,succeeded,1,0,,,card,mastercard,4063,7,2028,FR,Subscription update,romain.leroy@polarpeak-wi-fi-solutions.example,txn_3497HVi5cCUmOcXsmoXi66YM,1767183853
ch_30kfTjAYhvqyyru9qBuPtE3L,pi_384qAFAeBa5kVU0l9BbbvUCt,in_1ZIgRqcmwo32LMIjbDwlFLzG,cus_sKvmvBTQr1ESjy,100000,100000,0,eur,succeeded,1,0,,,card,mastercard,0550,12,2026,ES,Subscription creation,marta.diaz@ironworks-rf-consulting.example,txn_3T5jEG6wQIf6eINOrj1RmUAV,1767206632
ch_3wAVJ3EfPR9zasjFjqqRwXMN,pi_3XekZ7LCC817RWscV4qdJsnR,in_1teCXnj0VODGXPNarR3lsGDN,cus_H55KgAET1PQ05C,200000,200000,0,eur,succeeded,1,0,,,card,mastercard,5147,4,2026,CH,Subscription creation,sven.zimmermann@greenpoint-wireless-engineering.example,txn_33y3scfIzUqWDx2v9Vu7Fa1d,1767209443
ch_3ddrOfPBOBqYRQW9krY5yqcy,pi_32InUghHXIUjUuCcOpSOuNht,in_17wujB8BkuLJEiYsF62I4VtT,cus_Urc0eaU5ySYjQM,100000,100000,0,eur,succeeded,1,0,,,card,visa,9307,6,2028,DE,Subscription creation,sabine.koch@stonemark-networks.example,txn_3nhEAwoP4z1WiKSrzcXkzCWj,1767280571
ch_3AZq8VaObGl1FQuRdcmmJbSw,pi_35wDcAznRSlq4omVUALJVulB,in_1PHHc0ot7l2FnSyO4WI5ZJkQ,cus_o03knMX24ZvS6z,59900,59900,0,eur,succeeded,1,0,,,card,visa,6348,2,2028,GB,Subscription update,josh.clark@silverpeak-properties.example,txn_3l5hLNZw0Q96iwmhk6HyTtSw,1767282097
py_3NitZv6gNChBpNqJmuTArFwm,pi_3Fm5MwBfwCdVlUxEyPZPg5NS,in_1OwU90KPcOSaafQlkzIKvKx9,cus_TT6IBpiBxFoRN9,119800,119800,0,eur,succeeded,1,0,,,bank_transfer,,,,,,Subscription update,carlos.taylor@clearpoint-wireless.example,txn_3Pb0jhkksdlfUijuEgPEl9si,1767315652
ch_3gnwfYZN5X8Z0LEHnUxoFUOA,pi_3xlCSXefp22KeM1MscwzZslN,in_1zxSdDKjfaiqaho5388qVltX,cus_i1AeutESqLjpB7,59900,59900,0,eur,succeeded,1,0,,,card,visa,6572,9,2029,GB,Subscription creation,paul.lewis@lumencore-networks.example,txn_3lHFZd7FKx0QmFZRXXk6DYd0,1767343561
ch_334rEQMg3M82FdC4oYQit4FL,pi_3Pkm9Rlzi1BhC9Gv6h5ooWYL,in_1qOSNj9EZJ65NjdclqQIfh1e,cus_jxYIsviweHjL16,200000,200000,0,eur,succeeded,1,0,,,card,amex,0812,10,2027,NO,Subscription creation,soren.karlsson@lumenport-wireless.example,txn_31Rktg2qQcpLteqAvaCjc8ny,1767380224
ch_3T653zE94rjCrwkdRF4k0Isj,pi_3yy6KFqTx7QMZTZvgY11DzM2,in_124l6TXl954bi30GOqDQarmS,cus_QzDAPxYzCOL5we,59900,59900,0,eur,succeeded,1,0,,,card,mastercard,9364,9,2026,CA,Subscription update,sarah.moore@moore-network-services.example,txn_3fG7n07J61FALah7VabYBdyD,1767502855
ch_3Gzp2JDqe4jS85VrXcQNB8Yw,pi_38hr4gEMWWVoCICRidPEpzcL,in_1B4J2iU8GFFu4N760O2kjILn,cus_GsjiDKlUhSba8Q,100000,100000,0,eur,succeeded,1,0,,,card,amex,7276,3,2027,US,Subscription update,wei.williams@auroramark-networks.example,txn_3Ps7FJ1HsHz2li7yDRsr6nrC,1767617374
ch_3PY7zgCxJtS8C9nW7woFYPFz,pi_3B9ZcJ2U2byLPCVfzz1GvI4v,in_1oUKOvpEOHJZDJY9XgYV4JZA,cus_ZqxfrvQKIazfVs,400000,400000,0,eur,succeeded,1,0,,,card,amex,6863,12,2027,US,Subscription update,james.jones@signalworks-schools.example,txn_3tEwuvTqTiiJK1iRk3aRvvIL,1767635909
py_3v6GBUXWfWS5TPkyx2Kskcc1,pi_33Pe0HUXyQu9cd8IGA2jrKzj,in_16dx6ZYZNi4Ancwif5DlX1LO,cus_va1nTbrxoUidhA,119800,119800,0,eur,succeeded,1,0,,,bank_transfer,,,,,,Subscription creation,sarah.baker@pineworks-schools.example,txn_3KXanOSj1tEJZfDadAjVjWSg,1767639366
ch_31pEELXFNRUL4a2Yqu9ZQSKC,pi_3sy2SKoMDgZEzgHgaoz5zNpE,in_1Tc60vxji3VjZomchp0l1PLo,cus_w1yXH877Gs9gs8,200000,200000,0,eur,succeeded,1,0,,,card,mastercard,9821,4,2030,GB,Subscription creation,megan.kim@kim-network-services.example,txn_3aYYbo7NVSBPCnayXjQKpafE,1767705242
ch_3VOQR1dmRuYEMkLA6s0EzHFL,pi_32rzskOCU1K3yPPhIydmIx3g,in_1IgD6u60S6dOV7dUGekVdP3I,cus_eIwEs0c1FrXcE4,100000,100000,0,eur,succeeded,1,0,,,card,mastercard,6221,6,2029,FI,Subscription creation,petri.korhonen@graniteview-warehousing.example,txn_3x9vLpfuaTg86sszjqMx3Elj,1767738022
ch_3mVDI3WAM5vcIPegYV7Z5APV,pi_3bHqZ04EucYuFLvOLYCKGlgU,in_1ndaYNNzLIA9UBhdRCROTbGA,cus_XjkZP8gNWotmSU,100000,100000,0,eur,succeeded,1,0,,,card,visa,5793,6,2028,GB,Subscription update,brian.turner@silverbridge-telecom.example,txn_3d1dOubQP8nj9CZ08KZR6oBx,1767779081
ch_3DDxziw9lxPww6mq9WZXFDQT,pi_3ktkXa0xvnkD1m3MyfK5bWOz,in_1Pyodt3ONMH1R9ffmBYdK0Ld,cus_9ynU4t63cxt9pE,59900,59900,0,eur,succeeded,1,0,,,card,visa,8356,12,2029,DE,Subscription update,jan.hartmann@granitebridge-wi-fi-solutions.example,txn_3lBmPAQL2lr5j9ewwZUNtqhT,1767809045
ch_3fVSzHrj4KDbe5YastPQhR48,pi_3l3rTQpsmBT7yJ0rzs6wkZw9,in_1sh6kMchhAsXMVySTsnKWKrt,cus_dhnSKGOPxK4tfe,179700,179700,0,eur,succeeded,1,0,,,card,amex,2799,11,2027,US,Subscription update,matt.campbell@campbell-wireless-consulting.example,txn_3mGmiDjEPO3wmSmJBVxKHzca,1767811847
ch_3f16n9sXA13YlBlPC9uMKKCE,pi_3e93XaYV1l5jnZnJcgA3lWFv,in_1S1AWf1lCcfBipHKZgybMjEo,cus_f9AWqtd3LupO10,100000,100000,0,eur,succeeded,1,0,,,card,visa,5250,9,2028,GB,Subscription creation,john.walker@balticgate-rf-consulting.example,txn_3J6BK90DYP706x11vrjoUsDr,1767878064
ch_38TpNQecU6jHhXyi90eTbnvK,pi_3dMBuVXKWYEQrxpTXtcWMwu0,in_1K2jNh28VB8l6IuBPvMPloM9,cus_MrGzn2NIU7VdD2,59900,59900,0,eur,succeeded,1,0,,,card,amex,4561,12,2030,US,Subscription creation,chris.jackson@clearbridge-foods.example,txn_333O3fPSdjdb5Nh1Cb8wjXLG,1767972463
ch_3x95Xvt0P6lF0IIg7Rr4Vrrz,pi_3x8NzaAe2IhaBK9beVc5qgr5,in_1BF1KgK2mcAPRRinYHABrsc0,cus_BUYyzUyic8fXib,119800,119800,0,eur,succeeded,1,0,,,card,visa,6234,3,2027,US,Subscription creation,olivia.nguyen@graniteline-communications.example,txn_3GObdhdxpEuPUtkYy2Kmdv43,1767973565
ch_3ZWbs9yVWgBNawklD9ziFoK5,pi_3nnEwgOVaN8NwY8LipsSKR3I,in_1NCWUkFfHEa79sEjXpLJOngB,cus_qUM8W0t7Ea340s,119800,119800,0,eur,succeeded,1,0,,,card,mastercard,4684,10,2026,CA,Subscription update,olivia.nelson@signalworks-wi-fi-solutions.example,txn_3kLZsEB8ueXA0SCCg677LoyP,1768061815
ch_31TWRsNvxX3TKUfdovKiWjci,pi_3CvPsQk4xd6TxeDiHG6PKgZh,in_17NPqbfbx0xNilK5Kwfj6Kvb,cus_nHIOQoUfpdw9NT,100000,100000,0,eur,succeeded,1,0,,,card,mastercard,9583,1,2027,US,Subscription update,priya.green@green-network-services.example,txn_3wt4jhTvDY1fWb4UMj2b7zUP,1768142797
ch_3oyYHdf4efISo1FrfyJDdqzt,pi_3Oy1SsgKjNg3JwrRKJx9R0rj,in_1Y87wkYCJPK89YNR0EjjWgvg,cus_KJiMrtOn0d5qsA,400000,400000,0,eur,succeeded,1,0,,,card,mastercard,6818,7,2027,NZ,Subscription update,mark.lewis@summitmark-managed-services.example,txn_39tb705xfPN8EVeD2F1mC4PR,1768285243
py_3fc6I50HyTsiEdMfZO1JCnGC,pi_3WAiZ7G6Q2jYaIZoUfAFLglx,in_1wqH7GoCXL3NLHQyScoy693O,cus_KyFDnYgZcs2xSS,200000,200000,0,eur,succeeded,1,0,,,bank_transfer,,,,,,Subscription update,ben.lee@deltawave-it-solutions.example,txn_3fxiXdZ7cviM4gLEk0ERY8zt,1768297205
ch_3Nc6nvZee5Ln7z7GDbEl8RRE,pi_34K2O0P9CIY5sEU0pfUYdjPn,in_1Fh11wG59eX8EnLUSUIkKBM6,cus_1L5mESJ6enTn83,100000,100000,0,eur,succeeded,1,0,,,card,visa,2225,1,2026,FI,Subscription update,eero.makela@maplewave-rf-consulting.example,txn_3NbIyFzPrRDy5XjixOocWPtk,1768332903
ch_3aeCzu1EL0aXQlDw9Dqm5gdu,pi_3BXQj1VdhpopcRvZxH8r7YUT,in_1fZTztknSfWgMn7EcwOjkKLe,cus_KubJURaYADdeoF,100000,100000,0,eur,succeeded,1,0,,,card,visa,2107,10,2027,AU,Subscription creation,ryan.miller@inbox.example,txn_3fIUxtmjf7P57CFFcZqEY4zl,1768372419
ch_3GlxNcZvNLYPKl4lJGqljRCW,pi_3KmkzwZVOqchjuFfaZMnMlUl,in_15Wdo5sOh7iPi3AvEr6zPruY,cus_MgNx0OMclWe2Xl,100000,100000,0,eur,succeeded,1,0,,,card,visa,8914,6,2030,CA,Subscription creation,robert.thomas@granitepeak-clinics.example,txn_3WTfkVhxUtzB3NDwS9nJTe1M,1768389630
ch_3DyncJFTNuActaI6zvgCa2dw,pi_3pyWtROoLggF9s5K6IdgUSBW,in_1ZjGiz2goVxV6bGwn7K3cr5w,cus_ON5la0tE502pFf,119800,119800,0,eur,succeeded,1,0,,,card,visa,2573,8,2028,US,Subscription creation,ben.white@signalwave-systems-integration.example,txn_3W01BI0OhBGPnH3u00MjbHCS,1768410681
ch_3Uxx8gmm3k7YppmSZSvW0lTl,pi_3YX1DLq5kl4Xs30l2KWNfvPy,in_1FBHK0bYxxOpAuTkuBGmOScv,cus_Jf633M4gB27BE5,100000,100000,0,eur,succeeded,1,0,,,card,visa,4144,6,2028,DE,Subscription update,lukas.meyer@inbox.example,txn_302KSyVqOEOQB0TGkgrBVLHE,1768422237
ch_3iQv6eKKKbhlJQcRW5IxKBG1,pi_3CKykmCAXDTXuvSzJ55DHXs5,in_1n6dIEcJlQxeql2Nh7UHANdn,cus_c0LZHSLGfY0rqD,59900,59900,0,eur,succeeded,1,0,,,card,mastercard,8013,12,2027,GB,Subscription update,josh.thomas@cedarview-hotels.example,txn_3bpJl2HwONGTBCE4gHkTXsFb,1768478012
ch_3qrUWlkLrjOBqm4PkyxSpLtY,pi_3jpbCzt1WP1XjFo6HZOBgEoT,in_1LDJz9VtT9fkOGc9ZFHDWmWO,cus_ZhcE7pbuCPkTAr,300000,300000,0,eur,succeeded,1,0,,,card,amex,1780,4,2027,BE,Subscription update,bram.deboer@bluefield-hotels.example,txn_3xYUf0HlrdFhWHQ2TBQHTJNw,1768482628
ch_34NOzTM7D7vhuO7D0zheeP0o,pi_3WJN9RHn0k1kjcXI84Rdhk7E,in_1SC0NGyENHcWy5XGARUVJx8m,cus_vZHd963TpuxLYP,100000,100000,0,eur,succeeded,1,0,,,card,visa,2726,10,2027,AU,Subscription update,jason.thompson@northwave-rf-consulting.example,txn_3qRkndm564YEWHJyIWwXQaKH,1768493738
ch_3ikCw40vpHrzDO7hoz8guU5N,pi_3zGRczgFpfPynAbnG8H46sOi,in_1K2AmlzDWEIJhkysQIfAkhiP,cus_1Y5SUtnggYIHqn,100000,100000,0,eur,succeeded,1,0,,,card,mastercard,3610,12,2029,DE,Subscription creation,florian.koch@deltabridge-wi-fi-solutions.example,txn_3birzMObSHxXQ7qPLt79a8E6,1768493824
ch_3eSulgQ1hsxZ4VayC9p2KkM1,pi_31KlPrMzT1YNsx8qb6UJb6bT,in_1X6rkL5Rv8QXdbf0kBZbcbUr,cus_2RfkSRpsxz8w30,100000,100000,0,eur,succeeded,1,0,,,card,visa,1347,7,2029,US,Subscription update,jason.anderson@cedarcore-industries.example,txn_3nI7Kie9zlcVg8b6M4I47JC5,1768552228
ch_36s2fP52fc8MIeW9ohqU8tPy,pi_35FZ1UqqZvI1SZ1qZ9KMMPa1,in_1Idt1a2S1q9A4pAjSiPhTlbE,cus_F34iEyRLJnrkns,100000,100000,0,eur,succeeded,1,0,,,card,mastercard,2354,8,2029,DE,Subscription update,tobias.zimmermann@pineline-properties.example,txn_3ZohDf48wEeNqI5zk4CwuobD,1768565653
ch_332lmaQdqd6PKoJr7wXQxOCZ,pi_3hgtVLExaQyGCJIJo6GFU544,in_1kvg5G564l3dgVnEAAMqobGG,cus_tCcxoZTwnnTRZk,100000,100000,0,eur,succeeded,1,0,,,card,mastercard,9821,9,2028,GB,Subscription creation,brian.harris@harris-network-services.example,txn_3uiMkA5t63ygAudAcVFAvuXX,1768578640
ch_3ldXEGe58wzPoqWqolGZTWTG,pi_3kK2k4iMmbjsT9ghNC8zJNPY,in_1iMJmDJ4nKxafldyWbXUJaTm,cus_zy6HuKbAGlhYJ4,59900,59900,0,eur,succeeded,1,0,,,sepa_debit,,,,,,Subscription update,maria.navarro@nordicfield-communications.example,txn_34QwO9oIW9ztn2oviINeXosp,1768602481
ch_3mRWzBz5ju6rrLTNmRk6alcW,pi_3xCx2t4vpNlgWIvJrMigJJwy,in_1CnLVp3lu2A2zoyjnLHZ7pad,cus_ye6ql8EqUFdgXD,100000,100000,0,eur,succeeded,1,0,,,card,visa,0962,10,2028,CA,Subscription update,jason.evans@beaconpeak-wi-fi-solutions.example,txn_36xFOYnh3DEJGR5fwutg4L4e,1768757448
ch_3V8AcAXlcX4xtydBpebU2KbY,pi_370gktUubnhwr4ubYNOhdPRw,in_1N4738TgcWEzehiQNH9bNVqT,cus_ouOoPSXuPcNIbx,59900,59900,0,eur,succeeded,1,0,,,card,mastercard,4102,1,2027,DE,Subscription update,katharina.neumann@deltamark-wireless.example,txn_3IUuT6EgeH0rCMQEoQxGh2MP,1768822443
ch_3xhlH437x1kJPTspUK0E8wSG,pi_3v8kiy00eFJSSQvOAHs8cH1e,in_1BsRrle5uRZmVmNN5sdu5Rgb,cus_yjw5vXcPOgnMha,59900,59900,0,eur,succeeded,1,0,,,card,mastercard,6602,5,2027,BE,Subscription update,maarten.peeters@apexport-communications.example,txn_34aqftRhYjNgmPhJEkrdMsmf,1768904370
ch_39j0taRM6t0kRXoElKBYTQ3V,pi_3N33FhHoi06K9pxIvHKtY4Ek,in_1F1yq5qlqkUdaP7BHfMchJuA,cus_Xq5y74hx31KR1l,100000,100000,0,eur,succeeded,1,0,,,card,mastercard,0975,12,2027,GB,Subscription creation,rachel.nelson@stonegate-wi-fi-solutions.example,txn_3e67fyUzPRULGAIJ4fPELRlC,1768916131
ch_3BSMhwRvvEKuJhYmNJApGxEL,pi_3pXXTo1SuS9NTKDb4Qqah8aT,in_13AS7CVAq61fiWlzBAbNhnO4,cus_hl5Y5qZQveZ1gp,59900,59900,0,eur,succeeded,1,0,,,card,visa,7216,7,2027,GB,Subscription creation,olivia.nelson@polarwave-retail-group.example,txn_3TvgDJn0Px14jIkgSmkeILJw,1768923612
py_3LPnihuHzNHovjS3N0MdMRe7,pi_3ydJEM8G5ULTRDWRcdF0qKTF,in_1gfba02hicywt14EVt3LfJby,cus_7fN9oFykIhkrIq,119800,119800,0,eur,succeeded,1,0,,,bank_transfer,,,,,,Subscription creation,raj.wilson@apexport-schools.example,txn_3xz6VM5VSm4B4CwrLtWPAbRw,1768927824
ch_37A1yaFM2aMHeGSQJRjFfv8k,pi_3hMdgzvSnyEHF6pOnBq4oZlK,in_1Z1W2Oo657pG3HoTDkozsp2H,cus_DiLY7Y6pBNAv3U,59900,59900,0,eur,succeeded,1,0,,,card,visa,2438,8,2027,BE,Subscription creation,niels.bakker@mailbox.example,txn_3aBHC4b9Q6XIdOjZf7wZTDku,1768974403
ch_3cwn9jErATI904z9g61BvW7U,pi_3a5Lm2jnlzpDQDmrAg527PWM,in_1XapgX07W8V28luAdXEbsGEM,cus_EnOesyMjrFnPDM,100000,100000,0,eur,succeeded,1,0,,,card,visa,0047,11,2027,NZ,Subscription creation,mark.thompson@cedarcore-rf-consulting.example,txn_3tn2qKXlrPOkvmOdUdUC6S0H,1768989678
py_3AAm0CgWSwX9FXFlJuwGbju1,pi_36tb7jR5NK3S3MOhmT19szWp,in_15wCkk1fOthswCV0731dBagz,cus_HzyFljMgiztP9e,200000,200000,0,eur,succeeded,1,0,,,bank_transfer,,,,,,Subscription creation,katharina.kruger@deltapeak-logistics.example,txn_3hIldhS4JAYwkiYZkAs7WeKy,1769024541
ch_3Obe5XDTgc7gD063SU6iFTzb,pi_3yHBQ2YaX1eCCByEoRciWIkF,in_120gkFzChlRgj6ZpFxLW4pe5,cus_Fo0dYCeC7uzEKP,100000,100000,0,eur,succeeded,1,0,,,card,visa,0122,5,2029,DE,Subscription creation,florian.hoffmann@signalstream-wi-fi-solutions.example,txn_3hdiCZQvTd21bSmWnNFj8Ch9,1769082628
ch_3Ct8AOECFbwuYOAMzGIXu4C3,pi_3qJOeTZ8NgZ7pd0luuPELNei,in_1B6eOpBxJLbzyNcJqChV11Mx,cus_Ht1NWX1xNSShyD,100000,100000,0,eur,succeeded,1,0,,,card,visa,0236,7,2027,CA,Subscription creation,david.wilson@wilson-wireless-consulting.example,txn_3EmPSt640ko06sJo0QKSGQpm,1769096480
ch_34YLyscdW8n1Cql1298QUPJL,pi_375HVPGB4EUV0IZShqaO8Irh,in_1IRl3JLshFpUxudToFvHWkVX,cus_87MrFrS3PVcUxh,100000,100000,0,eur,succeeded,1,0,,,card,mastercard,8234,5,2028,US,Subscription update,michael.white@white-network-services.example,txn_3kYT85G48ISGNeHGiDRxB5qI,1769098720
ch_3rlacWvsk9fbTmGEtuChg9dK,pi_3iH8VNMEDndGmUCgTBliLD3b,in_1W7BA6s07pVhJifecpLXTUz5,cus_f3oC0J8dnxpHQ2,100000,100000,0,eur,succeeded,1,0,,,card,mastercard,6780,1,2028,SE,Subscription creation,erik.holm@clearpath-retail-group.example,txn_3FyUUp9WwmhUa6x4EnqFMAHZ,1769179219
ch_39yroA4u94Z7s7guH4C0jGCA,pi_3j2PvSItxTsjAg6DXPSqxynN,in_1Ikv8PgMoEC802Qt4TDpOBdm,cus_b8QvPR7Z8SYOun,100000,100000,0,eur,succeeded,1,0,,,card,visa,0941,10,2027,AT,Subscription update,julia.wolf@atlasmark-wireless.example,txn_3W30Ezic6i5Ja6Z43LnUBvU9,1769291959
ch_3VOsg96fzndnv3bfpJ6n912v,pi_3wxOITJtoRb0PEttfetJya1Y,in_1gSm8KVCwhASl7ymfG5h8xsn,cus_QpDJrwp74ahBq9,179700,179700,0,eur,succeeded,1,0,,,card,mastercard,1487,2,2028,US,Subscription creation,kate.jackson@vertexlink-wi-fi-solutions.example,txn_3MQQGrUsdULMbBlIr7K1GCnE,1769429550
ch_3nzMHZOLHFjhPQfh4yUxYddZ,pi_3ZOoaMXyBY9yqwBnWgsn3MQs,in_1gqdb2h1jm7s12dkYYu3EIhl,cus_eJ0Q10vj1H0OOc,100000,100000,0,eur,succeeded,1,0,,,card,visa,8194,2,2028,GB,Subscription creation,priya.young@young-network-services.example,txn_3iqaH8YeaLpFWFflUNSroitQ,1769434498
ch_3035O8aZgkLSGognq7b5ilgU,pi_3olx61hukzyOPCjjVyCawqEV,in_1sCr0qP24nqMjMNMTuFeUL0O,cus_yWoopKfNHcL3EQ,100000,100000,0,eur,succeeded,1,0,,,card,visa,7148,1,2027,CA,Subscription creation,josh.collins@signalport-properties.example,txn_3A1olmdf4EiiSCs3kZ70aayW,1769450727
ch_3251GMvftIzuPZuTcBSzKncK,pi_3CsT0dnlkExMyuzwTxxddTH8,in_1VdkHu8v8XohAufLlqRLLVwj,cus_W7jDuNX4F7cz0D,59900,59900,0,eur,succeeded,1,0,,,card,visa,4907,5,2026,US,Subscription update,nicole.martin@novagate-rf-consulting.example,txn_38ReB7BHl5jVTMdXMssMYqPo,1769490392
ch_3M1iEZhtZ6Q8dfd9kHcvDesu,pi_3xXqnTJPZpPVvtexOET1GKV9,in_17ldeEJtkvGVytnvVhHn0xNu,cus_OS5RMcbUSCvVkY,100000,100000,0,eur,succeeded,1,0,,,card,visa,5691,10,2026,FI,Subscription update,timo.korhonen@silvercore-retail-group.example,txn_3chvTJkmh2AdxomxJkc5CAYh,1769495307
ch_3gmdS8sITk3EYSbudD13i1Db,pi_3b7V35d5JVDh1zD7euf4BDNe,in_1ARKqJWM2F73ERWgTFh70nHi,cus_C05YhqzkN8QCZ6,100000,100000,0,eur,succeeded,1,0,,,card,visa,8814,10,2030,DE,Subscription creation,stefan.kruger@harborbridge-systems-integration.example,txn_3lzXrL2Qi8Q5uPNBrnI2ZiXl,1769510344
ch_3JLz2fFloQxw8UJCMxGQPYYK,pi_35XVddDvzffTHaApxWv3WwYN,in_1D4sK94nzhx9yrPdiQN1aggq,cus_xitreqJCh0dvGP,300000,300000,0,eur,succeeded,1,0,,,card,visa,9484,10,2027,FI,Subscription creation,petri.hamalainen@summitcore-systems-integration.example,txn_3qa2sHarUPWNk0tFBmmXEC3W,1769605731
ch_3xqRQrEiW1bkCcGEyHsBdm8p,pi_3M9cNtQmUFh1iuC8R3vXtq7j,in_1mgPFoxr0q2PEefVupZumszv,cus_LQZI4PTnJwki0P,100000,100000,0,eur,succeeded,1,0,,,card,amex,8592,4,2029,US,Subscription creation,jessica.roberts@auroragate-systems-integration.example,txn_3ySW0SnBIFKAV3il00wsE6f1,1769676453
ch_3QAzVXMZCS8iIGtjww1DS4VY,pi_3aSDwRKuREDQ0VNUfnkp8xBM,in_1Yh9l9ut2mbkZ0tqUBauQwu3,cus_XeoUXlFt7BVUWi,59900,59900,0,eur,succeeded,1,0,,,card,mastercard,3325,2,2026,DE,Subscription update,andreas.schmidt@ironlink-schools.example,txn_3yXgjHrNugW1D8idCl6unghV,1769682944
ch_3fPnSioYThNWCfq1QpYKBo6r,pi_3Ylj195FVpqnFy8fapcKNKXT,in_1XpxRI6xybDNRu9dctn2crHI,cus_AgnaN9NZYfUTH3,299500,299500,0,eur,succeeded,1,0,,,card,visa,9566,6,2029,FR,Subscription update,maxime.rousseau@northcore-systems-integration.example,txn_35eo4up8yrFfyABKmFO6zWuK,1769705828
ch_36CRuzoFGCLaNF6eFSLOO7ss,pi_3zDKvLpPXC7VNiqV2sB48ECc,in_1RfFYzQzWRrrDOBweiDIcwNC,cus_qJz162aQGrDNcv,100000,100000,0,eur,succeeded,1,0,,,card,mastercard,8646,6,2030,CA,Subscription creation,kate.williams@silverlink-clinics.example,txn_32iGUXvUgaLy1DNnjLhQnMIi,1769743660
ch_3YtcrvsA7T3XPm3nJR5rimX5,pi_34S3IyPPbuJvfsTrpNPIsgJi,in_1DLBUEVRn6g0oacNA8Kolg4i,cus_F983kzLqaSqrz4,100000,100000,0,eur,succeeded,1,0,,,card,visa,9550,12,2028,US,Subscription update,sarah.nguyen@harborpeak-wi-fi-solutions.example,txn_3xtzEJD2eWQKwMJvXRym9jHq,1769794472
ch_3LK9vtfitiqhcdhhhNWUK7Sm,pi_3AgjcmfCd1w46jD8uzLLalur,in_1PKLxZ1RTDH2o70BALVLh34d,cus_CBZ3tdAGY6MEyX,300000,300000,0,eur,succeeded,1,0,,,card,visa,2980,3,2029,BE,Subscription update,lotte.devries@ironmark-foods.example,txn_3EH8ER3INXbSxRDWqv6q5tjB,1769861803
ch_3kt8uloDMfFBigOIJlNKYYw7,pi_3dtIll8PNXJhqfByIgJW6EP5,in_13xrmixTMakuf4DwXASWUbGP,cus_fIiJkHBsOsJIFh,100000,100000,0,eur,succeeded,1,0,,,sepa_debit,,,,,,Subscription update,antti.heikkinen@heikkinen-wireless-consulting.example,txn_3z3VAQ5KIP6V6FOl1xDDLZWy,1769876810
ch_3ChXo8Wd3aQfoWhljueEcjEb,pi_30HccWLIC2tX0NHC5606t4jH,in_1tY2B9YqURVTMiNfcOy1hpbe,cus_V10K6QDJI2mrcA,59900,59900,0,eur,succeeded,1,0,,,card,visa,9508,10,2027,SE,Subscription creation,frida.madsen@vertexview-construction.example,txn_3F6YfHj9O59tC45xfDF1Mgws,1769957263
ch_38Np5wiOFLG9rG7OOgHl0q1L,pi_3O1ntRvNbgfgYYZnhlmBg6im,in_1MMgZVCCWwWn4wH2bABsNi2D,cus_g07X7jbR2tno9w,200000,200000,0,eur,succeeded,1,0,,,card,mastercard,8450,1,2027,GB,Subscription creation,megan.walker@crestwave-it-solutions.example,txn_3KgnLLUa9QgirfAYDGeTMBPR,1770033973
ch_3PG4iixgU6LPpO1E37mUWWy4,pi_3s30XEMjsY1gO14s4DfNkITB,in_1H7Xy7mXqKl5n4rEzVFIG5zk,cus_1Br5p1noeQzzNJ,59900,59900,0,eur,succeeded,1,0,,,card,visa,0346,11,2028,US,Subscription creation,ben.moore@silverworks-rf-consulting.example,txn_37ywvRJ3hIbgcl3Mih31ymSL,1770107401
ch_3t20YD3EMpo8w0fY6BwIbml2,pi_3D2ZoB4ANCGVjPqvSS5dAuMH,in_1xmLIub1ftPXmfVaM8m51LFg,cus_zaHLhmS703foem,100000,100000,0,eur,succeeded,1,0,,,card,mastercard,8722,2,2029,NO,Subscription creation,mats.holm@cedarbridge-managed-services.example,txn_3ECvlTMqS395UqikEExB4qjI,1770132778
ch_3J1MjODkbPHKJNrm9kWjgI0a,pi_3FknAQnYZTz8iDn2vjjk3mZL,in_1zeSkgusPGOFSAPPRuPfrOMa,cus_POXsMiu45w1rvd,59900,59900,0,eur,succeeded,1,0,,,card,mastercard,0000,10,2029,FI,Subscription creation,laura.salminen@salminen-wireless-consulting.example,txn_3k7vGemUDMbGsEcabrZpXfyt,1770134934
ch_3FziN6aIDHZ1EnrPSbREAV52,pi_3BGHOFhKED3XKPqRM5V0nwTD,in_1uUCZVNLJZw1S4ljDOC9e73c,cus_juXwdbpk5VA0ev,100000,100000,100000,eur,succeeded,1,1,,,card,amex,5165,7,2027,US,Subscription creation,amanda.wright@wright-wireless-consulting.example,txn_3Fnsd2XIZJz1n3w2lJpRH2xG,1770174359
ch_3JSDVrMXkZbyimXvZDbii2g4,pi_3TpbGaBFVFY4Vgix15ERdNao,in_1BhnVuRYYFqdvc13lIW6EYJW,cus_p6GmBhA2czIYCq,100000,100000,0,eur,succeeded,1,0,,,card,visa,5493,3,2029,GB,Subscription creation,daniel.phillips@inbox.example,txn_39fBXBvvhU7A4F2ebdC0grSa,1770196975
ch_3WBsbMASePWQhrYvoKWtBO53,pi_3OOu4vSsDNyjjy3vxqD8j4Wd,in_1K7tKcSIVND4qHtRwHMTpwRT,cus_sjWtufXShxHYkf,59900,59900,0,eur,succeeded,1,0,,,card,visa,2974,3,2027,FI,Subscription update,antti.korhonen@korhonen-network-services.example,txn_3szJ1p2I6I69ex4VfdDoG0vS,1770203506
ch_34gaYsSRajcsjnIPEwKj3llo,pi_3zxmp6Vg5iTjivE2LtSLx9Fb,in_1LpeUSk5dY2ZNqH49DYR1Hac,cus_3l6uRVictKfgMI,100000,100000,0,eur,succeeded,1,0,,,card,mastercard,0680,5,2029,CA,Subscription update,mark.collins@mapleline-wi-fi-solutions.example,txn_3lwTz4wNHdnlrUX42bZpj3jL,1770218388
ch_3Tke9kuNPojHtv03CGxhF5It,pi_3iVyAG4WLXGC0kbJ7UGGGOQy,in_1jnzvDl5XDR2uXvmFla8ydzB,cus_OoSqL8QXlbFHzo,100000,100000,0,eur,succeeded,1,0,,,card,mastercard,9618,11,2026,NO,Subscription update,bjorn.holm@westpeak-clinics.example,txn_35YD1d0DVbHZpjkO5svNaZbw,1770270756
ch_3JOrwg0TL7T212dcHhundisE,pi_3qDgUXdtOE4OtLJS7xVH9PPW,in_1dNZ6DH42FvPiZHyYfY6B07Y,cus_epIZQjeBkV1rhZ,100000,100000,0,eur,succeeded,1,0,,,card,visa,0480,7,2027,US,Subscription update,nicole.harris@atlasstream-industries.example,txn_3SLsFdTDLafxAWmiXvh9qjGg,1770277432
ch_3xweETxm6chpcAXATz3cOevd,pi_32h4LfDXdXHZz390ZHCXCDDi,in_1RHOOiun95hO8ErcpGAUQVLu,cus_I7G6nTYaRXo6f1,300000,300000,0,eur,succeeded,1,0,,,card,visa,0002,9,2028,GB,Subscription creation,amanda.scott@aurorafield-wireless-engineering.example,txn_3PBcupOrmfue1GGRt7cbnLDl,1770291685
ch_3tR7jlOILReh7f0rs110NfE0,pi_35FgZfqzW5MMfEU0eQaoSAcr,in_1awkXRYJ7O5N0l7htoPtnRgQ,cus_BQCxQjwmgveJno,100000,100000,0,eur,succeeded,1,0,,,card,amex,0743,11,2028,US,Subscription creation,josh.baker@silverlink-wi-fi-solutions.example,txn_3jhITvwr8ljEbSatlkR3gCtW,1770374522
ch_3Sw9BwTfarK48B92ZjxBU2Jf,pi_3KNNU3skmFtPVHgxPEj1ZDqI,in_1im3PFrkeNsw8219joHlx13t,cus_836OPOEZE6kToG,200000,200000,0,eur,succeeded,1,0,,,card,mastercard,6863,12,2029,DE,Subscription creation,florian.hartmann@vertexwave-wireless.example,txn_3ZvaFV1IBIuV1uf8l21FE1d4,1770381258
ch_34CISnB8HhbU03Qf2Taeqiky,pi_3jMrWyTEExhVJGjigzidnPP3,in_1SW3KJJexWLnqro4A5XoQ24L,cus_JRCgy7fZEbWJf7,100000,100000,0,eur,succeeded,1,0,,,card,visa,9392,11,2030,GB,Subscription creation,ryan.harris@stonepath-media.example,txn_3oxbSRyxB4PCvfospFNpBC43,1770381296
ch_3rhpip5Ju5hhb2LcD3e4Qsqd,pi_3Gjji2qwbspQyyrtgaki3SkF,in_1C01BF19FH7zU5jANTPbs6Ip,cus_39pOsxALIbHHZ8,100000,0,0,eur,failed,0,0,card_declined,Your card was declined.,card,visa,2196,7,2029,DE,Subscription creation,florian.kruger@westpeak-wi-fi-solutions.example,,1770383886
ch_3iTxdGW26cxOzMnKlgk9Zfyo,pi_3Gjji2qwbspQyyrtgaki3SkF,in_1C01BF19FH7zU5jANTPbs6Ip,cus_39pOsxALIbHHZ8,100000,100000,0,eur,succeeded,1,0,,,card,visa,2196,7,2029,DE,Subscription creation,florian.kruger@westpeak-wi-fi-solutions.example,txn_32YDaKNrxuKgpQ2PQLZckZgs,1770384198
ch_34GcgKy1o6IierVsEzSHUndm,pi_3bb538TMqNZAASPUOvV8nY9I,in_1NagB4VzQq95VT6pV4cDwwDf,cus_anhYF8NWXAXmP6,59900,59900,0,eur,succeeded,1,0,,,card,mastercard,4093,6,2026,US,Subscription update,olivia.miller@mailbox.example,txn_39ndu7lISou8ZQLuUQFUPJnV,1770385654
ch_3caomJSPFZU1ljpXSsDi5QwG,pi_3BL0rr4YF17vKTFLNuqG4sEx,in_1MshEDvFcBsdqv0ZCq7ILDtR,cus_zcIZi5FjpdKQOr,100000,100000,0,eur,succeeded,1,0,,,card,visa,8436,10,2027,US,Subscription update,eric.young@auroraview-wireless.example,txn_3Z8D6K0UJm0RybB2JiXbjPXF,1770461684
ch_3mkYgJXXnpdSJAvKhqezdUP8,pi_3CUjL2CAnoVU5G1ufvlgPsDa,in_12p34AGZbuPiZ6zDqFylNbCm,cus_vvBCgLNwJA4hQB,100000,100000,0,eur,succeeded,1,0,,,card,visa,1943,12,2028,CA,Subscription update,michael.harris@summitwave-wireless.example,txn_3yyteDUP7xZTHFve6gkd6z7w,1770465221
ch_3aLjrl0GqCv1yOmdujiWqgYA,pi_3EzvUZT5BAT5TLAc3ZotgQXY,in_1r4FOvflUnD6n2N2x6tBC0M5,cus_a5y3L8adwvLfvd,59900,59900,0,eur,succeeded,1,0,,,card,amex,3397,1,2027,US,Subscription update,robert.campbell@westline-wi-fi-solutions.example,txn_3SW9QMEd64xiFpb4Z280Mkhs,1770538344
ch_3NTqnRTBEjAwcrWGcq3NxfWh,pi_3MWLadsWtFShGcL0ru4JCQzJ,in_1XTHGcpBfvwkGOilCcpUZdwg,cus_efw0WAnU82fZPD,59900,59900,0,eur,succeeded,1,0,,,card,mastercard,6916,2,2028,DK,Subscription creation,rasmus.jensen@polarport-wireless.example,txn_3H2pogBq6FeQK9bvzZzYg7E1,1770551845
ch_30k2AlhsqgJgDwukNC4qIZhy,pi_3N9UfFnnWCfz8PgQJa4hqQBb,in_1kRVpuLGwsd04Jxt7XTVQOfS,cus_Q3KetG72KB0D4b,100000,100000,0,eur,succeeded,1,0,,,card,visa,4399,3,2028,FI,Subscription creation,kari.ahonen@vertexworks-wireless-engineering.example,txn_3VudpNT1nrqwF4DvQ3KdlItk,1770553017
ch_3t9oDmBG1NqZiIcnZicL3VNY,pi_3hXwu245IY4F2CyaMbrXaidp,in_1zU5nUwLj4qA59Q6hfB7t6ll,cus_vowdwz57jrmNxx,100000,100000,0,eur,succeeded,1,0,,,card,visa,0589,11,2028,CA,Subscription creation,priya.thomas@inbox.example,txn_3POEG3sIH0jGZUhESXFDgj9N,1770650721
ch_3Qjx8o46ZjQnG2HOytQItx0o,pi_33UwbrxI6o5e6FKz72NMQ0le,in_1HulmqbPFvG06pdmODwK8wWV,cus_bp4y84vr4e97b6,100000,0,0,eur,failed,0,0,expired_card,Your card has expired.,card,visa,7512,7,2025,US,Subscription update,wei.young@novamark-clinics.example,,1770696956
ch_3qq1bRtpiqgJmyygLOj8z69j,pi_3u6bIW3HSJDUj5S7p98CFHkK,in_1UjKjRWXD4tFXrXwk9zfaUVj,cus_NrCcm1gmTxHYoi,59900,59900,0,eur,succeeded,1,0,,,card,mastercard,7048,2,2029,FI,Subscription creation,kari.virtanen@vertexcore-foods.example,txn_3I5PAtjITgS2aP4L9N3NmaDs,1770702134
ch_3RbIyb373GSYM6UMFJ41BZhQ,pi_3ugy03hAqo3PKMA10AdXyfb3,in_12egq2G0DETqX7tkB5X17WW0,cus_D9DqVcVkNMsPWM,200000,200000,0,eur,succeeded,1,0,,,card,mastercard,0023,4,2027,GB,Subscription creation,megan.thompson@greenmark-foods.example,txn_31Xa9XsLLKGzy7tA4huDmJlq,1770725666
ch_3jWysmnsBzqXMfsCGn93XWHB,pi_3Q5vDKhiGHlwx44h63jmi7U7,in_1MUgJcWllQP1OoDi2yNVHHEK,cus_1qAabNTtrV3T4n,59900,59900,0,eur,succeeded,1,0,,,card,visa,8760,11,2029,GB,Subscription creation,ben.murphy@apexpoint-schools.example,txn_3N7EZpC7WUL4xgxonZIearRy,1770735093
ch_3jdyvbjVgQTDuCWF2nEEHcEr,pi_3KZnSSuF0YWfVqEIRn4WjB5b,in_1RJn5nfreTpkDEnw3vg9352u,cus_0nXKrlLlzmE8Mz,100000,100000,0,eur,succeeded,1,0,,,card,visa,9042,9,2027,CH,Subscription creation,sven.schulz@greenline-systems-integration.example,txn_33A7Wh7S38eXUqG806tLGOdO,1770763114
ch_3yPwoIumAY5dlKf93ALMcDGT,pi_33CS5S4W0BooASykEMcrh8MD,in_18M0fGTYOZCcUE7gC1SuKXi3,cus_07fYHfDBnOTkUv,59900,59900,0,eur,succeeded,1,0,,,card,mastercard,7636,2,2028,NL,Subscription creation,niels.bos@bos-wireless-consulting.example,txn_3gaGvJCRhObmTYvXLkGmKp3E,1770812172
ch_3BNJ3A2fBBipDftK3xPPSYC2,pi_3U4cpuMzx36P58vnRV93cRdp,in_1rqUz7wZP85hodydGBuxBH1d,cus_xHgKtU9SOhIC68,59900,59900,0,eur,succeeded,1,0,,,card,visa,8594,11,2029,FR,Subscription creation,olivier.dubois@dubois-network-services.example,txn_36BNWsYvlCWUh0ZL7lgjhrpN,1770813444
ch_34TrfwJAxNp5oGFkRr7MG4xG,pi_3BxxdKVKWl7pVrlmIauyO5Jo,in_14Vq2jUmsdDwktaCe8s9oZnX,cus_NRSBZj1GfXx9Mq,100000,100000,0,eur,succeeded,1,0,,,card,visa,2907,7,2028,FR,Subscription creation,guillaume.dubois@brightwave-networks.example,txn_3TwmRVV2bJgaldaL6az2j7cn,1770829356
ch_3KEyKRQaQCBpqRCJPuFTJqja,pi_3mhPnD9KpvUtnYcJMstmCtku,in_1r34vnvJO7vf1u2fH6YqajPV,cus_QcFaaLOqFfx7nR,179700,179700,0,eur,succeeded,1,0,,,card,mastercard,6538,12,2027,US,Subscription update,carlos.carter@carter-network-services.example,txn_3nGHGCQhEc1eUvH3Hfir4aHs,1770832761
py_3vTdZY41lCgXTD6I99x7Glgt,pi_3ffjQ6TQDiEBp4XpkfyB336F,in_1DjhBA2QePtgAVtd8XZTUamU,cus_xSR0T12v2Lr1AQ,200000,200000,0,eur,succeeded,1,0,,,bank_transfer,,,,,,Subscription creation,wei.kelly@novapoint-managed-services.example,txn_3cpCI9W3d3W3iblCK5hLeVzK,1770833306
ch_3bxAymSJHW5YA2XeXPQ2IFwb,pi_3GlVYG1rOBiduf0PuGvHDURz,in_1DIc7vkYgNYOwblVK6gPir5Y,cus_AeZuS2zKlh4WhO,59900,59900,0,eur,succeeded,1,0,,,card,visa,4787,11,2028,US,Subscription creation,ben.williams@westmark-wireless-engineering.example,txn_3haZWCgK7RPpvkzVahAhYynf,1770876538
ch_3qZMLkKFh9rlPXCDjzLVz9qV,pi_3ud7G23uvhoN4P53sZbPjc7p,in_1p6RY8taF9LAyQN7supuKyCE,cus_JifHdobXtNQslI,59900,59900,0,eur,succeeded,1,0,,,card,mastercard,9674,10,2026,IT,Subscription update,simone.romano@northgate-construction.example,txn_38t41aHQ5H3yJVrBjFYaXuhp,1770890692
ch_3uJeqcqeOIk6TePVOf7ZXpMc,pi_3piwWwdABhSnaPL3wTfE9lUu,in_11pPI7qhCQB23rv4Z24RV0MK,cus_X9HfrOyi1ScsDt,300000,300000,0,eur,succeeded,1,0,,,card,visa,3705,7,2028,IE,Subscription creation,ryan.campbell@alpinepath-networks.example,txn_3B2TRfHUAIRofgU3b1vOIc52,1770890881
ch_3m2T6jvC5BwqRH51wVnisnbx,pi_36cTLnNeCX0bbdkJIU03IMiy,in_18c5Pawg9M58oKRarnk0gbK4,cus_liAo5RFbyQfc95,59900,0,0,eur,failed,0,0,card_declined,Your card has insufficient funds.,card,visa,2465,10,2029,GB,Subscription update,laura.lee@bluewave-hotels.example,,1770899613
ch_3tyMbNYbf3ca72Gfi5ITQydB,pi_3qsG8F9yaJfOhYG61Letv8DM,in_1cWShQZADLMHGmAfWeasNEV9,cus_vmuvpbIjgpHzSL,100000,100000,0,eur,succeeded,1,0,,,card,visa,4325,9,2029,US,Subscription creation,robert.martin@brightwave-retail-group.example,txn_31RN9HquXOF6dlzRJY6CAHBU,1770902108
ch_3uOGo93RgWRCR2JC6DsvQ3EI,pi_3tdLbm0wpanJXI9EmLTsXHFz,in_1KPK76MiyBRlMhHsgYyJPxXF,cus_wX42S2BFcQsEjP,200000,200000,0,eur,succeeded,1,0,,,card,mastercard,4127,2,2028,CA,Subscription update,ben.adams@mailbox.example,txn_36fNq4UbrTJjSoAI9VK9HpOW,1770906369
ch_3BUjMAgzwT5ZnxxWSeFNdZYc,pi_33UwbrxI6o5e6FKz72NMQ0le,in_1HulmqbPFvG06pdmODwK8wWV,cus_bp4y84vr4e97b6,100000,100000,0,eur,succeeded,1,0,,,card,visa,1386,10,2028,US,Subscription update,wei.young@novamark-clinics.example,txn_3HU7nQzfmK6tsL7coyIyNWqW,1770957596
ch_3fMhYABpQAdoWsVikI5NCPCc,pi_3QaBju4J6nTkFabdmPkIOtP4,in_1lvlO4BfwoksDHj2Tim3gMUF,cus_LFJUVA24AlJ5is,100000,100000,0,eur,succeeded,1,0,,,card,visa,4790,4,2028,DK,Subscription creation,mats.berg@berg-network-services.example,txn_3zxKVRaA95ouueXvtFjDrSXB,1770977558
ch_3AthWQFcgeodv0t3amFF1t8T,pi_3Gtcwc6XHqPEacJ2wO5CT0q1,in_1ZiuMCB6anETPoAzUyRIWvV1,cus_rGrpMnlkD0nRbJ,100000,100000,0,eur,succeeded,1,0,,,card,mastercard,8601,7,2029,GB,Subscription update,ben.evans@evans-wireless-consulting.example,txn_3wrK1ofXfxDwbqyIrGEyBMwa,1770993507
ch_3O9rNmzPO6nL1p8oOErZGjCR,pi_3Ci1riPu6CjqzZNSLfJpXfEE,in_10vBhtgcGusaMThFI8dyA46A,cus_fj8vMU1GuHzFoA,100000,100000,0,eur,succeeded,1,0,,,card,visa,3298,11,2028,BE,Subscription creation,sanne.hendriks@lumenpeak-retail-group.example,txn_3iLvd6KVbkkVLDfGwpk8kwMl,1771022635
ch_3AH8axKLRB5h7bCbNWevxgmy,pi_3yHbV0NquILgEQfseL3NFWBs,in_1wIrhOC6Y0zsfFtHTp8w2z7j,cus_htCxChB7654vXQ,200000,200000,0,eur,succeeded,1,0,,,card,amex,2744,3,2028,US,Subscription update,daniel.baker@silverbridge-telecom.example,txn_3j9M0hNjCkpa4ulaVLPQqaZU,1771052667
ch_3xoESsG0OEYd3nSS7OSd6lyH,pi_33HsIK3hLwUePY9IH4N2X34T,in_11E7ZdszYCIcxs6dJavnNPT5,cus_TH1xWtOQpsGQew,100000,100000,0,eur,succeeded,1,0,,,card,mastercard,6360,1,2027,US,Subscription update,kate.brown@vertexstream-wi-fi-solutions.example,txn_3AySGEfvseFIB6XEAWElNtti,1771137555
ch_3I4pB5AoCOLqdCFiT7JsAbLv,pi_36cTLnNeCX0bbdkJIU03IMiy,in_18c5Pawg9M58oKRarnk0gbK4,cus_liAo5RFbyQfc95,59900,59900,0,eur,succeeded,1,0,,,card,visa,2465,10,2029,GB,Subscription update,laura.lee@bluewave-hotels.example,txn_3QirpA6CTMJv24TYG0skMQYm,1771160493
py_3wZc3k7jIrNHjpvAu0Tc4uhK,pi_34BkCYVuG1Uud7luJwFRIlfL,in_1ItUevpCBhHVAGXSALXb14Sp,cus_JURXvkTkGTaIQA,119800,119800,0,eur,succeeded,1,0,,,bank_transfer,,,,,,Subscription update,kari.nieminen@stonestream-retail-group.example,txn_3Tc4nlag6Gc7RahXDweGFpEB,1771184248
py_3iQT29bNLWzgBorpvUwzXkpi,pi_3QLSZPu0Ilp0qpwC70IaO6dx,in_1XeScna0KI6a5SWg2sQShU6B,cus_zsriapTw84HIDU,200000,200000,0,eur,succeeded,1,0,,,bank_transfer,,,,,,Subscription update,josh.jones@orbitpath-wireless-engineering.example,txn_31S2TdysxnVMuNzbMyk39tOE,1771270383
py_3uihvGZTgOYqTXVK1Am5ewjt,pi_3DIPUnH7b94uKTnePvnALAgU,in_17amEaOn6Ov1JopmQYDXIMrV,cus_XazyzuWmKz5t5D,200000,200000,0,eur,succeeded,1,0,,,bank_transfer,,,,,,Subscription creation,kate.adams@clearpoint-communications.example,txn_3BAf8EEJATHhE0yunTMy6Dsg,1771278906
ch_352g9PheomsTCXewKe2pZpO4,pi_3F9vQvE7IBYD20Xn3WtXpH0B,in_1KwFrCwipHnWVisLEnK3w2dc,cus_YXcBPUlmrIapKW,100000,100000,0,eur,succeeded,1,0,,,card,visa,1716,3,2028,US,Subscription creation,laura.moore@balticview-networks.example,txn_39KdFhDXSeqhWUnmBEQhp8Kb,1771280350
ch_3YnXxY7VJDQiKy8cRVqGbqr9,pi_36jSetodx6dNAMLSFBpt3blK,in_1d85JCzVj7MIBiJF5n4sD6Va,cus_vG9aykSs587AQe,100000,0,0,eur,failed,0,0,expired_card,Your card has expired.,card,visa,0253,8,2025,IT,Subscription update,matteo.conti@conti-wireless-consulting.example,,1771317585
ch_3gkyvUBBwlXmoKyN1jgSKdKB,pi_3GI4AryPgRj7A7qfvC4Ync0S,in_1pfo36XilKoYhlDzWbFpiLTo,cus_EnQdXyPb9AiBjJ,59900,59900,0,eur,succeeded,1,0,,,card,mastercard,4958,6,2027,ES,Subscription update,alejandro.vega@granitepoint-industries.example,txn_30gTyFLVcXIaqmy6G5utMh2Z,1771334737
ch_3k7lcBUnKTGt2Je7gMlgEE9o,pi_3SD76yjwVeJ41Xtm5v63QOKP,in_1sdRh2oC3QhWZL0XWf7dbwpT,cus_MvGBF38bjtsJvq,119800,119800,0,eur,succeeded,1,0,,,card,visa,8190,3,2026,US,Subscription update,josh.white@summitport-media.example,txn_32Svu2l9VbPKZWQfMdUciwMo,1771406841
ch_3hfWzUhILMw6vpCYvOgmDB8o,pi_3sg3OztoynO2xFSXs6xTa9sv,in_1rpnR7IgIIVBE53z1y0uOh7E,cus_jfIYToLBYzC2MT,59900,59900,0,eur,succeeded,1,0,,,card,mastercard,7224,7,2028,US,Subscription creation,daniel.collins@novagate-foods.example,txn_3FvsxoIGasFpGlwUskoyH9jx,1771408981
ch_3po6ASnOTxOYucpXlZIlUJYK,pi_376k4c1QwXyGQMRibFUlGQu8,in_1l3LOUiiMKcZf7leGL6wAvuy,cus_ZAdvi4PtG9oitr,100000,100000,0,eur,succeeded,1,0,,,card,visa,8348,3,2028,GB,Subscription creation,eric.parker@stonepeak-foods.example,txn_3Rh51cLga31go383NYD4knZK,1771410374
ch_3OhJFe38Ch4ys74BjJYe45VS,pi_3jLpir0Jlybk8uyPxJRMk14q,in_12xv1orxGMAXD3b30ur1YDO1,cus_tTjcvyyA4R1VwK,100000,100000,0,eur,succeeded,1,0,,,sepa_debit,,,,,,Subscription creation,karin.nygaard@mailbox.example,txn_3V9q5K2R10ZxFyjbLzmQAYTN,1771484588
ch_3ikM7hCYoN5sHwam3MCMBzvl,pi_3imYQhGMl5kKTaMKtk0Gv4SA,in_1ZTn3z2EyPEVqnQb5tDqoz6n,cus_6zMdqHzdhm76Sn,100000,100000,0,eur,succeeded,1,0,,,card,mastercard,2257,2,2028,SE,Subscription creation,bjorn.halvorsen@halvorsen-wireless-consulting.example,txn_3yjW6Ab8Noi5XUEYApHvCiOW,1771490989
py_3wNFx8IIgQvbU8Fs5INevfam,pi_35lslu3TkuaB3LthD7Pdxz2Y,in_1lJMQGC6f7tDWdRrBC5HUcMY,cus_NPm3UDdQWcrHxi,200000,200000,0,eur,succeeded,1,0,,,bank_transfer,,,,,,Subscription creation,mats.pedersen@brightmark-partners.example,txn_3HmD7Ye1cFwa2UyfMlCY5vXo,1771545103
ch_3iTtz8zIGBvshFkKFljGcGgx,pi_36jSetodx6dNAMLSFBpt3blK,in_1d85JCzVj7MIBiJF5n4sD6Va,cus_vG9aykSs587AQe,100000,0,0,eur,failed,0,0,expired_card,Your card has expired.,card,visa,0253,8,2025,IT,Subscription update,matteo.conti@conti-wireless-consulting.example,,1771577205
ch_3DldPwN5h4KNGcd2PNuBACuc,pi_3OgNmbgPoEoq60v3NmU7aumK,in_1ITn3GCq5ylhxi0uCCfyTq7f,cus_RwXFKph8nLBUQw,100000,100000,0,eur,succeeded,1,0,,,card,amex,1368,8,2028,US,Subscription creation,ryan.jones@signalpoint-it-solutions.example,txn_3jbhxFNoka3wvK0Z26wXlg8X,1771589914
ch_3uo18bOeJquFyLuGTpX2ygqZ,pi_3spzSiu9FsuCcDx2WwaUvzGM,in_1JVIKMpZtRbGFbj0AXpVCYK9,cus_VTVK0ehZVhbLjm,100000,100000,0,eur,succeeded,1,0,,,card,visa,1276,3,2026,FI,Subscription update,mikko.jarvinen@jarvinen-network-services.example,txn_3PopM4ePe92zy1PDAH8qW1Zp,1771668623
ch_3Ei43Qm36ZBWkkpfZB0a8dNR,pi_3M2Iv8kdCADzfN2KZ4PWbabK,in_1wczxpEoBevf7GwoBN6BZMve,cus_FlpKwAkmnQpiZH,200000,200000,0,eur,succeeded,1,0,,,card,mastercard,9283,5,2028,SE,Subscription update,johan.sorensen@novafield-it-solutions.example,txn_3jvVzOdy2pxce6JPP3DY5TOz,1771748085
ch_3qfMiMmBSKtCNjXaIglquj36,pi_3ZU5MRVBgFo720gMMicB0bKb,in_1C0QKabG1yjaKXza6q7Qbroo,cus_zMqVYZayKTL2iK,100000,100000,0,eur,succeeded,1,0,,,sepa_debit,,,,,,Subscription update,alvaro.fernandez@inbox.example,txn_38RkyUa8E3iadRNsYw06fBla,1771775751
ch_3QF3fftEzNVq8zHqNUSMtZbq,pi_3sGR6C9Wis2i2ruoNgJvsVe3,in_1kb06IgoJKWSMy3A8oqQ4TpD,cus_iLrEBlXrFA5EUE,59900,59900,0,eur,succeeded,1,0,,,card,visa,0418,12,2027,US,Subscription update,nicole.mitchell@mitchell-wireless-consulting.example,txn_3zF8lrDAlU7mjPz9drreMQ8v,1771787192
ch_3EaiEuvZDQ1hzZ9EHD34nooQ,pi_3WGAJuT4IwCotw3Xz47eYnRP,in_1XdaJDBdoh0urtlyVaWMFHV8,cus_GGDX0kPTFxz8y2,119800,119800,0,eur,succeeded,1,0,,,card,visa,3504,3,2029,AT,Subscription update,lukas.schroder@balticgate-networks.example,txn_3f1zrAFW9n9eVtJNNYGhDxk4,1771842668
ch_3iXTsb0gubSIMJYQ1xzwTNnF,pi_3728mPAcAmPqbxllMS3Gg059,in_16MO9ZFF6XlihpQmxBdFrqnt,cus_KmE1GDtrvSkXWz,100000,100000,0,eur,succeeded,1,0,,,card,mastercard,6412,11,2028,US,Subscription creation,ahmed.davis@northgate-wireless.example,txn_3cBimc4hsZbFafOXGNnIInwD,1771851566
ch_3E2342Hq4TIqWbEoQQXa5I41,pi_3GNNI7fjyhZhVu97HtBlbuac,in_1uRYGjZr0ImuCLq3xmh6LWAH,cus_OTk2R1fBWFyYz4,200000,200000,0,eur,succeeded,1,0,,,card,visa,9459,7,2028,CA,Subscription creation,eric.thomas@mailbox.example,txn_3FylxL6RweV9tH9uwJ33THIH,1771860110
ch_3l6P4ictvf9d9lSmMKHeK09V,pi_3iLPVqSrXmWE5B6zqg0ecqL5,in_1y3U7j2TbDnKNqARguGPNjNW,cus_BYMW4oNF31FaxC,59900,59900,0,eur,succeeded,1,0,,,card,visa,4907,4,2028,AU,Subscription creation,robert.lewis@mailbox.example,txn_3TDtiQtoK5NYhPt9GRfHab5r,1771927427
ch_3ogripsN9594IoeTzchuPPWR,pi_3yo4zElo0AvUFmpQbz3tNcmx,in_1dCVYvpxDgr9t37sMfNk4dOg,cus_rSGTt7uuvZcxEx,100000,100000,0,eur,succeeded,1,0,,,card,visa,5418,11,2028,CH,Subscription update,sven.wolf@alpineview-rf-consulting.example,txn_3xtsKk9SrOnlJdeyZCOci0m1,1771961908
ch_3VNLpzz2PjBVAsMs1LOIxY9c,pi_36zAYLmxeXmGAmIrfNcibdni,in_1v6dzeJqCBBqb6QJ8i2Gcv8w,cus_C3Owe0zsQHXRAB,100000,100000,0,eur,succeeded,1,0,,,card,visa,8553,9,2028,SE,Subscription update,kristian.olsen@novalink-wireless.example,txn_3YbOIs1ObbzLXIQFftlEDYnb,1771962171
ch_3Po9GRweRbXnrrr0GDQwOhvm,pi_36jSetodx6dNAMLSFBpt3blK,in_1d85JCzVj7MIBiJF5n4sD6Va,cus_vG9aykSs587AQe,100000,100000,0,eur,succeeded,1,0,,,card,visa,3025,12,2029,IT,Subscription update,matteo.conti@conti-wireless-consulting.example,txn_3QzVBkD4CCNjtqxYhuMhIez0,1772008785
ch_3qKHjDxL9lYuipjxSsGauSLr,pi_3HlVnmjEmITpRXOkJRbUVom2,in_1yq0yqoIb0mTOoofiLpTEXr9,cus_f7yoO2mJJ1h8mv,59900,59900,0,eur,succeeded,1,0,,,card,visa,3578,11,2026,GB,Subscription update,amanda.edwards@edwards-network-services.example,txn_31RbXayYewXrvCfHkELYPI1w,1772023535
py_3pCEayAgyidnq0SD7nx9K1iX,pi_3PFUoLbuzFL6kb1WrjY50DoO,in_1Ma69AMzr5RWXZoCGGHJnY0k,cus_GV3U4ldSBCco4N,179700,179700,0,eur,succeeded,1,0,,,bank_transfer,,,,,,Subscription update,mark.white@ironstream-partners.example,txn_3XJfVM45x5frqBuCSKW1FUFH,1772030433
ch_3edy23Wb0bWCti39uJRykPMk,pi_3RZA9PvLjxCmtrFVPMGVrOYK,in_1IAdMdeZK8iEETFgaivjVsiL,cus_t0l66Ge1fKwlIO,200000,200000,0,eur,succeeded,1,0,,,card,visa,4935,11,2030,DE,Subscription creation,katharina.richter@richter-network-services.example,txn_3S1FiujDyCfgKZHV86Te665N,1772036576
ch_3oe0GSI0Xl7VaepV6skgAnCj,pi_3snqL35SPVi46QIlUCJFHhiF,in_1TrNG7IcLSApFKZlCXgAU1VV,cus_GQGxe66yMVdpXb,59900,59900,0,eur,succeeded,1,0,,,card,visa,7131,4,2028,FI,Subscription creation,ville.hamalainen@hamalainen-network-services.example,txn_3uRm0lTvdeFB78JkxCGQSQZy,1772038739
ch_3mrxLK0bEtsHJkTpxnR2LTTo,pi_3IUnGricf7IhOiW6f15eqQQV,in_1YD2Locy9JN0pac4cfNl9yey,cus_OcwVzsFPZyn0RX,200000,200000,0,eur,succeeded,1,0,,,card,visa,6101,1,2029,DK,Subscription update,soren.madsen@postbox.example,txn_3oVDx2FGD6Hi05lroZuyaT6Q,1772054368
ch_33qxgNZmqFxCiTawaTWRMJbL,pi_3K4VIgTnJRdNwDCleindJ2YP,in_1KXuaBKGWNOx5d8lZpO8HdZp,cus_n4cWetdI0LI2iv,59900,59900,0,eur,succeeded,1,0,,,card,visa,7590,5,2027,FR,Subscription creation,camille.moreau@stonestream-foods.example,txn_3ee7dY3GMP9vJqcyJpQNcCCJ,1772096953
ch_38t1zHA9xoY3QCgRk5Q1E1PQ,pi_3dW1PtSeTOzAktE2hzpAfABJ,in_1QcgJ8y9TXMQveGIPQPgb2xM,cus_LdLUeRzwV0xaWi,300000,300000,0,eur,succeeded,1,0,,,card,visa,2080,9,2029,FR,Subscription creation,nicolas.roux@postbox.example,txn_3h3nLUJ2QHm4AAtKVDii5O7K,1772109763
ch_3d83B8zYfyDY5GTB1pk7fJtX,pi_3NqYgPZJlwDXNq9Y6OkUye3m,in_1sh3eUtJSU0jgG8QlbXbXGoh,cus_9wfgsULjCp8UbE,100000,100000,0,eur,succeeded,1,0,,,sepa_debit,,,,,,Subscription creation,sabine.schmidt@crestcore-wi-fi-solutions.example,txn_3xi1yDQOxZwloodMQDpMhqDb,1772110565
ch_3E0CL4tVjcKYJ49qePZIZl2m,pi_3ngmQPHW0ooXQsOAFEOOaOd9,in_1Fwv1bE5Zli9iujqL4JvV2qq,cus_zs0SCrFvimtGRZ,500000,500000,0,eur,succeeded,1,0,,,sepa_debit,,,,,,Subscription creation,olivier.roux@ironpeak-communications.example,txn_3F68WZTgLFY1d159ssUV5R8o,1772170684
ch_3g43Tyoez99wPK31OjbjUkps,pi_3odPRN5jETN4ookCvIkiisdv,in_1FaAHOeSftgrog9QvPpc0u51,cus_Z37N80Z0Nhi7N3,100000,0,0,eur,failed,0,0,card_declined,Your card was declined.,card,visa,6372,11,2028,IT,Subscription creation,giulia.colombo@inbox.example,,1772180698
ch_39IS2b9UIzXEIbVo6zUaAw1x,pi_3t0WI8vgkeMEwCYXPXFsELmX,in_12wrJo8reUPmFJAH3cun8pPV,cus_HeD6Aj3o9Bb1GH,119800,119800,0,eur,succeeded,1,0,,,card,visa,7249,6,2029,SE,Subscription creation,soren.karlsson@polargate-schools.example,txn_31ayFObvUj3Eupae9yGU1rJK,1772180854
ch_3bKpbkZYb6c5upR249iHvnkt,pi_3odPRN5jETN4ookCvIkiisdv,in_1FaAHOeSftgrog9QvPpc0u51,cus_Z37N80Z0Nhi7N3,100000,100000,0,eur,succeeded,1,0,,,card,visa,6372,11,2028,IT,Subscription creation,giulia.colombo@inbox.example,txn_3rPg108vMn2B3xtfpCA2kV47,1772180939
ch_3MMzomBs7VOtc7J1EOpqv3WZ,pi_3i4uXF7Z5bXIFP0ifcZ3zczn,in_14jHs7iuLCYfSMdCJEQQUbjT,cus_sDUXNkeeiUhAAd,100000,100000,0,eur,succeeded,1,0,,,card,mastercard,7630,2,2030,AU,Subscription creation,jessica.young@westview-wireless.example,txn_375d1Ub99tm6VyETA2JQazN7,1772181196
ch_3u0mk4YjqwGtSPiHEuOBE6cv,pi_35jy5QBPJstJ2ZSHPOesca0a,in_146iTDyVINi2ITWCCkCzsYwv,cus_1v1GkqU7XutcZe,59900,59900,0,eur,succeeded,1,0,,,card,mastercard,0097,4,2027,DK,Subscription creation,henrik.johansson@alpinelink-clinics.example,txn_3BoPiKTyVRDcst8z3ST0AGC1,1772182318
ch_33TqtxB1eILXzgnzynemlrSM,pi_38jP0gmGBQoRP2aZ9D4aPw45,in_17AyB4A7b53vxh4lpzxDK7Pv,cus_wJQn2sSDiy5tlw,100000,100000,0,eur,succeeded,1,0,,,card,mastercard,7856,12,2028,US,Subscription update,wei.clark@balticwave-schools.example,txn_3FlqQD2kN3VnKPokv6FQ6STq,1772192218
ch_3IsCVQqYsb9VbvqTMgfYyMMn,pi_3QfOCvbpOwfzEVuwI7yzlkCK,in_1HW9ioJVHdjP9iVJPXHbbbTQ,cus_fAatossq3D1WXf,100000,100000,0,eur,succeeded,1,0,,,card,mastercard,4161,4,2027,DK,Subscription update,bjorn.eriksson2@eriksson-network-services.example,txn_34C0VkD5so9UVHYQ6gRs4skI,1772198139
ch_3N6duGahyzsTHrNTr7zkzGGC,pi_3pXZm8Nf8um99OQehG9RivQQ,in_1xfGCZn5BHacCi0dUyao0stw,cus_1VIF6faLmDwpCh,100000,100000,0,eur,succeeded,1,0,,,card,visa,4675,5,2026,US,Subscription update,tom.roberts@auroraport-wi-fi-solutions.example,txn_3zN5K89NdOlgGSzg66tAurCG,1772208062
ch_34kD8xjVbNODVHfQSMJq1n2L,pi_3rTuThNV9Z4l9NwXQZYaLTfy,in_1YkDG4OTguY4vZBdrXVdWEoA,cus_UQ7uKyNg3WjaJI,59900,59900,59900,eur,succeeded,1,1,,,card,visa,6269,12,2027,DK,Subscription creation,sara.pedersen@alpinefield-properties.example,txn_3i38hqPo8inDeylCCPy6OP3t,1772212865
py_3Hpzw58E0N1OROzLJPJSsGnB,pi_3Ib4Iw9p16gCKwCymZqvHFl6,in_1AqfHPiHKTrYI3Z4fvMBPO11,cus_pR7uWSoEw36xdg,200000,200000,0,eur,succeeded,1,0,,,bank_transfer,,,,,,Subscription creation,daniel.edwards@vertexlink-managed-services.example,txn_3cpQVuWY7mme2wdYtvgY2TqL,1772291133
ch_3CHJOIbmEQkLREsg8UzyMKjz,pi_3saMjRVeNWj3YHEEy282kOEx,in_1GuddtajXsEyz2QQFBblKdxg,cus_pJamYGd6lJ7aTM,59900,59900,0,eur,succeeded,1,0,,,card,visa,8935,2,2028,BE,Subscription update,bas.bos@brightpoint-hotels.example,txn_34ZDEv9f58Cw5miUxpdlrZ2j,1772350104
ch_38nFiUAqKpum9VMNuV5gGGtR,pi_33Z9TGussJzEmtZ7MhAEqUlU,in_1txlQ44ydX1Qan6d5nWSPjjg,cus_XUeYS4iIHQuyib,59900,59900,0,eur,succeeded,1,0,,,card,visa,0568,9,2028,FI,Subscription update,petri.heikkinen@balticpath-wireless.example,txn_32409nCFiX9KNan271Le2KSD,1772376446
py_3cT1q6gQuh4dZX4sx0vtShbe,pi_3mCIe0ur1hh3RejWkDtp0mMH,in_1tmBNLFQnSzZfv0LBd1j5Vwy,cus_yXFENNLSF3FBlo,200000,200000,0,eur,succeeded,1,0,,,bank_transfer,,,,,,Subscription creation,ben.walker@granitebridge-communications.example,txn_3DQwtBYwiWu38z52J4CkvhVf,1772387449
ch_3gs7uunBmYmtNr2WVtVA0h2X,pi_3pErqLU8zhssvKVroczAci7c,in_1CRhrJzR0ayS3yS7DTNs6ITS,cus_AVfe9FTnz9wOQP,100000,100000,0,eur,succeeded,1,0,,,card,visa,8591,5,2028,DE,Subscription update,tobias.becker@stonepeak-communications.example,txn_30M4xaCe15TXExfti4gKmSlt,1772443089
ch_3u4oCPYXZQyrLwvrVBFMdgKD,pi_3vSb2tz0HhB7iAY4g2n4A3ux,in_1foUq8IbCkaejhmnkDBqrTwl,cus_vW3CN8SeWeJ5AW,119800,119800,0,eur,succeeded,1,0,,,card,visa,6048,10,2029,US,Subscription creation,chris.scott@ironpoint-communications.example,txn_3IOuoSGQpjfVZslFIiQHfTv0,1772448575
ch_3zFSwozXzKPdIsKoqvRyQjiT,pi_34w9zaNOYrcZDQkvvvWEVE0M,in_1UPSkMztgV6PUrVgLNeYytYd,cus_cnFt3BbZEny44U,200000,200000,0,eur,succeeded,1,0,,,card,mastercard,9252,7,2026,DK,Subscription update,lars.nygaard@vertexlink-logistics.example,txn_3k7nSIh61mZaBTNx5wujL1G7,1772449010
ch_3G0L5Ge6g8AIGZtN94OQxp7B,pi_3pD2Kie9lIXJoWC24dsbgqNw,in_10J9qJn68frHpt23Qh3ghIeE,cus_kuNaoW6UsISkyi,300000,300000,0,eur,succeeded,1,0,,,card,visa,3853,12,2028,GB,Subscription update,eric.miller@miller-wireless-consulting.example,txn_3eAkh0237I3FOEowwIyylTbX,1772461932
ch_3mdV608oszu24CcWl4AkKeu3,pi_3eZYkRj9LwMnavjfOgfGN9BT,in_13CCVVzqbbfA4Kl4BexcqKk0,cus_WzLWAxXJmSirvk,59900,59900,0,eur,succeeded,1,0,,,card,visa,2890,6,2028,NO,Subscription creation,emma.pedersen@apexcore-rf-consulting.example,txn_3FeH3NhgVQiOlV00Z7sDYiNp,1772521736
ch_33smpEcn2KWA0jhORACXMbqz,pi_3AcJRYD1iLw64F5ApzPcHSy3,in_1w6n6Q9vzj3VLAmyZBq5iDNx,cus_oy2GHllOCjFkw2,100000,100000,0,eur,succeeded,1,0,,,card,mastercard,4219,9,2027,GB,Subscription creation,brian.miller@deltaview-logistics.example,txn_3b5YLf7MIda79Taw8kHsCOTH,1772526027
ch_3XN7YpqAlaTaAFxa0getLGBb,pi_3m8YG9PF6PZsQOdAclfoELK2,in_1SQh9hxCTWFSU9EyuaG1fmXr,cus_Q3X9Y63E9S3ADO,179700,179700,0,eur,succeeded,1,0,,,card,mastercard,7652,6,2030,FR,Subscription creation,sebastien.mercier@ironcore-logistics.example,txn_3BfFUrNHRumWHkdhJq8lZFmS,1772534290
ch_3TmaRmw9IUlVL8DXDv6lUxy5,pi_3MTnI2VU2J4qu3UxJEvgokyn,in_192lKngYOxMvAdZfKV1CKdXL,cus_dg1JxeTL2441FI,100000,100000,0,eur,succeeded,1,0,,,card,visa,0741,12,2027,DE,Subscription creation,tobias.schulz@postbox.example,txn_3YJECZmLlaEVLsOVQEYvDJY1,1772539224
ch_3yKobywh50BisdgCAJJyzCot,pi_3gMJa3tpuOTAQKebzsB9F5LU,in_1ZDoYRpDt3PJy7ySa7OQzxtS,cus_7DfKQzs1WU1Alh,100000,100000,0,eur,succeeded,1,0,,,card,mastercard,0021,10,2027,SE,Subscription update,henrik.holm@atlaspeak-communications.example,txn_37JKxUkj670Y7Ab0tsMRy9oQ,1772547004
ch_3UOJ8Jkseaab868vmAK4qLwo,pi_35lknwYm43rFjy3S1d2czG9O,in_1LG2Z6NRhxGMQNRyTY7Ugug2,cus_M5vuNODM4cKzFl,100000,100000,0,eur,succeeded,1,0,,,card,visa,3856,8,2026,US,Subscription update,ben.thomas@clearbridge-warehousing.example,txn_3qV8vZBzp2IQ0hFKnQJEur5I,1772547783
ch_3BixnyWIRm99H8iI5TYezi0C,pi_3Ek1Xbhe7cTAgxrge8Ew96sP,in_1DY0K8hG6CTSpyNQfuE8gsgQ,cus_KZZae5ykQW7p6e,59900,59900,0,eur,succeeded,1,0,,,card,visa,4660,7,2027,FI,Subscription creation,kari.saarinen@summitlink-properties.example,txn_3JkyQ0EqmEgK5SwYk2fZJ7yL,1772614909
ch_33mvfmBp7IoAMNJH5S45l3YP,pi_3El2P8jrZEIX2ayTJ5QIic4V,in_1cBQp8jTgWmsRdSHv7ciiOiP,cus_bcse1gYONzwUGE,59900,0,0,eur,failed,0,0,card_declined,Your card was declined.,card,mastercard,3700,5,2028,GB,Subscription creation,tom.wright@auroralink-wireless.example,,1772623310
ch_3E4MYvLGeryc2AqFRSkBdW04,pi_3El2P8jrZEIX2ayTJ5QIic4V,in_1cBQp8jTgWmsRdSHv7ciiOiP,cus_bcse1gYONzwUGE,59900,59900,0,eur,succeeded,1,0,,,card,mastercard,3700,5,2028,GB,Subscription creation,tom.wright@auroralink-wireless.example,txn_3qVcya9lfAxDTiDvL8B4OvQP,1772623659
ch_3C6QegWEJy5HiPda6nocaGPx,pi_3xUqGvgVWYdGh7FUiYILl9BE,in_15YHo9wIlWHNbvl7t6EjMVH7,cus_LgEIJHFpyCMqZI,59900,59900,0,eur,succeeded,1,0,,,card,mastercard,3508,8,2028,FI,Subscription creation,mikko.lahtinen@northfield-hotels.example,txn_3K8wNm9gpJAYhiRvhi3aBpd9,1772635983
py_3c59PZEEIfQ5bVup7H4OINc8,pi_3CjxdOiH1KCN6IS1V5Wy0svN,in_1cfyYYNLChO3YVD0y67ogKQN,cus_ciIyCYR5oXDBEv,119800,119800,0,eur,succeeded,1,0,,,bank_transfer,,,,,,Subscription update,andreas.muller@auroraline-schools.example,txn_3WoPz6o8Y3MTvMhqzUjwAjts,1772652816
ch_3vqkXvbWG9vh9h5sMSuwvbHE,pi_3X1DuFnuSD1C0I7Vs1zBmBzB,in_15zr5EPEaCOdtbKliySSgCOo,cus_jc0svuQZTp0AZ2,59900,59900,0,eur,succeeded,1,0,,,card,mastercard,3865,3,2029,US,Subscription update,jessica.turner@atlasport-rf-consulting.example,txn_32peU2w3oknqeWoIRnLWccZq,1772708017
ch_3MmrnsEWifcW6AGLQntMzLxx,pi_3JsSdKBtntFAF36KlH3S7IHd,in_1l0Ujbcun6Vp0EenhLd66FAI,cus_ooUiLl9SZYFpRT,100000,100000,0,eur,succeeded,1,0,,,card,mastercard,0832,9,2027,CH,Subscription update,michael.muller@harborline-properties.example,txn_3YiBqmMCmsrZ9eL7isWSX03r,1772710469
py_3UP8MQ2aU6IQAEuwaSvEjKWH,pi_3Wcdaw7jTWtC2xFw2mDvybus,in_1LHClLJ9zKmbu6yk2UvU4sL2,cus_i7SSQaUwTvAMef,23100000,23100000,0,eur,succeeded,1,0,,,bank_transfer,,,,,,Subscription update,accounts.payable@halden-ridge-state-university.example,txn_3hmg5aysVCSKucL36dCzUSnY,1772731099
py_3Og3qjR5zLFTPLKgX0KZwOyO,pi_3M1ayYg92zVTaJP0fVOwAo4R,in_1xolIkP2vvVssYwHRZfBcZsK,cus_Zy1tlUa6RlRkB9,119800,119800,0,eur,succeeded,1,0,,,bank_transfer,,,,,,Subscription update,andrea.bianchi@clearstream-hotels.example,txn_3HGzn7bR8lzSHtljW5aAgCI7,1772742246
ch_3L703hrL0w9f180ZhuTBu7fG,pi_3dZG5nuAgoiaTo9TvXvwBSTV,in_1LIWjuSpxFBAcwGIxS4LvHMy,cus_l3jv7gfItxKSe0,100000,100000,0,eur,succeeded,1,0,,,card,visa,2868,12,2026,CH,Subscription update,sabine.schneider@graniteline-foods.example,txn_3PwwZdZiAtnme8gNa3sMqoxo,1772790981
ch_3plT78IC5lhXVBQssbGs7g93,pi_3Ebk9SlHyhWtZpsWXp0SED9u,in_1qKLfGJJcLeSEYqULonTCzSO,cus_uGtl3EB0sMkch6,200000,200000,0,eur,succeeded,1,0,,,card,amex,0064,9,2027,US,Subscription creation,josh.martin@nordicwave-networks.example,txn_3nXmcTL38d1y8Pue5Fh5ClZW,1772800607
py_3tj7S5XXIzzcDY3jp1SPVVaL,pi_32vqaQcWGBZOOylgUK5o1uPz,in_1u1pu0j0tfp4Vv9MFndN2197,cus_DXbayD0mZIOr1G,119800,119800,0,eur,succeeded,1,0,,,bank_transfer,,,,,,Subscription creation,henrik.madsen@atlaslink-foods.example,txn_30TGK5uW2PJ0H3H2JHw7mhj6,1772806886
ch_3bTU0r0M19eZeF7qwNiKy1we,pi_3agT1PZeYauX0BJ9DuG21Lwt,in_1Xxtp7UU1xFQTFy9EHocMYHF,cus_WKemJoNkHrZ2uf,59900,59900,0,eur,succeeded,1,0,,,card,visa,5285,8,2028,AU,Subscription creation,ahmed.kelly@deltagate-logistics.example,txn_3NCxj745JQ5OXR9hEn7KGrmo,1772815310
ch_3OhAVsd43qcuECloDF3qEJSw,pi_3aIgVyfUEsDi35ScfuGZFmi9,in_1tbaCBCgibYV6B4a5IJi5Vhz,cus_H3BUGd9loxPE2b,100000,100000,0,eur,succeeded,1,0,,,card,mastercard,4341,2,2028,GB,Subscription creation,sarah.lee@mailbox.example,txn_31dzGhNxjSSN74kfRvl8mEQF,1772838455
ch_3Mk8PrRMwQLN9pNAmy0vgVvW,pi_3hA2m60zFlguv3I2JKVgRToM,in_1AlAbEOtGN9ElKzx4LhZwmUr,cus_5YWSlLdODAuE40,100000,100000,0,eur,succeeded,1,0,,,card,mastercard,8102,9,2028,US,Subscription update,jessica.miller@cedarlink-construction.example,txn_3qarsfvfTNsmbmBl2PJuUoEf,1773051419
ch_3uAoprf2CTmGk4f8iTqHulxW,pi_3VppFWKAuebUhOGvyFJAB3aK,in_17TvscQiP1UXLcmsvDhPSyXW,cus_UlayBvtdwUPn81,100000,100000,0,eur,succeeded,1,0,,,card,visa,4932,2,2030,FI,Subscription creation,marko.saarinen@northgate-logistics.example,txn_3LYHocBc9hzbgwTvWZfag6yl,1773137363
ch_3mhYQbjri5CaFWNhy2e2UxIH,pi_3vrFrYhqQa2useRbIgTjlFEb,in_1gr7pusuiiCUHCDzCok59yhC,cus_MqWyzoAoD3Om8i,100000,100000,0,eur,succeeded,1,0,,,card,mastercard,5475,5,2029,SE,Subscription update,lars.jensen@westworks-wireless-engineering.example,txn_3os8l6kT5kwUwPsqpZQzVL8q,1773149961
ch_3hykobF7aeIAauIBPYQvHhxe,pi_3CfYz683L3n2nJXKFSwsXgt4,in_1QQf2GySPzCfQIryKZbEwBXF,cus_qFG2eM41pQgvny,59900,59900,0,eur,succeeded,1,0,,,card,mastercard,0249,3,2027,GB,Subscription update,mark.evans@nordiccore-hotels.example,txn_3poBRIa1zKSmtreRhnQJXRZX,1773211207
ch_3xB5YjLe2STDKu8AffU7Y1De,pi_34bBkBD2GJJtmxUmS1zBM5Ak,in_1i7F6pMRMFg27SjZLipgflTM,cus_QLLI1YTt3p4rOG,100000,100000,0,eur,succeeded,1,0,,,sepa_debit,,,,,,Subscription update,jan.weber@mapleline-industries.example,txn_3X3SRAqcYaM95mtdqu69B2vt,1773240018
ch_3aaCO4lvJtQBy3KZK5qY5laE,pi_35uw5LuXuctgEFBAGEofzv8S,in_1AZru0kmVNouoALiBozDQzrs,cus_6CLYJIQ7EFDce2,100000,0,0,eur,failed,0,0,expired_card,Your card has expired.,card,amex,9493,6,2025,US,Subscription update,kate.adams@clearline-networks.example,,1773300247
ch_3aj4UkVn9HPjtc5By8YjrNq7,pi_3usCMPb1thTUmRsnyfprxtwg,in_18DVIGHva4DW0fNYRW04Wk6c,cus_Z2LwnG4M1CuJWU,59900,59900,0,eur,succeeded,1,0,,,card,visa,3980,9,2028,FI,Subscription creation,marko.turunen@balticwave-communications.example,txn_3Y7NtwgcP8NihS7ca8MyTtiJ,1773314372
ch_3lP8yQcaXDjqMxqEkWUVfrj3,pi_3PnNiXmzJt0fmMluAZQDBqOh,in_1t5hrdipBvtuUh7QAcvtH3pi,cus_dlwzZ7SvYWdMTs,100000,100000,0,eur,succeeded,1,0,,,card,mastercard,4174,1,2027,US,Subscription update,david.murphy@alpinemark-wi-fi-solutions.example,txn_3kh4TFVgGb4WV31tx25oo68j,1773318073
ch_3LY1bUMqrE5Di4w7qVJh8Bwp,pi_3y9Nv7fGPUWpDSJzcqtHXqOu,in_1IjqPKQtwka3HYOevmElXic4,cus_CZVCoHf9iIcVio,59900,59900,0,eur,succeeded,1,0,,,card,visa,6488,9,2026,US,Subscription update,raj.evans@ironline-managed-services.example,txn_3h0ZShD0Zk9TrhcoRrrZU5V7,1773326479
py_3M6CbRB7fjQlIZ69GBqGlz7P,pi_3IiTEblwtXytEBqJHxZm6MWc,in_1kFwfTUc9tatWipIQ9qolRvx,cus_yOWpiOEZvPbUqJ,9500000,9500000,0,eur,succeeded,1,0,,,bank_transfer,,,,,,Subscription creation,accounts.payable@nordhavn-port-authority.example,txn_3b8VebXq2xF5UsAhjePPK95k,1773335328
ch_3vTQ8RHabtU1t8dEM7fwXjC7,pi_3ZjyVoDr1lTvHEvL0PDh2rFa,in_1ncCQeTh3oye2msyHlZKZRxO,cus_f9elR1LduysAzy,59900,59900,0,eur,succeeded,1,0,,,card,mastercard,9675,11,2029,SE,Subscription creation,bjorn.pedersen@signalwave-industries.example,txn_39APAZ3nHWNrxdl8XENQKSCK,1773339844
py_3EKrkpAIpamKLxpyC0P18VZY,pi_3eueNVncjvDOYLwVdAHmBRhw,in_1Njb8X3pwv6BfzOffTMA3Aq7,cus_mhqio72yWyzzz3,300000,300000,0,eur,succeeded,1,0,,,bank_transfer,,,,,,Subscription creation,niels.dekker@signalgate-partners.example,txn_3MhkAY1dPmcn50atR6JBTzVj,1773348990
ch_3TZZvMWTL3n1dkx02I3wuk0N,pi_3hrMqVNf773vHFexCkbYCPZT,in_1a2dDvulGLD2mY7ha9O5LL2f,cus_KCkxlTkCgcl7FL,59900,0,0,eur,failed,0,0,expired_card,Your card has expired.,card,visa,4537,11,2025,DE,Subscription update,michael.braun@signalpeak-clinics.example,,1773367168
ch_3ALNZvosRvzUyZKehuiRCXVB,pi_3J4dghCWN3U8iOUMuRW5zDNN,in_1ojdtfbUIEMvsNdK0rFzCatp,cus_6wSf59dz6Irroi,200000,200000,0,eur,succeeded,1,0,,,card,mastercard,2117,9,2028,NL,Subscription update,niels.deboer@vertexbridge-schools.example,txn_3sZTFdskB60M2E1oarBS45LM,1773403820
ch_3ciKPbe97PNnAAy8XX9SQEVO,pi_3vllPpHS4YBNScw992C7jHvY,in_1pu7bUOgFhbpRO9vOohV9ZH5,cus_yI3Gxds18UftyD,119800,0,0,eur,failed,0,0,expired_card,Your card has expired.,card,visa,9166,9,2025,IT,Subscription update,luca.russo@russo-network-services.example,,1773413870
ch_3ojrEGuaB5WEj3IiTLnF99J5,pi_3XHTcPHoQu0qKiTc3gzWAYba,in_1Y9ZNMNaNKJ8kOZMXOP3hrIr,cus_XyTUbWUaNU071R,100000,100000,0,eur,succeeded,1,0,,,card,visa,0761,3,2027,FI,Subscription creation,tuomas.koskinen@harborcore-telecom.example,txn_3PFE1MalJymsUq0NJ9gpyrZc,1773416815
ch_3n0qFLD6JXvgNiM89WoNYai1,pi_3DVf93ppNvnzZrw8IwKjMZSe,in_1bMbtwqiOoUGhj3bWCZfnUFF,cus_vZUb9PkceQ2F0Z,100000,100000,0,eur,succeeded,1,0,,,card,mastercard,7816,7,2027,FR,Subscription update,romain.moreau@novapoint-rf-consulting.example,txn_3Lg4zwMUg461WCmYSCPzlrDi,1773418630
ch_3FRF70BMnQQFe2WCh62OF17l,pi_3K7dGT8oC8nyJpUoZeEFt3jT,in_1Dh3zIJPql6xcx3ACwPej8wh,cus_kXsUOkcYfSW45A,100000,0,0,eur,failed,0,0,expired_card,Your card has expired.,card,visa,2812,2,2026,US,Subscription update,megan.white@harborstream-retail-group.example,,1773480257
ch_3ssNYJLFJIbPeeicp1TEa1oN,pi_33v98wFCvt9JtMOKCmPOgsdx,in_1Coc1BvVktp1kY6lHWyPglaO,cus_Oz3Yfscsd2mefC,500000,500000,0,eur,succeeded,1,0,,,card,visa,9067,11,2028,DE,Subscription creation,matthias.richter@stonegate-systems-integration.example,txn_3M0uFJKIJg49IxETNAFkGM6w,1773482727
py_3S2YF1nuzDcITF5oqjdcpjVH,pi_3tRpNue1ZXNmrukoYBXg8uoU,in_1d6U6Qgkiy7biBYSHJG93vT9,cus_OE7DCHyXo4bw1r,200000,200000,0,eur,succeeded,1,0,,,bank_transfer,,,,,,Subscription update,bas.meijer@greenworks-foods.example,txn_33oajJsj4gL6tAMb5NBIRGpc,1773511380
ch_37AjLfXix0Mxdkbh7Lt3xruh,pi_3EunJBmApY7CjtGwB5wIeoum,in_11R4PeYJCBhKFybDjl2nmmnO,cus_38n4k9vBeu42kK,59900,59900,0,eur,succeeded,1,0,,,card,amex,6513,4,2029,US,Subscription update,rachel.nelson@signalwave-industries.example,txn_3P6pcJt5w51CleKFr9vnuDcG,1773558365
ch_3JZzWB2jjWyaeGW3iq6BQhCB,pi_35uw5LuXuctgEFBAGEofzv8S,in_1AZru0kmVNouoALiBozDQzrs,cus_6CLYJIQ7EFDce2,100000,100000,0,eur,succeeded,1,0,,,card,amex,9885,5,2028,US,Subscription update,kate.adams@clearline-networks.example,txn_3fjAbewtAa6mohRzOuyBaanq,1773560767
ch_3fPozdp5EKUtESMGq6q8ahOC,pi_3x0J2jiruG058TQFm6xnFBcD,in_1SrjRWbu7SdPB0e3bHx8Qgon,cus_k1ZJLokInYyWsP,59900,59900,0,eur,succeeded,1,0,,,card,visa,8741,12,2028,US,Subscription update,robert.roberts@balticfield-logistics.example,txn_3iWrMj0TkMb7PwRVZsP35B04,1773616477
ch_3Mc2EzrnUhvhjkIW0DlGmfpK,pi_3hrMqVNf773vHFexCkbYCPZT,in_1a2dDvulGLD2mY7ha9O5LL2f,cus_KCkxlTkCgcl7FL,59900,0,0,eur,failed,0,0,expired_card,Your card has expired.,card,visa,4537,11,2025,DE,Subscription update,michael.braun@signalpeak-clinics.example,,1773628768
ch_3EHocKkDinY3bbTrTRoFY9BY,pi_3uldppSTncCNXEVAsaksHoFx,in_1XdMcY4cgRjk4wUuEFjpxVx6,cus_KezbhquDmFlGoU,100000,100000,0,eur,succeeded,1,0,,,card,mastercard,4486,8,2028,FR,Subscription update,guillaume.martin@alpinebridge-wi-fi-solutions.example,txn_3tYK88sByB5LdyflboN1QF7m,1773652714
ch_3cxvthwq4jhcvXNzWahglbVt,pi_3Iw1fp3NLFgjUjH0FCdISLlR,in_1iUKuY4ycZgqGv90vPDsg2mU,cus_gquYMHyc0g3xOa,100000,100000,0,eur,succeeded,1,0,,,sepa_debit,,,,,,Subscription creation,lukas.koch@bluepoint-wireless.example,txn_3ZHb30BCiBRBexbTYc4JOHwG,1773653981
ch_3btKJ4Xa3zzZPHCjomlWRepy,pi_338ccnYLjgjQxm6v0tNwKQEQ,in_1rtG954rSP4I8AEAaMvi2irq,cus_GU140zsNB9nypc,59900,59900,0,eur,succeeded,1,0,,,card,visa,9591,7,2029,US,Subscription creation,mark.kelly@aurorabridge-retail-group.example,txn_32ThyYy5vN4XQiG6AolVmOim,1773659082
ch_3oiCj3ldBgDvl9K68yC2jCi7,pi_3dkVsPbWbU9VmrISoeHfdw9n,in_1Ew9OHANmWkEUdHbl59Idkld,cus_ceFpuDRCtT66UE,200000,200000,0,eur,succeeded,1,0,,,card,visa,3757,1,2030,GB,Subscription creation,andrew.murphy@granitestream-rf-consulting.example,txn_30hcmWppLRomnDgtDnMzKbYz,1773674912
ch_31zCJXF0O1X3G9sKnck6jhib,pi_3i3s3l8615dmcApygaIA2WbC,in_1e1rmh650mEDfgGQ4VZrFA2v,cus_tFCpgjpO6TH9yO,200000,200000,0,eur,succeeded,1,0,,,card,visa,4957,9,2030,NL,Subscription creation,bram.vos@crestwave-networks.example,txn_366nf2i5PL8SbV83pLdIk33g,1773677742
ch_3uer4DJCX3Wn7UWOYnpJnqbH,pi_3vllPpHS4YBNScw992C7jHvY,in_1pu7bUOgFhbpRO9vOohV9ZH5,cus_yI3Gxds18UftyD,119800,0,0,eur,failed,0,0,expired_card,Your card has expired.,card,visa,9166,9,2025,IT,Subscription update,luca.russo@russo-network-services.example,,1773678050
ch_3UYMkwFl9oAnanGLWGIE3OcR,pi_3eIQbb67oA4SNKtp3WvOQfoJ,in_1oncSwk6Tm3kP6A8s6S8CB6B,cus_p7S5be4b1YGv3u,119800,119800,0,eur,succeeded,1,0,,,card,mastercard,8851,12,2030,US,Subscription creation,priya.murphy@clearcore-clinics.example,txn_3bUKsRV8REbP7E32FKt2pz2L,1773686226
ch_3qE0tKPmt7ME9nj9wFhfJ3HJ,pi_3kWFmf2i3T69KxMJuwBkpJ7e,in_1YOkdVQfO7xvhWfwwkdR9s2g,cus_ZhePg70GjokGcW,59900,59900,0,eur,succeeded,1,0,,,card,amex,0784,1,2027,US,Subscription creation,david.lewis@silverpoint-media.example,txn_3bvA7TiNasbfuY8rZYOAcPHB,1773729723
ch_3g4fCQWB3pXkKuaG5clFPNrP,pi_3K7dGT8oC8nyJpUoZeEFt3jT,in_1Dh3zIJPql6xcx3ACwPej8wh,cus_kXsUOkcYfSW45A,100000,0,0,eur,failed,0,0,expired_card,Your card has expired.,card,visa,2812,2,2026,US,Subscription update,megan.white@harborstream-retail-group.example,,1773744017
ch_3kusMmaeNgJqWwSdNzuwhZ40,pi_3qB2xtc8SmbJE2KxhYpqScxo,in_1wiAO7slNcLty0N63TAkdEga,cus_ysHoz6jtzWvkzg,100000,100000,0,eur,succeeded,1,0,,,card,mastercard,4966,11,2026,FI,Subscription update,kari.salminen@bluepeak-industries.example,txn_37JerxHFYth4SG8G8hby81O2,1773747033
ch_3g7zu32yikSqfFEkfVT9FCbz,pi_3PDbGXzwO1BzmyRtOsa8PFRq,in_12f2X3wZd2TSk3NC155Z5K3G,cus_8YAWg06KkUXeuz,100000,100000,0,eur,succeeded,1,0,,,card,mastercard,5590,5,2028,GB,Subscription update,olivia.mitchell@harborlink-wireless.example,txn_3ayLFF41ubBwMP4qr4LJe1y5,1773754756
ch_3h7e7OXPD6B0vQH9coh3gLuC,pi_3CcPpIXLckUGK6BcrE7rykFV,in_1MFDkuVE1RSPJM3hrO0YfuhP,cus_VHKfd3pb4hp20o,100000,100000,0,eur,succeeded,1,0,,,card,mastercard,0537,9,2028,FR,Subscription creation,laurent.dubois@vertexview-foods.example,txn_3csFAcujwjc8C1hiPudGI2nU,1773755305
ch_3hncpLSSj8FJFMmmtUuIcozB,pi_3MdQy7jp8ScRLW6mKYcHGgsq,in_1wMQxekajt4fM4dW55fz4R2i,cus_Qx6ysti9qx8zt2,200000,200000,0,eur,succeeded,1,0,,,card,amex,5883,6,2030,US,Subscription creation,carlos.white@white-network-services.example,txn_3iC3biQcIWsvB2pbiiJ51VMH,1773757252
ch_3XeJQaPGgSzcJGz3iO2GRjZ8,pi_3nvdSOjhyZZs5ALC6cayzSyy,in_1sLOrGWsHPFxH4aOOAAK15S7,cus_3VsiukD0Nw7qou,59900,59900,0,eur,succeeded,1,0,,,card,mastercard,3322,12,2028,SE,Subscription creation,kristian.holm@alpineview-communications.example,txn_3W2R3Ol2wD3N40ths70OEgnD,1773820264
ch_3av6mCDm4DrajCGtSx7CY9e1,pi_3NjwDmi4OYn0JwTBTnFjpcAQ,in_1zAFF2AIROy94G0iaByU01WJ,cus_6grjz1tzLNhL7e,179700,179700,0,eur,succeeded,1,0,,,card,visa,6004,8,2029,US,Subscription creation,priya.patel@alpinebridge-media.example,txn_3Ohux9OBa21vHKEycJC801Fh,1773835270
ch_3wCaeuCRPfCfiCM6W7R439Nd,pi_3IuSZO0WOOIeU8TOHRtVrjy7,in_1V5UKmwMrXqeAZ932gszY6IG,cus_sJ8x8xtfkHzhFd,100000,100000,0,eur,succeeded,1,0,,,card,visa,8209,6,2028,IT,Subscription update,luca.bianchi@lumenpeak-it-solutions.example,txn_3mUVXOsJW3qDXCtvC6XpkKmv,1773836783
ch_3dURCnTWAKojSJEVFCoKEhUl,pi_39ofAGMcSJG9vcEIYmErOQIr,in_1VrQDDaFBir8JON4YTofNQEW,cus_qg9kgueco8jsI1,59900,59900,0,eur,succeeded,1,0,,,card,mastercard,9876,11,2029,US,Subscription update,jessica.nguyen@westview-industries.example,txn_3yCabbe6Hm9RUOCWPp9IPyZs,1773840261
ch_39L7u90izCPl7zoVUSLDnZgL,pi_3HGmenw2VvAqpwgYiqXyXoSW,in_1dT4tDZhJD4IWNpfNG72SMBg,cus_eQgjEgLGVSQk4z,100000,100000,0,eur,succeeded,1,0,,,card,visa,7171,12,2027,BE,Subscription creation,daan.jansen@orbitstream-networks.example,txn_3IFa7pjeFqAXtitGnA0cGwfK,1773844600
ch_3q6csm1WKAuDcijWqlgiAgHs,pi_3l2EzXqDhkqbdv8npi9mOaSR,in_1imH8BoSV2XiJty3O7hXBV58,cus_lw14HOXviRwsx2,200000,200000,0,eur,succeeded,1,0,,,card,amex,1772,1,2028,US,Subscription update,tom.murphy@summitmark-rf-consulting.example,txn_3LkQkW1DBJN9OL37DjdHC7oK,1773907669
ch_32pKnwC5sQ7r9ZO6LlZpMKKO,pi_330mv5rZMBQ12yWOYHoTJtNp,in_1Mo7oaBGJ6FjBU8ZYfjaOKJk,cus_DdZl2AjG1pUZa7,100000,100000,0,eur,succeeded,1,0,,,card,mastercard,8804,5,2028,FI,Subscription update,sami.turunen@granitefield-construction.example,txn_3rG2pqOfnxyxlWHIFODvW4p7,1773916035
ch_3sEKtr8QCCbrIPd4d6aMWs9A,pi_3KdQzqnwIxEhkLRKgLw6gYfc,in_12AU1rD4nifv77sQW3G1wPfy,cus_LHpiAxH6h7x90v,200000,200000,0,eur,succeeded,1,0,,,card,visa,7498,9,2028,US,Subscription update,daniel.martin@mailbox.example,txn_302eL8qQGhzTskW75Lf9CG4K,1773920799
ch_3mBfDk09cIm6XL8DMAfL4oys,pi_3Hv0FXiOTEMRAgFosH3Rf9YL,in_1enz6sdogaTu9iUzy4ANSzcA,cus_Nb5efz71H5Nl3V,59900,0,0,eur,failed,0,0,expired_card,Your card has expired.,card,mastercard,3398,1,2026,FI,Subscription update,laura.salonen@clearstream-technology-group.example,,1773992550
ch_3jd6OwIATOLQPIJIdhOA5K4V,pi_3O5y8EFCeYFrzaumDqNNymKh,in_1mrXanE8KUMcIO4uz7FEzCEL,cus_Eup8Pn2h0XMOWl,100000,100000,0,eur,succeeded,1,0,,,card,visa,0972,6,2029,FI,Subscription creation,timo.korhonen@auroramark-wi-fi-solutions.example,txn_31xV1xHYlA7bn08Z9B3AqL1N,1774015880
ch_3R3BgM3ZqZwtF1VdSWVHtoHp,pi_3GwDx9Sgrqv5wxjy1aJi0DaN,in_1StOPZ9RlMNnwwWATPZ2AFQS,cus_0oCQrVB5SD5SuG,59900,59900,0,eur,succeeded,1,0,,,card,visa,9070,6,2029,US,Subscription creation,jason.roberts@blueworks-retail-group.example,txn_3w4GY1HlzeQyGpwUWYKaV5sP,1774021233
ch_3uaCZJ777MKF9rGVXKcsiujT,pi_37MnpNpdCujS7fGcTk6QLPxd,in_18ZURhjDow2HzCMmYzmQHtiE,cus_xnTr699iNlUDrC,100000,100000,0,eur,succeeded,1,0,,,card,amex,7581,9,2030,AU,Subscription creation,jessica.jones@harborline-wireless.example,txn_3Kfsy2sCkyG36YinJp5d5EV5,1774024958
ch_3W0pTop5snjeJwQB3zouGw6k,pi_30HVuvvM5wnsLV9w6fKRtvr8,in_1E1yEFzi9VgUOtcKTzrASHKS,cus_QO1eJGoZCOMTJD,59900,59900,0,eur,succeeded,1,0,,,card,visa,2686,12,2027,FI,Subscription creation,riikka.heikkinen@postbox.example,txn_3Vadd3xM44Cjs5ntbePHk07X,1774051065
ch_3AQvywevva78enWzge24qE2O,pi_3hrMqVNf773vHFexCkbYCPZT,in_1a2dDvulGLD2mY7ha9O5LL2f,cus_KCkxlTkCgcl7FL,59900,59900,0,eur,succeeded,1,0,,,card,visa,3924,4,2030,DE,Subscription update,michael.braun@signalpeak-clinics.example,txn_323stDWZuGa1oWOhdbFAX8KQ,1774058488
ch_38JQ0ObUjdzcR1eW8rcRVgc4,pi_3dPILDgkWazkHNzdDo6XU2Q7,in_1Ba5mqibnENCVXcQn4GXuMmu,cus_fu6v4wsbxyGXU2,100000,100000,0,eur,succeeded,1,0,,,card,mastercard,5369,11,2026,US,Subscription update,wei.kelly@kelly-wireless-consulting.example,txn_3B8Sa7Q1Ttj0SamAcACrk6Kw,1774078021
ch_3cwwhQREo1n0a1SwMIkbJsKJ,pi_32j4R6zBrEwczmVqXDQSX9Zw,in_1O5tieLp5znIPbjTxuwCnBNN,cus_EFHc1UIijnB8oJ,59900,59900,0,eur,succeeded,1,0,,,card,visa,4496,12,2027,US,Subscription creation,david.jones@signalpeak-wireless.example,txn_3hbVph0VDEgiw4fraU22L6o6,1774088681
ch_3BNpyz5wpDTU1IYTx0Kz0hpp,pi_30KBtRbsEDVXN9xeIHcnw6Hq,in_1UGC8J70UY5jw01vPUIBXDIa,cus_JfmIGW2RaN5nlf,100000,100000,0,eur,succeeded,1,0,,,card,amex,5069,12,2029,US,Subscription update,priya.evans@northworks-networks.example,txn_3kxmOJFOalcGU21Rb6aQITQE,1774101829
ch_3fOlStY45ULIzWaRGdomduFV,pi_3vllPpHS4YBNScw992C7jHvY,in_1pu7bUOgFhbpRO9vOohV9ZH5,cus_yI3Gxds18UftyD,119800,0,0,eur,failed,0,0,expired_card,Your card has expired.,card,visa,9166,9,2025,IT,Subscription update,luca.russo@russo-network-services.example,,1774106450
ch_35sANp0kN8bEDRdJUv5gGwj8,pi_3X5IudBlmKBc2WWNhHGWFUE9,in_1HXwFvtwIJQduDBq3YxdesjF,cus_HQMgjEQQHUTDKq,59900,59900,0,eur,succeeded,1,0,,,card,visa,1009,1,2027,NL,Subscription update,sanne.mulder@silvermark-warehousing.example,txn_3JIhzX1yITqUaugRjrCeFSki,1774155890
ch_3181PCLTSIzlN0S6O3OH0i9v,pi_3K7dGT8oC8nyJpUoZeEFt3jT,in_1Dh3zIJPql6xcx3ACwPej8wh,cus_kXsUOkcYfSW45A,100000,100000,0,eur,succeeded,1,0,,,card,visa,0110,9,2030,US,Subscription update,megan.white@harborstream-retail-group.example,txn_3tCb9rJSD4M68HDT41SLqRFg,1774174037
ch_3J79RVlsuZKNEwnRMES8Uy70,pi_3wCxDmPoKVzCxSNYopTjfI80,in_16fjyhvnM8PsjlSOX4FZ95G7,cus_x6YNaRDIOQeRPZ,119800,119800,0,eur,succeeded,1,0,,,card,mastercard,0813,7,2027,CA,Subscription update,jason.white@balticview-logistics.example,txn_36UqmxPRHhVligqdj9bQTnyT,1774181284
ch_358JACpRVG6qQl86y7V9G84M,pi_3NjzXRhKKrTSWLtiOpOx3blh,in_1x0zVfZdAxgnxXGmYjpLL2Am,cus_bVRSScVuVJUksI,59900,59900,0,eur,succeeded,1,0,,,card,visa,3327,1,2029,US,Subscription creation,priya.baker@crestpeak-wireless.example,txn_309904a9rMM572wVE3mkrAZf,1774201103
ch_394ICZrzoUsFpkMfl32LrGQH,pi_3Hv0FXiOTEMRAgFosH3Rf9YL,in_1enz6sdogaTu9iUzy4ANSzcA,cus_Nb5efz71H5Nl3V,59900,59900,0,eur,succeeded,1,0,,,card,mastercard,2022,10,2030,FI,Subscription update,laura.salonen@clearstream-technology-group.example,txn_3vwPmAngbvjAAP6ezhwJaeBR,1774253010
ch_3kMrpJvqG6xyOqiu1ITgZ5H0,pi_3OXtArBG9gkDgoDhut52aE4k,in_1Y93uNA3CnXSqtFHhq21NJv8,cus_T60QsrnrZFD1Vw,59900,59900,0,eur,succeeded,1,0,,,card,visa,2188,8,2029,CA,Subscription creation,amanda.green@green-wireless-consulting.example,txn_3onjGuW9V4HNDbq2EUxRNdhB,1774254013
ch_3EGMHXGRX32EG68XKQUdMHEY,pi_34sEDGQN8fKeagHtjemD5iSj,in_1kUbFWWoBkGMnk4rPv7lGmNF,cus_ca6NOscm9eIDXt,100000,100000,0,eur,succeeded,1,0,,,card,mastercard,6984,12,2028,GB,Subscription creation,ahmed.nguyen@northview-technology-group.example,txn_324p0G0akEzG3C9gULh6ZbJg,1774288412
ch_3LlVjfqE9Q4qN8vNYcfDF4AF,pi_3f4WFncIO8nPf5Uv1fFOT33V,in_1FG8PbQKbZu2B7MsFbOwbfxz,cus_T4Tsb2CfL15RGM,500000,500000,0,eur,succeeded,1,0,,,card,mastercard,2492,8,2027,IE,Subscription creation,wei.king@greenline-managed-services.example,txn_3kLO5NoGLg8zOP2rewK1T3po,1774365760
py_3ML3P4jBcfFA5tNgH6dZN9ZX,pi_3CtxaucvtbPhSsfd0kxykZGO,in_1DvMs2iGJTMN4rsybSlFJxz8,cus_4kH0qGy0fnU0MS,119800,119800,0,eur,succeeded,1,0,,,bank_transfer,,,,,,Subscription creation,lauri.hamalainen@vertexcore-foods.example,txn_3tnbAhaxVNXSHBVy32VOp32G,1774376087
ch_3nU6o6q5EFhCnIsxPHSZ67Je,pi_3WC84yxlS6Vlrm2ruWyQkG29,in_1XiMBySZh06BGt3gtIBTTPXd,cus_WVXKDS6qAWfcsa,100000,100000,0,eur,succeeded,1,0,,,card,mastercard,0621,10,2026,US,Subscription update,michael.white@balticpath-wireless-engineering.example,txn_3oaj8mSYGJh0aQhNu9CiPrFa,1774468044
ch_30piIp5xTwP8emNIbQrNVpqc,pi_3iDuI0DqUisp2q1FmiNBcuOR,in_1OvLD8Lj6ncaapvcHfwwHCto,cus_S3jMCD65CHCjvN,100000,0,0,eur,failed,0,0,card_declined,Your card was declined.,card,visa,2991,7,2029,IT,Subscription update,paolo.greco@northpoint-systems-integration.example,,1774470174
ch_3XhqHNvXD0jGx7QXlYFffxHe,pi_3wtS7tdw1drrCQr8DTYE2HdW,in_11Qchd2fHgnaBQDKa114Ok4i,cus_0W5971M2Iule0f,100000,100000,0,eur,succeeded,1,0,,,card,visa,8124,5,2030,US,Subscription creation,rachel.collins@signalline-managed-services.example,txn_3ylrv5VWmuopaX64S7VEuyE2,1774517541
ch_3hg5ECBFytUMbquVb4vtG3S9,pi_3KQYZxybWSn2g8cPIt3adp81,in_1OBVhYe0RlcHxrOguLYwZfiV,cus_bWpHvduUM2bvEF,100000,100000,0,eur,succeeded,1,0,,,card,visa,5069,8,2028,US,Subscription creation,steve.hall@brightline-schools.example,txn_3Y5TMdu9T9Iprp7BCJv0XbCA,1774521859
ch_3WabaOONGhlcvgGdtb4kPht5,pi_39AdvPbi7jE1H2tpaKlRrGlr,in_1MvEduOtOrnwig9705OEo6wU,cus_guCXXckMYIPz5q,59900,59900,0,eur,succeeded,1,0,,,card,mastercard,7209,8,2030,SE,Subscription creation,jonas.dahl@ironworks-hotels.example,txn_3YIyfemLlz67W03pndfLmJRm,1774527233
ch_3JnUmVaIK3djueNT4utVNdE8,pi_31yMRas87nCou2eYOLe8xp6X,in_1khQz7VPOmfr7C4SGE4ecKAh,cus_uT6z2dph2RQzl5,59900,59900,0,eur,succeeded,1,0,,,card,visa,3362,5,2028,DE,Subscription creation,daniel.neumann@nordicport-wireless.example,txn_3PcNmui3UK0D8i2YxBDc5bSX,1774528471
ch_39SYmicxg6jWgEFLVNNR4gqn,pi_3v8vR2GOyDaq3yp1wpm5kg5c,in_14hgi7LMtMtlvzCpjtyt1M7d,cus_vqRTnqgn0HoP29,59900,59900,0,eur,succeeded,1,0,,,card,mastercard,2068,11,2028,FI,Subscription update,tuomas.salminen@polarpeak-rf-consulting.example,txn_3VqTxB18us98tY0J57Xldu2U,1774538317
ch_3gkwin9eNA44rzSrAfvyACwV,pi_3rnOtj85xmPZD2NwhUUlmxar,in_1KsRfjVxv7B38wWtvuRI0oeW,cus_TJG16cCHPasMrb,100000,100000,0,eur,succeeded,1,0,,,card,mastercard,1269,12,2027,US,Subscription update,ben.williams@novalink-it-solutions.example,txn_3xMPoh18fHviaQ6W0tDNthEv,1774543690
ch_3oCMgLjBIPLctNUbpvDpC5Jw,pi_3Y7HdBTeehSbJviBwe6WsdEo,in_1Ymx6YfUEE4qyHKF3sJjvMyh,cus_GzuwI74Pn8xDjj,100000,100000,0,eur,succeeded,1,0,,,card,mastercard,1333,9,2028,US,Subscription creation,john.wilson@granitepeak-networks.example,txn_3O4brsLotR45kIssG6sA3wRQ,1774582115
ch_3HkDRNh0AfTi0RRzt3xdBPFR,pi_3bGe6ObpPmA8fIos4jEgeDCa,in_1j9Jqpsip2qOOl1m3FLct0qS,cus_zazqovR3BuDQvf,100000,100000,0,eur,succeeded,1,0,,,card,visa,7966,7,2029,FR,Subscription update,maxime.moreau@mailbox.example,txn_3tQ2E5Fd3bTQX6mtfeEwkVTr,1774597433
ch_3FjqybaUy2EKlbLnej9Tn5Ar,pi_33V7IzpTQAUTkEiHHzADzTak,in_1N5UABlvAXWc3iWV2gEfdYSL,cus_noUdzrq1su2FQ6,200000,200000,0,eur,succeeded,1,0,,,card,visa,9295,11,2028,US,Subscription update,kate.miller@westport-media.example,txn_3AwMEx7UW4MDxmYWKahvLWwk,1774620297
ch_3JsrLrJUlTmU5h74OkanBx95,pi_3Nl5Mgl1sq8UMpHXqy2WsyGU,in_1Rf2TWk9rHohx4FA5lhTUICG,cus_Qjpc1xWrHFBRsh,300000,300000,0,eur,succeeded,1,0,,,card,visa,2497,3,2029,US,Subscription update,sarah.mitchell@summitpoint-managed-services.example,txn_3mluWN0BMpjV7TnBSuvp6cjo,1774690380
ch_39kAz8cWwRXJzqoYX6HDIpVC,pi_3r9g5uulBlF3ZqPPqMLFFD6i,in_1YOnAw0vwoBELKroac3W89GJ,cus_YLCBItB1tPgRDi,100000,100000,0,eur,succeeded,1,0,,,card,visa,1871,5,2026,DE,Subscription update,daniel.hoffmann@northport-networks.example,txn_3tjPHiGcyUTO2FVNEaroDm2Y,1774719057
ch_3QLUmBYNPzaP1WKSS5hN8R1j,pi_3iDuI0DqUisp2q1FmiNBcuOR,in_1OvLD8Lj6ncaapvcHfwwHCto,cus_S3jMCD65CHCjvN,100000,0,0,eur,failed,0,0,card_declined,Your card was declined.,card,visa,2991,7,2029,IT,Subscription update,paolo.greco@northpoint-systems-integration.example,,1774730034
ch_3J7uFcu06IecqNX6iSPF0FEV,pi_3IFJKUJZgpdnRCtMlYdbe1xU,in_1AcGijQzetXrxgxHL90z9xJE,cus_lHIX8Neep5V7Wf,100000,100000,0,eur,succeeded,1,0,,,card,mastercard,2363,6,2028,SE,Subscription creation,lars.nilsson@maplepoint-wireless.example,txn_3F3RT83QUXkFxRH6NBdLhDDi,1774800055
ch_3jXk5QY6pyxTtjtdXA7EuQ4p,pi_3pZlpzTzSSHB3MmR619vOHhN,in_1DOHoL9jTyMCVfndOAIIQZjS,cus_2mT7uMJzqLQ6RQ,59900,59900,0,eur,succeeded,1,0,,,card,visa,3806,3,2027,DK,Subscription creation,lars.johansson@apexlink-wi-fi-solutions.example,txn_3ebb8VA2KXJxMAS3XZjp3hwH,1774859208
ch_3faqcDc9KKJbyiHfKzZRDVNn,pi_3VKo54m6q7xUlq4u4ZVVw3rh,in_1bJURZ4CUOm3Xm2ALArSSUoM,cus_sEXbpE7OxsTdDX,100000,100000,0,eur,succeeded,1,0,,,card,mastercard,2024,11,2030,US,Subscription creation,tom.thomas@pinecore-wi-fi-solutions.example,txn_3gFS1Lrc0JDfcsfHEeaElA7m,1774917299
ch_3nV6z0C2bQ30LwSR8SniviS2,pi_30b1gpLuOjGf5jFGLE9sYoOT,in_1lz8e9uyremsO0R4SoSQKTdk,cus_NAACkjCiPPH4Fe,100000,100000,0,eur,succeeded,1,0,,,card,visa,8293,5,2026,GB,Subscription update,rachel.evans@apexpath-rf-consulting.example,txn_3SGYKOO4tL6KiDF8l88E9cyx,1774960863
ch_36tpXkBOTZYYX3XrFp32PgvD,pi_3j3RHgHfPU8dZA3wu11POrnI,in_1N8WpehBQgOKj61aneomSlhy,cus_y5gaD5zGnrjO4Z,59900,59900,0,eur,succeeded,1,0,,,card,visa,8818,3,2027,DK,Subscription creation,henrik.lindqvist@harborworks-wireless.example,txn_3Hiaxb8F7btPC8xjWOxuCdBK,1775031946
ch_3Y2rqkFZp2TeZfWb6yDSneti,pi_3aNEMMnnbLlUR2QaOKkd6wps,in_1djnuEi5MTqjfss5Vb81FzYv,cus_ZD1BxtHdGw9PZs,59900,59900,0,eur,succeeded,1,0,,,card,visa,9382,6,2028,GB,Subscription creation,eric.johnson@lumengate-wireless.example,txn_3gh2P54H6MsGKC3pEmwYNjsd,1775065247
ch_3oegHqsCThkrnss7KqYhbIhd,pi_3OYQNxGuZHE7qxfbjNGncyT5,in_1Tf8MkvAzNYecrz71nc4MXKV,cus_XVzD64FU0vA3TE,179700,179700,0,eur,succeeded,1,0,,,card,mastercard,4126,10,2028,FR,Subscription creation,mathieu.moreau@silverworks-rf-consulting.example,txn_3b07caTqIBng3OilLglEBGCk,1775070101
ch_39zt9HEEH5AijaCpSQeKDz0o,pi_3pN35Ep9LZ0YpqpHWeO6802P,in_1Kz8qa5sas6upjM7jJJfspte,cus_k7GXNSSKhXSCCE,300000,300000,0,eur,succeeded,1,0,,,card,mastercard,1052,5,2029,US,Subscription update,paul.williams@cedarcore-foods.example,txn_37dKgetxtTzRJS2NC3CQjACy,1775103148
ch_3nkkP6VUK8qf6X2xj2Lmow3p,pi_37fUCIXC4MHNM6p0idNWqL2F,in_1fjV8Je7VSCol29IpiclBtyr,cus_8kfqDblhumwMDj,100000,100000,0,eur,succeeded,1,0,,,card,visa,2260,1,2029,FR,Subscription update,laurent.roux@orbitcore-logistics.example,txn_3595r3cw9Y367BjfQ7hsfC83,1775128253
ch_3x5XULNj2FK0DMzM0MDNIlTm,pi_3iDuI0DqUisp2q1FmiNBcuOR,in_1OvLD8Lj6ncaapvcHfwwHCto,cus_S3jMCD65CHCjvN,100000,0,0,eur,failed,0,0,card_declined,Your card was declined.,card,visa,2991,7,2029,IT,Subscription update,paolo.greco@northpoint-systems-integration.example,,1775162994
ch_3v3LNs2onzzxSXnTBOGolR6A,pi_3lLWhj8vxHd4oBwyQLesHtTt,in_1sqr0MsNQyjQ9T523XvJ4O2j,cus_PXr9xsbgrrTrzl,100000,0,0,eur,failed,0,0,card_declined,Your card was declined.,card,visa,5819,8,2030,ES,Subscription creation,david.sanchez@alpinepeak-networks.example,,1775225681
ch_3EkOK3r3dg5Q5S4Lr92bWOJz,pi_3lLWhj8vxHd4oBwyQLesHtTt,in_1sqr0MsNQyjQ9T523XvJ4O2j,cus_PXr9xsbgrrTrzl,100000,100000,0,eur,succeeded,1,0,,,card,visa,5819,8,2030,ES,Subscription creation,david.sanchez@alpinepeak-networks.example,txn_3swcUkp8meojUXHzfgG3oaRl,1775226010
ch_3v4eHZDgypJfxbgoWQ5cj0UO,pi_3zmr9iBLWjQdYBpwwh5Iuu0Y,in_1vEDga2ZzvRT5ucKR0hKcUbk,cus_YJBM08GsHcoKB8,100000,100000,0,eur,succeeded,1,0,,,card,amex,7855,11,2027,US,Subscription update,brian.phillips@atlasstream-wireless.example,txn_33bWH9lQQLf8ceWTSfwjjBOK,1775229888
ch_3EcdB253tXP8RBepfNulHbRw,pi_3KLEAZkuicoxUIE0ZbMKoNok,in_1BoYc9xOmNw9mi0iFGC6HdiT,cus_5vuftR6mJoU1eo,300000,300000,0,eur,succeeded,1,0,,,card,visa,1934,5,2028,NL,Subscription update,bram.dejong@harborlink-systems-integration.example,txn_3M0XzUlDIoVr40IcoQ8pZYRA,1775314780
ch_3rttiaHAjzZ8k0XSjDCoP6AI,pi_3uKXCOaIaOpj7wuopZmUuAzE,in_1grQo0y73AJTjYo0QzEbeMd0,cus_PJ9xcSQSdNmAwy,59900,59900,0,eur,succeeded,1,0,,,card,mastercard,4960,1,2029,US,Subscription update,priya.harris@vertexpath-communications.example,txn_39jWvdC5DpsYfWnNdJEmEOtC,1775319348
py_313yzztC2Gy81OnSObXGldkt,pi_3fRSwlz6aoP3D58syTXWKGF0,in_1uQpXDWWh3hrk63F5SrFSYDQ,cus_SoqRNUzO8nu0P4,179700,179700,0,eur,succeeded,1,0,,,bank_transfer,,,,,,Subscription creation,niels.vandijk@westview-wireless-engineering.example,txn_3V0BLab5NFbSYWM4VGai2pRl,1775560898
ch_3PnYQg39gEbBKgeNVQ0iawzs,pi_3RI7aSOZJIBJNdPXcEw9iyVY,in_1esFcyC6PPXqFWvPlTjvrFor,cus_KzSYsyWxuaaD9s,100000,100000,0,eur,succeeded,1,0,,,card,visa,3736,6,2027,CA,Subscription update,brian.martin@greenpeak-networks.example,txn_36H2PLU92fYgvNgoyB8SNHVW,1775567311
ch_3YdCyqeDdsvqI0TwEOc5Tbzd,pi_3ftOU7N7krlxVeFGSS7sSYDn,in_123REcckLgCbhIUO3oOdzMr8,cus_plIZIhZZ4EEOoc,100000,100000,0,eur,succeeded,1,0,,,card,mastercard,3959,12,2029,GB,Subscription creation,ryan.king@mailbox.example,txn_3o9LwOB0D85PYpakTIPGn6FF,1775577321
py_3HADoDAPRTb0KJL6KGPEBKUg,pi_3FvMBf7Z43PA8iLP15c2lEcJ,in_1UuERj84vXXthZWC6sFhWyXh,cus_ZIil6tzf2pISHx,16000000,16000000,0,eur,succeeded,1,0,,,bank_transfer,,,,,,Subscription update,accounts.payable@kaarna-university-of-technology.example,txn_3dcMxTXhPw4WFDKMzMeGEjtI,1775583507
ch_3lUVLx2NxNoPTr0e8gl8X1Bb,pi_3AVUifee1ky27pZ1pnhdo9fu,in_19MAzgWLjZY2u0H60rTE6FjR,cus_mr8unAcjYM7o8k,179700,179700,0,eur,succeeded,1,0,,,card,amex,7769,8,2030,NO,Subscription creation,sara.larsson@greenport-wireless-engineering.example,txn_3UWSLuFSW0ZKVbTedGsPCCwK,1775735414
ch_3pGiCq7dS3WOZlT3qP9VDtAP,pi_38XItQmXy1GSvU7BqVKEHrDJ,in_1twjvOCocM9IdHYDJH3Rtr3X,cus_DsiymwFrTKr9xr,59900,59900,0,eur,succeeded,1,0,,,card,mastercard,9030,8,2027,US,Subscription creation,rachel.phillips@polarmark-communications.example,txn_3hhbjCKW9UgIXC6bRxyndmL7,1775745493
ch_3GmfvzDmBkmG6yHbwrdcbxey,pi_3Cn6uXohhFSIM5lCoEscAZlt,in_1U56c8Lv0ElNxb6sn4HHLvou,cus_HIFFFtIpdpHFni,119800,119800,0,eur,succeeded,1,0,,,card,mastercard,3271,9,2030,FI,Subscription creation,juho.virtanen@westview-partners.example,txn_3pvm5Rs0SXzGzIduFFtLM1Nx,1775757425
ch_3rKp0F6OnP7KsDqSPwQsDlnB,pi_3I26Q1cem3wtaLQXt4wOp3MG,in_12jV5EWxwVIMESh1XwdmTh9d,cus_nSVoNTKR5fIVXq,100000,100000,0,eur,succeeded,1,0,,,card,mastercard,5593,7,2029,AT,Subscription creation,dirk.wolf@harborcore-foods.example,txn_3tkBCBcQYdOjVRUPvto9aBdl,1775803981
ch_3pqs0lzSDUEDIUPCQxzB9Isk,pi_3yUVGt43Waq01Vsdo8m9T7kd,in_11hFUwZBsijYezbtg3brnNPM,cus_cc1886WJqBomNd,59900,59900,0,eur,succeeded,1,0,,,card,visa,1030,1,2029,FR,Subscription creation,mathieu.bonnet@stoneworks-foods.example,txn_3ScqEYrocLD3FYQgQz2Rkvin,1775821682
ch_3WAX0ycUbBxIEphdv5eJHnDH,pi_3rqyz5E5mcZIRkuNihKsiZ1F,in_1Rmenkgeh4i08fQDCt5Tax8i,cus_2XxgxYOIwzJAug,59900,59900,0,eur,succeeded,1,0,,,card,mastercard,7763,6,2027,AT,Subscription creation,thomas.koch@beaconworks-wi-fi-solutions.example,txn_3o5LALU866KzY3gYd1ACu4Ww,1775823710
ch_3mb0bpPvPTbi4YVew0ydcsAD,pi_3YoOyasEgDY8qABaohSw6x4h,in_1pX7l25o8EIdqJQDnMd4FjfL,cus_o6QozAOOhOxDj3,59900,59900,0,eur,succeeded,1,0,,,card,mastercard,5777,6,2026,DE,Subscription update,jan.schneider@lumenport-wireless.example,txn_3LO7DaYh7dCIQdwFDWLS0agG,1775878626
ch_3crNAf0eYQLWCGURKGiRjZyu,pi_366smN1AA9nwx5COHZOU0a6z,in_14rrP8UNrX5OZA0DTLioSgUn,cus_qpusBJVW39W0UN,100000,100000,0,eur,succeeded,1,0,,,card,mastercard,5974,11,2026,US,Subscription update,kevin.miller@bluelink-logistics.example,txn_3n9SqiFTQ4K1fMJU0a4GpxD0,1775885052
ch_3pcV7RzyiaFoCBNUMDVjzv9u,pi_3jDcoFgOm39oISbY6Obg4q5d,in_1PQnvVRrCzh42oLDpAfkVhnB,cus_gO5l3CFaKHZ5Sg,200000,200000,0,eur,succeeded,1,0,,,card,visa,0195,5,2026,NZ,Subscription update,josh.jones@novamark-it-solutions.example,txn_3a6iFN5SOO1uN4IcXJ3bwto4,1775892060
ch_3mB83OsdLxAcbWtbElUL1tBa,pi_3oYCoL8zk6JsyzR0LaxJswMF,in_1e5BBXcqm7XNVM3ao2v3eyha,cus_2eKWeKRGSEcYhC,100000,0,0,eur,failed,0,0,expired_card,Your card has expired.,card,mastercard,9194,2,2026,US,Subscription update,jason.young@pinepath-rf-consulting.example,,1775915357
ch_3Jq1XbjZfQX9Gsfw8839Ebpn,pi_3shlIl4dEdJteeDKvQwiPBr8,in_1XPGQOezWByIlkJZ57mEKrgP,cus_c0knIzERiKBsuy,100000,100000,0,eur,succeeded,1,0,,,card,visa,3213,2,2028,NL,Subscription update,bram.vandenberg@novalink-construction.example,txn_3NNefHTsLjEGWkmnSY7VQiCY,1775921674
ch_3q3iHDdI5AZA4YpMef1OOyQt,pi_3r35ouKdyKjc2t9Bt9qN7FYB,in_1np3cLjD4vm3TjlPYKk9Ia3s,cus_bC36gxAqa8JfRA,59900,59900,0,eur,succeeded,1,0,,,card,visa,3194,5,2027,SE,Subscription creation,frida.berg@crestmark-logistics.example,txn_37qGl2gzVNcxbnOeLQUM08W7,1776025256
ch_3TNqByszr8Ee00jobqUOGsSu,pi_3jAwvLOGXRP4eZHF4GfP4KLG,in_10n7IeCOfKg4E3TB9GhZdhmR,cus_2ualkbY383weht,300000,300000,0,eur,succeeded,1,0,,,card,mastercard,0492,1,2029,US,Subscription creation,john.patel@creststream-schools.example,txn_374CcaaivKiy0XEauDjR33iC,1776064290
ch_3Gh3Vz0yicEg2Ue0HPmzmNrf,pi_3yoaskDaRY5hUjJ1IFmhlHHV,in_1nrxzVGKlDCR3CcfSVuU1Utm,cus_X7ZbhbVmCoeny8,100000,0,0,eur,failed,0,0,card_declined,Your card was declined.,card,visa,0219,12,2029,US,Subscription creation,ben.anderson@anderson-network-services.example,,1776081110
ch_3GKQDBNj9uoVwjfYjLfJiXDM,pi_3yoaskDaRY5hUjJ1IFmhlHHV,in_1nrxzVGKlDCR3CcfSVuU1Utm,cus_X7ZbhbVmCoeny8,100000,100000,0,eur,succeeded,1,0,,,card,visa,0219,12,2029,US,Subscription creation,ben.anderson@anderson-network-services.example,txn_3qusd8O820QW9mnbo4FZFIAH,1776081576
ch_3V2VfAnm4ofPzBslqOu9NPH1,pi_3UwTaKcKMGTorP5RIDWolyQJ,in_1T3bAJS8rBpppL8ykWJcgybE,cus_zpVx9eAUDBZSo9,100000,100000,0,eur,succeeded,1,0,,,card,mastercard,8906,10,2026,AT,Subscription update,florian.richter@granitepeak-industries.example,txn_3CUEwczT9qz1SbWpQVq5KIIk,1776171452
ch_34Rf3aLpqiHDWcdJuFDD1YZY,pi_3oYCoL8zk6JsyzR0LaxJswMF,in_1e5BBXcqm7XNVM3ao2v3eyha,cus_2eKWeKRGSEcYhC,100000,100000,0,eur,succeeded,1,0,,,card,mastercard,8084,11,2029,US,Subscription update,jason.young@pinepath-rf-consulting.example,txn_3vS6AKPJ5rGq26DQrUyhovt1,1776177377
ch_3h0ZARuISlpB6oOaEe668MUt,pi_3DWBdApHtL4GJ5jyuwVwB8UK,in_1FKNaWNXG5IDj022RKvCBhJV,cus_R5i7gItMdi5ZTd,200000,200000,0,eur,succeeded,1,0,,,card,visa,7186,2,2027,CA,Subscription update,nicole.thompson@thompson-network-services.example,txn_3TWDqYczZStgudAJUp8LOaNY,1776178600
ch_3AyMVczi6YZKem8V32HHGOUL,pi_3cKSe1h8or2vZfp3tweHQRVs,in_17XV1NmJmGZ97eV2LkIAfO5V,cus_i7VEGa9P4PZRrV,200000,200000,0,eur,succeeded,1,0,,,card,mastercard,2554,6,2027,GB,Subscription update,megan.phillips@balticmark-logistics.example,txn_3g9Vgd4YkGyo6voWLeJ4gMPK,1776190963
ch_3ZmFH0oZwcA1PWG2aPlVixrF,pi_3YQnKWPe4HEynGfKKouX2VdH,in_1lGAgHwEIaDXwgTkYU2tgdOC,cus_noWn18IQKJ7eeX,100000,100000,0,eur,succeeded,1,0,,,card,mastercard,3366,3,2028,NO,Subscription creation,rasmus.andersson@westport-wireless.example,txn_342LlN7GOjVrMPZhrJpDjclB,1776191797
ch_3769mxkyPsugsecN0KfGrVFs,pi_3A2mk6EalFhdEH1RD0jCvcqX,in_1ronaabLzNu9cM9o1o3AvgKi,cus_5neTUoUbKCe0NO,500000,0,0,eur,failed,0,0,expired_card,Your card has expired.,card,visa,1431,6,2025,CH,Subscription update,sven.zimmermann@cedarcore-wireless-engineering.example,,1776196903
ch_3NyI9DNaBgrEFhDGemnZ3c7l,pi_3iDih8mRHoDJUOG8uB3jKeEM,in_1T3KyXJOc4ooPy7Lwn1il2ml,cus_HrrV9tyM00QiWy,59900,59900,0,eur,succeeded,1,0,,,card,mastercard,7346,4,2026,NZ,Subscription update,james.mitchell@aurorawave-rf-consulting.example,txn_3c0B0owhyftevkUi7anU4rlV,1776261156
ch_35WMrs1HL5WQnwdNISY7HmRC,pi_3vOV9OH3lO12ZvUqKFbjhOgv,in_1UQ5IhCnGmaNjy4usBlN8lTX,cus_jbK69URdwAlCZu,59900,59900,0,eur,succeeded,1,0,,,card,visa,8157,11,2029,US,Subscription update,chris.lewis@lumenmark-rf-consulting.example,txn_3iICPJqQKFXZIrjTJkeURD3n,1776263886
ch_3EHlWXAaZPR1YAK5bpsjB7Ny,pi_380cY2Jl1GMuGNEFy25HLkZf,in_1Q0TSPS4dbgNYsin6Do1QjQU,cus_vGsK5n4JmkpQuM,100000,100000,0,eur,succeeded,1,0,,,card,visa,8015,8,2028,DK,Subscription update,lars.strand@brightport-communications.example,txn_3XvFwFdZF4MmWEv1BcLdGGM2,1776264933
ch_3BT8DLp9yb6WTL7b5zql3AlU,pi_3jzlLlFm2nxtr6KKPLZ0IRBA,in_1zQjzzrx45kf4CSBqCybAKdC,cus_IBo8ag37e6aLtr,200000,200000,0,eur,succeeded,1,0,,,card,mastercard,0547,6,2028,BE,Subscription creation,joost.devries@blueline-logistics.example,txn_37cgTel9iA6RV4z8cd7PlKOg,1776276098
ch_3YwwR3sgsd7upwIMAWcV4eCa,pi_3PBzqu2lFdIJwzkmrsMvevn0,in_1quelStwfXcw6oVks7kEHwVr,cus_flyrA56c8CN5RL,119800,119800,0,eur,succeeded,1,0,,,card,mastercard,1189,7,2029,US,Subscription update,ryan.miller@deltaport-logistics.example,txn_3GVzQwR1pWCjKKQx9451EvtA,1776304853
ch_3Xf18YhhKzs25zOcQtIrkKg9,pi_372OuTJzNQ025llpsQ8Did6R,in_1c16qc9Q4Pvd2kLHsQU0zkW3,cus_7SwVajfyjcrlIs,300000,300000,0,eur,succeeded,1,0,,,card,mastercard,7606,8,2030,IE,Subscription creation,james.harris@stonepoint-networks.example,txn_3qFYSRDC5t1AxejjSadWjZrg,1776343839
ch_3NeSarPOOHPJTmNkiFGGN8OD,pi_32oTBWpYRBb6cNpapSZ75pWm,in_1O4LFOaOz7JKjYiMzdZllIVm,cus_b3oefHmWA8weSI,59900,59900,0,eur,succeeded,1,0,,,card,visa,7653,9,2029,DE,Subscription creation,markus.zimmermann@creststream-it-solutions.example,txn_3qdYbvDfKA4tuSoRgX82PIGE,1776357788
ch_31JY8dfmO8QE5Gcsa9640rTY,pi_3qJPU4mK4TQq5QhcnwEH1Odv,in_1HF243IpDUA9eTPNrH2NJ0hj,cus_BnoIiPis6R2veR,100000,100000,0,eur,succeeded,1,0,,,card,mastercard,5182,8,2028,NL,Subscription creation,ruben.vandijk@atlasstream-networks.example,txn_3gaIMLHms3ZNYcZuONtAjmE5,1776358539
ch_3jiIRqOJpk7cdGV1fvcndUGV,pi_39Vdid6jKswDd6PoSQtc7qbj,in_11xGrQuOBEqrUogBbvjIhKoX,cus_dVAd3I8rHwItNO,100000,100000,0,eur,succeeded,1,0,,,card,visa,3875,5,2027,US,Subscription creation,rachel.baker@clearpeak-wi-fi-solutions.example,txn_3Z3JvF3TzuGpMiB0vMiFtVgz,1776368532
ch_3NKEBCySHLmuJi0vVJRi4ZoC,pi_3vkkqx3TsxsWeiYajc2bkNeF,in_1nCnXWGphBGEwIpMcER5fzup,cus_XyhDgHlSf69oEz,100000,100000,0,eur,succeeded,1,0,,,card,amex,9053,7,2029,US,Subscription creation,chris.walker@westgate-technology-group.example,txn_3sRPeeKtEgQoUs2hA1BHNz3E,1776369410
py_3iYLHGgattaVeNFU74IRDdLC,pi_3ZoHObCIo1Li5Gg0na3HADGV,in_1jthnZmGFg63UnYFBEAiejHZ,cus_B5PL2GX1od5LE8,200000,200000,0,eur,succeeded,1,0,,,bank_transfer,,,,,,Subscription update,michael.thomas@ironport-retail-group.example,txn_3nktpAOcW2Ql0MChUkoq4v2e,1776432718
ch_3ZfzspXkWoaLgL3G4IWti95E,pi_30S1x2qYigEFYVZn7SsSBvEs,in_1MSGJzOdVVi5ud0jFBmhhWOw,cus_ketbOaZsbA0S60,200000,200000,0,eur,succeeded,1,0,,,card,mastercard,8391,9,2026,US,Subscription update,josh.collins@balticport-telecom.example,txn_3sB9JqxIWh6KSjieSu9Rtp7v,1776435780
py_3j5qJBJkphbs5zsu9RG3o5Hz,pi_3Pwl5DLKGNERowxifpu60Icw,in_1wgysR5LepCge8ty2A8cmpJA,cus_bCBtfQJxsUerp6,119800,119800,0,eur,succeeded,1,0,,,bank_transfer,,,,,,Subscription creation,john.davis@vertexpath-communications.example,txn_342naP2mjmNSMYb2402Qw3iT,1776447341
ch_32qw6LOaCXahqiBLvifd6eZW,pi_3hTmiGJt0t5PyvXTr6K55iFl,in_1BvCaW1X9N2wK379uDERvh3h,cus_UKX8sYwNcSaCCu,100000,100000,0,eur,succeeded,1,0,,,card,visa,3512,3,2027,GB,Subscription creation,wei.johnson@johnson-wireless-consulting.example,txn_30SbUiZhHAFRNQlOLhbpgU2s,1776451183
ch_3NAYfrxotHDeUOaQTeelOq9l,pi_3z5iX5DWNQQzyiZRrWaT02Bj,in_17EmZuDFBJwjg9Z70r6dsU2a,cus_W7Xclr4ZjUvp3c,59900,59900,0,eur,succeeded,1,0,,,card,visa,8494,9,2027,FI,Subscription creation,timo.heikkinen@orbitfield-wi-fi-solutions.example,txn_3FPYJadfOXwWuQNg9pDoYffl,1776452911
ch_3Y9XaKo78kT91zNxIdRa7ss8,pi_3gyedk7tEFoxtMHDar69iziU,in_1iTePD3c3TRZJkxpUDqfTZn3,cus_oQfj9TRJg3gI3X,59900,59900,0,eur,succeeded,1,0,,,card,visa,9477,4,2028,DE,Subscription creation,thomas.schmidt@novabridge-networks.example,txn_3LBsROnCq0ldIsTdqa5QbF3w,1776454557
ch_3o7KWSubXlY51bG3UFtGx3Ff,pi_3EYydIvCw1fZeE0Vk9nkhyat,in_1TwmujNscpqMeSHwas3JWU3x,cus_Za5ax2X7N3d67u,100000,100000,0,eur,succeeded,1,0,,,card,mastercard,3288,6,2029,SE,Subscription creation,johan.nygaard@balticworks-wi-fi-solutions.example,txn_3295U9jIhmW4xxMxb6OjpWrp,1776456395
ch_3LKqUSB81V0YAX4PcvsVeeCy,pi_3A2mk6EalFhdEH1RD0jCvcqX,in_1ronaabLzNu9cM9o1o3AvgKi,cus_5neTUoUbKCe0NO,500000,500000,0,eur,succeeded,1,0,,,card,visa,3442,10,2028,CH,Subscription update,sven.zimmermann@cedarcore-wireless-engineering.example,txn_3DqO2fk8b3nEYnvoSD7IiFWz,1776460423
ch_3Edo4aozWNwlFLrZPlY6cWKj,pi_3ssrhw8N08NVBrpZ4MDeNzBD,in_1EsbWw2zzPaivwFFgH5zw5yf,cus_skvD6rpeOtTTSE,300000,0,0,eur,failed,0,0,expired_card,Your card has expired.,card,amex,8068,7,2025,NL,Subscription update,joost.deboer@de-boer-network-services.example,,1776520808
ch_3331Qf8U65FYmoo3aevBptz9,pi_3BvRuzE4zyQBNLvezi5X0Y8Q,in_1qjWnUJYZnKMVq0VGQmExW6n,cus_jCxszWufBnQeHz,119800,119800,0,eur,succeeded,1,0,,,card,amex,9676,2,2028,US,Subscription creation,kate.campbell@campbell-wireless-consulting.example,txn_3ywLdnnDjC3ZJrBGkHiyMLyV,1776521316
ch_3AMju2CX2wnP5xLb8o2m5Ncp,pi_3g9fS1yFPKxs5u0zCjtR4xDS,in_1Ilc97z1HhHydFHd662IfuTa,cus_ilNikcC8kFvF31,100000,0,0,eur,failed,0,0,card_declined,Your card was declined.,card,amex,5777,3,2027,US,Subscription creation,carlos.patel@greenbridge-telecom.example,,1776684936
ch_3Psx6rP4jp6YrZXsCCa9sGF6,pi_3g9fS1yFPKxs5u0zCjtR4xDS,in_1Ilc97z1HhHydFHd662IfuTa,cus_ilNikcC8kFvF31,100000,100000,0,eur,succeeded,1,0,,,card,amex,5777,3,2027,US,Subscription creation,carlos.patel@greenbridge-telecom.example,txn_3g9shsu6pLEGaa7N9C8XWl04,1776685265
ch_3ziIq7duhnLdhQS2IHkfYpmK,pi_33eGbk2rcMcR8nQAVYyM8aFL,in_1lT1VLiNd14I4WD0eI1PthKH,cus_w5hazzBLmsjpnP,100000,100000,0,eur,succeeded,1,0,,,card,mastercard,5384,4,2029,ES,Subscription creation,laura.fernandez@orbitworks-retail-group.example,txn_3sIoDBK9cXe6IfOgSa73jCyl,1776687918
ch_3kj0UiCW7RIXInnuLUinj6Gu,pi_3pGX2EarBDUmhX2dBhWylF40,in_1f19XUvPDDKVwXlkNFxUyFwG,cus_yUkzuiexxjxRXf,59900,59900,0,eur,succeeded,1,0,,,card,visa,5282,2,2029,GB,Subscription update,robert.evans@orbitworks-rf-consulting.example,txn_3QYexS5eQP5oYMeD64Z0Cd7k,1776691730
ch_3YCl5cLG2ZGQqPDZtNtaiLdS,pi_344wlPAfXZGQAhxl0Rg4HQDj,in_1mPUO9HXDWwziZ4gTKRa5HEy,cus_d2IzUiy2ssHZYJ,100000,100000,0,eur,succeeded,1,0,,,card,mastercard,3830,12,2029,GB,Subscription creation,chris.nelson@nordicline-properties.example,txn_3wSQAqbq0SrZKR60sAOt0oCf,1776714252
ch_3NLrsERlwZCRq7fwzRTrO9bY,pi_3jNG5gu3ta209ukV8JsMTJ7Q,in_1wpSNUdmoyn0tUoyVvtvovcf,cus_aEZB1HrEbaVh2C,179700,179700,0,eur,succeeded,1,0,,,sepa_debit,,,,,,Subscription creation,jan.richter@balticbridge-logistics.example,txn_3xsIZ4ygVtMtJk2q0RD2g8Df,1776742668
ch_3Avf6UaNfSUHLGPRsChaPt8g,pi_3E7TqvKNxlFVfCfeBJjzMN0o,in_16nm1QKg84iYlnG3XzTqtzIV,cus_5zrU2MlsCZZ7qh,59900,59900,0,eur,succeeded,1,0,,,card,visa,3737,12,2030,IT,Subscription creation,andrea.romano@lumenmark-telecom.example,txn_3qsNK0Eo1m3updPKyk7EGyuw,1776757043
ch_3j1GJJGoP6wC8MKPeHoCgzjC,pi_3iMjyqwS394sCMrQMBgVh0tN,in_1Y0agFg7iKVqa8KchHL7KGXE,cus_za4Riv2WPNlld8,100000,100000,0,eur,succeeded,1,0,,,card,mastercard,3521,2,2027,GB,Subscription update,wei.lee@deltafield-networks.example,txn_3bFErsARHUd5pqzfq1peXmMk,1776777184
ch_3yomI1rdHYTBE7MRQmn0ERUo,pi_3I5HMEEvb6rQZBHUARYJDZQV,in_1ktkzcvVE5auuZtuwQRsTTFR,cus_gNPy5VuFB75FGq,300000,300000,0,eur,succeeded,1,0,,,card,visa,5933,1,2029,NO,Subscription creation,anders.johansson@nordicpoint-industries.example,txn_31d03hAwoVq5VeYcHRK3dssT,1776778753
ch_35BG3iEiJNVYOr8mjnapus4T,pi_3TnVEu4NQmxN85L5wFeElOGF,in_1JW6jFupX2ZguO8o7WvfAfsd,cus_N4HkZT9CDsHx7m,100000,100000,0,eur,succeeded,1,0,,,card,visa,9346,11,2028,GB,Subscription update,carlos.nguyen@clearlink-industries.example,txn_3e9PAzLg8EoD8wnVGcAQZ6TQ,1776782426
ch_3QTC6BW1RB5Myal41vpDD1z8,pi_3ssrhw8N08NVBrpZ4MDeNzBD,in_1EsbWw2zzPaivwFFgH5zw5yf,cus_skvD6rpeOtTTSE,300000,0,0,eur,failed,0,0,expired_card,Your card has expired.,card,amex,8068,7,2025,NL,Subscription update,joost.deboer@de-boer-network-services.example,,1776783248
ch_3a6XyK1Q9WRvxeWS3AXoau5H,pi_3QDjYkR4ygBk49Z6xs4g2n15,in_1rGQVkiDeFtxA55wrdEs8HRm,cus_5uEG3FjEA6vzDD,200000,200000,0,eur,succeeded,1,0,,,card,amex,9797,10,2028,US,Subscription creation,megan.miller@novafield-logistics.example,txn_3Hmlke7RuMeqz38RbIJQQNB3,1776869805
ch_3Yr7ZPZMSTZNoua2D2IZu0vF,pi_3Clplyk7UMyjupVejcvFH1Gw,in_1y8V3uzc2IkHHAL6FIKfAjrt,cus_Km4WG9TsONQntD,179700,179700,0,eur,succeeded,1,0,,,card,visa,5220,6,2027,CA,Subscription update,amanda.davis@apexpeak-retail-group.example,txn_3NEdl3vuWrRGKe1nMoQYTqJ4,1776901099
ch_3Hq2oCElOKytNFPAvXiamE9V,pi_3EcJw2fpuQRfwP6br7mkdOxv,in_1dojFqJfPHrpqPu6ujIIVtQ1,cus_3L6JyapI3eFnHr,100000,100000,0,eur,succeeded,1,0,,,card,mastercard,6711,10,2028,DE,Subscription creation,markus.zimmermann@zimmermann-wireless-consulting.example,txn_3NScoyGVUuH6nwmnILS7cRux,1776923158
ch_3KOAeY1UDq08yuAJ9u36xYuS,pi_3uR55PgbyKMIpPUXfL2LLkDE,in_1LtYPcZ9Uf4Ni7Bh72dtmlsu,cus_GpSRz2KKxVfziq,119800,119800,0,eur,succeeded,1,0,,,card,visa,7688,5,2030,CA,Subscription creation,amanda.king@nordicview-wireless.example,txn_3NXN8ynaf1ujlVgKNmI3kwQY,1776928181
ch_3dPgfLRIz4Mcd6H9ShbTUVEV,pi_3IdWxe4W9GUWfhHhE5XCodKb,in_16jc8j2fge1B2RqoIn9GlmK1,cus_0ZBLH4tBMR6GoT,100000,100000,0,eur,succeeded,1,0,,,card,mastercard,6978,7,2027,US,Subscription creation,ahmed.nelson@nelson-network-services.example,txn_3ZD7wEQgrvXMOFK4lGG1V3yr,1776937049
ch_3zVOOCa9UmkI6dc61PeBk6Qi,pi_3c4JEDWCQuXcWGs3h24ZGpGX,in_1KhuVppUqz1Wxt2enCZPmWh0,cus_1lrp6vPUxzHieJ,59900,59900,0,eur,succeeded,1,0,,,card,visa,3311,6,2028,FI,Subscription creation,laura.heinonen@mapleline-warehousing.example,txn_37MCthpIhYXMnlLciCqh6RTF,1776940457
ch_3JuIjo0t5nszVBrAoY4u7vk3,pi_3ANmHrX7ZHAfAN9DRkaA1PBk,in_1G7LThgELeTwgg0tFczpK8u2,cus_JBFXlYOpa7On0F,59900,59900,0,eur,succeeded,1,0,,,card,visa,4098,3,2029,US,Subscription creation,rachel.baker@granitegate-wireless.example,txn_3oBOW3bJBwwwcSKtXOiDPY3c,1777017797
ch_3frTltPFSl0xXq9cD2ogZP4m,pi_3PB3jh5xmlD6Xma05B4T4anN,in_1kC8Mk52C8pC9TEYBflMe1GR,cus_bC7Eb8mXwVlWNK,100000,100000,0,eur,succeeded,1,0,,,card,visa,5478,8,2029,NO,Subscription creation,mats.hansen@stoneview-media.example,txn_38OaREfGKdWFFFP2Hbd8Akoc,1777029231
ch_3n7JuPPjINpw5ylG2XvTeix0,pi_3ucgkHwPEOc5KMVgqEbyHSQE,in_1seLsgkUCGBhVOCbTqi3WdR8,cus_Ii6dAS78sguuYM,59900,59900,0,eur,succeeded,1,0,,,card,visa,1330,3,2030,CH,Subscription creation,dirk.meyer@novapath-networks.example,txn_3ZGzb2zzjSrUEXBIRA721gLl,1777123518
ch_35cTUnUGAKkorw7GlvWTwmEG,pi_3tCo22bxreu3dIHWsI84nNFn,in_10WrVx8YL6fiUp5tpLbMxCoF,cus_ASjFtZq26RjsFm,100000,100000,0,eur,succeeded,1,0,,,sepa_debit,,,,,,Subscription update,wouter.dejong@apexcore-foods.example,txn_33njTE57PyqSfcXb3Wkt8E4a,1777128855
ch_328EbRNBgJEF5JJHDB15zyGs,pi_3ssrhw8N08NVBrpZ4MDeNzBD,in_1EsbWw2zzPaivwFFgH5zw5yf,cus_skvD6rpeOtTTSE,300000,0,0,eur,failed,0,0,expired_card,Your card has expired.,card,amex,8068,7,2025,NL,Subscription update,joost.deboer@de-boer-network-services.example,,1777216088
py_3E8UkG7NuYZ41YKWs0cjCzjQ,pi_3iZBdqBRMabFxHowsoIr15JV,in_12mr3zeznIdVsov48HvKOFnw,cus_oRj5dSEBFZsN01,17600000,17600000,0,eur,succeeded,1,0,,,bank_transfer,,,,,,Subscription update,accounts.payable@kivimet-paper--packaging.example,txn_3mpBcaeMwAsbdMlL3yAI4KsE,1777304391
ch_3dESMsxkfc5U0nXX9yttlm6T,pi_35Kr93jHbE4ElRQG1LaQkNv3,in_1mm1weVEGs5MnulmUsAKiNLG,cus_Kk0dZw3oNyMWkM,59900,59900,0,eur,succeeded,1,0,,,card,mastercard,0984,2,2030,US,Subscription creation,nicole.parker@atlascore-hotels.example,txn_3ca6SUGEESQZae7ialTirFRA,1777319777
ch_3IbhcSztSXA0klWEjdk94osn,pi_39bDWdSy5ZsU0DUMOSKldx6p,in_10zqyaaqZA1dCWrTonwO0bEO,cus_G9FgVEZsnNH4ny,100000,100000,0,eur,succeeded,1,0,,,card,visa,3075,2,2027,CH,Subscription creation,christian.wagner@stonepoint-wireless-engineering.example,txn_3DkxtV6e0AIMgADUYEX1sjZA,1777330482
ch_3WDPkwoZFdikdEQBWjxRY7DV,pi_3xgUbnYdXmhxr6K0sh5e72Gu,in_1n7SloSWAG7qYnkAOht8I5NX,cus_s3sbCGPpCdEvOT,100000,100000,0,eur,succeeded,1,0,,,card,visa,8531,8,2028,US,Subscription creation,priya.carter@apexlink-wi-fi-solutions.example,txn_3E08hpV16n6CUfTDciU9L9xX,1777364158
ch_3noJjllossjrgfswI9NIuOWJ,pi_3uPUHMzTXcVHKovftTj3rHxz,in_1PJk6rpPr15Jv7Cv8sl0lu5W,cus_KPl8r2rClKN7qL,100000,100000,0,eur,succeeded,1,0,,,card,visa,1156,1,2028,US,Subscription creation,mark.smith@blueport-hotels.example,txn_35rLqHiStuLhJlY5grQwo9Si,1777396581
ch_3xi1cWi54eUD7Je5aW0p4uVT,pi_3mbINtu9vboYZULXtWCpLj57,in_1ybL8hQP6EqkbhZqBRHXgRi5,cus_ZhVrTe4arDRUg6,100000,100000,0,eur,succeeded,1,0,,,card,mastercard,1735,9,2028,NO,Subscription creation,frida.nilsson@brightbridge-communications.example,txn_3yU8filo6xqQn6j8qhSwm65P,1777405438
ch_3vlcogrVdUy6zNuVUyCvpckN,pi_3RsMRD3nma04jkVTLk3DEAZw,in_1LrLlcEYC8MO1szX6XKnrRVv,cus_ZkvJZGPIcrJtLU,119800,119800,0,eur,succeeded,1,0,,,card,mastercard,6920,10,2029,GB,Subscription creation,rachel.lewis@bluewave-schools.example,txn_3PNVOLNZRexu9ldfPqnwBP2K,1777457763
ch_32EW858Ddy3cXlWrAxTeSEFV,pi_39dgO9fnP7DHytKxUVygO2Xz,in_1TQjoQV0nlZjLc9FMUYb4FtN,cus_oBOrXS66KoPoaR,59900,59900,0,eur,succeeded,1,0,,,card,visa,4582,7,2027,DE,Subscription creation,lena.kruger@greenlink-warehousing.example,txn_3pUtjNRMzXbVlsPooG7RZeo0,1777460429
ch_3N2CbnRGMyrfO0L5obB7uOac,pi_3iPtG5tac66BtwGJaSLYNu8S,in_1lEAbo7KSrARWqybi56649f6,cus_0MepRXZSkkTMs4,119800,119800,0,eur,succeeded,1,0,,,card,visa,5595,4,2028,US,Subscription update,sarah.davis@beaconline-telecom.example,txn_3hW81CeD9yiCDN7KYzYEYbeK,1777530560
ch_3zaBRWy6I3tVy7p6g60EFHmK,pi_3S1cUYsri00Kc452c5R2l8FF,in_1TrZtmIkP853UmJcf0V32Igt,cus_Tj76AoEAUn48ie,59900,59900,0,eur,succeeded,1,0,,,card,mastercard,6587,10,2026,GB,Subscription update,laura.young@mailbox.example,txn_33OVp7mko5KVoEVtXAkF68JL,1777534111
ch_30OwKSRekqxXjDJBXBCghIxo,pi_34kHV7AHHexo3qLXoph1ufIZ,in_1YoOjGe8ez3SDMpuPE5RtHuy,cus_5FrPBJYiDhqCuk,59900,59900,0,eur,succeeded,1,0,,,card,visa,7564,3,2028,BE,Subscription update,niels.vos@stoneline-hotels.example,txn_3W96Y0RW4CIGrH4naoRKjbnv,1777543653
ch_3kSVHSM3sojMsWHg7tpRjFdv,pi_38GQmelPhYHkFJEXAGKHsllU,in_1d2CJqq1c2Y02hBH5K9QlAKW,cus_n6qM12eaGNSuu7,300000,300000,0,eur,succeeded,1,0,,,card,mastercard,0557,6,2026,NL,Subscription update,ruben.peeters@stonepath-rf-consulting.example,txn_3QOQxXjucPnwDo6BdT6EOfMi,1777554375
ch_33WNWz7ypEBxDeft3RIKNedd,pi_3uIET1B1QOaV1zmgupcjme24,in_1I7F9u5PMUlO4Bg1mMg1BMKv,cus_yNvZ8mX92C1t9p,200000,200000,0,eur,succeeded,1,0,,,card,visa,1156,10,2029,IE,Subscription creation,michael.martin@signalpath-retail-group.example,txn_306VC7fStsYJ7VwgCZUXC1fM,1777633068
ch_3XLXwX2GEtSVsPguZTC52ECw,pi_3qJ3hA4ipzFPMjSm85fmZVUP,in_1iWbP1aIn2vBd9FFxTJvXpjV,cus_7QlQAJEYYIXw3M,100000,100000,0,eur,succeeded,1,0,,,card,visa,9588,2,2027,GB,Subscription creation,josh.nelson@blueport-rf-consulting.example,txn_3UACgLYSTkFFFt7rHgAYgMVg,1777639290
ch_3hyiYUQSLBPAo5ADIHcUrXGZ,pi_3417qmCgUzK9jnN7DDoJhsYR,in_1oyDQzBCa1d4Sdu7Qpdzuzsw,cus_PbUNKFDhA4oAgF,100000,0,0,eur,failed,0,0,card_declined,Your card was declined.,card,mastercard,3040,4,2030,US,Subscription creation,priya.parker@parker-network-services.example,,1777647143
ch_3TVxlPHXMCisS3vMk3hi2fB3,pi_3417qmCgUzK9jnN7DDoJhsYR,in_1oyDQzBCa1d4Sdu7Qpdzuzsw,cus_PbUNKFDhA4oAgF,100000,100000,0,eur,succeeded,1,0,,,card,mastercard,3040,4,2030,US,Subscription creation,priya.parker@parker-network-services.example,txn_3i6BJd1OIE03R6JnHmT9ztUS,1777647488
ch_3pNNdzmR6e9UFrjWoarWjyju,pi_3k8zokoZF65izgBflU1dKmXa,in_1QVHtYO1DwbNpsx3GBrC951p,cus_j1m8LO78rIJKta,100000,100000,0,eur,succeeded,1,0,,,card,visa,9416,6,2027,US,Subscription update,raj.white@granitewave-construction.example,txn_3RKsfvHPV76L2qkdFVrGHe7e,1777653304
ch_3nbRIvtOxgUBAgvEAYLu5BbQ,pi_3H7vq4CvgMapHQDPlQV8OcHz,in_1jB9Z6d9bsNStEtJjZjy44m5,cus_Ka6NQJgCsNjce8,59900,59900,0,eur,succeeded,1,0,,,card,amex,9040,5,2028,US,Subscription creation,brian.williams@northbridge-hotels.example,txn_3zs2ZFArO0IDRee0cUtpe5iJ,1777721163
ch_36MRH3e17pufveJVpWdMYgc7,pi_3Uto9TYxwc1WsCvjf4fyyMps,in_12VdWO7koWjWKBPeFNopW0u1,cus_Ct4NBhIS6XWAdo,100000,100000,0,eur,succeeded,1,0,,,card,visa,6758,6,2028,AU,Subscription update,brian.walker@aurorawave-wireless.example,txn_3o7D41213Je0FOQPJqsfSE0b,1777745374
ch_37D1NSyqA9zcShle6NebeKt8,pi_3ogfHiJatCe6D8OhDzGGBDP9,in_1CHrg0xAYI4Ufab28GdyUOin,cus_6jRu6MgBM5jald,100000,100000,0,eur,succeeded,1,0,,,card,visa,2553,9,2030,NL,Subscription creation,niels.jansen@deltawave-networks.example,txn_3uCcwGPOpWTEpIfjuSOOr1ar,1777810505
ch_3yeIrFGJAlbKrsYdC9SQiAOh,pi_3vghLwjEeCOmS65U2fU3aPjz,in_1mZHt1adinNTASOdcBMXV3yT,cus_Zd5xX1Yh4gF3Jr,200000,200000,0,eur,succeeded,1,0,,,card,visa,3483,2,2028,DE,Subscription update,anja.neumann@neumann-network-services.example,txn_3V55iD1q8uhPSCL2nFJQiV6T,1777810714
ch_3MX8T0ez9swuRgH08TDXrOlX,pi_3pI3XsF7BBhqdDDRpCSlMcbv,in_1zr5qi9CUNvxPFnAntyS18fn,cus_KFPRzHqwu5zUHv,59900,59900,0,eur,succeeded,1,0,,,card,visa,2032,11,2028,US,Subscription update,olivia.roberts@alpinestream-warehousing.example,txn_3gzE1TaF7iar2TvnTXnVpzIB,1777830178
ch_3hTW9fJc0CZHzheFKlYSxI6E,pi_3ndYqB3gTm9c6bQ7AiT8yjsl,in_13O3qmsxuN9tqZxpzg6UXlHR,cus_bWFOQQTuwgK27w,100000,100000,0,eur,succeeded,1,0,,,card,amex,9965,5,2027,US,Subscription update,olivia.campbell@greengate-networks.example,txn_3JSanutWVFWSHId43xBsBA3s,1777851584
ch_3wSP8ZdUGo2FwzSNwQJaVgmG,pi_3tznzfu8nxaWQb2Aou6iwz7u,in_1VX0MIqVHYOGmwBekVPpyvJi,cus_U2MnvO3APy3E5Y,59900,59900,0,eur,succeeded,1,0,,,card,visa,5299,6,2027,FI,Subscription update,janne.salminen@maplepeak-managed-services.example,txn_3jYMcVzhUCB5BsH8S40qWb2A,1777855997
ch_3rHau9t9uUDZqMSoLHkfwNDS,pi_3yAxIH4uFzBRaAlrDUhphRRD,in_1fq5p4kjCr9zHeKY9YC2gNEE,cus_4g3fGRhiW7rUrw,100000,100000,0,eur,succeeded,1,0,,,card,mastercard,3680,2,2028,DE,Subscription creation,dirk.fischer@mailbox.example,txn_3vXkMeGnpuN3YytVWmYGNRhT,1777879409
ch_3rSrBh2U9rKDoHtAdxjDvVGj,pi_34luDAXAEs8rcyFYz0a1ZD1S,in_1peb5tWVFfQdU7kuI2AwucG2,cus_asGOJyVnBTrscs,100000,100000,0,eur,succeeded,1,0,,,card,mastercard,7227,1,2027,AU,Subscription update,brian.murphy@murphy-network-services.example,txn_3YqAKZDMtv6Ky5c3cpN8BmOf,1777892801
ch_3VxQqRYzu2nBQcbzmXgcbCkD,pi_3j9DGRPcOWh3WZTPR5hKwlR8,in_1j0PmbwhupeIlVWx4lEnZ9Xa,cus_3kSxxwSQXpNDXc,59900,59900,0,eur,succeeded,1,0,,,card,visa,5001,4,2027,DE,Subscription update,katharina.braun@graniteworks-schools.example,txn_3BKXlDVwjbT17yYADwfqw7Ll,1777895334
ch_3JmelhR5iobQLYyAyGZczyH3,pi_3K3SmYo7aS11NyPSqPySeP3G,in_1d5ARijHzSU2sqOf7ags2BO0,cus_KxG9nHi2PpphUl,100000,100000,0,eur,succeeded,1,0,,,card,visa,0933,4,2030,GB,Subscription creation,megan.adams@adams-wireless-consulting.example,txn_3bsoUumCwnSEvXrAfBWg4ks6,1777900542
py_3aFJlnmhpe4ZDHuJmWVM17Sy,pi_3eV7OPebFTu8GN2DPBeJHIc4,in_19TGsuJZIHx85U3c4Ob5OYiR,cus_y76bg3GBp6zUx0,300000,300000,0,eur,succeeded,1,0,,,bank_transfer,,,,,,Subscription update,ville.heinonen@deltaline-managed-services.example,txn_36xTO2KuCEXX74YSMvLgCvKr,1777922121
ch_3Xzfj9wiFYBe9hG7pEXOoUnH,pi_3MCl3BY6VgCkZx7W4SHgjasf,in_1403ebN3NZtx5B1Dd52HeWfP,cus_Ir6dsLuAnoDrAK,100000,100000,0,eur,succeeded,1,0,,,card,amex,2384,6,2030,US,Subscription creation,rachel.green@clearmark-networks.example,txn_3WpzAnZACke1hDyNpB3SZarh,1778060904
ch_3jxa7JDVnIcdG75J4x9pTQhV,pi_3wWqFhx3yipOABg9n8AIF3Qs,in_1VS59p3lsrE4xV9GkZeV9rzy,cus_AviZpZU5kf4BSD,100000,100000,100000,eur,succeeded,1,1,,,card,visa,9286,3,2027,US,Subscription creation,megan.carter@inbox.example,txn_3tD18Ou7A7fiorNLPoOuw15k,1778061881
ch_3M7VEq8p9z8f3O9NoSM96l2A,pi_37fSDI6JGDv1M0iVNkeD0Lw0,in_1vZUl4vuGaGZ6Syt2KPS14uV,cus_2CpF6nTKg1H9to,59900,59900,0,eur,succeeded,1,0,,,sepa_debit,,,,,,Subscription update,anja.weber@weber-network-services.example,txn_3w4CvtVB87IASuRygnC9QxXz,1778063037
ch_39aeNTMQdSQRohG8SDK89nn0,pi_3z2aumbPfTb94rf2cgS7quFw,in_1M7E1hNm8B6Hpf7zRq1Ji3Io,cus_sTXy5R8dcVM0Vi,100000,100000,0,eur,succeeded,1,0,,,sepa_debit,,,,,,Subscription update,marko.jarvinen@apexwave-construction.example,txn_307F0iI422X1cEmbZVCA4QoJ,1778065620
ch_36aplC8UkfXVMj1rlQXffVgt,pi_3XC4o6J2DcofvvqpUwbyi57J,in_1dSpZgRLvS716LXnqLlieQfJ,cus_N1IC0bRJlLcONc,100000,100000,0,eur,succeeded,1,0,,,sepa_debit,,,,,,Subscription update,tobias.klein@apexpath-telecom.example,txn_3L74YsVkvIqJHHSbjYcBVbka,1778066094
ch_3mHuBmPhiDlANARDORBFEdKT,pi_3u3TSJ57YEiVyiT6j4LeyFvl,in_1J0Z939L3TqNEHY4dWXboxqg,cus_yJWzqxSlxND4Qt,100000,100000,0,eur,succeeded,1,0,,,card,visa,9984,9,2028,AU,Subscription update,robert.campbell@cedarview-wi-fi-solutions.example,txn_3oKDF5xNqAZ5uwUUVzQinAAX,1778069070
ch_31VT1tx2RrMmvPNcaGq4Iydb,pi_3SwEzTjrpBErOLXRKmuZ73Jm,in_1xgH3JXp0bcusQkvdEWoBjfc,cus_8FADfXayF0fXTg,59900,59900,0,eur,succeeded,1,0,,,card,mastercard,7592,9,2027,FR,Subscription creation,guillaume.laurent@ironpath-hotels.example,txn_3SMpvMFwEMLQHIEfgGiu2Y3s,1778071042
ch_3xM9ZROi5zNn2d2KkXWJbhqt,pi_3TYoEjSbnbiAQsvQ8QmVmw58,in_1SLgjJUCeZo7yOtEsOeQJKzK,cus_pZajes06YLbV2A,59900,59900,0,eur,succeeded,1,0,,,card,mastercard,6087,12,2029,CA,Subscription creation,kevin.kim@greenpath-properties.example,txn_3rtnun3va0u7Py3YuWuRU85X,1778092987
ch_3V0hnF2P6Sfm8NFr9y0QEMk3,pi_3lKpHEROW2yHVL6mo5b3lBvk,in_1XIY2URttuxStAysUpxp55oE,cus_Qdgxoju8TvCOxh,59900,59900,0,eur,succeeded,1,0,,,card,visa,4424,6,2029,US,Subscription update,josh.anderson@vertexcore-hotels.example,txn_3M41SUTEFupD0siSzzRb1nFd,1778104702
ch_3Pc2RHQeV8TVqoCPJ8XfKJJ2,pi_3scxJ0PsFpHx7dde69jkHr8M,in_1IFvfkon58ldYxiPoOJMOTOI,cus_TFVcidCJTYFMiK,59900,59900,0,eur,succeeded,1,0,,,card,visa,7332,8,2027,US,Subscription update,sarah.campbell@northview-construction.example,txn_3flVTYS39uM0ohi2GiBFsiFQ,1778133013
ch_3qNjIADGHDXRwpGuKL5ab0S9,pi_3nxTPCOTstE9fZBsQMYjLkRI,in_1C1issgAU6g3AMMu42MrrKCh,cus_yKC2is8r0nMMGh,100000,100000,0,eur,succeeded,1,0,,,card,visa,8437,7,2026,DK,Subscription update,kristian.dahl@graniteview-networks.example,txn_3hzVaPJ16ObRCBwzMtKcGrTA,1778141706
ch_3JbcvZybA71LidrkeK1AjGSs,pi_3MT8k1K1OiUGeoWno0hJlnAl,in_1Q7DIBZMVjXTZLzRPnzv6mtt,cus_JgGp0HCEnnqOSr,59900,0,0,eur,failed,0,0,expired_card,Your card has expired.,card,visa,4088,1,2026,AT,Subscription update,sven.kruger@northview-construction.example,,1778156232
ch_3TP5xWLaN9TwkYA9Tc5Jdlh5,pi_35XNPYohz45PkxoKJAJ9o3LI,in_1mrm4W9hRI5By8hfuYj8O5OO,cus_6NqTP0oCcauwEc,100000,100000,0,eur,succeeded,1,0,,,card,mastercard,9287,3,2029,DE,Subscription creation,uwe.hartmann@hartmann-wireless-consulting.example,txn_3jsTAzfGTLBxkG3Ezks71cZl,1778168134
ch_3y9Odk8uLa89fLMEvV6R8aqt,pi_36FWQ3XvAbMpxZ6aV7B21PMl,in_1TthoRX8HS8qTz3Rs05YPe6q,cus_7ytoOnnzwTjgUh,500000,500000,0,eur,succeeded,1,0,,,sepa_debit,,,,,,Subscription creation,soren.jensen@maplemark-systems-integration.example,txn_37cnydNd8lk9clOUUEyzyoGd,1778258885
ch_3qgYlWLt9wshTnzwu8xzXQbl,pi_3lv2m5qvfHEiyZUJFFEYwQqg,in_1ISsw2OYX07GwztxEeGw4lIM,cus_kFCqfuKemtkeQ3,119800,119800,0,eur,succeeded,1,0,,,card,mastercard,5200,4,2028,FR,Subscription update,olivier.mercier@northfield-wireless.example,txn_31zHUPOo7zesizJl0RAHZx2C,1778314110
ch_3Ef7ri2cdvMjkVsBvr5qNIcz,pi_3NGWnoMEAJHj9vGXyfsi53jA,in_1U5DaNxcxDplbMzu6MCsYLmz,cus_3HytlaQHQX7S9b,119800,119800,0,eur,succeeded,1,0,,,card,mastercard,9305,7,2029,FI,Subscription update,kari.ahonen@balticcore-industries.example,txn_3EPj8XK8auRYQRAq0UGSnTMY,1778315819
ch_3uRBkCivWXmlcKWPbV18u1mB,pi_3hUkFscyiHC5DgdM7nIjrbFj,in_1nI4WXsNndbuQjKTagA9m1gW,cus_Js63orNGbMWh4W,300000,300000,0,eur,succeeded,1,0,,,card,visa,2531,2,2028,FI,Subscription update,lauri.lahtinen@granitegate-telecom.example,txn_3BPX5oapFhCQq2SyvNP46PNO,1778331042
ch_3QLP7H02B1qTKw6593dSsbnD,pi_3qCk7XyUZXzyle3ALJarIvZL,in_1X9DnsI9iJpQdgiQjWa9ghsV,cus_6IlWn5AmMcGzBy,59900,59900,0,eur,succeeded,1,0,,,card,amex,4001,7,2027,US,Subscription creation,matt.patel@balticline-partners.example,txn_3Xnyq8gE8VLUhWSd5r4TRpW9,1778344891
py_3lWvRz37utWxhnfDi1iKLq5T,pi_34G1AiRJOqxDEuGTQWm9CuzW,in_16dnJcevB7P1WiSBfAcNcUdJ,cus_atgFqFXtZu4M9i,119800,119800,0,eur,succeeded,1,0,,,bank_transfer,,,,,,Subscription update,alejandro.fernandez@lumenport-partners.example,txn_38wRw3zhMjsErRrfMIhiKKH9,1778347739
ch_3R5UrkLwE8vk8vCl16HilcJ6,pi_3MT8k1K1OiUGeoWno0hJlnAl,in_1Q7DIBZMVjXTZLzRPnzv6mtt,cus_JgGp0HCEnnqOSr,59900,59900,0,eur,succeeded,1,0,,,card,visa,9048,12,2029,AT,Subscription update,sven.kruger@northview-construction.example,txn_31Z546P56sdeNHkH3i9TKGWq,1778416512
py_33gCNXL7ID8IFZbJawyOlm7E,pi_39xKKi2ezP1xoSNjgR5gi9t9,in_1LSSgIJo7KxGalVtHSWwYTre,cus_yv7JLpQlAZttTw,14000000,14000000,0,eur,succeeded,1,0,,,bank_transfer,,,,,,Subscription creation,accounts.payable@rheinfeld-automotive-systems.example,txn_3uZKUmDQy8bFJSkw8S6zFHBG,1778418805
ch_3MvEDJG39oz4nEIptWeY9veD,pi_3YO3Y92gUMul4A0i0HoSAukk,in_1TnTTRc6Wq8PDamBs4biBy1g,cus_Oaet0GN59NIa43,100000,100000,0,eur,succeeded,1,0,,,card,mastercard,3849,10,2028,NL,Subscription update,koen.deboer@nordicpeak-wireless-engineering.example,txn_3nYyQzLyqBQuz1u7Y2yfaWYX,1778422618
ch_3ASbBD8PzpHmCQw5Z0At4LVn,pi_31BjXyAQmpnolZt1Cc9HufcB,in_1HBEI6ruTGWP2jhEEIig8SUt,cus_YqLc2BmHzYnMVB,59900,59900,0,eur,succeeded,1,0,,,card,visa,5276,8,2026,US,Subscription update,andrew.roberts@vertexcore-communications.example,txn_3YnLQ5dooFKXNdfLuA9LmRf8,1778482080
ch_3wp97BBbAsGjAcfCnEdFDXZN,pi_3nBe1Scnbmi6cHjqjgl8NGvB,in_19ztdNBwfDsT1JRaN1arEmxK,cus_PmGfl1i7spl3dS,100000,100000,0,eur,succeeded,1,0,,,card,visa,1578,2,2030,ES,Subscription creation,david.ruiz@northworks-wireless.example,txn_3BEinCAn6Ew76zACJSgoFrlA,1778566172
py_3nzXxcLF3h5Ayw9UTNhmkYPR,pi_3piMeQbqHToWT4OeEErrdwEn,in_1wfhQ2PDTPUXtqC1KRNM2cvn,cus_lahAz444KifLeN,200000,200000,0,eur,succeeded,1,0,,,bank_transfer,,,,,,Subscription update,megan.turner@clearpeak-hotels.example,txn_34ITQahUayELGos6IEOazKhS,1778568861
ch_3BkqFsQRfMLKICNsZHtODVAg,pi_36ZHoU5pu0SQ6AqeOXKfOcqa,in_1ZRL9SoFfTzkK9hPfyY7PMgV,cus_hZUgWKN88QSYki,100000,100000,0,eur,succeeded,1,0,,,card,mastercard,0521,7,2027,NZ,Subscription creation,amanda.edwards@silverline-wireless.example,txn_3i0UMbXBpuuNLYB0sDz22985,1778570904
ch_3aDXfQg1qYuqsHCu9sOn44bx,pi_3Uiosr6SVvPGacLBdvBGYq25,in_1JhnE2YFUoSaglAQdDwZ6KHL,cus_3h8NLmrt55daoQ,100000,100000,0,eur,succeeded,1,0,,,card,visa,6438,12,2030,GB,Subscription creation,ben.white@atlaspath-media.example,txn_3vuIA5hFt3evwL5fTNzGxEhN,1778592915
ch_3dvUmMc5q0VmPFBFv2dZJoov,pi_3qdOPgznIjmaMFaJ2dVY6wMK,in_1AoqOJomsriR22pqPiGGSQBC,cus_vLpO6XRt2C6RTX,300000,300000,0,eur,succeeded,1,0,,,card,visa,6473,3,2029,FR,Subscription creation,olivier.moreau@northpeak-technology-group.example,txn_3CWQOBTHkBvaraY9vgWfFyDs,1778605734
ch_3bIsTI5DG3W3UmjPcEKB0Qv4,pi_3bhHzyBqSGyegB44BwaDPTaJ,in_1FK3zV3MchSgHsVNRrsQjMIa,cus_65mnkaOt4Usp6n,100000,100000,0,eur,succeeded,1,0,,,card,mastercard,5051,2,2027,NL,Subscription creation,bas.jansen@jansen-wireless-consulting.example,txn_3Wo3CRiJHLhMLXtMkSOdn0NU,1778628524
ch_36u4NtSbOhcsbtb2Yx9ENJcB,pi_3w6PrxzxUpD3EeVY3t1yFZLV,in_1ONV4G3sDYnWUJx6IvyE2Urh,cus_C5Ecyi0QqZi9aZ,100000,100000,0,eur,succeeded,1,0,,,card,mastercard,2576,5,2027,US,Subscription update,olivia.green@green-network-services.example,txn_3tXdz7aDWPwZgD4IEMZa8pFR,1778664701
ch_36CTYQZQ4t2JOO7qxzHZA9KV,pi_3UhZwPtCfo6JUwqRVLqe5i30,in_15DfDafZSwIJkHmNjh5fVGPG,cus_TqeeAvonnAt1Oc,100000,0,0,eur,failed,0,0,card_declined,Your card was declined.,card,mastercard,7210,5,2028,NO,Subscription update,erik.nygaard@maplefield-networks.example,,1778670441
ch_3TouKCdpOccV9QoHoPUQxgWm,pi_38xVOjZtsqHQdsjpn3k9lngs,in_1twltqaYGm2yEEaNxU3kGYiY,cus_lyQVHLRyUNronY,119800,119800,0,eur,succeeded,1,0,,,card,mastercard,3723,9,2029,GB,Subscription creation,ryan.turner@vertexmark-retail-group.example,txn_3EXw1mw9OIftZZYN42VAniHY,1778761911
ch_3N4wi1rb7dWZlWKApgfGpkwc,pi_377pN7W4IZxxUooxgBZQnD9t,in_1XqUg2u91n8cvI123vV3u3AD,cus_9u5yedCVk9CtAV,100000,100000,0,eur,succeeded,1,0,,,card,mastercard,9273,10,2029,ES,Subscription creation,alejandro.garcia@stoneworks-technology-group.example,txn_3WLx1dnoX50sI2rR9hnK8ZtG,1778771976
ch_3EZ2C7izz5BDwPSwMB3PzhuG,pi_3smQVGKjbS6fWslcKSyGv8R9,in_1j1qQZYf2jFEUvFrtWgUmUe8,cus_zZnR9OZc1WzWiu,59900,59900,0,eur,succeeded,1,0,,,card,mastercard,1962,4,2030,NL,Subscription creation,bram.jansen@greenfield-networks.example,txn_33i2XNTgar1GEyzgudD3BF1a,1778799855
ch_3obob42ratf0LA1u6KpARCup,pi_30tmToUfKaecYi2yqfS6kVcv,in_1LKekaDiFNGzQn5LrJmYvbxs,cus_QK7Hfmo1yhb3O9,300000,0,0,eur,failed,0,0,expired_card,Your card has expired.,card,mastercard,9061,3,2026,DE,Subscription update,florian.meyer@stoneview-technology-group.example,,1778835925
ch_3fhQAIBBlVsHgjoCTqlo3yz8,pi_3hrG4Ooc90KdobERCdPbbR06,in_1lw11cXvJbgvVZFM5Yi2fqkj,cus_MK6VmoyHd1dt57,100000,0,0,eur,failed,0,0,card_declined,Your card was declined.,card,visa,4193,1,2027,CH,Subscription creation,lena.schulz@vertexcore-telecom.example,,1778859027
ch_3xbsFDcmyUGPIPzVNNNlmaqi,pi_3hrG4Ooc90KdobERCdPbbR06,in_1lw11cXvJbgvVZFM5Yi2fqkj,cus_MK6VmoyHd1dt57,100000,100000,0,eur,succeeded,1,0,,,card,visa,4193,1,2027,CH,Subscription creation,lena.schulz@vertexcore-telecom.example,txn_3b2aIbK6W6dh677pdoDZszNI,1778859538
ch_3j2MiwjqH9osXMQLUiCwaggQ,pi_3Wj4K6Ghwfbq7HzxZM4mSphV,in_1Az6Vsv0ac0jrwUsUb1suwKA,cus_Hc0cSYKF6im49h,300000,300000,0,eur,succeeded,1,0,,,card,visa,8638,4,2028,CH,Subscription update,jan.fischer@bluemark-logistics.example,txn_3W1VmzGmGGGNszqzZVh8lrdA,1778925039
ch_3RHT409lO2BoHCJoYJCSzD2D,pi_3UhZwPtCfo6JUwqRVLqe5i30,in_15DfDafZSwIJkHmNjh5fVGPG,cus_TqeeAvonnAt1Oc,100000,100000,0,eur,succeeded,1,0,,,card,mastercard,7210,5,2028,NO,Subscription update,erik.nygaard@maplefield-networks.example,txn_3QXA4qpPXMBlC5uezb49KTWV,1778930241
ch_3EJPSogmML0TkXqF0kxl6aNW,pi_3Vn9ja9aYwAD3iQux5aexm7Z,in_1ifxaGm83cHKCSXhlMcvcyzQ,cus_ZVSmDOyYijv1G2,100000,100000,0,eur,succeeded,1,0,,,card,visa,8513,3,2028,AT,Subscription update,markus.wolf@summitport-schools.example,txn_30BrfURjp4bgmdxmVDtwK7jG,1779011889
ch_3tjwPYhlHGgrC33ze2NCqKBc,pi_30tmToUfKaecYi2yqfS6kVcv,in_1LKekaDiFNGzQn5LrJmYvbxs,cus_QK7Hfmo1yhb3O9,300000,0,0,eur,failed,0,0,expired_card,Your card has expired.,card,mastercard,9061,3,2026,DE,Subscription update,florian.meyer@stoneview-technology-group.example,,1779099805
ch_3Og5kuDrNkBHfP4SeMm3uSR7,pi_3z6Iv0xMBVAqPMj6YM5x2ALW,in_106xgIkoHwDOYhR9ZNVsR0v8,cus_06X9xNRs3202gE,400000,400000,0,eur,succeeded,1,0,,,card,visa,7859,1,2027,FI,Subscription update,anna.makinen@lumenview-telecom.example,txn_3AGDQjacg5Ets9EpRdJfwQKj,1779111705
ch_3G8Ugl0Vd0zLRbaXSzfkNAdS,pi_3UloYRKJslU0VyBhftXg7W1s,in_1OTdcWMb1cg1iKBE0Ejo1h0i,cus_eCKjwVA584HNhu,300000,300000,0,eur,succeeded,1,0,,,card,visa,0717,8,2027,CA,Subscription creation,ahmed.jones@stonefield-warehousing.example,txn_3WPsCYB4bEjnSubf3tzRv0XT,1779137578
ch_3B6fVb7IYU7kB1TTINV6WjTr,pi_3up7uqy6Vs3kmWFx7WMHcLk9,in_18XDZKH1U8HGI8mEGboIFjVy,cus_I06ZLJFxdRfY1y,200000,0,0,eur,failed,0,0,card_declined,Your card has insufficient funds.,card,mastercard,5007,5,2026,US,Subscription update,ryan.campbell@campbell-network-services.example,,1779181499
ch_3Qx69sYLEavNWtN2uV65ciuR,pi_3ON8WGZEY90gDZdVpxLHLP7j,in_1G0O8P9lthAsmmCmwi5l8HMa,cus_bzGzMkFGwhbvOM,100000,100000,0,eur,succeeded,1,0,,,card,visa,3599,2,2030,US,Subscription creation,raj.thomas@brightwave-wi-fi-solutions.example,txn_3YvZbQBG11awPx3UPpvJFct6,1779228172
ch_3rH7xDT7AJBY2p6u9Z4UNcWo,pi_3dCBoS2QOOM4gqyKgDY4upQv,in_14xn8atcThiGh9tZsopVYNkT,cus_35LYot5icmcn23,100000,100000,0,eur,succeeded,1,0,,,card,visa,7336,2,2029,US,Subscription update,andrew.harris2@harris-wireless-consulting.example,txn_3zPu7nyMWgC8OuOaGp85ID0W,1779282345
ch_3K0CeqyjXwpLbXrZ7Jo7Ds3w,pi_3yTJyeURLIRNCic57ZhSgSF5,in_1UNm3YrMygYLzfFPnGhqjV9q,cus_m6Oq2mNIDfIXKI,59900,59900,0,eur,succeeded,1,0,,,card,amex,6093,3,2030,US,Subscription creation,john.edwards@cedarline-wireless-engineering.example,txn_3uxUhvXEkHSpMV2sspf6Y16p,1779301863
ch_31F8UrXoDbhlNpFWRmvN83TB,pi_3L7I0Exf7vPL6UMK7B7TYlvE,in_1pI6UKXRYh9Y57ZLgvrqKnkL,cus_GgJsYc9EfdQ087,100000,100000,0,eur,succeeded,1,0,,,card,visa,7418,12,2027,US,Subscription update,james.wright@ironport-industries.example,txn_3OlHBl3Vxkb0vdikbNkqaBeM,1779366722
ch_3BD6cGk7D2yGr8RSZ0Y4gTwE,pi_33eOXKDmygIDCoLXBzsWWdUo,in_1LmjDwiGzmwXozRbOhXTE006,cus_p5GLt0pX06qgdz,100000,100000,0,eur,succeeded,1,0,,,card,mastercard,5520,12,2027,US,Subscription update,eric.williams@vertexlink-communications.example,txn_3lL3dwAOzh5lDOZ5xrieZSI4,1779407258
ch_3BJJlIk06H5rsxhV0I8C9XEw,pi_3lEjztcyodLPPXmPCoCoV90W,in_1CO1PhWGc3cnP3UdrQvxGO7C,cus_yLsMsysHAZKZ8b,119800,119800,0,eur,succeeded,1,0,,,card,visa,3099,1,2030,SE,Subscription creation,mikkel.berg@cedargate-systems-integration.example,txn_3WeovZfLq1DgB7bRU7b5z4Dn,1779426957
ch_3suXQlLN1EPtXKbtV3ejhKus,pi_3up7uqy6Vs3kmWFx7WMHcLk9,in_18XDZKH1U8HGI8mEGboIFjVy,cus_I06ZLJFxdRfY1y,200000,0,0,eur,failed,0,0,card_declined,Your card has insufficient funds.,card,mastercard,5007,5,2026,US,Subscription update,ryan.campbell@campbell-network-services.example,,1779440939
ch_3aabX3g0GrW8P0dmO4EQQNDC,pi_3UmltzNAHCECoOhvPAvgafJP,in_1EFK3HsC9SLI94oGeHp3NNQN,cus_pGxZ0v7qzpKgf0,100000,100000,0,eur,succeeded,1,0,,,card,mastercard,3735,11,2030,IE,Subscription creation,raj.mitchell@auroragate-telecom.example,txn_3KwCxbul4KR3PppKltR7c6dq,1779447096
ch_3DNaGEdqNmMMV4PZ5kwnpRvy,pi_3kyqLjPXHoT0wbokSlRMDmcg,in_1cCsqPtpIdD7wOv701PMNm2a,cus_l3rHsF9lBTbhoM,59900,59900,0,eur,succeeded,1,0,,,card,visa,4549,12,2027,GB,Subscription creation,matt.jones@mailbox.example,txn_3ADPJO0FfLxXuhWHKkFO1DNJ,1779450936
ch_3WMoau76inMiMRO4A6BIYi9z,pi_3N91FNozmrHQ8twhF7TAupoF,in_1msjBGcOzbP5LS47bhjCuX0l,cus_xs910QyPxINwvo,100000,100000,0,eur,succeeded,1,0,,,card,amex,4700,5,2029,US,Subscription update,jason.walker@apexport-rf-consulting.example,txn_3T7gqbFK7nroK682fkg3PoM9,1779518730
ch_34qLmAkQYYolg5FcArPHawaY,pi_3GlyDgXbUJkZbUvvwtS8opd3,in_1PoyzmCgwFMY8VQCfATQdSnK,cus_BoRQjtKsGDJBgB,59900,59900,0,eur,succeeded,1,0,,,card,mastercard,6356,6,2028,US,Subscription update,jessica.martin@martin-network-services.example,txn_3TQohANiE1G8mxyKAb2ewvwv,1779522227
ch_3gxVMlSoyOalFapuULSChnJQ,pi_30tmToUfKaecYi2yqfS6kVcv,in_1LKekaDiFNGzQn5LrJmYvbxs,cus_QK7Hfmo1yhb3O9,300000,0,0,eur,failed,0,0,expired_card,Your card has expired.,card,mastercard,9061,3,2026,DE,Subscription update,florian.meyer@stoneview-technology-group.example,,1779531685
ch_3YLUPuRVTM8ZwKo7eDkKJOqO,pi_3KhrTl0unlFcfEg1PJsms9cK,in_1Nz21hbySSCqG6TnHtP1PEps,cus_AX5Jb7wg25uTRz,300000,300000,0,eur,succeeded,1,0,,,card,mastercard,4705,2,2028,BE,Subscription update,thijs.hendriks@summitmark-rf-consulting.example,txn_375yd1QHYeKpcl1iFauRbimA,1779532354
ch_3IMNXboNzS5vpv5TAYKkeLRG,pi_3ETfnFbkftS5Qed5uIVYXIGd,in_1hpL0S6GNR3yXDT7KmITSOX0,cus_lZOHjixMsN4okn,100000,100000,0,eur,succeeded,1,0,,,card,mastercard,1796,12,2028,US,Subscription creation,jessica.phillips@brightworks-wi-fi-solutions.example,txn_37sWKY6AvHPSewiaFzX8hAth,1779534666
py_3s3IWureebCdXpltDGRovXIJ,pi_3iWNYzrKSFceQjtOUM1VKcaS,in_1WGvhiXmwFH0Y39BZaob0oua,cus_4S6jq9WqJfaBZM,300000,300000,0,eur,succeeded,1,0,,,bank_transfer,,,,,,Subscription update,mats.jensen@greenpeak-it-solutions.example,txn_3nEVP63LtaCzDigTMn0OnB1p,1779560086
ch_3BTf6g1iHPHWy6DxONClexkr,pi_3B8YRsketl40INLCftd5G3Om,in_1ttHiarSCcmVpxu6a5rgR4ZT,cus_yNwQCcx1e7gVo1,59900,59900,0,eur,succeeded,1,0,,,card,mastercard,4923,10,2030,US,Subscription creation,michael.taylor@taylor-network-services.example,txn_3gf8Sm9zselwlfzd9iVsUQ8r,1779596290
ch_3Vl6hkuxFXBbleA5QAPoItc6,pi_3iW9uFTYkN21A5wzJ7VOCwVd,in_1JuqxK2VI8RQ3OY0Tmm3uW06,cus_DtkOsehto9w9B3,100000,100000,0,eur,succeeded,1,0,,,card,visa,2201,5,2027,US,Subscription update,rachel.clark@deltalink-rf-consulting.example,txn_355okARAEU7gb2gPDa8RzzrU,1779608143
ch_3Gq7l4QtVhHdsYzORaaTZAPc,pi_32TYJiRauCiG7f9c9q4Wx2RQ,in_19fsvr82nyqhGbvjpYsM0pn4,cus_EN9awFuxt6oxey,100000,100000,0,eur,succeeded,1,0,,,card,visa,3353,10,2027,NO,Subscription creation,bjorn.halvorsen@inbox.example,txn_3pAIZlWuKQ2ZiLs0f0se9HWw,1779691119
ch_3ZowaDbuy1U2fZh88bG0PiM8,pi_3TZItYnFRpEvaA3XSi6KVQYH,in_11Hyqk4rnRYEfmyuVRF1XO4t,cus_koIA2Z5CDc3HKf,59900,0,0,eur,failed,0,0,card_declined,Your card was declined.,card,visa,9922,5,2028,IE,Subscription creation,david.johnson@vertexwave-wi-fi-solutions.example,,1779713768
ch_3y5syWPlZJ6XZfnXUlNciZhd,pi_3TZItYnFRpEvaA3XSi6KVQYH,in_11Hyqk4rnRYEfmyuVRF1XO4t,cus_koIA2Z5CDc3HKf,59900,59900,0,eur,succeeded,1,0,,,card,visa,9922,5,2028,IE,Subscription creation,david.johnson@vertexwave-wi-fi-solutions.example,txn_3ea7ACaYMFQF3oiRb25ZYxLr,1779714056
ch_31Oz0tvlJbgPdaLp1ld3ZVyC,pi_3cYj18kQ5UhEXPv93nQQCKF4,in_1hWSNQOWx3DO5ufUyzCh96bb,cus_KV3VvmKTHHujNM,100000,0,0,eur,failed,0,0,expired_card,Your card has expired.,card,visa,0088,12,2025,FI,Subscription update,anna.kinnunen@mapleline-properties.example,,1779719154
ch_3A9b8DzcSwCgY1rPVLewQqut,pi_3FuR1V9rNaEupvRU7vTWC6dZ,in_1CCGfV5JmtN11s73qbf5mCmZ,cus_a3cEzZZ3aSfefu,200000,200000,0,eur,succeeded,1,0,,,card,visa,8135,5,2029,US,Subscription update,amanda.kim@beaconbridge-rf-consulting.example,txn_31izFXiE9JwOfXNPt46MAQZP,1779722452
ch_3eOAl6ZsYE7U4p518io2wZP4,pi_3z5K7PrNfI5GIyWBpqfHTIqK,in_1y45BjHorb5GA4V9YU7TwvN4,cus_xoedQ2nWsQ9OYA,100000,100000,0,eur,succeeded,1,0,,,card,mastercard,3949,6,2029,CA,Subscription creation,amanda.nelson@atlasstream-retail-group.example,txn_3Dclezrav01oarl4ekcyWjEk,1779725946
py_3W0mSFJ5chYip8jFyuBHudQK,pi_3JBgtv8dEsukEy67wkJbGwM4,in_1ttNESU1Ki5wifkClUA8iMDc,cus_JDCdjMx3GNnNlf,200000,200000,0,eur,succeeded,1,0,,,bank_transfer,,,,,,Subscription creation,thijs.vandijk@lumenview-foods.example,txn_3Zk8Dly6bEXjEU3Isv6Gu1rH,1779738217
ch_3HCnWbCSqAPLDoDbDfkyCwtx,pi_3ZiHRC4IJZNoCDykjWPPrVWw,in_1S38ypG0xDnCT7ImqXiCxwyb,cus_sBDdMxezGiBtd4,100000,100000,0,eur,succeeded,1,0,,,card,visa,2273,1,2029,FI,Subscription creation,tuomas.salminen@ironview-construction.example,txn_30uXaAvRsfvVOBKGNZiNDJHN,1779783256
ch_3IO9m3vpW1Wg1xV5H7T2DNxo,pi_3up7uqy6Vs3kmWFx7WMHcLk9,in_18XDZKH1U8HGI8mEGboIFjVy,cus_I06ZLJFxdRfY1y,200000,0,0,eur,failed,0,0,card_declined,Your card has insufficient funds.,card,mastercard,5007,5,2026,US,Subscription update,ryan.campbell@campbell-network-services.example,,1779874919
ch_387zfeNgR3NSJ9Zio5Ah2zOJ,pi_3lH6zRnzotTnhRYxRwrXhMMi,in_128R4U9a6UZz054QoHmtrx9L,cus_2IzZIyhD5is9ls,100000,100000,0,eur,succeeded,1,0,,,card,amex,7219,1,2027,NL,Subscription creation,maarten.mulder@silverlink-media.example,txn_3AYHOinLTryccPLPgMMS7INf,1779881303
ch_3tcQaJqotWZwRzVzc8prmCEO,pi_3l5TI50tAsg4aIcrs6m63MOM,in_1P9uWYnp2PPBsHc7ioYzlJJQ,cus_tYu7TRgz79D6cV,59900,0,0,eur,failed,0,0,expired_card,Your card has expired.,card,mastercard,7736,1,2026,IE,Subscription update,brian.smith@irongate-media.example,,1779883658
ch_3lQv2WPmy2KhVNAkKmxO7OML,pi_3AXhD1S6A5xNVTCORivKGVow,in_1isdwugn5xIMAAJodf4mi8Se,cus_nBb0oN3pY19PL0,59900,59900,0,eur,succeeded,1,0,,,card,mastercard,4243,5,2028,GB,Subscription creation,jason.thomas@clearpeak-warehousing.example,txn_3CxfMYLC3HHuQvsjWIzpAdVi,1779888809
ch_3EtKGXGDVSlFDs1BJAPo2xep,pi_34bfYIIAFLnWPgZtaGJoIr4A,in_14RVkRfMbYin1UORPCDE127x,cus_EoY7h8Lr9rqJl8,100000,100000,0,eur,succeeded,1,0,,,card,amex,1331,6,2026,NO,Subscription update,emma.jensen@deltagate-construction.example,txn_3bYUSPUvqYBLZq2xs2Gr0xrF,1779906709
ch_3zYNxAmc9KQSZkZzRQfuJCIk,pi_3rD5OFoHl26GDpmNebzdj4Ev,in_182dBTUIgGblDqxMbV1nw0ui,cus_P3KmOxaKcjVTfB,100000,100000,0,eur,succeeded,1,0,,,card,visa,3786,8,2030,GB,Subscription creation,brian.turner@aurorapeak-telecom.example,txn_3XOCNafWJDDZ6LiF9Bbst49s,1779911481
ch_3sFeM1PfMe2ll1Iu6r8unFEw,pi_35PsgDLvZ8CTO5kXZpavWovC,in_1DR3GmuoV0wFpMyVWeCRUg4y,cus_7UM50WOcLMUjW9,100000,0,0,eur,failed,0,0,expired_card,Your card has expired.,card,visa,7702,10,2025,CA,Subscription update,priya.thompson@alpinepeak-clinics.example,,1779962521
ch_3WXzIPjd0ecMbiu8G1x7Fkw8,pi_3Hphp2IfoLSt2RsNSujRhVYx,in_1pN8VNt5b205Fm5iC6cdDfK2,cus_ZapgPGxDPPlHir,100000,100000,0,eur,succeeded,1,0,,,card,visa,7660,4,2029,FR,Subscription creation,mathieu.rousseau@postbox.example,txn_3IqYDAyOYLwzBDms0saRk1JH,1779970044
ch_3FatF1oNrTTDb9Yu0DSSwwUy,pi_3cYj18kQ5UhEXPv93nQQCKF4,in_1hWSNQOWx3DO5ufUyzCh96bb,cus_KV3VvmKTHHujNM,100000,100000,0,eur,succeeded,1,0,,,card,visa,9310,2,2030,FI,Subscription update,anna.kinnunen@mapleline-properties.example,txn_3Xqw1e7B9E2G8a04AG6RrGsp,1779978354
ch_3YKw19Y1zpwXRT4lZIrsJgiE,pi_385iTeaa3SwWj6lgGE2mxl3A,in_1s3YMnoKMaFgWEXgborIp5az,cus_28gmW3KyUWxO74,200000,200000,0,eur,succeeded,1,0,,,card,visa,7310,4,2029,ES,Subscription creation,elena.navarro@northlink-wireless-engineering.example,txn_3G3LupIb9Nvwu8U4Mw0wE0vC,1780064369
ch_30udhk1ft8gYtxqOItWgu5me,pi_36zAsmem2Drxxi6ZtVaLRnWU,in_13Rv0ocehI5LpWw4kcQNHvFd,cus_H9RJPfSXx0RAAl,119800,119800,0,eur,succeeded,1,0,,,card,mastercard,5836,10,2026,US,Subscription update,eric.parker@balticworks-warehousing.example,txn_3eRBUbf1GNqSueBKdlnfunye,1780065662
ch_3BzE326DQiGXorkFwoC69X8N,pi_3hKJ4VZJApmTqD0vQcee4Rk6,in_1jM8iEds15mT1udgzTFfRXcw,cus_ryEl2Wh5nB7xsB,100000,100000,0,eur,succeeded,1,0,,,card,mastercard,2867,3,2027,DE,Subscription update,julia.neumann@lumenview-networks.example,txn_3hkJVOuFPblTykz5MpQcR0v0,1780071069
ch_3xlxDMulGzbwp1sCi8AuPgwF,pi_3WJpJUwOunU9HdHdS7FNJzE0,in_199nUHfidcAXE9YwRkqPlGck,cus_PzDl3QR07GCZLL,200000,200000,0,eur,succeeded,1,0,,,card,visa,3607,1,2028,SE,Subscription update,kristian.eriksson@greenline-networks.example,txn_3eHDMZ9aNjcXAcuj12hBDLi9,1780118561
ch_3pqgyY1jVRXu8ZPro5a6ZMxi,pi_3l5TI50tAsg4aIcrs6m63MOM,in_1P9uWYnp2PPBsHc7ioYzlJJQ,cus_tYu7TRgz79D6cV,59900,0,0,eur,failed,0,0,expired_card,Your card has expired.,card,mastercard,7736,1,2026,IE,Subscription update,brian.smith@irongate-media.example,,1780142918
ch_32Evi1uSZRM3kvvKNomhGxgw,pi_35PsgDLvZ8CTO5kXZpavWovC,in_1DR3GmuoV0wFpMyVWeCRUg4y,cus_7UM50WOcLMUjW9,100000,0,0,eur,failed,0,0,expired_card,Your card has expired.,card,visa,7702,10,2025,CA,Subscription update,priya.thompson@alpinepeak-clinics.example,,1780223281
ch_3YgWBwSjE9k24U6AE8TfLb2F,pi_34BBk8ruKzpOr0Uz500X6HMP,in_1Spx414OzxSpNBr7gOIKPZHX,cus_QsLsltX0mmZh5a,119800,119800,0,eur,succeeded,1,0,,,card,visa,9653,8,2030,FR,Subscription creation,laurent.leroy@leroy-network-services.example,txn_3iI7e9oL6Rn6ovMCrBwharCb,1780320289
ch_37PLZPxs4GBKGENkW8lT7ltU,pi_3NSKvt7uV117XXcqT58Gmaa2,in_1g7bn1OdnkyhDHHoMgPTbDU3,cus_YqXMc4gjyLrCew,200000,200000,0,eur,succeeded,1,0,,,card,visa,2484,10,2027,US,Subscription creation,megan.davis@stonepath-managed-services.example,txn_3h6OLiPhCnXjGCGu9lcGFWAo,1780320593
ch_36LeGDmlT3Byk2hyvBnMFNdh,pi_3qWt6ul8Fq993fDA8AjEfbBR,in_1hJXEUaQUFQc8B1tWlViodEo,cus_o3FfzpAL7SEiHi,59900,59900,0,eur,succeeded,1,0,,,sepa_debit,,,,,,Subscription creation,henrik.lindqvist@beaconwave-properties.example,txn_3qZHjDSXa4egFzkBiJMTzxt1,1780340216
ch_3HXV3IihM2GD1PaaBgYV49n5,pi_38iIpxQxGGhXBKfHgR6jVuAw,in_1cv01k5AfjIiGat59d4KrJ5J,cus_NG3mY2TZw2U1WE,59900,59900,59900,eur,succeeded,1,1,,,card,visa,9784,6,2029,US,Subscription creation,daniel.anderson@crestwave-systems-integration.example,txn_3B0LeLMe1VUabsFM4YU0kWKc,1780371829
ch_3GD3F6v1DQTMIbdp1CcTvuk0,pi_3IvX5xt8wPrEudd0TzXrwtdX,in_1WibWze5xo1DrSajYGiuux2K,cus_dmjIIyMFzweR5w,100000,100000,0,eur,succeeded,1,0,,,card,mastercard,7777,8,2026,CA,Subscription update,david.anderson@anderson-wireless-consulting.example,txn_3URl0HDGa8Y6NqIwD8oRlxyh,1780396068
ch_324MAfrNJqMW6TRLWXUnx0cj,pi_3tTBTzKD4W2XBrsTGz2hXb9P,in_1aGwWTeIL7KOya92ZfomiMqN,cus_Vn4r2ZEUObHewJ,59900,59900,0,eur,succeeded,1,0,,,card,visa,0195,3,2027,CA,Subscription creation,robert.king@irongate-networks.example,txn_3kr2b08bcMh56MtuvVs3iF8I,1780410034
ch_3p9xn2b2BwaJbbwf8of9sINv,pi_3aAbQJzwEIcXdQTvs7XDAcuo,in_155t2hmnTJseAloyHPsF1DXM,cus_wJAvkchfdRemyf,100000,100000,0,eur,succeeded,1,0,,,card,visa,0323,1,2027,US,Subscription creation,olivia.thompson@lumenline-retail-group.example,txn_3InyYQVAStAk3sIo7m1jrkXz,1780411284
py_30MU8ivcT4tPH36DSyvAeJTn,pi_39JHpGVe9yH8y23qmxGo9hlY,in_1ZJztPOoN0uqhVwXLO7ENCCK,cus_fNKaPTGI2VfA6l,200000,200000,0,eur,succeeded,1,0,,,bank_transfer,,,,,,Subscription update,olivia.miller@harborport-partners.example,txn_3gN3c5KM6ZIwwbyWEDZFOiLg,1780492796
ch_3QJTeGyNYslJcM3ryK1jGZuA,pi_3l5TI50tAsg4aIcrs6m63MOM,in_1P9uWYnp2PPBsHc7ioYzlJJQ,cus_tYu7TRgz79D6cV,59900,0,0,eur,failed,0,0,expired_card,Your card has expired.,card,mastercard,7736,1,2026,IE,Subscription update,brian.smith@irongate-media.example,,1780577318
ch_3sBsdXH4VWj7NMfTVsJjLqCA,pi_35PsgDLvZ8CTO5kXZpavWovC,in_1DR3GmuoV0wFpMyVWeCRUg4y,cus_7UM50WOcLMUjW9,100000,100000,0,eur,succeeded,1,0,,,card,visa,4605,10,2028,CA,Subscription update,priya.thompson@alpinepeak-clinics.example,txn_3iL82ORmC2zkJF6Oj2BfAgvq,1780654561
ch_3AhRMHEcJYUgVZ0soFm5z4OJ,pi_3HblVaCVPE1nxcgDOBFijsVO,in_14LvamBXWVwAZy5I69lJEef1,cus_BuFAjA948ZGbp1,100000,100000,0,eur,succeeded,1,0,,,card,visa,7132,11,2026,US,Subscription update,raj.miller@crestmark-hotels.example,txn_3id5fYvpv27b1dc2xkQqNpAY,1780674219
ch_3Oe9qyKnSNZ8ads13yyaOoY0,pi_3WxXUPErNJj3bzmDU926rwcK,in_1axeLsjMjgFQfDMUOjQjS7kT,cus_mmz34j22HFSz4K,300000,0,0,eur,failed,0,0,expired_card,Your card has expired.,card,mastercard,9238,1,2026,IT,Subscription update,luca.russo@russo-wireless-consulting.example,,1780676093
ch_34UJfPAHEMmR8dpGqbjhOR4Z,pi_3qjvRMd6Ccq2qCwHAbmt46kh,in_1zQWBYu5KT9ejLw6q2CBpVdo,cus_D99w1bwrVxaYWW,59900,59900,0,eur,succeeded,1,0,,,card,visa,9290,6,2026,NL,Subscription update,pieter.bos@novacore-logistics.example,txn_3vGzIGocQTMVurFvdfC6jL8l,1780677124
ch_3zdn1NxYF4HfOGwwlFPb1t6b,pi_3zb6kqknRJBQbnuwWcDgwWGu,in_1xwxpyxpT54lrKP9Xiuqu9wP,cus_6JhNVJjYmjyDVe,119800,119800,0,eur,succeeded,1,0,,,card,visa,0102,3,2028,FI,Subscription update,mikko.salminen@novapoint-it-solutions.example,txn_3jkIv91iz2osuZZlCgCi11oO,1780845284
ch_3SoDE35L9O46wVPISH64wEWH,pi_3bHEFk5KpndshMGFhWUkgr0D,in_1XiBBS1ugBLLhmE5yvVQZHRm,cus_0M7HWYVoi8rjSs,100000,100000,0,eur,succeeded,1,0,,,sepa_debit,,,,,,Subscription update,maxime.lambert@lambert-wireless-consulting.example,txn_3rb3e8KvgVetvTMj2IKxOFJL,1780862120
ch_3OKHh05n3Ik9G24jNEaWDfJO,pi_3OoA8gUiYG87oIiKv7AQ3exG,in_18ud5qv0Z7zg3eryKG6bxQcV,cus_qpAlgdTpcOQgqC,59900,59900,0,eur,succeeded,1,0,,,card,mastercard,3820,8,2027,US,Subscription creation,amanda.smith@apexstream-partners.example,txn_3CcIVOlYhB69aH7oDItKQuxU,1780906879
ch_3fAmrDd8NArJKJJtto29XUlZ,pi_3qS8eLs1Neovz4nok1V89OmU,in_1qshNcZxJcDknycYO4Lb9iFQ,cus_hhg7toLsspWVrc,100000,100000,0,eur,succeeded,1,0,,,card,mastercard,3360,3,2028,IE,Subscription creation,tom.johnson@johnson-wireless-consulting.example,txn_3wJtIiCjgkj4D6kkZ5ni9Bhl,1780918195
ch_3hpeZApqXrK4WQOVfkErDJy5,pi_3WxXUPErNJj3bzmDU926rwcK,in_1axeLsjMjgFQfDMUOjQjS7kT,cus_mmz34j22HFSz4K,300000,0,0,eur,failed,0,0,expired_card,Your card has expired.,card,mastercard,9238,1,2026,IT,Subscription update,luca.russo@russo-wireless-consulting.example,,1780938053
ch_3lWbCJdGlvPk9jYtDtFpDYtH,pi_3oiV0GvUtGxRauiyxV0r55Nk,in_1a3Zc8ICdMURJ3rnAEvftCr8,cus_VoffKjsxYq07uc,200000,0,0,eur,failed,0,0,expired_card,Your card has expired.,card,visa,8958,4,2026,FR,Subscription update,laurent.lambert@maplelink-wi-fi-solutions.example,,1780943193
ch_3gxr90buabzoCkpzD3tl57G4,pi_3U4SaZp8xbhqAKgMWtWh9HKE,in_1633LczojZFRNaZo5wd0nmk5,cus_MttmoWndtpUpMC,300000,300000,0,eur,succeeded,1,0,,,card,visa,5425,11,2026,FR,Subscription update,julie.girard@brightstream-it-solutions.example,txn_3qazoy4Zp4QD1Xu4wqKDLFzX,1781038702
ch_3rWc0Vyl5Mecj1GyBrfTAn8F,pi_3EZwFh786aDY6LNembRBqaaM,in_1Pr3AeKAiFnCGbKYHkMHyQR8,cus_NIGvx8FS2pEPvL,200000,200000,0,eur,succeeded,1,0,,,card,mastercard,2475,11,2027,CA,Subscription creation,carlos.parker@parker-network-services.example,txn_3Etit7yNbQDqwUzNjJ59xGaB,1781075352
ch_3Jalpg965IGfV8Qx3HPQdieo,pi_3hFOl2OicD80zyit4XWN024v,in_1pRQO8s4Z5vqOZ9ocX4EcB7B,cus_H019SZ9LBRrU1P,300000,300000,0,eur,succeeded,1,0,,,card,visa,5485,12,2028,IE,Subscription update,priya.miller@miller-wireless-consulting.example,txn_3qNxJqJaawRdVeIZzYMkrCQB,1781151231
ch_3saJSpa8lxv4jliICIeXQFLZ,pi_3RrrB4HTfF0hRao5j14UN8Uy,in_1jvb58iuo8zGeQCFYOcAUBxh,cus_kGPU61OzRy1cRT,59900,59900,0,eur,succeeded,1,0,,,card,mastercard,2262,11,2028,US,Subscription update,priya.davis@deltaline-wi-fi-solutions.example,txn_3xqOyoJawxtV6aXoQiuh4iRB,1781182642
ch_38sFooe0X040mYUZPDEIoOIT,pi_3oHySwJivEVvbokEeVoYXnpP,in_135PNmaLJWdA1ciT5Zy1evdR,cus_mLjs0sw8zXwus5,100000,100000,0,eur,succeeded,1,0,,,card,visa,2065,5,2029,CA,Subscription creation,paul.hall@hall-network-services.example,txn_3ooDG9wmTdOH80HuaFDyc1gi,1781189084
ch_3dDljpvJV2agNau0Y0gyJk9M,pi_3Ot6XbEVWJ7AdnHhanzKUJ3T,in_1tu5w2PaMKwFQpEyDYovXrEU,cus_FXsw6XJY6BXbZB,59900,0,0,eur,failed,0,0,card_declined,Your card was declined.,card,visa,4092,8,2027,CH,Subscription creation,markus.zimmermann@harborport-wireless-engineering.example,,1781194079
ch_3gkfknkZjEz0CAezcKM27rF8,pi_3Ot6XbEVWJ7AdnHhanzKUJ3T,in_1tu5w2PaMKwFQpEyDYovXrEU,cus_FXsw6XJY6BXbZB,59900,59900,0,eur,succeeded,1,0,,,card,visa,4092,8,2027,CH,Subscription creation,markus.zimmermann@harborport-wireless-engineering.example,txn_3g4ew3rztmkyyZGDNE5pUuDY,1781194216
ch_3bfeAzME3UC286cfhiTS9m4h,pi_3oiV0GvUtGxRauiyxV0r55Nk,in_1a3Zc8ICdMURJ3rnAEvftCr8,cus_VoffKjsxYq07uc,200000,0,0,eur,failed,0,0,expired_card,Your card has expired.,card,visa,8958,4,2026,FR,Subscription update,laurent.lambert@maplelink-wi-fi-solutions.example,,1781203773
ch_3zl0mDeEez83B7SrSZoGuNvq,pi_3ecbHuGL2uQ3Ep0XriWWulW8,in_1yUfXhGlU0m5lOyzCLrME43v,cus_ZFD1WW9aHnyZPJ,59900,59900,0,eur,succeeded,1,0,,,card,mastercard,6170,7,2027,US,Subscription creation,jessica.miller@miller-wireless-consulting.example,txn_3dEOa0h5TA1e7CeAGxwznDkl,1781252047
ch_34czix2ODpKZogKjOpyI17tp,pi_3BlxsCFbeSmoUpzCkSB9ee2B,in_1kOY8NaroFcIJcCMpnnJOIC5,cus_RcHwUWpOBVrIFg,100000,100000,0,eur,succeeded,1,0,,,card,mastercard,8494,2,2029,IE,Subscription update,eric.davis@balticwave-wireless.example,txn_37kcozxpmOc2yQ9eaP71kUHy,1781281142
ch_39raNh8YandDzAhzc3fshEag,pi_3aChRm0OUzzFIbqAtm0WrIJu,in_1ODVIUx9KtRxzwHOc11GNz2E,cus_JlhmKOBpinB4Gv,100000,100000,0,eur,succeeded,1,0,,,card,visa,6149,10,2027,NL,Subscription creation,lotte.visser@atlasgate-networks.example,txn_3kk4nHZ6eE2P9cJHlI7oQQBY,1781298550
ch_3pOYdqD3Jdy3vFnWKbDm7xt1,pi_3HXH6vwSW5Cl0iS8fmmsGMip,in_1mV1weqrVyr4an8UgIAVqpqU,cus_j1qRI4yuoGiom3,200000,200000,0,eur,succeeded,1,0,,,card,visa,3998,9,2028,IT,Subscription update,alessandro.gallo@novaview-systems-integration.example,txn_3u93ztJdfA41zyALIGjyZL3u,1781338327
ch_3G9UV0p24KY69k4BBc0JtHd2,pi_3AFhdlX3TJdtkrUa8dr1LIl5,in_1mdCIek6R9MwVbHEhxHIUhKc,cus_a6Ie2WoQMAydM0,200000,200000,0,eur,succeeded,1,0,,,card,visa,0262,8,2028,US,Subscription update,laura.johnson@nordicview-partners.example,txn_3stj3oqh9oz40U1NZmsvHqQA,1781344246
ch_3AqGvdSeEIP1imzssFu1HEQD,pi_3I0NNE9aqeIZ5ovb94OpWsHY,in_1iFkmo2E3qNJ6KTU9Y5QXHJ0,cus_aoiUKXCjk1pmHu,100000,100000,0,eur,succeeded,1,0,,,card,amex,9060,7,2028,FI,Subscription update,janne.korhonen@atlasmark-logistics.example,txn_3dUkVOwSw2fILV06a3qn42kb,1781349092
ch_3N2U5qhmaz2J38ESRrLGXiVJ,pi_3WxXUPErNJj3bzmDU926rwcK,in_1axeLsjMjgFQfDMUOjQjS7kT,cus_mmz34j22HFSz4K,300000,300000,0,eur,succeeded,1,0,,,card,mastercard,4969,3,2029,IT,Subscription update,luca.russo@russo-wireless-consulting.example,txn_3SeB2FOSPtA02tWgmASblPLL,1781368973
ch_3IhMKrZYP9UptI5b5ExwkrgV,pi_3AxF13vFtbcm0TWhkfdvUWDG,in_1i5Arl9HTBAiqO18P49eYKly,cus_4TPMtnZWGLQlZI,59900,59900,0,eur,succeeded,1,0,,,card,visa,1401,5,2027,DK,Subscription creation,johan.holm@blueview-logistics.example,txn_3OFil9B4l1qvnrfzdUO5Ktzr,1781377086
ch_34NsrKLIqcRixRQuH3nbOAao,pi_3TSDLFlwltzBsZKr6LaP7YLP,in_1cUwqKluAFluQvG9887zIo52,cus_uW78Dye8IDqpgG,100000,100000,0,eur,succeeded,1,0,,,card,mastercard,5528,6,2029,US,Subscription creation,david.scott@scott-wireless-consulting.example,txn_3pmoSDFcKh4AS4BOigYV1wky,1781452223
ch_3pZxCfsl1J4L0lerUogaQPQN,pi_388L9iWaMBftsXJJaOB7DWJo,in_1uReColppyA0fQBMkLaCdZFZ,cus_SgUYxNelqj9QjV,100000,0,0,eur,failed,0,0,expired_card,Your card has expired.,card,visa,3390,1,2026,US,Subscription update,ryan.king@postbox.example,,1781527538
ch_350twdE1A236oTGxaBY4H3Pt,pi_3DRDnnYlObJG7JEmkEfUsWn5,in_1vWCWwFcc4xvOFYJAhCm6bvv,cus_QdNXfJF8Xx8czX,100000,100000,0,eur,succeeded,1,0,,,card,amex,9297,1,2028,US,Subscription creation,laura.wilson@nordicstream-rf-consulting.example,txn_3Jwt0E7i4eeEApiNVLnjm28K,1781529687
py_3Hxe2EvCj8gUMmLnbUzIBMvW,pi_3bPIHdH5s8R8Kn4OouKWExI5,in_1jd0UFtOKtjZ01fub4YtiFO8,cus_HDwXEBbawAPij7,500000,500000,0,eur,succeeded,1,0,,,bank_transfer,,,,,,Subscription creation,daniel.weber@beaconport-communications.example,txn_3pma2egkPBAzJagaVklC2Lmg,1781534137
ch_3yq3xWYLKBPvPZigBOHysX4w,pi_3mU4Sd5uX6rtBcXM9U9L9bDL,in_1vtWHu9ZMdIIrsctPrbAdXWo,cus_07RlaXYOAoUgw7,200000,200000,0,eur,succeeded,1,0,,,card,mastercard,4919,7,2027,US,Subscription update,priya.lee@northpath-technology-group.example,txn_3wyIXj7aHRUVJoBrX73H8RZ0,1781548366
ch_3o7cCxgkAFSgFAsoMCFkGBsk,pi_3VR2DJ3a5t90CW0l3zsNXxIQ,in_1WUf7CNWMsYLCe9sId696xGc,cus_pu7WC0mBj2la99,100000,100000,0,eur,succeeded,1,0,,,card,visa,6195,5,2029,US,Subscription update,chris.adams@silverport-wireless-engineering.example,txn_34BnWas7TFJvzMyP5HfzajAJ,1781611602
ch_3RYoWSxFrxM800TqMPpMgyXB,pi_3pRMODbkl31uuNCIRlAY7e0k,in_1qZuRxYN1E4jbOpQVWBz0iXe,cus_gBzZQaYZIhi2xF,100000,100000,0,eur,succeeded,1,0,,,card,amex,7033,7,2026,US,Subscription update,ben.edwards@beaconview-wireless.example,txn_3QOCsMLgXqvpxtNukE7CXhic,1781618775
ch_3r7xEd939ZAvQ7QZ051lfqEi,pi_36MzW1CGcRBW1j3jP9029Ex4,in_1VvNwVOW4l2kdBufQ4UWFsnJ,cus_8tF2NGuG2SqtRk,200000,200000,0,eur,succeeded,1,0,,,card,visa,8545,12,2027,CH,Subscription update,michael.muller@nordicview-communications.example,txn_3PijHaOp4xVCyYHnJmgM7PmK,1781628892
ch_3BDFXzSpODHZaiiPaUG85t5E,pi_39AKcjzB399yGiaQ5azGEQVQ,in_10yYNsrxC3pxN1Q2qokTlEMw,cus_3hM5mvNJ3PEPFl,100000,100000,0,eur,succeeded,1,0,,,card,visa,0411,3,2027,US,Subscription update,steve.adams@cedarpoint-it-solutions.example,txn_3WSZtT33aAH0ukHxdmhkkccG,1781634582
ch_3K574CMG3Kbfjm3SSaVmkAgd,pi_3oiV0GvUtGxRauiyxV0r55Nk,in_1a3Zc8ICdMURJ3rnAEvftCr8,cus_VoffKjsxYq07uc,200000,0,0,eur,failed,0,0,expired_card,Your card has expired.,card,visa,8958,4,2026,FR,Subscription update,laurent.lambert@maplelink-wi-fi-solutions.example,,1781635773
ch_3geJkNNXmHO2cZdc76wLLVpx,pi_3xWf8ThAF9EmRwFJRjMFxkm9,in_11ExeuH4QY0GKXt08YmhwQhn,cus_bby2qVTxnBJuNR,100000,100000,0,eur,succeeded,1,0,,,card,visa,4716,9,2027,SE,Subscription update,sara.andersson@northstream-rf-consulting.example,txn_3LM9RbtAM86txgAZ0d9ng6uC,1781651072
ch_30WXSb5MqTPvlebzfOVf2Zd4,pi_3b4UKBS2r0wUZz3HDbaDjOrt,in_1w9fEADLEDRD7RlIygsHQuuP,cus_kIKS9GUqVt0F6E,59900,59900,0,eur,succeeded,1,0,,,card,mastercard,6179,8,2026,DE,Subscription update,markus.neumann@greenmark-wi-fi-solutions.example,txn_3uAJ4WYWglaVV5JUvwTI9qcv,1781674702
ch_3w7ySpfcfOBJDdmGZnlamM5m,pi_3WpTpkl9tTdYxVshnF2Bbl09,in_17EVNW3oT1aK6sPmr5ZNSRbN,cus_Mx2mtecmQlpa17,59900,59900,0,eur,succeeded,1,0,,,card,visa,7077,9,2028,NL,Subscription update,thijs.vandijk@van-dijk-network-services.example,txn_3l6F3AjEI1Un3dwqKMwRMCzA,1781701212
ch_3o86lGdwRcqAZyTTOiV8I6eu,pi_3PpE90OQZduO8rK8F0KQ38lB,in_13h8LEZtnblqAacdd89Dntvk,cus_8FpGBbaw5FTgHh,119800,119800,0,eur,succeeded,1,0,,,card,mastercard,1852,8,2027,DE,Subscription update,sabine.weber@westbridge-warehousing.example,txn_3Vss7O5hfDR1escWen0JUarr,1781717831
ch_3Eo70jtqT6OvhhGgIcMarElF,pi_388L9iWaMBftsXJJaOB7DWJo,in_1uReColppyA0fQBMkLaCdZFZ,cus_SgUYxNelqj9QjV,100000,0,0,eur,failed,0,0,expired_card,Your card has expired.,card,visa,3390,1,2026,US,Subscription update,ryan.king@postbox.example,,1781789198
ch_3SlDQ7iSRKRhNmNHXeZd60X2,pi_30knZSh8CVTdF6an3QqYgO7Q,in_1t349a9gWHHrXq9aw0hWoMRc,cus_ZUduUx1Gt4W6DW,500000,0,0,eur,failed,0,0,card_declined,Your card was declined.,card,visa,0883,10,2029,GB,Subscription creation,megan.baker@silverpoint-it-solutions.example,,1781797608
ch_3ssyFCjOH4r43QnA3cSkB4i0,pi_30knZSh8CVTdF6an3QqYgO7Q,in_1t349a9gWHHrXq9aw0hWoMRc,cus_ZUduUx1Gt4W6DW,500000,500000,0,eur,succeeded,1,0,,,card,visa,0883,10,2029,GB,Subscription creation,megan.baker@silverpoint-it-solutions.example,txn_3VV5F90OM0inahNhkSvh9HNR,1781797953
ch_3hBd8WyslY6z41z7KfehaViM,pi_3lPAq9S4xsxZONS8qGVEVEwS,in_1U5RxcfX5s0y5YRiiecSpkog,cus_oXjsKzILJDE1g6,59900,59900,0,eur,succeeded,1,0,,,card,visa,3988,10,2029,IE,Subscription creation,matt.evans@deltacore-construction.example,txn_3Yi3yB4P0VzWEOoHydOieOBo,1781878375
ch_364wj6YSfQHEsedwWyGgHYyC,pi_3bEpxwrL9oVG0Qv2RVR5UK3w,in_1R4ZrUBRMSfpcKd4JnW5uFcZ,cus_TgCchPY2OEKGsd,200000,200000,0,eur,succeeded,1,0,,,card,mastercard,3333,5,2027,FI,Subscription creation,juho.kinnunen@creststream-telecom.example,txn_36nT5hvceUFkzLUcO3QHVm37,1781884578
ch_3ih5XiSlmS4DakCjqKbF4q8r,pi_3K5OSTIutTOnsQ6R8ZDcEeug,in_1z52Zi2qcBx53kuZTv8r4Avs,cus_rpPXCMpy47XL7M,100000,0,0,eur,failed,0,0,expired_card,Your card has expired.,card,visa,3174,1,2026,GB,Subscription update,john.nelson@nelson-network-services.example,,1781939880
ch_3gZ9YEKn51GdQJN0OXV9gOMo,pi_3KH5jv5PX1bOZC4jKvzWWi9M,in_1WojjmTjq8vu2zp0XzB8Uqer,cus_jzllszrTJSvBCu,100000,100000,0,eur,succeeded,1,0,,,card,mastercard,9517,12,2026,FI,Subscription update,tuomas.nieminen@mailbox.example,txn_3cypSaKLKlV64XsgEyG475o6,1781950572
ch_3qKZb9IdrPgxBMqPv8zn0Id6,pi_3qa8e4tRL0kxG38GpLu6GqLp,in_1XSKeHX93WHzAg10FhJja8VS,cus_0WLVYzUPOHt28Q,100000,100000,0,eur,succeeded,1,0,,,card,mastercard,6100,4,2029,CA,Subscription update,ryan.king@lumenfield-communications.example,txn_37SYfocf9KbHPbMt7aLLqBTI,1781962368
py_3fqK4AOkbvIjZ3UPl7IyzHMs,pi_3kJ5OMSpx0WDpMUULcYeOBF7,in_1yubY5FIB1ZmoEMsGPtTF54s,cus_A1H7jCatgfPfqO,500000,500000,0,eur,succeeded,1,0,,,bank_transfer,,,,,,Subscription update,jason.davis@polarpoint-managed-services.example,txn_3xgw6MiEFXJRSgHMbmDQq4lE,1781991100
ch_3dXh9NgUc9UNRHkDRS7QoD0x,pi_3wmZrxnVxnTg3xhX0p5m2eN7,in_1487HIgr0kfRklFRGIGj4p6q,cus_sjLEJYsuoxU1E9,59900,59900,0,eur,succeeded,1,0,,,sepa_debit,,,,,,Subscription creation,thomas.mercier@northview-foods.example,txn_3AmqARWSap0GxRWsxKl2RLTG,1782123086
ch_3gOLJZc2MpGt4VbkwYxPtDUM,pi_3ubQPEG8NNrKO8OIV8ZE11QN,in_1pkjwpWEfYMNdIbJKacciOXZ,cus_qyO2x9JclplAWA,100000,100000,0,eur,succeeded,1,0,,,card,visa,2035,8,2027,DK,Subscription creation,soren.dahl@dahl-wireless-consulting.example,txn_34hhkuImIm670LysR9h3eFbi,1782150442
ch_3Hsf9LYzltAaLvnClMMcAsuO,pi_3kinpz03exIhoVn6hbOAsTBx,in_11BunGJucyszu3JaLZ4Btwod,cus_96jzvMe1F2pBA7,500000,500000,0,eur,succeeded,1,0,,,card,mastercard,2879,7,2026,CH,Subscription update,matthias.hoffmann@orbitstream-it-solutions.example,txn_3LOJAC2qifjJ63IC5jjumwAc,1782195840
ch_3022NoBFQeLaTZZNBDoW5VWC,pi_3t88DOK6iRIDunKEcWJkK9Os,in_1RWgwBx7ek4pdAVKdM1a8ZE0,cus_oZR6VvASyHQtkQ,100000,100000,0,eur,succeeded,1,0,,,card,visa,6453,12,2027,NL,Subscription update,maarten.visser@alpineport-partners.example,txn_3rhlMw0xMDURE5Mr5xhlVBPW,1782199339
ch_3ICiqUt6mkv0uu9QJNduUpSY,pi_3K5OSTIutTOnsQ6R8ZDcEeug,in_1z52Zi2qcBx53kuZTv8r4Avs,cus_rpPXCMpy47XL7M,100000,100000,0,eur,succeeded,1,0,,,card,visa,2986,10,2029,GB,Subscription update,john.nelson@nelson-network-services.example,txn_3n3ATspbnAAJcgTc0xN7pJIW,1782201780
ch_3fE02lXDtLmxL90JrmTLBBzO,pi_388L9iWaMBftsXJJaOB7DWJo,in_1uReColppyA0fQBMkLaCdZFZ,cus_SgUYxNelqj9QjV,100000,100000,0,eur,succeeded,1,0,,,card,visa,8917,9,2030,US,Subscription update,ryan.king@postbox.example,txn_3PLP9FLzayMZFlL6OgaHA7ed,1782220178
ch_3uR8j77CkZcyXpnDb7YMRGIE,pi_30LukRbfrEexQcxLYQWXrMxb,in_1LNXdsr9Y9DBEBGjKgM53hDe,cus_MO5rQXFzHf496x,100000,100000,0,eur,succeeded,1,0,,,card,visa,2676,8,2028,FI,Subscription update,katja.heinonen@heinonen-wireless-consulting.example,txn_3R7kPOLsCffd9yRaBJfGP26Y,1782221069
py_3wSzBYYKcRWULT3BB0MJMaAb,pi_3qKvDZomHQ7cbUWCqopH1LtL,in_1QZ4repSfsDzaqqlCNW6gNGD,cus_ZFduike4YH50Tg,7000000,7000000,0,eur,succeeded,1,0,,,bank_transfer,,,,,,Subscription creation,accounts.payable@lakeshore-community-college-district.example,txn_3S4lHc1xe35hGiRpjm0tWsyf,1782230287
ch_315INfGXsRdomVeUIgawzJ3j,pi_3ADcLSOtYjHbP1SLGziyHR3m,in_18grPd11rwX7qnSb9nPCCVra,cus_QcOcXszZe1gwm0,100000,100000,0,eur,succeeded,1,0,,,card,mastercard,4445,3,2028,US,Subscription creation,carlos.harris@mailbox.example,txn_3O0g4gxdDJp5MTRovlJqpXhD,1782235465
ch_3pF20Z643az9xUFR8TtFtsQZ,pi_3UvTu5XkXwCgCkR1AD9Mw8dg,in_1BOw0E6u3MycevgXFBOgQnXZ,cus_6wZQXbJPkGzU3i,100000,100000,0,eur,succeeded,1,0,,,card,visa,9194,9,2027,FR,Subscription update,antoine.martin@martin-wireless-consulting.example,txn_3L8SdDfiHzawI3KLqU1pdEFl,1782242066
py_33oiibPQZhOzty0dNBEL2eQ9,pi_3vqfjebxPJpgDt2aecFcaBrf,in_14jHbTTX7CvT13aQEAEF5sj9,cus_BOODWlXERmvsbm,200000,200000,0,eur,succeeded,1,0,,,bank_transfer,,,,,,Subscription creation,paul.green@greenpath-it-solutions.example,txn_383ak7gXI7P1IToBcxJ8UWOI,1782264175
ch_3UX1lDQWfdCtc6JKUSG7fZxr,pi_3k3AMkDAUTrljdIEc2wQVh5O,in_1gn4fw5RQDtRjY2PaDISX89d,cus_hr6Sy80on51Uyn,179700,179700,0,eur,succeeded,1,0,,,sepa_debit,,,,,,Subscription update,antti.saarinen@balticlink-media.example,txn_3WIbb2paaiCUmXqzIFp6NCeJ,1782300169
ch_3GT7vXTZRR56JyxYmvY6Q3Yi,pi_3avVCX9vD1DonUuyOmh87SYv,in_1S8UNBrRLkL7rICiY88IvB7C,cus_naE5h56bBFERnf,59900,59900,0,eur,succeeded,1,0,,,card,mastercard,4850,2,2029,FI,Subscription creation,heidi.nieminen@stonestream-retail-group.example,txn_3QLLZOzfwaJbvDCIXvx3iiF2,1782300497
ch_3yeo3vZ5SZHTLstEkg0JKa2V,pi_3X8VrUmHN2hdbLDYWDamACTd,in_11vyVbysMWh9k0mRJL4P5oLF,cus_nRTUOl94jnQ2ke,100000,100000,0,eur,succeeded,1,0,,,card,visa,5365,1,2027,GB,Subscription creation,chris.walker@walker-wireless-consulting.example,txn_3jxISv33OrniNsLSR1H0cvLU,1782305463
ch_3yvtry0dUMTBTjH6jCM7YiRt,pi_3Z8pFc7H8D7TnZXGsHVWa1YA,in_1yRa82ffYi1Qh8qpOubqihjx,cus_1b6hMxVVn7JwB3,200000,0,0,eur,failed,0,0,card_declined,Your card was declined.,card,mastercard,3776,12,2027,US,Subscription creation,carlos.roberts@graniteview-rf-consulting.example,,1782307048
ch_3kq8DwItEKE2cHSGLNSG3iIZ,pi_3Z8pFc7H8D7TnZXGsHVWa1YA,in_1yRa82ffYi1Qh8qpOubqihjx,cus_1b6hMxVVn7JwB3,200000,200000,200000,eur,succeeded,1,1,,,card,mastercard,3776,12,2027,US,Subscription creation,carlos.roberts@graniteview-rf-consulting.example,txn_3TBfvNvdPO1ski41vcskZGHK,1782307383
ch_3XJKEFCLGZHKNa1A2F4UlKXB,pi_3epOC6Ec5DhgmXpEcW4msUA2,in_1gpiwXdpy4SmbgeyK2cUuxzq,cus_pH6T2OXWcxRVh0,100000,100000,0,eur,succeeded,1,0,,,card,mastercard,2684,5,2029,US,Subscription update,kate.nguyen@westfield-clinics.example,txn_3zTWH4UJADIjyl0V65gUM2is,1782308146
ch_3uEizBffR1SVkYb5aXggVSxb,pi_3rbDINUXHDmqEVvoQnDEP5Ua,in_1pCsWESmxWJAHKf52fk4tq38,cus_j5JQrjy2qMrTS4,100000,100000,0,eur,succeeded,1,0,,,card,visa,5830,8,2030,US,Subscription creation,steve.wright@wright-network-services.example,txn_3TpwdaFyQpA0BGiexe1NRLLp,1782316335
ch_3qz6W8yuUiS51iTTN1f55zD8,pi_3Jpvo2HYjwHRkfecIPl1skKQ,in_1wNu5WecEjqgypoo2Y0PUFQD,cus_yYkekoyOtDyOv5,100000,100000,0,eur,succeeded,1,0,,,card,mastercard,4127,7,2030,FR,Subscription creation,sophie.bernard@westwave-wi-fi-solutions.example,txn_3XzdaJSd8GckuvhWt3wUlURL,1782329035
ch_3ZjYdvOPSQ6n2ExGdv0IzcaY,pi_3BKSgrFsXXPZazXE5mAOjN0I,in_1scp6JIugZt5aV7cuiYnqBX8,cus_2I6C1SMWOhgkWx,59900,59900,0,eur,succeeded,1,0,,,card,visa,9128,12,2026,FI,Subscription update,laura.makinen@atlasstream-wireless.example,txn_3VBEixSCxLkYIeJh1PdLweJu,1782401874
ch_3UMH7bnuYCO5RVXcpMhdG59P,pi_3OWH4BeZ0vEYmYJLtkETz1SB,in_1A9tDW9xpCJNVJ48galBHbtN,cus_wdlqWD4GDrp3H6,100000,100000,0,eur,succeeded,1,0,,,card,mastercard,0362,6,2028,CH,Subscription creation,tobias.koch@apexport-wi-fi-solutions.example,txn_3NVBs64OYxpfgEQxXLjwQ0Ly,1782407919
ch_3n4sTwpXZM85TURYbXTDktaz,pi_3bLsW9kg12zcR5QEMdkYGHF5,in_1KXhwk4pHdIEJfWEHRDFDqLu,cus_8IWiKKciyae4Pk,300000,300000,0,eur,succeeded,1,0,,,card,visa,1103,5,2030,NL,Subscription creation,thijs.vandenberg@bluecore-systems-integration.example,txn_3PdaJRNOUXSmkClXx8tv4bOu,1782472102
ch_3Kme1ffONwMY6FTkKN8d4KNr,pi_3lAVKM5djbgsnTOeNEdJQecw,in_1hRd7MkFmSJ9L27IhLeE3KZN,cus_4K2dIv8Ypudpzg,200000,200000,0,eur,succeeded,1,0,,,card,visa,9049,5,2029,GB,Subscription creation,brian.green@creststream-wireless.example,txn_3ZwtYVjS6AQvjBOqQTYsxaVB,1782488040
ch_3bIhkf342vCjSiwmXB0UE37h,pi_30bh8PRIQDwtQ2Q8S0cXQbQL,in_1sk4eQKx17UJiwoihD5p8Ac9,cus_0naEWWOMiX2ZWB,100000,100000,0,eur,succeeded,1,0,,,sepa_debit,,,,,,Subscription update,koen.devries@summitstream-schools.example,txn_3NBE9nvuwG310ggcZXpNMxlS,1782532980
ch_3Z3aCGm1IrntWYLASm7yA2dd,pi_3S2U1d94HrzDK4HOBTycWMBM,in_1vfmYHulxmdcouaFv5IEAdFJ,cus_hVp5cMQFDG1XOB,100000,100000,0,eur,succeeded,1,0,,,card,visa,9509,9,2026,FI,Subscription update,heidi.ahonen@pinepoint-logistics.example,txn_3T9ZNwS55fllZZifix8qOa0y,1782566403
py_31QifgnaJeaOWsxeWc7LDZus,pi_3LXAp7wopMqi6jib0E1b2ZaB,in_1vmUPcFdav0h5CXXMlJ6eKQ0,cus_TT6IBpiBxFoRN9,59900,59900,0,eur,succeeded,1,0,,,bank_transfer,,,,,,Subscription update,carlos.taylor@clearpoint-wireless.example,txn_3VzPEz4Df4O2Vs0FcNep98j2,1782599272
py_3fG6cceCm3QGy9WdmxuP4cJs,pi_3m1BXeSf025NP4Wu8dk0ZiUo,in_1aj8Qv7LghUQopyAzZNSHtN8,cus_va1nTbrxoUidhA,119800,119800,0,eur,succeeded,1,0,,,bank_transfer,,,,,,Subscription update,sarah.baker@pineworks-schools.example,txn_3ZcENeh9izfg61IKlwaS1H7j,1782670146
ch_3N3QRgqv8DUQPmP9w6KG1Z6b,pi_39pwlBGAlaITnhrsrSSJ9axz,in_1iDmN7B1kaNwpMupedBvRtml,cus_baPBhZBgXLmXnA,100000,100000,0,eur,succeeded,1,0,,,card,mastercard,4729,3,2027,DK,Subscription update,sara.sorensen@granitepoint-wireless.example,txn_3X9mMEUgMNbYJP2Evrc8iUX4,1782713007
ch_3prAtHvEZo4wBzPXiaZ7GdRC,pi_3Su26TBhLQEU5ttkBszcrFsw,in_1yMTe66SGe7sr1fHDLeGNt3I,cus_7VHRSqHADv0n7r,100000,100000,0,eur,succeeded,1,0,,,card,mastercard,6305,3,2030,DE,Subscription creation,sven.zimmermann@novagate-wi-fi-solutions.example,txn_3yIMyyg6upBNYhfME9B5TQMp,1782715312
ch_38pjfMy7PwWVWHZEIDKTnDZl,pi_3IfdY4pzvLHk3X8DGOCgF4wJ,in_1122DfEIQWjUE5ciF9mPl9TN,cus_HSYFf9q2hvUrwY,100000,100000,0,eur,succeeded,1,0,,,card,amex,3540,9,2030,CH,Subscription creation,katharina.schroder@balticlink-properties.example,txn_3D7SQPZ0bTxMa0VGU3yXZ7GK,1782722681
py_3GWQILjGJZfxtDC0DcgY7hMS,pi_3Sn2Uzzx5ZSWn692CdfT6L8G,in_133tYPQ7fEB87ezR2HEQ2qAU,cus_0MAVJkryOBMs67,200000,200000,0,eur,succeeded,1,0,,,bank_transfer,,,,,,Subscription update,nicole.adams@balticstream-managed-services.example,txn_3B30SFlSyLMiFwfEOcu2U1Nk,1782735363
ch_3jqk3zVqbTR0J6ryuCQw0zzR,pi_3AS3pdAKHcd4TfD5sxrWquOW,in_1GXgwDsmZLcj328ijC8ml3lr,cus_UVPWY87GzlzBau,100000,100000,0,eur,succeeded,1,0,,,card,visa,7035,9,2030,US,Subscription creation,ahmed.anderson@silverview-it-solutions.example,txn_3W1sjL1fcf2XY9Kw29f1eoKW,1782741129
ch_3GqUfUlpGID3Ylyx4MX3zLqJ,pi_3XuvZICRVFfGQNFxlMyJwtpb,in_1gqenp6vMwl3TvGtLDjXkTA0,cus_TiMZQIC2kLxnN0,59900,59900,0,eur,succeeded,1,0,,,sepa_debit,,,,,,Subscription update,pieter.smit@clearpath-warehousing.example,txn_3b6GVx7I7SD40AvCIqaKmp9x,1782747108
ch_39N0U5bBiPenxgsfyPIm6kWa,pi_3wVOakOgxSL85EgcmvQ5FwAT,in_18IFhgXkqd1SyfOxSqwe98nC,cus_Pdy8RQgn8Nwthz,100000,100000,0,eur,succeeded,1,0,,,card,visa,7790,8,2030,US,Subscription creation,steve.phillips@nordicpoint-wireless.example,txn_34sPYIuP2reT8AdREwol01lU,1782813080
ch_3N2XbLUdjGScr8Pvr4B3qv9Z,pi_3IJKoBCOKS5aZsni2p0aNbj0,in_15QlFqiR5PeN4mtzTjpNqgow,cus_tSt990X9oCBpP3,59900,59900,0,eur,succeeded,1,0,,,card,mastercard,4063,7,2028,FR,Subscription update,romain.leroy@polarpeak-wi-fi-solutions.example,txn_3CJMOaCkZisSn1C4LNT33x55,1782822253
ch_3NQDFasyyrZXvHOU4Plqw1vw,pi_3pzZg3PfmYkw1jui145X0BNc,in_1E50Xlsz1ul1QjVxnPBAHWEn,cus_m7P0RI4NjwiLrj,200000,200000,0,eur,succeeded,1,0,,,card,amex,2012,5,2028,US,Subscription update,david.thomas@inbox.example,txn_3vuLKSwKYGn4NlV8Xe2R9tYY,1782880707
ch_32JVIVuMlCV8u0bl0ATK88lL,pi_3zxDXuiGyBLrwI7KhzSwu1UB,in_11jwjD1u9Er3bx1DA3yUY1oI,cus_Crb30KHzuFDLSx,59900,59900,0,eur,succeeded,1,0,,,card,mastercard,4734,12,2029,US,Subscription creation,matt.campbell@orbitpath-foods.example,txn_3n2ffPwxY5n80qTz5oZQKyDG,1782880943
ch_326DiqwlKo4nsVr27uJme74e,pi_336v5V8jFyrc24M9Mm5wz2tR,in_10V5jtywbCUYO9s7JD3GiEA3,cus_abNCyZRw8Hu7wX,100000,100000,0,eur,succeeded,1,0,,,card,mastercard,3117,4,2027,CA,Subscription creation,eric.campbell@deltagate-networks.example,txn_32m8LXSKKVGjfwBUJFBXcy9S,1782886223
ch_3zVvqfqM7Jrn9G8HF3X3HLp1,pi_3dCEeiLrHtenRTRKq4RlZssR,in_1mD7DY53K7SG1lBWRrycTYfM,cus_FUpEnC8kKKXjOu,200000,200000,0,eur,succeeded,1,0,,,card,mastercard,2070,9,2027,US,Subscription update,john.phillips@maplebridge-logistics.example,txn_3IIZf9q1LahS2YxRivjtsDkj,1782891424
ch_3V3SIL8UsvIqc8wjEq2sJ1Zo,pi_3RjwhCsp6MNwJjcIBkrZGZkw,in_1RHpnjwWcFp56gLuPDeeAKpw,cus_gevA4s0yRpDEjk,300000,300000,0,eur,succeeded,1,0,,,card,mastercard,2500,8,2027,GB,Subscription update,raj.mitchell@apexline-rf-consulting.example,txn_3Nghk4UGc5hhqqHS0K6V5xyp,1782899260
ch_373eg10YvBljQfbQZnMBMtQH,pi_3DsIpop3vlMGYf0CM8JN18Fu,in_1TJBn1z4573tV63qDdmLPpck,cus_o03knMX24ZvS6z,59900,59900,0,eur,succeeded,1,0,,,card,visa,6348,2,2028,GB,Subscription update,josh.clark@silverpeak-properties.example,txn_3NG4vf2RUR43d6yatFR2NYd6,1782920497
ch_3qP4nMInNqMLbwlsxXL0hJsl,pi_3vGpCXS2HwPvicdPXNy8GUdR,in_18kgXKrSLSmms07vJn5gZv4x,cus_XeY2Shuwn2zL0D,59900,59900,0,eur,succeeded,1,0,,,card,mastercard,4090,2,2029,CH,Subscription creation,christian.schulz@schulz-wireless-consulting.example,txn_38brruaxBsRBoP0uTbu1F0Yj,1782932690
ch_3gG4g4ap4oREIlggxVcXzmYe,pi_3XthQhazAaBjSQr3sV5IykML,in_1LihviO5V9z2HnqHWTVn69uy,cus_EZJZhTHoVEQUCx,100000,100000,0,eur,succeeded,1,0,,,card,mastercard,9608,5,2028,NL,Subscription update,femke.dekker@dekker-wireless-consulting.example,txn_3PkaLF7iprp5tLhq3sFAWTmF,1782938671
ch_3jbRFpMTb2e1ZXyur85toDX7,pi_3tddmzcf68AXBw1KxayjOScK,in_1XUnRAtQnvUNrdC63sVnUGJQ,cus_4PkHooxs7irENl,100000,100000,0,eur,succeeded,1,0,,,card,mastercard,1835,8,2026,IT,Subscription update,alessandro.gallo@northwave-wireless.example,txn_3fEA8RR76xzOGbr4ExUiPh50,1782959447
ch_37tG9uZVpo58tI80HutKJOBL,pi_3b9qCR8eweyVyBohCMfViWRk,in_1ger1IGZf7Dbx3Q8ezgtgaYN,cus_8xV04ops9wO8wM,100000,100000,0,eur,succeeded,1,0,,,card,visa,7931,8,2028,US,Subscription creation,jason.brown@mailbox.example,txn_3btlKMTnMZwPuzLMVpBlQRhu,1783078681
ch_3VDkrk7lci2r9jaZ3Mo9fEf9,pi_3tOMw0DI2lan5mmwsE2oUqSR,in_1emlMi52HAz02FLhGlHZA3TR,cus_Nu09XPE6DDe2xu,59900,59900,0,eur,succeeded,1,0,,,card,visa,6759,12,2028,US,Subscription creation,kate.miller@brightlink-logistics.example,txn_3Ho7tqF3vCT2FaJfFNGVoTJl,1783091836
ch_3cOfvGIzHCzhjPjdePPtPFPy,pi_39TzN2Zq5cnOrELU3VN7ZCe7,in_14CQWsrxgEl9OoHNYwK90aFQ,cus_BIQ8Hw6YQP3SIA,100000,100000,0,eur,succeeded,1,0,,,card,mastercard,5317,2,2030,US,Subscription creation,paul.brown@brown-network-services.example,txn_3H8T0GEbQgt7Kz1qup1742KJ,1783095205
ch_3Xchoiv4GibIvmkLEtWKYUp7,pi_33Dk59j1zqQIvT8Ifx455O9M,in_1XWHgF2ubSSZnZSiyfDwwd82,cus_MD58RYasUAcRs6,100000,100000,0,eur,succeeded,1,0,,,card,visa,1485,11,2030,FI,Subscription creation,timo.jarvinen@blueport-rf-consulting.example,txn_3PX06kcKruQ3AM6UIR7Sb7v4,1783106778
ch_3ZlvXJ1KgJkXcDrvtCXQvJPq,pi_330gukRfOI90f0YRgUjzX2S4,in_1rpDhegngP3MEP0Ff9BOsAC4,cus_QzDAPxYzCOL5we,59900,59900,0,eur,succeeded,1,0,,,card,mastercard,9364,9,2026,CA,Subscription update,sarah.moore@moore-network-services.example,txn_3UZRsuva17b0oecYLckaeB7S,1783141255
ch_3B3IfAaHseT8OI0MENEMUOwn,pi_3bUR7cdhksiu9DSTNUVwpKXq,in_1O0XDkjr2ulKty1L6sp8M0Bt,cus_yJXtGcQabJl1DQ,299500,299500,0,eur,succeeded,1,0,,,card,visa,2028,9,2029,AU,Subscription creation,jessica.jackson@apexline-technology-group.example,txn_3HYfWQf06jQlqUle3ZE70pUV,1783240693
ch_339okhpTTkSVnf0qB92OnG61,pi_3rn02sImoO9CGM6o4olr3Bph,in_1niYG0C5hPCFgbq6pfQJvlrX,cus_Lj3TrqLqWjrpWv,100000,100000,0,eur,succeeded,1,0,,,card,visa,7006,10,2027,US,Subscription update,priya.white@balticgate-properties.example,txn_33DpSmF8jipBguO4xlbxpao5,1783249313
ch_3el7pzx0j3iKVT8pZAbb3QiK,pi_3HYM13C3Cbi2nWLS9Zj8XR6I,in_1YHSSlpsenld83fifOywqQ9a,cus_pTBtocucGjtRSR,200000,200000,0,eur,succeeded,1,0,,,card,visa,5221,9,2030,AU,Subscription creation,david.thomas@thomas-network-services.example,txn_3lWIhCMRyKv1W4RuaftoHNWn,1783367558
ch_33ERcUmg7YE7wZIbuPf7f6HD,pi_35vvgFM1CEBsQcUN3j1eBc0F,in_1siNIp4XqCPqb3w6iG1QQVQ0,cus_7YOaO6JGi7IkPC,59900,59900,0,eur,succeeded,1,0,,,card,visa,8930,2,2029,SE,Subscription creation,henrik.halvorsen@inbox.example,txn_3JK7TKJYGvRRUhHgvbChISwG,1783373726
ch_3PfpLhx6W9fWNeFXLsdqeIQX,pi_3Vq8W132glITCBJY8Wq3J18k,in_1kav32YQx5yvARo6dlS6AL6b,cus_jTvHPkKKRwFEyO,100000,100000,0,eur,succeeded,1,0,,,card,visa,8261,6,2028,DE,Subscription update,christian.zimmermann@crestpoint-wi-fi-solutions.example,txn_3XG6h4QodnyRpvIuejKDsdB0,1783411212
ch_3bUjA1jhNKZ9Wv9WxPN9OOAf,pi_3KoxsLSN5CoiFZxWW0WoM3xJ,in_1agV9H4ZbM0M8mFAsf4uXb5P,cus_9ynU4t63cxt9pE,59900,59900,0,eur,succeeded,1,0,,,card,visa,8356,12,2029,DE,Subscription update,jan.hartmann@granitebridge-wi-fi-solutions.example,txn_3LSAgrgaOHPwrjHVKmyjdbKx,1783447445
ch_3Ce4Z0FZGdcp1emRkJ8WXjtZ,pi_3FAo0puayx7cMIF6wnvamHi9,in_1HZAVQ7im7EiktpncpxImYX1,cus_dhnSKGOPxK4tfe,119800,119800,0,eur,succeeded,1,0,,,card,amex,2799,11,2027,US,Subscription update,matt.campbell@campbell-wireless-consulting.example,txn_3t1yDMvbH6b2BzKEORC3SwQE,1783450247
ch_3KXf8eHc3dTrmaMVtETA0DJg,pi_33OmbtMxdxh18mPTctZOK1c0,in_1WtfDcN2yPYnfc2oINUq0TMZ,cus_QBRhz5ViPRsY5t,100000,100000,0,eur,succeeded,1,0,,,card,mastercard,5745,12,2029,GB,Subscription creation,laura.davis@silverwave-hotels.example,txn_3P4ZbPn3QT3uTPWAEPH0grwm,1783470164
ch_3CKSe2JS3IQMe5hdX3l4UxmO,pi_3XxtMydcQ11FTLsLRUe0k4tR,in_1HeUuzjqWlHZQQxGbVXtMta7,cus_KS748idSz8MwqJ,59900,59900,0,eur,succeeded,1,0,,,card,visa,0334,1,2027,AT,Subscription creation,lukas.meyer@northstream-clinics.example,txn_36GDxxOYTyV1j2j4HEOKvyAO,1783486169
ch_32rmDH5nFq1KO6k1JCXqMEs1,pi_3l8NjR9lC2C8OpxsH1w1haT7,in_14w2W6JnN6JMX6vB2oYXkjbZ,cus_GZUMfL6dTyNfhk,100000,0,0,eur,failed,0,0,card_declined,Your card was declined.,card,amex,9725,10,2026,US,Subscription update,ahmed.williams@westport-rf-consulting.example,,1783488335
ch_3YE0Fsc99hufYSJALw3sAv9I,pi_3CR0JwBC0t0ukDyYP3O2TZri,in_1KD3gLSGdI3fuBhuZHN5Oqx7,cus_bJatms8AbNxiBE,100000,100000,0,eur,succeeded,1,0,,,card,mastercard,7503,1,2027,US,Subscription creation,olivia.turner@pinecore-foods.example,txn_3tTZuobEocIspKUmP56xBJWR,1783511591
py_3PxcMbEkafOYg8OCgQ77BEAE,pi_3XlUEW8jYTQNDeHMONx3EhK5,in_1iCbMXMTPxwqI4ITV5SGMB8Q,cus_7fN9oFykIhkrIq,119800,119800,0,eur,succeeded,1,0,,,bank_transfer,,,,,,Subscription update,raj.wilson@apexport-schools.example,txn_3N3B0Vk18LQPGJOWgzmZW2vg,1783526784
ch_3T1HMsu7qCkrirwBulHRHHo7,pi_37v16abPBdORrgHAGGQvGeMz,in_1SVqs0TH2JINACJECJ94eOhB,cus_RDtkdTudLQqpuG,100000,100000,0,eur,succeeded,1,0,,,card,visa,7343,8,2030,GB,Subscription creation,daniel.moore@deltaworks-rf-consulting.example,txn_3k4xYSxCgxsubFIzujp7JL5g,1783579665
ch_3bQMaZ15afEvc6tss7VXXcGZ,pi_3YzPCEwmvDKoqIvhPXd1qNEB,in_1nMEFHsfwuHLMPpWcxp2HuW3,cus_HtLdg9293dKJ1L,59900,59900,0,eur,succeeded,1,0,,,card,visa,0010,3,2029,US,Subscription creation,amanda.scott@graniteport-clinics.example,txn_3a8AYtyxcdhVgwekRQWkhrWq,1783605080
ch_3acxotMzj6MmYFC7LmdAaJwN,pi_3jdLItdTBc4I5rpy941NAaC7,in_1shwCwLzekVVKgsqvBDPv1Qt,cus_tfHPTtYeetHcFw,59900,59900,0,eur,succeeded,1,0,,,card,mastercard,3037,2,2030,US,Subscription creation,chris.phillips@vertexmark-warehousing.example,txn_3vfrF9E1zw45C9YC4EZFBCiV,1783605088
ch_3rmvGLzaEq9XVeSYV8N5b7cs,pi_3Vst8c74Gy5TtgKtmADBi19b,in_1d1aHdyYE0Ak7VjaDfWhu6Qw,cus_Z0PRdAOUPkW2HO,100000,100000,0,eur,succeeded,1,0,,,card,mastercard,5380,2,2029,US,Subscription update,brian.harris@signalport-technology-group.example,txn_31erb5iAFfs1EN6QauWvDoyx,1783608586
ch_3J0ioTx0e5dHA1KJyIibysmw,pi_3TPr1u6YEB6hY0xRGChUBoZR,in_1UfQZlybkG7YJZYZ3efZUfF9,cus_MrGzn2NIU7VdD2,100000,100000,0,eur,succeeded,1,0,,,card,amex,4561,12,2030,US,Subscription update,chris.jackson@clearbridge-foods.example,txn_3dXqdSVOI1QInpJ7qSFj6NDn,1783610863
ch_30eKnwpBIZNHt16SXKrWXWTl,pi_37vJDGcYYDvi2O39X09UALG7,in_1VIkhJqgdmaeBNN8twZsvEXo,cus_BUYyzUyic8fXib,119800,119800,0,eur,succeeded,1,0,,,card,visa,6234,3,2027,US,Subscription update,olivia.nguyen@graniteline-communications.example,txn_39gVKfqZa9YVLN72hx6RxWED,1783611965
ch_3g9evIsLLd47kpz8qE2VUvpK,pi_3PcOLJG0TWdD27azt215wcww,in_1DfpAngc8pfY8REvHRsjfsTN,cus_u5vahJHdDerR0c,59900,59900,0,eur,succeeded,1,0,,,card,visa,6120,12,2029,DK,Subscription creation,frida.andersson@balticport-logistics.example,txn_3cLDJBLPKtRr2jrPvz3oxPmJ,1783613932
ch_3YoxkRcql9C2NlfdiQbMz9Fi,pi_3ZhU1LiqYqMtPM9B8aDKTKOr,in_1iZTunWsC01Q4bpdmGl67VbV,cus_22rlYxG89A0Lr0,59900,59900,0,eur,succeeded,1,0,,,card,amex,0707,7,2028,US,Subscription creation,ryan.baker@deltapoint-rf-consulting.example,txn_3Ab5UsYJpuJTztAFz78WqAtm,1783667657
ch_3zYDUHPvUBpk4Na4zePvVeBR,pi_37lldyTgdMjgO4lKARSjHqSI,in_1Lu5rkvCunXx92XKtZsqJB5G,cus_peQKm0xjD2WtWe,119800,119800,0,eur,succeeded,1,0,,,card,amex,7121,10,2030,US,Subscription creation,tom.mitchell@atlascore-warehousing.example,txn_3Yyd5NPJA4swbHJvOCCLigtU,1783686435
ch_3Tw0kprbSlxBk4uCPqPZQmL2,pi_3mcdXfpYfeJlTDoOvaonUEVQ,in_1OkoA9JZCSDS9urTkoZoW7TJ,cus_dKluB5W2nBYNQ8,59900,59900,0,eur,succeeded,1,0,,,card,visa,3571,4,2028,FI,Subscription creation,laura.virtanen@deltalink-wi-fi-solutions.example,txn_35kRmKdZFGKRGDkn6bqvWFY9,1783688082
ch_3FXrgO5BAWSYd2jBMcPOG175,pi_35gUKFwRGSyzKhcw8UOTh5lZ,in_1QHHmszSMXSM7JaoM1ScTjIy,cus_SfcRScBn3v6ehf,100000,100000,0,eur,succeeded,1,0,,,card,mastercard,0850,11,2028,FI,Subscription creation,mikko.saarinen@apexstream-properties.example,txn_3r7UNfgmxAeToLSO5T07XJxO,1783691341
ch_3hsyTSuM5g70SPP367NAZhCj,pi_3mK6mYY8M651cM5APd45WTtn,in_1mOu2xYw67VLz9TWYSCcoDQJ,cus_zLo3Zm5glDOEbb,200000,200000,0,eur,succeeded,1,0,,,card,mastercard,5601,3,2030,US,Subscription creation,carlos.patel@polarbridge-wireless.example,txn_30q7vIvnwdNtKNbRN41FHao1,1783695921
ch_3KC46d5cBfhnGJ1NXuEZytzz,pi_3aDtYJeMHsLFwgVBpi7Sz1sR,in_17BDO2z60ORQgYCNwjLjJ5Jp,cus_qUM8W0t7Ea340s,119800,119800,0,eur,succeeded,1,0,,,card,mastercard,4684,10,2026,CA,Subscription update,olivia.nelson@signalworks-wi-fi-solutions.example,txn_3gseoIDj0IcMHRv8VuPVUpWL,1783700215
ch_3qncc5I51micQBfrQQVO1RNF,pi_3l8NjR9lC2C8OpxsH1w1haT7,in_14w2W6JnN6JMX6vB2oYXkjbZ,cus_GZUMfL6dTyNfhk,100000,100000,0,eur,succeeded,1,0,,,card,amex,9725,10,2026,US,Subscription update,ahmed.williams@westport-rf-consulting.example,txn_3z0bCi963frniHjEJBXzsJqA,1783747535
ch_32hmS5CqQ18dHfIkQNGyBKcE,pi_3tR8QUkKnDVKFyjgltn5kuo8,in_1bNh0QEPBpRfcFKGnw5EDlxI,cus_w6dStbZIqW9LCL,100000,100000,0,eur,succeeded,1,0,,,card,visa,4521,3,2029,DE,Subscription update,dirk.schmidt@lumenpath-communications.example,txn_3ts1EwAOn34NQlV5B2BWqxbK,1783754087
py_3DpYPopY0gc1S9BlxIK59RqJ,pi_3PG11aALtqvewu6D5J2VZQmk,in_1LZyeJWhkLM2Xjywq3PU2nuG,cus_GV3U4ldSBCco4N,179700,179700,0,eur,succeeded,1,0,,,bank_transfer,,,,,,Subscription update,mark.white@ironstream-partners.example,txn_3INHdtc6apN5cu6wlmpuWY45,1783771713
ch_3XH7PuDWioFWyNEiZARW2o9o,pi_3yxKUOtic0LUw31FnFZDGRX6,in_1WewsUeIJrtquhalHSnreJdK,cus_8jBnhBh1FBpJFp,200000,200000,0,eur,succeeded,1,0,,,card,mastercard,5054,12,2029,DE,Subscription creation,christian.neumann@novalink-networks.example,txn_3GsmWr2el55MPtQqfbhv3PCt,1784010040
ch_3zqJd0Rvtxpm5k4smFzIuzVB,pi_3xM1iR0wGWzQlGF6B6QV8cGX,in_1Ht9fC7MPAWjJRCyeQYBOsT2,cus_4dBapx1c6dDx4f,100000,100000,0,eur,succeeded,1,0,,,card,visa,1111,12,2026,CA,Subscription update,robert.patel@patel-wireless-consulting.example,txn_30ibNG453QyXfX62MT5mv1OH,1784020170
ch_3UVQJtMVdjaLLdwRSNqkN6pn,pi_3L5MwQ0Y3y7dLjlrQfEpcopB,in_1WRPnlEqrVVl5ypUCASsObjt,cus_081lkHSwMK5fQt,100000,0,0,eur,failed,0,0,expired_card,Your card has expired.,card,mastercard,0065,8,2025,ES,Subscription update,maria.moreno@moreno-network-services.example,,1784030150
ch_3MPzuiaSh8u6TLAXhLDyHCb6,pi_3bKbbx15CM9nBSaYmdv2w8lu,in_1b5p30Hu8T5z0u5i3fFk5mzo,cus_xI45KJ2pobJQ52,100000,100000,0,eur,succeeded,1,0,,,card,mastercard,4658,7,2027,NL,Subscription creation,sanne.bos@alpinelink-media.example,txn_3NUPJxToZq9PMIqhqQPn5qX8,1784046282
ch_3DqwhOZB5dgOo7JCG6osj6Vs,pi_3Mti5c5NYe9PT4MTloARFBBi,in_1aa2A5aw3vEUdlVozUwRGaOt,cus_ON5la0tE502pFf,119800,119800,0,eur,succeeded,1,0,,,card,visa,2573,8,2028,US,Subscription update,ben.white@signalwave-systems-integration.example,txn_3I8rVDu4EK9wIqmzFSaQyY8P,1784049081
ch_3JrnpWMatJVi0CaBmLOgNcoV,pi_3Fhwko3wOsgGHewyaiJdy8od,in_12YophUm9E4IERJQMpA8RvYl,cus_4lmpo6NDtanGRQ,100000,100000,0,eur,succeeded,1,0,,,card,visa,7469,6,2028,DK,Subscription update,nils.halvorsen@stonepath-wireless.example,txn_3fJCMDARpidHu9RLmY0bjnzA,1784103504
ch_3APzO2Q1C5RNLwM7EidP2VIh,pi_3Xb54KmWXsZ8vzqIN19IYMSB,in_1Pm2KSvlDW6kpLBg0GTrhwRw,cus_3zziIQ9WXKIViK,100000,100000,0,eur,succeeded,1,0,,,card,visa,1757,8,2027,US,Subscription creation,robert.taylor@taylor-wireless-consulting.example,txn_33G5vJtZBGyVLelJHfvVU9kX,1784103814
ch_3XjmNeKFWrCw2Envw7gczQfN,pi_3sql2XFkh2BsmIaXQrBNrN8d,in_1x2ozDyaNdNJRCl9dH7Pjddd,cus_LsrIHrrCuIW7Hf,59900,59900,0,eur,succeeded,1,0,,,card,mastercard,4042,2,2030,FR,Subscription creation,pierre.laurent@aurorapath-logistics.example,txn_32kaQqDUuBRF5IojW9idbTzf,1784116288
ch_3T4cz1hcWchN5Ua8cLRq21Fw,pi_3ZS5ChLnzvgijjpAoFoCDLhg,in_1mZc96Ril5gcJQQt3NLw6BhP,cus_c0LZHSLGfY0rqD,59900,59900,0,eur,succeeded,1,0,,,card,mastercard,8013,12,2027,GB,Subscription update,josh.thomas@cedarview-hotels.example,txn_38wLb4YRacxBHgsEemjLHsFt,1784116412
ch_3V36dyYQeLC1fhDOBWuPvpH4,pi_3dFrCEVzD36vu9wExiPgwJVm,in_188MDDe6LJFICEibbSmfEKJ3,cus_zy6HuKbAGlhYJ4,59900,59900,0,eur,succeeded,1,0,,,sepa_debit,,,,,,Subscription update,maria.navarro@nordicfield-communications.example,txn_3kFfbB63ZiAdQn75cysq8i0g,1784240881
ch_3UmSsS9HpWZIqvou7ZuuCndk,pi_3TN5puuy1lkLY6DrXTFoecmh,in_1jEpzfN1ApptsXfZLSmFm8mX,cus_7HVmVe85zbQwDa,100000,100000,0,eur,succeeded,1,0,,,sepa_debit,,,,,,Subscription creation,erik.dahl@dahl-network-services.example,txn_3TIBIaEPkwqm9Fs9zTV7Sphu,1784288473
py_3P1UMep4vKe1cUlgKj4wdLbN,pi_3ICLBmnvJqvkRIgBvRndwiRt,in_1bcR9WTMaEmFJBV2Bdic19b8,cus_6NaEy4mb0iSKRJ,299500,299500,0,eur,succeeded,1,0,,,bank_transfer,,,,,,Subscription creation,olivier.martin@summitline-it-solutions.example,txn_3QZjc1ONbtmME6CJlPlqIkug,1784291618
ch_3fanqH9wQt9u0y6R8s0PTOEC,pi_3L5MwQ0Y3y7dLjlrQfEpcopB,in_1WRPnlEqrVVl5ypUCASsObjt,cus_081lkHSwMK5fQt,100000,0,0,eur,failed,0,0,expired_card,Your card has expired.,card,mastercard,0065,8,2025,ES,Subscription update,maria.moreno@moreno-network-services.example,,1784292470
ch_3u5m5W3Jms28FxbOtSUG3HlF,pi_3dBsyOmw2F0SQ13FuZs0YnTA,in_19rrdOc6kA3Fms9pc7ncvUUD,cus_6B3FPc54TeKzs8,100000,100000,0,eur,succeeded,1,0,,,card,visa,8821,8,2028,NL,Subscription creation,niels.mulder@beaconpath-technology-group.example,txn_3gB3WrYmsFimqwOeNR6qPfI1,1784299191
ch_3PJm5g9bLH8JJQbNfTbMF6OK,pi_3JylCop5u0UM6RHizlGITmkT,in_1RNJLjY1W9wTjkKAh0ULtNNy,cus_pO5Cy7ICEJDPSP,100000,100000,0,eur,succeeded,1,0,,,card,visa,8570,10,2028,AU,Subscription creation,tom.mitchell@mitchell-wireless-consulting.example,txn_3qbeUtg1LQaGJbbJDGSzaUZV,1784305657
ch_3ujNdDUbmg3MPOeMZgraXfjb,pi_3qTLMgZjbbGAHwRaverFsWdB,in_1hPGK1eAMWUUAHSZGvQNiyqC,cus_x03B5JvJvPLGZ0,100000,0,0,eur,failed,0,0,expired_card,Your card has expired.,card,visa,4040,2,2026,US,Subscription update,josh.nguyen@apexpeak-technology-group.example,,1784380878
ch_3LYf4uuj4ksMdYD1vVJKY7Dr,pi_32mifBHBk60Er0peOrzqWrCF,in_1LeBmJiEgPQbXpeHUtiAkUpt,cus_so3CazbBOYNp9n,200000,200000,0,eur,succeeded,1,0,,,card,mastercard,1943,11,2028,AU,Subscription creation,jason.scott@bluebridge-technology-group.example,txn_3bfL354ALWXMDnJgLNFeVR6y,1784465400
ch_34oGPD3WaQTm5b1TPkYKfezy,pi_3uMVlTyfnfq577uoqcfn5XQ6,in_1ieLhBrU9nZl2L8uUE6lUtAi,cus_uUe3cvFZUoWMk4,100000,100000,0,eur,succeeded,1,0,,,card,mastercard,7820,12,2029,GB,Subscription creation,chris.williams@williams-network-services.example,txn_3jKlZjv3LW1ux0vF2PIlmQlm,1784471901
ch_3jSY3G703c53MLoBJsslzr07,pi_3VxNz3C8hKhKi3iFemkfR8ii,in_1KmmygP4g2M7cHzTUH5As7nO,cus_hl5Y5qZQveZ1gp,59900,59900,0,eur,succeeded,1,0,,,card,visa,7216,7,2027,GB,Subscription update,olivia.nelson@polarwave-retail-group.example,txn_3KvPihU5GMmc63gMwTE6Eoyy,1784562012
py_3UjfpGfvzWAzyANYjdpsRIV4,pi_3nbdwuB9qqAeoLTThUMSwiZk,in_17f9ZPDTDXlWsTmGsGpDf4Ph,cus_C5j0Kproh0V5I8,22000000,22000000,0,eur,succeeded,1,0,,,bank_transfer,,,,,,Subscription creation,accounts.payable@northgate-retail-holdings-plc.example,txn_3iWnIV4hlnHvqvgzTH3mDk3g,1784625190
ch_37KXZVoUrIFZ5IVvZBvFLayn,pi_31R0BdsFNbPInjmxTy7HCd08,in_1KJ0TgAnYNFL4HUOWRyVgt1S,cus_wThNXmlATd7Mc1,100000,100000,0,eur,succeeded,1,0,,,card,visa,9684,4,2028,FR,Subscription update,claire.martin@clearpath-rf-consulting.example,txn_3JDFfGomnP36RJeyw3WggjgO,1784633546
ch_3NLszIhse98eoBb5LwmMPEwU,pi_3qTLMgZjbbGAHwRaverFsWdB,in_1hPGK1eAMWUUAHSZGvQNiyqC,cus_x03B5JvJvPLGZ0,100000,100000,0,eur,succeeded,1,0,,,card,visa,7996,6,2028,US,Subscription update,josh.nguyen@apexpeak-technology-group.example,txn_3g2mjZYe2cdNFE5KkZoUIYKC,1784645238
ch_3cmAc1hckFM6Km80OTPJFwP9,pi_3S9BB4F9kPuuuCsckjSKl4gQ,in_1yz3tCNQZWd85HAYYoaT7RXa,cus_Ao2sp4MU8I8Hwm,100000,100000,0,eur,succeeded,1,0,,,card,amex,8275,1,2029,FI,Subscription update,ville.niemi@balticlink-wi-fi-solutions.example,txn_3Gs6EmUKSGQ7zGp5ZfhYHIfk,1784675233
ch_3JqRGJ8hcYaCUmo2fGEDzN8a,pi_3L5MwQ0Y3y7dLjlrQfEpcopB,in_1WRPnlEqrVVl5ypUCASsObjt,cus_081lkHSwMK5fQt,100000,100000,0,eur,succeeded,1,0,,,card,mastercard,7091,12,2028,ES,Subscription update,maria.moreno@moreno-network-services.example,txn_3KNGXHoFf29lzO2eavtgb7te,1784724230
ch_3nxNzyYjfkqoRzY6NyU9jKhm,pi_3hsUMDs3lm5LNrdttnNy7HbB,in_1agKTW6JSCtx9W2CvVLpZsz6,cus_mRATL2dgwtk4u0,59900,59900,0,eur,succeeded,1,0,,,card,visa,3130,3,2030,SE,Subscription creation,mikkel.pedersen@vertexwave-partners.example,txn_3vDsjb5vboRqAlpLDRRthx1n,1784757701
ch_3HWNZp1dZsbfNvQZuvSOA7TJ,pi_3CsegLMNUsLJvNJwcUcXYkjc,in_1MYJwVPkcN2d9W1ep77Lb7Sz,cus_iGLy3Mf3Kn4Jil,59900,59900,0,eur,succeeded,1,0,,,card,mastercard,9117,10,2030,GB,Subscription creation,laura.phillips@pinefield-wi-fi-solutions.example,txn_31e78wqm5Z2a27Xxx0sTuxmk,1784794404
ch_3Gk3IzPLSNwmjEwvLeiuh4f5,pi_3v8JONMkrVQTCNZRGterzFhO,in_1DSj30hGBZBDeN8F1rBt0nr9,cus_7QUjGcufpSjsGe,200000,200000,0,eur,succeeded,1,0,,,card,mastercard,8953,1,2027,CH,Subscription update,julia.schneider@atlaswave-hotels.example,txn_3F26IQlb6tBOxLQVSqKZHnWM,1784796149
ch_3aunNsCcmBTo10KCLqJzJC5v,pi_3IeVd8Y1oLRJuCjAllReLlF3,in_1JcAolAx3RWWMEuuJMp5WBQa,cus_FsO1JXie6bu0De,59900,59900,0,eur,succeeded,1,0,,,sepa_debit,,,,,,Subscription creation,marco.romano@summitport-schools.example,txn_3R6SAWIqIq31IRYcomddTFsq,1784810280
ch_3QgzOpYghAdZBRwD2x5cp2oD,pi_32zeOOLFTjJpFkS8O2zo1TMC,in_1wJQZIYLwuRPDzqlr9nWlSQ2,cus_t0N8WHtROm9EB6,200000,200000,0,eur,succeeded,1,0,,,card,mastercard,3739,4,2030,AU,Subscription creation,priya.nelson@northpeak-rf-consulting.example,txn_3TpajF60qT14jdKxKNdkPJeQ,1784865907
ch_3Nlp5ReTd31dogGyvdOe26Vv,pi_3YItmvgq2B30tmhVOedQ1fBu,in_1mSexlME0cnLyskKkBpx1Jmk,cus_Ew8GyeHturTG34,119800,119800,0,eur,succeeded,1,0,,,card,mastercard,3908,7,2028,US,Subscription creation,david.young@vertexmark-industries.example,txn_3aiWDHq4A9T4xH9PoHS3i136,1784886711
ch_3OBeIEyDqN2NZRsOpGO4IlKd,pi_34SiAahpEp6NQB483mpDJbgJ,in_1mBEtAGtxGMmGNohndKEOjgI,cus_ApypBzDgLc30lC,200000,200000,0,eur,succeeded,1,0,,,card,mastercard,1583,1,2029,US,Subscription creation,ben.baker@clearbridge-clinics.example,txn_3aFV7KaDMC3tTAy75dc5V50a,1784889264
ch_3Zi6A7tHjGwgFPupBUNJOMb3,pi_3BUKa88v7F56YVvcnjFkgciq,in_1jp9BcjXehS1Ux82ZT75HFMs,cus_jZERX0U2OpDDtS,100000,100000,0,eur,succeeded,1,0,,,card,mastercard,0064,4,2028,FI,Subscription creation,laura.heinonen@mailbox.example,txn_3wlohZyOoWqaM4FIYspxvf8l,1784924170
ch_3QkLrQJsz05XpRWHdwKXzWxL,pi_327Jcrk5cuZPBBzN2514qOF6,in_1nwRStzBZu38wxOx8Vi047JN,cus_zwfIUCyvyi0T4P,100000,100000,0,eur,succeeded,1,0,,,card,amex,1561,2,2027,US,Subscription update,brian.nelson@harborfield-networks.example,txn_3tmRTyho59LA90rdwb6H4SP9,1784981172
ch_3HVGbDuF9oXv8PoanbTaZIVM,pi_3sDEYKw0E4uIDk9z0sexndNm,in_1a3tMvV5SbEAkl25hi8vGlDW,cus_hGBK02A0FPMH2Y,100000,100000,0,eur,succeeded,1,0,,,card,amex,0139,4,2028,US,Subscription update,david.roberts@aurorabridge-rf-consulting.example,txn_34wyIR8tRJofmL690tHK03Up,1784989887
ch_3C17Sl6JQbXq887d5TVDSiJ2,pi_35WERvWCUVSUpS2NODmjIHUS,in_12nzHhrjyV9AlRh505pW0FLn,cus_TtnVUMZvaDhemA,100000,100000,0,eur,succeeded,1,0,,,card,visa,0235,11,2028,US,Subscription update,ahmed.clark@clark-network-services.example,txn_3ZrzvH5zUNEsQzpjH4KdCJad,1785083933
ch_3mnA9KICGnEG0TYBweZWjIe9,pi_3C5mlw3t9PKw1oiA9Y4ZpumQ,in_1q2NROOiBPfg9Zuy3RNaIN6u,cus_W7jDuNX4F7cz0D,59900,59900,0,eur,succeeded,1,0,,,card,visa,4907,5,2029,US,Subscription update,nicole.martin@novagate-rf-consulting.example,txn_3NgBTkLhtkQbmn6FHuiIPuqW,1785128792
ch_3oemFQof5p5JS7XWPb8u2Lfl,pi_3nMdhMZoV0cqyRxuqLE7JcV7,in_1Wch6wfgIQ2RzfUYU7cjnIHW,cus_mjj9OrVzfoOenq,100000,100000,0,eur,succeeded,1,0,,,card,visa,6738,11,2027,US,Subscription creation,michael.brown@westgate-wireless.example,txn_3sSjx7tHmx8RqHlshHkWrAzo,1785137992
ch_3d3rsAAFA0ivSyJnvDZ9xdBw,pi_3ilZ62CNuspeIyPnxCtdOS0f,in_1BrnZVVuKZqZSrqWBeTGfYTE,cus_VD8mjjKUT5Fl5m,100000,100000,0,eur,succeeded,1,0,,,card,visa,2271,7,2028,US,Subscription update,paul.mitchell@lumenbridge-rf-consulting.example,txn_3KOQYKA8Ys1HXHr1LnWSPPwk,1785152951
ch_3m2qFFQ7v53QBYLqB6vi3YOa,pi_3GX2lxsby00V86UwJNUS5wvQ,in_15AI749mbBqmTw1xNCneiB4L,cus_FpiD40BuxcaVKb,100000,100000,0,eur,succeeded,1,0,,,card,mastercard,6498,2,2027,US,Subscription update,megan.young@silvergate-networks.example,txn_3ZReoq4acBOlXZ4SlwqFQhme,1785154309
ch_3gfTHnsqSANOd3ATom6DdSfj,pi_3qc0Dv0kA8HgD23Ygx2qYUwU,in_1rmw48gPvG95DegyIcrdhZ2D,cus_5Z08PXl3AZPXBN,59900,59900,0,eur,succeeded,1,0,,,card,visa,1095,10,2029,DE,Subscription creation,uwe.koch@signalpath-wireless.example,txn_3Fq8el5hI8jthtk2AYaFST4Z,1785175662
ch_3kH29yRFncaepZWpJtgvyTD6,pi_3LLOihOE0hywgXYIda3iFeno,in_1uibziGaeBckEsFMjEjvUTSG,cus_o8XB84f4iyVzWo,59900,59900,0,eur,succeeded,1,0,,,card,mastercard,3354,10,2030,CA,Subscription creation,sarah.kelly@northlink-networks.example,txn_313KFDXztKVnLLf6ZYlc8MhM,1785231953
ch_3edHvVdXslQ0wMfmmOHU8vXi,pi_3RP6JnUQPXowZYLuveDNpVG0,in_1LKmAXUKUC1E0xw7qNySx7LE,cus_JTM533sJC9wzXa,100000,100000,0,eur,succeeded,1,0,,,card,visa,6293,4,2028,AU,Subscription creation,chris.carter2@carter-network-services.example,txn_3Bwhg75q4x8csxSGLTkaguec,1785236489
ch_3qV6RrcFTeF65VX3S73xJ5Ur,pi_3UPwtW8ZiQC50WQ7XeJZIr1K,in_12Nn6gU4b8edWpvPsjrT7FhT,cus_5RlNgijHQMcOel,100000,100000,0,eur,succeeded,1,0,,,card,visa,0640,2,2029,NL,Subscription creation,daan.vos@maplebridge-rf-consulting.example,txn_3eshJ9gajQKnjRyklkmbb4Jd,1785317004
ch_33wN1GnO8U3uYhMuORKTrmve,pi_3cH6pEQJf2E27vgn7gwzkria,in_12C3lNaQ3W72yxpCYarY6R7k,cus_XeoUXlFt7BVUWi,59900,0,0,eur,failed,0,0,expired_card,Your card has expired.,card,mastercard,3325,2,2026,DE,Subscription update,andreas.schmidt@ironlink-schools.example,,1785321344
ch_3tmJ0VI69qQ6nt0CuLhxOPr8,pi_3J19U0vrRfejbCnD2oyRuzYJ,in_1079K301pjoV2eWxvWJm7RsO,cus_FweQBOr2CDOdry,200000,200000,0,eur,succeeded,1,0,,,card,visa,1488,7,2029,DE,Subscription update,jan.wolf@postbox.example,txn_3L9TzmuG0G5lsBut5ggTfz2X,1785327267
ch_3ZHCh7iTgUWSxk4P4qWrBoC9,pi_3tTWOnNJdFCWczjTWQ3BtBti,in_1l9whi2ogtOgVJc1tjRgJv4J,cus_rqYL3RLnORXiNJ,59900,59900,0,eur,succeeded,1,0,,,card,visa,7887,12,2028,DE,Subscription creation,thomas.becker@inbox.example,txn_3sYYBpEjQb2HnUElbl2vbMnU,1785336060
ch_3NFd4fOOifMIOzmhXoL912FL,pi_3r3t2BTezxjsiWqDErNL42VB,in_1JlYUUyWUjkPE6AifdYtPs4O,cus_AgnaN9NZYfUTH3,299500,299500,0,eur,succeeded,1,0,,,card,visa,9566,6,2029,FR,Subscription update,maxime.rousseau@northcore-systems-integration.example,txn_3NzxGzKjEAzbXbdLm2KrmI5z,1785344228
ch_3m1BITJJl1t3z0ahgxGUyfkU,pi_3GDgigD3hb6oYUNuOtSI4sLc,in_1QGmEMVtUFeYvKYCKZEtFz9c,cus_1xxKZyi75lWETr,59900,59900,0,eur,succeeded,1,0,,,card,visa,9803,11,2028,US,Subscription creation,mark.wilson@signalworks-wireless.example,txn_3ZZNIc6ePgLoXEgO3WQiLm1n,1785498219
ch_3zK5v2tPWUHo2mLpIRKyQs2Q,pi_3cH6pEQJf2E27vgn7gwzkria,in_12C3lNaQ3W72yxpCYarY6R7k,cus_XeoUXlFt7BVUWi,59900,59900,0,eur,succeeded,1,0,,,card,mastercard,4806,8,2030,DE,Subscription update,andreas.schmidt@ironlink-schools.example,txn_3VHp0ZCL9phTW7z4CpFcBx2z,1785581444
ch_3gPsJxlhjUmM83PERyVqF7P6,pi_3UvfHbiedILsHIsKWbx1Tx4Q,in_1khAIzrvZj75LT4UQ62GdoXf,cus_V10K6QDJI2mrcA,119800,119800,0,eur,succeeded,1,0,,,card,visa,9508,10,2027,SE,Subscription update,frida.madsen@vertexview-construction.example,txn_3iVnalYsiouAUUubZUlcXWUA,1785595663
ch_3pE6LBlXFB80O0XWbNXkgIZJ,pi_3Pu1bHwfTcSxxclTbZvEY30m,in_1yrTXeHGE3kN6iLWOm89oT9X,cus_1Br5p1noeQzzNJ,100000,100000,0,eur,succeeded,1,0,,,card,visa,0346,11,2028,US,Subscription update,ben.moore@silverworks-rf-consulting.example,txn_3oxYIh66mL0R0jL0mnzVIjcj,1785745801
ch_3fK408EGvtVHEQeKSWFqm2Uq,pi_3AfNcS9HyYhCmJz3bQAYfUMX,in_1U7tYHOWfecIzkCaxpTUwpLw,cus_H8FtIwu6Q1mSVu,59900,59900,0,eur,succeeded,1,0,,,card,visa,4729,9,2029,SE,Subscription creation,mikkel.olsen@westview-warehousing.example,txn_33O9PAFMDmMU39hpxBtrZ4EP,1785748251
ch_3XGuOYXFapYq5VCC1Ah8QB3B,pi_3MrKw5oIPyKKzgGWjpJkSdXd,in_1I7OvqjxT5bxxiPvqYuI0Ert,cus_r7TOX6e8v3Jqbo,59900,59900,0,eur,succeeded,1,0,,,card,visa,8153,1,2027,AT,Subscription creation,michael.richter@harborgate-wireless.example,txn_32fPEr8SpCCXBdHCPgy4UpLM,1785756928
ch_3AkaEZCgGjGuLk6ykOx7W2Tg,pi_3kGcJw13bIqNkcFnQDxCJGVx,in_1DpaXU852YyJpFBhMOT5Bxbv,cus_zpMNbosRFPcAah,100000,100000,0,eur,succeeded,1,0,,,card,visa,4417,4,2028,US,Subscription creation,sarah.lee@auroramark-communications.example,txn_32Cptqz7isgxx9S53VNdRgAx,1785791877
ch_3VduYJBSbZX9loUryDMauvEw,pi_3Q3W8HSQJt9jJrZRghhBsT2c,in_1YBR35fvdtBccOOiza5LUYok,cus_L1hKx1yQPx1PA4,100000,100000,0,eur,succeeded,1,0,,,card,visa,2638,7,2029,CA,Subscription update,james.moore@moore-network-services.example,txn_3sWvzBmcMLgYJYtZtNyjm1OE,1785834096
ch_3llnPybZvifBGJxZTx47wQx5,pi_3qUAd54mgtQBOhWUhUVK8obf,in_1IVfPSaoDouNJe6mhE3uWe87,cus_SIhqim3inEJLbZ,59900,59900,0,eur,succeeded,1,0,,,card,mastercard,3480,1,2030,AT,Subscription creation,lena.richter@stonepath-foods.example,txn_3ShbqoRT7LnqjDcEYv7SAEaF,1785836946
ch_32G5fTCBl0tXQHnBv0dLs5NH,pi_3olZaQFUnBr9zTOZWMWXXHpW,in_11hgarUR7kM7SFahKzO5EUrk,cus_sjWtufXShxHYkf,59900,59900,0,eur,succeeded,1,0,,,card,visa,2974,3,2027,FI,Subscription update,antti.korhonen@korhonen-network-services.example,txn_3h5y1tSFOj1ucDRNxJkQOvNr,1785841906
ch_37msChqUWCy5VAumIbmt46kE,pi_3cWTtdLW4pwv9oSgQJsFqEEw,in_1UM0lZwGitLsDPVVuWcLMgyL,cus_TH9NR5h8NVGixi,100000,100000,0,eur,succeeded,1,0,,,card,mastercard,8515,8,2027,US,Subscription update,ben.lewis@alpinebridge-communications.example,txn_3V2amJF84OLzwoMK2N1oD72A,1785852567
ch_319Cd8nMv6kDDzV4X1hSAFzT,pi_3k1kqdkC3g6rR4oosNl97F4D,in_1gJXp5V9lh5o6pGf8Luweil3,cus_Cdt2jeEatpMzXx,200000,200000,0,eur,succeeded,1,0,,,card,visa,4616,11,2028,DK,Subscription creation,mikkel.andersson@greenview-logistics.example,txn_39CYo0sFGRT9GgmeafzVXl37,1785861305
ch_3rNdOPnBdGagKPEiEPZh4SHO,pi_3DYYs1P1auEDD7YCozfXMFZk,in_1KJsPzbhwLIL0aN1BiDiudUK,cus_wV38gCNy5Tu6Em,59900,59900,0,eur,succeeded,1,0,,,card,mastercard,9697,7,2030,CA,Subscription creation,matt.smith@nordicwave-industries.example,txn_3DMrKoKGgEpah18YT5iwvzAn,1785927708
ch_3CLspsgblbRy2bTgfjYWGw5E,pi_3es6hxBumowCqqTXcVVG0Oko,in_1rszQzRnkc5oOX6wDMrno2Ml,cus_zlsZfYyOkE0ek5,100000,100000,0,eur,succeeded,1,0,,,card,visa,3846,8,2026,SE,Subscription update,bjorn.larsson@larsson-network-services.example,txn_3VQlE7zl820VpkWJphlPznKP,1785933603
ch_3Or1rOBzoIFi2n0hZ7o3iUMd,pi_3ket9dzy8sXcyHOROtCjFGek,in_1uy8wkRur1j04kMVE4liZmVq,cus_pHoRxpXmneLgBg,100000,100000,0,eur,succeeded,1,0,,,card,visa,8151,4,2027,SE,Subscription update,soren.sorensen@sorensen-network-services.example,txn_3giiTpTwEQqEPwwAxAHtH5QN,1785943359
ch_38w9PUJCIKZIoupxDU9hn77w,pi_3sggQ0gwElyyflQuLh4tk8Jb,in_1pkd9Yv1pCiEOhHEhanjvIjV,cus_m5p7yKkEAAmnkn,200000,200000,0,eur,succeeded,1,0,,,card,visa,1685,9,2030,NL,Subscription creation,bas.dejong@summitworks-networks.example,txn_3Bg556LK7uLLvdolYKVrDerj,1785947790
ch_3VP0eAVrAfBMTOsYDCFZBZ8I,pi_3RPn3VPkIdkZJDCre8chYXsp,in_1HPZTae8mr9syIcVki4WT6ow,cus_SRpd7BhEeslQeM,100000,100000,0,eur,succeeded,1,0,,,card,mastercard,4616,1,2027,US,Subscription creation,eric.parker@nordicwave-construction.example,txn_3QWzwNmtCkcrGxmshN2qVVdR,1785955395
ch_3J1s7MhKsBUnElaFEmkkqLCU,pi_3Iz6yXig7EKbYytE9Jp7he49,in_10FSm6yzdX0eduQv6hVk8fdw,cus_57pWztfwVwBLrr,100000,100000,0,eur,succeeded,1,0,,,card,mastercard,4634,12,2028,GB,Subscription update,chris.collins@clearpeak-wi-fi-solutions.example,txn_3a7L5vwE0Xp4WbudAZol6pCF,1786025840
ch_38L9HGD6UGntCe4Wo3YowPSS,pi_3YLS2y23LpZWs9vZH6anQFBm,in_1CZF6oEUJ6s4SVF75bq1OMu9,cus_8luI3aiGRhZErH,100000,100000,0,eur,succeeded,1,0,,,card,visa,6114,5,2027,DE,Subscription update,stefan.braun@northworks-systems-integration.example,txn_30nS9JR7rdOnBlQZlXNBTo1d,1786079454
ch_3TrgltWh8CQSN5x9OX9wiKb3,pi_39eOHOonJo2wci6M3KbSybnk,in_16crZDaIFFTucfGEfJXWMGk2,cus_EEPXR8gc2icm7R,100000,100000,0,eur,succeeded,1,0,,,card,mastercard,0252,7,2028,DE,Subscription creation,lena.hartmann@beacongate-rf-consulting.example,txn_3sFs5K5PTepcT9mvZOIXYiTp,1786087191
ch_3aActPfr8GjlR2xJOCvjBhwr,pi_3VVqkbErWug7YQ9NxiWppTsc,in_1r611EZXzRPuar6t4fTP1bxL,cus_aGOsX3rwPRdIJV,300000,0,0,eur,failed,0,0,expired_card,Your card has expired.,card,visa,7845,6,2026,FI,Subscription update,sami.ahonen@mailbox.example,,1786104738
ch_3guIrbSqtXWZHJOxPDLDRPSu,pi_3lk9oCc8f73ZoYX3jSCWHJxA,in_1LCXxUVVL2v1eEF1m4KYvLZX,cus_evhUZe5CQvyeDn,59900,59900,0,eur,succeeded,1,0,,,card,visa,2204,7,2030,SE,Subscription creation,frida.nilsson@nilsson-wireless-consulting.example,txn_3SVcozswTmE8wXM4jNNlMkdB,1786114093
ch_346Z4toUKF4OqNrNPTunoivy,pi_3HismRt7vDaXDaXCX8WL6zMr,in_1QwdMSFUS6BWYQNH6BDnzWWw,cus_a5y3L8adwvLfvd,59900,59900,0,eur,succeeded,1,0,,,card,amex,3397,1,2027,US,Subscription update,robert.campbell@westline-wi-fi-solutions.example,txn_3wTM5ExevM2YyJrWAI1XnIN4,1786176744
ch_3enXqNYSCuB09E94EPe2UGeD,pi_3pgUZeKGav8dpB1DwRXiTMT1,in_1aJCP23zD7ws6NvDJtcuiZOA,cus_efw0WAnU82fZPD,59900,59900,0,eur,succeeded,1,0,,,card,mastercard,6916,2,2028,DK,Subscription update,rasmus.jensen@polarport-wireless.example,txn_33dyhsEpMels5Zl2tTFDlVrL,1786190245
py_3BM4K9U00HoIzg0PzADBxBWn,pi_3ektV2kT4Hs3aUuTtwEDT295,in_1wOgxOgn6OwUH7ywwHsnnUUs,cus_HPS9YUfdlcYqdR,200000,200000,0,eur,succeeded,1,0,,,bank_transfer,,,,,,Subscription creation,katja.turunen@cedarwave-networks.example,txn_3WA2f1nuviGhocnU8baZwovW,1786197828
ch_3zKMCS024FgwFTDwXPpvChON,pi_33yvUDo98JYfeKtAXfJJWR13,in_1YEHIZSUHgxJcCAk9nNZ6WF3,cus_xmDjCT9AHjdUdS,100000,100000,0,eur,succeeded,1,0,,,card,amex,9039,5,2029,US,Subscription update,james.turner@westline-wi-fi-solutions.example,txn_3L9qYqcWmy9F3AXq6plFyApF,1786241222
ch_3ev7M8P4MHR0uKheMi8aq8AV,pi_3H648FIrirL6OQzXDPeO9TUm,in_1sa3Sv6irQdOhmtrrEMDg4wA,cus_sIWfcrjb3WXWsl,59900,59900,0,eur,succeeded,1,0,,,card,amex,3673,9,2029,US,Subscription creation,sarah.hall@harborgate-clinics.example,txn_34i7qk3M9Xh17LZQxp7iepDi,1786352985
ch_3g429DC1k9lv9IjT9X8BPOgH,pi_3VVqkbErWug7YQ9NxiWppTsc,in_1r611EZXzRPuar6t4fTP1bxL,cus_aGOsX3rwPRdIJV,300000,0,0,eur,failed,0,0,expired_card,Your card has expired.,card,visa,7845,6,2026,FI,Subscription update,sami.ahonen@mailbox.example,,1786368798
ch_3vAJ0L6OqFtgzMmROUSfzJZw,pi_3GSSImyCMHTp0943Q5MXSh73,in_1ykSw18ZAg0PhfGSlJ29Kp9y,cus_07fYHfDBnOTkUv,119800,119800,0,eur,succeeded,1,0,,,card,mastercard,7636,2,2028,NL,Subscription update,niels.bos@bos-wireless-consulting.example,txn_3TBfMSllP0ysWul7JI0FhdWR,1786450572
ch_3DFY1eHsjMGvP0HNv66mxAuN,pi_3Wg8SOkDWh1cdjnGY7IcRZyb,in_1WI4lOp6JB1lgcOlQkz5fUQV,cus_xHgKtU9SOhIC68,100000,100000,0,eur,succeeded,1,0,,,card,visa,8594,11,2029,FR,Subscription update,olivier.dubois@dubois-network-services.example,txn_3gQLg3oxxFhsMzHopYeSIwFx,1786451844
ch_39EvPY9C5ssiNJZUncTnbf6r,pi_38QsjCudkJPNvQYLdwsALOwn,in_1HH4nXNW3x5jpF0DW9isKZM2,cus_AeZuS2zKlh4WhO,100000,100000,0,eur,succeeded,1,0,,,card,visa,4787,11,2028,US,Subscription update,ben.williams@westmark-wireless-engineering.example,txn_3gXXcinL9a9xjz3zyMbK8FP8,1786514938
ch_3egTwg8S7RsalVVQWuazgsaG,pi_30CCFLCPHf9rAem5fSJ4qWCR,in_1g71v8lFbNX7wcjP5XbvGiIP,cus_901omTzOzBWPus,300000,300000,0,eur,succeeded,1,0,,,card,visa,6401,4,2029,CH,Subscription creation,sabine.schmidt@beaconworks-properties.example,txn_3jZOFI6905mw5AhZ8IhALWVn,1786517969
ch_3hzkATlyQvZ5krEmg2s1mMdj,pi_37JnL91awRc48aN28kWobh6r,in_1bO27nkkOuomzZQiILaN3cc2,cus_JifHdobXtNQslI,100000,100000,0,eur,succeeded,1,0,,,card,mastercard,9674,10,2026,IT,Subscription update,simone.romano@northgate-construction.example,txn_3hNl6Na0UUb2Ff6sABJs0tYc,1786529092
ch_3sox7To55VpdJdYiGVd2c1xm,pi_3dGY7JOD74F4oGLlQbMiIIdJ,in_1gX34higvNjMS4DtcsV2E1tz,cus_KrVHDvDMZjXk1N,100000,100000,0,eur,succeeded,1,0,,,sepa_debit,,,,,,Subscription creation,erik.halvorsen@halvorsen-wireless-consulting.example,txn_3UJqUuxyfxqgvuU9tcBIaNgM,1786535400
ch_3Q1S98CVWqr2gL9zNG3XDu4R,pi_3AZYzhWv2H4c4i2ZTrMsI5ml,in_1D50p4CO218WTGyM3KR3rc4P,cus_TkfrLL8rcOyQFi,100000,100000,0,eur,succeeded,1,0,,,card,visa,9879,8,2028,ES,Subscription update,marta.navarro@signalview-networks.example,txn_36BFltke9yaKvK5WBuT6Tgqe,1786548399
ch_3Wtf7HW67qGwOidBd4QHdq5x,pi_3wOfQIagXcEc9JX3c9wcolsQ,in_15bd3Tqw5gaM0WRqyquRW6Fu,cus_bCCuWNhnqzEFDq,100000,100000,100000,eur,succeeded,1,1,,,card,mastercard,9294,7,2029,US,Subscription creation,sarah.white@beaconcore-networks.example,txn_3ZFICJEru9w6wrrUzLo42e4Q,1786619378
ch_32qZE5qtxoLaiRRXWPoOTUGu,pi_3e4VtLDI3q9iwJEbGeV0gVpY,in_1Pa5UyVEAOjNYsegF5JHfBaI,cus_jAPU0EFwQ80gKV,100000,100000,0,eur,succeeded,1,0,,,card,visa,9865,1,2029,SE,Subscription creation,johan.lindqvist@silverstream-wireless-engineering.example,txn_3Oe7bdhzFnWjD1Vd2QQHDehx,1786659639
ch_3LFa74roZ8gMta3sX4NbuRrK,pi_3iLbeqt3cIPKVQI9Leub4XAV,in_1vZsR2hzlqCkX0DABwkXH3Ll,cus_rYV5nsfoDdd2Vy,100000,100000,0,eur,succeeded,1,0,,,card,amex,8739,10,2027,US,Subscription update,tom.young@clearlink-networks.example,txn_3Fsn6LFwmxMsmnuVOUpxbfKh,1786707260
ch_3g1Swjoxfv0edoqkOS5Amq1J,pi_3xDJpk75GaxmwPP12wOjt6FH,in_13NPLuvxNcecbab4GMpqce1a,cus_THZBmSkDoePosI,100000,100000,0,eur,succeeded,1,0,,,card,mastercard,8437,9,2027,SE,Subscription update,sara.berg@brightlink-networks.example,txn_3WTwhiFME2SaUokltSDD1GCq,1786766616
ch_3yhwEGuo7zDGx1nzGO1nDRKy,pi_3VVqkbErWug7YQ9NxiWppTsc,in_1r611EZXzRPuar6t4fTP1bxL,cus_aGOsX3rwPRdIJV,300000,300000,0,eur,succeeded,1,0,,,card,visa,4501,10,2029,FI,Subscription update,sami.ahonen@mailbox.example,txn_3K9WLNI117SdjXtl7geuv3Aa,1786798578
ch_3nErqp9B9pPQ0ZxtJYt1t72U,pi_3QuMtDPJV43AMSR4BHqhdSJo,in_1KztBWNGDfgcfUn1Sd9MLkNF,cus_uPXRKpZhe5GoRG,200000,200000,0,eur,succeeded,1,0,,,card,visa,3864,4,2028,US,Subscription update,emily.taylor@greenpoint-wireless-engineering.example,txn_3s6TBH4JsogUDbNovY4iobtS,1786799844
ch_3z4qN3BCKyzA0F9CgQiXVQpy,pi_34WAcQoG0QV8Hspbu9ojKFd7,in_1aK9951EVFownyti5qpAttw1,cus_nAZNh1i2zLbcmR,100000,100000,0,eur,succeeded,1,0,,,sepa_debit,,,,,,Subscription update,sanne.bos@signalpath-media.example,txn_3iBjDjmbIzbS7MVrrdFm5xEc,1786809760
ch_3XslKYUoWLo1C9tO2iYnu1Da,pi_3uTpLfut2BfIstGT6xT0mdsw,in_1pX0Dknx6VnpEKEl3O7B3nqT,cus_T8N5BaDRturkGl,100000,100000,0,eur,succeeded,1,0,,,card,visa,3229,1,2028,BE,Subscription creation,maarten.jansen@jansen-wireless-consulting.example,txn_3seO9U3DRy01WUhINkzn5Nor,1786860408
ch_3YSaxZQUxkTs3ktIracKPAmL,pi_3UTriVxTts0U3wO7vhs0yhK2,in_1P4Vz7d1DbHWxoA9Q5v5s5VU,cus_asI9GKvhZCUzNY,200000,200000,0,eur,succeeded,1,0,,,card,visa,9914,5,2029,DE,Subscription update,lukas.neumann@balticline-communications.example,txn_36OHmL1nsvSjFujYPvP96Ywx,1786892503
ch_3xRXjy7GbADfYs0863QRdLlK,pi_39IRxSKTrbCLgnupEqILLVPX,in_1KUx25WyT7PVBoX04BL5RO8X,cus_X3RxFCM5iH3B3Q,59900,59900,0,eur,succeeded,1,0,,,card,mastercard,3374,2,2028,IE,Subscription creation,david.mitchell@blueview-foods.example,txn_3dnWILQ2gJpeCSRItWYdijQS,1786961707
ch_3G0lpmg5uYOVF7yuUhGBnItM,pi_3CxG4ZNTSaig1IPWUtE4u8TH,in_1c1XbT8OSsPOqLtWFGqPiAvu,cus_EnQdXyPb9AiBjJ,100000,0,0,eur,failed,0,0,card_declined,Your card has insufficient funds.,card,mastercard,4958,6,2027,ES,Subscription update,alejandro.vega@granitepoint-industries.example,,1786973137
ch_3d04WvdznAD5X31ylkq3wE7f,pi_31qeT2KNEmbdxoWW4ptxJ3yN,in_1V0kjt1JjpJergONrD3DMkCZ,cus_imWKsRnkjwyI5B,100000,100000,0,eur,succeeded,1,0,,,card,mastercard,4456,1,2028,US,Subscription creation,jessica.campbell@campbell-network-services.example,txn_3XZIUMFGEBu6cmOoGs5u3mtk,1786992992
ch_3Mq0d9nkQqcuWmAGKNxpMYWf,pi_3glar5FvB9j3psOkrbZMeEwL,in_1z9g4fxUwAUTrX26FsG3Pfmf,cus_MvGBF38bjtsJvq,119800,119800,0,eur,succeeded,1,0,,,card,visa,8190,3,2029,US,Subscription update,josh.white@summitport-media.example,txn_32aNrECdFOKpXg6ccz6LOxXr,1787045241
ch_3SKvS6gkojux0nYc4RwgcZ7x,pi_3KQdE0DjaWfFN3HaMcRBBKFl,in_1I8iwVn0xPAS8HpWZCWTJ9ly,cus_jfIYToLBYzC2MT,59900,59900,0,eur,succeeded,1,0,,,card,mastercard,7224,7,2028,US,Subscription update,daniel.collins@novagate-foods.example,txn_3r7vB3FOuCoR1A5d5EHSNxhH,1787047381
ch_3kBVJnCCCEyI0AeBOgwOIMZx,pi_38GAOKMLKRZqhCAaLCZu5v7X,in_1wc83rvUShkxHZzj38Pf0OKq,cus_T4IyWYY2se9mjY,100000,100000,0,eur,succeeded,1,0,,,card,visa,3426,4,2028,US,Subscription creation,megan.mitchell@apexline-rf-consulting.example,txn_3EczoKZIvtR9fz0WQ7wEh6TN,1787050882
ch_3Ut5DJ6AGdD8p52Hc8pUh3Tp,pi_3Yl0sjed9JO9yy1kGz5IXC89,in_1lHU2JL2ehtzvWk4sjuHLW1X,cus_oNruxNfxswPeb1,100000,100000,0,eur,succeeded,1,0,,,card,visa,9283,7,2029,ES,Subscription update,sergio.vega@maplemark-managed-services.example,txn_3eZhfJj0WoVsFecJFlfjYxGl,1787057776
ch_3C6yeAYuIztCfLFLcB6HeT9p,pi_3K9MvTRQFBHya9pz6Mmyk8E0,in_1Hw72QYPsZeJmBng9NxGG4M7,cus_5UoPZVdKMzdFkF,59900,59900,0,eur,succeeded,1,0,,,card,mastercard,6838,7,2027,US,Subscription creation,chris.clark@clark-network-services.example,txn_3I9BErPbw8HK21s2UoWwwmaA,1787068076
ch_3oVPyBpmWPovGypsRsvMFKvx,pi_3z9NyOAwJpnmQwJPBnUGD0zr,in_1bRba7TSI4N5vFguM1kSXXMR,cus_Pnq68hIPAdyKQO,100000,100000,0,eur,succeeded,1,0,,,card,mastercard,6418,10,2028,IT,Subscription creation,marco.ferrari@ferrari-network-services.example,txn_3cDqipwb66n8BrvHGKSYBNGC,1787074139
ch_3w7hwl9OWn1XhOs9CwRK3DDR,pi_387BLRoevMmGlUURZpG0RGrt,in_1X1RkBuht8wPDOvWGt1uDiqf,cus_6U5jS2nTKl6yiI,100000,100000,0,eur,succeeded,1,0,,,card,visa,6600,12,2028,US,Subscription creation,rachel.moore@graniteport-warehousing.example,txn_32YpHTMmjC9R2AOMjaP9Wfks,1787232395
ch_3ZWCGCp5elDsFeyplIbD9FtJ,pi_3CxG4ZNTSaig1IPWUtE4u8TH,in_1c1XbT8OSsPOqLtWFGqPiAvu,cus_EnQdXyPb9AiBjJ,100000,0,0,eur,failed,0,0,card_declined,Your card has insufficient funds.,card,mastercard,4958,6,2027,ES,Subscription update,alejandro.vega@granitepoint-industries.example,,1787236657
ch_3Xtp33gzJlpTaOTRw7HXTb4B,pi_3Koke6ini0EcGf6BmSlpjMsd,in_1M1IuOQhH7gHOibBpRyfKnoH,cus_S9nPVFfaGcthDk,100000,100000,0,eur,succeeded,1,0,,,card,amex,5698,11,2028,US,Subscription update,andrew.carter@lumenpoint-networks.example,txn_3xoWxwQke5FzwThYyM8SlRaI,1787239460
ch_3tL7Th92oVaLVBptslPNYF1S,pi_3gOLkvG3QlWdcD07W0AIEKyZ,in_1uQiLa5zk1XgPeMWf41PqTfR,cus_eERLT0dK6lbWQN,59900,59900,0,eur,succeeded,1,0,,,card,visa,3252,6,2028,BE,Subscription creation,jeroen.bakker@alpinefield-warehousing.example,txn_3bUvcrXOHoXnZDnuVHgk1iaV,1787292043
ch_3ZYSUrs3OJNgZFk5eFPTjZcO,pi_3i1fLL943AxroeF5jCHs9O0N,in_1M2xyQEqBTrLCcJGk3qcsCWk,cus_WXb6sppoFWvsH0,100000,100000,0,eur,succeeded,1,0,,,sepa_debit,,,,,,Subscription update,timo.salminen@inbox.example,txn_3dGh5jaAywBCiH365DCASIX6,1787312187
ch_3nZGVxs58ukie2NCpq6vQDle,pi_3CRoSAWmMJHu70gkfySVfjtm,in_1EKpYDgPos50QHKNrUJwPXbH,cus_lWiauowLOQteaB,500000,500000,0,eur,succeeded,1,0,,,card,visa,4090,5,2029,GB,Subscription update,john.scott@auroraworks-it-solutions.example,txn_3cqqv6oTgx5B8uRywmI9Z9xV,1787394466
py_3zRvjYWdXpzTBy2kqSAqHTRq,pi_3y9M653VKjkGWSgOOgb4KVt5,in_1wzjjcOAGtptz0qtAvjmf7WP,cus_EhSd5TGdChdMgK,200000,200000,0,eur,succeeded,1,0,,,bank_transfer,,,,,,Subscription creation,bas.peeters@orbitpoint-partners.example,txn_3FSRmBxFzGKFHx8HqVW1d8zE,1787399113
ch_33A1q4ljlfo31OFOPdiLWI62,pi_3IJlRLsnTLfhVgSBvlZgMZq0,in_14iZIdeZByP4sctgIk8oAolo,cus_iLrEBlXrFA5EUE,100000,100000,0,eur,succeeded,1,0,,,card,visa,0418,12,2027,US,Subscription update,nicole.mitchell@mitchell-wireless-consulting.example,txn_3S6PsaN7qYphDmfo2sXxa8Io,1787425592
ch_3tSfNBmyXt9dqREIV2kUyPZj,pi_36FFOE4n000J9jGT7rW106n0,in_1tDDULfk5ScV1IIyH75jkGmH,cus_zSZrz4lEXSelgU,100000,100000,0,eur,succeeded,1,0,,,card,mastercard,9459,2,2028,IE,Subscription update,jason.clark@mailbox.example,txn_3tAC64YakI2bVmyyWB24PKyk,1787427281
ch_3JI5aNMzBC7UEIYLdxMzqnrM,pi_3HzV8257iX8yoHDJRnF4rW1q,in_1mO3JIsV7popOdUCjYu6XGox,cus_GGDX0kPTFxz8y2,119800,119800,0,eur,succeeded,1,0,,,card,visa,3504,3,2029,AT,Subscription update,lukas.schroder@balticgate-networks.example,txn_3sUdEfTXO2je514ngmXtrRT3,1787481068
ch_3AWNRRQtOqgAHEdaegu90egz,pi_33mHZFqo3vRwGsPOLKMO800z,in_19SrgeBwrIpTskBBChkup1rx,cus_hzump6QrkLDId3,100000,0,0,eur,failed,0,0,card_declined,Your card was declined.,card,amex,0141,10,2028,US,Subscription update,james.green@northpoint-wi-fi-solutions.example,,1787488217
ch_3zkvtKfgb4bAsZQd7ne2r8p1,pi_3la31iBliISvT8pRsVEbr4RF,in_1KJ6RXNrlpCG1ySbUBTeJLzU,cus_4wmxPDziuWrwZi,59900,59900,0,eur,succeeded,1,0,,,card,visa,7978,3,2027,DE,Subscription creation,christian.wagner@stoneport-partners.example,txn_3EZynqhY42X896FnsJLS0DTL,1787497633
ch_3v02aXSpMPJ8W8wNiKT6ZVnL,pi_3HS3e6I2ZG5Fz0HrUN4tsURC,in_1nzf4UUv6ZDYQfNoT7W3fXw9,cus_hg0Iv4YUNS4LVQ,59900,59900,0,eur,succeeded,1,0,,,sepa_debit,,,,,,Subscription creation,erik.sorensen@clearwave-wi-fi-solutions.example,txn_3lHDfPRyHUg87cvHrWDbUWCo,1787557180
ch_3MUFCmDZEfoxJP47taovQes9,pi_30wzTbg5FC5D4jAPBItHZavo,in_1AqTGuBdMYwu0Vijn7EQDaJC,cus_BYMW4oNF31FaxC,59900,59900,0,eur,succeeded,1,0,,,card,visa,4907,4,2028,AU,Subscription update,robert.lewis@mailbox.example,txn_3F7VaCJ4fnSI3a8QOd7p5CFq,1787565827
ch_3gUO5xzlbpoFT9J5atTGm3AA,pi_31Cjm6UiWztgF0Jrmc005HvY,in_1ig2zTIBnQcuqrRZzfHqzILD,cus_D7TV94yBH2rdZ2,59900,59900,0,eur,succeeded,1,0,,,card,visa,1202,11,2028,IE,Subscription creation,mark.turner@greenpath-systems-integration.example,txn_3Ydew3WJv8PFUQyHPZUn0idb,1787570739
ch_39PBtmDASnhWsEPNRGnI9kTa,pi_32ntvLxSYX9eghPsau9iYyOh,in_1EUPB2deusZSSR9wyw7DsRuk,cus_RMv6vkJJnC3Lbg,59900,59900,0,eur,succeeded,1,0,,,card,mastercard,2149,6,2027,AU,Subscription creation,john.roberts@roberts-network-services.example,txn_3229lJXsqkslyrLm8J6LRFNe,1787571102
py_3PZe9mQrchxslfPTUIyB1UZz,pi_3VtbwN2V4iPa2sLwdFqTxVVn,in_1OFJrAgJtMlfMxvQWKlicqpd,cus_Zy1tlUa6RlRkB9,200000,200000,0,eur,succeeded,1,0,,,bank_transfer,,,,,,Subscription update,andrea.bianchi@clearstream-hotels.example,txn_3UHenD6uQsl3HpnpS5hNo3Vp,1787587566
ch_3sb4LBb5oZfrc7BnTDAdiGaV,pi_3x6rck4ZZdVohureBwHRRjWF,in_1ITyUqkSTamHZNfnFsn4tx3E,cus_jr6srdZna6aiV5,200000,200000,0,eur,succeeded,1,0,,,card,visa,4334,2,2030,FI,Subscription creation,laura.koskinen@westmark-networks.example,txn_3iEB5Vg6zXofdfHeM6xEjUmK,1787631024
ch_3FEzIGQee7WgjXSE3nS4OoXk,pi_3Zh8NDJFc4Q51ulP5lk6dVwf,in_1cullh0TF5lSKpwstD3pUnfx,cus_7p9hhnuaXv3pGb,200000,200000,0,eur,succeeded,1,0,,,card,mastercard,2131,5,2028,US,Subscription creation,nicole.anderson@apexpoint-communications.example,txn_3WnjHP8yhkiwpiwFXdK78LZM,1787660281
ch_3m8Qjk07N7xa84vC7S0ZTmP8,pi_3JI7j3hCJIzFHOPps50Cq8Dx,in_12Pv23JlU51KdU7RT69y3K74,cus_f7yoO2mJJ1h8mv,59900,59900,0,eur,succeeded,1,0,,,card,visa,3578,11,2026,GB,Subscription update,amanda.edwards@edwards-network-services.example,txn_3L6VGEPdW79Ph7Gsl7H0PFAa,1787661935
ch_38ANHTnV9uG7CTrRFqXTdAZ2,pi_3CxG4ZNTSaig1IPWUtE4u8TH,in_1c1XbT8OSsPOqLtWFGqPiAvu,cus_EnQdXyPb9AiBjJ,100000,0,0,eur,failed,0,0,card_declined,Your card has insufficient funds.,card,mastercard,4958,6,2027,ES,Subscription update,alejandro.vega@granitepoint-industries.example,,1787665177
ch_3DLaxX2PzdnLWhssabEc2DAl,pi_3u6TLFAeoCDADdXbm6wENcXF,in_1m9UnFKS6XIP6aDeNZOpSotU,cus_e8CHkBkU0RKPky,100000,100000,0,eur,succeeded,1,0,,,card,mastercard,8904,6,2029,US,Subscription update,sarah.thomas@thomas-network-services.example,txn_3ZldCN8gQFFeD2xcEO6PrGl5,1787674710
ch_34akouX8Jf6zgDevhLsTXzKX,pi_31qb26w5oUgESiQ4vZsRuOl5,in_1fl81FpvpQfVO7RE0MfMrime,cus_GQGxe66yMVdpXb,59900,59900,0,eur,succeeded,1,0,,,card,visa,7131,4,2028,FI,Subscription update,ville.hamalainen@hamalainen-network-services.example,txn_30uV9pimKOXOyI1Yodh9knIs,1787677139
ch_3zoK8lBXUq48bRfz0Bbop3O9,pi_3pgCSG53fwTVkaSWpdlBqEG9,in_1lRH5BNHfCbzYhd9ElHwKq58,cus_YOUNuIM56mZtDd,100000,100000,0,eur,succeeded,1,0,,,card,visa,3012,8,2027,US,Subscription creation,laura.jackson@jackson-wireless-consulting.example,txn_303zfAnmDh8Z9b8kZxUBE5F6,1787682796
ch_3nvABZm7wQD91Tvyc9JhnDmW,pi_3eGd4VSuQV6HDIUhu55ZFzVq,in_1ZrNzTzRQIQkKdoOfEQfBmPF,cus_TyifW4KZF3zxJN,200000,200000,0,eur,succeeded,1,0,,,card,mastercard,3203,8,2027,GB,Subscription creation,steve.baker@baker-network-services.example,txn_3rAD641LoEbjCDlXjOq2sEQe,1787695648
ch_3IFhiSTuM0AhxFoX4bXnpESk,pi_35QS8kfGNU5ebU1QZlQAFpiQ,in_1ElySS6eg3NJlqwXSH8owu5o,cus_phlOiB6nIVuyZi,200000,200000,0,eur,succeeded,1,0,,,card,mastercard,8847,1,2027,GB,Subscription update,ahmed.brown@brown-wireless-consulting.example,txn_3nquUuYSnfxhHu8rGSEphnGB,1787709779
ch_3TH6ZljFmJMSbcfwP87Tyr7M,pi_337vu8YdbWPKX2dmvteYRaRc,in_1WHiCh4zkPH1bam5wprh9kA5,cus_2hx1mNQwcEe7Uy,100000,100000,0,eur,succeeded,1,0,,,card,mastercard,4491,3,2028,NZ,Subscription update,andrew.lewis@clearbridge-networks.example,txn_3ICQUxHlwzjymKXPf6jPhN9B,1787732138
ch_39OOQzL0ZByfJVbKofoGwE1F,pi_3SxxHvdL9h5T06ZtICXKnUpy,in_1jXWI3qyEVydX0H4gwjupL1A,cus_n4cWetdI0LI2iv,59900,59900,0,eur,succeeded,1,0,,,card,visa,7590,5,2027,FR,Subscription update,camille.moreau@stonestream-foods.example,txn_3alzVSOirs7QJ6U6ziuDO0cB,1787735353
ch_3OnGoOfFw5xNvyAg8nV3eWrZ,pi_33mHZFqo3vRwGsPOLKMO800z,in_19SrgeBwrIpTskBBChkup1rx,cus_hzump6QrkLDId3,100000,100000,0,eur,succeeded,1,0,,,card,amex,0141,10,2028,US,Subscription update,james.green@northpoint-wi-fi-solutions.example,txn_376va3PE7XnIPfyJ1QcDmkYi,1787749757
ch_30TMFyh5zkQnsVwLvkXsfqHv,pi_3t0LbZcEXEQUc3fCAYYx5QOG,in_1VUMiMbC9YWNjb3lYGENTszu,cus_T5OQSkvaapilMx,179700,179700,0,eur,succeeded,1,0,,,card,mastercard,8892,12,2027,DE,Subscription update,lena.schmidt@inbox.example,txn_3aWHtlws30rH3AMZ6joBXc2S,1787772000
ch_324wKl8t54ILImW9WtS5gU4g,pi_3pnodPpYyoagIGNlagMIh4Bq,in_1RRFRvJFuRlRJHJIcjwmUoXo,cus_x5YiQgBpyRx9Xi,59900,59900,0,eur,succeeded,1,0,,,card,visa,0508,1,2029,DE,Subscription creation,sven.meyer@atlasport-telecom.example,txn_30zoogIHwEw7KB1oiWWo5UTZ,1787813323
ch_3BcZRN5EqF2gSPp8C17TWnog,pi_3qhG7LWmLhYrCfJZDU5Uf7tc,in_1vZdCQzUZM3amr9CS00rpxVd,cus_syJsSmsarIpwmW,100000,100000,0,eur,succeeded,1,0,,,card,mastercard,8272,12,2026,NL,Subscription update,bram.hendriks@bluelink-wi-fi-solutions.example,txn_3Q0SfRAkgZyWNahFsFCG4G01,1787814866
ch_3CuvdLahMKkqfifNDR0id12i,pi_3jpft0BRR5e5XYK11MARZk61,in_1C0DgWzdLvSCjTJgGzfhEoPY,cus_HeD6Aj3o9Bb1GH,119800,119800,0,eur,succeeded,1,0,,,card,visa,7249,6,2029,SE,Subscription update,soren.karlsson@polargate-schools.example,txn_3VoN041uZZgIm2Lyagt22MmT,1787819254
ch_38r80H1FB5NYQVC0P9SQWVu0,pi_3NJLPHSx5fZeqP6JNlZf7rIY,in_12uXUv6JbNE7mXste1l6nZxE,cus_1v1GkqU7XutcZe,59900,59900,0,eur,succeeded,1,0,,,card,mastercard,0097,4,2027,DK,Subscription update,henrik.johansson@alpinelink-clinics.example,txn_3JYcfeQR7InIPFkVTskpVrus,1787820718
ch_3UEEkiwquIp0zwOj5aXMkaSK,pi_3hQSoStTt0TKUL8k7IKqKfsN,in_1KRUUJDOqkv25BMsUJ9oHK0J,cus_Abr5hYWIcMS4bw,100000,100000,0,eur,succeeded,1,0,,,card,mastercard,5345,1,2027,FI,Subscription update,ville.hamalainen@clearport-wireless.example,txn_3BGjuBlmQTzi2VBcyWpMSZgs,1787837992
ch_30L3epZL8p6cObQxESTEWgMs,pi_36SSmtVXMu2JmgH6SL8N2jWG,in_1ScQy63oE75UpHTvhm7wwFet,cus_UqLdwv4uiW1dcx,59900,59900,0,eur,succeeded,1,0,,,card,mastercard,3670,5,2030,FI,Subscription creation,riikka.heinonen@inbox.example,txn_36r9exmRuZeK1yOLBP5PpsCj,1787839753
ch_3X8JKWdxXfM2Q1fWLRsNDrm2,pi_3CVEh5lTTYCcvPUbrjRng5XJ,in_1yBKFmDy85SBcpLNdOsxeSaj,cus_DOkEa1GvPXFcZd,100000,100000,0,eur,succeeded,1,0,,,card,visa,4287,11,2029,US,Subscription update,olivia.anderson@harborstream-foods.example,txn_3DC64nLnTaPIYxC3LnTjZx8C,1787918327
ch_3sd3LrfKlLVRrGYblTMOd7tA,pi_37BbsUYPMRagLITcEbOU3juC,in_1qVgdQZWsaWMdhobEFNTuJex,cus_FiOmZsDMlOdbg8,59900,59900,0,eur,succeeded,1,0,,,card,visa,4024,4,2029,FR,Subscription creation,romain.moreau@moreau-wireless-consulting.example,txn_3lDYekdNjoyztdQ9XkmtdqK3,1787923591
ch_3MvLT3rugopqTBsNoMOIlTBo,pi_3Hvz7H1V7mv7J9a6z34gRcSA,in_1PhLglM3doYMm9kRv8rwM4n9,cus_KyrP9jJYTiqfa7,100000,100000,0,eur,succeeded,1,0,,,card,visa,5227,4,2029,GB,Subscription creation,nicole.clark@deltapoint-warehousing.example,txn_3rpR9tNbTiGNEkbn9glngMFy,1787928185
ch_3R1GzxYLqyp86UELSPpvabKT,pi_3BRaqh7cyYFSs94G91snEDjw,in_1BmLmG7rCM1rvVd9PwSAOd9v,cus_Iv9izkeu1egwe0,100000,100000,0,eur,succeeded,1,0,,,card,visa,2489,11,2028,DE,Subscription creation,katharina.fischer@orbitwave-partners.example,txn_34Ez1EDE6MkAbuZriCirP84t,1787931904
ch_3OCmsyVm6r1AmhOi5Ueq5XGe,pi_3sVt8FhiBo5GkN1iXUliLm9R,in_1ltSe2gSi0akX3GKztWgT1hw,cus_DgHZXWE06sy4M6,300000,300000,0,eur,succeeded,1,0,,,card,visa,3691,11,2027,DE,Subscription update,thomas.braun@orbitwave-rf-consulting.example,txn_31lnu5vRKVxn3ek26CJas6ev,1787989423
ch_3OJcot6AA2F2YNiW3UGuSlIF,pi_3EpXlWu4nHCzQW5gy3INIhUf,in_1N8G5Ekrgf9EDrFzablJKghP,cus_bHAnTLyk7THTiT,100000,100000,0,eur,succeeded,1,0,,,card,visa,1741,2,2027,AU,Subscription update,olivia.lee@nordicpoint-rf-consulting.example,txn_3relSqJqqVaNAYPnyOqYrvJI,1787989853
ch_3MYkrH9OqDfCMVZ3blKmbnVb,pi_3wI6Tx4sQ126poMzMJOmvFZV,in_1DNJ0UcAXhIKMo1AHRk8EKN3,cus_qvb0SBtISyytLb,59900,59900,0,eur,succeeded,1,0,,,card,visa,8201,1,2029,US,Subscription creation,kevin.clark@summitmark-industries.example,txn_3qhwtQHcGJj1C3TyoD9PPeLz,1788187798
ch_3xxVv0EGX6sEA27aJ8XBStV7,pi_3DKCsD9scLxwJsy4JfCvA0wq,in_1cCpZ0jDiUkegYfUxSy6e4lg,cus_pJamYGd6lJ7aTM,59900,59900,0,eur,succeeded,1,0,,,card,visa,8935,2,2028,BE,Subscription update,bas.bos@brightpoint-hotels.example,txn_3RFq3YVK3FMuS0VWfyKaKH9D,1788247704
ch_3OeyGkVa6EK0r14Irinpwtvh,pi_3eD8UWTmO5tokN7LuWoTPefY,in_1E1E4c28ldF5cm7vWIWNXgeA,cus_7Z9pOHgIQwZQ9n,200000,200000,0,eur,succeeded,1,0,,,card,visa,6236,12,2029,US,Subscription creation,kate.jones@clearport-media.example,txn_3GOOtKYFhWCNxYBSj7ndItEJ,1788254443
py_30Arodu9n3kAJ2qTHYgx4DnY,pi_3fJFui2j6xAMcbmaoN1F4BaJ,in_1V3xNzCh0F9NBZ66jAGJSwPK,cus_TYUgd46TiMP6PM,29900000,29900000,0,eur,succeeded,1,0,,,bank_transfer,,,,,,Subscription update,accounts.payable@marlowe-valley-university-hospital.example,txn_3paWixvOSSe2E9z8RGHHjNzP,1788268444
ch_3TCK8tts9wk3PUE0OCIbCm9l,pi_39jVmF2yOKMeHs9G4X79HtwH,in_1CeY44Ir047VsVWauueCKbQN,cus_cg2dj7W87uDuTv,100000,100000,0,eur,succeeded,1,0,,,card,visa,7515,8,2029,US,Subscription creation,jessica.murphy@westfield-telecom.example,txn_3fwfkmUQlSwNBqBJKKIuyfqq,1788273895
ch_3pve80GF4OfN79WKtlR0LyTQ,pi_355HQ7kI6H1g1wNWmJiPzBXf,in_1ZClXcuD715kT9hgKNGTMdiE,cus_XUeYS4iIHQuyib,59900,59900,0,eur,succeeded,1,0,,,card,visa,0568,9,2028,FI,Subscription update,petri.heikkinen@balticpath-wireless.example,txn_3Dr2wUPMw1Bs4a52jDQgoifb,1788274046
py_3CcrIYDTmBuVXuh5oMYwADsq,pi_3Emx6G0UH2Fia7khWxPKruwL,in_1Q0wwm7uEjxeog2zjl5wkhjV,cus_ciIyCYR5oXDBEv,119800,119800,0,eur,succeeded,1,0,,,bank_transfer,,,,,,Subscription update,andreas.muller@auroraline-schools.example,txn_3MWgkCgEa1r5Vmj5WNiC3O8G,1788295716
ch_3iJMBUSgWgOBmV5dEnLZvgjF,pi_3MOTlUjocrLnc4MneQ042een,in_1JVC7th5HxWNl5xHYhDNuiQa,cus_vW3CN8SeWeJ5AW,200000,200000,0,eur,succeeded,1,0,,,card,visa,6048,10,2029,US,Subscription update,chris.scott@ironpoint-communications.example,txn_3zku1SyE5CLiuK7RhDX305th,1788346175
ch_32kE319Nz00BNt1lejw0ak7z,pi_38IJNdf7RC1bJmMHNrL1ytGG,in_14Nrkxh0WqoobryeSSy1AsDw,cus_wawuUKEYhtLYFd,100000,100000,0,eur,succeeded,1,0,,,card,visa,3375,9,2030,FR,Subscription creation,sophie.lefebvre@cedarline-media.example,txn_3GmLh8jC2YAjEirfzvdCMCHR,1788347296
ch_3GrJTF597ou6t9K40mJGDGRS,pi_3hIGOVhY36pvx0xlzAkXDOQD,in_1saz9dq7Lcp0b3ulUHaaffbC,cus_cAZ29N83FvFXsa,100000,100000,0,eur,succeeded,1,0,,,card,mastercard,3573,5,2029,AT,Subscription creation,thomas.schulz@stonefield-networks.example,txn_3Ud2c1NSpUGor53xCBtLVDNM,1788348064
ch_34lfaQKDiFxujmzTvZAZDqy8,pi_3P0nAju8YlOWxdTYuPCsXjHY,in_12mglvBETxNYFceUT90lwsHJ,cus_1iYcxNIpOwA8ma,59900,59900,0,eur,succeeded,1,0,,,card,visa,7178,5,2028,SE,Subscription creation,emma.jensen@apexfield-construction.example,txn_3G04E6q6tyE3SAVISVdYd6pF,1788371086
ch_3fccBCt7QyVT3KVxL1dkCS28,pi_3uTD6LbsBRnUEuAm0zN8rveJ,in_15lr9knFNGtwoZSALe0AoywF,cus_y0QZL0qwKzMemO,100000,100000,0,eur,succeeded,1,0,,,card,visa,9374,4,2027,NO,Subscription creation,henrik.larsson@novaline-wireless.example,txn_3ZY8TaoTHpcSbeyj81W7OtWK,1788380208
ch_3pgIhuzroxrtjcihVkzFcHuo,pi_3kjLjiA9Ovh1LG3aRNUmqyBb,in_1Qn600T5I3xqkYteF6pCkT5a,cus_WzLWAxXJmSirvk,59900,59900,0,eur,succeeded,1,0,,,card,visa,2890,6,2028,NO,Subscription update,emma.pedersen@apexcore-rf-consulting.example,txn_3KKW6ovYbhsIj52H1a2j92yo,1788419336
ch_3qZdB4bL2y59PaYlOHHQX5mx,pi_3rYBkUC4LdntF7NVrCWkHVkd,in_1fKrb8oAKzEPPyeLz0pBQe1b,cus_Q3X9Y63E9S3ADO,179700,179700,0,eur,succeeded,1,0,,,card,mastercard,7652,6,2030,FR,Subscription update,sebastien.mercier@ironcore-logistics.example,txn_3KLrkm2MxXlVxbIFhpgeosUh,1788431890
ch_3GNuGLLYQwQ1jPKx2UJpREdC,pi_3Dn1ZEvIENT41TDGRetki5FU,in_146OpzyPQryrqDHcLcIm1ALV,cus_PB23tpZJKpfwyv,100000,100000,0,eur,succeeded,1,0,,,card,mastercard,6044,6,2028,FI,Subscription update,jukka.heinonen@heinonen-wireless-consulting.example,txn_3uN3nTc37dpDZKSDGJRUT2Sl,1788464410
ch_39yJcuRWXq1DhLhXWnDZIgbD,pi_3eIK6O6c0meHvoj26JK7O7cr,in_1TyqZXQTUBPbhRS4AjAtstrb,cus_b9Svj7io7H2LvT,59900,59900,0,eur,succeeded,1,0,,,card,mastercard,6173,2,2027,US,Subscription creation,john.moore@lumenwave-wi-fi-solutions.example,txn_3P1qFTwJCgOyAW2rP0VbeBSn,1788511624
ch_3dtiorXugT4AMbfAcu8SILR8,pi_3gLiFKIn0wkg9luXxglyY8su,in_11RUQERVzdBE2SxxfWzmJTvX,cus_6aBJgTreXFXeSi,300000,0,0,eur,failed,0,0,expired_card,Your card has expired.,card,visa,4895,5,2026,US,Subscription update,jason.moore@lumenport-clinics.example,,1788524641
ch_3wuxpgE7WjMdKyK2nECYxEvB,pi_3cJNsBt6ZGe4IRkhqKVHpcuZ,in_1Jd3t59YAOgn2dQShCKPKPzB,cus_zxaUZyhAmLQjre,100000,100000,0,eur,succeeded,1,0,,,card,mastercard,8574,2,2028,DE,Subscription update,dirk.hartmann@northline-construction.example,txn_37Ci301lUZ8tKkly18CGzCsB,1788547198
ch_33ni0OblpWaYzQaCPiIVcZt3,pi_31gtqjYl96n4aUVLg4yXDZfU,in_1aO2fUShVsvTbJTJmeQ90npV,cus_jc0svuQZTp0AZ2,59900,59900,0,eur,succeeded,1,0,,,card,mastercard,3865,3,2029,US,Subscription update,jessica.turner@atlasport-rf-consulting.example,txn_3utCTxKidKTbNo693IQ2HVNq,1788605617
ch_3XRj8hYEJELc4fI5wzARPhgL,pi_3wE9pxNJHeUvzSrnMB3sXiUx,in_18nMnBnrWBwQcL5StzWjXBRm,cus_VAlSwcmtPok5Q3,100000,0,0,eur,failed,0,0,expired_card,Your card has expired.,card,visa,3607,11,2025,CA,Subscription update,laura.smith@vertexview-hotels.example,,1788610628
ch_3fgaDNCTvfjBw9yzfKoNJIK7,pi_3fDd5ZPnZB4nIFNxJlFLLgaU,in_1Yj2xCWuBGHkttNGEoaos6p4,cus_2X4bxc2xz2Xm65,100000,100000,0,eur,succeeded,1,0,,,card,mastercard,9668,7,2030,NO,Subscription creation,lars.madsen@stonewave-wi-fi-solutions.example,txn_36zDWIEpb9fKIEzPBNBMBvhC,1788611786
ch_3tk3fJ1rwfxVHgt4qe1XmFie,pi_3KUhrhgKF83LNXLc2pMJxK7M,in_1fawOuSzOetio2FqR2wsRFWQ,cus_sKDF0JAnq42Nmx,200000,200000,0,eur,succeeded,1,0,,,card,mastercard,9649,7,2028,FI,Subscription update,katja.jarvinen@ironmark-communications.example,txn_3o420rKd3nyZRmF05RoDQYBX,1788619847
ch_3s3v4JI8DAPl3MS7RcYqClNZ,pi_3qkyiV8XNlqys4Z4QKEDmArw,in_13dsocF5xO63J2KNCxorhnAQ,cus_WKemJoNkHrZ2uf,100000,100000,0,eur,succeeded,1,0,,,card,visa,5285,8,2028,AU,Subscription update,ahmed.kelly@deltagate-logistics.example,txn_3bPbHW1uBSfuAGYxj3HtSNW5,1788712910
ch_3VVz0vVm19EmfDPnbM2G6443,pi_36TXwrtvYf1JE0nDwfT2F0od,in_1VV87SayEYbot0SUoES9n2ql,cus_ZZ05VenrLShmHK,179700,179700,0,eur,succeeded,1,0,,,card,visa,5429,1,2027,ES,Subscription update,alejandro.romero@cedarcore-construction.example,txn_3VMpHV1MKxjsdNvsnNEmEx8L,1788714508
ch_3SJ7y2s4Hj25Efj0C3GbfKJm,pi_3BanQDlKVe9SwaOHhm6l4oyG,in_1WTUNb89BqNMhpb9d4aIunVp,cus_OvWXsR4Ba4ihD0,59900,59900,0,eur,succeeded,1,0,,,card,visa,7956,3,2028,US,Subscription update,jessica.kelly@silvercore-foods.example,txn_3xq3eJn3jg7gS411rUPzIhaD,1788723026
ch_3GNNZdRGfjUoniXFnJn51P37,pi_3AoaflrsduFXqmvqvukLQMO3,in_1pYHpNoSIE9blQW2vvPF9UOi,cus_PxCUza5b7xaZ3K,59900,59900,0,eur,succeeded,1,0,,,card,mastercard,2273,10,2029,FI,Subscription creation,kari.hamalainen@graniteview-technology-group.example,txn_3rNOl2dqJ5zyNjlcCz24ZKXo,1788764796
ch_3OJGew4U6fTRRhOOFhZkZ8OU,pi_36t5vPIrmC1zLoWruob75AeQ,in_1LDyWJAcgZRsjmjdMG1NhCSb,cus_5YQutumumWWvXd,59900,59900,0,eur,succeeded,1,0,,,card,amex,0694,8,2029,US,Subscription creation,wei.nguyen@apexfield-construction.example,txn_3vcssAtDGDKWBgmhDb13O9ak,1788779835
ch_3eyX0NgfabIWbo2r1QmKV2dG,pi_3gLiFKIn0wkg9luXxglyY8su,in_11RUQERVzdBE2SxxfWzmJTvX,cus_6aBJgTreXFXeSi,300000,300000,0,eur,succeeded,1,0,,,card,visa,4301,5,2030,US,Subscription update,jason.moore@lumenport-clinics.example,txn_3rTbkKSMID6Api8obrq37buY,1788785701
ch_3R3jpNLD5dRgZFGWhoVFwObk,pi_3vlFmlcwQ9SIKMMz3db9TC0s,in_1FIJ7XbmqeKwSPt9bsdO8uiC,cus_46OpF2XwkGoQmw,200000,200000,0,eur,succeeded,1,0,,,card,visa,5703,8,2028,US,Subscription update,kevin.johnson@balticwave-partners.example,txn_3FkACdgoiIJtU8gLBOycF6Yi,1788790871
ch_33LMARFUbxF87b8PS3eYUKm5,pi_3OJFEZPQuWqttl1788KL4wyU,in_1uVCfjVq3NlyqQ6xhQApTTMX,cus_ESunMmfOWRuZyd,100000,100000,0,eur,succeeded,1,0,,,card,visa,5690,8,2029,CA,Subscription creation,eric.adams@postbox.example,txn_3J25K5JX9VWUuguesAxwwI0U,1788798001
ch_37PjBGuw0x4f7Y2KfzwLZs9z,pi_34IMmT2JS2UwwMlr1YSahgZG,in_1u39EmDMIno0f6VqAx2ZOJTP,cus_0xknqpaR0Nn2GK,59900,59900,0,eur,succeeded,1,0,,,card,amex,8968,5,2029,US,Subscription creation,sarah.jones@summitcore-wireless.example,txn_3fQ4jlaC3AoQqRiA5mBWevBb,1788799771
ch_3LCK2JbidkMnepkh8VL1WQWp,pi_3bSef6xWOTZS2tT17canO5x0,in_1qzQSkS9k7Y9qVkFmBRGNvDG,cus_UtkmPAJ9iBKP9D,100000,100000,0,eur,succeeded,1,0,,,card,mastercard,4592,8,2029,AT,Subscription creation,dirk.schroder@silverwave-hotels.example,txn_3Hfv47HmkoxSmgLScBNJbL0u,1788801464
py_3TaRI4kzLLiFrPEMMQxIPOqd,pi_31LN24THVU8W2ZD92sEvBhoX,in_1DHaK8mRAUrMUCPrXBpyw7q4,cus_ai4J50mLNdrUMS,400000,400000,0,eur,succeeded,1,0,,,bank_transfer,,,,,,Subscription update,josh.hall@maplelink-wireless-engineering.example,txn_3sg1IVC1Du2fE2VuefPMBYtU,1788821708
ch_3aV9FZXyiTZz4Tiqoe87Tjyt,pi_3krbMS0KJ49GryOukgrvw2Bl,in_1GRj3A0F52ddZOsgvyXjzeKA,cus_ixfd9YQU7bIGy3,119800,119800,0,eur,succeeded,1,0,,,card,mastercard,6646,12,2030,FR,Subscription creation,olivier.durand@durand-wireless-consulting.example,txn_3A89t8Qaj7gy1LXaR6pT3xPl,1788850412
ch_38YYqBWAn88UGecHZKkPJK5S,pi_3Rysgs8zn2bVTsNcV9X2guh4,in_1vYTHsxYdfs9tIHfQW3iCMlH,cus_3FQAQFdR4r0Wid,59900,59900,0,eur,succeeded,1,0,,,card,mastercard,8539,10,2030,DK,Subscription creation,nils.lund@novapoint-retail-group.example,txn_33zsD8TibUfFMpyGzLnllmQ8,1788853530
ch_3ngsIjesA0ZJ2uVfepTnRf5j,pi_3AvwwtxVYq3EIBAD9oQfQnaA,in_1vtL0Ao9bUyhs1tkWTN4BBpJ,cus_pRfHd7Ikrlm0Cc,100000,100000,0,eur,succeeded,1,0,,,card,mastercard,9707,1,2028,US,Subscription creation,steve.lee@clearcore-wireless.example,txn_3Mao915TC1qFQMskKiG4KLY8,1788855175
ch_302SgeKZV0Srq2vI9BsX9ymv,pi_3wE9pxNJHeUvzSrnMB3sXiUx,in_18nMnBnrWBwQcL5StzWjXBRm,cus_VAlSwcmtPok5Q3,100000,0,0,eur,failed,0,0,expired_card,Your card has expired.,card,visa,3607,11,2025,CA,Subscription update,laura.smith@vertexview-hotels.example,,1788870008
ch_3heBeDkzinOdfeKNl1HpbMXQ,pi_3v0nZuAHkBpzNI5d0vgaQSEQ,in_1TohYNogj9FzNjMpbFmk2J4o,cus_2Vz5AWxPqDTr8O,100000,100000,0,eur,succeeded,1,0,,,card,visa,2245,2,2027,US,Subscription creation,nicole.baker@auroraline-schools.example,txn_3TSleDiD2ekwvntkZIHoUBBw,1788875722
ch_30Whlrqc3xscZv6bSQ0aUxhE,pi_3zJs60ymaS3FsOXbvyUGXSPD,in_1Pzu291QhQtJl6u5iq6QzLgW,cus_SOD2NOLlZmfuut,100000,100000,0,eur,succeeded,1,0,,,card,visa,9483,6,2027,US,Subscription creation,ben.mitchell@bluestream-it-solutions.example,txn_3s4TGSLCzX8HNVUl2lXkRjJH,1788883064
ch_3qKZ8jAuWvtvOUbuttxEOVC2,pi_30QhYt4Pdq589oCVNHnzCtiS,in_1TZQyBXZBO7MDRoqXnrHTug0,cus_e3MHj89Ey7aFNL,119800,119800,0,eur,succeeded,1,0,,,sepa_debit,,,,,,Subscription creation,mikko.salminen@maplewave-clinics.example,txn_3QuUsG4OjJFPIif8EeG5XJmt,1788951606
ch_38vhZvcy2498GyPmvdWuRjWN,pi_37gPaorudERwHC0kqPp4g7Pd,in_11h0DQYSuahQ69eGtd9jhmBA,cus_BDUS7n17OjexcG,100000,100000,0,eur,succeeded,1,0,,,card,visa,7777,5,2029,DK,Subscription creation,bjorn.halvorsen@maplepoint-partners.example,txn_39OxNWq1n9fAPhRe78M7yKH2,1788982176
ch_3T9Eot0kc6ilAkLjmJ6jm0kz,pi_3Rd912kvChM27iWeA7hbKAmS,in_1f5k0r14osVyvp9c2pGIKxKh,cus_N7sYtmRSe3bDlM,200000,200000,0,eur,succeeded,1,0,,,card,amex,2854,3,2029,US,Subscription update,chris.thompson@summitpath-partners.example,txn_39Nl6NBFkZE2L8wFvntyZ3fw,1789052425
ch_3X1qy8VA7uuFfF6KDR2MONRJ,pi_3mvym8D0i1dvTTt3HK1Rho8j,in_1vn4CxYnZXi9fcxV5eBIgvzp,cus_Nd3L7D6gWQpElz,119800,119800,0,eur,succeeded,1,0,,,card,visa,4606,12,2027,US,Subscription creation,james.thomas@thomas-network-services.example,txn_3iJ5WxDY8jSZxhlPkcED4fAl,1789065180
ch_351m9PRZOOJEC9zMPAFFlHzF,pi_3byQuKtRY3Wa3mh2wzaMhyNr,in_1olz2JBnwRA91ZjFHlyvySMA,cus_qFG2eM41pQgvny,59900,59900,0,eur,succeeded,1,0,,,card,mastercard,0249,3,2027,GB,Subscription update,mark.evans@nordiccore-hotels.example,txn_3Zvmb6mBLgZ5iTUnIUcYYZNN,1789108807
ch_3LvExaQCc3Mrpj0LaKdMS3EF,pi_37p1fxEALLlay9iFSRG6bLxw,in_1DkTifcoKpf7bNdNtvf46v39,cus_AiCUiTA6JtH7He,100000,100000,0,eur,succeeded,1,0,,,card,amex,9922,10,2029,SE,Subscription creation,bjorn.olsen@greenmark-rf-consulting.example,txn_3lmEtj4xXRQHwUfWWmc0Avh9,1789113208
ch_3AMPwZ4lGeyrPwRRoqwLVucO,pi_3vGpjILVsaIYZdKF9wutHL6c,in_10djq0ZYq0K4OI7Yw4OX9cRD,cus_gV8LyoWiyHz8wk,59900,59900,0,eur,succeeded,1,0,,,card,mastercard,6242,3,2030,DE,Subscription creation,tobias.koch@westbridge-media.example,txn_3xmRzyact3wp9CGzaYFQHbhY,1789123757
ch_3RHDZP2Nrdgi7ycGlkjsW5ER,pi_3lyoiI9kwEAJBaP5rPQsrh1d,in_13b8cLOdxLAGYwXSNBDxdAej,cus_spwkXuV140LbbE,100000,100000,0,eur,succeeded,1,0,,,card,mastercard,9205,10,2027,GB,Subscription update,josh.scott@scott-wireless-consulting.example,txn_34XDOTIAFQSVhjPTO8hm05Pp,1789125385
ch_3S7x2m0NM8iurs4r821amMYW,pi_35qSJmd9YZO9jMf7A65nmhzM,in_1u0ALYTDX4i4SWO7LLfojtZA,cus_jrzNRLk4zePNww,100000,100000,0,eur,succeeded,1,0,,,card,visa,8670,9,2029,GB,Subscription update,priya.phillips@harborbridge-foods.example,txn_3FKORodOoHkUN80CNXb0S13c,1789142586
ch_36DCuAcQfJYOCwJhwDYa2bpA,pi_3BUAv8XvGl7Sfa48ZliWy5uN,in_17zrYpOEgldPJ2fhcsQi3Ua5,cus_AhaUbQcU27lPQa,200000,200000,0,eur,succeeded,1,0,,,card,visa,5452,12,2026,DE,Subscription update,tobias.koch@apexpeak-foods.example,txn_3vYa1FSy3fc1g4kSbc2L2ra6,1789145548
ch_3JxHojlIDc80bKyP4TvqQHQD,pi_3S0l8566NCq3nFSwHtfkqgaj,in_1CiTQlfyeQpGeWVXAye3XUr2,cus_OGWizBGHlC1PcC,119800,119800,0,eur,succeeded,1,0,,,card,mastercard,1523,5,2027,GB,Subscription creation,nicole.johnson@johnson-network-services.example,txn_3m8j88i97UopkKXzHT2aNIvA,1789154556
ch_3M9L81sQ7H4WvPFmZRfJVKvs,pi_3r152SBnZCpI2r9jtfZ6wamh,in_1pzFD100tj2YVroBuJ5k2tKz,cus_Z2LwnG4M1CuJWU,59900,59900,0,eur,succeeded,1,0,,,card,visa,3980,9,2028,FI,Subscription update,marko.turunen@balticwave-communications.example,txn_3BogrUi9hqEKnEmlyzsvhIzG,1789211972
ch_384gQOBDkgsEfc7xaEPi1xnb,pi_3B2g4SCft2avsalvDsReaL2O,in_1EP9ZpIxi1oUi5A2NugYqE7t,cus_CZVCoHf9iIcVio,59900,59900,0,eur,succeeded,1,0,,,card,visa,6488,9,2026,US,Subscription update,raj.evans@ironline-managed-services.example,txn_3DVzNWqEn18ms4iQHA2opgg5,1789224079
py_3qzxWcE41hvjSBZBumQGK4tL,pi_3wJDL9TMN8QC0vDrc59smlBM,in_1ckMmaVS7UB0pfZTMg1iCjKX,cus_JURXvkTkGTaIQA,200000,200000,0,eur,succeeded,1,0,,,bank_transfer,,,,,,Subscription update,kari.nieminen@stonestream-retail-group.example,txn_3AMiBjW7TMXCx36G2CuUwJN7,1789238668
ch_3IM5RqIG77ys7fOgQAKuwBmr,pi_3mwAglXVViAHRA5cwclqCcD7,in_1vkG13R54jKxhURYHvuYFrLB,cus_8C5Ka4k9rMY8LG,100000,100000,0,eur,succeeded,1,0,,,card,visa,2524,8,2027,CA,Subscription update,brian.brown@brightstream-rf-consulting.example,txn_3AjH7rN3ImpkoOUCPVXHWawv,1789242372
ch_3NCkO41Mbv9h9KrUiqpb2qy9,pi_3jj1nMHBPi9nbF62mFg88IjF,in_1dFnziiStHyfSva7qr8H1Xej,cus_KCkxlTkCgcl7FL,119800,119800,0,eur,succeeded,1,0,,,card,visa,3924,4,2030,DE,Subscription update,michael.braun@signalpeak-clinics.example,txn_3grUPWbjjnFrlsGft5KFCZcl,1789264768
ch_3BRr9Auvv2YIan0hiixLM9gq,pi_3wE9pxNJHeUvzSrnMB3sXiUx,in_18nMnBnrWBwQcL5StzWjXBRm,cus_VAlSwcmtPok5Q3,100000,100000,0,eur,succeeded,1,0,,,card,visa,1830,2,2030,CA,Subscription update,laura.smith@vertexview-hotels.example,txn_3JKMbhTElUN8Aam3kkpSQvuA,1789305368
ch_36OwKtfPuzPnK1GzNfxU6zff,pi_3ZzIYCU5Oqvss06K6XZifjzd,in_1OarDRRmQZJlAdA9GJ5IBMl8,cus_AXCcyF4hIOlM78,59900,0,0,eur,failed,0,0,card_declined,Your card was declined.,card,visa,4282,12,2029,US,Subscription creation,tom.hall@cedarstream-clinics.example,,1789367436
ch_3HiQLD0zbPHmzdCLy6bhTjHy,pi_3ZzIYCU5Oqvss06K6XZifjzd,in_1OarDRRmQZJlAdA9GJ5IBMl8,cus_AXCcyF4hIOlM78,59900,59900,0,eur,succeeded,1,0,,,card,visa,4282,12,2029,US,Subscription creation,tom.hall@cedarstream-clinics.example,txn_3EMFjyb3EsQzKlsJeHlNysMF,1789367571
ch_3R7okRMluAl1JVZ4IOmjnhtu,pi_3fdtEogV0wQU45RuMlOLwYz3,in_1uHqbDQQy2ur09v1FNMJUVie,cus_CFbceIL6bIgaU5,100000,100000,0,eur,succeeded,1,0,,,card,mastercard,0630,10,2027,GB,Subscription update,david.phillips@atlasstream-wireless-engineering.example,txn_3ZlnYpMhJsX2OesxmqwdvMoV,1789386093
ch_3SRoj0cdgl6I916C70oTb0Qi,pi_3XjsnRuh62oaHREduGd4UOAv,in_1xTKjcu10KteqD2rYcctLS72,cus_YfJodQIgLtf9Pj,59900,59900,0,eur,succeeded,1,0,,,card,mastercard,8620,8,2030,US,Subscription creation,eric.green@green-network-services.example,txn_3Ia1j8NROzyf6EsGzqn5vRwJ,1789461988
ch_3P2k1o9W6iGDsfacyznbHzCW,pi_3Hi1X61mSQRqTvqzVI2HOy9Q,in_1mataXHfDq8Sc9NOJLLlRGWg,cus_nNbtL2T1vNxfPO,100000,100000,0,eur,succeeded,1,0,,,sepa_debit,,,,,,Subscription creation,katharina.becker@orbitpoint-wireless.example,txn_3JVvG3pclTkLSM1sgNmkS3WP,1789480648
ch_3dBD1kZ35HderSQPsbBb7ltZ,pi_3fkaV06cJM490gYifWsZXoUu,in_1LKiAX9bHppqhspIoWcEoBhj,cus_XWm8FZZllQvNAP,100000,100000,0,eur,succeeded,1,0,,,card,visa,7506,11,2029,NO,Subscription creation,nils.dahl@aurorabridge-wireless.example,txn_3aT0cmbFyrKhmJr9Z6yVQxF3,1789494166
ch_31RlPoNVsVn71NABRo9sheAk,pi_3nKnGy45IFBHck9TEnoFN2Rr,in_1HVShbkwJO8NLBwwTpe5oUoT,cus_sZvn4hVYCAZ436,100000,0,0,eur,failed,0,0,expired_card,Your card has expired.,card,visa,4601,8,2026,FR,Subscription update,guillaume.rousseau@polargate-rf-consulting.example,,1789515287
ch_3mFOhuxfa55VmPI9BFwsqxlJ,pi_3gjmOdshwd3FNXNSKhYhXIHx,in_1rZojoxHK43SUOxoqf6Qx5vV,cus_ZxlUfAKyzP19l7,100000,100000,0,eur,succeeded,1,0,,,card,mastercard,9246,1,2029,NL,Subscription creation,jeroen.meijer@cedarstream-communications.example,txn_3G3YBJjyFciYl5taew7l6ao5,1789540794
ch_32uZQIO2ik666x3X30iFaylI,pi_32Zn8SdxnHU9jmv6z8zSLepW,in_1X9nmPnTWWbuhsfhK9J12d40,cus_peWVggoVGm90ho,100000,100000,0,eur,succeeded,1,0,,,card,mastercard,6202,5,2027,DE,Subscription creation,lena.muller@orbitworks-networks.example,txn_3bBKbhsrV9Mod45QdMbky5Pf,1789574468
ch_39SuJLi98f2DFvdKrzzbkmqt,pi_36vzip8gcMCHgggrOyPXg7u1,in_1LqSRFe5KPSf0dOFyDRLcn3O,cus_5O5hQS3V603zSr,100000,100000,0,eur,succeeded,1,0,,,card,visa,9958,5,2028,US,Subscription update,kevin.nelson@ironstream-properties.example,txn_3jZodJYF1sLmXAgXm2tKLnfJ,1789576110
ch_3nfuGTvgb4pzS9jZhxLFWEdG,pi_3v5Neb0hnR0k5gjyQQpGKFoe,in_1jNXqVncqqUt9csBN6K7CNab,cus_UckBeEG9Hm2D1B,500000,500000,0,eur,succeeded,1,0,,,card,mastercard,2124,7,2027,CH,Subscription update,tobias.wolf@beaconline-telecom.example,txn_38hkIzzSB9Oa7XG6Dl4zDFcD,1789579557
ch_3EUCNXN4qVOOwlNxzHXnrUsV,pi_3uqJSq3C9Nh6fBpe6GtzoWNa,in_17wLAIfxwaN3KPE0E7jPCUlg,cus_ZhePg70GjokGcW,100000,100000,0,eur,succeeded,1,0,,,card,amex,0784,1,2027,US,Subscription update,david.lewis@silverpoint-media.example,txn_3soikcwDEhJK5P2QJhyOjFFz,1789627323
ch_3TNtgfdxIAIAq7kxUjIFwtZD,pi_3LXggeURHaAkpuHVnzeA8Teu,in_1H8PvKQjdEzNAhZEIspdcMD8,cus_UqAkHI3iXNkjuI,100000,100000,0,eur,succeeded,1,0,,,card,visa,4852,2,2029,US,Subscription update,rachel.thomas@crestbridge-wireless.example,txn_3he8wBQZxqSOekoHLYTBM47i,1789644080
ch_3tj3mYTLPwSnxrZuW1h2BKUQ,pi_3Mfik0XayGSt21rIoIi3Na5V,in_1w1QEyNEWo8NAOiY6Hr64BLa,cus_weYdzPGowyZVc5,100000,0,0,eur,failed,0,0,expired_card,Your card has expired.,card,visa,5156,11,2025,DE,Subscription update,sabine.muller@pinefield-partners.example,,1789650270
ch_3ASGaLd3Vvc6TP76KJbJzwG1,pi_3QifyXfdELIJvBDe2qUg5J4I,in_1dVRqkCj7JNj8u6BI5yCQK8s,cus_GJqSlkxQQxcfDG,59900,59900,0,eur,succeeded,1,0,,,card,visa,6488,12,2030,US,Subscription creation,ben.anderson@northport-foods.example,txn_3UJepZMlp2b5Df3JrwO8nL9v,1789675381
ch_3CfcCBK24CrTDbNLhTXBVZE5,pi_3n3mXcBXJCG1sj2oTpndrgId,in_1S7zVc9hZoZqh1kAIO5VQmXT,cus_vR8yyTQCw8aSrr,59900,59900,0,eur,succeeded,1,0,,,card,visa,2840,8,2030,NZ,Subscription creation,wei.roberts@novafield-foods.example,txn_3t6ihqdj7DGDvxdEV50De7aF,1789717172
ch_3E3FswDI7d2Pt2gW269113w1,pi_3zDCqT7StaXee4NZe0pfofpx,in_1IdoZ417HvTLgIJfyAAqqbMO,cus_3VsiukD0Nw7qou,59900,59900,0,eur,succeeded,1,0,,,card,mastercard,3322,12,2028,SE,Subscription update,kristian.holm@alpineview-communications.example,txn_3xnzPDIPXKzsJncbTGu15jBv,1789717864
ch_3R8u3dXctt75owPtPJ9C1a2A,pi_388ECoJSdBv3tOekoHQj1Kx3,in_1w4jMvfasBuUv4AgcAww4H43,cus_vMSXahBIi5nrKx,100000,100000,0,eur,succeeded,1,0,,,card,amex,2728,7,2030,GB,Subscription creation,kate.roberts@weststream-networks.example,txn_35gy0fqII5PyhVWSwCdENcrn,1789727322
ch_3Tdr86nC5sC0pSUVxKXlvg0w,pi_3zhfDW7wjyxhMBAukAwMfJs6,in_1aEJBAjemtLZLQhU0tsInbmq,cus_6grjz1tzLNhL7e,300000,300000,0,eur,succeeded,1,0,,,card,visa,6004,8,2029,US,Subscription update,priya.patel@alpinebridge-media.example,txn_39OBh18jvLFVwHvxixF90BbK,1789732870
ch_3qLUG4Hr0gHIOexwNXt1UsKh,pi_3fvtPQeuj0o5WGTrz4fapnsI,in_1c9XbO1Pl2YrlVlj9BgT0OFy,cus_qg9kgueco8jsI1,300000,300000,0,eur,succeeded,1,0,,,card,mastercard,9876,11,2029,US,Subscription update,jessica.nguyen@westview-industries.example,txn_3HC4z5dnRuE6SNv4pfPV7uNE,1789737861
ch_3K8hasKKldbDdxNWq9esDdBK,pi_3NyG3QOJCubuOPWBIHRFhLdn,in_1X7Yztiil4dyczaQV7l1lKAu,cus_h3RF6QmIWrhFYh,59900,59900,0,eur,succeeded,1,0,,,card,mastercard,3816,1,2028,DE,Subscription creation,stefan.hoffmann@brightview-warehousing.example,txn_3fLVQSgfWbL1fP7w7ee6UPCb,1789740736
ch_3hz76LHD5lrpfWkc98E384G3,pi_3nKnGy45IFBHck9TEnoFN2Rr,in_1HVShbkwJO8NLBwwTpe5oUoT,cus_sZvn4hVYCAZ436,100000,100000,0,eur,succeeded,1,0,,,card,visa,5164,9,2030,FR,Subscription update,guillaume.rousseau@polargate-rf-consulting.example,txn_3Eytm4WzckLqxxl6aayMagbf,1789779167
ch_3NshUqSWyCpTuhH1T2DYF5Uu,pi_3NiNpDbsEtGAojNxvVv961Uc,in_1VtiWS8Kk9KO0NnjO8maQLUx,cus_Nb5efz71H5Nl3V,59900,59900,0,eur,succeeded,1,0,,,card,mastercard,2022,10,2030,FI,Subscription update,laura.salonen@clearstream-technology-group.example,txn_3hPqYBwbcUceFFF224LmWn0x,1789890150
ch_3vMm7nDaWeF5wlxtp9Url7Zj,pi_3T8mMOasmEjGHwA6bhabT7b1,in_10pAqWVREZ6ufVpR9loG7LlS,cus_UcdPVO5mJ4OKDs,200000,0,0,eur,failed,0,0,card_declined,Your card was declined.,card,mastercard,9464,5,2029,NL,Subscription update,ruben.bakker@cedarworks-managed-services.example,,1789900888
ch_3bkzGG4BemQHXNhFK8Iyek6C,pi_3Mfik0XayGSt21rIoIi3Na5V,in_1w1QEyNEWo8NAOiY6Hr64BLa,cus_weYdzPGowyZVc5,100000,100000,0,eur,succeeded,1,0,,,card,visa,4915,7,2028,DE,Subscription update,sabine.muller@pinefield-partners.example,txn_3YS4PgSsJ0QLeggEU4l1Jehb,1789909470
ch_3pKWVbEdAXFa4v6IFVytLJWl,pi_3E5XagDR2yWDLZBsfHnyyht4,in_1m29n4hkO5qZb33s4fuSyNLh,cus_O4CyU4IHN0jvtK,100000,100000,0,eur,succeeded,1,0,,,card,visa,2413,10,2027,CA,Subscription update,james.jones@novaline-it-solutions.example,txn_33Qx3DoxkJYdbuWPX9oxHR5W,1789914233
py_3nCxcIl0m1KhHcFBduhk9eno,pi_3ZDeMGBfMGHAikXBvywPAqi1,in_1NFFGhwI8gy5RZWDroht61lt,cus_1ow3W9fBi6R9Ke,400000,400000,0,eur,succeeded,1,0,,,bank_transfer,,,,,,Subscription update,jonas.strand@northpath-wireless-engineering.example,txn_3FuxQLsHX4RkInKrI9Z02136,1789922023
ch_3cqoCQDfdI17uDWhGbz8hwK3,pi_3f0jrx1lHoaTl4Pzj10WDTfH,in_1mpGJq6FKolAbqaNNJBVeFTl,cus_QO1eJGoZCOMTJD,59900,59900,0,eur,succeeded,1,0,,,card,visa,2686,12,2027,FI,Subscription update,riikka.heikkinen@postbox.example,txn_3utoNaCh9oeLn9cSmQh865rj,1789948665
ch_3GV5iKPAU8DYfZ5qkQ6KmZIe,pi_3h9n3X7nwaWKedOWh392WvQZ,in_1BmdxiheRO0mtb8mp9mYb3w7,cus_02xklpvmNFj4gV,59900,59900,0,eur,succeeded,1,0,,,sepa_debit,,,,,,Subscription creation,daan.hendriks@nordicwave-properties.example,txn_3TlBzsGTYg2cZBvXnkOa3LYx,1789978756
ch_32uxPJeMwAKBkmW4iOcbwgwB,pi_3DGVKsfP6OM2pUq5DKtVdG6V,in_1Zav1sHGoJleJ1gWsjFausoi,cus_5da6WWbGzrocoI,100000,100000,0,eur,succeeded,1,0,,,card,mastercard,5170,8,2029,IT,Subscription creation,alessandro.colombo@novaline-wi-fi-solutions.example,txn_3WysJ2qy0Ie5uhRO6wjU5JOm,1789984196
ch_3uwq7zsZkw2WnnkggH4D0ZsM,pi_32IggpbJAEjLc7lNbB61skHf,in_1KaQGYf8TB9JQlrQJabKa8TQ,cus_EFHc1UIijnB8oJ,59900,59900,0,eur,succeeded,1,0,,,card,visa,4496,12,2027,US,Subscription update,david.jones@signalpeak-wireless.example,txn_3wdi8RCyaCJokfexf6VVFtTM,1789986281
ch_3tYCIB5m7wRHYXYHsqRA7Qre,pi_3mr6G5agqpr7jMiQaod0uom0,in_1GL3ZUslhJsYBB57lInXgOBC,cus_FBstZIZUnvWuTD,200000,200000,0,eur,succeeded,1,0,,,card,visa,3406,3,2027,SE,Subscription update,ingrid.strand@mailbox.example,txn_3xV7OLgLZSHtE5xT4KtReffB,1789991350
ch_3aps6X23I4C91HZqpyn0ju6W,pi_3fRptzxdrKlAOt3B8ZGU3d4L,in_11E0NPvFkrr0KGTKhgpeSbSe,cus_lnohP0Zq8OpTHL,119800,119800,0,eur,succeeded,1,0,,,card,visa,5509,9,2027,BE,Subscription creation,koen.smit@inbox.example,txn_3cOr24svYNLJRzDUfNhxX7kN,1790005314
ch_32egrAgidRSbvwExOltLVprR,pi_3FXfkooNLCILS556vgYGXcfr,in_1kNK3YLV9AJLZq85NQ91V078,cus_96Zo2ETY9Suxtz,100000,100000,0,eur,succeeded,1,0,,,card,mastercard,7893,8,2027,DK,Subscription creation,bjorn.madsen@northwave-networks.example,txn_3aR7eTfdM2lGBFll4ssK4WcR,1790025603
ch_3ZIg9yOUTGH0ZxbVROQBxUoi,pi_3oR9VU3nSIBJaku0YBnr9mop,in_1zR24jx3Htik8OPOeF07RMAv,cus_HQMgjEQQHUTDKq,59900,59900,0,eur,succeeded,1,0,,,card,visa,1009,1,2027,NL,Subscription update,sanne.mulder@silvermark-warehousing.example,txn_354Bca16261RYNHSS3xrWHP2,1790053490
ch_3ozLeElSFHn3OtwUVuXXg12b,pi_3lmEA1vjrmE9LHaxWZuV8lia,in_1NVY81VmWpUaPIRZXOB8ubOR,cus_x6YNaRDIOQeRPZ,119800,119800,0,eur,succeeded,1,0,,,card,mastercard,0813,7,2027,CA,Subscription update,jason.white@balticview-logistics.example,txn_3zdhnnWnswmFZti0Bsh8N2OD,1790078884
ch_3DCY6NDTNAnmmZzyBa2wkeAA,pi_3ykJs8Tb9FiYx3zZCU6PG6Ey,in_1vlOgyZ5pS1Zlmq5XIzV5wNi,cus_5qG4TymqioTp8B,200000,200000,0,eur,succeeded,1,0,,,card,amex,0812,1,2028,US,Subscription update,steve.kim@orbitmark-hotels.example,txn_3btGers6YASwBoz0CXQPC1Ik,1790087705
ch_3P5gDHiKRj7XaiZnfo9dvn9G,pi_3wBqhEJGgW73iuemcGwXgkYz,in_1A5JzXWJDNyKbnXXdyewAaEM,cus_EmqAOrll8JoD8T,119800,119800,0,eur,succeeded,1,0,,,card,mastercard,6619,9,2030,SE,Subscription creation,lars.olsen@olsen-wireless-consulting.example,txn_3HnchBMa2keIRoh7WqM24oId,1790095184
ch_3M6rZLzwEVYBAn8B6Rv3mSez,pi_32SHemaPQIuzgOLPAnQju30Q,in_1EyYjggDY9aUHmvKkZyohFXY,cus_EjGzlwnQDbDPtW,59900,59900,0,eur,succeeded,1,0,,,card,visa,4318,10,2029,CA,Subscription creation,paul.smith@apexworks-wi-fi-solutions.example,txn_39uyfMjwVEGeFiKtPfLkiwGe,1790098908
ch_3MJwRKUJ8TXPVQqvy8xW0gQZ,pi_337VixIdyt8BDgut18alEWrG,in_1tTsX355niXd0zCsPWOKw5wp,cus_ITGlTwgoMbd1kG,100000,100000,0,eur,succeeded,1,0,,,card,visa,5501,4,2030,DE,Subscription creation,katharina.neumann@bluemark-logistics.example,txn_3KM8xbWOraNzl6vVcouDturF,1790099097
ch_3pusKZ90MV7r72iz24F9EZT0,pi_3jSIA75nrB22LZqu8rSf8XFj,in_1KvaPHJFifHCsKlTxw3cRtp9,cus_T60QsrnrZFD1Vw,59900,59900,0,eur,succeeded,1,0,,,card,visa,2188,8,2029,CA,Subscription update,amanda.green@green-wireless-consulting.example,txn_3kCNfF6xdqMMFwDXPaGaACEa,1790151613
ch_3oavqXsfR1cDwybZe6zTSyRT,pi_3T8mMOasmEjGHwA6bhabT7b1,in_10pAqWVREZ6ufVpR9loG7LlS,cus_UcdPVO5mJ4OKDs,200000,0,0,eur,failed,0,0,card_declined,Your card was declined.,card,mastercard,9464,5,2029,NL,Subscription update,ruben.bakker@cedarworks-managed-services.example,,1790164408
ch_30rueii3VeE2PMq1X6hcyek2,pi_3Cdi3xYn4UTZ4odJ3GynBVrc,in_1sNqpvGSIXBEuAREnmQtjMJl,cus_GngUkuaIKppcs7,100000,100000,0,eur,succeeded,1,0,,,card,visa,0019,2,2028,US,Subscription update,jessica.nguyen@ironfield-logistics.example,txn_3pdrhoFsFgpqPCOKccaCc6nE,1790167343
ch_34S3yIG0v02JtbXMv3RfFPdN,pi_3o8DFlVGoIqMxHwSeLLOua3R,in_1DqO0WM8BkNaTXsehZq5bUFr,cus_DTQhsyHhCegn22,200000,200000,0,eur,succeeded,1,0,,,card,visa,4414,1,2029,FI,Subscription creation,katja.jarvinen@auroramark-rf-consulting.example,txn_3k9fkPYIGCjU9n17dA4S7GoF,1790173829
ch_36lULOF76r1XF2qlAg0KWT8m,pi_3goqCgKHRvTPsFSTp3JQv8zE,in_1Nqnm6uSsgjHO2JuFjH9iGG0,cus_RNDimkElhz51ii,200000,200000,0,eur,succeeded,1,0,,,sepa_debit,,,,,,Subscription update,rasmus.nilsson@signalcore-networks.example,txn_3bnnDTRe7MFGSgRosi6F5YVN,1790174944
ch_33sRlAWox21BQGsRL8F6V5kf,pi_3JXmLwu6zhmGqWWUiOYUjrnI,in_1oL7qJKvksVs85wMTARI4dtz,cus_mequED1RFZfWHa,100000,100000,0,eur,succeeded,1,0,,,card,visa,9544,3,2028,AU,Subscription creation,ben.nelson@clearline-media.example,txn_3HK3Q7F9ugi6pOVQckEXj7An,1790181775
ch_3VurG1Lsyq4cqhnpZBSEymIt,pi_3xKjQ1dFs4VppJhOpG0CxAE0,in_1qNa2zYMzAgeAVAfMdh5mOiT,cus_wpQGfFAVQTOopY,59900,59900,0,eur,succeeded,1,0,,,card,mastercard,8352,1,2029,NL,Subscription creation,ruben.bos@bos-wireless-consulting.example,txn_33ftDem1AMEnkX2eQB0frbmz,1790234873
ch_3eeSyfvBVZN0RgeD2Y4ylagX,pi_3ciFdjyuzs52TXuUSAGLIzVq,in_1Nv0S1Cc2HtcMm6rrNFKIpoI,cus_GmZAanfQzp2Uk0,100000,100000,0,eur,succeeded,1,0,,,card,visa,3077,11,2027,FI,Subscription update,riikka.lahtinen@alpinebridge-wireless.example,txn_3bJGh5c3ipvyKTZlU7a65VrD,1790261275
ch_3MuSIRlY5vPJ7uyzDZZZxVuc,pi_3cpxUbXFFyoDeFAjiau2iJb8,in_1H33TFT3AxCPkFP9YOPlMVxg,cus_1MzewanP8ltXZ5,200000,200000,0,eur,succeeded,1,0,,,card,mastercard,0906,4,2028,SE,Subscription update,nils.holm@stonecore-telecom.example,txn_3v4XWJQiHDhZWzYgo82CxgBM,1790266140
ch_3SqaMp9VutFPVJuZQf83D8zf,pi_3Y1LNh7uKr7btmT2ZQI8IJGY,in_1BksLJM9tLSmCpjSjxIEoMUT,cus_mf8iRef3abyzFd,100000,100000,0,eur,succeeded,1,0,,,card,mastercard,5532,4,2028,NL,Subscription creation,thijs.meijer@crestbridge-properties.example,txn_3iqdQv2D44TiNBMGlV9qbOm0,1790330441
ch_3iIW1Cfvyfp41Db2dhL0rpsw,pi_3Fs66YVQTYqbvA1xliemJBjE,in_1YRbSsHWCddaiZireI7UzrCO,cus_IDnH5hxy8QhYFt,100000,0,0,eur,failed,0,0,expired_card,Your card has expired.,card,mastercard,0001,5,2026,FI,Subscription update,petri.nieminen@signalline-telecom.example,,1790334603
ch_3zrlqi4xGrheo8p9oCcuWqOn,pi_38CRNu6QwjOghjE5rfVcuIbB,in_1pHUqXcgm4ugFUYJPDXAhRQf,cus_HdW737oT6OoDii,200000,200000,0,eur,succeeded,1,0,,,card,amex,9066,9,2028,US,Subscription update,rachel.murphy@murphy-wireless-consulting.example,txn_3v0lrQ75YZjTxCJ4m8LyCBTv,1790336953
ch_3EXRXXoEaGD9RhaW2x7ywFuZ,pi_3ZPwCj0pZ3uXU8VwboB86NKg,in_1emFvX7AUw696foxe1y5oevF,cus_zGb999oW93oDkb,100000,100000,0,eur,succeeded,1,0,,,card,mastercard,9800,7,2027,AU,Subscription update,david.nguyen@vertexbridge-wireless.example,txn_3E5XzhXBvQ00apvsWOfElLMQ,1790338838
ch_3D3aCX7hHm9qwDeVr1iSTMHr,pi_3ph4owNrwSlw8LHBlnHacDZD,in_15ou8QrKUzp97LiYxJ3S4kbM,cus_G0WiKgYuzzKmTK,100000,100000,0,eur,succeeded,1,0,,,card,visa,4903,1,2027,SE,Subscription update,mats.jensen@crestpeak-schools.example,txn_36qZVFysMYWXXn3fj3TFI0bY,1790346780
ch_3Cx7kVu0ks4yQsyP4sV9hEtp,pi_3oSMu1a8TWdRUi1PXBSGzu1u,in_1olwfSoIVDvDLtqeisQZg7IA,cus_NoEh7XCaQClqIu,100000,100000,0,eur,succeeded,1,0,,,card,visa,7366,7,2029,US,Subscription creation,megan.turner@aurorapoint-it-solutions.example,txn_3Mb8TNQWZdYAmDB8VSzKe0dG,1790346932
ch_3XPESW9XNrHKsE2xf9ZXVUQY,pi_3HR63QncKVku75hgnvlSF2DE,in_1pdZgt5ivAtWDRPo8PYXhIMl,cus_izsaSpkLNZjjZg,100000,100000,0,eur,succeeded,1,0,,,card,mastercard,7271,1,2027,US,Subscription creation,eric.wright@orbitfield-wireless-engineering.example,txn_3Rp9ckyTH6eFewPH1F2aTjMM,1790353662
ch_3Jp8LbtAppKQDWrosZmckHoL,pi_3THI8Zmd1CIHXl4cil2mFpo0,in_19It19vGGg2ydQd2fI1MCrRi,cus_kg2Wee3hMTo6vi,59900,59900,0,eur,succeeded,1,0,,,card,mastercard,9043,8,2028,FI,Subscription update,laura.salonen@inbox.example,txn_3HiFmqh3lLN16vqSrYzUTV3O,1790354345
ch_3GkYwjHYeZe3JbAZpwzQ5D6G,pi_3Oc4vzZuSSogToeVv0aT37Jf,in_1Vg1cM7UOpxrNghPBH9jroTy,cus_sdHiitvqfCvLpx,100000,100000,0,eur,succeeded,1,0,,,card,mastercard,5889,6,2027,SE,Subscription update,rasmus.olsen@olsen-network-services.example,txn_345gB9roVE6LkDEAn8ULhAmw,1790396087
ch_30o02rwnfvZMmtRfL64a44s0,pi_3fHGWvQHKblJTfHt4h5QzCTF,in_1Fi748r8jJtzC0E7hbvYSnA7,cus_NTZXAZ8HA1TdnZ,100000,0,0,eur,failed,0,0,expired_card,Your card has expired.,card,mastercard,5656,7,2026,DK,Subscription update,mikkel.johansson@harborlink-warehousing.example,,1790414032
ch_3Lzh3cCyUiHKlgpLWYpAW9sg,pi_3FBfSdzOjIwzh85yYKVrYvJe,in_1hAT2ERz4trTwseHux8bK0Cv,cus_uT6z2dph2RQzl5,100000,100000,0,eur,succeeded,1,0,,,card,visa,3362,5,2028,DE,Subscription update,daniel.neumann@nordicport-wireless.example,txn_3TtuPy3bjCFYbyzSx1UWukrg,1790426071
ch_37PM9uOYb6IU1vADR9NbBL1z,pi_3QxBAszyrwwcRF29vQtf8Hzr,in_1trlnqyXKhSIpGCVptyvYELl,cus_vqRTnqgn0HoP29,100000,100000,0,eur,succeeded,1,0,,,card,mastercard,2068,11,2028,FI,Subscription update,tuomas.salminen@polarpeak-rf-consulting.example,txn_3AMTiuyued39k7e4uWSzTLr0,1790435917
ch_3UWcND5ildULpin5Z9nQRr9u,pi_3kV3r4zxAvnVrFUw4MA9rbDr,in_1D7KGmCxSoL0Ok9PkM457auY,cus_KqrBkiLqbqdrs8,59900,59900,0,eur,succeeded,1,0,,,card,mastercard,9676,9,2028,CA,Subscription creation,ahmed.thompson@silverport-networks.example,txn_3YqLWixkSuVQcxPa0jvfgYS1,1790502534
ch_3kajjlUtRlZzoaxZzmsakFpl,pi_3ZR9cSEmbb1fruCBQ3LG1TDz,in_1iz403cll05FfZm8aLWtGCSf,cus_ovhjjDNPVmX6uA,100000,100000,0,eur,succeeded,1,0,,,card,visa,0679,9,2027,DE,Subscription update,dirk.braun@ironview-schools.example,txn_3CCbULjdQvBK9YXMF8GvF2mF,1790516520
ch_3B2zUL4v8ebM1N6R5UYd6tpw,pi_30f6DK69UvEMUJRUgPqYeW6S,in_1L0LkmLzeEWAch5oWR9Jei8e,cus_GxQUGzzHhr5LkS,59900,59900,0,eur,succeeded,1,0,,,card,mastercard,3877,7,2030,AU,Subscription creation,carlos.scott@nordicpath-hotels.example,txn_3CXJ3eJbddZcUDtKdyPzUyli,1790585396
ch_3FZIbnRomBZVqrK5osUSrgvC,pi_3ZLA50trxaw5QlVAUFGH5iZK,in_1FMLXEKnJHxl4bTMumP1s508,cus_9Y2IisbpBmpVpp,100000,100000,0,eur,succeeded,1,0,,,card,visa,7313,12,2027,AT,Subscription creation,tobias.braun@nordicworks-wi-fi-solutions.example,txn_3sf0O7MzJpVvb6UkGauwMABO,1790590783
ch_3r8daOYxD8UrZeW69G5cio9o,pi_3T8mMOasmEjGHwA6bhabT7b1,in_10pAqWVREZ6ufVpR9loG7LlS,cus_UcdPVO5mJ4OKDs,200000,0,0,eur,failed,0,0,card_declined,Your card was declined.,card,mastercard,9464,5,2029,NL,Subscription update,ruben.bakker@cedarworks-managed-services.example,,1790592568
ch_3rgTILBmneurE5k2doOxCbpN,pi_3Fs66YVQTYqbvA1xliemJBjE,in_1YRbSsHWCddaiZireI7UzrCO,cus_IDnH5hxy8QhYFt,100000,0,0,eur,failed,0,0,expired_card,Your card has expired.,card,mastercard,0001,5,2026,FI,Subscription update,petri.nieminen@signalline-telecom.example,,1790597163
ch_3I1XjZZfT4ezOVYlEjB6Q069,pi_3eSFRiaEGbKEhFgSOvPUMmH9,in_1QdWgUrb2s4hUJFe8RBzJoX1,cus_p3rxEowcCw7VGS,59900,59900,0,eur,succeeded,1,0,,,card,amex,0660,5,2027,US,Subscription creation,amanda.nguyen@pinemark-logistics.example,txn_3rBXD4MwDTqxOf64w7J3bvbn,1790639281
ch_3SkMALIvUgiHpNBr8hknWs9r,pi_3fHGWvQHKblJTfHt4h5QzCTF,in_1Fi748r8jJtzC0E7hbvYSnA7,cus_NTZXAZ8HA1TdnZ,100000,0,0,eur,failed,0,0,expired_card,Your card has expired.,card,mastercard,5656,7,2026,DK,Subscription update,mikkel.johansson@harborlink-warehousing.example,,1790676472
py_3YuQeCKOtZnuMNHL7uLv6Dmd,pi_3bzXlcb6zz3pi7L5xz1iJyNb,in_1ITeo2B98nVxbpaujCqWjPKL,cus_FWcKwBo8Y1o6u7,119800,119800,0,eur,succeeded,1,0,,,bank_transfer,,,,,,Subscription creation,rachel.davis@alpinepath-communications.example,txn_3DU4EyVWkEgGZxNrDOCoLSHB,1790695638
ch_3J1a8X8x2hXvYbJEM80vGQlO,pi_3FVTXex3wEN5DMVyN9HwlAMf,in_1RK1G7wOVmSSDD7zPinYGkKU,cus_op9kRPWBlUkvwa,100000,100000,0,eur,succeeded,1,0,,,card,visa,0806,12,2030,NO,Subscription creation,mats.nygaard@deltaview-media.example,txn_3A6XBREf3bTSkjfwZphnRbV1,1790696584
ch_3MkVIwvLHHSW4qJmQAwxNIih,pi_37cxPEIhD5DqQW3XhBzNfLx3,in_1i8GruEZbyWZ3Jvs2KiPpB70,cus_2o9lI3FFMoKEmT,59900,59900,0,eur,succeeded,1,0,,,card,visa,3481,2,2028,DE,Subscription creation,sven.kruger@apexport-media.example,txn_31mQnLtOwA64y2jEaChqxU6R,1790699085
ch_3e0hfAcwvHnhtwlB1GzJkCJK,pi_35GkeiRqEUEV0hvM1dZ8Rgem,in_187avtoh4L3vFup8zvnRv3Hb,cus_v4KMKb2DXqJvfl,200000,200000,0,eur,succeeded,1,0,,,card,visa,0716,10,2029,DE,Subscription update,florian.wagner@mapleline-foods.example,txn_3fjsfTYdHGgLWceuw4880N3F,1790708956
ch_3Nx7QNNVBEpeDpR4num5sKKx,pi_3u4RXMRBvhHUqIXCGrUhGdHq,in_12njywYGHchkbai9LUxZPku6,cus_VOHiiR9ehqCpZd,59900,59900,0,eur,succeeded,1,0,,,card,mastercard,8865,7,2027,GB,Subscription creation,jason.jones@alpinelink-telecom.example,txn_3v0mJmimfEQDMvl53UfLh7AZ,1790713451
ch_3FFvFAErDd1gQgWggIniAaFx,pi_3woRLsrptn3uEQJtaUZ2EZ2U,in_1NaXdNhfQM98OBunbTIaPzZS,cus_2mT7uMJzqLQ6RQ,100000,100000,0,eur,succeeded,1,0,,,card,visa,3806,3,2027,DK,Subscription update,lars.johansson@apexlink-wi-fi-solutions.example,txn_31hcg3zWU7GeiD5Z5DRyKaQz,1790756808
ch_3coIjOPwR28gCW0BIaNkgt5l,pi_3WVbTITGp8ABD6kDsg8YWtTO,in_1vMSZhMlnojpVyLfRWMsErNu,cus_EC261Ah0tvwl4s,100000,0,0,eur,failed,0,0,card_declined,Your card was declined.,card,visa,5183,6,2027,US,Subscription update,emily.lewis@lewis-wireless-consulting.example,,1790757730
ch_3TwmgXOOKEB7xaYE4HETKRzR,pi_3rr8LIKN45c1VYymxV3yxZ7l,in_1mQtb52zqDlpJE7JHmQw5FQf,cus_b1OiECQNe9Sf5i,300000,300000,0,eur,succeeded,1,0,,,card,visa,0513,10,2027,SE,Subscription update,magnus.jensen@harborwave-clinics.example,txn_3H50XBCqaiUz67fxnuxCMUZB,1790759816
