id,number,customer_id,subscription_id,status,billing_reason,collection_method,currency,subtotal,tax,total,amount_due,amount_paid,amount_remaining,attempt_count,created,due_date,paid_at,period_start,period_end,payment_intent_id,charge_id
in_1a9Zj0zUz0TyIvkdvwThrDT6,X19MFGLG-0001,cus_ak0KsBYUqa9Lu8,sub_1ZD1qpWIcjQECSVhdnhjh1KS,paid,subscription_create,charge_automatically,eur,100000,0,100000,100000,100000,0,1,1646382790,,1646382790,1646382790,1677918790,pi_3wJAn0tDFbSo5nmg2d1zSakb,ch_3tHUtMi58qW0sSrtzWoon4DH
in_1YbHpMUm2GUol2jrXunRzqzM,5TATBGAV-0001,cus_PSAMNNc5lQMeeu,sub_1Bj6TyFvgkcN2c54GuxwPPfG,paid,subscription_create,charge_automatically,eur,59900,0,59900,59900,59900,0,1,1652633331,,1652633331,1652633331,1668530931,pi_3hP5jfZtD8k1aS2jNFtscyQa,ch_3j04JSRyZYyYK4y9OUntD5zQ
in_1Up1cxxVdZUvCndeSLnLTnmh,94BKH7WR-0001,cus_RiH4RfeIrolxUG,sub_1V4hJq4RLEGgPXtkt1Vnc76F,paid,subscription_create,charge_automatically,eur,59900,0,59900,59900,59900,0,1,1653992842,,1653992842,1653992842,1669804042,pi_3AMA9oLJkNU62ws9USqagKSE,ch_3jmKOCdBBBFdYlkixJidGMW4
in_1bXYzbdLaYUg9CcG5L5pBd8m,HER36YBS-0001,cus_ALbUxC09EAiA1s,sub_1FJiGqXMhQZ8IUlisi7NpL6V,paid,subscription_create,charge_automatically,eur,59900,0,59900,59900,59900,0,1,1654096859,,1654096859,1654096859,1669908059,pi_3PxmT42UAYKhLS7EKnlmdj3s,ch_3LtmHz65lBq4i38ydKzZDhzL
in_14LXUoQFOMsnjHmXU5nf2K63,PLR98VFU-0001,cus_egBrhew2arJAqI,sub_1LtJ0ndgPB3cwgLFjRvSm7Dl,paid,subscription_create,charge_automatically,eur,59900,0,59900,59900,59900,0,1,1655847365,,1655847365,1655847365,1671658565,pi_378xgJczbmCOKoGC4Jiq5NHn,ch_3eSY8HwWkKdNPJ1XJGWs0h2d
in_108w1kaftnfi4fy8NsNyR6Y9,EN9L6HN9-0001,cus_uaIM5yUmzkfOj7,sub_1fDMI5neTUoUbKCe0NOrIt7s,paid,subscription_create,charge_automatically,eur,59900,0,59900,59900,59900,0,1,1656230667,,1656230667,1656230667,1672041867,pi_3kbYO9qf2yD8Qqr1J9IQQKKN,ch_3y9m16u8u8mH63RsdfQCwyzM
in_1ukjPayqfZXZllEC2TFFO9TR,A9UYNNJH-0001,cus_oYOrcM13fyhT2E,sub_1wW6plveKTROCdLAgBQtN5xw,paid,subscription_create,charge_automatically,eur,119800,0,119800,119800,119800,0,1,1658131601,,1658131601,1658131601,1674029201,pi_3cZWKAGTYjthdoqUwGZVpFxi,ch_33fBUtzp0BXjKPIgzYcCf4B7
in_15zbxxtwoJBcIZXwrUJ4Md5R,21XXH4DG-0001,cus_GnyrlhcWB7ZkYO,sub_18hD0Ngf0DlncAI80cgQHEpP,paid,subscription_create,charge_automatically,eur,100000,0,100000,100000,100000,0,1,1659195595,,1659195595,1659195595,1690731595,pi_3lGsphsdjCqrqbB2OzojhFsS,ch_3NQjEEfm0zo9F5P1K1APE1MW
in_1MRL6Gve80YB5KRfMCXQAAEA,IOARMF22-0001,cus_WiHDArKdqbaBvu,sub_1aIxnp3hoWSbV4v1kVRyyKBv,paid,subscription_create,charge_automatically,eur,100000,0,100000,100000,100000,0,1,1659870300,,1659870300,1659870300,1691406300,pi_3nLuCycpIecTeCrAdObZXNbs,ch_3UaxvTYjdwE9n8v6gWmNQMbJ
in_1BJnNxPqCuuO6AmNOkxZuICX,Z3LX0KX1-0001,cus_Kaby1AmNDwQdT3,sub_1b4XHk4AWprkdUcVJR929fu6,paid,subscription_create,charge_automatically,eur,200000,0,200000,200000,200000,0,1,1660563893,,1660563893,1660563893,1692099893,pi_3qSvZZLWxiOA30kENexUIyuT,ch_3lO35uhF1dzEoJaTsZ0U36HJ
in_1z7YLYTObpiH5TO1fd9mXzGV,0MJ6K2NS-0001,cus_CWiBUaOMJbihxN,sub_1tKVqDxBw4AOmwR0w9oxRJb1,paid,subscription_create,charge_automatically,eur,59900,0,59900,59900,59900,0,1,1661418758,,1661418758,1661418758,1677316358,pi_34annzlgTQC0SC4kJGR8K9SE,ch_3b4hxzbY1qS9n8hwV8tBX3H8
in_10RxDj8ldQxbu7TWY4bJzYJF,4UM02E6V-0001,cus_BC0hbuiyJJvjwz,sub_13vcIWiO6FnrBtaRt34XLGdc,paid,subscription_create,charge_automatically,eur,100000,0,100000,100000,100000,0,1,1661923003,,1661923003,1661923003,1693459003,pi_3Zb7RQkQRXuoNb0dtxg8hXal,ch_3y5Vkj0SBF7KDryms4DFjSlt
in_1MwdCswcNx9vqD1ba58yM6Yj,3SE3TDQA-0001,cus_Ah0ud50t91hlRS,sub_1lFBtqaRgh9Gqef0cO4eOR2S,paid,subscription_create,charge_automatically,eur,59900,0,59900,59900,59900,0,1,1662575089,,1662575089,1662575089,1678213489,pi_3x8fZqCOOjtQGPsNQg3pZ90W,ch_3RJjk8klSax3IxCTg030j1Yx
in_1pQ5baQSkiz3lnO2klHEvEHb,JVJN1OGA-0001,cus_kt5XLhAxsNETe9,sub_1jJD9A6cfsKnBVcNbYr8x9D1,paid,subscription_create,charge_automatically,eur,100000,0,100000,100000,100000,0,2,1662706695,,1662706872,1662706695,1694242695,pi_3UzLphiGe1dkuA7cXwiaBFsj,ch_3UaVXWGKtw6dStbZIqW9LCLh
in_1jW6SWRKMSDgrjKmvoQVBw3q,719IH2OO-0001,cus_m3iwHkQNkPuQq7,sub_1PxoVeGBI93nw6bH5DcBRRgP,paid,subscription_create,charge_automatically,eur,200000,0,200000,200000,200000,0,1,1663076218,,1663076218,1663076218,1694612218,pi_3XTDHgNPJsMBc83FaHHhsKbR,ch_31gVfYZMDUu9vfuEmXCYQY3a
in_1bIXWX4mAzf7qfapGtm16Ijb,BUG6J0LI-0001,cus_j7oS8UcPmuAPRk,sub_185C5LckEvZziVI40olo8p6y,paid,subscription_create,charge_automatically,eur,59900,0,59900,59900,59900,0,1,1663235686,,1663235686,1663235686,1678874086,pi_3y7n1D6bhm0t0d0FecQfbmmi,ch_3LoHrjnyvTtnVUMZvaDhemAB
in_1Ca2Y36dMBpeudUub2o3avTy,ZYMV3B4X-0001,cus_u2J3hMTRwIxAoi,sub_1A8Qw1osSxBYB8zNcUYD1IsG,paid,subscription_create,charge_automatically,eur,59900,0,59900,59900,59900,0,1,1663844369,,1663844369,1663844369,1679482769,pi_3Jcm1pwR158HXlLqIdbCQjkC,ch_3EFr30HTIO3EO6cUSIwiv10T
in_1QqSOcANPybfKT7QtEmFWBEK,3A4X51DD-0001,cus_roP9MJTFs0Yz8m,sub_1XXs1b0zEu7CqV9HKs2QQHNm,paid,subscription_create,charge_automatically,eur,300000,0,300000,300000,300000,0,1,1663848538,,1663848538,1663848538,1695384538,pi_3To4xJRJFoxI4fmv7zoSgWYE,ch_3L97AfZ1KsoB9V0xJE2iGHfz
in_1w8RtCOJ594JHaQeTKizQAMe,NNB5OJSZ-0001,cus_606xWlafugQfbM,sub_1vd3whzk5VpjR2fg8GufKyuQ,paid,subscription_create,charge_automatically,eur,59900,0,59900,59900,59900,0,1,1664457274,,1664457274,1664457274,1680095674,pi_3AGXIViU0VjcPQQEOBaNwhCm,ch_3f5qOAUE7tzwAmafAwFujxCh
in_1FVoBPtDOQrnstRdnu5zmXm7,JCP0H1DJ-0001,cus_9D6OAmKewaeFeY,sub_1tZG0HNrRMzqjYvmIUIod9Ul,paid,subscription_create,charge_automatically,eur,500000,0,500000,500000,500000,0,1,1665022606,,1665022606,1665022606,1696558606,pi_3njbgqCj4gpCsDrnXKEaYEGw,ch_32iYFALEQbp4y84vr4e97b6e
in_1Xm5apcOZT9yqYQYXvVW2C6m,04V8IE38-0001,cus_uDRDNCEEucZaSI,sub_13THnq8okfV2OTb8tfvdFsr7,paid,subscription_create,charge_automatically,eur,100000,0,100000,100000,100000,0,1,1665418543,,1665418543,1665418543,1696954543,pi_3DYITLNUEkgvQDOhOViaQTWW,ch_3PNWbihsKCobiIcbMdStBk4U
in_1TaVCGoaO22SeIrOoSo9aoDS,TM2KSJ3Q-0001,cus_t09G1juyNdvo9B,sub_1pMgBSlpY76bc2F0gh4nzijP,paid,subscription_create,charge_automatically,eur,100000,0,100000,100000,100000,0,1,1665738104,,1665738104,1665738104,1697274104,pi_38QiThNsIbtuaGwTb2GM9YSc,ch_3ntNxPt0BdEr9TnKBt73maPV
in_1Lx0yzT9xxxviuRuTm2Ow8GD,PTSQTHUM-0001,cus_87TTzBBp2BBWQR,sub_18EhPMuZMHq1KbD9W1SkGuHv,paid,subscription_create,charge_automatically,eur,59900,0,59900,59900,59900,0,1,1666613705,,1666613705,1666613705,1682338505,pi_34mRYxv3IxoSafmegVL2Urox,ch_3p4iqGGgymlalyLyp7ieUL7O
in_1yFjQL9WWAzjlQN9KxviuVkt,8BATTO58-0001,cus_Onhwj49vatyQSW,sub_1gw1Ux4UhBqjl75btKPPCxh6,paid,subscription_create,charge_automatically,eur,200000,0,200000,200000,200000,0,1,1666618894,,1666618894,1666618894,1698154894,pi_30H6WVaL0EB3M64FyPWzWF1c,ch_37OweNqqvNMWlcWuvspbqmRy
in_1dMavsfuGGq8qQOSliHIhzh1,LDKZOHS4-0001,cus_jXzoFfA3fgqami,sub_175zRB1J8jyEN7ASbOTDCAIC,paid,subscription_create,charge_automatically,eur,200000,0,200000,200000,200000,0,1,1666883388,,1666883388,1666883388,1698419388,pi_3ESWbqCynQ0Vcfm6ZLPewH6R,ch_35dprDBlnBauhvXcqhQRFaaF
in_1hSWNGUw9YW7d2i80Sl4xZWM,FZNVUPIP-0001,cus_2kusAyy1G1wlDI,sub_1JMAVUHVTAxLxPX7yAo0fk4m,paid,subscription_create,charge_automatically,eur,100000,0,100000,100000,100000,0,1,1667328476,,1667328476,1667328476,1698864476,pi_3wYdAmBcat6gLR5EEhTF3M9n,ch_3OHsJT2Kp5KL71ypOdMe21sv
in_1DY7PEXLpEK85KzGP9G1dNrB,STACPCQY-0001,cus_6DgRgB2nKFLyaJ,sub_1vNbtVPXa7XCdaPpsAEe7zpy,paid,subscription_create,charge_automatically,eur,100000,0,100000,100000,100000,0,1,1667997049,,1667997049,1667997049,1699533049,pi_3ZnehP20yJ0a2zTv1BMYaGJk,ch_3zeFsDJgPACmI3V1pNSqH4JB
in_1qVmzIdjjLZY3ql7GcwEKCbn,0GBZ24HP-0001,cus_QXEFwRASxSav6D,sub_1X2egGcGRrWq1y9P51IwUkrY,paid,subscription_create,charge_automatically,eur,119800,0,119800,119800,119800,0,1,1668444017,,1668444017,1668444017,1684082417,pi_3BTF6Rkl6WkLQNoPmn1lDUeO,ch_3WTuPV86eLXGsCK6OIYd8p4l
in_1J6mDQUm95IjRQbOaGVaLDk7,5TATBGAV-0002,cus_PSAMNNc5lQMeeu,sub_1Bj6TyFvgkcN2c54GuxwPPfG,paid,subscription_cycle,charge_automatically,eur,100000,0,100000,100000,100000,0,1,1668530931,,1668530931,1668530931,1700066931,pi_34hbpZbkrfboCnbH04x4a4z6,ch_37wH4b7MJBk95Lbio44q9v4l
in_18LT0MQjJoEPCmBZWsAJJwYg,U587FT79-0001,cus_WqYl8xDFPIRaNp,sub_1J7EWw6m7VHD5g1zbBuqN0KG,uncollectible,subscription_create,send_invoice,eur,119800,0,119800,119800,0,119800,0,1668695410,1671287410,,1668695410,1684333810,pi_3hUOrPGkRTkJ2Is2ARzWxHvn,
in_12oxVRHPu2yXOBKEqvIc1K7E,3I7MLMZY-0001,cus_cp7KWvJyHFgxGV,sub_1rmo1pOOY3gyUsBMFBFsJZOA,paid,subscription_create,charge_automatically,eur,200000,0,200000,200000,200000,0,1,1668767687,,1668767687,1668767687,1700303687,pi_3ickXQ7PVRvjtmR2T3BPjc7h,ch_3uJBO3LTd2znWFMJeKXGjcn9
in_1a9hdMADzD5HN8gVxuzvZGqq,727GO99X-0001,cus_NDAW7zbyDFSpQx,sub_1zWP1kjviAqIN200JmeBkuNS,paid,subscription_create,charge_automatically,eur,100000,0,100000,100000,100000,0,1,1669129902,,1669129902,1669129902,1700665902,pi_3KSxD48wtyNhtuTYfyPiXFxW,ch_3cOawthYTKf2y5OBivChQu2f
in_1v2FrKXFmeD6itynKQJSLUZn,A556517V-0001,cus_cISqDoWiXf1TsW,sub_1B9Y9QsJiGlJdhar4ZEh4pHi,paid,subscription_create,charge_automatically,eur,100000,0,100000,100000,100000,0,1,1669379009,,1669379009,1669379009,1700915009,pi_34OTdrC33zeE3ArvD8qLY0B5,ch_3msGJp0k1siXGDhhqBn3MqSI
in_1Y8CjNkx1HGmCGLtuo4irDXq,KAQ3S9GY-0001,cus_aA4vfnspMbjJ9Y,sub_1UJ4FJTO5syfylo1WkgOIkZ5,paid,subscription_create,charge_automatically,eur,200000,0,200000,200000,200000,0,1,1669560882,,1669560882,1669560882,1701096882,pi_3YjoL07Idimj8qo1PtA2yp3j,ch_30IyhMv3QQIsB6YEIiJA1AZN
in_1HzSuoiMKzj4mqstqCSkWFZC,RMWIG45G-0001,cus_LQ4MMFgAYlr4kt,sub_1JqGNMz19syRBXkrmAvobotC,paid,subscription_create,charge_automatically,eur,59900,0,59900,59900,59900,0,1,1669785257,,1669785257,1669785257,1685423657,pi_3ZnxJD3RvpfGcLHpJOpJOGcn,ch_3ELyhMxliXS5QFzqiAJfv9I0
in_1XYV5ju9uJk5HBL9mkrkC9J6,YBB3QY8R-0001,cus_1grNxfmmomnyMj,sub_1JexLc0XBHAAKUFnjhxdHFzW,paid,subscription_create,charge_automatically,eur,300000,0,300000,300000,300000,0,1,1669805947,,1669805947,1669805947,1701341947,pi_3RALzKgNvyqk0YjkA4Cw8okz,ch_3kbKDRyxDf7Z7hfHoTwgKfia
in_1V9we3D030r3vQJyDEm0Ao5z,HER36YBS-0002,cus_ALbUxC09EAiA1s,sub_1FJiGqXMhQZ8IUlisi7NpL6V,paid,subscription_cycle,charge_automatically,eur,100000,0,100000,100000,100000,0,1,1669908059,,1669908059,1669908059,1701444059,pi_38teZ8gnigYPMRrFVMpGsIJE,ch_3vgLN1YdMb3aQSFJB0O1hnLL
in_1Zxhq3gjnHAAUG7nnAvyQsNi,0W4NR8M9-0001,cus_hgtC1JR5KnPoTD,sub_15uz0cm2MIFCy7IXLBWWHQrH,paid,subscription_create,charge_automatically,eur,100000,0,100000,100000,100000,0,1,1669922206,,1669922206,1669922206,1701458206,pi_3QAQTarIkDpNCmvXw6RRwUNu,ch_3ob61kbYJQ1e8ssIYt6if1np
in_1P4kWUc7kGWgzj2iw8vULWbB,B9D9L16E-0001,cus_rQGNVYwPZRmf2i,sub_1iFVcNcmTYjvRrKzHFEueyI9,paid,subscription_create,charge_automatically,eur,59900,0,59900,59900,59900,0,1,1669971971,,1669971971,1669971971,1685696771,pi_3YTQRJwjy8NFEGPCMVKCdBfz,ch_3bsK7tZng3Oaet0GN59NIa43
in_1fDK5wD7F4mkOlmMs0D37Orf,PG4APBRL-0001,cus_CwBGmvrTM75hM8,sub_1S9B17ggfecDqS2hC2x6IHrl,paid,subscription_create,charge_automatically,eur,59900,0,59900,59900,59900,0,1,1669982178,,1669982178,1669982178,1685706978,pi_3oyVRVFx0PELD7Ra3vbzWkL6,ch_3gy2o8S4mE8YsoYkGWzxqA5K
in_1TZzCOwxbvhCKMf9N91mrSP8,RIHO8UB2-0001,cus_nvFpzCH9nQNv1B,sub_11UpwsF0Z4aHDsFMLDIHfhs6,paid,subscription_create,charge_automatically,eur,100000,0,100000,100000,100000,0,1,1670434180,,1670434180,1670434180,1701970180,pi_31mbvt0M7HWYVoi8rjSs4rbS,ch_3UfnfxOLbnVx0O4C7sfko4ay
in_1f9XR7Qkluxr18Lg13gF3oog,8KHAPI63-0001,cus_01Spo3JLDf8rKV,sub_1BZETJpOBAlbTaaof8vNfZPV,paid,subscription_create,charge_automatically,eur,100000,0,100000,100000,100000,0,1,1670479409,,1670479409,1670479409,1702015409,pi_3QDwUhWOQhev8gK5BQwxf5Aq,ch_3w0DGGA2HUO2imJPjOBkwJ7Q
in_1WTQqEnFV512v3fo9GOahPuB,9GD28RRQ-0001,cus_5pJNDddmnwPkfp,sub_1LuG2LshCpFLEBDIwgBJ4WUA,paid,subscription_create,charge_automatically,eur,100000,0,100000,100000,100000,0,1,1670840519,,1670840519,1670840519,1702376519,pi_3uh6cSJUCNAXSKRsHTQ6jQ1G,ch_3eTQOP0g4ZutV3kBDkPWH8R4
in_1JZyN3GjMTEtE0DL4JCHSJU1,J1KQ75EV-0001,cus_cf2afo40xiYqj5,sub_1vAMA6P6I1rWOMcYKlSSqJI8,paid,subscription_create,charge_automatically,eur,100000,0,100000,100000,100000,0,1,1671097308,,1671097308,1671097308,1702633308,pi_3DiDNkHx8sHuEsrVQytXCUhc,ch_3r2V7aI3EYYK5z7p2ib8J2ZG
in_1F9Qkj1NmU4H7M7JAUM30i7x,SNXP5LGI-0001,cus_lw43lnNaciO9uT,sub_1PUSwafq1tzwsm86IX2UJSU5,paid,subscription_create,charge_automatically,eur,100000,0,100000,100000,100000,0,1,1671463710,,1671463710,1671463710,1702999710,pi_3QPsKicpar4SxTgWPhU1fwqw,ch_3cCNmMwrW0HptVzp4Tx9x41j
in_163sv9vLnJCdIMl5lGlriGfO,PLR98VFU-0002,cus_egBrhew2arJAqI,sub_1LtJ0ndgPB3cwgLFjRvSm7Dl,paid,subscription_cycle,charge_automatically,eur,59900,0,59900,59900,59900,0,1,1671658565,,1671658565,1671658565,1687383365,pi_381Be6LmzZEZanLbZdSVQ9Tq,ch_33d5vKVSILvifNaJ2x4LOHNE
in_1XxB9uarrnBvNRisDn95qDgH,MULCXULE-0001,cus_ciiXAbvNq0VvZN,sub_1gN5RbILB93xANJc81S0p04y,paid,subscription_create,charge_automatically,eur,200000,0,200000,200000,200000,0,1,1671900475,,1671900475,1671900475,1703436475,pi_33UGGIIX03V7MRB28aDA6bAw,ch_33lqxxMTh8sP8KSNPwszEOZT
in_1oUUAXjLRIaKQTG9SVEmuivs,PH15HUT8-0001,cus_D6UrfEYRun3R0E,sub_1Z8z4cRbwVSlYekzBkk4MBtZ,paid,subscription_create,charge_automatically,eur,100000,0,100000,100000,100000,0,1,1671996057,,1671996057,1671996057,1703532057,pi_3mH3snC4I5TdK39wZxHVGVyy,ch_3JgGroD2rw2MGrj96Nud2MVj
in_1H3jzebkpWFTYLQVpHaoKySI,EN9L6HN9-0002,cus_uaIM5yUmzkfOj7,sub_1fDMI5neTUoUbKCe0NOrIt7s,paid,subscription_cycle,charge_automatically,eur,59900,0,59900,59900,59900,0,1,1672041867,,1672041867,1672041867,1687766667,pi_391WjbUPNDAak3NCLwOv8D3Y,ch_3UW6ghDtkOsehto9w9B3zXNh
in_1YMkMYk3Nre24Nu4TNQdwmWm,2FR2I4WU-0001,cus_aSiah1iJIa6mnn,sub_15NAeQ5DGM3WHTPFgx0dELm7,paid,subscription_create,charge_automatically,eur,59900,0,59900,59900,59900,0,1,1672146032,,1672146032,1672146032,1687870832,pi_3kf7NArmTyuhfIrIHwZUVQqQ,ch_3wUyay7SRWHXs9rrjEGRYyY1
in_11wuNnir3THSSA09Pwl5rRnB,8KWDSYAR-0001,cus_VBfrXA86ppYq4y,sub_1hzQBlukgUOgHjCeuf0oqdc2,paid,subscription_create,charge_automatically,eur,100000,0,100000,100000,100000,0,1,1672502286,,1672502286,1672502286,1704038286,pi_3kHQP7HLfjhwTKUYrnhDhN1O,ch_3t9emwOd3xW3rH5wFCU3a0h9
in_1REUYcem0USWSJxpSuaVJ3qs,3T28QIZ8-0001,cus_EVVMdq8jUMWq2n,sub_1VcNH1H5pspoWloriDFRqSwl,paid,subscription_create,charge_automatically,eur,59900,0,59900,59900,59900,0,1,1672836933,,1672836933,1672836933,1688475333,pi_3JTJfN1uS6s2MApOWRUlpUnI,ch_33fAUBxx0AGGEEk6HjH6WiRm
in_18QL7kaAf7AvL1qjGnsQjLJv,FF3M4BG4-0001,cus_7Yk1fK9koZFMmv,sub_1M4DNMLHqqjkPK9YIIqEzmQb,paid,subscription_create,charge_automatically,eur,100000,0,100000,100000,100000,0,1,1673696594,,1673696594,1673696594,1705232594,pi_3DKvCmXwQP4xMPZFlBSI8sLF,ch_3LNM2KxdX3VqLYMgrkhkfyJO
in_12gmKGzKLvJZb3xB17zVd9wD,A9UYNNJH-0002,cus_oYOrcM13fyhT2E,sub_1wW6plveKTROCdLAgBQtN5xw,paid,subscription_cycle,charge_automatically,eur,119800,0,119800,119800,119800,0,1,1674029201,,1674029201,1674029201,1689667601,pi_3NO3khrZQIf7A9hjzqNEo3K1,ch_3jcwi4ZlbucmQXiuE7BJawEC
in_1PxIUGrYGmM8HzDHeE5doh9J,07XJZHGY-0001,cus_Tv55xwSI0gRiVP,sub_1KZ5cxvRta6bWk9CbSotr5xh,paid,subscription_create,send_invoice,eur,200000,0,200000,200000,200000,0,1,1674073343,1676665343,1675721423,1674073343,1705609343,pi_3YfEBDkNJqd5m20OnFA4DvgY,py_3gbwzgy6FZ2rkaSJtQ8h3gAK
in_1m4ujWdZ6lwqCVPadTNN2Kvu,8A41QGBZ-0001,cus_idooYVOvFCUGi6,sub_1VcmclzKpJsWcb7r9DcSyq6M,paid,subscription_create,charge_automatically,eur,200000,0,200000,200000,200000,0,1,1674558480,,1674558480,1674558480,1706094480,pi_3RbhNajiVUo3ZVKP4bg0U43i,ch_3eT5zPQmfrVOG7oQemVoixv2
in_1TChOvnDmMnWz8eWi8v2Vggd,5KE9AGMC-0001,cus_hoHvG4xpvP9Pvy,sub_1eEwsQqWEqDFiRVm1u3l6VUi,paid,subscription_create,charge_automatically,eur,100000,0,100000,100000,100000,0,1,1674748562,,1674748562,1674748562,1706284562,pi_3Cfsf6aGFbtYa2269PbzZOGT,ch_37Jk8UqGnO3blzguB0cy6tkZ
in_1MXywz4KRi9KlsOT1wtib08w,4OA51M2A-0001,cus_8497jofMeI0Scg,sub_1RYrrEcn41xA0WcIjJ0yqfhz,paid,subscription_create,charge_automatically,eur,100000,0,100000,100000,100000,0,1,1675165684,,1675165684,1675165684,1706701684,pi_3hm4RsLZDuUx0RvAbPCiyqOO,ch_3l9Ca2nXUuzejrPXbxRc4oSE
in_1YjFbrqSnyk8H8Qo5kFeE1Lp,LL0H9GOT-0001,cus_MaFFhiJGUrhYAn,sub_1LSNGhJaDFzivPdOH455atyR,paid,subscription_create,charge_automatically,eur,100000,0,100000,100000,100000,0,1,1675275701,,1675275701,1675275701,1706811701,pi_3Ue3oUb1bQTe5pPSQI1ECP2P,ch_3p4TK4k59to79axfH5aflUQE
in_1LHGf3SoknGtaP1nKEvVQzMW,YKK1P83O-0001,cus_JKkvR4zsiZzbEL,sub_1B01RKRLeiVN6jXiWjri034B,paid,subscription_create,charge_automatically,eur,59900,0,59900,59900,59900,0,1,1675290032,,1675290032,1675290032,1690928432,pi_3fDgl5n4i2mJz9HVh51LBjx2,ch_39HdTEUVjdzz0uPeFs0rPdtf
in_1mGK9pDHrs2UzbdwlqXH5es1,KAOIG10D-0001,cus_0Jo5FQE9lcuaFR,sub_1IXax8BrNa7N6W2ifROESb8B,paid,subscription_create,charge_automatically,eur,100000,0,100000,100000,100000,0,1,1675618960,,1675618960,1675618960,1707154960,pi_31a1n0tHYCRmo12lcGmEwZpC,ch_3rvQKIazfVs9uTQwxFli8O7z
in_12JV6gzaElcQq77WEMO4l6z6,AYQAB6PX-0001,cus_KCbjtLunomz9qn,sub_1QKr0OykUcy0ElIimqAvNlM0,paid,subscription_create,charge_automatically,eur,100000,0,100000,100000,100000,0,1,1676037045,,1676037045,1676037045,1707573045,pi_3Cs6CzsIs5S1H49QqSSQNr8Q,ch_3OXUtAkRUbFDCdrKjDmh1lEJ
in_1LDGdPY1qhecPJwK9VUEyzQm,2XTUEWCB-0001,cus_tNyq7qwzewHVvp,sub_1Ph2qRLc4r3cpYKD0O2vy45n,paid,subscription_create,charge_automatically,eur,179700,0,179700,179700,179700,0,1,1676051964,,1676051964,1676051964,1691690364,pi_37PE9MhGIhspaLOAYNn36h1f,ch_3zbIZpu5ptfSp9coCjMNTUYv
in_1gv0hsOl1PppoFi7MbtTCD0B,T002A57R-0001,cus_x6L4ETzEZc542A,sub_1OXQFoYq5aAXnk6dLyEf0zej,paid,subscription_create,charge_automatically,eur,119800,0,119800,119800,119800,0,1,1676590485,,1676590485,1676590485,1692228885,pi_3CgxrVAa4ytSBS5BeEgMga0G,ch_3i6PPKQnjZjt7CIuoro9VeF3
in_1H9oFRwV4wBcCr1xXMRroN7n,7T5Z7NC6-0001,cus_RZOjxJRQOdAjY1,sub_1lTmoFNgSE8SSX6eMOi1oR3Q,paid,subscription_create,charge_automatically,eur,100000,0,100000,100000,100000,0,1,1676919646,,1676919646,1676919646,1708455646,pi_3AADS3AXTfxe1zb4G7ftETVI,ch_3cKU8TMuDNpoEXcJrDrWBWPF
in_1BlRHxIX535Fqd0VVgPfpi4W,5YZG4KQ3-0001,cus_0j6nBJ05at50fz,sub_16lctyXydNS5IDzZt4SlEhTW,paid,subscription_create,charge_automatically,eur,500000,0,500000,500000,500000,0,1,1677567231,,1677567231,1677567231,1709103231,pi_3Vgcg08g54UaUtf5egnKqbbu,ch_3mPTQ552M9A1GkdHKHXBhoQG
in_1GfaaqdAw0EBJnmytLqISqs1,JFO812YF-0001,cus_wSAqrg58F5Hxvi,sub_1BEXbrn0ttufUGNWaJPbNV1e,paid,subscription_create,charge_automatically,eur,100000,0,100000,100000,100000,0,1,1677857158,,1677857158,1677857158,1709479558,pi_3mm4vjPHPbUk4RsXkmRgJivz,ch_37uuvZcxExhn5Cgim0A0CZuS
in_16TwZjbpYqlIQRj49dQ2MoTz,X19MFGLG-0002,cus_ak0KsBYUqa9Lu8,sub_1ZD1qpWIcjQECSVhdnhjh1KS,paid,subscription_cycle,charge_automatically,eur,100000,0,100000,100000,100000,0,1,1677918790,,1677918790,1677918790,1709541190,pi_3uTFLyFMm7iH5z2wlIUNwLwo,ch_3jdXLAu6fOtXe5DqND3k83AX
in_1qgRXZt5KIVrElwKOUsCgey0,IIOVC0MV-0001,cus_vgp6HHYjxsj2Bl,sub_1yg613CKWKFRMtBilxLsrJn9,paid,subscription_create,charge_automatically,eur,59900,0,59900,59900,59900,0,1,1678218321,,1678218321,1678218321,1694115921,pi_3cbTtV3qq7qAamWUm6WfLF9M,ch_3NcUniEL8igY06yCGughxs9z
in_18M0ei442ZgxbvAqMbFhfee2,ARGJX610-0001,cus_dauZvUIhDLW4fW,sub_1i8ZnPYIVZbprtxrxj9hJXHJ,paid,subscription_create,charge_automatically,eur,100000,0,100000,100000,100000,0,1,1678690826,,1678690826,1678690826,1710313226,pi_3j9pZ6c642Bo5yRfYninAp2t,ch_3ycgfO4pcPjQEddLTFd8IDBa
in_1FHdpmUxmhDRYF3xhzswQp6i,JYJW87YV-0001,cus_ZIil6tzf2pISHx,sub_1q1RKOcbyVTb8UiFzzX4KdHz,paid,subscription_create,send_invoice,eur,11000000,0,11000000,11000000,11000000,0,1,1678807887,1681399887,1680378027,1678807887,1710430287,pi_3pOkgF4nkrekfr5efYXUg1bA,py_3yB5M5PB999Lf6o8RV5kvR1i
in_1cGqLh5Q1YPuw9dIof2xEMtv,E6EB30OD-0001,cus_XTpJJ90dZvXbPf,sub_1IZIs5HJuLUbc4CtFi9LZqLl,paid,subscription_create,charge_automatically,eur,100000,0,100000,100000,100000,0,1,1678863316,,1678863316,1678863316,1710485716,pi_3wYiXJRa2E67vdHftbL0VQrR,ch_3Kx1yQPx1PA4wnMeSOreznza
in_1Z7wbhImD6K4JzIgRlaKLxwk,BUG6J0LI-0002,cus_j7oS8UcPmuAPRk,sub_185C5LckEvZziVI40olo8p6y,paid,subscription_cycle,charge_automatically,eur,59900,0,59900,59900,59900,0,1,1678874086,,1678874086,1678874086,1694771686,pi_3Gk810L8hs4mwycTP2niiyAl,ch_3HqNXpWysOFSXyhGZDc2ct4k
in_1k49HLAFIFq2xWGcqBHrMe1y,VSQMC5UR-0001,cus_nTSOHY6JMXA9gN,sub_1DQz7W2VSg9rfef1b0ECMxv8,paid,subscription_create,charge_automatically,eur,59900,0,59900,59900,59900,0,1,1678882036,,1678882036,1678882036,1694779636,pi_3rHHj8MZT0rBza2dcw8T3i2x,ch_3AXvOVIeaXKtmRI9DVO6pr1M
in_1ba4pwfUuCILLkRBVgwglZGo,HBFEXPXW-0001,cus_wfMIu3sESqAMJF,sub_16jq08DYJ4wdMek0RkgwRm12,paid,subscription_create,charge_automatically,eur,59900,0,59900,59900,59900,0,1,1678901132,,1678901132,1678901132,1694798732,pi_3aYtbo0WhHz5ca63Jon4BDHW,ch_3QjeBkV1rhZ4Bay521Rkfbyj
in_14M7HokpFoApmgaHBiE5csfN,QCI01U5M-0001,cus_FLrm9l7JyglZEq,sub_10S2CjZvsNwBmBb2slrbVIiv,paid,subscription_create,charge_automatically,eur,100000,0,100000,100000,100000,0,1,1678996841,,1678996841,1678996841,1710619241,pi_36WC3LUBK6SZl67TKJbJ0Wp5,ch_3kSs587AQeJLw0wdhCvoc9Va
in_1O5ww40p7LFFccfASD8BWTKl,JF08XJ0F-0001,cus_Qsv6Rp8nOHXM4C,sub_1MZHZMVDwFR1FKJflQ0EktZZ,paid,subscription_create,charge_automatically,eur,200000,0,200000,200000,200000,0,1,1679433883,,1679433883,1679433883,1711056283,pi_3GluIgjQviMITinYIMDLaYFP,ch_3KlgkHDn2m7ojnyy9lwRCYwx
in_1SKnbZJ3YbmZ0as8jZe8hwb3,ZYMV3B4X-0002,cus_u2J3hMTRwIxAoi,sub_1A8Qw1osSxBYB8zNcUYD1IsG,paid,subscription_cycle,charge_automatically,eur,59900,0,59900,59900,59900,0,1,1679482769,,1679482769,1679482769,1695380369,pi_317gOhRGAcgj0H2xtKgPRGqK,ch_3l8kzBJn7KAC6OG6KIsYLUQ6
in_15ZFiDGnc9uDSosOcMFCKVk7,CPXEMQ5F-0001,cus_KHuMzDj1lZjil6,sub_1y7F9pJnRI4O98aTYtkrsDPl,paid,subscription_create,charge_automatically,eur,100000,0,100000,100000,100000,0,1,1679645718,,1679645718,1679645718,1711268118,pi_3hixyG6EzXTOMUkshonQqm1G,ch_3V9O5UuMJQNznFyYu3dKxuP3
in_1SMzzyJByJhKqYFzixEYDNVy,K9EQCZM6-0001,cus_cBgyjKueUbertW,sub_142xbojjdOkfJdOKxWoDSoFR,paid,subscription_create,charge_automatically,eur,59900,0,59900,59900,59900,0,1,1679757521,,1679757521,1679757521,1695655121,pi_3cY2O2NMJOwlEli1d4cKI3ZC,ch_3vBdqAmQLYYv7M7Zz097WXLi
in_11X9cZImfNCnYA4QVLbou65G,5WBUTAN7-0001,cus_AFUcn30mP6R7AG,sub_1xQbzyFfvrJ541BgF4oK0qor,paid,subscription_create,charge_automatically,eur,59900,0,59900,59900,59900,0,1,1679933450,,1679933450,1679933450,1695831050,pi_3EJKWNmUTP3U7se75N7pfpzD,ch_3tOz4P9IEE6FA4Wlkk80vsan
in_1ZUgPCWAoNSoA0drVWtK4LB4,E457GXEG-0001,cus_TT4dEUAFFePDMs,sub_143SjD8ANc2HsvmPrAFtC5mm,paid,subscription_create,charge_automatically,eur,100000,0,100000,100000,100000,0,1,1679937480,,1679937480,1679937480,1711559880,pi_3f7OaD9j1YozHM5c3laH8AF2,ch_3NnZNYzu0JXRuRwst6vwONgW
in_1XIVVA1n2OyeY9fy7z1Vidnd,NNB5OJSZ-0002,cus_606xWlafugQfbM,sub_1vd3whzk5VpjR2fg8GufKyuQ,paid,subscription_cycle,charge_automatically,eur,59900,0,59900,59900,59900,0,1,1680095674,,1680095674,1680095674,1695993274,pi_3wER9yl6yihj35tQx5NAk0aE,ch_3wrcc45QMgrIdvVfQONktxlZ
in_1Xid4NPXHEdihjNzAIqaONMg,EUO69670-0001,cus_txWZvAjpLtGymu,sub_1iP6MizQlgsmscQ5tB3yTBcZ,paid,subscription_create,send_invoice,eur,200000,0,200000,200000,200000,0,1,1680520193,1683112193,1682094713,1680520193,1712142593,pi_3uNmI67XkfuG5oQU5vRCYI4v,py_3bb7dYCpAvnlDCN14gGbE6aW
in_1mhGGSJu4Z1eJwbbMpk9bl4G,R62KQ8J5-0001,cus_RIT1coXRZcw7UD,sub_1XlObRe3J4JPdHEeeCHOXvYQ,paid,subscription_create,charge_automatically,eur,100000,0,100000,100000,100000,0,1,1680612064,,1680612064,1680612064,1712234464,pi_3UtoQSkQV2FevNdYKcZts3D6,ch_35RIdS75i1F25iXbUHQrSncQ
in_1ZfkxuwpiftNQRQvEdUZpHHi,99UWY4ZR-0001,cus_OWCUaHjFxXYiHv,sub_1CGp958WEG5bqFFkl2s8Hfly,paid,subscription_create,charge_automatically,eur,59900,0,59900,59900,59900,0,1,1681232022,,1681232022,1681232022,1697043222,pi_3dPV3NX3WpA2h5Kgw3lWjvAK,ch_34Y6zEvSTfGGd8KhJj2IGldw
in_16kHY3hmrfp3cFfjWJIMNz5D,7EK0IVMK-0001,cus_acMvdI4jKJ1Vjh,sub_1qfgl2Aq9Sa7ujBrVpE6BejE,paid,subscription_create,charge_automatically,eur,59900,0,59900,59900,59900,0,1,1681355493,,1681355493,1681355493,1697166693,pi_3n2b7BpUDd29lMbSSYBgUJAf,ch_3zj6DndJfHvQwDXDDC2Jc1wy
in_1Tu8AlO67MeYc0EL5FvTEP3F,F2GJZ1HO-0001,cus_Uv7Cz6zFYSAaUI,sub_1HEVsP1yHOsmhREetQzO0vC3,paid,subscription_create,charge_automatically,eur,119800,0,119800,119800,119800,0,1,1681386536,,1681386536,1681386536,1697197736,pi_3BH94Zlq5tkJHvOsrwvnmnI8,ch_3VPNt9E2ZZmHPN1mb2UL2i6Y
in_1lQUjbGy7IQgkQM4SJ0TcIF2,VREEDCNE-0001,cus_laYhoTmEgCIrFz,sub_1AlcD8CsFeU5Qd5NPEJYQhw6,paid,subscription_create,charge_automatically,eur,100000,0,100000,100000,100000,0,1,1681398574,,1681398574,1681398574,1713020974,pi_3cP02zjV39E6aoStR6oIare3,ch_3OolDRDIFCAhvFPgOMKtiJCe
in_1XFpS5RuvRnMbMS13ffWwbIU,VOFUXHY7-0001,cus_s0DoCsvKTn5Qyp,sub_1ogMsi6Ia77Rhurzm91q8zHh,paid,subscription_create,charge_automatically,eur,59900,0,59900,59900,59900,0,1,1681476996,,1681476996,1681476996,1697288196,pi_3jjVa6ANnm7ixbdRo6LA9DAv,ch_3ZIEjvzUzpHPRVOa7K6fnJxk
in_1u27bGUOqvDrlQJGMq6OOYYN,2K3DGQKX-0001,cus_A4LjUzpKzBUkOG,sub_1eo7scSvAetH480nWhqQ6Jzu,paid,subscription_create,charge_automatically,eur,100000,0,100000,100000,100000,0,1,1681478993,,1681478993,1681478993,1713101393,pi_3a3ASFwIhWqnTAboLIM7vaxB,ch_3Bip4lYmLuDwavVQsKOIMDB2
in_1IftC3XBRnTeopO5Sd4WtGa8,RDRVGZ9Z-0001,cus_gDTD9HvRfasDl5,sub_1L7vCjEaRBqB00mi0NiGu8i5,paid,subscription_create,charge_automatically,eur,100000,0,100000,100000,100000,0,1,1681711524,,1681711524,1681711524,1713333924,pi_3EBn0Ue0Talv3ZaeOVcFifgg,ch_3NRCMQXjobKbHXDGIxuvNiWj
in_1OfQPBJsScVFJzz8tXmZJb5v,01Q77DEV-0001,cus_lbGcP3lQchBIFi,sub_1LKfEA2yd3sOvMbwH999PQFc,paid,subscription_create,charge_automatically,eur,200000,0,200000,200000,200000,0,1,1681751918,,1681751918,1681751918,1713374318,pi_3U9BK6rypC7vcbx7og5oB4In,ch_3YZu1xjgknNMo1PvbYKyoCgI
in_1kQmuCAeDpGKRtcdNhECVV9z,CTBCBSOX-0001,cus_2IQBxMpCY4Nw7y,sub_1vZZNrDPQQRgyqx3E1pq6z58,paid,subscription_create,charge_automatically,eur,179700,0,179700,179700,179700,0,1,1681902569,,1681902569,1681902569,1697713769,pi_3n0dkwMqwbcHEtYvIoItL1Xy,ch_3CUS21WjX8fcKMsgQDFx2zbz
in_1z1HR0wTc7BTB6MxM87MZVTB,R1MG4NDU-0001,cus_DggFIYVxWwy85O,sub_1oPSEEokEW8xF1pVkpYijWdZ,paid,subscription_create,charge_automatically,eur,100000,0,100000,100000,100000,0,1,1682434012,,1682434012,1682434012,1714056412,pi_3xaYAONvgZgyv0DqvxWPubaZ,ch_3AGkib1lURtivva6nYSbtqvT
in_1nACQvyOhNbuivisci7ezf2G,M0Q6YP3W-0001,cus_V1AXxFr6Q9FjqM,sub_1U8kCZdIQmH0m86bjaEAKqYu,paid,subscription_create,charge_automatically,eur,100000,0,100000,100000,100000,0,1,1682513570,,1682513570,1682513570,1714135970,pi_3Zatb9Wld4CI19Z4pP6u9Q4d,ch_3fsxEyXGyIOGAOhgCMXyDyQd
in_1lBXsxMOHt90TYo49T67gMkJ,MYKH5P45-0001,cus_FDtXVowAU75NZN,sub_1fKHZ0IyLW2bwkycYM8TD69s,paid,subscription_create,charge_automatically,eur,100000,0,100000,100000,100000,0,1,1682604674,,1682604674,1682604674,1714227074,pi_3YfjjHd3NdKOR1UUpUvvK55p,ch_3sJKezbhquDmFlGoUuYsyV8u
in_1Ge2VCYLDZVBejkpVXcMdoMj,QEWV7YPP-0001,cus_jhESPsh589xixx,sub_1yy475h3WekiDoyHi5zgUdQY,paid,subscription_create,charge_automatically,eur,59900,0,59900,59900,59900,0,1,1682715627,,1682715627,1682715627,1698526827,pi_3GQIBIeSt2JsmREl0BYsIRvl,ch_3rK2jqpRIQgRBc1GT6u38bOe
in_1vnVwAie6KNeoeQ2m1CB0XZ4,3GL6GC33-0001,cus_nbzm3gJAqZk1WF,sub_1Qfn3HG4ybq057gb7Z8GmO1m,paid,subscription_create,charge_automatically,eur,100000,0,100000,100000,100000,0,1,1683105913,,1683105913,1683105913,1714728313,pi_3B3bj5FI0tdCB3XcJMxplZYF,ch_3nWNMMCUqBoPtjfcMT1oFBMa
in_1CmWWJDuZ2RpEW9rPnssKXp2,7ZMZCMGV-0001,cus_zxnYfDyoy27lHa,sub_1or06fL6LsWCXx6wi5PB7bm6,paid,subscription_create,charge_automatically,eur,100000,0,100000,100000,100000,0,1,1683541492,,1683541492,1683541492,1715163892,pi_31OCpcNAXDDrPIwysXtZ6KAc,ch_3M4oQC8j10blltFFUAiQG20t
in_19vCzg92vdoF4RUxqm5NaMXP,NYQC5QD0-0001,cus_UuyMCjjfhiMvya,sub_1vifoX3fx7avocB3rY0NiFsA,paid,subscription_create,charge_automatically,eur,100000,0,100000,100000,100000,0,1,1683553970,,1683553970,1683553970,1715176370,pi_3GBkJB7ZZyhuRjK1FmSmCa3k,ch_3TDffmZRwPiDXMOq1WtQVxAv
in_19AYTjXFnPIm9StMVfbfR6d5,B3E7Z7C5-0001,cus_DNxCQQpeJLfQXx,sub_18LPaCqIY6O5jQlqwPQeKvqq,paid,subscription_create,charge_automatically,eur,59900,0,59900,59900,59900,0,1,1683642385,,1683642385,1683642385,1699539985,pi_3Qr6MHPwsQzpJjatFUMcCxAu,ch_33gimgv35clv4bOM4Lqo3JaA
in_1DzpSMl9qeGMlJZeGsyXoua8,0GBZ24HP-0002,cus_QXEFwRASxSav6D,sub_1X2egGcGRrWq1y9P51IwUkrY,paid,subscription_cycle,charge_automatically,eur,119800,0,119800,119800,119800,0,1,1684082417,,1684082417,1684082417,1699980017,pi_30x3rWeX4uszGr1yJ5EMARLf,ch_31eYrb3hw8WDH6KJbuVPyOWL
in_1RXlzfVq8BqbFgB8OXTiViP3,KR8F6UOB-0001,cus_36o1I7jHryevwL,sub_1efkD4AaDs1P38Zlft0sdgy7,paid,subscription_create,charge_automatically,eur,100000,0,100000,100000,100000,0,1,1684158297,,1684158297,1684158297,1715780697,pi_3AipKpmqeSiK6fe9LmnTlqHs,ch_3Ek7EMHQjLHKpnZB5SyeHw6l
in_1mXHZoNjtSS5wWihDcNj7Zx2,FBVU7LQT-0001,cus_QG129N71v9sajJ,sub_1lvVgj30awmiJfoMGskPIzie,paid,subscription_create,charge_automatically,eur,59900,0,59900,59900,59900,0,1,1684240183,,1684240183,1684240183,1700137783,pi_3CPujNrJ3c4FK9dX4trlgb8t,ch_3aJF95qim9J2A1nMKZL1n2D6
in_1ULimq0Q4sgN0fh0jI1EUS4q,E3PZD3JL-0001,cus_bguEokKJD6kJF9,sub_1VX5Q8oNOnUTkAK8xDeWlBZt,paid,subscription_create,charge_automatically,eur,100000,0,100000,100000,100000,0,2,1684755657,,1684755910,1684755657,1716378057,pi_32kyPi4Ex0tegJMjUQIj7zZK,ch_33dahWy5L0r9hxJ2U8m17J2x
in_1zTA0nm1sO4aGYC2N1nU9n2G,VJ7NP7G0-0001,cus_smQx80s0Z6knAQ,sub_1O9jItobh4NOT0TKyPAF3IOg,paid,subscription_create,charge_automatically,eur,100000,0,100000,100000,100000,0,1,1684759162,,1684759162,1684759162,1716381562,pi_34saKfniTdplSVMPCMVTE8DO,ch_3HtOepMW1JVfxRgJ9j5qg8Mk
in_1ENlmrkYAhmReXneRKsuBB9t,MMWC2LPP-0001,cus_qGqSTXUYeGfgqU,sub_18BJIJccpnkeVa4ytcQimzwb,paid,subscription_create,charge_automatically,eur,100000,0,100000,100000,100000,0,1,1685041200,,1685041200,1685041200,1716663600,pi_3zPszBTlEipQrs9wqFIILmv9,ch_3I9jMLgB1Mf8PjTcMnaj9dzR
in_13KWm4qK58f0ITwjJJervMRM,TJQCPRI3-0001,cus_7oaestGic8IfRD,sub_1xUqtc7ujuhfPoPOCiWzWebP,paid,subscription_create,charge_automatically,eur,100000,0,100000,100000,100000,0,1,1685072658,,1685072658,1685072658,1716695058,pi_3VssHdYpu0TZKBHg5DS5DcyZ,ch_3izcCFuRRaH5A64SWzyqfz40
in_1qLgGHwNRh1kwgLOUf8NGy3U,YU08WBCF-0001,cus_DtLglmbxVqKEXQ,sub_1mgA6EXDuVUFXNeBerdxPVaT,paid,subscription_create,charge_automatically,eur,100000,0,100000,100000,100000,0,1,1685271036,,1685271036,1685271036,1716893436,pi_3hzvy4Em6QC9uNkOdmZQlRIP,ch_3jfGWmEP7n2WZrdBKnWpJLcb
in_1F1TtZFrUneVcGbc9lSFEfDO,5C4XK3VO-0001,cus_exj6bRTdMbmimJ,sub_1oTlz2huRySk0CgyaktdnqdH,paid,subscription_create,charge_automatically,eur,59900,0,59900,59900,59900,0,1,1685479341,,1685479341,1685479341,1701376941,pi_3r6vz1rUQJl6DHQwAHrLZuCk,ch_3B6PcaCVzVMgIAIL9jQngnyN
in_1vK3mYXv7e2rbiPIOO5QNfBD,19BXWH6R-0001,cus_IQrKK3ZNzF38dQ,sub_1Y2DacLZS4ZJJYOMqJXM7k88,paid,subscription_create,charge_automatically,eur,59900,0,59900,59900,59900,0,1,1685542077,,1685542077,1685542077,1701353277,pi_3D51KgDXndqrjQNcqAYYoygH,ch_3gJWWRDpKRvjewQyl632koxA
in_1Ha3j1sZOEPIkLAkSGbktjat,PGKGM6UG-0001,cus_DRfqoWcWeRxW2F,sub_1rj800nfIFgaa8hP9xZvTx5N,paid,subscription_create,charge_automatically,eur,500000,0,500000,500000,500000,0,1,1685546167,,1685546167,1685546167,1717168567,pi_3NMxzfFNwhAma48UZvizZFTD,ch_3FRIpurznNnBLnOwZflADman
in_1uQS8IkMPI8lXqofXQXFViv1,IKSCFGNW-0001,cus_qmWFrKhQ8uwEce,sub_1Cb2GO6m1DmyC3WU6EtvYER2,paid,subscription_create,send_invoice,eur,179700,0,179700,179700,179700,0,1,1685555008,1688147008,1686522988,1685555008,1701366208,pi_3NiJeGHSyVo6N52nEEeIJfvn,py_3tyZYJl1cMokd3eEDpK9LqNa
in_1eEnqb01ErU4EWZbTwbBConu,JSK3TXWO-0001,cus_59qfse5GE8k0ub,sub_1DdUNobd03AQvHPH15aWQhQI,paid,subscription_create,charge_automatically,eur,59900,0,59900,59900,59900,0,1,1685613175,,1685613175,1685613175,1701424375,pi_3YCTOllyAIuwjMTIdMzqeM1G,ch_3Gm3AGgImvexnsmWcvia2GUj
in_1ev6asEFSt69f83veVzmZhn6,B9D9L16E-0002,cus_rQGNVYwPZRmf2i,sub_1iFVcNcmTYjvRrKzHFEueyI9,paid,subscription_cycle,charge_automatically,eur,59900,0,59900,59900,59900,0,1,1685696771,,1685696771,1685696771,1701507971,pi_3hKMjx0k2BiTZsqiPE0paUFV,ch_3bshccLhFB0NpvDXu9Y5PEgm
in_1nqbFjHn85EUamiFgGnp93qo,Y2NO2OTK-0001,cus_UzZSDRX8FGeRWz,sub_1b9VWTvcASC2ogVU15zvDjOO,paid,subscription_create,charge_automatically,eur,59900,0,59900,59900,59900,0,1,1685926043,,1685926043,1685926043,1701737243,pi_3VuVCur0EVsj6QlViYr7LRu8,ch_3oId1N1uPhaMHdQRaltP2zu7
in_1w13nyDVgJYqGyo2ZcIo0gku,36FO2QMQ-0001,cus_4qsCmyP6KhXkzD,sub_1fuEdd81GymGVRGDQlgROa8i,paid,subscription_create,charge_automatically,eur,100000,0,100000,100000,100000,0,1,1685971291,,1685971291,1685971291,1717593691,pi_3rwEIspKWGLNsSmzj1WqwzIc,ch_3k44UVPUse13N7lzjDPLsezT
in_1rKSYGtiFILBJIQ0bhBBehBU,8KP6ULPY-0001,cus_okAJbSlKaZ49ro,sub_1TfdDF1BMDfsTKxm8gHodmRi,paid,subscription_create,charge_automatically,eur,59900,0,59900,59900,59900,0,1,1686060174,,1686060174,1686060174,1701871374,pi_3AUDdGNng0fQIc4Kmjn1S7Gd,ch_3lti2VcUQV6hn1LOF8s4SHT4
in_1JePcpzW5NKjMNhQu2vGng1Z,QUMTU3FJ-0001,cus_pqa7yCxQUMhliK,sub_18MkcluDbbYMwitvpKehSEhQ,paid,subscription_create,charge_automatically,eur,100000,0,100000,100000,100000,0,1,1686084079,,1686084079,1686084079,1717706479,pi_3pGwjNNIkKcEtBWF6pvkgbJN,ch_3Cze711C8xB2rugL8ZCtXIql
in_1s89reH1B5JUBrzMxvbXXQId,93X7OR9L-0001,cus_W2HCHnUhKv9vxD,sub_1t3EnxDkncOOpq5EM5tQetVS,paid,subscription_create,charge_automatically,eur,59900,0,59900,59900,59900,0,1,1686128584,,1686128584,1686128584,1701939784,pi_35hvNFaymCbGAd6mKOaGFqAl,ch_3DOg6EzfK5a5jNCnkIyuupCn
in_102IEPAYUQL6u23l1hFGcTL4,KPYU0QI6-0001,cus_1cCpHsmGxTHcSJ,sub_1rpsCN0J5iCsWPM4kC2iYiKm,paid,subscription_create,charge_automatically,eur,100000,0,100000,100000,100000,0,1,1686134132,,1686134132,1686134132,1717756532,pi_3dJSqzy55I3a93X41L88mAp5,ch_34xqBJSLSH2wq5QOhk1UsCdI
in_1kYxAsm9trSeRNlTmPVopYWd,0BCOTCDI-0001,cus_LfnYNYj5BM17Qy,sub_13HhGYncpY4fPKS4dYsS4Wtp,paid,subscription_create,charge_automatically,eur,59900,0,59900,59900,59900,0,1,1686143250,,1686143250,1686143250,1701954450,pi_3rTcKlgDGd9xBFOVrtqFEAoT,ch_3sZCR7OgVwXqrzuTHxJWYABx
in_1DD0zfldyeR84fFAuG0QwAUc,1Y790LRP-0001,cus_ij9HIi16A024TL,sub_12PHUEPUn0zcWDadY5AKMik1,paid,subscription_create,charge_automatically,eur,100000,0,100000,100000,100000,0,1,1686485285,,1686485285,1686485285,1718107685,pi_3toIYFfH1zKjFpQTKcS7og8Y,ch_3Tu47lBASiaDuScm8BNELE1C
in_19Yrz4vDUye2MvH9oF832c6r,AGD42Z1Q-0001,cus_74BLD9ikzx4LP5,sub_1AvgifKBUPMdF6DHaftaDALY,paid,subscription_create,charge_automatically,eur,100000,0,100000,100000,100000,0,1,1686557896,,1686557896,1686557896,1718180296,pi_3YjX3wMnELXgUjW2fFZLhXJX,ch_3zt5HEiyIPNcuNSjP9pnnMDQ
in_1Va5jnZRnAeNCpDEgQTobX5B,G83ACJRI-0001,cus_vgg8XZTLJXRVTc,sub_1lPkw60i1OiSk8teig86wR6U,paid,subscription_create,charge_automatically,eur,59900,0,59900,59900,59900,0,1,1686574037,,1686574037,1686574037,1702385237,pi_3IR39gCcO8Qmjlkp8m1hxy9I,ch_3Xc4jYQkKz2F4XOsNDOUf9Fh
in_1cHOxBjEZfNXzDgXKSNQEjF0,GYBS6ON4-0001,cus_bZygZo26zH3W7S,sub_1nN7uVEaofqSQz6raceFHEla,paid,subscription_create,charge_automatically,eur,59900,0,59900,59900,59900,0,1,1686858703,,1686858703,1686858703,1702669903,pi_3asGOJyVnBTrscs7xbbhcPdP,ch_3btmQCun5x9kjz7No2fQ9JkQ
in_1IeEEFGgGixW962uJLGfN9rp,JLV4TQKE-0001,cus_1qlTLI1PCwygkE,sub_17lxFFjv7bCjNwHovXWKgRF6,paid,subscription_create,charge_automatically,eur,119800,0,119800,119800,119800,0,1,1687012787,,1687012787,1687012787,1702823987,pi_37Xdoxl99AiH3skSWZrJDFEi,ch_3vbYeNm27mY0nOS0tx0K3hZ7
in_1mNdCsfyTx7cz1j55HHDQoiU,GOQ34T9C-0001,cus_q0gzLQxlhaEEsQ,sub_1oOekQEKUOPxKZ7HPfwPRBrI,paid,subscription_create,charge_automatically,eur,59900,0,59900,59900,59900,0,1,1687114553,,1687114553,1687114553,1702925753,pi_3K147Ag62rMMjsKYIUhWOJTY,ch_3U1YIuXunltzbVCJWCYjZ8zF
in_16jA6w8nVB8UA6AVwdRX3obh,30CXZ44F-0001,cus_aKwP3bgDXa1usw,sub_1X6bKQHAXaY7PNONVdc6nMJZ,paid,subscription_create,charge_automatically,eur,100000,0,100000,100000,100000,0,1,1687165276,,1687165276,1687165276,1718787676,pi_3iWmq12RMELv9fPyOxYiYyhG,ch_3SMmP9FfdX02IEtqct0mFn8V
in_13dfZLwtQuFSBDRPMTROcLDG,PLR98VFU-0003,cus_egBrhew2arJAqI,sub_1LtJ0ndgPB3cwgLFjRvSm7Dl,paid,subscription_cycle,charge_automatically,eur,100000,0,100000,100000,100000,0,1,1687383365,,1687383365,1687383365,1719005765,pi_3itzXJI8JmUvdtGDgN04Kz9J,ch_3gJ7hnNhkVKN4IDmNsWhCv8Z
in_1NNo6V6B62saVnRa3DmjuInI,EN9L6HN9-0003,cus_uaIM5yUmzkfOj7,sub_1fDMI5neTUoUbKCe0NOrIt7s,paid,subscription_cycle,charge_automatically,eur,100000,0,100000,100000,100000,0,1,1687766667,,1687766667,1687766667,1719389067,pi_3cKdwgBFXQPM6ILyMlEq0Wmr,ch_3xd8MdAFSY9yqQNHQzYfgPHm
in_113YPprwZxfr7jzknthBbxXp,4KULJTY7-0001,cus_SfAgS4cNE000Lx,sub_179sReMX5v5enXBRW54sR760,paid,subscription_create,charge_automatically,eur,59900,0,59900,59900,59900,0,1,1687793018,,1687793018,1687793018,1703604218,pi_3k7vJIlQaDb7JyiuanmufivT,ch_3rRS9iz4Xh9joepNsXDHI7DR
in_1RJNuiizrd16eGkUdjAUxT2d,2FR2I4WU-0002,cus_aSiah1iJIa6mnn,sub_15NAeQ5DGM3WHTPFgx0dELm7,paid,subscription_cycle,charge_automatically,eur,59900,0,59900,59900,59900,0,1,1687870832,,1687870832,1687870832,1703682032,pi_3UPEFQcmaBdAJMppbtc34xI4,ch_3qztRyC5XsuqPwrkVH18pMBV
in_1sY3RdzwvhFWpPA3wWnFGey9,DD0ZVK62-0001,cus_q5TcwbOXpzkyJr,sub_1nRK07CpKzrmqD2azBz7KspO,paid,subscription_create,charge_automatically,eur,100000,0,100000,100000,100000,0,1,1687884713,,1687884713,1687884713,1719507113,pi_3xJHC9ZrJXnoYCW5kiGMzhrw,ch_3K1aDwDvOclW0t6r30JxrHrR
in_1wJoztC9ot0mxpoB9B8i1Qmm,6YCS9QAA-0001,cus_6LHYZBMKNIA5lF,sub_1th4627DCqlO5YjEdlRDD7Gm,paid,subscription_create,charge_automatically,eur,100000,0,100000,100000,100000,0,1,1687939700,,1687939700,1687939700,1719562100,pi_3kEbSckdnxC4AcOd4R6i98tG,ch_3BKsoEGiVCFQwrHQhuA7dPGh
in_1IahvXpqGiJzfSfjcSEgwu4m,MFLOYW4T-0001,cus_j1J0R3BNPnp10W,sub_15hDRWeuzOUdFbLfkLuNGGIX,paid,subscription_create,send_invoice,eur,119800,0,119800,119800,119800,0,1,1687974558,1689184158,1688348658,1687974558,1703785758,pi_3EOYMpW1anK9D0blwsunNCRx,py_3RufGCu5ZG4iyodzGFiHpoFK
in_1W8unhNSDd1JdFhj6arG1vRj,3LA3DNEE-0001,cus_76InV7vaZ3QBHK,sub_1NqQ6mD53rftGpIHmW28rXMt,paid,subscription_create,send_invoice,eur,200000,0,200000,200000,200000,0,1,1688466311,1691058311,1693244771,1688466311,1720088711,pi_3FKxsMSybcIvUs1zIgTwa4Da,py_3HJeWhLGZSzHi4TGRlMYFfI6
in_1yS7GmnRvSG8m7mofOlH43wS,3J3L8EFJ-0001,cus_Fo29zRF9czWs56,sub_1zpHClmMWPhPnlvEWbBzm9ws,paid,subscription_create,charge_automatically,eur,100000,0,100000,100000,100000,0,1,1688471817,,1688471817,1688471817,1720094217,pi_3EqMtNhcvGxkLvEnM5ayrQSr,ch_3P9i9iFOrY2qZgZUXJP7b2Du
in_1nfV5h0kFz4GeVG0LzTWqwzP,COKXB6Q8-0001,cus_bD1pc0Y3H53vUV,sub_1TbrpkClqbPborQQbFoTse7u,paid,subscription_create,charge_automatically,eur,59900,0,59900,59900,59900,0,1,1688548412,,1688548412,1688548412,1704446012,pi_3vydFA67vEJ1SsDGROfKfgdw,ch_3f909HKuKTXFiXo6F50EygX8
in_18TSC8ZgPG5R65vHWybvzf04,5YMJCHNE-0001,cus_Cw9AB8lkorJWqS,sub_1RfsXVKbTGSg2CbzCjJwOiht,paid,subscription_create,charge_automatically,eur,200000,0,200000,200000,200000,0,1,1688584188,,1688584188,1688584188,1720206588,pi_3kRRj5YHLs2nao6YODO1Rp9n,ch_3hHZziD1g1QR9tcmhpTWd09b
in_1032s3CugwvHKWjlxjsDFLVz,RDUY3BR8-0001,cus_0R9AtS7oF00e5j,sub_1ZjRPNurcyP8ib3jgtktNJ2z,paid,subscription_create,charge_automatically,eur,59900,0,59900,59900,59900,0,1,1688701119,,1688701119,1688701119,1704598719,pi_3H9m4CBwtLx3Zi9QxsE8SfrD,ch_34Bq0fVImsfFtkpKCxM83lA5
in_1A85dgW6QvjAMOocjUl2dHvI,4AV5XMK5-0001,cus_YgWsv7RkBzrv0V,sub_1eqLzjbDcV5yg1N7IqBOvBL1,paid,subscription_create,send_invoice,eur,119800,0,119800,119800,119800,0,1,1689065893,1690275493,1690126633,1689065893,1704963493,pi_3wwcA1SoFA6NuzlNbbWJmy54,py_3TAPFWQr4f4FB6G5ZQ6yXzS0
in_1AcPK6QnMLSTFcpzG7oZ40Nq,W61EXL4V-0001,cus_70Pl9HSVOMr59q,sub_1k6xwZzkOiSZOCzMfrDCSzn4,paid,subscription_create,charge_automatically,eur,59900,0,59900,59900,59900,0,1,1689071294,,1689071294,1689071294,1704968894,pi_3aAzBEQtPNnXIfC2CBuFAjA9,ch_3GM6p2LoLeh4YQqXt4ZHbu2b
in_1KuBBWUiTcf3vVaESSIoJEzj,IFK3Q37H-0001,cus_U8Hscad3kMAKu9,sub_12CfCtgleTzqzUhFYVE7LD6a,paid,subscription_create,charge_automatically,eur,59900,0,59900,59900,59900,0,1,1689235567,,1689235567,1689235567,1705133167,pi_302dVLeYvIVLjXZIgmZAyMVO,ch_3agSoxNBaSD1TFj6xclYheOx
in_1glIg1b416R2DJsg8Wj3xnwe,V1CCSSTI-0001,cus_KeW54lOuxwAXXK,sub_17Jp4w43jETDBjdn5DGHQhC5,paid,subscription_create,charge_automatically,eur,100000,0,100000,100000,100000,0,1,1689345003,,1689345003,1689345003,1720967403,pi_32uoQjtn82PKKcrsoZB0Rriy,ch_3lvEFjiyhWWdfcFVR85C5ofe
in_1fYQrlT8oiOmqXNB5X0mfQdb,SOYKJBK0-0001,cus_8lkzVWIuFNPf1t,sub_1LqYhEGiletnAeVv2Uxc02JD,paid,subscription_create,charge_automatically,eur,100000,0,100000,100000,100000,0,1,1689608667,,1689608667,1689608667,1721231067,pi_3NxN0KtZf8xNNrfKxtQwTG9q,ch_3ggzk2BdsWtzO9B9VJMeXrNh
in_1AZS9msbe4K3Qohbq9eQjHLW,A9UYNNJH-0003,cus_oYOrcM13fyhT2E,sub_1wW6plveKTROCdLAgBQtN5xw,paid,subscription_cycle,charge_automatically,eur,119800,0,119800,119800,119800,0,1,1689667601,,1689667601,1689667601,1705565201,pi_3WhkDtKhLASKrtLv4FqkJcwe,ch_3CWs05OO2HrfSzVSIlq8gkUI
in_1tsHS0ImNJpkFCs5Z0gWqLHL,REUO3X5F-0001,cus_KR6bAg9jQFYJb3,sub_1dUDG9gLMNnWXKrN0aeE7gb0,paid,subscription_create,charge_automatically,eur,59900,0,59900,59900,59900,0,1,1689833708,,1689833708,1689833708,1705731308,pi_3dQe09ToGH03ISISz8DB7FnF,ch_3s3ixmSLvyckydZMrF0Y03cv
in_1G6a2zD2tYN3iRM3DdkJzC1V,D4FBVO3N-0001,cus_dT4Z4SmkG1iUYf,sub_1nJHby8yUgnp2vKY7ZT0dINJ,paid,subscription_create,charge_automatically,eur,59900,0,59900,59900,59900,0,1,1689858399,,1689858399,1689858399,1705755999,pi_3rJln1JfcBnxmGEBEGUQ4V8K,ch_33zkJ1vzJWbQhPr362KBrXOi
in_1N1hbVV40y8W2MpYg5BhmOGS,712L4KW0-0001,cus_KxMikirquMrBsa,sub_1kAFjEuJW5ywrbq6C1o6iR8K,paid,subscription_create,charge_automatically,eur,100000,0,100000,100000,100000,0,1,1690196310,,1690196310,1690196310,1721818710,pi_3fiKNqvMHGfnQOeWrvVMv5Bw,ch_3rkU8hbbhqHzeMoMaqFPO7Yy
in_14Fsx72Mu0hjk0IeNiZ97foA,TO57Q7WC-0001,cus_3hnavgEzznXJmI,sub_19aF4gGeNKG1JVx0pF7U9VJs,paid,subscription_create,charge_automatically,eur,59900,0,59900,59900,59900,0,1,1690290006,,1690290006,1690290006,1706187606,pi_3LP65tjgrGReAGLJVUCeCzkN,ch_3RSZlsSGVTgDyawwWFaaYDXb
in_1wrdXGSY07svsKMtVGjPFuGX,6HI685JI-0001,cus_YVRsXnzclbufu9,sub_1lCmhaxqbYmq7EsRRrF9kZtk,paid,subscription_create,charge_automatically,eur,100000,0,100000,100000,100000,0,1,1690722770,,1690722770,1690722770,1722345170,pi_3nPIVHighUF1WQVi2wb55ivc,ch_3A4jW3s4MsxkDqMXzDNFiWv4
in_18HwQkGcy0RQCzsOGixVWMtP,21XXH4DG-0002,cus_GnyrlhcWB7ZkYO,sub_18hD0Ngf0DlncAI80cgQHEpP,paid,subscription_cycle,charge_automatically,eur,100000,0,100000,100000,100000,0,1,1690731595,,1690731595,1690731595,1722353995,pi_3fsHHXLXHP5aNVVWGNHxru43,ch_3Se7UhQKqJKgoTeK6RU8D1Yh
in_1pZnx8Z1bgG1uRB7CowoM8NJ,30I59NSS-0001,cus_8jnGs2YQpfDLew,sub_1BjGpVahmudAK0xFKSjaE9w1,paid,subscription_create,charge_automatically,eur,100000,0,100000,100000,100000,0,1,1690809027,,1690809027,1690809027,1722431427,pi_3pLgqWQCgYhX6qfjcuWtfinh,ch_39ys4HKV2iS9vQduZUzUxOFn
in_1Sb4Vbx0J8lsrRMm1KlTfOHg,YKK1P83O-0002,cus_JKkvR4zsiZzbEL,sub_1B01RKRLeiVN6jXiWjri034B,paid,subscription_cycle,charge_automatically,eur,59900,0,59900,59900,59900,0,1,1690928432,,1690928432,1690928432,1706826032,pi_3dOv6Kz68cEzteGN41NgGcGe,ch_34BEtJRnhla9uOToXHKCismm
in_1Eb5dkrClxVSU4Fb3b9STxXa,SP71TT6M-0001,cus_km4h5AR8xS8PZF,sub_1MziSFHs5rDAPWEuiliP0S2v,paid,subscription_create,charge_automatically,eur,300000,0,300000,300000,300000,0,2,1691327964,,1691328268,1691327964,1722950364,pi_3UGnVSfRUEXVhMRLIXxUXxzW,ch_3fzSG0TaVB6E7USplrEwe7xS
in_1o7xBEOLmRYb5cSUJ2FICUmX,IOARMF22-0002,cus_WiHDArKdqbaBvu,sub_1aIxnp3hoWSbV4v1kVRyyKBv,paid,subscription_cycle,charge_automatically,eur,100000,0,100000,100000,100000,0,1,1691406300,,1691406300,1691406300,1723028700,pi_3UwfrwnVol9ecdvlz9kQjfuu,ch_30h9ZGeXM4wfnfNH6SDQFEeU
in_133EDzAoJI031g3debhkEzHU,GNNEK8TA-0001,cus_Pyz04XIp2zXG2G,sub_15L8ZoxotjzJpeHSpZdTmyMk,paid,subscription_create,charge_automatically,eur,59900,0,59900,59900,59900,0,1,1691507989,,1691507989,1691507989,1707405589,pi_3DDshoZeUXcrYoU4i6iLlYZH,ch_3a4ESfsypKPe9DA3cu43u4L7
in_1iHuFVYTuCIGTsRE39yFTduJ,QIMI0U5I-0001,cus_Gke3sb36MLuBZS,sub_1pdg41OgcLhOKVY1k7vH3Ujn,paid,subscription_create,charge_automatically,eur,59900,0,59900,59900,59900,0,1,1691510382,,1691510382,1691510382,1707407982,pi_3z6twHSUonS4ylZL0jEpCnsf,ch_3iyym8nhmSB8VjC3kRrjZ2mn
in_1Kn7ixTUdd0mDE8x9BsYRswu,2XTUEWCB-0002,cus_tNyq7qwzewHVvp,sub_1Ph2qRLc4r3cpYKD0O2vy45n,paid,subscription_cycle,charge_automatically,eur,179700,0,179700,179700,179700,0,1,1691690364,,1691690364,1691690364,1707587964,pi_31TwDOnJmvhRCzYudVbjHuXX,ch_30Yon6NiAiXEKIFFvET6AHFL
in_169pnhkAxrB1fsf55Stwqeuo,RPOT67XI-0001,cus_vw2UsKW0mXrki6,sub_1e6d6TxHrxleItoTGNfWLiew,paid,subscription_create,charge_automatically,eur,100000,0,100000,100000,100000,0,1,1691830060,,1691830060,1691830060,1723452460,pi_37rN21KuL1zmGdTThqI5wGYv,ch_3FYiLMVTp3a6QeGxGIoCZW9a
in_1BB5j6ZiHh76c6fSnRPbRyug,DVMI8IXK-0001,cus_cCaPK9KWOSzOko,sub_1RPdAiFpSzR4XAheI2Ba56JK,paid,subscription_create,charge_automatically,eur,100000,0,100000,100000,100000,0,1,1692003708,,1692003708,1692003708,1723626108,pi_3uhjV5VcY3ktz792LcMmxYAa,ch_3zDAneRNOlDT3G5qanXtiy48
in_1B9M12vDJ5Qq6RPK9zpcsiBY,PLD9VKM4-0001,cus_Rk63OKSHdu7Kbu,sub_1D9c1nomDLM5i2V6U62mIIUu,paid,subscription_create,charge_automatically,eur,100000,0,100000,100000,100000,0,1,1692035709,,1692035709,1692035709,1723658109,pi_3zlI43yzHt5UBWcQgeTW6RmI,ch_3Mg2As7ZpbgPhbUcb2Eo6Qfq
in_186bNII4R3nLB0wcOwbYa1Qx,5DIL4UGH-0001,cus_EvPgpnlJzZApfj,sub_1vXEbVCBTS0yPpxn3WNDJl3i,paid,subscription_create,charge_automatically,eur,59900,0,59900,59900,59900,0,1,1692192017,,1692192017,1692192017,1708089617,pi_3KANsb8081lkHSwMK5fQtrOZ,ch_3EA8p0xqK047NA2RJp76abIy
in_1OHEApA0khd2XHY9XMqHe4Ol,QSSPZHED-0001,cus_09vgUl8qp0SniN,sub_1loUu1zvLiCO5R6DVoDhV9gr,paid,subscription_create,charge_automatically,eur,59900,0,59900,59900,59900,0,1,1692194317,,1692194317,1692194317,1708091917,pi_3WRUgqhEVtpUI607aLMuEUvJ,ch_3zo03j5VUYfhGrNIoMAiEcmh
in_14r9jyYpPoUaliCkiSCj59tI,T002A57R-0002,cus_x6L4ETzEZc542A,sub_1OXQFoYq5aAXnk6dLyEf0zej,paid,subscription_cycle,charge_automatically,eur,59900,0,59900,59900,59900,0,1,1692228885,,1692228885,1692228885,1708126485,pi_3UM8GCZp0JeQriaqlsvdBEEY,ch_3RTV1Qe6UKRIWtLrIsPPsOSs
in_1D4jjeQ1gVZKObbpw3PhEHEB,A191KWTB-0001,cus_DrrelLBHbzGmyH,sub_1H3xDJoaaBcoP7NxJQlFVvqi,paid,subscription_create,charge_automatically,eur,300000,0,300000,300000,300000,0,1,1692854968,,1692854968,1692854968,1724477368,pi_3oLRipCskttLyE7aNudHKBkZ,ch_3GuZ9wWsmUTlYIUCsLVniHlT
in_17L5GUb4eiNQXkcGtbXIh7fz,47WJQNB7-0001,cus_AOiyDPKRfIFtIy,sub_1gvQ8zjAmxoHSrQ4s7e1CREU,paid,subscription_create,charge_automatically,eur,119800,0,119800,119800,119800,0,1,1692889071,,1692889071,1692889071,1708786671,pi_3u26iN7XLnBs387QYBiVO20Y,ch_3DFKQxYb4hxlmJoMw3A40NHf
in_1Bb9WMAHWJVUCus0H8vCzRYG,ADELFDGQ-0001,cus_eUgevm1PzEYcC5,sub_1IQdkfwItS5nEDafhUCRzCVV,paid,subscription_create,charge_automatically,eur,200000,0,200000,200000,200000,0,1,1693000475,,1693000475,1693000475,1724622875,pi_3KCbuJ7XdkK9Skw6tdGPDOMZ,ch_3uAJUEpy4R2vDls0WJRrSW6m
in_1VLq24UZvH6ZeIyYPmr53vtU,4UM02E6V-0002,cus_BC0hbuiyJJvjwz,sub_13vcIWiO6FnrBtaRt34XLGdc,uncollectible,subscription_cycle,charge_automatically,eur,100000,0,100000,100000,0,100000,3,1693459003,,,1693459003,1725081403,pi_3TUAASxpRgMI0nCOoiA3UPlu,ch_3Bkw6yBpKNkX60hu2LRFDQs0
in_1gvbSggrc8GYSwquDjqgl2z5,EZJQUQU1-0001,cus_O0vEVYu5VFRO5I,sub_1Izg544AGXpi8ykZQzmBzVuB,paid,subscription_create,charge_automatically,eur,100000,0,100000,100000,100000,0,1,1693563839,,1693563839,1693563839,1725186239,pi_380rgxC2wQ7rcjVcRMwcRU0l,ch_3ytn5jWkh18lSvw19G7VB92n
in_1nQ3VbYxVLIU7q0Y0I1MzLl2,B9OR7YJG-0001,cus_2YI8GZJPFLWnOY,sub_105g2zkxIQLLVDHR1Ovip86p,paid,subscription_create,charge_automatically,eur,100000,0,100000,100000,100000,0,1,1693653968,,1693653968,1693653968,1725276368,pi_3Af5aAdeukErQqt1kTmZfJ4l,ch_354zAukRdXFYdJ3vm06fy16x
in_1V8Yluy7CFa7g0D4Vu81I43M,MDCJM97Z-0001,cus_2J8JSR6CwRVRjk,sub_17m4wrG8KbfaGOsX3rwPRdIJ,paid,subscription_create,charge_automatically,eur,200000,0,200000,200000,200000,0,1,1693819582,,1693819582,1693819582,1725441982,pi_3P87UnHStMcFvg334gL0fbyu,ch_37VmW5VyRdQNTtUzG2YykcZ8
in_17iU8ntvXE1WzfATJ52RDWsZ,PQZEGCZG-0001,cus_XbOX8tewq9fXaB,sub_1HDkc1KLVr4nNq70kRdGU5VA,paid,subscription_create,charge_automatically,eur,299500,0,299500,299500,299500,0,1,1693841987,,1693841987,1693841987,1709566787,pi_3WziuDcVgQQOe2XEV19A8OqI,ch_3tsoCCXvmLvBNmg5hSNPIt82
in_1HsesLKquL6g6aD5dvkAm8UN,FVVN5I2M-0001,cus_R5PPGaRgh4c4SG,sub_1ZGZcwn6RukKEonAI2Jjc0ID,paid,subscription_create,charge_automatically,eur,59900,0,59900,59900,59900,0,1,1693912050,,1693912050,1693912050,1709636850,pi_3MZY2TlymbdHIBpbyauAwziY,ch_3ZO99ZvPaxeR8puuEzAigHKO
in_1eM842xKHnC3sPWCfs2PdScU,0KVOGSE1-0001,cus_ToeQpp7vK7SyEx,sub_1PY0lblCJr2LKYC4sFp2DDRM,paid,subscription_create,send_invoice,eur,13500000,0,13500000,13500000,13500000,0,1,1693920655,1697808655,1697483155,1693920655,1725543055,pi_3eE82Kgkyelr9DwAZPEsN5gl,py_3F2fKvI3w5ZFhZV0oOv5g7va
in_1Vi1jgZvv6O8pNDE1JjuCkGN,MHSZLMAR-0001,cus_vKVuKnciiPzpxf,sub_1zCnmNGneboWXOTf4Vg96fik,paid,subscription_create,charge_automatically,eur,100000,0,100000,100000,100000,0,1,1694038168,,1694038168,1694038168,1725660568,pi_3SYuOXX97qvW2ibnQ2X7Xjit,ch_33eSqJ7ebb1ioLdtb8n8AtXp
in_1r7fA3H21mp8Q33perJtVCa7,719IH2OO-0002,cus_m3iwHkQNkPuQq7,sub_1PxoVeGBI93nw6bH5DcBRRgP,paid,subscription_cycle,charge_automatically,eur,200000,0,200000,200000,200000,0,1,1694612218,,1694612218,1694612218,1726234618,pi_3RoXDgnEjkj4af3qxT6xfkE4,ch_3g0VjYU9LoGzOpykNw3kZNRF
in_1MTjaozrlJoVX02Jv8HcwNyY,1IB0ODW7-0001,cus_22v9ETI4XRx3MB,sub_1PxH3V89AsgZwMWSodPP333o,paid,subscription_create,charge_automatically,eur,59900,0,59900,59900,59900,0,1,1694665722,,1694665722,1694665722,1710390522,pi_3sIhGmUu4bcBfcf0c3xD15zX,ch_3dDQtltCwnDutNzkiaGOwCOJ
in_1HPFz0HdlxBFiwJJOTQqF2Oo,Y5ZUPXVK-0001,cus_yHhyXUkUpGwSVt,sub_1l5YRn71x49zYDIJwAIUw0HK,paid,subscription_create,charge_automatically,eur,59900,0,59900,59900,59900,0,1,1694692659,,1694692659,1694692659,1710417459,pi_34xgDnbCQQpzFyFmu85l2iPd,ch_3YpAUa2bB5BePBmrDHQuRrR2
in_1lHlauFgzsz7PATgg26gs5ZT,BUG6J0LI-0003,cus_j7oS8UcPmuAPRk,sub_185C5LckEvZziVI40olo8p6y,paid,subscription_cycle,charge_automatically,eur,100000,0,100000,100000,100000,0,1,1694771686,,1694771686,1694771686,1726394086,pi_3ewR0A6reS2h5RhZm3tH25jo,ch_3elquS7BLYWk6BkvM5Sgl6yC
in_1o2xmzEb4esYkZT4rqPfY4li,VSQMC5UR-0002,cus_nTSOHY6JMXA9gN,sub_1DQz7W2VSg9rfef1b0ECMxv8,paid,subscription_cycle,charge_automatically,eur,59900,0,59900,59900,59900,0,1,1694779636,,1694779636,1694779636,1710504436,pi_3CK4HEHOYUySZzQzhwFIycYA,ch_3MpWjE4r7FmboxUnLOUofxYL
in_1Qozp2ckqIo2nvkknx05dBlh,HBFEXPXW-0002,cus_wfMIu3sESqAMJF,sub_16jq08DYJ4wdMek0RkgwRm12,paid,subscription_cycle,charge_automatically,eur,100000,0,100000,100000,100000,0,1,1694798732,,1694798732,1694798732,1726421132,pi_30UE8yyr67aG8nkRzyAjZCkh,ch_3C8aIq7JPQqehLMeXwoFEIuG
in_1TrGGxC7TP6EdpMpOaz26KZk,5V5UEGK0-0001,cus_SOtPQcjDpoAiV7,sub_1lccPPhLaSmZGHNloVKhdnVu,paid,subscription_create,charge_automatically,eur,100000,0,100000,100000,100000,0,1,1695150181,,1695150181,1695150181,1726772581,pi_34erBPut6fBcOIwAfhHKTmxs,ch_3jB7MupVQSrFvzHkShZA1P63
in_1u0T6kTJaDeek7r99V6qflfN,OP4C14IS-0001,cus_LCwdi5rQsG3VZ3,sub_13qJE6kWcgrVo4j8D3nrdJeh,paid,subscription_create,charge_automatically,eur,100000,0,100000,100000,100000,0,1,1695349979,,1695349979,1695349979,1726972379,pi_3QyleE7tq5dO8yTwHDiDtMVD,ch_307HsU9PiullCE5aVHVqzt5h
in_1S4yV5uFushmr0nBalEZfJZh,ZYMV3B4X-0003,cus_u2J3hMTRwIxAoi,sub_1A8Qw1osSxBYB8zNcUYD1IsG,paid,subscription_cycle,charge_automatically,eur,59900,0,59900,59900,59900,0,1,1695380369,,1695380369,1695380369,1711105169,pi_3OatFjzVhPrSVsk19rQtCnZ3,ch_35KSNWCDf6eMzSOrCZqMIpr1
in_1S247sxiHZL6z2KxrozgEVG4,KTWSPD14-0001,cus_qCZ9e5cxOywAxL,sub_125S8HRWF7LsgCQ5nXaNpcWt,paid,subscription_create,charge_automatically,eur,100000,0,100000,100000,100000,0,1,1695397744,,1695397744,1695397744,1727020144,pi_3uYdurZMs1qb2yvTLig5ckME,ch_3DRkpUEwsF1DOvv6VfI1EYRb
in_1e9Ib3kA0pDfI8ekw37pd4RA,63AVYFFL-0001,cus_DzMrPbaKTPfLpz,sub_1dj7qV9Dq3YtetT3RJxH3orX,paid,subscription_create,charge_automatically,eur,100000,0,100000,100000,100000,0,1,1695575864,,1695575864,1695575864,1727198264,pi_3LOEu135wcMihtGhgg0mhPa3,ch_33IPmAfHh7qbIBH8D65v63L5
in_1oJFPlFzy31gF9MQJozErnty,UD4FYI4M-0001,cus_rK0PGBSdey7yqB,sub_1mZm8GXwaJna2CdE3TJXCs2e,paid,subscription_create,charge_automatically,eur,100000,0,100000,100000,100000,0,1,1695618878,,1695618878,1695618878,1727241278,pi_3HQF6LL4235BEX9pZSYwpe46,ch_3qUZLZk2fLe2x4HG2y7OWJur
in_1vTVXeWLe42Mt3AluVYnFRPX,KI7GKMZO-0001,cus_GLTDKk21MTgPmc,sub_1SkPaKAAG9hxmrdLc8033roC,paid,subscription_create,charge_automatically,eur,59900,0,59900,59900,59900,0,1,1695645901,,1695645901,1695645901,1711370701,pi_3BFsTfoVRY4Yqv2qs4vxyAUg,ch_3R99VHGGcaJGZ2MzJyEfqXhI
in_1zZve0eoljeyQRV8Yf59sg5S,K9EQCZM6-0002,cus_cBgyjKueUbertW,sub_142xbojjdOkfJdOKxWoDSoFR,paid,subscription_cycle,charge_automatically,eur,59900,0,59900,59900,59900,0,1,1695655121,,1695655121,1695655121,1711379921,pi_3w1kPYjUp6awfMpGRzE97xZv,ch_3LGe6FzlJRIK6LMh6M5ciq6b
in_1oT45yCbOBKxbjpQ4Qxt204S,FIJ4PNRJ-0001,cus_fOnszPivh0Vzwh,sub_1e4bxfbL7hUsagHZzDI8Lh0i,paid,subscription_create,charge_automatically,eur,100000,0,100000,100000,100000,0,1,1695740653,,1695740653,1695740653,1727363053,pi_3Ap7MIR2pO3umPZf3vU0ozal,ch_3uhSC6iwKAkhgyUOkEj78Wmt
in_1uCLsDTOcTxANM54qLbIAdFL,1K7I0SN7-0001,cus_fUJXOTMYhvfeTV,sub_1JU5Txu66jQ6FLSGuzduzg3a,paid,subscription_create,send_invoice,eur,300000,0,300000,300000,300000,0,1,1695828228,1698420228,1699912008,1695828228,1727450628,pi_3To0Fms5q8hY7WUctfuBCCkM,py_3FajrjoWqiovbkEDMdGa5aMV
in_1VgvGHqJphZ5iwX3yBz0zNu4,5WBUTAN7-0002,cus_AFUcn30mP6R7AG,sub_1xQbzyFfvrJ541BgF4oK0qor,paid,subscription_cycle,charge_automatically,eur,59900,0,59900,59900,59900,0,1,1695831050,,1695831050,1695831050,1711555850,pi_3uVqcZDlqGDckk8cxXw6WWZ3,ch_3E1ak2H5wQr7BbQHnA8xMJJ2
in_1oMKKbQg1QRNrZchTDwwuE87,EPMNK0EF-0001,cus_Hk2dbWyV2hfe05,sub_19ih0cZbiZld4v5yeo8abpEK,paid,subscription_create,charge_automatically,eur,100000,0,100000,100000,100000,0,1,1695886383,,1695886383,1695886383,1727508783,pi_3gTvHAEy9gO2U6WEPVamHCu4,ch_36bBX8NLodH60R4TbnVrjrrO
in_1MR3JBYJyRD8ayPw8VoJ0ZXk,IROZINO6-0001,cus_UDHXG4PIWz7DdQ,sub_1mB4s29ac8dQJ5HCm72XTjTU,paid,subscription_create,charge_automatically,eur,100000,0,100000,100000,100000,0,1,1695894217,,1695894217,1695894217,1727516617,pi_34r94yrREr47TsDNfmOsXnEG,ch_3JWBEwJ6g21WZk7GvLgGMkSz
in_1M3kQpKsK0ROdJuGtBJM0CCC,2GD4C54W-0001,cus_M8OvVc1W3PJNn5,sub_1LDXP6m7IbqIsM3gh3xG9bxJ,paid,subscription_create,charge_automatically,eur,59900,0,59900,59900,59900,0,1,1695907049,,1695907049,1695907049,1711631849,pi_3TCXQpwOg17f7zOUnxceMD4d,ch_3qioTp8BgdbS9l9sn4xq7RSQ
in_1IiOxHxuOutNaOQkf7nWSwF1,73V2DWQN-0001,cus_FGGArfVspwGMDu,sub_16RiKWokDCCpbLquNmwrgpb6,paid,subscription_create,charge_automatically,eur,100000,0,100000,100000,100000,0,1,1695919732,,1695919732,1695919732,1727542132,pi_3iCbw6NoM9X4XzI7yxyvI98P,ch_3GAnuTOhdbLYupbucqWk2jgY
in_1kKCGtZ0eqFD6FGKwRpFXD6l,SRWNIKXA-0001,cus_HoEicelG98V2Hn,sub_1i9FVkXUqXNnwEp2xhfA7azZ,paid,subscription_create,charge_automatically,eur,100000,0,100000,100000,100000,0,1,1696164833,,1696164833,1696164833,1727787233,pi_3YubiefgmP5EBKDGNEO2M1RM,ch_3OLL1TQ6iBgUaHbbuFZyaXEj
in_1jIcuRRSz6xYo0MYWWKnROAq,HP7N22Q8-0001,cus_gbCWmXGZu9OZ2r,sub_1fe5EmkI8nC3Cdpiq1GQELoS,paid,subscription_create,charge_automatically,eur,100000,0,100000,100000,100000,0,1,1696285986,,1696285986,1696285986,1727908386,pi_303XOGhj2gC9Ooid33msnykp,ch_3TvLMmI2mYOyPuJktJ7JAi6r
in_1JODxImFaKG9LPos9UIFr3hc,L2AVPW49-0001,cus_xOXku7uj0yJjvy,sub_1HPAhLkzQuDYqiysMbhbMAbQ,paid,subscription_create,charge_automatically,eur,100000,0,100000,100000,100000,0,1,1696342089,,1696342089,1696342089,1727964489,pi_39sfoiKJ9snHrtPIQ1jzlzag,ch_3z0sT5S6Z2Zqec3D5H4mAk5f
in_15pHutmI6ia98tITIELoazNk,VQZY5B6M-0001,cus_Uh62hPZ96nMJ6x,sub_14xz13Ntn5zD6vycGde96QVH,paid,subscription_create,charge_automatically,eur,59900,0,59900,59900,59900,0,2,1696351513,,1696351790,1696351513,1712162713,pi_3pR6Ss1HrCUekNzCjtMt3AdK,ch_39osvszU1bzc9ueMXhldDn5J
in_1XuJQWCCM4NdVDwJfm7d0x8J,3WR0Z9SG-0001,cus_bOEeFiN7FI4RSa,sub_1Si4C38zk1dKq5bobeySAQGU,paid,subscription_create,charge_automatically,eur,59900,0,59900,59900,59900,0,1,1696508937,,1696508937,1696508937,1712320137,pi_3rptYYYVqHKS7kgFetC4wvZV,ch_3tDmOQpLvkhMMD3Cmm7aOsYf
in_11wZV2VSzazdaFW3hc5GF3q5,0HCGNI7L-0001,cus_fAVOl6hpLgyr4G,sub_1EZMrPQSw4wdHYwaPNWYnMO4,paid,subscription_create,charge_automatically,eur,59900,0,59900,59900,59900,0,1,1696528278,,1696528278,1696528278,1712339478,pi_3rLFbdiiH62YnzaLKt0Sri0M,ch_3vtKKRxdO9cw0ljL8sBNxUjP
in_1wY2VGL1wuRzKshoSYNibqfu,LFUB13PJ-0001,cus_vkYI0qaVxZGHD0,sub_1umzv8nn19X0OJ2IPeWmHC4D,paid,subscription_create,charge_automatically,eur,100000,0,100000,100000,100000,0,1,1696699754,,1696699754,1696699754,1728322154,pi_393bfcjFzmwxO6Nq3mATTfrv,ch_3P3RuiMcZx1Ix2qP4VHD3Mot
in_16mrYSBwcaUjNdGhPXV4H8rk,04V8IE38-0002,cus_uDRDNCEEucZaSI,sub_13THnq8okfV2OTb8tfvdFsr7,paid,subscription_cycle,charge_automatically,eur,100000,0,100000,100000,100000,0,1,1696954543,,1696954543,1696954543,1728576943,pi_3THHTkETH3m4YeJCu0cQfAeO,ch_3jIj5AqIbqsPTyjao9HSDChv
in_1rbtDCo5inaJ1vYoiPWEfnVw,RH6KY08L-0001,cus_i1gJZQKZyOc9km,sub_10aiQcCT5q3wShMsimJYD3US,paid,subscription_create,charge_automatically,eur,300000,0,300000,300000,300000,0,1,1697048877,,1697048877,1697048877,1728671277,pi_3Bg1I9gy0n4MEbKUf7f7NJTR,ch_3JQRlOoN8Z50RCT1lK9bjOTI
in_1tWrikwuHEq0AmtKMXbkskSy,AYCM4JV4-0001,cus_Q1iTBTqGuLfYkD,sub_13rruVbzn0UEDCGu02n64tB4,paid,subscription_create,charge_automatically,eur,100000,0,100000,100000,100000,0,1,1697122962,,1697122962,1697122962,1728745362,pi_3mOraBQw3ZEqF5OGgd60D4V7,ch_39jxShYGDx5njTCyAtMCy2BX
in_1qnoxG0WiKgYuzzKmTK7mJjV,7EK0IVMK-0002,cus_acMvdI4jKJ1Vjh,sub_1qfgl2Aq9Sa7ujBrVpE6BejE,paid,subscription_cycle,charge_automatically,eur,59900,0,59900,59900,59900,0,1,1697166693,,1697166693,1697166693,1712977893,pi_3gesXjGWsfsxodmyvjfkWKfE,ch_3lYMT9ZAWbESNr13obe6ZSBv
in_1LHtRqOiNberjYaVq2xmLFfD,F2GJZ1HO-0002,cus_Uv7Cz6zFYSAaUI,sub_1HEVsP1yHOsmhREetQzO0vC3,paid,subscription_cycle,charge_automatically,eur,119800,0,119800,119800,119800,0,1,1697197736,,1697197736,1697197736,1713008936,pi_3Lv0S4IDq5OyJwpx4P8tptCk,ch_3zyVLCVkLeQhQp366QLjigqO
in_1Yaljn9Ko6uWFEstkmDxiSEe,TM2KSJ3Q-0002,cus_t09G1juyNdvo9B,sub_1pMgBSlpY76bc2F0gh4nzijP,paid,subscription_cycle,charge_automatically,eur,100000,0,100000,100000,100000,0,1,1697274104,,1697274104,1697274104,1728896504,pi_3C6bo4tCrXf2QFzkAkkvDLr2,ch_3qFVBwqkI8zYgXUoBJxQiApk
in_1twkJHFNzIwyOLXzp3V03ICB,VOFUXHY7-0002,cus_s0DoCsvKTn5Qyp,sub_1ogMsi6Ia77Rhurzm91q8zHh,uncollectible,subscription_cycle,charge_automatically,eur,59900,0,59900,59900,0,59900,3,1697288196,,,1697288196,1713099396,pi_3a4bxeoBc9vsrmiInixBdl8z,ch_3rP8vuv6q4SiCUyGX0ejNiSv
in_1mb7n3dvhQI4VztvQtBaNjng,5ONZU6Z3-0001,cus_j5eR3o3GD3HPsI,sub_1BIN06dVgESdcUTf1tWw1o0U,paid,subscription_create,charge_automatically,eur,100000,0,100000,100000,100000,0,1,1697638379,,1697638379,1697638379,1729260779,pi_3Wqb7Qsniy8VmYi99lP2wtPr,ch_3MGueHB6yklmL7gmX9JujO1b
in_1rNe9izuAUrYqHEPu7HA9C2n,NXLXIXS1-0001,cus_MZvPbyqfnh0KSl,sub_1qCo93ckHIM55qpiBBYsWQvM,paid,subscription_create,charge_automatically,eur,100000,0,100000,100000,100000,0,1,1697645739,,1697645739,1697645739,1729268139,pi_3okvJbQ8N5Oh0JjZEXiAZRi3,ch_3Ce5kDZ8fdcTsgoiOHsdbP0c
in_1bkaTmgtKmnROEA5xGAFJXP6,889OPAAA-0001,cus_kTVb17Vxp3rBJo,sub_1cLfoJtiMnqsXDtIc3bgFnI0,paid,subscription_create,charge_automatically,eur,59900,0,59900,59900,59900,0,1,1697787753,,1697787753,1697787753,1713598953,pi_3RbdSoL7fTZEW4LZGxzH4Nuq,ch_3JC7LkoDtMvVoFUtHwTW6PrR
in_1YYNhMoYe2a3P0Xo6TmDIHYR,86PPDW2Y-0001,cus_1efeG2e0fFTVUi,sub_1NlUbzLFz3iJpJuD1nah0nL8,paid,subscription_create,charge_automatically,eur,100000,0,100000,100000,100000,0,1,1697819087,,1697819087,1697819087,1729441487,pi_3iRiMeTYvIPZnU1WM35KvGUc,ch_3b89Tg1QoBLwhooidreBV4UX
in_1zM88hUkrVuapRzG2F4g5U8a,0N1348SW-0001,cus_88DGPZBygLH1oZ,sub_1hskEtUR3THDN32OGU6Bf7QZ,paid,subscription_create,charge_automatically,eur,59900,0,59900,59900,59900,0,1,1698069402,,1698069402,1698069402,1713880602,pi_3QgOZ5gX3suszqoskVONgfS7,ch_3qe7bE1GpiXsxAgyZ0yg3LyP
in_11tVYPPqkChqu5hq2XBx8P40,Z0EOCJKN-0001,cus_hdej5FSntQnpHl,sub_1CHJVTpsgXIZ7OkvwTU8lXA8,paid,subscription_create,charge_automatically,eur,179700,0,179700,179700,179700,0,1,1698083710,,1698083710,1698083710,1713894910,pi_3dOWv79zwndKmbY8JeC0Ht3o,ch_3BXUnzjLd9rY72F3XYNzJc5V
in_1BZWplR52BIiUs3SMf09gt2B,8BATTO58-0002,cus_Onhwj49vatyQSW,sub_1gw1Ux4UhBqjl75btKPPCxh6,paid,subscription_cycle,charge_automatically,eur,200000,0,200000,200000,200000,0,1,1698154894,,1698154894,1698154894,1729777294,pi_3sUKSXpQfbJxmAFbehla1Bv4,ch_3P487ciAACv60cKkqCsZOr8Z
in_14bXZrX5vHj2lH5Cc6soS6dv,NSTFWN76-0001,cus_pM3uq814hin9pq,sub_1G6zZj9QSOFqF2Zs8xYXJZS3,paid,subscription_create,charge_automatically,eur,119800,0,119800,119800,119800,0,1,1698166514,,1698166514,1698166514,1713977714,pi_3yo4pZkiH2qo24aNOyKF6Ox5,ch_3iQoRLwZbbAnK82GP1VrLWCD
in_14yqxMUkgvgcwdrGk2QkCRTy,UTHHWWFR-0001,cus_PyxtpdM5pSOenC,sub_1Hkqyyg9NSApXtw98RWEnvGn,paid,subscription_create,charge_automatically,eur,59900,0,59900,59900,59900,0,1,1698170535,,1698170535,1698170535,1713981735,pi_3AmCoyrZX9Zc5gdGww4hb8zg,ch_3RD7hhasFVbbb15VrEkA1vaQ
in_13OuJ0NClthrdJZQWSNyzXvf,L17LGZZT-0001,cus_Izl1n8skdNGsFQ,sub_1bKIo3RlXPGuM2p3nobnZQOC,paid,subscription_create,charge_automatically,eur,100000,0,100000,100000,100000,0,1,1698247091,,1698247091,1698247091,1729869491,pi_386XqXsjWof5PDGgxg3w5UuI,ch_3fslhanhkgPnMIrkgBC56X30
in_19i40v9Qnf2BOo4hKb06oqZX,BRPNXNBY-0001,cus_iMQqWjbC1uoclh,sub_1aBiRLS6ComrpQ9F7k69mTZL,paid,subscription_create,charge_automatically,eur,59900,0,59900,59900,59900,0,1,1698321297,,1698321297,1698321297,1714132497,pi_3gkGjad9lPuwrg1v1jQvtOXf,ch_3jajTkPG4klvVUBVeGDYdoKq
in_1Rs3LpR8fADTDzktNKf1vf0A,743YJB2Y-0001,cus_PSd6cc6IvQlaUg,sub_1a92dB6xQZ9KqzMDpcLYJhtG,paid,subscription_create,charge_automatically,eur,59900,0,59900,59900,59900,0,1,1698323873,,1698323873,1698323873,1714135073,pi_3jBKZij2JyNT4hz6iAg2bglj,ch_3h7XyqJHugyhFPWrVGpLlcDB
in_1udDA0jN2rUk1W6b5OSUlvoP,0VUBKT2E-0001,cus_necpP0pFZ0FNCL,sub_16Uhb8DU0ntC2Sq8xPQU7qll,paid,subscription_create,charge_automatically,eur,300000,0,300000,300000,300000,0,1,1698325313,,1698325313,1698325313,1729947713,pi_3o5mLukpg9T5JEFaYLshIpB4,ch_3LxySBf7x0waYR0XXOmlXL7t
in_1yYDOl8dmFcSyOpsG4L7eK0U,WTL441FG-0001,cus_xUsTKZrX4s42RT,sub_10b4ky9L4t8HSDy2LblkDL9e,paid,subscription_create,charge_automatically,eur,200000,0,200000,200000,200000,0,1,1698392658,,1698392658,1698392658,1730015058,pi_3EVjEVNIeRNNKalTb1fFPuGI,ch_3QyBvuMZ9bmTPY4wJBywo5HM
in_1HDHZ0dRVY9p9CpjEYV7Zw81,5M99SE7U-0001,cus_rrwAQ4yLNXQ96z,sub_1zVdxqihMKObWhG13CkqkvMj,paid,subscription_create,charge_automatically,eur,59900,0,59900,59900,59900,0,1,1698399195,,1698399195,1698399195,1714210395,pi_3tzo92Mb77aSuTxuUto9QjJz,ch_3zMLWYK7LnJUuzi0erQoZ7TZ
in_1wiCdDhvVpa5kLZBvwJvn5tr,IU2J0ELG-0001,cus_UwmBud74uzmFyw,sub_1xhvVwNHFzH6HJgLwlbLuq5r,paid,subscription_create,charge_automatically,eur,200000,0,200000,200000,200000,0,1,1698412272,,1698412272,1698412272,1730034672,pi_3hT0sUb5LWUxUbzpY9RJvDEc,ch_3dqkml7r3g17W7W08nUEeeOk
in_1YFRLYhRkl0y12TwbFKPnIEm,LDKZOHS4-0002,cus_jXzoFfA3fgqami,sub_175zRB1J8jyEN7ASbOTDCAIC,paid,subscription_cycle,charge_automatically,eur,200000,0,200000,200000,200000,0,1,1698419388,,1698419388,1698419388,1730041788,pi_3mUpITApIyVL6DWQntpg2lZy,ch_3NM7pIQug5nBDr6x9PXVnlc3
in_14ECHZb01KTixQkzROhg4DRR,KMB1SSD0-0001,cus_JQAKTmTXf4ZIrd,sub_1fsQzpE3AXkeIWq2VAYz8xYE,paid,subscription_create,charge_automatically,eur,59900,0,59900,59900,59900,0,1,1698478155,,1698478155,1698478155,1714289355,pi_3zXYTHH2ku1OwO3vNidqV4y8,ch_3Lrl0y0kdJUsBvLQ3IAixfV2
in_1V5pxdQrwS00s2lbkCfDtmF5,0C78Q4IE-0001,cus_DMWI8U2AZLQqX4,sub_1oWoN9qi3ZhBdVnIMN6vv3oe,paid,subscription_create,charge_automatically,eur,59900,0,59900,59900,59900,0,1,1698497555,,1698497555,1698497555,1714308755,pi_31FJuY2B16460LFG484Co5b2,ch_3caj7AXCrMGIrbTt1wn1JOQr
in_1lLa9jiBU8rW7jdE5TQuZtH3,CDLUKENQ-0001,cus_AnHAxyZmPJ7fjZ,sub_1kWjsWuyrQgn9EjFxGOrlzrO,paid,subscription_create,charge_automatically,eur,119800,0,119800,119800,119800,0,1,1698829193,,1698829193,1698829193,1714553993,pi_30wfzCf8GYurjAZcQjeyWFgd,ch_3OtQURRCIHjBpGx6TaMkbTg0
in_1tibekTsx8mS1ZfUyLGMT9QU,VT0DU29T-0001,cus_A1p9Nr018xggQ7,sub_1NH1qiUPzfpOdTCbsAjmyiTQ,paid,subscription_create,charge_automatically,eur,59900,0,59900,59900,59900,0,1,1698839987,,1698839987,1698839987,1714564787,pi_3jcNTU4dn327cQAdJIkoqFca,ch_3iqg9zkvUZE8nWsAnJPysqHP
in_1vEprA7qHs80dYa5ten4xvgM,FZNVUPIP-0002,cus_2kusAyy1G1wlDI,sub_1JMAVUHVTAxLxPX7yAo0fk4m,paid,subscription_cycle,charge_automatically,eur,100000,0,100000,100000,100000,0,1,1698864476,,1698864476,1698864476,1730486876,pi_3MQxSxjsOR1WHIKsPAo6Ymsm,ch_3VYJCA5x9LVKtroXrXy1UlLL
in_1nThRpGPhI4vqaQO8kD8gyy0,9CXWL7CM-0001,cus_uORtoExpbwD1Xr,sub_12y8hKsLS9U0UVkm80gTgYMt,paid,subscription_create,send_invoice,eur,200000,0,200000,200000,200000,0,1,1698927136,1701519136,1701536716,1698927136,1730549536,pi_3pnONcUaBOrTBk0cyDlc6z11,py_3dMnGvC4mvnlqGJI2q3BsCF8
in_1rvzUIDoC84lWLqvkLDUjcl9,1UX0R22L-0001,cus_CfZRpBs4LBGpeq,sub_1FE25IwDU6nOXcd9gQZYnVYf,paid,subscription_create,charge_automatically,eur,119800,0,119800,119800,119800,0,1,1699279543,,1699279543,1699279543,1715004343,pi_3edvi9tjUUBWDPIBz7fQlsDF,ch_3OR0xqGY37MkSHuaLJeX9Z2M
in_1TJwKLpqHuY9CQKCCZi3dWWN,HJM4XF9H-0001,cus_IXT8KmhL0wAwYx,sub_1SVdLPpE4KV0y8pK7cwr0wW5,paid,subscription_create,charge_automatically,eur,59900,0,59900,59900,59900,0,1,1699314170,,1699314170,1699314170,1715038970,pi_3P73NxK49QWqWB0Ks7q1ENvg,ch_3QlMWTEw3G0LhBrEh7zWMSXM
in_11HDqe5hMA24pgDR3Mf333Lv,AXLX8316-0001,cus_9y0gUDhQw32jl9,sub_17EaMaKKJuqScJOmPy8X8ejT,paid,subscription_create,charge_automatically,eur,100000,0,100000,100000,100000,0,1,1699436096,,1699436096,1699436096,1731058496,pi_3dnLYr6RBqFfgNvxuIS0WbI4,ch_3Ic7WwxhdyaBeblaFbhZAqTt
in_1nK0I3RRFjq5FTnz7qEarYw1,IMLZYT3K-0001,cus_L2l2yxALSIuJNp,sub_1Qk5A4JeWenHEh1Leq9ANd1S,paid,subscription_create,charge_automatically,eur,200000,0,200000,200000,200000,0,1,1699520753,,1699520753,1699520753,1731143153,pi_38vJkflP3C94AjLGn40Vrwa4,ch_3wLsWMO4MUS1DiHKwpirAABu
in_1iEi7zzhGQV34l09c9eIjxJ7,STACPCQY-0002,cus_6DgRgB2nKFLyaJ,sub_1vNbtVPXa7XCdaPpsAEe7zpy,paid,subscription_cycle,charge_automatically,eur,100000,0,100000,100000,100000,0,1,1699533049,,1699533049,1699533049,1731155449,pi_3L3W7SvepCdlQaj02u3l0EB7,ch_31j7sLVFwEGyp4yTLe9Ed3o8
in_1AhlOxFXz53EF6kPmaFxIBBv,B3E7Z7C5-0002,cus_DNxCQQpeJLfQXx,sub_18LPaCqIY6O5jQlqwPQeKvqq,paid,subscription_cycle,charge_automatically,eur,100000,0,100000,100000,100000,0,1,1699539985,,1699539985,1699539985,1731162385,pi_3UakGRCEdtENnD9NUUdPtQXl,ch_3ojcbKuvEjHeWKWUZvVZOU0c
in_1ZDSruq5Qqt1Q1x8T3sqT6Zq,UM34B7QV-0001,cus_XM7INayrOEZKPE,sub_1I9sfPxM1Dc3zQhJVUTEK7d1,paid,subscription_create,send_invoice,eur,119800,0,119800,119800,119800,0,1,1699611357,1700820957,1700678397,1699611357,1715336157,pi_3zsh5U6UKLqU82cS4GmNWlcg,py_3RDhKO0egkQ77yZVDZ2q2hJf
in_1FTqNHlDyogWtNQg7LYBAEnU,VYDG85M2-0001,cus_o5SUjnnPEziseC,sub_1LmrPMI8761ent7nSLE2wmyO,paid,subscription_create,charge_automatically,eur,100000,0,100000,100000,100000,0,1,1699612619,,1699612619,1699612619,1731235019,pi_3LvjRdgoQ0vR54F3W31tP2o9,ch_3cnWPbtSSFv7hPH6BGVDidlD
in_1SZ9Lpxa4jlt18cfYgBJknSB,C9ZXLAMF-0001,cus_p9ODrfPqyoT4a3,sub_1Qavu6oOLAINMFNy5Q7O5lQG,paid,subscription_create,charge_automatically,eur,100000,0,100000,100000,100000,0,1,1699945894,,1699945894,1699945894,1731568294,pi_37RxIiHwE4REt70xyFgaImeT,ch_3uAq1T3Zeyx7MJHzfG8k57e8
in_1ICpgpKIHvNje0idxxMMvLJq,0VVT5SWQ-0001,cus_PgRSkygKuTNTfa,sub_1nT04PzLuyzOjQUp2aZ7rLGR,paid,subscription_create,charge_automatically,eur,59900,0,59900,59900,59900,0,1,1699995342,,1699995342,1699995342,1715720142,pi_3zMKigN0jpremW4ouNZ2nrFU,ch_35ogQdQQjcPXdCWsJLG0w3AH
in_1cojvns38OYMAIYatkrgstl7,5TATBGAV-0003,cus_PSAMNNc5lQMeeu,sub_1Bj6TyFvgkcN2c54GuxwPPfG,paid,subscription_cycle,charge_automatically,eur,100000,0,100000,100000,100000,0,1,1700066931,,1700066931,1700066931,1731689331,pi_3AqlFlpCefKvmR4TTioQUAEd,ch_3Fq6oqpPtNFBKZMIverVdsK6
in_1rPSsvi3oZbFCibxVqENNKKs,FBVU7LQT-0002,cus_QG129N71v9sajJ,sub_1lvVgj30awmiJfoMGskPIzie,uncollectible,subscription_cycle,charge_automatically,eur,59900,0,59900,59900,0,59900,3,1700137783,,,1700137783,1715862583,pi_3n6cvNeoSx98xe16I0jOyrSG,ch_3fFvfz8u4Cl0QbOdWV65fFLK
in_1LzKbhlJRTi3UC9R42K0TkJi,9KETOVSO-0001,cus_woJpkLK1dyTSDE,sub_13PypzePFbuoPVXHPJPr4OzQ,paid,subscription_create,charge_automatically,eur,119800,0,119800,119800,119800,0,1,1700158550,,1700158550,1700158550,1715883350,pi_38vZQsmCbVKXlAqziJkApzyd,ch_3IoDXnxmybb94oVJommtX0PQ
in_1fHqtrOsBASrsLkwLCOet59W,QPHYF0ES-0001,cus_Ig1CDaKzgPsq5E,sub_11IJzUntFYpdHKAKoMB2oni4,paid,subscription_create,charge_automatically,eur,119800,0,119800,119800,119800,0,2,1700219379,,1700219729,1700219379,1715944179,pi_3DeIKLPokIknI0OpbFVxrgFS,ch_38QX01lMVHwm7zYxoaBW88SB
in_1urYiGD466a8tHI8pmawMUhe,J26ZF1AE-0001,cus_odt8S1udHaXV0r,sub_17IjjEQsv5BwWWfgTUihRm2z,paid,subscription_create,charge_automatically,eur,100000,0,100000,100000,100000,0,1,1700222873,,1700222873,1700222873,1731845273,pi_3tK3g2YacJVV6hbvJOg4Xsnr,ch_3UElvsuOOSSdcnFHRKOFA9Jq
in_1axyHYPlkOLSWjwzaRnPTAxs,TWGTAPK4-0001,cus_cgm15hmCrHV52t,sub_1JvY0sFAoKPcqOe7hqp7Z9Ge,paid,subscription_create,charge_automatically,eur,59900,0,59900,59900,59900,0,1,1700297723,,1700297723,1700297723,1716022523,pi_33nTnRpAQhbsVukd4XCSRSpB,ch_3EGfR949g77xqOIp4T1U2O1P
in_1sbrNEIEnYYTKkOMdDJpB2IC,3I7MLMZY-0002,cus_cp7KWvJyHFgxGV,sub_1rmo1pOOY3gyUsBMFBFsJZOA,uncollectible,subscription_cycle,charge_automatically,eur,200000,0,200000,200000,0,200000,3,1700303687,,,1700303687,1731926087,pi_3wo3Skt75aCVvmDFmPl87itw,ch_3OHrC9VXhOp91qtLkvNU7LUe
in_1l9hZPpURv8iOdpKVEeXMpqp,RYZLYQ09-0001,cus_HVBva2pI6NJrw8,sub_1UQ2ad4fA6H9Cnf8kFnTSiUG,paid,subscription_create,charge_automatically,eur,100000,0,100000,100000,100000,0,1,1700395733,,1700395733,1700395733,1732018133,pi_3Dj0VLaQwyrIR8I6fbxUgBNb,ch_3jPSaalbfFYw3AdYKqMnu7ZE
in_1cr9IL8Bve5X9i6tthiz40wN,Z8ZBBSOR-0001,cus_bFocaNxjTUeE8u,sub_1N7xam0QifQoFCueBDs2fgRh,paid,subscription_create,charge_automatically,eur,59900,0,59900,59900,59900,0,1,1700538832,,1700538832,1700538832,1716263632,pi_3mvtSmh2VXf2mkQ8eN1oHRDt,ch_3T4CC104HO6oLfRVrEgEXswV
in_1eh6BO75nQDGc2U6YrJINW47,WL5S9P80-0001,cus_OjeNT8iKvcMqN6,sub_11aKueTBx2bFxjNApvrFmvVa,paid,subscription_create,charge_automatically,eur,100000,0,100000,100000,100000,0,1,1700574689,,1700574689,1700574689,1732197089,pi_3ztT5I8hEKhO33SUFNTPxV1V,ch_3kYqxJMqWnZ3mtaLlEGOKxhz
in_1op3y3xqncdrdI8ZBJTDJVsd,292XZ4SA-0001,cus_sfN0sPqzvathVU,sub_1hgJF5qZBjDRNTQ3KhtwMBuY,paid,subscription_create,charge_automatically,eur,59900,0,59900,59900,59900,0,1,1700739633,,1700739633,1700739633,1716464433,pi_3MBU7S6go2xdjPbfuTUBuvLa,ch_3f22OFtSlVrgs8Xkf2HHdsI8
in_1zDgQl9VkUyBiWA37lKPNpli,A556517V-0002,cus_cISqDoWiXf1TsW,sub_1B9Y9QsJiGlJdhar4ZEh4pHi,paid,subscription_cycle,charge_automatically,eur,300000,0,300000,300000,300000,0,1,1700915009,,1700915009,1700915009,1732537409,pi_3WsH65UbZ2gkgSWK3VxmXrty,ch_31NI3EWaDlIXUxrxyX0ZCYQ9
in_1zCHvhDaKkYnNH1bLpLQrlB2,QI9A74D2-0001,cus_HV140ItUBYpGJQ,sub_1I8v38y8nZI9fyQAOMaJirSn,paid,subscription_create,charge_automatically,eur,100000,0,100000,100000,100000,0,1,1701003308,,1701003308,1701003308,1732625708,pi_3t2Mp8M627tCGoyzucvjZZAw,ch_3Qk9LrKvhoUMoYFmijFjPqxP
in_1yg23i560zwAw7sh4QEu06v8,BOQQRMVY-0001,cus_hQKUdNdLeVIZSU,sub_1f6vBsJYNgVX3hEfWLQyW8nX,uncollectible,subscription_create,send_invoice,eur,500000,0,500000,500000,0,500000,0,1701079414,1702289014,,1701079414,1732701814,pi_3kYzts1kMftBbE2GsGc2JmID,
in_1HUUVG65FMrudDnP2fmbzKaQ,KAQ3S9GY-0002,cus_aA4vfnspMbjJ9Y,sub_1UJ4FJTO5syfylo1WkgOIkZ5,paid,subscription_cycle,charge_automatically,eur,200000,0,200000,200000,200000,0,1,1701096882,,1701096882,1701096882,1732719282,pi_3x8DLEG97sgfO55LlfLDwSFU,ch_3q9dfSba4ilv9vmv1XSLXaMh
in_1oFXLxP6eLc5F1D1i3RlXAbm,8TH2TC0W-0001,cus_ZeYVFPlqLfhHtG,sub_1NC8k06DYRMOvjB50FK4R8hh,paid,subscription_create,charge_automatically,eur,59900,0,59900,59900,59900,0,1,1701152715,,1701152715,1701152715,1716877515,pi_35Tw57NNjYFxY40ANiu2ze1J,ch_3vQSZxjyF141W4yStzsqblmP
in_1enehDym1YtCyCrIyXnC7j2C,88MSTYJ7-0001,cus_2oowJYZQcXKtY5,sub_13l2LAuRyWbU8cqmZ2Fxc9DO,paid,subscription_create,charge_automatically,eur,100000,0,100000,100000,100000,0,2,1701160539,,1701160662,1701160539,1732782939,pi_37mOTGQjzomv2kMFOrMOkCrv,ch_3ednyb6CvNqnYiSIo093r1ZU
in_1a2zTKDeNQw2JHl4cjCGn7pP,4YQOVILO-0001,cus_0DFOoTacGlsm01,sub_1ouH2YLrHETN2OmHZnOfWhNN,paid,subscription_create,charge_automatically,eur,100000,0,100000,100000,100000,0,1,1701239503,,1701239503,1701239503,1732861903,pi_390j3CkbH8dJdpiOzRQNAEnI,ch_323rvyBYfv8icOhJBtsXsgcF
in_1sIghMDXw3LguE8jBKqCA8rL,HR06VWJJ-0001,cus_ek2Sj34W6bocI1,sub_1aP4Di9lkxzzHgNu6ybqzKIe,paid,subscription_create,charge_automatically,eur,200000,0,200000,200000,200000,0,1,1701265382,,1701265382,1701265382,1732887782,pi_3tkvakrFGm4vTEGnJG2MU2xO,ch_3QFNS1HcH7D39w9a2SRuFjia
in_10d8zM6eegiEHNDn5cNK7pme,YBB3QY8R-0002,cus_1grNxfmmomnyMj,sub_1JexLc0XBHAAKUFnjhxdHFzW,paid,subscription_cycle,charge_automatically,eur,300000,0,300000,300000,300000,0,1,1701341947,,1701341947,1701341947,1732964347,pi_3i5gzGCHPLxHqY7cWTiQQOl3,ch_3oqINH1AASId6BMzzWbtJebF
in_1L5b9HECdZCVLzRfoT0FiaJY,19BXWH6R-0002,cus_IQrKK3ZNzF38dQ,sub_1Y2DacLZS4ZJJYOMqJXM7k88,paid,subscription_cycle,charge_automatically,eur,100000,0,100000,100000,100000,0,1,1701353277,,1701353277,1701353277,1732975677,pi_3CXJhuJ5ZKUtwg5Sz1KXQ1Ou,ch_3phKyX21CxhKk6H4DqcyMyyy
in_12uMWvtC2yqGxvP3Ei2OG4Ty,5C4XK3VO-0002,cus_exj6bRTdMbmimJ,sub_1oTlz2huRySk0CgyaktdnqdH,paid,subscription_cycle,charge_automatically,eur,59900,0,59900,59900,59900,0,1,1701376941,,1701376941,1701376941,1717101741,pi_3RWKSRdPW0LDosXMElIZPEdt,ch_3zdUL3t0lpYiWEnPp9SRyf9h
in_1BnrBr9k2B9W5E9Q3NyRSEfF,I720BLOO-0001,cus_xp6ojvGuFiLpg8,sub_1dX7pqLXVbUJwd2LO7RTqnZG,paid,subscription_create,charge_automatically,eur,179700,0,179700,179700,179700,0,1,1701406504,,1701406504,1701406504,1717217704,pi_3PqqLn4DFvky44Yh7l3jlR1d,ch_3MfviFEXrXVGixd36yP2TYEr
in_1FRj714odwDzT6KBLkGX20UE,NXLZ58MQ-0001,cus_O9vscFikeml6SC,sub_1SakOpmJIWMi2L4xWQswOhSV,paid,subscription_create,charge_automatically,eur,59900,0,59900,59900,59900,0,1,1701419312,,1701419312,1701419312,1717230512,pi_3Sh0YVgAiAyCJ1NeJDpdSbks,ch_3caP230JuHmNUC7FVlsFnVEf
in_1wm75VDtCTzw0enE8iYnDzGF,JSK3TXWO-0002,cus_59qfse5GE8k0ub,sub_1DdUNobd03AQvHPH15aWQhQI,paid,subscription_cycle,charge_automatically,eur,59900,0,59900,59900,59900,0,1,1701424375,,1701424375,1701424375,1717235575,pi_3jhvnFQJxkK1HXXx5I2Df9Sn,ch_3eCjOPV9KMKKLHuPn2hDyzuq
in_1EGYpR6Te0f1Yn8BSbPtadbN,TEOCXKYP-0001,cus_kzoGAmZ9mRJxjd,sub_1hP7HzxEdilfoQ5uQ428mxCa,paid,subscription_create,charge_automatically,eur,59900,0,59900,59900,59900,0,1,1701440270,,1701440270,1701440270,1717251470,pi_30ZaDbo45whajXWAkA7amiDf,ch_37MWf2iT2OXXXGWlCLfmXycr
in_1sjGZ9BDJvrLFgrmQhlITWPq,4KDE4158-0001,cus_LDZoe3DiDCThVU,sub_1FKfLORuYjJnK50UexxUCvqJ,paid,subscription_create,charge_automatically,eur,100000,0,100000,100000,100000,0,1,1701443640,,1701443640,1701443640,1733066040,pi_3yXsg22pPAVxE4FEkUBd5d1l,ch_3ED7KoQUlIqtsqyEUuQX9lMv
in_1X0ih9edng5Y3deSnPTuk9M8,HER36YBS-0003,cus_ALbUxC09EAiA1s,sub_1FJiGqXMhQZ8IUlisi7NpL6V,paid,subscription_cycle,charge_automatically,eur,100000,0,100000,100000,100000,0,1,1701444059,,1701444059,1701444059,1733066459,pi_3Wcn6orcGXPLtleQ34O9aQkA,ch_3h89Azih4dVbk08nqJoaJKw6
in_1XUg1pcqGfO3oPbi1JPgFI6M,QI41YU5O-0001,cus_IPokBtBOCH42Wq,sub_1rJy8KF16FKNnPHdJFuTunZK,paid,subscription_create,charge_automatically,eur,59900,0,59900,59900,59900,0,1,1701461611,,1701461611,1701461611,1717272811,pi_36rhKLRunl0iK5uWLGHAHmfH,ch_3W6W9eR7Zi83kJJWkdkiCPOS
in_1LiZVxf2AKklYDZtjaYk4ROx,B9D9L16E-0003,cus_rQGNVYwPZRmf2i,sub_1iFVcNcmTYjvRrKzHFEueyI9,paid,subscription_cycle,charge_automatically,eur,59900,0,59900,59900,59900,0,1,1701507971,,1701507971,1701507971,1717319171,pi_3qvHVqhfGcjDxCac49g3xdCA,ch_3eYTVr2QU34f5wdNPetnFYpB
in_1rfsbUkaJF2js4WJ7K3VTje9,Y2NO2OTK-0002,cus_UzZSDRX8FGeRWz,sub_1b9VWTvcASC2ogVU15zvDjOO,paid,subscription_cycle,charge_automatically,eur,59900,0,59900,59900,59900,0,1,1701737243,,1701737243,1701737243,1717548443,pi_3BK5Y7MGamd5a3E6gIOneaYy,ch_3foZhsNKksMNqQlZ9kjBzHoy
in_11e0rsA2ryKxHgGMJkcOAgSG,OKLI5N6E-0001,cus_XwVQFJf9m0Vv1s,sub_13dnafEn0LHw73vEePU9m8u9,paid,subscription_create,charge_automatically,eur,100000,0,100000,100000,100000,0,1,1701791975,,1701791975,1701791975,1733414375,pi_373kUWFgJ9fr8V2H9v0vRRsC,ch_3pPNBIfwNygdBuvdQj9WMbGa
in_1xqcQOscXNDgjPnbaA8Pae0r,8KP6ULPY-0002,cus_okAJbSlKaZ49ro,sub_1TfdDF1BMDfsTKxm8gHodmRi,paid,subscription_cycle,charge_automatically,eur,59900,0,59900,59900,59900,0,1,1701871374,,1701871374,1701871374,1717682574,pi_3la6HcXKlFRomse768bHZm0H,ch_32aZ5MsOcVrSgj7eEvpgkM5M
in_1BZ6UyVYCKuJNKI5IiHEkNbW,0BCOTCDI-0002,cus_LfnYNYj5BM17Qy,sub_13HhGYncpY4fPKS4dYsS4Wtp,paid,subscription_cycle,charge_automatically,eur,59900,0,59900,59900,59900,0,1,1701954450,,1701954450,1701954450,1717765650,pi_3lDmEPcpG3IeRtUpuKixb8R8,ch_3Zew0QnEt2Wb2PhCBcKoVczF
in_1Aer9YK4XmIxx1qnzQzA7iO8,RIHO8UB2-0002,cus_nvFpzCH9nQNv1B,sub_11UpwsF0Z4aHDsFMLDIHfhs6,paid,subscription_cycle,charge_automatically,eur,100000,0,100000,100000,100000,0,1,1701970180,,1701970180,1701970180,1733592580,pi_3XELEeJQY7Ucop01WnKJye3r,ch_3VWDr78d5RPcT3NThV9Gqwiy
in_1oqI9IwSP5m1XOALBt36NeSQ,8KHAPI63-0002,cus_01Spo3JLDf8rKV,sub_1BZETJpOBAlbTaaof8vNfZPV,paid,subscription_cycle,charge_automatically,eur,100000,0,100000,100000,100000,0,1,1702015409,,1702015409,1702015409,1733637809,pi_3uk9RjM018R5yc8SVEv2GMUy,ch_3399aXleUUFidE4kRldl9qVa
in_1A8VPCjn61msat9jAaSoN2WM,FFH247SO-0001,cus_pQiWfidzInxhej,sub_1UXVu369I84POTTdmL1uD6g8,paid,subscription_create,charge_automatically,eur,59900,0,59900,59900,59900,0,1,1702065549,,1702065549,1702065549,1717876749,pi_3ymafyQ427vgtglk0TfoAx32,ch_3ZAP8mMns3gVUjeiYfjYElHE
in_18dqnyuda0Ofv5Haqbo9TEVE,CZ53EJS5-0001,cus_VYn4TDfIlJon91,sub_1ZKKUBiCAj0YufrRJsJnMj3a,paid,subscription_create,charge_automatically,eur,59900,0,59900,59900,59900,0,1,1702296309,,1702296309,1702296309,1718107509,pi_3Oe8ZbOGdsBv1YQOClC2Mmq9,ch_31LGiOopYwV2QvvdFFQoCXxt
in_18tObhMqUyj8KuTiuV10jbGC,THOSFME5-0001,cus_SuAakugmcxc4K5,sub_1eIFMxyQ44W5oA8DJcH9c55B,paid,subscription_create,charge_automatically,eur,100000,0,100000,100000,100000,0,1,1702306838,,1702306838,1702306838,1733929238,pi_3CylK24MVdQ8Zoz8RHyk2vZw,ch_3x2IERtdZHV720Lnte4WWjzb
in_1h70WqhK9hZqu62dHDvmZCrL,9GD28RRQ-0002,cus_5pJNDddmnwPkfp,sub_1LuG2LshCpFLEBDIwgBJ4WUA,paid,subscription_cycle,charge_automatically,eur,100000,0,100000,100000,100000,0,1,1702376519,,1702376519,1702376519,1733998919,pi_3w1WqpWol0k935jzotAQJPnw,ch_3fOvO3wGDYzCdqifXQ0JtVpC
in_1SfK3JsvfNS2CjbVwmotEi01,NH1FK2XS-0001,cus_61FVYdLsueNsrc,sub_11VHtc2C18JeLHmkThuoZz7Q,paid,subscription_create,charge_automatically,eur,200000,0,200000,200000,200000,0,1,1702400207,,1702400207,1702400207,1734022607,pi_378fU1K4TxodVy1hoHBEelGU,ch_3VqjyofMHjnCjH9ZtzjxJ1Fm
in_1bKGgxO7NNUqOBC99a6ELHOM,J1KQ75EV-0002,cus_cf2afo40xiYqj5,sub_1vAMA6P6I1rWOMcYKlSSqJI8,paid,subscription_cycle,charge_automatically,eur,100000,0,100000,100000,100000,0,1,1702633308,,1702633308,1702633308,1734255708,pi_3EcvDS0bSQUrXMABlEiX1YoN,ch_3FMtiiORc5BtAdUQXEmxLSQf
in_14CisuuTF2jp7KxznfLDK9cl,UUFYQ59T-0001,cus_0ixrwYw6m0HKnJ,sub_1lW71GO3fa7WjDFI3uzwkCrf,paid,subscription_create,charge_automatically,eur,59900,0,59900,59900,59900,0,1,1702653559,,1702653559,1702653559,1718464759,pi_3tsx133JuAlCYWqAZPBzpajj,ch_3MUbss2gqUyFEoPQAzIBvO6y
in_1fOEJ2BDdohgiPgdxDshuxcZ,GYBS6ON4-0002,cus_bZygZo26zH3W7S,sub_1nN7uVEaofqSQz6raceFHEla,paid,subscription_cycle,charge_automatically,eur,100000,0,100000,100000,100000,0,1,1702669903,,1702669903,1702669903,1734292303,pi_3w7SB4Pv1ZmBjY72lWiQt3ib,ch_32rTHNBah5eFBy6wzjO38jtm
in_1cyIkJdKOp99c6fUqhiNm8q1,JLV4TQKE-0002,cus_1qlTLI1PCwygkE,sub_17lxFFjv7bCjNwHovXWKgRF6,paid,subscription_cycle,charge_automatically,eur,200000,0,200000,200000,200000,0,3,1702823987,,1703515667,1702823987,1734446387,pi_3L0gByqFMwHd2oQt7spdnDy3,ch_3NKlgfVwWPln7Wr6oL29qc3i
in_1ItznT0rkXoOxHu2NFZJowAf,CDBDAVLT-0001,cus_98cj0ZRVWkT8Vt,sub_1csXgf9YwyhuhfKHD1iEoemo,paid,subscription_create,charge_automatically,eur,100000,0,100000,100000,100000,0,1,1702887294,,1702887294,1702887294,1734509694,pi_3TIep2p8BOza5pv9h5fW8CRS,ch_3FLzcmnEd3cCYuLDWYMNjGKj
in_1PEkjUEdKSEKIyDYAjlf4uaE,GPGII7FM-0001,cus_PPeHCA0IoeJusr,sub_1cT7Rink4au74mKXRjpx1Crk,paid,subscription_create,charge_automatically,eur,100000,0,100000,100000,100000,0,1,1702893184,,1702893184,1702893184,1734515584,pi_3UmCfTiCK4M9pp4oxV1fYv88,ch_3sKcrfctjre7OVaeCJP6uAOC
in_12CNk5WYp1TkYutLitS4GryV,SNXP5LGI-0002,cus_lw43lnNaciO9uT,sub_1PUSwafq1tzwsm86IX2UJSU5,paid,subscription_cycle,charge_automatically,eur,100000,0,100000,100000,100000,0,1,1702999710,,1702999710,1702999710,1734622110,pi_39ynI3ajEbPzdN2M4y1M8VIi,ch_3ljT7oKIJdFRa1TMQvSfFjk2
in_1FtoE3sQ7He0y0Ye43oobEAL,A8LZ384G-0001,cus_SMH1AEkv43LJRs,sub_1M5myrTDFkEtA74twyNrX36K,paid,subscription_create,charge_automatically,eur,59900,0,59900,59900,59900,0,1,1703063002,,1703063002,1703063002,1718874202,pi_3lfvbFzw5Y9fvBKb2e9zKDoA,ch_3hQqRhtatGcwwBC4kKquJOoP
in_12D4e5ui2bYXHjVGkRyc2IX3,9VZAMVP9-0001,cus_oKAbhGVadS5yd2,sub_1ReiBjjURbhHpLXMmhx1rqVa,paid,subscription_create,charge_automatically,eur,59900,0,59900,59900,59900,0,1,1703097876,,1703097876,1703097876,1718909076,pi_3E1TjtXnD6y2wEmCacs1u5jg,ch_3p2PDt4NgdkMtupVI7pD2SUx
in_1gXF8ERkMf1sJlzPyk85D7kY,PH15HUT8-0002,cus_D6UrfEYRun3R0E,sub_1Z8z4cRbwVSlYekzBkk4MBtZ,paid,subscription_cycle,charge_automatically,eur,100000,0,100000,100000,100000,0,1,1703532057,,1703532057,1703532057,1735154457,pi_3KKinshNeddZ311X9e7Cv40O,ch_36f7i7lZZgKfh8yYP0rTvG2e
in_1fQpD6KpUhj67g4sQMa0GHoz,WD5UF3R3-0001,cus_2Eb5OOl7g66tAZ,sub_1AfhMGrGERGGG0ZK7djkGPu7,paid,subscription_create,charge_automatically,eur,59900,0,59900,59900,59900,0,1,1703620209,,1703620209,1703620209,1719431409,pi_3qUPsQVlQBEC4XXGcdrbRDq2,ch_33C7uDkBOxXNomaH3e7Rb9HU
in_1Ci1tdy38Ed6OWDljpMxrSwc,3R5PUX69-0001,cus_FzI6mpoHMlGLrZ,sub_1ayH16K0Oe29IvBRisMO5PSn,paid,subscription_create,charge_automatically,eur,100000,0,100000,100000,100000,0,1,1703675577,,1703675577,1703675577,1735297977,pi_3UUClnJwXzUK0k2anzYVcqn2,ch_3z2qmRuhutX1rH4FJm3CaXDg
in_1hIiHhm23RYSiFyZ5lU41l7b,QAH9KS6K-0001,cus_Sq3HE85uE4mHP1,sub_1bhV7XEvh5P9TvYsByKAVZ9v,paid,subscription_create,charge_automatically,eur,59900,0,59900,59900,59900,0,1,1703766976,,1703766976,1703766976,1719578176,pi_3gnny9gzjqBKf5HEgYoGFTi6,ch_3KbuTqtvK4wQNLYw5uLkB9Ns
in_1QA8N6zO1yZYnZ7AzjlQwavx,VJBIDOII-0001,cus_lndZ125l5G2Tvi,sub_1A7lOnmmmNdzY0PRgwMbEV84,paid,subscription_create,charge_automatically,eur,100000,0,100000,100000,100000,0,1,1703779353,,1703779353,1703779353,1735401753,pi_3lJiKrLfBFQns2wy3BH4IJMz,ch_3mhRWxFZRxOvnLZycrugwqJn
in_1OneyN8bSkzk9NliTEo7Ugqo,MFLOYW4T-0002,cus_j1J0R3BNPnp10W,sub_15hDRWeuzOUdFbLfkLuNGGIX,paid,subscription_cycle,send_invoice,eur,200000,0,200000,200000,200000,0,1,1703785758,1704995358,1704767358,1703785758,1735408158,pi_344aoZvGl4cGzo23Pg1QhxbW,py_3AmAHTr8qMf0X7xxkz8CSGqa
in_1qOSElvMkIyZUWD87SWJ0cOL,PDDJS0A7-0001,cus_Y1Xedsm9BSaUQN,sub_10X3Q3JZtrs4DQxxmDs4299x,paid,subscription_create,charge_automatically,eur,59900,0,59900,59900,59900,0,1,1703789798,,1703789798,1703789798,1719600998,pi_3nLW7VvTW7bfj9rm2z2aSe4u,ch_3vjgb54ETHs5xIUasyJdMeuc
in_13s8SQicb4MIQLysrobykzQL,S2KYQ9YZ-0001,cus_jTPceJkDlMzbUy,sub_1uYza95W7eLjuhwcPyhSj7dz,paid,subscription_create,charge_automatically,eur,100000,0,100000,100000,100000,0,1,1704100199,,1704100199,1704100199,1735722599,pi_3ZFjDZYYof8YOUtIaaenzQER,ch_3ATjCaYkZGOgGrshzfpHe6md
in_101vTSc0uhWUV0Sk5BWfIsk8,ZQTK1450-0001,cus_tblo3GU3nM9Ad5,sub_18ba4Q3UWLE8XSNlvYhjOG7c,paid,subscription_create,charge_automatically,eur,59900,0,59900,59900,59900,0,1,1704360559,,1704360559,1704360559,1720085359,pi_3uSw0WgcXxodzgaR1WrZ6elD,ch_3fOhywoNRLQVQn6pMpi7pufW
in_1raYWKAPrGHKtrr9ALbPkjKB,3MP89VBZ-0001,cus_gRd87nPSGsrB44,sub_1HwEa0WVQY0BJ2bXbl5wfh5I,paid,subscription_create,charge_automatically,eur,100000,0,100000,100000,100000,0,1,1704704672,,1704704672,1704704672,1736327072,pi_3sKr10tpw8pzDVBrqnIJFo50,ch_3xjFNq9urVyGHgbFyk2Z3IjM
in_18YmemGJDCHicJt8KDskkNNN,UCXZAR7L-0001,cus_hHcUw4ZiZlKxo8,sub_12RXMScVb0dDeFSZj6iQGG1f,paid,subscription_create,charge_automatically,eur,100000,0,100000,100000,100000,0,1,1704805074,,1704805074,1704805074,1736427474,pi_3QsMZNrM6YCYJnyGCNXNzDPm,ch_3tfz53oYhOV7FjbhRhuze7TQ
in_1BgKtj4b4JnOWDDeHwRhbLpl,4AV5XMK5-0002,cus_YgWsv7RkBzrv0V,sub_1eqLzjbDcV5yg1N7IqBOvBL1,paid,subscription_cycle,send_invoice,eur,200000,0,200000,200000,200000,0,1,1704963493,1706173093,1705751233,1704963493,1736585893,pi_3fWm3HnHX2Nf0u2IK4DVrtmw,py_33HASwr3fgTJdzSHNIN55piK
in_1zBWmXUnZOjTEGee264HTF1F,W61EXL4V-0002,cus_70Pl9HSVOMr59q,sub_1k6xwZzkOiSZOCzMfrDCSzn4,paid,subscription_cycle,charge_automatically,eur,59900,0,59900,59900,59900,0,1,1704968894,,1704968894,1704968894,1720693694,pi_3WP3E5K6o1wtl8QkwSiW4UZv,ch_3h8X65PIC7nkqoNjLf6CPvkd
in_1HmmDLJZWTR6gKnG1GOs4vgn,BXMJXXH3-0001,cus_syFtgGdRwQDE5r,sub_1R4DHfTaHRR5ttVUPmbmSYuH,paid,subscription_create,charge_automatically,eur,59900,0,59900,59900,59900,0,1,1705047420,,1705047420,1705047420,1720772220,pi_3hUrEmXjhP1uDghuVFhkw4v5,ch_31YBn5GnU6nxdSDhlTY4TvQc
in_1CAVebRbTfFhmmlUh8Gb9yHF,Z7P8A4LZ-0001,cus_HEB5gGwzbSpJQE,sub_17TxY8Zyg89GtE5pApgiKkbp,paid,subscription_create,charge_automatically,eur,179700,0,179700,179700,179700,0,1,1705328517,,1705328517,1705328517,1721053317,pi_3AsbhxBNu5GoSuttgqHYb9BG,ch_3yKDutfMj4MUUpqVdJM1ywUf
in_1bXTDkaKCV2NawslUyHryji1,A9UYNNJH-0004,cus_oYOrcM13fyhT2E,sub_1wW6plveKTROCdLAgBQtN5xw,paid,subscription_cycle,charge_automatically,eur,179700,0,179700,179700,179700,0,1,1705565201,,1705565201,1705565201,1721290001,pi_3Ngms1AmliBF1kwTsyyafZ0z,ch_3JtTt4baPBhZBgXLmXnA1OR5
in_1zTYpOAogjPvkEXVIzxJJ0cV,07XJZHGY-0002,cus_Tv55xwSI0gRiVP,sub_1KZ5cxvRta6bWk9CbSotr5xh,paid,subscription_cycle,send_invoice,eur,300000,0,300000,300000,300000,0,1,1705609343,1708201343,1708219823,1705609343,1737231743,pi_3u06Uhp0zuJYpd5l9WQnE4N1,py_3Jbux2cIGdeBmsOVnkmaHNXa
in_1b6j8zPUxvYzoAe96FY1p9CM,REUO3X5F-0002,cus_KR6bAg9jQFYJb3,sub_1dUDG9gLMNnWXKrN0aeE7gb0,paid,subscription_cycle,charge_automatically,eur,200000,0,200000,200000,200000,0,1,1705731308,,1705731308,1705731308,1737353708,pi_31s78MmSm3KrDPyUjvfutzFd,ch_3Tl7Tpjr8FTeLHbaDMKOBVaE
in_1x6BNLmFBG6XLLzfRZAYsGY1,VTLVUUFE-0001,cus_DIPL0QW2HetqtW,sub_1sPw7EnXoOWWxbemVYi0B1Fu,paid,subscription_create,charge_automatically,eur,119800,0,119800,119800,119800,0,1,1705773602,,1705773602,1705773602,1721498402,pi_3e4aUm40fWrDlipRzOj65rxa,ch_34w0sfzIXMwqk3ZU29NIkXfB
in_1yGvKPZwYFV7SPSRhyNRCCQa,PEVJXFOP-0001,cus_9seKwxuVJIsH17,sub_1u0fbwg4XCOMVWGzCTUg3Fct,paid,subscription_create,charge_automatically,eur,59900,0,59900,59900,59900,0,1,1706020011,,1706020011,1706020011,1721744811,pi_32hEM0Bou3TKZCVmNfDe8D4q,ch_3Rq9VJr5uHhPQGse9HxEPT9O
in_1s4NSsQhn2HJRENf5VwQeGgD,XD3USY2S-0001,cus_9VoeOJ5mLGdxnL,sub_1sGAvTekbrqo3DeQbWyOnGYH,paid,subscription_create,send_invoice,eur,200000,0,200000,200000,200000,0,1,1706035066,1707244666,1706491966,1706035066,1737657466,pi_3M0ikf2Hm1Dzl9eUzrY9at7P,py_3Ie21CFdtNNWl3lGXdUljX2Z
in_15jYrpXMQsNQJYqhMKydNjKH,8A41QGBZ-0002,cus_idooYVOvFCUGi6,sub_1VcmclzKpJsWcb7r9DcSyq6M,paid,subscription_cycle,charge_automatically,eur,200000,0,200000,200000,200000,0,1,1706094480,,1706094480,1706094480,1737716880,pi_3LbhTtinEA9e2YTJKoJfDZ6n,ch_3P1TETbMB90GD5rHSGiQtLZW
in_16nBkLACWKG65Em7B6eNL4f9,ZJR2JVM4-0001,cus_vxRgtC1AdkvFU3,sub_1TjhhG3SjxcqmqDeKlg1Ot5X,paid,subscription_create,charge_automatically,eur,179700,0,179700,179700,179700,0,1,1706178055,,1706178055,1706178055,1721902855,pi_3e7YCQPyEqxm3HRqntZ679Dm,ch_3NNLiwC3kSSc6FlbdjNYr6X5
in_18dCEUsDb3dXluslCqtN7nqE,TO57Q7WC-0002,cus_3hnavgEzznXJmI,sub_19aF4gGeNKG1JVx0pF7U9VJs,paid,subscription_cycle,charge_automatically,eur,100000,0,100000,100000,100000,0,1,1706187606,,1706187606,1706187606,1737810006,pi_3JrAsk3cZaMNQ4LVByzqR9qd,ch_3lk7Ta2lVmUMdL7kMgCP2gjC
in_1Je9tl0h2FmgExST9SfHaVqO,5O9VO2WA-0001,cus_lGwNCNf2684IZ3,sub_1nWfxY2AYp3ebkzVbxIIRi4D,paid,subscription_create,charge_automatically,eur,100000,0,100000,100000,100000,0,1,1706519632,,1706519632,1706519632,1738142032,pi_32pkjvlGRTFlSloesxUut6KA,ch_3xuf1wwiVGXCke1CGofFLiNZ
in_1tRhhHMuW9ksBdRubh7A5aDv,MQU1EWXI-0001,cus_pPwDMzpF1jkuqP,sub_1Apx285smy8ecmG3IUX5GQAw,paid,subscription_create,charge_automatically,eur,119800,0,119800,119800,119800,0,1,1706635614,,1706635614,1706635614,1722360414,pi_3WEmEfsGheMFuiEBF1HHyUaB,ch_3qYkd4NFEZW0u9Ixheq7yQF9
in_1JBierJg4yas33C1Jg0bOSv2,4OA51M2A-0002,cus_8497jofMeI0Scg,sub_1RYrrEcn41xA0WcIjJ0yqfhz,uncollectible,subscription_cycle,charge_automatically,eur,100000,0,100000,100000,0,100000,3,1706701684,,,1706701684,1738324084,pi_3t2t7EPd9DmdCrDhhRwUQimV,ch_31FVY1ZTkoGyG2RTtIlnnRp1
in_1cj5Gsi6BWlGFJ593v8Gpifl,9VSM2Z4T-0001,cus_XcrKgHWgNHKgc0,sub_17WDOkcLGKa5pa8QXgSUqk4j,paid,subscription_create,charge_automatically,eur,100000,0,100000,100000,100000,0,1,1706770759,,1706770759,1706770759,1738393159,pi_3U7zsM8IsWuTJ03DAnzKqZJ9,ch_3RcDuFyqNLBXKwMKVRHddABN
in_1qsJxMDvm5GWiJv9ACid3gd2,BJU57FFU-0001,cus_G8wCW6rksGetcl,sub_1Uy8DhhXNb82vIhqTXjTpjRp,paid,subscription_create,charge_automatically,eur,100000,0,100000,100000,100000,0,1,1706802540,,1706802540,1706802540,1738424940,pi_35M3vphcgzcpRSev3TZVskSq,ch_3ypkMefgbF6uMIoSvFURa0uq
in_1OMYsICoz6SBUOHxg7ZkaPdB,9TS09U36-0001,cus_TkE255FYttstSv,sub_1IDBVVeYImf9O5DKC8IroFIY,paid,subscription_create,charge_automatically,eur,100000,0,100000,100000,100000,0,1,1706806222,,1706806222,1706806222,1738428622,pi_335o6jCjyNLVyV7GLrWZRW6A,ch_36IcFZhROrNuDJswRt64L1M2
in_1pO96JvsSqytZrlKwyJmi0s2,LL0H9GOT-0002,cus_MaFFhiJGUrhYAn,sub_1LSNGhJaDFzivPdOH455atyR,paid,subscription_cycle,charge_automatically,eur,100000,0,100000,100000,100000,0,1,1706811701,,1706811701,1706811701,1738434101,pi_3uUBAxkLCh5GQQs0oHSnFbxS,ch_3BxLJs5Au4ydDvcTPhDFjaJH
in_1c97OQ0eMIyKKJ7POxkX5BgS,33UPQC12-0001,cus_jBJwYsKMZBZS07,sub_1aG63PPk1XK2KdYw0LAOp8jk,paid,subscription_create,charge_automatically,eur,100000,0,100000,100000,100000,0,1,1706815254,,1706815254,1706815254,1738437654,pi_3JHzr2YJ9OC5JJVlgDU3fuqO,ch_34dSNedZZEDRct0PIJtFqNsR
in_1Y0kJJIkaFxElfbapGrSM9cy,GA0JWBXF-0001,cus_yhA6vQEt4h38QZ,sub_17VmTTWMDebpWrN18ntXgZQs,paid,subscription_create,charge_automatically,eur,59900,0,59900,59900,59900,0,1,1706894843,,1706894843,1706894843,1722619643,pi_3EF9wYXJktNByWqZFwr1h5RG,ch_3ynz7whr6KVOw9auwFqtmxma
in_1QVGYhqnxJnaZ1teWsfIHiWP,Q2DOYLGU-0001,cus_ue1GtsVJ27nkQC,sub_12XPZ5rLJcdUGiZWHzQTLg6Y,paid,subscription_create,charge_automatically,eur,100000,0,100000,100000,100000,0,1,1706895257,,1706895257,1706895257,1738517657,pi_3HcWCKpwVIH7MBkPkGe8VU2I,ch_3hdGMNF9Z6qLdF9i1P48rAUK
in_1Di4gZBx8vu2L2MphsX8qYSv,HPNKDSZJ-0001,cus_2qzGWh3Dvcny3R,sub_1RqtdFuy7vFxM3h3j4lF29hp,paid,subscription_create,charge_automatically,eur,59900,0,59900,59900,59900,0,1,1707151915,,1707151915,1707151915,1722876715,pi_3Gu4erHzQTxJSvrxUoPsDCVO,ch_3XeDCJZ1j5Gw7C3hQCpa3PIZ
in_1LxQnvwSohDjjybRFnMOQS9l,OUA180WC-0001,cus_SqVxmdToZhmNdY,sub_12gZoZwc7XA1tSGBiHXVKs6N,paid,subscription_create,charge_automatically,eur,59900,0,59900,59900,59900,0,1,1707251467,,1707251467,1707251467,1722976267,pi_3nS1hAsNbbxLlqHOXb0C3Ok2,ch_33plRlxrl3KRdbCdrZXz5WfO
in_1D340yhQxaUXZeSXOfP28Mdz,L64AHF0H-0001,cus_7TobQsN2ZkkZVf,sub_1zEMCqW5cOC86J508bT6huZU,paid,subscription_create,charge_automatically,eur,59900,0,59900,59900,59900,0,1,1707388661,,1707388661,1707388661,1723113461,pi_3U5cIRTWf5FcJAAfi8kszj8t,ch_3kyZa4SomCyEpVK3faNmZapm
in_13vsnGG5hUjEmMJ02Q6DehyD,WIZX5MIV-0001,cus_2lFNbbzwwAhCKH,sub_1Ceg3DLRefwo7bSYqMwSWJ4n,paid,subscription_create,charge_automatically,eur,100000,0,100000,100000,100000,0,1,1707404512,,1707404512,1707404512,1739026912,pi_3u5QpfEHy2O9AcW1MInMPvzv,ch_3aX1s3cH5iOERYdupViF3jjy
in_1d8hh7NJ131X2IuJohm70AqC,QIMI0U5I-0002,cus_Gke3sb36MLuBZS,sub_1pdg41OgcLhOKVY1k7vH3Ujn,uncollectible,subscription_cycle,charge_automatically,eur,59900,0,59900,59900,0,59900,3,1707407982,,,1707407982,1723132782,pi_3zOzoHEasitHplCsvrqslhy4,ch_3XMeIWkZ4SFgewV35wXveZ6J
in_1hld1mNN3ievy8NO35H5zcUI,AYQAB6PX-0002,cus_KCbjtLunomz9qn,sub_1QKr0OykUcy0ElIimqAvNlM0,paid,subscription_cycle,charge_automatically,eur,100000,0,100000,100000,100000,0,1,1707573045,,1707573045,1707573045,1739195445,pi_3tPnJipj0unz8D78BGmsFLwH,ch_3IRZLp6Cl0cR33rNoIIsbPki
in_16Ng5ytFvFDpfZD0jOR2hN02,LXFRP4JG-0001,cus_lonF6X0MrZYdDv,sub_14CywerAWBcRkrYdKLAn74rg,paid,subscription_create,send_invoice,eur,18000000,0,18000000,18000000,18000000,0,1,1707729217,1710321217,1709995897,1707729217,1739351617,pi_3EUwW0z0l1yqDqLiuvdo3lSK,py_3UKb1XD2Nz8csjHCO6c3e8nW
in_1GwRd4XFUTrxJlVx2Hh0SIX5,BX2X48BP-0001,cus_7qkYlIAd4aKpcy,sub_1W9mvkBOknNNeQuDvAsiOW3a,paid,subscription_create,charge_automatically,eur,59900,0,59900,59900,59900,0,1,1707752059,,1707752059,1707752059,1723476859,pi_3Of8C24hfQqzk19X0xEE810A,ch_3nUvJi4cQ7sCqAEAqlHo4Crj
in_1lxQ5R9xvTPb1xEAht01om58,79YCQ9SX-0001,cus_LAHgZGfggAGnPG,sub_1zDDEeJxjp18R5duH2P3eKWO,paid,subscription_create,charge_automatically,eur,100000,0,100000,100000,100000,0,1,1707836443,,1707836443,1707836443,1739458843,pi_3GN3GPxYVkF7KCHq7LBDx4Q4,ch_3A5gesOk54hQ1FCTLI4zqVhE
in_1kF8TQBzpJiDoX9ixhVNLKI7,D4ATEZKX-0001,cus_TsePrOTclXX9J7,sub_1tU5kS7UQv3fQeMgcB6byhFK,paid,subscription_create,charge_automatically,eur,59900,0,59900,59900,59900,0,1,1707910908,,1707910908,1707910908,1723635708,pi_3B9dPzZVndCCTvtJg0QrTsZz,ch_38EepzuVVsxbAKRPRp6nIrSU
in_1X78pneC4IMTEGYd8pBJ7luG,VRG4WMNG-0001,cus_gGic4pb5uttKzo,sub_1xQzg53yn0nHhKsfNbnL3BD0,paid,subscription_create,charge_automatically,eur,100000,0,100000,100000,100000,0,1,1708003986,,1708003986,1708003986,1739626386,pi_3MBec1iMumdKw41fUoi7Egqc,ch_3zpmylLQv4K0att7sNf2j8pA
in_1mvd72UsrbwXBCNHlvEUwfJb,MU8A2K2S-0001,cus_ZmqtTDtZso32eB,sub_1sLp4UcvalK5UJcHVDOfMmNy,paid,subscription_create,charge_automatically,eur,59900,0,59900,59900,59900,0,1,1708012014,,1708012014,1708012014,1723736814,pi_3CuQpi3eFYHci9zXz0OuDfZ8,ch_3WXFCEMFacKOaDMoHdsO1Al8
in_195hYSCA33U59PUnObXcGYnM,5DIL4UGH-0002,cus_EvPgpnlJzZApfj,sub_1vXEbVCBTS0yPpxn3WNDJl3i,paid,subscription_cycle,charge_automatically,eur,59900,0,59900,59900,59900,0,1,1708089617,,1708089617,1708089617,1723814417,pi_3FHURmYQYHfU9ye6ql8EqUFd,ch_3nBA50opqsF3cp498WIozy9w
in_1AAOS7XO7MdOaE9Lou3Evy96,9YOVBKSL-0001,cus_pQczzSw43rpwXe,sub_1MaQS8Sh1Ev7xmApvwFLuFBw,paid,subscription_create,charge_automatically,eur,100000,0,100000,100000,100000,0,1,1708090329,,1708090329,1708090329,1739712729,pi_39SwK0WhuwnJxW5DvGsK1MC1,ch_3O30jpfFsb7jF7rR5jqVbXV1
in_11L2R3A0xcuMlfqXLPP2jE3t,QSSPZHED-0002,cus_09vgUl8qp0SniN,sub_1loUu1zvLiCO5R6DVoDhV9gr,paid,subscription_cycle,charge_automatically,eur,59900,0,59900,59900,59900,0,1,1708091917,,1708091917,1708091917,1723816717,pi_3aLxxk6FoZzFL6zR6PW9EGXk,ch_36CBlmjsfyN6FBuaaKyjs7ot
in_1jyZiL3urYgdCARKJIedKEO3,T002A57R-0003,cus_x6L4ETzEZc542A,sub_1OXQFoYq5aAXnk6dLyEf0zej,paid,subscription_cycle,charge_automatically,eur,100000,0,100000,100000,100000,0,1,1708126485,,1708126485,1708126485,1739748885,pi_3oU7Xn7yd1YU4B9zX36AOL7a,ch_3QrzYuz4bQlRajM6yw6p9YNG
in_1MK3DXbRuhon5q5yO1WAoWIz,VBLQBGVP-0001,cus_ToDAadWfig2zT3,sub_1ORyeq1mxSgB6jlzw27mnDL5,paid,subscription_create,charge_automatically,eur,100000,0,100000,100000,100000,0,1,1708337612,,1708337612,1708337612,1739960012,pi_3sDIKDdDEq44w2cEWd22Pkci,ch_3iLzz5hVvXT0aIUAfKgsIXTo
in_1PrrSrbDkWt8YNcHUX6Pz9zQ,18A8V78E-0001,cus_XNsr0uL3YXDPox,sub_1p0GPnir0jkYwAbdkFO48dAH,paid,subscription_create,charge_automatically,eur,59900,0,59900,59900,59900,0,1,1708354609,,1708354609,1708354609,1724079409,pi_3t0jLq0vxDqGtAt8tp5cADw9,ch_3r6IeqcG6Js8W0FecV2cf3qt
in_19BiJvAinYtvNSJz0qcDoDf7,W5ONIUA2-0001,cus_MBdayGExS2hQLU,sub_1mbLFmVGiVoXYI1zPHIsPcOA,paid,subscription_create,charge_automatically,eur,200000,0,200000,200000,200000,0,1,1708361882,,1708361882,1708361882,1739984282,pi_3t8ZwNokgdx55rCN0ZYTejHM,ch_37BdzjiiGn8TS7NR0BlaTk9C
in_1tVpNRHVL4Pbyxa5oEhrqCaP,2ISU0Z3I-0001,cus_qvwQR6muQzC0Pz,sub_1LJtEobOJpCqWCrx39JNejqd,paid,subscription_create,charge_automatically,eur,100000,0,100000,100000,100000,0,1,1708411574,,1708411574,1708411574,1740033974,pi_3liBoixdx398pHO2vwepRQAG,ch_3JmTWxfhffrOdoxlvrd7ODTJ
in_1Gg2REEPnJqeoA8b7ILTGODq,QGEICF76-0001,cus_WOKnR5oW5DN22o,sub_1ESBLA8OZguVEmEpZr2fDSMp,paid,subscription_create,charge_automatically,eur,59900,0,59900,59900,59900,0,1,1708442993,,1708442993,1708442993,1724167793,pi_3MeOLpCI2G4dCF3r6d5XfxNk,ch_3QRrHgY14PPRy2uDazdh37Qk
in_1rs3scHIIDVkSLthOg5fzl6L,OHC2D4FS-0001,cus_73v5xemaMOy3US,sub_1kIHLMSU0LOAVPUowfuR8AOl,paid,subscription_create,charge_automatically,eur,100000,0,100000,100000,100000,0,1,1708454316,,1708454316,1708454316,1740076716,pi_3UNGKLJxaCJc2KS7SxVZnhWe,ch_3snJqoKvXH3cF8fDHZS25ozu
in_12sJoXdCbPr3ClXlX0EU7WmZ,7T5Z7NC6-0002,cus_RZOjxJRQOdAjY1,sub_1lTmoFNgSE8SSX6eMOi1oR3Q,paid,subscription_cycle,charge_automatically,eur,100000,0,100000,100000,100000,0,1,1708455646,,1708455646,1708455646,1740078046,pi_392oMg84uVrIjTYD1kYd6gf4,ch_3cDZ2fYqigkkbOBxz7plBaOp
in_1rOWilYkn2intDCNk9ulFr26,13JU92XV-0001,cus_totw9l3thajXZp,sub_1jiXg9q73ifItV88CpWNbQS7,paid,subscription_create,charge_automatically,eur,100000,0,100000,100000,100000,0,1,1708509780,,1708509780,1708509780,1740132180,pi_3Uf6E0sugs4r7nbMH7C6Kwnp,ch_3oJezC4Bgr73L2x25Qc9pyEo
in_1nvKhmJMhTrHVHkiGvg9Car0,47WJQNB7-0002,cus_AOiyDPKRfIFtIy,sub_1gvQ8zjAmxoHSrQ4s7e1CREU,paid,subscription_cycle,charge_automatically,eur,200000,0,200000,200000,200000,0,1,1708786671,,1708786671,1708786671,1740409071,pi_3izgbUa620aRUPzWXmZlOZtF,ch_38blb1CwxwdKbMv34t75pEbq
in_1qnzfHxQd0FaNWOvGHMNDtpN,49VQG2QA-0001,cus_2jX5BqhbbVkgiB,sub_1GxoLu3xR7vh4lfAkOOI04rk,paid,subscription_create,charge_automatically,eur,59900,0,59900,59900,59900,0,1,1708799180,,1708799180,1708799180,1724523980,pi_3BJb1l60lIx1KS8wMh62u6LU,ch_3g7wZALeOu0rw7fw6TcmoI7x
in_1ZfCNtPadmMdLIbT4du43MYU,W83SZNM2-0001,cus_S61rosTOnduRgT,sub_16qezF5E7X55CypHt6bLt5Yq,paid,subscription_create,charge_automatically,eur,59900,0,59900,59900,59900,0,1,1709009709,,1709009709,1709009709,1724734509,pi_37cRd6X2Kxe897Dsy8ahmtbF,ch_3UAuxNEFrLcMPxQFmN4zmwbR
in_1AyEK1vo8PMMdsY0Ueh8yL82,GICHXOH0-0001,cus_lknQz6wq5ZDX91,sub_1WNc9Zdms4XbTGO8dFzl1j4N,paid,subscription_create,charge_automatically,eur,59900,0,59900,59900,59900,0,1,1709030996,,1709030996,1709030996,1724755796,pi_3JjtmFB9ke9qMABVdOFqrjoI,ch_3VawJUgXarw3sHBewlJ1oUnd
in_1RMDbv033a3qFpk8opBpcjIU,5YZG4KQ3-0002,cus_0j6nBJ05at50fz,sub_16lctyXydNS5IDzZt4SlEhTW,paid,subscription_cycle,charge_automatically,eur,500000,0,500000,500000,500000,0,1,1709103231,,1709103231,1709103231,1740725631,pi_396QPty5BnxmBs1aOLkuRGiB,ch_3nmEBV2c205Qm9PiwIuopbjd
in_1k7mgEylPUt0ztiTBjWb2gnm,M4IQWSWK-0001,cus_oiKcEwPRdZeswI,sub_1wjQtBuLKtHf1s2GLtzdJnFL,paid,subscription_create,send_invoice,eur,200000,0,200000,200000,200000,0,1,1709137871,1711729871,1710792311,1709137871,1740760271,pi_39FmlpDNxkQcbBfCGTzuGLZj,py_3SAk8gxbvgcm8CK3PaEV5ckS
in_1Tb9Mebw8yBmhlbXfBLTJ7Hw,EV9IEC3A-0001,cus_MNZ4gWHo06NZ8r,sub_1lT1xQ0tqDt2h0vY1BhuCPNs,paid,subscription_create,charge_automatically,eur,119800,0,119800,119800,119800,0,1,1709303053,,1709303053,1709303053,1725200653,pi_3V3CXgHSQDcgBr4rNtIbfD56,ch_3IYZ8kfKGf1wJVDExhYK1NP9
in_1dQm6dnjiCXqRupFbcredraB,QN243UDH-0001,cus_oO0czG49aUvecw,sub_11MpDKcvR0jM36qtZAfPLIn5,paid,subscription_create,charge_automatically,eur,100000,0,100000,100000,100000,0,1,1709391547,,1709391547,1709391547,1740927547,pi_3328185XpJ8t00pmTTRx7ejM,ch_3ETSwB1KXDhhI6VcA5h4EuGM
in_1yeQ2HRSqgGrIEFiOTaARXtc,X19MFGLG-0003,cus_ak0KsBYUqa9Lu8,sub_1ZD1qpWIcjQECSVhdnhjh1KS,paid,subscription_cycle,charge_automatically,eur,100000,0,100000,100000,100000,0,1,1709541190,,1709541190,1709541190,1741077190,pi_3nxV1uScdnLpyobgkIFfpwM7,ch_3TL2iKVRxf5JpWDK3drXM4Tz
in_1Zp6ntIrm16GR3pQnjuKJ0D5,PQZEGCZG-0002,cus_XbOX8tewq9fXaB,sub_1HDkc1KLVr4nNq70kRdGU5VA,paid,subscription_cycle,charge_automatically,eur,239600,0,239600,239600,239600,0,1,1709566787,,1709566787,1709566787,1725464387,pi_329GIHbZ9V1vSCWB1yo87wPQ,ch_3xwabJuc1HQMPjNNjbEXyCnl
in_1yHMMEy9h6zRlfMljy2QloYz,XVE2X5VP-0001,cus_fcNBXAJEiy0JIz,sub_1LczDFOob0l5365UQmCjwdv1,paid,subscription_create,charge_automatically,eur,200000,0,200000,200000,200000,0,1,1709657362,,1709657362,1709657362,1741193362,pi_35k5QFshn0m3BxYlv08kdpzO,ch_3hCvQ0yT0GTFyBrnpqnIcEr9
in_1kta4u3k8JEeKC2u2sAJQmqj,PP6NI9XI-0001,cus_3ovGetxlrwe0e1,sub_1pc31qFo2m1Fm4AJzy95VsW3,paid,subscription_create,charge_automatically,eur,100000,0,100000,100000,100000,0,1,1709660030,,1709660030,1709660030,1741196030,pi_3LfkB95oLRbXzDwSo4SqNFpZ,ch_3U96U8hUcupSXSZauvWMBJIK
in_1MkoFzlarZlWZ4hidizTn40t,RXZKWE26-0001,cus_h1hUeIu6Srfqmt,sub_1LQImtYDG0f4WTWDEJC6OgkD,paid,subscription_create,charge_automatically,eur,59900,0,59900,59900,59900,0,1,1709718347,,1709718347,1709718347,1725615947,pi_3rrIgO9P2YLAQTxmyszevIT2,ch_3NaCrrkKmEV8eRlEtOn2YFdv
in_1zQgwKwuyIhHkdg65uM7UNiq,R0AXOFM7-0001,cus_TibTGjqqxFOBnt,sub_1sOanmpUcQjS7MDmbApO5yyC,paid,subscription_create,charge_automatically,eur,200000,0,200000,200000,200000,0,1,1710175844,,1710175844,1710175844,1741711844,pi_3ojg8zk3yZbuOIE4wsVXcZi7,ch_3D7nPBcrjBV0Hw8PPVdW2u5g
in_1atlSQzljBkxrbeCkchojDWg,KX4QRN4N-0001,cus_cCmvKn4OzEyYBh,sub_1lv2tURKnlVv4y55lsM6sRj1,paid,subscription_create,charge_automatically,eur,100000,0,100000,100000,100000,0,1,1710240503,,1710240503,1710240503,1741776503,pi_35BQhnHbmJVcGCBgF6cq1Rdh,ch_3Zz4aZyc7ZsD0tDzwKAcRgLm
in_1Cc0xK7ENVUmOnyMiAsWrISS,ARGJX610-0002,cus_dauZvUIhDLW4fW,sub_1i8ZnPYIVZbprtxrxj9hJXHJ,paid,subscription_cycle,charge_automatically,eur,100000,0,100000,100000,100000,0,1,1710313226,,1710313226,1710313226,1741849226,pi_3yiJVi8PeszkQUOLx1WQ8cyi,ch_3m1py2s9fXQAZHoJFYxDtBcV
in_1cGLtfcDE8vH7MABJdu7bVMD,S8L6D0SI-0001,cus_5IO2cJYlV7kIdQ,sub_1pJixzxcPFWvtW4rUaEx9xI6,paid,subscription_create,charge_automatically,eur,200000,0,200000,200000,200000,0,1,1710325767,,1710325767,1710325767,1741861767,pi_3LVWXdjqBdv6hSPV3ElKB7JN,ch_3TMZciO5N3pC0L4t0c19VrcA
in_1xrokQN64mjuJdehhd9JGBFz,5WHNW80L-0001,cus_v8Z3sKDF0JAnq4,sub_1yTVXqUG55YF4uSU94zlSoTj,paid,subscription_create,charge_automatically,eur,59900,0,59900,59900,59900,0,1,1710326519,,1710326519,1710326519,1726224119,pi_35HHBcMaR4G13FNpQ3XouvJO,ch_3MKbEJstckq2ko9DEbyLrWHa
in_106ok2Mo5W0jNiBXyN0LtFKY,O709GK0A-0001,cus_xALvAYaqYtcNbW,sub_1kEoJDszKRlcFTZ7LuhGdXyU,paid,subscription_create,charge_automatically,eur,100000,0,100000,100000,100000,0,1,1710354299,,1710354299,1710354299,1741890299,pi_3UGfm6ltChLVSNChdjd6DSSd,ch_3t5abKYbRJtMNs9ctXXA95cI
in_1jgVKERYSbUSwgX27IIyw42l,1IB0ODW7-0002,cus_22v9ETI4XRx3MB,sub_1PxH3V89AsgZwMWSodPP333o,paid,subscription_cycle,charge_automatically,eur,100000,0,100000,100000,100000,0,1,1710390522,,1710390522,1710390522,1741926522,pi_3asVqGXhjr8UogwPqmKEcoPD,ch_3V3UMyoHLDtn1vbYUqNVTo8M
in_1zbJhH8nKP8r201gfx5O7yTN,DLGON3OF-0001,cus_1l2uCR0fWPnXyB,sub_1l0X510Dh6liGJADZu4erqVf,paid,subscription_create,charge_automatically,eur,100000,0,100000,100000,100000,0,1,1710413990,,1710413990,1710413990,1741949990,pi_3FHk1p3Vm49DQ1EyeO3iQupc,ch_3Wztl5TgXUKwhD9JSqzJSjrU
in_1KcgphvTjIBgd1rplc0wZ7gF,Y5ZUPXVK-0002,cus_yHhyXUkUpGwSVt,sub_1l5YRn71x49zYDIJwAIUw0HK,paid,subscription_cycle,charge_automatically,eur,59900,0,59900,59900,59900,0,1,1710417459,,1710417459,1710417459,1726315059,pi_3T27ji3miecN9JDau8hSxfhJ,ch_38hfZEUQV9V7jEcLs4WQyIhJ
in_16F4P1I2PzzZdDg0HZxBHLod,JYJW87YV-0002,cus_ZIil6tzf2pISHx,sub_1q1RKOcbyVTb8UiFzzX4KdHz,paid,subscription_cycle,send_invoice,eur,12100000,0,12100000,12100000,12100000,0,1,1710430287,1713022287,1712344527,1710430287,1741966287,pi_3FgFiLHkXD5tEyRvJDm7t3KA,py_3VXXjU7WPavdRL5fG81hy9uH
in_1jAGN5D4zHjSaSaghAL2hx7Y,E6EB30OD-0002,cus_XTpJJ90dZvXbPf,sub_1IZIs5HJuLUbc4CtFi9LZqLl,paid,subscription_cycle,charge_automatically,eur,100000,0,100000,100000,100000,0,1,1710485716,,1710485716,1710485716,1742021716,pi_34muWSiNQcmbXjJhFgTa8XIo,ch_3FErBirGohw6pn4uQklcToPL
in_1yVUMYmeHAYMt6oggD6nPkhv,HJHS5965-0001,cus_bhTRrro1XKM9hy,sub_1uVEAz7VUF3OSKE0iZAKLYbQ,paid,subscription_create,charge_automatically,eur,200000,0,200000,200000,200000,0,1,1710496485,,1710496485,1710496485,1742032485,pi_3YGh5OzxQj54EFAlwokVfIar,ch_3qkOrawEgbaB85p3cUKFn4KC
in_1gZaUbRgusBDztl63KERTLj5,Y120RS7P-0001,cus_QCtC1N9yYL1TNz,sub_12e7hxnOIMQ2WlcwxifUqJKA,paid,subscription_create,charge_automatically,eur,100000,0,100000,100000,100000,0,2,1710543310,,1710543469,1710543310,1742079310,pi_373rsaCRwZ8RutAYhbxLKBIk,ch_3ELGYY6NW659CSumoSiVYBH0
in_18zGLaCRvXVhTqrwEyVzDVXk,GCL3RUUG-0001,cus_wJhDIXZvwDfcw5,sub_1QWa35DcUesahpb5BbH8ochG,paid,subscription_create,charge_automatically,eur,100000,0,100000,100000,100000,0,1,1710777623,,1710777623,1710777623,1742313623,pi_32wWMhuNkekaxXcvnjTBeiLg,ch_3cK7aDGQ0pR3z7rmzTxYLCBI
in_18I3n5rIsXzranBpR3Tgv0dX,BX1T1425-0001,cus_YPCXAOXCdZFSHu,sub_1HG8KW8xHI977oAUP47eT3Ll,paid,subscription_create,charge_automatically,eur,100000,0,100000,100000,100000,0,1,1710847664,,1710847664,1710847664,1742383664,pi_32hsUB1RXcF0Jw82bzmTfXeL,ch_32zPGbAJL1l3uDJOk43erE6N
in_1kMhuRXUQAzfCdmHGf2s4sZw,7JVNWKE8-0001,cus_OsWNmq0sqUg97n,sub_1HfXfIVwSFcFftgYq58e2L5U,paid,subscription_create,charge_automatically,eur,100000,0,100000,100000,100000,0,1,1710925499,,1710925499,1710925499,1742461499,pi_3afGdxEQXb3ByMASIW3dtmik,ch_3SjJHNHgWS64QaURY7d5xyy9
in_1koIjdU9ZF8mrp4KR1aW2tg6,4HBADMTD-0001,cus_aTFpsGqmtFBeJe,sub_1hGnz3Gh0xiH9dijWGLXXwmX,paid,subscription_create,charge_automatically,eur,100000,0,100000,100000,100000,0,1,1710933737,,1710933737,1710933737,1742469737,pi_3Bii6ra38fmqt8tDp5DR17NY,ch_3Sq0zTLK54XjQKYfLFM8xaAT
in_1JISoFiUTGQwMXZt1XQmWrfZ,ZVCJZ1BE-0001,cus_CH6vimIOxydq6x,sub_1O9HcoGaRVMjEb2OR1VfNGJo,paid,subscription_create,charge_automatically,eur,59900,0,59900,59900,59900,0,1,1711034116,,1711034116,1711034116,1726931716,pi_3LU4ZxO0NfqpHeHpeReUJpPH,ch_3fdZLQ7FSAzYDnMDhf0gpbrD
in_1WMwSfPAYSGsvqL1ciROkIU5,JF08XJ0F-0002,cus_Qsv6Rp8nOHXM4C,sub_1MZHZMVDwFR1FKJflQ0EktZZ,paid,subscription_cycle,charge_automatically,eur,200000,0,200000,200000,200000,0,1,1711056283,,1711056283,1711056283,1742592283,pi_3AtAdEKstyotD4xnc8rY2iTH,ch_3H9qLuV6Ay9edt8wCEGoAiRh
in_1E4gBhZWbiGTnLBo0yH4Az8c,AZ1UV41A-0001,cus_KHwzktH7Bx2olW,sub_1Ilw14HOXviRwsx2ackS6cNr,paid,subscription_create,charge_automatically,eur,100000,0,100000,100000,100000,0,1,1711087424,,1711087424,1711087424,1742623424,pi_3yXIAE1PrabO1rOYr4IJyUJF,ch_3aofBmBuXD8NaCF0qUoD1DWa
in_1DwC1vuat448rV1fP50OVnsQ,ZYMV3B4X-0004,cus_u2J3hMTRwIxAoi,sub_1A8Qw1osSxBYB8zNcUYD1IsG,paid,subscription_cycle,charge_automatically,eur,100000,0,100000,100000,100000,0,1,1711105169,,1711105169,1711105169,1742641169,pi_3oKt6OOz3eWSU6UisF2BdmWS,ch_3U82cvBWfumEUKxc6yDAvxCe
in_16NMc3fmdebzKCkj5cQJn31O,4UI0CBCO-0001,cus_QHJg1b1wEQ8aa9,sub_1tvE0YtOmKBx3NIUXqI9hKNc,paid,subscription_create,charge_automatically,eur,59900,0,59900,59900,59900,0,1,1711344173,,1711344173,1711344173,1727241773,pi_3JR7QuQDdAkerz4A9svSfM2p,ch_3HJ66EGkgnvraHewSeNa4BvH
in_157R8QQOcEoGRLDgaICkBASg,HOB0C6CI-0001,cus_polCEOhTDm9ys5,sub_1F9StowiAuq7qAlrl2i10jDA,paid,subscription_create,charge_automatically,eur,59900,0,59900,59900,59900,0,1,1711379692,,1711379692,1711379692,1727277292,pi_3xfnztBF5wmUDMTt5T3tMP6H,ch_30OgyMDb46CgUy0YeLMxWBOm
in_1BXjWCgRzSA1xmGEUEyynoFr,K9EQCZM6-0003,cus_cBgyjKueUbertW,sub_142xbojjdOkfJdOKxWoDSoFR,paid,subscription_cycle,charge_automatically,eur,100000,0,100000,100000,100000,0,1,1711379921,,1711379921,1711379921,1742915921,pi_3wBfCrqj6jsqbAGwosRcfZer,ch_3UDXQkHWvVsYdSUhAPGgY2YE
in_1bWco39Hd4h3KZM5bXZVXeea,6YOD2IL8-0001,cus_8mALJxONiuVPZk,sub_1s18UftyDvHwCrTExD1HOaHh,paid,subscription_create,charge_automatically,eur,59900,0,59900,59900,59900,0,1,1711456296,,1711456296,1711456296,1727353896,pi_3aEf0kQnsoENpfjmmlAIFEvJ,ch_33o6sZLFkRA2JI0Dk9xJ2IgK
in_1cwdKaF4JUIup7BUs7vcl2j5,CO36GNEH-0001,cus_JQGHhbNY6dYblE,sub_1EXqVS2tD0dy2tx0pEo8Ly4I,paid,subscription_create,charge_automatically,eur,100000,0,100000,100000,100000,0,1,1711458387,,1711458387,1711458387,1742994387,pi_3Y2AYtfHuk410y2OEtoo520J,ch_3WLb0G9stJLKdvFTLpLg0Kqk
in_1ngnug8uVzHL0U9I3DtX0llP,SF8NOOAY-0001,cus_okNKL0NBl1bd3Q,sub_1ejyO6OfEE4aC7ZjgJyA6qhE,paid,subscription_create,charge_automatically,eur,200000,0,200000,200000,200000,0,1,1711490280,,1711490280,1711490280,1743026280,pi_3szXi4isHCCExjRMkoONxMsb,ch_38HAf4kL5MDDuZCAPsC5BKIi
in_1eFAuKJg9hPe2Wl4XIQQMEk4,39R7K8W3-0001,cus_jW27agLArFTLwX,sub_1RXAt6yL7vlfIC1vjxvkI82Z,paid,subscription_create,charge_automatically,eur,100000,0,100000,100000,100000,0,1,1711544720,,1711544720,1711544720,1743080720,pi_3qOD0G35Q4BqQcAgo12Ahz70,ch_34mCy1t1TP5U7J7aN2LbMcqD
in_1CQLmBdQjC8cMMwTTyx2xzl5,5WBUTAN7-0003,cus_AFUcn30mP6R7AG,sub_1xQbzyFfvrJ541BgF4oK0qor,paid,subscription_cycle,charge_automatically,eur,100000,0,100000,100000,100000,0,1,1711555850,,1711555850,1711555850,1743091850,pi_3yNpfxoLoiORkcqxKAEhZigt,ch_3MY4AojhJ825gV6A0XiNSQnG
in_15dLi2CyT3cyjcJmW7RpJl9I,TOAJ7XBY-0001,cus_IDAqbnFiQpCJx1,sub_1kjCiPPH4FeAKymdNgJNoFWD,paid,subscription_create,send_invoice,eur,119800,0,119800,119800,119800,0,1,1711589653,1714181653,1712370613,1711589653,1727487253,pi_3fn6FVXq0ZKCyuBKlSh59oGt,py_31asqwn9qYQVm8eVGVV4Nr6o
in_1WJJJkckuLuSO4nuN9Be3fJb,2GD4C54W-0002,cus_M8OvVc1W3PJNn5,sub_1LDXP6m7IbqIsM3gh3xG9bxJ,paid,subscription_cycle,charge_automatically,eur,59900,0,59900,59900,59900,0,1,1711631849,,1711631849,1711631849,1727529449,pi_3w0FlHwcjvjhJAKnfQX0YK1Z,ch_3tFCqOPvS4fFGPRalwTNGjdS
in_1hOCxFokK4lRV34eqEi2UhuR,X87H76R0-0001,cus_NlIMGKvjdMPGTm,sub_1aC630xPUdNe3sNRSOijGdVz,paid,subscription_create,charge_automatically,eur,100000,0,100000,100000,100000,0,1,1711654962,,1711654962,1711654962,1743190962,pi_362ivnXf998HbkmEO7JTTcJJ,ch_3o3ykPZQp8uONRvQpb3dO6L9
in_1YCqwDZzXU7N6mpDBdcfHWev,BY1DPWM9-0001,cus_AGjB4nRBvHtxyI,sub_1rfCeTHDbOhGFkPTFnsb2pVG,paid,subscription_create,charge_automatically,eur,59900,0,59900,59900,59900,0,1,1711871552,,1711871552,1711871552,1727682752,pi_3II3MdsbJaH7nfla6iopMMZO,ch_3LZE37ophFKYgNsmGinrP9HM
in_1fFcgast7a0IlfgvAeLSvnUO,AJRLIRKJ-0001,cus_v7sr1dABzOgNBF,sub_1jyU59J97aa9xnqjoghwDrG2,paid,subscription_create,charge_automatically,eur,100000,0,100000,100000,100000,0,1,1711907594,,1711907594,1711907594,1743443594,pi_3NuEEBRUhj3hFB2oWJzbzCfk,ch_3Wya0Fkx2S7uNhmkSBFRq6bI
in_1DaRU0XNXX9aCBhqZgaASxEK,3JM0DE4G-0001,cus_8m1JhuL7jxRrxo,sub_1chmzUj1ffm5xIMbPwVJfKVm,paid,subscription_create,charge_automatically,eur,59900,0,59900,59900,59900,0,1,1711980515,,1711980515,1711980515,1727791715,pi_39aSi6fbnz6SfkEfrd2XHjNj,ch_3Vt5J1yGzZGVuVSWpfWSKC6Z
in_1mEuHMx7JkLtSc0knIzERiKB,5H62DRCM-0001,cus_j6B2i6JSIJdR4M,sub_127NHR22IDqlkPsJCYQvIZIT,paid,subscription_create,charge_automatically,eur,59900,0,59900,59900,59900,0,1,1711984560,,1711984560,1711984560,1727795760,pi_3suyyq9pQPAoC2dZh9E7mJgy,ch_3FMt4tXuxhvaDgnWUwpN9H6A
in_1CwfJXIQfUEuepsgWh48EyDl,EUO69670-0002,cus_txWZvAjpLtGymu,sub_1iP6MizQlgsmscQ5tB3yTBcZ,paid,subscription_cycle,send_invoice,eur,100000,0,100000,100000,100000,0,1,1712142593,1714734593,1714594073,1712142593,1743678593,pi_3PnqkXja47RXfktx6G1xmOhM,py_31LgHvKZgjyjc6bySl7LeS0T
in_1j6cWLn5Tu3ULvzIgkhFE0Zc,VQZY5B6M-0002,cus_Uh62hPZ96nMJ6x,sub_14xz13Ntn5zD6vycGde96QVH,paid,subscription_cycle,charge_automatically,eur,59900,0,59900,59900,59900,0,1,1712162713,,1712162713,1712162713,1727973913,pi_3Y6V6kuNaoW6UsISkyi3XnHB,ch_32qPFdFT0sI08wMy6zCYrDQT
in_1AkEE0LhH7dz6txXqmUTw2ge,H2Y7JXJ7-0001,cus_WbBsdQhjmjQWm7,sub_1YjUx54n0RQbhH6HTUV7CpBg,paid,subscription_create,charge_automatically,eur,100000,0,100000,100000,100000,0,1,1712165898,,1712165898,1712165898,1743701898,pi_3QbP37Q45oqQKtQXRLEtQ7me,ch_36hLcu5GenPwgCx7aGT7UIJl
in_1pecHc2P3M2JjcU9ahk9ylVK,OI78MA3H-0001,cus_BZu5g8whTZdJ9i,sub_1x1TdmU85u0MNQU1CgE3iDTC,paid,subscription_create,charge_automatically,eur,100000,0,100000,100000,100000,0,1,1712227733,,1712227733,1712227733,1743763733,pi_3x0bG1y2h6Vtkkl8KIwpd7UE,ch_3lmsFhkeW6OYOQychcs3qqoJ
in_1PwBYPDZTA4buVziTbOM3Zlq,0WM8WH8H-0001,cus_ZoI0Dc74f9VeTQ,sub_1lDuOrsmq8I2nO0bbS76Tali,paid,subscription_create,charge_automatically,eur,100000,0,100000,100000,100000,0,1,1712635589,,1712635589,1712635589,1744171589,pi_3xmoh7MLHqaJMXhdFa61fUko,ch_32DVy1gsr5QecXBVPkv4W0QL
in_1MTRGlusqig19VYmTSA9fxlJ,EZUKZKA5-0001,cus_R3dIe1ncQUn3rD,sub_1EOLOzRgh8PTotvX9jzsNIJB,paid,subscription_create,charge_automatically,eur,100000,0,100000,100000,100000,0,1,1712673164,,1712673164,1712673164,1744209164,pi_36MTTyVbXuQuthmB4SjzhxNi,ch_39fQp1Sxq42ZsAleJM2OTS8i
in_1BZ7YgFKL3Z8gs1RLUmjEr8v,BB1B1EYW-0001,cus_dvDi69V1F4iG9a,sub_144yW2es08MqcC92xno0Y7Ja,paid,subscription_create,charge_automatically,eur,100000,0,100000,100000,100000,0,1,1712754921,,1712754921,1712754921,1744290921,pi_3uhZUiuANKZwJkejPTXF3LsK,ch_3J63gfS3xK2xbDyR3gojW4hn
in_1QY5kDKkS5oSfTxFNAwz8Yu0,T9GHYE2A-0001,cus_Ep6KrEHCJhPGEh,sub_1Y2jVQPjiPvCynsZBB5k0A9w,paid,subscription_create,charge_automatically,eur,119800,0,119800,119800,119800,0,1,1712865674,,1712865674,1712865674,1728676874,pi_38ueJegiV0wscoqngzxqwmtg,ch_3L5GHc5506MqJNwFXA3hhqYC
in_1pLQXjsCAAf4oSmPKEOXjb2z,N75N71PI-0001,cus_q3RalVAA7FNQ3h,sub_15pLUkqIiKBPKXrQSKqIJuhu,paid,subscription_create,charge_automatically,eur,100000,0,100000,100000,100000,0,1,1712929983,,1712929983,1712929983,1744465983,pi_3LVQ4em72j4sdCUdGw3hSiuM,ch_3DIz7SrZLoXOJs2bEnHY015p
in_1whRNxgXuM3IkQ2J9D2DEQXB,7EK0IVMK-0003,cus_acMvdI4jKJ1Vjh,sub_1qfgl2Aq9Sa7ujBrVpE6BejE,paid,subscription_cycle,charge_automatically,eur,100000,0,100000,100000,100000,0,1,1712977893,,1712977893,1712977893,1744513893,pi_3CtIZP8y29aC4wilAolrPP4L,ch_3bGpU1RQKITCYSLPobBshq7A
in_1jCH8b3sV9tnx5CdGZc1h53I,F2GJZ1HO-0003,cus_Uv7Cz6zFYSAaUI,sub_1HEVsP1yHOsmhREetQzO0vC3,uncollectible,subscription_cycle,charge_automatically,eur,119800,0,119800,119800,0,119800,3,1713008936,,,1713008936,1728820136,pi_3zmmnb4apVPsipDjY7lCclhG,ch_3XsRqm2zyRwprniek4t2Idlw
in_1KQnK4hQ6Y1lZpeg8IRlzktn,B661327D-0001,cus_GTZPbnaMZKMf3w,sub_1C78YutKu899RGtXjWgDkTWo,paid,subscription_create,charge_automatically,eur,100000,0,100000,100000,100000,0,1,1713244569,,1713244569,1713244569,1744780569,pi_3cNucw475FXCzepdPZe0u9A0,ch_3dLzpRYFR4bMOJ1A8gzhh2ah
in_1RGAKY06NLtRyUT1eMysiEWV,L6RNF8QR-0001,cus_0SbxwjIBwyq2zV,sub_1t0aEwtiahD9iw57AVS10lj2,paid,subscription_create,charge_automatically,eur,179700,0,179700,179700,179700,0,1,1713256337,,1713256337,1713256337,1729067537,pi_3oah136gOQwcnhM4Rz5lB5hy,ch_3yjzNNXy4tnQepc3MxxW4BeF
in_19zVQfeeTUxPTRmj04eGTNmx,B1QGAPJ5-0001,cus_CgWReh1DRNTnID,sub_1WuhvyAJEisoT9VLOsm9Fob6,paid,subscription_create,charge_automatically,eur,100000,0,100000,100000,100000,0,2,1713372122,,1713372285,1713372122,1744908122,pi_3oAiwVGBNHbMpuRNoGCeaZeD,ch_3QDslABIzJWRoHPeSWy5WSmc
in_13ISIuxMpcXodMT6ecVdc0Wo,01Q77DEV-0002,cus_lbGcP3lQchBIFi,sub_1LKfEA2yd3sOvMbwH999PQFc,paid,subscription_cycle,charge_automatically,eur,200000,0,200000,200000,200000,0,1,1713374318,,1713374318,1713374318,1744910318,pi_3JXmCB5vieHz8YzY0vxS550A,ch_3hk2o9y8vCLE7r22Hwb5nLyC
in_1qnFJpbieYfERp5N5EAOh6xv,XHQAFHO7-0001,cus_GIiTsIJ8fZWwT8,sub_1ivEdNpHySf2xM6pRu5VTWNh,paid,subscription_create,charge_automatically,eur,119800,0,119800,119800,119800,0,1,1713438823,,1713438823,1713438823,1729250023,pi_3KgwJv7ugCDssLUsXqQ07miw,ch_3VJUavgsk5HG46mYsm83i4R5
in_1yDDbftzD3YmNGIQwakXS9VT,M2OOCVSV-0001,cus_CMrW0x0fTwtW63,sub_1rCidbGzkh9Ri8UWuQsyZckP,paid,subscription_create,charge_automatically,eur,100000,0,100000,100000,100000,0,1,1713524571,,1713524571,1713524571,1745060571,pi_3SPQDF7jAcrOI8Rs0GyO2TxB,ch_39PCVa5gokOXd3MjSkaJcd6F
in_1HUkvGsK5n4JmkpQuMA3v7nl,D1I72CM9-0001,cus_fm3MXLHDtpzSUL,sub_1n0PT40FisdNWGV4HMq6GZbp,paid,subscription_create,charge_automatically,eur,200000,0,200000,200000,200000,0,1,1713531016,,1713531016,1713531016,1745067016,pi_3tQL91PAEDpJu8uoDlQ6CJNy,ch_3m31EPz4p76fIvajG8E9BgdM
in_1TQBs3Uhb4zqF1Jof48xevpH,GH6E1J4C-0001,cus_sKo9ohkpbIyoLy,sub_1v8sIMerzASpoPBVk0g6AlQ5,paid,subscription_create,charge_automatically,eur,100000,0,100000,100000,100000,0,1,1713537429,,1713537429,1713537429,1745073429,pi_3bBAjcUBnhlJ25CQ3e6Lvc2C,ch_3g4KAtiJrJCWjZQXZq6t5zny
in_16bcQDnCLDS3d0nYBZ57b6b4,00RGRGLD-0001,cus_mTPQ1ctFKfJ1St,sub_1G3KJ3rF2eNYq6CMIi6FsWUS,paid,subscription_create,charge_automatically,eur,100000,0,100000,100000,100000,0,2,1713800455,,1713800663,1713800455,1745336455,pi_3aKRdl503fSCoauynUjOjAgc,ch_3sBxHVpWFhyYrugg3QPWzXt4
in_18EtQJI49Ksi9y8DWYqre1mB,8V3LHQS3-0001,cus_Pl13h4zj8j5GFg,sub_1dxGvLXiNQE8vWDRYMmSPriB,paid,subscription_create,charge_automatically,eur,59900,0,59900,59900,59900,0,1,1713877302,,1713877302,1713877302,1729688502,pi_33I8MplWWZHUWkSEowMU2zTA,ch_3ZBQDZjHsikXBRwhyd59F2lc
in_13yK6t3eJ0rMBAib7c4lK9ov,CN401UBT-0001,cus_i8LP6SVajrhShS,sub_1iKkJ7KsFwUHMR8b8OppBe4s,paid,subscription_create,send_invoice,eur,119800,0,119800,119800,119800,0,1,1713878975,1716470975,1714846535,1713878975,1729690175,pi_36EueWuPvvlmMi4QtASwQdwV,py_3laV1k2mz9ow24eqQiY9bdMO
in_192brO3ODdPPwQhSBLYRGwl6,0N1348SW-0002,cus_88DGPZBygLH1oZ,sub_1hskEtUR3THDN32OGU6Bf7QZ,paid,subscription_cycle,charge_automatically,eur,59900,0,59900,59900,59900,0,2,1713880602,,1714141002,1713880602,1729691802,pi_3BGBXR3N5QUGKpXKtWVXKDS6,ch_3m4swxFDFYgX6EV0YiNVSgQn
in_1OvbLNU6wRGsZnK1uhlGdpXF,53H5OC1V-0001,cus_wIHBkditljplEx,sub_1E7JJsoiC1MJtlCaa1DK6W5N,paid,subscription_create,charge_automatically,eur,59900,0,59900,59900,59900,0,1,1713880937,,1713880937,1713880937,1729692137,pi_3LtbFNppA15otFXH5KOeydfr,ch_3eeZqW1IlX8LoMLJgH6cRrbj
in_1HLEjzlokZwFAYyhsRaD9XRo,0PI2CJJR-0001,cus_qEB5tQk4SG9TPY,sub_1l6A3BdgS8jPsNla7tPBXVXb,paid,subscription_create,charge_automatically,eur,59900,0,59900,59900,59900,0,1,1713891511,,1713891511,1713891511,1729702711,pi_3JBRPSnp2CvJYpzohTpAKopa,ch_3GzkU1CWyQNB4OwOcdfoOwH2
in_15rsXd8oSAXvGoTsu4vfFBGH,Z0EOCJKN-0002,cus_hdej5FSntQnpHl,sub_1CHJVTpsgXIZ7OkvwTU8lXA8,paid,subscription_cycle,charge_automatically,eur,179700,0,179700,179700,179700,0,1,1713894910,,1713894910,1713894910,1729706110,pi_3e3QA6795rZliDBuNYUDNWBb,ch_310LsE3t1S0CzV1mk0qVofF5
in_1TVdIhCWNTt4ViYbVhgcY0Pz,WGMNFJ29-0001,cus_XwJlyxPQHHb7FX,sub_1RQJBs7uaMhKg9zdhAS5nuaP,paid,subscription_create,charge_automatically,eur,300000,0,300000,300000,300000,0,1,1713902480,,1713902480,1713902480,1745438480,pi_33wyXvfeo0Cj6bEySEVNdfDh,ch_3d41sc9RbCpLla7AjeqfL0SP
in_1NzObnotRvCTPsrEqQfzblkW,L7QDKL5B-0001,cus_fZ7M3RzTyM3mqp,sub_1EsnslalWjEgsnJjqIuFjP6x,paid,subscription_create,charge_automatically,eur,59900,0,59900,59900,59900,0,1,1713979423,,1713979423,1713979423,1729790623,pi_341xP4tWEwuAXM1Iypyj3SFy,ch_3FS1YoZkKWHAfjNMsbm3HB98
in_1ZonTbMAUJNZ4po51WbJjhrL,UTHHWWFR-0002,cus_PyxtpdM5pSOenC,sub_1Hkqyyg9NSApXtw98RWEnvGn,paid,subscription_cycle,charge_automatically,eur,59900,0,59900,59900,59900,0,1,1713981735,,1713981735,1713981735,1729792935,pi_3Mzfddv01mbUBRyPrnPPyFUV,ch_3Qfg5JKF1okuLhQNn3UbmLEQ
in_1jTeMdV46PJXyIGBqELp6N3a,R1MG4NDU-0002,cus_DggFIYVxWwy85O,sub_1oPSEEokEW8xF1pVkpYijWdZ,paid,subscription_cycle,charge_automatically,eur,100000,0,100000,100000,100000,0,1,1714056412,,1714056412,1714056412,1745592412,pi_3CMV9zpugxbwz9xRl9Hvye8C,ch_3xmG0jpP0HCysq8Jg1dSm5Li
in_1dpjBqtfnrTIfvixDjzDAidn,3610VY04-0001,cus_YWDM7v6vi6h325,sub_1yrcsOqbgcr2rN9UgM1NxhTv,paid,subscription_create,charge_automatically,eur,100000,0,100000,100000,100000,0,1,1714068805,,1714068805,1714068805,1745604805,pi_3T4RiWYfikIEhwGKMFDGH3hS,ch_3C8cwLIVPfRVbA1nN7SkKO0s
in_1Y0Gm2MnTYDQ2csVh6lcf3sZ,743YJB2Y-0002,cus_PSd6cc6IvQlaUg,sub_1a92dB6xQZ9KqzMDpcLYJhtG,paid,subscription_cycle,charge_automatically,eur,59900,0,59900,59900,59900,0,1,1714135073,,1714135073,1714135073,1729946273,pi_3j1m9P1wqL6bfZfOgfSZAEJw,ch_3j3bb3d0wJvh6c0gfI1bdg0Z
in_1oxIOp8pwk12ncBC8TSdtiFs,M0Q6YP3W-0002,cus_V1AXxFr6Q9FjqM,sub_1U8kCZdIQmH0m86bjaEAKqYu,paid,subscription_cycle,charge_automatically,eur,100000,0,100000,100000,100000,0,1,1714135970,,1714135970,1714135970,1745671970,pi_3WUUqk8557qLWg0HWvhrTRBC,ch_3mvEKge7np3ZRVgEwW1kxqhe
in_19K7AoQE5oMgpsDAy4SVZwyc,MYKH5P45-0002,cus_FDtXVowAU75NZN,sub_1fKHZ0IyLW2bwkycYM8TD69s,paid,subscription_cycle,charge_automatically,eur,100000,0,100000,100000,100000,0,1,1714227074,,1714227074,1714227074,1745763074,pi_3xv5kBMieg8Zolv4nMYRJb82,ch_3wGHJvBd24JBCJ6SvvaqODBF
in_1gK6pN0IujNxwwQ6peY3kjKK,KMB1SSD0-0002,cus_JQAKTmTXf4ZIrd,sub_1fsQzpE3AXkeIWq2VAYz8xYE,paid,subscription_cycle,charge_automatically,eur,59900,0,59900,59900,59900,0,1,1714289355,,1714289355,1714289355,1730100555,pi_34v07bOz2i0HOGvyBfjPfzUq,ch_3gNRghKcBVmX1K3sfl4Pgu5r
in_1QY929dP6ud7WUFz9SiSNjSt,0C78Q4IE-0002,cus_DMWI8U2AZLQqX4,sub_1oWoN9qi3ZhBdVnIMN6vv3oe,paid,subscription_cycle,charge_automatically,eur,59900,0,59900,59900,59900,0,1,1714308755,,1714308755,1714308755,1730119955,pi_3y3Es3RsY44L49L47dOOBYhX,ch_3yfuIH2tzbpPTUwGAkfLD9oG
in_1SpAHsS68o9dMNIqtIBUMteT,7R0LVELP-0001,cus_Ix1BhSYxt54fKy,sub_1gRbV623uaZyHiIJYEw5nbV0,paid,subscription_create,send_invoice,eur,300000,0,300000,300000,300000,0,1,1714394382,1715603982,1715619702,1714394382,1745930382,pi_3E9gOnhrb6RLxiC0ri7CBovn,py_3oNbNLnePHY4vZneRpAYdcMi
in_1rvMkjq5PdZsfnfoLMftV9s5,UZWZ0VLW-0001,cus_tHB59mPZIVj3Nz,sub_1TGzKY82mPEZd5xX1Yh4gF3J,paid,subscription_create,charge_automatically,eur,59900,0,59900,59900,59900,0,1,1714542418,,1714542418,1714542418,1730440018,pi_3Epm5K0az79FnlAN0GqdtvmI,ch_3or4wQ4VA9jWfGB46KLHzifv
in_1QNAjtXp2Eua4EOM54o7nWpa,CDLUKENQ-0002,cus_AnHAxyZmPJ7fjZ,sub_1kWjsWuyrQgn9EjFxGOrlzrO,paid,subscription_cycle,charge_automatically,eur,119800,0,119800,119800,119800,0,1,1714553993,,1714553993,1714553993,1730451593,pi_3WaMl9vQJdJDlWuysFhw1b8l,ch_3V5G4KBBinkW4IRMwTxi563w
in_1EL9H51zF3CPdwMY7JqzdSsL,ECKK6KG9-0001,cus_O9VRwcZXbIK6pz,sub_1FSegpncgKS2Ib7BwGLsE6yt,paid,subscription_create,charge_automatically,eur,100000,0,100000,100000,100000,0,1,1714559247,,1714559247,1714559247,1746095247,pi_3B6rHVmnMi5HfnGa4BX8UAeQ,ch_3rjmI1D2dRei1pqn3yCo3YbJ
in_1rt6AfxdwE3oWv9ey72oTiIn,YWGBGRKZ-0001,cus_s6IZhBOFzW0LYl,sub_1Qrba8Vl4P12kUY1bEmAdIr5,paid,subscription_create,charge_automatically,eur,200000,0,200000,200000,200000,0,1,1714648554,,1714648554,1714648554,1746184554,pi_3RvrY9vxN8HqDrX0F1EejLO0,ch_3lwoUxqnIQ3oaPS31XdmC1IY
in_1oELqLWXGp8uUA5GZs9wPk4o,1EXLN1I6-0001,cus_zych7ypDCmfyh6,sub_1L4sZYmEgvvbLyMMOdsMl9JO,paid,subscription_create,charge_automatically,eur,59900,0,59900,59900,59900,0,1,1714740842,,1714740842,1714740842,1730638442,pi_33TqJtAlvantpoK2UOytLf0k,ch_3DYvBMJDHded24xsFwgSot9r
in_13G739wtvk7VwxxjfpnczmvY,XC9NMR0C-0001,cus_sOpxIc9UMyTzam,sub_1UC5Ecyi0QqZi9aZWYJrUFj9,paid,subscription_create,charge_automatically,eur,100000,0,100000,100000,100000,0,1,1714758497,,1714758497,1714758497,1746294497,pi_3xeD40qGGiSMHlPaJwlIJztr,ch_33UKoAwqY7EU7DtZfsE8rIZ4
in_1b2wMsqYU1wqeAbUoeLsNkLz,TK6X1MUI-0001,cus_UV5aCPC5MiZoJK,sub_1ZAVyyKC2is8r0nMMGhbEvL6,paid,subscription_create,charge_automatically,eur,59900,0,59900,59900,59900,0,1,1714794119,,1714794119,1714794119,1730691719,pi_3mJyUUR96oG4dMJ26JGPCiXy,ch_3Oe9OOc5rJolxCdVN5izzUXr
in_1ZDXb8jVp5NOErAUGz4qbJgx,2OYDGEGE-0001,cus_u7G8E6wYiI4bWx,sub_1wCEWIA3QQIsLjXBjq6rObse,paid,subscription_create,charge_automatically,eur,59900,0,59900,59900,59900,0,1,1714934749,,1714934749,1714934749,1730832349,pi_3pqrk4d4dok3kPke7WtX7bDm,ch_32PdGdJ3mPVIaDn4bAgq0hP4
in_1F7zzeuB5poh6fZgiRqOCUi4,LA95ONFD-0001,cus_ffWrV8aeEOdU40,sub_11FKl0kB9PijXxNnI7CSDyVT,paid,subscription_create,charge_automatically,eur,100000,0,100000,100000,100000,0,1,1714986605,,1714986605,1714986605,1746522605,pi_3QKnOiKBmPtvMkWyEdxjEJqT,ch_3i3ny6BLNQIROz1hi06YZzwb
in_1LtHMFmvtISL6FdUj6pUKNSs,PS793YRF-0001,cus_PenpJSt304KbMZ,sub_1ntD22D0lTVs1sxqEepIoB3U,paid,subscription_create,charge_automatically,eur,100000,0,100000,100000,100000,0,1,1715092962,,1715092962,1715092962,1746628962,pi_38Le159Jz6UaGfVfeciGYBRt,ch_3DxCyQo3bqSNgqjNU3UQvIk2
in_1sk0s8YtLMwJmwga2EEDU5df,7ZMZCMGV-0002,cus_zxnYfDyoy27lHa,sub_1or06fL6LsWCXx6wi5PB7bm6,paid,subscription_cycle,charge_automatically,eur,100000,0,100000,100000,100000,0,1,1715163892,,1715163892,1715163892,1746699892,pi_3AWQLKOFbQu0OOG6HFkxlTXM,ch_36tRZoAsK9YOgPAyzr54aNCv
in_1GJKE56mNJCitDzpVwrQ6usz,C04RI5UW-0001,cus_rVq6GEzXZD9j6r,sub_19zpYgRMmzFpzwYNgjBEX23c,paid,subscription_create,charge_automatically,eur,100000,0,100000,100000,100000,0,1,1715165440,,1715165440,1715165440,1746701440,pi_3hrrbryaWaLz5OtxgFQPNF9X,ch_39DwT6UXiu8tkcQ6QkRcu0qV
in_16WK10EqaMnfha0zkWUeZHPN,SHXKAM5W-0001,cus_TSRSTGSZQ7jorv,sub_1qCbzonBbVI95wEUZlssxpjm,paid,subscription_create,charge_automatically,eur,100000,0,100000,100000,100000,0,1,1715254071,,1715254071,1715254071,1746790071,pi_3NP1znWIfr2dh8KxKV5JyWLT,ch_30k8G2WN1Y8BN8KNgVHJcFYX
in_11CoG5QjnC7t51piZDGI3WAR,UM34B7QV-0002,cus_XM7INayrOEZKPE,sub_1I9sfPxM1Dc3zQhJVUTEK7d1,paid,subscription_cycle,send_invoice,eur,200000,0,200000,200000,200000,0,1,1715336157,1716545757,1718209437,1715336157,1746872157,pi_3tQrTTXX6W1YbaLzhKjURKYf,py_3Ykvj4C4Xz4vRbzW4cyNHGuG
in_1CvtHJ8gGhPN0j0uasiDMiwT,JGLUVMTW-0001,cus_C8Gid3fzy1yezQ,sub_12Uqxrtrt3FQMGj3h84SiuCd,paid,subscription_create,charge_automatically,eur,179700,0,179700,179700,179700,0,1,1715628676,,1715628676,1715628676,1731526276,pi_37rNRfRTyQ0X55sDsyPuvMH9,ch_3jbKxlzA30TSgQmJrbDVFkUy
in_1CwKGy56J5exfvO5kSX8MXhK,5FR1T1KN-0001,cus_6VVD8aXLXG0lvO,sub_1PDo9y1nDc6qE2S8cQRwl2CJ,paid,subscription_create,charge_automatically,eur,100000,0,100000,100000,100000,0,1,1715666763,,1715666763,1715666763,1747202763,pi_3TPwqZfIpas1CdayhgkoqxDQ,ch_33bnJiYfV6Y7WQTRjJeEl16d
in_1i47iYWqEhDraRe5hmzb2m6U,N65DBA9N-0001,cus_OSN2Z3tTkpoGdL,sub_1YrH5JrdT6nLzEbisOQNZ696,paid,subscription_create,charge_automatically,eur,100000,0,100000,100000,100000,0,1,1715674882,,1715674882,1715674882,1747210882,pi_3cePtSjWO8Fza10AExeiIStO,ch_31Ae1GIHjat4dw3zs8eLRzig
in_17tgRlDrkFjDF5f7Vxmb0K2R,79FXEZZD-0001,cus_LQAI4vwSzRAHyg,sub_1EERxNqWGVMuljnP6KwoMOnP,paid,subscription_create,send_invoice,eur,200000,0,200000,200000,200000,0,1,1715682061,1718274061,1717096141,1715682061,1747218061,pi_33IVNv6Rm7ZqGC43P5jvRhLs,py_3DDIVIH5OEdktqEkyy5q3eTv
in_1yjMg649HJWYjPW5BgMQw2OK,4HW5CV1W-0001,cus_JzgmJxzMamvsKz,sub_1tc1ZLgkC7Ivz88M8sTUiDTV,paid,subscription_create,charge_automatically,eur,100000,0,100000,100000,100000,0,1,1715701145,,1715701145,1715701145,1747237145,pi_3faH2NXlPe7LSXEVxDGbWFOQ,ch_3K56bFidP2utMka1Xw9rigZp
in_1XgS9IiMPu7slkwv9skvD6rp,0VVT5SWQ-0002,cus_PgRSkygKuTNTfa,sub_1nT04PzLuyzOjQUp2aZ7rLGR,paid,subscription_cycle,charge_automatically,eur,59900,0,59900,59900,59900,0,1,1715720142,,1715720142,1715720142,1731617742,pi_3eOtTTSEw6NRMsiQwkHE8TWc,ch_3VQgMlW5DmCbkb6DdlDVrUBV
in_1LGFhEDGFD4Vzt1krzx9hjtI,9KETOVSO-0002,cus_woJpkLK1dyTSDE,sub_13PypzePFbuoPVXHPJPr4OzQ,paid,subscription_cycle,charge_automatically,eur,119800,0,119800,119800,119800,0,1,1715883350,,1715883350,1715883350,1731780950,pi_30KayMeOfy1HowfaGnSdwO7a,ch_3yWvMVPlHeJfujHgekDFnyyV
in_11UDB5pvrgxkeXSpJAeEUnVl,QPHYF0ES-0002,cus_Ig1CDaKzgPsq5E,sub_11IJzUntFYpdHKAKoMB2oni4,paid,subscription_cycle,charge_automatically,eur,119800,0,119800,119800,119800,0,1,1715944179,,1715944179,1715944179,1731841779,pi_3ziP5vqEeThE9grNAuMRPs5T,ch_3pxxMAH7TxSVToKSTVoxIpHp
in_1aBvjUNk6HOV4GMa9h7macnZ,0HG2ZGJ3-0001,cus_hhmRWQqYuNA5eN,sub_1CBbwvZJDFUk75NjtNWzs9Q5,paid,subscription_create,charge_automatically,eur,59900,0,59900,59900,59900,0,1,1715969300,,1715969300,1715969300,1731866900,pi_3e7phPkUs9Mdxm1FTr2eVnfq,ch_3JOOWUieE6d5St3aOeiGkfns
in_1KOelVMwAQlBJNOo6NzuuuAh,TWGTAPK4-0002,cus_cgm15hmCrHV52t,sub_1JvY0sFAoKPcqOe7hqp7Z9Ge,paid,subscription_cycle,charge_automatically,eur,59900,0,59900,59900,59900,0,1,1716022523,,1716022523,1716022523,1731920123,pi_3uoUaXIvVab98N3E4U80O5P1,ch_3h99fcvJkeJKFJT1QgWzk80r
in_1MjJBqqPaF8r1xwRDGgJsYc9,GX130CCL-0001,cus_j03AngTFLC7ZtO,sub_1FuvAAXK0ctqoutq6mXIesiR,paid,subscription_create,charge_automatically,eur,59900,0,59900,59900,59900,0,1,1716114885,,1716114885,1716114885,1732012485,pi_3EfdQ087dEYjU5H30d9CRypw,ch_3v4dw5sy9m3YaO6Ao91H88GB
in_1oRafoJjYPmWFmE4oXssKEmX,Z8ZBBSOR-0002,cus_bFocaNxjTUeE8u,sub_1N7xam0QifQoFCueBDs2fgRh,paid,subscription_cycle,charge_automatically,eur,100000,0,100000,100000,100000,0,1,1716263632,,1716263632,1716263632,1747799632,pi_3vD2rlmco4IBAPiNsoWnj2sQ,ch_3KuI4WgJpcLIHoXh4Co6kGxu
in_1Z946JFKhSCTvAYF4z89RwQM,5BRMBYO5-0001,cus_oaSWXTyS1HoEo4,sub_1b3yLDj57QBoSYIhkmYfnJ13,paid,subscription_create,charge_automatically,eur,100000,0,100000,100000,100000,0,1,1716282571,,1716282571,1716282571,1747818571,pi_3MHixkbiCVnBijHYUuS8LBye,ch_3MCZXyOI8Dw04OVCbJ3y3RL9
in_1yWhrloZrqlK0vr9tHb65MGg,E3PZD3JL-0002,cus_bguEokKJD6kJF9,sub_1VX5Q8oNOnUTkAK8xDeWlBZt,paid,subscription_cycle,charge_automatically,eur,100000,0,100000,100000,100000,0,3,1716378057,,1717072677,1716378057,1747914057,pi_3OuojWB69WAVdflYgBiZ0vFE,ch_3fVRCMeJNeu79AlWAlVpaauN
in_1rgdqRiWamTjTAhSoNwkn6wz,MMWC2LPP-0002,cus_qGqSTXUYeGfgqU,sub_18BJIJccpnkeVa4ytcQimzwb,paid,subscription_cycle,charge_automatically,eur,100000,0,100000,100000,100000,0,1,1716663600,,1716663600,1716663600,1748199600,pi_3F6NqMyXYgerlIUHZpFHWYAU,ch_3KU4vU8zdOcCADVmkWZTzcCu
in_1SE4N1JX73hQS2O4cDbKtwgP,LG8WUGUY-0001,cus_eqnJdL8TKFHtCS,sub_1KmIlq38ZIimKFIUIdHWnMKo,paid,subscription_create,charge_automatically,eur,59900,0,59900,59900,59900,0,1,1716665637,,1716665637,1716665637,1732563237,pi_3y72eZXxvtu2zQ1uYgIZQgIR,ch_37o0vdelCBEhbcW0Xq71gy5Q
in_1jz2NJY5r9JpeeL0HTkxhE6e,52Z4Q7KI-0001,cus_4ReKDgQocl2Pee,sub_1zDhuH0TsYvEugjQ7u58m7sp,paid,subscription_create,charge_automatically,eur,59900,0,59900,59900,59900,0,1,1716804707,,1716804707,1716804707,1732702307,pi_3JfbMO0Po4eNFej2SWVnOVMB,ch_3Pk8fyF9iwU3lSs1IxNUHOVL
in_1o0poiPDywivBBwv3Ll9UFiR,VRT0KJPG-0001,cus_QC6roSuop1n0PQ,sub_1zezOvjxHgGSC57GhOGddTw8,paid,subscription_create,charge_automatically,eur,59900,0,59900,59900,59900,0,1,1716814236,,1716814236,1716814236,1732711836,pi_3aINdJi7rLlC8jclUMy6WjeI,ch_3B4b6lmraj2KQQDGyJcj4azs
in_1aYaBGsYM28ciBTws7uyTWfh,8TH2TC0W-0002,cus_ZeYVFPlqLfhHtG,sub_1NC8k06DYRMOvjB50FK4R8hh,paid,subscription_cycle,charge_automatically,eur,59900,0,59900,59900,59900,0,1,1716877515,,1716877515,1716877515,1732775115,pi_3xUQlegqI1KPKWjqDecn4MBu,ch_3dFjyu98gZVB6LsCeFuf6I8m
in_1Mc5JGjWphTNft7VpYCtXDkk,158K9G39-0001,cus_kSot7VTeJBBcuZ,sub_14jpluZD9cSHsAd63UomMklr,paid,subscription_create,charge_automatically,eur,100000,0,100000,100000,100000,0,1,1716882269,,1716882269,1716882269,1748418269,pi_3nEvBO40KjsBl8Z28FC7I5A0,ch_3iTyoEep2sUcPeueUySLF9rb
in_1LURKBApuUsZiGzwJRDbfZwY,IP33M7NF-0001,cus_AnvpBxYbklKshz,sub_1lqEPMZ8IfPQOL73ToKydWxd,paid,subscription_create,charge_automatically,eur,100000,0,100000,100000,100000,0,1,1716911597,,1716911597,1716911597,1748447597,pi_3zufAujTP0hQ1IKx2sbHK3M0,ch_3hczuLeLnp6tIBnebeeiZXla
in_1VmvKDu93A41fJGiyPujPnKR,FLWKB667-0001,cus_J6399BkxNo6fey,sub_1SfOdNYpV9TEvxxMzYg6vym5,paid,subscription_create,charge_automatically,eur,59900,0,59900,59900,59900,0,1,1717101810,,1717101810,1717101810,1732999410,pi_3jWTzs7L92umUdyauC7LwAvO,ch_3agd6lDRfauhQCzWb6o6C32n
in_1dy8URw74ScprAKP5XQbEFEk,PGKGM6UG-0002,cus_DRfqoWcWeRxW2F,sub_1rj800nfIFgaa8hP9xZvTx5N,paid,subscription_cycle,charge_automatically,eur,500000,0,500000,500000,500000,0,1,1717168567,,1717168567,1717168567,1748704567,pi_330F6aQTodpIoVOmz7nvzQCb,ch_3RgypEK84QsvcXwv1I6ra2XZ
in_1ZeCPMQR8VtQBMsQll9H0nyF,FM7UVAQS-0001,cus_qhZ579ZimAewBQ,sub_1GLZmoXNLEpRd5cTmOwiaskZ,paid,subscription_create,charge_automatically,eur,100000,0,100000,100000,100000,0,1,1717169552,,1717169552,1717169552,1748705552,pi_3EWGprhpFeLwDIiq1n83IzDO,ch_3qhXdH4MnxMjBmL7rtRnM2yJ
in_15LjAD3RBNjxgqxT3TJMxg0O,MKVJ16B4-0001,cus_0OheR5sFuvLz9X,sub_1N9oYUpbbpune0SW84bIVeye,paid,subscription_create,charge_automatically,eur,100000,0,100000,100000,100000,0,1,1717178657,,1717178657,1717178657,1748714657,pi_3NaOh5XXk5R19R3YnR2CFgFW,ch_3M6BNWVFwVGfoIRDPaRhVAaG
in_1XVgWR5TJMPPePbOG5TMnEyb,I720BLOO-0002,cus_xp6ojvGuFiLpg8,sub_1dX7pqLXVbUJwd2LO7RTqnZG,paid,subscription_cycle,charge_automatically,eur,179700,0,179700,179700,179700,0,1,1717217704,,1717217704,1717217704,1733028904,pi_389NceuE4ntSvz7NBsZhjGO6,ch_38uiqwMG8YZIWyO2fGWrUPpe
in_1VpjsobliNkhqbDrPEWw2CHR,JSK3TXWO-0003,cus_59qfse5GE8k0ub,sub_1DdUNobd03AQvHPH15aWQhQI,paid,subscription_cycle,charge_automatically,eur,59900,0,59900,59900,59900,0,1,1717235575,,1717235575,1717235575,1733046775,pi_3STyebQVEUSPkfYYmY8gKZ2V,ch_3mkZQ7BuPHxHdlX9tOfZ6Yr0
in_1zTCafISr65XSRBCNzHN7zr8,TEOCXKYP-0002,cus_kzoGAmZ9mRJxjd,sub_1hP7HzxEdilfoQ5uQ428mxCa,paid,subscription_cycle,charge_automatically,eur,59900,0,59900,59900,59900,0,1,1717251470,,1717251470,1717251470,1733062670,pi_3ZNHbqvWrwJI8v0sFESrAYEd,ch_3QHL69aCwc9cb7SuNaVRL4Ep
in_16kkMiIQ3G9NwlvZzgi4MXrz,B9D9L16E-0004,cus_rQGNVYwPZRmf2i,sub_1iFVcNcmTYjvRrKzHFEueyI9,paid,subscription_cycle,charge_automatically,eur,59900,0,59900,59900,59900,0,1,1717319171,,1717319171,1717319171,1733130371,pi_3mfHc5cJo88z1q8PqfHqSLCY,ch_3KEx46pT43xu67iej74xP4eu
in_1X1w7aA1bmsQobWAFN5S8Thz,VRMCJ2S1-0001,cus_xmEwXprgCr3QJX,sub_15DQ0SuPKwZT7PcCDQHe9caa,paid,subscription_create,send_invoice,eur,12400000,0,12400000,12400000,12400000,0,1,1717421879,1720013879,1721663099,1717421879,1748957879,pi_3ageo9oDweMdNkv84Slu3LzT,py_3ramgfCnpS0MXB7knhvXBJpm
in_1R6C3qpoinfMzPLPCUuw3R2u,Y2NO2OTK-0003,cus_UzZSDRX8FGeRWz,sub_1b9VWTvcASC2ogVU15zvDjOO,paid,subscription_cycle,charge_automatically,eur,59900,0,59900,59900,59900,0,1,1717548443,,1717548443,1717548443,1733359643,pi_3sbQf1el8s9Rl533b0jpAgx8,ch_3xQ6LgrV2M1lNUBLt25Ua6DD
in_1SWEER5660SR3BRP8gLGiHhR,8KP6ULPY-0003,cus_okAJbSlKaZ49ro,sub_1TfdDF1BMDfsTKxm8gHodmRi,paid,subscription_cycle,charge_automatically,eur,100000,0,100000,100000,100000,0,1,1717682574,,1717682574,1717682574,1749218574,pi_3m0qLzhQB8F7DS0PoakIjFIE,ch_3XDighC1oLmZldKb7DsNKZai
in_10u1LO7aRZQBAcWxWQ2kmxkY,QUMTU3FJ-0002,cus_pqa7yCxQUMhliK,sub_18MkcluDbbYMwitvpKehSEhQ,paid,subscription_cycle,charge_automatically,eur,200000,0,200000,200000,200000,0,1,1717706479,,1717706479,1717706479,1749242479,pi_3hdynUb1CuEvPoVJe5B8rLyr,ch_39XTNFuoDDoRpl82ngDEKDQ9
in_1zWL42j781jgkXiDmYZH6BqM,KPYU0QI6-0002,cus_1cCpHsmGxTHcSJ,sub_1rpsCN0J5iCsWPM4kC2iYiKm,paid,subscription_cycle,charge_automatically,eur,100000,0,100000,100000,100000,0,1,1717756532,,1717756532,1717756532,1749292532,pi_3ds4lhSPMrqDZpFSl4F2ezSC,ch_3QKJExD3oj34XDaD0B4mnPe4
in_1vQgHDshGRZxtwhVAVMGJKQ0,0BCOTCDI-0003,cus_LfnYNYj5BM17Qy,sub_13HhGYncpY4fPKS4dYsS4Wtp,paid,subscription_cycle,charge_automatically,eur,59900,0,59900,59900,59900,0,1,1717765650,,1717765650,1717765650,1733576850,pi_3jxrHIqMfT2wFBEIO3JHY5Zs,ch_3JLvXcwzbissplm0dg5OH6Z5
in_18CLFnk7rDUBQkffS59N5dSe,FFH247SO-0002,cus_pQiWfidzInxhej,sub_1UXVu369I84POTTdmL1uD6g8,paid,subscription_cycle,charge_automatically,eur,59900,0,59900,59900,59900,0,2,1717876749,,1718138049,1717876749,1733687949,pi_37w8SMjX2lX2I0HTa4DcIdem,ch_3aiyiXEUJna4d7ljlF4hxJF9
in_1KOe50ftGrjLCuwLw4urmlzk,ZMGVJYTV-0001,cus_WEpEMnvsz9X1Sq,sub_1OEANcUjbQRM9GAEmTsJC6zm,paid,subscription_create,charge_automatically,eur,100000,0,100000,100000,100000,0,1,1718010966,,1718010966,1718010966,1749546966,pi_35NVMZMz1ytDl299vztbhC4K,ch_3tThLJ2vcTbtjKHaxgV1gYmh
in_1S6sBdv7XvXbykG1GHJ1VDft,16KY82CR-0001,cus_wDIKKUQLAOYkuF,sub_1HMW6U3HGuaxMY2kU02T1KkQ,paid,subscription_create,charge_automatically,eur,100000,0,100000,100000,100000,0,1,1718015459,,1718015459,1718015459,1749551459,pi_3ogleGAPouf8rdUt11w359Zj,ch_3ZPhBeHOUg2S7Yp3uR0eVAJ7
in_1shAsoAjiCO5xzEhIACqb4Ma,7846W5L8-0001,cus_oXibQvdiIvzHfO,sub_10GUyFDjQIfLWb3TQkqKh3YM,paid,subscription_create,charge_automatically,eur,100000,0,100000,100000,100000,0,1,1718041968,,1718041968,1718041968,1749577968,pi_3tMsgZxzoVvrQXBvo8yVN0gD,ch_39qAlTmYhfncmiw4w6HafNa0
in_1uFGFsq1bb4FF52S8E7NlXM8,1Y790LRP-0002,cus_ij9HIi16A024TL,sub_12PHUEPUn0zcWDadY5AKMik1,uncollectible,subscription_cycle,charge_automatically,eur,100000,0,100000,100000,0,100000,3,1718107685,,,1718107685,1749643685,pi_3vKt3A1ID28RT6inazC4krzG,ch_3ub9pataR0by1Wz00wpgraGf
in_1fSvPsJMAFU2nHYuLtBW1Fe7,Y7BMBMB5-0001,cus_pflGPmeX0vrcYL,sub_19IIElovrWCufh0Y7yFiFuvG,paid,subscription_create,charge_automatically,eur,100000,0,100000,100000,100000,0,1,1718129615,,1718129615,1718129615,1749665615,pi_3n0TRVepMmbHL9batKkoihyf,ch_33f4DJt2SrduDXN1c4ugEmpV
in_1WX93FqgehmmcnUjNNhqXM60,7RV5EVWN-0001,cus_1gUeoKp8pMrrzu,sub_1kRhDQtugGrwvGqPqcH2zdqX,paid,subscription_create,charge_automatically,eur,100000,0,100000,100000,100000,0,1,1718143980,,1718143980,1718143980,1749679980,pi_3vxq4SAGbDc4pO5VAmYQUJXq,ch_38ycBjo6Z4SVUENQ9xaoZJqY
in_1gUnqrfG28u5zuV49gseaukU,AGD42Z1Q-0002,cus_74BLD9ikzx4LP5,sub_1AvgifKBUPMdF6DHaftaDALY,paid,subscription_cycle,charge_automatically,eur,100000,0,100000,100000,100000,0,1,1718180296,,1718180296,1718180296,1749716296,pi_3SmOfeYiw89FaNO9GZrsSJwF,ch_3IILKfAFXnxjUih9s0lbwJw2
in_1VJoLyZfVn8J39OcK2vjIxLh,K25XNZMD-0001,cus_Xh6DWA373FIIoH,sub_19AD4S46DfsOGWq8n5QQKBCy,paid,subscription_create,charge_automatically,eur,100000,0,100000,100000,100000,0,1,1718188722,,1718188722,1718188722,1749724722,pi_3o69WJ2LdI3etxEwADNjmEE6,ch_39x4EQf312SXJlhQrWG00qwK
in_1Exn6LbgTjTMVsxFB0rTwLYq,E06YJCPD-0001,cus_4bFcY4oMTjRPBS,sub_1Sw6LJcxiJH62JgHxctjrFQh,paid,subscription_create,charge_automatically,eur,100000,0,100000,100000,100000,0,1,1718222596,,1718222596,1718222596,1749758596,pi_3HWmO83S6jHpuHRIH6DFJOmI,ch_3yHrSpLKjzVzDzUqVIi6HEfW
in_1kxOCeGfZZsSR0AvlMZH5Oms,5QKU2RFX-0001,cus_50gZntqieQQVKT,sub_1bca6m1TTeddE2cxtk4xk14r,paid,subscription_create,charge_automatically,eur,59900,0,59900,59900,59900,0,1,1718271630,,1718271630,1718271630,1734082830,pi_3d7SYEmGf7IsZIHnKWhA9teL,ch_3KnTu041WQ9jyHfdFg4iHeNG
in_1ypGiV8kCuWpRC8VkSOx0w6W,UUFYQ59T-0002,cus_0ixrwYw6m0HKnJ,sub_1lW71GO3fa7WjDFI3uzwkCrf,paid,subscription_cycle,charge_automatically,eur,100000,0,100000,100000,100000,0,1,1718464759,,1718464759,1718464759,1750000759,pi_3RhH6WC5XsvCjEJW3mrChHlW,ch_3gQST8ReVbS5IfnJCYMABcCl
in_1keKBZ2rukpR1EyCH7zCayDM,QD00QZLT-0001,cus_oN7b5hIOnCNmO3,sub_1c1UL632CHNKXH2rmTg7e7ME,paid,subscription_create,charge_automatically,eur,100000,0,100000,100000,100000,0,1,1718785815,,1718785815,1718785815,1750321815,pi_3O5rQXFzHf496x317JrH9yFX,ch_3Y55qP67ckzHILkZpJSkwMjE
in_19ILh2MB5EkbdnhqqjhOVmJ7,30CXZ44F-0002,cus_aKwP3bgDXa1usw,sub_1X6bKQHAXaY7PNONVdc6nMJZ,paid,subscription_cycle,charge_automatically,eur,100000,0,100000,100000,100000,0,1,1718787676,,1718787676,1718787676,1750323676,pi_36YE2wzlKYetNxa0Wm86fNEL,ch_3XJRwcE7g01Z8SjMvLqcFsuH
in_1oEgwmYgCHZYgOSr2EtgOjRE,L553R1VQ-0001,cus_ViUpbgyC60pg71,sub_1wUTQPVCuLjfSIYM9cjyoRQs,paid,subscription_create,charge_automatically,eur,100000,0,100000,100000,100000,0,1,1718823207,,1718823207,1718823207,1750359207,pi_3NH1P2wmKCe7AuFz5MAJ3x3b,ch_3vKedBa9dm9HXu7fl3YeUglO
in_1XQQrA8iguql9n6m8Dz9ByLM,HK92P7UN-0001,cus_eO9jwThthzZRJd,sub_10Sv1eI49sSHtv2YEgEA71me,paid,subscription_create,charge_automatically,eur,59900,0,59900,59900,59900,0,1,1718864927,,1718864927,1718864927,1734676127,pi_3X520IcLckhAtde6v1ioc3Yn,ch_3NTiVSG9EZ2QlOrOfLkbFam7
in_1aVgwd2sMUFJz7ds1EaoY2R7,UTIJZDS2-0001,cus_ifota1fz1Qhil7,sub_1aA7gpWFSVK0bXt1Be5zbTi9,paid,subscription_create,charge_automatically,eur,59900,0,59900,59900,59900,0,1,1718873227,,1718873227,1718873227,1734684427,pi_34cmq8CbhNHxYdPMQSm2bEey,ch_32XxBB1BSgFn89tDMUSpC2nQ
in_1UshVFP6FxEbZ5bBugq6CvIL,A8LZ384G-0002,cus_SMH1AEkv43LJRs,sub_1M5myrTDFkEtA74twyNrX36K,paid,subscription_cycle,charge_automatically,eur,59900,0,59900,59900,59900,0,2,1718874202,,1719135082,1718874202,1734685402,pi_3Ai06HAjcS9lzlUPkI59OmaE,ch_3jT7CD2zk3mN99uuZkf8gh7o
in_13xHWie6LRbSFKSkbRTQb76A,9VZAMVP9-0002,cus_oKAbhGVadS5yd2,sub_1ReiBjjURbhHpLXMmhx1rqVa,paid,subscription_cycle,charge_automatically,eur,59900,0,59900,59900,59900,0,1,1718909076,,1718909076,1718909076,1734720276,pi_3iTPYt2ASB7NwHlCOjXCwyzp,ch_3q5XZ7l9m0aEWdShGsNkqE5D
in_1eOu1R0b7wbgneEuXaawSgIu,R6A8OGHR-0001,cus_1eIa8K98F9g0l6,sub_1L16KSTfaKigsZubjaHLFzOG,paid,subscription_create,charge_automatically,eur,200000,0,200000,200000,200000,0,1,1718949683,,1718949683,1718949683,1750485683,pi_3nrPIdcbu0idqCNruqqkNeYG,ch_3sCSYrLiyvdvuVQicyCi34yj
in_1tMUC9h7k4LewNNR76z7GPq1,PLR98VFU-0004,cus_egBrhew2arJAqI,sub_1LtJ0ndgPB3cwgLFjRvSm7Dl,uncollectible,subscription_cycle,charge_automatically,eur,200000,0,200000,200000,0,200000,3,1719005765,,,1719005765,1750541765,pi_3kPwXvBEY5p3kmxCfZGRofdA,ch_3wrFObJYVtj81U4CepiNOS6J
in_15nx4pwHJQM4WVMRKLMhUadY,JWPY9T7G-0001,cus_yu4XVN2VEXIi2Y,sub_1LaLkQCQvPoXlWg5K5JoLtSZ,paid,subscription_create,charge_automatically,eur,100000,0,100000,100000,100000,0,1,1719017662,,1719017662,1719017662,1750553662,pi_3bGM1NAgJXKCjfyMydjf0oPU,ch_3v1xgWAvWCOpvFrh6dwFqokU
in_1LyESJdiUpTC6UOX3fIYsBzM,48C0SPJU-0001,cus_2MEoU3jaUrULek,sub_1pxY04wcVlW6r2pk44IzbsgH,paid,subscription_create,charge_automatically,eur,59900,0,59900,59900,59900,0,1,1719145957,,1719145957,1719145957,1734957157,pi_37dB3smmbLIw3RbJQ8jR20ya,ch_3Qowu6MtT9KhG0qrufI4BWoy
in_1rvtGfdNpoXGN9Me0eOcZWkH,HD3MN31O-0001,cus_O6fo6cQtnm6Pw2,sub_1Cl3KlFygLRV0uqNlNtev3CZ,paid,subscription_create,charge_automatically,eur,100000,0,100000,100000,100000,0,1,1719224770,,1719224770,1719224770,1750760770,pi_3lIBH2309CYR9sx1jZqce9z8,ch_3JYyERcZc3xvMSVqk8u74Ojr
in_14XYhnlUKWpRx46uRcS5r9gq,JTZZ0N9W-0001,cus_fk0u6XjYrfseJu,sub_1sMO92BMhpSs9Ws3GNUvjseE,paid,subscription_create,charge_automatically,eur,200000,0,200000,200000,200000,0,1,1719231785,,1719231785,1719231785,1750767785,pi_398xvgha3OnBGEa9qgYDk9Cr,ch_3tvd1CFhn7HDSzSPZ0OEcxX0
in_1grp3GMaxcbsbjLKfOlSo1uZ,1P2BDFCX-0001,cus_pQ7J2VOn8LqsEn,sub_1X98Bja8BHmx5uwBlthNigps,paid,subscription_create,charge_automatically,eur,59900,0,59900,59900,59900,0,1,1719238510,,1719238510,1719238510,1735049710,pi_3Pg0QKLqkMJtWGwnFlLWRVIX,ch_3lODSqG4UlBQSElfQ1jXM0iA
in_1LLAiUvcYxqmLuoTCvShCask,E3832OZJ-0001,cus_CJGyh7syEVdNuf,sub_18hkYGHkB8AUQJEgXWbqZCQr,paid,subscription_create,charge_automatically,eur,59900,0,59900,59900,59900,0,1,1719317640,,1719317640,1719317640,1735128840,pi_3kpH6T2OXWcxRVh0GedmbIul,ch_3P99QMpMaok6srnUffOq1lNb
in_1KTInzyV7vPcJKev6fq0ThB9,WHSUHJCM-0001,cus_pwjGqGocbhFAXH,sub_1tfnW6rVCjT1UxzY6HhVVLxy,paid,subscription_create,charge_automatically,eur,59900,0,59900,59900,59900,0,1,1719321548,,1719321548,1719321548,1735132748,pi_35ndjsM75VIbtY7aolU62loy,ch_3HQXyZNKcJHK09FtdXCuwica
in_12461eJ7ZqZYDdy6xiinBkm3,EN9L6HN9-0004,cus_uaIM5yUmzkfOj7,sub_1fDMI5neTUoUbKCe0NOrIt7s,paid,subscription_cycle,charge_automatically,eur,100000,0,100000,100000,100000,0,1,1719389067,,1719389067,1719389067,1750925067,pi_3FHT3pOp6jB1ACCD89JWcldg,ch_3iJJbl4kVPgD96cZAeIcKiUV
in_1lFMoBo92YRnZsEdp4rvU81w,V4SJCJFJ-0001,cus_2Y9YB44OGfQiZ8,sub_11r3FcLh1KNkktkktxXfZ94B,paid,subscription_create,charge_automatically,eur,100000,0,100000,100000,100000,0,1,1719399834,,1719399834,1719399834,1750935834,pi_3fXRyaay6Dlm5pjKvt0FRDxj,ch_3eX0SLhfm4BQdWWp5j4zWWQA
in_1PkythyLAcIMBcaybjtkgsrp,Y0DR8NL9-0001,cus_XqQxcyYPFx0CfX,sub_1iwxgXyA3sUfwhAdA4aSPWbf,paid,subscription_create,charge_automatically,eur,200000,0,200000,200000,200000,0,1,1719475089,,1719475089,1719475089,1751011089,pi_3PXCMpy47XL7MTlfkBprWfim,ch_3OndbWlFAuRkfpQKCfScL5nd
in_1offKjsxYq07ucqbnZpmUUwN,DD0ZVK62-0002,cus_q5TcwbOXpzkyJr,sub_1nRK07CpKzrmqD2azBz7KspO,paid,subscription_cycle,charge_automatically,eur,200000,0,200000,200000,200000,0,1,1719507113,,1719507113,1719507113,1751043113,pi_3u7HmPV4UW6jpn2dNRmVztrR,ch_3iTqS3mxQcHe4HyNFeXRuJnu
in_1k6SJU3mgAwlgadoSVvaCXt5,6YCS9QAA-0002,cus_6LHYZBMKNIA5lF,sub_1th4627DCqlO5YjEdlRDD7Gm,paid,subscription_cycle,charge_automatically,eur,100000,0,100000,100000,100000,0,1,1719562100,,1719562100,1719562100,1751098100,pi_3ESTObnAgGitG6ylb2rPWSCu,ch_3ZQ8EnO8iwSgBKQIFVSQGStZ
in_1pyRh4WydiY0LX58cjyin2Pn,QAH9KS6K-0002,cus_Sq3HE85uE4mHP1,sub_1bhV7XEvh5P9TvYsByKAVZ9v,paid,subscription_cycle,charge_automatically,eur,59900,0,59900,59900,59900,0,1,1719578176,,1719578176,1719578176,1735389376,pi_3nZDsxXxx5Xh4pdTpA7zDjdg,ch_3mgddeF2DrN9UjmVxmb376p5
in_1g8ltGA1H7jCatgfPfqOGXRH,PDDJS0A7-0002,cus_Y1Xedsm9BSaUQN,sub_10X3Q3JZtrs4DQxxmDs4299x,paid,subscription_cycle,charge_automatically,eur,59900,0,59900,59900,59900,0,1,1719600998,,1719600998,1719600998,1735412198,pi_3Vli3y20kDBqwxHH2Oy46e7P,ch_3UE1eJ51X0hPATWgU3rTFSSi
in_1SOZceFGzw4fqojuXj7sNjFO,BECMCUVE-0001,cus_xMrbKwd4LxwHW8,sub_1iZHSVhIVISnmfyqb6TPVP46,paid,subscription_create,charge_automatically,eur,100000,0,100000,100000,100000,0,1,1719601460,,1719601460,1719601460,1751137460,pi_30r7UPmGFfGxKjlvr1gx4LG7,ch_3y8GVA4yacJSkYcylAAct31y
in_1SVPhRJaXdNbbjPKyXK80xol,91FBW5OG-0001,cus_TYDWmlzhpInQjv,sub_1oZ477sO5uISIKPHoSHWehN8,paid,subscription_create,charge_automatically,eur,119800,0,119800,119800,119800,0,1,1719763476,,1719763476,1719763476,1735574676,pi_3uvTQCjqJBjBIFctr6YJTSVs,ch_31PcRwCRetIFJGORdkfrktSE
in_1Q7UrjWvK96nSErwZgjvNBGd,WKI6IPLD-0001,cus_CGbLa2KQQ1506Y,sub_1KZbM4r9Xsc0LZHSLGfY0rqD,paid,subscription_create,charge_automatically,eur,59900,0,59900,59900,59900,0,1,1720006683,,1720006683,1720006683,1735904283,pi_31vSpN5YAGlq3bmoruM7DGpV,ch_3PtkmtBJu2Mg76HbRLWPdPNq
in_12Y3X148SdkA4CRiNwZloTWM,3LA3DNEE-0002,cus_76InV7vaZ3QBHK,sub_1NqQ6mD53rftGpIHmW28rXMt,paid,subscription_cycle,send_invoice,eur,200000,0,200000,200000,200000,0,1,1720088711,1722680711,1722534851,1720088711,1751624711,pi_3aln2xYKfyQucc4q9g68uT7R,py_3JQFL3T183qyRZJqhPdoQiIh
in_1DJAgqU8Cd6cFN1jB8C0hqqJ,3J3L8EFJ-0002,cus_Fo29zRF9czWs56,sub_1zpHClmMWPhPnlvEWbBzm9ws,paid,subscription_cycle,charge_automatically,eur,100000,0,100000,100000,100000,0,1,1720094217,,1720094217,1720094217,1751630217,pi_3aN2LzwIO1U3D8EDkIwmdPDo,ch_3GkW4WLya6HUWHTKDS2oXJei
in_11Nioc8KaIMdwv41Cki0wEDJ,5YMJCHNE-0002,cus_Cw9AB8lkorJWqS,sub_1RfsXVKbTGSg2CbzCjJwOiht,paid,subscription_cycle,charge_automatically,eur,200000,0,200000,200000,200000,0,1,1720206588,,1720206588,1720206588,1751742588,pi_3OI4urZKRXIZ7XDSkdnQ016n,ch_3Hvzp8uKpxopJyQ0uScJ09SD
in_1ZIqy6nm0FfKgM97oKNs2g2B,H8ILV0BC-0001,cus_CvNLKYSboa0yaE,sub_1lzehVXHfBNd2VUGR5yBQEph,paid,subscription_create,charge_automatically,eur,100000,0,100000,100000,100000,0,1,1720422729,,1720422729,1720422729,1751958729,pi_3i92DG8CPspgjcmlD4m7Tvtb,ch_3K1YfFyd7qUIFDw4ydOyVga1
in_139gDoDPueaX9gReMCJHbgP0,3VESQ3BR-0001,cus_NFdEndxElQM4GJ,sub_1vXQ7nvSDEDUs4jJ8mhDSrAE,paid,subscription_create,charge_automatically,eur,100000,0,100000,100000,100000,0,1,1720525598,,1720525598,1720525598,1752061598,pi_3TVhBBM77HT9V2NIA3EOtQvv,ch_3seyLvApENdINK8eZVRlHTaO
in_11ndYyjMKhUApxqI6XymR9kN,W61EXL4V-0003,cus_70Pl9HSVOMr59q,sub_1k6xwZzkOiSZOCzMfrDCSzn4,paid,subscription_cycle,charge_automatically,eur,100000,0,100000,100000,100000,0,1,1720693694,,1720693694,1720693694,1752229694,pi_3VMxh8TsoWfmr5QnFNJuFX9g,ch_3JWgxvVlF5KVg4tQEK4Fuy3H
in_1osg8RiThc0EYQprm58HVNdY,87534MXG-0001,cus_5hApUnx1y3L42y,sub_1IdBGGXZbWouOoPSXuPcNIbx,paid,subscription_create,charge_automatically,eur,100000,0,100000,100000,100000,0,1,1720714054,,1720714054,1720714054,1752250054,pi_3vZ1tWlbwwmhX8CtOgkArY0c,ch_3DBq37p6t23O7mqvWjB54H2u
in_13isP2avmLNpH9qGeCCueqF7,H4KCACPH-0001,cus_GlsLDK3OJjP6Y6,sub_1lJVZebd4yLjsgvjIcoUhMZC,paid,subscription_create,charge_automatically,eur,100000,0,100000,100000,100000,0,1,1720765063,,1720765063,1720765063,1752301063,pi_3sT8864ktPn7MiFQeS6UZNPi,ch_3lbqt8TSTzdkoJ7JNhsLqBYL
in_1rOgJKKDEttOypcMCInGlPqL,BXMJXXH3-0002,cus_syFtgGdRwQDE5r,sub_1R4DHfTaHRR5ttVUPmbmSYuH,paid,subscription_cycle,charge_automatically,eur,59900,0,59900,59900,59900,0,1,1720772220,,1720772220,1720772220,1736669820,pi_3fLfbdl9E1d2wjnTinhjU9MD,ch_3AObsXj5L5Bs95tOwNMRR9Mn
in_1OKVp8sq7ZJYyQePctIUW2Q5,LQ24MZXC-0001,cus_5tHF73Lz9XsfEk,sub_1M0GHu1g5DrF9K0BoJbFMUtk,paid,subscription_create,charge_automatically,eur,179700,0,179700,179700,179700,0,1,1720795405,,1720795405,1720795405,1736693005,pi_3sRjsE51siX12IpLWM2f39Ue,ch_3TW9sQPVAad3az9FVsvTIfDy
in_18zuQvCYDBx5HWWB3hLllDDS,UIA69KI0-0001,cus_OdfQRyqK0JyUPS,sub_19QlTcyyGdv3ggpBnBh2Gdmo,paid,subscription_create,charge_automatically,eur,100000,0,100000,100000,100000,0,2,1721109712,,1721109983,1721109712,1752645712,pi_3aWmWkvnb8GRDWMr7Jcyux8A,ch_3FV4123GoDsAL3tRQKHH1g7d
in_1ubTy0SaBBhQRwr3nH7A1J2m,6B2XJNO7-0001,cus_MhDWGBRUFMEF3V,sub_1eSMBDnxc2KQXKD8i6Aeo9JJ,paid,subscription_create,charge_automatically,eur,59900,0,59900,59900,59900,0,1,1721118028,,1721118028,1721118028,1737015628,pi_398Zm91FzKaKE1hpmJ1fqND8,ch_3UhrJBhNZdNjc5Uj87KrTgL5
in_17inLFpWRfOVA4Xlmdv4wjfY,SOYKJBK0-0002,cus_8lkzVWIuFNPf1t,sub_1LqYhEGiletnAeVv2Uxc02JD,paid,subscription_cycle,charge_automatically,eur,100000,0,100000,100000,100000,0,1,1721231067,,1721231067,1721231067,1752767067,pi_3aFEsYnd3poDv4GUuc1i9gGt,ch_3WbuSEF9wHskpBeEBVwZzlDt
in_1HgsHUJ0JkaS3ixqphUljUEM,A9UYNNJH-0005,cus_oYOrcM13fyhT2E,sub_1wW6plveKTROCdLAgBQtN5xw,paid,subscription_cycle,charge_automatically,eur,179700,0,179700,179700,179700,0,2,1721290001,,1721553401,1721290001,1737187601,pi_3qb9t8bmYcTlQuh4pViEv1B4,ch_3wQQzEXTobXOCHBzRWXyEpID
in_1tCDZbN5cIs5TuUoC7xtFMra,U8L7NFH2-0001,cus_JPHdJ7IwKD8umT,sub_18gP4Yl6vjsXFZ313MjEB8DK,paid,subscription_create,charge_automatically,eur,59900,0,59900,59900,59900,0,1,1721397951,,1721397951,1721397951,1737295551,pi_3OiLk5qBjhWkSaTTNzTB98xX,ch_3wdhf8vEWZdWElILUZmlX1wc
in_1pqM6hgOqr3GDjhNguLS5j1A,VTLVUUFE-0002,cus_DIPL0QW2HetqtW,sub_1sPw7EnXoOWWxbemVYi0B1Fu,paid,subscription_cycle,charge_automatically,eur,119800,0,119800,119800,119800,0,1,1721498402,,1721498402,1721498402,1737396002,pi_3IAHIIA02ZDUgA6GsZv0cMFi,ch_3xW2YvA63kFKlUyx2cbGYduQ
in_1lXABmyskiPYp5kWbepPcMaZ,C5HXSMI9-0001,cus_NA5ha4zhuElZvR,sub_1IAxKzxGKaTFqdzkKyu3sFVn,paid,subscription_create,charge_automatically,eur,59900,0,59900,59900,59900,0,1,1721737202,,1721737202,1721737202,1737634802,pi_3g4qzDX0gHVCpt4LhwnDnv1r,ch_3iJ2m6Tvqon8SuxR7966Hae7
in_1qJ1QMHsdcn85gBTHE3XS6T9,PEVJXFOP-0002,cus_9seKwxuVJIsH17,sub_1u0fbwg4XCOMVWGzCTUg3Fct,paid,subscription_cycle,charge_automatically,eur,59900,0,59900,59900,59900,0,1,1721744811,,1721744811,1721744811,1737642411,pi_3NYuQBn2VSB53Zdz5IeeBPNu,ch_3vQJO2kEw77pv07TFCfdjhqh
in_1dhgKPo2VtycbiTOgPXfcUwY,712L4KW0-0002,cus_KxMikirquMrBsa,sub_1kAFjEuJW5ywrbq6C1o6iR8K,paid,subscription_cycle,charge_automatically,eur,100000,0,100000,100000,100000,0,1,1721818710,,1721818710,1721818710,1753354710,pi_31cdQuL5q3ijTxTQMhgYBTD2,ch_3nxSJ99sVvmP63O2z9Uqq7uZ
in_1J5rl7TlPXLMq36c66wyjoMt,PDLDR50Y-0001,cus_7k3iPHEBNwpGDK,sub_1NBDFzpcF2v8w0BoRu09fryZ,paid,subscription_create,charge_automatically,eur,100000,0,100000,100000,100000,0,2,1721832010,,1721832176,1721832010,1753368010,pi_34J8wQo3ByKFji89eM6ZmfR2,ch_34n26hQlNE8K7N66Gt9qto80
in_1EyOmAlLr1Esc1ESs7BxMGlW,XR743KSY-0001,cus_uHvLzcCkRq7PC7,sub_1O4SnasNG8vwijTvHPkKKRwF,paid,subscription_create,charge_automatically,eur,100000,0,100000,100000,100000,0,1,1721838233,,1721838233,1721838233,1753374233,pi_3Uit69yGSB9XVgqAlyDoUGAu,ch_3X2jrhVjxRdKHmIjfUSJDi6i
in_1CjM5YolTQMmMLZPRcOxYDQ4,S0IRHQ9F-0001,cus_MgxKUJZNbydqVU,sub_1bT7Q8pYVmi1V1vE8uqGetbI,paid,subscription_create,charge_automatically,eur,100000,0,100000,100000,100000,0,1,1721840718,,1721840718,1721840718,1753376718,pi_32HRbf3khj16TGx9rzwRc1IF,ch_3nmqLLQFIpkhc7ZAIMCX8F63
in_1ZXaJ9eUQJ1R9jAw98TQTytX,ZJR2JVM4-0002,cus_vxRgtC1AdkvFU3,sub_1TjhhG3SjxcqmqDeKlg1Ot5X,paid,subscription_cycle,charge_automatically,eur,179700,0,179700,179700,179700,0,1,1721902855,,1721902855,1721902855,1737800455,pi_31CJtgZoz8mn7fy9UBZFT1p9,ch_3VWC90leGCL9x3xPYE95cmdG
in_1CenoRMxtFVH2mx6tjx77pbI,RIOGXVW1-0001,cus_OArGspOjZTmeLY,sub_1TnRdgGWfADpMRe7KqJtOq5y,paid,subscription_create,charge_automatically,eur,59900,0,59900,59900,59900,0,1,1721905157,,1721905157,1721905157,1737802757,pi_3j7RwMkPLStkcPBD2LU5JoWQ,ch_3n4qDGlS0h6j1XSyNL3Qee52
in_1vx0JhtxENVX8S4A67Pt39sy,IX1OZB94-0001,cus_VDhNeZyBfMZKLe,sub_1uyrefAiRu00wwXc2agyFUwe,paid,subscription_create,charge_automatically,eur,100000,0,100000,100000,100000,0,2,1722192628,,1722193022,1722192628,1753728628,pi_3Z4DEzHzjy4uCDudNbF0WtgU,ch_3zxXlDL76LRzuHVPxpk4xE7d
in_1J3rjsytbgKAaw0XG6obzymC,6HI685JI-0002,cus_YVRsXnzclbufu9,sub_1lCmhaxqbYmq7EsRRrF9kZtk,paid,subscription_cycle,charge_automatically,eur,100000,0,100000,100000,100000,0,1,1722345170,,1722345170,1722345170,1753881170,pi_3MMRqJGYigFf4Q7yLhdMqIk2,ch_3gUqhtxq8aTJe1DdZGH0LLir
in_1WmD61YLe9qQ5W2YG5XBOhkE,21XXH4DG-0003,cus_GnyrlhcWB7ZkYO,sub_18hD0Ngf0DlncAI80cgQHEpP,uncollectible,subscription_cycle,charge_automatically,eur,100000,0,100000,100000,0,100000,3,1722353995,,,1722353995,1753889995,pi_3nj1wlW7M8fKVdIOSLYg796c,ch_3vPAPEsUAjEPpPVLdokhNFbD
in_1UVOeSfxwemUhnQ3gHUcwPkt,30I59NSS-0002,cus_8jnGs2YQpfDLew,sub_1BjGpVahmudAK0xFKSjaE9w1,paid,subscription_cycle,charge_automatically,eur,100000,0,100000,100000,100000,0,1,1722431427,,1722431427,1722431427,1753967427,pi_3E0Yg9BFpKHL2XIgbNggQGHK,ch_34F0V37r4URQoYBbVAfyJ0gF
in_1rMKeqnjF8QqLm3wEdqtLAAb,259QD494-0001,cus_Sv0QIS7YvjUjdB,sub_1JYgKbSYf4KbWHnp7F4VNEK6,paid,subscription_create,charge_automatically,eur,299500,0,299500,299500,299500,0,1,1722437246,,1722437246,1722437246,1738334846,pi_3L0zbfqwEdJVdMDYxegQj4ec,ch_3eZq1qvLX5gScyItYCfahdg8
in_14lEXSelgUq5VEmv6U2MPMCh,3RC72F06-0001,cus_0rJ2D2aKy5uGgq,sub_1iLbvdjPFaOndJnRsiYzSZrz,paid,subscription_create,charge_automatically,eur,100000,0,100000,100000,100000,0,1,1722512204,,1722512204,1722512204,1754048204,pi_31pKMBevuRw9AqqWF4OwSrQP,ch_3c43fjXe4GqQ9lZJmrjHAf4X
in_1lIg9JgWzDA8ORKjy8bosG2T,DK3IM0MW-0001,cus_qVAkzJZcvsQCmL,sub_1tjuFeLzwFE7JifHdobXtNQs,paid,subscription_create,charge_automatically,eur,59900,0,59900,59900,59900,0,1,1722597163,,1722597163,1722597163,1738494763,pi_3I4J8q9XcnEjYNuTtY2KzcJ1,ch_3vZ08MEjSaOMSfGpVEa8w6Sk
in_10BgXEttqzMKciI4CHc3xXoq,VDR0JCQ2-0001,cus_4WJjhqPTOSdiVe,sub_1XGYvQkSC8BCmN1EOzvNToRF,paid,subscription_create,charge_automatically,eur,100000,0,100000,100000,100000,0,1,1722847346,,1722847346,1722847346,1754383346,pi_3a5KX7BWGdoGETqZ4jLIUoSn,ch_3rh7XRcYmVYgS2gX6Cyfx4mt
in_1wBLrrKgLgWJDzNW46Tz0QZ2,FQHRO3GS-0001,cus_8mITgAcmkpqNt7,sub_1wuF4kgryZLLtoU57pWztfwV,paid,subscription_create,charge_automatically,eur,100000,0,100000,100000,100000,0,1,1722941074,,1722941074,1722941074,1754477074,pi_37SWSoMXStfKuTQL1LzEJUVm,ch_34YPwNpyDRIYF6G2VFkFzf4i
in_1wniO3fHIxJbGslTzDsBpdPZ,U9C62WQB-0001,cus_bDRLJSJ3cG2mfQ,sub_1BRZGiANM3iboY1ReDForuTf,paid,subscription_create,charge_automatically,eur,100000,0,100000,100000,100000,0,1,1722945608,,1722945608,1722945608,1754481608,pi_33af6eTijsR82OzairH4mON3,ch_3qHOsSvjx8ock4TZs3cNMW48
in_1VKbhBJFyW2dvgbSBD8Ek3mQ,QCYINQEI-0001,cus_tIqlzSLjxDPjro,sub_1EVnb9xhLjYvWjW5UxxYVmyD,paid,subscription_create,charge_automatically,eur,100000,0,100000,100000,100000,0,1,1722949884,,1722949884,1722949884,1754485884,pi_3uo3xknY4ElmqH7kEIgkQRAT,ch_3Fz5Ahe2LSXbfNWxdQEbHjbT
in_10rDfAFrsDK0EoTRTsmhKZFm,OUA180WC-0002,cus_SqVxmdToZhmNdY,sub_12gZoZwc7XA1tSGBiHXVKs6N,paid,subscription_cycle,charge_automatically,eur,59900,0,59900,59900,59900,0,1,1722976267,,1722976267,1722976267,1738873867,pi_3Is8evjH299ALBNvH3W08uWj,ch_3YGUTDi9a12YZ8b34MTToExH
in_1Mka7eLMhXtib0LCHj5vLNA6,IOARMF22-0003,cus_WiHDArKdqbaBvu,sub_1aIxnp3hoWSbV4v1kVRyyKBv,paid,subscription_cycle,charge_automatically,eur,100000,0,100000,100000,100000,0,1,1723028700,,1723028700,1723028700,1754564700,pi_3871CCpPQntBiEryFX2p4YJD,ch_3BK02A0FPMH2YMGS6NB5SNfy
in_1f0I0HBohmwaBMOlGCKeM6EE,C6UV4JPF-0001,cus_5a6ws1LvnYjgiD,sub_1NrcqnKKKeTaYw691Mnctr9h,paid,subscription_create,charge_automatically,eur,59900,0,59900,59900,59900,0,1,1723105687,,1723105687,1723105687,1739003287,pi_3FOvUIH5grDK68pgsD025TN0,ch_3HfQJx2Zn5LW0r8KA9dg2J6k
in_1UEudJzvZcgOzV2Uf2WBSN9Q,T173ZOZ7-0001,cus_M1EDWq2vifNTOi,sub_1PUJFh0Doa4fiLrEBlXrFA5E,paid,subscription_create,charge_automatically,eur,100000,0,100000,100000,100000,0,1,1723105957,,1723105957,1723105957,1754641957,pi_38LQCcMqiVYG7a3TFu2oBvvk,ch_36LjeCUHGIjAbhxm28qLfDI4
in_18KpXYTHY1Iv6B4wtUhEItCb,L64AHF0H-0002,cus_7TobQsN2ZkkZVf,sub_1zEMCqW5cOC86J508bT6huZU,paid,subscription_cycle,charge_automatically,eur,59900,0,59900,59900,59900,0,1,1723113461,,1723113461,1723113461,1739011061,pi_3FvslDus5OS3YLyhRH6Clxky,ch_3xsKj4fX3n2RMSny44uYMGYW
in_1gnlZQ9uy0GHug86lbcZzkro,RPOT67XI-0002,cus_vw2UsKW0mXrki6,sub_1e6d6TxHrxleItoTGNfWLiew,paid,subscription_cycle,charge_automatically,eur,100000,0,100000,100000,100000,0,1,1723452460,,1723452460,1723452460,1754988460,pi_3M7Q8nMLZpxDzIf3lnIB5567,ch_3qW6D0fdPFHhVMSnowE0C190
in_1GLrQKkZjtnjeJvaFCFn4UBh,44KR2A7L-0001,cus_tbUgXrQBgkg7sY,sub_1nX9UMlyO0aI0Ly89aFwzqYj,paid,subscription_create,charge_automatically,eur,59900,0,59900,59900,59900,0,1,1723548256,,1723548256,1723548256,1739445856,pi_3bIVsVcQhcEXkf9kNul9pMGB,ch_3hjpSX05AqYNFSRzNTq52Tf6
in_16hep3rrkCO6pBUiQ8priEE6,D4ATEZKX-0002,cus_TsePrOTclXX9J7,sub_1tU5kS7UQv3fQeMgcB6byhFK,uncollectible,subscription_cycle,charge_automatically,eur,59900,0,59900,59900,0,59900,3,1723635708,,,1723635708,1739533308,pi_3MV0BCccW4oRGYibWqQC39Hg,ch_3bJ2GXnQSNKRDVI8iAp1k8TI
in_11LSp169Agq68yc5rZtqWm5A,MNX7I2UA-0001,cus_0pG81BHS64rlFJ,sub_1EnOPDs52IA2TuSwgXNrErFw,paid,subscription_create,charge_automatically,eur,119800,0,119800,119800,119800,0,1,1723637861,,1723637861,1723637861,1739535461,pi_36bL0oUwCIR8PiTqP04W9PB7,ch_3ny9L7s8BmQlLAX2g2mlRAM8
in_1L8jaZkpCAeaat9UeE2xlKca,PLD9VKM4-0002,cus_Rk63OKSHdu7Kbu,sub_1D9c1nomDLM5i2V6U62mIIUu,paid,subscription_cycle,charge_automatically,eur,100000,0,100000,100000,100000,0,3,1723658109,,1724353629,1723658109,1755194109,pi_3GnNJjxAXTEsc8NJ8MH1fmiE,ch_3YP5EoQKo4gFfsk09Rypquan
in_1jFTXWtQqVCwos9nPsFARxnf,MU8A2K2S-0002,cus_ZmqtTDtZso32eB,sub_1sLp4UcvalK5UJcHVDOfMmNy,paid,subscription_cycle,charge_automatically,eur,100000,0,100000,100000,100000,0,1,1723736814,,1723736814,1723736814,1755272814,pi_30XP3EuIKvZLRZfVBGBqNxTL,ch_31TsyJzRAC52cM4nixbkIv5h
in_1YkfoShJ8KdxEKEZlqMpwoSA,RVPVRTYT-0001,cus_G8M9kE9KGTC7DY,sub_1heZITRGdBpresjWtufXShxH,paid,subscription_create,charge_automatically,eur,200000,0,200000,200000,200000,0,1,1723738535,,1723738535,1723738535,1755274535,pi_3eaDcvuv6T4Bl33dOrGZQmTD,ch_3IkNH9XQ8PltDRKsWWaM8bM7
in_1NHCd9oQsPAitaJvZUQE7RPf,QSSPZHED-0003,cus_09vgUl8qp0SniN,sub_1loUu1zvLiCO5R6DVoDhV9gr,paid,subscription_cycle,charge_automatically,eur,59900,0,59900,59900,59900,0,1,1723816717,,1723816717,1723816717,1739714317,pi_3bFkMTz8hB0gdVKFZwlAh6xD,ch_3fhJGuPnWsIosMxJREZpxJoh
in_1ijDKVFn1i21S8OyD36FlAgO,3O31QN6N-0001,cus_g2Pf1ehdnIDpHW,sub_19AH0vJuMf9TDng6tj10EZdS,paid,subscription_create,send_invoice,eur,200000,0,200000,200000,200000,0,1,1723825384,1726417384,1725400024,1723825384,1755361384,pi_3ZFFt3FJpbjEPZT07wAX0KnI,py_33iLfNppop8uOSHtGrjPQC7M
in_1eGSSJbtnbDTzUEe3X1I8Ztb,18A8V78E-0002,cus_XNsr0uL3YXDPox,sub_1p0GPnir0jkYwAbdkFO48dAH,paid,subscription_cycle,charge_automatically,eur,59900,0,59900,59900,59900,0,1,1724079409,,1724079409,1724079409,1739977009,pi_3bWkrHEmIJoX1A2xaDBKZWBh,ch_3sk3lwFtk338AXjULpGtHIEP
in_10wxVUSWaWvLqz89w4kbIGUo,MXGO4A9E-0001,cus_m32m1jGh7IOWpx,sub_1ak87JPLoV1DwsNnspJvWzaV,paid,subscription_create,charge_automatically,eur,100000,0,100000,100000,100000,0,1,1724081265,,1724081265,1724081265,1755617265,pi_3UBM1WMxZbv9gHhZvBdHoOHA,ch_3DLL9dY5OOklKb2BPZdoMNNq
in_1hzuKqGJENfWw0ygH0wxUIDS,Q62QNYV5-0001,cus_WLtWfLTyEp2AGW,sub_1fVGJ08uvax41FCVaN0ni7Nb,paid,subscription_create,charge_automatically,eur,100000,0,100000,100000,100000,0,1,1724330506,,1724330506,1724330506,1755866506,pi_338zGuGEt8SxXQzQFoVwYZEn,ch_3C9FxDPlCBpgvuZ77kBJKC5u
in_18FxHRkWPoMHNMUUuVKvcdKq,A191KWTB-0002,cus_DrrelLBHbzGmyH,sub_1H3xDJoaaBcoP7NxJQlFVvqi,paid,subscription_cycle,charge_automatically,eur,300000,0,300000,300000,300000,0,1,1724477368,,1724477368,1724477368,1756013368,pi_3pndLY3X2xG6b9VH4jNPqa7y,ch_3aRFfbTblH6TvFrtBqMUs0tS
in_1asAMajm72fvlnMKYcFMqIza,49VQG2QA-0002,cus_2jX5BqhbbVkgiB,sub_1GxoLu3xR7vh4lfAkOOI04rk,uncollectible,subscription_cycle,charge_automatically,eur,59900,0,59900,59900,0,59900,3,1724523980,,,1724523980,1740421580,pi_3PieWblaHYA1oI4xmTwQFk35,ch_3EKivRFCSmwi0tgPBJdlmpCS
in_1wj9jENbc5LCakqjmIRIhOeS,ADELFDGQ-0002,cus_eUgevm1PzEYcC5,sub_1IQdkfwItS5nEDafhUCRzCVV,paid,subscription_cycle,charge_automatically,eur,200000,0,200000,200000,200000,0,1,1724622875,,1724622875,1724622875,1756158875,pi_37U5m5KyBaWI3ztTVnQzBRXW,ch_3BADQeGP1MwPHCA8Mm93yfpo
in_1sy4M6B93gi77pLncnVObVeE,8TYQB7BV-0001,cus_dJbTVelvwKsPXF,sub_1A921yPBaGL0Kb5DgHZXWE06,paid,subscription_create,charge_automatically,eur,59900,0,59900,59900,59900,0,1,1724687777,,1724687777,1724687777,1740585377,pi_3MvUT1MbrvVRepl2YzwR28oJ,ch_34XUBxdbYJi5B1f59n0OAsTv
in_1QZBh96TzJTQbZLSgDh9D1ce,W83SZNM2-0002,cus_S61rosTOnduRgT,sub_16qezF5E7X55CypHt6bLt5Yq,paid,subscription_cycle,charge_automatically,eur,59900,0,59900,59900,59900,0,1,1724734509,,1724734509,1724734509,1740632109,pi_3bB1eP24oCs2thGxnUKKWgXJ,ch_3ue29G5VDbyXXH4GtxnPNeNq
in_1xNcyNLeiiD6iDErOdtnFBf5,DEF6UBIG-0001,cus_TJC92H5Zy6m9pR,sub_1axVa1rr3rBmwRgeh2Jif1Wp,paid,subscription_create,charge_automatically,eur,59900,0,59900,59900,59900,0,1,1724755164,,1724755164,1724755164,1740652764,pi_3aA0ukrLkJPgxRMTdSmRpXDR,ch_3Ryo0BVRTQdvfBNmvKXofAkE
in_15nxtxbtW0STY9VyLGGRNsrw,8BNLJYYL-0001,cus_pQF8cA1TJQVxYj,sub_13uTaLCeVqbGDlBPLVqA9BLC,paid,subscription_create,charge_automatically,eur,100000,0,100000,100000,100000,0,1,1724766608,,1724766608,1724766608,1756302608,pi_3ToELwwb5dK4OFrK8FROOJnF,ch_3qL1TScOnMjiCahxuz3TiZBu
in_1rtfWNgktv6N733aEq4k3I75,TXTSULQL-0001,cus_UgDnjCoLTshp1d,sub_1DrjimIjHYhUwkqHad0Gp0MW,paid,subscription_create,charge_automatically,eur,200000,0,200000,200000,200000,0,1,1724769157,,1724769157,1724769157,1756305157,pi_31AQDrcw8RnSPiFNY1SCZZe5,ch_3CuROLcEjhrU6tPonCBOvITN
in_1d63AzTM4hAXYKTnkEB7Xqd9,18M32Z0J-0001,cus_xu8G7l0wUNOjuZ,sub_1w1bp607lduoQMPolGN5hMvT,paid,subscription_create,charge_automatically,eur,100000,0,100000,100000,100000,0,1,1724825664,,1724825664,1724825664,1756361664,pi_3iwDstHHc28cgWlJMxdTJPYo,ch_3GyVX8xVAJWs04SAaoyCQeK8
in_12rWovaGWheYa8tolCEdenuh,UQDQMJBF-0001,cus_ekjYZV7sl3J8ef,sub_1zc0Dcq2hhYpjRJG7bIaCUcg,paid,subscription_create,charge_automatically,eur,100000,0,100000,100000,100000,0,1,1724849167,,1724849167,1724849167,1756385167,pi_3Dy01jmctAj9oUpOdD0aoKMC,ch_3G8kKnIGacPnHsASwqnhzijm
in_1uPks4DpZq73HF6k9ZxSpGq7,VWUISBYU-0001,cus_Jy11h3dCfATCV7,sub_1AcsTunoIctDXSY9w1JnJ1Ly,paid,subscription_create,charge_automatically,eur,100000,0,100000,100000,100000,0,1,1724906269,,1724906269,1724906269,1756442269,pi_3zjK7W5APr6H927DkzycWLoz,ch_3z6o0SBixGUMo4WLLMDJXCzW
in_17i5pi1OEcLnfdbGjmM734Vf,6QW7O2RX-0001,cus_mk9AiOXmdF84N8,sub_1TPu7TuLObnPs9koTaPW9VKP,paid,subscription_create,charge_automatically,eur,100000,0,100000,100000,100000,0,1,1724915804,,1724915804,1724915804,1756451804,pi_3DVXY7VKc3V4EKLOAg9k5IHX,ch_35cUha8WLKiA4rnLVUStvNI0
in_1lAEqK4EK04wGsr6D5IlDLvD,0Q8HZISX-0001,cus_qtZuUoxsxcOMKE,sub_1eLlkww9hbXaFIwsyTLRXvS1,paid,subscription_create,charge_automatically,eur,119800,0,119800,119800,119800,0,1,1725026200,,1725026200,1725026200,1740751000,pi_3bpHhjsOQdL6cpoxxtwdWSQO,ch_3Pv6ba4OFvBbG1CbY8d6TTM8
in_1ZaMng4ORty3E9z1H15bm1VX,B9OR7YJG-0002,cus_2YI8GZJPFLWnOY,sub_105g2zkxIQLLVDHR1Ovip86p,paid,subscription_cycle,charge_automatically,eur,100000,0,100000,100000,100000,0,1,1725276368,,1725276368,1725276368,1756812368,pi_3YJPfFSK9Jv77rPFlpKwAkmn,ch_3EKWiv4YjiZNkPDXCRNARzyL
in_1LtXGVkXcFIN9xvjBBVrdyz6,VDDA9DSN-0001,cus_ExrRod6D5MmNDR,sub_1fEF6aSiJTqBJ1n717BPgmjt,paid,subscription_create,charge_automatically,eur,100000,0,100000,100000,100000,0,1,1725277886,,1725277886,1725277886,1756813886,pi_3muVzvSQpZVuX1jFcmxkCn0L,ch_3y0t8DHG3IwXmyHuK4na9L2Q
in_15xF2vmi19mtbZOWCDLQT2Vk,ZZ32D6FY-0001,cus_qedAZTWifmJako,sub_1aTYdvR2phru6GKAcvmKRJrV,paid,subscription_create,charge_automatically,eur,100000,0,100000,100000,100000,0,1,1725351828,,1725351828,1725351828,1756887828,pi_34FtWxNmHmYgF72DA8oL9HW6,ch_3RRJ4GxdAvPLoAVWqrqQGOQV
in_1LjoKhUTr26DG22Sg3uvRMnI,MDCJM97Z-0002,cus_2J8JSR6CwRVRjk,sub_17m4wrG8KbfaGOsX3rwPRdIJ,paid,subscription_cycle,charge_automatically,eur,119800,0,119800,119800,119800,0,1,1725441982,,1725441982,1725441982,1741080382,pi_3LWuRlzrFgyvistkGZJVMP87,ch_3Bd92pls0KcP3GHCWiyCuxdR
in_1DCeiFyL8BLz5UHS6MV9KHJ9,717H1G3P-0001,cus_k7tGU9gQiWtvig,sub_12lEj4cFmF2uB90RiDVWyyit,paid,subscription_create,charge_automatically,eur,59900,0,59900,59900,59900,0,1,1725459484,,1725459484,1725459484,1741097884,pi_3ByIqkKzV3WglQtDfqccBx8x,ch_3ZC41yw1TzYZtuyoG4o6rw5A
in_1d64E17uV4PQFrQnJgXJ6la4,PQZEGCZG-0003,cus_XbOX8tewq9fXaB,sub_1HDkc1KLVr4nNq70kRdGU5VA,paid,subscription_cycle,charge_automatically,eur,239600,0,239600,239600,239600,0,1,1725464387,,1725464387,1725464387,1741102787,pi_3o2pM2wdGPvvgpBmmBuhX9KC,ch_3NGh2y2Fe9cu6htdOtFunv6l
in_1fgx9mGj7kMxuCqQoJxaQC1x,NF49RSWA-0001,cus_eXxBRBqvRLJxSk,sub_1bWJ70Iob15u4i6M47SIQ3lG,paid,subscription_create,charge_automatically,eur,59900,0,59900,59900,59900,0,1,1725480481,,1725480481,1725480481,1741118881,pi_3rERvmGVX408qJH5OTMWq484,ch_3Wjl7AIxcM75ZygtrO4Ks2IX
in_16pqJLeSezs8sa7Zq5htNTcq,FDGVP6DH-0001,cus_zwzpwLa1QmMCIf,sub_1Wd3WkckmuCvAmMmPz8rC76A,paid,subscription_create,charge_automatically,eur,100000,0,100000,100000,100000,0,1,1725527000,,1725527000,1725527000,1757063000,pi_320BHUmJUu4MmWEZdGTT8aFT,ch_3T2aJszVQ6pjp1mxPxf6KYlQ
in_1o5w5PCtTcdOQHHpzuVNNboj,0KVOGSE1-0002,cus_ToeQpp7vK7SyEx,sub_1PY0lblCJr2LKYC4sFp2DDRM,paid,subscription_cycle,send_invoice,eur,15000000,0,15000000,15000000,15000000,0,1,1725543055,1729431055,1729361515,1725543055,1757079055,pi_3z4r7BQbOV70rmAdu1CKp4Ds,py_3QYdKtBtvvKREcdPerMDtu0e
in_1W9wn2jpIFftup46TUnEUpgJ,RXZKWE26-0002,cus_h1hUeIu6Srfqmt,sub_1LQImtYDG0f4WTWDEJC6OgkD,uncollectible,subscription_cycle,charge_automatically,eur,59900,0,59900,59900,0,59900,3,1725615947,,,1725615947,1741254347,pi_3WtFUtMViCcTAR6K9vTLnInA,ch_3kIMgq6BveSThU6EPUVhL5Vv
in_1pBjqtXO9btTZ90eOWxnDE8R,PTYFQO3S-0001,cus_lwB0Tn1eacTQXM,sub_1q6xcnYn3rVe0CVSTu3sVdt0,paid,subscription_create,charge_automatically,eur,100000,0,100000,100000,100000,0,1,1725623495,,1725623495,1725623495,1757159495,pi_3gJg8AZ4df4n6SvG47D9dTTy,ch_39rDUgWRPO3XvfhQ1CNiIiYd
in_1M1qxrgoQjNyOO4KUrco26H1,MHSZLMAR-0002,cus_vKVuKnciiPzpxf,sub_1zCnmNGneboWXOTf4Vg96fik,paid,subscription_cycle,charge_automatically,eur,100000,0,100000,100000,100000,0,1,1725660568,,1725660568,1725660568,1757196568,pi_3LWkAh1fHia5lEuGOGiVlD5W,ch_3NavTvvtTEiujdtsQIOIRkzs
in_1QznUPyZrPUZlXsxNH0hdhlM,DRDDL6R1-0001,cus_r5P6YKJFnB8UlB,sub_1ToWZNKMry9gdPgMOhZAf4BZ,paid,subscription_create,charge_automatically,eur,100000,0,100000,100000,100000,0,1,1725895410,,1725895410,1725895410,1757431410,pi_3YkR8eWUajAphAdecf47PfPX,ch_3NoIHm8WbyEBzXGTLL4XbVj2
in_1p1BlqYzJW7lIbufYW5BNWh3,H7066L7F-0001,cus_vlJoPaGqxcNbO4,sub_1hqYp0twhHTSY43aAZYbQYhV,paid,subscription_create,charge_automatically,eur,100000,0,100000,100000,100000,0,1,1726050177,,1726050177,1726050177,1757586177,pi_3EacxoKUNagtdWbZnALCRk5x,ch_33Avhnix6JAIChjEIC1c7cjs
in_1Hu8K829jm44HqA7ahagZMHb,81LA3RKL-0001,cus_egmf3YmovxuzLB,sub_1EnrTq0u4f9L89UF87GKJgXr,paid,subscription_create,charge_automatically,eur,59900,0,59900,59900,59900,0,1,1726058286,,1726058286,1726058286,1741696686,pi_3cblP1gVU46MGHRDGbqquaDV,ch_3an585LMF2oIgjSmbBoD7tsz
in_16m5E70xRqxbHsj62VNyH3qg,OSX1RZ6E-0001,cus_GoKgpfmrZHRqUf,sub_1wzY0RqyknNR5LguhCPFv1ri,paid,subscription_create,charge_automatically,eur,59900,0,59900,59900,59900,0,1,1726079985,,1726079985,1726079985,1741718385,pi_38guxCqfXYj0Zs5JFl13YlAy,ch_3AjvcJwm5jhNaEuIsfjKeswd
in_1HHHEnKfdtllncJEdOEYCM3b,5WHNW80L-0002,cus_v8Z3sKDF0JAnq4,sub_1yTVXqUG55YF4uSU94zlSoTj,paid,subscription_cycle,charge_automatically,eur,100000,0,100000,100000,100000,0,1,1726224119,,1726224119,1726224119,1757760119,pi_3Kll0xZdFUsM7WHoNH5FkbTF,ch_3wkngbfkjYs0JpuyzhxQJs8D
in_1c8rPnuaNopthupkOL0aQybz,719IH2OO-0003,cus_m3iwHkQNkPuQq7,sub_1PxoVeGBI93nw6bH5DcBRRgP,paid,subscription_cycle,charge_automatically,eur,400000,0,400000,400000,400000,0,2,1726234618,,1726495798,1726234618,1757770618,pi_3CJJelv9mxEzZlTo3wIl6xyg,ch_3WMutUgP1ecxR7CFkD32dsBj
in_1JFt0KtcYsbog0DLxWCliKEZ,47UVPDZW-0001,cus_nlXQxNvMAAhHwd,sub_1bpC24bb3W9tSopjfrKX2Bxa,paid,subscription_create,charge_automatically,eur,300000,0,300000,300000,300000,0,1,1726257626,,1726257626,1726257626,1757793626,pi_3O1rr163aCLqAAyh0WpDZz4x,ch_39OaZ9gjeHgE6cla6ZW3vHcG
in_1qbG93eXwLNdAS78DlfnxamT,Y5ZUPXVK-0003,cus_yHhyXUkUpGwSVt,sub_1l5YRn71x49zYDIJwAIUw0HK,paid,subscription_cycle,charge_automatically,eur,59900,0,59900,59900,59900,0,1,1726315059,,1726315059,1726315059,1741953459,pi_31P7YsSGdJkJRBI62FTQReUE,ch_3V0KdspDf84BQ6wvDZmqRV0J
in_1rLAOHAX61EMMZX8V7KIrXV4,BUG6J0LI-0004,cus_j7oS8UcPmuAPRk,sub_185C5LckEvZziVI40olo8p6y,paid,subscription_cycle,charge_automatically,eur,100000,0,100000,100000,100000,0,1,1726394086,,1726394086,1726394086,1757930086,pi_3g9ZGQ1Klf6vIZU0E45zgj9Y,ch_3c2bw3OQ7y4yZtg3efD20ubN
in_14cOPLbJg6fn2sfcLXwLQYZz,HBFEXPXW-0003,cus_wfMIu3sESqAMJF,sub_16jq08DYJ4wdMek0RkgwRm12,paid,subscription_cycle,charge_automatically,eur,100000,0,100000,100000,100000,0,1,1726421132,,1726421132,1726421132,1757957132,pi_3VQ2fU7CsRtItfcvbMgiVxV5,ch_3NaSOx6Un06wNHYegxTTTaHa
in_1byCsl6Ap9M1zwy9GTf7m2qJ,SIIPJMF8-0001,cus_XCQbpNHI6PYmjo,sub_1m6ys1kwoU48vHb6SguYzqMb,paid,subscription_create,charge_automatically,eur,200000,0,200000,200000,200000,0,1,1726506451,,1726506451,1726506451,1758042451,pi_3lSFtn4wKctGf230y6xMIZYb,ch_3wtuZZia4R5jSnqa590SLsUA
in_1KSSu6PC5gdLGD1Iz7HQstwN,I8S6EUEQ-0001,cus_C9d7CcvoG6KNFf,sub_10WvNZ7JLR1t4Ubx1LgUVYcH,paid,subscription_create,charge_automatically,eur,300000,0,300000,300000,300000,0,1,1726542707,,1726542707,1726542707,1758078707,pi_3hnQG2YMnHWf9mYTy4iJkPHK,ch_30hswavzuXexRvNRzUPhfpkI
in_1VNAmwP7VnZT0JhJImg4GHtu,7GTHFRW9-0001,cus_5QNzrGwWvZuOZh,sub_1F5P8ec7RrFG6gKCPcop29GI,paid,subscription_create,charge_automatically,eur,200000,0,200000,200000,200000,0,1,1726748884,,1726748884,1726748884,1758284884,pi_3qN4tLpGf3KI5SHYjRkXYV6f,ch_3o3QtTR8pN6EyB6GWcRIse29
in_120t7Exn3US66AgHXVUckBeE,VHAUEMOR-0001,cus_cuYRjSvOAervQJ,sub_1QOjTHf6aZQdOHixAcDEVMGR,paid,subscription_create,charge_automatically,eur,119800,0,119800,119800,119800,0,1,1726753666,,1726753666,1726753666,1742392066,pi_3G9Hm2D1BKFNg3H6fnuSHxh4,ch_3p2TwmPwVeOSSpSeGkrtRkEq
in_1s4Oh8M0SkTYhzLBksYrEx72,OV8D72XG-0001,cus_hdC3Hc8NCw8Drc,sub_1yt3kGClAwYdnC8XHiw9vq9R,paid,subscription_create,send_invoice,eur,179700,0,179700,179700,179700,0,1,1726759636,1729351636,1728228736,1726759636,1742398036,pi_31FPkESrQKqzXoYwBJ8tomrS,py_30dQmroOlH4LePrvIMBFfRFa
in_1HdwXK0kAgmTlPhRzpcztOa5,6EFH23XA-0001,cus_kHB5tDFyxeEJ5v,sub_1iOaLVjIoDmM1Yr0qlxl9jal,paid,subscription_create,charge_automatically,eur,100000,0,100000,100000,100000,0,1,1726768573,,1726768573,1726768573,1758304573,pi_3iYr8uOcB6ccerP3x4Hpas2H,ch_3jqcl4jZjlsSfw5mA8Nn7TEF
in_1fgYTMAwU8b1S0mRxmzqFmv1,77HMJHKO-0001,cus_hTcADz4dPm0hqb,sub_1AJblDBu0nCeStpVgGDPwnO8,paid,subscription_create,charge_automatically,eur,59900,0,59900,59900,59900,0,1,1726771307,,1726771307,1726771307,1742409707,pi_3QVywQEDAJeLloUKxcGSlOlD,ch_3Xkq88mk7Y4CRKoDW6NHKZT3
in_1Ljrp3x34VhZtm5LsXs1tM0x,5V5UEGK0-0002,cus_SOtPQcjDpoAiV7,sub_1lccPPhLaSmZGHNloVKhdnVu,paid,subscription_cycle,charge_automatically,eur,100000,0,100000,100000,100000,0,3,1726772581,,1727467861,1726772581,1758308581,pi_3cf4nrbDZnqacZpklEXLlWfV,ch_3KXmEJkGdOjd5oBDB1DamJQv
in_1LbYywhpgZvIMzNVvKP940VJ,ZVCJZ1BE-0002,cus_CH6vimIOxydq6x,sub_1O9HcoGaRVMjEb2OR1VfNGJo,paid,subscription_cycle,charge_automatically,eur,100000,0,100000,100000,100000,0,1,1726931716,,1726931716,1726931716,1758467716,pi_3hlO4V8faCTC2G7At0TwYwRw,ch_34iXJWKdozoYT2o9N8NFnJOR
in_1QgOfxDa0N2ol8bouNK74jf4,OP4C14IS-0002,cus_LCwdi5rQsG3VZ3,sub_13qJE6kWcgrVo4j8D3nrdJeh,paid,subscription_cycle,charge_automatically,eur,100000,0,100000,100000,100000,0,1,1726972379,,1726972379,1726972379,1758508379,pi_3t0EHyea7Q9PXF6KSzY1UEQ0,ch_3afRy9ph8g2wxnlCXOqEUfYO
in_1ZAVfRriDSkbf59ddEHgzHjL,KTWSPD14-0002,cus_qCZ9e5cxOywAxL,sub_125S8HRWF7LsgCQ5nXaNpcWt,paid,subscription_cycle,charge_automatically,eur,100000,0,100000,100000,100000,0,1,1727020144,,1727020144,1727020144,1758556144,pi_3wwne2mgVt2FEMbj1EafCzdA,ch_3GO9Jzl9NSSWijWByZN0Sjlb
in_16fZYDlqTp3ypshNLVQPAIva,2V8YFAWF-0001,cus_bGuLFxF1lleOc1,sub_1PpoFzr3S9QptDrsnzeRWoWy,paid,subscription_create,charge_automatically,eur,59900,0,59900,59900,59900,0,2,1727053055,,1727053334,1727053055,1742691455,pi_31vAAsZbGmnohHeRwy14AI0v,ch_3VGF1u7L9IvG7rZiCiInl5ZC
in_14ISRQUgy43nqBHKZQyKM7wB,5KATZ2ZE-0001,cus_Mn9cnN8tgp3nZw,sub_1DOfdhzzOCo1kvT4FeJyZk7G,paid,subscription_create,charge_automatically,eur,59900,0,59900,59900,59900,0,1,1727177290,,1727177290,1727177290,1742815690,pi_3DVpY2yauTai8nkWwQvKwH0U,ch_322BAjBLHDD7bgfN6y42uLPW
in_1OdgmcTpx5vpF8zlxav6j33p,PEWG2ISI-0001,cus_0XCKGpKoN5Ysmf,sub_1C7OlbtKKq8cOI0EXggIMuL0,paid,subscription_create,charge_automatically,eur,100000,0,100000,100000,100000,0,2,1727192022,,1727192455,1727192022,1758728022,pi_3PGvEBGI5FJNLu5Q64y9LSHO,ch_3wh5gSSLMpVyEPqzzEv9ZO6c
in_15gco6a0DcFl84XX59TTmEbp,63AVYFFL-0002,cus_DzMrPbaKTPfLpz,sub_1dj7qV9Dq3YtetT3RJxH3orX,paid,subscription_cycle,charge_automatically,eur,100000,0,100000,100000,100000,0,1,1727198264,,1727198264,1727198264,1758734264,pi_31Hi7qW1UrJ3Ozm5GCuNW5VU,ch_3itJeQ5WGruLMxxEKlxNvRCR
in_1AaWOs0vxQ2ziomy9k6tnUKi,JHU7GNER-0001,cus_7WkX5gl07fc85E,sub_1y2QXxFvfk3n3So8biRVggwx,paid,subscription_create,charge_automatically,eur,100000,0,100000,100000,100000,0,1,1727247743,,1727247743,1727247743,1758783743,pi_3M6B8nv7r2aeQez19H2S5yR9,ch_33zSrWBmGspBA1qTIDsUn4hZ
in_19VNO9E6W1ZanO1aFNTBwe8Z,NZ4WQUHV-0001,cus_fJio5Ljd8oyVrU,sub_1Q1K07LD3ylky5fk9P2KGFbQ,paid,subscription_create,charge_automatically,eur,100000,0,100000,100000,100000,0,1,1727261476,,1727261476,1727261476,1758797476,pi_3iO2iIyIDC6kVMtno92kKyNR,ch_3YHGBY5qbuRCRcRj09Dn7SwY
in_1eEIpdU3ViXIRYluJMYVKk1V,VAHYWGXA-0001,cus_FJlKjvGf6eHAHy,sub_1qqbPKeitWuxY9M2ozZKZsys,paid,subscription_create,charge_automatically,eur,100000,0,100000,100000,100000,0,1,1727358834,,1727358834,1727358834,1758894834,pi_3wbZaNqo69G8l0apNQebLpP5,ch_3sZNtB2oKyRhOTDOnDM7RTCH
in_1S4280fBqSzQ7HjYIi4dalNq,FIJ4PNRJ-0002,cus_fOnszPivh0Vzwh,sub_1e4bxfbL7hUsagHZzDI8Lh0i,paid,subscription_cycle,charge_automatically,eur,59900,0,59900,59900,59900,0,1,1727363053,,1727363053,1727363053,1743001453,pi_3BEc37E4rEGbGgt9FUIZwmoW,ch_3RCgq7fhTAZIjeTfXl2eHZm8
in_1BaNtYvtXNFMCP0reh0diSrg,KSFKAFTK-0001,cus_GMZFJ7PaYQAq6x,sub_1YlkTPEuKzdfNXs5ZeXjQgKQ,paid,subscription_create,charge_automatically,eur,100000,0,100000,100000,100000,0,1,1727434157,,1727434157,1727434157,1758970157,pi_38rBIC5pQAw5HtlyCaD7B9wT,ch_3coCObN1qakH9mUfLh5z5CFm
in_1MtbPApplgYKkLiS3vfnTpV6,1K7I0SN7-0002,cus_fUJXOTMYhvfeTV,sub_1JU5Txu66jQ6FLSGuzduzg3a,paid,subscription_cycle,send_invoice,eur,200000,0,200000,200000,200000,0,1,1727450628,1730042628,1733004348,1727450628,1758986628,pi_3c5eVrJsK0sMXrGnQvL7NbJ5,py_3rjTq6V6x3Iiy0oUTgTJeeOu
in_1LaJvL7AP4lgh4spRsbfKteR,TOAJ7XBY-0002,cus_IDAqbnFiQpCJx1,sub_1kjCiPPH4FeAKymdNgJNoFWD,paid,subscription_cycle,send_invoice,eur,179700,0,179700,179700,179700,0,1,1727487253,1730079253,1733796133,1727487253,1743125653,pi_3TMqUV4n4nFS8ZCLy8L8mfnL,py_3yHlikPZvTwkpPqtVIF3BK4D
in_15McSmgds2Rv8xEpjAFq9zDM,EPMNK0EF-0002,cus_Hk2dbWyV2hfe05,sub_19ih0cZbiZld4v5yeo8abpEK,paid,subscription_cycle,charge_automatically,eur,100000,0,100000,100000,100000,0,1,1727508783,,1727508783,1727508783,1759044783,pi_3IdtRy94PjKB9SxYqOVPJQTn,ch_3LQOdU8jTtbaGqvdOSfvZzcs
in_1s0bdc6d30ofCAHQKl0jyQYd,IZUGDWC8-0001,cus_E8WmUIbdHs4o7O,sub_1QGfptLTHmuo51q9QGhPJHEN,paid,subscription_create,charge_automatically,eur,119800,0,119800,119800,119800,0,2,1727510576,,1727510894,1727510576,1743148976,pi_3sD8qJXwAlreYqiOIWOGn66G,ch_3ulLgkVBsWUe3Z29rSInP5lJ
in_19aYFatdHCW3HntRJXVodqUy,IROZINO6-0002,cus_UDHXG4PIWz7DdQ,sub_1mB4s29ac8dQJ5HCm72XTjTU,paid,subscription_cycle,charge_automatically,eur,100000,0,100000,100000,100000,0,1,1727516617,,1727516617,1727516617,1759052617,pi_3bYytunSGQhXDNqVfVPknzFS,ch_3NalGsuxlt1zoKUrtjRBxYX3
in_1aQOYYM196Po1msryb5xniNu,FHW1WFUZ-0001,cus_yXpUYQoCoAjxGc,sub_1uvraxORlDv52YNZ66H1Zgyc,paid,subscription_create,charge_automatically,eur,100000,0,100000,100000,100000,0,1,1727518646,,1727518646,1727518646,1759054646,pi_31VZEIzwGCTieJC1X8bU9gNU,ch_3I4twJ59wKar3b1iVLsYy8yk
in_1Cvslh6FNqoBZ84hmXURSTEQ,2GD4C54W-0003,cus_M8OvVc1W3PJNn5,sub_1LDXP6m7IbqIsM3gh3xG9bxJ,paid,subscription_cycle,charge_automatically,eur,59900,0,59900,59900,59900,0,1,1727529449,,1727529449,1727529449,1743167849,pi_3VubjIHA5PMjBgwwfmdXQggE,ch_3B3kCdy0khSDeMcpW4GPpWbQ
in_1CK53de1Opb2VylkQBsWjMDH,73V2DWQN-0002,cus_FGGArfVspwGMDu,sub_16RiKWokDCCpbLquNmwrgpb6,paid,subscription_cycle,charge_automatically,eur,100000,0,100000,100000,100000,0,1,1727542132,,1727542132,1727542132,1759078132,pi_3sJWJQKk4kgl77luKR41vjDb,ch_3PTAxyIsVEBXnJHIT6BZULzR
in_1iqKNFy0pHtU6ysvx9F1eL5a,BY1DPWM9-0002,cus_AGjB4nRBvHtxyI,sub_1rfCeTHDbOhGFkPTFnsb2pVG,paid,subscription_cycle,charge_automatically,eur,59900,0,59900,59900,59900,0,1,1727682752,,1727682752,1727682752,1743407552,pi_3F2V5cOvC7E2cs8BpgWFpYBM,ch_3lrAIdpIdnrU7GMDBxsSBiWU
in_1RQrfvQfhuyhcYCxKIchDZyV,SRWNIKXA-0002,cus_HoEicelG98V2Hn,sub_1i9FVkXUqXNnwEp2xhfA7azZ,paid,subscription_cycle,charge_automatically,eur,100000,0,100000,100000,100000,0,1,1727787233,,1727787233,1727787233,1759323233,pi_3RSXl6zZTFc4AUbW6u5TYTuO,ch_32pPQKM7XUeYS4iIHQuyibtw
in_1x1F73ful1gKvpGSTpCRZjpd,15JQ5V47-0001,cus_DV5a21U8EGLgcE,sub_1AumMzXCD923zz1PcJcU5xaf,paid,subscription_create,charge_automatically,eur,100000,0,100000,100000,100000,0,1,1727866592,,1727866592,1727866592,1759402592,pi_307Dl14UelWP4AWzmLWdLCSL,ch_3efWP8vO1qBEwTPp1tpLJ7nj
in_11E5IxTBLcUeRzDOvVsyCVCC,665GRGDC-0001,cus_0Kc3IfR6bNcpTL,sub_1JZzZtxqI3zpLDDIaA9NJ4xC,paid,subscription_create,charge_automatically,eur,100000,0,100000,100000,100000,0,1,1727867072,,1727867072,1727867072,1759403072,pi_3u3HYb0dcbEG4SzSQ0LUpElo,ch_3HC1i8n4qTM29pz01tLkVgPW
in_1LoAQI2Ub55MvmkLI2jNLleT,WJLPO4RD-0001,cus_7OEPZmsS9qZmk6,sub_11lnsGwZv3NwtEAOj6Nafhhz,paid,subscription_create,charge_automatically,eur,119800,0,119800,119800,119800,0,1,1727900478,,1727900478,1727900478,1743625278,pi_3ekriNS6qeEOceI1ThHryPjl,ch_3UeaxK5SXsCeaU2rumgOTesi
in_17LXQSxUm9rMgotPczi0NaMC,L2AVPW49-0002,cus_xOXku7uj0yJjvy,sub_1HPAhLkzQuDYqiysMbhbMAbQ,paid,subscription_cycle,charge_automatically,eur,100000,0,100000,100000,100000,0,1,1727964489,,1727964489,1727964489,1759500489,pi_3cj1Y70awTtx0vVULZ0kO541,ch_3EaJhyi8Qc9cBBYti1TVjYv6
in_1agkkvwieMhrsUp4hjgTkQUO,VQZY5B6M-0003,cus_Uh62hPZ96nMJ6x,sub_14xz13Ntn5zD6vycGde96QVH,paid,subscription_cycle,charge_automatically,eur,59900,0,59900,59900,59900,0,1,1727973913,,1727973913,1727973913,1743698713,pi_38tScbHEuptgnSjbbM9NeoKn,ch_3So4YoA39zAgyMjDzRslkceZ
in_1wHaWgJra2H7x6w0XdWtAOYj,SFZ6L1S1-0001,cus_Gs1Dg6Pw6jKkn3,sub_1Yygqloj6JDvo5Wp4FdGrOgT,paid,subscription_create,charge_automatically,eur,100000,0,100000,100000,100000,0,1,1727976598,,1727976598,1727976598,1759512598,pi_3FZrH3MX4C1FmIflPieyI65t,ch_3Zinv05AvIJ770H8tkslWoA4
in_1qNCBjuMBsMyio6staazbqng,0UNKIPCD-0001,cus_NzOHloisSynP55,sub_1y6wkoLCY3SC6WbiULBJwROI,paid,subscription_create,send_invoice,eur,200000,0,200000,200000,200000,0,1,1728048217,1730640217,1729447657,1728048217,1759584217,pi_3I5UGJ7VoqRHLtLqBtP3zBAk,py_327So3Mb3xkJvMWRMGTh2gmf
in_1B9oHuHxBZLrkXjghLXmesvF,T1LF1GWY-0001,cus_4HkZT9CDsHx7mt,sub_1ikuVrQiOWvRS5xh1lZ4KPlz,paid,subscription_create,charge_automatically,eur,59900,0,59900,59900,59900,0,1,1728067643,,1728067643,1728067643,1743792443,pi_3wvcn5reVHPWtNo59D5uLv9J,ch_3gG30tTwAjeyaFLbw1X7huZu
in_1yEH03sWfJLEZH9Q3OR5M6ct,4Q669LRN-0001,cus_fj4sG08yGy2uxQ,sub_1vuEL45Mx9VX5F3wFqLtXSLG,paid,subscription_create,charge_automatically,eur,100000,0,100000,100000,100000,0,1,1728238530,,1728238530,1728238530,1759774530,pi_39t6kt9VBrlC5YY6ewA6LWAo,ch_3FUZSGGrnEdGtUQDiR0Yvf1L
in_1WwXBPf7n9L2xiTfQK7MXTSE,H6HZ6ZE8-0001,cus_byXKYVSs6DavQm,sub_1kJB0QXINtK5mEBbga2nZ4p6,paid,subscription_create,charge_automatically,eur,100000,0,100000,100000,100000,0,1,1728318063,,1728318063,1728318063,1759854063,pi_3YXstDGyauUKrNwQiv2hBq4t,ch_3LRnEJIaE6zoYXNSIHy52eFh
in_1hYD7DunVNC3UhpEPtkG0xql,HG1NNAGO-0001,cus_C14nkgnf7NARYY,sub_1Pa2VUAjkG6EQixPbPeCdVlU,paid,subscription_create,charge_automatically,eur,100000,0,100000,100000,100000,0,1,1728324676,,1728324676,1728324676,1759860676,pi_3hmU4nwDdpvgxc8urQ9gWIIM,ch_3hObgpdGAzLr7wxRM5ttb4oy
in_1X84kBMhlGH4vtbMbuPW1Bp9,63TDGTI0-0001,cus_PSXS4GEeb6Kqlb,sub_1cMY4P9cBqGZ7calmsswVQSH,paid,subscription_create,charge_automatically,eur,200000,0,200000,200000,200000,0,1,1728474599,,1728474599,1728474599,1760010599,pi_3eG7Cau3wQgluqIxguBok0x8,ch_3Q07waqDQXt8ibzeetPuaRJ0
in_13HGFOHrWjD3g2jlsBj9MvMg,JAIKAUZF-0001,cus_llXitrjlBvCz3o,sub_1kZeifyHUQteQAG34rrklzFE,paid,subscription_create,charge_automatically,eur,200000,0,200000,200000,200000,0,1,1728478866,,1728478866,1728478866,1760014866,pi_3Iu8rYGViFG1uDZh8qHfVdTM,ch_31BAhOHzJLQM8md118bz05e2
in_1aBvOMWyK0YeM8PAkynLB73s,8OI4YIST-0001,cus_qDD2nUa4BNIK5j,sub_17LY3EwlSChxj8ClueG9O4Ul,paid,subscription_create,charge_automatically,eur,59900,0,59900,59900,59900,0,1,1728481831,,1728481831,1728481831,1744206631,pi_3f9sCptmkSmm2oNooD8D0Tr9,ch_30QuMSZTc5WClxzOwWru8d8u
in_1Y9iYQKt6Kh6Te5n1tWgIk9z,831N8QCG-0001,cus_cZhHsQlEdUNhNV,sub_1uSEGysrFo8upatv8MeHn7FE,paid,subscription_create,charge_automatically,eur,200000,0,200000,200000,200000,0,1,1728570852,,1728570852,1728570852,1760106852,pi_3sb829WmsXwBqvTvfSuWy4jp,ch_32WlC90GmbZoYkxZv0D9vj3p
in_1E51kGzF0TExasIPqGpwPNzG,04V8IE38-0003,cus_uDRDNCEEucZaSI,sub_13THnq8okfV2OTb8tfvdFsr7,paid,subscription_cycle,charge_automatically,eur,100000,0,100000,100000,100000,0,1,1728576943,,1728576943,1728576943,1760112943,pi_3DKNDivUexcBOsi21i94s82j,ch_3GTc9ahz2IISlawq3jGrqf2Z
in_1OQhqwmgYQrvgoCS02ZKYuUS,BCC6LGM0-0001,cus_o6QozAOOhOxDj3,sub_1n7mbk7lvDD4CBpgNx4EvNcA,paid,subscription_create,charge_automatically,eur,59900,0,59900,59900,59900,0,1,1728617826,,1728617826,1728617826,1744342626,pi_38YDbIieglVoFRLXsOOOza0Y,ch_3gGG7RpGlywIK74Xceiyyv5M
in_1Cm0hQGi3fPsM9TEm5TTLH89,SW7HVFAG-0001,cus_4bjS0FUNPlP14S,sub_1X6p97F0TVTyz5ONEyMrcW9l,paid,subscription_create,charge_automatically,eur,100000,0,100000,100000,100000,0,1,1728668516,,1728668516,1728668516,1760204516,pi_3OXI5bHFBni9AgT4hLc2W7jD,ch_3sRfa8E3zo22hUCcrL7FYObF
in_1rEEa5Ks4WLtCxVGNX9Be6Xp,AYCM4JV4-0002,cus_Q1iTBTqGuLfYkD,sub_13rruVbzn0UEDCGu02n64tB4,paid,subscription_cycle,charge_automatically,eur,100000,0,100000,100000,100000,0,1,1728745362,,1728745362,1728745362,1760281362,pi_3X4185g7o2yM2y5TKG819Y49,ch_3ocuKlXG4QEvJMW8uvAXI9t2
in_1Imcz1mdCfLQrmz2NQSDee6h,PCUF6IVR-0001,cus_gVKGoErJOI3T51,sub_17X5cnEIsU65smu6cC5iIP6s,paid,subscription_create,charge_automatically,eur,100000,0,100000,100000,100000,0,1,1728750958,,1728750958,1728750958,1760286958,pi_3WIn7G6dW740vtwS6dKrI2g0,ch_3oMH9NmuJDZf5vJFRR9OiXGt
in_1lweYdzPGowyZVc5C5oImdOS,TM2KSJ3Q-0003,cus_t09G1juyNdvo9B,sub_1pMgBSlpY76bc2F0gh4nzijP,paid,subscription_cycle,charge_automatically,eur,100000,0,100000,100000,100000,0,1,1728896504,,1728896504,1728896504,1760432504,pi_35ActhKwsu99n71I8q2DMLpy,ch_3iG7K07V5bwZzBrAf63qvM0q
in_1camykm2MEeZdLsfuGkVcr5o,6JOPX5Y8-0001,cus_24fW4oWsEPNlNG,sub_1UotgOslbbHg0HGuQKaMjdKu,paid,subscription_create,charge_automatically,eur,59900,0,59900,59900,59900,0,1,1728993009,,1728993009,1728993009,1744717809,pi_3Y1mOtZnj5uRmwHBoGc7ZnJn,ch_35QAugA9EIB7qnwobvGRPEKX
in_1m2Fohh6CMxFRo9fnoRwz5mY,L6RNF8QR-0002,cus_0SbxwjIBwyq2zV,sub_1t0aEwtiahD9iw57AVS10lj2,paid,subscription_cycle,charge_automatically,eur,300000,0,300000,300000,300000,0,1,1729067537,,1729067537,1729067537,1760603537,pi_3HdClV64LgTTltLSWfO5yvw7,ch_3zmzksPWqWAEQPPocvX7Jfoc
in_1BaajbHLoOCaPRfUnTw5JnbS,K2BZOCF1-0001,cus_XX2yxS58cJ0Spc,sub_1vdbL3miRin0yCr9RCocSt3M,paid,subscription_create,charge_automatically,eur,100000,0,100000,100000,100000,0,1,1729164176,,1729164176,1729164176,1760700176,pi_3vrZvaDZn2YYWA5dH4e1hpuL,ch_3ac4TQ8Y74eDlZPQf3OUjD67
in_1V42OJVnryRqYrMynvHcgFiq,GDKYOCA6-0001,cus_bC2AOjDD9uTtl7,sub_1yjBJrtXp8jpGcqbDZdIimpE,paid,subscription_create,charge_automatically,eur,59900,0,59900,59900,59900,0,1,1729182655,,1729182655,1729182655,1744907455,pi_3Zc19RQyhb8CEShu5R5NY3TR,ch_3foczK6VlS0T9ujsUVYrSDLD
in_1DKTuzBoNXQc7XWKGFwCXfTq,OJSICL1M-0001,cus_tzbA4eqIw6PjgX,sub_1j0RaIsYE4HZ2hbyhEMePEaI,paid,subscription_create,charge_automatically,eur,59900,0,59900,59900,59900,0,1,1729245298,,1729245298,1729245298,1744970098,pi_3uNvH8ZpKKg5a5gL0sdV2tpZ,ch_34UDTbAuZxarVyFqqwKPYg0C
in_13jkMESeFPPV0TMVxGt80LIw,PRQHLHRP-0001,cus_ccTx7wAEjvZyEZ,sub_1Tms40EXs8wylDLGDNthOpVO,paid,subscription_create,charge_automatically,eur,100000,0,100000,100000,100000,0,1,1729246054,,1729246054,1729246054,1760782054,pi_3oE3aZPPztv80ttGGZGjbByS,ch_3fszwnndpmIZl3BzHVZf0a47
in_1ZaW4DHQEwQMueRIzJomNzz9,932UF12F-0001,cus_l3XEAIe9RzbQxp,sub_1SlauxVyee5JIUYcwS4RfU5P,paid,subscription_create,send_invoice,eur,119800,0,119800,119800,119800,0,1,1729248700,1731840700,1730748340,1729248700,1744973500,pi_3yKW5yP2j5mgkem6E7RiAde9,py_3wn3yoxmsi2UqTmNBeVNFHHZ
in_1iQZ3ek3tqpRZVA8CJFfZ1wW,XHQAFHO7-0002,cus_GIiTsIJ8fZWwT8,sub_1ivEdNpHySf2xM6pRu5VTWNh,paid,subscription_cycle,charge_automatically,eur,119800,0,119800,119800,119800,0,1,1729250023,,1729250023,1729250023,1744974823,pi_3RaBV39xhNPNHin8NakREhiO,ch_3bBRGh4QT8eWO2ujHYewlbVB
in_120NMSJlx91u42mFhR6xMIju,5ONZU6Z3-0002,cus_j5eR3o3GD3HPsI,sub_1BIN06dVgESdcUTf1tWw1o0U,paid,subscription_cycle,charge_automatically,eur,100000,0,100000,100000,100000,0,1,1729260779,,1729260779,1729260779,1760796779,pi_36ohbeiHndQgMhQwZhFNR7Gp,ch_3gX2bTPon0OHhcWv37gFSM8q
in_1OaySC89Pf1IHPUrhBQ7CCtv,NXLXIXS1-0002,cus_MZvPbyqfnh0KSl,sub_1qCo93ckHIM55qpiBBYsWQvM,paid,subscription_cycle,charge_automatically,eur,100000,0,100000,100000,100000,0,1,1729268139,,1729268139,1729268139,1760804139,pi_31MRuXkSMyWuhW7nG79CCs6H,ch_3gEjpgNMBhbHAl6zad7VOIua
in_1SRRTVDrSCn3hd9OrEMyrXgF,6BDAV7MV-0001,cus_UxF0F2TYZOQdRF,sub_1CjgcNO3Ee4PAEnmHV5AY0Cb,paid,subscription_create,send_invoice,eur,119800,0,119800,119800,119800,0,1,1729411596,1732003596,1730720616,1729411596,1745136396,pi_3VyE2R8TAaa1hktzKYk1MIhP,py_3tasd4s8hCJrRLJzvuY6D1FJ
in_1ijydpoesGVLnFEPCBn3MSpK,VAN3FBNN-0001,cus_kUtPFX0KrNHauE,sub_19ckRXxHWOEeIDSNcpcCveAF,paid,subscription_create,send_invoice,eur,299500,0,299500,299500,299500,0,1,1729506208,1730715808,1730656168,1729506208,1745231008,pi_3T7qmieQIkjqTRr6rTu1HUvl,py_3l49AmjPKFAQkta1IcvZE9gm
in_1BEqlLMrDGlxbMuBVKhktAgG,65GYT7CN-0001,cus_ibiY0l0ZnXBxZQ,sub_1eHT6jygkVe3onc70omGxy1D,paid,subscription_create,charge_automatically,eur,100000,0,100000,100000,100000,0,1,1729521060,,1729521060,1729521060,1761057060,pi_3ddGLZCoKmV0bVLnB5s89yPl,ch_3oVjGyc5kyHTzLDNIvpKXHXb
in_1BYKArUuyWLIP3E25uzdwtbH,0AFA0BNK-0001,cus_IehMSpCHBV49zH,sub_17H8TpoIvGTqtZshVJOnGXqw,paid,subscription_create,send_invoice,eur,200000,0,200000,200000,200000,0,1,1729613843,1732205843,1731714503,1729613843,1761149843,pi_3QS6uBpM7z4mydPVKIA7l6da,py_37kgAa1wAsKGhigxoGk6tHEq
in_1afS2i1RAw6Zs8BmCtZeTlhD,O3CMXWZ2-0001,cus_ESYSEPBwEQrkJX,sub_1e8BAtr6bMCmMSfAudSzbEM1,paid,subscription_create,send_invoice,eur,300000,0,300000,300000,300000,0,1,1729616949,1730826549,1731447369,1729616949,1761152949,pi_3DAM7PVTE8r8ZjjP0YmJiEf8,py_3WIPelg1VKAQLYSxygQwgSMN
in_1ljxBmd48ONRFt7mpBqEfEl9,8V3LHQS3-0002,cus_Pl13h4zj8j5GFg,sub_1dxGvLXiNQE8vWDRYMmSPriB,paid,subscription_cycle,charge_automatically,eur,200000,0,200000,200000,200000,0,1,1729688502,,1729688502,1729688502,1761224502,pi_3ZN0krsTUe4HzPsVE45VpCkr,ch_3Ku6z548oBbjyDw5qhoIUUXx
in_1Bf1dgMQQ9zxwoKyJmLM5GgK,0PI2CJJR-0002,cus_qEB5tQk4SG9TPY,sub_1l6A3BdgS8jPsNla7tPBXVXb,paid,subscription_cycle,charge_automatically,eur,59900,0,59900,59900,59900,0,1,1729702711,,1729702711,1729702711,1745427511,pi_3VJprQo6zbBQrYunnGEr73Fb,ch_3B5TK4mpR4S52JU8vmbKAIMJ
in_1jU9W8UmRQIe5KrWbrlXq1lT,Z0EOCJKN-0003,cus_hdej5FSntQnpHl,sub_1CHJVTpsgXIZ7OkvwTU8lXA8,paid,subscription_cycle,charge_automatically,eur,179700,0,179700,179700,179700,0,1,1729706110,,1729706110,1729706110,1745430910,pi_3GLed6eiEvkW1nb4jOBmpBaJ,ch_3MXkUd1IkIgGZDitGenu10dM
in_1peyHzqkk8MR32lORAwAFj5Y,L7QDKL5B-0002,cus_fZ7M3RzTyM3mqp,sub_1EsnslalWjEgsnJjqIuFjP6x,paid,subscription_cycle,charge_automatically,eur,59900,0,59900,59900,59900,0,1,1729790623,,1729790623,1729790623,1745515423,pi_37xDjR9UxMU7qMslWqBF17Yh,ch_3NiZq8wqUN0tQ5WJHmsAAIap
in_1sntYyVPpaeeGy1hBF0T38HJ,KLRP5DN5-0001,cus_M89mZNqjcdqaxl,sub_13fRgBPpkdQezAzkpIVpWlOo,paid,subscription_create,charge_automatically,eur,100000,0,100000,100000,100000,0,1,1729795061,,1729795061,1729795061,1761331061,pi_3ZiAcVoGnjAfeGF43Xyp7m8N,ch_3I8pGwZpNupKk9qFYiDUsk4m
in_16rQgkBnqUg4lN239jO4Prn4,L17LGZZT-0002,cus_Izl1n8skdNGsFQ,sub_1bKIo3RlXPGuM2p3nobnZQOC,paid,subscription_cycle,charge_automatically,eur,59900,0,59900,59900,59900,0,1,1729869491,,1729869491,1729869491,1745594291,pi_3a9MueOW1qDFElE32Ju2S4H2,ch_3ntGmXgyT8p8OTa6XPqxVayE
in_1tzKVf4znVwdBLbjrzCZbIvr,743YJB2Y-0003,cus_PSd6cc6IvQlaUg,sub_1a92dB6xQZ9KqzMDpcLYJhtG,paid,subscription_cycle,charge_automatically,eur,119800,0,119800,119800,119800,0,2,1729946273,,1730208593,1729946273,1745671073,pi_3RTwyftiFLuMnG5ImuzJbFVq,ch_3CH5VyXdWvRafjwKhTb7gcFL
in_1r6VjTvxyb7M6d2Aq7gHewYP,0VUBKT2E-0002,cus_necpP0pFZ0FNCL,sub_16Uhb8DU0ntC2Sq8xPQU7qll,paid,subscription_cycle,charge_automatically,eur,179700,0,179700,179700,179700,0,1,1729947713,,1729947713,1729947713,1745672513,pi_3BqIiL6NE0w2pkNB7Nv8hggf,ch_31dExOvxXufCYDsfvKjgvOkE
in_1lYWHjlddu31nnWRaSO0CU2O,LDKZOHS4-0003,cus_jXzoFfA3fgqami,sub_175zRB1J8jyEN7ASbOTDCAIC,paid,subscription_cycle,charge_automatically,eur,200000,0,200000,200000,200000,0,1,1730041788,,1730041788,1730041788,1761577788,pi_3VM22jAUBpX9cKIvqGvm5iia,ch_3oYSnMJ98hUTqLkin7i03g8U
in_1jBAxR6gnUIpjmul0sYTKxjD,KMB1SSD0-0003,cus_JQAKTmTXf4ZIrd,sub_1fsQzpE3AXkeIWq2VAYz8xYE,paid,subscription_cycle,charge_automatically,eur,59900,0,59900,59900,59900,0,1,1730100555,,1730100555,1730100555,1745825355,pi_3rpII532Hp9SFjXlE2cwsx63,ch_3En4kzJgaywtv2rM5lSRw48u
in_1bN5rgRkOzWTsNCoZ2CHok44,A6AON3VP-0001,cus_t0qJbeaRWtp85F,sub_1emoQ937JygQ3uKeDtYM4QNi,paid,subscription_create,charge_automatically,eur,200000,0,200000,200000,200000,0,1,1730112130,,1730112130,1730112130,1761648130,pi_3vAliFWe7MOiIVe4UfxTyqVp,ch_3pDW1guojQy6JeBkVdLtXSwq
in_1k5BVst9rny6PEGcVbg1tss5,5LNS2UO7-0001,cus_pHl9jtaFjfxcdo,sub_1Xb6voXyxQhS3BXRjA8e5k5O,paid,subscription_create,charge_automatically,eur,59900,0,59900,59900,59900,0,1,1730192656,,1730192656,1730192656,1745917456,pi_3jyNs52qMYNF91xzrqQSrEBk,ch_3JtYl2g4nbFLGyZKvhvBM8pw
in_1You1hwHgCB7Xl4ZMhLRHOzG,TWCRLZA6-0001,cus_CZQ1lVnNEkMpbB,sub_1kUFM67Bzarq8emRBRh7r5Wb,paid,subscription_create,charge_automatically,eur,100000,0,100000,100000,100000,0,1,1730312120,,1730312120,1730312120,1761848120,pi_35ULAPx6j0SbTaA2clP1p3QV,ch_3QSbEGIOMCGYbt6yhEAuNCQk
in_1Gmd9A3CsgeMR6AcNqIlXhvV,CDLUKENQ-0003,cus_AnHAxyZmPJ7fjZ,sub_1kWjsWuyrQgn9EjFxGOrlzrO,paid,subscription_cycle,charge_automatically,eur,179700,0,179700,179700,179700,0,1,1730451593,,1730451593,1730451593,1746089993,pi_3AXvWGu0l22FbVQZsZCG2wDT,ch_3BdXQHMDjfZMK2tuCopCSQwd
in_1sFGisSRyzcIo47kY5DTndf7,WC8RVXMV-0001,cus_4Phd4ku1EjEeiz,sub_1uLji4InhcRCAiICPtZN71BE,paid,subscription_create,charge_automatically,eur,100000,0,100000,100000,100000,0,1,1730457169,,1730457169,1730457169,1761993169,pi_3JTbhkXSrEzkVSCr1OY49SVj,ch_354smOhqlKbgsNmf5RffUjaf
in_1WhJdfHMRD7zqmX2U60brlhQ,FZNVUPIP-0003,cus_2kusAyy1G1wlDI,sub_1JMAVUHVTAxLxPX7yAo0fk4m,paid,subscription_cycle,charge_automatically,eur,100000,0,100000,100000,100000,0,1,1730486876,,1730486876,1730486876,1762022876,pi_3qVTppgwYCMVq316ogN9PBM8,ch_3dTUJw4u3SXXKAt5E4iKNg01
in_11dOGCnU5m9HPcGCfJRhB2Hd,9CXWL7CM-0002,cus_uORtoExpbwD1Xr,sub_12y8hKsLS9U0UVkm80gTgYMt,paid,subscription_cycle,send_invoice,eur,200000,0,200000,200000,200000,0,1,1730549536,1733141536,1734804916,1730549536,1762085536,pi_3q4LaAwvfMP37mDwKZl0o6gc,py_3BmHaUWg5qAOjnJsvVsWhGRi
in_1DdJmEin82YPj2Np5nzFvg6h,1EXLN1I6-0002,cus_zych7ypDCmfyh6,sub_1L4sZYmEgvvbLyMMOdsMl9JO,paid,subscription_cycle,charge_automatically,eur,59900,0,59900,59900,59900,0,1,1730638442,,1730638442,1730638442,1746276842,pi_3vBkjjr8ztZGcGxals6R73Ez,ch_3vOlIaz9WQ81K5kmOO1RzRBb
in_1PaafnsqEBxGAg90qQdtuMaP,TK6X1MUI-0002,cus_UV5aCPC5MiZoJK,sub_1ZAVyyKC2is8r0nMMGhbEvL6,paid,subscription_cycle,charge_automatically,eur,59900,0,59900,59900,59900,0,1,1730691719,,1730691719,1730691719,1746330119,pi_3daAfW8ztqwHsVeU56ePeQQt,ch_3ZJrprXDmF1Kw3nDuOTuHtWK
in_1pWa1E0K84PQ0LiEUlYe66Jr,C3OGU58C-0001,cus_0Tmb8ee9ewAOva,sub_1NBG8J1SYGKIA2OHVogoyfY8,paid,subscription_create,charge_automatically,eur,200000,0,200000,200000,200000,0,1,1730709333,,1730709333,1730709333,1762245333,pi_3htZQ71YUwxm5isBO5emAClW,ch_3UDNjK49kfHmXJK7znf25poU
in_1O51Axtvkq0ASkVxh78W5z6z,A713TI00-0001,cus_VxL61w6H016dpV,sub_1w8EpTv37dMxHKidWDuDuHXF,paid,subscription_create,charge_automatically,eur,500000,0,500000,500000,500000,0,1,1730721240,,1730721240,1730721240,1762257240,pi_3gokkDx11R4k9TJGPNbbxhoF,ch_311pEbMm1xbenqXcHDqmJQaC
in_1Jv2V04IguJgy0jet8BDYvwR,80PQT9DB-0001,cus_lfWKIqpuygC2sE,sub_1tD1SBS8U1KtGf39yk0VfdLV,paid,subscription_create,charge_automatically,eur,59900,0,59900,59900,59900,0,1,1730807595,,1730807595,1730807595,1746445995,pi_3fxiX56OFOWA9OQgEqpKoVXK,ch_3Src2ojAYDEsL4vdvkcmjOvA
in_13MIr0cbcA0jIsnY1DUNXVKn,1K085DW7-0001,cus_Nes2Mno0FVKwmz,sub_1apyTSKYBUdwLyW9z6jyy1nN,paid,subscription_create,charge_automatically,eur,59900,0,59900,59900,59900,0,1,1730811374,,1730811374,1730811374,1746449774,pi_3JR9chjyoFMf345vFBsfbuag,ch_3jGARvQYqhnRwziSqxMPWUtd
in_1YEKMMKfbItuYhwp3oQTLgae,3RV4F8XW-0001,cus_92hwXLL4WPgRrG,sub_1VmzjowO1bgf5plkMakTfkvc,paid,subscription_create,charge_automatically,eur,100000,0,100000,100000,100000,0,1,1730811539,,1730811539,1730811539,1762347539,pi_3FbaW8B4C6FlhD6np18op3za,ch_3KkrNQDfiqPVGmjMcij5l9Oe
in_1HI4XffGKsyexf5Nw6F7cOMi,2OYDGEGE-0002,cus_u7G8E6wYiI4bWx,sub_1wCEWIA3QQIsLjXBjq6rObse,paid,subscription_cycle,charge_automatically,eur,59900,0,59900,59900,59900,0,1,1730832349,,1730832349,1730832349,1746470749,pi_3WBW0B6ko6cUnr4U0EMW5zg9,ch_3hi8Xwo4MCxnmTITjhYJJUtz
in_1Xsx7bh85HWO0IVnJwRbfgkH,LQ7XDG9D-0001,cus_hJ5oFvMrTUgTOD,sub_1tsYkrkAtNLTjOBtEWeMGHDy,paid,subscription_create,charge_automatically,eur,179700,0,179700,179700,179700,0,1,1730979850,,1730979850,1730979850,1746618250,pi_356J5IEtk8OUtFlMtc4MNDci,ch_3WOIyFE1Ln02lsW2TtJ54476
in_1ObnR0P81j2Ci8KZPx2mGvdH,AXLX8316-0002,cus_9y0gUDhQw32jl9,sub_17EaMaKKJuqScJOmPy8X8ejT,paid,subscription_cycle,charge_automatically,eur,100000,0,100000,100000,100000,0,1,1731058496,,1731058496,1731058496,1762594496,pi_3haGU4NORORD69SyHVgKvciw,ch_3p09ZIsxBmwi0s2s0XMSuUlA
in_1l4ETAOcPOymbF6W3sXQmXT8,IMLZYT3K-0002,cus_L2l2yxALSIuJNp,sub_1Qk5A4JeWenHEh1Leq9ANd1S,paid,subscription_cycle,charge_automatically,eur,200000,0,200000,200000,200000,0,1,1731143153,,1731143153,1731143153,1762679153,pi_3oyTTfqmTmGPoxz2ynT1VcpN,ch_32kEQJK2l0ncp4tJgmBl2ca1
in_1nxDJ6WdF0iHus4k0G6QzxPM,STACPCQY-0003,cus_6DgRgB2nKFLyaJ,sub_1vNbtVPXa7XCdaPpsAEe7zpy,paid,subscription_cycle,charge_automatically,eur,200000,0,200000,200000,200000,0,1,1731155449,,1731155449,1731155449,1762691449,pi_31YAkYd5n2rzErYfhie76Ezv,ch_3YZ7dn7M3rMPjH75ncdQaFQS
in_1eiQ6a1a0VqzMKD37oLoeSMQ,B3E7Z7C5-0003,cus_DNxCQQpeJLfQXx,sub_18LPaCqIY6O5jQlqwPQeKvqq,paid,subscription_cycle,charge_automatically,eur,200000,0,200000,200000,200000,0,1,1731162385,,1731162385,1731162385,1762698385,pi_3ulfW8naPxmnfp6liBIbvS94,ch_3dwVQKv0A6U1hgSbLc34WVQl
in_1HpkcloC2nutddlK3phapYTE,VYDG85M2-0002,cus_o5SUjnnPEziseC,sub_1LmrPMI8761ent7nSLE2wmyO,paid,subscription_cycle,charge_automatically,eur,100000,0,100000,100000,100000,0,1,1731235019,,1731235019,1731235019,1762771019,pi_3EYBYkJ8AL0alrYfd7uwVpyI,ch_3I2kej8PsgZjvSKA411T3IFz
in_1pcZ5OhhbY77Qmw56Vshhi87,C0R03G2U-0001,cus_82hozqyDSuCni6,sub_1riWrN2yKfDYUXVmSi4KSkkL,paid,subscription_create,charge_automatically,eur,100000,0,100000,100000,100000,0,1,1731490285,,1731490285,1731490285,1763026285,pi_34CDMBlKLk7vfyLyagcsm9fU,ch_3xMYAFFHEv8bUNX9eNTs5ybt
in_1XbuO4n7PvtnoxOZkcwNXTVf,QYHWMDKI-0001,cus_BPsUFvMnw70vQM,sub_1pXngiYWkUFgW8us4LYNEdl5,paid,subscription_create,charge_automatically,eur,100000,0,100000,100000,100000,0,1,1731497548,,1731497548,1731497548,1763033548,pi_3SYi98D7apon7sw6wGtLnCmS,ch_3jl7LQsy16y80bknN7CDruHg
in_1ZVFZIBEOKfG3T1nzg8yws2e,JGLUVMTW-0002,cus_C8Gid3fzy1yezQ,sub_12Uqxrtrt3FQMGj3h84SiuCd,paid,subscription_cycle,charge_automatically,eur,179700,0,179700,179700,179700,0,1,1731526276,,1731526276,1731526276,1747164676,pi_329QuY8gf1qiruBHi2dmcbN8,ch_3CYi7eh7JUyTxHJ1trJJHhtA
in_1cefwtCToX6rp5GdVAJgBrEV,6K57IJSO-0001,cus_gUQ2QE7bpA4HxB,sub_1tZCb8MUnbR0Z8huBYwsqEyH,paid,subscription_create,charge_automatically,eur,100000,0,100000,100000,100000,0,1,1731562247,,1731562247,1731562247,1763098247,pi_3UHwqpdGwQMMwQZQEmH4dvlL,ch_3i5k3WSURxqZVGeKfrOUOR5m
in_1sCgp4cMB8mAeJGhA8n8vWRB,C9ZXLAMF-0002,cus_p9ODrfPqyoT4a3,sub_1Qavu6oOLAINMFNy5Q7O5lQG,paid,subscription_cycle,charge_automatically,eur,100000,0,100000,100000,100000,0,1,1731568294,,1731568294,1731568294,1763104294,pi_3tUfkUsFRSV86UkOXZ17ll2j,ch_3kyi6zWItj4Nc5XN7Ob6tiX8
in_1d1NQiLvm5qBd55XwWR535xA,6W7RPULL-0001,cus_SibHizEWZbS48k,sub_1qIL6MCSyhQOBFlRXWnQeZ4j,paid,subscription_create,charge_automatically,eur,100000,0,100000,100000,100000,0,2,1731585072,,1731585331,1731585072,1763121072,pi_36AfOKJeqoy0uRGo55djFosL,ch_3TQ9egMjkx9grslm7EsPvxdk
in_1j7w7roNs2R0lyvNsvrnon7u,LB31IPYH-0001,cus_NZzi5ngWT1NYgN,sub_1vVAw8leAlmwxvCDd5eaRMg1,paid,subscription_create,charge_automatically,eur,119800,0,119800,119800,119800,0,1,1731615956,,1731615956,1731615956,1747254356,pi_33jfCUADiadyZTZBEZ8ivNYj,ch_3AE2ysIkCM2IlKe0GrplN5Eo
in_1Ot5VIt1WDA6zvmr5x6iWrJA,0VVT5SWQ-0003,cus_PgRSkygKuTNTfa,sub_1nT04PzLuyzOjQUp2aZ7rLGR,paid,subscription_cycle,charge_automatically,eur,59900,0,59900,59900,59900,0,1,1731617742,,1731617742,1731617742,1747256142,pi_3NvzbAqXhjxxXuTFJiYBw7EZ,ch_3ZwbjuZlhhrJGrSEaXy87I0j
in_1HVhF3SCzpsTT7aBmyfimFYA,42HOJT5M-0001,cus_i6MOif2wB7w84n,sub_1trzfPwh61ApgTqfv1AsaWrJ,paid,subscription_create,charge_automatically,eur,100000,0,100000,100000,100000,0,1,1731668902,,1731668902,1731668902,1763204902,pi_3E0V5oc5iO5qRULhm7qZFKKf,ch_3vnztmo8KVjTAnzA9w5AL3Db
in_15yM1sR3ILJCpA2S0bWgbN3b,8XCIKF75-0001,cus_zl5eAypJJz6NYz,sub_1f8m7jQF4VIyhpRsHegkKUog,paid,subscription_create,charge_automatically,eur,200000,0,200000,200000,200000,0,1,1731669260,,1731669260,1731669260,1763205260,pi_3P0z5mZhYWQqkylpJdkGpk2A,ch_31jKJ6uW4PZrc4FbnY9OOecp
in_18I17PfOpFqD95yiSoQYlhTa,5TATBGAV-0004,cus_PSAMNNc5lQMeeu,sub_1Bj6TyFvgkcN2c54GuxwPPfG,paid,subscription_cycle,charge_automatically,eur,100000,0,100000,100000,100000,0,1,1731689331,,1731689331,1731689331,1763225331,pi_3bCN9zQl7F0YxUlY1Q83Vzpu,ch_34LYR76cjbpaZWCvvJj5kylI
in_1fEeo908Z13R2PDgPLW837pE,RH6XRWRV-0001,cus_DzveCY7MsOMnhf,sub_10xiTTGwtSGqcTvLkjdFMuvd,paid,subscription_create,charge_automatically,eur,119800,0,119800,119800,119800,0,1,1731764827,,1731764827,1731764827,1747403227,pi_3q7Za11ZvKMEvmdJsb42u4bn,ch_3KvmJ5i7CbHgSc0yrpALoNGv
in_1DSnjv41kEBHy2FVqf5XgM6b,9KETOVSO-0003,cus_woJpkLK1dyTSDE,sub_13PypzePFbuoPVXHPJPr4OzQ,paid,subscription_cycle,charge_automatically,eur,119800,0,119800,119800,119800,0,1,1731780950,,1731780950,1731780950,1747419350,pi_3XPhJGUv21YEbSRyE9ZjAaPa,ch_3rMpxyaiTYjhvRT84RzBBr7J
in_136HbRxmbZczRu3xJiWPM0Pg,KVR0TZ8O-0001,cus_midDchF5mzFiVL,sub_1tfkhkeuRtMFogrDWpkhH3gu,paid,subscription_create,charge_automatically,eur,59900,0,59900,59900,59900,0,1,1731827069,,1731827069,1731827069,1747465469,pi_3wEFSxedKeEqCoZShhNWeA8F,ch_3QeegcmlzTq5C0rptQiPdWtC
in_1tWbbTcZddCPGQv66TGDMzdP,QPHYF0ES-0003,cus_Ig1CDaKzgPsq5E,sub_11IJzUntFYpdHKAKoMB2oni4,paid,subscription_cycle,charge_automatically,eur,119800,0,119800,119800,119800,0,1,1731841779,,1731841779,1731841779,1747480179,pi_3RlJeMeSND0WNouifKgFCzEN,ch_3SoLOWkZbKzzadQNPUK0pGZf
in_1oRRc3bcsvdtPGZqlU9NpcHw,J26ZF1AE-0002,cus_odt8S1udHaXV0r,sub_17IjjEQsv5BwWWfgTUihRm2z,paid,subscription_cycle,charge_automatically,eur,100000,0,100000,100000,100000,0,1,1731845273,,1731845273,1731845273,1763381273,pi_3hJSr3KUVs8HGPvlv6888cZ6,ch_3YytuBJm711l2A2TIdX7fWg7
in_19D1vIDTjtCX6RE4uHvIC92f,0HG2ZGJ3-0002,cus_hhmRWQqYuNA5eN,sub_1CBbwvZJDFUk75NjtNWzs9Q5,paid,subscription_cycle,charge_automatically,eur,100000,0,100000,100000,100000,0,1,1731866900,,1731866900,1731866900,1763402900,pi_3zu5ALIxqwzDL0urcHTkeceN,ch_3q3FtRVakTLxtCdTdaMRq6QU
in_1oOIaTXRgkEp4H6NE9x2t1X5,B1EZAUFI-0001,cus_BtWfDZxXkjYpcd,sub_1z506OiKJMDqxPrDpQy5SX88,paid,subscription_create,send_invoice,eur,300000,0,300000,300000,300000,0,1,1731927412,1733137012,1735830952,1731927412,1763463412,pi_3uxdvPJc62rJdbzrlbeFIUdp,py_34unompp2htgm1S0PkoeMZ5A
in_11LqfNBH31C3JmCpU3Edbssp,Z5RDD5NF-0001,cus_DH0nSImFtUhuez,sub_1BZOTo9AgFJ49NgGfRxsBGdh,paid,subscription_create,charge_automatically,eur,300000,0,300000,300000,300000,0,1,1732000744,,1732000744,1732000744,1763536744,pi_3Aj6rWgfL0Y5V2jLQiYszZKw,ch_3QobY3UtIavW2EghpyvwdikS
in_1z67z2OxgCXsC2stdIzYFxx6,GX130CCL-0002,cus_j03AngTFLC7ZtO,sub_1FuvAAXK0ctqoutq6mXIesiR,paid,subscription_cycle,charge_automatically,eur,59900,0,59900,59900,59900,0,1,1732012485,,1732012485,1732012485,1747650885,pi_3ZSV34opTRbx9tGW4AXqt4Lh,ch_3fK0yYHMRtijRKmcKXVzGuek
in_1ulX4CSW0dDIILe6aTwOYFTv,RYZLYQ09-0002,cus_HVBva2pI6NJrw8,sub_1UQ2ad4fA6H9Cnf8kFnTSiUG,paid,subscription_cycle,charge_automatically,eur,100000,0,100000,100000,100000,0,1,1732018133,,1732018133,1732018133,1763554133,pi_3txlHtvaLMT5YxKgiZ89cNLu,ch_39BjJ7jzGi1yRJndwgz0kL5v
in_1xF4aGpdQMZr9XHnEFX7TFVc,UEZ60GK8-0001,cus_txpKwkbPv5N06s,sub_13GbinNnkZwEj3aVjPqsTZqu,paid,subscription_create,charge_automatically,eur,100000,0,100000,100000,100000,0,1,1732091639,,1732091639,1732091639,1763627639,pi_3idCJTYFMiKmXHwyEGJOuKkB,ch_3UFCHsbAQmiXJl3n3M7pqMmv
in_1gOYcWJePUMqjaS23xlfM6Ro,L1HSZ6MA-0001,cus_Fgf9NqprgaHllw,sub_111MjeSYjsH8YzHtEMvjv4DU,paid,subscription_create,charge_automatically,eur,200000,0,200000,200000,200000,0,1,1732123428,,1732123428,1732123428,1763659428,pi_3Z8k68J6bZzEw34j2Zu3UPD8,ch_3FK2hJ2vzoJVaDal4gW333bK
in_1KWRn3Eb3QO002xcIP2VDRpY,WL5S9P80-0002,cus_OjeNT8iKvcMqN6,sub_11aKueTBx2bFxjNApvrFmvVa,paid,subscription_cycle,charge_automatically,eur,100000,0,100000,100000,100000,0,1,1732197089,,1732197089,1732197089,1763733089,pi_395l0SKKOnUwbLo0olEvx7K4,ch_3dc0YbXC1NbDGBSWHF83ZOiM
in_1vPzagFFHFkaEPxtHbPsTXy5,NZ9P45KW-0001,cus_hbAVLoBEwSCV5g,sub_1FiqzMHisSk015Tz3hAjFQkk,paid,subscription_create,charge_automatically,eur,100000,0,100000,100000,100000,0,1,1732205435,,1732205435,1732205435,1763741435,pi_3R8dcVM0ViHXapp6ZRF4Odbh,ch_3NrJs7Hw83sqVYP5naZbnPmF
in_1P61QhLBSNqTkLqUWxV5NDU8,YCCRXIAD-0001,cus_eZvKzsdHUrsiQF,sub_16us9mhb8DIlqm2QnxPZKREQ,paid,subscription_create,charge_automatically,eur,100000,0,100000,100000,100000,0,1,1732540188,,1732540188,1732540188,1764076188,pi_3VzQebIWRVI6uNvNLzxcN2fR,ch_3GkBMmrWjx6Lia6udvObx6vU
in_1s3202gEgnJEVfcQpJDXuPrL,ZYL0WDBB-0001,cus_Qbb6PvLdPnkhr4,sub_1EfOT569eBNMJesWp06X9xNR,paid,subscription_create,charge_automatically,eur,119800,0,119800,119800,119800,0,1,1732603288,,1732603288,1732603288,1748241688,pi_3VewQWurJzVLlJzMzTny63Go,ch_38ezQw85Yx2Yfu9pLutbFq3O
in_1Igexpm1EXBLUCRUOnggYBOi,V6FJP9NW-0001,cus_OVOrcn8j3C6iTv,sub_1UCgXqmsdFbyrcmQFdF9Ww1K,paid,subscription_create,charge_automatically,eur,59900,0,59900,59900,59900,0,1,1732610376,,1732610376,1732610376,1748248776,pi_3YjNowvrqD0gCAuzdjGTtGFU,ch_3kDzqlMkesU0PQWRBxuhBt52
in_1gAKFvbEh7Bqj8DX63VguU8F,QI9A74D2-0002,cus_HV140ItUBYpGJQ,sub_1I8v38y8nZI9fyQAOMaJirSn,paid,subscription_cycle,charge_automatically,eur,100000,0,100000,100000,100000,0,1,1732625708,,1732625708,1732625708,1764161708,pi_3NccVrpU3NliViGVHFaBdPb5,ch_3E1Xn8URjezIOHY6VtIJTWvV
in_1RgT4h2q8BndMhAOZikBwhii,52Z4Q7KI-0002,cus_4ReKDgQocl2Pee,sub_1zDhuH0TsYvEugjQ7u58m7sp,paid,subscription_cycle,charge_automatically,eur,59900,0,59900,59900,59900,0,1,1732702307,,1732702307,1732702307,1748340707,pi_37hfRhHkuVoXwZvsNKoJEuhg,ch_3E0OoNKnUN69eRLFA5s5HEuv
in_1I37ZwXAF88La1Uwn42jqOVM,VRT0KJPG-0002,cus_QC6roSuop1n0PQ,sub_1zezOvjxHgGSC57GhOGddTw8,paid,subscription_cycle,charge_automatically,eur,59900,0,59900,59900,59900,0,2,1732711836,,1732973496,1732711836,1748350236,pi_3CBmpms0AOMLdiynLBrIdrnK,ch_3UcEfKCYudcNvj5jvg5WUU7V
in_1IbNDTX0tikOvWTavjnZaoy6,0OJ042AL-0001,cus_GUrWtdhwmABgp3,sub_1VES3kgHzCTES4sRoEX6sI7D,paid,subscription_create,charge_automatically,eur,59900,0,59900,59900,59900,0,1,1732734131,,1732734131,1732734131,1748372531,pi_3Ln7d3TNHAFyMafuXCYqQAUm,ch_3KjOOTlLuwIgSWgCL7MUIvkB
in_17cPhE4Lzkm5zjFs7N7SYwHn,8TH2TC0W-0003,cus_ZeYVFPlqLfhHtG,sub_1NC8k06DYRMOvjB50FK4R8hh,paid,subscription_cycle,charge_automatically,eur,59900,0,59900,59900,59900,0,1,1732775115,,1732775115,1732775115,1748413515,pi_3hFdNhRzg6DcKwaCWMeJGoUn,ch_3i3genymm0pJ0SeMB0fx0mZ3
in_1vRtAaJQjY9CdBIezdEP2lga,88MSTYJ7-0002,cus_2oowJYZQcXKtY5,sub_13l2LAuRyWbU8cqmZ2Fxc9DO,paid,subscription_cycle,charge_automatically,eur,100000,0,100000,100000,100000,0,1,1732782939,,1732782939,1732782939,1764318939,pi_38ADDrf7m18BCR0PROYofHrU,ch_3WJwpA4qXjgyEpDA1ntXFbqc
in_14BYLTg9uwJAELEiBYn0QRol,HR06VWJJ-0002,cus_ek2Sj34W6bocI1,sub_1aP4Di9lkxzzHgNu6ybqzKIe,paid,subscription_cycle,charge_automatically,eur,200000,0,200000,200000,200000,0,1,1732887782,,1732887782,1732887782,1764423782,pi_3isBhGo8GV8ohZYiV8P3trKx,ch_3SQi12ackhZ8EsUL3BGFtLsS
in_101RX9JKvYom7bMEcJmpNdGh,YBB3QY8R-0003,cus_1grNxfmmomnyMj,sub_1JexLc0XBHAAKUFnjhxdHFzW,uncollectible,subscription_cycle,charge_automatically,eur,300000,0,300000,300000,0,300000,3,1732964347,,,1732964347,1764500347,pi_3QLGNxcGdoiR2wgDCNoxeBJu,ch_3jkSzWGoC0oYm514Og9U643J
in_1L0B5ebxcBdjRmkwwsr8UyeQ,C0WIVPAE-0001,cus_Zx9asYDTT8k8GX,sub_1SKA0G18Lzr8pvy2qj9tYTxe,paid,subscription_create,charge_automatically,eur,59900,0,59900,59900,59900,0,1,1732970077,,1732970077,1732970077,1748608477,pi_36glBkycthAgkA6pF9x1hF9r,ch_3jfwBGvtVFhEpzi6r8DB2cfT
in_1Ixd7RNhfcfT1sewl7To0wYl,19BXWH6R-0003,cus_IQrKK3ZNzF38dQ,sub_1Y2DacLZS4ZJJYOMqJXM7k88,paid,subscription_cycle,charge_automatically,eur,100000,0,100000,100000,100000,0,1,1732975677,,1732975677,1732975677,1764511677,pi_3D6K0TeaeIB2gORW2QihJYv4,ch_3jwXKLU5XA2FFE42y9Mmd6oS
in_14Bo1veQXkhD5XaCCcL6bK9V,I720BLOO-0003,cus_xp6ojvGuFiLpg8,sub_1dX7pqLXVbUJwd2LO7RTqnZG,paid,subscription_cycle,charge_automatically,eur,179700,0,179700,179700,179700,0,1,1733028904,,1733028904,1733028904,1748753704,pi_3VNTaBJjLJVxEWJ9ogxrAv0s,ch_3OmEJZERSsvCEaRF7FX5ipES
in_16uMvOQwjdJ2VUW7Zo1VSORG,JSK3TXWO-0004,cus_59qfse5GE8k0ub,sub_1DdUNobd03AQvHPH15aWQhQI,paid,subscription_cycle,charge_automatically,eur,59900,0,59900,59900,59900,0,1,1733046775,,1733046775,1733046775,1748771575,pi_3SzdnHLoPEHLp6AxEaQvmo3k,ch_3Z0KGPepjccwFTyzoqPCCnYk
in_1luPJneebmovRlYYJXdbHWl2,1BF8VM0H-0001,cus_n8rdG0SWTZW20I,sub_1M3tjhoKuRNBf5dLK0pfL4Go,paid,subscription_create,charge_automatically,eur,200000,0,200000,200000,200000,0,1,1733063846,,1733063846,1733063846,1764599846,pi_3UKilITwAw71fjqxE1TZSvKf,ch_32eOZqSGPEJa8CWnQrEkXlti
in_1grvfqV89LBmQlLn4goL64uc,4KDE4158-0002,cus_LDZoe3DiDCThVU,sub_1FKfLORuYjJnK50UexxUCvqJ,paid,subscription_cycle,charge_automatically,eur,100000,0,100000,100000,100000,0,1,1733066040,,1733066040,1733066040,1764602040,pi_3lZXFWU93dQPcOXj8dok0yFy,ch_37GvplxoCmPRyyvm21ow20PL
in_1mDVQatYFBIHMCZgF5WKMbuP,HER36YBS-0004,cus_ALbUxC09EAiA1s,sub_1FJiGqXMhQZ8IUlisi7NpL6V,paid,subscription_cycle,charge_automatically,eur,100000,0,100000,100000,100000,0,1,1733066459,,1733066459,1733066459,1764602459,pi_3ZLRL1qf02h4QVFl4dqoai6a,ch_3dn4AXgJ6wG8oaMzaDsMDU9h
in_1qGCqlvKfXkYVLPhkrJyCIRp,10ETJON8-0001,cus_JJJL4ZafNY19NC,sub_10wrSRGXTqhpeDbrBJIlR7rv,paid,subscription_create,charge_automatically,eur,100000,0,100000,100000,100000,0,1,1733094794,,1733094794,1733094794,1764630794,pi_3y0uN3KiNUmnOZlrZVyoqg7j,ch_3TG19qIDVtd0iawg6FeMkP1s
in_1rlp5Of9JU8v3zb748uqT1rk,9ALGZ3S6-0001,cus_hjgqPuzbL1ICaf,sub_1iAfQH6y28AC6pBhKe90nemj,paid,subscription_create,charge_automatically,eur,100000,0,100000,100000,100000,0,1,1733111541,,1733111541,1733111541,1764647541,pi_3Azxj7r0ZqRfKq9Z4h7uaXJp,ch_3pUXjqCjsoII0WpVgU8Iusd4
in_1bBo1V6XzPmnOskk0D2SfdiD,B9D9L16E-0005,cus_rQGNVYwPZRmf2i,sub_1iFVcNcmTYjvRrKzHFEueyI9,paid,subscription_cycle,charge_automatically,eur,59900,0,59900,59900,59900,0,1,1733130371,,1733130371,1733130371,1748855171,pi_3km5NwwvQj6jvz2b1j8svqgA,ch_3Svw4k89d9w9azlje4Z8ZyqF
in_1FlobMUXB9xbSBI1iBUkc4IY,3G653NS9-0001,cus_lkRloTJas9O6IF,sub_1cJwlozgqBb1VOOiaBCJhQRe,paid,subscription_create,send_invoice,eur,119800,0,119800,119800,119800,0,1,1733145654,1735737654,1735566714,1733145654,1748870454,pi_3Pn3AQ137oP0NMhwstExs1yP,py_3mY71b5tTQUZYIzx7xHqFSf9
in_1iEFXw49SzaltIUUbi5Nn6s3,TF1ARP8A-0001,cus_zRC9TsSlP0Ew1U,sub_1thJwmHwt61VfNSnWSZ2Hs2v,paid,subscription_create,charge_automatically,eur,200000,0,200000,200000,200000,0,1,1733147317,,1733147317,1733147317,1764683317,pi_3kl3J7nVvizdG1StSt990X9o,ch_3hMTADQe7x3NFCNdIOPUpEn0
in_1bSsC83pSQIBNWSjDmiRr766,Y2NO2OTK-0004,cus_UzZSDRX8FGeRWz,sub_1b9VWTvcASC2ogVU15zvDjOO,paid,subscription_cycle,charge_automatically,eur,100000,0,100000,100000,100000,0,1,1733359643,,1733359643,1733359643,1764895643,pi_3pDjSYP8ViKcUiWqXLlttamr,ch_3LUr7ffPfHxDy66rZYvnAzFx
in_1BUzD7scSwG2zDoRvJzyewfJ,H0VRPAX5-0001,cus_2ufmu6Na43QW4d,sub_1BXAWW6vS3uyYG4RWEGCjfuF,paid,subscription_create,charge_automatically,eur,100000,0,100000,100000,100000,0,1,1733384102,,1733384102,1733384102,1764920102,pi_3YfJFeOKNZ48W0jYzRwSjs5W,ch_3Isieq1OVy9tXIIVXcbTdu7n
in_1LJnEnBm1InRJdZIqN9GblNo,MU2DIYBJ-0001,cus_0Ql1osTSoIc7uL,sub_166ftAi2njuz99L84WLjHSxS,paid,subscription_create,charge_automatically,eur,100000,0,100000,100000,100000,0,1,1733586951,,1733586951,1733586951,1765122951,pi_3dEFRan1MMKl6vZaw71b7E0D,ch_31zQRIUEbg77IndMcFXs4A3D
in_1h8rTu1sFNLzD85Rc5aoaWlo,RIHO8UB2-0003,cus_nvFpzCH9nQNv1B,sub_11UpwsF0Z4aHDsFMLDIHfhs6,paid,subscription_cycle,charge_automatically,eur,100000,0,100000,100000,100000,0,1,1733592580,,1733592580,1733592580,1765128580,pi_3TSdmDdeczbRjiLEuhKhwYKk,ch_3WtNPcOQ4aVKGFAGoBfHk8NF
in_1TKfKyVjquUjt23XANPaKfsi,FFH247SO-0003,cus_pQiWfidzInxhej,sub_1UXVu369I84POTTdmL1uD6g8,paid,subscription_cycle,charge_automatically,eur,119800,0,119800,119800,119800,0,1,1733687949,,1733687949,1733687949,1749412749,pi_3BPVHExY8DrBruzTzGxif5xD,ch_3bKC20QKUwR3BZDd8diUGRAH
in_1MXb7bYUmj00pPMBjBSshzii,THOSFME5-0002,cus_SuAakugmcxc4K5,sub_1eIFMxyQ44W5oA8DJcH9c55B,paid,subscription_cycle,charge_automatically,eur,59900,0,59900,59900,59900,0,1,1733929238,,1733929238,1733929238,1749654038,pi_38Ub8YvvF1SybJfHoiUPmBM4,ch_3DvOrvc7ieTf03qFLH5uM7Jb
in_1zP7viIRwE71QhT9YQ3ZBTKD,BAWNXELV-0001,cus_U3n9MUYTkpKDK3,sub_1edGi78nfxpyeUKYp30hhtdU,paid,subscription_create,charge_automatically,eur,100000,0,100000,100000,100000,0,1,1733938015,,1733938015,1733938015,1765474015,pi_37sSTMFskkm442BRzOTETJ7p,ch_3CDezGt6scSOneUzUaJ2NtfY
in_1dUDiNJtuDVSTnWFmgbW4qHg,JXB3PWZQ-0001,cus_ON6kd9WVHc4vhf,sub_19aAAJ8opkzrEMXs83ZRSp7i,paid,subscription_create,charge_automatically,eur,100000,0,100000,100000,100000,0,1,1733996711,,1733996711,1733996711,1765532711,pi_35MEbGp1fMP6xdEpPtY9jYfP,ch_3igaolxYV0JPX4hMU2f4GVkc
in_1mKjD2okyl78HIMJLjTEcM03,9GD28RRQ-0003,cus_5pJNDddmnwPkfp,sub_1LuG2LshCpFLEBDIwgBJ4WUA,paid,subscription_cycle,charge_automatically,eur,200000,0,200000,200000,200000,0,2,1733998919,,1734258899,1733998919,1765534919,pi_3x0mrNxQdvu40AVqEaHquM6H,ch_3wLpEpcuvT9YexaCjEP5fFgD
in_1JXsft3tBRlHFEOgeX8CztL9,NH1FK2XS-0002,cus_61FVYdLsueNsrc,sub_11VHtc2C18JeLHmkThuoZz7Q,paid,subscription_cycle,charge_automatically,eur,200000,0,200000,200000,200000,0,1,1734022607,,1734022607,1734022607,1765558607,pi_3nXSqswtavZOiGtT68ttBsJB,ch_3tAk8q1Re5bdhSCO2Gldq5Ps
in_19hyc6CLy0aDbbSxVJBcOY77,MQE9X4FT-0001,cus_TJThYq7Bla1SC0,sub_1fXRe26MeHDd2V2TTvYU5sRp,paid,subscription_create,charge_automatically,eur,59900,0,59900,59900,59900,0,1,1734037802,,1734037802,1734037802,1749762602,pi_3p93pwdYACoeoAVG30NoqaOh,ch_3o3pAoZgLhbLDJar3mLU7cX8
in_1NUZtj9H8PS6SiHT8B6gg0aY,J1KQ75EV-0003,cus_cf2afo40xiYqj5,sub_1vAMA6P6I1rWOMcYKlSSqJI8,paid,subscription_cycle,charge_automatically,eur,100000,0,100000,100000,100000,0,1,1734255708,,1734255708,1734255708,1765791708,pi_3eKNNKOppmqOoOConJ20FPu8,ch_3sRzjykn41v7onDPRtjqnwdA
in_1lzaJZDPJk7l6d1HsWAGQN4S,1TKOEHXK-0001,cus_tOkfSPNeBSRh0V,sub_1eRO8EYMZX4PeKq1VszFv8wE,paid,subscription_create,charge_automatically,eur,100000,0,100000,100000,100000,0,1,1734283744,,1734283744,1734283744,1765819744,pi_3GX0zNSvZJ1rJxmxiYoKDz0a,ch_38PuKwv1zlZtAlpEwOgBZ1gf
in_1Kqjf9RXHwscmREHjE30keJE,GYBS6ON4-0003,cus_bZygZo26zH3W7S,sub_1nN7uVEaofqSQz6raceFHEla,paid,subscription_cycle,charge_automatically,eur,100000,0,100000,100000,100000,0,1,1734292303,,1734292303,1734292303,1765828303,pi_37tJ0eD7giSLRq4g2IyGty86,ch_32mAOh9jhkxx6OJxnjJ23QpG
in_1crrIed3ljNMsI61Vjj3BDmR,JLV4TQKE-0003,cus_1qlTLI1PCwygkE,sub_17lxFFjv7bCjNwHovXWKgRF6,paid,subscription_cycle,charge_automatically,eur,200000,0,200000,200000,200000,0,1,1734446387,,1734446387,1734446387,1765982387,pi_3J9jpUVOnPPBSnmHBW2Qb4FH,ch_36bVVvOjG7y0dNjXJVj13Fts
in_1BeRinJidk5fBXHPipZzNyW7,BV1XPF0H-0001,cus_dgayIRfhpq2tTe,sub_1QAiYyJqVDDDs5t52pZ1d3OI,paid,subscription_create,charge_automatically,eur,100000,0,100000,100000,100000,0,1,1734461702,,1734461702,1734461702,1765997702,pi_3LoRmWQFHfOoa4qzp0E6wQLx,ch_36f8y4S7H7ZBPXatihd0P6fc
in_1xdlYBXHjhhXL1MkafppUyMm,CDBDAVLT-0002,cus_98cj0ZRVWkT8Vt,sub_1csXgf9YwyhuhfKHD1iEoemo,paid,subscription_cycle,charge_automatically,eur,100000,0,100000,100000,100000,0,2,1734509694,,1734773514,1734509694,1766045694,pi_3kR3ng6M9Aq9Wo9w5ixGow4L,ch_3a0Kt5sjjXtBzNREyyGeSPGi
in_1pai5FPVyB9etNZfKpCroJST,Z3CHG1KG-0001,cus_wOq2uGp4TREnQt,sub_1YERmYnXbtZFf7DjNvIROHAW,paid,subscription_create,charge_automatically,eur,100000,0,100000,100000,100000,0,1,1734546140,,1734546140,1734546140,1766082140,pi_3L8uwxjvBA1ei2eS0g0jfque,ch_3Qa7z5CJZRlcYfmtnTwHaXyX
in_1gdO4tN55hNyKFEfiSPPD6Cm,K0NYPQZ6-0001,cus_YKLKBSOwrrXjHU,sub_1mQLpZefgCWJiruUOr2WDbp0,paid,subscription_create,charge_automatically,eur,59900,0,59900,59900,59900,0,1,1734617514,,1734617514,1734617514,1750342314,pi_3WGV1fjA6QQDiiHbDJhnA7KZ,ch_3hn5zGuRK1OG2iyqj2juCGDr
in_1aWp5UYy5RGOmUUmqOi1sDGQ,SNXP5LGI-0003,cus_lw43lnNaciO9uT,sub_1PUSwafq1tzwsm86IX2UJSU5,paid,subscription_cycle,charge_automatically,eur,100000,0,100000,100000,100000,0,1,1734622110,,1734622110,1734622110,1766158110,pi_3zaNN2pikX1Q1UJpGUteVyx4,ch_3GVnDat7lBGYhz6ymJHu3vUa
in_1zLa90nR0SB9yVlW2lWb7Arj,UTIJZDS2-0002,cus_ifota1fz1Qhil7,sub_1aA7gpWFSVK0bXt1Be5zbTi9,paid,subscription_cycle,charge_automatically,eur,59900,0,59900,59900,59900,0,1,1734684427,,1734684427,1734684427,1750409227,pi_3NQsXw3Ey1OZUGo6ZaVMmOv0,ch_3FTefwWpuzxvyUh8tpBKq1JS
in_14CqCaumHkB8Pzf19u29qNAf,9VZAMVP9-0003,cus_oKAbhGVadS5yd2,sub_1ReiBjjURbhHpLXMmhx1rqVa,paid,subscription_cycle,charge_automatically,eur,119800,0,119800,119800,119800,0,1,1734720276,,1734720276,1734720276,1750445076,pi_304kIQFhsgD9TeYQlyhs2ApU,ch_3K9dBcLFymYS1gqf6hcFNWms
in_1RNZQXEod3yOuXS2JyviMyfs,RWWU38AJ-0001,cus_5e1KL2tC9B2sSJ,sub_1occROz4jYTNeJLtDTsBWdm9,paid,subscription_create,charge_automatically,eur,100000,0,100000,100000,100000,0,1,1735040552,,1735040552,1735040552,1766576552,pi_3ibaOLWAvqT7c8PjpGXEgNii,ch_35mD8nStZC9RkIjtNy7e2Fne
in_1rEWB8oKjpkgTs2aJ19qKcJk,1P2BDFCX-0002,cus_pQ7J2VOn8LqsEn,sub_1X98Bja8BHmx5uwBlthNigps,paid,subscription_cycle,charge_automatically,eur,100000,0,100000,100000,100000,0,1,1735049710,,1735049710,1735049710,1766585710,pi_3XSbe6jl7hJzGSh2HDID85j1,ch_3rKFjespTFe2b7M5JNymbax4
in_130tfDGFBdxtLa7wPQtnzQMh,9SFPRY7G-0001,cus_6H7vsZolmxPjVb,sub_1uTH9G1tafeiKLg7wLR8D2gL,paid,subscription_create,charge_automatically,eur,100000,0,100000,100000,100000,0,1,1735124311,,1735124311,1735124311,1766660311,pi_3EazXVcbRz34Ox8JCu8Vqkct,ch_3URZEnyJkevl5Dabi6HiCGux
in_1pW81uVruFFrdtGAsy1A5AtT,E3832OZJ-0002,cus_CJGyh7syEVdNuf,sub_18hkYGHkB8AUQJEgXWbqZCQr,paid,subscription_cycle,charge_automatically,eur,59900,0,59900,59900,59900,0,1,1735128840,,1735128840,1735128840,1750853640,pi_3cHBSCp8YEpHtCLruHWtc2nX,ch_3XYk9MviRVsRCfBlYP8mrG3F
in_1Fz48C8FB2M8Y0kX51iAaqe1,PH15HUT8-0003,cus_D6UrfEYRun3R0E,sub_1Z8z4cRbwVSlYekzBkk4MBtZ,paid,subscription_cycle,charge_automatically,eur,100000,0,100000,100000,100000,0,1,1735154457,,1735154457,1735154457,1766690457,pi_3N2ZOXc52UgYkYjMxbeYPE3N,ch_3Heer3OaDqfZ7hmqEXbN7evX
in_1fdaACCKnb2gXRDvovJKx7wD,93XU48YO-0001,cus_hVxu4jWb6XDaNQ,sub_1wTCPERDfRhk7o0NJ8iEETJD,paid,subscription_create,charge_automatically,eur,100000,0,100000,100000,100000,0,1,1735213806,,1735213806,1735213806,1766749806,pi_3FLHN2Sf3zfsESx9snXhauR1,ch_3UbamgKrjwrsFaXNyK1RsTZk
in_1bs9FOcl4IgIZ72o4BIMPx7I,S5SZS7GV-0001,cus_Pz29nxcQjYpz55,sub_1lWkn3m7WBRxmdp06RwxRVgO,paid,subscription_create,charge_automatically,eur,100000,0,100000,100000,100000,0,1,1735231821,,1735231821,1735231821,1766767821,pi_3EQy09W1TbeE9lHCWtGJNapI,ch_3G1Cv7q1tOPZMxLZvXUVoGaO
in_1XTUmHE4A8XlAVD8cFb0O919,3R5PUX69-0002,cus_FzI6mpoHMlGLrZ,sub_1ayH16K0Oe29IvBRisMO5PSn,paid,subscription_cycle,charge_automatically,eur,100000,0,100000,100000,100000,0,1,1735297977,,1735297977,1735297977,1766833977,pi_3v5BgFnUttCWbltx7sZuYYE4,ch_3qfQ9cuYMhypigt95T1G0ist
in_1Ar8rn6rMfchBEnkmqWhOQxZ,QAH9KS6K-0003,cus_Sq3HE85uE4mHP1,sub_1bhV7XEvh5P9TvYsByKAVZ9v,paid,subscription_cycle,charge_automatically,eur,59900,0,59900,59900,59900,0,1,1735389376,,1735389376,1735389376,1751114176,pi_3hsGDREpXq2bbhKHcF30UMFC,ch_34Cy5ykOX79BjizgamDQSLIw
in_17MBbASeGES9qWSP6aoBHsvU,VJBIDOII-0002,cus_lndZ125l5G2Tvi,sub_1A7lOnmmmNdzY0PRgwMbEV84,paid,subscription_cycle,charge_automatically,eur,100000,0,100000,100000,100000,0,1,1735401753,,1735401753,1735401753,1766937753,pi_3ELG2p5BC2DdAH9eX86PRkGT,ch_3WU9brMyE5zR0td1TbS24iWn
in_1v1EjhquXkx5rUJWtpEDCMCm,MFLOYW4T-0003,cus_j1J0R3BNPnp10W,sub_15hDRWeuzOUdFbLfkLuNGGIX,paid,subscription_cycle,send_invoice,eur,200000,0,200000,200000,200000,0,1,1735408158,1736617758,1736372838,1735408158,1766944158,pi_3OjViEKKmNzSj3H47AjHqPGi,py_3ByLL4YbvdpCCRWfhN47dmE1
in_1eB0uUULuN4IzKa7HJh9Bbpr,PDDJS0A7-0003,cus_Y1Xedsm9BSaUQN,sub_10X3Q3JZtrs4DQxxmDs4299x,paid,subscription_cycle,charge_automatically,eur,100000,0,100000,100000,100000,0,1,1735412198,,1735412198,1735412198,1766948198,pi_3U1VX7fhosH9NOA3JQx8g7tL,ch_3bP9t0gUe7BkkDonTiqIsawQ
in_1ppsA0E1evAZupMUBh6mA22o,91FBW5OG-0002,cus_TYDWmlzhpInQjv,sub_1oZ477sO5uISIKPHoSHWehN8,paid,subscription_cycle,charge_automatically,eur,239600,0,239600,239600,239600,0,1,1735574676,,1735574676,1735574676,1751299476,pi_3wIt4wBUi0oaXnaJdfompZ0Z,ch_3RFrQegkzrQE6FnEHMEoTLhX
in_10tgPjmkwz1fOGLbjbRrVVJA,PABJSDUH-0001,cus_Gp10V9nBSYpEet,sub_1293UNS9nTNw34ijFJGPueQW,paid,subscription_create,charge_automatically,eur,100000,0,100000,100000,100000,0,1,1735649893,,1735649893,1735649893,1767185893,pi_3jDro5sTUZ7x7g9NNL0gGfn4,ch_3wvfFeKiwrPnZrlLY2M8YYjx
in_1Lic006kQhniK4a6G6AlxTmW,YE9HWT48-0001,cus_sEAA2YKA6OJYIe,sub_1KhHTubmxOFKJRcCNuniczDl,paid,subscription_create,charge_automatically,eur,100000,0,100000,100000,100000,0,1,1735654465,,1735654465,1735654465,1767190465,pi_37idW6YkCLqDnul8Wjzllszr,ch_3NuATqZ2BtFK9O99IwN2oT4k
in_1V2pF8X1OcWnd56MAWAvSzyS,S2KYQ9YZ-0002,cus_jTPceJkDlMzbUy,sub_1uYza95W7eLjuhwcPyhSj7dz,paid,subscription_cycle,charge_automatically,eur,100000,0,100000,100000,100000,0,1,1735722599,,1735722599,1735722599,1767258599,pi_3gmbBVKePVYEhFlE4PBrUZUd,ch_3VscJ2EVJeqRc6fYQlMFOo9m
in_16zcYiXvGYkeQWpY8Rn3ALDT,TNQLGFQ5-0001,cus_nWeVhVs2gC8aT9,sub_1d0UcBuRSpkjUbJ01KNU3yaf,paid,subscription_create,charge_automatically,eur,200000,0,200000,200000,200000,0,1,1735818181,,1735818181,1735818181,1767354181,pi_39S5DR9Ab2Wtzmcs8Ct3JBow,ch_3sofOlaHBBDbbeYz3nXtOwhG
in_1CEJESfL1B98ZXbuLIdHcbkV,ET0YEGOO-0001,cus_JvcYfcXGumDSEf,sub_1Bbn9tKiyx5gxLDkAONKYZgs,paid,subscription_create,charge_automatically,eur,59900,0,59900,59900,59900,0,1,1735820131,,1735820131,1735820131,1751458531,pi_3NQePrQj2dZANKpa4IWUYZbf,ch_3e8lzlpGSp9xlI6Al3JEAw3y
in_1Z6TwUrriF6XxicAtohk2qgE,2TOCIOPK-0001,cus_EzkSZTRs2LzqF7,sub_1oUXhOahNQwwjtE0s2Tplce1,paid,subscription_create,charge_automatically,eur,59900,0,59900,59900,59900,0,1,1735942026,,1735942026,1735942026,1751580426,pi_3Vd5QvX2bEIANLKjdu5vHEFk,ch_3gndEIoq0coioCKpToVAUUN0
in_1Xjy8FGWlHSHjRPF5MVYxf2c,UJT8R79J-0001,cus_SzjvXItG190urP,sub_1M6oxCK8ttGrmHl6JTCnj84g,paid,subscription_create,charge_automatically,eur,100000,0,100000,100000,100000,0,1,1736249145,,1736249145,1736249145,1767785145,pi_3gFrAsqfdXpyzm5faddtKV45,ch_3nFPmOq5vkhtQoGKBy0zcPGD
in_1ew3LONx6JKO5PPD9ceSDb8v,3MP89VBZ-0002,cus_gRd87nPSGsrB44,sub_1HwEa0WVQY0BJ2bXbl5wfh5I,paid,subscription_cycle,charge_automatically,eur,100000,0,100000,100000,100000,0,1,1736327072,,1736327072,1736327072,1767863072,pi_3etSnvFgGyEEtLVRW0DBR1B1,ch_3K2uTRGtQ8v4wfOx1oMPbRuH
in_1Jwwd7OyY3pB4ReFxyQIZC2w,UCXZAR7L-0002,cus_hHcUw4ZiZlKxo8,sub_12RXMScVb0dDeFSZj6iQGG1f,paid,subscription_cycle,charge_automatically,eur,100000,0,100000,100000,100000,0,1,1736427474,,1736427474,1736427474,1767963474,pi_3XwENmq30cJ0YISObzBEKlbR,ch_34nfzezQFjP7gknT9l2FH9qa
in_1EUjVs85f1TYnK1ol5eQ5ko1,4AV5XMK5-0003,cus_YgWsv7RkBzrv0V,sub_1eqLzjbDcV5yg1N7IqBOvBL1,paid,subscription_cycle,send_invoice,eur,200000,0,200000,200000,200000,0,1,1736585893,1737795493,1737037933,1736585893,1768121893,pi_342KC429Msh0rwkqAl68xXyY,py_3SB8NhecAoVGlUO13eCNySpe
in_1Qaai1mNVcVvXWqk3rP7YAh0,HD8RPK76-0001,cus_x4A25rVIPto3s9,sub_1USCus1b7TLujxRCbQTQeMpO,paid,subscription_create,charge_automatically,eur,59900,0,59900,59900,59900,0,1,1736627598,,1736627598,1736627598,1752265998,pi_3uTrMjm74v4FzRvJjyA7ARm4,ch_3cziFrdBUX2cu4tINuMTUlAe
in_1ajkE2zkqI85AzpFIxPTLOzn,BXMJXXH3-0003,cus_syFtgGdRwQDE5r,sub_1R4DHfTaHRR5ttVUPmbmSYuH,paid,subscription_cycle,charge_automatically,eur,100000,0,100000,100000,100000,0,1,1736669820,,1736669820,1736669820,1768205820,pi_3mu1VdxNi1Ff9dtILWkzUKeg,ch_3dABsceaPpBVcVmZeCYqMwyZ
in_1Y638mqQTKxRXUtny7Pxh0uP,LQ24MZXC-0002,cus_5tHF73Lz9XsfEk,sub_1M0GHu1g5DrF9K0BoJbFMUtk,paid,subscription_cycle,charge_automatically,eur,300000,0,300000,300000,300000,0,1,1736693005,,1736693005,1736693005,1768229005,pi_3i77soIPgM9QjVKihaKtedJz,ch_3FqkpOwT2nbi0rCU1zXr8D6m
in_1KelCngh31dSnwutFDL9xXZf,71DCO2PK-0001,cus_S8Bv32CTNuCod3,sub_1qQ01GPo4JzJCY2TwYBmAzff,paid,subscription_create,charge_automatically,eur,200000,0,200000,200000,200000,0,1,1736772243,,1736772243,1736772243,1768308243,pi_32oaIzvilCO7XpvnjmMFeU6U,ch_3qP46Pm8JXuI9chTTFV3bCC6
in_127NdIf1fXV14V7UbZsVLgDF,S20YTOIO-0001,cus_Om9tdq1pAvjpUH,sub_1Ly5sPvBhYx3GJcMQ19aAT0t,paid,subscription_create,charge_automatically,eur,100000,0,100000,100000,100000,0,1,1736869588,,1736869588,1736869588,1768405588,pi_3oHzMKdw87iE4h5Pq3eOy2Of,ch_3ZLr2qmQfjAn1fIxrwhQ9wzr
in_1Zfc2wVYTLhPWeWWvMDFPXYb,6B2XJNO7-0002,cus_MhDWGBRUFMEF3V,sub_1eSMBDnxc2KQXKD8i6Aeo9JJ,paid,subscription_cycle,charge_automatically,eur,59900,0,59900,59900,59900,0,1,1737015628,,1737015628,1737015628,1752654028,pi_3m153OgRwfj1XbyeEpnrJUai,ch_3JHhsl9ZpW5YqZL1DNOb4duC
in_1fLH5hK0at23WVCtbruuTGMF,XH5BWIAP-0001,cus_3qlEwD4nJq2t3L,sub_15ojJpIbENjgEgyweBFLpiqf,paid,subscription_create,charge_automatically,eur,59900,0,59900,59900,59900,0,1,1737052948,,1737052948,1737052948,1752691348,pi_36NAjMVWd6HNvLwNYgQ2fT03,ch_3lbARqiAriLR8Hg1hMp3UiZH
in_1LVlDpxluuLC4NhkqDBaKmLi,A9UYNNJH-0006,cus_oYOrcM13fyhT2E,sub_1wW6plveKTROCdLAgBQtN5xw,paid,subscription_cycle,charge_automatically,eur,179700,0,179700,179700,179700,0,1,1737187601,,1737187601,1737187601,1752826001,pi_3r4JUFD1O31N3yrpveKtZ8At,ch_3R5p5ChU0XsQ3XFowIIzzVI1
in_13n6MBPE3m8kdRYGmFt4ylV6,KJRFGOWU-0001,cus_EwB2N78oCpGh17,sub_1EQfZKtxuhDwt35xRhHFSmGO,paid,subscription_create,charge_automatically,eur,119800,0,119800,119800,119800,0,1,1737206088,,1737206088,1737206088,1752844488,pi_3XJg17fRbP9u4gbfmVz7Ukbz,ch_3I0rvcYUygxnGAOzAb1W7JUQ
in_13RKWMWPcWWMAl10c611TCrh,07XJZHGY-0003,cus_Tv55xwSI0gRiVP,sub_1KZ5cxvRta6bWk9CbSotr5xh,paid,subscription_cycle,send_invoice,eur,300000,0,300000,300000,300000,0,1,1737231743,1739823743,1738711283,1737231743,1768767743,pi_33hpZBA19d9zTa2883SyQt3w,py_35li6NkzfrBdTlBIrU2z91VM
in_1VUIfqLjrAhVbChmKGud6g3R,U8L7NFH2-0002,cus_JPHdJ7IwKD8umT,sub_18gP4Yl6vjsXFZ313MjEB8DK,paid,subscription_cycle,charge_automatically,eur,59900,0,59900,59900,59900,0,1,1737295551,,1737295551,1737295551,1752933951,pi_3YUcJXiKUHZAGMf6jvQjR725,ch_3sY8e1q83xSMve1d6iDsRIX9
in_1Pq3AbdoUEwepnwO6WI488g4,REUO3X5F-0003,cus_KR6bAg9jQFYJb3,sub_1dUDG9gLMNnWXKrN0aeE7gb0,paid,subscription_cycle,charge_automatically,eur,119800,0,119800,119800,119800,0,3,1737353708,,1738049408,1737353708,1752992108,pi_3XaEAwiCcF0ny31YArfHyRKq,ch_38DwwQrwhvyrnCeDv3OLiDh9
in_1a6dW32B64hwa3ok28gepWK2,HXUQMLDW-0001,cus_i7SSQaUwTvAMef,sub_1Pl0vGGjOoKm3UuXedXJsAqh,paid,subscription_create,send_invoice,eur,21000000,0,21000000,21000000,21000000,0,1,1737371419,1741259419,1740840439,1737371419,1768907419,pi_3IVG8oBILrMibFS5P2aI7naS,py_3sbHAdzwpmqPiiwMjVo6BO9o
in_1w55FvB092FPGr2k6rHiFprk,VTLVUUFE-0003,cus_DIPL0QW2HetqtW,sub_1sPw7EnXoOWWxbemVYi0B1Fu,paid,subscription_cycle,charge_automatically,eur,119800,0,119800,119800,119800,0,1,1737396002,,1737396002,1737396002,1753034402,pi_3f4upSVwteu03EDMllIOWKmb,ch_3pfqBLhTvy2QmqKxv2HB3G87
in_1rm1U1JIUreWAiPl0v9ifQI7,PEVJXFOP-0003,cus_9seKwxuVJIsH17,sub_1u0fbwg4XCOMVWGzCTUg3Fct,paid,subscription_cycle,charge_automatically,eur,119800,0,119800,119800,119800,0,1,1737642411,,1737642411,1737642411,1753280811,pi_3mFsLbMyS2bbnTcJ5wkb7Pki,ch_30v0rLGknsgmoOX7y2g0LLfF
in_1Gfpa5FatFctaPgPyP9uSQQB,XD3USY2S-0002,cus_9VoeOJ5mLGdxnL,sub_1sGAvTekbrqo3DeQbWyOnGYH,paid,subscription_cycle,send_invoice,eur,200000,0,200000,200000,200000,0,1,1737657466,1738867066,1743641926,1737657466,1769193466,pi_34P3zUHgVOmTsEhoZ4m5GBr0,py_3pXVQ90n3CpZsQu06FTX1b5z
in_1ZVPjthZxVtcJ4e9xkvLQieZ,ZJR2JVM4-0003,cus_vxRgtC1AdkvFU3,sub_1TjhhG3SjxcqmqDeKlg1Ot5X,paid,subscription_cycle,charge_automatically,eur,179700,0,179700,179700,179700,0,1,1737800455,,1737800455,1737800455,1753438855,pi_3oWbeOtsJT34dLwohEGwspXP,ch_3yz7gEPa4DS3Jg4M88BqlmHt
in_1iZ59xwE5JDue4n4ENb9Dlu0,RIOGXVW1-0002,cus_OArGspOjZTmeLY,sub_1TnRdgGWfADpMRe7KqJtOq5y,paid,subscription_cycle,charge_automatically,eur,100000,0,100000,100000,100000,0,1,1737802757,,1737802757,1737802757,1769338757,pi_383Pp577ji3RYzbHiEm1GnAl,ch_30hQpCbVM0KTxdxXfjgV7EzW
in_1atrfG7F31hlWVp4v3eo80eD,TO57Q7WC-0003,cus_3hnavgEzznXJmI,sub_19aF4gGeNKG1JVx0pF7U9VJs,paid,subscription_cycle,charge_automatically,eur,100000,0,100000,100000,100000,0,1,1737810006,,1737810006,1737810006,1769346006,pi_37u0N3E2745498MZ0EwokoqI,ch_37i3DjbBsgm1ef1qPcc24QhE
in_1EgkM9mitzv3KLBqObVsagp2,2YIXGMF9-0001,cus_GiapNdXFTZfSEI,sub_1hgCXkdb7pDP3C6kfmypsRxJ,paid,subscription_create,charge_automatically,eur,100000,0,100000,100000,100000,0,1,1738034697,,1738034697,1738034697,1769570697,pi_3zRSp5gl50oXBv9i7NNrV7hs,ch_3tHRDOPVMnCu9NMpka4Sa5vh
in_1bTm8vatxICUX7Dq3uP5yaqs,2TPJBRPD-0001,cus_VcH4IAnxohZLVY,sub_1Jyr7LBIeEMAQzSRXzaLmGuo,paid,subscription_create,charge_automatically,eur,119800,0,119800,119800,119800,0,1,1738071519,,1738071519,1738071519,1753709919,pi_3Qr94mHCje3CMjuTl6cdeFYL,ch_3KKKNKzx37iQSOwNhpV4ny31
in_1jISicYx1yhSYylE7u7MPNy7,259QD494-0002,cus_Sv0QIS7YvjUjdB,sub_1JYgKbSYf4KbWHnp7F4VNEK6,paid,subscription_cycle,charge_automatically,eur,299500,0,299500,299500,299500,0,1,1738334846,,1738334846,1738334846,1753973246,pi_3EPCSOeQz0wW1Iu1cIkrUPuJ,ch_3XgwwwGr0T6nTvhIx0By6Wan
in_1XwClZHYU8C5FlzVTz85JWN8,9VSM2Z4T-0002,cus_XcrKgHWgNHKgc0,sub_17WDOkcLGKa5pa8QXgSUqk4j,paid,subscription_cycle,charge_automatically,eur,100000,0,100000,100000,100000,0,1,1738393159,,1738393159,1738393159,1769929159,pi_3NmDeHkK8BeJJpeFFLfe9Gck,ch_3KnepEE5bfLXSovCFmMNDY2B
in_13H0bGZQgo8TWsEtzbvCx5my,9TS09U36-0002,cus_TkE255FYttstSv,sub_1IDBVVeYImf9O5DKC8IroFIY,paid,subscription_cycle,charge_automatically,eur,200000,0,200000,200000,200000,0,1,1738428622,,1738428622,1738428622,1769964622,pi_3M9vy9ulMGbDEEwo6DmHWTss,ch_3fiDnrfPA8ViHmT023uGnS8D
in_1oT3LpvpEYVBCLsWWypV52Ta,LL0H9GOT-0003,cus_MaFFhiJGUrhYAn,sub_1LSNGhJaDFzivPdOH455atyR,paid,subscription_cycle,charge_automatically,eur,100000,0,100000,100000,100000,0,1,1738434101,,1738434101,1738434101,1769970101,pi_38mEhByLl2WjEXPtPCql42Dp,ch_3YKAVd9U9eaOeLcHckPiyrmM
in_1ZgxSc9cxc64xCtpgCWkSESL,33UPQC12-0002,cus_jBJwYsKMZBZS07,sub_1aG63PPk1XK2KdYw0LAOp8jk,paid,subscription_cycle,charge_automatically,eur,100000,0,100000,100000,100000,0,1,1738437654,,1738437654,1738437654,1769973654,pi_371Kh17Scq3PaE5Wt69LlaJW,ch_3lfb7SdZT1paozzWBtpSIi3P
in_14u3Ych99CWbOsnEfd7mGbgx,Q2DOYLGU-0002,cus_ue1GtsVJ27nkQC,sub_12XPZ5rLJcdUGiZWHzQTLg6Y,paid,subscription_cycle,charge_automatically,eur,100000,0,100000,100000,100000,0,1,1738517657,,1738517657,1738517657,1770053657,pi_3KZry2dI2PKNrDSZLJHXzTng,ch_3b2a3kBzek931s8TrGgn6YFV
in_1ATCcrrzA0Vu5e6Hhwxh8Xy2,W80WZ9EM-0001,cus_10GCtv5YywubYo,sub_1y1uVl6mJayy3VGpqVOl5qSh,paid,subscription_create,charge_automatically,eur,100000,0,100000,100000,100000,0,1,1738586512,,1738586512,1738586512,1770122512,pi_37MJUNPUxmf6woqOmVb0VWNX,ch_3FvaINReJGA3aZBEj4cFxPQj
in_1KXx8TgKyiXz2DETsfJYpl0h,4MAJXJZX-0001,cus_eS8tcUQM39rF18,sub_1r4RlTAczd9dnhQfhrMaeJsu,paid,subscription_create,charge_automatically,eur,100000,0,100000,100000,100000,0,1,1738600334,,1738600334,1738600334,1770136334,pi_3tAEDzsIVdhwBBYQPGhEfJ7f,ch_3k696tNAmVbvYvmpwcWvKpjH
in_13uj96EJ4Zgjkv8GjkMxVQUE,N5WADNZC-0001,cus_74uEZfJNNr0SR3,sub_19RlF2bYX9CCpdjwnSrJZjp2,paid,subscription_create,charge_automatically,eur,100000,0,100000,100000,100000,0,1,1738750604,,1738750604,1738750604,1770286604,pi_3Oav4ITLEdCT6k3LbteXfoeF,ch_36vARWwixRAIrRENwecm8YUa
in_1ZAg6kfGfAatossq3D1WXfAe,LP9RE361-0001,cus_vPVL8xbJQ6GliE,sub_184RAIWJRfwHDdjLwcBYYCWM,paid,subscription_create,charge_automatically,eur,100000,0,100000,100000,100000,0,1,1738850011,,1738850011,1738850011,1770386011,pi_31ZchXwsV1po0NQpfdAsiG4G,ch_3HbpgJO7vQEG6SM5NQjO27Ur
in_1aaTAdeS4wNygphZ6RJoyzih,T47XC64P-0001,cus_c2PY1FJiZQCDl5,sub_1fsxABZOYFIiWFNWVcNSln6X,paid,subscription_create,charge_automatically,eur,100000,0,100000,100000,100000,0,1,1738853144,,1738853144,1738853144,1770389144,pi_3fbkfiAtp2HXZLXoc8P2dP1i,ch_3psUxNUzf2nVoD64SRo2s7Vw
in_1yELAvs6JfDgrGrpMnlkD0nR,41B02FEV-0001,cus_nYzzRvcHcmdyYL,sub_1WzFiEdqfIqUFS7DlVjoHaLK,paid,subscription_create,charge_automatically,eur,100000,0,100000,100000,100000,0,1,1738855085,,1738855085,1738855085,1770391085,pi_3bJ1zh6yrFd6YGzkh5WQL0B3,ch_3aoJUakrJzsIwK93Coijw1Ke
in_1STvGOBQDqKQQu67BlF4I8Wj,OUA180WC-0003,cus_SqVxmdToZhmNdY,sub_12gZoZwc7XA1tSGBiHXVKs6N,paid,subscription_cycle,charge_automatically,eur,100000,0,100000,100000,100000,0,1,1738873867,,1738873867,1738873867,1770409867,pi_325o7CilZ6UMqSZoARZlTD7R,ch_3uu7bYgs7XZcA0nGJRVoKmGx
in_1pUeQcEb9Lo2VqnkfAM0Z8Nb,KAGMCK8Z-0001,cus_Trq2iISJ9gCGgF,sub_1Hm6ECY4T2eQMuRFksSs61Ru,paid,subscription_create,charge_automatically,eur,119800,0,119800,119800,119800,0,1,1738933140,,1738933140,1738933140,1754571540,pi_35y5ntE6ns17kro7zxF3fWi5,ch_3xba3NOxxgcHY8aDb2G1mE4v
in_1Q5U8uC1omfOQpGgwEatuLTs,L64AHF0H-0003,cus_7TobQsN2ZkkZVf,sub_1zEMCqW5cOC86J508bT6huZU,paid,subscription_cycle,charge_automatically,eur,100000,0,100000,100000,100000,0,1,1739011061,,1739011061,1739011061,1770547061,pi_3OoFSRBe2oS8fl9TJU1NamRp,ch_3J93jnXCq5OwKdHgA6hoj35p
in_1pie6BBqVgTl18Eq3cYrmdY3,WIZX5MIV-0002,cus_2lFNbbzwwAhCKH,sub_1Ceg3DLRefwo7bSYqMwSWJ4n,paid,subscription_cycle,charge_automatically,eur,100000,0,100000,100000,100000,0,1,1739026912,,1739026912,1739026912,1770562912,pi_3G25Ohb891DjPHaRE5Q6ATfm,ch_3ys6fMQFlt8AJJkEUWzCsWuw
in_1xxLFezTjjbi1fdSSWO9kLkD,Q3IZYFRN-0001,cus_riyMHk3IYSeGDB,sub_1KCmy8I7HJxpSwrCA5g8ZVk9,paid,subscription_create,charge_automatically,eur,300000,0,300000,300000,300000,0,1,1739122247,,1739122247,1739122247,1770658247,pi_3oEJnaEkeeOC1pSG6XYO95Qh,ch_31pV2BiUm8fPbdOCXY3PwdLt
in_11VxMIeAzeMhYPFLrBVGvo2F,J9GWO0DZ-0001,cus_g3JwUYPAt9hPho,sub_198yWGsFyb74nQqLvNyzXxoW,paid,subscription_create,charge_automatically,eur,100000,0,100000,100000,100000,0,1,1739150525,,1739150525,1739150525,1770686525,pi_3Y7gWg3z7mxHpjOnOt9AT2LG,ch_3CzzoCpFkymrb09WjyGIV05U
in_1gaoDGIfeTPLgV0InDr7FqT9,AYQAB6PX-0003,cus_KCbjtLunomz9qn,sub_1QKr0OykUcy0ElIimqAvNlM0,paid,subscription_cycle,charge_automatically,eur,100000,0,100000,100000,100000,0,1,1739195445,,1739195445,1739195445,1770731445,pi_39Ffy0YGTL6LYQ2NwNwLIJLJ,ch_3vU03AtNsmlsKRxCFDDcMvNL
in_1lenBO43nx72X4QysCHfjGme,SP8TTK50-0001,cus_Wy0n44wpOvyZ0k,sub_10DS1rCvt7L4aKpWzMBDimli,paid,subscription_create,charge_automatically,eur,200000,0,200000,200000,200000,0,1,1739237318,,1739237318,1739237318,1770773318,pi_3MoF1YAztX7tLKnRkU35F1nC,ch_3MkYYdOPo6T67NlmW2vn0XBs
in_1znz6TfHVmW4zIli4FqolhSG,O9B14PEY-0001,cus_pB1nCA6rhhHeoc,sub_1PcIwVy53j3Qx6ZTAu8Aejlu,paid,subscription_create,charge_automatically,eur,59900,0,59900,59900,59900,0,1,1739274993,,1739274993,1739274993,1754913393,pi_3VRpds5N8wBeizBGM2qVFMVq,ch_3YsVBt2xbA074UCZcybERMZ5
in_1YUOMoVnv2oKgfZMqi9VOdRC,8OD2SA9T-0001,cus_hKemRKPv0a4D3P,sub_1BAkiBhHYijckA0QP2a2v6GV,paid,subscription_create,charge_automatically,eur,100000,0,100000,100000,100000,0,1,1739345189,,1739345189,1739345189,1770881189,pi_3iun2fdwikCosidd9J93dNGa,ch_3zkMBWKBndiqOH6wvZW2vUAw
in_1ydIQRwBVK7z0rB3AU28FRlc,LXFRP4JG-0002,cus_lonF6X0MrZYdDv,sub_14CywerAWBcRkrYdKLAn74rg,paid,subscription_cycle,send_invoice,eur,19800000,0,19800000,19800000,19800000,0,1,1739351617,1741943617,1744281997,1739351617,1770887617,pi_3r3jM17koGpR9Swz2S4gEjwg,py_3KUQzuVbRlkUDwpueRAZDcV9
in_1aD1f6rRpUeo8A6DVbaTuYCx,CJ6CTUY4-0001,cus_URxvlvfu0DCHiq,sub_1xQ99GnWIFAvEGTBgLEXGxOO,paid,subscription_create,send_invoice,eur,179700,0,179700,179700,179700,0,1,1739364075,1741956075,1741101615,1739364075,1755002475,pi_3AdaNqFJiCUaCb0y83Ar3nIw,py_3ZBlqoUFYPjh687xJCkBiAiL
in_1KF3x6pvlAMHsdM66wQtTRtY,0R2IKFFJ-0001,cus_K92tDNmbl8ZdgP,sub_1nnOloQC01PxcvoLbG4A87me,paid,subscription_create,send_invoice,eur,200000,0,200000,200000,200000,0,1,1739367542,1741959542,1741283162,1739367542,1770903542,pi_3n1YWsrMv5HJ04pGI2Wv8s5Q,py_31z4f7kWjPJEE6w7IfXj5lQ5
in_13nJRuHFp1s0zDMRuHcsnaOt,AOPI9Y6X-0001,cus_kslnBARXz391rf,sub_1vfomFUXjGV96CQmaRifG6RW,paid,subscription_create,charge_automatically,eur,59900,0,59900,59900,59900,0,1,1739369860,,1739369860,1739369860,1755008260,pi_3ZLzGC73fwRzvrySMfd0SvjU,ch_315K2tZ9Bn0UTw7N1qewcrlS
in_1jT8D0NzwiX27BVsHQRZgEhf,44KR2A7L-0002,cus_tbUgXrQBgkg7sY,sub_1nX9UMlyO0aI0Ly89aFwzqYj,paid,subscription_cycle,charge_automatically,eur,100000,0,100000,100000,100000,0,1,1739445856,,1739445856,1739445856,1770981856,pi_3XoIDOhnRzRk3kNd6nCM404D,ch_3N0LmLdstSwLbOBkcbHibEWo
in_1Vq7K0NzMPiifZWL1iiZkij4,JPANHN64-0001,cus_u79OzXANnqiUxM,sub_1nafar1f7v9pTQrliIQoT7oc,paid,subscription_create,charge_automatically,eur,119800,0,119800,119800,119800,0,1,1739453379,,1739453379,1739453379,1755091779,pi_3vGSjHQz9K7C9b0UIdl7yQfl,ch_3SDgaSZyN7Lgto1ejnDPRZft
in_1pmHRiGEuskiIQVQRtr5YvsE,79YCQ9SX-0002,cus_LAHgZGfggAGnPG,sub_1zDDEeJxjp18R5duH2P3eKWO,paid,subscription_cycle,charge_automatically,eur,100000,0,100000,100000,100000,0,1,1739458843,,1739458843,1739458843,1770994843,pi_3BrSpyk94Tc5SBgyi7w5zrMh,ch_3XawthfbZwMGI0mdrU4qn7fP
in_1ywX3tiZu7aOvxiPTTrBJ6ns,4TRXE601-0001,cus_OO4yif9Hjp6x4J,sub_1PYuKCZDGmoEm0MiCtQMaqwb,paid,subscription_create,send_invoice,eur,200000,0,200000,200000,200000,0,1,1739468652,1740678252,1740249432,1739468652,1771004652,pi_3iKn0v8UzqVFSCrXQsZg18Fz,py_3qpbdkIOI9gOCLATRrzeprKg
in_1sv6lxH0WSunVSrMDpyiDGcU,K9C3CI1N-0001,cus_z9kNDSlR6dxGUU,sub_1GjtgmNwnIYOzPvPu1X3GtWv,paid,subscription_create,charge_automatically,eur,59900,0,59900,59900,59900,0,1,1739540136,,1739540136,1739540136,1755178536,pi_3SGvSEAKFr8x4JswIEfO7Nmx,ch_3ErOsH8hJyWSOM4kT1ZHdZpG
in_1VpC4m905KoWhsbbsn67OKB2,VRG4WMNG-0002,cus_gGic4pb5uttKzo,sub_1xQzg53yn0nHhKsfNbnL3BD0,paid,subscription_cycle,charge_automatically,eur,100000,0,100000,100000,100000,0,1,1739626386,,1739626386,1739626386,1771162386,pi_3C0MtWMFkVPRgPTIsG1acGE0,ch_3QyiGVI0uXBiTdwhtS4qhX0X
in_12AL8x3J17PQDYxw3fpq7BiD,9YOVBKSL-0002,cus_pQczzSw43rpwXe,sub_1MaQS8Sh1Ev7xmApvwFLuFBw,paid,subscription_cycle,charge_automatically,eur,200000,0,200000,200000,200000,0,1,1739712729,,1739712729,1739712729,1771248729,pi_32T4QhpwkzZ4C61PXQaSVHcf,ch_3KtKyKHnjn5cEYx0LPtmg6vT
in_1MXS3JjXJUvlZL2t9knOem4o,QSSPZHED-0004,cus_09vgUl8qp0SniN,sub_1loUu1zvLiCO5R6DVoDhV9gr,paid,subscription_cycle,charge_automatically,eur,59900,0,59900,59900,59900,0,1,1739714317,,1739714317,1739714317,1755352717,pi_3aDZnvyiRPvVZge0wq2ileCH,ch_3c8qpfAr9BloRm6wksrTPGdU
in_1AixXveMywGArbBHRB4Mcoc1,T002A57R-0004,cus_x6L4ETzEZc542A,sub_1OXQFoYq5aAXnk6dLyEf0zej,paid,subscription_cycle,charge_automatically,eur,100000,0,100000,100000,100000,0,1,1739748885,,1739748885,1739748885,1771284885,pi_37vR282E3MHqSKHZKJm4Rxne,ch_33Yy5dt7k7YIdEItRTrPgQVr
in_1qifCgjFgfRhEbzjwvN9Ag5K,4GKYVXW8-0001,cus_uHk4XJo5OkcwyT,sub_1A71KxQQ3YzUqjDsIEGKLwMr,paid,subscription_create,charge_automatically,eur,100000,0,100000,100000,100000,0,1,1739897343,,1739897343,1739897343,1771433343,pi_3wI0p84VwxP1YV76aef0Hehq,ch_3zKIA9CHWvd0XeIY7igDl1gR
in_1bEVxCyHptUviCDfmF3ZpjbY,Y4HR2AJZ-0001,cus_Vt19YhPxV3b53g,sub_1VdjrWREIFv3T6fGL6ZCqhRc,paid,subscription_create,charge_automatically,eur,59900,0,59900,59900,59900,0,1,1739948433,,1739948433,1739948433,1755586833,pi_3Zb8k9sNkDOd6ISpeTkGpStq,ch_3rCzbSdwY1vgURH9HefIxu8V
in_1yZmusrHKNM0N3aFS3iKSPm5,VBLQBGVP-0002,cus_ToDAadWfig2zT3,sub_1ORyeq1mxSgB6jlzw27mnDL5,uncollectible,subscription_cycle,charge_automatically,eur,100000,0,100000,100000,0,100000,3,1739960012,,,1739960012,1771496012,pi_3kqGV4jUmahCLjChvaVXP9so,ch_3vAEkRIOKsPfcnN6cizsHG51
in_1jznSw6miHl8xB0fLUmppL8b,18A8V78E-0003,cus_XNsr0uL3YXDPox,sub_1p0GPnir0jkYwAbdkFO48dAH,paid,subscription_cycle,charge_automatically,eur,59900,0,59900,59900,59900,0,1,1739977009,,1739977009,1739977009,1755615409,pi_3mnQuWUIYEv1Ndx0hZxk90VX,ch_3ROa5AGSPTQlG7AdTe661LpA
in_1vGWUaAtzygei7pj3hwEnISu,2ISU0Z3I-0002,cus_qvwQR6muQzC0Pz,sub_1LJtEobOJpCqWCrx39JNejqd,paid,subscription_cycle,charge_automatically,eur,100000,0,100000,100000,100000,0,1,1740033974,,1740033974,1740033974,1771569974,pi_3hQUvlLakRTgdI7fIKP5snIe,ch_3V98fs34XJSJCauOqH6a6rpf
in_1gIt2HBHNITt0GTCdYrkDzCF,KAW964Y6-0001,cus_6PWNdySPMD8QND,sub_1pZkwJCd9jaTpoM6xDwhpIOe,paid,subscription_create,charge_automatically,eur,119800,0,119800,119800,119800,0,1,1740065656,,1740065656,1740065656,1755704056,pi_3As1CBsnDjENHjYDitTROrl5,ch_3za08rVCHeTdG1BsxKgs9FBd
in_1Xbmc7f7t6TDWTND4ECMhcIX,OHC2D4FS-0002,cus_73v5xemaMOy3US,sub_1kIHLMSU0LOAVPUowfuR8AOl,paid,subscription_cycle,charge_automatically,eur,100000,0,100000,100000,100000,0,3,1740076716,,1740768576,1740076716,1771612716,pi_38ziXwdujjgJ4eAS1xDHbRuq,ch_3TofwJW6Bbpq1XxDFF6eqq2X
in_14m958OKwQdHLU3Bw32HGTj9,7T5Z7NC6-0003,cus_RZOjxJRQOdAjY1,sub_1lTmoFNgSE8SSX6eMOi1oR3Q,uncollectible,subscription_cycle,charge_automatically,eur,200000,0,200000,200000,0,200000,3,1740078046,,,1740078046,1771614046,pi_3jVCVAjPTNCXUAzjeHcHvwoM,ch_3Ho0Sc00g7HzfweOrFwt2Ykm
in_1PoIxY12xa70zXdHxDqHdpH8,V2FR1ZEE-0001,cus_MLrVMJN2E07pAS,sub_11vaknBceah9n4HljyMUvUfl,paid,subscription_create,charge_automatically,eur,119800,0,119800,119800,119800,0,1,1740139281,,1740139281,1740139281,1755777681,pi_3ob3XlffAMTswrXBNxZL1RdR,ch_35lNiDF8gUYsrKGhexckQwRt
in_1RGO0I5pKO9pCuucLcISoblm,RVGQKWDY-0001,cus_Lz9qpJsVKng0lU,sub_1aVxbsz7adLAy6Jh7CqQ6ys7,paid,subscription_create,charge_automatically,eur,200000,0,200000,200000,200000,0,2,1740250023,,1740250299,1740250023,1771786023,pi_3XUCt9DY1t2IDlXZ8gQwAVCS,ch_3cs57peYxsxskXTPBzrMJN11
in_1GNMY1a9oY38Rqou3sRoKqxq,47WJQNB7-0003,cus_AOiyDPKRfIFtIy,sub_1gvQ8zjAmxoHSrQ4s7e1CREU,paid,subscription_cycle,charge_automatically,eur,200000,0,200000,200000,200000,0,1,1740409071,,1740409071,1740409071,1771945071,pi_38Xa1mB4IobSaVqDw1cjbNNx,ch_3tEQiVlp3sdH4q3AG4BrPmYe
in_1A5MYIUGsoeyzpgIEoSwBnNP,PLMURGCY-0001,cus_0FWpviM0HRLzql,sub_1P9CdVKd2m32NdeJRYQ1Fiea,paid,subscription_create,charge_automatically,eur,100000,0,100000,100000,100000,0,1,1740414469,,1740414469,1740414469,1771950469,pi_3Q4y7kJdz5YUZCivmAv8owdB,ch_36cA7CbA0sgP0U0aEpwVH3q3
in_1KMBowIRsY4ohqyrceVbktoB,8KFETYMF-0001,cus_Fz0Dth489jfHYN,sub_1mnAYWtm5LPkYSNYxc4vs3cq,paid,subscription_create,charge_automatically,eur,59900,0,59900,59900,59900,0,1,1740468524,,1740468524,1740468524,1756106924,pi_3wprkNWkQhXTbpx7lebR4EkI,ch_37VwUcUPrVF8CnoyhdfGpdhd
in_19UrWShiOTWDa9CsTEHdhlML,8TYQB7BV-0002,cus_dJbTVelvwKsPXF,sub_1A921yPBaGL0Kb5DgHZXWE06,paid,subscription_cycle,charge_automatically,eur,100000,0,100000,100000,100000,0,1,1740585377,,1740585377,1740585377,1772121377,pi_35IaWi20iXeR7BRztd3wO5ts,ch_3WAJiG6LxvoyzQ7WtCp06CHM
in_1R2gKPmqqU1JokIPzdN6sJdy,W83SZNM2-0003,cus_S61rosTOnduRgT,sub_16qezF5E7X55CypHt6bLt5Yq,paid,subscription_cycle,charge_automatically,eur,59900,0,59900,59900,59900,0,1,1740632109,,1740632109,1740632109,1756270509,pi_3col5CYaeYe3ztTdBS5pfDiD,ch_3sKW8OG5ndvtOfB9QQNClvV4
in_1370ShGLz4bvWoZRh3rkFXLL,BZ1EQLPA-0001,cus_HEXzvponr3kDdV,sub_1PG7sRPtiuBrOGOC5rN4KVzr,paid,subscription_create,charge_automatically,eur,59900,0,59900,59900,59900,0,1,1740652283,,1740652283,1740652283,1756290683,pi_3rLp7tTFgMqSolQd1D0tAqRS,ch_31iz6JDWiDeGApkuRRPJj6lm
in_1Yh2RDVaH1vtjASDkjhDLIhY,5YZG4KQ3-0003,cus_0j6nBJ05at50fz,sub_16lctyXydNS5IDzZt4SlEhTW,uncollectible,subscription_cycle,charge_automatically,eur,500000,0,500000,500000,0,500000,3,1740725631,,,1740725631,1772261631,pi_3qemWQYkGkxUGOpygpNV4tqR,ch_35FCd3TE34AdJmW2TkGlVyEP
in_1YL75PZ8KGjsFrbDvwyv726K,M4IQWSWK-0002,cus_oiKcEwPRdZeswI,sub_1wjQtBuLKtHf1s2GLtzdJnFL,paid,subscription_cycle,send_invoice,eur,200000,0,200000,200000,200000,0,1,1740760271,1743352271,1741643771,1740760271,1772296271,pi_3rVo9VYBu6wvYy8Et64oaVO7,py_3VNBA411QpBOA8stKn4RrabE
in_1r33tTorjYNQpYxxH8zwz9Oj,ZSVA1BPF-0001,cus_k7HS1HUe1el2go,sub_1DSvnbxHtnkSQFSi3tvHDvby,paid,subscription_create,charge_automatically,eur,100000,0,100000,100000,100000,0,1,1740813762,,1740813762,1740813762,1772349762,pi_33vA3BaeKsvBAsrLDFswkf0C,ch_345z0jAbpyY9zVPGTo5Wmogz
in_119jEzinzZgrAjuzhOSMLPRQ,QN243UDH-0002,cus_oO0czG49aUvecw,sub_11MpDKcvR0jM36qtZAfPLIn5,paid,subscription_cycle,charge_automatically,eur,100000,0,100000,100000,100000,0,1,1740927547,,1740927547,1740927547,1772463547,pi_3TxBr4dgLPJqfdHKJDTzu4GO,ch_3MCxrmGfp7ytFmlvtrv2IYE9
in_1YEr17080UG1LMlIEYFHWm9Y,X19MFGLG-0004,cus_ak0KsBYUqa9Lu8,sub_1ZD1qpWIcjQECSVhdnhjh1KS,paid,subscription_cycle,charge_automatically,eur,100000,0,100000,100000,100000,0,1,1741077190,,1741077190,1741077190,1772613190,pi_3kQUXvGRv9qsDY8bydqN29C3,ch_3aR6MgH4UIqgHbVgOQDhVxrv
in_1MLS9KZ9iCwY4gl8tL1Bk0Rb,MDCJM97Z-0003,cus_2J8JSR6CwRVRjk,sub_17m4wrG8KbfaGOsX3rwPRdIJ,paid,subscription_cycle,charge_automatically,eur,119800,0,119800,119800,119800,0,1,1741080382,,1741080382,1741080382,1756977982,pi_3nRw0NXL3zcIZi5FjpdKQOry,ch_3OwPeiEsVbw5JnzxTRfiBnSq
in_1Kh3qIASOnE6vMoOYh7DhbBZ,PQZEGCZG-0004,cus_XbOX8tewq9fXaB,sub_1HDkc1KLVr4nNq70kRdGU5VA,paid,subscription_cycle,charge_automatically,eur,179700,0,179700,179700,179700,0,1,1741102787,,1741102787,1741102787,1757000387,pi_3tHLDQaBbe5IEdppGvS2sM7W,ch_37gFWQMyk7JkDqKaKHPxU6yT
in_1anm77ZFDMwdRJlKraxkxrBZ,3XVDH0CD-0001,cus_f6CcqYDoi1h70o,sub_1CvhZ5Cez2G29O8CVpuM37yu,paid,subscription_create,charge_automatically,eur,59900,0,59900,59900,59900,0,1,1741152845,,1741152845,1741152845,1757050445,pi_3dyaAncwiwxJ95O2ADgS0GAX,ch_3Z3kpa0140NbYQza0s4tPhLE
in_1krtGb0TrLGnLTjKCRqHz7E5,CTRPQZ5G-0001,cus_x41zHxMtcD2l4C,sub_1R8yjr4IdpF3e3j2CMB8AJP2,paid,subscription_create,charge_automatically,eur,300000,0,300000,300000,300000,0,1,1741177022,,1741177022,1741177022,1772713022,pi_3v0JFhWF9Rj7QCVbFUtRC6QE,ch_3iUgyRmNSqgALMKd37E7Gu5T
in_1ijGdySPPGQJUFYjEV8nfusG,RW6BVOSG-0001,cus_bdftxOpFM5vuNO,sub_1W0f6l6o6CgHk9EFFTAAULUN,paid,subscription_create,charge_automatically,eur,100000,0,100000,100000,100000,0,1,1741185455,,1741185455,1741185455,1772721455,pi_3y0moTRc9dPI8izxXwJbseVy,ch_3tR0kctHW7W3hU9y2lTJkjhi
in_1Sc09nHPKKTy77aHOCXolTV9,PP6NI9XI-0002,cus_3ovGetxlrwe0e1,sub_1pc31qFo2m1Fm4AJzy95VsW3,paid,subscription_cycle,charge_automatically,eur,100000,0,100000,100000,100000,0,1,1741196030,,1741196030,1741196030,1772732030,pi_3B5GffYqyD4XSWgScaUYTJgB,ch_3J47D6XjKNhy7jgiK3cHb8x7
in_1z80Pi9h9gxMhtYCkcvC9oqw,OCSQOJ8E-0001,cus_NBFPe8ugbheYbz,sub_1greZMjGe4uZ7ERSiBwJbo08,paid,subscription_create,charge_automatically,eur,59900,0,59900,59900,59900,0,1,1741270965,,1741270965,1741270965,1757168565,pi_3a5rsCrzMmJBeTw9oYmbPmox,ch_3esvMWoFH9xtSXPiD0M7hXyf
in_11QFy1WZn58ygaTeTFL1F2fr,CPAXLQTK-0001,cus_PIrP2UmFKB96cO,sub_1J7aTM3qcWFC7F3gh1s4CJM7,paid,subscription_create,charge_automatically,eur,100000,0,100000,100000,100000,0,1,1741436587,,1741436587,1741436587,1772972587,pi_3EERAfcoebyDWSq7ErN46TfH,ch_3B9q0tv3HaFuPXe7Kcgs27j3
in_1msXkGhKWrFQcCMbi5YSajDv,42OMGYTT-0001,cus_8RIBnDrSeBt3hL,sub_1MK7AlNLFwecZJLs0TIbvF5C,paid,subscription_create,charge_automatically,eur,100000,0,100000,100000,100000,0,1,1741540802,,1741540802,1741540802,1773076802,pi_3gTTYNYJOHAGOEAzVgpgds05,ch_3NtzAQKoTXI4k8o0YZb6LAgQ
in_17ldKvFDVAgje7PNhNrYTef6,8I5TALDF-0001,cus_qOEJRB5sUB2pr6,sub_1SZi5uqej4lo8yQmKVPj21CO,paid,subscription_create,charge_automatically,eur,59900,0,59900,59900,59900,0,1,1741623075,,1741623075,1741623075,1757520675,pi_3iTdoGKHfWB1eJl86lG5Lb4N,ch_3bCovFFeHKTuYEp2mi9gpIAt
in_1Cwb3iRjkyeBiOG356OBu30O,HNW3YWUG-0001,cus_wqAEYPPFllJNZT,sub_1fv2BiBTKm81yCNmBsmFJPxu,paid,subscription_create,charge_automatically,eur,59900,0,59900,59900,59900,0,1,1741626750,,1741626750,1741626750,1757524350,pi_3DeAcXkoNgdsPkfBMSPI0dce,ch_3qu6WrcVYCfxu8sgNv5WPN5u
in_1AWxKwvcHc1d9VPZkjNJQHUR,FG7ZLAIH-0001,cus_kJgOwpz012ys0k,sub_1i4Azvhe13CyV7WsGA8he0tG,paid,subscription_create,charge_automatically,eur,200000,0,200000,200000,200000,0,1,1741682605,,1741682605,1741682605,1773218605,pi_3l87xGagQM0P7glSffqsDmfn,ch_3pFVg5nJSfg24uPKIo1mtjKN
in_11S1nHaGOWKTOAz7OdoyOEsX,OH5SHSP1-0001,cus_JUlKcbFF6cFWqj,sub_1z9wOQPQt1Cjt6UR1uGJ8qCz,paid,subscription_create,charge_automatically,eur,59900,0,59900,59900,59900,0,1,1741684378,,1741684378,1741684378,1757581978,pi_3MIhcuXaJRVkpvewvao0ncMb,ch_3wZey0xPeQCSEu14YtkWmHcp
in_18O8q47nbX1Zi2PRiClJP4hr,2PECOPNL-0001,cus_DtVg8jPJpnXfeC,sub_1E40MIs5MzYWKK8pWPbls1Pf,paid,subscription_create,charge_automatically,eur,100000,0,100000,100000,100000,0,1,1741716213,,1741716213,1741716213,1773252213,pi_32aPb8JPIvrcSHnfx4ZE6Hkx,ch_3zFT4HQ6cMSDcjh01fFJfbIV
in_1x8GWIoT90Wsctva1yCp4Ms4,OSX1RZ6E-0002,cus_GoKgpfmrZHRqUf,sub_1wzY0RqyknNR5LguhCPFv1ri,paid,subscription_cycle,charge_automatically,eur,59900,0,59900,59900,59900,0,2,1741718385,,1741982205,1741718385,1757615985,pi_30XLIaQGI1utUMHTqf5xJJ3y,ch_3ATqViLVUe7zV2sEQyQzN24h
in_1iEn9tEeD8LpRoYRSZJ5X6jM,4G4OFUG4-0001,cus_0D2oWbJ51eT4Ob,sub_1LjHgCEa1CVogKlKAulIMgzo,paid,subscription_create,charge_automatically,eur,100000,0,100000,100000,100000,0,1,1741726417,,1741726417,1741726417,1773262417,pi_3FBOYf2WkSAIxEz8Fwdu6Gu4,ch_3SUKPufL1mgYXrDFMVEuTncl
in_1y9dHeU9TrQO7RTDqPmRePeQ,ARGJX610-0003,cus_dauZvUIhDLW4fW,sub_1i8ZnPYIVZbprtxrxj9hJXHJ,paid,subscription_cycle,charge_automatically,eur,100000,0,100000,100000,100000,0,1,1741849226,,1741849226,1741849226,1773385226,pi_3PPUTkibEp1p3Hpmd733NV6Y,ch_3pkXp2QUVJ8ORbdeZWEDuVgd
in_1WRZ0ShFKXHaDgVX5OPurWM4,S8L6D0SI-0002,cus_5IO2cJYlV7kIdQ,sub_1pJixzxcPFWvtW4rUaEx9xI6,paid,subscription_cycle,charge_automatically,eur,200000,0,200000,200000,200000,0,2,1741861767,,1742122167,1741861767,1773397767,pi_3HVPNzSpRFS10li0g1uFvUcA,ch_3ToFYL5M6BIjp0jw52fTsRxG
in_1cHXEh9elUSZyO07XFdWLszk,6ZEG9UCL-0001,cus_zQyaA0WGcRvZ6l,sub_1sbKDnGPeraPRpfHu6HVMD3h,paid,subscription_create,charge_automatically,eur,100000,0,100000,100000,100000,0,1,1741880568,,1741880568,1741880568,1773416568,pi_3LlHIGhdHTpv9HypDGpugT03,ch_3eaBBizFDjHJeTiS4k16pLS9
in_1DXuZPzO2T7r5K89sM1EVHJ9,O709GK0A-0002,cus_xALvAYaqYtcNbW,sub_1kEoJDszKRlcFTZ7LuhGdXyU,paid,subscription_cycle,charge_automatically,eur,100000,0,100000,100000,100000,0,1,1741890299,,1741890299,1741890299,1773426299,pi_3cstoIUfYZQIby6wY8qOOu2J,ch_3c7BHaXMnW9aPF5JoAmSym2m
in_1usrq8pPuJmOHshO0s1sV0qu,1IB0ODW7-0003,cus_22v9ETI4XRx3MB,sub_1PxH3V89AsgZwMWSodPP333o,paid,subscription_cycle,charge_automatically,eur,100000,0,100000,100000,100000,0,1,1741926522,,1741926522,1741926522,1773462522,pi_3074mk1UqDDyDzLYlpWMlXHx,ch_3nmdNs23btx37kzrMCeNWrMC
in_1zJIai4vXGWn5HwpMBadbFoY,Y5ZUPXVK-0004,cus_yHhyXUkUpGwSVt,sub_1l5YRn71x49zYDIJwAIUw0HK,paid,subscription_cycle,charge_automatically,eur,59900,0,59900,59900,59900,0,1,1741953459,,1741953459,1741953459,1757851059,pi_3QTjo0ct57QgjkD8IN77ezFq,ch_3RsDcX4OdYEkAiM5FnuqJNKU
in_1hlF46UK9gN8uQ88Pb7ejvjF,D8SSQ9TJ-0001,cus_OpQ8BMcrK559MH,sub_1LhY0Affds0BzTDn9zZ8pITB,paid,subscription_create,charge_automatically,eur,59900,0,59900,59900,59900,0,1,1741956282,,1741956282,1741956282,1757853882,pi_3fKN2TRIVwXPVV720PIOej1x,ch_3GMeog9W7AFU10MCai9HKJpW
in_1bmf3MmUKay7j2PIALGKWiIY,3FOONKJ7-0001,cus_gY1XweZ6kEpfOa,sub_1PPnMewT9PsNGQQuajCtn9d8,paid,subscription_create,send_invoice,eur,500000,0,500000,500000,500000,0,1,1741958942,1743168542,1742765702,1741958942,1773494942,pi_3w5zAKZcvhBUTseI8YzF0Ej2,py_3euwWm4hrsJ3C5ockeMaQ7j6
in_1pL9eM7ZoSwFbPHqneZyp7kx,JYJW87YV-0003,cus_ZIil6tzf2pISHx,sub_1q1RKOcbyVTb8UiFzzX4KdHz,paid,subscription_cycle,send_invoice,eur,14500000,0,14500000,14500000,14500000,0,1,1741966287,1744558287,1744323447,1741966287,1773502287,pi_3dlCm2nXETY33RhrB7N2e943,py_3PanfmK8dYLkNxGwoLmSeHHI
in_1h3oSZKJiOIHX91X3eihBPNV,G2EYOZBO-0001,cus_syvs2Y9kGqsLAx,sub_1iIHsNpY0nfeFJNM76dXI5Ql,paid,subscription_create,charge_automatically,eur,100000,0,100000,100000,100000,0,1,1741966708,,1741966708,1741966708,1773502708,pi_31KaOK1zbM95SBViLvsYxPnd,ch_33JXtgyPauR8Xpn3FR87WTZU
in_1QH6U3Wpm9BLt3GGKwjFajzn,E6EB30OD-0003,cus_XTpJJ90dZvXbPf,sub_1IZIs5HJuLUbc4CtFi9LZqLl,paid,subscription_cycle,charge_automatically,eur,200000,0,200000,200000,200000,0,1,1742021716,,1742021716,1742021716,1773557716,pi_3eB43JF7OyebJMr8nqX1euI0,ch_3dwJuPCzMvexw4EPGUIug9WP
in_1PWx1uQKVdqcAkgNn9eDrkm2,HJHS5965-0002,cus_bhTRrro1XKM9hy,sub_1uVEAz7VUF3OSKE0iZAKLYbQ,paid,subscription_cycle,charge_automatically,eur,200000,0,200000,200000,200000,0,1,1742032485,,1742032485,1742032485,1773568485,pi_3Z3BpyUF5XKCyJTe5C3Owe0z,ch_3qu0hSlykV0mdjlk1Tp7ELiU
in_1c7bfzN569euvWBcs1iHShU4,IWOKIP67-0001,cus_JjMa6RyWZ4RIpD,sub_1DNAcI2OjSHpHiYisR1BMnlZ,paid,subscription_create,charge_automatically,eur,100000,0,100000,100000,100000,0,1,1742054782,,1742054782,1742054782,1773590782,pi_3uL3R70f5VwlXQ7QRHXUdzQ1,ch_3BZTFxzSxNHilsIpkRphjOAB
in_1tRCx8bncubhiMbMnQymsNrT,PLKHSC7V-0001,cus_yLBgByW9SXhYeK,sub_1rYQLJtKh6wD4sipDHbro4Gq,paid,subscription_create,charge_automatically,eur,59900,0,59900,59900,59900,0,1,1742205530,,1742205530,1742205530,1758103130,pi_3pNX8odG8ytsVOCNJQaiOtgT,ch_3O0PmJlwwC2zr4epvqA6RVmp
in_1lU27cmBWWUlG6eYKMCEJjdK,A46Z0OFX-0001,cus_PMcR9KPic6OZ0G,sub_1YOa0X6X8YlzhO13fBTVRuA7,paid,subscription_create,charge_automatically,eur,200000,0,200000,200000,200000,0,1,1742220069,,1742220069,1742220069,1773756069,pi_3RTFUIoe4sLKi0cFrfUGbPY8,ch_3K7ZN1j7V5lJqzGCYBgtqIPW
in_1HZ4HqfUd46MYY4yoJGAzAhu,9EVVNTM4-0001,cus_5wCXszJcQhzq2V,sub_1eQ2F0Z2qzNkcy4bkVDzArqG,paid,subscription_create,send_invoice,eur,119800,0,119800,119800,119800,0,1,1742308374,1744900374,1743967434,1742308374,1758205974,pi_31fMniL6n25bN3OgXrLcbm1i,py_3YV9wmYAXu99ZqXrvLAptHT5
in_1OjjfhwjE555iAffCQYFaMvr,GCL3RUUG-0002,cus_wJhDIXZvwDfcw5,sub_1QWa35DcUesahpb5BbH8ochG,paid,subscription_cycle,charge_automatically,eur,100000,0,100000,100000,100000,0,1,1742313623,,1742313623,1742313623,1773849623,pi_3QYuNx109P6bo8znM7ckdGP4,ch_37jxXbEwpUe6VKwN4oNcotTC
in_1TbGski0EJSouca9SUQXDGCB,BX1T1425-0002,cus_YPCXAOXCdZFSHu,sub_1HG8KW8xHI977oAUP47eT3Ll,uncollectible,subscription_cycle,charge_automatically,eur,100000,0,100000,100000,0,100000,3,1742383664,,,1742383664,1773919664,pi_3ZDPcggYGASQYl4TT2wOT72I,ch_3JcJ4HOg8BhgkM7nkxkmGox3
in_12u8HiE5S3e4WCGoq3nAZdgL,MHE91WQW-0001,cus_W6fH0489SfzOKy,sub_17btGNQeaX2ntVmMArpOfVLX,paid,subscription_create,charge_automatically,eur,100000,0,100000,100000,100000,0,1,1742384817,,1742384817,1742384817,1773920817,pi_3tbOtpuWcPs0UMZld6eCs9yc,ch_3GXl1MWUYDq8XEeCfgk6LtgV
in_19I3EQ7xFiWI4WM7TDRILW4u,OV8D72XG-0002,cus_hdC3Hc8NCw8Drc,sub_1yt3kGClAwYdnC8XHiw9vq9R,paid,subscription_cycle,send_invoice,eur,179700,0,179700,179700,179700,0,1,1742398036,1744990036,1744218016,1742398036,1758295636,pi_3pj7g9Lu4AKhE6zTSjtzjgke,py_3NL8CgKqctjY2lgCj4yeuE5B
in_1fyXKdpPmd1DdMJWhuIzMSkI,W0XLQKBX-0001,cus_Yx4YCEPZi8O2Ox,sub_1rktSFojZzONBWC39l5HP1qt,paid,subscription_create,charge_automatically,eur,100000,0,100000,100000,100000,0,1,1742459576,,1742459576,1742459576,1773995576,pi_3tXJR8J0tAFwXTVSNt8QfytM,ch_3ZgpDcbNQqMEc0DQ8qe3oJN8
in_1Kp1Zx730wJiywbYaWnplqDQ,7JVNWKE8-0002,cus_OsWNmq0sqUg97n,sub_1HfXfIVwSFcFftgYq58e2L5U,paid,subscription_cycle,charge_automatically,eur,100000,0,100000,100000,100000,0,1,1742461499,,1742461499,1742461499,1773997499,pi_3fl0yvEcaNUAXgToROA13Z9y,ch_36pBiiEp5816Uny3a8bSywXX
in_1baqPNdONpRGBnIoEFdEQtoy,TEJNFKOX-0001,cus_3RYxxNn0lTdRsD,sub_16Ulk1bhqRoszGb4A9385dr9,paid,subscription_create,send_invoice,eur,179700,0,179700,179700,179700,0,1,1742552981,1745144981,1744973921,1742552981,1758450581,pi_3Stgq6FZ1YSUGf3x2Bx2WCjT,py_3aVc8DPU0sTBi2uchPDcV4qD
in_1ciIrxD8IdJuIuYlWRg0vIYb,VJTYKGEN-0001,cus_LWyNEWEDoYpxdy,sub_1kMMAJrRw4AfiBYwZylUUlog,paid,subscription_create,charge_automatically,eur,100000,0,100000,100000,100000,0,1,1742587292,,1742587292,1742587292,1774123292,pi_3EipZ5ZpHTkNkrqiuiEktBoo,ch_39YdPFlqeWBQHUhTQ02aYucP
in_1K0imCWjZKuBTPK76Uqd4Ye2,RJDKFUE2-0001,cus_NAZqjb9woA2C9V,sub_1P6Mnaj6rbLdprDbJLp6X1ha,paid,subscription_create,charge_automatically,eur,100000,0,100000,100000,100000,0,1,1742587736,,1742587736,1742587736,1774123736,pi_3HQs0Fu8Dl51lueBXI9tPAsy,ch_3hk8hGefuArsZqvjTJVXGELr
in_1Qm0eUakswlzbmnkFHQPWwTy,JF08XJ0F-0003,cus_Qsv6Rp8nOHXM4C,sub_1MZHZMVDwFR1FKJflQ0EktZZ,paid,subscription_cycle,charge_automatically,eur,200000,0,200000,200000,200000,0,1,1742592283,,1742592283,1742592283,1774128283,pi_3fN2bCYBSXZEKxiiSzBUTVmI,ch_3Wwug6o5P5bMR1wTn4O5UPWh
in_1Hf4s8Zvbk8r8eVXoPWPfCWZ,ZYMV3B4X-0005,cus_u2J3hMTRwIxAoi,sub_1A8Qw1osSxBYB8zNcUYD1IsG,paid,subscription_cycle,charge_automatically,eur,100000,0,100000,100000,100000,0,1,1742641169,,1742641169,1742641169,1774177169,pi_3diTP05G3tTZfLxzhIY03Frx,ch_3Zhdez91Z6Sehhl2D4IDSusw
in_1C7iAiFIDeCRD7HrwqyO1AZf,4DA4RI0R-0001,cus_v1pCXPVUzh9H9b,sub_1qbblxklo6lzYeNuA4GbMPCe,paid,subscription_create,charge_automatically,eur,59900,0,59900,59900,59900,0,1,1742749248,,1742749248,1742749248,1758646848,pi_3nJHAe2BdLWnKokwSpdedMjg,ch_3vb2p7M2eEDgW82PRDHQVMQI
in_1ltDJv94ckiUHzAWjBAMj6pr,5KATZ2ZE-0002,cus_Mn9cnN8tgp3nZw,sub_1DOfdhzzOCo1kvT4FeJyZk7G,paid,subscription_cycle,charge_automatically,eur,59900,0,59900,59900,59900,0,1,1742815690,,1742815690,1742815690,1758713290,pi_37jOXrqdRMumMNM95mAXrcG8,ch_3rYV5nsfoDdd2Vy08GOpwppr
in_1iWvahWzS4rn7DCxGzM35jTn,8ZDZ83P2-0001,cus_AmnanU0MUVI8C0,sub_1sd8yFddgC3nuvg7KNOJrKb0,paid,subscription_create,charge_automatically,eur,59900,0,59900,59900,59900,0,1,1742827461,,1742827461,1742827461,1758725061,pi_3t615lwkoax5WlpUDpNnujiw,ch_337pIGyCDGm4vvl2jARXOILd
in_1nNbgnjMPVAHFGjsP8CYXjTy,DN0XII0B-0001,cus_isdMCy6mNeUBYB,sub_1su2FQ6xbiHHgj2BnJQrNKTd,paid,subscription_create,charge_automatically,eur,100000,0,100000,100000,100000,0,1,1742896222,,1742896222,1742896222,1774432222,pi_3HJEMa9RcDb4MwKPuBOOVbPU,ch_3qEqTLLj5wzjP9DrPumNSaKq
in_1StfYsS5LyGNx0eJ3e5YW4Hc,K9EQCZM6-0004,cus_cBgyjKueUbertW,sub_142xbojjdOkfJdOKxWoDSoFR,paid,subscription_cycle,charge_automatically,eur,100000,0,100000,100000,100000,0,1,1742915921,,1742915921,1742915921,1774451921,pi_3oS40ZO1VNlotDJZLz9P6WC9,ch_3jl4oa8P5JAtRsoRXv9y0vET
in_1vGFnHRgMf4AYc3gxrE1LYqK,2WHN59S6-0001,cus_8bkga5hWk7gvVP,sub_1gZFW6geju2UiofkHFjEiUhQ,paid,subscription_create,charge_automatically,eur,59900,0,59900,59900,59900,0,1,1742982989,,1742982989,1742982989,1758880589,pi_30HtG64vm0v9bPf4TITgUj4v,ch_3IPZFy540CSRS67W4cxfhjvd
in_1CV9ZppYiX6mH6OoSqL8QXlb,CO36GNEH-0002,cus_JQGHhbNY6dYblE,sub_1EXqVS2tD0dy2tx0pEo8Ly4I,paid,subscription_cycle,charge_automatically,eur,100000,0,100000,100000,100000,0,1,1742994387,,1742994387,1742994387,1774530387,pi_3FHzo2k5ubF5wYUNK1O7TRI3,ch_3NtImv9gtG15OghaGKhSNUZg
in_1kE6QkXGlsCzurKnz81kj6je,HN1NJRH5-0001,cus_hafZvWSAOcPNJZ,sub_14LAmdJaOaG7a6AzzsYcwTIu,paid,subscription_create,charge_automatically,eur,119800,0,119800,119800,119800,0,1,1743065041,,1743065041,1743065041,1758962641,pi_33sCSKz4lV67zuMq8NVKN9hm,ch_3qYeeHWoAPRKmeJBDpRZ0t8W
in_1jspJcJEXP0RGI6OYYsI5T7R,39R7K8W3-0002,cus_jW27agLArFTLwX,sub_1RXAt6yL7vlfIC1vjxvkI82Z,paid,subscription_cycle,charge_automatically,eur,100000,0,100000,100000,100000,0,1,1743080720,,1743080720,1743080720,1774616720,pi_3G8cqc990fFsmUgrCcXGMyRp,ch_3vwpvZsHZt5vNfXTb2wSDx8c
in_1ZPENhUXbxDhJmDAw92lVldB,5WBUTAN7-0004,cus_AFUcn30mP6R7AG,sub_1xQbzyFfvrJ541BgF4oK0qor,paid,subscription_cycle,charge_automatically,eur,100000,0,100000,100000,100000,0,1,1743091850,,1743091850,1743091850,1774627850,pi_3rC8vz2hdApIibfAUaU3Pv4F,ch_3HIC7IT386aO3Nxhis6kex8p
in_1htTEifBz2AD2GGDX0kPTFxz,IZUGDWC8-0002,cus_E8WmUIbdHs4o7O,sub_1QGfptLTHmuo51q9QGhPJHEN,paid,subscription_cycle,charge_automatically,eur,200000,0,200000,200000,200000,0,1,1743148976,,1743148976,1743148976,1774684976,pi_38y2K5LAIPdfoFBPCCejEv9r,ch_302Ka5422RKMin3NLkhxN7Li
in_1hSbC1j8zAO5HLf0R1fKpq4M,2GD4C54W-0004,cus_M8OvVc1W3PJNn5,sub_1LDXP6m7IbqIsM3gh3xG9bxJ,paid,subscription_cycle,charge_automatically,eur,59900,0,59900,59900,59900,0,1,1743167849,,1743167849,1743167849,1759065449,pi_3KhGyAgvA4im3M97HxL0bXqt,ch_3DbeliAo5RFbyQfc9549oIcZ
in_1arKpXd1ovLUkcdzsJqu0EHA,RFSUIH6P-0001,cus_mvr9Bbpb7FUY3U,sub_1tKNVqMooT8rwUKvxoCm35zC,paid,subscription_create,charge_automatically,eur,100000,0,100000,100000,100000,0,1,1743170349,,1743170349,1743170349,1774706349,pi_3YQrb6ABBArelvqupMXdZ9TQ,ch_3tbbdSzW6itKKVr3PCEtJhlK
in_18mXPlQAC7WhjllvtjWZtDya,I1LPQ84S-0001,cus_9bPYIZ1p8aguSi,sub_1YJPKRIWS2fFB3wjBBr2zIbN,paid,subscription_create,charge_automatically,eur,59900,0,59900,59900,59900,0,1,1743411057,,1743411057,1743411057,1759222257,pi_3G7tq39IS6V969Tqb0RXoJ0N,ch_3c3vO0u8y7rQuWjb9M2kucg4
in_1t2KttjEB9V6enwdVFsP0QnA,WWW79DPR-0001,cus_TN60GWkKNa3s7C,sub_1FYesu4mcKNxmYgCoJENvqTj,paid,subscription_create,send_invoice,eur,200000,0,200000,200000,200000,0,1,1743412982,1746004982,1745166482,1743412982,1774948982,pi_3KbyeDqCdHnEopX7U3SJdq7R,py_32vpRYeYFq1PtWZGwdAtXVli
in_1rXu7dgjqGTLzVD4GQrIyBlQ,WJLPO4RD-0002,cus_7OEPZmsS9qZmk6,sub_11lnsGwZv3NwtEAOj6Nafhhz,paid,subscription_cycle,charge_automatically,eur,200000,0,200000,200000,200000,0,1,1743625278,,1743625278,1743625278,1775161278,pi_3BFQfxJI29EwsBMDO2M6GlBP,ch_3ZG9ESCkKEhaZtLDBzrEL5uQ
in_1LuHbcr50V52hIl5iRUdXJz4,EUO69670-0003,cus_txWZvAjpLtGymu,sub_1iP6MizQlgsmscQ5tB3yTBcZ,paid,subscription_cycle,send_invoice,eur,100000,0,100000,100000,100000,0,1,1743678593,1746270593,1745338073,1743678593,1775214593,pi_3BGoECNkQI8uER6TkENAZjq1,py_31uDf1bGyT8tOKptpsD6wSf5
in_1vKG3n8YJyEwjj18xASIpzSQ,9FISTLP6-0001,cus_DItkTbRUzxX2cm,sub_1Bkfj6y4MMXaSXzWaxnOvJED,paid,subscription_create,charge_automatically,eur,100000,0,100000,100000,100000,0,1,1743694922,,1743694922,1743694922,1775230922,pi_37OHeebioMfUkxWXq7UgjVkq,ch_38uMSotVMw45gOXuS0RUFqJw
in_1eP5gwWHPoauJ8DfLJPnzTBO,VQZY5B6M-0004,cus_Uh62hPZ96nMJ6x,sub_14xz13Ntn5zD6vycGde96QVH,paid,subscription_cycle,charge_automatically,eur,59900,0,59900,59900,59900,0,1,1743698713,,1743698713,1743698713,1759509913,pi_3nMgIjfAX3hchHgV617XmuZW,ch_3882hoOdM0UyNRicDCJ2NZIl
in_1btTTJ86VLYgbnGl4FlQtNlE,H2Y7JXJ7-0002,cus_WbBsdQhjmjQWm7,sub_1YjUx54n0RQbhH6HTUV7CpBg,paid,subscription_cycle,charge_automatically,eur,200000,0,200000,200000,200000,0,1,1743701898,,1743701898,1743701898,1775237898,pi_3nJeXXSHKDn4Psyp1vCblKq3,ch_3xGT9IKLpiLsW0DyAroH5VDd
in_1LL9qR9z6mQ5MVoi88d70Zr2,OI78MA3H-0002,cus_BZu5g8whTZdJ9i,sub_1x1TdmU85u0MNQU1CgE3iDTC,paid,subscription_cycle,charge_automatically,eur,100000,0,100000,100000,100000,0,1,1743763733,,1743763733,1743763733,1775299733,pi_39xtTGBLCJuv4BoOiDdcp0oK,ch_3LuqkCVruGxNGJX8w9kDwwnz
in_1VLbHzmnBizvVq4Gdf9VLILI,T1LF1GWY-0002,cus_4HkZT9CDsHx7mt,sub_1ikuVrQiOWvRS5xh1lZ4KPlz,paid,subscription_cycle,charge_automatically,eur,59900,0,59900,59900,59900,0,1,1743792443,,1743792443,1743792443,1759603643,pi_31AtLDl6EF5TJWf5VgIrpa8Q,ch_3eHicKyZPvhsXVGcCTRzypgn
in_1bJhoxvhVN37flPeAoNqL2bd,4EHKOF0B-0001,cus_tonjpn1H4q6ULc,sub_1TRJOwgpYfd5DPJnsOLCnm2Y,paid,subscription_create,charge_automatically,eur,100000,0,100000,100000,100000,0,1,1744032634,,1744032634,1744032634,1775568634,pi_3EMZeNNGyR9K8uhXyJURS931,ch_37rqmxPGpKE1dGGwqKCzeaes
in_1oZUgGXQuDitTubPVYT1PQGw,945ARSB4-0001,cus_hq78B5hJH7xDTi,sub_1Us8sI6yCAXkO1eJa2dNpBac,paid,subscription_create,charge_automatically,eur,179700,0,179700,179700,179700,0,1,1744055382,,1744055382,1744055382,1759866582,pi_3B6DcpKlkEi66gM2v162dGCk,ch_3Iag4PRIj35ZWCihqAVf7miD
in_155TpRaMwG3mTqW7IyDGvkPY,7FGE79KC-0001,cus_wzebP6xHzanQ7I,sub_1oT6eetJnYl8J21GBWU4NejN,paid,subscription_create,charge_automatically,eur,100000,0,100000,100000,100000,0,1,1744103976,,1744103976,1744103976,1775639976,pi_3Y9ynvScoxD2jUZOgAF3qVIn,ch_3QAEExPYtdCwO5H7lJLpJW5B
in_13Imbt8jEP7HuPFS6dLKn2QX,RW3PV4ZX-0001,cus_LTL6vStS05e63j,sub_1YrOqVosuNT8TDz1nlKQForM,paid,subscription_create,send_invoice,eur,119800,0,119800,119800,119800,0,1,1744105351,1746697351,1747937311,1744105351,1759916551,pi_3h1XUmCfpS6TXjPzbvEzOYx1,py_3ne2Wc49jaIG19A3P31cs3WH
in_1J73QOj7G2vD9rkWeeKAxeP3,N871ZDEH-0001,cus_oRj5dSEBFZsN01,sub_1SD8V4jhdHkcAC0UOhVgkCa5,paid,subscription_create,send_invoice,eur,16000000,0,16000000,16000000,16000000,0,1,1744113111,1746705111,1745943531,1744113111,1775649111,pi_3KPfPAAb4HvcZH5yRzKHIV6N,py_376Y8IfYjzRuV8Pno3I1PxaT
in_1QRsWptZ7yJjj9HfXF6rfC9e,0WM8WH8H-0002,cus_ZoI0Dc74f9VeTQ,sub_1lDuOrsmq8I2nO0bbS76Tali,paid,subscription_cycle,charge_automatically,eur,100000,0,100000,100000,100000,0,1,1744171589,,1744171589,1744171589,1775707589,pi_3eU6HL1IayEttfi9QlbDHIpC,ch_3zApb4GogyJKBvcn6UCrZ8Al
in_1IZbAc579fvYjGaMnpDhbr1n,LLZF1211-0001,cus_lf4aqfpexCIM8k,sub_1bkDNGlN0wxZKbDwEafUqDF9,paid,subscription_create,charge_automatically,eur,100000,0,100000,100000,100000,0,2,1744196117,,1744196299,1744196117,1775732117,pi_3IPhSGE7UNIfGs0fxZV5K7wo,ch_3QlMxEbfTaPvsUoKXwKE95gd
in_1L2wgFtX8lYVTRiaTNBkSGEN,8OI4YIST-0002,cus_qDD2nUa4BNIK5j,sub_17LY3EwlSChxj8ClueG9O4Ul,paid,subscription_cycle,charge_automatically,eur,179700,0,179700,179700,179700,0,1,1744206631,,1744206631,1744206631,1760017831,pi_3abfbnBgcQ9XbfLfoBZN9onA,ch_3UPuW5YAFVI3UmG4JdTGCG4z
in_1uLrxfxWKw0j2YcN8QV3JTxq,EZUKZKA5-0002,cus_R3dIe1ncQUn3rD,sub_1EOLOzRgh8PTotvX9jzsNIJB,paid,subscription_cycle,charge_automatically,eur,100000,0,100000,100000,100000,0,1,1744209164,,1744209164,1744209164,1775745164,pi_3DmpcfUTAQXsAseZO43Ej0rc,ch_3TmIXF8MUCRHepKgK5cTHoey
in_1QsVBurKyBH20xF7cdZ8zWyG,T23CDK55-0001,cus_r7i0imWCZEeb8o,sub_1riBwps95yUIIEmhSvEtDF5Z,paid,subscription_create,charge_automatically,eur,59900,0,59900,59900,59900,0,1,1744211252,,1744211252,1744211252,1760022452,pi_3kYMCsV17BF9vQWWZfz3almQ,ch_3TU99KbCnQcPrFqcWFdqGuvz
in_16IEUAVsin94l738CYt7Ul7E,TACI2QLQ-0001,cus_1nS82xoJxPbKZR,sub_1PEThMmQ0hWVJJhPIUQ7AA33,paid,subscription_create,charge_automatically,eur,300000,0,300000,300000,300000,0,1,1744277740,,1744277740,1744277740,1775813740,pi_3Jfr3t2twQ018AutaHxhutQC,ch_3x85d5Upb1wgyQA2WywPMtZS
in_1RkjhmzRPfR7JaYIduzYh9bW,FM5FY3WG-0001,cus_8wdpFjTkFgJte1,sub_18xwYndPZIhPhZn7UD7QlGfr,paid,subscription_create,charge_automatically,eur,59900,0,59900,59900,59900,0,1,1744302050,,1744302050,1744302050,1760113250,pi_32qNktxtuLvcJsgJOjPKcz17,ch_3OFXrCcHhONiBgrFnVfqa8dr
in_1ScmswyZ87rbfszVjcjQj7tq,N75N71PI-0002,cus_q3RalVAA7FNQ3h,sub_15pLUkqIiKBPKXrQSKqIJuhu,paid,subscription_cycle,charge_automatically,eur,100000,0,100000,100000,100000,0,1,1744465983,,1744465983,1744465983,1776001983,pi_3aQ4XYBgQYsnqgHF9X90e088,ch_3kY214OLgLhJFvfLofTL3zg2
in_1pjTn6sYIkAiM1yU8gNBDPbb,JJ6TVQBW-0001,cus_nCw3JuZc9OE4xM,sub_1d9I33tjTdwxPf8SPgLnC1wC,paid,subscription_create,charge_automatically,eur,500000,0,500000,500000,500000,0,1,1744630016,,1744630016,1744630016,1776166016,pi_3s38ssnp5oQFB6wmo7mWL2UI,ch_30A2wIubzJz0IaihcMnV1bHt
in_1Wy2n9sS8Hx69WFN6FHEduws,6JOPX5Y8-0002,cus_24fW4oWsEPNlNG,sub_1UotgOslbbHg0HGuQKaMjdKu,paid,subscription_cycle,charge_automatically,eur,100000,0,100000,100000,100000,0,1,1744717809,,1744717809,1744717809,1776253809,pi_3tpF5aT2fsgmfJaIcRKI6Lsm,ch_3dPW32Q31clqE2mM7GwgciuK
in_1qQ39qePbnG8NS6Likhlh5Pc,8OG6MUXJ-0001,cus_RQLUYSyUB28Ref,sub_1cszlgwxZk7m9ekMo23tMkdh,paid,subscription_create,charge_automatically,eur,100000,0,100000,100000,100000,0,1,1744743404,,1744743404,1744743404,1776279404,pi_3g7Iwfv4K2jjJf1UqCZy0oxb,ch_3SWMifUI02KlCx2q6NMUVigk
in_1jPvZcGXykPdZbJmMQkOcheP,B661327D-0002,cus_GTZPbnaMZKMf3w,sub_1C78YutKu899RGtXjWgDkTWo,paid,subscription_cycle,charge_automatically,eur,100000,0,100000,100000,100000,0,1,1744780569,,1744780569,1744780569,1776316569,pi_3TyK3Gk8OELgiRcQye8fma82,ch_3whwTenKb1URVal27HR2ybaO
in_1keMOH5MBM7Qm581kJ5Ok7or,KEZOCW7J-0001,cus_1j9shvbmvbAbEt,sub_1K8rqVPLZMoZA473K4ry6hWI,paid,subscription_create,charge_automatically,eur,200000,0,200000,200000,200000,0,1,1744832589,,1744832589,1744832589,1776368589,pi_3zYy4JNtDWUbZH5shXgkGn2D,ch_3XludyQzHqG8nQSoJnlVcFvH
in_1wg91pOIOf5yW4cKRZp9yn1O,OQL12A85-0001,cus_dFeG8SFB8hVq3l,sub_1EzPn5bzPoDerppkbYpLbY3m,paid,subscription_create,charge_automatically,eur,100000,0,100000,100000,100000,0,1,1744897413,,1744897413,1744897413,1776433413,pi_3a1Dtu0zIyWUXxp6xPOJBdEh,ch_3ZRXsFaHZG8kfqDblhumwMDj
in_1ydQfmvMDXLlS1qXRNy5NvVK,82O1GA09-0001,cus_G784RHJnii62n6,sub_1X1oIX10JqSjGwn8tB2nJGHN,paid,subscription_create,charge_automatically,eur,59900,0,59900,59900,59900,0,1,1744905945,,1744905945,1744905945,1760717145,pi_3izGoEK1CJModwUHSYuQsz47,ch_3EeI9iYSzYgXFXC5TLyNdhtD
in_1v2KRDvwkDGMTwA2bxPNEA6k,01Q77DEV-0003,cus_lbGcP3lQchBIFi,sub_1LKfEA2yd3sOvMbwH999PQFc,paid,subscription_cycle,charge_automatically,eur,200000,0,200000,200000,200000,0,1,1744910318,,1744910318,1744910318,1776446318,pi_3tB0KcXcxN8PCs0137mfLeDd,ch_3Tuh3omTTdXjdeD3RnNUFsRC
in_1BRwoIntiFAvywLaYkIFsl8r,XHQAFHO7-0003,cus_GIiTsIJ8fZWwT8,sub_1ivEdNpHySf2xM6pRu5VTWNh,paid,subscription_cycle,charge_automatically,eur,119800,0,119800,119800,119800,0,1,1744974823,,1744974823,1744974823,1760786023,pi_37oCiaUJTYAwysXFpqtyPb9y,ch_3iIO9mvAZlMLUMFPiG1QPCoN
in_15komZWbVOt0Lyyy6L64GAf6,M2OOCVSV-0002,cus_CMrW0x0fTwtW63,sub_1rCidbGzkh9Ri8UWuQsyZckP,paid,subscription_cycle,charge_automatically,eur,100000,0,100000,100000,100000,0,1,1745060571,,1745060571,1745060571,1776596571,pi_3lXuKN5dl31fz5YIul2Y3qy2,ch_3fYogCdis2c2US5lo0RixZ3K
in_1EmPDADkqjM3s632IQiuNiYz,D1I72CM9-0002,cus_fm3MXLHDtpzSUL,sub_1n0PT40FisdNWGV4HMq6GZbp,paid,subscription_cycle,charge_automatically,eur,119800,0,119800,119800,119800,0,1,1745067016,,1745067016,1745067016,1760878216,pi_3JyhgbuRCfMVrEAPKUUODsU6,ch_36nKDOnYJaqzSjRdGQgQ1Fh6
in_1g8abfmgcTAIvQqW3rXDzoiY,GH6E1J4C-0002,cus_sKo9ohkpbIyoLy,sub_1v8sIMerzASpoPBVk0g6AlQ5,paid,subscription_cycle,charge_automatically,eur,100000,0,100000,100000,100000,0,1,1745073429,,1745073429,1745073429,1776609429,pi_3WLY3v9qeyqazOhNea1dZKmc,ch_3Mahu6cv3mkfnDlzL089Qolo
in_1QXKGqCtiTIs3FehIPaXHtv1,WNGI2GXC-0001,cus_99wBExWJPNOD0S,sub_1cpOWXxpCZ76nNOleXnZNcQP,paid,subscription_create,charge_automatically,eur,59900,0,59900,59900,59900,0,1,1745082930,,1745082930,1745082930,1760894130,pi_3aYrGMcSVTysJKnn64XMSSov,ch_3EcB3HAUSyDVNtNWqNVIAVuU
in_1TfOQyw09SXMbo37p5peIZwU,6BDAV7MV-0002,cus_UxF0F2TYZOQdRF,sub_1CjgcNO3Ee4PAEnmHV5AY0Cb,paid,subscription_cycle,send_invoice,eur,179700,0,179700,179700,179700,0,1,1745136396,1747728396,1746360816,1745136396,1760947596,pi_3cNMbOhWUQRo8vbsiTdNjaAD,py_3I1zimMQT1JTVLP08uZZw5M4
in_1PqCTVPfUVP1VKQYFUIPmI5W,VXHY2AP4-0001,cus_Btvm97vGfCb17D,sub_1h5Y8Id5sqB39PVaSOAxLcsr,paid,subscription_create,charge_automatically,eur,100000,0,100000,100000,100000,0,1,1745151894,,1745151894,1745151894,1776687894,pi_3shUL0zAC03yOxzkWv0bD5pC,ch_3WbGpja4VSidHEMNuaNvWQv4
in_1FSs7O3YqEJZ2tyUt6WscVKG,VAN3FBNN-0002,cus_kUtPFX0KrNHauE,sub_19ckRXxHWOEeIDSNcpcCveAF,paid,subscription_cycle,send_invoice,eur,299500,0,299500,299500,299500,0,1,1745231008,1746440608,1746382048,1745231008,1761042208,pi_3hVwte6hW8u1XoPaIP5jFWXi,py_3TzMH849llQXAVxdwa7UWNKs
in_1a9wvLNadrRWKIX2HBCYyaEx,0PI2CJJR-0003,cus_qEB5tQk4SG9TPY,sub_1l6A3BdgS8jPsNla7tPBXVXb,paid,subscription_cycle,charge_automatically,eur,59900,0,59900,59900,59900,0,1,1745427511,,1745427511,1745427511,1761238711,pi_3aEntPQwKeeg7nHtx2EuAOe1,ch_3zMe3HpNthExoL8ClvjifU91
in_1Cugss6RoWpUPp7aONUOB4d7,Z0EOCJKN-0004,cus_hdej5FSntQnpHl,sub_1CHJVTpsgXIZ7OkvwTU8lXA8,paid,subscription_cycle,charge_automatically,eur,179700,0,179700,179700,179700,0,1,1745430910,,1745430910,1745430910,1761242110,pi_3iLKxP1Y49C8cTHyRax1shaT,ch_36oT4ZXbbvr6u6VDppopJr0V
in_1bdEoF530d18803POcJj0uxr,WGMNFJ29-0002,cus_XwJlyxPQHHb7FX,sub_1RQJBs7uaMhKg9zdhAS5nuaP,paid,subscription_cycle,charge_automatically,eur,300000,0,300000,300000,300000,0,1,1745438480,,1745438480,1745438480,1776974480,pi_3zGLTh4jahc6wWWMA80rOJ0u,ch_3DPmt06dhghxXuAp41LBnKqo
in_14YT4XEjCDPDvj0rGZTWJIMI,7EQYCDDL-0001,cus_xYPJvMdlq1S21n,sub_1Qy3a9FWLfl1siaJtAdWycvy,paid,subscription_create,charge_automatically,eur,200000,0,200000,200000,200000,0,1,1745500807,,1745500807,1745500807,1777036807,pi_3DwTEoKm4YX9EAOhmtMxx9W6,ch_3ucbqfxUF6TJnHNlxqno2bW2
in_1kXsUOkcYfSW45Aepbsm7Kew,L7QDKL5B-0003,cus_fZ7M3RzTyM3mqp,sub_1EsnslalWjEgsnJjqIuFjP6x,paid,subscription_cycle,charge_automatically,eur,59900,0,59900,59900,59900,0,1,1745515423,,1745515423,1745515423,1761326623,pi_3gVaw3wNqDxzj4UhcPnShV6e,ch_3hXj7F3ZSidGiprPD5Kv12C7
in_1Gvt91dxZFQmTFrrnJSYw4X9,6Q0210JL-0001,cus_hS8haRpUVpqSWS,sub_1zW3iNGoTjJtrLZICtyklBea,paid,subscription_create,charge_automatically,eur,100000,0,100000,100000,100000,0,1,1745577817,,1745577817,1745577817,1777113817,pi_3i5ugkC2RRXPDxY5cujhEzhc,ch_3wFG95XgTaRpocLTv9PtKdsA
in_1fySb3rzsIHoChErcYrF2Qfc,R1MG4NDU-0003,cus_DggFIYVxWwy85O,sub_1oPSEEokEW8xF1pVkpYijWdZ,paid,subscription_cycle,charge_automatically,eur,100000,0,100000,100000,100000,0,1,1745592412,,1745592412,1745592412,1777128412,pi_3viEoqgCjnh3oJDZiLazwH59,ch_3rba7vVeSLsxVeSadz4qjcAf
in_1ncfA6QNUwl8tJbE1z49ze23,L17LGZZT-0003,cus_Izl1n8skdNGsFQ,sub_1bKIo3RlXPGuM2p3nobnZQOC,paid,subscription_cycle,charge_automatically,eur,100000,0,100000,100000,100000,0,1,1745594291,,1745594291,1745594291,1777130291,pi_3LI0lRfSTNi6kIfEKiXJCp51,ch_335SsBEetUyIJSVwZiBas3JR
in_131h6GZv3oagRNMdDIc57YXu,M0Q6YP3W-0003,cus_V1AXxFr6Q9FjqM,sub_1U8kCZdIQmH0m86bjaEAKqYu,uncollectible,subscription_cycle,charge_automatically,eur,100000,0,100000,100000,0,100000,3,1745671970,,,1745671970,1777207970,pi_39Kr2aC7l6XuNQTb3KQoNNB9,ch_3WwqeywJyL11lyC2TgdGFbRv
in_1rldU1jSD2JzWDscAkghrNFg,KMB1SSD0-0004,cus_JQAKTmTXf4ZIrd,sub_1fsQzpE3AXkeIWq2VAYz8xYE,paid,subscription_cycle,charge_automatically,eur,119800,0,119800,119800,119800,0,1,1745825355,,1745825355,1745825355,1761636555,pi_3wKAqMxpWVHWIEdgdL8P8G7y,ch_3L3wH8KcFVVuPXRhRByMCtwq
in_1GJkVWdkQdgRcbyXc3JXxGm4,5LNS2UO7-0002,cus_pHl9jtaFjfxcdo,sub_1Xb6voXyxQhS3BXRjA8e5k5O,paid,subscription_cycle,charge_automatically,eur,59900,0,59900,59900,59900,0,3,1745917456,,1746608716,1745917456,1761728656,pi_38ymxaVzG918uPuyV1hnoZAr,ch_3gQ8WioGpjGNnB5qC3YxDab9
in_1pt2Yb38suP7sUsVf2gmVVrK,7R0LVELP-0002,cus_Ix1BhSYxt54fKy,sub_1gRbV623uaZyHiIJYEw5nbV0,paid,subscription_cycle,send_invoice,eur,300000,0,300000,300000,300000,0,1,1745930382,1747139982,1746722922,1745930382,1777466382,pi_3Qv22UUbMxIOJoWi7O5ClZ2l,py_3GM1dHXFkUJFRRNRJuo7dfWl
in_1bdQTbfSbDyOLy24TFpc3M9f,109Q0405-0001,cus_kYEIv2avuhs9Gq,sub_1R64lIKnH93SPdeKyGtyYsyt,paid,subscription_create,charge_automatically,eur,100000,0,100000,100000,100000,0,1,1745932195,,1745932195,1745932195,1777468195,pi_3K4HqfnT1yDtOWDr8GyaJOJh,ch_3sKVBQXJ65RiYYPGFcKqMNx6
in_1sUs0VnnfQXWKaJMY7U5IXcR,VS1LD7FY-0001,cus_OqvAc3VpwELyaW,sub_1yerxsnw81EgqCkAL7AxH1gn,paid,subscription_create,charge_automatically,eur,100000,0,100000,100000,100000,0,1,1746005617,,1746005617,1746005617,1777541617,pi_3aV7fdyVqYAo7f1mj5hhYNaK,ch_37BmZDzHzPuOnc2WtzJm0Q7i
in_1g5FhHP9fA5C4U6aFRQ1AuiT,JQK7A7NZ-0001,cus_ft0gXMMxxEUzzH,sub_1KpcwPv8L2L1faqIUgU7bAEQ,paid,subscription_create,charge_automatically,eur,100000,0,100000,100000,100000,0,1,1746039712,,1746039712,1746039712,1777575712,pi_3kLQAf3Y6bveo0nZd1J7RZUG,ch_34gZWaj8R6Enawm3uEctdoap
in_1UWYM2wGpOiJ8tRA1vHH9qBk,ECKK6KG9-0002,cus_O9VRwcZXbIK6pz,sub_1FSegpncgKS2Ib7BwGLsE6yt,paid,subscription_cycle,charge_automatically,eur,100000,0,100000,100000,100000,0,1,1746095247,,1746095247,1746095247,1777631247,pi_3EjRJ5uArf02Zvsiwr8qfm4L,ch_36BFSkRvuI7PcMbkaByN6YEm
in_1ZUAZZrri6IZpkEW9wnqgUnD,10AWNBOY-0001,cus_aiTIMbU5hjutjx,sub_1ZzAeBiQtlYUvKPcF7mSWoK7,paid,subscription_create,charge_automatically,eur,200000,0,200000,200000,200000,0,1,1746123363,,1746123363,1746123363,1777659363,pi_34UC0YTNzDxF7YN5LWfII2bI,ch_38O4io6ssAPKBFnajxsaBlvy
in_1eglB0ShZeZFOsPrWszwCDJi,YWGBGRKZ-0002,cus_s6IZhBOFzW0LYl,sub_1Qrba8Vl4P12kUY1bEmAdIr5,paid,subscription_cycle,charge_automatically,eur,200000,0,200000,200000,200000,0,1,1746184554,,1746184554,1746184554,1777720554,pi_3MRtlzDkxgHkXsYpSCN6KdWN,ch_3lSeQLYTY2aEmRX609hZ2LgI
in_1frEvxK4dVueXJfoO7hphbWV,XC9NMR0C-0002,cus_sOpxIc9UMyTzam,sub_1UC5Ecyi0QqZi9aZWYJrUFj9,paid,subscription_cycle,charge_automatically,eur,100000,0,100000,100000,100000,0,2,1746294497,,1746558557,1746294497,1777830497,pi_3IRhj0p27uQddMRIJa9YefWn,ch_3OkBqI9NJ11QWZ5gK5oh3Xkx
in_1F9sJfchVkIzBaGOsdw5Gwlb,1K085DW7-0002,cus_Nes2Mno0FVKwmz,sub_1apyTSKYBUdwLyW9z6jyy1nN,paid,subscription_cycle,charge_automatically,eur,59900,0,59900,59900,59900,0,1,1746449774,,1746449774,1746449774,1762347374,pi_3s4xZ0Dw1XbQVkVR2G2rV7Ms,ch_3RhFsF8hPPd2D7fG36ofmcQy
in_1Xf9aEkvXGf9gsRDqdqQKVEx,BLGKRKEI-0001,cus_vcgccvJFDzF1Y9,sub_1u2Z0KRdwfDdn2HHsD5NloAY,paid,subscription_create,charge_automatically,eur,59900,0,59900,59900,59900,0,2,1746457100,,1746457357,1746457100,1762354700,pi_37BkaXso7ikigCxTEyDxk1OA,ch_3KzUgiGec00p47bOMzzT2eq2
in_1bOkVLwkXhhzQk9hCptW96bz,Z6S7HVMP-0001,cus_ON6Yxt4rm9glu4,sub_1E2AUdg4cP0pkQ9AST8wFeGp,paid,subscription_create,charge_automatically,eur,100000,0,100000,100000,100000,0,1,1746508783,,1746508783,1746508783,1778044783,pi_3hkzqLT1lr4y9abc2NB0Lp3H,ch_3STJAr2MU9GlLT9VYuLj58cZ
in_1XQ6YzbGfZNVJj7luxqxFCOq,WWZNTIP2-0001,cus_soZodIOgdfAXh6,sub_1lTQuIiW7Q4j4cn7F1JV4UoK,paid,subscription_create,charge_automatically,eur,100000,0,100000,100000,100000,0,1,1746535613,,1746535613,1746535613,1778071613,pi_3aul1uPzzCJdMjrDGjae1F4r,ch_3R5CH3i1hn0KJyzf7nhA7Gdy
in_1fh3Ftij1X2HaVwk5HGFl3rP,2IXOCSKJ-0001,cus_inI3W2raGlrSnC,sub_13dSwUwphzpVx9eAUDBZSo9t,paid,subscription_create,charge_automatically,eur,179700,0,179700,179700,179700,0,1,1746544256,,1746544256,1746544256,1762441856,pi_3N9ZdkRTTff6FJUDKHtUIjfI,ch_3Kb2jMJGbFgwqXN5wuMOAG9T
in_1d8cE2YQOWmKJSnXeaPxQwO6,LQ7XDG9D-0002,cus_hJ5oFvMrTUgTOD,sub_1tsYkrkAtNLTjOBtEWeMGHDy,paid,subscription_cycle,charge_automatically,eur,300000,0,300000,300000,300000,0,1,1746618250,,1746618250,1746618250,1778154250,pi_3varbKjzQ4tp4ZPawvvfMl8I,ch_3BbUzWxVSR8nf1NrnK3nyq2G
in_1DMs5r94nEni34wC6ukwV8JU,PS793YRF-0002,cus_PenpJSt304KbMZ,sub_1ntD22D0lTVs1sxqEepIoB3U,paid,subscription_cycle,charge_automatically,eur,100000,0,100000,100000,100000,0,1,1746628962,,1746628962,1746628962,1778164962,pi_3M6ifbV95GAZowmTFO0vlwqI,ch_3GaDh271nQzjChBTZ6sIEQrz
in_1dJRIKtpiBBb3mdtCBKMKYyJ,7ZMZCMGV-0003,cus_zxnYfDyoy27lHa,sub_1or06fL6LsWCXx6wi5PB7bm6,paid,subscription_cycle,charge_automatically,eur,100000,0,100000,100000,100000,0,1,1746699892,,1746699892,1746699892,1778235892,pi_3J7uSrUxBgMSaL6WV3Sj6DkJ,ch_3fPDAyxjuOUuT9HP2RIbvbiz
in_1teQQkBLvkyUYXoEFHkdQI1q,C04RI5UW-0002,cus_rVq6GEzXZD9j6r,sub_19zpYgRMmzFpzwYNgjBEX23c,paid,subscription_cycle,charge_automatically,eur,100000,0,100000,100000,100000,0,1,1746701440,,1746701440,1746701440,1778237440,pi_3MPOJLD5pPTwnwTQOC5omqsa,ch_3BKZaYU3PagGOIN0k2fSCiqS
in_1t0roKMZZJyhY2pFJ5abgEkC,3O5N4KJF-0001,cus_xG0FPDFwllbzbl,sub_1lCmU4bgao1jKXX1jxYyHM0p,paid,subscription_create,charge_automatically,eur,59900,0,59900,59900,59900,0,1,1746703210,,1746703210,1746703210,1762600810,pi_3wcW18VIhSBOXYKOeuXFwwQk,ch_3KWxEHNistjPKPuNiWyu226R
in_1F4KepeTkVgjOCVIJx53tOAd,DLP070IP-0001,cus_7pxqF5fxdfJoUy,sub_1wnxdzmkScyVpVLqVigPK1yb,paid,subscription_create,charge_automatically,eur,100000,0,100000,100000,100000,0,1,1746717030,,1746717030,1746717030,1778253030,pi_3jyOS8M4FCLGoy7adQbjPCja,ch_3sxwXanQcNXdqoyE6gKTvqGS
in_1RSfnf98j8te599TMv8eJYjT,60Q7GSKR-0001,cus_nxZBd5FrEjnvaW,sub_1dwoH8NeUHtCp0VxiDhz5h9w,paid,subscription_create,charge_automatically,eur,100000,0,100000,100000,100000,0,1,1746788760,,1746788760,1746788760,1778324760,pi_3ZsCeFeboNLCDKjg3VXxlLTz,ch_3nYvDYSeKWl4QN2vph2UUc37
in_1jawzEufNCUd6RabgSCNpyp3,7N31IYWL-0001,cus_rgPkv4lyHyjVZN,sub_1EuoDJ1zT5Z85o38sCVtuKT2,paid,subscription_create,charge_automatically,eur,100000,0,100000,100000,100000,0,1,1746791996,,1746791996,1746791996,1778327996,pi_3H8dMy5gBKxH5x0SyMAAibDm,ch_3caS3EQQUkNvEOvVmhLXazQs
in_1YawG3qxZBHdIINmMPED1BNH,UM34B7QV-0003,cus_XM7INayrOEZKPE,sub_1I9sfPxM1Dc3zQhJVUTEK7d1,paid,subscription_cycle,send_invoice,eur,200000,0,200000,200000,200000,0,1,1746872157,1748081757,1747321917,1746872157,1778408157,pi_3cSghNaHM3SEMFFqVYXR2oBq,py_3B2EBjkWso2mCXSFR7gulDUf
in_1EAKvbmLYqW8HFcRKS0IM5Jl,WW2ELLXH-0001,cus_Q8QeXtMPnnmHaH,sub_1EZO5a3Q4ifGKeX7EnHwyeXz,paid,subscription_create,charge_automatically,eur,100000,0,100000,100000,100000,0,1,1747174153,,1747174153,1747174153,1778710153,pi_3DgnEBiNbC39Gs2aKcvUKTxc,ch_37v4dloQoDIfyGSopUeytqdb
in_1DVpUAu1yJZXjQrnkypdSezH,5FR1T1KN-0002,cus_6VVD8aXLXG0lvO,sub_1PDo9y1nDc6qE2S8cQRwl2CJ,paid,subscription_cycle,charge_automatically,eur,100000,0,100000,100000,100000,0,1,1747202763,,1747202763,1747202763,1778738763,pi_3L85gPuJFPnsnxceUUsMCJv6,ch_363SoRPWYEB2BYPWbKlq0OCT
in_1Zo2aQ9BwL3DQdOR06KGX0d0,3ILRK3ND-0001,cus_RdVufaXgQ9tPHM,sub_13hV666S2YYJBM08GsHcoKB8,paid,subscription_create,charge_automatically,eur,119800,0,119800,119800,119800,0,1,1747207182,,1747207182,1747207182,1763104782,pi_3qOC0lwWmsHgZmBrYup1kQxc,ch_39MEk6X5rzg96hPTscLyRKvk
in_19olPc9NHpKyNfnNnWyFeDiw,LRJ0LLOK-0001,cus_bfOr3CprKa6MA9,sub_1IdXdRNOMXjex5lpeKKGhYjg,paid,subscription_create,charge_automatically,eur,300000,0,300000,300000,300000,0,1,1747211022,,1747211022,1747211022,1778747022,pi_3J0v1sD3v7AoasKzBCKJnNx1,ch_3Z6ta58S8kH7Oz3avVBgXqFN
in_13fUHRGLqWsZprqq8gwqzDpe,79FXEZZD-0002,cus_LQAI4vwSzRAHyg,sub_1EERxNqWGVMuljnP6KwoMOnP,paid,subscription_cycle,send_invoice,eur,200000,0,200000,200000,200000,0,1,1747218061,1749810061,1750774861,1747218061,1778754061,pi_3jyfaRduFfYroR9Z9lLGrI8u,py_3pXhMYrBsJ3aNTqOPiXg8gbH
in_1PVDJ0dw51HIWqxfuRqFUh6z,4HW5CV1W-0002,cus_JzgmJxzMamvsKz,sub_1tc1ZLgkC7Ivz88M8sTUiDTV,paid,subscription_cycle,charge_automatically,eur,100000,0,100000,100000,100000,0,1,1747237145,,1747237145,1747237145,1778773145,pi_3bVSpQqmP03cvXTRyJYTLwqt,ch_3VTZ3xEw6bI0vy7GR9eU4KYO
in_1ioKPh7Nxv866yjDqOYG3FVN,TIP5J52Q-0001,cus_PB3mLCZ6xLd7zq,sub_1utXlIQ2nJvgkvBnoqFqf75s,paid,subscription_create,charge_automatically,eur,100000,0,100000,100000,100000,0,2,1747244168,,1747244285,1747244168,1778780168,pi_3ZhNXmTfhM7rZ66FM4ZpxAJb,ch_3UhtPFhr1iEsIlrHhnMUd8St
in_1xhvReoVpj0MVnBFYrPaREFo,UVVLS8IM-0001,cus_cyg67nEE42gKWQ,sub_1Cv2BnFDYm8zyHQVtvdYkveR,paid,subscription_create,charge_automatically,eur,100000,0,100000,100000,100000,0,1,1747251181,,1747251181,1747251181,1778787181,pi_3cuAGqhuZp6VJNN2DOusgmAT,ch_3zN0tip3d76Z99n1IQ2dFSij
in_1f6sSkBK0KmbibKHSXBIhlsx,LB31IPYH-0002,cus_NZzi5ngWT1NYgN,sub_1vVAw8leAlmwxvCDd5eaRMg1,paid,subscription_cycle,charge_automatically,eur,119800,0,119800,119800,119800,0,1,1747254356,,1747254356,1747254356,1763151956,pi_3r9gzPcFEX4iurWvrzFw4O9n,ch_3i28aGk6hdAOVL43rXY5PqPY
in_1KRGSEcYhC71r4xu3c1NIhP1,9KETOVSO-0004,cus_woJpkLK1dyTSDE,sub_13PypzePFbuoPVXHPJPr4OzQ,paid,subscription_cycle,charge_automatically,eur,59900,0,59900,59900,59900,0,1,1747419350,,1747419350,1747419350,1763316950,pi_3RNr0UCT5mql2Eyv4m4Dy0qd,ch_3Ro5ttdHZibqUy7hiwq0RjfK
in_1KR4bwOGgdiVSUH7POHxKAV1,QPHYF0ES-0004,cus_Ig1CDaKzgPsq5E,sub_11IJzUntFYpdHKAKoMB2oni4,paid,subscription_cycle,charge_automatically,eur,179700,0,179700,179700,179700,0,1,1747480179,,1747480179,1747480179,1763377779,pi_36TRAR8vwnpYzGzLA2j2UkA0,ch_32j77BzWkVXxlXBhEAQH1yMm
in_1504tKwe2ofNJU3Kyi68l7bd,GX130CCL-0003,cus_j03AngTFLC7ZtO,sub_1FuvAAXK0ctqoutq6mXIesiR,paid,subscription_cycle,charge_automatically,eur,100000,0,100000,100000,100000,0,1,1747650885,,1747650885,1747650885,1779186885,pi_3wofmnRL2wUzFHdmagm0axEY,ch_3DBp7OvdofDIj1BAgJvnqE2z
in_19L9jfwU0XmO2I30RPRfhK8h,5ZYT9321-0001,cus_UjUbqsLnAxJhO1,sub_1Uw8mafCDrEId0aj1gV4gn1J,paid,subscription_create,charge_automatically,eur,59900,0,59900,59900,59900,0,1,1747664118,,1747664118,1747664118,1763561718,pi_3M4m02Vvc9CTdlksszsr5FtT,ch_33xY7njVgr0agjC1SEj5TrXs
in_1tVQFJzlwRwgb6EakcnWcv9H,EMQDCIHF-0001,cus_rjY0pHWRaIke2T,sub_1sF6tXG65nDWx1Fh6ZYZIDvr,paid,subscription_create,charge_automatically,eur,179700,0,179700,179700,179700,0,1,1747723220,,1747723220,1747723220,1763620820,pi_3d8k91d4nEoGi83pKVyUqKGr,ch_3miWal6mDhq6myVBpABq5QcX
in_1uaVLdvfiTSFacD8BTX5JNVV,TC6D225Q-0001,cus_4DLkQThqMtcSfE,sub_1p4M5zu3pDzSLTS9dvXpUYJH,paid,subscription_create,charge_automatically,eur,59900,0,59900,59900,59900,0,1,1747727495,,1747727495,1747727495,1763625095,pi_30jcJkvc4dQ4cWaY3n3Q1oWg,ch_3KIrlLhaJkS4gAFrpLWUrwGd
in_1sjD28hRs3HmbrX8h3gmvyGL,OA6IJZUP-0001,cus_JdgR17nq5I3SaO,sub_1iOFNJOzKHJ5FLEpT0QFPS0F,paid,subscription_create,charge_automatically,eur,100000,0,100000,100000,100000,0,1,1747766434,,1747766434,1747766434,1779302434,pi_3KHGUhKdjpa6N8wy0sD0oWT0,ch_3ovibwBfvlutBiEePJ5hR6Hu
in_144KifLeNn67hH2HzzY07SDQ,Z8ZBBSOR-0003,cus_bFocaNxjTUeE8u,sub_1N7xam0QifQoFCueBDs2fgRh,paid,subscription_cycle,charge_automatically,eur,100000,0,100000,100000,100000,0,1,1747799632,,1747799632,1747799632,1779335632,pi_3asMNhtt35BkMSpuKJPSvMDt,ch_3k6poTCsMAkIl8Va8hsoZYyS
in_1qeOIYD8SVkFXwEUIALZvK9B,5BRMBYO5-0002,cus_oaSWXTyS1HoEo4,sub_1b3yLDj57QBoSYIhkmYfnJ13,paid,subscription_cycle,charge_automatically,eur,100000,0,100000,100000,100000,0,1,1747818571,,1747818571,1747818571,1779354571,pi_3FeAMZdQCmX2SIFvzUy4rsNi,ch_3rGvPKEzbrHufRL4INXjdxLh
in_1CoBBBlF74N6tcWJAujdIldR,L096Y7QF-0001,cus_uuvw2mxUj0uH0u,sub_1iJPoOFqg1GdjdskxSqH3sPt,paid,subscription_create,charge_automatically,eur,100000,0,100000,100000,100000,0,1,1747828438,,1747828438,1747828438,1779364438,pi_3py2qPL5iRvv22bk7PkfXINC,ch_3eWmlGx6naeUeR4y0beaIps6
in_1NxLZrb5EVm346QLCH0MBXQ8,E3PZD3JL-0003,cus_bguEokKJD6kJF9,sub_1VX5Q8oNOnUTkAK8xDeWlBZt,paid,subscription_cycle,charge_automatically,eur,100000,0,100000,100000,100000,0,1,1747914057,,1747914057,1747914057,1779450057,pi_3cKxqplBxhkiAOnSWNaOYBZw,ch_3r7KSz7vpjcK5w8ef9UerRyn
in_1KIvKIRChglFyuAlpC6sVN1U,CWB2A3GX-0001,cus_ZUdIscK8PFpQHM,sub_1JCPf26yHsmdZXSTjuEFEddv,paid,subscription_create,send_invoice,eur,300000,0,300000,300000,300000,0,1,1747924477,1749134077,1749057757,1747924477,1779460477,pi_3puhXLMJAWmAPphLJQCxHjPW,py_3nWqunGcLA2KUscfg7oIrOww
in_1LBenqAJ95cex2XzaY7mPCyQ,73QIICSV-0001,cus_WVbSP0yGLAjOMp,sub_1V1Z5E4XYQpT4fPm5o3grn9Z,paid,subscription_create,charge_automatically,eur,59900,0,59900,59900,59900,0,1,1748094148,,1748094148,1748094148,1763991748,pi_31QlfdMhilSZewzA4Ylttbzj,ch_3cHY6GrIV3UDz9bM9aCDzNr1
in_17G7riyBB8WcjalEGQTLj2va,IGOBNR00-0001,cus_gIRyD44pwtDC4a,sub_1hbvScMSs5VggCHd0Fo1lhwH,paid,subscription_create,charge_automatically,eur,59900,0,59900,59900,59900,0,1,1748121053,,1748121053,1748121053,1764018653,pi_3tLQ9fvMBmmG3Ma8bG8cvKVC,ch_3KhNkO7S33vfYKXaS7JM4ha0
in_1OxGTuPy2zNptFYmha6Qie4L,MMWC2LPP-0003,cus_qGqSTXUYeGfgqU,sub_18BJIJccpnkeVa4ytcQimzwb,paid,subscription_cycle,charge_automatically,eur,100000,0,100000,100000,100000,0,1,1748199600,,1748199600,1748199600,1779735600,pi_3a22mhygSftOTW7ii3c4ChSM,ch_375bZgakJrN0kvZIucs63mjQ
in_1WpD2OAvjamJp8eq0YzIdnXn,V6FJP9NW-0002,cus_OVOrcn8j3C6iTv,sub_1UCgXqmsdFbyrcmQFdF9Ww1K,paid,subscription_cycle,charge_automatically,eur,59900,0,59900,59900,59900,0,1,1748248776,,1748248776,1748248776,1764146376,pi_3CxEGicjcMnZvNbLgxGcrKYE,ch_36I61NfpfEaX2QeiMXR6oxY9
in_1L3O14hsEht8dHauf043dLH6,52Z4Q7KI-0003,cus_4ReKDgQocl2Pee,sub_1zDhuH0TsYvEugjQ7u58m7sp,paid,subscription_cycle,charge_automatically,eur,100000,0,100000,100000,100000,0,1,1748340707,,1748340707,1748340707,1779876707,pi_349PrYEiSABer0JwcyDXQnME,ch_3FalFkIKUVaXePbIbaf3CkYM
in_1ttPP40V25DU0stFkNIgcLLV,0OJ042AL-0002,cus_GUrWtdhwmABgp3,sub_1VES3kgHzCTES4sRoEX6sI7D,paid,subscription_cycle,charge_automatically,eur,59900,0,59900,59900,59900,0,1,1748372531,,1748372531,1748372531,1764270131,pi_3iNxWlsnufpT96yWZiX5EdAZ,ch_3SxcOavy9jv2RzFPIZ6GDGcB
in_1B5HFNWqLzTa4hfHLukU8bSf,8TH2TC0W-0004,cus_ZeYVFPlqLfhHtG,sub_1NC8k06DYRMOvjB50FK4R8hh,uncollectible,subscription_cycle,charge_automatically,eur,59900,0,59900,59900,0,59900,3,1748413515,,,1748413515,1764311115,pi_3Dbw1K8fEoMmNPwJQ0xA7fxr,ch_3XTMkhYYD8rxnPlR5JHRVB3r
in_14bYtrMVGTCt6Zz1oEgZwfZ4,158K9G39-0002,cus_kSot7VTeJBBcuZ,sub_14jpluZD9cSHsAd63UomMklr,paid,subscription_cycle,charge_automatically,eur,100000,0,100000,100000,100000,0,1,1748418269,,1748418269,1748418269,1779954269,pi_3h6TpnLeNun5mFnlORdQgV3u,ch_3zF2RZBIVGwgwc8E48qoRidt
in_1EQ0O43TABJ3tvKqO74QqYDF,Z7011BID-0001,cus_uibdYPfmzuw1dx,sub_1ekGTsMjNgI6MSM0p1CyXHif,paid,subscription_create,send_invoice,eur,119800,0,119800,119800,119800,0,1,1748435321,1751027321,1749478721,1748435321,1764332921,pi_3YAy9HtNA9jl3FVekDHpWd9G,py_3fRVRfGSCHdIiPdN37e0zSRW
in_1ZktAujLYc2TckcsNRY0QxAD,IP33M7NF-0002,cus_AnvpBxYbklKshz,sub_1lqEPMZ8IfPQOL73ToKydWxd,paid,subscription_cycle,charge_automatically,eur,100000,0,100000,100000,100000,0,1,1748447597,,1748447597,1748447597,1779983597,pi_3hoeOk187BwaeSzqGLXby68Q,ch_3z27gJA00jE0Njv0kuwwTcR0
in_12nHsgKGstd1Stdt5Uaaz61k,C0WIVPAE-0002,cus_Zx9asYDTT8k8GX,sub_1SKA0G18Lzr8pvy2qj9tYTxe,paid,subscription_cycle,charge_automatically,eur,59900,0,59900,59900,59900,0,1,1748608477,,1748608477,1748608477,1764506077,pi_3CDYmL8Ky8d18BjXc5CswHOr,ch_3pU3rYKWgVv9OS9CUcD7E300
in_1dzsBN3j6y7Pt92IXXZi9TMD,PGKGM6UG-0003,cus_DRfqoWcWeRxW2F,sub_1rj800nfIFgaa8hP9xZvTx5N,paid,subscription_cycle,charge_automatically,eur,500000,0,500000,500000,500000,0,1,1748704567,,1748704567,1748704567,1780240567,pi_3K6b4givDsbIjvhjV6wfgrmE,ch_34IDJv22yqUX9CP0XI7Kl4Ly
in_10sECNVFdapT8gIGP2nutKmR,MKVJ16B4-0002,cus_0OheR5sFuvLz9X,sub_1N9oYUpbbpune0SW84bIVeye,paid,subscription_cycle,charge_automatically,eur,100000,0,100000,100000,100000,0,1,1748714657,,1748714657,1748714657,1780250657,pi_3cUPSPnmdD60dvcB6nUrbVJb,ch_3SyIgTGkEFA3Z2nOmKFdyi2i
in_1GyevFrBfLw819xzle4vKOkr,I720BLOO-0004,cus_xp6ojvGuFiLpg8,sub_1dX7pqLXVbUJwd2LO7RTqnZG,paid,subscription_cycle,charge_automatically,eur,179700,0,179700,179700,179700,0,1,1748753704,,1748753704,1748753704,1764564904,pi_3ueoFgv05vs49uubmiafDE20,ch_3Kb5EL0IhrdRap6z8g9HKh4G
in_1fJ3x4BJ6CeLlUgFwNv7I6xK,JSK3TXWO-0005,cus_59qfse5GE8k0ub,sub_1DdUNobd03AQvHPH15aWQhQI,paid,subscription_cycle,charge_automatically,eur,59900,0,59900,59900,59900,0,1,1748771575,,1748771575,1748771575,1764582775,pi_3h6E1HZfMoRCO8KouzFMVdID,ch_3YUb7EQl8NHLAjjPdFm9xs5z
in_1Fq6CZzGgvVMwtDdoTYm2i6J,B9D9L16E-0006,cus_rQGNVYwPZRmf2i,sub_1iFVcNcmTYjvRrKzHFEueyI9,paid,subscription_cycle,charge_automatically,eur,100000,0,100000,100000,100000,0,1,1748855171,,1748855171,1748855171,1780391171,pi_3Ex01chq0AtzQaefa9BSZo7I,ch_3FsgsoP28Pp6IWZpKjconblr
in_1D9pQVvjhXaZZ3uAuEiHo7N5,9M49P57H-0001,cus_MQfmjFkqyHxO4O,sub_1LltdTiFaXGSH8sxTgiPqKXx,paid,subscription_create,charge_automatically,eur,100000,0,100000,100000,100000,0,1,1748871590,,1748871590,1748871590,1780407590,pi_3h8Qp72vjOUK6pAEpUpUJ1gh,ch_33C01Ly0JQdIzQVxRvp1KJNL
in_13FAr3BdWrgC6aJ7EHtbwDxd,4YJK9RDV-0001,cus_mGz3Q1uHMp6hUN,sub_186pell9fK81HQ4ljDuIUaMl,paid,subscription_create,charge_automatically,eur,100000,0,100000,100000,100000,0,1,1748945118,,1748945118,1748945118,1780481118,pi_3nBBy9K7URdV8trdqtVxzgah,ch_36hbg0YdG7r9tlvOsLlZPOu7
in_1cd6jkugtZk2ZTN18H86XXjK,E3PTPHY8-0001,cus_tIalV6wbkolJ79,sub_1XyDUKFDQjOJuRTbbFv8m8dM,paid,subscription_create,charge_automatically,eur,200000,0,200000,200000,200000,0,1,1748946438,,1748946438,1748946438,1780482438,pi_3G0IrhSLHooNL38e8KGtLxyF,ch_3HgYppkVdkzDq0UcIq1DKriv
in_1b1soFfV98bBTmXpsxFxN9Wv,JZ24CLUX-0001,cus_ZoEwHQY7EGoS44,sub_19Y39C8mFI1jr6kd1pJcGbEY,paid,subscription_create,charge_automatically,eur,59900,0,59900,59900,59900,0,1,1749196671,,1749196671,1749196671,1765007871,pi_3V9YCxMuN1G6Wmsk9DjDXiB8,ch_34q2vFbBNE5dIr0b6JaP2w2d
in_1hJsnUhoF8ktTaNogj81V1h9,48GYZQIE-0001,cus_nrxUALD05gVdjq,sub_1UdKyD9ZxvfeZbNxJL0jS2jL,paid,subscription_create,charge_automatically,eur,100000,0,100000,100000,100000,0,1,1749215564,,1749215564,1749215564,1780751564,pi_3ksMID4v48j0SLXLIkVxQ6ds,ch_3yqXka9qT712Xuu8fAkHMpqm
in_11UvgPIVChOUoRrdAAHHckrm,8KP6ULPY-0004,cus_okAJbSlKaZ49ro,sub_1TfdDF1BMDfsTKxm8gHodmRi,paid,subscription_cycle,charge_automatically,eur,300000,0,300000,300000,300000,0,1,1749218574,,1749218574,1749218574,1780754574,pi_3GHzFbDnE4Kn5CyWWUPxArr9,ch_3AMP9RwypsRdVsXHVfmu0uZP
in_1vmgX3PJi6D3hN1E0wR3YoBs,O4GKN4B3-0001,cus_x71RsY9bXJSC66,sub_1nxRBx9hnAFY9FrUCjP0ttos,paid,subscription_create,charge_automatically,eur,59900,0,59900,59900,59900,0,1,1749223215,,1749223215,1749223215,1765034415,pi_3sEW65Ojh3iB0ce7knkXqhws,ch_3PZvgpOyuBdXcjqBblMhdHMO
in_12hPXBPyRvCEmbTbSQwT08X6,QUMTU3FJ-0003,cus_pqa7yCxQUMhliK,sub_18MkcluDbbYMwitvpKehSEhQ,paid,subscription_cycle,charge_automatically,eur,300000,0,300000,300000,300000,0,1,1749242479,,1749242479,1749242479,1780778479,pi_3hjwzgBXH3sgW7eB63JaDuMS,ch_3OCGjJgBiY6jibQMqKfn617f
in_1haqyhK85e0qdrt6alPOukDZ,1MLFIKSJ-0001,cus_fqprkhZ2OEHxj9,sub_1SlQz5HrAmwCATH8adh7wirP,paid,subscription_create,send_invoice,eur,299500,0,299500,299500,299500,0,1,1749496053,1752088053,1751680833,1749496053,1765307253,pi_33FMEAovOAHndM0SZZA6zdk4,py_3jwhCarVquSKG3e7jE4CL5GC
in_1CV7uq0JWIhyTyfpLVwe1D7K,16KY82CR-0002,cus_wDIKKUQLAOYkuF,sub_1HMW6U3HGuaxMY2kU02T1KkQ,uncollectible,subscription_cycle,charge_automatically,eur,100000,0,100000,100000,0,100000,3,1749551459,,,1749551459,1781087459,pi_3qIj0LvIc3HytlaQHQX7S9bC,ch_3bhx5HVjW83xQ8QGJY4NWRHD
in_18mZ8bUW4rNszZyr0xp1zaDw,7846W5L8-0002,cus_oXibQvdiIvzHfO,sub_10GUyFDjQIfLWb3TQkqKh3YM,paid,subscription_cycle,charge_automatically,eur,100000,0,100000,100000,100000,0,1,1749577968,,1749577968,1749577968,1781113968,pi_37BJOrZh5LKTzCV3SHeXP3aA,ch_3J9hkdvlJBOzUYOXIPpnw3fa
in_1kmBTBQMdNR8TyW2K3CPHzYW,JEJI54XX-0001,cus_yba5dwt2jmv28j,sub_1msIWy8ejPplae4vBD6qsEpa,paid,subscription_create,charge_automatically,eur,59900,0,59900,59900,59900,0,1,1749628385,,1749628385,1749628385,1765439585,pi_39PNctPnWqsXRgX4fTDnrTRM,ch_3KSszR8ARRWCka1jGAlekTlH
in_1eg5MUIb9lxERmcRn5ZsxZhs,74OMM3CX-0001,cus_eXV7xaNljSUUxJ,sub_1SZzxQyNfMm5iHaCFQG1x8B0,paid,subscription_create,charge_automatically,eur,179700,0,179700,179700,179700,0,1,1749631300,,1749631300,1749631300,1765442500,pi_3a2Exw9LKML5R4mTjlLQjMI8,ch_3skFT5BW1c2WDot4QcWp9QYq
in_1Guu0QtvZGDAmXoos7iep5f6,B1GLIKVP-0001,cus_v2oArX6N3iFgGD,sub_1sWsvuHuoSX3j5uWpxalOrHB,paid,subscription_create,charge_automatically,eur,59900,0,59900,59900,59900,0,1,1749644161,,1749644161,1749644161,1765455361,pi_3AQoRC0nS8y9SjovmRJz4FzJ,ch_3TdBrriSrucy50Ne2HlLMiZF
in_12523xa89vYa6KtrXHrUadFv,Y7BMBMB5-0002,cus_pflGPmeX0vrcYL,sub_19IIElovrWCufh0Y7yFiFuvG,uncollectible,subscription_cycle,charge_automatically,eur,100000,0,100000,100000,0,100000,3,1749665615,,,1749665615,1781201615,pi_3uKlTjWf0DVlNUHKfEIvkATn,ch_3nhvqNVaSD4Mww7ANuC6r1e5
in_1UMgECXSg9WWa5B2L9PFmDPD,7RV5EVWN-0002,cus_1gUeoKp8pMrrzu,sub_1kRhDQtugGrwvGqPqcH2zdqX,paid,subscription_cycle,charge_automatically,eur,100000,0,100000,100000,100000,0,1,1749679980,,1749679980,1749679980,1781215980,pi_33caRfVOEzoBOLXEo6foD3av,ch_3vXXh2OoA4u0sWYNDs20ULpn
in_1QvR8wVqdt68SwSoxXXXIKI5,IMHQMQ1V-0001,cus_QdlLGM4m73UvlU,sub_1DXHjFXAX5Jb7wg25uTRz6u6,paid,subscription_create,charge_automatically,eur,59900,0,59900,59900,59900,0,1,1749725767,,1749725767,1749725767,1765536967,pi_3MkTgZaHXCyrpzNwAf4j1hHS,ch_3xicnsCHY3Mgn2dd2IJKhWRD
in_1LkBdkPWZu1NdHAGzUdbQHvE,WITIMDNM-0001,cus_VnsYdInFfAGOo1,sub_1GuVgWo96ZCKYYY2Wy4mHG0L,paid,subscription_create,charge_automatically,eur,100000,0,100000,100000,100000,0,1,1749747567,,1749747567,1749747567,1781283567,pi_3sA54pdAy39RPCc3K3XDh4Mo,ch_3IuDr26SbFsyyaBuqHEmSDL9
in_1XHx9kvUKs1rGJNt8CgU2K4e,4Z7V16N6-0001,cus_cFaJnXLI9i8vTp,sub_1aajI8plEDPWr5v46uX5T6ir,paid,subscription_create,charge_automatically,eur,200000,0,200000,200000,200000,0,1,1749817323,,1749817323,1749817323,1781353323,pi_3zYmfUKUrTrYcxOwbPZLjM2x,ch_3lgOYWPl2rQjSfDCnoQNrthX
in_1h21rOBrTLHWOrBg4jvO19Ps,NMW3OH87-0001,cus_LKXI9HpKD03OqK,sub_19gxykCf8XpMExaXgwNeGVU9,paid,subscription_create,charge_automatically,eur,100000,0,100000,100000,100000,0,1,1749825109,,1749825109,1749825109,1781361109,pi_3fKLva688VkpVskKCkdPHtdO,ch_35UuTogssmWuC3780JVaKkyt
in_132yEkiFaioAn9RZAXW35hCP,UUFYQ59T-0003,cus_0ixrwYw6m0HKnJ,sub_1lW71GO3fa7WjDFI3uzwkCrf,paid,subscription_cycle,charge_automatically,eur,100000,0,100000,100000,100000,0,1,1750000759,,1750000759,1750000759,1781536759,pi_33LxwDymxWLTe7kTRn48O5Xd,ch_3SRCPWeOYdHRwFePNpQeCXQF
in_1gMe27jIFetpYjU91UDk4orH,D2SC8XST-0001,cus_jOlAChx03P3UHv,sub_1GXAPFMSZa8caC9uaToPDZjP,paid,subscription_create,charge_automatically,eur,179700,0,179700,179700,179700,0,1,1750086029,,1750086029,1750086029,1765897229,pi_3LyRClnrBC3u79dlpdXBOV4J,ch_3pRgYlBcR3iU9FOO35gvJOfZ
in_1MEbuY3B1GWAzhOi9XdJXBW4,USXQE4FK-0001,cus_jX00B6hfItm6n7,sub_1QUPnAKD5nvjknHBHRwKfH90,paid,subscription_create,charge_automatically,eur,119800,0,119800,119800,119800,0,1,1750102408,,1750102408,1750102408,1765913608,pi_3QqWFIaJmjzxWHPbvDSignuF,ch_3bnQopekgnjz7Pt2Vh9Ozzmj
in_1TFOj6AGBYSmNe7GOF8nwNWM,Y8RYHGO7-0001,cus_HmhR4XOUMe8xf7,sub_1d4RDlWFsFKzkH2USg5Nq0MF,paid,subscription_create,charge_automatically,eur,100000,0,100000,100000,100000,0,1,1750167560,,1750167560,1750167560,1781703560,pi_3i1EuyIVm25uIODBoE3DlOSM,ch_3fsOdkaLT0GKduqYch5nui4l
in_1RYC3HD6RZuUPAmnkS3cZPez,CLJZTA4Z-0001,cus_KBRV7gf1pmveoT,sub_1OfjqLJraH98XxhgHKt95xPa,paid,subscription_create,charge_automatically,eur,100000,0,100000,100000,100000,0,1,1750220962,,1750220962,1750220962,1781756962,pi_3WP4xMZnipbGITAdEDm2gI4H,ch_3945nNWi8csMvxZHtpHuyt1o
in_1W0ihNcOckDCN41cYwRWgTsM,FFJTDNX3-0001,cus_SpAc1nGinELVIF,sub_1gF2mQ4fwXVDtrFTVZvaV7RA,paid,subscription_create,charge_automatically,eur,100000,0,100000,100000,100000,0,1,1750276266,,1750276266,1750276266,1781812266,pi_3JmYrwFFDpY3NDlodQbYQ55L,ch_3gb7aIJ3Qs4dhOL633uaGYJ1
in_1j0cd9EMUYyoIons7xSrFXhF,30CXZ44F-0003,cus_aKwP3bgDXa1usw,sub_1X6bKQHAXaY7PNONVdc6nMJZ,paid,subscription_cycle,charge_automatically,eur,100000,0,100000,100000,100000,0,1,1750323676,,1750323676,1750323676,1781859676,pi_3ryx9Twp24zpgTtzsMCdld9L,ch_33Prt6FjyFN31ieq4KrRsFXk
in_14b2t6oHP3s9GLEnhALaUxfL,L553R1VQ-0002,cus_ViUpbgyC60pg71,sub_1wUTQPVCuLjfSIYM9cjyoRQs,paid,subscription_cycle,charge_automatically,eur,100000,0,100000,100000,100000,0,1,1750359207,,1750359207,1750359207,1781895207,pi_3kCTmhggohwzdIEVCdNS4hkj,ch_3PHsABzlsbwFrAQW8r7ZmP51
in_1efu82HA2fD1bkYiPVtmkACo,IFXJMCG7-0001,cus_3T1AWO06WnQy44,sub_1YcNIz3KzH5U1a3cEzZZ3aSf,paid,subscription_create,charge_automatically,eur,100000,0,100000,100000,100000,0,1,1750444304,,1750444304,1750444304,1781980304,pi_3dlumP7wxC99tk32p7udA0pm,ch_3DuQ8GzDorSN7mDGoasIqIEl
in_1zpOUv7C0kA0p7voxwys3qDW,9VZAMVP9-0004,cus_oKAbhGVadS5yd2,sub_1ReiBjjURbhHpLXMmhx1rqVa,paid,subscription_cycle,charge_automatically,eur,119800,0,119800,119800,119800,0,1,1750445076,,1750445076,1750445076,1766256276,pi_37o8NUv7e2OnAjtI9snrsMQ1,ch_3GH6D2PBHMFopwI2PEpxAWux
in_1iCaG0ddsQoAk6dYxqo1vgkn,R6A8OGHR-0002,cus_1eIa8K98F9g0l6,sub_1L16KSTfaKigsZubjaHLFzOG,paid,subscription_cycle,charge_automatically,eur,200000,0,200000,200000,200000,0,1,1750485683,,1750485683,1750485683,1782021683,pi_3akb2m6QGLtwv86RR6f0iwgI,ch_3lW6aXostm3wLmKSmi7Rg3NR
in_1BXHHhvDmq6Zsz1qHpHlDpF5,JWPY9T7G-0002,cus_yu4XVN2VEXIi2Y,sub_1LaLkQCQvPoXlWg5K5JoLtSZ,paid,subscription_cycle,charge_automatically,eur,100000,0,100000,100000,100000,0,1,1750553662,,1750553662,1750553662,1782089662,pi_3AxNWY8pRt2ZxX35USaqAfws,ch_3HvrAZIwInesFvH66dbhRhK5
in_1tu66Qob596amdUaMBVOi7H7,FENEUPZ8-0001,cus_qq4gTenKw3GXKP,sub_14vPHPxTrZ7yFSqcjUpYNnM7,paid,subscription_create,charge_automatically,eur,59900,0,59900,59900,59900,0,1,1750591302,,1750591302,1750591302,1766402502,pi_3PG4a3Rok2xw7fxMiYE8nwlc,ch_3wxVtBMazhsda4eXGuuetgAo
in_1ahjCkVursOEf1xjTxulnZKY,S6O5A0SN-0001,cus_tzgEk4uMjPERXn,sub_1ICBACAS3SdbDZnj9VRH8O9Q,paid,subscription_create,charge_automatically,eur,59900,0,59900,59900,59900,0,1,1750671117,,1750671117,1750671117,1766482317,pi_3ndxYpcmoiLFIei8ojoG0yeZ,ch_3FuyDv552iKMCcnHm0khFLW2
in_1prCFos5FcmOlhqjrjMbjENC,KBFJUFSL-0001,cus_I5GcsROn4SBalA,sub_1CF9qiXUDTWEEW9VWwrK4YLF,paid,subscription_create,charge_automatically,eur,200000,0,200000,200000,200000,0,1,1750749913,,1750749913,1750749913,1782285913,pi_3bPYXcHzMuefTezLbbskz3ce,ch_3ZsIIqUnH6AsX0uXzZS18H5Y
in_12kFmXPvWVsnhinJvz5cQHRP,JTZZ0N9W-0002,cus_fk0u6XjYrfseJu,sub_1sMO92BMhpSs9Ws3GNUvjseE,paid,subscription_cycle,charge_automatically,eur,400000,0,400000,400000,400000,0,1,1750767785,,1750767785,1750767785,1782303785,pi_3HSbVEBZaAGkC5PndZosdsUP,ch_38XDzuWOymbrBixzjDDULPvt
in_1WiwiDrL7vmwMQWJ4Y0ohAbi,9URUOEAK-0001,cus_z2xCXj2qGssMrU,sub_1aIoNA2haB0sXiBXxL17MMhO,paid,subscription_create,charge_automatically,eur,100000,0,100000,100000,100000,0,1,1750780349,,1750780349,1750780349,1782316349,pi_3PuaaEbHBBKTaOinmq0Nv1KI,ch_3774e5FBytztxyQiKi6y2zC5
in_1lYAhZBwHgcKnnhHHCE0oWqj,FV8YN74C-0001,cus_y9uc5yf5WfPkwD,sub_1lfO4pWJNf2Jk6ErOpMlEwVw,paid,subscription_create,charge_automatically,eur,100000,0,100000,100000,100000,0,1,1750781457,,1750781457,1750781457,1782317457,pi_3nXewTmHmrnl5ElqaF2IjeVq,ch_3VQn1xJuF1jdSl1NAh7WywK4
in_13xjSb0ueLvKumTDgS5LxbVw,E3832OZJ-0003,cus_CJGyh7syEVdNuf,sub_18hkYGHkB8AUQJEgXWbqZCQr,paid,subscription_cycle,charge_automatically,eur,59900,0,59900,59900,59900,0,1,1750853640,,1750853640,1750853640,1766664840,pi_3RCgDcO1h7JT3FKvc0hjpaUz,ch_3BWti5oWVzfquyjxyl1YERfk
in_1PG4aCnZqeEmCkHfMvmeG1Lx,KE3XX0Z4-0001,cus_qv9Ve3SLGa0SuA,sub_1AKB0KDVfBtJ4D9GFvxy8xlG,paid,subscription_create,charge_automatically,eur,59900,0,59900,59900,59900,0,1,1750860890,,1750860890,1750860890,1766672090,pi_3Om2QxDw5IgVjkZAQrrULUnG,ch_3EPdgxjiivzCO3QzxaxU81wA
in_1ujztxCiqHAY8vbZ8wHSPXTf,EN9L6HN9-0005,cus_uaIM5yUmzkfOj7,sub_1fDMI5neTUoUbKCe0NOrIt7s,paid,subscription_cycle,charge_automatically,eur,100000,0,100000,100000,100000,0,1,1750925067,,1750925067,1750925067,1782461067,pi_3ZxSwL7F6gmkjDl609kfsZ31,ch_3NVHQ6Y4HO0eCLMFdl83spXh
in_1rhkxSSAsn2xoT95AEXzGc3N,1O3AQKB7-0001,cus_qxSvZhMKSJfxm5,sub_1WWpgB4PiWAjMt9fzqhE0MSp,paid,subscription_create,charge_automatically,eur,119800,0,119800,119800,119800,0,1,1750929301,,1750929301,1750929301,1766740501,pi_3rngnmhXlTrKwpUmzAjNoBOO,ch_3WYt2BCe2v9BNJoVYMCWSayl
in_1K6IV9KcyDpgCEDaeOfbI0NE,V4SJCJFJ-0002,cus_2Y9YB44OGfQiZ8,sub_11r3FcLh1KNkktkktxXfZ94B,paid,subscription_cycle,charge_automatically,eur,100000,0,100000,100000,100000,0,1,1750935834,,1750935834,1750935834,1782471834,pi_3qjYHIt1qKA3F5YSVahDRj3B,ch_3ZT9FkIWSADiKpmn96XtZDgi
in_1ycvh0oU52057WoiQC7N7Swu,EC6WH9RX-0001,cus_Up09HxjrvDFD8J,sub_1lY7rGWNjAgnwmdQROQXBR69,paid,subscription_create,charge_automatically,eur,59900,0,59900,59900,59900,0,1,1750953706,,1750953706,1750953706,1766764906,pi_3JE62UG0hVA80gFvwPmAmsVD,ch_3DetdQMyJ37QgkiPvVpG50Ao
in_1mfpzs4TbKzTApV8G6VmDxOB,Y0DR8NL9-0002,cus_XqQxcyYPFx0CfX,sub_1iwxgXyA3sUfwhAdA4aSPWbf,paid,subscription_cycle,charge_automatically,eur,200000,0,200000,200000,200000,0,1,1751011089,,1751011089,1751011089,1782547089,pi_3a1oynRLbHK4DUGwUl1k4J6I,ch_3ySqRNL7adR3jAnHTz9teUuO
in_1gbYRnrgIBgv7C8PRd5s9TWw,YOSQT5CD-0001,cus_Tn6e07VzMZNd2C,sub_1w8rhlhyNdLbOHaAxQNDq59a,paid,subscription_create,charge_automatically,eur,119800,0,119800,119800,119800,0,1,1751034840,,1751034840,1751034840,1766846040,pi_3ASHAzH53hffPpN9bIMTihX8,ch_3haXyQoecG4nPc17xVgCXXOH
in_1gPARz926nhMxgFEo1K7rR5R,DD0ZVK62-0003,cus_q5TcwbOXpzkyJr,sub_1nRK07CpKzrmqD2azBz7KspO,paid,subscription_cycle,charge_automatically,eur,200000,0,200000,200000,200000,0,1,1751043113,,1751043113,1751043113,1782579113,pi_3H38o036kguGKRGum3pJTg93,ch_3Fz4Rt9ieOawfcytNDEdpljE
in_15tqNU22vzxVUY2JipHS7Ir1,6YCS9QAA-0003,cus_6LHYZBMKNIA5lF,sub_1th4627DCqlO5YjEdlRDD7Gm,paid,subscription_cycle,charge_automatically,eur,100000,0,100000,100000,100000,0,1,1751098100,,1751098100,1751098100,1782634100,pi_3s30FQVHn0GOrtfTcQfqHoTQ,ch_3DmndG3v2SXVktEocv5TKXOH
in_1Jf7ds5Z4oGq7E4y4exSxooy,15DLV7XQ-0001,cus_lyXDDqzGWd3viU,sub_1GDZBDBOSd7qfo80d76yebyF,paid,subscription_create,charge_automatically,eur,100000,0,100000,100000,100000,0,1,1751108417,,1751108417,1751108417,1782644417,pi_3GDVhfmMBpIrDdwt28a9sEFk,ch_3YhZPWGeTWvWYy34G1XwPtS3
in_1DFrRisyVrCx4XcdbDizdcls,QAH9KS6K-0004,cus_Sq3HE85uE4mHP1,sub_1bhV7XEvh5P9TvYsByKAVZ9v,paid,subscription_cycle,charge_automatically,eur,59900,0,59900,59900,59900,0,1,1751114176,,1751114176,1751114176,1766925376,pi_3uh0xv09iDc9wSqljhv7Zkoe,ch_3DaZWOJV6ikezgY3pcXXiORn
in_12ylVjkf6j53zJaX918zw4m6,O9AIE689-0001,cus_Xn7Y0z4ymC5lnt,sub_1KYC61tBTA6Bk9im0g8qP2Uz,paid,subscription_create,charge_automatically,eur,200000,0,200000,200000,200000,0,1,1751119398,,1751119398,1751119398,1782655398,pi_3xeCZiU6XIZ2doGcC8KyKTGT,ch_3oSIE5jKahEQAg8dkf80Yx1n
in_1emBjhkgmuQLNxDsdysKBOMS,91FBW5OG-0003,cus_TYDWmlzhpInQjv,sub_1oZ477sO5uISIKPHoSHWehN8,uncollectible,subscription_cycle,charge_automatically,eur,299500,0,299500,299500,0,299500,3,1751299476,,,1751299476,1767110676,pi_3mCectxPvYEuBXI4ibRQqlB0,ch_3DC9HCm87F8df21g4gSpxeA0
in_1SRTt7p1IWmxzBeTYXILB03m,VDJ4BZ1Y-0001,cus_TYUgd46TiMP6PM,sub_1lvldG7aaapYTB1FSgnmihz5,paid,subscription_create,send_invoice,eur,28500000,0,28500000,28500000,28500000,0,1,1751359444,1756543444,1756118944,1751359444,1782895444,pi_3ht9Rq4hDi6DdHottulM4whk,py_3Ft1FxdYHJUtxOijT2hXz0Je
in_1bcR3UXB1yCHqJ2enCL5IBkO,NAM8YF8I-0001,cus_71Wbb2FJp00oy5,sub_14vnre5DmfBsQ133lhZDWzTm,paid,subscription_create,charge_automatically,eur,100000,0,100000,100000,100000,0,2,1751374069,,1751374275,1751374069,1782910069,pi_3TQjnWfxl60es2UIERSJ4JIA,ch_3Ql90oyOAuijjCdAuuhAV6Qt
in_1SxJ6KpmTnrw1y7HVYocX6da,ET0YEGOO-0002,cus_JvcYfcXGumDSEf,sub_1Bbn9tKiyx5gxLDkAONKYZgs,paid,subscription_cycle,charge_automatically,eur,59900,0,59900,59900,59900,0,1,1751458531,,1751458531,1751458531,1767356131,pi_3q0fSX29e3w8GK8GB8Y3WRPo,ch_39LP4CsGoCCBckYKmdtdYtaH
in_16ilOHlDmrrdKucUo3Axk8Aq,FFZTXCW5-0001,cus_Tde0kPQw26ShOT,sub_14KVA1sduk7XDHePhidmh277,paid,subscription_create,charge_automatically,eur,100000,0,100000,100000,100000,0,1,1751479696,,1751479696,1751479696,1783015696,pi_3Qh0r2uKmKGAG4B8jaGenRhU,ch_3mLXlnTnQsbVgeKqp97v5Vuv
in_1JuROV8MsJW2pVJXJ6FLs0bQ,NCDYR3U6-0001,cus_DANiM1w5X6Rpwq,sub_1IAfpjZ3YuOm1QEn2qtPH168,paid,subscription_create,send_invoice,eur,500000,0,500000,500000,500000,0,1,1751547838,1754139838,1758827698,1751547838,1783083838,pi_3KSjHe4NASWhSx8sXKmUlMiu,py_3pTMLMPlYbViYgyKca0bmHOs
in_1wTAUuZhtwPP8MfY6qv0KJ2A,2TOCIOPK-0002,cus_EzkSZTRs2LzqF7,sub_1oUXhOahNQwwjtE0s2Tplce1,paid,subscription_cycle,charge_automatically,eur,59900,0,59900,59900,59900,0,1,1751580426,,1751580426,1751580426,1767478026,pi_3PJFmy9I1vY22mNZUfdKib3K,ch_3Fm5BDeURD1Jav7Ulxe9BVWp
in_10C5it39SFkBGAVlWnJIKe1E,3LA3DNEE-0003,cus_76InV7vaZ3QBHK,sub_1NqQ6mD53rftGpIHmW28rXMt,paid,subscription_cycle,send_invoice,eur,200000,0,200000,200000,200000,0,1,1751624711,1754216711,1752413831,1751624711,1783160711,pi_30rjFItcQtf7ZcPjofy0FFZ7,py_3T86lGTF6wZQXbJPkGzU3i7X
in_14PIGlgyMcsffbxNUTKzNGmD,3J3L8EFJ-0003,cus_Fo29zRF9czWs56,sub_1zpHClmMWPhPnlvEWbBzm9ws,paid,subscription_cycle,charge_automatically,eur,100000,0,100000,100000,100000,0,1,1751630217,,1751630217,1751630217,1783166217,pi_3WCvSD57KUYv8de3xYG6AyTE,ch_3Ba6TLGSyM299G3giAUAb5gG
in_1BzV8Z7irTV2PV7vmL7OfK0c,XT449Z39-0001,cus_qFxvDZnbFfCb7M,sub_1IBpZKznFrwuYQrh6qqexda0,paid,subscription_create,charge_automatically,eur,100000,0,100000,100000,100000,0,1,1751638793,,1751638793,1751638793,1783174793,pi_3QI3ag2W32D7eb17x1ZtAKiQ,ch_3PnLx8ODxWNWxAfPd87iWPSY
in_101NxlPHjP4D6nRLDxC3y14W,5WB4QDB2-0001,cus_71xzjLxwKSWZrd,sub_1aPEJO9S5iNlLHc1mzoJJOLc,paid,subscription_create,charge_automatically,eur,100000,0,100000,100000,100000,0,1,1751897414,,1751897414,1751897414,1783433414,pi_3zgeauBCAeEXr8EC1rDJa9kg,ch_3CZ3YfazfVRMqqLn8W5ALVFh
in_195km5kL9xtjKpatNYHZST1O,H8ILV0BC-0002,cus_CvNLKYSboa0yaE,sub_1lzehVXHfBNd2VUGR5yBQEph,paid,subscription_cycle,charge_automatically,eur,100000,0,100000,100000,100000,0,1,1751958729,,1751958729,1751958729,1783494729,pi_33gIAK08jP4cPM9TJzLOdR6M,ch_37L5CDotOFmCpdkBcI8PDv0B
in_1g80LziJSMdocuRzWNrF3QTE,TF5JZU6O-0001,cus_4dXrGyH8h5sC8X,sub_1bFgui4ADZPBUtI8HL7brWZu,paid,subscription_create,charge_automatically,eur,59900,0,59900,59900,59900,0,1,1752007089,,1752007089,1752007089,1767904689,pi_37c6dFYxLRwRWWak3hcX5c5Y,ch_33F06BGx5x0leQc0qaAX2qnp
in_1Huw57Of3fnoEXBUDY4zMoFp,3VESQ3BR-0002,cus_NFdEndxElQM4GJ,sub_1vXQ7nvSDEDUs4jJ8mhDSrAE,uncollectible,subscription_cycle,charge_automatically,eur,59900,0,59900,59900,0,59900,3,1752061598,,,1752061598,1767959198,pi_3zdAuPoT5ouZe9fb4LtIk4rS,ch_3IAG1HuMCVvaCKjE4jgEQc5E
in_1CRUGjFlWfDeyVDVlan33jPl,LOWQD7K0-0001,cus_CNBOirh48j9XgV,sub_11cRTSSAWH0AHxViSLtZBCgg,paid,subscription_create,charge_automatically,eur,100000,0,100000,100000,100000,0,1,1752230663,,1752230663,1752230663,1783766663,pi_3d437OciDAmZ5Bgt9RBb3G7A,ch_3x6UHtDgROjja9SuLtvpdRky
in_1XcaqxEEt5DHGOUbqZL5dN6L,V7Q27WT4-0001,cus_fNYh6YxHPRXbM2,sub_1nQO6RBzf8GeOFSzAGC7rMAt,paid,subscription_create,charge_automatically,eur,100000,0,100000,100000,100000,0,1,1752246356,,1752246356,1752246356,1783782356,pi_3Dnzy8OIZOpVEZreYHKPuGuq,ch_31T6HoLSV18lcnb2al2XJghH
in_1khmakgddh453kbvzBAaYjsu,87534MXG-0002,cus_5hApUnx1y3L42y,sub_1IdBGGXZbWouOoPSXuPcNIbx,paid,subscription_cycle,charge_automatically,eur,100000,0,100000,100000,100000,0,1,1752250054,,1752250054,1752250054,1783786054,pi_3VlQoBmUBmwbleEQDLqyHNBI,ch_3lwyjOSrIhvxvYOR9IyvMcct
in_1yhh0jtxHKCV8cBSkmzqxng7,HD8RPK76-0002,cus_x4A25rVIPto3s9,sub_1USCus1b7TLujxRCbQTQeMpO,uncollectible,subscription_cycle,charge_automatically,eur,59900,0,59900,59900,0,59900,3,1752265998,,,1752265998,1768163598,pi_3P6TH3a4p55JwdvdBsxcSduL,ch_3ICcUEKgAidaiCgLSKoJ1lvv
in_1nlmyTzmcFMtuVEdzHC4IXQI,KQY9W09G-0001,cus_K1ujVhwXyJDlhW,sub_1yfOioglR4Lmw2cZC892vHiJ,paid,subscription_create,charge_automatically,eur,59900,0,59900,59900,59900,0,1,1752266813,,1752266813,1752266813,1768164413,pi_3wJYhEAOGh4XeC7es5GXy6pI,ch_3JjW0b8c8uRPmfdTN9Ramzsr
in_1MuMlDUzJwIUoWeJw1wLaMmJ,H4KCACPH-0002,cus_GlsLDK3OJjP6Y6,sub_1lJVZebd4yLjsgvjIcoUhMZC,paid,subscription_cycle,charge_automatically,eur,100000,0,100000,100000,100000,0,1,1752301063,,1752301063,1752301063,1783837063,pi_3U8dlSmyQ0eueLVTr6dJiWmM,ch_3C2A2mivHxfWalaXpXut1OWk
in_1giVJwb5whVR0G7av9mU9dNL,FFDLWCN0-0001,cus_eM3doLx2lJGH69,sub_1TbXvhbcv8qGb4uyxgESyhKA,paid,subscription_create,charge_automatically,eur,100000,0,100000,100000,100000,0,1,1752600531,,1752600531,1752600531,1784136531,pi_3MSujLqU1Drr5Dy1Q9K9oPc2,ch_3ZqZlOd4ydLf3EGubNmQ8pDb
in_1uDAiC05SRyg4uTWcgJ54QN7,6B2XJNO7-0003,cus_MhDWGBRUFMEF3V,sub_1eSMBDnxc2KQXKD8i6Aeo9JJ,paid,subscription_cycle,charge_automatically,eur,59900,0,59900,59900,59900,0,1,1752654028,,1752654028,1752654028,1768551628,pi_3joY3hbhTeoQ5pWnfgjHKJEe,ch_3RZjdi8VMK3WQrzejM5OSL2c
in_1ntulnP6ubJPHY4ifEkz6uBP,SOYKJBK0-0003,cus_8lkzVWIuFNPf1t,sub_1LqYhEGiletnAeVv2Uxc02JD,paid,subscription_cycle,charge_automatically,eur,100000,0,100000,100000,100000,0,1,1752767067,,1752767067,1752767067,1784303067,pi_3Sha9UWR5Z3EfRTVyIRY1rez,ch_3Upoktdm5ae3OLDB6IqORmLa
in_1zlxzAZnMr7HzEcTbybgbx8K,A9UYNNJH-0007,cus_oYOrcM13fyhT2E,sub_1wW6plveKTROCdLAgBQtN5xw,paid,subscription_cycle,charge_automatically,eur,300000,0,300000,300000,300000,0,1,1752826001,,1752826001,1752826001,1784362001,pi_3ziFX9qvCEbMp0d6fPVonWjh,ch_3NxBrjNjsx1KI9l4nepIfHi0
in_1kAv34cBeMW62eiqstjZxAJV,KJRFGOWU-0002,cus_EwB2N78oCpGh17,sub_1EQfZKtxuhDwt35xRhHFSmGO,paid,subscription_cycle,charge_automatically,eur,119800,0,119800,119800,119800,0,1,1752844488,,1752844488,1752844488,1768742088,pi_3ee6IPYip0bZWAs16cpph3T4,ch_3HDtd0xoaNvfi4PQ0naEWWOM
in_1151sOq2QRrzlXjiId4rwEDB,PR3OXFOC-0001,cus_MLTFOO22grfL7l,sub_1FLPU95cZL5HEprnwrx6cJgH,paid,subscription_create,charge_automatically,eur,100000,0,100000,100000,100000,0,2,1752851927,,1752852086,1752851927,1784387927,pi_3qR0QF6RLAPxu9ShFwt9w6q0,ch_3idBLIyeW1HACp6NuqdHKiVy
in_1YCEUuXkLxEgDMeuVm5s7td1,U8L7NFH2-0003,cus_JPHdJ7IwKD8umT,sub_18gP4Yl6vjsXFZ313MjEB8DK,paid,subscription_cycle,charge_automatically,eur,59900,0,59900,59900,59900,0,1,1752933951,,1752933951,1752933951,1768831551,pi_3uC63OvkM79cZCP49YGQRa8v,ch_3aE3ADGlznNgVJZGz3rBN0By
in_1Tsm0I5pt2wJ9es10xaLWu8t,REUO3X5F-0004,cus_KR6bAg9jQFYJb3,sub_1dUDG9gLMNnWXKrN0aeE7gb0,paid,subscription_cycle,charge_automatically,eur,119800,0,119800,119800,119800,0,1,1752992108,,1752992108,1752992108,1768889708,pi_3F2NGuG2SqtRkdZnBBR7rK1l,ch_3XoSzICkeIJ8mGYomJzJ9oSF
in_1XC27CwMcESARV36Cif7gOZB,6DDP3HLJ-0001,cus_gNiDfTuqfBxpOk,sub_1Ife5eJW1b7AS9tyV7gwv1iw,paid,subscription_create,charge_automatically,eur,59900,0,59900,59900,59900,0,1,1753020278,,1753020278,1753020278,1768917878,pi_3n2SS9WBUsTDRG5pkJxgYANp,ch_3enYfp6yzEJxEAgzB5Bmp8Bq
in_1H3nDnq8potFWvUrz00aOXXy,VTLVUUFE-0004,cus_DIPL0QW2HetqtW,sub_1sPw7EnXoOWWxbemVYi0B1Fu,paid,subscription_cycle,charge_automatically,eur,200000,0,200000,200000,200000,0,1,1753034402,,1753034402,1753034402,1784570402,pi_3LDWKNFxZz5JbzMq6u9e65tQ,ch_3HQLBJeeEtcS2dmjIIyMFzwe
in_1U3lBlCE8X0GtB4PRzSQNUDh,5DQRJNHR-0001,cus_4LK8P8chxrr5bg,sub_1epp57C4mGnv36HAfkZDYK1M,paid,subscription_create,charge_automatically,eur,100000,0,100000,100000,100000,0,1,1753109943,,1753109943,1753109943,1784645943,pi_3z9AKajLXzAdWXHgXkkmwl56,ch_3SbXqAGMKLMIMfngTeMZRx9H
in_19NC3mI5gsCz6dlXMNcgVTTe,5H3F0K0C-0001,cus_v6yd3nuoHoMXxz,sub_13XfRBopF2vc1lxQA6dr5zhj,paid,subscription_create,charge_automatically,eur,59900,0,59900,59900,59900,0,1,1753141297,,1753141297,1753141297,1769038897,pi_3Gy70LyG9Li8GX0FkO6x25vu,ch_3egxyqPxnSOHpXzXvSIx8TVU
in_1M7muCWG1u3UBPrODqwFgP4x,URT1R5XB-0001,cus_CMGSym8Iv80WLL,sub_1za3zxZpLoxXzI3TyU1XzrWL,paid,subscription_create,charge_automatically,eur,100000,0,100000,100000,100000,0,1,1753157065,,1753157065,1753157065,1784693065,pi_3LBidgq9TqPlBmfhrglraI1S,ch_3Uc1cN94r2l236TRy6sC4yDf
in_1Su3hYzLhh3xviNTxxq4cmVk,HX4P471G-0001,cus_yqI97aRjbYyum9,sub_1iSByNPSv8KgNfaLDGydkqck,paid,subscription_create,charge_automatically,eur,200000,0,200000,200000,200000,0,1,1753265858,,1753265858,1753265858,1784801858,pi_3YhXZ85xpq6pmbGICiIi4h0g,ch_3wS7ZXeVJUJBAYWx8IWk5PSA
in_1xEPZfvhZyoYIPpNwkjJZvh0,PEVJXFOP-0004,cus_9seKwxuVJIsH17,sub_1u0fbwg4XCOMVWGzCTUg3Fct,paid,subscription_cycle,charge_automatically,eur,119800,0,119800,119800,119800,0,1,1753280811,,1753280811,1753280811,1769178411,pi_37VNhzBXpQvlVW1Qpkr30OjB,ch_3dU13hNf8NWY7p5p4ydrhnuw
in_1mw1wyptZAWm11n7Rt7a1wwR,712L4KW0-0003,cus_KxMikirquMrBsa,sub_1kAFjEuJW5ywrbq6C1o6iR8K,paid,subscription_cycle,charge_automatically,eur,100000,0,100000,100000,100000,0,1,1753354710,,1753354710,1753354710,1784890710,pi_35n96jzvMe1F2pBA7ISEnE3D,ch_3m1DAnqguKJNcqLxkhwK35Ss
in_1cOBo9fuCFt3QOJJlwqLj7ew,PDLDR50Y-0002,cus_7k3iPHEBNwpGDK,sub_1NBDFzpcF2v8w0BoRu09fryZ,uncollectible,subscription_cycle,charge_automatically,eur,100000,0,100000,100000,0,100000,3,1753368010,,,1753368010,1784904010,pi_3pZMM7iSqmnv7Kk0magjRoA9,ch_3eXNG3iTZHAyOHjhUDHCMvKm
in_1umf2cgPKoMSGX7ZwXDPexqF,XR743KSY-0002,cus_uHvLzcCkRq7PC7,sub_1O4SnasNG8vwijTvHPkKKRwF,paid,subscription_cycle,charge_automatically,eur,100000,0,100000,100000,100000,0,1,1753374233,,1753374233,1753374233,1784910233,pi_3hZTYhqosw7Rn2nOWBUTrTs9,ch_3xnmLnhxWJrfdGbsnYZ1E08W
in_1SLqp9mNcBXfrZs7lCmd1P5s,S0IRHQ9F-0002,cus_MgxKUJZNbydqVU,sub_1bT7Q8pYVmi1V1vE8uqGetbI,paid,subscription_cycle,charge_automatically,eur,100000,0,100000,100000,100000,0,1,1753376718,,1753376718,1753376718,1784912718,pi_3axcKKnaog3snvJ0VFGCdXQM,ch_3E07OBvZO27sQoMDTb5IlO4I
in_1wHzoXNKaqllgnsLND8wmwL5,WLLHI1HB-0001,cus_VQIO9S4wQBzD5V,sub_1hmEeWLfnb3AT2Su3RmJxG0H,paid,subscription_create,charge_automatically,eur,100000,0,100000,100000,100000,0,1,1753434128,,1753434128,1753434128,1784970128,pi_3XDFf4qtxdxmwqQumz4cpM1f,ch_3gyl7rTLbkF7flc9DoKe1iuY
in_1BeeXy9AfChaUEaiugYH01nL,ZJR2JVM4-0004,cus_vxRgtC1AdkvFU3,sub_1TjhhG3SjxcqmqDeKlg1Ot5X,paid,subscription_cycle,charge_automatically,eur,119800,0,119800,119800,119800,0,2,1753438855,,1753700275,1753438855,1769336455,pi_3103CXCP1UAdvTnGKwc2Yiii,ch_3tXStIVXR7pwOHBdYH95vM7s
in_1Ycy7QlvKC0OFJiMD0tbypz4,QMVTKXPK-0001,cus_Oqncpoe2sbcMv7,sub_14dBtzbPA7j3uqSmA09euxqI,paid,subscription_create,charge_automatically,eur,100000,0,100000,100000,100000,0,1,1753445786,,1753445786,1753445786,1784981786,pi_3tSFUYEGmggTTNbsb4o4pgiN,ch_3uU02xytQ9C7aI1oKnBPmnPW
in_1dT05Ts9ZzYWhuRMgJL5mYF8,08J2VJLS-0001,cus_ukDW37O6ikXgdF,sub_12uUwUK4BZS33No05VLKB2vD,paid,subscription_create,charge_automatically,eur,100000,0,100000,100000,100000,0,1,1753705382,,1753705382,1753705382,1785241382,pi_3g3UebqLMHdX6xnPDRM18CEc,ch_3ZLesIMc1aorcsTjWO7LfPNx
in_1IxusIH8AfIEtpsQbVrHtZ9y,6HI685JI-0003,cus_YVRsXnzclbufu9,sub_1lCmhaxqbYmq7EsRRrF9kZtk,uncollectible,subscription_cycle,charge_automatically,eur,200000,0,200000,200000,0,200000,3,1753881170,,,1753881170,1785417170,pi_30DGYTeopotcNzMviG2hROJH,ch_3gCB4v9HFulovdrV4zAObEWF
in_1Ee80PO6oVX5M78hHNeiHwlk,9HVLVZDZ-0001,cus_pqPpZVSQHGTAiZ,sub_1iUX6MqvtCjdac7DAnI5dqXx,paid,subscription_create,charge_automatically,eur,100000,0,100000,100000,100000,0,1,1753889141,,1753889141,1753889141,1785425141,pi_3v9Nldy2VlcmeiHh2D9bXIQ2,ch_3QRaFH71oNKF46YLRS6J4jgd
in_12Bn6cYBL1QcftfgqZ0qS1vf,30I59NSS-0003,cus_8jnGs2YQpfDLew,sub_1BjGpVahmudAK0xFKSjaE9w1,paid,subscription_cycle,charge_automatically,eur,100000,0,100000,100000,100000,0,2,1753967427,,1754231367,1753967427,1785503427,pi_3GBPyrDrwHvlZ6f41cygEiwS,ch_3MLJeridgJGJDJLcsgU6GbkE
in_1yzuDlauDHGN0lUQPogXpSLE,259QD494-0003,cus_Sv0QIS7YvjUjdB,sub_1JYgKbSYf4KbWHnp7F4VNEK6,paid,subscription_cycle,charge_automatically,eur,299500,0,299500,299500,299500,0,1,1753973246,,1753973246,1753973246,1769870846,pi_3fEqNLMmAsAL0ThMa0bW6UUP,ch_35lKH6ucuFEGzIdDVNFSTcNl
in_1AC9E4SSfIcibpUhz03sZVss,GAK38QGR-0001,cus_RGyvcBX5gfM59s,sub_1KNTONhbK0Ah8INYDt05II8P,paid,subscription_create,charge_automatically,eur,59900,0,59900,59900,59900,0,1,1753992696,,1753992696,1753992696,1769890296,pi_3PyJjJVHtrIPpVpBKxdsPUCD,ch_3HBtR2IsRUfAUsbl0PP5u7IJ
in_1EdNVrzG83hQH8OXnnL3FhjA,KB1DD8XN-0001,cus_0eyXbX3UNqjsKv,sub_1vmjb4B2v7eXPhyGvLd8bZDo,paid,subscription_create,charge_automatically,eur,100000,0,100000,100000,100000,0,1,1754034176,,1754034176,1754034176,1785570176,pi_3GwgxVXEFH9ppPPYwRSvXrhO,ch_30AWYRuOQhLTZbzdIXb1qUPp
in_1i6fTeyQIt7S6FFqwBf78lha,3RC72F06-0002,cus_0rJ2D2aKy5uGgq,sub_1iLbvdjPFaOndJnRsiYzSZrz,paid,subscription_cycle,charge_automatically,eur,100000,0,100000,100000,100000,0,1,1754048204,,1754048204,1754048204,1785584204,pi_3TRNzkgVAQYe55ftRdNGcWbL,ch_33D4KqnTkqLcvysC54qqpVJG
in_1FejKt33QiNFDk7MPkOTiu3j,6MSJVVE2-0001,cus_q8ZgmIDmd7Xcsd,sub_1uA4LEQCmjJA8yOVZTdPd1o9,paid,subscription_create,charge_automatically,eur,59900,0,59900,59900,59900,0,1,1754282211,,1754282211,1754282211,1770179811,pi_3HthtEZapFtsfM8VlZgKkNPT,ch_382x4otln4saNicFHi2cofYx
in_1dD8C9jBWWZ9YVCa9GWEiGz9,0G4MMEC6-0001,cus_h3lhTSiFrvRGmQ,sub_1FhPCzqmrwkOecs9jFGJL9bA,paid,subscription_create,charge_automatically,eur,100000,0,100000,100000,100000,0,1,1754300884,,1754300884,1754300884,1785836884,pi_3isuf2hTlyYeeJSlUyvshxUq,ch_3hAUUK6by9wjINcDy753iFIL
in_1bIr8udVs3HQxWhiSXutGlyZ,ESHWON4R-0001,cus_VLKKsdBCGKfqpk,sub_1TX9pl1wvGLIlldZWrneOS4z,paid,subscription_create,send_invoice,eur,179700,0,179700,179700,179700,0,1,1754387415,1755597015,1755609015,1754387415,1770285015,pi_3dcqiYQY726sYU6RJdVjJ9CB,py_3ZRlATAo7mATk04HVgerYCjr
in_1We4TzNl42UDvKtSiVMnIi9t,FQHRO3GS-0002,cus_8mITgAcmkpqNt7,sub_1wuF4kgryZLLtoU57pWztfwV,paid,subscription_cycle,charge_automatically,eur,100000,0,100000,100000,100000,0,1,1754477074,,1754477074,1754477074,1786013074,pi_3tugXiCnPCr0LGjY7HP0kaNN,ch_3XKDSixQbD71sYiuhAdiK8JL
in_11RN6IbniwPoSLLfm6hHlFKd,QCYINQEI-0002,cus_tIqlzSLjxDPjro,sub_1EVnb9xhLjYvWjW5UxxYVmyD,paid,subscription_cycle,charge_automatically,eur,100000,0,100000,100000,100000,0,1,1754485884,,1754485884,1754485884,1786021884,pi_3DMtODQmNX4YOk1NwxC8IFbU,ch_31OCu0UDjGoRABZxYyHS8VYo
in_1s20Z1NV9CeYAIBpiud0H3rR,AX49GGXE-0001,cus_REG0jFzkHBOqob,sub_16rCKK1sgcAQ8nOggZ0z8uZB,paid,subscription_create,send_invoice,eur,200000,0,200000,200000,200000,0,1,1754486162,1757078162,1757003642,1754486162,1786022162,pi_3Bv6qwmyaDvL9kKq22zL0Izo,py_3qFNU1LUt9kt7Srb5J1X8ysX
in_1ELgTVi6onwHu5nWtxvNtQwT,47D3H22E-0001,cus_V0MLZjs7VnKnPI,sub_1qlvyeFV2U3y7WDvpBTQpkEZ,paid,subscription_create,charge_automatically,eur,59900,0,59900,59900,59900,0,1,1754502677,,1754502677,1754502677,1770400277,pi_3iH4BHdZVB9LCYXu7RioNHis,ch_3impYoNGciEn9ue56S1GxMNB
in_1v1nKG77XOqDDVgQhDttA3LN,V9FBP2HE-0001,cus_QrVolm8eSbE3yR,sub_10tSSx0C23Wt9prxPo7ObS36,paid,subscription_create,charge_automatically,eur,100000,0,100000,100000,100000,0,1,1754550855,,1754550855,1754550855,1786086855,pi_3WGAcwwr3yUDmUzWqhT2gog9,ch_3HRTJysaxSg7sKThLHaRyCrm
in_1M5rsxekDBT7g8ZwW9RuiXf3,R2YNZ56X-0001,cus_pVANBA2pFzW3Hi,sub_1V5MpMOJg6cIEuOjk4QOjJtk,paid,subscription_create,send_invoice,eur,119800,0,119800,119800,119800,0,1,1754558496,1757150496,1756829556,1754558496,1770456096,pi_3NIDkM0095gdNfHUV09c2Ot1,py_306OAbSb1SAShrpydd8vjHDQ
in_1mEVEljHMyRlWpJfawI4S25X,IOARMF22-0004,cus_WiHDArKdqbaBvu,sub_1aIxnp3hoWSbV4v1kVRyyKBv,paid,subscription_cycle,charge_automatically,eur,100000,0,100000,100000,100000,0,1,1754564700,,1754564700,1754564700,1786100700,pi_35bQDaH3zwhg6PvkphQovxf3,ch_3qLkEjNbvmww61bhB72YJtD0
in_1XA6tLHTAwNQHmGAqLkwZmAD,KAGMCK8Z-0002,cus_Trq2iISJ9gCGgF,sub_1Hm6ECY4T2eQMuRFksSs61Ru,paid,subscription_cycle,charge_automatically,eur,200000,0,200000,200000,200000,0,1,1754571540,,1754571540,1754571540,1786107540,pi_3kfSuaAO2w48pjfpwYwhWkGa,ch_3ncrcqJ37yJz2OaIDrzlig2O
in_1kBniOnTeKNI6ORRORm0qwrI,8V9R8EH8-0001,cus_EUFSTV2eWMJrVr,sub_1BhyUKSvJpAUQugFrRzuVtkh,paid,subscription_create,charge_automatically,eur,200000,0,200000,200000,200000,0,1,1754603484,,1754603484,1754603484,1786139484,pi_3G2mAogWnDG9zvf89SnZeLYZ,ch_3t5E6Yb03YgcPQpqXUbSOxrO
in_1IFjdtv7omAcVOSzlDfuYT73,EXVZJHYC-0001,cus_g4SgZ3iHTDB1sy,sub_1r8VPaNgpeNUdk65dJ4BeP16,paid,subscription_create,charge_automatically,eur,59900,0,59900,59900,59900,0,2,1754659553,,1754659758,1754659553,1770557153,pi_328nAuCxidcbNWu2XdPLNZGt,ch_3V82spY449YFYA8FnP6CVJlM
in_1d5OzP2vudHfOVUtVMkrbpx2,PQXTOV7N-0001,cus_sSvXzFCoDvrOrO,sub_1u5wHvgnyBxKQ4Ms22bTxPqZ,paid,subscription_create,charge_automatically,eur,59900,0,59900,59900,59900,0,1,1754720478,,1754720478,1754720478,1770618078,pi_3rue7ZkQdG5w3cP8C9ZNTVtY,ch_3AX6TilSn7D0Y8LGsaLNTp4R
in_1M0uT9cGkS3jDkEEQY5KOnE0,RPOT67XI-0003,cus_vw2UsKW0mXrki6,sub_1e6d6TxHrxleItoTGNfWLiew,paid,subscription_cycle,charge_automatically,eur,100000,0,100000,100000,100000,0,1,1754988460,,1754988460,1754988460,1786524460,pi_3XvH4cJCuyNblXDjeAZJLtu9,ch_38JoNuSanw0UkjQntzI5Yudd
in_18NWbwew2GXvzibt2nevZKWJ,CJ6CTUY4-0002,cus_URxvlvfu0DCHiq,sub_1xQ99GnWIFAvEGTBgLEXGxOO,paid,subscription_cycle,send_invoice,eur,179700,0,179700,179700,179700,0,1,1755002475,1757594475,1758207735,1755002475,1770900075,pi_3PEyXHGOS5ZWX8WQX5jVuhs0,py_3UksD7KfCaMTThDcl3ZrMpEu
in_1wVXvZos6qsQCxxlVQOg0Vi7,AOPI9Y6X-0002,cus_kslnBARXz391rf,sub_1vfomFUXjGV96CQmaRifG6RW,paid,subscription_cycle,charge_automatically,eur,59900,0,59900,59900,59900,0,1,1755008260,,1755008260,1755008260,1770905860,pi_3CgTu9BSloQ6JhfTKWoTAgim,ch_375xZAXQ5izLiHEbfAdrIG3H
in_1LxQPygx7m93hREinUeEYNv7,ETE1SVMO-0001,cus_tUWKGRj6rXnX43,sub_1DvWPkvBLhKag5Fo6yQkgaPD,paid,subscription_create,charge_automatically,eur,59900,0,59900,59900,59900,0,1,1755084181,,1755084181,1755084181,1770981781,pi_3fqxspMnBx5pXFFx5zlP2rFX,ch_3Kmu7eSXz1X67S1aA1EDk4mw
in_1U3tMm67Ez01GLt8r5fAl4er,HJPTT79A-0001,cus_L1juELy0FdhPOb,sub_1a3CiGhdSC0k9Eq5nV0VW1u2,paid,subscription_create,charge_automatically,eur,100000,0,100000,100000,100000,0,1,1755087894,,1755087894,1755087894,1786623894,pi_3PVpBtS9KSIezMOZ6vKGkSsF,ch_3IflUkUuZCKK6kiLFth5wFeq
in_1Vewb4rRoFM8YcA9cdRS9Uen,JPANHN64-0002,cus_u79OzXANnqiUxM,sub_1nafar1f7v9pTQrliIQoT7oc,paid,subscription_cycle,charge_automatically,eur,119800,0,119800,119800,119800,0,1,1755091779,,1755091779,1755091779,1770989379,pi_3lC2DAb7IvB7wI9nAXW0t1Wr,ch_36Fry0pDzf0W9mMmPurdNXLy
in_1SGU0fKxNxb2zdGA5m8jRbt6,UZN64FBT-0001,cus_1k8lknUvS2RWxd,sub_1EZFxHB6hdpE0lZkOpq3oANC,paid,subscription_create,charge_automatically,eur,119800,0,119800,119800,119800,0,1,1755110249,,1755110249,1755110249,1771007849,pi_3ScicqeH7KpsN7U07p0zleET,ch_3KyEzx3h0cHCjtALQfCJfIXZ
in_1XboQWfaWem58XTP1lWHDKVw,YXFH2GWN-0001,cus_wn6jFRdAgsBXgr,sub_1HxBnbifQMRleGPIBRNGeXVS,paid,subscription_create,charge_automatically,eur,59900,0,59900,59900,59900,0,1,1755160184,,1755160184,1755160184,1771057784,pi_3zBJPJqZ2SqikUo7Ad4TYxf3,ch_3pAq5YBOgGBc1QMBMc3Oesu6
in_1ncvgJsIbHgQ6JdylxcsTuxp,PLD9VKM4-0003,cus_Rk63OKSHdu7Kbu,sub_1D9c1nomDLM5i2V6U62mIIUu,paid,subscription_cycle,charge_automatically,eur,100000,0,100000,100000,100000,0,1,1755194109,,1755194109,1755194109,1786730109,pi_3ym8U588ytv5uEkhV9zkN13H,ch_3tnhKjI1xW1CnbB5hhxo6WrD
in_1viylBtzOMUlWEDFNQznFxJt,MU8A2K2S-0003,cus_ZmqtTDtZso32eB,sub_1sLp4UcvalK5UJcHVDOfMmNy,paid,subscription_cycle,charge_automatically,eur,100000,0,100000,100000,100000,0,1,1755272814,,1755272814,1755272814,1786808814,pi_3aYL8okEuNqhBXc0IlQxuohc,ch_3YtCQTGiUDpRej6NnBpx6lsF
in_1uhYhsuhp16MwWWEryhEUJTw,RVPVRTYT-0002,cus_G8M9kE9KGTC7DY,sub_1heZITRGdBpresjWtufXShxH,paid,subscription_cycle,charge_automatically,eur,119800,0,119800,119800,119800,0,1,1755274535,,1755274535,1755274535,1771172135,pi_3cOjfh9zSDBIN2hOyFZiRsnJ,ch_35xKP1DreRdDfsoyk5H4aWeh
in_1sQMASE1o18fmSiz5JqNtw8X,QSSPZHED-0005,cus_09vgUl8qp0SniN,sub_1loUu1zvLiCO5R6DVoDhV9gr,paid,subscription_cycle,charge_automatically,eur,119800,0,119800,119800,119800,0,1,1755352717,,1755352717,1755352717,1771250317,pi_39qBIBxcup6mpRly7FTIeESF,ch_3odeDPTeGUqvXcUNDalNbccq
in_1AE8JM4jcw9Ol0PY7C351ikF,3O31QN6N-0002,cus_g2Pf1ehdnIDpHW,sub_19AH0vJuMf9TDng6tj10EZdS,paid,subscription_cycle,send_invoice,eur,200000,0,200000,200000,200000,0,1,1755361384,1757953384,1756587484,1755361384,1786897384,pi_3CqUaTOfYTFAMBDVfuBqhwcS,py_3OHs6r1vsXPLUYmDU2dxcDnI
in_1YysK1bF2hJQa65KSHnE7YS1,Y4HR2AJZ-0002,cus_Vt19YhPxV3b53g,sub_1VdjrWREIFv3T6fGL6ZCqhRc,uncollectible,subscription_cycle,charge_automatically,eur,100000,0,100000,100000,0,100000,3,1755586833,,,1755586833,1787122833,pi_3mGFwo36ByLvcRBHdcybLkiu,ch_3q6FxnZzDe6V36MOxbqVHF15
in_1c09L8feADRQPGVtC9ynU4t6,18A8V78E-0004,cus_XNsr0uL3YXDPox,sub_1p0GPnir0jkYwAbdkFO48dAH,paid,subscription_cycle,charge_automatically,eur,59900,0,59900,59900,59900,0,1,1755615409,,1755615409,1755615409,1771513009,pi_33cxt9pELH2JwHjaOnUZB5yj,ch_3xNLyQbvsXK1A1xoUFAakwTG
in_1vV0NyMkS9u0CoyuWMzpharQ,MXGO4A9E-0002,cus_m32m1jGh7IOWpx,sub_1ak87JPLoV1DwsNnspJvWzaV,paid,subscription_cycle,charge_automatically,eur,100000,0,100000,100000,100000,0,1,1755617265,,1755617265,1755617265,1787153265,pi_39Mg6rvYOoCNrqOdYv5TGkXF,ch_3o69XrYAgeFZgmF6cpa6nA0X
in_1z1iZ2rPs2QKp7x47iq6OO6g,QJ6N39WA-0001,cus_H6EwxAXAsh1cgT,sub_1X2FMlJofiF3Nj5sg2a3e9W3,paid,subscription_create,charge_automatically,eur,59900,0,59900,59900,59900,0,1,1755667611,,1755667611,1755667611,1771565211,pi_3fzHYbSj0d6SiqmURTmX4wP1,ch_3oIiwzuctVMi7LbinOKnI0Sb
in_1DVxP1wL9M89rdZZlTuoSD3W,OIZ79UKU-0001,cus_HXtrjYiQsM4ADU,sub_1aLAzmcAjdxolpQOLyEZFlby,paid,subscription_create,charge_automatically,eur,59900,0,59900,59900,59900,0,1,1755673421,,1755673421,1755673421,1771571021,pi_3mRBefCjvbPiSVMLq9619tyF,ch_3Xbztn6nQ0BLt4dENyTz7wCa
in_1BApPVJWRDHU3JgEQP487lor,2WDBEV0B-0001,cus_1qdD09z5Y60QEP,sub_1wmOAXOFI4dQjCkOWpuww6HJ,paid,subscription_create,charge_automatically,eur,100000,0,100000,100000,100000,0,1,1755845105,,1755845105,1755845105,1787381105,pi_32CCeupEPdZ2FmoYLoLiM76N,ch_3CXgKmZEE9L31GQRWayLNnSn
in_1EmWWDmMQXctfzg43OdbxqQ4,LZB97YRN-0001,cus_fUOgPcK3OQjEdj,sub_1aBBgw7Gl0YVz9GBeXU8UNKa,paid,subscription_create,charge_automatically,eur,100000,0,100000,100000,100000,0,1,1755876122,,1755876122,1755876122,1787412122,pi_3QtSgojnSowAGFwNhairGPQ2,ch_38NzKwUBcN6HHrb6ewIBSXlS
in_1WiWXF7BEKQ2l2SQmf9vBgyM,PEOYWKB0-0001,cus_CQxlQrk3Z9TerO,sub_1NCS2RtHcofXXeoUXlFt7BVU,paid,subscription_create,send_invoice,eur,119800,0,119800,119800,119800,0,1,1756137381,1757346981,1756944621,1756137381,1772034981,pi_3bgW0nrHfPyEedk07i22pXP2,py_3lUAQai1OstZNYELatTonrJN
in_1wFQYgnktHPjbEt3Tm7guzgP,ADELFDGQ-0003,cus_eUgevm1PzEYcC5,sub_1IQdkfwItS5nEDafhUCRzCVV,paid,subscription_cycle,charge_automatically,eur,200000,0,200000,200000,200000,0,1,1756158875,,1756158875,1756158875,1787694875,pi_369qJZHYzOQwp2siTNMfVFoF,ch_37yXjZDjleCwDEAy7JqGgyrL
in_18Mz0cPnX7q6DZKKJgdchd7C,W83SZNM2-0004,cus_S61rosTOnduRgT,sub_16qezF5E7X55CypHt6bLt5Yq,paid,subscription_cycle,charge_automatically,eur,200000,0,200000,200000,200000,0,1,1756270509,,1756270509,1756270509,1787806509,pi_38uUGcfAgBnlEtGuok7eOSO6,ch_3nuLabpf0eK3BxTi33v4bjTp
in_1kVTItvzthq5RNalVKhhDpoo,3YPZ17DV-0001,cus_K7NK3HxWY8sd1x,sub_1h2P2kjpEiQzDAPxYzCOL5we,paid,subscription_create,charge_automatically,eur,100000,0,100000,100000,100000,0,1,1756297160,,1756297160,1756297160,1787833160,pi_3sjqpWgBluJCIJDuewnUQj4w,ch_3Xp1blyVaKEIIxiPLQUH9vLU
in_1fxq0thXXwsZsq6UrGiuz0h3,VCCZ6U79-0001,cus_wbANRJUZVN9Uso,sub_1hkdpZPrldN9hY6tbD7LupdF,paid,subscription_create,charge_automatically,eur,100000,0,100000,100000,100000,0,1,1756316375,,1756316375,1756316375,1787852375,pi_3GweIoXn33q5t4Y9z7Ly7Aam,ch_3zXdhKMh2P2gJtXclBT02oZX
in_1JqixJnBPEhXdw9a77uWvibh,18M32Z0J-0002,cus_xu8G7l0wUNOjuZ,sub_1w1bp607lduoQMPolGN5hMvT,paid,subscription_cycle,charge_automatically,eur,200000,0,200000,200000,200000,0,1,1756361664,,1756361664,1756361664,1787897664,pi_3fNq2w8kn0AIa5BVhrGP7Ipb,ch_3ZyWAEvUa2rg8bf7xFs1ukRY
in_1nSXy3C6yWtNwyUcFMNiniiF,HSOFPA51-0001,cus_VE76GBTawTCyJA,sub_120ChL3ZAHihbziTUXthDlnT,paid,subscription_create,charge_automatically,eur,59900,0,59900,59900,59900,0,1,1756363953,,1756363953,1756363953,1772261553,pi_3k6rg8x1GQCQmrL9LJqSdtSy,ch_30zsjsJVcD9Fb8F7NOwvbj1o
in_1KGXoo4fUtAOcWsywaoava7b,UQDQMJBF-0002,cus_ekjYZV7sl3J8ef,sub_1zc0Dcq2hhYpjRJG7bIaCUcg,paid,subscription_cycle,charge_automatically,eur,100000,0,100000,100000,100000,0,1,1756385167,,1756385167,1756385167,1787921167,pi_3r0X9yOl2R4K57PTXRD3Lqx1,ch_3TxwORyN5XzxflVGeyShBPKx
in_1G7GuBF1T7jHcU36w2pglVDh,GC812L2S-0001,cus_cYDmnre2o5LXUH,sub_1XQKRiJYHTffNC9gvTC9a3fe,paid,subscription_create,charge_automatically,eur,100000,0,100000,100000,100000,0,1,1756392268,,1756392268,1756392268,1787928268,pi_3a6iHc5nDLYLY2Sj0lQzOwqg,ch_3qoZyP4d2lCXIV4dimHigX99
in_1i0T4P5WD0oVgA9GQ1fhOc3w,6QW7O2RX-0002,cus_mk9AiOXmdF84N8,sub_1TPu7TuLObnPs9koTaPW9VKP,paid,subscription_cycle,charge_automatically,eur,100000,0,100000,100000,100000,0,1,1756451804,,1756451804,1756451804,1787987804,pi_33jqmypMMWteckpc9vI5XvUg,ch_3ChesyvcswQ33S9l2FJTlas5
in_1lDdYnvWUUZirCOtK9SnBRtq,M72AXCZ6-0001,cus_DXrNn23CFHTIYF,sub_1A4fXSvWhvR5ASOxUCkDdxBi,paid,subscription_create,charge_automatically,eur,100000,0,100000,100000,100000,0,1,1756473821,,1756473821,1756473821,1788009821,pi_3DHOMQZjYot9kSNdH1R4auge,ch_3FsGWtszmZtWLwB84DR6mYmB
in_12aIIPRF3RJDFmF4W6tMydpn,AJKBST6K-0001,cus_hXEILfELJf4laB,sub_1wqZgnKNzWOTZSKMYCwOGAmx,paid,subscription_create,charge_automatically,eur,59900,0,59900,59900,59900,0,1,1756474896,,1756474896,1756474896,1772286096,pi_3R7tYuPhJ85MSQYa27FPfKgh,ch_3nRD8lBVq0SCuZQnMeLf4kv9
in_1K4tfePdEDvUKexdj2kl9NhX,Y0P4HLHH-0001,cus_9YaEaFiNzaeGzo,sub_1miFD9WxJgPhgXsdhnSKGOPx,paid,subscription_create,charge_automatically,eur,100000,0,100000,100000,100000,0,1,1756504786,,1756504786,1756504786,1788040786,pi_3X9fYSWbDR4TgxW0MfAmv7ys,ch_3HrOFIjPzzwk8kch9ZRkQLT4
in_1Y14J8iz1MkWhmKd8WZK635K,F73A6LTO-0001,cus_rgsD4W0HjM6eme,sub_1LHoOAfSByVLlGktUm1nSZUs,paid,subscription_create,charge_automatically,eur,59900,0,59900,59900,59900,0,1,1756728058,,1756728058,1756728058,1772366458,pi_3YTyJCnMFb1qToiONgUVAitz,ch_3u4nDcIqs51Ke8MriudIGX13
in_1aEfxxkFXc1hI7CfJ5LDGm6H,UUIYFA63-0001,cus_hNee0SzkLguGyD,sub_19XiyvniZOFm49pFvDRMbv7L,paid,subscription_create,charge_automatically,eur,100000,0,100000,100000,100000,0,1,1756747910,,1756747910,1756747910,1788283910,pi_3N7HRcLDjo7s79B70r2zENDc,ch_3miFOddyESLXWIXdZ2oaj7kd
in_1vGPTd7p0dx1X3WJ8JcKiw6F,B9OR7YJG-0003,cus_2YI8GZJPFLWnOY,sub_105g2zkxIQLLVDHR1Ovip86p,paid,subscription_cycle,charge_automatically,eur,100000,0,100000,100000,100000,0,1,1756812368,,1756812368,1756812368,1788348368,pi_3CxdQi2YcGr53QOfXXsW0gUj,ch_3zy8dQa89vAGXcwNxuHDEJwT
in_1z0LuYu697HK4FTRWYUha8w8,VDDA9DSN-0002,cus_ExrRod6D5MmNDR,sub_1fEF6aSiJTqBJ1n717BPgmjt,paid,subscription_cycle,charge_automatically,eur,200000,0,200000,200000,200000,0,1,1756813886,,1756813886,1756813886,1788349886,pi_3J2FZG8g5uFOQ3siApHudseu,ch_34TzQe0g1W3ZGduVIzJO7xBo
in_1OKii7esqAQInDTYeP841U0N,ZZ32D6FY-0002,cus_qedAZTWifmJako,sub_1aTYdvR2phru6GKAcvmKRJrV,paid,subscription_cycle,charge_automatically,eur,100000,0,100000,100000,100000,0,1,1756887828,,1756887828,1756887828,1788423828,pi_3OhOlgfSgYddhUiz2AafFkP1,ch_33C1WcbjSlvyLRCYsXvMD5yH
in_1o9l9nUhZQzzqzMCWeZCuwsK,7NFIU3XL-0001,cus_ppCLpZWgtWLViC,sub_1SYUwKJmCh655QR4eDWQIMyW,paid,subscription_create,charge_automatically,eur,59900,0,59900,59900,59900,0,1,1756890968,,1756890968,1756890968,1772529368,pi_3sUohYvaqDvUy0an4Z58YNSm,ch_3sLIZWbM85liC3ZwjwWQewat
in_1bXQCz6we3dylzHZ7ktG1DEB,LCHEUDLZ-0001,cus_OXGlQzjdWA9Ulk,sub_1B8ycwESDoCqAFhn9FCBUpU6,paid,subscription_create,charge_automatically,eur,100000,0,100000,100000,100000,0,1,1756891214,,1756891214,1756891214,1788427214,pi_3E5UPiQoZqj92VMKc385OlQv,ch_3pXuZoQOxkZ1t1CqNnq7TlbE
in_1ARkf8bnKwRbNZG9WxCSnJyY,DHWMR9V9-0001,cus_ijmJ0yv4UVaLbd,sub_1Ldk884thfOlV76suIyjOSPF,paid,subscription_create,charge_automatically,eur,100000,0,100000,100000,100000,0,1,1756895687,,1756895687,1756895687,1788431687,pi_3mCgS9RO4vKNRunPlLj67JHL,ch_3XFJpeqAIqGVn8sTNDMRontf
in_1DzBzFW3cuKZIf7g5LWuzgEW,6QLAF346-0001,cus_BZeKVIcod76d22,sub_1Ksb59bpgn9qelf29E7lhxd0,paid,subscription_create,send_invoice,eur,200000,0,200000,200000,200000,0,1,1756909075,1759501075,1757957995,1756909075,1788445075,pi_39AN3XRe1gyzAy4UarHZZWLJ,py_38cRfBVKk4uSe7cMzblR6lLt
in_1DkrPP9EtnUye3xQraEm9xy3,MDCJM97Z-0004,cus_2J8JSR6CwRVRjk,sub_17m4wrG8KbfaGOsX3rwPRdIJ,paid,subscription_cycle,charge_automatically,eur,200000,0,200000,200000,200000,0,1,1756977982,,1756977982,1756977982,1788513982,pi_3c0D1Mestv31zvl3cv7sDeL9,ch_3w0Yr1ziQzedRlDajbYGtMZ0
in_1QCyVnCty3S5v4ZdX0mXqyvX,GYNME490-0001,cus_gUL6CxXjU0nOsw,sub_1LjjehuENgfuOTHqqmZToqwM,paid,subscription_create,send_invoice,eur,200000,0,200000,200000,200000,0,1,1756983056,1759575056,1758561476,1756983056,1788519056,pi_3U5sZu6hYmotxMsoEWpga1hK,py_3nKa47ueXyfoLkbue8QmkCKk
in_1FJGSuRnhtoRmslr6sXiNW6a,KMJA7AXT-0001,cus_YBEy3yTCkLx1qr,sub_1KoLjrItsDLhPPurJPFniofo,paid,subscription_create,charge_automatically,eur,119800,0,119800,119800,119800,0,1,1756988787,,1756988787,1756988787,1772627187,pi_3P2fqVBm6h2evBsIJCmhGTB3,ch_3KWJf70sQPhblqs0G5NAUWf7
in_1qkZW3iHmAXJr0rnlKq4Ve3L,Q5SKE24M-0001,cus_suW7rOsGBVD4XZ,sub_1DLAArGdlXcOsgelKeu6L02c,paid,subscription_create,charge_automatically,eur,119800,0,119800,119800,119800,0,1,1756998362,,1756998362,1756998362,1772636762,pi_3lmJuP28wyUo30zBhkfyiWoG,ch_3BJ7cj1uHjnNKtup8t44P9aE
in_1VYlle6tfvcQ2b9TjmB4E2lI,PQZEGCZG-0005,cus_XbOX8tewq9fXaB,sub_1HDkc1KLVr4nNq70kRdGU5VA,paid,subscription_cycle,charge_automatically,eur,179700,0,179700,179700,179700,0,1,1757000387,,1757000387,1757000387,1772638787,pi_38ngrMl0k1AeAKphIGWZglPN,ch_3TG1hbfrFAgjuFBfl187sfik
in_1yThQZWChiyaKaDv5FMJeWaL,3XVDH0CD-0002,cus_f6CcqYDoi1h70o,sub_1CvhZ5Cez2G29O8CVpuM37yu,paid,subscription_cycle,charge_automatically,eur,100000,0,100000,100000,100000,0,1,1757050445,,1757050445,1757050445,1788586445,pi_362NocvL5N9P0ijodPCV3bk4,ch_34Dd0voIPNtxZr4l72WC8Du3
in_11fh67NOc4guAyaW9paeKAeG,1H3FN4H9-0001,cus_xpVzA5GWNFI57f,sub_1G2ktV61NcBjIOBY52lXwkS2,paid,subscription_create,charge_automatically,eur,59900,0,59900,59900,59900,0,1,1757051982,,1757051982,1757051982,1772690382,pi_3UZUdtHsXzHlIIMQm5Fc9KpD,ch_3685RcylmxwWKhODBLGMvjDW
in_1Sj1RqZInwsZSgJWzVdSSiiD,D663PHZ2-0001,cus_cYF9TPAHRXty4Z,sub_16zMwdxpJfrGujMZuHpwGcE8,paid,subscription_create,charge_automatically,eur,100000,0,100000,100000,100000,0,1,1757060736,,1757060736,1757060736,1788596736,pi_325uIqFBPCH4t1l1Aw4kx0F0,ch_3KlVuKvyHuYzYcRPpBiJmIeB
in_1vN7y4CpTB1AR73V92jb3arP,FDGVP6DH-0002,cus_zwzpwLa1QmMCIf,sub_1Wd3WkckmuCvAmMmPz8rC76A,paid,subscription_cycle,charge_automatically,eur,200000,0,200000,200000,200000,0,2,1757063000,,1757322800,1757063000,1788599000,pi_3j8FNxgS4hzGe5su7GD2ccDv,ch_3suaVINN7PDbS9rDubPxIE81
in_1H31urRLutqjvSKXXMWabNUa,S1GOM59Z-0001,cus_OdzSrjmMY03XlA,sub_1QEUp9iujRdQtehICbVeU7Fv,paid,subscription_create,send_invoice,eur,119800,0,119800,119800,119800,0,1,1757068496,1759660496,1760366516,1757068496,1772706896,pi_3f9JN0a1CA4qlT3pF5odyneK,py_3JmaYTAMwL1qcpYJsblVdWoM
in_1tWMbMIJ3qOV7t5pGmsvAJIq,6SK2AN4U-0001,cus_07CkhXZwjrwbbL,sub_1VrrSsFixXLp7jVBE9tEstOZ,paid,subscription_create,charge_automatically,eur,59900,0,59900,59900,59900,0,1,1757078529,,1757078529,1757078529,1772716929,pi_3RIbQuKm0X5GsWFWiSpa4pE7,ch_3fUlRUxhW6SBWRqmPxsIhlmU
in_115xwUKVzOGPL5unvioYV7qQ,0KVOGSE1-0003,cus_ToeQpp7vK7SyEx,sub_1PY0lblCJr2LKYC4sFp2DDRM,paid,subscription_cycle,send_invoice,eur,16500000,0,16500000,16500000,16500000,0,1,1757079055,1760967055,1761144655,1757079055,1788615055,pi_3PJHaAC7xkLMUFdODENEDScl,py_3SOzqMTNyxp9QFjT9XPdERTr
in_1SwJAWW1ttx1EB18JX8l8oYQ,PTYFQO3S-0002,cus_lwB0Tn1eacTQXM,sub_1q6xcnYn3rVe0CVSTu3sVdt0,paid,subscription_cycle,charge_automatically,eur,100000,0,100000,100000,100000,0,1,1757159495,,1757159495,1757159495,1788695495,pi_3dmWN9DqnRFB9yRNWLIhusBc,ch_3gfNT7MPsV25do0035bUKA13
in_1lsL6ny8ZFP4N59L5NGUJXlR,MHSZLMAR-0003,cus_vKVuKnciiPzpxf,sub_1zCnmNGneboWXOTf4Vg96fik,paid,subscription_cycle,charge_automatically,eur,100000,0,100000,100000,100000,0,1,1757196568,,1757196568,1757196568,1788732568,pi_3PzOYvuyJ6VqhWLmpuUN7flz,ch_3W7IiPCRdSuNJmx5zhgtiMV2
in_1SCUMjqs52WGSW5wlG7KpKMd,MDCOU0M9-0001,cus_50K6p9v36WgJzh,sub_10vOnzV6d8D9lV4VqDEwRTyD,paid,subscription_create,charge_automatically,eur,119800,0,119800,119800,119800,0,1,1757271048,,1757271048,1757271048,1772909448,pi_35P0JFFSddr6Wkd0TkAVUwx6,ch_3eZJXGdf6mEiHXuR2YrD44GZ
in_1sDBCq0y4aNRVy3FY4tk3CjH,8CG1DNCI-0001,cus_ypTDm7wINjftZC,sub_1RUquXHDHR9rdy52tLm5ksde,paid,subscription_create,charge_automatically,eur,59900,0,59900,59900,59900,0,2,1757334661,,1757335198,1757334661,1772973061,pi_3L8W5Zum5sDAageALNqy50kB,ch_3SrfGCFM7qJW5Pw6N6QIuStK
in_1SHNkDDyThAB1ygTaQpdMT3R,IF9DNW6B-0001,cus_IUOyiCxXxrUyeP,sub_1roue8potLy4oy2Kwz5B04aT,paid,subscription_create,charge_automatically,eur,59900,0,59900,59900,59900,0,1,1757346795,,1757346795,1757346795,1772985195,pi_3aFF6qWQ6FNaDj85czDqzrQl,ch_3jkCWIVB0Wxb0kzRlaWtZKVW
in_1uLCxfXMp315ENzTauwQGsx7,S0VMNAYI-0001,cus_eIKjMb6wen6E4q,sub_108NnjOr5KhC9i0V6YyB1djl,paid,subscription_create,send_invoice,eur,299500,0,299500,299500,299500,0,1,1757352872,1759944872,1759620272,1757352872,1772991272,pi_3MPZ9VCwK7KnqsppCpwGzbZh,py_35JNEcTL7LHAQ5LDKNJR0d0s
in_1E34xFtIP4PJbzTSwswa7r74,XWT9E3Q7-0001,cus_OFkVmWkOlqjLpM,sub_1LRjAp0UloS19O27Ft0z5TYj,paid,subscription_create,charge_automatically,eur,100000,0,100000,100000,100000,0,1,1757429935,,1757429935,1757429935,1788965935,pi_3459x6mETt7bXDcKMLcrXZPw,ch_3dnsWaV8E4sNXJIvFpnpVKGa
in_1pDuiuumcJCI0Lxw4zSMgzjV,DRDDL6R1-0002,cus_r5P6YKJFnB8UlB,sub_1ToWZNKMry9gdPgMOhZAf4BZ,paid,subscription_cycle,charge_automatically,eur,200000,0,200000,200000,200000,0,2,1757431410,,1757690610,1757431410,1788967410,pi_3erflUSj6IrlTB8Ag8qel5dx,ch_3n0Q2pRIlrZujzSzJOmAtITl
in_1ZCTVMG5I2ymXHsuugvGXjwJ,E4QBSN0P-0001,cus_byARUClH5F5Nlz,sub_1jwfkXSJhtp9XBXYp4DFVhHp,paid,subscription_create,charge_automatically,eur,59900,0,59900,59900,59900,0,1,1757492370,,1757492370,1757492370,1773130770,pi_3GF04AbqHLn52hstVqrpsrmS,ch_35zsgXMmZ1tqWg5kevchAUfc
in_1qBndNvodnBfIDwsUsi01Kvl,H7066L7F-0002,cus_vlJoPaGqxcNbO4,sub_1hqYp0twhHTSY43aAZYbQYhV,paid,subscription_cycle,charge_automatically,eur,100000,0,100000,100000,100000,0,1,1757586177,,1757586177,1757586177,1789122177,pi_3PmNTolp1Rp6SgEViqbnpEI2,ch_3TohJVbWIycPMLePkzC6lO8j
in_1TQywKN5dhzY7TyVLGd2ezZO,DPI6AKZK-0001,cus_l9GgdsUORO2dRR,sub_1FI6tEyFrCZxyfRMwLuJKJa7,paid,subscription_create,charge_automatically,eur,59900,0,59900,59900,59900,0,1,1757622133,,1757622133,1757622133,1773260533,pi_3blq1hqB6fRUemzugWsJnFJD,ch_3as3lCG9du2nYvV3UXygHTMc
in_1PbjS0GyMp5g9F3NvPS6nrDR,KF8YLAQG-0001,cus_PqvqpUqlPgbLlX,sub_1ofSkTHl2Q58C5hYLovrOg7m,paid,subscription_create,charge_automatically,eur,100000,0,100000,100000,100000,0,1,1757671232,,1757671232,1757671232,1789207232,pi_35LntLfKEv3i4EC2r5nkjmxy,ch_3xgOV6fsZl8GqwSRm7TK9EsY
in_1uYWnz2N1nuo39mRJhgAmZxb,5WHNW80L-0003,cus_v8Z3sKDF0JAnq4,sub_1yTVXqUG55YF4uSU94zlSoTj,paid,subscription_cycle,charge_automatically,eur,100000,0,100000,100000,100000,0,1,1757760119,,1757760119,1757760119,1789296119,pi_3jaKnOQJxAYbU5xtlnJY0pTU,ch_33U2EXsjwbJDVhMDMeObBZdD
in_1dxkaRPhn0iF1CYuCjmc7cp9,719IH2OO-0004,cus_m3iwHkQNkPuQq7,sub_1PxoVeGBI93nw6bH5DcBRRgP,paid,subscription_cycle,charge_automatically,eur,400000,0,400000,400000,400000,0,1,1757770618,,1757770618,1757770618,1789306618,pi_3lf6SpEimJ984oVfW5FxHrPY,ch_3cEMdEA0xOFLnwAvNldYf4Aq
in_1AHBym1alsxVxBtQfiXvdPZW,Y5ZUPXVK-0005,cus_yHhyXUkUpGwSVt,sub_1l5YRn71x49zYDIJwAIUw0HK,paid,subscription_cycle,charge_automatically,eur,100000,0,100000,100000,100000,0,1,1757851059,,1757851059,1757851059,1789387059,pi_3dXT9seit4LB42X85nzud26O,ch_3MdGaTCKMPRPUzSZLQJ3mc5I
in_1yrPJEJjZjBvbFjf5Ayj8EXp,D8SSQ9TJ-0002,cus_OpQ8BMcrK559MH,sub_1LhY0Affds0BzTDn9zZ8pITB,uncollectible,subscription_cycle,charge_automatically,eur,59900,0,59900,59900,0,59900,3,1757853882,,,1757853882,1773492282,pi_3T5pVopacrZ3uDqaRBLkRaLE,ch_3uq0zOGdOm8luI3aiGRhZErH
in_1axlLcAL7KMKQIruYenebtcg,UC3HRUO7-0001,cus_oP0EeoAP01yDep,sub_1OX4Pjz42Jw74k1V8f00MVTE,paid,subscription_create,send_invoice,eur,200000,0,200000,200000,200000,0,1,1757893088,1760485088,1758771428,1757893088,1789429088,pi_3ZSN59rfVy60cUMyOfLUFY5B,py_3YkmrXFR1bawRmWxvGItjDZY
in_189zLGRAx4dEwYGC0mySBRzG,BUG6J0LI-0005,cus_j7oS8UcPmuAPRk,sub_185C5LckEvZziVI40olo8p6y,paid,subscription_cycle,charge_automatically,eur,200000,0,200000,200000,200000,0,1,1757930086,,1757930086,1757930086,1789466086,pi_332nulO0uUqLphMQKG38pYPN,ch_3HPlnRbb4KgxAWCy0qYLQPHp
in_1nJ7SKrtJG0OjAreCvY0ndr6,6UPTNAP0-0001,cus_Aht6bDBlnBc4wo,sub_1TvGKyMl39hG17X4IO9PmoNb,paid,subscription_create,charge_automatically,eur,100000,0,100000,100000,100000,0,1,1757948487,,1757948487,1757948487,1789484487,pi_3lRJZ2IxVrfX9x5yquiTOjg0,ch_3PwGF2l7H76BwajgcGFTn8jx
in_1rbUCFILdfK3iAeUguU7fsTf,HBFEXPXW-0004,cus_wfMIu3sESqAMJF,sub_16jq08DYJ4wdMek0RkgwRm12,paid,subscription_cycle,charge_automatically,eur,100000,0,100000,100000,100000,0,1,1757957132,,1757957132,1757957132,1789493132,pi_3DB0HZvfvqS7C9547MNnVIab,ch_39K96JGrRLiSEsouHOhjXpZK
in_1qgWKiKQL347GZQquK0BCOCG,I8S6EUEQ-0002,cus_C9d7CcvoG6KNFf,sub_10WvNZ7JLR1t4Ubx1LgUVYcH,paid,subscription_cycle,charge_automatically,eur,400000,0,400000,400000,400000,0,1,1758078707,,1758078707,1758078707,1789614707,pi_3412rixwjp4U7ywhvix10PMK,ch_3Cuoatt5HIWGA45GXeGT8LyF
in_1QV21lC9UX8QODUYp0cffxzD,06NCP6KH-0001,cus_dwXuHdLnLxi9w4,sub_1agOB2JZXdSRSojD3plOHn1x,paid,subscription_create,charge_automatically,eur,100000,0,100000,100000,100000,0,1,1758200006,,1758200006,1758200006,1789736006,pi_3vvxUJGdNpj36hzXRZUWdzbs,ch_3cl2im42E0kgRHDscadgtxz1
in_1St1DEgjzC0I8hkDTwolHvhM,9EVVNTM4-0002,cus_5wCXszJcQhzq2V,sub_1eQ2F0Z2qzNkcy4bkVDzArqG,paid,subscription_cycle,send_invoice,eur,119800,0,119800,119800,119800,0,1,1758205974,1760797974,1760372094,1758205974,1773844374,pi_3SAkyeesH6MP00j8yj41Zl79,py_3iuSkRaY5C35i1dWM1IErBNM
in_13xOLPEeL5DGLjTUnx06D0Ne,TS0ZS6QI-0001,cus_jk20hK8M7CoW4E,sub_1hBV1hNGaWEwBHuF0WzNNRlz,paid,subscription_create,charge_automatically,eur,200000,0,200000,200000,200000,0,1,1758210733,,1758210733,1758210733,1789746733,pi_3DgY9TaN3SYh6582QHOmBtUW,ch_3oA4H1OlgmvL6oNM5Jmh86sS
in_1QkgXF32veETQBiqnm0wNYFY,H8L7OPOI-0001,cus_sUixCvOgK6nFpZ,sub_1SFiZDy0zmgLwF0leQkiyYji,paid,subscription_create,charge_automatically,eur,59900,0,59900,59900,59900,0,1,1758213339,,1758213339,1758213339,1773851739,pi_39PJYG72pegyFsJQN8u3bdNe,ch_3W3ztGmxhLnXbwiJA89lztFi
in_12nzURLfOv7RMPHOCFQDwYkl,5MW52PKP-0001,cus_RuCNKa7zAOnEv5,sub_14GkrnBOkJbhD6KIK02AqGAQ,paid,subscription_create,send_invoice,eur,179700,0,179700,179700,179700,0,1,1758287418,1760879418,1759438398,1758287418,1773925818,pi_37GS8Ewc8HVmIo4g2ftDx2t6,py_3CaUqseKoYh3aHzHrW4OMp5x
in_1VKlyFAr2yl9cqxfqWPT7Q9n,OV8D72XG-0003,cus_hdC3Hc8NCw8Drc,sub_1yt3kGClAwYdnC8XHiw9vq9R,paid,subscription_cycle,send_invoice,eur,300000,0,300000,300000,300000,0,1,1758295636,1760887636,1760471896,1758295636,1789831636,pi_3E6Izrg2uXZo10oNruxNfxsw,py_3VoEaiXtwa1bZtdsaiSevKj4
in_1UyHRcyMqT5qNmPtWo5I7EWw,PPACDGPO-0001,cus_GPGohVaJZxxyeY,sub_13whzy0lDHI8sPyCsq44CMfh,paid,subscription_create,charge_automatically,eur,59900,0,59900,59900,59900,0,1,1758296001,,1758296001,1758296001,1773934401,pi_3a52He2DznqtY2ymknGCculf,ch_3sWqBMekwVarnTqVbJt1SOdb
in_1JUCB7y4kYDa8QF3V7VIDXlN,5V5UEGK0-0003,cus_SOtPQcjDpoAiV7,sub_1lccPPhLaSmZGHNloVKhdnVu,paid,subscription_cycle,charge_automatically,eur,119800,0,119800,119800,119800,0,1,1758308581,,1758308581,1758308581,1773946981,pi_3qLVsW5kVUMJLugFdkMseFCH,ch_3nYHJxHxMf7cj44x5UDD5ITX
in_1W3ImG7YmZKOWocfNYGnMoYY,PBZT5URK-0001,cus_WkJB8fmcFMO2lq,sub_1wVTN6ianDvXBlXy71YIjdLT,paid,subscription_create,charge_automatically,eur,179700,0,179700,179700,179700,0,1,1758390976,,1758390976,1758390976,1774029376,pi_3QDaOJQhS7q7Ggur95clh9Ce,ch_3ReSPMfs7No7cldei1x66Op0
in_1rTqL2cr8uGX0a2g05mXwjnc,ZVCJZ1BE-0003,cus_CH6vimIOxydq6x,sub_1O9HcoGaRVMjEb2OR1VfNGJo,paid,subscription_cycle,charge_automatically,eur,100000,0,100000,100000,100000,0,1,1758467716,,1758467716,1758467716,1790003716,pi_3SFT5rVcMfvje4oYRX648Hx2,ch_3MpUWyvjhEoP1uUP3wz6WMJH
in_1hVz5IvN9wp9MbaqrjBjiWMt,OP4C14IS-0003,cus_LCwdi5rQsG3VZ3,sub_13qJE6kWcgrVo4j8D3nrdJeh,paid,subscription_cycle,charge_automatically,eur,100000,0,100000,100000,100000,0,1,1758508379,,1758508379,1758508379,1790044379,pi_3Cz70o1i6v04frC8JEDFbNXn,ch_3NLVRYCmrdAckhPbwZ5ttr4r
in_1qFZCn2XWRT0xT6mxbfizXyF,P4TMW1DE-0001,cus_6RWjcFGcdqGbaL,sub_1dWHXMGiEStyQOru87xToKNy,paid,subscription_create,charge_automatically,eur,59900,0,59900,59900,59900,0,1,1758523532,,1758523532,1758523532,1774161932,pi_3NVqCR11HhGjaJ3HPW9OVqHr,ch_3903FtJuHz0Hy6nVX99neO7I
in_1SRWXxqb3wwFT8vx5EXwyJVj,KTWSPD14-0003,cus_qCZ9e5cxOywAxL,sub_125S8HRWF7LsgCQ5nXaNpcWt,paid,subscription_cycle,charge_automatically,eur,100000,0,100000,100000,100000,0,1,1758556144,,1758556144,1758556144,1790092144,pi_3UGBSWR80FZ2NhGouyjSgLJM,ch_33RtewF8EvqnneBtAnxqRQEa
in_1msAWgTpSOOQb28cwhK0DQLa,W71KCNPU-0001,cus_JSluVp37nJ6rV5,sub_1LDEVD35auA0lo0Wj6wwgrWt,paid,subscription_create,charge_automatically,eur,200000,0,200000,200000,200000,0,1,1758562032,,1758562032,1758562032,1790098032,pi_389rmscjxobYTapOHQlh9oNf,ch_3gTsoTCX6iBhT8kKORmQhBiE
in_1JS0wgRY9nHEhFNaoicvR2Nj,97GFVWHZ-0001,cus_RBskwsRSqDsTda,sub_10Hw9xYBibD2nxve06oek5Yg,paid,subscription_create,charge_automatically,eur,100000,0,100000,100000,100000,0,1,1758627191,,1758627191,1758627191,1790163191,pi_3osQ19XGAQ8n9FJBY6dDrGni,ch_3sLuZ612kPpd5kcxZmVQmm3w
in_1psRZlHqJNKiCSlmSSoiINdH,4X1ZB5UX-0001,cus_KHSYnSrFQvqhQd,sub_1dJfCpCcEVO2YwEOnaUhOdj9,paid,subscription_create,charge_automatically,eur,100000,0,100000,100000,100000,0,1,1758636531,,1758636531,1758636531,1790172531,pi_3pN5N9MQ4ThwLcG5I9CayCvI,ch_3c3LuTWl4rr6r39uNMCiXb3L
in_1z2hOUQERPw9PUASKBqyOIks,4DA4RI0R-0002,cus_v1pCXPVUzh9H9b,sub_1qbblxklo6lzYeNuA4GbMPCe,paid,subscription_cycle,charge_automatically,eur,59900,0,59900,59900,59900,0,1,1758646848,,1758646848,1758646848,1774285248,pi_3XBO1CAbLNsb0PL8ksSKDqNy,ch_3V3cjH9bavotN7hSAIwJvdBi
in_13vZRhtzjoHvNPbKFCSUwsES,5KATZ2ZE-0003,cus_Mn9cnN8tgp3nZw,sub_1DOfdhzzOCo1kvT4FeJyZk7G,paid,subscription_cycle,charge_automatically,eur,100000,0,100000,100000,100000,0,1,1758713290,,1758713290,1758713290,1790249290,pi_3vq4n3COhDSfSs3D8kaIhGeX,ch_3Uwcdcy9KLsgY2m6WUUuAOwi
in_1JmYELHZizkTmLOjOwcr2Qjg,PEWG2ISI-0002,cus_0XCKGpKoN5Ysmf,sub_1C7OlbtKKq8cOI0EXggIMuL0,paid,subscription_cycle,charge_automatically,eur,100000,0,100000,100000,100000,0,1,1758728022,,1758728022,1758728022,1790264022,pi_3taxvt2swoGOifVvroAPxqKl,ch_37aTEDC4r1jExpKLinot2DPR
in_1YgG0ukdL1urAu5iGBSwlzUh,JHU7GNER-0002,cus_7WkX5gl07fc85E,sub_1y2QXxFvfk3n3So8biRVggwx,paid,subscription_cycle,charge_automatically,eur,100000,0,100000,100000,100000,0,1,1758783743,,1758783743,1758783743,1790319743,pi_3f7RX6h1XAbzbL2NrK71nfEB,ch_3Ws3l2zkeyyuOqOJJSgvztcl
in_1b1hDJKICkFbH6YHp8xq7ui7,NZ4WQUHV-0002,cus_fJio5Ljd8oyVrU,sub_1Q1K07LD3ylky5fk9P2KGFbQ,paid,subscription_cycle,charge_automatically,eur,100000,0,100000,100000,100000,0,1,1758797476,,1758797476,1758797476,1790333476,pi_32sD4oZy1tlUa6RlRkB95Z8l,ch_3pdZ1xOK0JepQZJJy7coDg4G
in_1mct7QwsMrUJjKQ0AHEQMbqo,6IMSHPTI-0001,cus_aCyNsjS9BifQce,sub_1d3qVHb0z60wqflJieQGNOqZ,paid,subscription_create,charge_automatically,eur,59900,0,59900,59900,59900,0,1,1758821319,,1758821319,1758821319,1774459719,pi_363rMWDDk44jnnS83xKlEDWQ,ch_3t0UuIKAAoQ9L6PcMUOW9lyG
in_1DoKnCLjpZ6hdjus4wFnqNbQ,2WHN59S6-0002,cus_8bkga5hWk7gvVP,sub_1gZFW6geju2UiofkHFjEiUhQ,paid,subscription_cycle,charge_automatically,eur,59900,0,59900,59900,59900,0,1,1758880589,,1758880589,1758880589,1774518989,pi_3fzsXWe7Xl8OJqnjUkHDrbBi,ch_3iYnVPjO9esrWqAEdthdfXJH
in_1vPGIPqB6jTjwgMfq30mhkma,VAHYWGXA-0002,cus_FJlKjvGf6eHAHy,sub_1qqbPKeitWuxY9M2ozZKZsys,paid,subscription_cycle,charge_automatically,eur,100000,0,100000,100000,100000,0,1,1758894834,,1758894834,1758894834,1790430834,pi_3nHyWlocC1lUfSNppXThcfO1,ch_3ZRwODWwBBQHfMdK6XZ6k0AY
in_16oyEAKRobTqy0Ja7G64nohm,M5P4P44C-0001,cus_njz4Z4FcvgtGPS,sub_1Gp0flQBONijxvLxSMohKHnR,paid,subscription_create,charge_automatically,eur,100000,0,100000,100000,100000,0,1,1758903619,,1758903619,1758903619,1790439619,pi_3SpfvpnH73QCCZScO9LqJvcw,ch_3xo9nZojdlJJn5cYLxhMZLJZ
in_1KX5tid7aSBfagO72AHkOtLw,EPMNK0EF-0003,cus_Hk2dbWyV2hfe05,sub_19ih0cZbiZld4v5yeo8abpEK,uncollectible,subscription_cycle,charge_automatically,eur,100000,0,100000,100000,0,100000,3,1759044783,,,1759044783,1790580783,pi_3Qr8OmlUR1E4OBneFsBMMwq3,ch_3Sr2lknyeoloTnDiw8DRPY61
in_19E9thmeia8ccskYHwLRTXLb,IROZINO6-0003,cus_UDHXG4PIWz7DdQ,sub_1mB4s29ac8dQJ5HCm72XTjTU,paid,subscription_cycle,charge_automatically,eur,100000,0,100000,100000,100000,0,1,1759052617,,1759052617,1759052617,1790588617,pi_3FTr1hqG5rHGJ3Tilg03QzIh,ch_3Gm1s2XyQVFS7yKcTYcRRegg
in_1al2S3lmQNJK8wSAi0EJQEmX,FHW1WFUZ-0002,cus_yXpUYQoCoAjxGc,sub_1uvraxORlDv52YNZ66H1Zgyc,paid,subscription_cycle,charge_automatically,eur,100000,0,100000,100000,100000,0,1,1759054646,,1759054646,1759054646,1790590646,pi_391S83vGW9UjoaOCrPuBqOQn,ch_3u12LQ6pPQCVLOjX0oBf9RGp
in_1emgnrpUMoD5fdra5EvMUNvf,2GD4C54W-0005,cus_M8OvVc1W3PJNn5,sub_1LDXP6m7IbqIsM3gh3xG9bxJ,paid,subscription_cycle,charge_automatically,eur,59900,0,59900,59900,59900,0,1,1759065449,,1759065449,1759065449,1774703849,pi_3rQ8ROIlyKqGeuAmwyZWGJUc,ch_3yHOTvcgt9nfehItUs4g4ONP
in_17d9ctIGjjt62cRESI0IOEKo,73V2DWQN-0003,cus_FGGArfVspwGMDu,sub_16RiKWokDCCpbLquNmwrgpb6,paid,subscription_cycle,charge_automatically,eur,59900,0,59900,59900,59900,0,1,1759078132,,1759078132,1759078132,1774716532,pi_3JXoc4YuwiyMDBop3r7AiqnT,ch_3yZikHSzaCTtUOOmmL6WbX3H
in_1kpq2sWGw8KTOpVV9Z3QDcFv,EEBCIFJS-0001,cus_8YvkAKMEJ5vNY0,sub_1SdqjD278KAhMTp2Ar7nHgCM,paid,subscription_create,charge_automatically,eur,100000,0,100000,100000,100000,0,1,1759122682,,1759122682,1759122682,1790658682,pi_3Xt5EY6zm7tt5cUTfZeM4o59,ch_3CMsaxfhHxiuqwc2DWCJLbpj
in_1pTphXUO2lc7kN9Dgr9sTSUe,AA4XLR9Y-0001,cus_dFld1l4Lu6pl29,sub_1viMiA5T7GsZLKpzlgNtr9Ex,paid,subscription_create,charge_automatically,eur,100000,0,100000,100000,100000,0,1,1759140784,,1759140784,1759140784,1790676784,pi_3QF2SNFX5nlgjySJP9lVdwO3,ch_3bIxa6yejQQDrzXq99OBP5hM
in_1YOCjQALxIk5DxZfSvaXYxoR,1LPKO2B7-0001,cus_1fBD3L737EQlVV,sub_1hmWxAFg4yIR9wOzxFPMs3nv,paid,subscription_create,charge_automatically,eur,119800,0,119800,119800,119800,0,1,1759174182,,1759174182,1759174182,1774812582,pi_39o9Z4IZeU0HSG5sjdHm04d9,ch_3j4fN71yxBEcCQhIQ0L3zTmh
in_1gmQcDCVhAy3tvfeSk5jN0yi,3QPC9VNR-0001,cus_1RhnZyv6LvQSjN,sub_1QkEs45kD2t2qWM4x9MO9Jxu,paid,subscription_create,charge_automatically,eur,59900,0,59900,59900,59900,0,1,1759219344,,1759219344,1759219344,1774857744,pi_3cA8GtH6Nwn8eEf1iq983vqr,ch_3L15CqaZyo2JwkCh5lritDT0
in_1mhG1sf1fsV3tRLH0xzCdsle,I1LPQ84S-0002,cus_9bPYIZ1p8aguSi,sub_1YJPKRIWS2fFB3wjBBr2zIbN,paid,subscription_cycle,charge_automatically,eur,100000,0,100000,100000,100000,0,1,1759222257,,1759222257,1759222257,1790758257,pi_3WaU421r8f6bMkLPpuJxhAiI,ch_3hPqFnw7sksQSxFUMd2nmVY1
in_1PYTGb8fWteQMNDIlT1PSdTc,7DF1VFVY-0001,cus_GFrGQbtgE96R7C,sub_149uGerj99yCvSd437DLmVkD,paid,subscription_create,charge_automatically,eur,59900,0,59900,59900,59900,0,1,1759229019,,1759229019,1759229019,1774867419,pi_36BqXaVxXH9uMbg72nnb4zTR,ch_3Zqh9DqhHf8idAfybu79tMtb
in_1LFAlV5X4bOCCbvVnSjTpRzz,SRWNIKXA-0003,cus_HoEicelG98V2Hn,sub_1i9FVkXUqXNnwEp2xhfA7azZ,paid,subscription_cycle,charge_automatically,eur,300000,0,300000,300000,300000,0,1,1759323233,,1759323233,1759323233,1790859233,pi_3TBk20RWCCLQK8inGFHPNbCY,ch_36SvWkGgyQvapkArVZj2ltN3
in_1qrnDiauR0HmVCi3qwYMNYHe,V8HNSOTX-0001,cus_c1zwGP2jwkpoFt,sub_16x0PR4QBZiBcEBlPTASoo5d,paid,subscription_create,charge_automatically,eur,59900,0,59900,59900,59900,0,1,1759331942,,1759331942,1759331942,1775056742,pi_3kt0JL72BGyQqS298xPvLnO3,ch_3OmvvXvYhjZ6rBhbz7H5Qb9b
in_1Dm3BTyDMRhXD1xH13Iizyy5,IH6NICWN-0001,cus_yw6U5haR7Uubmq,sub_1nVx7k5roVPZEKEBMPZOCTVr,paid,subscription_create,charge_automatically,eur,100000,0,100000,100000,100000,0,1,1759396282,,1759396282,1759396282,1790932282,pi_3Etglpq28HNJjz56reORsJPN,ch_3UEkbeO5I8LzDTViNxVmgYf9
in_1q2FFx03IlPMzIClg7nxNi8e,665GRGDC-0002,cus_0Kc3IfR6bNcpTL,sub_1JZzZtxqI3zpLDDIaA9NJ4xC,paid,subscription_cycle,charge_automatically,eur,100000,0,100000,100000,100000,0,1,1759403072,,1759403072,1759403072,1790939072,pi_3w52FjVZNd4oHbRyQQUIQMde,ch_3yzr8j8xmIuPUykha9VIoG2L
in_10xkSnNnLTw6I1jTtBLBxpNV,XWJYP6A1-0001,cus_53sZxoa6pu9Qxd,sub_1xvbM7UGJey1bOTnOQkMEtL1,paid,subscription_create,charge_automatically,eur,100000,0,100000,100000,100000,0,1,1759410401,,1759410401,1759410401,1790946401,pi_33EI8wg6djHKnW4M8ufds6DY,ch_3jdKtbLEtGue86PWQdYO98Us
in_1a2BczL4DaviwhVuZB6wNH9o,AP9LKPMR-0001,cus_iG2GwEufKoMhmf,sub_1HlBk4T12udttKOGcNOZqwks,paid,subscription_create,charge_automatically,eur,100000,0,100000,100000,100000,0,1,1759416382,,1759416382,1759416382,1790952382,pi_3NNYQcsMtkwD7N0UOWkmGYYB,ch_3atdZ5DEe8Xc28gwgMrR5u4j
in_1qAFmJmbWRLEg8TDofEMRkpn,8EFB444I-0001,cus_A1VQXXfTmbZNXS,sub_1BKjgCO15cQ7Pi6jtDWtizXE,paid,subscription_create,charge_automatically,eur,100000,0,100000,100000,100000,0,1,1759473119,,1759473119,1759473119,1791009119,pi_3Q9Bj2iGLQhd2NhUYRX9B6eV,ch_3wPecAUb7ttWKTdWJ8gVk8cr
in_1K9Q20APOSZINeTecoMkTZHD,A7UGSV45-0001,cus_65gIBaXpu0VqK4,sub_1g86gKkhfAe6ICmqVqrMHFin,paid,subscription_create,charge_automatically,eur,100000,0,100000,100000,100000,0,1,1759494805,,1759494805,1759494805,1791030805,pi_3WqlB1kRMNud4sHUGwn6q0WF,ch_34JJkJyKUEacI0zzycBMMGaP
in_1nDoRkSos4xZLkq5Q4IGZrwK,L2AVPW49-0003,cus_xOXku7uj0yJjvy,sub_1HPAhLkzQuDYqiysMbhbMAbQ,paid,subscription_cycle,charge_automatically,eur,100000,0,100000,100000,100000,0,1,1759500489,,1759500489,1759500489,1791036489,pi_3U93jJlJBiXMTl8ElGGACX51,ch_3ftYlf3L8k5i0UXKhOsTpQEj
in_1a8vmmF9VAPfkAHVoBpxjk2L,VQZY5B6M-0005,cus_Uh62hPZ96nMJ6x,sub_14xz13Ntn5zD6vycGde96QVH,paid,subscription_cycle,charge_automatically,eur,59900,0,59900,59900,59900,0,1,1759509913,,1759509913,1759509913,1775234713,pi_3YnaISS0Z7jAyjlCeCxHEYQK,ch_3LtmKhPlSO25aiNDQm6mL7bz
in_1ycwGRORNDimkElhz51iizLc,T1LF1GWY-0003,cus_4HkZT9CDsHx7mt,sub_1ikuVrQiOWvRS5xh1lZ4KPlz,paid,subscription_cycle,charge_automatically,eur,100000,0,100000,100000,100000,0,1,1759603643,,1759603643,1759603643,1791139643,pi_3WaX8Bde4xskv6bBjYAbTJLu,ch_3rTXdIbe5eFWIvhEeqhUXCfs
in_1Py9D68PckRO35t0UW3yXMGX,BFH6GWIW-0001,cus_xW1BD94FAE4iQR,sub_1KHKh4mKJ1AWv81ViCtonzHI,paid,subscription_create,charge_automatically,eur,59900,0,59900,59900,59900,0,1,1759749453,,1759749453,1759749453,1775474253,pi_3d8G8aRnJigvYQJ0onwg5zZs,ch_3QNqJDm5eUhPn4n6zLBTvMNX
in_1gCdauMt7C4MQemcZ52LHUjs,7CJ8VQ75-0001,cus_zbzhvhoGymjdUy,sub_1CAVmeJ1BzHDPHsxdIkqzS78,paid,subscription_create,send_invoice,eur,11500000,0,11500000,11500000,11500000,0,1,1759761899,1762353899,1765055039,1759761899,1791297899,pi_34JczZo8YlqqeNNDIR8aJdQ4,py_3RuwRbrDfghwVV7nNLfDUkVy
in_1qgw0d2rfectqFQJQ1rPJ31A,H6HZ6ZE8-0002,cus_byXKYVSs6DavQm,sub_1kJB0QXINtK5mEBbga2nZ4p6,paid,subscription_cycle,charge_automatically,eur,100000,0,100000,100000,100000,0,1,1759854063,,1759854063,1759854063,1791390063,pi_3qmgOYLCoTui4wNsuM8Yn14p,ch_3kGoQmwle6ffch65qvEeJA1L
in_1YKUzadiP5mvoEKOHGvFMaAc,47A7JXK7-0001,cus_pG5JJYL2gFVVCQ,sub_1p6yJ9jzNgSZ67Q6wbpm01LX,paid,subscription_create,charge_automatically,eur,100000,0,100000,100000,100000,0,1,1759861986,,1759861986,1759861986,1791397986,pi_3AOKLV6jRUZ6lhsKuPtAKVDU,ch_3wsuHH0vHoxkNFisXVtaAkzL
in_1uAwpELEysesUBl1gA9UylIb,8EGVQ0PX-0001,cus_wC36tmFIP5GIqr,sub_1tKh0yYxRaI3Uevyb0IHBepB,paid,subscription_create,charge_automatically,eur,119800,0,119800,119800,119800,0,1,1759915763,,1759915763,1759915763,1775640563,pi_3tN0Uatk3LTglmTahEADohYa,ch_3sbcKRyuSYbnNlMYm2V4pdry
in_1ZPfZMkHBkbjMu0ezfWvWIHB,LOC473SR-0001,cus_AZSGOi6NybdSPG,sub_1vvtwtp6vKHmw8nszPjtaohM,paid,subscription_create,charge_automatically,eur,100000,0,100000,100000,100000,0,2,1759916621,,1759916717,1759916621,1791452621,pi_3Rq4sfXys3HrxDSGtDEQBxHC,ch_3tBY7a1HH7YGrssy0ozQ2eUj
in_1NWCydluuLtwFY8VxB8DN3B1,W4KH2AMT-0001,cus_kIHLf8ZdlEtigi,sub_1pS8MzI8KtAKLxi1nyx0Kspv,paid,subscription_create,charge_automatically,eur,59900,0,59900,59900,59900,0,1,1759938778,,1759938778,1759938778,1775663578,pi_3WV4UqjBYzeoL5vEahL9Dc2U,ch_37baLCTGne94nfL94D2jQLuU
in_1fV1OKR45l0v8WLsF8tkQnNS,63TDGTI0-0002,cus_PSXS4GEeb6Kqlb,sub_1cMY4P9cBqGZ7calmsswVQSH,paid,subscription_cycle,charge_automatically,eur,200000,0,200000,200000,200000,0,1,1760010599,,1760010599,1760010599,1791546599,pi_31MRXXQeblw99ik595NXLv2m,ch_3xqMTOCrE35j2H6KZD9mL08X
in_1PB23tpZJKpfwyvp6tlJVcYg,JAIKAUZF-0002,cus_llXitrjlBvCz3o,sub_1kZeifyHUQteQAG34rrklzFE,paid,subscription_cycle,charge_automatically,eur,200000,0,200000,200000,200000,0,1,1760014866,,1760014866,1760014866,1791550866,pi_3ESYSvbKgOtXoeubKpOyBEGK,ch_32qrnq0htJTs01h86KZxYpeG
in_1Rge6bJ5Wnd4u5ORRElXpppY,8OI4YIST-0003,cus_qDD2nUa4BNIK5j,sub_17LY3EwlSChxj8ClueG9O4Ul,paid,subscription_cycle,charge_automatically,eur,179700,0,179700,179700,179700,0,1,1760017831,,1760017831,1760017831,1775742631,pi_3A4PUu32umlRhY1agc4BR4qd,ch_3zxVPBYj12mynUI5HYkQRE2f
in_1utDGT8gPzrPKFbyczvwz9hg,D8VBRB1D-0001,cus_rWF2kfi4CbZYl9,sub_1GXQQSceneGul4eNKHU9Zmc6,paid,subscription_create,charge_automatically,eur,100000,0,100000,100000,100000,0,1,1760032621,,1760032621,1760032621,1791568621,pi_3TvUgIuYqgu64dAJcrwpO1PT,ch_3IcXzizGp2YqbNqalyOgYCGD
in_1SfIS8VeDcM6qB4eX7Xf8ImW,I2OFFGRU-0001,cus_Lu63B9hH5p3U95,sub_1VzlRJqDjNcyD4wPWPsFWLmx,paid,subscription_create,charge_automatically,eur,119800,0,119800,119800,119800,0,1,1760091132,,1760091132,1760091132,1775815932,pi_3GOHDLOhc05PczgUxzhwcAwV,ch_3xDA4bVJEJybY7mCxHYZRV8H
in_1Lx5EI4PmmCaOOvfw3VAAocY,831N8QCG-0002,cus_cZhHsQlEdUNhNV,sub_1uSEGysrFo8upatv8MeHn7FE,paid,subscription_cycle,charge_automatically,eur,100000,0,100000,100000,100000,0,1,1760106852,,1760106852,1760106852,1791642852,pi_3NyoONAVYO7mt06qZf0YkEbs,ch_31jWHVt13FUlkW8hGNpYvCIS
in_1mRSe3bDlM9TjGg1zms7kXjl,SW7HVFAG-0002,cus_4bjS0FUNPlP14S,sub_1X6p97F0TVTyz5ONEyMrcW9l,paid,subscription_cycle,charge_automatically,eur,100000,0,100000,100000,100000,0,1,1760204516,,1760204516,1760204516,1791740516,pi_31xhlo78reHlGQczNsFRtaQK,ch_30bq49q9TJ0nyJhhAXxedqS7
in_1gwPyzutXRAeGfMvuQZ09XQR,FZ4ZA92D-0001,cus_yFeE4FSbAVxmn2,sub_1EqTbt1dYTKqdyqhLOOKpuO5,paid,subscription_create,charge_automatically,eur,59900,0,59900,59900,59900,0,1,1760250325,,1760250325,1760250325,1775975125,pi_39W6IUdzdxkjqamoKeOw26uQ,ch_3yeiVaOQfbTJVfCMaKzyCHvs
in_1M0GVxh41OvR7w9U95yapcqv,AIUZWY03-0001,cus_Fswyeq0COoxjnG,sub_19w8ir5gEME3pqHspE7Ms727,paid,subscription_create,charge_automatically,eur,100000,0,100000,100000,100000,0,1,1760250330,,1760250330,1760250330,1791786330,pi_3e2Ug36NWyn1Vh6Yl2iZUlM8,ch_3wZ0TpW1GxrVnqcJN1OwjqXm
in_15cjkj0s2iHf4alGTGpnmn26,2H5J2BJW-0001,cus_wy1Qg8OB6AhTrP,sub_10cFlBZb6n5JAU0sYyGhqtAQ,paid,subscription_create,charge_automatically,eur,59900,0,59900,59900,59900,0,1,1760268458,,1760268458,1760268458,1775993258,pi_3ylmVjL1IMw8xK8kaElURG9Y,ch_3nVC5JvWnYIUb0SMkUrUIGUx
in_1BDNkYPrY6UgD6Io5X72W8Kf,AYCM4JV4-0003,cus_Q1iTBTqGuLfYkD,sub_13rruVbzn0UEDCGu02n64tB4,paid,subscription_cycle,charge_automatically,eur,200000,0,200000,200000,200000,0,1,1760281362,,1760281362,1760281362,1791817362,pi_3gNwAO8WbfGfaIdttNiL2u5T,ch_3l7Hg5xvSJkf0WBKktjhCD3l
in_1ml5e2TSlH7NVh2TmjXEo2EL,0BTKK52M-0001,cus_CSKk2dbdP6hEMm,sub_1HzRklBRx15BOLxQ4mrEUc6F,paid,subscription_create,charge_automatically,eur,100000,0,100000,100000,100000,0,1,1760353822,,1760353822,1760353822,1791889822,pi_3HIIJaiAvFPgnABEx6yNDoqc,ch_3anm85GnbXWaefWeB1W5rhiW
in_14ejGaTvGPAmIU0lXD1aZbV6,QE9WPZED-0001,cus_cKgHmP8S9WRgum,sub_16Q9Z6S9pYXkxwg5VzU9Ug3q,paid,subscription_create,charge_automatically,eur,100000,0,100000,100000,100000,0,1,1760422118,,1760422118,1760422118,1791958118,pi_3LQfXEdOzI74pxSGtYAHDy4J,ch_3NcT1OUx4Gz5P0kDWAIZlkxy
in_1t1midn2mAhFRp3solEeVuPi,TM2KSJ3Q-0004,cus_t09G1juyNdvo9B,sub_1pMgBSlpY76bc2F0gh4nzijP,paid,subscription_cycle,charge_automatically,eur,100000,0,100000,100000,100000,0,1,1760432504,,1760432504,1760432504,1791968504,pi_3lD3O4roafh1q9CnexudY0TK,ch_3YWs69TkNGKN1HyyfE1DLhaG
in_1jWqxKGe34JWglvFDb01Bv7C,U79PQ2KX-0001,cus_fv8QdyeXj4oGxr,sub_14vOIfqBQrnehDTJNejWnm4i,paid,subscription_create,charge_automatically,eur,100000,0,100000,100000,100000,0,1,1760528850,,1760528850,1760528850,1792064850,pi_3IGK7nFvaKjs9EAiDHIWIALC,ch_38mK2nht0ZZMiqitEhpe4Nnq
in_1v2NcWcAHOeX6uqq2v0ROFMM,R56HNDBV-0001,cus_ihpBgtG8RIoVxE,sub_1urSFxOMgyR8mjSRyThrYVJE,paid,subscription_create,charge_automatically,eur,59900,0,59900,59900,59900,0,1,1760535284,,1760535284,1760535284,1776260084,pi_3GRFG9DCZfmjpUFupKa9Nouk,ch_3pyt4m4Dwxq299jTcEZEJngv
in_1hXvg7ZHdArAbcv684wSRAmw,BPQSJ0YL-0001,cus_ugnvjfoCycBGqL,sub_1tTuD5YNEqQVuCo5Q1oumhCP,paid,subscription_create,charge_automatically,eur,59900,0,59900,59900,59900,0,1,1760544937,,1760544937,1760544937,1776269737,pi_3cLCHlnzZ9AGq8t0CSbZQh4x,ch_30TGYSyw904NqIJLoLNu7H3t
in_1cn6yKIBzxjYmBHwXPXJFZlY,534H2SYK-0001,cus_Xqxg96ixGKBkJI,sub_12tJVaBMWAd66xqL2P6x28uw,paid,subscription_create,charge_automatically,eur,100000,0,100000,100000,100000,0,1,1760549079,,1760549079,1760549079,1792085079,pi_3e1IMr48JoiaEZeZzDGRUgX2,ch_34PuItBHlUyKBgE5f8EEyaAd
in_1A0SNcOEIw24jS3ab5U7uM2D,L6RNF8QR-0003,cus_0SbxwjIBwyq2zV,sub_1t0aEwtiahD9iw57AVS10lj2,paid,subscription_cycle,charge_automatically,eur,300000,0,300000,300000,300000,0,1,1760603537,,1760603537,1760603537,1792139537,pi_3E2ph7F9X0UVYkbiJUpYzWhu,ch_3dWdPdPOOtOfoCTFUHOX9Idi
in_1TlTmnXaJkA0MyVQA1H45mdw,82O1GA09-0002,cus_G784RHJnii62n6,sub_1X1oIX10JqSjGwn8tB2nJGHN,paid,subscription_cycle,charge_automatically,eur,59900,0,59900,59900,59900,0,1,1760717145,,1760717145,1760717145,1776441945,pi_3WXouqY60WAlkTAUoperDA2D,ch_3R9KeL72hDwXxZ5Gi482pvTv
in_1KWwhBEgnksTMaS43csEoMUV,9YFU5016-0001,cus_yOpUxx4naxESwK,sub_1pI5j6WSFnFdfiujogH2VS5v,paid,subscription_create,charge_automatically,eur,299500,0,299500,299500,299500,0,1,1760728567,,1760728567,1760728567,1776453367,pi_3VcUmeXDZh54l8D065ylmDoQ,ch_3GRMcDZKSaFkQajSdCYoWEfj
in_1KELrS5wR2xnsaP4Kcxy43x9,HEBTKVDU-0001,cus_p2FqV4ntOYRzQf,sub_18aIMSgA6y1mgA3EFPD8UlC0,paid,subscription_create,charge_automatically,eur,100000,0,100000,100000,100000,0,1,1760781080,,1760781080,1760781080,1792317080,pi_3zqK0O7d98q7sEyCfZDB5WUW,ch_3xLtfl2LOORgdv0UcvbYPW6S
in_1SbflKozKpqbrTn0ipdFd3db,PRQHLHRP-0002,cus_ccTx7wAEjvZyEZ,sub_1Tms40EXs8wylDLGDNthOpVO,paid,subscription_cycle,charge_automatically,eur,100000,0,100000,100000,100000,0,1,1760782054,,1760782054,1760782054,1792318054,pi_30iUvT1wT1vIXOuCLyYewrSX,ch_3I5RcsAmbVGYlo7xDoa4eWXN
in_1cpalDk1ZJLokInYyWsPzhUt,XHQAFHO7-0004,cus_GIiTsIJ8fZWwT8,sub_1ivEdNpHySf2xM6pRu5VTWNh,paid,subscription_cycle,charge_automatically,eur,119800,0,119800,119800,119800,0,1,1760786023,,1760786023,1760786023,1776510823,pi_3iezfJqTHR12EARU39ykQkzG,ch_3DxoqlcKoF2S0PaJF4tqoWrA
in_1eVgcTT2lW8dBvorDTT8xaBA,5ONZU6Z3-0003,cus_j5eR3o3GD3HPsI,sub_1BIN06dVgESdcUTf1tWw1o0U,paid,subscription_cycle,charge_automatically,eur,100000,0,100000,100000,100000,0,1,1760796779,,1760796779,1760796779,1792332779,pi_3EkNzuEhyqXfAf6sWZvRRA9t,ch_39RJNUvKceKhiUSd5TVo2fi4
in_1qGGwndyRZ0QYUV2cpkhr0Qt,NXLXIXS1-0003,cus_MZvPbyqfnh0KSl,sub_1qCo93ckHIM55qpiBBYsWQvM,paid,subscription_cycle,charge_automatically,eur,100000,0,100000,100000,100000,0,2,1760804139,,1761067779,1760804139,1792340139,pi_34jEeslgalPTMIcAP2ydb8eJ,ch_3Fs7c7vWFUZbn6qgsFJcgZvd
in_1IVF08YcVIvZrHcixfsvg4NH,D1I72CM9-0003,cus_fm3MXLHDtpzSUL,sub_1n0PT40FisdNWGV4HMq6GZbp,paid,subscription_cycle,charge_automatically,eur,119800,0,119800,119800,119800,0,1,1760878216,,1760878216,1760878216,1776603016,pi_37GVc6823SU4UhWbOohGUjIC,ch_3hV5UIoO5ArOxGiUrEw1Ifml
in_1t2gdAmR5TzGEOTh22I6S8Y5,WNGI2GXC-0002,cus_99wBExWJPNOD0S,sub_1cpOWXxpCZ76nNOleXnZNcQP,paid,subscription_cycle,charge_automatically,eur,59900,0,59900,59900,59900,0,1,1760894130,,1760894130,1760894130,1776618930,pi_3kmMvoxs5bBkbNsRVyCdqJ9O,ch_3hwWNzoj6ItN9XTLMCpgvVR0
in_1Wrt4QOScfK9vRhuZvhkmbcc,6BDAV7MV-0003,cus_UxF0F2TYZOQdRF,sub_1CjgcNO3Ee4PAEnmHV5AY0Cb,paid,subscription_cycle,send_invoice,eur,179700,0,179700,179700,179700,0,1,1760947596,1763539596,1764853836,1760947596,1776672396,pi_3wd7a6L5KEf5DPTTG0Zv6lOm,py_3OWxMDfMfBEX4fNPmrktpqDA
in_1upN1kf31ZvtHKQWPF5NkMcP,VAN3FBNN-0003,cus_kUtPFX0KrNHauE,sub_19ckRXxHWOEeIDSNcpcCveAF,paid,subscription_cycle,send_invoice,eur,500000,0,500000,500000,500000,0,1,1761042208,1762251808,1761658048,1761042208,1792578208,pi_3mOH0nBGKL9RadtPCT924GUD,py_3eaFdBnSF3vrsxyNTfIJhi2U
in_1BlEr1rWUxqj13XlD4uBAqpM,L4L8ZBQ8-0001,cus_0CwxwuRUaQIxsS,sub_1sNXCaVqR7rHufdRxWTOZmXb,paid,subscription_create,charge_automatically,eur,59900,0,59900,59900,59900,0,1,1761048205,,1761048205,1761048205,1776773005,pi_3Ovi4t70N6EAMWVGONw1j1VT,ch_3pFh1pKhhNfnfEzyp6kNWHPb
in_1miJvY8OupYIjk5FDWXsEGsH,R0QAUD06-0001,cus_SU2mrHLIYcJb0p,sub_1IYN3pN3PQpV5dFinMf88jyg,paid,subscription_create,charge_automatically,eur,100000,0,100000,100000,100000,0,1,1761113696,,1761113696,1761113696,1792649696,pi_3mMFwJ79m1KZnRsxXpSzMNMc,ch_37N4PayJ1yLcoPKnztZAFCxJ
in_1Bd5OwBYBigf2d3mlh7HvX52,7RPIJLOZ-0001,cus_gbclIkgUpENtik,sub_1zgII7TgElnG9iuCdzqVG6Df,uncollectible,subscription_create,send_invoice,eur,299500,0,299500,299500,0,299500,0,1761138242,1763730242,,1761138242,1776863042,pi_3QemiQAnQKpe9I4zG3wJuoDN,
in_1AGcH2BQi7DsggFwf6hM8VZS,WMBKU11V-0001,cus_02RRnHXFbjWUta,sub_10obGwTQeUAakmIdAaDvJA9x,paid,subscription_create,charge_automatically,eur,59900,0,59900,59900,59900,0,1,1761140199,,1761140199,1761140199,1776864999,pi_3daqlI6arTo2xoWNEkIZRarl,ch_3qk8XKu6UnMJ2yw3X03q1Upy
in_1Fr9Z6GsYheSb7SFoN9c3gZ1,0AFA0BNK-0002,cus_IehMSpCHBV49zH,sub_17H8TpoIvGTqtZshVJOnGXqw,paid,subscription_cycle,send_invoice,eur,200000,0,200000,200000,200000,0,1,1761149843,1763741843,1766167703,1761149843,1792685843,pi_3Ev9mJlOBNYQjEnP6xFbZ3Po,py_3iHpfPZo1VHxlNBaaY5R9VZz
in_1GCYBxb6DjokLoEGEB74OkYD,K6YJ4M02-0001,cus_mb0LlY2eYxHX70,sub_1oRnKhcYAwFc4OGD0OVOca3Y,paid,subscription_create,charge_automatically,eur,300000,0,300000,300000,300000,0,1,1761219717,,1761219717,1761219717,1792755717,pi_3q15Y5WpI4UrGqnWzEIpHsMH,ch_3HIYT39CkrzJ51LtOkOU5Cu9
in_1rSvse3CfWMo1tPGfhexFZse,8V3LHQS3-0003,cus_Pl13h4zj8j5GFg,sub_1dxGvLXiNQE8vWDRYMmSPriB,paid,subscription_cycle,charge_automatically,eur,200000,0,200000,200000,200000,0,1,1761224502,,1761224502,1761224502,1792760502,pi_3LmMMh8WzGOZFnhVMMBWdRld,ch_353bTsRrq7j0L2ckr81t1IwK
in_1hfmE2oPnUfhT1tELBGtdiGR,0PI2CJJR-0004,cus_qEB5tQk4SG9TPY,sub_1l6A3BdgS8jPsNla7tPBXVXb,paid,subscription_cycle,charge_automatically,eur,100000,0,100000,100000,100000,0,1,1761238711,,1761238711,1761238711,1792774711,pi_3dSjFkO7PpIh3AJ4YbpHirH5,ch_3nqFNQ5dg8t7z5vf9I5X1NjH
in_1XJlCYQzZbgvIJWrxrRjna3e,Z0EOCJKN-0005,cus_hdej5FSntQnpHl,sub_1CHJVTpsgXIZ7OkvwTU8lXA8,paid,subscription_cycle,charge_automatically,eur,179700,0,179700,179700,179700,0,1,1761242110,,1761242110,1761242110,1776966910,pi_3e2s4W19SGgxaqLYFBlBSeba,ch_3jYLuX7rxYWocRylEjLQkycD
in_1FBl9DBOMb0lTEbSmfd9Cyfu,K8E5MC1R-0001,cus_vBfHftDZytJ6wa,sub_1UFciX0xfgooK1oI4wyNS7e3,paid,subscription_create,charge_automatically,eur,59900,0,59900,59900,59900,0,1,1761302474,,1761302474,1761302474,1777027274,pi_3zWlvU3eu8bCpvwUsccYASCt,ch_3ak40kqYnCo2wXZjuKA2riYe
in_178agalKMqzbFfQ8JVRX86Ki,L7QDKL5B-0004,cus_fZ7M3RzTyM3mqp,sub_1EsnslalWjEgsnJjqIuFjP6x,paid,subscription_cycle,charge_automatically,eur,59900,0,59900,59900,59900,0,1,1761326623,,1761326623,1761326623,1777051423,pi_3wLqdHlSTHdzKHvxA0rZJDs2,ch_374LVFsmMAv6vxa8YrJpvl2V
in_1V9ljIryBQVZFaURCB5GZmxe,KLRP5DN5-0002,cus_M89mZNqjcdqaxl,sub_13fRgBPpkdQezAzkpIVpWlOo,paid,subscription_cycle,charge_automatically,eur,100000,0,100000,100000,100000,0,1,1761331061,,1761331061,1761331061,1792867061,pi_3cFz5Xqb4uOrmAlju2QTFjLA,ch_3ybLLDH5kmuCkIqNgQH8XkNp
in_1ZfaMdFQkXZAs5G05zP3sYQW,F52M4PJ3-0001,cus_VQRS2T8KW63YkQ,sub_1E3xBQQ0AGcZNEClWiKTyWyK,paid,subscription_create,charge_automatically,eur,119800,0,119800,119800,119800,0,1,1761332629,,1761332629,1761332629,1777057429,pi_36g2GwWwH7YtPTlPYcfUBRof,ch_3bDO1FvKaEJ7oLnHmWAgrUEL
in_1PgJWV42yy3EwAHil2dfxgNv,DTUPH4DD-0001,cus_8inHRhM2mgP0Z1,sub_1CrvZhpXU7us8nKWEnW4Hy8M,paid,subscription_create,charge_automatically,eur,300000,0,300000,300000,300000,0,1,1761554137,,1761554137,1761554137,1793090137,pi_3qj6XQRHvxJbeh6D1djOHGcI,ch_3wUV2RmQmul0ZETdrtczzeDE
in_1mvQhlqkYMkCKqgKaztxcl6y,0ISRZGDV-0001,cus_6xisw57QXpaFhl,sub_1nT77yrRyoEirMSXQedVRnoj,paid,subscription_create,send_invoice,eur,200000,0,200000,200000,200000,0,1,1761563961,1764155961,1762962021,1761563961,1793099961,pi_3KSMCSjIWGO1yUkzuiexxjxR,py_3yTpETPLE0ndEXFQ4EgeN7cZ
in_1t65s43v0s8P4SvxeSlMfPLq,XKG1R3XA-0001,cus_tKAfwpGv6fSDNT,sub_1b9dhjNxywj5M0sw8LJbEMx6,paid,subscription_create,charge_automatically,eur,100000,0,100000,100000,100000,0,1,1761568268,,1761568268,1761568268,1793104268,pi_329qTCoYW1ZjKl4GQWX97Qnc,ch_3PF7Hob2MnawVLut3CdoWvPZ
in_1u3wH6wZ9xHJmyNRuOiYAEMw,O36C52WI-0001,cus_brxC6wbikOjEN0,sub_1qwRBhs5xhWmaYY88vukc5So,paid,subscription_create,charge_automatically,eur,100000,0,100000,100000,100000,0,1,1761577193,,1761577193,1761577193,1793113193,pi_3FhQTw789JiB2FvsDgCQksf7,ch_3mbt06hL8oGxiJURZQUFFCoC
in_1Zzo8pLcLUMBka2BwqEJ9GsC,LDKZOHS4-0004,cus_jXzoFfA3fgqami,sub_175zRB1J8jyEN7ASbOTDCAIC,paid,subscription_cycle,charge_automatically,eur,200000,0,200000,200000,200000,0,1,1761577788,,1761577788,1761577788,1793113788,pi_30mYWMlmyfynRTUwejtiKIlA,ch_3yilydHjvYgww6vldmQTR2Xj
in_1bjFedyYT0ds8LPoPwLmK05w,EZ5ZI9CF-0001,cus_BAryXeQlxEYTGz,sub_16rMKslkdm5ExLX9wpoqIZxd,paid,subscription_create,charge_automatically,eur,100000,0,100000,100000,100000,0,1,1761583812,,1761583812,1761583812,1793119812,pi_3Y4yh1yyRh5MbLzH39kWdO8G,ch_3uzheoGjB9xV3wK4XWn5YPhN
in_1vPYL9iN449RIWspxdrCg9go,F3JI7KAH-0001,cus_EKR3SQIDe2KsmR,sub_1rqSNfhFvfrwLiCxp6mU3gOP,paid,subscription_create,charge_automatically,eur,100000,0,100000,100000,100000,0,1,1761630256,,1761630256,1761630256,1793166256,pi_3P0WapmDWBwDuj02WA2wShx4,ch_3u6mZ82BzEmCnwGS5gQGEGY3
in_1Hx9bHp4jjscoPfud0OjbTR1,KMB1SSD0-0005,cus_JQAKTmTXf4ZIrd,sub_1fsQzpE3AXkeIWq2VAYz8xYE,paid,subscription_cycle,charge_automatically,eur,119800,0,119800,119800,119800,0,1,1761636555,,1761636555,1761636555,1777361355,pi_3yZIaGbBlHlXHyOxLxsMFZvw,ch_3jDPDBSBgoHTVLv4fmVosXuZ
in_12AWyeoLr5mFEIRnEb9VvPLp,WXAEXKHM-0001,cus_pAhTweS79KVc5E,sub_1QMlywWpOdmxIkxcgcMl7dRd,paid,subscription_create,charge_automatically,eur,119800,0,119800,119800,119800,0,1,1761647740,,1761647740,1761647740,1777372540,pi_3kND9QQP9oKRHgqFqQMFOoEd,ch_3NccqdkcoZ0QhmBdePu1hxFU
in_1Vl8TVpFaKsGXN45YSsgY8X3,A6AON3VP-0002,cus_t0qJbeaRWtp85F,sub_1emoQ937JygQ3uKeDtYM4QNi,paid,subscription_cycle,charge_automatically,eur,200000,0,200000,200000,200000,0,1,1761648130,,1761648130,1761648130,1793184130,pi_318LjMWox5FzJOTnJJw9ehIW,ch_3oBYIAYHwJJol32vIvPtIPDq
in_1pgzJqKnFM0GMYSgmV8YJSE1,4CZH1SJ7-0001,cus_62NdLrENuQQQFK,sub_1AwQiSsyRsuqxv6Nd5tJd27Y,paid,subscription_create,charge_automatically,eur,119800,0,119800,119800,119800,0,1,1761684993,,1761684993,1761684993,1777409793,pi_3BZTW8LsLV2fkdh5mpsFwoXx,ch_3AWsHhIZMpPzBPSdBIVFHVEh
in_1CPveMs1YyZiAhzyJaTcZH6j,D6NRUHG3-0001,cus_MehIG6bSikQ7Us,sub_1CVjPSBY1WojrxClzN7YSYZu,paid,subscription_create,charge_automatically,eur,100000,0,100000,100000,100000,0,1,1761718813,,1761718813,1761718813,1793254813,pi_3pz7hDY7IdUsfofQyToJJSf7,ch_3YKm9h8B6SoUmtquWkpYPe0E
in_10LZPLRkOQDCwNMnw31vNRSg,5LNS2UO7-0003,cus_pHl9jtaFjfxcdo,sub_1Xb6voXyxQhS3BXRjA8e5k5O,paid,subscription_cycle,charge_automatically,eur,59900,0,59900,59900,59900,0,1,1761728656,,1761728656,1761728656,1777453456,pi_3YrMEbhgxXHJzVTWShCNF87t,ch_3ssHpqyQf7NgQvBEzhCM6fUl
in_1v4d0GO3pbSDjBtHNp6YtH4j,00Z8RY1D-0001,cus_2IG8FI4ncjO74o,sub_13jiO7NsLldkrASlEgXSda57,paid,subscription_create,charge_automatically,eur,200000,0,200000,200000,200000,0,1,1761735874,,1761735874,1761735874,1793271874,pi_3GQqbhUvhhi6c9I0dJRB70NN,ch_3ciQ3FkVWgiE3oLOfrbGQToe
in_1xMzgRUuA4ij4CvoylMQ2Lab,M2Q8DJBS-0001,cus_ZTmlblcvN1qC8z,sub_1gL14DRSzn2hPdpbfh8XNpPR,paid,subscription_create,charge_automatically,eur,100000,0,100000,100000,100000,0,1,1761791653,,1761791653,1761791653,1793327653,pi_3VLhXZ5uGzwyodQwMr0adEIL,ch_3eTcEr4YGyGKacyzQoXTlqMB
in_1SDMoSD679a7UsrsRw79KAmY,RIC7UUQ5-0001,cus_jxQYwIyBARqZFg,sub_1TER4XfMZa6GB8IhCJ9TcKN6,paid,subscription_create,charge_automatically,eur,59900,0,59900,59900,59900,0,1,1761817980,,1761817980,1761817980,1777542780,pi_3zB3wXCOeuv9lHNsJY3SHAlf,ch_3IwT0lkojv2V3VcBVzB9Td4e
in_1OHoLr9JoVwvVJ6jLFnHTx9d,TWCRLZA6-0002,cus_CZQ1lVnNEkMpbB,sub_1kUFM67Bzarq8emRBRh7r5Wb,paid,subscription_cycle,charge_automatically,eur,100000,0,100000,100000,100000,0,1,1761848120,,1761848120,1761848120,1793384120,pi_3iaqyvGRL9ObMQQGWkZYNRHS,ch_3yo4smq1iFwhIHui4hTDJ79W
in_1cOPjeCzwNKJ7WqODXYjxUAD,1R6W13LV-0001,cus_a4K2glnonUve5o,sub_14Yp79E9cJedwh0cQUnS2D6E,paid,subscription_create,charge_automatically,eur,100000,0,100000,100000,100000,0,1,1761906949,,1761906949,1761906949,1793442949,pi_3Wi79rG7qXByB5FrPBJYiDhq,ch_3XrPfHazLzeWzF2CFt9os04c
in_1biFbELCzjnA5Kh2AxzAsnJQ,XMQTWBB7-0001,cus_JQfVwd0DMoSQKZ,sub_12EfkEnWuVnCo7xa0HFEUUUV,paid,subscription_create,charge_automatically,eur,59900,0,59900,59900,59900,0,1,1761910801,,1761910801,1761910801,1777549201,pi_352UhhxzaESMwpY8wLEvnilX,ch_3pAV3AEitlFvy0NKK617AZuM
in_1JkmEqNtAFIiB5WBDxdtR5rQ,LK09RGM9-0001,cus_K3HcQztpmtm0GF,sub_1TVsKpDjJN12YYPIAA8eUlGk,paid,subscription_create,charge_automatically,eur,100000,0,100000,100000,100000,0,1,1761915209,,1761915209,1761915209,1793451209,pi_3YouOQfyZr7wpURihjC0Z3eg,ch_3v3L8gfNq5Olt1BWXDsc3jlh
in_1kpLK6TBiMLLCU42as98YOHe,61ZMF8NP-0001,cus_VqXVqFOLXQOQMQ,sub_1XAS41UC15dUMzrn2RW6nlrU,paid,subscription_create,charge_automatically,eur,200000,0,200000,200000,200000,0,1,1761920610,,1761920610,1761920610,1793456610,pi_3jgS6aUnMZCWMECOMrbhQ39h,ch_3fnyjdb849nS3aXvITQbxokj
in_14sgSfNy268vrZVOyXwd0COg,4L2I7HH2-0001,cus_Ez6CUAEbXC2kGi,sub_1iIGgy3XNJsyAx9O4eOsRsLw,paid,subscription_create,charge_automatically,eur,59900,0,59900,59900,59900,0,1,1761984421,,1761984421,1761984421,1777622821,pi_3zWMqK8QPit9kT2yzfGdqJ84,ch_3DpgKnpUHl8VqeiwFtvaJcEW
in_1aAqeemiYCacXCjKMX1vpVqQ,WC8RVXMV-0002,cus_4Phd4ku1EjEeiz,sub_1uLji4InhcRCAiICPtZN71BE,paid,subscription_cycle,charge_automatically,eur,100000,0,100000,100000,100000,0,1,1761993169,,1761993169,1761993169,1793529169,pi_3zS67N1N08PMJfOEz4VQ6ypX,ch_3qp2M9DD5kDsrqUkCxr8PJCZ
in_1WXz7LdlgsCQmCLvt5zVvndm,AUW8M4YB-0001,cus_TT4OoML0bbdkIO,sub_1pDwFc7AETAm96QybnYAsO7c,paid,subscription_create,charge_automatically,eur,59900,0,59900,59900,59900,0,1,1762000330,,1762000330,1762000330,1777638730,pi_35mbQtnDhReyaelquUmGXpEE,ch_3ouqNJqeSWLA9TiMWtiBDBsW
in_1o9VN0JyKFN7JeOh1Ocrw4hN,FZNVUPIP-0004,cus_2kusAyy1G1wlDI,sub_1JMAVUHVTAxLxPX7yAo0fk4m,paid,subscription_cycle,charge_automatically,eur,100000,0,100000,100000,100000,0,1,1762022876,,1762022876,1762022876,1793558876,pi_3SYBLMOH9gBUah6EmrBhfMbo,ch_3rarNPVlI6SUYjzkBBdorH7j
in_1adJ9aY4MdLJHrrV9tyM00Qi,9CXWL7CM-0003,cus_uORtoExpbwD1Xr,sub_12y8hKsLS9U0UVkm80gTgYMt,paid,subscription_cycle,send_invoice,eur,200000,0,200000,200000,200000,0,1,1762085536,1764677536,1764592936,1762085536,1793621536,pi_3WyspGx0zx7FRBmJdA6YCUjs,py_3EuE3ownFffy4wK5lTqd6qyc
in_1HKal9hJQLkbMcPWR34cuqPR,VG4H3OJS-0001,cus_8CRyhbrQmur19G,sub_1kqvkP0Y3tGSyKYzDSRdLmCO,paid,subscription_create,charge_automatically,eur,59900,0,59900,59900,59900,0,1,1762150621,,1762150621,1762150621,1777789021,pi_344kSA8avtlDBqKrnC5tBCOc,ch_3pivQdTrMMjETDVesNxaUmGf
in_1TMRX95NqvA10yAloEvfVIeB,X3UHOMM5-0001,cus_4OTmC8EZZvxgcO,sub_1vP5KAUIXfoUOB6LB8Q7WEWX,paid,subscription_create,charge_automatically,eur,59900,0,59900,59900,59900,0,1,1762167515,,1762167515,1762167515,1777805915,pi_34EVTNnXjrg1CKVhUU0OH6by,ch_3LDFCm6EHr4MZi9mYQ1WQrd6
in_1UBLjaOTJZBuanLESPFywW1F,SOMBEAZR-0001,cus_UytuPssvZE2lJA,sub_1ZthBwqcErIEjCUp4X7QsV3W,paid,subscription_create,charge_automatically,eur,59900,0,59900,59900,59900,0,1,1762179369,,1762179369,1762179369,1777817769,pi_3GL507AtpPbiwJ9NGJe4qXCF,ch_3HvvoLx98q6Qb33ZTr4E6ezV
in_1H2S0VyPMCT9OSO9jK8suXdr,HZ72YKR8-0001,cus_Yu2pyE2IaaKDE6,sub_1qkfgJlfH6CzWfh1jcC1egHc,paid,subscription_create,charge_automatically,eur,200000,0,200000,200000,200000,0,1,1762180926,,1762180926,1762180926,1793716926,pi_3C87XzOgtSxrUQ21hf8RT4qu,ch_3TeqfFw7T7jtv5cYZvWrBBKx
in_1XXEbvdBIO78XgRTfO3zguc4,5AM2FO0A-0001,cus_UovvPhdZoZLq5X,sub_1B7FSleMLNSBfqIWliVkXf9x,paid,subscription_create,charge_automatically,eur,59900,0,59900,59900,59900,0,1,1762233555,,1762233555,1762233555,1777871955,pi_3LoFhm84IUhmG0RGbn8LvA7O,ch_3qbGNIIjQZqVjnT7uth5oIoU
in_10w32JK1nXqq6as8pKaSFylw,C3OGU58C-0002,cus_0Tmb8ee9ewAOva,sub_1NBG8J1SYGKIA2OHVogoyfY8,paid,subscription_cycle,charge_automatically,eur,200000,0,200000,200000,200000,0,1,1762245333,,1762245333,1762245333,1793781333,pi_3jkCa9Q7FcCTMNckuXtoIFA7,ch_3j76AoEAUn48ieuNnds6SgR0
in_1ehM3y5dWAoGCrGIx8iHiNG0,A713TI00-0002,cus_VxL61w6H016dpV,sub_1w8EpTv37dMxHKidWDuDuHXF,paid,subscription_cycle,charge_automatically,eur,500000,0,500000,500000,500000,0,1,1762257240,,1762257240,1762257240,1793793240,pi_3Q2XVywHtUM1IIkupa9VoJaa,ch_3HFF5NrnN38gLOa18kmFDKix
in_1GDbtry5F0srHmISdie6pD1O,T858M0C8-0001,cus_KFSXAjiXKKOIqU,sub_1s7QkSNzcb1ODl3VaYS2zQF1,paid,subscription_create,charge_automatically,eur,100000,0,100000,100000,100000,0,1,1762338100,,1762338100,1762338100,1793874100,pi_3DITGDPyoJY2Gp4tvObAQ87f,ch_3XM3GsWQLz9zjj2gZ8IwaNM6
in_14Rg95Fb0zojIIiV5P3sgL34,3RV4F8XW-0002,cus_92hwXLL4WPgRrG,sub_1VmzjowO1bgf5plkMakTfkvc,paid,subscription_cycle,charge_automatically,eur,100000,0,100000,100000,100000,0,1,1762347539,,1762347539,1762347539,1793883539,pi_3j7dROfvmjr41MXko4B0PkLY,ch_3L8tpwJ8SEl9lgkHKXYF767t
in_1mWZetngHpu7K74nwPwlGyj3,EHBD7OB9-0001,cus_BVIbKXadMb6mdD,sub_1T27lyP0yx1c8pEuoRoRvFrs,paid,subscription_create,charge_automatically,eur,100000,0,100000,100000,100000,0,1,1762348112,,1762348112,1762348112,1793884112,pi_3u5SLsyES0aSzG2kcx2NL4cI,ch_3zrGx2oxjfeTAQGisRRLXVYx
in_1jJbTB8leQxM8QWpbU4bIFEL,OSC8QJ9Q-0001,cus_WUUtIJnBEaPhui,sub_1oCRTIZtsdfPtFvILuDk0OEf,paid,subscription_create,charge_automatically,eur,100000,0,100000,100000,100000,0,1,1762448970,,1762448970,1762448970,1793984970,pi_3WFaCela7oSBtxt0Wd2HTJtY,ch_3lWHRzzujSKmfXNMktW1fBuz
in_18fGdaXMeL65dW1MX7NeOCrd,AXLX8316-0003,cus_9y0gUDhQw32jl9,sub_17EaMaKKJuqScJOmPy8X8ejT,paid,subscription_cycle,charge_automatically,eur,100000,0,100000,100000,100000,0,3,1762594496,,1763289776,1762594496,1794130496,pi_3wPEsMhHEm9HZafhQ5fIazhR,ch_3gcsjEBngrRSHD3ylJ51mA5A
in_1vr23piMiUvA27ex3HJ1Qjsi,3O5N4KJF-0002,cus_xG0FPDFwllbzbl,sub_1lCmU4bgao1jKXX1jxYyHM0p,paid,subscription_cycle,charge_automatically,eur,59900,0,59900,59900,59900,0,1,1762600810,,1762600810,1762600810,1778239210,pi_3SYE4uCd1NDhGdkQbAz8rBde,ch_3pGcJx2WvTNNpEcjLYz70R9P
in_16fgE2xBYLaYJGRZo4OXYPm3,SVP7SGJI-0001,cus_huDNS2YcMVWwt8,sub_1NXjWWm6MKpAfkBbtRY9r0K4,paid,subscription_create,charge_automatically,eur,200000,0,200000,200000,200000,0,1,1762621120,,1762621120,1762621120,1794157120,pi_31a8CyZX0U0xCxUf5YDvF5jZ,ch_3MdYwW2KkbQVcGVS6JzU6vkC
in_1z7J4f0dITUzCO94Pby7i6f1,STACPCQY-0004,cus_6DgRgB2nKFLyaJ,sub_1vNbtVPXa7XCdaPpsAEe7zpy,paid,subscription_cycle,charge_automatically,eur,200000,0,200000,200000,200000,0,1,1762691449,,1762691449,1762691449,1794227449,pi_3kqG24pWX1MPlTlV2W7C5j8z,ch_3gUPZOtzKQMMwgqCXnh29hYJ
in_1pyevRLaMGwxAeDcEfeM8bkP,B3E7Z7C5-0004,cus_DNxCQQpeJLfQXx,sub_18LPaCqIY6O5jQlqwPQeKvqq,paid,subscription_cycle,charge_automatically,eur,200000,0,200000,200000,200000,0,1,1762698385,,1762698385,1762698385,1794234385,pi_3uFqrOBf9xjMyWy97CAEdSWt,ch_3lG2yCxOKc2xqssLlHWVdsDS
in_1eUoVwxvpseWcH88Yxm9Ik8U,VMORGENF-0001,cus_DfQGhRhTEv5yPv,sub_1nW5XO5Dt6TKvoPnPRI62MJn,paid,subscription_create,charge_automatically,eur,59900,0,59900,59900,59900,0,1,1762700988,,1762700988,1762700988,1778339388,pi_3lIyfR7EIeGpP1mjpadTAHbh,ch_3uW3s3iz78zrcRYScTlkxCfV
in_1zosvGe1pxxBtFjvFQVx8KSk,IAMVR2QD-0001,cus_z14k3UAArhDKbs,sub_1INuZhJP8PTqei69XnFjJwhz,paid,subscription_create,send_invoice,eur,300000,0,300000,300000,300000,0,1,1762759595,1763969195,1763129435,1762759595,1794295595,pi_3JTeGxVG2SZFNhZ1aTthjjMR,py_3a2oNDFRH8q1RBp7le5gytJn
in_1pLWq27kSgeKcCu0vrZWFbMo,18H2TW2Z-0001,cus_Zly9Abp4Wd44Tj,sub_1yl8mHTl9ImA7NWLT0a7qaYp,paid,subscription_create,charge_automatically,eur,100000,0,100000,100000,100000,0,2,1762762965,,1762763091,1762762965,1794298965,pi_3aEWP1AtAGoNGTdD0AgdcBAZ,ch_3NJhfvkUTogYtNfCHKbkXWxa
in_1E9eP6EzqfsfsuD88ht7eCat,VYDG85M2-0003,cus_o5SUjnnPEziseC,sub_1LmrPMI8761ent7nSLE2wmyO,paid,subscription_cycle,charge_automatically,eur,100000,0,100000,100000,100000,0,1,1762771019,,1762771019,1762771019,1794307019,pi_3wGNe6qJfkdRPYRfjSFIdpUG,ch_3svs7NkNwKbS2yTdLAhhGGnV
in_1sO9WVtPR1bAwBK7XzFnBeM3,C0HMBCK8-0001,cus_ZcSqh7flXyX2GQ,sub_1CSIVxtZaFdXKppaBdYv2JM6,paid,subscription_create,charge_automatically,eur,59900,0,59900,59900,59900,0,1,1762786860,,1762786860,1762786860,1778425260,pi_3WGqUFU5rFg1KftrkJHNUm5a,ch_30iqPWSGG1LokvYtPnVQcHPg
in_1Uo1PHUpeRm02SEiKXHu3x7G,0VU4NQL2-0001,cus_PS6piChS4cIHn6,sub_1dMa3beZlBQWyWVJ3YaVnWu8,paid,subscription_create,charge_automatically,eur,200000,0,200000,200000,200000,0,1,1762874892,,1762874892,1762874892,1794410892,pi_3HmtM2mFaoKjzDjuAyz6Syl4,ch_3jEidvFkW2KesoSNKxlEnejH
in_16CM8Ht2D6lmvjvqP1unJKed,1VE9M5WZ-0001,cus_W5cPfDolnoA5HD,sub_1UTX08GKCPWXmOQQGZwE2LA8,paid,subscription_create,charge_automatically,eur,59900,0,59900,59900,59900,0,1,1762937781,,1762937781,1762937781,1778576181,pi_3XkoIau1JD61sizEgpgxAJAN,ch_3tBebjK8ueFtkXo5CmK8w0jp
in_1bBdIUFygdLXohClaESxVOGu,J3MXVXEZ-0001,cus_vTOLwbvERz1SpF,sub_1ZomI0yNh4KQNBNyK2liYFoz,paid,subscription_create,charge_automatically,eur,100000,0,100000,100000,100000,0,1,1762944354,,1762944354,1762944354,1794480354,pi_3WPA0gT01DeEdSN9sYW2GpBT,ch_37PnjEhV8HZBpg9uvvmGmjmk
in_1Zz7EOqM95vT2gcGeZAG9SWY,KC2F7U7M-0001,cus_ZkkTboc8or2YwQ,sub_190xrciMfoNKVjqiCkOJkSYO,paid,subscription_create,charge_automatically,eur,100000,0,100000,100000,100000,0,1,1762944957,,1762944957,1762944957,1794480957,pi_3pQ8IzG0TjW1QEJ7RoOtpVzp,ch_307ampzRyegu9RuI7kKGkiHC
in_1KOv2sJUv642pgONgXmGke45,FQMXWVKA-0001,cus_kpsBgqN4qoJFKH,sub_1FsKnK2kvtZ3slhzBGLPCveA,paid,subscription_create,charge_automatically,eur,100000,0,100000,100000,100000,0,1,1762953367,,1762953367,1762953367,1794489367,pi_3ztd1cac9YJqi3YQFwWTBLEC,ch_3QuzrjseTQtpIBAsO81d9vO4
in_1eT02BQmAY6iZMN6b0LNcz90,V6XN11NS-0001,cus_FSWtAMZmnSjQar,sub_1a5Yv6ckFr8fAooyZ4gXy8mF,paid,subscription_create,charge_automatically,eur,119800,0,119800,119800,119800,0,1,1762972544,,1762972544,1762972544,1778610944,pi_3JAfTZhscXdlr56hDabxbRqb,ch_3NR07jnLqw9xEaW09zvDyfpa
in_1oCV18ieiW4zdN5qKcE6a9Sj,C0R03G2U-0002,cus_82hozqyDSuCni6,sub_1riWrN2yKfDYUXVmSi4KSkkL,paid,subscription_cycle,charge_automatically,eur,100000,0,100000,100000,100000,0,1,1763026285,,1763026285,1763026285,1794562285,pi_3UvfxIu5qNBL9jzoMOwQRn3U,ch_3gtFSju2xDjuQU7lUuLJiGjY
in_1ctAgMLaYZ4kmTnU5QMhpwa7,QYHWMDKI-0002,cus_BPsUFvMnw70vQM,sub_1pXngiYWkUFgW8us4LYNEdl5,paid,subscription_cycle,charge_automatically,eur,100000,0,100000,100000,100000,0,1,1763033548,,1763033548,1763033548,1794569548,pi_3djL7oLADUlSToLePxzBAGlc,ch_3QYZmgKh6Lu6fKfMXBP98tTE
in_1s90kVg3YnCDqplpecRlwLZ2,2EPIOEAJ-0001,cus_UtvKTH3OzNGOsx,sub_1iJ9FyUPpMsoyPcQud6HSeCj,paid,subscription_create,send_invoice,eur,200000,0,200000,200000,200000,0,1,1763034740,1765626740,1764946040,1763034740,1794570740,pi_364eBU8wbex7pav5yeH4dnl3,py_3V9a2BRkHHVXfA9wxQpa4bhn
in_1ciiVORizdM67p27myBVNUy5,6K57IJSO-0002,cus_gUQ2QE7bpA4HxB,sub_1tZCb8MUnbR0Z8huBYwsqEyH,uncollectible,subscription_cycle,charge_automatically,eur,100000,0,100000,100000,0,100000,3,1763098247,,,1763098247,1794634247,pi_30ZAQMTWsyeDP8AGroQDtUqv,ch_3W3SKM5kCVXe1u3TcaT2bSBR
in_1Rjog4xATUoou79j49BV7XFw,C9ZXLAMF-0003,cus_p9ODrfPqyoT4a3,sub_1Qavu6oOLAINMFNy5Q7O5lQG,paid,subscription_cycle,charge_automatically,eur,200000,0,200000,200000,200000,0,1,1763104294,,1763104294,1763104294,1794640294,pi_3yL2kDUdjLP3RwCMqxYVgbC5,ch_3l57OdzaJtz4IpFZgCAUnODR
in_1HMemR2qeeuqmeYd7351KJsz,3ILRK3ND-0002,cus_RdVufaXgQ9tPHM,sub_13hV666S2YYJBM08GsHcoKB8,paid,subscription_cycle,charge_automatically,eur,119800,0,119800,119800,119800,0,1,1763104782,,1763104782,1763104782,1778743182,pi_3WlxIpvP9CAsjRZxTdSI78XM,ch_3usaMJbHddf5R5l8T4z8JfGP
in_18SiFloHKJFekk65dhP9rWHg,6W7RPULL-0002,cus_SibHizEWZbS48k,sub_1qIL6MCSyhQOBFlRXWnQeZ4j,paid,subscription_cycle,charge_automatically,eur,100000,0,100000,100000,100000,0,1,1763121072,,1763121072,1763121072,1794657072,pi_3OzgQk0KBcgpRTlU9rB8wAx3,ch_3r5nPAAvPE3FHUigx2UBwwH6
in_1s6HCtuIameIasgM6RdAdH5M,LB31IPYH-0003,cus_NZzi5ngWT1NYgN,sub_1vVAw8leAlmwxvCDd5eaRMg1,paid,subscription_cycle,charge_automatically,eur,119800,0,119800,119800,119800,0,1,1763151956,,1763151956,1763151956,1778790356,pi_3ryRpnT6KJmn5K2ewHoatDjZ,ch_32NFult0WHzIE83ui7cKfyE6
in_1iYN7rGoPqJVa3WBOoEHTgfA,42HOJT5M-0002,cus_i6MOif2wB7w84n,sub_1trzfPwh61ApgTqfv1AsaWrJ,paid,subscription_cycle,charge_automatically,eur,100000,0,100000,100000,100000,0,1,1763204902,,1763204902,1763204902,1794740902,pi_3YAPiHxcsX1AnbiZPD9VekEV,ch_3QVsPR5zyhL7aBYnM7zMMQbu
in_13CKjTu0yku3zUOzVD4qCrKR,8XCIKF75-0002,cus_zl5eAypJJz6NYz,sub_1f8m7jQF4VIyhpRsHegkKUog,paid,subscription_cycle,charge_automatically,eur,200000,0,200000,200000,200000,0,1,1763205260,,1763205260,1763205260,1794741260,pi_3e06WDkGMZGNHqy0f9VnkZ0L,ch_3VWEk98IfF73AAyLmRcN9bm9
in_1fSAzAi72LtwTv8DJIa7p464,NVJV5OQE-0001,cus_8eyidaxONKX2iQ,sub_1IpJnuhMYPt2FyzgBtwSajMe,paid,subscription_create,charge_automatically,eur,100000,0,100000,100000,100000,0,1,1763206434,,1763206434,1763206434,1794742434,pi_3thYgBBhkdih2Tgk8sEnqhbU,ch_3RC06cm0OKs3a2Et2h7iCJvV
in_1ZzG6vQ6I6OY1I7Z0L9dbKqR,5TATBGAV-0005,cus_PSAMNNc5lQMeeu,sub_1Bj6TyFvgkcN2c54GuxwPPfG,paid,subscription_cycle,charge_automatically,eur,100000,0,100000,100000,100000,0,1,1763225331,,1763225331,1763225331,1794761331,pi_323YPdx6SrMqBCQxe7wXvwkT,ch_3FMOgYRL40cRUOHegXFDAXm1
in_1crew9mcdbdkL2cXzKzDvGSy,M7TFA29M-0001,cus_uvToAA9cYYPEJY,sub_1xOA3XMwBvrLmOe61dO8GjwZ,paid,subscription_create,charge_automatically,eur,100000,0,100000,100000,100000,0,1,1763296950,,1763296950,1763296950,1794832950,pi_3u5EQavQBcsflNm8qFKoSUmH,ch_3vb06RLs6eX00LnuF8IDE2db
in_1tYvCD1z5HkkWbhsF47qH8Oc,9KETOVSO-0005,cus_woJpkLK1dyTSDE,sub_13PypzePFbuoPVXHPJPr4OzQ,paid,subscription_cycle,charge_automatically,eur,59900,0,59900,59900,59900,0,1,1763316950,,1763316950,1763316950,1778955350,pi_3qoexyp0aXmeV8T7PbVZLPYi,ch_3re5msR8zHSZkDSxjH6k4uZi
in_1bTdsGy1wK9PvYjZRWSjAZJS,QPHYF0ES-0005,cus_Ig1CDaKzgPsq5E,sub_11IJzUntFYpdHKAKoMB2oni4,paid,subscription_cycle,charge_automatically,eur,239600,0,239600,239600,239600,0,1,1763377779,,1763377779,1763377779,1779016179,pi_3xM8YFWDgybtFqfBBzbfEwHH,ch_3mcPQjG7UtLTPuhnSiWl2ino
in_1ecIZ3LsBhZQloGMNQzyxOVV,J26ZF1AE-0003,cus_odt8S1udHaXV0r,sub_17IjjEQsv5BwWWfgTUihRm2z,paid,subscription_cycle,charge_automatically,eur,100000,0,100000,100000,100000,0,1,1763381273,,1763381273,1763381273,1794917273,pi_3nFVbB3YOSOqsFjOPU7sXiru,ch_3VmpvL4Sg5QppMPsjkNKnC52
in_10HW9jdxv47wcqJN4InWx4I8,KSYDIMJK-0001,cus_8Imx7xcQTAqddF,sub_1QYoOCQFeiYww6ctIDfQVo8E,paid,subscription_create,charge_automatically,eur,59900,0,59900,59900,59900,0,1,1763399542,,1763399542,1763399542,1779037942,pi_3q3BvFKuxffpUPkvAagylCk4,ch_3ouEq2rKaERFqw7YOld00aou
in_1SprAYVKy2LWNmhzNkG2PfmV,0HG2ZGJ3-0003,cus_hhmRWQqYuNA5eN,sub_1CBbwvZJDFUk75NjtNWzs9Q5,paid,subscription_cycle,charge_automatically,eur,100000,0,100000,100000,100000,0,1,1763402900,,1763402900,1763402900,1794938900,pi_3DCPtENrqxR0scTJ7JxPibyH,ch_3sWO1ILw0ltTVmc3iPELgR6B
in_1K2m80A9U4G7bx4laTEpD7mV,B1EZAUFI-0002,cus_BtWfDZxXkjYpcd,sub_1z506OiKJMDqxPrDpQy5SX88,paid,subscription_cycle,send_invoice,eur,300000,0,300000,300000,300000,0,1,1763463412,1764673012,1764532552,1763463412,1794999412,pi_3gr8vFUAhZlZMpMdmyqN1Wu4,py_3tmbaDC9c68yj3CZuMyR1W6f
in_1HY1NjcgVvOtnW6g8x3unriv,XT2PY1MJ-0001,cus_DYupkFw451Gb8K,sub_1ZBL2VDOBXe1hqyvCUOcH9ze,paid,subscription_create,charge_automatically,eur,59900,0,59900,59900,59900,0,1,1763473738,,1763473738,1763473738,1779112138,pi_3QDLY2R4MVL57uF17JHG4ems,ch_3SDCyxNbR2tqceKKJBlwPL4b
in_1L1CxHJXCF7NHyEUM4cSTy6U,9KMBQX76-0001,cus_2kLcAXCY3YGZcS,sub_1iahs6qckB950cFUSSWLdfsk,paid,subscription_create,charge_automatically,eur,59900,0,59900,59900,59900,0,2,1763530716,,1763530858,1763530716,1779169116,pi_3a5Jxnn3EHW3HUFFpZL6KaTE,ch_3la0kJl27N9efFXmorR1JKIJ
in_119OR4BKKfMSv9GoIjLd4oCv,Z5RDD5NF-0002,cus_DH0nSImFtUhuez,sub_1BZOTo9AgFJ49NgGfRxsBGdh,paid,subscription_cycle,charge_automatically,eur,300000,0,300000,300000,300000,0,1,1763536744,,1763536744,1763536744,1795072744,pi_3mHE7EQRQ8k8FfdmrKVQ2A4K,ch_3TEKpfy6Sr79IFPjHdlFt6zo
in_1z6lFHv64rjYMCVMQgT7U4Yo,RYZLYQ09-0003,cus_HVBva2pI6NJrw8,sub_1UQ2ad4fA6H9Cnf8kFnTSiUG,paid,subscription_cycle,charge_automatically,eur,100000,0,100000,100000,100000,0,1,1763554133,,1763554133,1763554133,1795090133,pi_3COHtu5gkN4QmMqokC8Xx49m,ch_3ElYqpW3z10aQvMQGFRBzEpR
in_1iLstnAcPlmhaJXpweisKxAg,1RH6RP68-0001,cus_sLVSbUScyCXz1G,sub_1kSssn5T7osqpLepPEOdIbd6,paid,subscription_create,charge_automatically,eur,100000,0,100000,100000,100000,0,1,1763556362,,1763556362,1763556362,1795092362,pi_39VSVZT6IskKGPv69SzVdr7I,ch_33aVb8qwWUVKSKD1TqCRyTbu
in_170zsIYD4LRSqitQBwcCA9Yy,6NKX1IFW-0001,cus_DqmcI7AzSKoiTY,sub_1Ecva7JvqS09uilLrqYbPcn3,paid,subscription_create,charge_automatically,eur,300000,0,300000,300000,300000,0,1,1763621339,,1763621339,1763621339,1795157339,pi_3UgCDcy2s0SsLxXkyt80pPjC,ch_3LUlLYeSjCZfTxrQcjGXIqhj
in_1qx7kNcRNFDnhzh1PDD9aHtB,TC6D225Q-0002,cus_4DLkQThqMtcSfE,sub_1p4M5zu3pDzSLTS9dvXpUYJH,paid,subscription_cycle,charge_automatically,eur,100000,0,100000,100000,100000,0,1,1763625095,,1763625095,1763625095,1795161095,pi_32GGUr26cadwCCGQgDBKMjTA,ch_3oWo5TlbFP13YHs7EebIQNfE
in_19xf5SxhqIQXg4nDU2MnvO3A,TVB8QKU4-0001,cus_19ismiL3eQ7Gjo,sub_1wp9OUQ94hvAT0zJuWmu5kQ9,paid,subscription_create,charge_automatically,eur,200000,0,200000,200000,200000,0,1,1763652690,,1763652690,1763652690,1795188690,pi_3Py3E5Y49cZdlP04QHTbutOe,ch_3x1VHlc9BZnZeamp90wTzJJX
in_10RvM17Vr3QPmfadipMVnuo5,045W9P0E-0001,cus_ibQBKFP9lYno3x,sub_1DgUZKwLevsVCPTI2J44g3HF,paid,subscription_create,charge_automatically,eur,300000,0,300000,300000,300000,0,1,1763657185,,1763657185,1763657185,1795193185,pi_3hLFlK8AYXnhAffMnFlXcpXj,ch_3Xl6r9GLqdgI6Nm3h6al31Lt
in_1EzeU8UiaGu6C5cw8EUCjQDJ,L1HSZ6MA-0002,cus_Fgf9NqprgaHllw,sub_111MjeSYjsH8YzHtEMvjv4DU,paid,subscription_cycle,charge_automatically,eur,200000,0,200000,200000,200000,0,1,1763659428,,1763659428,1763659428,1795195428,pi_3nl9cQgfWuCAv94kmGNVNOaF,ch_3vAMjDVsOnRkzwUjOYCdGkYA
in_1YZUFfI0GTBFSSSP3oBKnVX5,WL5S9P80-0003,cus_OjeNT8iKvcMqN6,sub_11aKueTBx2bFxjNApvrFmvVa,paid,subscription_cycle,charge_automatically,eur,100000,0,100000,100000,100000,0,2,1763733089,,1763995889,1763733089,1795269089,pi_3FMB6V1rDO5J7w6g3jTCHjFk,ch_34zM1r7GTEbpu4HG3R2XXIGo
in_1VEnqfkdw1RRkEMEQZ92FcuD,IZ42TYSQ-0001,cus_yAkV81VSvJEuTt,sub_1qgnhSt3oHv4krhdkseLvJ10,paid,subscription_create,charge_automatically,eur,59900,0,59900,59900,59900,0,1,1763734473,,1763734473,1763734473,1779372873,pi_3AoDQqKkqmvbaMXYTZQlcNyk,ch_3mLslg82KfqAo88bZgvWJAgv
in_1mu4i1slNW65rClVeXproP6J,NZ9P45KW-0002,cus_hbAVLoBEwSCV5g,sub_1FiqzMHisSk015Tz3hAjFQkk,paid,subscription_cycle,charge_automatically,eur,100000,0,100000,100000,100000,0,1,1763741435,,1763741435,1763741435,1795277435,pi_3aHwGmyOq2NgExUcpHrYULQK,ch_3DNLS6RMNPRhkYTdgFCWVuXd
in_15gtUGrubnOEBPllmytt7IvC,HEPSZPRZ-0001,cus_hI9HwmnZYD8hfZ,sub_18TiZNafZbjkSLMfPfuVNCDA,paid,subscription_create,charge_automatically,eur,59900,0,59900,59900,59900,0,1,1763815436,,1763815436,1763815436,1779453836,pi_3igRYfCjbTaxnDsMZoCWoWWG,ch_3tTTiDGOgh5tk3AKNha6Yy7Z
in_1bhDg6797S4EGGcJnhzTGXnl,B4FHYEZM-0001,cus_nyliuBqs6OkBH3,sub_1RUHA7Lexgj0XgYVQSJHsEiG,paid,subscription_create,charge_automatically,eur,100000,0,100000,100000,100000,0,1,1763988910,,1763988910,1763988910,1795524910,pi_3Iemttq7HnLUQ1BY5k3chgm9,ch_3cK3oVszbzxhy2WtQX6LCHgG
in_1CVVgaRLLlwkDjPenIF2uN78,73QIICSV-0002,cus_WVbSP0yGLAjOMp,sub_1V1Z5E4XYQpT4fPm5o3grn9Z,paid,subscription_cycle,charge_automatically,eur,59900,0,59900,59900,59900,0,3,1763991748,,1764685768,1763991748,1779630148,pi_3mpYxsDdDnfbIlBzQXKxJKyg,ch_3GpNx9PGugxW01TIU6INYS40
in_1MsckyTcoradiqkRo4IYwVIK,HBD5MXZA-0001,cus_1djJCzBxJ1X8fy,sub_1w1I0PtUpZn2x3ufv0b8u0Z6,paid,subscription_create,charge_automatically,eur,500000,0,500000,500000,500000,0,1,1763992817,,1763992817,1763992817,1795528817,pi_3CjjPIiPlnqcLy4vecSJLoRk,ch_30V9vURDAgbu89wELoQZdK8V
in_1mSHuLc0Nii3ASflTQd7M5G1,VXZLKGCT-0001,cus_7gUmlVbujdYjcP,sub_1TgTAZ2rEntxUfDDg5cQZH4E,paid,subscription_create,charge_automatically,eur,59900,0,59900,59900,59900,0,1,1764014636,,1764014636,1764014636,1779653036,pi_3HwMeYbWV2kTlup57YCGpivn,ch_3EnvYMi9yGWP2Lzylykhhx2P
in_1SLjerLN1NDKCo6sXXHRCiyg,IGOBNR00-0002,cus_gIRyD44pwtDC4a,sub_1hbvScMSs5VggCHd0Fo1lhwH,paid,subscription_cycle,charge_automatically,eur,200000,0,200000,200000,200000,0,1,1764018653,,1764018653,1764018653,1795554653,pi_3ysHM5qHlI1ZNUvghINNnfq6,ch_32kA7Kc8TzGvWgGuk4o1iRlI
in_1QMUFutLOfWjmiIyaJf36hav,6H71NB1Q-0001,cus_X6riG0sNVMRqPu,sub_1iqgeO4rtymhXw6f2ukTSRyk,paid,subscription_create,charge_automatically,eur,59900,0,59900,59900,59900,0,1,1764052320,,1764052320,1764052320,1779690720,pi_3Pd4bZwkuolez8zDoFbmkd9s,ch_3yI9L3Itl3u2eJNhgT3Mryih
in_1p3jR1DrVrLfrAF0scLQH7Xs,27CJ9J3V-0001,cus_eJ0IDiCGrswc4q,sub_1Rpg1k5QkBvhnFZw0XAnAvMf,paid,subscription_create,send_invoice,eur,299500,0,299500,299500,299500,0,1,1764062920,1766654920,1764847000,1764062920,1779701320,pi_3rhUbaNq9ycvNK8q6USQD21h,py_3iCz0ufUo647cUQdzCJGfcqY
in_1pudwdq1sHZKYqoDjcqUKdVj,YCCRXIAD-0002,cus_eZvKzsdHUrsiQF,sub_16us9mhb8DIlqm2QnxPZKREQ,paid,subscription_cycle,charge_automatically,eur,100000,0,100000,100000,100000,0,1,1764076188,,1764076188,1764076188,1795612188,pi_3cxobBJHZPfRiDhxdhEJaea4,ch_3Oc4E2qRr1yO5hWxcmrRv3a2
in_13trOFpGLTbAonm7DjzWHaKd,P2PRQJ61-0001,cus_EZ1zHB1dXFX6Nd,sub_1BcSYmLytDeoCGkQWr5i7kSn,paid,subscription_create,charge_automatically,eur,100000,0,100000,100000,100000,0,1,1764082989,,1764082989,1764082989,1795618989,pi_3RJFrBj6ZUQdDwBcEtNqJXdf,ch_3cGb3qS02KOh8cwsAyPva8Ji
in_1syTxGonQopAHIH6VsfbGQtC,V6FJP9NW-0003,cus_OVOrcn8j3C6iTv,sub_1UCgXqmsdFbyrcmQFdF9Ww1K,paid,subscription_cycle,charge_automatically,eur,119800,0,119800,119800,119800,0,1,1764146376,,1764146376,1764146376,1779784776,pi_3YGcVtmsmQjqka79ii0Px22f,ch_39HZMVebeK0txeLpwC0Z1qSx
in_1Y7zRSYFtxzqAc9Z7VccZmwD,QI9A74D2-0003,cus_HV140ItUBYpGJQ,sub_1I8v38y8nZI9fyQAOMaJirSn,paid,subscription_cycle,charge_automatically,eur,100000,0,100000,100000,100000,0,1,1764161708,,1764161708,1764161708,1795697708,pi_3QRWdNF54yQ4lx7bbUbCfJLW,ch_3AdORBH8TUQc5a9CrC8ea23o
in_1Ba7VcnL0VT49wr35Ubolu7U,0OJ042AL-0003,cus_GUrWtdhwmABgp3,sub_1VES3kgHzCTES4sRoEX6sI7D,paid,subscription_cycle,charge_automatically,eur,59900,0,59900,59900,59900,0,1,1764270131,,1764270131,1764270131,1779908531,pi_3hTXf7GM5tqLz7rBElTwXFhr,ch_3p78fa0Salo0os04loSGvX4p
in_1GEitEoYO5vjZLByIXEbybnR,2ROQDEJG-0001,cus_rt2dWl7QRg6i8X,sub_1EBCCBCarrhA5RZwaRvzipIi,paid,subscription_create,charge_automatically,eur,59900,0,59900,59900,59900,0,1,1764321398,,1764321398,1764321398,1779959798,pi_3FOmdmph9LxHlNl0kkTSeQIW,ch_3pcjgeoUwcmRefhLYhpEGb3O
in_1KNaxzTi8oB8sprKEplBW2Dp,77B6614W-0001,cus_RK9eNuAoB6XFY1,sub_1DOB2EW5ZcmQnNHvdTfRHquV,paid,subscription_create,charge_automatically,eur,100000,0,100000,100000,100000,0,1,1764328918,,1764328918,1764328918,1795864918,pi_36rIJU1Oxrye6Z6Oy7zsfQl4,ch_3mIwFDpShmCTepuCMvgOfo1z
in_1ATQr7nVsunZ2cdHBdB89myZ,B7UZWBMH-0001,cus_gzhlGWbI7y720Y,sub_19Qwba7wHcbVh2okdK9uOiRe,paid,subscription_create,charge_automatically,eur,100000,0,100000,100000,100000,0,1,1764333804,,1764333804,1764333804,1795869804,pi_3d8iQ2TI1B1mablbqzmC1vwZ,ch_3Bcsf40p4BPUCo6PpYTsxHqw
in_1QApIs3pdr1F5CM9v8xbA5Lw,C0WIVPAE-0003,cus_Zx9asYDTT8k8GX,sub_1SKA0G18Lzr8pvy2qj9tYTxe,uncollectible,subscription_cycle,charge_automatically,eur,59900,0,59900,59900,0,59900,3,1764506077,,,1764506077,1780144477,pi_3HbMY4ObEpor0mLDhpxZVJJ3,ch_3qHG0ZnqKQMCym6rUFsw62Id
in_1G98SpeeRLrqcEZtbaxEHr1I,I720BLOO-0005,cus_xp6ojvGuFiLpg8,sub_1dX7pqLXVbUJwd2LO7RTqnZG,paid,subscription_cycle,charge_automatically,eur,179700,0,179700,179700,179700,0,1,1764564904,,1764564904,1764564904,1780289704,pi_3nTaiAKYw3yld4gBefifIVnB,ch_3tnIrwsGBfzYo6n3iJp9oP4S
in_1CGEzD4gEvioz5QL31DQEZMf,YCE0G3QC-0001,cus_VLoweHPZ2W4LHU,sub_1C3wWFpNtFetyhgOP2yiiVSi,paid,subscription_create,charge_automatically,eur,59900,0,59900,59900,59900,0,1,1764579231,,1764579231,1764579231,1780304031,pi_344J0ol3D15xXxAvcFdYz8ph,ch_3onRUCe2WdlOvQ6PoWgeBj76
in_1j9CzNiS8BMrLbz9yhRRs8k5,JSK3TXWO-0006,cus_59qfse5GE8k0ub,sub_1DdUNobd03AQvHPH15aWQhQI,paid,subscription_cycle,charge_automatically,eur,100000,0,100000,100000,100000,0,1,1764582775,,1764582775,1764582775,1796118775,pi_3EMMOM2nMj0MYGvqvJS1AZ4d,ch_3CDEJi88nXV8Vi4qlGjE3CGJ
in_1GMnTRJ8sKEIgiJa4ml8yXwF,4KDE4158-0003,cus_LDZoe3DiDCThVU,sub_1FKfLORuYjJnK50UexxUCvqJ,paid,subscription_cycle,charge_automatically,eur,100000,0,100000,100000,100000,0,1,1764602040,,1764602040,1764602040,1796138040,pi_37P14JgGp0HCEnnqOSrn173m,ch_31gLjqaVhMVn0ELGVwT5kyrr
in_1cnNYAGrJRkPzS1Uz9ASSw4B,HER36YBS-0005,cus_ALbUxC09EAiA1s,sub_1FJiGqXMhQZ8IUlisi7NpL6V,paid,subscription_cycle,charge_automatically,eur,100000,0,100000,100000,100000,0,1,1764602459,,1764602459,1764602459,1796138459,pi_3TVvEfEft1saInOmherT6ICP,ch_3u69aMV8rUDWnGi8i5oikZZV
in_1hvIUGMXRCiauJcgRcf7nKXg,10ETJON8-0002,cus_JJJL4ZafNY19NC,sub_10wrSRGXTqhpeDbrBJIlR7rv,paid,subscription_cycle,charge_automatically,eur,100000,0,100000,100000,100000,0,1,1764630794,,1764630794,1764630794,1796166794,pi_3edhkEc7HK6e4HA6MZmv2a48,ch_38IplPD01kVdVQfleXlVGWfw
in_1eMDN92y6njt0PzrL3ewIrgm,32VLF53Z-0001,cus_mUyJkk1SKQgV9l,sub_1cSqgZjBBqvzNHAEZ83jz6JN,paid,subscription_create,charge_automatically,eur,500000,0,500000,500000,500000,0,2,1764648751,,1764649241,1764648751,1796184751,pi_3f2EzIrTFEYX0hBVqWBCJ6Zu,ch_3VllOTdUkEunGu4y5ys1SQS2
in_1laXiEsBSjFQyeIZbpBOTNZq,S4N6UL3X-0001,cus_kirzVPzhV4BheH,sub_1QywwC13VvA60rpzRCICVBEB,paid,subscription_create,charge_automatically,eur,200000,0,200000,200000,200000,0,1,1764672067,,1764672067,1764672067,1796208067,pi_3eeykuB0T9yMpD7sKTv1EEIN,ch_3vyw30WgpX01lVOmqupftifO
in_1bArHIwiaSSbgjnqIcnnvMLV,TF1ARP8A-0002,cus_zRC9TsSlP0Ew1U,sub_1thJwmHwt61VfNSnWSZ2Hs2v,paid,subscription_cycle,charge_automatically,eur,200000,0,200000,200000,200000,0,1,1764683317,,1764683317,1764683317,1796219317,pi_3Uwa3USFGiLfGFvITGcjAkIn,ch_3TNAjctHjij7XRqTGtDwIadP
in_1XL1MY6qzRnW0GzkSE11q4CE,KW6N2A2Q-0001,cus_eXMp3JvxHUOUoU,sub_1y3W1Q3QUij21dF0o20bE0BQ,paid,subscription_create,charge_automatically,eur,100000,0,100000,100000,100000,0,1,1764751443,,1764751443,1764751443,1796287443,pi_30wtXHq6su5IyndcBW8xIyb0,ch_3SjV9IiZDPoN4avZ6QkrYgem
in_17aBmkwhIVuqGIual0US7ya5,UBOOCURW-0001,cus_hicywt14EVt3Lf,sub_1WRcdF0qKTF2CU5hAJ33bC7G,paid,subscription_create,charge_automatically,eur,59900,0,59900,59900,59900,0,1,1764840168,,1764840168,1764840168,1780564968,pi_3M70S5eaHSpQ0O1c81Y0Katn,ch_3vCf54XIFCO92WBw0ml3STKZ
in_1rhGf25JPwzp7Je3N2PzEYA8,Y2NO2OTK-0005,cus_UzZSDRX8FGeRWz,sub_1b9VWTvcASC2ogVU15zvDjOO,uncollectible,subscription_cycle,charge_automatically,eur,100000,0,100000,100000,0,100000,3,1764895643,,,1764895643,1796431643,pi_3KWZyLyM8faANVTyQAE9RRhM,ch_3o7avFYY9lOBFIQk8MuRcv5N
in_1idi81LlXcxZxgqDb6Haeewt,H0VRPAX5-0002,cus_2ufmu6Na43QW4d,sub_1BXAWW6vS3uyYG4RWEGCjfuF,uncollectible,subscription_cycle,charge_automatically,eur,100000,0,100000,100000,0,100000,3,1764920102,,,1764920102,1796456102,pi_3P5cTuAVpfq9tediPQeB1HRJ,ch_3SNSRak7lRDT4fl7xHqFBUMs
in_1puhtTXOb887RFHebCZMeGMO,2TT2TWIQ-0001,cus_YEmzMvPujJzOH0,sub_1MNavCVs9R7kdV7FLAbAGQGD,paid,subscription_create,charge_automatically,eur,100000,0,100000,100000,100000,0,1,1765105155,,1765105155,1765105155,1796641155,pi_3GiqdoOXvg8vQANlpcmbIAGx,ch_3iDEB77cSIGHaUQ9XGeoBNco
in_12G2jJ1vRdHnIhMF6Aj3trV8,RIHO8UB2-0004,cus_nvFpzCH9nQNv1B,sub_11UpwsF0Z4aHDsFMLDIHfhs6,paid,subscription_cycle,charge_automatically,eur,100000,0,100000,100000,100000,0,1,1765128580,,1765128580,1765128580,1796664580,pi_3K80x2FkT09eMb5MsmVgcvn0,ch_3aOpFrX6xfmkITJPMA2fFpY3
in_1HnER5pOigRzi47ukFpjFE2a,CI6BZBST-0001,cus_DB5Hg5ueg9M0rp,sub_15frqBuCSKW1FUFH7jjuK6IE,paid,subscription_create,charge_automatically,eur,200000,0,200000,200000,200000,0,1,1765198403,,1765198403,1765198403,1796734403,pi_337t8GJEsTVdNzMbd3kcOtri,ch_3NpQz7suCfARxY6qU71znvMM
in_12v9Vu7Fa1dEjIqQX7Bmn7SZ,SRRKMDG9-0001,cus_0QrIKj72qr9zb1,sub_1jFjqqRwXMN3y3scfIzUqWDx,paid,subscription_create,charge_automatically,eur,59900,0,59900,59900,59900,0,1,1765211196,,1765211196,1765211196,1780935996,pi_3P6YRv2KtY8UgR2WsI5jaPpm,ch_3rbQXvfr98hsgH0oC54UfJiX
in_1y5GN2gEsC4PWm9NBj48PBHS,NNBC2EI7-0001,cus_VH3w1qvGv0pqID,sub_1nx6oXyMZHMo5mVQ9RFc7aqX,paid,subscription_create,charge_automatically,eur,200000,0,200000,200000,200000,0,1,1765269625,,1765269625,1765269625,1796805625,pi_35BUQudLf4ECkRvy1bPJmwoJ,ch_3Brg3gnfCgdfpADlyw0OGm8q
in_1lXwg7LdpT2nOGa2rlkmSGnR,QLKQFUU9-0001,cus_Ba5kVU0l9BbbvU,sub_1r401nwW8jHgNpOSWcvXUiGO,paid,subscription_create,charge_automatically,eur,100000,0,100000,100000,100000,0,1,1765272780,,1765272780,1765272780,1796808780,pi_3OUr1uhBSACM3ucfYSVpBgL5,ch_3KrtghpNoPo0m3ZJhRcKlLiQ
in_1mq2wSOCny2zq9u46sTS0LPE,1MLFIKSJ-0002,cus_fqprkhZ2OEHxj9,sub_1SlQz5HrAmwCATH8adh7wirP,paid,subscription_cycle,send_invoice,eur,299500,0,299500,299500,299500,0,1,1765307253,1767899253,1767925293,1765307253,1781032053,pi_3SBqd3gEztKdshAeWIeabu7e,py_3jHOkrK0BVhQM1gwe16wLWBH
in_1fBNubb1XPG1GYnvy1XfRQlg,NENQIP3S-0001,cus_qX4ts3ACTPJF60,sub_1krSAQ1RYXYfRsuAoCg2BFXZ,paid,subscription_create,charge_automatically,eur,100000,0,100000,100000,100000,0,1,1765454554,,1765454554,1765454554,1796990554,pi_3O19bwvMOj7GQKBVAk30dgSJ,ch_3lWDXyY3yyfmHhJbMDazoEbK
in_1sY9CSCdAAevSyhHaH8Nqy43,BAWNXELV-0002,cus_U3n9MUYTkpKDK3,sub_1edGi78nfxpyeUKYp30hhtdU,paid,subscription_cycle,charge_automatically,eur,100000,0,100000,100000,100000,0,1,1765474015,,1765474015,1765474015,1797010015,pi_3XEB5fwwGeLr6zar3sGF4fFB,ch_3Yk848oYdo45P8aJeD7AItpR
in_1EDVAFpvlBBV0llEN7nPv2Wz,FL47PPDV-0001,cus_0eA2peyir0U8xq,sub_1jlwuAm23G519Sbewzg9ptkg,paid,subscription_create,charge_automatically,eur,100000,0,100000,100000,100000,0,1,1765522826,,1765522826,1765522826,1797058826,pi_3DrH3Rm13EVsinGFxzQ8PHGE,ch_3bCTnhZqscgc7csdW6IoxZEW
in_1UAONYYGE47r3dOQ9SBVtDSC,JXB3PWZQ-0002,cus_ON6kd9WVHc4vhf,sub_19aAAJ8opkzrEMXs83ZRSp7i,paid,subscription_cycle,charge_automatically,eur,300000,0,300000,300000,300000,0,2,1765532711,,1765793891,1765532711,1797068711,pi_32wpvCG4tezKR9DHtpumsAsM,ch_3cHYFeFkTAvbrMDZBcYDAXFF
in_1TNe3ZrY0636gXiXgQRufLoX,HNOPLWFW-0001,cus_Mz2M66axiBIaKI,sub_1QyYQ45XAS8LrNHv0wd6j3cV,paid,subscription_create,charge_automatically,eur,100000,0,100000,100000,100000,0,1,1765555688,,1765555688,1765555688,1797091688,pi_3Rled5e5dkW97E7gXZhibS8x,ch_3kIKS9GUqVt0F6EZ6LuFZ7fv
in_1NOfkor5281cuBHhePRK57Fc,HBT9NCNE-0001,cus_OulJU2FLT5VR7t,sub_1NIysq6vI9aJ1Gy6eJBUFoyA,paid,subscription_create,charge_automatically,eur,59900,0,59900,59900,59900,0,1,1765714474,,1765714474,1765714474,1781439274,pi_3G8D99w1bwrVxaYWWm7oH4o9,ch_3uSgWx79wAY5XtfRRGQCLmVD
in_1gIOh4NPNiDoTO1iYqykLLyG,J1KQ75EV-0004,cus_cf2afo40xiYqj5,sub_1vAMA6P6I1rWOMcYKlSSqJI8,paid,subscription_cycle,charge_automatically,eur,100000,0,100000,100000,100000,0,1,1765791708,,1765791708,1765791708,1797327708,pi_3H4r6CfCPFDT84nf2NhjHkoD,ch_3wgJPt2bYscrdDG3M1EMSyou
in_1jeaI3agOaVCkESkpDsFabaF,9DH8QQOV-0001,cus_dQGfYNTNF9h3KP,sub_1mAeEwj5FSzipCFks58s7T3f,paid,subscription_create,send_invoice,eur,300000,0,300000,300000,300000,0,1,1765805039,1767014639,1768417859,1765805039,1797341039,pi_3ZW2RFaUCZuqnLN60VuFENpy,py_3LUNhoVUMSwTkEBtxYerS8us
in_1EQ0aX0DQz1NqJyol107JemV,7CJG896E-0001,cus_0cwgljqXPEwKEV,sub_1M893sTNaFWqrtaN886Qkvgz,paid,subscription_create,charge_automatically,eur,100000,0,100000,100000,100000,0,1,1765813677,,1765813677,1765813677,1797349677,pi_3nZXMWQ7Z6kEq3FQTwTunc9m,ch_3QcBOhOJ1JnxPF4uRljglXZC
in_1BkOx9PggBpp5ZX6d3nOSHTY,1TKOEHXK-0002,cus_tOkfSPNeBSRh0V,sub_1eRO8EYMZX4PeKq1VszFv8wE,paid,subscription_cycle,charge_automatically,eur,100000,0,100000,100000,100000,0,1,1765819744,,1765819744,1765819744,1797355744,pi_3QFWXKyekck9HhmQsDtPZkd6,ch_3ef677E5Lu8HSBUvRxORCAj1
in_1eMElD5XntfVrOn64UUNYCMM,N8BQ5BWP-0001,cus_zXNjA2I4qUTXHT,sub_1wfBjQYbwtri1YEagDVmSlB8,paid,subscription_create,charge_automatically,eur,100000,0,100000,100000,100000,0,1,1765822489,,1765822489,1765822489,1797358489,pi_3any0Hgyv8CcI3puQxikCWbX,ch_3PA3buj2knEF3g0D6qiuoR8a
in_1L4EgN4liYt3VXgQStAJHmLS,GYBS6ON4-0004,cus_bZygZo26zH3W7S,sub_1nN7uVEaofqSQz6raceFHEla,paid,subscription_cycle,charge_automatically,eur,100000,0,100000,100000,100000,0,1,1765828303,,1765828303,1765828303,1797364303,pi_3dlZe968HaVaVTv6gxKiLhXR,ch_37ylSBts8J9KcJ6fBKMTO91R
in_1QDLpYEFzbTVyHdQDrSYB78Q,D2SC8XST-0002,cus_jOlAChx03P3UHv,sub_1GXAPFMSZa8caC9uaToPDZjP,paid,subscription_cycle,charge_automatically,eur,299500,0,299500,299500,299500,0,1,1765897229,,1765897229,1765897229,1781622029,pi_3ELoedwzWh1n1yg7kPsaxReB,ch_34pAYpBbyB9LKLW9TNwP3h8O
in_1hWNzDL3TalGOisf5q1W296p,ZFEFD4HA-0001,cus_UL3jF3PaZT1AJm,sub_1auEwmzIIYBXtjvJW3bXyOyi,paid,subscription_create,charge_automatically,eur,100000,0,100000,100000,100000,0,1,1765911980,,1765911980,1765911980,1797447980,pi_3FmsQhuS1zjPufQDfdjm2ilh,ch_3hhLuDxqMFpbQOQjgp6X1zgx
in_147B6KLXMFqRzd1VcmCqSu42,USXQE4FK-0002,cus_jX00B6hfItm6n7,sub_1QUPnAKD5nvjknHBHRwKfH90,uncollectible,subscription_cycle,charge_automatically,eur,119800,0,119800,119800,0,119800,3,1765913608,,,1765913608,1781638408,pi_3EWpe2rO3hjt1VYefybVJVNJ,ch_3KRG46KZpbdSnLxdwdhQ6vdl
in_1c7jJUeSUXeGP3iWJQRfIlT8,XNLSMQBT-0001,cus_MTNE0xV5nbJwN2,sub_14dSpd48Ohz32Fk5sAorSVMV,paid,subscription_create,send_invoice,eur,119800,0,119800,119800,119800,0,1,1765982131,1768574131,1766948311,1765982131,1781706931,pi_3RDv7Zzuk9n5iBoXYdqgCQKC,py_3MKg7MQGhvBe8Z5sKMmOfYdB
in_13T9tYOXPGtSaOp7o2o5iffN,JLV4TQKE-0004,cus_1qlTLI1PCwygkE,sub_17lxFFjv7bCjNwHovXWKgRF6,paid,subscription_cycle,charge_automatically,eur,119800,0,119800,119800,119800,0,1,1765982387,,1765982387,1765982387,1781707187,pi_3R7foTtAqG6C1Yg7HdCA7tJT,ch_3Hj7DVEME9rk5Cef9AEiE15z
in_1vqw1FYqGlH5MSegtw84WU2C,O6I4YQFA-0001,cus_Ug0Nrx0ivA8Ah9,sub_1mcpIRPTA8zBHbUT6ap7Dikd,paid,subscription_create,charge_automatically,eur,100000,0,100000,100000,100000,0,1,1765986502,,1765986502,1765986502,1797522502,pi_3vDJlAny2BWIeONtNYw7v2Ls,ch_3OnbSPQg9ZWF0QTLnRumdgzj
in_1K7ZcudIT7jqXPM34g3fSxdR,BV1XPF0H-0002,cus_dgayIRfhpq2tTe,sub_1QAiYyJqVDDDs5t52pZ1d3OI,paid,subscription_cycle,charge_automatically,eur,100000,0,100000,100000,100000,0,1,1765997702,,1765997702,1765997702,1797533702,pi_3xUOgHTIkFAEwDxIExBanOgZ,ch_30OL4tDloX3tFdpuWEYBpFpb
in_1PqAoZ9Tg97D0Mo2WqJrDW2S,CDBDAVLT-0003,cus_98cj0ZRVWkT8Vt,sub_1csXgf9YwyhuhfKHD1iEoemo,paid,subscription_cycle,charge_automatically,eur,100000,0,100000,100000,100000,0,1,1766045694,,1766045694,1766045694,1797581694,pi_3cRzckt7nWsLVrIjyPpqlAjE,ch_3oKL18AKgI6tr6mPxnWPo4GF
in_1lD3d58jFKrOZpaioitSBl8K,Z3CHG1KG-0002,cus_wOq2uGp4TREnQt,sub_1YERmYnXbtZFf7DjNvIROHAW,paid,subscription_cycle,charge_automatically,eur,100000,0,100000,100000,100000,0,1,1766082140,,1766082140,1766082140,1797618140,pi_3NK7kkXsemUmQ0NYj4etsZOl,ch_3OOXKxJkg45Jf64tGGynD47r
in_14CCk0gJMIO7P2Ux4WuXH55K,6MI9VJO9-0001,cus_gFM1XO1UriDwIP,sub_1yHU7foIFxhlI7kfgPkwlHbD,paid,subscription_create,charge_automatically,eur,59900,0,59900,59900,59900,0,1,1766099766,,1766099766,1766099766,1781824566,pi_3gAET1PQ05C9XdRuyFscKpSP,ch_387BteCXnj0VODGXPNarR3ls
in_12mNcwqRP8EY7jMb3FMfyd08,SNXP5LGI-0004,cus_lw43lnNaciO9uT,sub_1PUSwafq1tzwsm86IX2UJSU5,paid,subscription_cycle,charge_automatically,eur,100000,0,100000,100000,100000,0,1,1766158110,,1766158110,1766158110,1797694110,pi_33ASu171s13RazRIQgnQKCun,ch_3mVk5IYuqGwafEXsiIHddXld
in_16P7EkthNJRcerM7SA1Uyg1r,SUEJ6T2R-0001,cus_EXPZtVygkekUva,sub_1OGIzXxhFekzfamgypd2BDjC,paid,subscription_create,charge_automatically,eur,100000,0,100000,100000,100000,0,1,1766158129,,1766158129,1766158129,1797694129,pi_3gif5qTF1SW8lnVCqNq9XBNf,ch_3dVcfba4RCgFjbpmIcwnQIh8
in_13Ws3A76FLcvvHtt1AquAOcg,9VZAMVP9-0005,cus_oKAbhGVadS5yd2,sub_1ReiBjjURbhHpLXMmhx1rqVa,paid,subscription_cycle,charge_automatically,eur,119800,0,119800,119800,119800,0,1,1766256276,,1766256276,1766256276,1781981076,pi_3vAvPld1ARNCZgL1dIvjuFUG,ch_3xep8R60cUiSGq8HGKk0kvxT
in_1tRZPnszyviefGDkXv2ockDl,IE5I4RF6-0001,cus_LpeEzQ08BAXlys,sub_1pKlpMzK2ByPBZS4RPgNQLEv,paid,subscription_create,charge_automatically,eur,100000,0,100000,100000,100000,0,1,1766412495,,1766412495,1766412495,1797948495,pi_3FpO7zAEYBwmH4s6N41QPcA8,ch_3p9hQP2xkedcZ1jPlrCt62AF
in_12IyLqvZtulYjbLlcfLIHdwD,S6O5A0SN-0002,cus_tzgEk4uMjPERXn,sub_1ICBACAS3SdbDZnj9VRH8O9Q,paid,subscription_cycle,charge_automatically,eur,59900,0,59900,59900,59900,0,1,1766482317,,1766482317,1766482317,1782207117,pi_3JBHw1BgYt9nfzj5posPKQgR,ch_3AMujQIsaOQ4Ee9tvsb1cbza
in_11y9YDB3CLIZokoVgZigmv1g,AG285E09-0001,cus_7anioqhRzVWJFk,sub_1fUhIR3HpzogIlAP7EJiN105,paid,subscription_create,charge_automatically,eur,59900,0,59900,59900,59900,0,1,1766507450,,1766507450,1766507450,1782232250,pi_3H7VU0mDuE50TYoWqe9QKaTv,ch_3lIRXapkpCVh4VaJ9InmrlV2
in_1cqpYfTu4gt5GYlm1jE0LOOF,RWWU38AJ-0002,cus_5e1KL2tC9B2sSJ,sub_1occROz4jYTNeJLtDTsBWdm9,paid,subscription_cycle,charge_automatically,eur,200000,0,200000,200000,200000,0,2,1766576552,,1766838452,1766576552,1798112552,pi_3vgJUgxs5ZMAB49JljAlMWYR,ch_387S6VpB4qit0Ii8ShjbZ5r9
in_13J7c06hpj5LqT07dlmCVrTC,DO20CR5E-0001,cus_dTYe4NfrAQfZVQ,sub_12s05uNof4ZFloR6qgGRK8tz,paid,subscription_create,charge_automatically,eur,59900,0,59900,59900,59900,0,2,1766657100,,1766657543,1766657100,1782381900,pi_3qdEREZTnmacSF5fRCtF4DLO,ch_31fiVOIN3wwgzmOmElJe7sz8
in_1oCaP4BpX4pkNRjUxJ7oE5UN,9SFPRY7G-0002,cus_6H7vsZolmxPjVb,sub_1uTH9G1tafeiKLg7wLR8D2gL,paid,subscription_cycle,charge_automatically,eur,100000,0,100000,100000,100000,0,1,1766660311,,1766660311,1766660311,1798196311,pi_3nKAOqIqRdubTHtYGjXuVQfx,ch_35ambD573aDWEEGuIpnhClMX
in_1OKGSEdmCwBRqFNKYxtTl7mV,E3832OZJ-0004,cus_CJGyh7syEVdNuf,sub_18hkYGHkB8AUQJEgXWbqZCQr,paid,subscription_cycle,charge_automatically,eur,59900,0,59900,59900,59900,0,1,1766664840,,1766664840,1766664840,1782389640,pi_35jmuSIbW2msz3yKCv85fYN5,ch_3uNr1ayl3qnPsGINoz1JX7MM
in_1eg12zDvesDal3Vl22kOPmX0,KE3XX0Z4-0002,cus_qv9Ve3SLGa0SuA,sub_1AKB0KDVfBtJ4D9GFvxy8xlG,paid,subscription_cycle,charge_automatically,eur,59900,0,59900,59900,59900,0,1,1766672090,,1766672090,1766672090,1782396890,pi_3WtflFJ91FSnr0U2YmvFVxUV,ch_3N2IlkQ8sFX8EVzXZbHYj9Y0
in_18yAhj4ylW2AuTTHKBjRlIvz,PH15HUT8-0004,cus_D6UrfEYRun3R0E,sub_1Z8z4cRbwVSlYekzBkk4MBtZ,paid,subscription_cycle,charge_automatically,eur,100000,0,100000,100000,100000,0,1,1766690457,,1766690457,1766690457,1798226457,pi_31lnIbrwPBWlfRR7aP06swb9,ch_3g61qCikt2vb0IpimPUgINit
in_1rcT2z1HGn5h8mJZpdmTEJFV,ABXSN6ND-0001,cus_HABihNJ1iCPCqk,sub_1yG7nXIUBLom6Jgd0dws7Swg,paid,subscription_create,charge_automatically,eur,100000,0,100000,100000,100000,0,1,1766740320,,1766740320,1766740320,1798276320,pi_3cOuEPQ2OO4d0LuTNcw0wZ6x,ch_3oCGGHJnY0kPFUoLbuzFL6kb
in_1ksdlfUijuEgPEl9siMd8IfK,1O3AQKB7-0002,cus_qxSvZhMKSJfxm5,sub_1WWpgB4PiWAjMt9fzqhE0MSp,paid,subscription_cycle,charge_automatically,eur,200000,0,200000,200000,200000,0,1,1766740501,,1766740501,1766740501,1798276501,pi_3lpYUJn3F2q3FXx8he3vdeyR,ch_3ICyaj0XiiCFFHQlwzpIjwLa
in_1sp1OyGOczGX4G4BPlqciwx1,GRYB0D6F-0001,cus_1YtqlhuYHH7rvS,sub_1sHdYyGY7AZcTR8sG4Nf7Uan,paid,subscription_create,charge_automatically,eur,59900,0,59900,59900,59900,0,1,1766745078,,1766745078,1766745078,1782469878,pi_3rZRcJblIiOyPsemy7Zh2FmF,ch_39ZpELcOTiDg9NuvIFQolSfv
in_1MHj7a1pye0wENvQxkWsNXEf,UET7FABB-0001,cus_5gS8XNesrfszyA,sub_1IGA2jrKzjqK8E8tILBk23tv,paid,subscription_create,charge_automatically,eur,100000,0,100000,100000,100000,0,1,1766754657,,1766754657,1766754657,1798290657,pi_3NOogmmoDSdj8a4zp5bp8k3w,ch_37fN9oFykIhkrIqxtoIM9gls
in_1z7Y13QY1e2Ce4jr4Lr5AUyk,EC6WH9RX-0002,cus_Up09HxjrvDFD8J,sub_1lY7rGWNjAgnwmdQROQXBR69,paid,subscription_cycle,charge_automatically,eur,179700,0,179700,179700,179700,0,1,1766764906,,1766764906,1766764906,1782489706,pi_39jtnqWF4PVqZUAOFwWhjR1U,ch_3sJtDlvCbfQUp0wQsdXtOB9t
in_1XUhTozmRbofGNk8JFaycojz,S5SZS7GV-0002,cus_Pz29nxcQjYpz55,sub_1lWkn3m7WBRxmdp06RwxRVgO,paid,subscription_cycle,charge_automatically,eur,100000,0,100000,100000,100000,0,1,1766767821,,1766767821,1766767821,1798303821,pi_3qhuTbA9LsN0UdTw06BCuMoL,ch_3B51US9iQyURBPDGZyiNucFs
in_1IgCLfhFGqBUH2ba6NKNFOmw,3R5PUX69-0003,cus_FzI6mpoHMlGLrZ,sub_1ayH16K0Oe29IvBRisMO5PSn,paid,subscription_cycle,charge_automatically,eur,100000,0,100000,100000,100000,0,1,1766833977,,1766833977,1766833977,1798369977,pi_3qH7GoCXL3NLHQyScoy693OW,ch_3RH5Z7hdSrtnswpLW50epuq3
in_1P0i0cJ6TqIpeZXdSzdtBaxp,YOSQT5CD-0002,cus_Tn6e07VzMZNd2C,sub_1w8rhlhyNdLbOHaAxQNDq59a,paid,subscription_cycle,charge_automatically,eur,119800,0,119800,119800,119800,0,1,1766846040,,1766846040,1766846040,1782570840,pi_3DOASzNompApjqlft2hSQO0a,ch_3GaeKoQZtIOEETdClrncHN3k
in_11gcB3sPXR3XcXMhgotahrPZ,OGOGTZDA-0001,cus_PK63b2QXm5psMZ,sub_1SgwgAB6qZitgHBnf2zG1l4l,paid,subscription_create,charge_automatically,eur,59900,0,59900,59900,59900,0,2,1766847495,,1766847648,1766847495,1782572295,pi_3O98CuWvls8HdN6yPrmaZxyz,ch_3Za3n8qwebXg4h6nV1U0fbQm
in_1QMhvKlhZoGpfabyKNQ3HuPo,QAH9KS6K-0005,cus_Sq3HE85uE4mHP1,sub_1bhV7XEvh5P9TvYsByKAVZ9v,paid,subscription_cycle,charge_automatically,eur,59900,0,59900,59900,59900,0,2,1766925376,,1767188236,1766925376,1782650176,pi_3n8uONVN76EB3hLyy4Pp5LEO,ch_3MlDsT7XwwiPHa7r7QtJnP2I
in_1h31vG9Xn1fWtPkd7DYrj3Vs,448KJWDI-0001,cus_HDFsSScVoe8jRO,sub_1NU5AEBchXGxUoeB2G7RFuGf,paid,subscription_create,charge_automatically,eur,59900,0,59900,59900,59900,0,1,1766930439,,1766930439,1766930439,1782655239,pi_35SHQDR5VsufFz466r2O0fc3,ch_3lO46yyIhkfhzdhgd3xr5hxy
in_1YAn2B3NkTXG6OGz5c5jGcsN,VJBIDOII-0003,cus_lndZ125l5G2Tvi,sub_1A7lOnmmmNdzY0PRgwMbEV84,paid,subscription_cycle,charge_automatically,eur,100000,0,100000,100000,100000,0,1,1766937753,,1766937753,1766937753,1798473753,pi_3gE8cPTUGAGx7JkMTBvjHgoc,ch_3RiGYqMikBWglU1mL5i8hdWn
in_1wfZ23G4rd6qNydwrCgjmJ0l,MFLOYW4T-0004,cus_j1J0R3BNPnp10W,sub_15hDRWeuzOUdFbLfkLuNGGIX,paid,subscription_cycle,send_invoice,eur,200000,0,200000,200000,200000,0,1,1766944158,1768153758,1767998358,1766944158,1798480158,pi_3PPFjgLya8tgM4lyb8PXPMzz,py_3eFJFF5pwnQLq5zUvzFgm6xw
in_1dL6eyibhsBFkHv7CnsOuBHo,PDDJS0A7-0004,cus_Y1Xedsm9BSaUQN,sub_10X3Q3JZtrs4DQxxmDs4299x,paid,subscription_cycle,charge_automatically,eur,100000,0,100000,100000,100000,0,1,1766948198,,1766948198,1766948198,1798484198,pi_3Ne6Tp2ytmdw8A7Zqs2ZNGbL,ch_3cAC9RPpmQ70cjSPaGC8E6O2
in_1hHe1mwngdu9ZZ21TYYkXBZP,01K6Z4H6-0001,cus_WJUWe8PyrhDYOz,sub_1AHa6Le1CAVBnqbKCXRQw55g,paid,subscription_create,charge_automatically,eur,119800,0,119800,119800,119800,0,1,1766992166,,1766992166,1766992166,1782716966,pi_3Dean32jLvZ4HSi1yfvApSCh,ch_360QuAKc6KacTiJiZSuRvJfD
in_1vVWvPHYGy9y5NBLsjwdwjlA,3I6NSE4D-0001,cus_PVM3FHd5fWu8jX,sub_1IxBK7fnI4ZEgImTh637tcZT,paid,subscription_create,charge_automatically,eur,59900,0,59900,59900,59900,0,1,1766996056,,1766996056,1766996056,1782720856,pi_3QOBJ3e6bhwMHYyoTJHVVxZa,ch_3TP0akjF5j1ZDh5uuh2E5uK1
in_1dx7sGYob7CVbHI4iGvlKv2V,JP6U11VC-0001,cus_J1VFYtGYIwPBHd,sub_1YxV4C2GyEujOqbgxu3qxuuH,paid,subscription_create,charge_automatically,eur,100000,0,100000,100000,100000,0,1,1767014406,,1767014406,1767014406,1798550406,pi_3w0LAPDHtI3g6HtvvNJQmRlJ,ch_3dOjQJOLqwdaTP22wjONquVe
in_1ddjXyKV3nxWXOT8PoRGOsVf,GBWK9FCU-0001,cus_IGxuBsbhD6GuC2,sub_1WkB4U9HaF3pMefnRE2NaQNm,paid,subscription_create,charge_automatically,eur,59900,0,59900,59900,59900,0,1,1767019600,,1767019600,1767019600,1782744400,pi_31h9fXY70zCJi4qhHyjze9FH,ch_341kIBz86wqpTGZ97CqKLJWR
in_1utRsXuC67xfeXi6ZLxmmytq,TTJYWE4S-0001,cus_y2ExM7Erksrdry,sub_1g76cSsiXgQbN1eRPrq84o1F,paid,subscription_create,charge_automatically,eur,59900,0,59900,59900,59900,0,1,1767082799,,1767082799,1767082799,1782807599,pi_3gWwxqcvgxousaeGlPQMl7Qb,ch_3tva1nTbrxoUidhAtOPbxqaZ
in_1Q0KqN8mfREa046wmLh5R51r,OIKE93U2-0001,cus_a8ZtJVWsZnJZsS,sub_1qOvI5oDcs9YVoidsEcs7o8l,paid,subscription_create,charge_automatically,eur,59900,0,59900,59900,59900,0,2,1767122283,,1767122374,1767122283,1782847083,pi_3hKQ30XYmmPLbmpQETj1t13a,ch_3AAL8icEwIdh25wNDyG0Rqih
in_1ZUEKSW2wA2K6J8wLFcuMVzO,YE9HWT48-0002,cus_sEAA2YKA6OJYIe,sub_1KhHTubmxOFKJRcCNuniczDl,paid,subscription_cycle,charge_automatically,eur,100000,0,100000,100000,100000,0,1,1767190465,,1767190465,1767190465,1798726465,pi_3nyP8Kgv0vpfXucllnumvVxz,ch_3YXUdhGc247LFwED6gCaopFW
in_1AJcE0Ef05CFIBLbKASeS5P8,VEZAN7ZC-0001,cus_3TLYf4UGH1cISa,sub_1nbJwiDAGdHs07Be9WKLtAe1,paid,subscription_create,charge_automatically,eur,59900,0,59900,59900,59900,0,1,1767205257,,1767205257,1767205257,1782843657,pi_3jFIPFbSzQsHryslY3qvzIXF,ch_3RvboZOHAdaHVfMaBrT1GJJ2
in_1rNllL4kHiOufPzOxVOKAw3I,S2KYQ9YZ-0003,cus_jTPceJkDlMzbUy,sub_1uYza95W7eLjuhwcPyhSj7dz,paid,subscription_cycle,charge_automatically,eur,100000,0,100000,100000,100000,0,1,1767258599,,1767258599,1767258599,1798794599,pi_3ofkUvFqjN3EnTCihc1PK6Bd,ch_37PudHbdZDhG7FZfl68EOrf8
in_1lqRLLVwjCsT0dnlkExMyuzw,QQDOJKGH-0001,cus_AwqvZ5OeRgOojC,sub_1vU9B7NQOVdkHu8v8XohAufL,paid,subscription_create,charge_automatically,eur,59900,0,59900,59900,59900,0,1,1767353278,,1767353278,1767353278,1782991678,pi_3TxxddTH8QR8rui1gcPDkmFo,ch_3cBSzKncK8ReB7BHl5jVTMdX
in_1M1GZyzv9UwbHy0wYMGsXTEp,TNQLGFQ5-0002,cus_nWeVhVs2gC8aT9,sub_1d0UcBuRSpkjUbJ01KNU3yaf,paid,subscription_cycle,charge_automatically,eur,200000,0,200000,200000,200000,0,1,1767354181,,1767354181,1767354181,1798890181,pi_3YahM6A7tcGFrzWBL7enWA0m,ch_3lq2G2w986YTi795ieHIRMHf
in_1YPJvHsi2Xy3l0hBIXdkT7sT,ET0YEGOO-0003,cus_JvcYfcXGumDSEf,sub_1Bbn9tKiyx5gxLDkAONKYZgs,paid,subscription_cycle,charge_automatically,eur,59900,0,59900,59900,59900,0,1,1767356131,,1767356131,1767356131,1782994531,pi_3OKEIsssO7jq2xg3objDOMXU,ch_3eQnyImuNZO1EXERcbuFGNZO
in_1i06K9pxIvHKtY4EkPWdFtqD,9KLE9VQS-0001,cus_j8Ywn7kCQWQjnw,sub_1qkUdaP7BHfMchJuAN33FhHo,paid,subscription_create,charge_automatically,eur,59900,0,59900,59900,59900,0,1,1767375944,,1767375944,1767375944,1783014344,pi_3iD5w3K1rC7GsdRPzj9j0taR,ch_3PRULGAIJ4fPELRlCbJvFFpq
in_12itY3xOY6l9ruZtRuG2SyjT,T65SMXE3-0001,cus_vNaZbwUO3dNZ6D,sub_1qDgUXdtOE4OtLJS7xVH9PPW,paid,subscription_create,charge_automatically,eur,100000,0,100000,100000,100000,0,2,1767447279,,1767447696,1767447279,1798983279,pi_3lJOrwg0TL7T212dcHhundis,ch_31XWUO4X2etbtifcWx72tgKV
in_190GhPk9WzhAtP69UYC3tEhT,AL9HE82Y-0001,cus_upO101rcjdjcs0,sub_1hnHxF9vT4oI4hTsknokDkhR,paid,subscription_create,charge_automatically,eur,59900,0,59900,59900,59900,0,1,1767448767,,1767448767,1767448767,1783087167,pi_3hH8KegnfnTyiMK6Y7Ag5wh6,ch_3oD7KM6tqMTHC0aZQyCBoDpS
in_1xzEgZWRadzddA7ccReT3Gzg,2TOCIOPK-0003,cus_EzkSZTRs2LzqF7,sub_1oUXhOahNQwwjtE0s2Tplce1,paid,subscription_cycle,charge_automatically,eur,59900,0,59900,59900,59900,0,1,1767478026,,1767478026,1767478026,1783116426,pi_3G6xdw4mVqglUI7XSkFiZUlP,ch_3sqjLENYUjLOq1APals1W0AS
in_1DwXASWUbGPdtIll8PNXJhqf,Z6UX2AZN-0001,cus_hhhNWUK7SmEH8E,sub_1q5tjBPoelT3xrmixTMakuf4,paid,subscription_create,charge_automatically,eur,100000,0,100000,100000,100000,0,2,1767634220,,1767634612,1767634220,1799170220,pi_3ByIgJW6EP59u5AsRXAW3dYW,ch_3lmZv2iOjhIXC747tRj3kUUS
in_1tZ6Q8dfd9kHcvDesuchvTJk,R04SV19K-0001,cus_qnTJPZpPVvtexO,sub_1NEbMGpe0MEwzJa4l4M1iEZh,paid,subscription_create,charge_automatically,eur,100000,0,100000,100000,100000,0,1,1767641134,,1767641134,1767641134,1799177134,pi_3mh2AdxomxJkc5CAYhRBl5P0,ch_33aSDwRKuREDQ0VNUfnkp8xB
in_1hKY02L2WaWBJh72TSBCfMaT,NXSPTDUI-0001,cus_O7JgJCHpuIBDCq,sub_1KZtPWFDX7FUQdBRoRMah3ur,paid,subscription_create,charge_automatically,eur,100000,0,100000,100000,100000,0,1,1767654506,,1767654506,1767654506,1799190506,pi_37kQe3eCQYBvxfNiGQQCCYqt,ch_3OQA4gn6fHtPHKFB9zQdvZ1j
in_1oRb0PEttfetJya1YQDA84RA,SN39DXRK-0001,cus_zTOsfpgnwmspTN,sub_1whASl7ymfG5h8xsnwxOITJt,paid,subscription_create,charge_automatically,eur,100000,0,100000,100000,100000,0,1,1767654772,,1767654772,1767654772,1799190772,pi_3yVBj12XKDwSmbPF7xVOsg96,ch_3dULMbBlIr7K1GCnEfvlPLjU
in_1bfcEV1HqjoactBfIlO8pWbd,CAVKDHMC-0001,cus_3SKrrNl2rGlH16,sub_1CDM9MLh8LDKg6BPB08Px3FV,paid,subscription_create,charge_automatically,eur,100000,0,100000,100000,100000,0,1,1767705521,,1767705521,1767705521,1799241521,pi_3bON5la0tE502pFfti0t38Ii,ch_33B9mcskvJdZfdiSYWxcGRqg
in_1ekpfRIey71EPVyFmZ5Of2Uw,UJT8R79J-0002,cus_SzjvXItG190urP,sub_1M6oxCK8ttGrmHl6JTCnj84g,paid,subscription_cycle,charge_automatically,eur,100000,0,100000,100000,100000,0,1,1767785145,,1767785145,1767785145,1799321145,pi_31u8yM2WIc8GWvKgbthByICJ,ch_3nXOpfnhkNc9cyPopE13B9uH
in_1cr0jeho6nPaZaawiJMQy1wq,3MP89VBZ-0003,cus_gRd87nPSGsrB44,sub_1HwEa0WVQY0BJ2bXbl5wfh5I,paid,subscription_cycle,charge_automatically,eur,100000,0,100000,100000,100000,0,1,1767863072,,1767863072,1767863072,1799399072,pi_3TNulfOjftsb0PoYBrhIc5qs,ch_3LNDqPYiuNZy4NK4imefSkEz
in_1Mq03lAc9Lmg6pcgmJKMNzSM,WWYA5716-0001,cus_UqqZvI1SZ1qZ9K,sub_1KBARygJpdi4aeNB17Nuk9aL,paid,subscription_create,charge_automatically,eur,100000,0,100000,100000,100000,0,1,1767865652,,1767865652,1767865652,1799401652,pi_3P3Vh2HMZsW2sqENZnP1v2Vp,ch_3EDr6dO0oltEf8rVyvKYuS0F
in_196EdsjdBK8ENS2TseOapf00,H5IMETWC-0001,cus_WTG4QwO9oIW9zt,sub_1FuwPTj4crWiz0dIO6P1FZIP,paid,subscription_create,charge_automatically,eur,179700,0,179700,179700,179700,0,1,1767875657,,1767875657,1767875657,1783514057,pi_3523owla6lISoTHUEqoiO1rQ,ch_3cSD8T8aDzVN7m0eqUB3gatT
in_14VzQq95VT6pV4cDwwDfbb53,U4NXOXTT-0001,cus_qjR5zLFTPLKgX0,sub_18lzSHtljW5aAgCI7d5DNagB,paid,subscription_create,charge_automatically,eur,300000,0,300000,300000,300000,0,1,1767894205,,1767894205,1767894205,1799430205,pi_38TMqNZAASPUOvV8nY9IxTyU,ch_3gKy1o6IierVsEzSHUndm9nd
in_1g7NW29naMgxgxAOuUqjwYMF,UCXZAR7L-0003,cus_hHcUw4ZiZlKxo8,sub_12RXMScVb0dDeFSZj6iQGG1f,paid,subscription_cycle,charge_automatically,eur,100000,0,100000,100000,100000,0,1,1767963474,,1767963474,1767963474,1799499474,pi_3kzT1P5ubpVrolmOaOfwxfXt,ch_3OE5yqO8s5SgBB97VQJO03P0
in_1vxqD8j4WdE7KQ5bCi3fxsGP,RFH2LOAZ-0001,cus_D65egRKzJcDH6c,sub_1RwHMTpwRTOOu4vSsDNyjjy3,paid,subscription_create,charge_automatically,eur,100000,0,100000,100000,100000,0,1,1768029165,,1768029165,1768029165,1799565165,pi_3cun2YTOg4oWBsbMASePWQhr,ch_3VfdDoG0vSZqGLpeUSk5dY2Z
in_1lnOJdNjQIny01ylsUJCq5Z2,4AV5XMK5-0004,cus_YgWsv7RkBzrv0V,sub_1eqLzjbDcV5yg1N7IqBOvBL1,paid,subscription_cycle,send_invoice,eur,200000,0,200000,200000,200000,0,1,1768121893,1769331493,1769072953,1768121893,1799657893,pi_3lTp8MJWkIHBBS4MXA20tpyo,py_3pE24l6TXl954bi30GOqDQar
in_1JYf76vMHinqbRpSslMt8T65,BXMJXXH3-0004,cus_syFtgGdRwQDE5r,sub_1R4DHfTaHRR5ttVUPmbmSYuH,paid,subscription_cycle,charge_automatically,eur,100000,0,100000,100000,100000,0,1,1768205820,,1768205820,1768205820,1799741820,pi_33zE94rjCrwkdRF4k0IsjfG7,ch_3UB4J2iU8GFFu4N760O2kjIL
in_1o2jNTu3qwy6W00X6tJ14fiA,FF61F3IH-0001,cus_35e139mQTc60vx,sub_1fetDEBGxVWFJQe42NKzKAUY,paid,subscription_create,charge_automatically,eur,100000,0,100000,100000,100000,0,1,1768215012,,1768215012,1768215012,1799751012,pi_3m8cIuVIvicvv927zPBila8Q,ch_3Nn6rHRHsDxUwWFgEpLQZI4P
in_1i0QXK29N0ItMAPfhckayGzp,LQ24MZXC-0003,cus_5tHF73Lz9XsfEk,sub_1M0GHu1g5DrF9K0BoJbFMUtk,paid,subscription_cycle,charge_automatically,eur,300000,0,300000,300000,300000,0,1,1768229005,,1768229005,1768229005,1799765005,pi_32JDqe4jS85VrXcQNB8YwPs7,ch_3KOvpEOHJZDJY9XgYV4JZAB9
in_1Fpa6bAf6bIhjfD8wpFGtORv,KKL5ITY8-0001,cus_OG3d7NSLQC1JGc,sub_1iqXNmrYBkc7zkawTp8QDEeO,paid,subscription_create,send_invoice,eur,200000,0,200000,200000,200000,0,1,1768237334,1769446934,1768591874,1768237334,1799773334,pi_3N3PdJnovCe9UaikthUES3oc,py_3gOTCE076NBdsqYs6ZA79ps1
in_1oRHF7CEf0TSZBZOGZ03PY7z,71DCO2PK-0002,cus_S8Bv32CTNuCod3,sub_1qQ01GPo4JzJCY2TwYBmAzff,paid,subscription_cycle,charge_automatically,eur,200000,0,200000,200000,200000,0,1,1768308243,,1768308243,1768308243,1799844243,pi_3gCxJtS8C9nW7woFYPFztEwu,ch_3ndaYNNzLIA9UBhdRCROTbGA
in_1JopmQYDXIMrVDIPUnH7b94u,7D8FR5SE-0001,cus_t5DGfXsQCRoBJD,sub_1YuI5sHa0NbEK7amEaOn6Ov1,paid,subscription_create,charge_automatically,eur,100000,0,100000,100000,100000,0,1,1768313786,,1768313786,1768313786,1799849786,pi_3KTnePvnALAgUOahQydw9ygH,ch_3YqTXVK1Am5ewjtBAf8EEJAT
in_1JoUVQ6aqiIz2xpmbrpqfNue,4T30EJAX-0001,cus_kVX75HVPGB4EUV,sub_1TkEm4om9Q8hNMUdLv11nOxk,paid,subscription_create,charge_automatically,eur,200000,0,200000,200000,200000,0,1,1768317645,,1768317645,1768317645,1799853645,pi_3j0tRi4QCTDC0QHZHHhw1R7H,ch_3HZsQ5bF6v7oYyva6mLN1sdl
in_1A7T3XPm3nJR5rimX5xtzEJD,0JIXYUKD-0001,cus_i4S3IyPPbuJvfs,sub_1J1K1x3yhTmmyGZlbpYtcrvs,paid,subscription_create,charge_automatically,eur,100000,0,100000,100000,100000,0,1,1768381370,,1768381370,1768381370,1799917370,pi_32eWQKwMJvXRym9jHqJpejPK,ch_3cmfCd1w46jD8uzLLalurQJ2
in_1NRsgKciCWCzQHAthFhB29vo,KBNW4GYT-0001,cus_Bn20jYNKSXCnC9,sub_121TDSw6as3NsO7u4rL63TmR,paid,subscription_create,charge_automatically,eur,59900,0,59900,59900,59900,0,1,1768399609,,1768399609,1768399609,1784038009,pi_3axdyxhZHQ49U6XiQUsf0A97,ch_3PhoXrrNAh8GrJw8ruLbVvbm
in_1u5jPeU0z7mAMxGoWavFmVDI,S20YTOIO-0002,cus_Om9tdq1pAvjpUH,sub_1Ly5sPvBhYx3GJcMQ19aAT0t,paid,subscription_cycle,charge_automatically,eur,100000,0,100000,100000,100000,0,1,1768405588,,1768405588,1768405588,1799941588,pi_33WAM5vcIPegYV7Z5APVd1dO,ch_30Pyodt3ONMH1R9ffmBYdK0L
in_1iWz36qxdA2HbsAMLTVb1O6V,105KGAB2-0001,cus_KLmTuXZrGwVOoz,sub_10llFJbIjp9U05OJuG7SM0Cz,paid,subscription_create,charge_automatically,eur,100000,0,100000,100000,100000,0,1,1768474911,,1768474911,1768474911,1800010911,pi_3ErGlhXJl8GPv0RmADx6RGTJ,ch_33BH8WgWRPKr8QOPm0BYkrZo
in_15e5RFFbGywHOHnBoKm0aTDh,52A34UUR-0001,cus_2NEG20qeabA7JW,sub_1ECX728IhQDUMr9hn7g1ofJ6,paid,subscription_create,charge_automatically,eur,100000,0,100000,100000,100000,0,1,1768486040,,1768486040,1768486040,1800022040,pi_3tE6WCqD2l73ehKYs5e3Ij4E,ch_38XeZyFfcGoenhYLn7jgeiCs
in_1EAAMqobGGhgtVLExaQyGCJI,SDSH4XO6-0001,cus_ToNHzj3xfMGBML,sub_1XRBrO2kDfkvg5G564l3dgVn,paid,subscription_create,charge_automatically,eur,59900,0,59900,59900,59900,0,1,1768510142,,1768510142,1768510142,1784148542,pi_3Jo6GFU544gC2DKrZGvQlOAm,ch_3r7wXQxOCZuiMkA5t63ygAud
in_1TE9Flw86R6OuNiprzt6u8sD,6B2XJNO7-0004,cus_MhDWGBRUFMEF3V,sub_1eSMBDnxc2KQXKD8i6Aeo9JJ,paid,subscription_cycle,charge_automatically,eur,59900,0,59900,59900,59900,0,1,1768551628,,1768551628,1768551628,1784190028,pi_3Dxziw9lxPww6mq9WZXFDQTl,ch_3OAmsh6kMchhAsXMVySTsnKW
in_1bbZf47AUDKeEYEVcNnqfVSz,07XJZHGY-0004,cus_Tv55xwSI0gRiVP,sub_1KZ5cxvRta6bWk9CbSotr5xh,paid,subscription_cycle,send_invoice,eur,300000,0,300000,300000,300000,0,1,1768767743,1771359743,1770589523,1768767743,1800303743,pi_3Hrj4KDbe5YastPQhR48mGmi,py_3gRqLkfjZOtV20mZEKo7nT5k
in_1NzzfSwBaAGh3u7n49NFtare,7KZYRUER-0001,cus_Qco9VzT0IYpzP7,sub_1Hw9xGQuLDxb3enEh5yPQY9U,paid,subscription_create,charge_automatically,eur,100000,0,100000,100000,100000,0,1,1768809277,,1768809277,1768809277,1800345277,pi_3Mof3oC0J8dnxpHQ2xgXjJTN,ch_3POybtFSgixW6LOZmaI4avV9
in_1aExQ2TpsPGyAFlv1I2RTuza,U8L7NFH2-0004,cus_JPHdJ7IwKD8umT,sub_18gP4Yl6vjsXFZ313MjEB8DK,paid,subscription_cycle,charge_automatically,eur,59900,0,59900,59900,59900,0,1,1768831551,,1768831551,1768831551,1784469951,pi_3HPC1McXg1aTNJbXyUoUzXfY,ch_3dD3EJitOreuy3Jq5VbFR6yf
in_1VVBMwqtmPsCfUMBDB1U691O,REUO3X5F-0005,cus_KR6bAg9jQFYJb3,sub_1dUDG9gLMNnWXKrN0aeE7gb0,paid,subscription_cycle,charge_automatically,eur,119800,0,119800,119800,119800,0,1,1768889708,,1768889708,1768889708,1784528108,pi_3wrfqShrdZrIHGOKHVG3cpf2,ch_32h6GsJPTJkqVrToGplhvSUA
in_1anrUnoTpfI5h8Z9c4JFSug3,Y32Q90IX-0001,cus_ZexDLLrOYvhOrQ,sub_1uBkBPAE9nOQV2nHCOlh6CAh,paid,subscription_create,charge_automatically,eur,100000,0,100000,100000,100000,0,1,1768894463,,1768894463,1768894463,1800430463,pi_38OD6XQAksz44NGX9tbVOFcr,ch_3F2qLFBuF6A3ncRExOmh8juv
in_1INikLhK8IBoc5hX9sLoWlKr,XP3HSGRM-0001,cus_NU2FwMYGVIEGzg,sub_1btybehVBAqSGAZeGPfs92DE,paid,subscription_create,charge_automatically,eur,100000,0,100000,100000,100000,0,2,1768896451,,1768896531,1768896451,1800432451,pi_3rZqzGUpQRfiKs2Oxd8JEliZ,ch_3gSmkeILJw0xdFzcwMUj3hS0
in_1LHClLJ9zKmbu6yk2UvU4sL2,HXUQMLDW-0002,cus_i7SSQaUwTvAMef,sub_1Pl0vGGjOoKm3UuXedXJsAqh,paid,subscription_cycle,send_invoice,eur,23100000,0,23100000,23100000,23100000,0,1,1768907419,1772795419,1772731099,1768907419,1800443419,pi_3Wcdaw7jTWtC2xFw2mDvybus,py_3UP8MQ2aU6IQAEuwaSvEjKWH
in_1ebtDenRZ2uX0PuYyTKW7ri9,TW2M6H66-0001,cus_Cja1OciIqTUwjp,sub_1VIDg5TpSCBsNThhYQ093YL2,paid,subscription_create,charge_automatically,eur,59900,0,59900,59900,59900,0,1,1768914860,,1768914860,1768914860,1784553260,pi_392fEwVteXNzC28sKln9wykn,ch_3g2qJ8K4UdLxTGKelmKgx1bt
in_1WVhIOFlgQKlzHRi7zcfGm9w,18JQTKV8-0001,cus_2y9OAF0ojywql6,sub_1x3RVukXeAHvUDdjmQrN8T0r,paid,subscription_create,charge_automatically,eur,200000,0,200000,200000,200000,0,1,1768916780,,1768916780,1768916780,1800452780,pi_3ORlEUzH3rbJsT2wbs7sHrWD,ch_35NueIzwpfZO81C666xxMORR
in_119szWptfPuGaynJbEynEojB,F19LI9AM-0001,cus_wFfKkNm57rqEqD,sub_11dBagz6tb7jR5NK3S3MOhmT,paid,subscription_create,charge_automatically,eur,100000,0,100000,100000,100000,0,1,1768951186,,1768951186,1768951186,1800487186,pi_39zTauawtkAAm0CgWSwX9FXF,ch_3kAs7WeKysJQQL6uR7eh5dTX
in_1qgr5ddgeZGbjqXkn6lNuRCe,VDV5HBPY-0001,cus_J1PyrbZcpBUBF1,sub_1rsc0x8NzaAe2IhaBK9beVc5,paid,subscription_create,charge_automatically,eur,119800,0,119800,119800,119800,0,1,1768999852,,1768999852,1768999852,1784638252,pi_3o6QKux95Xvt0P6lF0IIg7Rr,ch_3dv43hen5lJIcsRyOKiZ9w1y
in_1kfyB336FehRQM4QbrVFwfgS,PP5YCXLD-0001,cus_vM7dCOYIf2WDjh,sub_18XZTUamUffjQ6TQDiEBp4Xp,paid,subscription_create,charge_automatically,eur,59900,0,59900,59900,59900,0,1,1769010007,,1769010007,1769010007,1784648407,pi_322frS21O6f0zvTdZY41lCgX,ch_3iblCK5hLeVzKzWo7eGVSTyZ
in_1MwlDxEzE2QhTF7ZH18hmDrB,5H3F0K0C-0002,cus_v6yd3nuoHoMXxz,sub_13XfRBopF2vc1lxQA6dr5zhj,uncollectible,subscription_cycle,charge_automatically,eur,59900,0,59900,59900,0,59900,3,1769038897,,,1769038897,1784677297,pi_37HKOcd8Wnyz2KlNsWrLeuVg,ch_3PnYQ5eoi1oDl8k7OwUydJ62
in_1uf4BDNeX12VEKWrDiMLS1fq,TZVHBK70-0001,cus_pxLrV2dp2zICmx,sub_1Fh70nHib7V35d5JVDh1zD7e,paid,subscription_create,charge_automatically,eur,200000,0,200000,200000,200000,0,1,1769084918,,1769084918,1769084918,1800620918,pi_3gLZWknfPgmdS8sITk3EYSbu,ch_3nI2ZiXlMdh5dRL31ZweDURx
in_1ealipD4RMDuuMKObAgAtce8,5PHGOR1R-0001,cus_KDqi1McWfL1urK,sub_1PWntqLL0NM0un0jU7zPLQzY,paid,subscription_create,charge_automatically,eur,100000,0,100000,100000,100000,0,2,1769087653,,1769087871,1769087653,1800623653,pi_3JWKKi5yjTQSEsbq4wgkQUxb,ch_33wcuOrLJr9n9Or9cmfrDNd7
in_1pPXC7VNiqV2sB48ECcX8S9d,4UUHAJ14-0001,cus_tFPWwW2UtfARsO,sub_1QzWRrrDOBweiDIcwNCzDKvL,paid,subscription_create,charge_automatically,eur,59900,0,59900,59900,59900,0,1,1769096225,,1769096225,1769096225,1784734625,pi_3sEeQgEEWezIVnrTi5nT6CRu,ch_3vUgaLy1DNnjLhQnMIiUVgI9
in_1BQ2YaX1eCCByEoRciWIkFBU,3B5R3BKY-0001,cus_HeJarOGkG9QMpE,sub_1gkFzChlRgj6ZpFxLW4pe5yH,paid,subscription_create,charge_automatically,eur,100000,0,100000,100000,100000,0,1,1769103737,,1769103737,1769103737,1800639737,pi_3CnrErcjCcijFgEldlX868TO,ch_3iCZQvTd21bSmWnNFj8Ch9Cp
in_1GN9DSMAXMPMfjWQBx5zFMOs,1DTVFZ7N-0001,cus_jXSM2UYgujEL9y,sub_1eHd7ShMmGNOVHEpXHZfQKsU,paid,subscription_create,charge_automatically,eur,59900,0,59900,59900,59900,0,1,1769138741,,1769138741,1769138741,1784777141,pi_3PHxurYL2v5FJ6jgArx5WPkn,ch_3wQU5r1Iy4jewtIrllAJoQ0J
in_10hUgXm9mIQ3aztfpVI8hayi,KP257BGQ-0001,cus_32QCBdrG4rSyn5,sub_1wNga2mp7hpHbMvz0WVUh8i4,paid,subscription_create,charge_automatically,eur,59900,0,59900,59900,59900,0,1,1769147652,,1769147652,1769147652,1784786052,pi_3HGN8jnMX4ytVhAT27E6Nc55,ch_36kDygDVqc1BM4htJK52Vjkl
in_18r7YUT9Tav3aZAoecWqj3yi,OLGHZD1D-0001,cus_I3H7QD1FKiOfZT,sub_1OjkKLeBXQj1VdhpopcRvZxH,paid,subscription_create,charge_automatically,eur,100000,0,100000,100000,100000,0,1,1769163078,,1769163078,1769163078,1800699078,pi_3MBg4w5xaeCzu1EL0aXQlDw9,ch_3qEY4zlDGi0rierZiwKaoDHz
in_1RnYdPGyuL77WJ5BlLBECnKC,7M74Z7CX-0001,cus_AxqMRieNNU6IgD,sub_1q3hk8kid6IcislJrMOnHu0f,paid,subscription_create,charge_automatically,eur,100000,0,100000,100000,100000,0,1,1769178710,,1769178710,1769178710,1800714710,pi_3D1U7KILgJTQOznyxUocN4sU,ch_3svaEZlE19ecgSntXN9WhiMc
in_14xtydBpebU2KbYIUuT6EgeH,97T4VCNG-0001,cus_71kNFAcpAzt9yU,sub_1N2yWlgmuyITXGkV8AcAXlcX,paid,subscription_create,charge_automatically,eur,59900,0,59900,59900,59900,0,1,1769186903,,1769186903,1769186903,1784825303,pi_30rCMQEoQxGh2MPWAwEOBsRr,ch_300eFJSSQvOAHs8cH1eZio3X
in_1Zee5Ln7z7GDbEl8RRENbIyF,XD3USY2S-0003,cus_9VoeOJ5mLGdxnL,sub_1sGAvTekbrqo3DeQbWyOnGYH,paid,subscription_cycle,send_invoice,eur,200000,0,200000,200000,200000,0,1,1769193466,1770403066,1770171346,1769193466,1800729466,pi_3zPrRDy5XjixOocWPtkJYoFB,py_3BkIZx3oEiv3pnghSDWuNGRu
in_1UwClBE2eUSEJZtS9clwHX11,RIOGXVW1-0003,cus_OArGspOjZTmeLY,sub_1TnRdgGWfADpMRe7KqJtOq5y,paid,subscription_cycle,charge_automatically,eur,100000,0,100000,100000,100000,0,1,1769338757,,1769338757,1769338757,1800874757,pi_39fxnBda3ruLTuP7uu6Pzqou,ch_3wkNLZc0iFQ0RnLpfFs1fzap
in_1bjsqLPKyrqv66lu1b5HmOgM,5TWRHAQD-0001,cus_BvA9NytdbfxOvo,sub_185oqDdTUPY5UZkm6jlnh6VA,paid,subscription_create,charge_automatically,eur,100000,0,100000,100000,100000,0,1,1769343692,,1769343692,1769343692,1800879692,pi_373YFh134Br8Vq2cS0l6gC1C,ch_3vbuadNFyDXwcgVc2EmJsv4J
in_1YGeEShv1Ue214Rn4wbvSCUo,TO57Q7WC-0004,cus_3hnavgEzznXJmI,sub_19aF4gGeNKG1JVx0pF7U9VJs,paid,subscription_cycle,charge_automatically,eur,100000,0,100000,100000,100000,0,1,1769346006,,1769346006,1769346006,1800882006,pi_3Dx8kYBlCBpyrELslfxECJ48,ch_3sSeNE4vZ9WtHMhRiiPv8VVG
in_1eOnYragwGfLRjnzMHZOLHFj,3C7YV2J0-0001,cus_OGTEWyl9Ozj3ci,sub_1qwBnWgsn3MQsjoeVkjq0vrt,paid,subscription_create,charge_automatically,eur,100000,0,100000,100000,100000,0,1,1769431356,,1769431356,1769431356,1800967356,pi_3hPQfh4yUxYddZiqaH8YeaLp,ch_3fmWirRMrGzn2NIU7VdD2Qi8
in_1uuPELNeiuqeNxUhlwguJPPm,NQ7CXJQN-0001,cus_UBNTR0TGWWmuYm,sub_1qChV11MxqJOeTZ8NgZ7pd0l,paid,subscription_create,charge_automatically,eur,500000,0,500000,500000,500000,0,1,1769540040,,1769540040,1769540040,1801076040,pi_3KbJGKeQSDCt8AOECFbwuYOA,ch_30QKSGQpmEZEtZVieAX6Jeqa
in_12yyTzjXwWOIKjsVBDusXDj2,XDHXEURG-0001,cus_E8wSG4aqftRhYj,sub_1PKlpa3HDQIDofnyyqlxYX3R,paid,subscription_create,charge_automatically,eur,59900,0,59900,59900,59900,0,1,1769610910,,1769610910,1769610910,1785249310,pi_3bg49EZlN3JGNP4BygygK2bD,ch_3zXkpi1S2TdysxnVMuNzbMyk
in_1LNZP2rucwoF5XwOqmWRBw3s,A4S2YIKJ-0001,cus_UH5yHnWnYugNPB,sub_1lzjWO7p9tcW54emn3MVBC1Y,paid,subscription_create,charge_automatically,eur,59900,0,59900,59900,59900,0,1,1769699252,,1769699252,1769699252,1785337652,pi_3OaZqwydBW3iKcVxkSJAqmpq,ch_3XEeKtFHmrYuwtWIFJha0fqj
in_1t4FlJiF4vtciHXbbIRYota8,MVJI3525-0001,cus_jFwbnGwmcTsAGX,sub_1NCOkwOz5DLA5xtJzlef6IYC,paid,subscription_create,charge_automatically,eur,59900,0,59900,59900,59900,0,1,1769767078,,1769767078,1769767078,1785405478,pi_3HOAOlDPS1L7HoO6fgGuVSaI,ch_3phknyHaCwhEPkwwvBTHm9jV
in_1dPmcn50atR6JBTzVj0J0FNl,MAGV39RS-0001,cus_gTv1Qs8GDWrUXY,sub_1IpamKLxpyC0P18VZYMhkAY1,paid,subscription_create,charge_automatically,eur,100000,0,100000,100000,100000,0,1,1769785943,,1769785943,1769785943,1801321943,pi_3ItUevpCBhHVAGXSALXb14Sp,ch_3xNslYWezRwFWoNvza80gIVD
in_17jZG08XzwCNvzyEim3ufQZa,K4J5XRCD-0001,cus_oZ5Olc3ImgPFox,sub_1zvM9cNtQmUFh1iuC8R3vXtq,paid,subscription_create,charge_automatically,eur,100000,0,100000,100000,100000,0,1,1769787426,,1769787426,1769787426,1801323426,pi_3BEtxqRQrEiW1bkCcGEyHsBd,ch_3f1D5kIFb15XEzRFLLl13xSR
in_1FDUJEkF4YhLOjGaNNyOfHac,GAK38QGR-0002,cus_RGyvcBX5gfM59s,sub_1KNTONhbK0Ah8INYDt05II8P,paid,subscription_cycle,charge_automatically,eur,59900,0,59900,59900,59900,0,1,1769890296,,1769890296,1769890296,1785528696,pi_3ZBFtSCcHF3qyIYoJCvVuskT,ch_3d9mwgJKMSkUwOlJEugKYwCJ
in_1fh6RkskBWqwNM0YhlWahfyE,9VSM2Z4T-0003,cus_XcrKgHWgNHKgc0,sub_17WDOkcLGKa5pa8QXgSUqk4j,paid,subscription_cycle,charge_automatically,eur,100000,0,100000,100000,100000,0,1,1769929159,,1769929159,1769929159,1801465159,pi_3xsumVXa0Yh6Jc11UbTIYHAO,ch_39jCTlhYIyl9uxG8cnKQqGxE
in_1m28BTOOCJDlkuO7MJzmYWGG,9TS09U36-0003,cus_TkE255FYttstSv,sub_1IDBVVeYImf9O5DKC8IroFIY,paid,subscription_cycle,charge_automatically,eur,200000,0,200000,200000,200000,0,1,1769964622,,1769964622,1769964622,1801500622,pi_3UfjP4DQxGilQbHMfW3nsPxN,ch_3DcT634Q0ApVTdFOJMKLxwb7
in_1G8RagHFFokejL7LH2f6ojXL,LL0H9GOT-0004,cus_MaFFhiJGUrhYAn,sub_1LSNGhJaDFzivPdOH455atyR,paid,subscription_cycle,charge_automatically,eur,100000,0,100000,100000,100000,0,1,1769970101,,1769970101,1769970101,1801506101,pi_3ljEZk18SIKShiXf6loBUjMA,ch_3mK6tsL7coyIyNWqWT5Hblr3
in_19KpvUtnYcJMstmCtkuTczV8,33UPQC12-0003,cus_jBJwYsKMZBZS07,sub_1aG63PPk1XK2KdYw0LAOp8jk,paid,subscription_cycle,charge_automatically,eur,100000,0,100000,100000,100000,0,1,1769973654,,1769973654,1769973654,1801509654,pi_3gEEapFvNEUZhsXPsXsEKEyK,ch_3QhEc1eUvH3Hfir4aHsyJCp6
in_1aiuC12ZDfFFH0Y9gqkJYZeb,YY5XIQE5-0001,cus_x6lL87MUgJcWll,sub_1WvEFoF8O1zjbpmlKB41B6CS,paid,subscription_create,charge_automatically,eur,100000,0,100000,100000,100000,0,2,1770008243,,1770008745,1770008243,1801544243,pi_3L40czvaPboPBpZrexIUnDlM,ch_3XGKmOE7LyetgfSvdfsH0PJI
in_1GQu89bHrSQiSkiiBPXZ8aXg,2ZDV05H9-0001,cus_Cm0vuPzgPMs8TK,sub_1Avuy76k4c1QwXyGQMRibFUl,paid,subscription_create,charge_automatically,eur,59900,0,59900,59900,59900,0,1,1770043160,,1770043160,1770043160,1785681560,pi_3DpEoTpo6ASnOTxOYucpXlZI,ch_3knZKEw8RMbVvP5Gf2xMObd3
in_1BcupOrmfue1GGRt7cbnLDlK,QHC8MMCC-0001,cus_OSzrxce5rm12xW,sub_1weETxm6chpcAXATz3cOevdP,paid,subscription_create,charge_automatically,eur,100000,0,100000,100000,100000,0,1,1770054350,,1770054350,1770054350,1801590350,pi_3wWqu9qqbQF5QUPnchKYjTUu,ch_3oqBBHsbwHgDebmF4sqpv6jH
in_1XIFP0ifcZ3zcznD0xRd15ar,0M1GW76F-0001,cus_li2xXTPaZJ9k8U,sub_1YfSMdCJEQQUbjTi4uXF7Z5b,paid,subscription_create,charge_automatically,eur,100000,0,100000,100000,100000,0,1,1770119921,,1770119921,1770119921,1801655921,pi_3luHJffb6wljm1UWMMzomBs7,ch_3m6VyETA2JQazN7X7fstPuH2
in_1N4P53sZbPjc7plOtcHAktE0,W80WZ9EM-0002,cus_10GCtv5YywubYo,sub_1y1uVl6mJayy3VGpqVOl5qSh,paid,subscription_cycle,charge_automatically,eur,100000,0,100000,100000,100000,0,1,1770122512,,1770122512,1770122512,1801658512,pi_3V7hI3LyK48ODR3qZMLkKFh9,ch_3yJVrBjFYaXuhpLiecc8c5Pa
in_1sZZX5WbB08xeqnwwHECr9Sa,E6C1LUZ1-0001,cus_RhaE4PtShWRGSs,sub_1p9tS3Q6g1GIIEh9WPlOwnk1,paid,subscription_create,send_invoice,eur,200000,0,200000,200000,200000,0,1,1770199270,1771408870,1770821050,1770199270,1801735270,pi_3o8OPqDqBhW5BPrDYSTSTbG4,py_3DbBIfhIOFzwx2f2EA9OjpvU
in_1JIU03IMiyy5P7B9ndpJQvpW,ESHWON4R-0002,cus_VLKKsdBCGKfqpk,sub_1TX9pl1wvGLIlldZWrneOS4z,paid,subscription_cycle,send_invoice,eur,300000,0,300000,300000,300000,0,1,1770285015,1771494615,1771434375,1770285015,1801821015,pi_3lloHnVh60gWZCv2mL4DaWdv,py_3D9E29i0NbxaAOMwEjQ6UZ0w
in_1fKZJ8Npe9DhQuHw10cfZ1zy,N5WADNZC-0002,cus_74uEZfJNNr0SR3,sub_19RlF2bYX9CCpdjwnSrJZjp2,paid,subscription_cycle,charge_automatically,eur,100000,0,100000,100000,100000,0,1,1770286604,,1770286604,1770286604,1801822604,pi_3D28EsZyJzdTNGHXaeptB403,ch_3BclcffWKanxm8ojQAXOPqZk
in_1cte1wbdfSw9BwTfarK48B92,YD6XX3B9-0001,cus_7R7z3JNp2NWLjk,sub_1Ej1ZDqIkr00habP9TsnbTqy,paid,subscription_create,charge_automatically,eur,200000,0,200000,200000,200000,0,1,1770300792,,1770300792,1770300792,1801836792,pi_3ZjxBU2JfZvaFV1IBIuV1uf8,ch_3kSCEbJNRSBZj1GfXx9MqgyN
in_1d6KVbkkVLDfGwpk8kwMltlg,AUCITJ1L-0001,cus_EESOySQ57QOnLj,sub_1NmzPO6nL1p8oOErZGjCRiLv,paid,subscription_create,charge_automatically,eur,59900,0,59900,59900,59900,0,1,1770314537,,1770314537,1770314537,1785952937,pi_3sJUEVk97qNgZADp6wCYeOgP,ch_3vj94OGfUl1y1RYzFFZTn3z2
in_1oGJsUwcxnbFrpygYwFHb4wn,LP9RE361-0002,cus_vPVL8xbJQ6GliE,sub_184RAIWJRfwHDdjLwcBYYCWM,paid,subscription_cycle,charge_automatically,eur,100000,0,100000,100000,100000,0,2,1770386011,,1770647971,1770386011,1801922011,pi_30DgRE9WXiYQkEkSmJE2dyfx,ch_3a6R3Mm5fafw7oVzRYkVyXEc
in_1693XLbs0BdEKnWHuUrIixIb,T47XC64P-0002,cus_c2PY1FJiZQCDl5,sub_1fsxABZOYFIiWFNWVcNSln6X,paid,subscription_cycle,charge_automatically,eur,100000,0,100000,100000,100000,0,1,1770389144,,1770389144,1770389144,1801925144,pi_3vAHbpdesHaspHkE4F6SWnso,ch_3iLpPxdwIj0srSPNwjJgXUmk
in_1NUHis4rJFl7O9hmCPYK4Zxl,41B02FEV-0002,cus_nYzzRvcHcmdyYL,sub_1WzFiEdqfIqUFS7DlVjoHaLK,paid,subscription_cycle,charge_automatically,eur,100000,0,100000,100000,100000,0,1,1770391085,,1770391085,1770391085,1801927085,pi_37yb1GzkGQgkRFW0pbNZTmUx,ch_3RRXSqB81CZ0RnoNLaFtSGYD
in_1ZamBwxibRxq1NimLDdHYQgd,OUA180WC-0004,cus_SqVxmdToZhmNdY,sub_12gZoZwc7XA1tSGBiHXVKs6N,paid,subscription_cycle,charge_automatically,eur,100000,0,100000,100000,100000,0,1,1770409867,,1770409867,1770409867,1801945867,pi_3yB6MomuV89dVQTYTvxt4mN4,ch_3d3QOFKrsV5amT1tqdtUalRf
in_1zucR8ob9dNI60yRXEpfX6LH,R2YNZ56X-0002,cus_pVANBA2pFzW3Hi,sub_1V5MpMOJg6cIEuOjk4QOjJtk,paid,subscription_cycle,send_invoice,eur,300000,0,300000,300000,300000,0,1,1770456096,1773048096,1771753236,1770456096,1801992096,pi_3P0t2XLXsq4XS4UDfYDyrTXe,py_30SOseMqDKG8Ckbb4vnB7fRE
in_1TyFLVcXIaqmy6G5utMh2Zsw,L64AHF0H-0004,cus_7TobQsN2ZkkZVf,sub_1zEMCqW5cOC86J508bT6huZU,paid,subscription_cycle,charge_automatically,eur,100000,0,100000,100000,100000,0,1,1770547061,,1770547061,1770547061,1802083061,pi_3vhDFsdRh2oC3QhWZL0XWf7d,ch_3OKPDSwtjOttG2XgzJTmIffQ
in_1vu2l9VbPKZWQfMdUciwMoAR,WIZX5MIV-0003,cus_2lFNbbzwwAhCKH,sub_1Ceg3DLRefwo7bSYqMwSWJ4n,paid,subscription_cycle,charge_automatically,eur,100000,0,100000,100000,100000,0,2,1770562912,,1770827332,1770562912,1802098912,pi_34C6zjWJVIKMpZtRbGFbj0AX,ch_3aRGlplGBu3mVW6Nzc3WHLya
in_1tZfNh1oS4UNeAfAwJfYNq3y,PQXTOV7N-0002,cus_sSvXzFCoDvrOrO,sub_1u5wHvgnyBxKQ4Ms22bTxPqZ,paid,subscription_cycle,charge_automatically,eur,100000,0,100000,100000,100000,0,1,1770618078,,1770618078,1770618078,1802154078,pi_3W8JIBLU2v4dg13cl0GdvneJ,ch_3N9A1jpXc0lIqGqT9OwQGqar
in_1FfbSSl5cobtNN74BZPqF3GY,PD1CAKXR-0001,cus_ocWShQZADLMHGm,sub_1CeaQHdDGtGPyk4aMgi0aj3j,paid,subscription_create,charge_automatically,eur,100000,0,100000,100000,100000,0,1,1770623179,,1770623179,1770623179,1802159179,pi_3YikogXxMe0fr2TKM7udkHHa,ch_352fKgSPBSKmE1GDtrvSkXWz
in_1JFHhiF3JH4AiBaffmSKICX2,LRGGKH78-0001,cus_R4MpfOZ5e77ZCZ,sub_1gAU1VVsnqL35SPVi46QIlUC,paid,subscription_create,charge_automatically,eur,100000,0,100000,100000,100000,0,1,1770640572,,1770640572,1770640572,1802176572,pi_3cpk79eboe0GSI0Xl7VaepV6,ch_3GQSQZyIsu8Ip1GuddtajXsE
in_1rZP6KANyeaTXhNpUnkoLgcd,Q3IZYFRN-0002,cus_riyMHk3IYSeGDB,sub_1KCmy8I7HJxpSwrCA5g8ZVk9,paid,subscription_cycle,charge_automatically,eur,300000,0,300000,300000,300000,0,1,1770658247,,1770658247,1770658247,1802194247,pi_3on4kRygRvu9oV1WlokwoJA9,ch_3MvZqM4BXa0y5NOIS39Xyv75
in_1ysg8xKCSteLp1N0pdcLKvOh,WP2R6A54-0001,cus_66C8HT2xv1orxG,sub_1pir0Jlybk8uyPxJRMk14qUM,paid,subscription_create,charge_automatically,eur,200000,0,200000,200000,200000,0,1,1770666310,,1770666310,1770666310,1802202310,pi_3JFe38Ch4ys74BjJYe45VSV9,ch_32SvmuSWRjmu5XXOTk2R1fBW
in_1BLQgZ7IThUAZTVyrojgAlWn,J9GWO0DZ-0002,cus_g3JwUYPAt9hPho,sub_198yWGsFyb74nQqLvNyzXxoW,paid,subscription_cycle,charge_automatically,eur,300000,0,300000,300000,300000,0,1,1770686525,,1770686525,1770686525,1802222525,pi_3KZGPDuQnlnwDNovvLevtDZY,ch_3qJHsIUqKmzGJodqS3DrX028
in_1E5VEx2wibNHFL0TrNyBK53L,AYQAB6PX-0004,cus_KCbjtLunomz9qn,sub_1QKr0OykUcy0ElIimqAvNlM0,paid,subscription_cycle,charge_automatically,eur,200000,0,200000,200000,200000,0,1,1770731445,,1770731445,1770731445,1802267445,pi_3XOdXmnvAqoBNmrXXj6LpP78,ch_3HvoGYwTyWSEXLnvsG97iZDy
in_13XN11QyYnqOSUHeoQLulaRB,SP8TTK50-0002,cus_Wy0n44wpOvyZ0k,sub_10DS1rCvt7L4aKpWzMBDimli,paid,subscription_cycle,charge_automatically,eur,200000,0,200000,200000,200000,0,1,1770773318,,1770773318,1770773318,1802309318,pi_3uUdtEc2H6OzNz7mdfNk09zu,ch_3t6G6VsrzP2dEXgTwPSJES63
in_1nPP3ILv9Mt5dAkkUcCzhJZN,0XL5GATQ-0001,cus_RzDtyRhQrjVssh,sub_1Q24LjMrWyTEExhVJGjigzid,paid,subscription_create,charge_automatically,eur,59900,0,59900,59900,59900,0,1,1770810826,,1770810826,1770810826,1786449226,pi_3yRjsC4CISnB8HhbU03Qf2Ta,ch_3BC43Wazz4qs1uPDV8dJbOt0
in_1bDEhK2nst9AY6zbtbJzQlvF,Y3XAGLJA-0001,cus_iZfSv9kmX5zoi7,sub_1SN9UfFnnWCfz8PgQJa4hqQB,paid,subscription_create,charge_automatically,eur,59900,0,59900,59900,59900,0,1,1770811186,,1770811186,1770811186,1786449586,pi_3AR0k2AlhsqgJgDwukNC4qIZ,ch_3kn5v3iDSyPr3z2W7NaevBJS
in_15Vg7n103xloNRXgrJwauXZ1,XMNJAAVY-0001,cus_fiQ4z6rLflbyj3,sub_1oZcXKnh8kjBQcmZFVcX39ce,paid,subscription_create,send_invoice,eur,200000,0,200000,200000,200000,0,1,1770821207,1773413207,1771616747,1770821207,1802357207,pi_3hJ1Qh9hBffvDSZCbiI5q3Kz,py_3oaiFX1BO1IySQcmvXSWZmiO
in_1S7R68kBFpDMv4EHyTnwMZgE,8OD2SA9T-0002,cus_hKemRKPv0a4D3P,sub_1BAkiBhHYijckA0QP2a2v6GV,paid,subscription_cycle,charge_automatically,eur,100000,0,100000,100000,100000,0,1,1770881189,,1770881189,1770881189,1802417189,pi_3rpMl7HWBb9E9QAS9Z7wwHV6,ch_3Nbfh6sqv8mLTp5OZVGAoDgX
in_1OWY8PCCTIWJc2Ow8PBFVuuX,CJ6CTUY4-0003,cus_URxvlvfu0DCHiq,sub_1xQ99GnWIFAvEGTBgLEXGxOO,paid,subscription_cycle,send_invoice,eur,300000,0,300000,300000,300000,0,1,1770900075,1773492075,1772483595,1770900075,1802436075,pi_3gRAcU4ctZGcSvr1Zog1vB0l,py_30kDGVNLpzz2PjBVAsMs1LOI
in_1bdm6yCcZnyq0yqoIb0mTOoo,0R2IKFFJ-0002,cus_K92tDNmbl8ZdgP,sub_1nnOloQC01PxcvoLbG4A87me,paid,subscription_cycle,send_invoice,eur,200000,0,200000,200000,200000,0,1,1770903542,1773495542,1772718242,1770903542,1802439542,pi_3fiLpTEXr9HlVnmjEmITpRXO,py_3OrXf1FUMPSzpvjYp8bRxDbV
in_1VnfHbwXtXNzQf1nsPUehk8u,AOPI9Y6X-0003,cus_kslnBARXz391rf,sub_1vfomFUXjGV96CQmaRifG6RW,paid,subscription_cycle,charge_automatically,eur,59900,0,59900,59900,59900,0,1,1770905860,,1770905860,1770905860,1786544260,pi_3lD5Idtq5CO1axuTIbWTLyqh,ch_3SPpQzV5hIZnIaCMZ942sDmM
in_1VmQPQHo24GjgGSqmXWRpmcm,UOKA94WG-0001,cus_KsovHvvIdBU4l0,sub_1Hh2atMwLvjOG3M2d9Xo4Lk7,paid,subscription_create,charge_automatically,eur,59900,0,59900,59900,59900,0,1,1770908936,,1770908936,1770908936,1786547336,pi_3g6xtW4bLcW0Aaaevr06ApL8,ch_3KHdtsIIpP877AAKQfkCkxRX
in_1BEWvKTIhtfFlP4QfdMopPyI,ETE1SVMO-0002,cus_tUWKGRj6rXnX43,sub_1DvWPkvBLhKag5Fo6yQkgaPD,paid,subscription_cycle,charge_automatically,eur,59900,0,59900,59900,59900,0,1,1770981781,,1770981781,1770981781,1786620181,pi_3Viqwn3gsM49ZZg1ASj9iZkR,ch_3RNftEcD6787FWkZBUTeTfjK
in_1oX1qEJem8508bziQ5CPwrdG,44KR2A7L-0003,cus_tbUgXrQBgkg7sY,sub_1nX9UMlyO0aI0Ly89aFwzqYj,paid,subscription_cycle,charge_automatically,eur,100000,0,100000,100000,100000,0,1,1770981856,,1770981856,1770981856,1802517856,pi_3KKrXkZmaczSG46LK1y52PfA,ch_34jrVBIzjYEIotGzsxnDXSDM
in_1xtifvkBTzGcsysAX6HvJCcG,JPANHN64-0003,cus_u79OzXANnqiUxM,sub_1nafar1f7v9pTQrliIQoT7oc,paid,subscription_cycle,charge_automatically,eur,119800,0,119800,119800,119800,0,1,1770989379,,1770989379,1770989379,1786627779,pi_3mNva6EZdc5DrPISyTGCWenQ,ch_3DDaCvoLupFVoIvjjudlSk98
in_1HCrXK3NpCSbK7VoKdjLZrdG,79YCQ9SX-0003,cus_LAHgZGfggAGnPG,sub_1zDDEeJxjp18R5duH2P3eKWO,paid,subscription_cycle,charge_automatically,eur,100000,0,100000,100000,100000,0,1,1770994843,,1770994843,1770994843,1802530843,pi_38ika6E6KYXWY0Gq1cah6r7W,ch_3lrqUz7wZP85hodydGBuxBH1
in_15Q66mV2Od9UggOEY7eC4kHB,4TRXE601-0002,cus_OO4yif9Hjp6x4J,sub_1PYuKCZDGmoEm0MiCtQMaqwb,paid,subscription_cycle,send_invoice,eur,200000,0,200000,200000,200000,0,1,1771004652,1772214252,1771801512,1771004652,1802540652,pi_3NJ3A2fBBipDftK3xPPSYC26,py_3w28JfEWCxVYX9HfrOyi1Scs
in_1rQs0vyQUvQrimFRS3KWd8dg,UZN64FBT-0002,cus_1k8lknUvS2RWxd,sub_1EZFxHB6hdpE0lZkOpq3oANC,paid,subscription_cycle,charge_automatically,eur,200000,0,200000,200000,200000,0,1,1771007849,,1771007849,1771007849,1802543849,pi_3aE9BKjQ4ZK7ahAy9Tm1pURT,ch_3zGU7A3pp3zP1bCqTS23IkO1
in_1vnB7Svz9He7MIsVdGh73iDO,YXFH2GWN-0002,cus_wn6jFRdAgsBXgr,sub_1HxBnbifQMRleGPIBRNGeXVS,paid,subscription_cycle,charge_automatically,eur,100000,0,100000,100000,100000,0,1,1771057784,,1771057784,1771057784,1802593784,pi_3cOJhOCROoX7Rl2UijpHFXil,ch_3oYrpnR7IgIIVBE53z1y0uOh
in_16BMsPvFAxzNVoGwnJWu9iCw,R3LT9QGN-0001,cus_8D3cFGMVtUsdlb,sub_1NTg9e77NmrofQeMsJn44vnG,paid,subscription_create,charge_automatically,eur,59900,0,59900,59900,59900,0,1,1771061315,,1771061315,1771061315,1786699715,pi_32ilx7AIlsyrYybB9qYiyhg8,ch_3CDJFeHNqvWIhyr1x6hRZ6p6
in_1dp0jRq6VGYfHREqQMyV4h5Z,BA2Y7WQE-0001,cus_Z7hDi0pBC6ngIi,sub_1llhXwu245IY4F2CyaMbrXai,paid,subscription_create,charge_automatically,eur,100000,0,100000,100000,100000,0,1,1771160622,,1771160622,1771160622,1802696622,pi_3a63t9oDmBG1NqZiIcnZicL3,ch_39Ni6EsoiOb3EAK7EdOdGds2
in_18Az6MsqQvtZfEqekqQCTrhf,VRG4WMNG-0003,cus_gGic4pb5uttKzo,sub_1xQzg53yn0nHhKsfNbnL3BD0,paid,subscription_cycle,charge_automatically,eur,59900,0,59900,59900,59900,0,1,1771162386,,1771162386,1771162386,1786800786,pi_3WzUhILMw6vpCYvOgmDB8oFv,ch_39XEpPHBOqYeBLdLUeRzwV0x
in_1kFwfTUc9tatWipIQ9qolRvx,DO536WDP-0001,cus_yOWpiOEZvPbUqJ,sub_1VfiqWQQir41yJBDFcBpO0SU,paid,subscription_create,send_invoice,eur,9500000,0,9500000,9500000,9500000,0,1,1771242528,1773834528,1773335328,1771242528,1802778528,pi_3IiTEblwtXytEBqJHxZm6MWc,py_3M6CbRB7fjQlIZ69GBqGlz7P
in_1qbqpL3qUlq6XpNkiXTsb0gu,SJJHL859-0001,cus_ZFF6XlihpQmxBd,sub_1PqbxllMS3Gg059ZIkB6LPKJ,paid,subscription_create,charge_automatically,eur,59900,0,59900,59900,59900,0,1,1771246183,,1771246183,1771246183,1786884583,pi_3bSIMJYQ1xzwTNnFcBimc4hs,ch_3MlQLLWEE69lEEP7pQ0ZatcU
in_1IPoqf7bB5JiwCJkMoberCd7,9YOVBKSL-0003,cus_pQczzSw43rpwXe,sub_1MaQS8Sh1Ev7xmApvwFLuFBw,paid,subscription_cycle,charge_automatically,eur,200000,0,200000,200000,200000,0,1,1771248729,,1771248729,1771248729,1802784729,pi_3tbfUXnolyRb98xmyKFSgWYb,ch_3P2s7axLbYLtwErOwoHqm5yp
in_1XBY1nCJX9TtrGDn0UbtEH7N,QSSPZHED-0006,cus_09vgUl8qp0SniN,sub_1loUu1zvLiCO5R6DVoDhV9gr,paid,subscription_cycle,charge_automatically,eur,119800,0,119800,119800,119800,0,1,1771250317,,1771250317,1771250317,1786888717,pi_3rCcm1gmTxHYoiV7PYmImMfW,ch_3RYPphYZ0FzRQ4F5k32q4Tkx
in_1RTYFl2kOxheovZ9I0lEcjPX,9IY1L42U-0001,cus_8reUPmFJAH3cun,sub_16Qc5iSZkp92UaBk1XAwk0Ye,paid,subscription_create,send_invoice,eur,500000,0,500000,500000,500000,0,1,1771259995,1773851995,1772989615,1771259995,1802795995,pi_3EG2nFLuyoQiVImyvapIrRBt,py_3juXwdbpk5VA0ev3cSiZtEnL
in_1VwmxU5dFQHp9izxDqJFHNww,T002A57R-0005,cus_x6L4ETzEZc542A,sub_1OXQFoYq5aAXnk6dLyEf0zej,paid,subscription_cycle,charge_automatically,eur,100000,0,100000,100000,100000,0,1,1771284885,,1771284885,1771284885,1802820885,pi_31E0KYEbEt9Z0jxffY1Lh7hW,ch_3O0xeuTWOL2zFXOO7wxcftlf
in_1QSrvjqjVZJcC9tCRDWwPaGP,TXI4FBO5-0001,cus_HYsWeppPG2usXX,sub_1AqaVCp9FHbIbHQzkvFfUJ2D,paid,subscription_create,send_invoice,eur,200000,0,200000,200000,200000,0,1,1771286335,1772495935,1771908715,1771286335,1802822335,pi_3pykcicW3x7skKN0UUk1IVjq,py_3G806tLGOdO5cJIQn6sh2BTd
in_1nsdtWXMNTqnRTBEjAwcrWGc,ABK2LSZE-0001,cus_OilCcpUZdwgMWL,sub_14JCQzJZusbxtNmKU5LtD70j,paid,subscription_create,charge_automatically,eur,100000,0,100000,100000,100000,0,1,1771306682,,1771306682,1771306682,1802842682,pi_3q3NxfWhH2pogBq6FeQK9bvz,ch_3j5MKaZHnRrad1k7L3gD6sCD
in_18BW3oeM0bKq3adQNN6Mw4na,4GKYVXW8-0002,cus_uHk4XJo5OkcwyT,sub_1A71KxQQ3YzUqjDsIEGKLwMr,paid,subscription_cycle,charge_automatically,eur,100000,0,100000,100000,100000,0,1,1771433343,,1771433343,1771433343,1802969343,pi_3aa7RYQhpKBopFuaskFjCYwB,ch_3YsMJMLNmUMHjFWB81DdYh7i
in_1W5XOOz5EgvOe1Yq2gv5hfRc,18A8V78E-0005,cus_XNsr0uL3YXDPox,sub_1p0GPnir0jkYwAbdkFO48dAH,paid,subscription_cycle,charge_automatically,eur,59900,0,59900,59900,59900,0,2,1771513009,,1771774369,1771513009,1787151409,pi_3nrxpjZ2D9DqVcVkNMsPWMaa,ch_317WW0ugy03hAqo3PKMA10Ad
in_1qwgfCO2lniFFJM6a5qmF8Wg,U5AXKH8E-0001,cus_C6VmhnH5SoDKXz,sub_1srLUfYPrb4WlqMFO6xJQcnb,paid,subscription_create,charge_automatically,eur,59900,0,59900,59900,59900,0,1,1771519939,,1771519939,1771519939,1787158339,pi_3mFJLbvEC4WpsJVleLFNwH1K,ch_368jdpNqovpZEc0C2ez1apIb
in_1yjW6Ab8Noi5XUEYApHvCiOW,PTJK0X2H-0001,cus_2VPWVQdtbYXyoQ,sub_1ikM7hCYoN5sHwam3MCMBzvl,paid,subscription_create,charge_automatically,eur,59900,0,59900,59900,59900,0,1,1771520086,,1771520086,1771520086,1787158486,pi_3S4jBL0aGlkEFgRRwXFKph8n,ch_3cqI8zWSU9XTogzzzANeqCBe
in_17RbIyb373GSYM6UMFJ41BZh,QJ6N39WA-0002,cus_H6EwxAXAsh1cgT,sub_1X2FMlJofiF3Nj5sg2a3e9W3,paid,subscription_cycle,charge_automatically,eur,59900,0,59900,59900,59900,0,1,1771565211,,1771565211,1771565211,1787203611,pi_3Q1Xa9XsLLKGzy7tA4huDmJl,ch_30MbgmqGE3eplo03941golhU
in_1URnqQHwWms7tTlanZK8tLOq,2ISU0Z3I-0003,cus_qvwQR6muQzC0Pz,sub_1LJtEobOJpCqWCrx39JNejqd,paid,subscription_cycle,charge_automatically,eur,100000,0,100000,100000,100000,0,1,1771569974,,1771569974,1771569974,1803105974,pi_3koltccbOj12nZ3QsrPETJhQ,ch_3msHxZYBCOl6EySlCNlM5cqA
in_1Po8inDeylCCPy6OP3ta9EGx,RFOJTPNR-0001,cus_LSsLf8Bkzqt7yF,sub_1jVbNODVHfQSMJq1n2Li38hq,paid,subscription_create,charge_automatically,eur,100000,0,100000,100000,100000,0,1,1771598613,,1771598613,1771598613,1803134613,pi_3KpwqBd9kYe2Dy5KMQ4LMxZJ,ch_3ADVDsUg0Hcspm39pOsxALIb
in_159n4cWetdI0LI2iveU0lEW7,OHC2D4FS-0003,cus_73v5xemaMOy3US,sub_1kIHLMSU0LOAVPUowfuR8AOl,paid,subscription_cycle,charge_automatically,eur,200000,0,200000,200000,200000,0,1,1771612716,,1771612716,1771612716,1803148716,pi_3hPHbCd818qRyhVF2B1fjLD6,ch_3O8HdZpK4VIgTnJRdNwDClei
in_1wtBYwiWu38z52J4CkvhVfVe,1N8D737A-0001,cus_mMHUid3k1Ql3NM,sub_11q6gQuh4dZX4sx0vtShbeDQ,paid,subscription_create,charge_automatically,eur,500000,0,500000,500000,500000,0,1,1771657010,,1771657010,1771657010,1803193010,pi_3NyOg16T4JtNc4teNhBUgh4Q,ch_3GlfENtusLnKoYQv0I00vBht
in_1omAjweXRjDPl4TrfwJAxNp5,8LY223XX-0001,cus_wnZLAoxy7H76VU,sub_1rlmIauyO5Joj2sNL5ZonjFO,paid,subscription_create,charge_automatically,eur,119800,0,119800,119800,119800,0,1,1771701157,,1771701157,1771701157,1787339557,pi_3oGFkRr7MG4xGTwmRVV2bJga,ch_3a2HnVrBQJ0EEGSwOXYb49rw
in_1GE4C3qxgNZmqFxCiTawaTWR,RVGQKWDY-0002,cus_Lz9qpJsVKng0lU,sub_1aVxbsz7adLAy6Jh7CqQ6ys7,paid,subscription_cycle,charge_automatically,eur,200000,0,200000,200000,200000,0,1,1771786023,,1771786023,1771786023,1803322023,pi_3MJbLee7dY3GMP9vJqcyJpQN,ch_3AQSiDTqqS2jxiU860DHW5bZ
in_1VZfOgcngilEqIZHnIt4spOT,YDKXWASG-0001,cus_kgusPGOFSAPPRu,sub_1ZjBK1rOqr3kMCm3mljNlda2,paid,subscription_create,charge_automatically,eur,100000,0,100000,100000,100000,0,1,1771840177,,1771840177,1771840177,1803376177,pi_3Cmcth0Np7CTkU8Hm81j4vXb,ch_3vepEQHeD6Aj3o9Bb1GH71sK
in_1JFlNDUEgwPRJUNoba5mqu5u,B4OZGXRQ-0001,cus_9TBrMIa4UyRn42,sub_1BK4R0ZzbbcdxOXg4ATIoxC1,paid,subscription_create,charge_automatically,eur,59900,0,59900,59900,59900,0,1,1771881636,,1771881636,1771881636,1787520036,pi_3MG2hFt1ZFxwBK8wr4oKQAcO,ch_3vkCVKFmq8LnOrg9Lr32ahEm
in_1NxEz2ZZXOSrLxX7EK1UsChX,RSMWGDF0-0001,cus_c1VZ3ZWZxynoDz,sub_1WLIC2tX0NHC5606t4jHcJDf,paid,subscription_create,charge_automatically,eur,59900,0,59900,59900,59900,0,1,1771920146,,1771920146,1771920146,1787558546,pi_3o8Wd3aQfoWhljueEcjEbF6Y,ch_39Y070FEdkkkaum2E0gmlKBI
in_1HHAMAlcYiiZvguu99qbxqWh,47WJQNB7-0004,cus_AOiyDPKRfIFtIy,sub_1gvQ8zjAmxoHSrQ4s7e1CREU,paid,subscription_cycle,charge_automatically,eur,200000,0,200000,200000,200000,0,1,1771945071,,1771945071,1771945071,1803481071,pi_3tyCQioKKjkoLzTwCv2XR2vt,ch_3THv4Xql4Fr3nbG0LOGSE5iW
in_1LFgD2ZoB4ANCGVjPqvSS5dA,WUEPIILW-0001,cus_mV2RHUrdF9Ss5j,sub_1m2VxmLIub1ftPXmfVaM8m51,paid,subscription_create,charge_automatically,eur,59900,0,59900,59900,59900,0,2,1771954742,,1771954935,1771954742,1787593142,pi_3uMH9pFT3KfmSS4lfu9GYkE6,ch_3tj5vOadwzEEL0nSy6VX6LFJ
in_1pzJ78PlpGarX1elfNM3iTwT,QEGJMJZI-0001,cus_TlF9czxJgS0hzQ,sub_13lrhYvzhC0SPThCnosyGmPI,paid,subscription_create,charge_automatically,eur,100000,0,100000,100000,100000,0,1,1771969137,,1771969137,1771969137,1803505137,pi_3yWgTkz9FedHsWTMQT7TYzcp,ch_3zChqLcm7ep5HeM4o8QCtG2m
in_1VWqg5jdSES4GH72mb3fbfTa,PEOYWKB0-0002,cus_CQxlQrk3Z9TerO,sub_1NCS2RtHcofXXeoUXlFt7BVU,paid,subscription_cycle,send_invoice,eur,119800,0,119800,119800,119800,0,1,1772034981,1773244581,1772475441,1772034981,1787673381,pi_3rQzFiqrs5VFhHEsqiw8a8kT,py_3PcfVaqwwFpNljEzX9srHb3r
in_1HZWkWe5Kx5HH8RY8aYVsPCi,GDLCDE7N-0001,cus_QPopm7r5frQ89B,sub_1mhKdJWZEtnKQCgTyxpMbDuu,paid,subscription_create,charge_automatically,eur,100000,0,100000,100000,100000,0,1,1772044766,,1772044766,1772044766,1803580766,pi_3Miocq7D3BT0crtBxFbVxaS5,ch_3yOSoS5YOBGdzGzglRKtTjcv
in_1qOHnruxvRTausKtX90nqbKt,42RWFK34-0001,cus_n4rEzVFIG5zks3,sub_1RX0Ibr23feQL1Og4HfKCrh5,paid,subscription_create,charge_automatically,eur,200000,0,200000,200000,200000,0,1,1772090425,,1772090425,1772090425,1803626425,pi_32XnLDcagLk7unnkQctOffsN,ch_3witabPXUiIlsaaN4WG1PHCY
in_1OcMKMDzN6jtlPoylEgeSUT8,AM3QUR97-0001,cus_NAlfYMRecsItt6,sub_1nGiDTYpOmnbeAAC8mXnyaHB,paid,subscription_create,charge_automatically,eur,100000,0,100000,100000,100000,0,2,1772100930,,1772101184,1772100930,1803636930,pi_3YEC9NKOGFbi1dsLUuwvHrlv,ch_3MBPRvMZttb7Gusm8tD1qAab
in_1XU5yorjrsPTqag43Tyoez99,4M75ICXZ-0001,cus_eSftgrog9QvPpc,sub_1ookCvIkiisdvrDNCcouICj7,paid,subscription_create,charge_automatically,eur,59900,0,59900,59900,59900,0,1,1772110089,,1772110089,1772110089,1787748489,pi_3wPK31OjbjUkpsv4Yu9e3n80,ch_36t4HFphRhMn2gXjKQN0DoqT
in_1F6sN689P18Snr7Lg9IqcFs2,TCNR1DT6-0001,cus_38pJTbszaSsPG9,sub_1uJOjkWh5ODLjNxJ60NgqI6W,paid,subscription_create,charge_automatically,eur,300000,0,300000,300000,300000,0,1,1772113322,,1772113322,1772113322,1803649322,pi_3wlviYjZYZ5grIAQX05pL8v7,ch_31JSsLYqisxqpF6pJsmTIZqq
in_1l6neG2VTOrkUtuVYeYHtzMi,8TYQB7BV-0003,cus_dJbTVelvwKsPXF,sub_1A921yPBaGL0Kb5DgHZXWE06,paid,subscription_cycle,charge_automatically,eur,100000,0,100000,100000,100000,0,2,1772121377,,1772384837,1772121377,1803657377,pi_3fB3cRs2Y5mfuQJRzwZhvCgB,ch_3xvR4bzPQabdLqAo7BatADst
in_1RE5fx2N7x0QctvO53RhiUEu,H4EY0LI9-0001,cus_kDm212BfCdFWVL,sub_16pOahicSMXNqHDIDQwvBzOr,paid,subscription_create,charge_automatically,eur,100000,0,100000,100000,100000,0,1,1772183182,,1772183182,1772183182,1803719182,pi_3G7STEWp6iqperwZmfcPw06i,ch_3DaKNrxuKgpQ2PQLZckZgsE9
in_1TgaGvJCRhObmTYvXLkGmKp3,CTA1UORR-0001,cus_6PogYnOLAksh6R,sub_1CyPwoIumAY5dlKf93ALMcDG,paid,subscription_create,charge_automatically,eur,59900,0,59900,59900,59900,0,1,1772208945,,1772208945,1772208945,1787847345,pi_3EAG6oNCEZSg40lHxRg8NJOs,ch_33nSwze3CuqMGlGqxSEJpIbl
in_14gu2Nb4d5wSdCWqUnW2gnA8,18E1JE92-0001,cus_zM9EocNsowRXl3,sub_1Gws4sLbRwLln64uqWfec84m,paid,subscription_create,send_invoice,eur,300000,0,300000,300000,300000,0,1,1772256141,1774848141,1774598481,1772256141,1803792141,pi_31GGxYGq8MihGp3kEoua7pdp,py_3idznWNe2ggGYP262O9Nk0Kl
in_15yMhVLxEFbuGS4hKlvvdJNX,M4IQWSWK-0003,cus_oiKcEwPRdZeswI,sub_1wjQtBuLKtHf1s2GLtzdJnFL,paid,subscription_cycle,send_invoice,eur,200000,0,200000,200000,200000,0,1,1772296271,1774888271,1774634711,1772296271,1803832271,pi_3KoyU6SxEfNJ8fZ8ZbpNmDIb,py_3vPl64h9sJZSuHPDqULQJRCg
in_1BwVVHFxQiTS24bBOrmpbmZw,8KSTXWZS-0001,cus_0DR9OL0Yvp2N3T,sub_1puYoNa3Tf8CGttn49AgJ5IK,paid,subscription_create,charge_automatically,eur,100000,0,100000,100000,100000,0,1,1772308422,,1772308422,1772308422,1803844422,pi_3hKv3XVtzkJUQ7uKyNg3WjaJ,ch_3Y3B1w4A1HjvUfR2TIfOaATy
in_182kOExMUaSvgItLhgFHA84z,ZSVA1BPF-0002,cus_k7HS1HUe1el2go,sub_1DSvnbxHtnkSQFSi3tvHDvby,paid,subscription_cycle,charge_automatically,eur,100000,0,100000,100000,100000,0,1,1772349762,,1772349762,1772349762,1803885762,pi_37Y92aQKCHJOIbmEQkLREsg8,ch_3dlrZ2jyFh5jtxlQ44ydX1Qa
in_1RX32EG68XKQUdMHEY24p0G0,LFCHQ7EZ-0001,cus_4sEDGQN8fKeagH,sub_1ENF1ezA0jq9tTMidrEGMHXG,paid,subscription_create,charge_automatically,eur,100000,0,100000,100000,100000,0,1,1772359091,,1772359091,1772359091,1803895091,pi_3akEzG3C9gULh6ZbJgXexJ3t,ch_3MkWRiAfyZs9EmVfgyTKF6tU
in_1MhAEqUlU7tsH6hR731F2Uvo,F73A6LTO-0002,cus_rgsD4W0HjM6eme,sub_1LHoOAfSByVLlGktUm1nSZUs,paid,subscription_cycle,charge_automatically,eur,59900,0,59900,59900,59900,0,1,1772366458,,1772366458,1772366458,1788264058,pi_3HlAV0hT9N8nFiUAqKpum9VM,ch_371Le2KSD1VMCRhrJzR0ayS3
in_1Aci7ctcJD8KZPUoGNH87fLD,QN243UDH-0003,cus_oO0czG49aUvecw,sub_11MpDKcvR0jM36qtZAfPLIn5,paid,subscription_cycle,charge_automatically,eur,200000,0,200000,200000,200000,0,1,1772463547,,1772463547,1772463547,1803999547,pi_3WKKd1zgs7uunBmYmtNr2WVt,ch_3KmSltIequxUPSkMztgV6PUr
in_1vWEVE0Mszu1bg7APsibiiNS,7NFIU3XL-0002,cus_ppCLpZWgtWLViC,sub_1SYUwKJmCh655QR4eDWQIMyW,paid,subscription_cycle,charge_automatically,eur,59900,0,59900,59900,59900,0,1,1772529368,,1772529368,1772529368,1788426968,pi_3OOAL4gj5zFSwozXzKPdIsKo,ch_3wujL1G7abce0J9qJn68frHp
in_1a1SwMIkbJsKJhbVph0VDEgi,U0TMAM3T-0001,cus_5oEpcSn9vZRXr2,sub_1bFkP38yKeKc3cwwhQREo1n0,paid,subscription_create,charge_automatically,eur,100000,0,100000,100000,100000,0,1,1772555313,,1772555313,1772555313,1804091313,pi_3w4fraU22L6o6nKjAeZHBump,ch_3MD48paI19fgrdAOymhIRupL
in_1bgqNwb8p4Ap5UW022q0TtUQ,X19MFGLG-0005,cus_ak0KsBYUqa9Lu8,sub_1ZD1qpWIcjQECSVhdnhjh1KS,paid,subscription_cycle,charge_automatically,eur,200000,0,200000,200000,200000,0,1,1772613190,,1772613190,1772613190,1804149190,pi_3qlaG6bjG0L5Ge6g8AIGZtN9,ch_3yylTbXYlHgIZDoYRpDt3PJy
in_1kMrpJvqG6xyOqiu1ITgZ5H0,RDIQELL7-0001,cus_NJv8OXtArBG9gk,sub_1HvAH7wB99r8Nj0EUfM6VvlS,paid,subscription_create,charge_automatically,eur,59900,0,59900,59900,59900,0,1,1772617613,,1772617613,1772617613,1788515213,pi_3onjGuW9V4HNDbq2EUxRNdhB,ch_3VJUksI0qn3lvuzbbma76dZP
in_1sB9F5LUCcxuE9cAACDFV75p,KMJA7AXT-0002,cus_YBEy3yTCkLx1qr,sub_1KoLjrItsDLhPPurJPFniofo,paid,subscription_cycle,charge_automatically,eur,300000,0,300000,300000,300000,0,1,1772627187,,1772627187,1772627187,1804163187,pi_3teMcFxxoyKobywh50BisdgC,ch_3sMRy9oQvhoLG2Z6NRhxGMQN
in_1NUbpvDpC5JwO4brsLotR45k,RI6F2V0X-0001,cus_ehSbJviBwe6Wsd,sub_1uOqRSt36JEMoCMgLjBIPLct,paid,subscription_create,charge_automatically,eur,100000,0,100000,100000,100000,0,1,1772630931,,1772630931,1772630931,1804166931,pi_3IssG6sA3wRQZW0RgI3dFbHu,ch_3n61WoP7Q78QQlPd5RkiftoG
in_1iON1KaQv0nFWeA3JLDSqFp2,93T9YS7Y-0001,cus_SU9EyuaG1fmXrm,sub_1HTE4lvEKKLWYweX78Zg2qpE,paid,subscription_create,charge_automatically,eur,59900,0,59900,59900,59900,0,1,1772634313,,1772634313,1772634313,1788531913,pi_3wpkjffATko57p6DkNzqK3Vy,ch_3quYMHyc0g3xOaCUsrGoC5Oe
in_1OW0pTop5snjeJwQB3zouGw6,1JWDOZKR-0001,cus_3ooC9CfHti2emO,sub_1YiTtpy7BPimZjQ5zljjhA4g,paid,subscription_create,charge_automatically,eur,59900,0,59900,59900,59900,0,1,1772636567,,1772636567,1772636567,1788534167,pi_3kVadd3xM44Cjs5ntbePHk07,ch_3rZFD1VwkkpdmLcR3Cirl9tB
in_19OwcKKS9jhefVAq9rBsKpFS,PQZEGCZG-0006,cus_XbOX8tewq9fXaB,sub_1HDkc1KLVr4nNq70kRdGU5VA,paid,subscription_cycle,charge_automatically,eur,179700,0,179700,179700,179700,0,1,1772638787,,1772638787,1772638787,1788536387,pi_3WdIUOJ8Jkseaab868vmAK4q,ch_3IOCQ2Y5zr5EPEaCOdtbKliy
in_1d5bSqvILvZcLxY9Z9ACc0xP,S1GOM59Z-0002,cus_OdzSrjmMY03XlA,sub_1QEUp9iujRdQtehICbVeU7Fv,paid,subscription_cycle,send_invoice,eur,119800,0,119800,119800,119800,0,1,1772706896,1775298896,1774968416,1772706896,1788604496,pi_3fvqkXvbWG9vh9h5sMSuwvbH,py_3ZjgWuXJ4f0rjHJ9QnPxNMR2
in_1Sju9yuo07PBc3Wkv2wUUmTx,CTRPQZ5G-0002,cus_x41zHxMtcD2l4C,sub_1R8yjr4IdpF3e3j2CMB8AJP2,paid,subscription_cycle,charge_automatically,eur,300000,0,300000,300000,300000,0,1,1772713022,,1772713022,1772713022,1804249022,pi_3AWKXKEgU8O45jZQPtHToVeQ,ch_3RWv5ndZ29C7eXbLRYypHkPZ
in_1fhzq4h6KarKBTdAfy85b5Nr,6SK2AN4U-0002,cus_07CkhXZwjrwbbL,sub_1VrrSsFixXLp7jVBE9tEstOZ,paid,subscription_cycle,charge_automatically,eur,59900,0,59900,59900,59900,0,1,1772716929,,1772716929,1772716929,1788614529,pi_3Y6xG6BCKIjZnme03ONQHPkp,ch_30mzvV3RLs4sj1r7J3nk5BrG
in_1gQ93aAknN93BxobwmL8vF4f,RW6BVOSG-0002,cus_bdftxOpFM5vuNO,sub_1W0f6l6o6CgHk9EFFTAAULUN,paid,subscription_cycle,charge_automatically,eur,100000,0,100000,100000,100000,0,1,1772721455,,1772721455,1772721455,1804257455,pi_3S2YF1nuzDcITF5oqjdcpjVH,ch_3hLuxjp2AlAbEOtGN9ElKzx4
in_1RAfaFgrQo0y73AJTjYo0QzE,6L2Y8ZQC-0001,cus_EI6FXrKOEcdB25,sub_1RwM0XzUlDIoVr40IcoQ8pZY,paid,subscription_create,charge_automatically,eur,59900,0,59900,59900,59900,0,1,1772728638,,1772728638,1772728638,1788626238,pi_3beMd0uKXCOaIaOpj7wuopZm,ch_3h9aNDxrttiaHAjzZ8k0XSjD
in_1ToMXKBwLSpf2WKrSo5D1g5B,PP6NI9XI-0003,cus_3ovGetxlrwe0e1,sub_1pc31qFo2m1Fm4AJzy95VsW3,paid,subscription_cycle,charge_automatically,eur,200000,0,200000,200000,200000,0,1,1772732030,,1772732030,1772732030,1804268030,pi_3y239Mk8PrRMwQLN9pNAmy0v,ch_3oEfMLOI7hgr7pusuiiCUHCD
in_1H5ZcpYknX4qN2r0a2MFfSNu,LO0T282W-0001,cus_tEsbinUOLgdjIY,sub_1KJbcvGxmxF2frXAfV1DDcGd,paid,subscription_create,charge_automatically,eur,100000,0,100000,100000,100000,0,1,1772808129,,1772808129,1772808129,1804344129,pi_3pxPfplI4VhxO0grkjAIQT5E,ch_3MTJD3vvDfGpecXBTRWutqFO
in_1ifbg1MxFQZQUQwYSPTaIy2R,U5115U6J-0001,cus_dZfKV1CKdXLMTn,sub_1UgmFzX2EnFjm2udpTRRcfGS,paid,subscription_create,send_invoice,eur,179700,0,179700,179700,179700,0,1,1772815023,1774024623,1773251103,1772815023,1788712623,pi_3TGlL3hcgfp4AbLlc6GZBdvT,py_3scsd2mefC8G7hJFI2SYuOS7
in_1lFEbERNIx8cIYfwyJUVgvOj,MDCOU0M9-0002,cus_50K6p9v36WgJzh,sub_10vOnzV6d8D9lV4VqDEwRTyD,paid,subscription_cycle,charge_automatically,eur,59900,0,59900,59900,59900,0,1,1772909448,,1772909448,1772909448,1788807048,pi_3Tht35mhYQbjri5CaFWNhy2e,ch_3VL8qdzi3yQQf2GySPzCfQIr
in_1Yzkq473tmOLJmDCR4G6Vxak,IF9DNW6B-0002,cus_IUOyiCxXxrUyeP,sub_1roue8potLy4oy2Kwz5B04aT,paid,subscription_cycle,charge_automatically,eur,59900,0,59900,59900,59900,0,1,1772985195,,1772985195,1772985195,1788882795,pi_3ChykobF7aeIAauIBPYQvHhx,ch_3hA4i7F6pMRMFg27SjZLipgf
in_1J1KVMb6FbnCw1nbWZ15RFxx,S0VMNAYI-0002,cus_eIKjMb6wen6E4q,sub_108NnjOr5KhC9i0V6YyB1djl,paid,subscription_cycle,send_invoice,eur,299500,0,299500,299500,299500,0,1,1772991272,1775583272,1773943292,1772991272,1788888872,pi_3B5YjLe2STDKu8AffU7Y1DeX,py_3joZE1xekRQwNo2b8DSSZG0t
in_1dqiRFehyj50Xa7S9bSEVvbB,51VS0OGT-0001,cus_i8bUV4kAK9B3wV,sub_1XRLvvZFbtSd5brX3a6PhgbO,paid,subscription_create,send_invoice,eur,179700,0,179700,179700,179700,0,1,1773067756,1775659756,1775173276,1773067756,1788965356,pi_32ua0bwgBF8JWcFQJ7IVzhRt,py_3y0fnU0MSgeokQRqcdITBGi4
in_1BOCJoADWrWB0Irhsh0WEfSx,KQYK9Q03-0001,cus_Ok4iwtS7tdw1dr,sub_18bcgNc2QpLWqAXcqTRIGmkd,paid,subscription_create,charge_automatically,eur,59900,0,59900,59900,59900,0,1,1773072028,,1773072028,1773072028,1788969628,pi_331uYdhDcpLyxTEm7LldMXwW,ch_3DXtmxtbs8VnE4AOTTIKMW7X
in_1c0DQs8TbTU0r0M19eZeF7qw,4Y3C3AL2-0001,cus_Fy9EHocMYHFagT,sub_1G21LwtvW2fJDZDmKASFrOLx,paid,subscription_create,charge_automatically,eur,59900,0,59900,59900,59900,0,1,1773073487,,1773073487,1773073487,1788971087,pi_3NiKy1weNCxj745JQ5OXR9hE,ch_3L23F2NvZnBq9q7oVmn6pRcJ
in_1sk1OOqGYAZW5plT78IC5lhX,OZXRAF9Z-0001,cus_JcLeSEYqULonTC,sub_1psWXp0SED9u55UGPI9leCeg,paid,subscription_create,charge_automatically,eur,300000,0,300000,300000,300000,0,1,1773122586,,1773122586,1773122586,1804658586,pi_3VBQssbGs7g93nXmcTL38d1y,ch_3SwnZhePg70GjokGcWQx3kva
in_1JVDyKShbFsIM89XkcQPfKLP,BXEZKDC4-0001,cus_lFJxz8Ctxaucvt,sub_1G3RFuo2g9uwmJbXXB0z0wDJ,paid,subscription_create,charge_automatically,eur,100000,0,100000,100000,100000,0,1,1773144716,,1773144716,1773144716,1804680716,pi_3GWOTGhUebFBpf6c32kJqwS6,ch_3Mefmc8dQ5XLsIKBcYpO4Mhx
in_1JkPdQ8guXDJ1U8M7JJ4bM8V,KIODJKNL-0001,cus_cusCMPb1thTUmR,sub_1AiW479iCdQd24bCfoMxn245,paid,subscription_create,charge_automatically,eur,59900,0,59900,59900,59900,0,1,1773157244,,1773157244,1773157244,1789054844,pi_3TMucBm3aenrFL0laPuLgNpb,ch_3qousRkgIgDBrl1YkKWayoPG
in_18lkNknRJeJ9TrRyEnKsy4i3,UGBWN6RE-0001,cus_Ml26jstB239eTk,sub_1WVKYCQRmqXjecrCjvQBykrH,paid,subscription_create,charge_automatically,eur,100000,0,100000,100000,100000,0,1,1773158849,,1773158849,1773158849,1804694849,pi_3o8JOa9S7ilomdgoOvPC3bRf,ch_3Jnwt0DazLoXbDbwnCQFNfyU
in_1QPwK1073Pm8lZnvRZJR6gsd,FG7ZLAIH-0002,cus_kJgOwpz012ys0k,sub_1i4Azvhe13CyV7WsGA8he0tG,paid,subscription_cycle,charge_automatically,eur,300000,0,300000,300000,300000,0,1,1773218605,,1773218605,1773218605,1804754605,pi_3p8ghdAlYGTz4Z9LAslpJZzW,ch_3wtAa6mohRzOuyBaanq02ut5
in_1Jt0fmMluAZQDBqOhluTzcB3,2PECOPNL-0002,cus_DtVg8jPJpnXfeC,sub_1E40MIs5MzYWKK8pWPbls1Pf,paid,subscription_cycle,charge_automatically,eur,100000,0,100000,100000,100000,0,1,1773252213,,1773252213,1773252213,1804788213,pi_3I1TGxHrmDvCDsFbW2lP8yQc,ch_3Gb4WV31tx25oo68jwqqHKIj
in_1UWpDSJzcqtHXqOu1fb4hiLN,4G4OFUG4-0002,cus_0D2oWbJ51eT4Ob,sub_1LjHgCEa1CVogKlKAulIMgzo,paid,subscription_cycle,charge_automatically,eur,100000,0,100000,100000,100000,0,1,1773262417,,1773262417,1773262417,1804798417,pi_3rigtjwL1Tj0WSNeWLY1bUMq,ch_3k9TrhcoRrrZU5V7kaja2dDv
in_11pMVTitpYp3RHaPYxbQZp33,SGODNLDO-0001,cus_QrAdxkDknLXwjK,sub_1PEJ1Eqb0h6FOLVeCeuQQGrk,paid,subscription_create,charge_automatically,eur,59900,0,59900,59900,59900,0,1,1773324738,,1773324738,1773324738,1789222338,pi_3vjxPPPCMpf8yuyjy9Kn2iJ9,ch_31JxeTL2441FIz7PI8qTsI2n
in_1SIf8Qx7s3paW87cW4jd6Whm,SGJ91OCM-0001,cus_i7jE1H2tpaKlRr,sub_1NSWD6IfrJ1DK9qBSjDx1MTX,paid,subscription_create,send_invoice,eur,300000,0,300000,300000,300000,0,1,1773327048,1775919048,1774804548,1773327048,1804863048,pi_39Y0dYXZskHmABJ3DvluuhxI,py_362JstDT5CWUZM5kLAHtlK7F
in_1exCkbYCPZT8nmCf5BsgJq2b,S8L6D0SI-0003,cus_5IO2cJYlV7kIdQ,sub_1pJixzxcPFWvtW4rUaEx9xI6,paid,subscription_cycle,charge_automatically,eur,200000,0,200000,200000,200000,0,1,1773397767,,1773397767,1773397767,1804933767,pi_3bDPejO7LusHTZZvMWTL3n1d,ch_3hjkIW0DlGmfpKbVlJM3I3Sy
in_18s906OQvPez31o8v4eHZDgy,VB1AGOHK-0001,cus_a2ZzvRT5ucKR0h,sub_1QdYBpwwh5Iuu0YAXHFFxbh1,paid,subscription_create,charge_automatically,eur,59900,0,59900,59900,59900,0,1,1773404456,,1773404456,1773404456,1789302056,pi_3pJfxbgoWQ5cj0UO3bWH9lQQ,ch_3oYc9xOmNw9mi0iFGC6HdiTK
in_1xjLzwPNw6xEY7B5LjGsbfyN,6ZEG9UCL-0002,cus_zQyaA0WGcRvZ6l,sub_1sbKDnGPeraPRpfHu6HVMD3h,paid,subscription_cycle,charge_automatically,eur,100000,0,100000,100000,100000,0,1,1773416568,,1773416568,1773416568,1804952568,pi_39Y1Kz0zlon8SDGiSUVcgDfW,ch_3GnVPDWrV3glSh2O6IdBxniX
in_1YzOaQIp3lirlaridvymqlHR,O709GK0A-0003,cus_xALvAYaqYtcNbW,sub_1kEoJDszKRlcFTZ7LuhGdXyU,paid,subscription_cycle,charge_automatically,eur,100000,0,100000,100000,100000,0,1,1773426299,,1773426299,1773426299,1804962299,pi_32cluzj0HiuYcOer4XUB744a,ch_3YcDKpUseOOMlJlMNDaGAYjM
in_1CX3Wn7UWOYnpJnqbHl9h3HY,1IB0ODW7-0004,cus_22v9ETI4XRx3MB,sub_1PxH3V89AsgZwMWSodPP333o,paid,subscription_cycle,charge_automatically,eur,100000,0,100000,100000,100000,0,2,1773462522,,1773723642,1773462522,1804998522,pi_39AYSNyDu8men65rfpFWnNwK,ch_3LgfEUGh4fZg51vKGSFWkyEo
in_1RN3yYYDJIWIOpPpSNbn2PJy,3FOONKJ7-0002,cus_gY1XweZ6kEpfOa,sub_1PPnMewT9PsNGQQuajCtn9d8,paid,subscription_cycle,send_invoice,eur,500000,0,500000,500000,500000,0,1,1773494942,1774704542,1773929102,1773494942,1805030942,pi_3tWUANN7PoY4VMA97ahym4QF,py_3clNNcUEOOLF5tZ5FRF70BMn
in_1UuERj84vXXthZWC6sFhWyXh,JYJW87YV-0004,cus_ZIil6tzf2pISHx,sub_1q1RKOcbyVTb8UiFzzX4KdHz,paid,subscription_cycle,send_invoice,eur,16000000,0,16000000,16000000,16000000,0,1,1773502287,1776094287,1775583507,1773502287,1805038287,pi_3FvMBf7Z43PA8iLP15c2lEcJ,py_3HADoDAPRTb0KJL6KGPEBKUg
in_1XkKuaG5clFPNrPvM181PCLT,G2EYOZBO-0002,cus_syvs2Y9kGqsLAx,sub_1iIHsNpY0nfeFJNM76dXI5Ql,paid,subscription_cycle,charge_automatically,eur,100000,0,100000,100000,100000,0,1,1773502708,,1773502708,1773502708,1805038708,pi_3SIzlN0S6O3OH0i9vtCb9rJS,ch_3PeYJCBhKFybDjl2nmmnOEun
in_1KSYk2RDfX5tRz7Ur7AjLfXi,E6EB30OD-0004,cus_XTpJJ90dZvXbPf,sub_1IZIs5HJuLUbc4CtFi9LZqLl,paid,subscription_cycle,charge_automatically,eur,200000,0,200000,200000,200000,0,2,1773557716,,1773822256,1773557716,1805093716,pi_3x0Mxdkbh7Lt3xruhP6pcJt5,ch_3058TQFm6xnFBcDiKcYXU3F0
in_1ESMGq6q8ahOCiWrMj0TkMb7,HJHS5965-0003,cus_bhTRrro1XKM9hy,sub_1uVEAz7VUF3OSKE0iZAKLYbQ,paid,subscription_cycle,charge_automatically,eur,200000,0,200000,200000,200000,0,1,1773568485,,1773568485,1773568485,1805104485,pi_3PwRVZsP35B04DDcfmXdMcY4,ch_3ncCNXEVAsaksHoFxxPevonc
in_1bbTrTRoFY9BYtYK88sByB5L,IWOKIP67-0002,cus_JjMa6RyWZ4RIpD,sub_1DNAcI2OjSHpHiYisR1BMnlZ,paid,subscription_cycle,charge_automatically,eur,100000,0,100000,100000,100000,0,1,1773590782,,1773590782,1773590782,1805126782,pi_3dyflboN1QF7myfswiAO7slN,ch_3bJE2KxhYpqScxoauT47RzTl
in_1UW8HykWBZof0ovSXZLgOiFg,1EOAUD1O-0001,cus_gibYV6B4a5IJi5,sub_1yuAXE3zW9Zi0tNjMoWUHjJn,paid,subscription_create,charge_automatically,eur,100000,0,100000,100000,100000,0,1,1773659224,,1773659224,1773659224,1805195224,pi_3nZGTckAJGP6wxZoat2JGYjG,ch_38mi4lGYSKQoeRENrapJW8QP
in_1JcUcUd1IgX8pbq1HOwkamZJ,9WOAF3HS-0001,cus_IHphB49RS2Fmkd,sub_1HDvZY8hejIlbMRv1aAWfYlw,paid,subscription_create,charge_automatically,eur,119800,0,119800,119800,119800,0,1,1773667385,,1773667385,1773667385,1789564985,pi_3LhvMU3L6egQQUlOBDj8sdfV,ch_3UM2bvEFvyEAJWgUUqtSDHpX
in_1Qpq8kKOcjss8mmTcX0gGWl4,OTSC75IR-0001,cus_jOBsO9ff7mztAN,sub_1FdTGoHWweTMld9Ogw4cKG7z,paid,subscription_create,charge_automatically,eur,100000,0,100000,100000,100000,0,1,1773680711,,1773680711,1773680711,1805216711,pi_3jHtaUAJUVStLZCGteHnEEby,ch_348Qx6ysti9qx8zt2TC15orn
in_1mQmZYE87qoclK70ly70at8m,CCBQB2IG-0001,cus_5FcVb0Xes3IWur,sub_1rds8mtaRF0AzlBe1klhwJAB,paid,subscription_create,charge_automatically,eur,59900,0,59900,59900,59900,0,2,1773692493,,1773692901,1773692493,1789590093,pi_39GjawnEdRiVugdfBKDjytb8,ch_3bi4YVew0ydcsADLO7DaYh7d
in_1GkH6MLbtSeP1Zq83Xv5xuqf,LX2LH0UR-0001,cus_SNKtp3WvOQfoJd,sub_1uB7iZN51usbni9o7pUfM9N7,paid,subscription_create,charge_automatically,eur,100000,0,100000,100000,100000,0,1,1773704108,,1773704108,1773704108,1805240108,pi_3mpACCwiA2hCekF71GSu6Chq,ch_3gkc9JoXFIGr3UsyBDKyyK9a
in_1gGQnYLqHVZ9aqjVJZCP0Jsb,T8LQLS0D-0001,cus_vhT5WPONzq3oqf,sub_1xTmR7ugpLMObLnc92jqhaCH,paid,subscription_create,charge_automatically,eur,200000,0,200000,200000,200000,0,1,1773732007,,1773732007,1773732007,1805268007,pi_3IaTmhgWbBfqlx33BjGBTUgu,ch_3qskB1JZun2lJcKbuUzoj9Ke
in_1yWIRm99H8iI5TYezi0CJkyQ,L8NQHCQN-0001,cus_O9pUSYuUWyIYEC,sub_1MSiLYUoqXo8DthCYOIDBixn,paid,subscription_create,send_invoice,eur,300000,0,300000,300000,300000,0,1,1773753879,1774963479,1775658219,1773753879,1805289879,pi_30EqmEgK5SwYk2fZJ7yLyZXi,py_3IxGanU97vxQWNGiwlNT0OZa
in_1WwSdNzuwhZ407JerxHFYth4,A46Z0OFX-0002,cus_PMcR9KPic6OZ0G,sub_1YOa0X6X8YlzhO13fBTVRuA7,paid,subscription_cycle,charge_automatically,eur,200000,0,200000,200000,200000,0,1,1773756069,,1773756069,1773756069,1805292069,pi_3SG8G8hby81O23teLO2f2X3w,ch_3O1BzmyRtOsa8PFRqmZKrMGA
in_1ovniaq8C49wXLy74kvx6XTD,1P0FLBN8-0001,cus_xUlq4u4ZVVw3rh,sub_1GkwBh50K9T0iMSaCLV3wI8f,paid,subscription_create,send_invoice,eur,200000,0,200000,200000,200000,0,1,1773828895,1776420895,1776278515,1773828895,1805364895,pi_3YNQ1Z95RExJ5q9IJ1gD9VsQ,py_35SHZzm04D2C9GEzwaQL9G1S
in_1wJeLSnZtT8uYO2fL3tVVsci,BAC4N1EX-0001,cus_KUJZgpdnRCtMlY,sub_1GSiy7W0mLY7xhi7M4xxfuiF,paid,subscription_create,charge_automatically,eur,100000,0,100000,100000,100000,0,1,1773832359,,1773832359,1773832359,1805368359,pi_3KmROVxy4Q1OqNX2Iti5W9wU,ch_3C4TxJop4tNaociLiiUzdbyf
in_1k6OvEA3cgfBnIlekdM6241L,9K5DF1SH-0001,cus_QfO7xvhWfwwkdR,sub_1fmH4gPheGcW7xiPIJuIINQ8,paid,subscription_create,charge_automatically,eur,100000,0,100000,100000,100000,0,1,1773832416,,1773832416,1773832416,1805368416,pi_3JL316sOVUgsa3J9DwLA6qbu,ch_3edH3BUGd9loxPE2bgfkDtLP
in_1fFEkfVT9FCbzayLFF41ubBw,9EVVNTM4-0003,cus_5wCXszJcQhzq2V,sub_1eQ2F0Z2qzNkcy4bkVDzArqG,paid,subscription_cycle,send_invoice,eur,119800,0,119800,119800,119800,0,1,1773844374,1776436374,1776112614,1773844374,1789741974,pi_3MP4qr4LJe1y5hP4V5UKmwMr,py_3ymM20Ry10nmqsWLEKj40dmd
in_1JQaPGgSzcJGz3iO2GRjZ8W2,PVQ7BAOO-0001,cus_S7nvdSOjhyZZs5,sub_13sRhd3vO8fhYxg8JU12hsXe,paid,subscription_create,charge_automatically,eur,59900,0,59900,59900,59900,0,1,1773845038,,1773845038,1773845038,1789742638,pi_3R3Ol2wD3N40ths70OEgnD5i,ch_36UEOMGPulBeyoPBpVODqkEP
in_1I9CeQtZZGsQ2mjJWr4f45Ti,GCL3RUUG-0003,cus_wJhDIXZvwDfcw5,sub_1QWa35DcUesahpb5BbH8ochG,paid,subscription_cycle,charge_automatically,eur,100000,0,100000,100000,100000,0,1,1773849623,,1773849623,1773849623,1805385623,pi_32dsfNp69cvwFM3UledyHhUl,ch_3UUKQnxPCEe2vhBv1jU1EheI
in_1vM8yRcCpA8Y1YpzJyUMECFk,5MW52PKP-0002,cus_RuCNKa7zAOnEv5,sub_14GkrnBOkJbhD6KIK02AqGAQ,paid,subscription_cycle,send_invoice,eur,179700,0,179700,179700,179700,0,1,1773925818,1776517818,1774800198,1773925818,1789823418,pi_3CwgF5Elq8G5oFNGfelPvIDb,py_39mOaSRSOakuFhRgL9NTmLmq
in_1AgHsLkQkW1DBJN9OL37DjdH,PPACDGPO-0002,cus_GPGohVaJZxxyeY,sub_13whzy0lDHI8sPyCsq44CMfh,paid,subscription_cycle,charge_automatically,eur,59900,0,59900,59900,59900,0,1,1773934401,,1773934401,1773934401,1789832001,pi_3C7oKke2LyYvJMo7oaBGJ6Fj,ch_3yWOYHoTJtNpV5WaU7gEQdQY
in_1LlZpMKKOrG2pqOfnxyxlWHI,5V5UEGK0-0004,cus_SOtPQcjDpoAiV7,sub_1lccPPhLaSmZGHNloVKhdnVu,paid,subscription_cycle,charge_automatically,eur,119800,0,119800,119800,119800,0,3,1773946981,,1774643281,1773946981,1789844581,pi_3FODvW4p7Yhv2AU1rD4nifv7,ch_3cW4xnDSNreHvSqZ2wpRAa2r
in_1Q64sFTpwwXODN3VWLBtJibc,W0XLQKBX-0002,cus_Yx4YCEPZi8O2Ox,sub_1rktSFojZzONBWC39l5HP1qt,paid,subscription_cycle,charge_automatically,eur,100000,0,100000,100000,100000,0,1,1773995576,,1773995576,1773995576,1805531576,pi_3vZHHKprLd9WxfIz26rByhW6,ch_3N2UTBT4yMkV3LGXht55lcrK
in_1qmXaJaEjssNYJLFJIbPeeic,98NSQML9-0001,cus_kY6lHWyPglaO3v,sub_1mPOgsdxHsddqIVixmuLDTYq,paid,subscription_create,charge_automatically,eur,100000,0,100000,100000,100000,0,1,1773996894,,1773996894,1773996894,1805532894,pi_3p1TEa1oNM0uFJKIJg49IxET,ch_3pAYndU3Hii7ZlXPtgKhm8hS
in_1oOwHgwgyBENSM6UV2S03Poq,7JVNWKE8-0003,cus_OsWNmq0sqUg97n,sub_1HfXfIVwSFcFftgYq58e2L5U,paid,subscription_cycle,charge_automatically,eur,100000,0,100000,100000,100000,0,1,1773997499,,1773997499,1773997499,1805533499,pi_3H9YjZ9Uz9yYhsOXcJIbjvFA,ch_3hNpydCWnHmA1yLaqTGbGyVA
in_1RAyiSjf37Otlcu3Fyo3HGvC,JBQLFZ8D-0001,cus_mYzmQHtiE7MnpN,sub_1ItvH4B0poHG5Smvx1WwJBte,paid,subscription_create,charge_automatically,eur,200000,0,200000,200000,200000,0,1,1774076981,,1774076981,1774076981,1805612981,pi_3WUnuRc4n9cwyLVWPaFYO7uG,ch_3sNB9nypc2izFHhxDpdKzK5L
in_15aNB1KK7VC52S7iUkgEx8xq,VJTYKGEN-0002,cus_LWyNEWEDoYpxdy,sub_1kMMAJrRw4AfiBYwZylUUlog,uncollectible,subscription_cycle,charge_automatically,eur,100000,0,100000,100000,0,100000,3,1774123292,,,1774123292,1805659292,pi_3kTUTcYfxAKvHpkdmtiknjHF,ch_3Rb6aQITQEwDWHXwFvtwIJQd
in_1YxdesjFX5IudBlmKBc2WWNh,RJDKFUE2-0002,cus_NAZqjb9woA2C9V,sub_1P6Mnaj6rbLdprDbJLp6X1ha,paid,subscription_cycle,charge_automatically,eur,100000,0,100000,100000,100000,0,1,1774123736,,1774123736,1774123736,1805659736,pi_3HGWFUE9wuaM5Vflha35ZYFi,ch_3v5gGwj8JIhzX1yITqUaugRj
in_1SOX4FZ95G7wCxDmPoKVzCxS,JF08XJ0F-0004,cus_Qsv6Rp8nOHXM4C,sub_1MZHZMVDwFR1FKJflQ0EktZZ,paid,subscription_cycle,charge_automatically,eur,200000,0,200000,200000,200000,0,1,1774128283,,1774128283,1774128283,1805664283,pi_3NYopTjfI80uk9iNp2UBIZxQ,ch_3RMES8Uy706UqmxPRHhVligq
in_13gtIBTTPXdWC84yxlS6Vlrm,P4TMW1DE-0002,cus_6RWjcFGcdqGbaL,sub_1dWHXMGiEStyQOru87xToKNy,paid,subscription_cycle,charge_automatically,eur,59900,0,59900,59900,59900,0,1,1774161932,,1774161932,1774161932,1790059532,pi_32ruWyQkG29y8eWd2Q3Wl4Tb,ch_3sxPHSZ67Jeoaj8mSYGJh0aQ
in_1pvcHfwwHCtoiDuI0DqUisp2,ZYMV3B4X-0006,cus_u2J3hMTRwIxAoi,sub_1A8Qw1osSxBYB8zNcUYD1IsG,paid,subscription_cycle,charge_automatically,eur,300000,0,300000,300000,300000,0,1,1774177169,,1774177169,1774177169,1805713169,pi_3q1FmiNBcuORqSetBnZqt9qT,ch_3HXBPK6g2AA3laQLUmBYNPza
in_1FxFcHdR3BgM3ZqZwtF1VdSW,M6AR9B9I-0001,cus_W7hMZSHPVPM0nm,sub_1i0DaNjVc5BU8sNbYBpdIu8t,paid,subscription_create,charge_automatically,eur,200000,0,200000,200000,200000,0,1,1774250179,,1774250179,1774250179,1805786179,pi_3VHtoHpw4GY1HlzeQyGpwUWY,ch_3r699iNlUDrCpsTqwO3JA9C7
in_15LG2WmWwAIUFlSy0PlKBP6A,4DA4RI0R-0003,cus_v1pCXPVUzh9H9b,sub_1qbblxklo6lzYeNuA4GbMPCe,paid,subscription_cycle,charge_automatically,eur,100000,0,100000,100000,100000,0,1,1774285248,,1774285248,1774285248,1805821248,pi_3akuQCX5kn1eOPUATKI4i611,ch_3AptHGhMlah3VvVurLq1kFm0
in_1daa7Sw7E2kXv3hXf1tW7ZOp,DSX06617-0001,cus_WFncIO8nPf5Uv1,sub_1IMnjD4XSegpP1RLd0a7RaKF,paid,subscription_create,send_invoice,eur,200000,0,200000,200000,200000,0,1,1774363320,1775572920,1775426040,1774363320,1805899320,pi_3xWfN8cxU1c1voxVMmqK6jsD,py_3awzwOsFX6zD6xYM3AMvxiEd
in_11RcrYFQjsKZ2a353nTwLv9M,PTUYJQGW-0001,cus_iDssS5sC6BixaL,sub_1RIXNanMn06PrZxZql7rUQNj,paid,subscription_create,charge_automatically,eur,100000,0,100000,100000,100000,0,1,1774366023,,1774366023,1774366023,1805902023,pi_3726nJz12bCVGB906BfQsDmN,ch_3bySZHDiGgBcRX0HbNsEBfQk
in_1VaChwaOOB7VevR1YXvdthrb,GM0A5LP4-0001,cus_kaejhmnkDBqrTw,sub_1NsevVXnglwQlM7mhb2f1pX6,paid,subscription_create,charge_automatically,eur,200000,0,200000,200000,200000,0,1,1774377665,,1774377665,1774377665,1805913665,pi_31ioF241dCTWv3idPHr3zMZH,ch_3bClWKemJoNkHrZ2ufnwVRAN
in_1mA5o86nJUdyUrHbVU1s0kXV,DM0NFRRZ-0001,cus_Zfrm8cmlJj5pkI,sub_11xIsw7AE6YbAQPqgrqDKwl4,paid,subscription_create,send_invoice,eur,119800,0,119800,119800,119800,0,1,1774379320,1776971320,1777520560,1774379320,1790276920,pi_3ObG1mhxcUmMlMgVc0HC3BFo,py_3t5THfHxTOltqFZAqWb0xhs5
in_1LQ1y5T3pq6POXKVKnJBMypr,DN0XII0B-0002,cus_isdMCy6mNeUBYB,sub_1su2FQ6xbiHHgj2BnJQrNKTd,paid,subscription_cycle,charge_automatically,eur,100000,0,100000,100000,100000,0,1,1774432222,,1774432222,1774432222,1805968222,pi_3oEpEP7cf5q9A9gHMfIV17rH,ch_3TsOgFSsUERQ6UcPvAWNwitX
in_1om3HmA4dvlSHijo116Jti9R,K9EQCZM6-0005,cus_cBgyjKueUbertW,sub_142xbojjdOkfJdOKxWoDSoFR,paid,subscription_cycle,charge_automatically,eur,100000,0,100000,100000,100000,0,1,1774451921,,1774451921,1774451921,1805987921,pi_3Ahr6E7AgbtXrsD6bP1sHcBE,ch_3HiopeNYlH9k49yBmus7UCg9
in_1BvTQ8RHabtU1t8dEM7fwXjC,9YNO5MEH-0001,cus_1zUctUl0cnmJgT,sub_1LmxX3D8xjsbAEKbbQ3Hl8Tw,paid,subscription_create,charge_automatically,eur,100000,0,100000,100000,100000,0,1,1774517119,,1774517119,1774517119,1806053119,pi_379APAZ3nHWNrxdl8XENQKSC,ch_3GaRLV0lOBMGniJDCwrGfgbB
in_1Mk6VQ3tkeJN19Dda8PiyROQ,2WHN59S6-0003,cus_8bkga5hWk7gvVP,sub_1gZFW6geju2UiofkHFjEiUhQ,paid,subscription_cycle,charge_automatically,eur,59900,0,59900,59900,59900,0,1,1774518989,,1774518989,1774518989,1790416589,pi_3FhTERsDoiIKQxBjT6Lq08IM,ch_3ULXhqAxYLUM8mYNWPQQSw6a
in_1IiTLnF99J5PFE1MalJymsUq,70UY2GG3-0001,cus_YzBw5WxAVwktXT,sub_1V15nmqCYmSojrEGuaB5WEj3,paid,subscription_create,charge_automatically,eur,100000,0,100000,100000,100000,0,1,1774558954,,1774558954,1774558954,1806094954,pi_30NJ9gpyrZcBgdT94gJblNMd,ch_3B8LZ93d6wexnJ2sAtODISCN
in_10jhORACXMbqzb5YLf7MIda7,XZG316Y2-0001,cus_O7FsCcXRr488fX,sub_1RdGIFVqwrVOS3smpEcn2KWA,paid,subscription_create,charge_automatically,eur,179700,0,179700,179700,179700,0,1,1774586453,,1774586453,1774586453,1790484053,pi_39Taw8kHsCOTHTR6OWaFZLWA,ch_3jXFJBCa7iK18vYbwUXJTnD5
in_1MQyUdOaqr4toDcILjrXUvg5,39R7K8W3-0003,cus_jW27agLArFTLwX,sub_1RXAt6yL7vlfIC1vjxvkI82Z,uncollectible,subscription_cycle,charge_automatically,eur,100000,0,100000,100000,0,100000,3,1774616720,,,1774616720,1806152720,pi_3crMVSVNqMzTbiVXHsoienPP,ch_3KahvLWwk5zEvijsERf2TWk9
in_1hx4FA5lhTUICGNl5Mgl1sq8,5WBUTAN7-0005,cus_AFUcn30mP6R7AG,sub_1xQbzyFfvrJ541BgF4oK0qor,paid,subscription_cycle,charge_automatically,eur,100000,0,100000,100000,100000,0,1,1774627850,,1774627850,1774627850,1806163850,pi_3UMpHXqy2WsyGUTUqdRdPIFh,ch_3U5h74OkanBx95mluWN0BMpj
in_1cwT5UJcxvthwq4jhcvXNzWa,QDK0DS19-0001,cus_82aruj1EglBNiK,sub_1dISLlRJZp9MPcGRhXqtbP0q,paid,subscription_create,charge_automatically,eur,59900,0,59900,59900,59900,0,1,1774638477,,1774638477,1774638477,1790536077,pi_3hglbVtZHb30BCiBRBexbTYc,ch_3Nq9IuBAtBpM5GfY3D515706
in_1jCGtSx7CY9e1Ohux9OBa21v,AS2VY21F-0001,cus_ogP3OVzQ2Hiq6E,sub_1vUP1Mtopt8Tbav6mCDm4Dra,paid,subscription_create,charge_automatically,eur,100000,0,100000,100000,100000,0,1,1774663729,,1774663729,1774663729,1806199729,pi_3HKEycJC801FhbbbZ7f96rrc,ch_3R5S7WVPtsCU7Asbo1AWB2Wa
in_1BELKroac3W89GJr9g5uulBl,IZUGDWC8-0003,cus_E8WmUIbdHs4o7O,sub_1QGfptLTHmuo51q9QGhPJHEN,paid,subscription_cycle,charge_automatically,eur,200000,0,200000,200000,200000,0,1,1774684976,,1774684976,1774684976,1806220976,pi_3F3ZqPPqMLFFD6iKc1na0Ib7,ch_3XJzqoYX6HDIpVCtjPHiGcyU
in_1sO0R4SoSQKTdk0b1gpLuOjG,RFSUIH6P-0002,cus_mvr9Bbpb7FUY3U,sub_1tKNVqMooT8rwUKvxoCm35zC,paid,subscription_cycle,charge_automatically,eur,100000,0,100000,100000,100000,0,1,1774706349,,1774706349,1774706349,1806242349,pi_3f5jFGLE9sYoOTKHyWA51G27,ch_30LwSR8SniviS2SGYKOO4tL6
in_1VHKfd3pb4hp20oYFKKTBFra,73V2DWQN-0004,cus_FGGArfVspwGMDu,sub_16RiKWokDCCpbLquNmwrgpb6,paid,subscription_cycle,charge_automatically,eur,59900,0,59900,59900,59900,0,1,1774716532,,1774716532,1774716532,1790614132,pi_34QT0F8VcyoUWy6SXMqe335T,ch_3geAIKhNB3Hd1QG9FX4HGX9J
in_1QY6pyxTtjtdXA7EuQ4pebb8,A1C0UBNV-0001,cus_bupYJzXwI8I5dj,sub_1VQ704N8hCTBcDunhpI4jXk5,paid,subscription_create,charge_automatically,eur,59900,0,59900,59900,59900,0,1,1774857818,,1774857818,1774857818,1790755418,pi_3VA2KXJxMAS3XZjp3hwHIN6k,ch_36etJr3J0sm1ibrVAFET6zA6
in_1oBYjZABMYxhncpLSSj8FJFM,UWMAG630-0001,cus_1rT5riTZdxyWkH,sub_1mKYcHGgsqRTrLxmBMEYRR5e,paid,subscription_create,charge_automatically,eur,59900,0,59900,59900,59900,0,1,1774879568,,1774879568,1774879568,1790777168,pi_3mmtUuIcozBiC3biQcIWsvB2,ch_3i0oCQrVB5SD5SuGXckhbImy
in_1e1nct7SpzKSXDNheR7NXuGY,WWW79DPR-0002,cus_TN60GWkKNa3s7C,sub_1FYesu4mcKNxmYgCoJENvqTj,paid,subscription_cycle,send_invoice,eur,200000,0,200000,200000,200000,0,1,1774948982,1777540982,1776618722,1774948982,1806484982,pi_3qZbyuog8nw9GICGpKks72r6,py_3rS4Q3qjE7HEFjfF6XwJzcMn
in_1tTnwlZw9nWgQk5w5t50gbWQ,953VN863-0001,cus_ZGjeP0efXFMa7M,sub_1rnOXtSjZH4q2apybj3j2kqk,paid,subscription_create,charge_automatically,eur,100000,0,100000,100000,100000,0,1,1774959064,,1774959064,1774959064,1806495064,pi_3PjelPiWbsfzWzAmddPULdYt,ch_34uwWCljpAhjAWn6tqJckiKP
in_1T58JACpRVG6qQl86y7V9G84,K0Z1VLEX-0001,cus_pLL2AmNjzXRhKK,sub_1HLNHegG4UqGFJHxPkmWgLjT,paid,subscription_create,charge_automatically,eur,100000,0,100000,100000,100000,0,1,1774962866,,1774962866,1774962866,1806498866,pi_3M09904a9rMM572wVE3mkrAZ,ch_3KHCTsUWqrBYjGX1NZuQgKGD
in_1WryQgCAlQjd6OwIATOLQPIJ,7O9RSQC3-0001,cus_cIO4uz7FEzCELO,sub_1DqNNymKhO4MNNk0Op8fk2k6,paid,subscription_create,charge_automatically,eur,100000,0,100000,100000,100000,0,1,1774965119,,1774965119,1774965119,1806501119,pi_3IdhOA5K4V1xV1xHYlA7bn08,ch_3WR3UFNDL0C1KY57UXFBW3NA
in_14U4zQrIE4MYvLGeryc2AqFR,FZAGXN4W-0001,cus_IX2ayTJ5QIic4V,sub_11ObVvx9lZSyPiSvPVMcNCOw,paid,subscription_create,send_invoice,eur,200000,0,200000,200000,200000,0,1,1774971097,1777563097,1777064977,1774971097,1806507097,pi_3SkBdW04qVcya9lfAxDTiDvL,py_3p8Pn2h0XMOWlKH7mWcEZmzs
in_1iPda6nocaGPxK8wNm9gpJAY,QR1QJ4PF-0001,cus_WYdGh7FUiYILl9,sub_1TOYz1ZV5f6Y2C6QegWEJy5H,paid,subscription_create,charge_automatically,eur,59900,0,59900,59900,59900,0,1,1774973783,,1774973783,1774973783,1790784983,pi_3hiRvhi3aBpd9jdXkNMy0Ope,ch_3QTx29VrTmgIBBTtOy5TRvVb
in_10DTLioSgUn66smN1AA9nwx5,V8HNSOTX-0002,cus_c1zwGP2jwkpoFt,sub_16x0PR4QBZiBcEBlPTASoo5d,paid,subscription_cycle,charge_automatically,eur,59900,0,59900,59900,59900,0,1,1775056742,,1775056742,1775056742,1790867942,pi_3COHZOU0a6zkKXaO82YTEd6G,ch_3URKGiRjZyun9SqiFTQ4K1fM
in_16wVzZw2bv4DycJkjgl9N319,CQXH0770-0001,cus_BMXV3yTvghLwjE,sub_1aYDK8SPHIfVk6Dqixph1A96,paid,subscription_create,charge_automatically,eur,100000,0,100000,100000,100000,0,1,1775095029,,1775095029,1775095029,1806631029,pi_3kifJtzIp1AY7tOK3wHrFHrA,ch_3ZjlKDK0XloYKz6ANn9rhYyp
in_1Dg0iBATwjPtokphQt75FgFI,W6WCE6JP-0001,cus_bI9keQdR8XAg5x,sub_1iiYrBP5mIfFi9AV1uQTiskB,paid,subscription_create,charge_automatically,eur,100000,0,100000,100000,100000,0,1,1775132358,,1775132358,1775132358,1806668358,pi_3rTca9qjWnUJYZnKMVq0VGQm,ch_30Y8QVq0DxeLimHLYO18xJqY
in_1zh42oLDpAfkVhnBjDcoFgOm,WJLPO4RD-0003,cus_7OEPZmsS9qZmk6,sub_11lnsGwZv3NwtEAOj6Nafhhz,paid,subscription_cycle,charge_automatically,eur,200000,0,200000,200000,200000,0,1,1775161278,,1775161278,1775161278,1806697278,pi_339oISbY6Obg4q5dKSxw8h3n,ch_3aFoCBNUMDVjzv9ua6iFN5SO
in_1V9LPOUvkCiM1SMTIhxMxekV,4IEP7CG7-0001,cus_ay6fn86DtGeTsa,sub_1G7vsIwjsffTvNBoVMeWfihP,paid,subscription_create,charge_automatically,eur,100000,0,100000,100000,100000,0,1,1775201348,,1775201348,1775201348,1806737348,pi_3lygMhOn6AZOszX5uNp75Ify,ch_3gYBpIPZiu2Q4zMoHAtgsS0A
in_1mrPwjzD7TRv7XDezXcVmVSt,DJU1NNMX-0001,cus_J2aWzA66DYCTfD,sub_1x2X7N3d67ui3Q2IWrKGVq9U,paid,subscription_create,charge_automatically,eur,100000,0,100000,100000,100000,0,2,1775204334,,1775204763,1775204334,1806740334,pi_3F4TwmujNscpqMeSHwas3JWU,ch_3UVhUQ3PSpSVHf6nAjLN1ssA
in_1E9ffFLlTND3o56iCmThUD6X,DAEOUKIC-0001,cus_PxSXLhsfSr6APu,sub_1MQ7Ok9gFYLveAjVcWW14Z1R,paid,subscription_create,send_invoice,eur,179700,0,179700,179700,179700,0,1,1775212498,1777804498,1777573318,1775212498,1791023698,pi_37KTSJlNavaLJZ8wlsoLRf3P,py_3oF7hfqSF7jKR5pK81JnE2Kb
in_1NVM3ao2v3eyhaoYCoL8zk6J,EUO69670-0004,cus_txWZvAjpLtGymu,sub_1iP6MizQlgsmscQ5tB3yTBcZ,paid,subscription_cycle,send_invoice,eur,100000,0,100000,100000,100000,0,1,1775214593,1777806593,1776079193,1775214593,1806750593,pi_3syzR0LaxJswMF2JaBs0hkz8,py_3WtbElUL1tBaqVZw7E74Rf3a
in_126DQrUyhovt1WvDN8XPGQOe,VQZY5B6M-0006,cus_Uh62hPZ96nMJ6x,sub_14xz13Ntn5zD6vycGde96QVH,paid,subscription_cycle,charge_automatically,eur,59900,0,59900,59900,59900,0,1,1775234713,,1775234713,1775234713,1791045913,pi_3zWByIlkJZ57mEKrgPshlIl4,ch_352dTLJl0cITcRFHJTJq1Xbj
in_1bI23REcckLgCbhIUO3oOdzM,E25RS4IE-0001,cus_tksgOk9xC00UYh,sub_1oYocneYoT95ocdYTOHfLoRu,paid,subscription_create,charge_automatically,eur,100000,0,100000,100000,100000,0,1,1775236294,,1775236294,1775236294,1806772294,pi_3r8ftOU7N7krlxVeFGSS7sSY,ch_3WQYdCyqeDdsvqI0TwEOc5Tb
in_1O5kNN3FFukuQeoA1IddzTSE,HA4DSYW6-0001,cus_x2oMf7LwBnCrPX,sub_10qiVcVURkkPCxbuLeakcmVf,paid,subscription_create,charge_automatically,eur,59900,0,59900,59900,59900,0,1,1775237694,,1775237694,1775237694,1791048894,pi_3xoGHtJVdQWmwQtLZP61YqNX,ch_3bzDQhrc51AdOkQlfQY6SmvP
in_1WkmnSY7VQiCYUtZHZFwfhQ2,H2Y7JXJ7-0003,cus_WbBsdQhjmjQWm7,sub_1YjUx54n0RQbhH6HTUV7CpBg,paid,subscription_cycle,charge_automatically,eur,200000,0,200000,200000,200000,0,1,1775237898,,1775237898,1775237898,1806773898,pi_3PDTPUXtqC1KRNM2cvnpiMeQ,ch_3E9296Ft5qSA1CI7C7pLVE5R
in_13Res4TGtuuWodRQ4QwGpSxF,OI78MA3H-0003,cus_BZu5g8whTZdJ9i,sub_1x1TdmU85u0MNQU1CgE3iDTC,paid,subscription_cycle,charge_automatically,eur,200000,0,200000,200000,200000,0,1,1775299733,,1775299733,1775299733,1806835733,pi_3akNQyB6SaxQkmJhxDVr5ZF2,ch_39rvSZFrPNT3x2RdOf2kL6HP
in_17iKB87NqLcb9Yo4l8WV99lZ,BFH6GWIW-0002,cus_xW1BD94FAE4iQR,sub_1KHKh4mKJ1AWv81ViCtonzHI,paid,subscription_cycle,charge_automatically,eur,100000,0,100000,100000,100000,0,1,1775474253,,1775474253,1775474253,1807010253,pi_30TzL0az9KjV4k7058FYJBfI,ch_3C1TUPBZ5EVjU3aF29smOuoi
in_1cyiLew08GzYaM0h7FBhPvwn,C0W8R4EX-0001,cus_uRygnC9QxXzXbp,sub_1Kpx2Ui0fTSDdrRPikymgj24,paid,subscription_create,charge_automatically,eur,100000,0,100000,100000,100000,0,1,1775492988,,1775492988,1775492988,1807028988,pi_3cSLwBUsazo6sczSeRlQdUIw,ch_35EliFbx9jdnGpbLY6HqC68d
in_1LSSgIJo7KxGalVtHSWwYTre,F0O5EJQ9-0001,cus_yv7JLpQlAZttTw,sub_12lCKWFAVm18H9cIMEAELzOz,paid,subscription_create,send_invoice,eur,14000000,0,14000000,14000000,14000000,0,1,1775562925,1778154925,1778418805,1775562925,1807098925,pi_39xKKi2ezP1xoSNjgR5gi9t9,py_33gCNXL7ID8IFZbJawyOlm7E
in_1VkvIqJHHSbjYcBVbkaI4P0d,SVKCEQSR-0001,cus_Lmrvkg4v4XNVds,sub_18UkfXVMj1rlQXffVgtL74Ys,paid,subscription_create,charge_automatically,eur,100000,0,100000,100000,100000,0,1,1775564126,,1775564126,1775564126,1807100126,pi_3J0Z939L3TqNEHY4dWXboxqg,ch_3t4cYPAmImYJNESvhbvuC3Cb
in_1mAYKF03xfqbBLRq9G74FfAM,4EHKOF0B-0002,cus_tonjpn1H4q6ULc,sub_1TRJOwgpYfd5DPJnsOLCnm2Y,paid,subscription_cycle,charge_automatically,eur,100000,0,100000,100000,100000,0,1,1775568634,,1775568634,1775568634,1807104634,pi_3Dxvc41L1xsb7tJY8KEvj77z,ch_3Akm1Gr3BTr9A9TMAcbdX399
in_11zDvdkJZ5D5S8m6vv6zrmFf,JNDAFWSI-0001,cus_XKVOYQNxGuZHE7,sub_1DOZEInXf6ktA8JJv3Wz814Z,paid,subscription_create,charge_automatically,eur,500000,0,500000,500000,500000,0,1,1775599327,,1775599327,1775599327,1807135327,pi_3lUlUtzmHoZW8bHztgwpc8Uz,ch_3ZsAuX2HgKCmDbzJuDXjpAu3
in_1n8PiAOYd4gjFzbRA7cyXpuW,744Y5GH3-0001,cus_9jaSdW1bd2tpJe,sub_12OnN4LuLIH10SS6N80brp9f,paid,subscription_create,charge_automatically,eur,200000,0,200000,200000,200000,0,1,1775624608,,1775624608,1775624608,1807160608,pi_3GeuGm6Rs9oAt3EGNh38EnCt,ch_3rETf29Y5k8Wvg2QLaMKk1Zj
in_1HXmjXNWOx8eApqKWBnHgQbC,7FGE79KC-0002,cus_wzebP6xHzanQ7I,sub_1oT6eetJnYl8J21GBWU4NejN,paid,subscription_cycle,charge_automatically,eur,100000,0,100000,100000,100000,0,1,1775639976,,1775639976,1775639976,1807175976,pi_3PVV6FvpjzUll3eiT041r6Dt,ch_3w18y4tX61BkUDpNvw8fAEWK
in_12mr3zeznIdVsov48HvKOFnw,N871ZDEH-0002,cus_oRj5dSEBFZsN01,sub_1SD8V4jhdHkcAC0UOhVgkCa5,paid,subscription_cycle,send_invoice,eur,17600000,0,17600000,17600000,17600000,0,1,1775649111,1778241111,1777304391,1775649111,1807185111,pi_3iZBdqBRMabFxHowsoIr15JV,py_3E8UkG7NuYZ41YKWs0cjCzjQ
in_18Did6RT0S85Tewika9Fz72d,JOZSDMGL-0001,cus_52FjufDphK15jq,sub_1U0zkW372OuTJzNQ025llpsQ,paid,subscription_create,charge_automatically,eur,200000,0,200000,200000,200000,0,2,1775656052,,1775656572,1775656052,1807192052,pi_3LtMYQSCXf18YhhKzs25zOcQ,ch_3cC8kFvF31IyPVVsxGqF879P
in_1zYZZOnunDLDlDmh5XPLAlUe,4N3DOOZ9-0001,cus_iIDQ64kFfq75GH,sub_1hazzBLmsjpnPhCacPgARkNq,paid,subscription_create,charge_automatically,eur,100000,0,100000,100000,100000,0,1,1775658324,,1775658324,1775658324,1807194324,pi_3lFXyWFSmGIn6usBIZE9lFmr,ch_379IdTNWL056Vlcaqw8GlruG
in_1jg8VJBNof4jRyoFC05WuWbr,FLZVKDMT-0001,cus_6e9UFrjWoarWjy,sub_1zUKhX0YdRdpUVoVwcmNlnmD,paid,subscription_create,charge_automatically,eur,59900,0,59900,59900,59900,0,1,1775659322,,1775659322,1775659322,1791470522,pi_3M5I1TaJGfgvtzKZoTTHZPLD,ch_3WPJdyhCiN0MvKUTmCxKgX11
in_1USB81V0YAX4PcvsVeeCyDqO,W4KH2AMT-0002,cus_kIHLf8ZdlEtigi,sub_1pS8MzI8KtAKLxi1nyx0Kspv,paid,subscription_cycle,charge_automatically,eur,59900,0,59900,59900,59900,0,1,1775663578,,1775663578,1775663578,1791474778,pi_32fk8b3nEYnvoSD7IiFWzKwY,ch_3liDih8mRHoDJUOG8uB3jKeE
in_19DNaBgrEFhDGemnZ3c7lc0B,0WM8WH8H-0003,cus_ZoI0Dc74f9VeTQ,sub_1lDuOrsmq8I2nO0bbS76Tali,paid,subscription_cycle,charge_automatically,eur,100000,0,100000,100000,100000,0,1,1775707589,,1775707589,1775707589,1807243589,pi_30owhyftevkUi7anU4rlVpCm,ch_3V9OH3lO12ZvUqKFbjhOgvlZ
in_1ADyMxmtGV0kWEpqOzJG9Xbs,S0U5KSEG-0001,cus_l16LUBmJpsuVTS,sub_1wqycS00ZiriJ3PIDLRE5mPq,paid,subscription_create,charge_automatically,eur,59900,0,59900,59900,59900,0,1,1775736721,,1775736721,1775736721,1791547921,pi_3NG6RjGmOW1jbWFn4oZqHaIJ,ch_3yUkihhSI3D9Vpz9P7DBfrMR
in_1L5WQnwdNISY7HmRCiICPJqQ,8OI4YIST-0004,cus_qDD2nUa4BNIK5j,sub_17LY3EwlSChxj8ClueG9O4Ul,paid,subscription_cycle,charge_automatically,eur,179700,0,179700,179700,179700,0,1,1775742631,,1775742631,1775742631,1791553831,pi_3KFXZIrjTJkeURD3njV5XsQ0,ch_3Y2Jl1GMuGNEFy25HLkZfqPJ
in_1R1YAK5bpsjB7NyXvFwFdZF4,TACI2QLQ-0002,cus_1nS82xoJxPbKZR,sub_1PEThMmQ0hWVJJhPIUQ7AA33,paid,subscription_cycle,charge_automatically,eur,300000,0,300000,300000,300000,0,1,1775813740,,1775813740,1775813740,1807349740,pi_3MmWEv1BcLdGGM2aoXquelSt,ch_3FdIJwzkmrsMvevn0hND5ic8
in_1vJEyQt552em8L3ZOOxNoxGL,NZ464NSK-0001,cus_cdcq7VrYhQxUkY,sub_1p1STmYIL7T5ylOIzMwJqhsH,paid,subscription_create,charge_automatically,eur,100000,0,100000,100000,100000,0,1,1775814710,,1775814710,1775814710,1807350710,pi_3ngt2Cx6JnTLK9iwy00jLlEE,ch_3KvDnxPxFjmH0XBzel5v62wk
in_1upwIMAWcV4eCaGVzQwR1pWC,I2OFFGRU-0002,cus_Lu63B9hH5p3U95,sub_1VzlRJqDjNcyD4wPWPsFWLmx,paid,subscription_cycle,charge_automatically,eur,179700,0,179700,179700,179700,0,1,1775815932,,1775815932,1775815932,1791627132,pi_3jKKQx9451EvtAxW4pCtRbDM,ch_31x2qYigEFYVZn7SsSBvEshd
in_1lFLUO4LFOaOz7JKjYiMzdZl,NBZ3KH0U-0001,cus_0PMW4WdIY45Alp,sub_1LV29Ql3K2rYWw9K8e8tIS7d,paid,subscription_create,charge_automatically,eur,119800,0,119800,119800,119800,0,1,1775831931,,1775831931,1775831931,1791643131,pi_3lIVm2oTBWpYRBb6cNpapSZ7,ch_3hXqJNeSarPOOHPJTmNkiFGG
in_1bR7t28ecc5wLbwJEdUqfJYp,CBSDL7RQ-0001,cus_2aWeCafz8IU3G5,sub_1pYfaIMNFkNeJy1Z1ztLn5XN,paid,subscription_create,charge_automatically,eur,59900,0,59900,59900,59900,0,1,1775843639,,1775843639,1775843639,1791654839,pi_3lbcDISX82YSfYw9y5qrrN0N,ch_3iG2vmMUOFKzDoqws8VBQrL0
in_1ecKkIYtjw3QtxOO1BrdUzdL,ZZ8UV0QS-0001,cus_ddW8lokZqWlS5w,sub_1BdNdDTt2sT2VIYqulUKg55Q,paid,subscription_create,charge_automatically,eur,100000,0,100000,100000,100000,0,1,1775986923,,1775986923,1775986923,1807522923,pi_3nXTEdS3uj6PF48SaXG4hdGx,ch_3c1YgxS4SxW13hEWa7LWLj0u
in_1aLgL3G4IWti95EsB9JqxIWh,2H5J2BJW-0002,cus_wy1Qg8OB6AhTrP,sub_10cFlBZb6n5JAU0sYyGhqtAQ,paid,subscription_cycle,charge_automatically,eur,59900,0,59900,59900,59900,0,1,1775993258,,1775993258,1775993258,1791804458,pi_36KSjieSu9Rtp7vXRv8AX3l0,ch_3yfssrhw8N08NVBrpZ4MDeNz
in_1Edo4aozWNwlFLrZPlY6cWKj,N75N71PI-0003,cus_q3RalVAA7FNQ3h,sub_15pLUkqIiKBPKXrQSKqIJuhu,paid,subscription_cycle,charge_automatically,eur,100000,0,100000,100000,100000,0,1,1776001983,,1776001983,1776001983,1807537983,pi_3O7QTC6BW1RB5Myal41vpDD1,ch_3yyDyuOC2lO5BEVehqYgOapc
in_1sxuN9tqZxpzg6UXlHRndYqB,UMOGX3OP-0001,cus_TOWsUtkPsXNMN3,sub_1r2TvnTXnVpzIBwOS0g3O3qm,paid,subscription_create,charge_automatically,eur,100000,0,100000,100000,100000,0,1,1776014749,,1776014749,1776014749,1807550749,pi_33gTm9c6bQ7AiT8yjslO3VGk,ch_3Jc0CZHzheFKlYSxI6EJSanu
in_1qC9KPnKDqv1kM9Vu5cBu4SL,I5DM5R1W-0001,cus_ZUiYUlnOkQiQAi,sub_1tvCMmdNTNLRfI1NdIm8W5c0,paid,subscription_create,charge_automatically,eur,100000,0,100000,100000,100000,0,1,1776105271,,1776105271,1776105271,1807641271,pi_3htEEyQLmIN6A0tmPjMVkIJD,ch_3bGRf5kC4FJhmnLyyiDIBdhE
in_1h5UaJW41Vvt7bgifIgRnDCN,6JOPX5Y8-0003,cus_24fW4oWsEPNlNG,sub_1UotgOslbbHg0HGuQKaMjdKu,paid,subscription_cycle,charge_automatically,eur,100000,0,100000,100000,100000,0,1,1776253809,,1776253809,1776253809,1807789809,pi_3tKV45srASewGsmp0mwuyLdq,ch_3qTLqT0GMTMQoCsHNikJ0wOi
in_1lCoEscAZlt6DBsoHC9xDWIk,F0K34BP6-0001,cus_BKLVFxt3yg3Dbh,sub_16sn4HHLvouCn6uXohhFSIM5,paid,subscription_create,charge_automatically,eur,100000,0,100000,100000,100000,0,1,1776256348,,1776256348,1776256348,1807792348,pi_3inIy51pkBKnGmfvzDmBkmG6,ch_3duFFtLM1NxNACpR4DPUITWg
in_1ctQFCyn23h1EbtNea6QaimP,T22GZ7NU-0001,cus_cNEfSNGqfNtXYJ,sub_13sSzr0mIx2dl73x0QWZ0J1J,paid,subscription_create,charge_automatically,eur,59900,0,59900,59900,59900,0,1,1776267691,,1776267691,1776267691,1792078891,pi_3s0mPUO9HXDWwziZ4gTKRa5H,ch_3jc04cJbCInMVFPDDyHth9t0
in_1t9WWuwtuK7RIgLY1nBbJrQs,BPQSJ0YL-0002,cus_ugnvjfoCycBGqL,sub_1tTuD5YNEqQVuCo5Q1oumhCP,paid,subscription_cycle,charge_automatically,eur,59900,0,59900,59900,59900,0,1,1776269737,,1776269737,1776269737,1792080937,pi_32faFJlnmhpe4ZDHuJmWVM17,ch_3rdz2JxY0agFg7iKVqa8KchH
in_1NExyK8HrPcBvuRwG64Tt3JH,8OG6MUXJ-0002,cus_RQLUYSyUB28Ref,sub_1cszlgwxZk7m9ekMo23tMkdh,paid,subscription_cycle,charge_automatically,eur,100000,0,100000,100000,100000,0,1,1776279404,,1776279404,1776279404,1807815404,pi_3Rjj1GJJGoP6wC8MKPeHoCgz,ch_3kFi7JW6jFupX2ZguO8o7Wvf
in_1Fk5UECOBl8MGE87cJmjo45q,B661327D-0003,cus_GTZPbnaMZKMf3w,sub_1C78YutKu899RGtXjWgDkTWo,paid,subscription_cycle,charge_automatically,eur,100000,0,100000,100000,100000,0,1,1776316569,,1776316569,1776316569,1807852569,pi_3l05BG3iEiJNVYOr8mjnapus,ch_3QgnTB3iZHy8V3uzc2IkHHAL
in_1QinWlURTV2q8ydd0tYiJ4MY,GA5WVAW9-0001,cus_BHNz3EMb1KJwIM,sub_10uk7U6Ave8AfxmGCma5VsHY,paid,subscription_create,charge_automatically,eur,100000,0,100000,100000,100000,0,1,1776329166,,1776329166,1776329166,1807865166,pi_3GeFqbDEEPwK8Rem6a91yvYN,ch_3Hi6ju8ONTpHu0TZko5lTaNz
in_1qXDK5MAFjXvn5uaClZnNy7H,APFU8SMD-0001,cus_GGn9EUrGShhLYB,sub_1ysvvMTnwhL5xbwNnPsN3kcJ,paid,subscription_create,charge_automatically,eur,100000,0,100000,100000,100000,0,1,1776338545,,1776338545,1776338545,1807874545,pi_3Z4uL7qOIPIaVb93WKtwC34W,ch_3AUQPqFB40dcZ4rOodKO2dwt
in_1vzDDoPzVH1mr60U3SNLrzT1,OJPPDZFZ-0001,cus_dfWBRcSAY92ilF,sub_1qvB2fLfXbjVW05uEG3FjEA6,paid,subscription_create,charge_automatically,eur,59900,0,59900,59900,59900,0,1,1776340535,,1776340535,1776340535,1792151735,pi_3xGeCTuQvN0cPfcDaxqCGUIb,ch_3yPOvcc2sGGbDEN8Zt1ichJk
in_1H1Gw8jJlhPS49X7V7H7AO7B,KEZOCW7J-0002,cus_1j9shvbmvbAbEt,sub_1K8rqVPLZMoZA473K4ry6hWI,paid,subscription_cycle,charge_automatically,eur,200000,0,200000,200000,200000,0,1,1776368589,,1776368589,1776368589,1807904589,pi_39qegiYr7ZPZMSTZNoua2D2I,ch_3TqJ4xT3Egp0WrVx8YL6fiUp
in_1Azq4OleRzpJh5XChLHjGnCn,Z5M7QCW1-0001,cus_zfBgRpdqAWCO3A,sub_18exOdOztPu2CnthdLxBsOAT,paid,subscription_create,charge_automatically,eur,100000,0,100000,100000,100000,0,1,1776368835,,1776368835,1776368835,1807904835,pi_3XWGphBGEwIpMcER5fzupvkk,ch_3asUEkpgwPMEmgGup28PkNKE
in_1Asz9OsAd3Tt6t2e0prOOAD5,5NL8CU5I-0001,cus_OKjUidxlIfFNVA,sub_1AareHUntimB1BS7YY94OEic,paid,subscription_create,charge_automatically,eur,100000,0,100000,100000,100000,0,1,1776430259,,1776430259,1776430259,1807966259,pi_3IkK3SWQLqhPbTFinYAPgXlZ,ch_3Ql4y7J15oh1M14PgPaix5Xf
in_1I84nNFniOOUMMCBf3aGiGKg,OQL12A85-0002,cus_dFeG8SFB8hVq3l,sub_1EzPn5bzPoDerppkbYpLbY3m,paid,subscription_cycle,charge_automatically,eur,100000,0,100000,100000,100000,0,1,1776433413,,1776433413,1776433413,1807969413,pi_3XUiDufnL5cTUnUGAKkorw7G,ch_3Wkt8E4aQO8JVWjIXgNEzmlE
in_1BtwGJaSLYNu8SIgfIn2YvgJ,01Q77DEV-0004,cus_lbGcP3lQchBIFi,sub_1LKfEA2yd3sOvMbwH999PQFc,paid,subscription_cycle,charge_automatically,eur,200000,0,200000,200000,200000,0,1,1776446318,,1776446318,1776446318,1807982318,pi_39t8xBqonYUWNqGN2CbnRGMy,ch_3CDN7KYzYEYbeKozwTrZtmIk
in_1Kc452c5R2l8FFcuHgu9ncaF,9YFU5016-0002,cus_yOpUxx4naxESwK,sub_1pI5j6WSFnFdfiujogH2VS5v,paid,subscription_cycle,charge_automatically,eur,299500,0,299500,299500,299500,0,1,1776453367,,1776453367,1776453367,1792264567,pi_31rpmnr0lP7aj9bzaBRWy6I3,ch_3VoEVtXAkF68JLDfcLDYoOjG
in_1o3qLXoph1ufIZFVDGJWQqdI,XHQAFHO7-0005,cus_GIiTsIJ8fZWwT8,sub_1ivEdNpHySf2xM6pRu5VTWNh,paid,subscription_cycle,charge_automatically,eur,200000,0,200000,200000,200000,0,1,1776510823,,1776510823,1776510823,1808046823,pi_30E8JuZSTJSN8TV0OwKSRekq,ch_3GrH4naoRKjbnvpXOd2CJqq1
in_1kFJEXAGKHsllU6rNAhg0218,M2OOCVSV-0003,cus_CMrW0x0fTwtW63,sub_1rCidbGzkh9Ri8UWuQsyZckP,paid,subscription_cycle,charge_automatically,eur,100000,0,100000,100000,100000,0,1,1776596571,,1776596571,1776596571,1808132571,pi_3yVWrd1EvtX67lqkSVHSM3so,ch_3Do6BdT6EOfMi7WRkrSYYmE2
in_1hrDEZSDbqpekn4YcfTVU7kx,D1I72CM9-0004,cus_fm3MXLHDtpzSUL,sub_1n0PT40FisdNWGV4HMq6GZbp,paid,subscription_cycle,charge_automatically,eur,119800,0,119800,119800,119800,0,1,1776603016,,1776603016,1776603016,1792414216,pi_3KBkC8Mk52C8pC9TEYBflMe1,ch_3u2p721QFEDtY4dhmfpqZe55
in_1aREfGKdWFFFP2Hbd8AkocQD,GH6E1J4C-0003,cus_sKo9ohkpbIyoLy,sub_1v8sIMerzASpoPBVk0g6AlQ5,paid,subscription_cycle,charge_automatically,eur,100000,0,100000,100000,100000,0,1,1776609429,,1776609429,1776609429,1808145429,pi_368jbrOVR2v8Arzn4fpi3qiq,ch_33z47vFU4gehJsuoYaKVjpso
in_1r5lULfJRRAfkgabHKVouJDB,WNGI2GXC-0003,cus_99wBExWJPNOD0S,sub_1cpOWXxpCZ76nNOleXnZNcQP,paid,subscription_cycle,charge_automatically,eur,59900,0,59900,59900,59900,0,1,1776618930,,1776618930,1776618930,1792430130,pi_3OqlTGAAa3pf7nAn9wp20WpY,ch_3vhHsq3EHUEjCWGtNi7pOaNG
in_1QZrlYEQidNbSPSDzOuofZQA,WN7FTWAA-0001,cus_ZuONtAjmE5m8XA,sub_1sCZZ7qhZpTHUTKJ6oMLz1JM,paid,subscription_create,charge_automatically,eur,100000,0,100000,100000,100000,0,1,1776697294,,1776697294,1776697294,1808233294,pi_3UEiz5xFXztLavdjKDBr0Kx3,ch_3HnWnpgeiXTYU0Deg0kaIyx6
in_1s0KXDHNFKKweB4oAEBSxiL0,NELJKC2T-0001,cus_kHyfKfSlP1Ey2Y,sub_1d3GwGoqsDSjx8FBrA6GCZyW,paid,subscription_create,charge_automatically,eur,59900,0,59900,59900,59900,0,2,1776753193,,1776753383,1776753193,1792564393,pi_3RRvUXQH39XXtoA0ImDopf0J,ch_3zWj7MWu0oi673SWJchOPVRh
in_10KrGmPuhdumviK3BYmUb1Bw,L4L8ZBQ8-0002,cus_0CwxwuRUaQIxsS,sub_1sNXCaVqR7rHufdRxWTOZmXb,paid,subscription_cycle,charge_automatically,eur,59900,0,59900,59900,59900,0,3,1776773005,,1777469305,1776773005,1792584205,pi_3O6r2An7SloSWAG7qYnkAOht,ch_3E08hpV16n6CUfTDciU9L9xX
in_1udhcEI0Ag1lZWUGOWlvgMLo,8GZLKT2L-0001,cus_74uHxfIIdZIWLq,sub_1nL3OHJdrHDNYCxOmCmET8hM,paid,subscription_create,charge_automatically,eur,59900,0,59900,59900,59900,0,1,1776861733,,1776861733,1776861733,1792672933,pi_3sMVGbXEJJgDRu6VWp3jtYZb,ch_3y4PyZCcYQsFFsUFm31VF3QC
in_1gqezmlfZfej4OJwwajXbLQz,WMBKU11V-0002,cus_02RRnHXFbjWUta,sub_10obGwTQeUAakmIdAaDvJA9x,paid,subscription_cycle,charge_automatically,eur,59900,0,59900,59900,59900,0,1,1776864999,,1776864999,1776864999,1792676199,pi_3raNKisz4kRLMG7d30EKgque,ch_3CAfDWVt5nL1WfNT1NcdyvdZ
in_1ip4tcXOujP0YXuKaiuFG5Yb,J6KCBNTN-0001,cus_ozP0ICorUdjZWZ,sub_1FXlYOpa7On0FlxmS6lY1wj8,paid,subscription_create,charge_automatically,eur,100000,0,100000,100000,100000,0,1,1776958047,,1776958047,1776958047,1808494047,pi_3CPBEG7LThgELeTwgg0tFczp,ch_3PBkOfHjLpMc36Q4NkYRnHAu
in_1SqwhmRkzZdzGqVLmIMXvywd,WCJO69YA-0001,cus_Xoau5HHmlke7Ru,sub_1ULvCtbycCvgdplcJngUlGsq,paid,subscription_create,charge_automatically,eur,100000,0,100000,100000,100000,0,2,1776958821,,1776958948,1776958821,1808494821,pi_36rj5b46VoEPUX2MJlCuPM3v,ch_3TveZuY7qb8JSY0FzspjWrKp
in_1KDRe1AQrmeJf6s27hu2QxrG,Z0EOCJKN-0006,cus_hdej5FSntQnpHl,sub_1CHJVTpsgXIZ7OkvwTU8lXA8,paid,subscription_cycle,charge_automatically,eur,179700,0,179700,179700,179700,0,1,1776966910,,1776966910,1776966910,1792778110,pi_3UnNEWPDP7ppy6dHKD6UWuiZ,ch_3QtNe9ria1NeLHOwL9q9RsXZ
in_19T523XvJ4O2jlLWhj8vxHd4,WGMNFJ29-0003,cus_XwJlyxPQHHb7FX,sub_1RQJBs7uaMhKg9zdhAS5nuaP,paid,subscription_cycle,charge_automatically,eur,300000,0,300000,300000,300000,0,1,1776974480,,1776974480,1776974480,1808510480,pi_3oBwyQLesHtTtsNJlZBnAxZY,ch_3SXnTBOGolR6AGC6Be7Q1kIO
in_1FYz0a1ZD1SJAMW76KNgiAQA,EXJCOEXT-0001,cus_x67o96B0HcfT6k,sub_1kuI2AwucG24luDAXAEs8rcy,paid,subscription_create,charge_automatically,eur,200000,0,200000,200000,200000,0,1,1777002990,,1777002990,1777002990,1808538990,pi_3zwd6sWGVst9rSrBh2U9rKDo,ch_3c3cpN8BmOf4bk7Dj0Pmbwhu
in_1OF82hTRgTDU3YlXSmUi2jnh,K8E5MC1R-0002,cus_vBfHftDZytJ6wa,sub_1UFciX0xfgooK1oI4wyNS7e3,paid,subscription_cycle,charge_automatically,eur,59900,0,59900,59900,59900,0,1,1777027274,,1777027274,1777027274,1792838474,pi_32X7ZbhbVmCoeny89d4Ko2rl,ch_3ANjzznrxzVGKlDCR3CcfSVu
in_1oWchk6J6dLuKby6HdIMvgGh,L7QDKL5B-0005,cus_fZ7M3RzTyM3mqp,sub_1EsnslalWjEgsnJjqIuFjP6x,paid,subscription_cycle,charge_automatically,eur,59900,0,59900,59900,59900,0,1,1777051423,,1777051423,1777051423,1792862623,pi_33Vz0yicEg2Ue0HPmzmNrfXy,ch_3HyWG5mHfwsNtIWEQiE0Rqyt
in_1UuTgPZlTL6V8hkmYUfUsBwl,F52M4PJ3-0002,cus_VQRS2T8KW63YkQ,sub_1E3xBQQ0AGcZNEClWiKTyWyK,paid,subscription_cycle,charge_automatically,eur,119800,0,119800,119800,119800,0,1,1777057429,,1777057429,1777057429,1792868629,pi_3r9La4f0o3DebkxRc6TnSAAl,ch_367fh1bPqNGzNnFSQcjZByDQ
in_1rCM64xb3tXdsvqULfuJIRGG,H17EMT6X-0001,cus_iOthBqqaJic14O,sub_1pt32fR7hqGsN8SQmQxuzMBj,paid,subscription_create,charge_automatically,eur,100000,0,100000,100000,100000,0,1,1777072520,,1777072520,1777072520,1808608520,pi_3HF243IpDUA9eTPNrH2NJ0hj,ch_390JtQM4BoRQsdgnsbS5fpSt
in_1KIEek66boVbSqzWR5pV8Bgl,6Q0210JL-0002,cus_hS8haRpUVpqSWS,sub_1zW3iNGoTjJtrLZICtyklBea,paid,subscription_cycle,charge_automatically,eur,100000,0,100000,100000,100000,0,1,1777113817,,1777113817,1777113817,1808649817,pi_3Xm7bF20NI5LaP4ZS6MGe7bL,ch_3ccX2kFi6yNlhfT24RkmZNOu
in_1H7oLSTrepvE8oblvcGidpIP,R1MG4NDU-0004,cus_DggFIYVxWwy85O,sub_1oPSEEokEW8xF1pVkpYijWdZ,paid,subscription_cycle,charge_automatically,eur,100000,0,100000,100000,100000,0,1,1777128412,,1777128412,1777128412,1808664412,pi_3mlL3HoNtshStSRTw7kF4Ni8,ch_3CPOaNR8BdhSWTKW5as9ZTY0
in_1z13KxKTbLH5RKm8kVyWVDzc,L17LGZZT-0004,cus_Izl1n8skdNGsFQ,sub_1bKIo3RlXPGuM2p3nobnZQOC,paid,subscription_cycle,charge_automatically,eur,100000,0,100000,100000,100000,0,1,1777130291,,1777130291,1777130291,1808666291,pi_3YefiRu5zvEQiDQcCMT56YGa,ch_3FwEhfrEkSzCLf6bXTL3V3oZ
in_1T8DLp9yb6WTL7b5zql3AlU7,LK8VVYV3-0001,cus_AKdCjzlLlFm2nx,sub_1tHIWZ3HR92DDOCFY5LGHeqB,paid,subscription_create,charge_automatically,eur,59900,0,59900,59900,59900,0,1,1777143952,,1777143952,1777143952,1792955152,pi_3cgTel9iA6RV4z8cd7PlKOgg,ch_3vbNKaiurzXnKtI0tDBrtt0y
in_1ZnjVZeJzLiM7hE7Ag4ncyPJ,7JA6Q01V-0001,cus_to9aBdlhUkx2uo,sub_1lKN7qLmsOrK2wlouxde07jE,paid,subscription_create,charge_automatically,eur,100000,0,100000,100000,100000,0,1,1777282323,,1777282323,1777282323,1808818323,pi_3k6rpPr15Jv7Cv8sl0lu5WuP,ch_30Qca3c72XeuzrcWAp9rePno
in_17rmimuf4FWMeyItxVDtVyCy,1WVHLRIJ-0001,cus_8utfHFNvDetGTh,sub_1FllGoBlsTmJfQ7z8cyTIhCt,paid,subscription_create,charge_automatically,eur,59900,0,59900,59900,59900,0,1,1777286266,,1777286266,1777286266,1793097466,pi_3iluXzMwGUvopi02zk84CKBf,ch_3qDMZSMKMBmqA51uKMfqGAP1
in_1NALFbdRWpUc0pS2gtsTsa2z,T435JG88-0001,cus_6IfOgSa73jCyl7,sub_1peZ8q0prCL0e6iG5LVuJsW1,paid,subscription_create,charge_automatically,eur,100000,0,100000,100000,100000,0,1,1777289722,,1777289722,1777289722,1808825722,pi_3mbxOIWoCHiMXTF4zYrXkAsN,ch_3ihDxQXsTwnTLWwTryDzNfN7
in_1l0Z29WVndxXFSaaRd44FSLo,KMB1SSD0-0006,cus_JQAKTmTXf4ZIrd,sub_1fsQzpE3AXkeIWq2VAYz8xYE,paid,subscription_cycle,charge_automatically,eur,119800,0,119800,119800,119800,0,1,1777361355,,1777361355,1777361355,1793172555,pi_3dQAC4CAVolLCLmKXLHoBANy,ch_3vgqGo9kK3SxL3RcZHUpePwX
in_1h0c4JEDWCQuXcWGs3h24ZGp,WXAEXKHM-0002,cus_pAhTweS79KVc5E,sub_1QMlywWpOdmxIkxcgcMl7dRd,paid,subscription_cycle,charge_automatically,eur,200000,0,200000,200000,200000,0,1,1777372540,,1777372540,1777372540,1808908540,pi_3GXVS53kv8g3stWIsN4pzABR,ch_3Qi7MCthpIhYXMnlLciCqh6R
in_1p3cdH6t01ru22hgrU5dNdL8,4CZH1SJ7-0002,cus_62NdLrENuQQQFK,sub_1AwQiSsyRsuqxv6Nd5tJd27Y,paid,subscription_cycle,charge_automatically,eur,119800,0,119800,119800,119800,0,1,1777409793,,1777409793,1777409793,1793220993,pi_3wPfqkkv3vAeb5VUOtV97EmZ,ch_3DWNQQzyiZRrWaT02BjyJq1O
in_1DeUOaQTeelOq9lFPYJadfOX,5LNS2UO7-0004,cus_pHl9jtaFjfxcdo,sub_1Xb6voXyxQhS3BXRjA8e5k5O,paid,subscription_cycle,charge_automatically,eur,59900,0,59900,59900,59900,0,1,1777453456,,1777453456,1777453456,1793264656,pi_3wWuQNg9pDoYfflhNZe4CDLk,ch_3u1nGTe47cRr8dKEjoD3vrcT
in_1Yb4FtN9dgO9fnP7DHytKxUV,7R0LVELP-0003,cus_Ix1BhSYxt54fKy,sub_1gRbV623uaZyHiIJYEw5nbV0,paid,subscription_cycle,send_invoice,eur,300000,0,300000,300000,300000,0,1,1777466382,1778675982,1777905402,1777466382,1809002382,pi_3ygO2Xzjji9g51zhDmqMpjcw,py_3SEFVpUtjNRMzXbVlsPooG7R
in_1aCCuhtRGNdrwkudiXnYaNMr,109Q0405-0002,cus_kYEIv2avuhs9Gq,sub_1R64lIKnH93SPdeKyGtyYsyt,paid,subscription_cycle,charge_automatically,eur,59900,0,59900,59900,59900,0,1,1777468195,,1777468195,1777468195,1793279395,pi_3Y5BdZnOuaxrAFmTEhPOnBvC,ch_3GJt0t5PyvXTr6K55iFlfHky
in_17Y5u68p5R1SCGrM7baD1AiU,4OSYUNK7-0001,cus_Hd662IfuTag9fS,sub_1XrUwnALsjH7JKTcg6u0n1p2,paid,subscription_create,charge_automatically,eur,100000,0,100000,100000,100000,0,1,1777483466,,1777483466,1777483466,1809019466,pi_39XmsI9Psx6rP4jp6YrZXsCC,ch_3XWl04b4X0qoZ1lUQGmr8unA
in_1aCXahqiBLvifd6eZW0SbUiZ,VS1LD7FY-0002,cus_OqvAc3VpwELyaW,sub_1yerxsnw81EgqCkAL7AxH1gn,paid,subscription_cycle,charge_automatically,eur,100000,0,100000,100000,100000,0,1,1777541617,,1777541617,1777541617,1809077617,pi_3hHAFRNQlOLhbpgU2sQ0Znqn,ch_3B0UCPVwM79aPSlK4xM4ozti
in_1nWbWlJOhEaFbnVTJfV1j6Gh,W80OC2IZ-0001,cus_m9Ewe1B9u0Xod2,sub_1nSAzuliNkEisFIGgDbXbYmM,paid,subscription_create,charge_automatically,eur,59900,0,59900,59900,59900,0,1,1777541828,,1777541828,1777541828,1793353028,pi_3byvvyOkpMGTC0euA3AOxbUI,ch_3QLIlWv8Cz7V2THVoDDrOmsY
in_1SrstBkSlcGAOE2aWgcARNFn,Y67XB1L5-0001,cus_VoSoqRNUzO8nu0,sub_1SAlj78oLZ9nSF7JCyq211NF,paid,subscription_create,charge_automatically,eur,300000,0,300000,300000,300000,0,1,1777544571,,1777544571,1777544571,1809080571,pi_3JdJAEQEqhW2wjP2i7s9HcfD,ch_3uQWK0n13yzztC2Gy81OnSOb
in_1r3X8XItQmXy1GSvU7BqVKEH,XMQTWBB7-0002,cus_JQfVwd0DMoSQKZ,sub_12EfkEnWuVnCo7xa0HFEUUUV,paid,subscription_cycle,charge_automatically,eur,59900,0,59900,59900,59900,0,1,1777549201,,1777549201,1777549201,1793446801,pi_3rDJMyhGVW0PdMWfT6d49kpx,ch_3tAPhhbjCKW9UgIXC6bRxynd
in_1X7ItU2fTIjVq5HOstHzSG2h,JQK7A7NZ-0002,cus_ft0gXMMxxEUzzH,sub_1KpcwPv8L2L1faqIUgU7bAEQ,paid,subscription_cycle,charge_automatically,eur,100000,0,100000,100000,100000,0,1,1777575712,,1777575712,1777575712,1809111712,pi_3XuuEHQEk98zwvt2NOg0n7Ie,ch_3GXRP4eZHF4GfP4KLGo3MO6p
in_1ZyomI1rdHYTBE7MRQmn0ERU,8KY4QT1P-0001,cus_RsTTFRI5HMEEvb,sub_1DPdzv47QZwAWblJfkKGUlP5,paid,subscription_create,charge_automatically,eur,59900,0,59900,59900,59900,0,1,1777592520,,1777592520,1777592520,1793403720,pi_3o1d03hAwoVq5VeYcHRK3dss,ch_34VvJAz294x7M9CtSRyNPfCT
in_1GXPOtrDglZZQPVO7RobP65Y,BMCJQ3GC-0001,cus_tpwXBwQgF97xJd,sub_1VDNFsVsB12dEvt2qkkuavRJ,paid,subscription_create,charge_automatically,eur,100000,0,100000,100000,100000,0,1,1777621601,,1777621601,1777621601,1809157601,pi_3vwCEhFrlcXRmGBPhkmXLmYn,ch_3yUTQDEwh4hul9oM87zJtxz5
in_1KltR7c6dqz4Nd0Fout71mJw,6D4SK19Y-0001,cus_zALOPDbouoaabX,sub_1mO4EQQNDCKwCxbul4KR3Ppp,paid,subscription_create,charge_automatically,eur,100000,0,100000,100000,100000,0,1,1777623617,,1777623617,1777623617,1809159617,pi_3oaP3KmOxaKcjVTfBwaus0B7,ch_3uHKv982dBTUIgGblDqxMbV1
in_1VM6vqwkjwgj9PoybkRy3FbA,ECKK6KG9-0003,cus_O9VRwcZXbIK6pz,sub_1FSegpncgKS2Ib7BwGLsE6yt,uncollectible,subscription_cycle,charge_automatically,eur,100000,0,100000,100000,0,100000,3,1777631247,,,1777631247,1809167247,pi_3zcpZe16Gp2ZTkQYl1yNbvwv,ch_3AEcJFJu2gIOiSGXE94aDndD
in_17Cn8664aFFFbUhAlHSmaUVa,AUW8M4YB-0002,cus_TT4OoML0bbdkIO,sub_1pDwFc7AETAm96QybnYAsO7c,paid,subscription_cycle,charge_automatically,eur,59900,0,59900,59900,59900,0,1,1777638730,,1777638730,1777638730,1793536330,pi_3b3yNCbOPX1jCgAQjnlSMcrO,ch_3V1ywSQlqHWhJNcWWbWlKYqg
in_1Dc3HKfZZBAgS8CMPmYQiD7L,MYMKF1TO-0001,cus_7OMLCxfMYLC3HH,sub_1nv2fWahi6e9PsdgkoIA2Z5C,paid,subscription_create,charge_automatically,eur,100000,0,100000,100000,100000,0,1,1777700252,,1777700252,1777700252,1809236252,pi_3H6cvnUp5lrpkjD3cSuZt1Hy,ch_3YnFRpEvaA3XSi6KVQYH3rRF
in_10MU8ivcT4tPH36DSyvAeJTn,YWGBGRKZ-0003,cus_s6IZhBOFzW0LYl,sub_1Qrba8Vl4P12kUY1bEmAdIr5,paid,subscription_cycle,charge_automatically,eur,200000,0,200000,200000,200000,0,1,1777720554,,1777720554,1777720554,1809256554,pi_3gN3c5KM6ZIwwbyWEDZFOiLg,ch_3ttMT8k1K1OiUGeoWno0hJln
in_1bA71LidrkeK1AjGSsh3j3VR,SOMBEAZR-0002,cus_UytuPssvZE2lJA,sub_1ZthBwqcErIEjCUp4X7QsV3W,paid,subscription_cycle,charge_automatically,eur,59900,0,59900,59900,59900,0,3,1777817769,,1778509749,1777817769,1793715369,pi_35UrkLwE8vk8vCl16HilcJ61,ch_31xY9Vp0Jp52uZI9quBF7Y2e
in_1Oo7zesizJl0RAHZx2CIv3U5,XC9NMR0C-0003,cus_sOpxIc9UMyTzam,sub_1UC5Ecyi0QqZi9aZWYJrUFj9,paid,subscription_cycle,charge_automatically,eur,100000,0,100000,100000,100000,0,1,1777830497,,1777830497,1777830497,1809366497,pi_3DaNxcxDplbMzu6MCsYLmzNG,ch_3q5iknjs5UvLA924rLaoTTEf
in_1K8auRYQRAq0UGSnTMYlzO82,5AM2FO0A-0002,cus_UovvPhdZoZLq5X,sub_1B7FSleMLNSBfqIWliVkXf9x,paid,subscription_cycle,charge_automatically,eur,59900,0,59900,59900,59900,0,1,1777871955,,1777871955,1777871955,1793769555,pi_3nI4WXsNndbuQjKTagA9m1gW,ch_3SK9QEUaUPX1q5jAjPEKYYYj
in_1X6hmMemnbWPQhORSS4zLjjJ,9N0Y3MSV-0001,cus_FzC4QulxVugn9I,sub_1mkdsL02jbR3zOO59fulcF9O,paid,subscription_create,charge_automatically,eur,59900,0,59900,59900,59900,0,1,1777989785,,1777989785,1777989785,1793887385,pi_3U2BL3kiNIsxussFK92MkKR4,ch_3AGzacMpUqIrwSJ1emIZLupW
in_1apFhCQq2SyvNP46PNODrmTn,Z6S7HVMP-0002,cus_ON6Yxt4rm9glu4,sub_1E2AUdg4cP0pkQ9AST8wFeGp,paid,subscription_cycle,charge_automatically,eur,100000,0,100000,100000,100000,0,1,1778044783,,1778044783,1778044783,1809580783,pi_3TTRc6Wq8PDamBs4biBy1gYO,ch_3uudH9P3RjwITrgCYKSHtzRM
in_1wzh1oDSVrFwXx1xus1Yy1F8,MB27ZFNF-0001,cus_pMMKkuzRhuMy7q,sub_1yzyoGdJT0CkqFhahloqyLZg,paid,subscription_create,charge_automatically,eur,100000,0,100000,100000,100000,0,1,1778045018,,1778045018,1778045018,1809581018,pi_3rSmRYDWlTkFHadXAvYE6nFt,ch_3TYoEjSbnbiAQsvQ8QmVmw58
in_16DPM9AedRWhUhABxsEeUJfD,0KH91A6Q-0001,cus_KDCkK6BD2zg5aA,sub_1ztUSqfwzVZBMYzvGy8Hpik1,paid,subscription_create,charge_automatically,eur,100000,0,100000,100000,100000,0,1,1778046290,,1778046290,1778046290,1809582290,pi_3lxtuip54PEIHtofIspOy2R9,ch_3YJiRauCiG7f9c9q4Wx2RQhK
in_1zLyqBQuz1u7Y2yfaWYXghUM,WWZNTIP2-0002,cus_soZodIOgdfAXh6,sub_1lTQuIiW7Q4j4cn7F1JV4UoK,paid,subscription_cycle,charge_automatically,eur,100000,0,100000,100000,100000,0,1,1778071613,,1778071613,1778071613,1809607613,pi_3OeGUHBEI6ruTGWP2jhEEIig,ch_3fcBF418D4FXwlDuueBqnVFk
in_1nLQ5dooFKXNdfLuA9LmRf84,LQ7XDG9D-0003,cus_hJ5oFvMrTUgTOD,sub_1tsYkrkAtNLTjOBtEWeMGHDy,paid,subscription_cycle,charge_automatically,eur,300000,0,300000,300000,300000,0,1,1778154250,,1778154250,1778154250,1809690250,pi_3ZDONV4G3sDYnWUJx6IvyE2U,ch_3V7MgkFLR78xL3CjsSxmtwPJ
in_1Xdz7aDWPwZgD4IEMZa8pFRi,PS793YRF-0003,cus_PenpJSt304KbMZ,sub_1ntD22D0lTVs1sxqEepIoB3U,uncollectible,subscription_cycle,charge_automatically,eur,100000,0,100000,100000,0,100000,3,1778164962,,,1778164962,1809700962,pi_3Ngdi5DfDafZSwIJkHmNjh5f,ch_3KVEERHT409lO2BoHCJoYJCS
in_1RrLGXiVJSeB2FOSPtA02tWg,MDV85TBS-0001,cus_cBpUPo1wUvJc7J,sub_1DJy5nTY5N2U5qhmaz2J38ES,paid,subscription_create,charge_automatically,eur,100000,0,100000,100000,100000,0,1,1778232113,,1778232113,1778232113,1809768113,pi_3mASblPLLTDlzQWBYu5KT9ej,ch_3wHAbmt46khI4BhUW5IxKbXA
in_1XA4qpPXMBlC5uezb49KTWVY,7ZMZCMGV-0004,cus_zxnYfDyoy27lHa,sub_1or06fL6LsWCXx6wi5PB7bm6,paid,subscription_cycle,charge_automatically,eur,100000,0,100000,100000,100000,0,1,1778235892,,1778235892,1778235892,1809771892,pi_3JxWH5LKekaDiFNGzQn5LrJm,ch_3kVcvVBFPc3hjWMWtZ5pDKv8
in_1up0XtjwPYhlHGgrC33ze2NC,C04RI5UW-0003,cus_rVq6GEzXZD9j6r,sub_19zpYgRMmzFpzwYNgjBEX23c,paid,subscription_cycle,charge_automatically,eur,100000,0,100000,100000,100000,0,1,1778237440,,1778237440,1778237440,1809773440,pi_3qKBcK9iXNKIrQPGH2lbx67m,ch_3drDrZwx9qZrdwBaaFHawicX
in_1dnoX50sI2rR9hnK8ZtGBIXF,37TXWC7N-0001,cus_bVfVXd6q8QTdLA,sub_11rb7dWZlWKApgfGpkwcWLx1,paid,subscription_create,charge_automatically,eur,59900,0,59900,59900,59900,0,1,1778242107,,1778242107,1778242107,1794139707,pi_36q07opYO3rVCWibWze5xo1D,ch_3dd0TzXrwtdXDWnNr1k2OJ6p
in_1vV3VdRi64BgNjIj7v9ouhtT,60Q7GSKR-0002,cus_nxZBd5FrEjnvaW,sub_1dwoH8NeUHtCp0VxiDhz5h9w,paid,subscription_cycle,charge_automatically,eur,100000,0,100000,100000,100000,0,1,1778324760,,1778324760,1778324760,1809860760,pi_3QDXp1Bx2i5L3PwFr3McmJWb,ch_3f8yN5h370ZY0f5pJtjcfUYA
in_1tz2YdUeJEAlLnFw2hZLkstY,UM34B7QV-0004,cus_XM7INayrOEZKPE,sub_1I9sfPxM1Dc3zQhJVUTEK7d1,paid,subscription_cycle,send_invoice,eur,100000,0,100000,100000,100000,0,1,1778408157,1779617757,1782386397,1778408157,1809944157,pi_3H87g7hFp7qhrGujDnVn5x5P,py_3Iv0xMBVAqPMj6YM5x2ALWKn
in_1rNkBHfP4SeMm3uSR7AGDQja,C0HMBCK8-0002,cus_ZcSqh7flXyX2GQ,sub_1CSIVxtZaFdXKppaBdYv2JM6,paid,subscription_cycle,charge_automatically,eur,59900,0,59900,59900,59900,0,1,1778425260,,1778425260,1778425260,1794322860,pi_3cg5Ets9EpRdJfwQKjBB7pca,ch_3up7uqy6Vs3kmWFx7WMHcLk9
in_1Oi7ugtNzlxF3kzYNm5xzVXx,B6MXVC4I-0001,cus_9CTWjNPK2X5WDo,sub_1kh6Z9Elfl2rKdXqwklVbHkv,paid,subscription_create,charge_automatically,eur,200000,0,200000,200000,200000,0,1,1778499320,,1778499320,1778499320,1810035320,pi_3zZKvsVypFlV0X0LyvIPO4GC,ch_3htL9ZOjTGcB7X8qWeyC0XBD
in_1dMF6wzjugSziqeplCTcqaZj,QB2XXNI5-0001,cus_oOuw15kaxb4Z0D,sub_1J2QyFjz3z7JepuQVPLiuvfm,paid,subscription_create,charge_automatically,eur,119800,0,119800,119800,119800,0,2,1778504471,,1778504730,1778504471,1794402071,pi_3vEqvmvm7XyUGumMFULOQVxT,ch_3VXh61IpZHZQl4rM1yXIesLQ
in_1QZ4repSfsDzaqqlCNW6gNGD,1IK2VR24-0001,cus_ZFduike4YH50Tg,sub_1ztR8lMfUy5lMYML4t9gfK53,paid,subscription_create,send_invoice,eur,7000000,0,7000000,7000000,7000000,0,1,1778510587,1782398587,1782230287,1778510587,1810046587,pi_3qKvDZomHQ7cbUWCqopH1LtL,py_3wSzBYYKcRWULT3BB0MJMaAb
in_1zB7ib4pZnhRd3HbwsWzRS51,1VE9M5WZ-0002,cus_W5cPfDolnoA5HD,sub_1UTX08GKCPWXmOQQGZwE2LA8,paid,subscription_cycle,charge_automatically,eur,59900,0,59900,59900,59900,0,1,1778576181,,1778576181,1778576181,1794473781,pi_3OsuXQlLN1EPtXKbtV3ejhKu,ch_3oAspBB4xn8atcThiGh9tZso
in_1eJZecwXm8NKEwae8QNYWOwg,L9ZUK6E9-0001,cus_AniHYYJdSvsPot,sub_1x0PqnfNChq9DmQn1j9RVruU,paid,subscription_create,charge_automatically,eur,59900,0,59900,59900,59900,0,1,1778598695,,1778598695,1778598695,1794496295,pi_3hadR4UgThKCzkpgVVdbqsdn,ch_3LZWCQdMdfqFHRDzbMz8YY2u
in_1iF9Bbst49sEYj7512hiTAje,O3WNPHB9-0001,cus_nup5iOQNhiYgTO,sub_1ZzRQfuJCIkXOCNafWJDDZ6L,paid,subscription_create,charge_automatically,eur,59900,0,59900,59900,59900,0,1,1778601030,,1778601030,1778601030,1794498630,pi_3HBvQOrLMPKJzpd4Gx946OYP,ch_3VqYPIsHjd0UFtOKtjZ01fub
in_1v2dSimQSdSE3PyW43PaozEv,V6XN11NS-0002,cus_FSWtAMZmnSjQar,sub_1a5Yv6ckFr8fAooyZ4gXy8mF,paid,subscription_cycle,charge_automatically,eur,200000,0,200000,200000,200000,0,1,1778610944,,1778610944,1778610944,1810146944,pi_3cBrH7xDT7AJBY2p6u9Z4UNc,ch_3WGjHNVXpI6UKXRYh9Y57ZLg
in_1ytoOnnzwTjgUhvChy6f9nja,HDPVF9Z5-0001,cus_cZHoHuqPg0H43y,sub_1gA3FeA7o4OjsT7oUdaqg1N7,paid,subscription_create,charge_automatically,eur,59900,0,59900,59900,59900,0,1,1778692832,,1778692832,1778692832,1794590432,pi_3ZVgVfadxbnCWuK6G3OYdeFM,ch_36FWQ3XvAbMpxZ6aV7B21PMl
in_1zJagaVklC2LmguXjSpv3kod,PRTOHI8D-0001,cus_y38Qzni14ntOHz,sub_1UMmLnbUzIBMvWpma2egkPBA,paid,subscription_create,charge_automatically,eur,59900,0,59900,59900,59900,0,1,1778697409,,1778697409,1778697409,1794595009,pi_3FDmFhyNwQCcx1e7gVo12mua,ch_3xnYh0RhLttHiarSCcmVpxu6
in_1YlvE6qSOjKU0sAdaFfRvHG1,WW2ELLXH-0002,cus_Q8QeXtMPnnmHaH,sub_1EZO5a3Q4ifGKeX7EnHwyeXz,uncollectible,subscription_cycle,charge_automatically,eur,100000,0,100000,100000,0,100000,3,1778710153,,,1778710153,1810246153,pi_3wbR9y1F8UrXoDbhlNpFWRmv,ch_3B2p59lhSHQdqAdFT4FIdlVF
in_1SFX1ik9tmZosfc9azRWkxDa,3ILRK3ND-0003,cus_RdVufaXgQ9tPHM,sub_13hV666S2YYJBM08GsHcoKB8,paid,subscription_cycle,charge_automatically,eur,119800,0,119800,119800,119800,0,1,1778743182,,1778743182,1778743182,1794640782,pi_3nUxmTqZHqZ5MiCRE2mSCxSL,ch_3J6F33aWXdndFkkKMLxRIQky
in_1gMsIXzGgZy7yXG9F9IW9glZ,LRJ0LLOK-0002,cus_bfOr3CprKa6MA9,sub_1IdXdRNOMXjex5lpeKKGhYjg,uncollectible,subscription_cycle,charge_automatically,eur,300000,0,300000,300000,0,300000,3,1778747022,,,1778747022,1810283022,pi_34OMUXdhMwDngxo4wa5xyNZ4,ch_3jUPIqTze4Br7bNNEy0j7mNa
in_1mfgI2CmX3QxWSNinREjJVQs,79FXEZZD-0003,cus_LQAI4vwSzRAHyg,sub_1EERxNqWGVMuljnP6KwoMOnP,paid,subscription_cycle,send_invoice,eur,119800,0,119800,119800,119800,0,1,1778754061,1781346061,1785674041,1778754061,1794651661,pi_3wiNmBEsjWFlCBT4FoBNs7em,py_3V2eP0lgJpTz6wmFpE2Zxwqq
in_1X8hAthiPeZouJKNG3kNj41F,WW3BIWP0-0001,cus_M6WHKMeu8znaCI,sub_1KkeLRG7sWKY6AvHPSewiaFz,paid,subscription_create,charge_automatically,eur,100000,0,100000,100000,100000,0,1,1778758969,,1778758969,1778758969,1810294969,pi_3JDCdjMx3GNnNlfm99ipokA3,ch_3AuKJ2OWoEeBFn6ontR6GsZa
in_1HqP7pLuDdk6u2eXDnt7vvAC,4HW5CV1W-0003,cus_JzgmJxzMamvsKz,sub_1tc1ZLgkC7Ivz88M8sTUiDTV,paid,subscription_cycle,charge_automatically,eur,200000,0,200000,200000,200000,0,1,1778773145,,1778773145,1778773145,1810309145,pi_3vHOqUAFsBov8hDYnZPTg25Y,ch_3XfqPAe7h2yXGuyRGwEeW2MQ
in_1kHLWp4sXyayYfyfXFwjZBVx,YG2RW33F-0001,cus_xEhNNRLKkUjKvX,sub_1XayF0fXTgTFtbROBcvsUCUl,paid,subscription_create,charge_automatically,eur,100000,0,100000,100000,100000,0,1,1778775799,,1778775799,1778775799,1810311799,pi_3gH3JXp0bcusQkvdEWoBjfcS,ch_3I01TNJJYEczEk3MOjMX5FY1
in_16sBDdMxezGiBtd43CiE1RNx,FK0PODS0-0001,cus_TwkYA9Tc5Jdlh5,sub_1Ezks71cZl4RfKXconK7ttHW,paid,subscription_create,charge_automatically,eur,59900,0,59900,59900,59900,0,1,1778784458,,1778784458,1778784458,1794682058,pi_3TgwTqb8wrukmchnHdEq9cpw,ch_3lIHeOaQ5cAU6TadPP2dE7Dv
in_1cuF27lxpC8Y6hnpjje4tRUr,UVVLS8IM-0002,cus_cyg67nEE42gKWQ,sub_1Cv2BnFDYm8zyHQVtvdYkveR,paid,subscription_cycle,charge_automatically,eur,100000,0,100000,100000,100000,0,1,1778787181,,1778787181,1778787181,1810323181,pi_3iZdfBqq3F3fuL1zD6rCb1Xv,ch_3kiHSgfi9to6ubHa7FAiDQcJ
in_1sG9aFFatF1oNrTTDb9Yu0DS,LB31IPYH-0004,cus_NZzi5ngWT1NYgN,sub_1vVAw8leAlmwxvCDd5eaRMg1,paid,subscription_cycle,charge_automatically,eur,119800,0,119800,119800,119800,0,1,1778790356,,1778790356,1778790356,1794687956,pi_3SwwUyXqw1e7B9E2G8a04AG6,ch_33qbf5mCmZFuR1V9rNaEupvR
in_1X9mrUtE5VtvUuWqki4Uqq9w,R7WGVAG3-0001,cus_LOt2VI1qi3ONxB,sub_1wNyTSgbA2CaF2mYDmkpnDFf,paid,subscription_create,charge_automatically,eur,100000,0,100000,100000,100000,0,2,1778815835,,1778816254,1778815835,1810351835,pi_3pwp9yyT4FsRm5MbuIGjYL2W,ch_3MGSDW0n0t6vkZFvQbeiGMga
in_123wFvkpOrbCwvRCmH4jHbTT,V5PXXR2G-0001,cus_wTiiE43615rSzy,sub_1ZThmReMESPgiGeVKi7BoG5V,paid,subscription_create,charge_automatically,eur,200000,0,200000,200000,200000,0,1,1778941081,,1778941081,1778941081,1810477081,pi_3X7CvT13aQEAEF5sj9vqfjeb,ch_3X6lrhUUidP1cf8B1BIHTE40
in_1sVvUVA9b8DzcSwCgY1rPVLe,9KETOVSO-0006,cus_woJpkLK1dyTSDE,sub_13PypzePFbuoPVXHPJPr4OzQ,paid,subscription_cycle,charge_automatically,eur,59900,0,59900,59900,59900,0,1,1778955350,,1778955350,1778955350,1794852950,pi_3wQqut1izFXiE9JwOfXNPt46,ch_3c7ioYzlJJQl5TI50tAsg4aI
in_1rHsF9lBTbhoMo8UPPSDcmpr,MDE0OBXH-0001,cus_fo6ykylsgDWu9d,sub_1NDJHNhfZqR0tn2eOfQvnYl3,paid,subscription_create,charge_automatically,eur,100000,0,100000,100000,100000,0,2,1779005601,,1779005760,1779005601,1810541601,pi_38FpPtrYJWMgz49C15rimzQM,ch_3bJtrdPeHksf5dNntEIJDXwd
in_1X9x0yiM2tcQaJqotWZwRzVz,QPHYF0ES-0006,cus_Ig1CDaKzgPsq5E,sub_11IJzUntFYpdHKAKoMB2oni4,paid,subscription_cycle,charge_automatically,eur,239600,0,239600,239600,239600,0,1,1779016179,,1779016179,1779016179,1794913779,pi_3c8prmCEO7adgTj1UkN4TSOL,ch_3UZCiO9J8pYZwwh2F06ADZul
in_1TQ6NqTP0oCcauwEcCuL6fzY,UMEDCFCL-0001,cus_aaq7mgeTPj5cJT,sub_1Utpe5iJRbiynGEH5DzUPUWa,paid,subscription_create,charge_automatically,eur,100000,0,100000,100000,100000,0,1,1779098861,,1779098861,1779098861,1810634861,pi_39GHXJ8l7sP7YgVqlbnhJRQE,ch_3QUvkCnQjmoWViIHOgdeFfd6
in_1zZoU0wmXA3RGIcO8IX43EK2,XT2PY1MJ-0002,cus_DYupkFw451Gb8K,sub_1ZBL2VDOBXe1hqyvCUOcH9ze,paid,subscription_cycle,charge_automatically,eur,119800,0,119800,119800,119800,0,1,1779112138,,1779112138,1779112138,1795009738,pi_3dGCWb5Vs7Fz4xcKTCAIEjWj,ch_3SoUSvuaDjtdvxo8aTBd6rAq
in_1cRUCjZAwzhNspfwhOEW3mHT,9KMBQX76-0002,cus_2kLcAXCY3YGZcS,sub_1iahs6qckB950cFUSSWLdfsk,paid,subscription_cycle,charge_automatically,eur,59900,0,59900,59900,59900,0,1,1779169116,,1779169116,1779169116,1795066716,pi_3KwNW1ryyqaX9W8HIAgzgHRF,ch_3NomhGxgwhhZsBsdXH4VWj7N
in_1BfAgvqWwu4z3Rv0ocehI5Lp,GX130CCL-0004,cus_j03AngTFLC7ZtO,sub_1FuvAAXK0ctqoutq6mXIesiR,paid,subscription_cycle,charge_automatically,eur,100000,0,100000,100000,100000,0,1,1779186885,,1779186885,1779186885,1810722885,pi_3Ww4kcQNHvFd6zAsmem2Drxx,ch_3I0WMjUFK6sE0udhk1ft8gYt
in_1WIw7pIT7mXUVlnMT3aF5MSp,0LSF32OD-0001,cus_IAZroUPyFlPnQL,sub_1BieWFF8wfzKq8WkGRXktnZE,paid,subscription_create,charge_automatically,eur,59900,0,59900,59900,59900,0,1,1779202827,,1779202827,1779202827,1795100427,pi_3AzfBJ3lg3mTz9VPj5oHz2Af,ch_3SB8NqJqMw8spS6XqUg2u91n
in_1dlnfunyehJEjM8iEds15mT1,OA6IJZUP-0002,cus_JdgR17nq5I3SaO,sub_1iOFNJOzKHJ5FLEpT0QFPS0F,paid,subscription_cycle,charge_automatically,eur,100000,0,100000,100000,100000,0,2,1779302434,,1779565534,1779302434,1810838434,pi_3udgzTFfRXcwhKJ4VZJApmTq,ch_3aShTBWQQckNsJi92XsGmpA1
in_1ha2LmoA0GRy2TIxhq8Nk4Ld,Z8ZBBSOR-0004,cus_bFocaNxjTUeE8u,sub_1N7xam0QifQoFCueBDs2fgRh,paid,subscription_cycle,charge_automatically,eur,100000,0,100000,100000,100000,0,1,1779335632,,1779335632,1779335632,1810871632,pi_3HvK1TQUkqm2QLJbCVojHiwt,ch_3O0ZWi8K7UdJ3du3gSofFuBf
in_1cz3UnF6aVjSPvGyhaVet33v,5BRMBYO5-0003,cus_oaSWXTyS1HoEo4,sub_1b3yLDj57QBoSYIhkmYfnJ13,paid,subscription_cycle,charge_automatically,eur,100000,0,100000,100000,100000,0,1,1779354571,,1779354571,1779354571,1810890571,pi_3oEy0KMuYwKUIEbterjqMekQ,ch_3xTKsFORVbEwgRuNziuJ2BWL
in_1xQJtUXzdP6zTGM4Y1NTVb2T,L096Y7QF-0002,cus_uuvw2mxUj0uH0u,sub_1iJPoOFqg1GdjdskxSqH3sPt,paid,subscription_cycle,charge_automatically,eur,100000,0,100000,100000,100000,0,1,1779364438,,1779364438,1779364438,1810900438,pi_3oXNxgOlsLp9csyVoPTvtA1W,ch_3wx2lyYlFy91ZxH9ohO4KwXN
in_1VA89de3qpr6ceM5wxhkfW9Z,QJIWI9YO-0001,cus_CDDRzWekrWfFJO,sub_1WKN88QSYkijp9YyHqq9U1bl,paid,subscription_create,charge_automatically,eur,100000,0,100000,100000,100000,0,1,1779369274,,1779369274,1779369274,1810905274,pi_3RL9SoFfTzkK9hPfyY7PMgV6,ch_3hs87R1PGgqIJCa7saJ3G4XB
in_1zfFPnGhqjV9qyTJyeURLIRN,IZ42TYSQ-0002,cus_yAkV81VSvJEuTt,sub_1qgnhSt3oHv4krhdkseLvJ10,paid,subscription_cycle,charge_automatically,eur,59900,0,59900,59900,59900,0,1,1779372873,,1779372873,1779372873,1795270473,pi_3Cic57ZhSgSF5rUMMfkvAbYV,ch_3bXrZ7Jo7Ds3wuxUhvXEkHSp
in_1NYHIZbQfiW2BTWb5BK8Z6VW,1BM0HWB7-0001,cus_1bCxHzIfQUYhrM,sub_1k1O7Gs62LMiWt0co6fP6HeV,paid,subscription_create,charge_automatically,eur,59900,0,59900,59900,59900,0,1,1779376525,,1779376525,1779376525,1795274125,pi_3aaAqryPDCwpqOLUhMn2FCVB,ch_3d8eIVt5iFK3zV3MchSgHsVN
in_1o392AcnE5YKi2fh5w2A5OIU,MVY53EVK-0001,cus_RaaTZAPcpAIZlW,sub_1HWwVI4odgL3drljulWksoiX,paid,subscription_create,charge_automatically,eur,500000,0,500000,500000,500000,0,1,1779433207,,1779433207,1779433207,1810969207,pi_3o1wmdSRtETt6orXhZpNeCH7,ch_3H7vq4CvgMapHQDPlQV8OcHz
in_1NI5aP8Pi7t9o8y7VYAKHQOi,5RIERJD1-0001,cus_EUJjooYf6iNpkW,sub_11Lq3BlulgBpFzlOQ7I4dkSb,paid,subscription_create,charge_automatically,eur,59900,0,59900,59900,59900,0,1,1779449461,,1779449461,1779449461,1795347061,pi_3yeCKjwVA584HNhulcazyxU5,ch_3OVjiYOTdcWMb1cg1iKBE0Ej
in_1IlWn5AmMcGzBycIXaehXvv4,E3PZD3JL-0004,cus_bguEokKJD6kJF9,sub_1VX5Q8oNOnUTkAK8xDeWlBZt,paid,subscription_cycle,charge_automatically,eur,100000,0,100000,100000,100000,0,1,1779450057,,1779450057,1779450057,1810986057,pi_3pAigMI5S0bGTDHpqTZFNH72,ch_3GsJ5RplwkodFMcbjwUtozoP
in_1xcPPH7KUlx71l855QJ6VFNv,CWB2A3GX-0002,cus_ZUdIscK8PFpQHM,sub_1JCPf26yHsmdZXSTjuEFEddv,paid,subscription_cycle,send_invoice,eur,300000,0,300000,300000,300000,0,1,1779460477,1780670077,1780267237,1779460477,1810996477,pi_3nGvIj1iKbqohKTWvUoD199z,py_3myBTR2RQZk6wJtidmQjxDJ5
in_1XtMkSOdn0NUIjmYJa7YCR3E,N0RAUK0U-0001,cus_7vKg5pi0yNsJEn,sub_1mjPcEKB0Qv4Wo3CRiJHLhML,paid,subscription_create,charge_automatically,eur,100000,0,100000,100000,100000,0,1,1779462576,,1779462576,1779462576,1810998576,pi_36fBrMoR0rN6nv56x6VzufKq,ch_3A5IRN8OG0O8P9lthAsmmCmw
in_1psx7XF5MgHFh9J60DrDSpGx,SLZMUTP4-0001,cus_oaEjEGt8hxDhtu,sub_1cCchPkxu7GqldIrYgD1Bgtf,paid,subscription_create,charge_automatically,eur,179700,0,179700,179700,179700,0,1,1779463568,,1779463568,1779463568,1795361168,pi_3Z0v7qzpKgf0gJDBwY8cv3N2,ch_3EFK3HsC9SLI94oGeHp3NNQN
in_1JYUgVZ0soFm5z4OJid5fYvp,7STF52IE-0001,cus_RoSJwbvvtMUgzP,sub_1XwYKVv6iIGAhK6uhAhRMHEc,paid,subscription_create,charge_automatically,eur,500000,0,500000,500000,500000,0,1,1779523440,,1779523440,1779523440,1811059440,pi_3v27b1dc2xkQqNpAYoHU9Zax,ch_3UPErNJj3bzmDU926rwcKLUO
in_1H4uFzBRaAlrDUhphRRDYBeG,27CJ9J3V-0002,cus_eJ0IDiCGrswc4q,sub_1Rpg1k5QkBvhnFZw0XAnAvMf,paid,subscription_cycle,send_invoice,eur,299500,0,299500,299500,299500,0,1,1779701320,1782293320,1780664500,1779701320,1795598920,pi_3qPEnZYrjwMQMrQeTbqgMrHa,py_3lk4mz9BTIyL5dv0s6QgE5dG
in_10rZqUMsFuf8fYllQZDvd8ER,MMWC2LPP-0004,cus_qGqSTXUYeGfgqU,sub_18BJIJccpnkeVa4ytcQimzwb,paid,subscription_cycle,charge_automatically,eur,100000,0,100000,100000,100000,0,3,1779735600,,1780428660,1779735600,1811271600,pi_3xlRS21JxIP4QmoAGZ7Hz7c6,ch_3BeemNFmVauhFonVoTq7Hztt
in_1tHlpinPSNQLkUmY3mpl20rR,UAKJNEVV-0001,cus_TRhRVYH3jBonLe,sub_1Cl6CLQJGMhtzTCHKm6Bs7eG,paid,subscription_create,charge_automatically,eur,59900,0,59900,59900,59900,0,1,1779776721,,1779776721,1779776721,1795674321,pi_3F7xTPkpB5nnpGaGqy4QkF6n,ch_3iSfLDoJ13TEmSCD0iRRSmsi
in_1Hi2PpphUl7LfcCwmFwBdEmr,V6FJP9NW-0004,cus_OVOrcn8j3C6iTv,sub_1UCgXqmsdFbyrcmQFdF9Ww1K,paid,subscription_cycle,charge_automatically,eur,119800,0,119800,119800,119800,0,1,1779784776,,1779784776,1779784776,1795682376,pi_3iAiMFXdJISXvmO7GRMtv7l6,ch_3pJ0dL4D4UfV7oQr9sGds6zb
in_1ZY4U3p84yjfZ9kR09TgbPrP,52Z4Q7KI-0004,cus_4ReKDgQocl2Pee,sub_1zDhuH0TsYvEugjQ7u58m7sp,paid,subscription_cycle,charge_automatically,eur,100000,0,100000,100000,100000,0,1,1779876707,,1779876707,1779876707,1811412707,pi_30VSyeAjDBzyAB0FrpamdINt,ch_3e9NobeteSfTtxyIfeb90daX
in_1km58rUruznxEZfiXc06rlsa,MA4L8XO6-0001,cus_kXWJbhqtrtnun3,sub_1eV5qSxGAUsGHA6kNtBvJ8lA,paid,subscription_create,charge_automatically,eur,300000,0,300000,300000,300000,0,1,1779890588,,1779890588,1779890588,1811426588,pi_3XnNxhhtn1AOz9XpntsWZQJa,ch_3rQsjy5M5lcaJXc0vEKOz0UR
in_1mCu3idFuJ2AONOxWGWCfIRX,RQ67XHLW-0001,cus_KkFO1DNJ95xR3f,sub_13KyUWxO745NfS53J2U3zVH5,uncollectible,subscription_create,send_invoice,eur,179700,0,179700,179700,0,179700,0,1779891758,1782483758,,1779891758,1795789358,pi_378wdmlJ2oiT9ESTvDc6KIy1,
in_12TYU910DuZeYv2vDcYCLlxx,0OJ042AL-0004,cus_GUrWtdhwmABgp3,sub_1VES3kgHzCTES4sRoEX6sI7D,paid,subscription_cycle,charge_automatically,eur,59900,0,59900,59900,59900,0,1,1779908531,,1779908531,1779908531,1795806131,pi_3l3lkYwsnNPKNrsB49sO0Gvr,ch_376vv6UKVHCYTnPdKRbmME9X
in_1ZnR9OZc1WzWiu9cP0WLs1Do,158K9G39-0003,cus_kSot7VTeJBBcuZ,sub_14jpluZD9cSHsAd63UomMklr,paid,subscription_cycle,charge_automatically,eur,100000,0,100000,100000,100000,0,1,1779954269,,1779954269,1779954269,1811490269,pi_3P2U9pauuHQVf2Xq4jxAp59O,ch_3Bv0KgbWIhspL95lMsR5Vm5U
in_1USn2Uzzx5ZSWn692CdfT6L8,IZGNOEHG-0001,cus_0HDGa8Y6NqIwD8,sub_1B33tYPQ7fEB87ezR2HEQ2qA,paid,subscription_create,charge_automatically,eur,100000,0,100000,100000,100000,0,1,1779963466,,1779963466,1779963466,1811499466,pi_3G6AEPy3Bcjv0g0w7UNUs8UT,ch_3Y7hMSB30SFlSyLMiFwfEOcu
in_1NxX0pnUKoH72Hl7NNB2qUVt,7F74D43Z-0001,cus_ASb1D1H5DkqmEz,sub_1Jip5XrI7FWMyb1MsZQ243FN,paid,subscription_create,charge_automatically,eur,59900,0,59900,59900,59900,0,1,1779977954,,1779977954,1779977954,1795875554,pi_3wltqaYGm2yEEaNxU3kGYiY8,ch_32haH4dKmkqPXmamvbc4mvvT
in_1NsfWK7XAeWLUakeGi1WHoSU,DM8IDSVV-0001,cus_IH6sSTZyNHjPzV,sub_10De3ArWObr2rlLvqad7MYYf,paid,subscription_create,charge_automatically,eur,300000,0,300000,300000,300000,0,1,1779981288,,1779981288,1779981288,1811517288,pi_3m9vLpO6XRt2C6RTX3SiHuxf,ch_3nuL492AoqOJomsriR22pqPi
in_1AEhcE1MLL7UfviO9id8HzBb,IP33M7NF-0003,cus_AnvpBxYbklKshz,sub_1lqEPMZ8IfPQOL73ToKydWxd,paid,subscription_cycle,charge_automatically,eur,100000,0,100000,100000,100000,0,1,1779983597,,1779983597,1779983597,1811519597,pi_322wGhpO3hjZsBkR5Rz1eC0j,ch_3is9lsd8atU0lYrW9VG4cX7X
in_1kpVBv4qsfWRS8UvgsvoJeWQ,WAW6M8ZN-0001,cus_qBr8kPwoDkK66p,sub_1vhEME9TZ2a9lW5cGe4UNHbI,paid,subscription_create,charge_automatically,eur,100000,0,100000,100000,100000,0,1,1779985789,,1779985789,1779985789,1811521789,pi_3lZOHjixMsN4oknnPLSKYrzf,ch_360UmCAeHWlwJ7nX76Xl16fk
in_1oT8TBEvH46g5zlvO6XnmSSV,UCWO9TLK-0001,cus_6UAL4ERfClF2Mt,sub_1mY5kozMUXy66hRkKNUmPJ8H,paid,subscription_create,charge_automatically,eur,200000,0,200000,200000,200000,0,1,1780016732,,1780016732,1780016732,1811552732,pi_3S59p3lsrE4xV9GkZeV9rzyw,ch_31HHDxSz5cgIuvzvQphW4uAj
in_1HeIiNFWTJArNLA4ucqCO1Ph,WOVKWKOK-0001,cus_xZ9HQ1R3J7td7D,sub_1bo6z0N7R4FreN4MK62mbGhe,paid,subscription_create,charge_automatically,eur,59900,0,59900,59900,59900,0,1,1780089045,,1780089045,1780089045,1795986645,pi_3WGc3cnP3UdrQvxGO7ClEjzt,ch_3gG4JErutz9wknmwYchBJJlI
in_1QpSRZL3mdgbNq88aYMdhpB1,PGKGM6UG-0004,cus_DRfqoWcWeRxW2F,sub_1rj800nfIFgaa8hP9xZvTx5N,paid,subscription_cycle,charge_automatically,eur,500000,0,500000,500000,500000,0,1,1780240567,,1780240567,1780240567,1811776567,pi_3SfvfR64X0vSRgtxwv3G9evJ,ch_3kjFxJuAPrpw1hovnzxT6JO7
in_1GyNvZ8mX92C1t9puYDJWwsK,MKVJ16B4-0003,cus_0OheR5sFuvLz9X,sub_1N9oYUpbbpune0SW84bIVeye,paid,subscription_cycle,charge_automatically,eur,100000,0,100000,100000,100000,0,2,1780250657,,1780511237,1780250657,1811786657,pi_3LYGe0K8lzOcke42TB1UY3gQ,ch_34TsGnq9xfUS2J9w0fDh4ZQj
in_1umXzskzIxJTjhh8Rww3gSP9,YCE0G3QC-0002,cus_VLoweHPZ2W4LHU,sub_1C3wWFpNtFetyhgOP2yiiVSi,paid,subscription_cycle,charge_automatically,eur,59900,0,59900,59900,59900,0,1,1780304031,,1780304031,1780304031,1796115231,pi_3dDY4yFQzYuPu4ybo61JuWZL,ch_3An0evqVBNfXXNjrI6kma54D
in_1jzEdHb2RHpnjwWcFp56gLuP,H9S9TS62-0001,cus_aPpczVvqfqM7Jr,sub_11IIZf9q1LahS2YxRivjtsDk,paid,subscription_create,charge_automatically,eur,100000,0,100000,100000,100000,0,1,1780308184,,1780308184,1780308184,1811844184,pi_3DeeAKpwRjwhCsp6MNwJjcIB,ch_338m877OV3SIL8UsvIqc8wjE
in_1SIu4hZoWrEJNM0f039weTjf,B9D9L16E-0007,cus_rQGNVYwPZRmf2i,sub_1iFVcNcmTYjvRrKzHFEueyI9,paid,subscription_cycle,charge_automatically,eur,100000,0,100000,100000,100000,0,1,1780391171,,1780391171,1780391171,1811927171,pi_3HNggosUHHNhvYCq1aoEWZL5,ch_3bfeAzME3UC286cfhiTS9m4h
in_11Y75iKUHSNIVS5kX2coGhSY,EH0T8NGK-0001,cus_Q0rbZaIdi81ZI7,sub_1BhYfWdQeBBwdOYQYZR91eYV,paid,subscription_create,charge_automatically,eur,100000,0,100000,100000,100000,0,1,1780399396,,1780399396,1780399396,1811935396,pi_3jlxqAdq9rS7IXXlqIfJDjEo,ch_3RHrroK8pMJDiUXQ1y6KYdpb
in_1RsecIs9uUvnA1mqYRd0KLIk,MBYX5KGE-0001,cus_GLNSG3iIZTBfvN,sub_1L5Nby2ngSBAJjUW0XYnMQJu,paid,subscription_create,charge_automatically,eur,100000,0,100000,100000,100000,0,1,1780478441,,1780478441,1780478441,1812014441,pi_3QNvc45poc9suHg4yhUKL5cj,ch_3WWiGq2UMw1InfahgWOOJVfW
in_1s80mogfD9x2MSYGlGr0OAKV,4YJK9RDV-0002,cus_mGz3Q1uHMp6hUN,sub_186pell9fK81HQ4ljDuIUaMl,paid,subscription_cycle,charge_automatically,eur,100000,0,100000,100000,100000,0,1,1780481118,,1780481118,1780481118,1812017118,pi_3swzgRlOBna7JPkL9MaqbfPt,ch_3w5odOcamfV2myBRgqmqOUUi
in_15ONZoLiHCF3MXllkIQxPU7b,E3PTPHY8-0002,cus_tIalV6wbkolJ79,sub_1XyDUKFDQjOJuRTbbFv8m8dM,paid,subscription_cycle,charge_automatically,eur,200000,0,200000,200000,200000,0,1,1780482438,,1780482438,1780482438,1812018438,pi_3i3v1FgdUKQ0NoruvzFw773E,ch_3EufqK4AOkbvIjZ3UPl7IyzH
in_1xUim5KyEOHYntLIQn3nth1x,KMOC07LV-0001,cus_9OmU4ZCcIVwSyc,sub_1Fn8Dx0LiLRz3huH1Q4adfai,paid,subscription_create,charge_automatically,eur,59900,0,59900,59900,59900,0,1,1780495166,,1780495166,1780495166,1796306366,pi_3wbyWcltyi3jXmRsjLEJYsuo,ch_306lehVOYhxr7lslo487HIgr
in_13NSKvt7uV117XXcqT58Gmaa,RTTONLWJ-0001,cus_BNvX8KdOymaHmM,sub_1ag7bn1OdnkyhDHHoMgPTbDU,paid,subscription_create,charge_automatically,eur,100000,0,100000,100000,100000,0,1,1780512927,,1780512927,1780512927,1812048927,pi_32asz5jbIMKkq1biqNSyOuIL,ch_3Uh6OLiPhCnXjGCGu9lcGFWA
in_1I0A4PYVKrjW0d5vnOLyeA92,GF2K36GP-0001,cus_qUxMe3psJr7cyN,sub_18pZlo1evD1Blp4I2cwO428p,paid,subscription_create,charge_automatically,eur,59900,0,59900,59900,59900,0,1,1780563532,,1780563532,1780563532,1796374732,pi_3LnbjWg3THoNOnx4DRjpNz4L,ch_3hzzYQm5lRkaMLb3cHHAREFY
in_1bcpRQO8s4Z5vqOZ9ocX4EcB,UBOOCURW-0002,cus_hicywt14EVt3Lf,sub_1WRcdF0qKTF2CU5hAJ33bC7G,paid,subscription_cycle,charge_automatically,eur,119800,0,119800,119800,119800,0,1,1780564968,,1780564968,1780564968,1796376168,pi_37BhFOl2OicD80zyit4XWN02,ch_3boJalpg965IGfV8Qx3HPQdi
in_1mDwJHQiG5Rm1Ju8u521HVTY,EOCI6M47-0001,cus_jfsmOT1BpXG3gq,sub_1Yt5QLJ1KnzwUSyJaAgWPGz2,paid,subscription_create,charge_automatically,eur,100000,0,100000,100000,100000,0,1,1780574459,,1780574459,1780574459,1812110459,pi_3FXsw6XJY6BXbZBpJJqPovPJ,ch_3LykmvBtu5w2PaMKwFQpEyDY
in_1K1jvb58iuo8zGeQCFYOcAUB,48GYZQIE-0002,cus_nrxUALD05gVdjq,sub_1UdKyD9ZxvfeZbNxJL0jS2jL,paid,subscription_cycle,charge_automatically,eur,100000,0,100000,100000,100000,0,1,1780751564,,1780751564,1780751564,1812287564,pi_3xhRrrB4HTfF0hRao5j14UN8,ch_33wsaJSpa8lxv4jliICIeXQF
in_1zbQcspCsWESmxWJAHKf52fk,VG7LCHUZ-0001,cus_TOxJfm2XCdY9M3,sub_1qzZFCpXEGIPBIIiPdCGZdqQ,paid,subscription_create,charge_automatically,eur,59900,0,59900,59900,59900,0,1,1780752886,,1780752886,1780752886,1796564086,pi_34tq38rbDINUXHDmqEVvoQnD,ch_3cXLkjuEizBffR1SVkYb5aXg
in_10y21ykOY8NaroFcIJcCMpnn,8KP6ULPY-0005,cus_okAJbSlKaZ49ro,sub_1TfdDF1BMDfsTKxm8gHodmRi,paid,subscription_cycle,charge_automatically,eur,300000,0,300000,300000,300000,0,3,1780754574,,1781447034,1780754574,1812290574,pi_3JOIC5BlxsCFbeSmoUpzCkSB,ch_3HyfTGbimV1weqrVyr4an8Ug
in_1ipPRyaoGGUmbhEBSZa8amEQ,QUMTU3FJ-0004,cus_pqa7yCxQUMhliK,sub_18MkcluDbbYMwitvpKehSEhQ,paid,subscription_cycle,charge_automatically,eur,300000,0,300000,300000,300000,0,1,1780778479,,1780778479,1780778479,1812314479,pi_36zOpOYdqD3Jdy3vFnWKbDm7,ch_33uGV2mdCIek6R9MwVbHEhxH
in_1TBTi4Pm1JQHn2NebUXG9woE,BVUBM1UC-0001,cus_AO2apOSwEYsWeW,sub_1hPpLEUJhmjt2vbEVQ5R7MSF,paid,subscription_create,charge_automatically,eur,59900,0,59900,59900,59900,0,1,1780918785,,1780918785,1780918785,1796729985,pi_35JMWLNZla68Hj2jkRxKVLQX,ch_3PlPwNqKj0ibd6nO48DlMaj5
in_1ixRQuH3nbOAaopmoSDFcKh4,FCGHSIFE-0001,cus_ZA640LyS87ZtEj,sub_1e7nxp1RP8fIGv4NsrKLIqcR,paid,subscription_create,charge_automatically,eur,59900,0,59900,59900,59900,0,1,1780992882,,1780992882,1780992882,1796804082,pi_3AS4BOigYV1wkyvA9WvhpuH8,ch_39AFoOxzjD7nDZ9c3YNYCRyu
in_1DJp5MTRovlJqpXhD9uodwkN,UY50IQBW-0001,cus_qEeqYmKGCSDabP,sub_1sRdomVeUIgawzJ3jO0g4gxd,paid,subscription_create,charge_automatically,eur,59900,0,59900,59900,59900,0,1,1780994662,,1780994662,1780994662,1796805862,pi_3Wl1VyE4JlhmKOBpinB4Gvz7,ch_3yeTy8zNLtyXLffSBG5Qx8Sv
in_1nCwVOakOgxSL85EgcmvQ5Fw,8HMOS7KO-0001,cus_aUsMFXREObvhSi,sub_1MT8IFhgXkqd1SyfOxSqwe98,paid,subscription_create,charge_automatically,eur,300000,0,300000,300000,300000,0,1,1781008013,,1781008013,1781008013,1812544013,pi_3AT8T7MCMQ6evOJu6INfUIVS,ch_3Wa4sPYIuP2reT8AdREwol01
in_1KlyAxF13vFtbcm0TWhkfdvU,5VRORHK8-0001,cus_SP0w36aY2JjGfw,sub_1Y3Gi5Arl9HTBAiqO18P49eY,paid,subscription_create,charge_automatically,eur,59900,0,59900,59900,59900,0,1,1781014645,,1781014645,1781014645,1796825845,pi_3WDG40xFNxRK1BAnkoS7Ns04,ch_3rgVOFil9B4l1qvnrfzdUO5K
in_1comQFbOsWC6dh9HE4g10Qvf,1MLFIKSJ-0003,cus_fqprkhZ2OEHxj9,sub_1SlQz5HrAmwCATH8adh7wirP,paid,subscription_cycle,send_invoice,eur,299500,0,299500,299500,299500,0,1,1781032053,1783624053,1782594813,1781032053,1796843253,pi_3G9UV0p24KY69k4BBc0JtHd2,py_34E9Ba7Ird9GwCX96rcS09h6
in_1OfDyaoPTygT2bIZbDOAN2PR,QDS6MU80-0001,cus_Y4pzvLHk3X8DGO,sub_1bjlliXPFMLrDIQgpEws5qnX,paid,subscription_create,charge_automatically,eur,59900,0,59900,59900,59900,0,1,1781100694,,1781100694,1781100694,1796911894,pi_3vWOEZikKMHlm1s23kzMsjPR,ch_3h0sVXM14rhJ4W6o8IuTZHWW
in_1kUA0bdow9a99Olc0fdtQiOm,7846W5L8-0003,cus_oXibQvdiIvzHfO,sub_10GUyFDjQIfLWb3TQkqKh3YM,paid,subscription_cycle,charge_automatically,eur,100000,0,100000,100000,100000,0,1,1781113968,,1781113968,1781113968,1812649968,pi_3tVABJMHWT47IeStTD8fzzg2,ch_3LVOEWcCKz5HmBy6vHS5HlyI
in_1AWTmFHgDXUnRAtQnvUNrdC6,6AI7IZRU-0001,cus_6ivDBz4GPlgG4g,sub_1XzmYePkaLF7iprp5tLhq3sF,paid,subscription_create,charge_automatically,eur,100000,0,100000,100000,100000,0,1,1781188077,,1781188077,1781188077,1812724077,pi_33sVnUGJQtddmzcf68AXBw1K,ch_3j3iXE4VMjbRFpMTb2e1ZXyu
in_1Z6eE2P9cJHlI7oQQBYBboI7,9UUEZHJN-0001,cus_XpU94mUhZ6xfKW,sub_18YandDzAhzc3fshEagkk4nH,paid,subscription_create,charge_automatically,eur,59900,0,59900,59900,59900,0,1,1781196592,,1781196592,1781196592,1797007792,pi_3sxavKsJqvaSjBfrO3A16ZhE,ch_3GAffY6YduaxtwA9tDW9xpCJ
in_19sh6SM3hOvEykSs8NQDFasy,TVVQZSAE-0001,cus_nfWVEtRPMo72rp,sub_1Ykw1jui145X0BNcZMwZI5qJ,paid,subscription_create,charge_automatically,eur,100000,0,100000,100000,100000,0,1,1781213701,,1781213701,1781213701,1812749701,pi_3yrZXvHOU4Plqw1vwvuLKSwK,ch_353K7SG1lBWRrycTYfMdCEei
in_1CXZacEppvrUVovuOzGCyykX,7RV5EVWN-0003,cus_1gUeoKp8pMrrzu,sub_1kRhDQtugGrwvGqPqcH2zdqX,paid,subscription_cycle,charge_automatically,eur,100000,0,100000,100000,100000,0,1,1781215980,,1781215980,1781215980,1812751980,pi_3amIKXJM608gf5fhpaSdvnxz,ch_3lFlOfE02lXDtLmxL90JrmTL
in_1GwVJlc4lH9xuogBwIrDeZVv,BXT7SI1U-0001,cus_knyNsusH0BWc6U,sub_1V8ScKx7dx1E1Vth7wSuWCfN,paid,subscription_create,send_invoice,eur,299500,0,299500,299500,299500,0,1,1781254075,1783846075,1783855375,1781254075,1797065275,pi_3TDrs3GEbJfW0Gx8KJEV5Zbf,py_3hviO5V9z2HnqHWTVn69uyXt
in_1st8c74Gy5TtgKtmADBi19b9,83E20HB2-0001,cus_nsviz9GpNvIT12,sub_11aHdyYE0Ak7VjaDfWhu6QwV,paid,subscription_create,charge_automatically,eur,100000,0,100000,100000,100000,0,1,1781264591,,1781264591,1781264591,1812800591,pi_3ipzCHQanHRmECWn0dSIOpgv,ch_31erb5iAFfs1EN6QauWvDoyx
in_17SrSZoGuNvqdEOa0h5TA1e7,29LXQ6UF-0001,cus_2uQ3Ep0XriWWul,sub_1hC0JMF6Sr9Qzl0mDeEez83B,paid,subscription_create,charge_automatically,eur,59900,0,59900,59900,59900,0,1,1781280292,,1781280292,1781280292,1797091492,pi_3CeAGxwznDkl5ksBTwh4VXIf,ch_3SppsjGW9IyIwdmVVAdDWMpj
in_1PweHvtWHu9ZMdIIrsctPrbA,WITIMDNM-0002,cus_VnsYdInFfAGOo1,sub_1GuVgWo96ZCKYYY2Wy4mHG0L,paid,subscription_cycle,charge_automatically,eur,100000,0,100000,100000,100000,0,1,1781283567,,1781283567,1781283567,1812819567,pi_3dXWomU4Sd5uX6rtBcXM9U9L,ch_3XN7Iyq3xWYLKBPvPZigBOHy
in_1RyOgVRRBBxaF4XmLt3I0BjO,7QXS85J1-0001,cus_oTKNB8xM77fr3f,sub_1NwACAakpv1Snuclt3cQbf6e,paid,subscription_create,charge_automatically,eur,59900,0,59900,59900,59900,0,1,1781328417,,1781328417,1781328417,1797139617,pi_3swH6w9ydkPbf76e4e2eBLDf,ch_3PU0Cx2g5u0sFryMTe66SGe7
in_1Caj8Qv7LghUQopyAzZNSHtN,NMW3OH87-0002,cus_LKXI9HpKD03OqK,sub_19gxykCf8XpMExaXgwNeGVU9,paid,subscription_cycle,charge_automatically,eur,100000,0,100000,100000,100000,0,1,1781361109,,1781361109,1781361109,1812897109,pi_38m1BXeSf025NP4Wu8dk0ZiU,ch_38hZRw3DnjwK9Rs72vBNmrFh
in_1yBnoDMmEUtrEDlRt1YHA3zn,VY88V4SR-0001,cus_bJsrzg2fuY7IGA,sub_1fg088q1ZJLN9RmBaCekmrIX,paid,subscription_create,charge_automatically,eur,59900,0,59900,59900,59900,0,1,1781500981,,1781500981,1781500981,1797312181,pi_39Ln16shnIdhSQp1ZAXGZfjg,ch_3xrU7GGPxjTcUf8u7PU7qshN
in_1NYhfME9B5TQMpSVOgTrH6Hh,SEYDRPMU-0001,cus_xIsRM13fUpoA79,sub_1wBzPXiaZ7GdRCyIMyyg6upB,paid,subscription_create,charge_automatically,eur,100000,0,100000,100000,100000,0,1,1781522351,,1781522351,1781522351,1813058351,pi_3X3O1naE5h56bBFERnfd3VKz,ch_3qOlXFmnLFS8UNBrRLkL7rIC
in_1n3624gZ3cRjRgaKgNbGECGd,UUFYQ59T-0004,cus_0ixrwYw6m0HKnJ,sub_1lW71GO3fa7WjDFI3uzwkCrf,paid,subscription_cycle,charge_automatically,eur,100000,0,100000,100000,100000,0,1,1781536759,,1781536759,1781536759,1813072759,pi_3OUBe6ayz1ke9tKpkkHFMb1K,ch_3eqndUO36YVB6MChY1PlAl5T
in_1bfLo8deA4Vnm5WnMYGREAOh,D2SC8XST-0003,cus_jOlAChx03P3UHv,sub_1GXAPFMSZa8caC9uaToPDZjP,paid,subscription_cycle,charge_automatically,eur,299500,0,299500,299500,299500,0,1,1781622029,,1781622029,1781622029,1797433229,pi_3eFEfJCSMfEcMAUYWlPcUxDM,ch_3iIyd32RCyYINtBWr20b3uFO
in_1qIbF4ANhVjAYWzQeYGZzHya,81RDH010-0001,cus_LzuzOdIvLdHqUH,sub_1vYiTPvjBjxVLfCUQv1tV4Eo,paid,subscription_create,send_invoice,eur,299500,0,299500,299500,299500,0,1,1781626799,1784218799,1784222039,1781626799,1797437999,pi_3aRt4Kg7S8Q8dgg9r84zaS5Y,py_3KS1ssyFCjOH4r43QnA3cSkB
in_1MHyQR8EZwFh786aDY6LNemb,HY684NL8-0001,cus_wRYggSjfPgtDZV,sub_1FYugc2Pr3AeKAiFnCGbKYHk,paid,subscription_create,charge_automatically,eur,100000,0,100000,100000,100000,0,1,1781635118,,1781635118,1781635118,1813171118,pi_3RBqaaMJHNQXPR48EkEivpVh,ch_3fTAn8FEtit7yNbQDqwUzNjJ
in_1MFdy6f4aBolbGjq98dBrjtj,Y8RYHGO7-0002,cus_HmhR4XOUMe8xf7,sub_1d4RDlWFsFKzkH2USg5Nq0MF,uncollectible,subscription_cycle,charge_automatically,eur,100000,0,100000,100000,0,100000,3,1781703560,,,1781703560,1813239560,pi_3WIbmDZYreHoCQuSyorH8E9x,ch_34GaovedRfajlcCPkhHt50ES
in_17PBxJJiGCo1GXf4aRDYUbQj,XNLSMQBT-0002,cus_MTNE0xV5nbJwN2,sub_14dSpd48Ohz32Fk5sAorSVMV,paid,subscription_cycle,send_invoice,eur,119800,0,119800,119800,119800,0,1,1781706931,1784298931,1783290751,1781706931,1797518131,pi_30FqidKfyD1CJZ9i7Ag5oB3R,py_3dTRRXNSuxGmWWNBTWyNDNp0
in_16KLQSVIT2jbHmXTcgFpUGmu,CLJZTA4Z-0002,cus_KBRV7gf1pmveoT,sub_1OfjqLJraH98XxhgHKt95xPa,paid,subscription_cycle,charge_automatically,eur,100000,0,100000,100000,100000,0,1,1781756962,,1781756962,1781756962,1813292962,pi_3pWzPOBQHygd1tfOZTalP6jC,ch_3RSPomcN09nkCHibypqCAq2O
in_1aDtYJeMHsLFwgVBpi7Sz1sR,W85EN8ZN-0001,cus_Tl9gVKfqZa9YVL,sub_17BDO2z60ORQgYCNwjLjJ5Jp,paid,subscription_create,charge_automatically,eur,59900,0,59900,59900,59900,0,1,1781762719,,1781762719,1781762719,1797573919,pi_3CpCSQosdkFNaI2nqCvQZNLT,ch_3gseoIDj0IcMHRv8VuPVUpWL
in_1HfIkQNGyBKcEts1EwAOn34N,01LF74BU-0001,cus_VKFyjgltn5kuo8,sub_1JtscPxEVSJsj2hmS5CqQ18d,paid,subscription_create,charge_automatically,eur,100000,0,100000,100000,100000,0,1,1781792256,,1781792256,1781792256,1813328256,pi_3QlV5B2BWqxbK2tjTuFHt9fC,ch_3wGWzQlGF6B6QV8cGXbNchPS
in_1Yq0vSzbGmHr3Av8c58xQIBO,FFJTDNX3-0002,cus_SpAc1nGinELVIF,sub_1gF2mQ4fwXVDtrFTVZvaV7RA,paid,subscription_cycle,charge_automatically,eur,100000,0,100000,100000,100000,0,1,1781812266,,1781812266,1781812266,1813348266,pi_3REmTZi5BxUJuHDaeTrVZKGN,ch_3zr0z3wPJ2BbAayBaRAUP7JD
in_101qKmGlwH6N0G2FRqYjNpKj,6MI9VJO9-0002,cus_gFM1XO1UriDwIP,sub_1yHU7foIFxhlI7kfgPkwlHbD,paid,subscription_cycle,charge_automatically,eur,59900,0,59900,59900,59900,0,1,1781824566,,1781824566,1781824566,1797635766,pi_3jpxhJO5KQoTwEzLGSnRK3MS,ch_3fRiW0G2k44kquh0ZHkpPk7V
in_1maanhaoJ4DXiVAT36uYfZPK,30CXZ44F-0004,cus_aKwP3bgDXa1usw,sub_1X6bKQHAXaY7PNONVdc6nMJZ,paid,subscription_cycle,charge_automatically,eur,100000,0,100000,100000,100000,0,1,1781859676,,1781859676,1781859676,1813395676,pi_3FBv0FqqS784cbWx3G3BAIbz,ch_35xwvFWS4z8kLwDmutISl2ao
in_1071ydDfJoglLAN5JAcZqHaS,L553R1VQ-0003,cus_ViUpbgyC60pg71,sub_1wUTQPVCuLjfSIYM9cjyoRQs,paid,subscription_cycle,charge_automatically,eur,100000,0,100000,100000,100000,0,1,1781895207,,1781895207,1781895207,1813431207,pi_3GQ863mD2cZDWYdBFEnZtaTl,ch_3hUOY6WyzJcLTlbHcKoipGFv
in_1jjDrqaf8MgmgIcaKaRHAcSQ,MMHBN3Q3-0001,cus_gwiHcX6pvth6cQ,sub_1WSrcYES0HEEhzvuA5WdpN2B,paid,subscription_create,charge_automatically,eur,100000,0,100000,100000,100000,0,1,1781895776,,1781895776,1781895776,1813431776,pi_3gn9stFmpUbSXBlEpo2CBX4Q,ch_3psuUJjMzfnnM3KxdAz54zkG
in_1eI8c5VZvzsGQJUzYRl1fiYf,RCF4WS08-0001,cus_mHVrRGsA2xFDC0,sub_1hhaP1Ac2kkWZJ4AWk2cdwFW,paid,subscription_create,charge_automatically,eur,100000,0,100000,100000,100000,0,1,1781898697,,1781898697,1781898697,1813434697,pi_3u8nRTUOl94jnQ2keMHDn4o4,ch_30wXl8tFVF8xwGIWlN6ez3ua
in_1DLzbwXvVdw1d9mhkHTnJDFy,GEI00FZ1-0001,cus_B1IyEqQ0vMu39o,sub_1FSXs6REdRsENKHYOko42wcd,paid,subscription_create,charge_automatically,eur,100000,0,100000,100000,100000,0,1,1781901452,,1781901452,1781901452,1813437452,pi_3UNlFSfeST5w20C2usXI6U8l,ch_3Ouc6j6E293duCIrDbhIXK62
in_1FKGsSzbrdvIKocMu2tqT2BB,QC634S3T-0001,cus_uWOAsv25JxPlNc,sub_1Z9uDbyCZgRyBEJSlrHx7rBB,paid,subscription_create,charge_automatically,eur,100000,0,100000,100000,100000,0,1,1781974006,,1781974006,1781974006,1813510006,pi_3K1UiS5XuQS0qEEDJe5mL02E,ch_3f7Skheg2Lb9FX2rmDH5nFq1
in_1xESAvlfD1kGCp06kLRTFHrl,IFXJMCG7-0002,cus_3T1AWO06WnQy44,sub_1YcNIz3KzH5U1a3cEzZZ3aSf,paid,subscription_cycle,charge_automatically,eur,100000,0,100000,100000,100000,0,1,1781980304,,1781980304,1781980304,1813516304,pi_3feoyOx1YgsfcGjARnP28Zvd,ch_3DICiqUt6mkv0uu9QJNduUpS
in_1RWojjmTjq8vu2zp0XzB8Uqe,9VZAMVP9-0006,cus_oKAbhGVadS5yd2,sub_1ReiBjjURbhHpLXMmhx1rqVa,paid,subscription_cycle,charge_automatically,eur,200000,0,200000,200000,200000,0,1,1781981076,,1781981076,1781981076,1813517076,pi_3rKH5jv5PX1bOZC4jKvzWWi9,ch_3ygZ9YEKn51GdQJN0OXV9gOM
in_1LoQNgxZkAqrHdQvOjRimBky,JXK41O74-0001,cus_KPZHX4BBk8ruKz,sub_11SEniHYWuUvQ8tsga3SsVRG,uncollectible,subscription_create,send_invoice,eur,299500,0,299500,299500,0,299500,0,1782019516,1784611516,,1782019516,1797830716,pi_3b48Rm2V2BJShQNwBs3UHCQp,
in_1XSKeHX93WHzAg10FhJja8VS,R6A8OGHR-0003,cus_1eIa8K98F9g0l6,sub_1L16KSTfaKigsZubjaHLFzOG,paid,subscription_cycle,charge_automatically,eur,300000,0,300000,300000,300000,0,1,1782021683,,1782021683,1782021683,1813557683,pi_3qa8e4tRL0kxG38GpLu6GqLp,ch_3qKZb9IdrPgxBMqPv8zn0Id6
in_1Z3X1BunGJucyszu3JaLZ4Bt,JWPY9T7G-0003,cus_yu4XVN2VEXIi2Y,sub_1LaLkQCQvPoXlWg5K5JoLtSZ,paid,subscription_cycle,charge_automatically,eur,100000,0,100000,100000,100000,0,3,1782089662,,1782784942,1782089662,1813625662,pi_3wodkinpz03exIhoVn6hbOAs,ch_3M9RWgwBx7ek4pdAVKdM1a8Z
in_17f9ZPDTDXlWsTmGsGpDf4Ph,7UO3IAG1-0001,cus_C5j0Kproh0V5I8,sub_1uNxIhaXi7ERs1jPH5Nhd6Su,paid,subscription_create,send_invoice,eur,22000000,0,22000000,22000000,22000000,0,1,1782115270,1784707270,1784625190,1782115270,1813651270,pi_3nbdwuB9qqAeoLTThUMSwiZk,py_3UjfpGfvzWAzyANYjdpsRIV4
in_1YcFL0nLqWIcs3HwJlUlqlZl,SJTH5F7H-0001,cus_dOP50VHVu5hKQR,sub_1ukRfOI90f0YRgUjzX2S4Ucm,paid,subscription_create,charge_automatically,eur,59900,0,59900,59900,59900,0,1,1782116093,,1782116093,1782116093,1797927293,pi_3vXJ1KgJkXcDrvtCXQvJPqUZ,ch_3cFdniYG0C5hPCFgbq6pfQJv
in_11KJyIibysmwdXqdSVOI1QIn,V9ZS082Q-0001,cus_0xRGChUBoZRi4r,sub_1ak0uTcWpjpsJ0ioTx0e5dHA,paid,subscription_create,charge_automatically,eur,59900,0,59900,59900,59900,0,1,1782134360,,1782134360,1782134360,1797945560,pi_3pJ7qSFj6NDn9mbI9VIkhJqg,ch_3YDvi2O39X09UALG70JGxO2e
in_1NRE8hTlV4gljWchpuV8Zhto,S6O5A0SN-0003,cus_tzgEk4uMjPERXn,sub_1ICBACAS3SdbDZnj9VRH8O9Q,paid,subscription_cycle,charge_automatically,eur,59900,0,59900,59900,59900,0,1,1782207117,,1782207117,1782207117,1798018317,pi_3022NoBFQeLaTZZNBDoW5VWC,ch_3fRjdLNXdsr9Y9DBEBGjKgM5
in_1vXfS4sdQ8lSndsqqk7HvHpw,AG285E09-0002,cus_7anioqhRzVWJFk,sub_1fUhIR3HpzogIlAP7EJiN105,paid,subscription_cycle,charge_automatically,eur,100000,0,100000,100000,100000,0,1,1782232250,,1782232250,1782232250,1813768250,pi_3uR8j77CkZcyXpnDb7YMRGIE,ch_3b7BOw0E6u3MycevgXFBOgQn
in_1TGxaBY4H3PtJwt0E7i4eeEA,SBPV0ZJE-0001,cus_JEmkEfUsWn585u,sub_1G5CgmvMwxB450twdE1A236o,paid,subscription_create,charge_automatically,eur,100000,0,100000,100000,100000,0,1,1782244513,,1782244513,1782244513,1813780513,pi_3piNVLnjm28KPlfQzyxk6yDo,ch_3SZwWxlm4FvlD99Qvo6Nelg3
in_1WEIriD4Ig64rOYHsghbjzqp,KBFJUFSL-0002,cus_I5GcsROn4SBalA,sub_1CF9qiXUDTWEEW9VWwrK4YLF,paid,subscription_cycle,charge_automatically,eur,300000,0,300000,300000,300000,0,1,1782285913,,1782285913,1782285913,1813821913,pi_3F20Z643az9xUFR8TtFtsQZL,ch_3ECeVgn4fw5RQDtRjY2PaDIS
in_1kwQaP8qXtAkVVClkxn8OXMX,JTZZ0N9W-0003,cus_fk0u6XjYrfseJu,sub_1sMO92BMhpSs9Ws3GNUvjseE,paid,subscription_cycle,charge_automatically,eur,400000,0,400000,400000,400000,0,1,1782303785,,1782303785,1782303785,1813839785,pi_3UX1lDQWfdCtc6JKUSG7fZxr,ch_3ZogpiwXdpy4SmbgeyK2cUux
in_1tXVYzBAXvWJ2LQb8radVGaZ,9URUOEAK-0002,cus_z2xCXj2qGssMrU,sub_1aIoNA2haB0sXiBXxL17MMhO,paid,subscription_cycle,charge_automatically,eur,100000,0,100000,100000,100000,0,1,1782316349,,1782316349,1782316349,1813852349,pi_3XJKEFCLGZHKNa1A2F4UlKXB,ch_3ZYqo9Z82r8fsHscp6JIugZt
in_15mAOjN0ISaCRYD74dH5zR3V,FV8YN74C-0002,cus_y9uc5yf5WfPkwD,sub_1lfO4pWJNf2Jk6ErOpMlEwVw,paid,subscription_cycle,charge_automatically,eur,100000,0,100000,100000,100000,0,1,1782317457,,1782317457,1782317457,1813853457,pi_3S6uAc8xORZjYdvOPSQ6n2Ex,ch_31PdLweJumyXiCbMXMTPxwqI
in_1TN1f55zD8XzdaJSd8Gckuvh,YX9MRMB7-0001,cus_wHRkfecIPl1skK,sub_1856r6ObRYqz6W8yuUiS51iT,paid,subscription_create,charge_automatically,eur,100000,0,100000,100000,100000,0,1,1782317729,,1782317729,1782317729,1813853729,pi_3Wt3wUlURLGeL7WaymzVQ0gy,ch_3h0PVwtZNYPVolHtCCgdEtWW
in_1ONx3EhK5Jhiyky1F70lx2x4,DO20CR5E-0002,cus_dTYe4NfrAQfZVQ,sub_12s05uNof4ZFloR6qgGRK8tz,paid,subscription_cycle,charge_automatically,eur,59900,0,59900,59900,59900,0,1,1782381900,,1782381900,1782381900,1798193100,pi_3owSR5N6v5hlPxcMbEkafOYg,ch_3OWgzmZW2vgGJWXBsk4eQKx1
in_1Q8S0cXQbQLU4ffbcIcLw7p6,E3832OZJ-0005,cus_CJGyh7syEVdNuf,sub_18hkYGHkB8AUQJEgXWbqZCQr,paid,subscription_cycle,charge_automatically,eur,59900,0,59900,59900,59900,0,1,1782389640,,1782389640,1782389640,1798200840,pi_3GzpZySqoMOubIhkf342vCjS,ch_3cZXpNMxlSkNsvfmYHulxmdc
in_1OBTycWMBM79emkCTvGhQnIY,KE3XX0Z4-0003,cus_qv9Ve3SLGa0SuA,sub_1AKB0KDVfBtJ4D9GFvxy8xlG,paid,subscription_cycle,charge_automatically,eur,59900,0,59900,59900,59900,0,1,1782396890,,1782396890,1782396890,1798208090,pi_3UtZIVFRUt2Z3aCGm1IrntWY,ch_3fix8qOa0ynXbiiiDmN7B1ka
in_1srSSJ9axzYvH4otXQwoW7O0,EN9L6HN9-0006,cus_uaIM5yUmzkfOj7,sub_1fDMI5neTUoUbKCe0NOrIt7s,paid,subscription_cycle,charge_automatically,eur,100000,0,100000,100000,100000,0,1,1782461067,,1782461067,1782461067,1813997067,pi_3xS1N3YRtyHN3QRgqv8DUQPm,ch_3Evrc8iUX4ZixnV3gqenp6vM
in_13xJxT9daQxN5Yz1SMyVcvkC,QR9T21YH-0001,cus_GbnKMwJHAVhAbx,sub_1b5PKoxsLSN5CoiFZxWW0WoM,paid,subscription_create,charge_automatically,eur,200000,0,200000,200000,200000,0,1,1782465681,,1782465681,1782465681,1814001681,pi_3uE9AbUjA1jhNKZ9Wv9WxPN9,ch_3bKx0f1RiHZAVQ7im7Eiktpn
in_1QNFxlMyJwtpbJFDKef3FvdH,GRYB0D6F-0002,cus_1YtqlhuYHH7rvS,sub_1sHdYyGY7AZcTR8sG4Nf7Uan,paid,subscription_cycle,charge_automatically,eur,100000,0,100000,100000,100000,0,2,1782469878,,1782730278,1782469878,1814005878,pi_3na91Zuymbm2EPGqUfUlpGID,ch_3jywq3PU2nuGPG11aALtqvew
in_1004zDtyekDpYPopY0gc1S9B,V4SJCJFJ-0003,cus_2Y9YB44OGfQiZ8,sub_11r3FcLh1KNkktkktxXfZ94B,paid,subscription_cycle,charge_automatically,eur,59900,0,59900,59900,59900,0,2,1782471834,,1782733794,1782471834,1798283034,pi_3lxIK59RqJINHdtc6apN5cu6,ch_3p0aNbj092qQPyU3C41CAV6L
in_13qv9ZCJMOaCkZisSn1C4LNT,EC6WH9RX-0003,cus_Up09HxjrvDFD8J,sub_1lY7rGWNjAgnwmdQROQXBR69,paid,subscription_cycle,charge_automatically,eur,179700,0,179700,179700,179700,0,1,1782489706,,1782489706,1782489706,1798300906,pi_333x55iPIIob3YOUQJHcpyAu,ch_3TJQ7b8uEFsuU2K1VZKjf6H8
in_1UTYkuZigdhHuy379R09Is85,Y0DR8NL9-0003,cus_XqQxcyYPFx0CfX,sub_1iwxgXyA3sUfwhAdA4aSPWbf,paid,subscription_cycle,charge_automatically,eur,200000,0,200000,200000,200000,0,1,1782547089,,1782547089,1782547089,1814083089,pi_3Dqo79eg4WCymJwmv9k3EoyQ,ch_3tBZ6mJOSliuqtRZXztUJpPv
in_1E8MWSCPshMB2hRjGcmPhVER,YOSQT5CD-0003,cus_Tn6e07VzMZNd2C,sub_1w8rhlhyNdLbOHaAxQNDq59a,paid,subscription_cycle,charge_automatically,eur,119800,0,119800,119800,119800,0,1,1782570840,,1782570840,1782570840,1798382040,pi_3MZNzwxgefYPLgoAbImEP1uw,ch_3DmXpqaPhCbh2lKnAh4tDheT
in_1060fSYtDwcGa768eo1jlzSu,DD0ZVK62-0004,cus_q5TcwbOXpzkyJr,sub_1nRK07CpKzrmqD2azBz7KspO,paid,subscription_cycle,charge_automatically,eur,200000,0,200000,200000,200000,0,2,1782579113,,1782839753,1782579113,1814115113,pi_35IqYJG4w2YoZiDUwyUBWNI8,ch_3ZLcj328ijC8ml3lrAS3pdAK
in_115UGoWH6PPTPhLjqk3zVqbT,6YCS9QAA-0004,cus_6LHYZBMKNIA5lF,sub_1th4627DCqlO5YjEdlRDD7Gm,paid,subscription_cycle,charge_automatically,eur,100000,0,100000,100000,100000,0,1,1782634100,,1782634100,1782634100,1814170100,pi_3R0J6ryuCQw0zzRW1sjL1fcf,ch_30aFG8IWiKKciyae4Pk8wMVs
in_11z7CK7x6j9YDJ1mQhmtLRZt,QAH9KS6K-0006,cus_Sq3HE85uE4mHP1,sub_1bhV7XEvh5P9TvYsByKAVZ9v,paid,subscription_cycle,charge_automatically,eur,59900,0,59900,59900,59900,0,1,1782650176,,1782650176,1782650176,1798461376,pi_3dP5cPriIUSy09KRo3ANJxRs,ch_3PUCl8EdyRkRF5n66rrZm8Hj
in_1eQb5iM08jmXdwL0l7mZjtXh,O9AIE689-0002,cus_Xn7Y0z4ymC5lnt,sub_1KYC61tBTA6Bk9im0g8qP2Uz,paid,subscription_cycle,charge_automatically,eur,200000,0,200000,200000,200000,0,1,1782655398,,1782655398,1782655398,1814191398,pi_3kcTUwLpvdX7Etk5shHs5fkz,ch_3Gat59d4KrJ5J8iIpxQxGGhX
in_172hzQP2HHXV3IihM2GD1Paa,01K6Z4H6-0002,cus_WJUWe8PyrhDYOz,sub_1AHa6Le1CAVBnqbKCXRQw55g,paid,subscription_cycle,charge_automatically,eur,119800,0,119800,119800,119800,0,1,1782716966,,1782716966,1782716966,1798528166,pi_3BgYV49n5B0LeLMe1VUabsFM,ch_3I43nvYJ3g9kgGvnoVtzoFdy
in_1ARWSap0GxRWsxKl2RLTG4uL,USLOVQNT-0001,cus_1aS3W5Y99dDOW7,sub_19NgUc9UNRHkDRS7QoD0xAmq,paid,subscription_create,charge_automatically,eur,59900,0,59900,59900,59900,0,1,1782719210,,1782719210,1782719210,1798530410,pi_3QR74r2raeQcOcXszZe1gwm0,ch_3nZix9ZYlqwxpTh6yc1Q2SCA
in_1chfdRemyfoxrxPegIBabsMf,3I6NSE4D-0002,cus_PVM3FHd5fWu8jX,sub_1IxBK7fnI4ZEgImTh637tcZT,paid,subscription_cycle,charge_automatically,eur,59900,0,59900,59900,59900,0,3,1782720856,,1783413736,1782720856,1798532056,pi_3OW2C5TURZA4HeSdOpkgbxqG,ch_3xWfhnWCgtksIdOQpvflEq0n
in_10CAezcKM27rF8g4ew3rztmk,SIM18EEL-0001,cus_ak1oBSTgJCkYnt,sub_1ph9hYOpcgExRFgkfknkZjEz,paid,subscription_create,charge_automatically,eur,59900,0,59900,59900,59900,0,1,1782734828,,1782734828,1782734828,1798546028,pi_3yyZGDNE5pUuDYkUcC2N3GYB,ch_3HH4fymby9nFHkP9j2guMwqr
in_1FTkKN8d4KNrZwtYVjS6AQvj,FHKD7T2U-0001,cus_WEMy1nktFvezdN,sub_1W9yUi7KXDlGKme1ffONwMY6,paid,subscription_create,charge_automatically,eur,100000,0,100000,100000,100000,0,2,1782749544,,1782749884,1782749544,1814285544,pi_3BOqQTYsxaVBV1OFKrI1VXs3,ch_3Kign8UWXlWovMg8uhcXrBwv
in_1HqWEJuyvYf7TuIyBKVPMqqh,X45XN1TJ-0001,cus_QKocHOfcrQd1pg,sub_118jsfVJ0YJeNBYZFqTdlEs9,paid,subscription_create,charge_automatically,eur,100000,0,100000,100000,100000,0,1,1782826495,,1782826495,1782826495,1814362495,pi_3gclYJWHxliTdmGLctJxYb4x,ch_30H3fq45sCfUXTQUAYrkmx4F
in_1iQKVLleXsqNL31LwLp2QhBt,VEZAN7ZC-0002,cus_3TLYf4UGH1cISa,sub_1nbJwiDAGdHs07Be9WKLtAe1,paid,subscription_cycle,charge_automatically,eur,59900,0,59900,59900,59900,0,2,1782843657,,1783105197,1782843657,1798741257,pi_3jgBLa0l5jZr0L4WM0FsmtO4,ch_3AQZOya6dg9FCQKfFO4j4w7e
in_1V3xNzCh0F9NBZ66jAGJSwPK,VDJ4BZ1Y-0002,cus_TYUgd46TiMP6PM,sub_1lvldG7aaapYTB1FSgnmihz5,paid,subscription_cycle,send_invoice,eur,29900000,0,29900000,29900000,29900000,0,1,1782895444,1788079444,1788268444,1782895444,1814431444,pi_3fJFui2j6xAMcbmaoN1F4BaJ,py_30Arodu9n3kAJ2qTHYgx4DnY
in_1vVLpZsz6hsUMDs3lm5LNrdt,NKI1CO7G-0001,cus_u0p30EenUCClsl,sub_12v5OsCQ4agKTW6JSCtx9W2C,paid,subscription_create,charge_automatically,eur,100000,0,100000,100000,100000,0,1,1782906479,,1782906479,1782906479,1814442479,pi_3tnNy7HbBXt34EpN41lqnpmZ,ch_3NyU9jKhmvDsjb5vboRqAlpL
in_1k4smFzIuzVB0ibNG453QyXf,NAM8YF8I-0002,cus_71Wbb2FJp00oy5,sub_14vnre5DmfBsQ133lhZDWzTm,paid,subscription_cycle,charge_automatically,eur,100000,0,100000,100000,100000,0,3,1782910069,,1783604029,1782910069,1814446069,pi_3X62MT5mv1OHpujhSWRPnlEq,ch_3DEPsFkPwIP3VzQgGXlRyjMl
in_10xjD2WtWeYZSZymxjK9AMul,GI3GFY1P-0001,cus_bnZ0bqi06y4fEX,sub_1LevHlBqqNA9aND7P60peQKm,paid,subscription_create,charge_automatically,eur,100000,0,100000,100000,100000,0,1,1782929404,,1782929404,1782929404,1814465404,pi_3eMyo5JToTBFYhx4dUcev5ZA,ch_3u3aqlxC1i8eNbiVo7PIQNUE
in_14EqOsPrP9oM90Mgvp2rk0f4,Y3GJOIJ2-0001,cus_xA5rUV40tXaxdq,sub_1UzRNGYcGcyzmxkMq7OyDcOD,paid,subscription_create,charge_automatically,eur,200000,0,200000,200000,200000,0,1,1782974287,,1782974287,1782974287,1814510287,pi_3TrtijmBRWVQGmEMVtUFeYvK,ch_3uOtSI4sLcVajDpTsmNrgC4L
in_1XAa5lrYBw9quYT9DsqAhzJa,ET0YEGOO-0004,cus_JvcYfcXGumDSEf,sub_1Bbn9tKiyx5gxLDkAONKYZgs,paid,subscription_cycle,charge_automatically,eur,59900,0,59900,59900,59900,0,1,1782994531,,1782994531,1782994531,1798892131,pi_3wRYXU76Y7nIspRXN1tzRS66,ch_33TBxYSJ8vppe1Qx6z7umPf1
in_17e1BvBYigi6G3in1HBNrjDq,9KLE9VQS-0002,cus_j8Ywn7kCQWQjnw,sub_1qkUdaP7BHfMchJuAN33FhHo,paid,subscription_cycle,charge_automatically,eur,59900,0,59900,59900,59900,0,1,1783014344,,1783014344,1783014344,1798911944,pi_3ywGOILksdmWv1HXdHjPRwPC,ch_3w5LMU06kBtfcOlG2AQMO8xL
in_1fvktN8E2pccYbHZ0NBsYyZY,FFZTXCW5-0002,cus_Tde0kPQw26ShOT,sub_14KVA1sduk7XDHePhidmh277,paid,subscription_cycle,charge_automatically,eur,300000,0,300000,300000,300000,0,1,1783015696,,1783015696,1783015696,1814551696,pi_3zvgr8wA8X3jgSiJxAaSlhOd,ch_3gSou3407aI65aG1QGiXeUke
in_1jorZff6yASsc2ZvsipJMmqV,EQAYAXPZ-0001,cus_9JCrQuBJnVR0Q8,sub_1J2LujYBhN7nkd3AgcOtBbl8,paid,subscription_create,charge_automatically,eur,59900,0,59900,59900,59900,0,1,1783074470,,1783074470,1783074470,1798972070,pi_3LIY2Ab3oXWHgF2ubSSZnZSi,ch_3x455O9MMFVU5HqdvXNoxRh0
in_1YJGMwp603hD8aMYDl5b5Nxw,NCDYR3U6-0002,cus_DANiM1w5X6Rpwq,sub_1IAfpjZ3YuOm1QEn2qtPH168,paid,subscription_cycle,send_invoice,eur,500000,0,500000,500000,500000,0,1,1783083838,1785675838,1787422018,1783083838,1814619838,pi_3lVR0z88GOCJr1X6DZLz3E6v,py_3ExiPgwJVmanfuQZGVTCSrem
in_1FfbB63ZiAdQn75cysq8i0gX,3LA3DNEE-0004,cus_76InV7vaZ3QBHK,sub_1NqQ6mD53rftGpIHmW28rXMt,paid,subscription_cycle,send_invoice,eur,200000,0,200000,200000,200000,0,1,1783160711,1785752711,1784115791,1783160711,1814696711,pi_3Md1Jp3nQhPGK1eAMWUUAHSZ,py_34dFkljMxYr1503NjsXpCsLF
in_1D0thUuEvxk1fB5Q0O0axYG3,3J3L8EFJ-0004,cus_Fo29zRF9czWs56,sub_1zpHClmMWPhPnlvEWbBzm9ws,paid,subscription_cycle,charge_automatically,eur,100000,0,100000,100000,100000,0,1,1783166217,,1783166217,1783166217,1814702217,pi_35kIU9FPbr7RT7NsXGRtvSli,ch_3xbt5JuZOTV9qfxNd7GRaN4c
in_1eLhjlc2nqqImwwS8hOMYaL2,M6XQL6EM-0001,cus_r2el55MPtQqfbh,sub_1EY2GN5OzvpsHJ4Lye9ycQsB,paid,subscription_create,charge_automatically,eur,100000,0,100000,100000,100000,0,1,1783283210,,1783283210,1783283210,1814819210,pi_3S7m2U72q7QlcB2ktNSRNqQU,ch_3m4XofKuKlVwlIsYvATmKs9v
in_154TeKzs8bfuxUZli8izHiJv,YWTJEJYX-0001,cus_HCb6NUPJxToZq9,sub_1TZvuGEzYBaK8yHMWO6B3FPc,paid,subscription_create,charge_automatically,eur,100000,0,100000,100000,100000,0,1,1783323994,,1783323994,1783323994,1814859994,pi_3W7vfSzOUO5UH0BghTOdkB9r,ch_3yOmw2F0SQ13FuZs0YnTAvUa
in_1gzS5kfPI5unQphlx77LvujD,5WB4QDB2-0002,cus_71xzjLxwKSWZrd,sub_1aPEJO9S5iNlLHc1mzoJJOLc,paid,subscription_cycle,charge_automatically,eur,100000,0,100000,100000,100000,0,1,1783433414,,1783433414,1783433414,1814969414,pi_39JYZArJinyfrKiERverwlex,ch_3l4pw3JtzIYMWuBii8apEsrc
in_1xdxh18mPTctZOK1c0GRstu8,BIYAL0I2-0001,cus_UknciYh9PEg39F,sub_12yPYnfc2oINUq0TMZ3OmbtM,paid,subscription_create,charge_automatically,eur,200000,0,200000,200000,200000,0,1,1783447008,,1783447008,1783447008,1814983008,pi_3leW6FuqM7cvsMZVwhBKXf8e,ch_33QT3uTPWAEPH0grwm4GNhfR
in_19mBeuIsEKR2jxRb71m6qn0u,H8ILV0BC-0003,cus_CvNLKYSboa0yaE,sub_1lzehVXHfBNd2VUGR5yBQEph,paid,subscription_cycle,charge_automatically,eur,200000,0,200000,200000,200000,0,1,1783494729,,1783494729,1783494729,1815030729,pi_3exakcWJvr5zJpgH2Z5uTSoJ,ch_3rhvoH4HcIETotwEROpa5rNs
in_1CXm3MqCi5N0iI8tTIH4YYrI,H5IMETWC-0002,cus_WTG4QwO9oIW9zt,sub_1FuwPTj4crWiz0dIO6P1FZIP,uncollectible,subscription_cycle,charge_automatically,eur,179700,0,179700,179700,0,179700,3,1783514057,,,1783514057,1799411657,pi_3f5u2XI69swBX18snaPIpS6b,ch_3LnXyD5wRRI0SiUkySGk3IzP
in_1HN5Oqx7CR0JwBC0t0ukDyYP,FIMG2KEY-0001,cus_o4Jhpmlacbt87C,sub_14Ed5juqKD3gLSGdI3fuBhuZ,paid,subscription_create,charge_automatically,eur,100000,0,100000,100000,100000,0,1,1783688884,,1783688884,1783688884,1815224884,pi_33O2TZriMArbnPAYYzIl07gw,ch_3w3sAv9ItTZuobEocIspKUmP
in_1azbBOYNp9n2hg16RmIB0h2O,K8CC2JSC-0001,cus_l1uCnklpxFtGTL,sub_1c3XGjqLW7TVLXnyfkZWso3C,paid,subscription_create,charge_automatically,eur,119800,0,119800,119800,119800,0,1,1783697636,,1783697636,1783697636,1799595236,pi_31Mfrdg9KLFzqQQ3fEOqotmm,ch_3SNtqCHdc4O1cYs87iAJPTcI
in_1tpef8mJiexFSEY5Bh42eoIP,4XGHNJ8U-0001,cus_RZ7u1E9QrvDju8,sub_14vBW6YV8b6jdJZynSO8y5Ao,paid,subscription_create,send_invoice,eur,200000,0,200000,200000,200000,0,1,1783768903,1786360903,1784922223,1783768903,1815304903,pi_32UFeoz6xnS06T8mEzMgGLZt,py_3kh2BsmIaXQrBNrN8dVMrnaA
in_1EwvLeiuh4f5F26IQlb6tBOx,V7Q27WT4-0002,cus_fNYh6YxHPRXbM2,sub_1nQO6RBzf8GeOFSzAGC7rMAt,paid,subscription_cycle,charge_automatically,eur,100000,0,100000,100000,100000,0,2,1783782356,,1784041676,1783782356,1815318356,pi_3LQVSqKZHnWMpkmPEnwRStzB,ch_3vhU1y7zFXsFEsbHO6tjRk6U
in_14EQknff70egyUhx6SLbqEYt,H4KCACPH-0003,cus_GlsLDK3OJjP6Y6,sub_1lJVZebd4yLjsgvjIcoUhMZC,paid,subscription_cycle,charge_automatically,eur,100000,0,100000,100000,100000,0,1,1783837063,,1783837063,1783837063,1815373063,pi_3rqZgoRA0siNdIDASbKVp5aT,ch_3Hrws8AiOTGaTzA7SuIlomO1
in_1txYg2cywuf4eYMLsWVHUVNW,EWGL2MKO-0001,cus_tKVnLLf6ZYlc8M,sub_12Ltg22rlYxG89A0Lr0pQP0x,paid,subscription_create,charge_automatically,eur,100000,0,100000,100000,100000,0,1,1783879181,,1783879181,1783879181,1815415181,pi_3kmDDVwCzmBwqIO7tDV4MxxE,ch_3KH0uVQ1we1xMF5j1t5gUY2V
in_1YqIg0Zux6exo1TYWOiVdnPb,IG2WPZEH-0001,cus_9EB614LenZDsj3,sub_1jX1LtXxyYfUBvD8bNp4sprq,paid,subscription_create,charge_automatically,eur,100000,0,100000,100000,100000,0,1,1783935605,,1783935605,1783935605,1815471605,pi_3Gf9UbfUm2C3J5oI36yt5CwB,ch_3JyhOBPA0fFiSE4lrZUPLOeU
in_1tvQtXfBVztq0ykPuEHJ9Kek,SDSH4XO6-0002,cus_ToNHzj3xfMGBML,sub_1XRBrO2kDfkvg5G564l3dgVn,paid,subscription_cycle,charge_automatically,eur,59900,0,59900,59900,59900,0,1,1784148542,,1784148542,1784148542,1800046142,pi_3iOwF2avoYJw4JfaMmiJSLZP,ch_3702o0yiBxl6mIxis9N18iJ6
in_1rD3Vnr6Gr47HEGctaM8Uz5H,5RJSP12W-0001,cus_YMaihv1Zsc2nc9,sub_1uMM3usXPFzYzu2ihpYSi2Kc,paid,subscription_create,charge_automatically,eur,100000,0,100000,100000,100000,0,1,1784288354,,1784288354,1784288354,1815824354,pi_3OIb0d7p3dEp0PXy6Dld9YpF,ch_3wBOqsGkGmIpPd0QR8OlWErB
in_11BqElLKSmJ6TiSBmGudsQtl,SOYKJBK0-0004,cus_8lkzVWIuFNPf1t,sub_1LqYhEGiletnAeVv2Uxc02JD,paid,subscription_cycle,charge_automatically,eur,100000,0,100000,100000,100000,0,1,1784303067,,1784303067,1784303067,1815839067,pi_3hwrh2oo1qJkOb8gSsUWLPwS,ch_3j9oEn2hsGDqzyVfUKjOs5nX
in_1mfJKU3S2lubDbRfDnswLtck,A9UYNNJH-0008,cus_oYOrcM13fyhT2E,sub_1wW6plveKTROCdLAgBQtN5xw,paid,subscription_cycle,charge_automatically,eur,300000,0,300000,300000,300000,0,1,1784362001,,1784362001,1784362001,1815898001,pi_3N8xTD8LuF7uS4ufd1mtCDss,ch_3WUI4iJBETNNIvR6gdVtuPII
in_1ZWsIqgt6kdhm5zN3gzuCgom,U8L7NFH2-0005,cus_JPHdJ7IwKD8umT,sub_18gP4Yl6vjsXFZ313MjEB8DK,paid,subscription_cycle,charge_automatically,eur,100000,0,100000,100000,100000,0,1,1784469951,,1784469951,1784469951,1816005951,pi_3cyQKftVArNxda33tgppudTB,ch_3LReWzDBNA6KMnABXU18tezJ
in_1IWPUN2RH66dSdCkNhKImc7h,REUO3X5F-0006,cus_KR6bAg9jQFYJb3,sub_1dUDG9gLMNnWXKrN0aeE7gb0,uncollectible,subscription_cycle,charge_automatically,eur,119800,0,119800,119800,0,119800,3,1784528108,,,1784528108,1800425708,pi_3roaIakp3OrWmL2BkWYGHQ0H,ch_3LpIRKyQs2QVHp0ZCL9phTW7
in_1cBx2znJaS079K301pjoV2eW,TW2M6H66-0002,cus_Cja1OciIqTUwjp,sub_1VIDg5TpSCBsNThhYQ093YL2,paid,subscription_cycle,charge_automatically,eur,59900,0,59900,59900,59900,0,1,1784553260,,1784553260,1784553260,1800450860,pi_3xvWJm7RsOJ19U0vrRfejbCn,ch_3ZkApyAbdrtmJ0VI69qQ6nt0
in_1gTfz2XcVYHSJlYUUyWUjkPE,VTLVUUFE-0005,cus_DIPL0QW2HetqtW,sub_1sPw7EnXoOWWxbemVYi0B1Fu,paid,subscription_cycle,charge_automatically,eur,100000,0,100000,100000,100000,0,2,1784570402,,1784830442,1784570402,1816106402,pi_36AifdYtPs4Or3t2BTezxjsi,ch_3E6igpcflsE5Uxt0KyYhtlxo
in_19OrVzfoOenqHIvIv0JGmuL6,VDV5HBPY-0002,cus_J1PyrbZcpBUBF1,sub_1rsc0x8NzaAe2IhaBK9beVc5,paid,subscription_cycle,charge_automatically,eur,200000,0,200000,200000,200000,0,1,1784638252,,1784638252,1784638252,1816174252,pi_3LRf93RE7AL6jHCEI40JYasE,ch_3IHWnMdhMZoV0cqyRxuqLE7J
in_1foemFQof5p5JS7XWPb8u2Lf,5DQRJNHR-0002,cus_4LK8P8chxrr5bg,sub_1epp57C4mGnv36HAfkZDYK1M,paid,subscription_cycle,charge_automatically,eur,100000,0,100000,100000,100000,0,1,1784645943,,1784645943,1784645943,1816181943,pi_3lsSjx7tHmx8RqHlshHkWrAz,ch_3R7Chxmqc1t5URgraQWPpTYG
in_14ZOZXt3pxDAYPc9X2UusIH1,PP5YCXLD-0002,cus_vM7dCOYIf2WDjh,sub_18XZTUamUffjQ6TQDiEBp4Xp,paid,subscription_cycle,charge_automatically,eur,59900,0,59900,59900,59900,0,1,1784648407,,1784648407,1784648407,1800546007,pi_38RCXQB0EuLMcBlVIL4CsKBO,ch_3seA8tWz8Oe7AIHq9zEHboJt
in_1PfnCjz4JHa0iOkyFKyq2KOD,65P9NC0Q-0001,cus_ISU9hYKC5Ap5ZL,sub_1SWOWrSNaaX0MXNlyZuMXEV3,paid,subscription_create,charge_automatically,eur,59900,0,59900,59900,59900,0,1,1784665425,,1784665425,1784665425,1800563025,pi_3BTN95d9Z2656qixUnSi46un,ch_3Do9eOE1DSXwv69j4LTCJ1Bg
in_10BqsldVBWvhqgxytt9Sr12E,URT1R5XB-0002,cus_CMGSym8Iv80WLL,sub_1za3zxZpLoxXzI3TyU1XzrWL,paid,subscription_cycle,charge_automatically,eur,100000,0,100000,100000,100000,0,1,1784693065,,1784693065,1784693065,1816229065,pi_3dHYujba8FcZ2yEMKvtdIH6R,ch_3GH5yYkN4ErYLyUlQ4qlJn1V
in_1g73RCwYPrbQhxrryUIWug5A,VDQCQH3P-0001,cus_kMySR7WEA1bYI6,sub_1bR8C57yox4fXVqrceZ0GoNW,paid,subscription_create,send_invoice,eur,300000,0,300000,300000,300000,0,1,1784705045,1785914645,1790092025,1784705045,1816241045,pi_3OB0PfkNCxBbotmThSnlSGSi,py_3fBtqcGAX7JZ3P2zLhgzGP0I
in_1CUZCAPpifIMulnFuNc57LZ3,1DTVFZ7N-0002,cus_jXSM2UYgujEL9y,sub_1eHd7ShMmGNOVHEpXHZfQKsU,paid,subscription_cycle,charge_automatically,eur,100000,0,100000,100000,100000,0,1,1784777141,,1784777141,1784777141,1816313141,pi_3SUPNYURxKDdcZMQAiWtQN6D,ch_39LIaD6cwYTTFQipkD04n18v
in_1yttKnHaFhPzRlWWJ67xIo3H,7VA1FY78-0001,cus_IeQrBKbMYBBC29,sub_1bvDIQaDjM6PWkb2i4VWnhmO,paid,subscription_create,charge_automatically,eur,100000,0,100000,100000,100000,0,1,1784794761,,1784794761,1784794761,1816330761,pi_3Q4PdXNteyz19lLiaBCcr06I,ch_3LugExCYF9FEkc0JeDUf71vB
in_1VvqXeiZatGRjAG7b7OA0tHD,TXZ39CZX-0001,cus_B0UDGcg4kHZeWP,sub_1iM4qTpJ81WfOkNBi8xEjuMY,paid,subscription_create,charge_automatically,eur,100000,0,100000,100000,100000,0,1,1784817521,,1784817521,1784817521,1816353521,pi_3gFNxXyTzgPdTvWIMN4CRRk9,ch_3bYwoTcLrRY4ZmBSws4NrTvs
in_1kl4eOSGx6MsBNh7oEskc6Iv,UQBX5C4S-0001,cus_NkwmpUf7CuShQ8,sub_1uNSViKTt1qT7PaxrlcixM2f,paid,subscription_create,charge_automatically,eur,59900,0,59900,59900,59900,0,1,1784820983,,1784820983,1784820983,1800718583,pi_3RSkoMIh2oOjH8Iwsn5weRla,ch_3uW4FADTDlhrvnMoNejNSoQh
in_1tgaYNb9qCR8eweyVyBohCMf,XR743KSY-0003,cus_uHvLzcCkRq7PC7,sub_1O4SnasNG8vwijTvHPkKKRwF,paid,subscription_cycle,charge_automatically,eur,100000,0,100000,100000,100000,0,1,1784910233,,1784910233,1784910233,1816446233,pi_3ViWRkg7WOcd4BSKI1b7Xta6,ch_3JOBLbtlKMTnMZwPuzLMVpBl
in_1lPYNUgtZaRjrZ4oQavm4nXm,R9SVN4EJ-0001,cus_cOrQfIJSaTwwtB,sub_1mc2ZmDPsepxWE2BvdANmV1T,paid,subscription_create,charge_automatically,eur,200000,0,200000,200000,200000,0,1,1784968381,,1784968381,1784968381,1816504381,pi_3oN7JSVvOoOVdIvXMd0e9ooH,ch_3mCdPLZPPCQVQh2w67pVTlsR
in_1IcNCxrfg2H9xFdnzA17DCZx,WLLHI1HB-0002,cus_VQIO9S4wQBzD5V,sub_1hmEeWLfnb3AT2Su3RmJxG0H,paid,subscription_cycle,charge_automatically,eur,100000,0,100000,100000,100000,0,1,1784970128,,1784970128,1784970128,1816506128,pi_3UUKM0uma1Ios0zCQHHmszSM,ch_3yzKhcw8UOTh5lZ1EUY7kskz
in_1Xb54KmWXsZ8vzqIN19IYMSB,IXRMWBFK-0001,cus_aEzQQENTzKzvq0,sub_1Pm2KSvlDW6kpLBg0GTrhwRw,paid,subscription_create,charge_automatically,eur,200000,0,200000,200000,200000,0,1,1784980332,,1784980332,1784980332,1816516332,pi_3avafCzPGtezz0PBajK3UUto,ch_33G5vJtZBGyVLelJHfvVU9kX
in_1tMydcQ11FTLsLRUe0k4tRbt,U9I4UAUQ-0001,cus_Uwc7v7UaYJxQu2,sub_1UuzjqWlHZQQxGbVXtMta7Xx,paid,subscription_create,charge_automatically,eur,59900,0,59900,59900,59900,0,1,1785138134,,1785138134,1785138134,1801035734,pi_3jR7SSrIaQu12HNwF0piNX0C,ch_3DxxOYTyV1j2j4HEOKvyAOsj
in_1HPS9YUfdlcYqdRRmhSEwGxT,W0SDQ1C9-0001,cus_ch6QeU6kI1Ycqo,sub_1pyLm6ZgfiltSkPeeIxV9BdO,paid,subscription_create,charge_automatically,eur,59900,0,59900,59900,59900,0,1,1785140925,,1785140925,1785140925,1801038525,pi_3RRRoNeKAUznSYykYAIOnKwS,ch_3snnUUsektV2kT4Hs3aUuTtw
in_1RqHIkMxCtMK6mcGj1ABgT6m,EHJNXCWZ-0001,cus_G3HlFgB3WrYmsF,sub_1Ir66PFEunYTM2fCGVoICkRx,paid,subscription_create,send_invoice,eur,179700,0,179700,179700,179700,0,1,1785146972,1787738972,1788612092,1785146972,1801044572,pi_3otzcoGtlEhlFtcHEOkoA9JZ,py_3TDoOvaonUEVQ4tQe2x9NrGJ
in_17uPt4U8gPz6YqpTBgYY02QK,52AHQ5ZT-0001,cus_xWIXaOyaYDsb9c,sub_15cvZjSyIGRO2NkD9auCIeT5,paid,subscription_create,charge_automatically,eur,59900,0,59900,59900,59900,0,1,1785147734,,1785147734,1785147734,1801045334,pi_3FG3Kie4yHBlVTyyy28uFOaH,ch_3c15imIp3lDyeYZrOvqPHInq
in_15HFMsBUKa88v7F56YVvcnjF,2YR9X9AP-0001,cus_xiw70HBqVanbqp,sub_17Lygqjp9BcjXehS1Ux82ZT7,paid,subscription_create,send_invoice,eur,200000,0,200000,200000,200000,0,1,1785172604,1787764604,1787507864,1785172604,1816708604,pi_3kgciqqpk9pnyqj3Bl4Rw37I,py_3LEWHpAD1EbVzeeQ0ddUDRUy
in_13YzPCEwmvDKoqIvhPXd1qNE,CT4IYE7V-0001,cus_XO7aGE4uEX8lqS,sub_16nMEFHsfwuHLMPpWcxp2HuW,paid,subscription_create,charge_automatically,eur,300000,0,300000,300000,300000,0,1,1785231483,,1785231483,1785231483,1816767483,pi_3BXzSYmeBp0xDUq9gveBVjpO,ch_3Za8AYtyxcdhVgwekRQWkhrW
in_1ubILo3PLA1pSgbrBFFHqGIa,ADMCBWA6-0001,cus_75q4x8csxSGLTk,sub_12lVzn1PWXeY2Shuwn2zL0Dn,paid,subscription_create,charge_automatically,eur,59900,0,59900,59900,59900,0,1,1785232076,,1785232076,1785232076,1801129676,pi_3Da8Z04OJsQl1BFrWtcx2Hjx,ch_3AMRWOPYUhKbp440GNeejlVA
in_1IpX3GuW6jbTxXVcKBe1TZ9x,MU38PLG1-0001,cus_75HB0czXW3mFRW,sub_1JvrsX3hvMS3MEwABIt2MdB1,paid,subscription_create,charge_automatically,eur,119800,0,119800,119800,119800,0,1,1785233417,,1785233417,1785233417,1801131017,pi_39ayQa776uvi6FyT2C0VOjjq,ch_3TpF9wfODsYKhxKLv8iUx5r1
in_1BMcPOG175r7UNfgmxAeToLS,08J2VJLS-0002,cus_ukDW37O6ikXgdF,sub_12uUwUK4BZS33No05VLKB2vD,paid,subscription_cycle,charge_automatically,eur,100000,0,100000,100000,100000,0,1,1785241382,,1785241382,1785241382,1816777382,pi_3O5T07XJxOEKGdqtUYeuMNjA,ch_3F71uhnJ6BXzeYxHCF1FEHSf
in_1rROAeGo8XB84f4iyVzWoS0g,NP2I2P5D-0001,cus_U00HoIzg0PzADB,sub_1gTydtbsKHz9JQ6EzkaCMxRt,paid,subscription_create,charge_automatically,eur,59900,0,59900,59900,59900,0,2,1785242936,,1785243311,1785242936,1801140536,pi_3cQDpAcWmGMkGywGegGgeutE,ch_3da3iFenox6fYJPZhMaBnhut
in_1cOLJG0TWdD27azt215wcww5,XDHXEURG-0002,cus_E8wSG4aqftRhYj,sub_1PKlpa3HDQIDofnyyqlxYX3R,paid,subscription_cycle,charge_automatically,eur,59900,0,59900,59900,59900,0,1,1785249310,,1785249310,1785249310,1801146910,pi_3jRhhyPSTG2mWB9mDfNwuEnY,ch_3LDJBLPKtRr2jrPvz3oxPmJz
in_1E6lUtAiuMVlTyfnfq577uoq,5F3PL6QA-0001,cus_n8usobxwi4DTtO,sub_1rrCZL89ieLhBrU9nZl2L8uU,paid,subscription_create,charge_automatically,eur,59900,0,59900,59900,59900,0,1,1785300992,,1785300992,1785300992,1801198592,pi_3cfn5XQ6S1b3A3McacLK50HG,ch_3kYKfezyjKlZjv3LW1ux0vF2
in_1oTwereHtjpslXu5oF7bIAII,A4S2YIKJ-0002,cus_UH5yHnWnYugNPB,sub_1lzjWO7p9tcW54emn3MVBC1Y,paid,subscription_cycle,charge_automatically,eur,59900,0,59900,59900,59900,0,1,1785337652,,1785337652,1785337652,1801235252,pi_3ixviXT1ytkAGFwsiNIp4XqC,ch_3sQcUN3j1eBc0FX7ujkJ2zE3
in_1DI2lan5mmwsE2oUqSRu8a84,ZUTRX5I5-0001,cus_HFh4JTUb6NHyXS,sub_152HAz02FLhGlHZA3TRtOMw0,paid,subscription_create,charge_automatically,eur,59900,0,59900,59900,59900,0,1,1785339925,,1785339925,1785339925,1801237525,pi_3zp13bnDOUwb2fEGMmukVDkr,ch_3F3vCT2FaJfFNGVoTJl4wPh3
in_1N5puuy1lkLY6DrXTFoecmhR,SU7Z6NTP-0001,cus_gONEDbHCSJLAdu,sub_1EpzfN1ApptsXfZLSmFm8mXT,paid,subscription_create,charge_automatically,eur,100000,0,100000,100000,100000,0,1,1785367216,,1785367216,1785367216,1816903216,pi_35Y9mFzjEKkuvCiDe8a1xwRU,ch_3BIaEPkwqm9Fs9zTV7SphuWi
in_1buPf7f6HDJK7TKJYGvRRUhH,MVJI3525-0002,cus_jFwbnGwmcTsAGX,sub_1NCOkwOz5DLA5xtJzlef6IYC,paid,subscription_cycle,charge_automatically,eur,59900,0,59900,59900,59900,0,1,1785405478,,1785405478,1785405478,1801303078,pi_3gvbChISwGAyE5tY8vj1G8Nz,ch_3D5SYWFkDeIFaRrGOgxxJbAo
in_1NolGuw05ZZVpTdQygIT1h9W,0AP7UNLY-0001,cus_31IRYcomddTFsq,sub_16OELhDh98jBnhBh1FBpJFpv,paid,subscription_create,charge_automatically,eur,59900,0,59900,59900,59900,0,1,1785417899,,1785417899,1785417899,1801315499,pi_3PcnCvvZi2yp1aWewsUeIJrt,ch_3w31FnFZDGRX69ruBsnIYPgf
in_1Bfyg8ZjXWueerjcGOLUnPuu,30I59NSS-0004,cus_8jnGs2YQpfDLew,sub_1BjGpVahmudAK0xFKSjaE9w1,paid,subscription_cycle,charge_automatically,eur,59900,0,59900,59900,59900,0,1,1785503427,,1785503427,1785503427,1801401027,pi_3bYObms8C8pB0Ms0M6Enki8B,ch_3auE9zQSS7C3poJlS0aQAyfb
in_1Q52DSe9979GjBZP9ILcKJim,GAK38QGR-0003,cus_RGyvcBX5gfM59s,sub_1KNTONhbK0Ah8INYDt05II8P,paid,subscription_cycle,charge_automatically,eur,119800,0,119800,119800,119800,0,1,1785528696,,1785528696,1785528696,1801426296,pi_3tNJIMPy6QZzQmFPoIxWb5p3,ch_315CM9nBSaYmdv2w8lurNyE1
in_1zLyvMRcnXKbjlqb0Ekc9wun,3RC72F06-0003,cus_0rJ2D2aKy5uGgq,sub_1iLbvdjPFaOndJnRsiYzSZrz,uncollectible,subscription_cycle,charge_automatically,eur,100000,0,100000,100000,0,100000,3,1785584204,,,1785584204,1817120204,pi_3arbpYHSSlpsenld83fifOyw,ch_3iKlWIhCMRyKv1W4RuaftoHN
in_1UGrd9p6Dn6Ua0pO5Cy7ICEJ,2ZDV05H9-0002,cus_Cm0vuPzgPMs8TK,sub_1Avuy76k4c1QwXyGQMRibFUl,paid,subscription_cycle,charge_automatically,eur,59900,0,59900,59900,59900,0,1,1785681560,,1785681560,1785681560,1801579160,pi_3DPSPTsvs5q1xOcGKs66RHSv,ch_3cCGa6QNm1CRkm8pXQKUoJhe
in_1Siaf5McN6dUQ9jWN0orZkKU,2QPIFA50-0001,cus_mENl1Rq9QooThx,sub_1C2lHkKQjKe4pILGUX322iVf,open,subscription_create,send_invoice,eur,8500000,0,8500000,8500000,0,8500000,0,1785769734,1788361734,,1785769734,1817305734,pi_39OIg55gUtikrcG7BUwxMhqx,
in_1ZjdbzwuB8Wz7kWydBFmCwCJ,3VG1ZZAU-0001,cus_PQCUgiNAiwlWal,sub_1g6M40Aartpx5uqOtGPnibKs,paid,subscription_create,charge_automatically,eur,200000,0,200000,200000,200000,0,1,1785829257,,1785829257,1785829257,1817365257,pi_3dvAdUsVA9PNdiRkHEbbiQ89,ch_30vSrT3WnQTsN5yOSCtjBLKV
in_1rroJj6H0Mh1J7tUiQiwkZsS,0G4MMEC6-0002,cus_h3lhTSiFrvRGmQ,sub_1FhPCzqmrwkOecs9jFGJL9bA,paid,subscription_cycle,charge_automatically,eur,100000,0,100000,100000,100000,0,1,1785836884,,1785836884,1785836884,1817372884,pi_3bZ8ZznFTaimxuKNJpgDcIAd,ch_3Dd79cM8qVgVeATQzfB8cFkM
in_1Zv1SumSexlME0cnLyskKkBp,AUCITJ1L-0002,cus_EESOySQ57QOnLj,sub_1NmzPO6nL1p8oOErZGjCRiLv,paid,subscription_cycle,charge_automatically,eur,59900,0,59900,59900,59900,0,1,1785952937,,1785952937,1785952937,1801850537,pi_3x1JmkYItmvgq2B30tmhVOed,ch_3oavb2Nlp5ReTd31dogGyvdO
in_1nrMsUdEfTXO2je514ngmXtr,VS7HW9XM-0001,cus_yiPJGYNWRE6IIN,sub_1XKrJI5aNMzBC7UEIYLdxMzq,paid,subscription_create,charge_automatically,eur,299500,0,299500,299500,299500,0,1,1785959845,,1785959845,1785959845,1801857445,pi_3RT3NELYk9SrgeBwrIpTskBB,ch_3KMO800zV3umyb6mYY403vEV
in_1VO25h2uXUv6JbNE7mXste1l,13ACPNV0-0001,cus_xhse6HjDFMNS7Z,sub_1VoN041uZZgIm2Lyagt22MmT,paid,subscription_create,charge_automatically,eur,100000,0,100000,100000,100000,0,1,1786007221,,1786007221,1786007221,1817543221,pi_36nZxENJLPHSx5fZeqP6JNlZ,ch_3tMjsP8r80H1FB5NYQVC0P9S
in_1EnkAm2NAQyJXtGcQabJl1DQ,V9FBP2HE-0002,cus_QrVolm8eSbE3yR,sub_10tSSx0C23Wt9prxPo7ObS36,paid,subscription_cycle,charge_automatically,eur,100000,0,100000,100000,100000,0,1,1786086855,,1786086855,1786086855,1817622855,pi_3zcu0EjzINBhpG4203wYYxYj,ch_3ty1L6sp8M0BtbUR7cdhksiu
in_1ZJ8X1pvoB3IfAaHseT8OI0M,IOARMF22-0005,cus_WiHDArKdqbaBvu,sub_1aIxnp3hoWSbV4v1kVRyyKBv,paid,subscription_cycle,charge_automatically,eur,100000,0,100000,100000,100000,0,1,1786100700,,1786100700,1786100700,1817636700,pi_3ENEMUOwnHYfWQf06jQlqUle,ch_3j75LT4UQ62GdoXfUvfHbied
in_13Y8nGeB4rTHG1gPsJxlhjUm,KAGMCK8Z-0003,cus_Trq2iISJ9gCGgF,sub_1Hm6ECY4T2eQMuRFksSs61Ru,paid,subscription_cycle,charge_automatically,eur,200000,0,200000,200000,200000,0,1,1786107540,,1786107540,1786107540,1817643540,pi_3M83PERyVqF7P6iVnalYsiou,ch_3S7UB0pfZTMg1iCjKXwJDL9T
in_1QDlecqqv6oTgx5B8uRywmI9,7HU7JMCR-0001,cus_Wfikwo0UIwYYkS,sub_1mItOnZGVxs58ukie2NCpq6v,paid,subscription_create,charge_automatically,eur,100000,0,100000,100000,100000,0,1,1786129474,,1786129474,1786129474,1817665474,pi_3Z9xVRhF4iZIdeZByP4sctgI,ch_3ZgMZq0VvmoyMgddMN39n8o8
in_1ZEhSOXaTvOKnCrPdXY11rKJ,HQGU5LTT-0001,cus_gOUd5VHAlvS5zP,sub_1BnUOudSurUbluDxhybrEdNc,paid,subscription_create,charge_automatically,eur,100000,0,100000,100000,100000,0,1,1786132522,,1786132522,1786132522,1817668522,pi_36RXNrlpCG1ySbUBTeJLzUla,ch_3e9wYbTRvZec57SqUP0ExCzk
in_1WNiC3O8GMoJ2Pv23JlU51Kd,KU3R0HQM-0001,cus_jHlRlUVXQ01FCc,sub_1oMYwADsqMWgkCgEa1r5Vmj5,paid,subscription_create,charge_automatically,eur,200000,0,200000,200000,200000,0,1,1786268197,,1786268197,1786268197,1817804197,pi_3U7RT69y3K74JI7j3hCJIzFH,ch_3XStIct1tGw1m8Qjk07N7xa8
in_1C6AQsn6WyIx2Hx2UpDqFHlR,F78TA2J3-0001,cus_low7lxnp7KfOGL,sub_1oho0HlgHpLMwEEKoGIll0nq,paid,subscription_create,charge_automatically,eur,59900,0,59900,59900,59900,0,1,1786366784,,1786366784,1786366784,1802264384,pi_3H5BNHfCbzYhd9ElHwKq58pg,ch_3WKbY1S6hesOP1LTO7Lokizo
in_1DozIbEUJSUEEkiwquIp0zwO,4UEYZIZL-0001,cus_qkv25BMsUJ9oHK,sub_17IKqKfsN5JBOGoJEpA8VERe,paid,subscription_create,charge_automatically,eur,100000,0,100000,100000,100000,0,1,1786383250,,1786383250,1786383250,1817919250,pi_3j5aXMkaSKBGjuBlmQTzi2VB,ch_3BcpLNdOsxeSajCVEh5lTTYC
in_17qLisJgf0jazwTa48dgMQ4t,RPOT67XI-0004,cus_vw2UsKW0mXrki6,sub_1e6d6TxHrxleItoTGNfWLiew,paid,subscription_cycle,charge_automatically,eur,100000,0,100000,100000,100000,0,1,1786524460,,1786524460,1786524460,1818060460,pi_308TSmv83XS6VcP9C0PSHVY9,ch_3mpN4pnefoIWxLK71GhmTxI6
in_1x1qVcQKLXYNKCKkSdIVhv2x,AOPI9Y6X-0004,cus_kslnBARXz391rf,sub_1vfomFUXjGV96CQmaRifG6RW,paid,subscription_cycle,charge_automatically,eur,119800,0,119800,119800,119800,0,1,1786544260,,1786544260,1786544260,1802441860,pi_3sAGgVpwnZMpaYngirzAOOzN,ch_3JFS5ghbloGWl3S6T52KmEt2
in_1puoJllto0Kkx8sa4TzNfaWm,IQGOEQN4-0001,cus_a4C6HZWsNY9TCr,sub_1UCUkVqwp3R1SZwZVoPMEbcx,paid,subscription_create,charge_automatically,eur,179700,0,179700,179700,179700,0,1,1786545586,,1786545586,1786545586,1802443186,pi_3qlEUMmSHKZmZ9lMJei3TiEX,ch_3PAdyKQOPIaVk3dWSV00ymMA
in_1GrRRM021Gz1TyufRxBCj5SW,UOKA94WG-0002,cus_KsovHvvIdBU4l0,sub_1Hh2atMwLvjOG3M2d9Xo4Lk7,paid,subscription_cycle,charge_automatically,eur,59900,0,59900,59900,59900,0,1,1786547336,,1786547336,1786547336,1802444936,pi_3LZQbGfGPcQiECnQCnPl6Djm,ch_3VhQ7YNDmy4zNwZWbjOZzJwo
in_1PCuAqcosvA3AxPjsDZ6QLCn,ETE1SVMO-0003,cus_tUWKGRj6rXnX43,sub_1DvWPkvBLhKag5Fo6yQkgaPD,uncollectible,subscription_cycle,charge_automatically,eur,59900,0,59900,59900,0,59900,3,1786620181,,,1786620181,1802517781,pi_3H6bJjFd06RWLGsjj2pbXsto,ch_36iVcxblzG1wTDp7CBdFxLqB
in_1lgxJVsu4qG80D5wbdTTxieb,HJPTT79A-0002,cus_L1juELy0FdhPOb,sub_1a3CiGhdSC0k9Eq5nV0VW1u2,paid,subscription_cycle,charge_automatically,eur,100000,0,100000,100000,100000,0,1,1786623894,,1786623894,1786623894,1818159894,pi_3fS0EgnlGjt2IXnw35vysoQM,ch_3o4w1ObVHd0lXU65RgF3DfJu
in_1OocIzdxWlylDnbbL25pdZ3o,JPANHN64-0004,cus_u79OzXANnqiUxM,sub_1nafar1f7v9pTQrliIQoT7oc,paid,subscription_cycle,charge_automatically,eur,119800,0,119800,119800,119800,0,1,1786627779,,1786627779,1786627779,1802525379,pi_35VoR7WP8lMZgU0WzrxrN5kc,ch_3TqZ5gw4OpL2BELtk0C1fZxy
in_1HUBaHK7aEnOgalcXbccoARd,WSVBP7TC-0001,cus_vNC6yeAYuIztCf,sub_1VXUr8wc8ZSxlDmunwEIZga8,paid,subscription_create,charge_automatically,eur,100000,0,100000,100000,100000,0,1,1786687093,,1786687093,1786687093,1818223093,pi_3gZCFFTMKbc5zvVEyhWE0N31,ch_3AfG1GRWL6G2Vhg4NsqJw9By
in_1t7UATMK2WuP2UQwhHSf2nub,R3LT9QGN-0002,cus_8D3cFGMVtUsdlb,sub_1NTg9e77NmrofQeMsJn44vnG,paid,subscription_cycle,charge_automatically,eur,100000,0,100000,100000,100000,0,1,1786699715,,1786699715,1786699715,1818235715,pi_3C3CJ7rqxx037Fyw6sI9Lqt5,ch_3yWF5EQzY6TQYjxuN67xNfE4
in_1BtOfpCDcbGkgJaZ4wV38gCN,KAG11Y1L-0001,cus_ReSxcegTwg8S7R,sub_1iYPJM6N5SPFEJt4hUGYTXrt,paid,subscription_create,charge_automatically,eur,299500,0,299500,299500,299500,0,1,1786703870,,1786703870,1786703870,1802601470,pi_3y5Tu6EmZ7CNR6eLD0Kxah1P,ch_3WZBwic3R7qT5ePh562fuRvv
in_1PTUIyB1UZzUHenD6uQsl3Hp,PLD9VKM4-0004,cus_Rk63OKSHdu7Kbu,sub_1D9c1nomDLM5i2V6U62mIIUu,paid,subscription_cycle,charge_automatically,eur,100000,0,100000,100000,100000,0,1,1786730109,,1786730109,1786730109,1818266109,pi_3npS5hNo3Vpwz5euO2j0FSm6,ch_37EKbYytE9Jp7he49hs47OJF
in_1ElaFEmkkqLCUa7L5vwE0Xp4,VRG4WMNG-0004,cus_gGic4pb5uttKzo,sub_1xQzg53yn0nHhKsfNbnL3BD0,paid,subscription_cycle,charge_automatically,eur,59900,0,59900,59900,59900,0,1,1786800786,,1786800786,1786800786,1802698386,pi_3WbudAZol6pCFaNPCZF6oEUJ,ch_3ZWs9vZH6anQFBmYRlvAxOMF
in_1Ce4Wo3YowPSS0nS9JR7rdOn,MU8A2K2S-0004,cus_ZmqtTDtZso32eB,sub_1sLp4UcvalK5UJcHVDOfMmNy,paid,subscription_cycle,charge_automatically,eur,100000,0,100000,100000,100000,0,1,1786808814,,1786808814,1786808814,1818344814,pi_3BlQZlXNBTo1dZmmvaPr611E,ch_3Wug7YQ9NxiWppTscG6pEBMJ
in_1dRhyL2tR04oYtPnu7EBMUFC,YRAUQ4NO-0001,cus_uBdMYwu0Vijn7E,sub_1g5FC5D4jAPBItHZavoR26lp,paid,subscription_create,charge_automatically,eur,100000,0,100000,100000,100000,0,1,1786885686,,1786885686,1786885686,1818421686,pi_3mDZEfoxJP47taovQes9F7Va,ch_3SQ0wwm7uEjxeog2zjl5wkhj
in_1JOCvjBhwrxIg429DC1k9lv9,QSSPZHED-0007,cus_09vgUl8qp0SniN,sub_1loUu1zvLiCO5R6DVoDhV9gr,paid,subscription_cycle,charge_automatically,eur,119800,0,119800,119800,119800,0,2,1786888717,,1787151757,1786888717,1802786317,pi_3IjT9X8BPOgHv2YyhwEGuo7z,ch_3bz9HGKEQTab0n8PPMLvVgJx
in_12Xy36iYhroAcpBd1eW2I7hr,3O31QN6N-0003,cus_g2Pf1ehdnIDpHW,sub_19AH0vJuMf9TDng6tj10EZdS,paid,subscription_cycle,send_invoice,eur,200000,0,200000,200000,200000,0,1,1786897384,1789489384,1788281104,1786897384,1818433384,pi_3gduacrWpOVXMkjGvCi365wV,py_3mB6YXP3AaGldALUMU7haMer
in_1cZHdvzXx4UGRD7NEZF5kgh6,8ODRCMEV-0001,cus_vaiG64akouX8Jf,sub_1rvVCFF7SB8GZt80VUwWpjBP,paid,subscription_create,charge_automatically,eur,100000,0,100000,100000,100000,0,1,1786910282,,1786910282,1786910282,1818446282,pi_3Hh10ZVPS8i8P9iMlKJFtzyw,ch_36xx3LXBEYZ21o8bUMaDDcZ9
in_192UKIM5pWaM5bP1u43R7Xum,KRXXYSHU-0001,cus_MiK9PBtmDASnhW,sub_1vXflmrN4CuI16P7mzxIHetA,paid,subscription_create,charge_automatically,eur,59900,0,59900,59900,59900,0,1,1786979243,,1786979243,1786979243,1802876843,pi_3WmJONLcbvR7uQoxnEFYya0j,ch_3QcuqrRZzfHqzILD1Cjm6UiW
in_1qK3XwxzG6JFqVEYQiUTimWK,9YT4M1VP-0001,cus_HIoy3z5eNFH3WV,sub_17tAlDYekdNjoyztdQ9Xkmtd,paid,subscription_create,charge_automatically,eur,59900,0,59900,59900,59900,0,1,1787061555,,1787061555,1787061555,1802959155,pi_3sRnkjwyI5BXTSo0jS3wRqc4,ch_3CxkITvzUMZDX8ctnsmPPP0O
in_1m7Mllpms57NJV0pbf3YSvJE,EVQ7Q16X-0001,cus_AiNlMlxrgK8OZj,sub_1eo2iUdxNLFLV659Qba9KkvZ,paid,subscription_create,charge_automatically,eur,59900,0,59900,59900,59900,0,1,1787067991,,1787067991,1787067991,1802965591,pi_3W7p9hhnuaXv3pGbLpaTvPBN,ch_3Ez9pEOSL857kp8iEYSpTLXv
in_1gVnjDQgfdXeYER4wduyW8RA,18A8V78E-0006,cus_XNsr0uL3YXDPox,sub_1p0GPnir0jkYwAbdkFO48dAH,paid,subscription_cycle,charge_automatically,eur,59900,0,59900,59900,59900,0,1,1787151409,,1787151409,1787151409,1803049009,pi_3leazk9EEqt2vYmUDhS5YXbK,ch_3mYFVxbKgAODF9Rmk76rKEb6
in_1z8jxoYPcSBSaLyNeYE3scb9,MXGO4A9E-0003,cus_m32m1jGh7IOWpx,sub_1ak87JPLoV1DwsNnspJvWzaV,paid,subscription_cycle,charge_automatically,eur,100000,0,100000,100000,100000,0,2,1787153265,,1787414745,1787153265,1818689265,pi_3bZyqUH6GghvNGdMvZSRWOHQ,ch_3yCMHTp0943Q5MXSh73EFHse
in_1kLL4VBfKXmnXNY1kKTcgps7,Z9QRCV97-0001,cus_NXKgt1M4suWu42,sub_1QgBEYlooUw1TN5gQkoHxagQ,paid,subscription_create,charge_automatically,eur,100000,0,100000,100000,100000,0,1,1787154102,,1787154102,1787154102,1818690102,pi_3bhjB29qL0EAbrovjxKEBdpN,ch_3CsbuBwhEgTQ66hGtMpOTvxU
in_1n000J9jGT7rW106n0BXEwGt,TI5YZTOL-0001,cus_qYphDmfo2sXxa8,sub_1k5ScV1IIyH75jkGmH6FFOE4,paid,subscription_create,charge_automatically,eur,100000,0,100000,100000,100000,0,1,1787154405,,1787154405,1787154405,1818690405,pi_3hAhctfPIfWpA9tErDgtSfNB,ch_3akI2bVmyyWB24PKyk3s1mO3
in_1MmROUSfzJZwTBfMSllP0ysW,PTJK0X2H-0002,cus_2VPWVQdtbYXyoQ,sub_1ikM7hCYoN5sHwam3MCMBzvl,paid,subscription_cycle,charge_automatically,eur,59900,0,59900,59900,59900,0,1,1787158486,,1787158486,1787158486,1803056086,pi_3ul7JI0FhdWRvgyWI4lOp6JB,ch_3cdjnGY7IcRZybOU8yCXHmgz
in_10HNv66mxAuNgQLg3oxxFhsM,QJ6N39WA-0003,cus_H6EwxAXAsh1cgT,sub_1X2FMlJofiF3Nj5sg2a3e9W3,paid,subscription_cycle,charge_automatically,eur,59900,0,59900,59900,59900,0,3,1787203611,,1787899911,1787203611,1803101211,pi_3zHopYeSIwFxCvLk9ycomh1H,ch_3C5ssiNJZUncTnbf6rgXXcin
in_1q1vvbH0UxHtrYLIgmJqeGcd,L22RWPTZ-0001,cus_yAqhsk8i9rZjLp,sub_167dr0ms6xDYnlMDVlnjxVzM,paid,subscription_create,charge_automatically,eur,119800,0,119800,119800,119800,0,1,1787293553,,1787293553,1787293553,1803191153,pi_3U5bd3Tqw5gaM0WRqyquRW6F,ch_3QE3mwWUh1xIuLXQ3TzYhTvZ
in_11pqY4nQzQxfQDx5EsA0NhQq,81RV0YJM-0001,cus_zxGR1GzxYLqyp8,sub_1L4ij4VoBJGegSEh1G4mLEOz,paid,subscription_create,charge_automatically,eur,300000,0,300000,300000,300000,0,1,1787310775,,1787310775,1787310775,1818846775,pi_3mTwyAMaUxjDklzLlb6XrOOy,ch_3vJFuRlRJHJIcjwmUoXopnod
in_1neE3o8XsVVqJtjnqgn4wjgi,N3DF9X5K-0001,cus_Z9fUxMPGPw7kga,sub_1aDRturkGlgSB7wyLm0mwmcb,paid,subscription_create,charge_automatically,eur,100000,0,100000,100000,100000,0,1,1787316689,,1787316689,1787316689,1818852689,pi_3irCEkO9BMBvFiHhxFIAQJFr,ch_316x8lVwiwOac5B140wPKbEv
in_1uomzZQiILaN3cc27JnL91aw,8LY223XX-0002,cus_wnZLAoxy7H76VU,sub_1rlmIauyO5Joj2sNL5ZonjFO,paid,subscription_cycle,charge_automatically,eur,200000,0,200000,200000,200000,0,1,1787339557,,1787339557,1787339557,1818875557,pi_3Rc48aN28kWobh6rKQ22gI4E,ch_3vZ5krEmg2s1mMdjhNl6Na0U
in_1p4CO218WTGyM3KR3rc4PAZY,2WDBEV0B-0002,cus_1qdD09z5Y60QEP,sub_1wmOAXOFI4dQjCkOWpuww6HJ,paid,subscription_cycle,charge_automatically,eur,100000,0,100000,100000,100000,0,1,1787381105,,1787381105,1787381105,1818917105,pi_3zhWv2H4c4i2ZTrMsI5mlbEj,ch_398CVWqr2gL9zNG3XDu4R6BF
in_1XdK78LZMrxWsmDSnLM7ZbHj,USYCC82D-0001,cus_E634Iccw2IpFEz,sub_13nS4OoXkWnjHP8yhkiwpiwF,paid,subscription_create,charge_automatically,eur,100000,0,100000,100000,100000,0,1,1787397350,,1787397350,1787397350,1818933350,pi_39evhUZe5CQvyeDnQbI7k92n,ch_3fMYcS2dqukruDTfjJo3Y4x1
in_19guVSh6XSIllUEO938Gg5hX,1T3G0TAI-0001,cus_7N8tqP9aqeMPUw,sub_1HFbnxMmlekNxKnao6JayymP,paid,subscription_create,charge_automatically,eur,119800,0,119800,119800,119800,0,1,1787400333,,1787400333,1787400333,1803297933,pi_3fTnbkmVz69n0SADR0JU6wlO,ch_3YTiqfa7o5TJl54McptXnjXr
in_1TS8OuV9ptM2aTuCyUjukMOC,LZB97YRN-0002,cus_fUOgPcK3OQjEdj,sub_1aBBgw7Gl0YVz9GBeXU8UNKa,paid,subscription_cycle,charge_automatically,eur,100000,0,100000,100000,100000,0,1,1787412122,,1787412122,1787412122,1818948122,pi_3PSOMkhrExlnoCsTP8Nht7AT,ch_30Vy0dJ7cA6gGZ5yBLTnXtdg
in_1ZnF0Pck4q4VpRYcUFnwNhPQ,B4OZGXRQ-0002,cus_9TBrMIa4UyRn42,sub_1BK4R0ZzbbcdxOXg4ATIoxC1,paid,subscription_cycle,charge_automatically,eur,59900,0,59900,59900,59900,0,1,1787520036,,1787520036,1787520036,1803417636,pi_3a8ps3AckTcKO0KoKRPZBTFn,ch_37jh7b4VT1NsEEvDqiErVkch
in_1PjOj14LIHv9DYCvjo9NIg7x,RSMWGDF0-0002,cus_c1VZ3ZWZxynoDz,sub_1WLIC2tX0NHC5606t4jHcJDf,paid,subscription_cycle,charge_automatically,eur,100000,0,100000,100000,100000,0,1,1787558546,,1787558546,1787558546,1819094546,pi_3T8oMce0BkjZIwwXwJqz9GaM,ch_3Xr2HmKW4s8Rkn7pEnIebl6z
in_1JnSoVPyBpmWPovGypsRsvMF,IHHYNUYP-0001,cus_kSXXMRz9NyOAwJ,sub_1zrmldJY3qD8NoGYsvZHN4ts,paid,subscription_create,charge_automatically,eur,59900,0,59900,59900,59900,0,1,1787562641,,1787562641,1787562641,1803460241,pi_3KvxcDqipwb66n8BrvHGKSYB,ch_3fQDQ9ysqMBJQfbqWi17Jox5
in_1j5KrTNmhABxjSVM2u8HUCmK,2H42EXK9-0001,cus_Z9F0UCkw7hwl9O,sub_1mMFxp6a6YRowIjs4hk68INy,paid,subscription_create,charge_automatically,eur,200000,0,200000,200000,200000,0,1,1787660413,,1787660413,1787660413,1819196413,pi_3CUbJwysh0RtOLRWdI9gpvlX,ch_3cHpsu14XYn4m3m68qYWazWd
in_194LqtCnfPGU2psliorAvNGB,PEOYWKB0-0003,cus_CQxlQrk3Z9TerO,sub_1NCS2RtHcofXXeoUXlFt7BVU,paid,subscription_cycle,send_invoice,eur,119800,0,119800,119800,119800,0,1,1787673381,1788882981,1788550461,1787673381,1803570981,pi_3wD9dfMu6ABQoOAJ8cUtnERr,py_3aK9951EVFownyti5qpAttw1
in_1rBZu55J9bUaLvYTQEjDz4qN,ADELFDGQ-0004,cus_eUgevm1PzEYcC5,sub_1IQdkfwItS5nEDafhUCRzCVV,paid,subscription_cycle,charge_automatically,eur,200000,0,200000,200000,200000,0,1,1787694875,,1787694875,1787694875,1819230875,pi_33BCKyzA0F9CgQiXVQpyiBjD,ch_34Vz7d1DbHWxoA9Q5v5s5VUU
in_11ca6ciyO94hhwAmkiBTyifW,HOAERRVG-0001,cus_nzD1hvKoXcHFDi,sub_1DA6228G47TLpeZgCbnkmtJU,paid,subscription_create,charge_automatically,eur,100000,0,100000,100000,100000,0,1,1787738531,,1787738531,1787738531,1819274531,pi_34KZF3zxJNsVEmMNXKzN8bHe,ch_3NzTzRQIQkKdoOfEQfBmPFeG
in_1eun34TUwBSrJdiY5B242mRA,WZHU95A6-0001,cus_l1KbFyMwK6F6oe,sub_17BhEeslQeMepSWoUC0a0QQV,paid,subscription_create,charge_automatically,eur,100000,0,100000,100000,100000,0,1,1787740911,,1787740911,1787740911,1819276911,pi_3HPZTae8mr9syIcVki4WT6ow,ch_33uAbIunY66uHw2dxgxTskA5
in_1Rkza8VUMiMbC9YWNjb3lYGE,QN4ZVAM4-0001,cus_KjeUehkz3TRWGi,sub_1lzVSOirs7QJ6U6ziuDO0cBZ,paid,subscription_create,charge_automatically,eur,59900,0,59900,59900,59900,0,1,1787744902,,1787744902,1787744902,1803642502,pi_3NTszut0LbZcEXEQUc3fCAYY,ch_3OQuC30TMFyh5zkQnsVwLvkX
in_1Ldlmfi8ueDXGDzRToE4nVYS,4M75ICXZ-0002,cus_eSftgrog9QvPpc,sub_1ookCvIkiisdvrDNCcouICj7,paid,subscription_cycle,charge_automatically,eur,100000,0,100000,100000,100000,0,1,1787748489,,1787748489,1787748489,1819284489,pi_3axZQUxkTs3ktIracKPAmL6O,ch_3DHaK8mRAUrMUCPrXBpyw7q4
in_1cQC1r3nIVSUTTiizcvpVEQV,JCUC3FS1-0001,cus_krW00sox7To55V,sub_1Ju9FjwhxTUU3aHuqzbNCOJC,paid,subscription_create,charge_automatically,eur,59900,0,59900,59900,59900,0,1,1787761026,,1787761026,1787761026,1803658626,pi_3EgC1rrvq6JSlDQwKXFw6nFi,ch_3UcAXhIKMo1AHRk8EKN3wI6T
in_188lovUF6hUe1pGhBKmBzTWD,W83SZNM2-0005,cus_S61rosTOnduRgT,sub_16qezF5E7X55CypHt6bLt5Yq,paid,subscription_cycle,charge_automatically,eur,200000,0,200000,200000,200000,0,1,1787806509,,1787806509,1787806509,1819342509,pi_3wxWxVLX6UMkbeGPM1xQFoci,ch_3WBMCVUsOv427rwg7xfIn4dM
in_1qU4BCqMhqN2tQ8S3awNiieE,NYR950MO-0001,cus_C2omNQ8nvABZm7,sub_19trYcLZKBqTq6SWtB0nfLXN,paid,subscription_create,charge_automatically,eur,59900,0,59900,59900,59900,0,1,1787808317,,1787808317,1787808317,1803705917,pi_3RLT0dK6lbWQNGtWHKWKGzsB,ch_3kifIQIYO4uEt2OrKtzgT3nn
in_1CQaXridVe0PLAIGlXN0nkNy,3YPZ17DV-0002,cus_K7NK3HxWY8sd1x,sub_1h2P2kjpEiQzDAPxYzCOL5we,paid,subscription_cycle,charge_automatically,eur,100000,0,100000,100000,100000,0,1,1787833160,,1787833160,1787833160,1819369160,pi_32A1nemALBUHjI7OEFsa0z7Z,ch_3tJhj6C9kXcWRpVZymPHDbk4
in_1dDFy8QXuIiIUTkg24sIWfcr,QDQW136B-0001,cus_ELNXaiMYkrH9Oq,sub_1CZLUw9LcOz14XopGUH2heRv,paid,subscription_create,charge_automatically,eur,100000,0,100000,100000,100000,0,1,1787836261,,1787836261,1787836261,1819372261,pi_3jb3WXWslcUPNzYUY31nSWH6,ch_3AgLdxhcwd0btC4wA3ltFPDv
in_139KiUeSItOe8zoOK9Foi2k5,VCCZ6U79-0002,cus_wbANRJUZVN9Uso,sub_1hkdpZPrldN9hY6tbD7LupdF,paid,subscription_cycle,charge_automatically,eur,100000,0,100000,100000,100000,0,1,1787852375,,1787852375,1787852375,1819388375,pi_3AxYnjZWi5nJ7AbdV8gPFy3G,ch_3yfr1BR89qiH5MgGLGUq8R56
in_1q7sHxUPv3GLIDZ0s3KxWD8n,UQDQMJBF-0003,cus_ekjYZV7sl3J8ef,sub_1zc0Dcq2hhYpjRJG7bIaCUcg,paid,subscription_cycle,charge_automatically,eur,100000,0,100000,100000,100000,0,1,1787921167,,1787921167,1787921167,1819457167,pi_3KtWRnmNGQMclDU1PCfdK7NY,ch_3UEY945C0LA70Xuk6TIR1Jbe
in_1sN4C6KQH1XgEPGNuT1tfSsB,E9FP768M-0001,cus_h4zkPH1bam5wpr,sub_1EYQolsxgFgm7BpSPajj0i95,paid,subscription_create,charge_automatically,eur,300000,0,300000,300000,300000,0,1,1787923721,,1787923721,1787923721,1819459721,pi_3CTgR2IluujLvTRr9cRAqjgN,ch_3D5cYQzmTgXIEPBxhrp0U56u
in_1OkKp11U5d1CYPkrzRZzZIXH,GC812L2S-0002,cus_cYDmnre2o5LXUH,sub_1XQKRiJYHTffNC9gvTC9a3fe,paid,subscription_cycle,charge_automatically,eur,100000,0,100000,100000,100000,0,1,1787928268,,1787928268,1787928268,1819464268,pi_3KlitqzRhOUmR6cKysfuUAIp,ch_3Ylv0kMNp60SAoe0YzQgngl4
in_1NlMkdBUOyZQwiBIQjVXbWxC,BDDRHVXV-0001,cus_6eQ8O8rTofFM1v,sub_1LDRPSuSVcozswTmE8wXM4jN,paid,subscription_create,charge_automatically,eur,100000,0,100000,100000,100000,0,1,1787940658,,1787940658,1787940658,1819476658,pi_3dt2jeEatpMzXxsnW8VN9xU2,ch_3nbPgJXp5V9lh5o6pGf8Luwe
in_1qUVUIdPUYbFTiajRMv6vkJJ,NGDUZZ22-0001,cus_Z34DaCn9wpeVTJ,sub_1MrKoKGgEpah18YT5iwvzAn2,paid,subscription_create,charge_automatically,eur,100000,0,100000,100000,100000,0,1,1787943137,,1787943137,1787943137,1819479137,pi_3nC3Lbgs5PlrysKPOPfkGVnm,ch_3eusZSSR9wyw7DsRuk2ntvLx
in_1JEGFgh58ecVjN0hDySdH73n,9UDEMOMT-0001,cus_mjzwwMDnUakLhD,sub_1ew3WJv8PFUQyHPZUn0idbSO,paid,subscription_create,charge_automatically,eur,59900,0,59900,59900,59900,0,1,1787945756,,1787945756,1787945756,1803843356,pi_3TdvhNvFYAXpA0anmlLgmLd6,ch_3b9g4jxXWjS3yrAT7GCuMxAR
in_1rezUXocliBnJkiFVWefkIsT,6QW7O2RX-0003,cus_mk9AiOXmdF84N8,sub_1TPu7TuLObnPs9koTaPW9VKP,paid,subscription_cycle,charge_automatically,eur,300000,0,300000,300000,300000,0,1,1787987804,,1787987804,1787987804,1819523804,pi_3Ri2wnHee1CUfENXV5LMo1ng,ch_33h02VTo9620wzhAufMiKqyi
in_1KNpkBLSrZweV3SETlZHmrVw,M72AXCZ6-0002,cus_DXrNn23CFHTIYF,sub_1A4fXSvWhvR5ASOxUCkDdxBi,paid,subscription_cycle,charge_automatically,eur,100000,0,100000,100000,100000,0,1,1788009821,,1788009821,1788009821,1819545821,pi_3TH7iMjGBGUmp1njRefU72WK,ch_3qfSKr940RHSMiTMwpxaLR8F
in_1iaViHvK1QxeDGgMb1Iv9izk,7KFVZ7WJ-0001,cus_NW0Pd1a2pHTmnQ,sub_1F1SbUvcrXOHoXnZDnuVHgk1,paid,subscription_create,charge_automatically,eur,100000,0,100000,100000,100000,0,1,1788085773,,1788085773,1788085773,1819621773,pi_3eu1egwe0hZg7aAUWqtoTkPK,ch_3mG7rCM1rvVd9PwSAOd9vBRa
in_1Gls7Wz7xID3r7watZE029ea,LVF7OGXN-0001,cus_gJpZAkaEZCgGjG,sub_12Cptqz7isgxx9S53VNdRgAx,paid,subscription_create,charge_automatically,eur,59900,0,59900,59900,59900,0,1,1788174158,,1788174158,1788174158,1803812558,pi_3HIoycl1f8NnRBHD6ICMXAf2,ch_3yUqkSTamHZNfnFsn4tx3Ex6
in_1DiGOo9vnhCNDb3Hvgxx0YO2,WTZ4MVEC-0001,cus_vjqesa0ev7M8P4,sub_1AV4i7qk3M9Xh17LZQxp7iep,paid,subscription_create,charge_automatically,eur,100000,0,100000,100000,100000,0,1,1788178195,,1788178195,1788178195,1819714195,pi_3f1M7GVKWWGMvmEA9Wk6YoMh,ch_3InlZVE6o1Gms8yABMSyEY6d
in_10M8FZiTnplAxKJMSlORI6U5,OZHZA81W-0001,cus_w2JCyT9X8b6EgA,sub_1Io0SC8bin2Hcw0xVdXW33Me,paid,subscription_create,send_invoice,eur,119800,0,119800,119800,119800,0,1,1788179750,1789389350,1788888590,1788179750,1803818150,pi_3jS2nTKl6yiItfrS2UtBHx5y,py_3sZfEWDLu2SlKXqhWhsz7Bd7
in_1bXeHzz2cff1WGDBXfAmEPcs,TH192L07-0001,cus_kut24wKl8t54IL,sub_1zoogIHwEw7KB1oiWWo5UTZN,paid,subscription_create,charge_automatically,eur,100000,0,100000,100000,100000,0,1,1788185899,,1788185899,1788185899,1819721899,pi_33Bq0E3uauiTtJ4CKSUTJOWe,ch_3PsZeJmBng9NxGG4M7K9MvTR
in_1vBO8p15qiyQJuBIn9WDLaxX,QCW3XJZI-0001,cus_0m9UnFKS6XIP6a,sub_1eoCDADdXbm6wENcXF7ZJVdD,paid,subscription_create,charge_automatically,eur,100000,0,100000,100000,100000,0,1,1788199243,,1788199243,1788199243,1819735243,pi_32PzdnLWhssabEc2DAlZldCN,ch_31FpvpQfVO7RE0MfMrime1qb
in_172V6czvKLwaRaw3bdlgh3Kr,HWM8GRRO-0001,cus_iI6HUPqCG19Cd8,sub_1ciUzvQfgUoJyc6efCZQueP7,paid,subscription_create,charge_automatically,eur,300000,0,300000,300000,300000,0,1,1788220408,,1788220408,1788220408,1819756408,pi_3VHDvDMZjXk1NwQBduU9Ned7,ch_334higvNjMS4DtcsV2E1tzdG
in_1q5CGDkDyWgdHG32KE9MXQdW,DWXA5VJ6-0001,cus_snAzitE3pibcU2,sub_1Cw7VGSgV5KQbRN5oY9cbylE,paid,subscription_create,charge_automatically,eur,59900,0,59900,59900,59900,0,1,1788240648,,1788240648,1788240648,1803879048,pi_3gUrb2s4hUJFe8RBzJoX1eSF,ch_3R4fU4M0zLPIX3T0MKi0nI1X
in_10B1HwiefdRIoU3rrVmvEtdN,JMR3CUEL-0001,cus_CiiHpaKjFUas0I,sub_1IW1Cfvyfp41Db2dhL0rpswI,paid,subscription_create,charge_automatically,eur,59900,0,59900,59900,59900,0,1,1788248482,,1788248482,1788248482,1803886882,pi_3Lmfax1ypHUqXcgm4ugFUYJP,ch_3VcuIbBzSl9ziu1GxO2w5lOm
in_1iXVOpj2ctLLVmuqQuyGxPDx,X3O36NAH-0001,cus_GCEctIAKVisivJ,sub_1fcUmbTMwZt3XIp0tVZAw8co,paid,subscription_create,charge_automatically,eur,59900,0,59900,59900,59900,0,1,1788272875,,1788272875,1788272875,1803911275,pi_3NBdx3e9h86PmNNRWxeqFYVv,ch_32MQtA5boIg8c6SVq18kAF2o
in_1JlAdA9GJ5IBMl8ZzIYCU5Oq,MY3336JQ-0001,cus_bpPwQ7ZPVjJSvw,sub_1myoWQAU53DKS5pOarDRRmQZ,paid,subscription_create,charge_automatically,eur,100000,0,100000,100000,100000,0,1,1788337641,,1788337641,1788337641,1819873641,pi_3vss06K6XZifjzd8W3SWDlhs,ch_3PnK1GzNfxU6zffjQ1e8TFcc
in_1yM6DzZiYSeI65oIC7pijITe,VDDA9DSN-0003,cus_ExrRod6D5MmNDR,sub_1fEF6aSiJTqBJ1n717BPgmjt,paid,subscription_cycle,charge_automatically,eur,200000,0,200000,200000,200000,0,1,1788349886,,1788349886,1788349886,1819885886,pi_3Q12Io8WsX7nqTrBKlx7wJRi,ch_3kEAAmnknvmif8FYg2xhgA8V
in_1b4RYh2n1yn2Z41YVCu0ERPu,EYJ695RV-0001,cus_UEWSf1YuNohY9P,sub_1BUSCf4q9cWyIFV0DmPy8ECQ,paid,subscription_create,charge_automatically,eur,200000,0,200000,200000,200000,0,2,1788364120,,1788364655,1788364120,1819900120,pi_3JqmsG6ZuB7INhODhc2bHXcu,ch_3C1CdZ9LhAmQkLEzbMKk1dWt
in_1m8aLWtGCSfZR9cSEmbb1fru,MSQXAJ2V-0001,cus_tYgzbvObb3CYpR,sub_1oyDO71b0dziz403cll05FfZ,paid,subscription_create,charge_automatically,eur,200000,0,200000,200000,200000,0,1,1788404773,,1788404773,1788404773,1819940773,pi_3CBQ3LG1TDzZBxVuVaKrv4NZ,ch_3xZzmsakFplCCbULjdQvBK9Y
in_1rveJHdclN0LH3P2bNRLEDdM,JEWONWWV-0001,cus_05mVJn4Lz2vuij,sub_1oywFuTD6LbsBRnUEuAm0zN8,paid,subscription_create,charge_automatically,eur,59900,0,59900,59900,59900,0,1,1788405436,,1788405436,1788405436,1804043836,pi_36EklGfccBCt7QyVT3KVxL1d,ch_3OtWK5gR0PQKcbBfi1LEmqAO
in_1iEOhHEhanjvIjVsggQ0gwEl,7NFIU3XL-0003,cus_ppCLpZWgtWLViC,sub_1SYUwKJmCh655QR4eDWQIMyW,paid,subscription_cycle,charge_automatically,eur,100000,0,100000,100000,100000,0,1,1788426968,,1788426968,1788426968,1819962968,pi_3yyflQuLh4tk8JbCRxlW0uSz,ch_3ZIoupxDU9hn77wBg556LK7u
in_1EvQlB6kEjghdytgHutsY40h,LCHEUDLZ-0002,cus_OXGlQzjdWA9Ulk,sub_1B8ycwESDoCqAFhn9FCBUpU6,paid,subscription_cycle,charge_automatically,eur,100000,0,100000,100000,100000,0,1,1788427214,,1788427214,1788427214,1819963214,pi_3qbYiUptDwk6qkBbMYITnQRe,ch_3HfBaIe4VtLDI3q9iwJEbGeV
in_18Y0p6bdRanicHBxecJyLvai,UTBI30MD-0001,cus_0V9tRbacf2YlL6,sub_1AeOpuYPjMI6Ud6bB59FRq1Z,paid,subscription_create,charge_automatically,eur,59900,0,59900,59900,59900,0,1,1788431429,,1788431429,1788431429,1804069829,pi_3JT6Iv1yfZfqm5CPUtPVADMN,ch_3mkVZcQau4s3cFiTgPQKP7Wc
in_1U2qZE5qtxoLaiRRXWPoOTUG,DHWMR9V9-0002,cus_ijmJ0yv4UVaLbd,sub_1Ldk884thfOlV76suIyjOSPF,paid,subscription_cycle,charge_automatically,eur,100000,0,100000,100000,100000,0,1,1788431687,,1788431687,1788431687,1819967687,pi_3uOe7bdhzFnWjD1Vd2QQHDeh,ch_39tvMt7jJneR9NheXmFwLV0Z
in_1fecIzkCaxpTUwpLwAfNcS9H,6QLAF346-0002,cus_BZeKVIcod76d22,sub_1Ksb59bpgn9qelf29E7lhxd0,paid,subscription_cycle,send_invoice,eur,200000,0,200000,200000,200000,0,1,1788445075,1791037075,1790192215,1788445075,1819981075,pi_3yYhCmJz3bQAYfUMXSZUU0d0,py_3akyo6XBu7FAZALYbtc9h16u
in_15p3r32TZGYvOnHkazsG76Lx,BV9NWZ6Z-0001,cus_CamOBigvm2mW5U,sub_1w1ayjqxXqjlT2JHJpIa0TSZ,paid,subscription_create,charge_automatically,eur,59900,0,59900,59900,59900,0,1,1788446518,,1788446518,1788446518,1804084918,pi_3UmgdbcqlALCDFY6m36sdV1i,ch_3Vhy7TZx4AaUiCDVd3jkuylL
in_1Dw8IJNdf7RC1bJmMHNrL1yt,UE28RC8X-0001,cus_ZCVNUHxim4uVSF,sub_1UO4Nrkxh0WqoobryeSSy1As,open,subscription_create,send_invoice,eur,300000,0,300000,300000,0,300000,0,1788449914,1791041914,,1788449914,1819985914,pi_3GGSbukXjqNK5M9IyazZJvJw,
in_1XRIF4NDNJS0ub5CcZ1nAvYT,9WHVUC62-0001,cus_4S7GoFvL6rp84Z,sub_1r0Wid07XO9P4bSl7X6G9fgr,paid,subscription_create,charge_automatically,eur,59900,0,59900,59900,59900,0,1,1788452973,,1788452973,1788452973,1804091373,pi_3HsxYdfs9tIHfQW3iCMlHRys,ch_3wb6if0FrmLUpjvN6XAmT8YY
in_1PjBNQxiTyVlt9UXUsjSTfbZ,W15GO31M-0001,cus_5bfIdNRbwMKA0b,sub_1kgV8LyoWiyHz8wkhIM6rYCL,paid,subscription_create,charge_automatically,eur,59900,0,59900,59900,59900,0,1,1788455581,,1788455581,1788455581,1804093981,pi_313KYRfwdESHbfoM5LqyyJCh,ch_3Jrc0GvzLIKHYKOsOnmWdZqY
in_1mfx9kYl9yvBc1wYoysGWLfF,FNMCC90S-0001,cus_GiKAVlL0jkEbW0,sub_1OnxZRALaUoklVbIyXASW2z2,paid,subscription_create,charge_automatically,eur,59900,0,59900,59900,59900,0,1,1788501679,,1788501679,1788501679,1804140079,pi_3o0FxGzDVnzM1pdZgt5ivAtW,ch_35hgnvlSF2DEqk5DLSSwydyY
in_1J3eJbddZcUDtKdyPzUyliNs,GHGZB8E7-0001,cus_eW6SOVE6CJY1kq,sub_1zUL4v8ebM1N6R5UYd6tpwCX,open,subscription_create,send_invoice,eur,179700,0,179700,179700,0,179700,0,1788510970,1789720570,,1788510970,1804149370,pi_3gqZZbvgb5xNvbMibDYSMFVQ,
in_1c8xD0VBMMJb75BVhnjhvbIa,BRB2JQPK-0001,cus_hOsi3LoCixEEfo,sub_1MRGeEimvDQCVhUu8wfbNyhv,paid,subscription_create,charge_automatically,eur,100000,0,100000,100000,100000,0,1,1788514393,,1788514393,1788514393,1820050393,pi_3I9Kl0H1h0DQYSuahQ69eGtd,ch_34g7PdG2vKZOEcNWxCS0U9LQ
in_1bzIARg7YtJiAaNer4klVw6h,RDIQELL7-0002,cus_NJv8OXtArBG9gk,sub_1HvAH7wB99r8Nj0EUfM6VvlS,paid,subscription_cycle,charge_automatically,eur,59900,0,59900,59900,59900,0,1,1788515213,,1788515213,1788515213,1804153613,pi_3ueU8obQx6aCEkxeg1ni9wDH,ch_3MGk29eOHOonJo2wci6M3KbS
in_1XETrgltWh8CQSN5x9OX9wiK,GYNME490-0002,cus_gUL6CxXjU0nOsw,sub_1LjjehuENgfuOTHqqmZToqwM,open,subscription_cycle,send_invoice,eur,200000,0,200000,200000,0,200000,0,1788519056,1791111056,,1788519056,1820055056,pi_3b3sFs5K5PTepcT9mvZOIXYi,
in_1cUznQLXRKykEbvpudhAfRP0,93T9YS7Y-0002,cus_SU9EyuaG1fmXrm,sub_1HTE4lvEKKLWYweX78Zg2qpE,paid,subscription_cycle,charge_automatically,eur,59900,0,59900,59900,59900,0,1,1788531913,,1788531913,1788531913,1804170313,pi_3cIBpC12F3xjKcI7OvqjxT5b,ch_3zgGWjpJkSdXdSp5qUGiDsda
in_1CC1Ah8QB3B2fPEr8SpCCXBd,1JWDOZKR-0002,cus_3ooC9CfHti2emO,sub_1YiTtpy7BPimZjQ5zljjhA4g,paid,subscription_cycle,charge_automatically,eur,59900,0,59900,59900,59900,0,1,1788534167,,1788534167,1788534167,1804172567,pi_3HCPgy4UpLMHk2XZfxmFM6d7,ch_3tOnWr8XsKfVWiEbWB5E2Dju
in_171J5vzawjv1jO5zAOS0vtxX,PQZEGCZG-0007,cus_XbOX8tewq9fXaB,sub_1HDkc1KLVr4nNq70kRdGU5VA,paid,subscription_cycle,charge_automatically,eur,179700,0,179700,179700,179700,0,1,1788536387,,1788536387,1788536387,1804174787,pi_3eerIhv9uFF1Z5ORkiWWEZbm,ch_3UYnHtcxPnOCFIzQdHdvOWRw
in_17zR24jx3Htik8OPOeF07RMA,ZT323TKJ-0001,cus_sweEftYCIB5m7w,sub_17OLgLZSHtE5xT4KtReffB5N,paid,subscription_create,send_invoice,eur,300000,0,300000,300000,300000,0,1,1788540541,1791132541,1790793061,1788540541,1820076541,pi_3voR9VU3nSIBJaku0YBnr9mo,py_39yOUTGH0ZxbVROQBxUoi54B
in_1dzGtiZtq9x36bfdVwi2SDb5,PLOZ4UN4-0001,cus_U9RdXPiD5KzvMT,sub_1FAVQTOopYmTdCJU0NFJG3OF,paid,subscription_create,charge_automatically,eur,100000,0,100000,100000,100000,0,1,1788544989,,1788544989,1788544989,1820080989,pi_3MVeiYQ8XSmEZrJeK488f7vw,ch_3rYD2sd3onGAnqbfsLdIYU0v
in_1KsDRsBhDYe2AkYoab23Xshb,3XVDH0CD-0003,cus_f6CcqYDoi1h70o,sub_1CvhZ5Cez2G29O8CVpuM37yu,paid,subscription_cycle,charge_automatically,eur,200000,0,200000,200000,200000,0,3,1788586445,,1789278005,1788586445,1820122445,pi_3uZND7rtEDPuUNsIxPwzjjcO,ch_3CCWc0jtLCus705z8S1zqN8Q
in_1F0SEbh656UriWJ4JPPfimeB,FDGVP6DH-0003,cus_zwzpwLa1QmMCIf,sub_1Wd3WkckmuCvAmMmPz8rC76A,paid,subscription_cycle,charge_automatically,eur,200000,0,200000,200000,200000,0,1,1788599000,,1788599000,1788599000,1820135000,pi_3WD1JDkEVcE2yjygiEfsJe4R,ch_3UAd54mgtQBOhWUhUVK8obft
in_1PybZvifBGJxZTx47wQx5Shb,S1GOM59Z-0003,cus_OdzSrjmMY03XlA,sub_1QEUp9iujRdQtehICbVeU7Fv,open,subscription_cycle,send_invoice,eur,200000,0,200000,200000,0,200000,0,1788604496,1791196496,,1788604496,1820140496,pi_3qoRT7LnqjDcEYv7SAEaFtpv,
in_1kRs1lFI5pmnj4bZFKz83dY6,6SK2AN4U-0003,cus_07CkhXZwjrwbbL,sub_1VrrSsFixXLp7jVBE9tEstOZ,paid,subscription_cycle,charge_automatically,eur,59900,0,59900,59900,59900,0,1,1788614529,,1788614529,1788614529,1804252929,pi_3hSaRUnGAZbXeLgPVtxk3pLz,ch_3xj5IaL9ayADF9Qw7VjvlXol
in_17lqxqqjBE22S5gsyF7aRcQ5,0KVOGSE1-0004,cus_ToeQpp7vK7SyEx,sub_1PY0lblCJr2LKYC4sFp2DDRM,open,subscription_cycle,send_invoice,eur,18200000,0,18200000,18200000,0,18200000,0,1788615055,1792503055,,1788615055,1820151055,pi_3EcJfyVcWTqcNiZD8hqmKABc,
in_1TwChpL8KQbr7nnqQCLJ0eJv,6L2Y8ZQC-0002,cus_EI6FXrKOEcdB25,sub_1RwM0XzUlDIoVr40IcoQ8pZY,paid,subscription_cycle,charge_automatically,eur,100000,0,100000,100000,100000,0,1,1788626238,,1788626238,1788626238,1820162238,pi_3q8sY7ZczWsLwXMgiKLsc1hg,ch_3FBpL61Ieslq6Ri2AdswCbnz
in_1Fz0HrUN4tsURCRlVqLhf8Ln,U5115U6J-0002,cus_dZfKV1CKdXLMTn,sub_1UgmFzX2EnFjm2udpTRRcfGS,paid,subscription_cycle,send_invoice,eur,179700,0,179700,179700,179700,0,1,1788712623,1789922223,1789076283,1788712623,1804351023,pi_3UUwb6FaikvH2Iv02aXSpMPJ,py_3HrWDbUWCo8pLOf4McCpZ0jD
in_1wJsy4JfCvA0wqYm3HQbJbYg,MHSZLMAR-0004,cus_vKVuKnciiPzpxf,sub_1zCnmNGneboWXOTf4Vg96fik,paid,subscription_cycle,charge_automatically,eur,100000,0,100000,100000,100000,0,1,1788732568,,1788732568,1788732568,1820268568,pi_3qEt8BqgafxmobuxxVv0EGX6,ch_3uS0VWfyKaKH9D2KlmJZClXc
in_1Ajb3bJQHEmN2Ida4dMqTPXA,0J9GL3AI-0001,cus_VWUuguesAxwwI0,sub_1cN8Y7ifbDtgzU86e5mMxZHX,paid,subscription_create,charge_automatically,eur,119800,0,119800,119800,119800,0,1,1788791039,,1788791039,1788791039,1804429439,pi_3YFwV1Pzu291QhQtJl6u5iq6,ch_3XSPDfuEyfrmQ4YBDyP68A4b
in_1Mm6rrNFKIpoIciFdjyuzs52,09HBHHR0-0001,cus_76r1XF2qlAg0KW,sub_1osi6F5YVNyHINv0S1Cc2Htc,open,subscription_create,send_invoice,eur,200000,0,200000,200000,0,200000,0,1788808298,1791400298,,1788808298,1820344298,pi_3TXuUSAGLIzVqlolV1b7AdnK,
in_1InIQs1oDnbFmlM004kaUTg2,U8M9RCAK-0001,cus_EegT3N6lhvoOvi,sub_1axHnx79AzLuiv8YH6SbVcqp,paid,subscription_create,charge_automatically,eur,119800,0,119800,119800,119800,0,1,1788809037,,1788809037,1788809037,1804447437,pi_38zOTqus6HE6rA7VM3B4htMI,ch_3o4S0fPP21muZCOc88YTjyxe
in_1L0Ao9bUyhs1tkWTN4BBpJAv,VI1ZJZ2W-0001,cus_leBgfGlwZgyARJ,sub_1pf3dFlGChF45wCo0OA8BNvt,paid,subscription_create,charge_automatically,eur,59900,0,59900,59900,59900,0,1,1788866050,,1788866050,1788866050,1804504450,pi_3wwtxVYq3EIBAD9oQfQnaAko,ch_3sIjesA0ZJ2uVfepTnRf5jMa
in_1yg6w8Wgt7iRs7GKy82feHdP,VWOVPLAU-0001,cus_zw2lc84xid24G3,sub_1qXfSu8sHXXgkCJiPV0zok0G,paid,subscription_create,charge_automatically,eur,100000,0,100000,100000,100000,0,1,1788870281,,1788870281,1788870281,1820406281,pi_3TnHGxnfgEISI85HbLxT2XBi,ch_3ZYZpmMmJKFjoUDggNnq5B24
in_13VGl5vT2WWA9rjhNZXvTh2v,JKHQQAW0-0001,cus_18wvKDLEy8mLKB,sub_1ybQdg6MoL4ZNonStcT5AQFv,paid,subscription_create,charge_automatically,eur,59900,0,59900,59900,59900,0,1,1788872164,,1788872164,1788872164,1804510564,pi_3qzQSkS9k7Y9qVkFmBRGNvDG,ch_3Mr6cAjMrfHukJaRjxEz1FI1
in_1qaiUz67fxnuxCMUZBCO3cEV,FKVA9U8A-0001,cus_3q0jNjyM4jHbXf,sub_1OKEB7xaYE4HETKRzRH50XBC,paid,subscription_create,charge_automatically,eur,299500,0,299500,299500,299500,0,2,1788873228,,1788873452,1788873228,1804511628,pi_3FgJJCvSNoEh7XCaQClqIuVt,ch_3qeisQZg7IAoSMu1a8TWdRUi
in_1lncMtVFMF42xfGoAshXXgq4,XHIMIDYG-0001,cus_ep6rvsG0sRieoR,sub_1OpTHLE7DycXj45rFFG4SuGZ,paid,subscription_create,charge_automatically,eur,200000,0,200000,200000,200000,0,1,1788881696,,1788881696,1788881696,1820417696,pi_3vWc6b1ft62Hqg5YXdfxCtOz,ch_3uokU4bsJTShkjoGXX8rLHh0
in_1NWmJiPzBXfTtUDSYhtPkkEJ,IF9DNW6B-0003,cus_IUOyiCxXxrUyeP,sub_1roue8potLy4oy2Kwz5B04aT,paid,subscription_cycle,charge_automatically,eur,59900,0,59900,59900,59900,0,2,1788882795,,1789146075,1788882795,1804521195,pi_3Waol1WS9FFIpve80GF4OfN7,ch_3sKEp9so6qIQPZe6RpoBuEAD
in_1NcAfFO6kssFbQUaocuFXwD5,51VS0OGT-0002,cus_i8bUV4kAK9B3wV,sub_1XRLvvZFbtSd5brX3a6PhgbO,open,subscription_cycle,send_invoice,eur,300000,0,300000,300000,0,300000,0,1788965356,1791557356,,1788965356,1820501356,pi_3oEuDbJT7tGXBsYUuczm264K,
in_1ukBCxbV2nBneEEVoTEOaQMn,S0A3L3V4-0001,cus_usGqJH30HIIWqz,sub_1LabAM1hz47pQZ7V62qIfQKm,paid,subscription_create,send_invoice,eur,119800,0,119800,119800,119800,0,1,1788966286,1791558286,1790637946,1788966286,1804604686,pi_3XJBksLJM9tLSmCpjSjxIEoM,py_3FZOgLs13RvKB0wldo4GYMqf
in_1jiA9Ovh1LG3aRNUmqyBbcTs,DRDDL6R1-0003,cus_r5P6YKJFnB8UlB,sub_1ToWZNKMry9gdPgMOhZAf4BZ,paid,subscription_cycle,charge_automatically,eur,200000,0,200000,200000,200000,0,1,1788967410,,1788967410,1788967410,1820503410,pi_3TODOcMt8DzRD9tnQCnIvspg,ch_36ovYbhsIj52H1a2j92yobYJ
in_1kUC4LdntF7NVrCWkHVkdiAu,KQYK9Q03-0002,cus_Ok4iwtS7tdw1dr,sub_18bcgNc2QpLWqAXcqTRIGmkd,paid,subscription_cycle,charge_automatically,eur,59900,0,59900,59900,59900,0,1,1788969628,,1788969628,1788969628,1804608028,pi_3mLifYDFYflgtcOplYdKwlqZ,ch_3km2MxXlVxbIFhpgeosUhV01
in_1dRwFb3RPwKjph8AZCpZusBc,P0ME23CG-0001,cus_5YZjTxCJ4m8LyC,sub_12qOvSY1oEoj6R4J6EMqu842,paid,subscription_create,charge_automatically,eur,100000,0,100000,100000,100000,0,1,1788978461,,1788978461,1788978461,1820514461,pi_3llqa9P4kP81Vz2igS3k7Khv,ch_3AQ4idQl9xe9KZEEPX4RYojU
in_1ZEvIENT41TDGRetki5FUky9,KIODJKNL-0002,cus_cusCMPb1thTUmR,sub_1AiW479iCdQd24bCfoMxn245,paid,subscription_cycle,charge_automatically,eur,100000,0,100000,100000,100000,0,1,1789054844,,1789054844,1789054844,1820590844,pi_3tV1gMad6FhGqjipN8swOWGN,ch_3nTc37dpDZKSDGJRUT2SlL57
in_1RO0mtb8mp9mYb3w7h9n3X7n,OD9JP16O-0001,cus_9iwLclhZ1TdfGD,sub_1PZtwFhkDVj6qrpjhBmdxihe,paid,subscription_create,charge_automatically,eur,59900,0,59900,59900,59900,0,1,1789098012,,1789098012,1789098012,1804736412,pi_3waWKedOWh392WvQZLGgailL,ch_38DYfZ5qkQ6KmZIeTlBzsGTY
in_1TvXgLiFKIn0wkg9luXxglyY,H7066L7F-0003,cus_vlJoPaGqxcNbO4,sub_1hqYp0twhHTSY43aAZYbQYhV,paid,subscription_cycle,charge_automatically,eur,100000,0,100000,100000,100000,0,1,1789122177,,1789122177,1789122177,1820658177,pi_38suCveRLIwmhDNZhD5VRTQR,ch_3LR8jDpSeyX0NgfabIWbo2r1
in_14whInmTeXXHAscFB99mBGPX,VY59LA2W-0001,cus_qFYsHv3WU0Zi1o,sub_1KK6EeP1SjCMmDJvqB1U02PS,paid,subscription_create,charge_automatically,eur,100000,0,100000,100000,100000,0,1,1789126419,,1789126419,1789126419,1820662419,pi_32aoVs5GnbxJGxQUGzzHhr5L,ch_3b6UctNQedlCayscWg4NxnqT
in_1K5osUSrgvCsf0O7MzJpVvb6,31AQLXHX-0001,cus_QlVAUFGH5iZKIX,sub_1GTgZdw9dQQFZIbnRomBZVqr,paid,subscription_create,charge_automatically,eur,59900,0,59900,59900,59900,0,1,1789129629,,1789129629,1789129629,1804768029,pi_3UkGauwMABOC91QTrkxRyL5l,ch_3OnmGqBhgeABKryZwCcs8Es9
in_1hfAcwvHnhtwlB1GzJkCJKfj,YFB02E8Y-0001,cus_yzjmpHtnnQrlsN,sub_14ebFWxZ1zVmeWv0CZLVCEe0,paid,subscription_create,charge_automatically,eur,200000,0,200000,200000,200000,0,1,1789130955,,1789130955,1789130955,1820666955,pi_3sfTYdHGgLWceuw4880N3F6e,ch_3woRLsrptn3uEQJtaUZ2EZ2U
in_1pLbxmV0Jd3t59YAOgn2dQSh,SGODNLDO-0002,cus_QrAdxkDknLXwjK,sub_1PEJ1Eqb0h6FOLVeCeuQQGrk,paid,subscription_cycle,charge_automatically,eur,59900,0,59900,59900,59900,0,1,1789222338,,1789222338,1789222338,1804860738,pi_3CKPKPzBcJNsBt6ZGe4IRkhq,ch_3zRn0LPOwuxpgE7WjMdKyK2n
in_1bXP2aEtLbBIF1nSzhXIPvwJ,8SOAG67G-0001,cus_1A9JhyiB2REfLr,sub_1zRQusG0q21PUBwQjggmS0Zh,paid,subscription_create,charge_automatically,eur,59900,0,59900,59900,59900,0,1,1789226200,,1789226200,1789226200,1804864600,pi_3npJvn4CxYnZXi9fcxV5eBIg,ch_38jz1eWh30oGrBhWnWjq60q6
in_1oDeFAjiau2iJb8mPhdvENq8,Q6XM2JT6-0001,cus_pvyKTZlU7a65Vr,sub_1CPkFP9YOPlMVxgcpxUbXFFy,paid,subscription_create,charge_automatically,eur,200000,0,200000,200000,200000,0,1,1789236361,,1789236361,1789236361,1820772361,pi_3hzy62gz4YmtEJg2MuSIRlY5,ch_3hZWzYgo82CxgBMCMrYRbSsH
in_1B9B9jOTaO2fUShVsvTbJTJm,VB1AGOHK-0002,cus_a2ZzvRT5ucKR0h,sub_1QdYBpwwh5Iuu0YAXHFFxbh1,paid,subscription_cycle,charge_automatically,eur,59900,0,59900,59900,59900,0,1,1789302056,,1789302056,1789302056,1804940456,pi_3eQ90npV1gtqjYl96n4aUVLg,ch_3JcTtxtw3ni0OblpWaYzQaCP
in_1Nqtvy4H8nMnBnrWBwQcL5St,719IH2OO-0005,cus_m3iwHkQNkPuQq7,sub_1PxoVeGBI93nw6bH5DcBRRgP,paid,subscription_cycle,charge_automatically,eur,400000,0,400000,400000,400000,0,1,1789306618,,1789306618,1789306618,1820842618,pi_3zWjXBRmwE9pxNJHeUvzSrnM,ch_3LzUcGjGXRj8hYEJELc4fI5w
in_124CrTDbNLhTXBVZE5t6ihqd,BKDUCYVN-0001,cus_cBXJCG1sj2oTpn,sub_1CHoj72CnJE5wSyMEiCfcCBK,paid,subscription_create,charge_automatically,eur,59900,0,59900,59900,59900,0,1,1789363235,,1789363235,1789363235,1805001635,pi_3j7DGDvxdEV50De7aF8kmmtB,ch_3Mzjsiz2rsZ85rYXJK9IazID
in_1KmUxIkeIp2AZ3qp40IOXjHe,UXP9OCWD-0001,cus_hgtI6T0IbOvkNB,sub_1UrdGkUvOPCYfwjtokTTdBEQ,open,subscription_create,send_invoice,eur,12000000,0,12000000,12000000,0,12000000,0,1789386394,1791978394,,1789386394,1820922394,pi_3eKWYXApBPF0GUy9LUTqBt2h,
in_1BsX9ymvCJBRr9Auvv2YIan0,Y5ZUPXVK-0006,cus_yHhyXUkUpGwSVt,sub_1l5YRn71x49zYDIJwAIUw0HK,paid,subscription_cycle,charge_automatically,eur,100000,0,100000,100000,100000,0,1,1789387059,,1789387059,1789387059,1820923059,pi_3hiixLM9gqJKMbhTElUN8Aam,ch_32FqR2wsRFWQKUhrhgKF83LN
in_1wr6qMuAQ5l5FrbWnF2yslw6,6K19ERLI-0001,cus_x7kVu0ks4yQsyP,sub_1dYAmDB8VSzKe0dGSOTXqgIa,paid,subscription_create,charge_automatically,eur,100000,0,100000,100000,100000,0,1,1789389151,,1789389151,1789389151,1820925151,pi_3woDUFK1KcGrfM1NJfJswkCI,ch_35MYHd6br0O2UoZdDRn9EOzT
in_1MX8bRyLtk3fJ1rwfxVHgt4q,UC3HRUO7-0002,cus_oP0EeoAP01yDep,sub_1OX4Pjz42Jw74k1V8f00MVTE,paid,subscription_cycle,send_invoice,eur,200000,0,200000,200000,200000,0,1,1789429088,1792021088,1790662028,1789429088,1820965088,pi_3e1XmFieo420rKd3nyZRmF05,py_3AmJNIxrE5RXlt4woGiq0cCW
in_1bChIGOVhY36pvx0xlzAkXDO,0GLSYR6C-0001,cus_WFnln66vrmTcBp,sub_1wtsaz9dq7Lcp0b3ulUHaaff,paid,subscription_create,charge_automatically,eur,100000,0,100000,100000,100000,0,1,1789464919,,1789464919,1789464919,1821000919,pi_3QDIHMNypqNiv83c43LNHcvI,ch_3RSUd2c1NSpUGor53xCBtLVD
in_1ifHCsKlTxw3cRtp9jSIA75n,B3KAHNDY-0001,cus_nW5hlGPzf7bjoe,sub_1CXQPC1Ikzn5aIgqfKvaPHJF,paid,subscription_create,send_invoice,eur,299500,0,299500,299500,299500,0,1,1789465435,1790675035,1790609575,1789465435,1805103835,pi_3rB22LZqu8rSf8XFjmYQ7Ln2,py_3yb3FQmaH0xv70P6VeePV1my
in_1MKNblC7gIFkVZVgyF55cR5M,BUG6J0LI-0006,cus_j7oS8UcPmuAPRk,sub_185C5LckEvZziVI40olo8p6y,uncollectible,subscription_cycle,charge_automatically,eur,200000,0,200000,200000,0,200000,3,1789466086,,,1789466086,1821002086,pi_3GH9zse7PyqyxLt15Li5ZB72,ch_3VBZlfXGFfwwMg6yHYhlASU4
in_1hV5Nm41JYU02eYfSDqTQep9,QAKK0TW1-0001,cus_3AoQqRiA5mBWev,sub_1ud8b3fs31kBvDFtW4jl6yTq,paid,subscription_create,charge_automatically,eur,59900,0,59900,59900,59900,0,1,1789478006,,1789478006,1789478006,1805116406,pi_3EpFRIlAyVa4LNalyAvMQnTd,ch_3L9fMQ5Hi5AAm6GTex6ktklA
in_1BbCsFSpnUucNjOpVOr6n5jM,5YL0KS6X-0001,cus_vtvOUbuttxEOVC,sub_1EeG5XJmtmMp28DbQgBeYsrw,open,subscription_create,send_invoice,eur,119800,0,119800,119800,0,119800,0,1789481232,1790690832,,1789481232,1805119632,pi_3ThTx1RR2EqNs96SDztur432,
in_14UTmbb3xalQjV6MYplXbmUV,6UPTNAP0-0002,cus_Aht6bDBlnBc4wo,sub_1TvGKyMl39hG17X4IO9PmoNb,paid,subscription_cycle,charge_automatically,eur,100000,0,100000,100000,100000,0,1,1789484487,,1789484487,1789484487,1821020487,pi_3E8aBwC8doLG0AsOLDUIx0GS,ch_3pZ5gpHynFTKCa7ODLdLXirx
in_10l8566NCq3nFSwHtfkqgajE,EMT17B32-0001,cus_Ca5ZIdLoqsjkM9,sub_1iTQlfyeQpGeWVXAye3XUr2S,paid,subscription_create,charge_automatically,eur,100000,0,100000,100000,100000,0,1,1789484777,,1789484777,1789484777,1821020777,pi_3SU6rLnb2TQAEMMXJ9k9H0Ph,ch_38j88i97UopkKXzHT2aNIvAt
in_1Xfjq36YNivKpxrKd4fWj7Gb,HBFEXPXW-0005,cus_wfMIu3sESqAMJF,sub_16jq08DYJ4wdMek0RkgwRm12,paid,subscription_cycle,charge_automatically,eur,100000,0,100000,100000,100000,0,1,1789493132,,1789493132,1789493132,1821029132,pi_3q71B0d2n6RD3XhjyweWnZGA,ch_3Ya9JiqMu5pf3zi53Ccuy1J9
in_1xSgli0ZYR7aXdKtrhbQzJFS,6I9NI68Y-0001,cus_xhlPkcED4fAlJ1,sub_1iR9ehqCpZdxIe4OYDNH1yOH,paid,subscription_create,charge_automatically,eur,59900,0,59900,59900,59900,0,1,1789512625,,1789512625,1789512625,1805151025,pi_35m9gEchtzFe9MqlecKencQ5,ch_3g10jUEXpwcKoK5UBUoI6P1w
in_1K5mp9gD7zCYOm1BVntucXa5,XZGU1XXC-0001,cus_vzKoNXbInuhd1M,sub_1m2YgXXWm8FZZllQvNAPfd38,paid,subscription_create,charge_automatically,eur,100000,0,100000,100000,100000,0,1,1789516266,,1789516266,1789516266,1821052266,pi_3LWWE8GxdDuzN3FzTjFHFsR9,ch_30RuPrWlmIKbMPanRMAOkV3T
in_1biuBVMlvEHTINOcQ00Zm6i9,9WOAF3HS-0002,cus_IHphB49RS2Fmkd,sub_1HDvZY8hejIlbMRv1aAWfYlw,paid,subscription_cycle,charge_automatically,eur,200000,0,200000,200000,200000,0,1,1789564985,,1789564985,1789564985,1821100985,pi_3sEwmiEvvFbawBjnc93godg3,ch_3qOpWLwOxMsQj7R2MAc3yJ0f
in_1gBxTa4u9LNJIKUwQ5iVRGAc,FP5ZPQBR-0001,cus_Kdwa40sGulRWtq,sub_1M9k2w6VVyFS4CDUD5JCnYSZ,paid,subscription_create,charge_automatically,eur,100000,0,100000,100000,100000,0,1,1789576246,,1789576246,1789576246,1821112246,pi_3reXx6u2QOjGy0wGDL0OcBj4,ch_3BqT5IrEpJTokWdvgqnQIiEZ
in_1wBUs0O80p58rnqfM7P2Jwan,CCBQB2IG-0002,cus_5FcVb0Xes3IWur,sub_1rds8mtaRF0AzlBe1klhwJAB,paid,subscription_cycle,charge_automatically,eur,59900,0,59900,59900,59900,0,1,1789590093,,1789590093,1789590093,1805228493,pi_3hsxB9teZimPAvcFghjYtPwT,ch_3Aem2Iyv7r7WmlC6KrugukK0
in_1OD9m2sSpf50DRmg0rorlHBo,I8S6EUEQ-0003,cus_C9d7CcvoG6KNFf,sub_10WvNZ7JLR1t4Ubx1LgUVYcH,paid,subscription_cycle,charge_automatically,eur,400000,0,400000,400000,400000,0,1,1789614707,,1789614707,1789614707,1821150707,pi_3s2hWbBKUEHS8JNj9LII2kLR,ch_3Fcnnruv4WzumVsdGftqTvVZ
in_1pOua7uwbhIpUFbXZR8INQOz,7C1TD2VA-0001,cus_9K0Iq0NHCZTaYZ,sub_1eouzL5Khs7IMnOWqNn6hHGu,paid,subscription_create,charge_automatically,eur,59900,0,59900,59900,59900,0,1,1789635507,,1789635507,1789635507,1805273907,pi_3eOe0VqHBxIjaIgh8DFpntn2,ch_3BIaNkgt5lABgXZPtHeJtxSJ
in_1HQ8nKdJiXDKN7ccXJOsifri,3MR0YEKO-0001,cus_sMFLji2SCG7ryM,sub_1eQ93q8wz90rzr7BIXKaUdsA,paid,subscription_create,charge_automatically,eur,100000,0,100000,100000,100000,0,1,1789658334,,1789658334,1789658334,1821194334,pi_3LQng9bidiFCqSNVjyWTa3oP,ch_33TcJsBC73pJjMsTwV3V5qtf
in_1v0cO366DBOaeGBOEdiJBtds,3IS9I6ST-0001,cus_OPWBIHRFhLdnZG,sub_18pfZftI7coAVdkJSuiUfiY7,paid,subscription_create,charge_automatically,eur,100000,0,100000,100000,100000,0,1,1789684497,,1789684497,1789684497,1821220497,pi_3YCZQAScTrItrPZ04wOh9Y2I,ch_3TgTu48lfX29a2e289y82vs3
in_1YGkKUFVTXex3wEN5DMVyN9H,RNU9MIYH-0001,cus_CjPx2APmASPMW1,sub_1r4VrVRK1G7wOVmSSDD7zPin,paid,subscription_create,charge_automatically,eur,100000,0,100000,100000,100000,0,1,1789734193,,1789734193,1789734193,1821270193,pi_3wlAMf21yRcRAmDcimymK4NO,ch_3vGQlOA6XBREf3bTSkjfwZph
in_1Kx7GPWQafga6uX0RqKx697X,06NCP6KH-0002,cus_dwXuHdLnLxi9w4,sub_1agOB2JZXdSRSojD3plOHn1x,paid,subscription_cycle,charge_automatically,eur,100000,0,100000,100000,100000,0,1,1789736006,,1789736006,1789736006,1821272006,pi_3g4R8T6eWzl40VZLaCiBJu2Q,ch_3KCH05S0jKqtouh1DSakDGrd
in_1twHDcEEolLV3s6HLoEGEvDv,TK4681K1-0001,cus_XxDTYjh1TCeY44,sub_1bQN9jVmF2yOKMeHs9G4X79H,paid,subscription_create,send_invoice,eur,500000,0,500000,500000,500000,0,1,1789737523,1792329523,1790704243,1789737523,1821273523,pi_3sXZfTCK8tts9wk3PUE0OCIb,py_3qXxdhBBCX1T9OotOx3nNbtL
in_19IY1dnI5wxeeUCqo8AQDO79,9EVVNTM4-0004,cus_5wCXszJcQhzq2V,sub_1eQ2F0Z2qzNkcy4bkVDzArqG,open,subscription_cycle,send_invoice,eur,119800,0,119800,119800,0,119800,0,1789741974,1792333974,,1789741974,1805380374,pi_3xi1eSe7oEvnWIDGb3BWbMG5,
in_15uNSYQTHBc5U821wgsrjdet,PVQ7BAOO-0002,cus_S7nvdSOjhyZZs5,sub_13sRhd3vO8fhYxg8JU12hsXe,paid,subscription_cycle,charge_automatically,eur,59900,0,59900,59900,59900,0,1,1789742638,,1789742638,1789742638,1805381038,pi_3F42A6DCuAcQfJYOCwJhwDYa,ch_3ra6k4hpzFD100tj2YVroBuJ
in_1hPz5mo6kWpsrEl1okyIvl6a,TS0ZS6QI-0002,cus_jk20hK8M7CoW4E,sub_1hBV1hNGaWEwBHuF0WzNNRlz,paid,subscription_cycle,charge_automatically,eur,119800,0,119800,119800,119800,0,1,1789746733,,1789746733,1789746733,1805385133,pi_3XrM9L81sQ7H4WvPFmZRfJVK,ch_3GrOLI1EP9ZpIxi1oUi5A2Nu
in_1I1W6vxeMMHhSqGrg7Jy1AZb,PMEQFLSV-0001,cus_Epb9fKIEzPBNBM,sub_14ke0d4UHYmkL84VOWlxc3R6,paid,subscription_create,charge_automatically,eur,100000,0,100000,100000,100000,0,1,1789803817,,1789803817,1789803817,1821339817,pi_3D9xIYIuVCfjVq3NlyqQ6xhQ,ch_3L4wyUwC7rNsNi1w6RsM6Hr5
in_12O5jDUzURHft7lylxnzeLga,5MW52PKP-0003,cus_RuCNKa7zAOnEv5,sub_14GkrnBOkJbhD6KIK02AqGAQ,open,subscription_cycle,send_invoice,eur,400000,0,400000,400000,0,400000,0,1789823418,1792415418,,1789823418,1821359418,pi_3beO84gQOBDkgsEfc7xaEPi1,
in_1TN4T8fc4wZX3xmNEs09hJ3l,OV8D72XG-0004,cus_hdC3Hc8NCw8Drc,sub_1yt3kGClAwYdnC8XHiw9vq9R,open,subscription_cycle,send_invoice,eur,400000,0,400000,400000,0,400000,0,1789831636,1792423636,,1789831636,1821367636,pi_38bvZCJT82gj4qvlm9huQARU,
in_1G77ys7fOgQAKuwBmrAjH7rN,5V5UEGK0-0005,cus_SOtPQcjDpoAiV7,sub_1lccPPhLaSmZGHNloVKhdnVu,paid,subscription_cycle,charge_automatically,eur,119800,0,119800,119800,119800,0,1,1789844581,,1789844581,1789844581,1805482981,pi_33ImpkoOUCPVXHWawvD6p7aS,ch_3j1nMHBPi9nbF62mFg88IjFl
in_1XnNGDwov13sWBrDFzpsv4LO,TY7GOIG2-0001,cus_CzUmd9z3tFWlKb,sub_1nXllijRCQFnsu8tnocTGRi6,paid,subscription_create,charge_automatically,eur,100000,0,100000,100000,100000,0,1,1789870612,,1789870612,1789870612,1821406612,pi_3R6XONlvL7esqyjI4A0x7T6Q,ch_3DoCFMocbMXUIZuNxR7ABBD1
in_1goavLMHvXPzCRSZ3JjXL52x,3FF1XY12-0001,cus_3wp9CGzaYFQHbh,sub_1UNNwp1eX8XXa7OSu6Vl1g9u,paid,subscription_create,charge_automatically,eur,100000,0,100000,100000,100000,0,1,1789915298,,1789915298,1789915298,1821451298,pi_3hOxv4x4vUsA7pcZObg4d9sm,ch_3PCSBKDGBs60bzvINzL4pgPq
in_1apOVyPbVpg5tK8oKBWyUTRX,0MQKZRAQ-0001,cus_0IyPzQQGNbszDb,sub_1v5NxRTARRIM0wwwRxtrFpmJ,paid,subscription_create,charge_automatically,eur,179700,0,179700,179700,179700,0,1,1789996766,,1789996766,1789996766,1805635166,pi_3xm9Lch347jcBWBAqMsAMjF1,ch_3VyUeac3DQGxkB8bTpySxe2j
in_11Mbv9h9KrUiqpb2qy9grUPW,ZVCJZ1BE-0004,cus_CH6vimIOxydq6x,sub_1O9HcoGaRVMjEb2OR1VfNGJo,uncollectible,subscription_cycle,charge_automatically,eur,100000,0,100000,100000,0,100000,3,1790003716,,,1790003716,1821539716,pi_3bjjnFrlsGft5KFCZclaGZKr,ch_3eei4P2BrucCLVfBjYEls5ul
in_14zeddXu25SX8sCj6hCfmsKT,WIZTR9AG-0001,cus_irgM41pYc3pYHp,sub_1kgECsdqAvSuXQRAgXzIOTeY,paid,subscription_create,charge_automatically,eur,100000,0,100000,100000,100000,0,1,1790042133,,1790042133,1790042133,1821578133,pi_34eZvRp8jMrmRS6Jz52Zee9x,ch_3ikTrcaAqp9Nlz2My0y0QZL0
in_1Elvdourf2aEA9RL3Xkb099A,OP4C14IS-0004,cus_LCwdi5rQsG3VZ3,sub_13qJE6kWcgrVo4j8D3nrdJeh,paid,subscription_cycle,charge_automatically,eur,100000,0,100000,100000,100000,0,1,1790044379,,1790044379,1790044379,1821580379,pi_38sPaa829EFDsVtKV0lulVwS,ch_3BrGWreQNGS0Xoqyie3wXjPO
in_1NbNVfOlZHwtgmPuXNZvM7VA,P4TMW1DE-0003,cus_6RWjcFGcdqGbaL,sub_1dWHXMGiEStyQOru87xToKNy,uncollectible,subscription_cycle,charge_automatically,eur,59900,0,59900,59900,0,59900,3,1790059532,,,1790059532,1805697932,pi_3QqWOSPJxSoD3Fz3L4cAbCPw,ch_3jDJnYqLqCZHW2ZeJXRlRW5k
in_1KQQH8t0KhgYJR1NTa6kv7TR,W71KCNPU-0002,cus_JSluVp37nJ6rV5,sub_1LDEVD35auA0lo0Wj6wwgrWt,paid,subscription_cycle,charge_automatically,eur,200000,0,200000,200000,200000,0,2,1790098032,,1790361912,1790098032,1821634032,pi_3U3ifRCCQVXCPlo86jnttmxi,ch_3uFIOE1P93iAp5q5P02ABd63
in_1T1miHDfGGidj8u9ZbhhD1GZ,97GFVWHZ-0002,cus_RBskwsRSqDsTda,sub_10Hw9xYBibD2nxve06oek5Yg,paid,subscription_cycle,charge_automatically,eur,300000,0,300000,300000,300000,0,1,1790163191,,1790163191,1790163191,1821699191,pi_3gILu5VUccbWHBtWZeskq8JQ,ch_3Swmb5MFuHSPKBDIdDaqQJMi
in_1xQYrqDYZJxmREU910gfKmX2,4X1ZB5UX-0002,cus_KHSYnSrFQvqhQd,sub_1dJfCpCcEVO2YwEOnaUhOdj9,paid,subscription_cycle,charge_automatically,eur,100000,0,100000,100000,100000,0,1,1790172531,,1790172531,1790172531,1821708531,pi_3Q0XD9csbsYF1ec4KJLXdbff,ch_30Vw0Fad6rXgyUufUUq1FlL6
in_1gfw5jg7xQz5clDBftonAUKw,5KATZ2ZE-0004,cus_Mn9cnN8tgp3nZw,sub_1DOfdhzzOCo1kvT4FeJyZk7G,paid,subscription_cycle,charge_automatically,eur,100000,0,100000,100000,100000,0,1,1790249290,,1790249290,1790249290,1821785290,pi_3nlivwlUOuO344nTAjkUCx6s,ch_3pM5qai7AtgwnBNzpuY2Lpm5
in_1grwRJuriIhKSYpwPXwoEr5D,V9MHF53G-0001,cus_lp2b5Df3JrwO8n,sub_12LdVFl0Kj3l0nNPUurgaqgb,paid,subscription_create,charge_automatically,eur,59900,0,59900,59900,59900,0,1,1790279740,,1790279740,1790279740,1805918140,pi_3b7wMMLwHzGeC6Smq7ozG2no,ch_39D0NdDzJLO0CH8DSlxAeT57
in_1GmXSkMALIvUgiHpNBr8hknW,NR3NADY9-0001,cus_Tf6geFy8LcelPx,sub_1FpyGJH452NlnI7rN4ccAZuh,paid,subscription_create,charge_automatically,eur,100000,0,100000,100000,100000,0,1,1790284925,,1790284925,1790284925,1821820925,pi_3s9r02V3XGIlhhAT2ERz4trT,ch_3h85yYKVrYvJehRlWIGlRCjB
in_1HbzB2G1t7hlnIALoTH1lRuJ,O2NY7W7J-0001,cus_Fll4ssK4WcRoVW,sub_1sWong82T07iqM1tqd7E0dym,paid,subscription_create,charge_automatically,eur,100000,0,100000,100000,100000,0,1,1790330710,,1790330710,1790330710,1821866710,pi_3xrR8S2mglvBETxNYFceUT90,ch_3XjHYXa2dofoWrE3ABRIfzzB
in_1WzXZTsGqVW03VYKB1JpdcpR,NZ4WQUHV-0003,cus_fJio5Ljd8oyVrU,sub_1Q1K07LD3ylky5fk9P2KGFbQ,paid,subscription_cycle,charge_automatically,eur,100000,0,100000,100000,100000,0,1,1790333476,,1790333476,1790333476,1821869476,pi_3hyO9cayif12Aqma8ayiZAn2,ch_3BxoVoPL1JZG4sZgscNE026u
in_1PyUW6ZH22quU9mbta01YNVz,9WT676SZ-0001,cus_bxKqH2j7zJUH6E,sub_1DODZ91ekcUYMWa5UiV6mK9v,open,subscription_create,send_invoice,eur,119800,0,119800,119800,0,119800,0,1790343331,1792935331,,1790343331,1805981731,pi_3LJSBicwX6ZXlHlaKfPqBgfD,
in_11mXsluQB0u8ToVIiFeOxpTW,6907J3F5-0001,cus_4ZnYQsPNoeJC0n,sub_1FCPKEB9O6sJ7XuRMjVtLHGn,paid,subscription_create,charge_automatically,eur,59900,0,59900,59900,59900,0,1,1790357360,,1790357360,1790357360,1805995760,pi_3AdQa1k9pYj2xCWuBGHkttNG,ch_3lFLLgaUmqonSZpBD1eZZgPd
in_1mul4uozLeElSFHn3OtwUVuX,P97Q789S-0001,cus_lIEuFbOUkrfalb,sub_18liaIClT6Jz6dbuRy7c0lvZ,paid,subscription_create,charge_automatically,eur,119800,0,119800,119800,119800,0,1,1790360272,,1790360272,1790360272,1805998672,pi_3Xg12bzdhnnWnswmFZti0Bsh,ch_3IzV5wNiykJs8Tb9FiYx3zZC
in_1vxwySTamj9n07lwrxHToptO,C6HARX8B-0001,cus_mlHx7m5Mafhsm3,sub_1ktrrLZd0nTFYTW1sj1qYXW4,paid,subscription_create,charge_automatically,eur,59900,0,59900,59900,59900,0,1,1790378020,,1790378020,1790378020,1806016420,pi_32er47JN9T9Nh4LFKtPW3sea,ch_3LKMzX4gMPUDr1QFf30KZCPU
in_1ZKebGHk2guk4CwhmumwzC3M,VAHYWGXA-0003,cus_FJlKjvGf6eHAHy,sub_1qqbPKeitWuxY9M2ozZKZsys,paid,subscription_cycle,charge_automatically,eur,100000,0,100000,100000,100000,0,1,1790430834,,1790430834,1790430834,1821966834,pi_36b9bmsjBWrDjd5H0QagLfRs,ch_3gvv8gBjdZlVijSeN6hxbCw3
in_1N36ooLPi9uyqYlqgjWrpV7p,M5P4P44C-0002,cus_njz4Z4FcvgtGPS,sub_1Gp0flQBONijxvLxSMohKHnR,paid,subscription_cycle,charge_automatically,eur,100000,0,100000,100000,100000,0,1,1790439619,,1790439619,1790439619,1821975619,pi_30LsigBmS3Fyk7B5avR87itP,ch_3TCI2YMJiwYp3dYdikE5bqml
in_1wXgkYzJwfHiPgKWRoQdkiic,UO22URWO-0001,cus_EpxIv9Qd2d8zA5,sub_1ewAaEMwBqhEJGgW73iuemcG,paid,subscription_create,charge_automatically,eur,100000,0,100000,100000,100000,0,1,1790579240,,1790579240,1790579240,1822115240,pi_3laCDSDBP5gDHiKRj7XaiZnf,ch_3M24oId66njb1Z5JPqjOcg2d
in_1XUU0qf3zp9R1qWz5mYt0dHc,IROZINO6-0004,cus_UDHXG4PIWz7DdQ,sub_1mB4s29ac8dQJ5HCm72XTjTU,paid,subscription_cycle,charge_automatically,eur,100000,0,100000,100000,100000,0,1,1790588617,,1790588617,1790588617,1822124617,pi_3Bld7aWpSWI4EvLSMif8w6h7,ch_38fgWE5bRDcCIHsSsx6WWeAH
in_1wb509XFXgjwOTMwsTMau8rd,FHW1WFUZ-0003,cus_yXpUYQoCoAjxGc,sub_1uvraxORlDv52YNZ66H1Zgyc,open,subscription_cycle,charge_automatically,eur,100000,0,100000,100000,0,100000,1,1790590646,,,1790590646,1822126646,pi_30yRANelnj6fofolDDp5r2PS,ch_3VLzPBGDDAAamP8u15PdxGjY
in_1gToeVv0aT37JfEsFBeQyzOg,T0B3AY17-0001,cus_DBYMxtlngpZH1I,sub_1rNghPBH9jroTyOc4vzZuSSo,paid,subscription_create,charge_automatically,eur,100000,0,100000,100000,100000,0,1,1790593697,,1790593697,1790593697,1822129697,pi_3GLIakG9zgyJ3CRGkYwjHYeZ,ch_3LkDEAn8ULhAmwamLFi748r8
in_1S8Kk9KO0NnjO8maQLUxNiNp,73V2DWQN-0005,cus_FGGArfVspwGMDu,sub_16RiKWokDCCpbLquNmwrgpb6,open,subscription_cycle,charge_automatically,eur,59900,0,59900,59900,0,59900,1,1790614132,,,1790614132,1806252532,pi_3DbsEtGAojNxvVv961UcTvJe,ch_3qSWyCpTuhH1T2DYF5UuhPqY
in_1cy4pM9orJBwbqvwyho3fSUe,EEBCIFJS-0002,cus_8YvkAKMEJ5vNY0,sub_1SdqjD278KAhMTp2Ar7nHgCM,paid,subscription_cycle,charge_automatically,eur,100000,0,100000,100000,100000,0,1,1790658682,,1790658682,1790658682,1822194682,pi_39iYI7znfHGiQg4BqrLe4nEv,ch_3pcQLkAstNDOiIuG0s95SvMm
in_1uMNHL7uLv6DmdDU4EyVWkEg,OXAG90LO-0001,cus_6zz3pi7L5xz1iJ,sub_1nQtMQbUQZaqNcYuQeCKOtZn,paid,subscription_create,charge_automatically,eur,200000,0,200000,200000,200000,0,1,1790674623,,1790674623,1790674623,1822210623,pi_3GZxNrDOCoLSHBfRmZQjKcVx,ch_3i1c4IzjXtFOFDCahFzM34mK
in_1ri84Amm408vgKwNwjr8daOY,AA4XLR9Y-0002,cus_dFld1l4Lu6pl29,sub_1viMiA5T7GsZLKpzlgNtr9Ex,open,subscription_cycle,charge_automatically,eur,100000,0,100000,100000,0,100000,1,1790676784,,,1790676784,1822212784,pi_3xD8UrZeW69G5cio9ovxBm29,ch_3LkCRPJMCWFX8C5x9HW0weJd
in_11PhiXbxniFINQpKWVbEdAXF,A1C0UBNV-0002,cus_bupYJzXwI8I5dj,sub_1VQ704N8hCTBcDunhpI4jXk5,paid,subscription_cycle,charge_automatically,eur,100000,0,100000,100000,100000,0,1,1790755418,,1790755418,1790755418,1822291418,pi_3a4v6IFVytLJWl3Qx3DoxkJY,ch_3Jq6FKolAbqaNNJBVeFTlf0j
in_1G9p3B0jSC9fLwwgTcqoCQDf,I1LPQ84S-0003,cus_9bPYIZ1p8aguSi,sub_1YJPKRIWS2fFB3wjBBr2zIbN,paid,subscription_cycle,charge_automatically,eur,100000,0,100000,100000,100000,0,1,1790758257,,1790758257,1790758257,1822294257,pi_3dI17uDWhGbz8hwK3utoNaCh,ch_3f8TB9JQlrQJabKa8TQ2Iggp
in_15ildULpin5Z9nQRr9uYqLWi,P9KARKWG-0001,cus_r4zxAvnVrFUw4M,sub_1wB7Cq8zZEveHYwS504UWcND,paid,subscription_create,charge_automatically,eur,59900,0,59900,59900,59900,0,1,1790769479,,1790769479,1790769479,1806407879,pi_3xkSuVQcxPa0jvfgYS1iNuUP,ch_3KOIcYGTQHheuBohQCaOTMy5
in_1BB9tW8bPtQp4quwq7zsZkw2,QR1QJ4PF-0002,cus_WYdGh7FUiYILl9,sub_1TOYz1ZV5f6Y2C6QegWEJy5H,paid,subscription_cycle,charge_automatically,eur,100000,0,100000,100000,100000,0,1,1790784983,,1790784983,1790784983,1822320983,pi_3WnnkggH4D0ZsMwdi8RCyaCJ,ch_3lhJsYBB57lInXgOBCmr6G5a
