id,customer_id,price_id,quantity,status,collection_method,days_until_due,currency,created,start_date,current_period_start,current_period_end,cancel_at_period_end,cancel_at,canceled_at,ended_at,cancellation_reason,cancellation_feedback
sub_1eSLnLTnmhAMA9oLJkNU62ws,cus_OjbXTMejAxc85C,price_1PzBpWVBZov7oibPYdDyuoxi,2,canceled,send_invoice,30,eur,1643995549,1643995549,1643995549,1659633949,1,1659633949,1657336218,1659633949,cancellation_requested,
sub_1lT2QVx66ZD1qpWIcjQECSVh,cus_jlUOpMak0KsBYU,price_15mHNODG6kmsTAyehOoCotl4,1,canceled,charge_automatically,,eur,1644680990,1644680990,1644680990,1676216990,0,,1645468730,1645468730,cancellation_requested,other
sub_1jrXunRzqzMhP5jfZtD8k1aS,cus_XxoI1Guhgg5Gjo,price_1PzBpWVBZov7oibPYdDyuoxi,2,canceled,send_invoice,30,eur,1646909639,1646909639,1725965639,1741604039,1,1741604039,1740673230,1741604039,cancellation_requested,missing_features
sub_1AHmW1DC3G1PurSPMw45tneF,cus_IUlisi7NpL6VbX,price_1PzBpWVBZov7oibPYdDyuoxi,1,canceled,charge_automatically,,eur,1649142508,1649142508,1649142508,1664953708,1,1664953708,1654938127,1664953708,cancellation_requested,unused
sub_1xYly52j6pV8ZMxl3JCe96r6,cus_Wo0OAUrxi7OWEW,price_15mHNODG6kmsTAyehOoCotl4,1,canceled,charge_automatically,,eur,1649236207,1649236207,1680772207,1712394607,0,,1681465927,1681465927,payment_failed,
sub_1OPFWUV9HQ99Cz7igh0ruyjD,cus_5neTUoUbKCe0NO,price_15mHNODG6kmsTAyehOoCotl4,5,active,charge_automatically,,eur,1649966503,1649966503,1776196903,1807732903,0,,,,,
sub_1G9jRTxkiR3LigeX9MfCXflh,cus_VSZYRLtTojg4nS,price_15mHNODG6kmsTAyehOoCotl4,1,canceled,charge_automatically,,eur,1650388107,1650388107,1666199307,1697735307,1,1697735307,1677735391,1697735307,cancellation_requested,switched_service
sub_1OhNbDQJujgXKcJZTs2O1bNs,cus_GG3pHLcktaXbsK,price_15mHNODG6kmsTAyehOoCotl4,1,canceled,charge_automatically,,eur,1653089288,1653089288,1653089288,1684625288,1,1684625288,1664246555,1684625288,cancellation_requested,unused
sub_1YbikQqUHIltFFMyTpfX8VSN,cus_JIyuwUgUJ2ekxB,price_15mHNODG6kmsTAyehOoCotl4,1,canceled,charge_automatically,,eur,1653398820,1653398820,1748093220,1779629220,1,1779629220,1768888794,1779629220,cancellation_requested,switched_service
sub_1CuuO6AmNOkxZuICXqSvZZLW,cus_KV3VvmKTHHujNM,price_15mHNODG6kmsTAyehOoCotl4,1,active,charge_automatically,,eur,1653488754,1653488754,1779719154,1811255154,0,,,,,
sub_1IyNEc2g5CeE63vtzodJzVSW,cus_O6FnrBtaRt34XL,price_1PzBpWVBZov7oibPYdDyuoxi,2,canceled,charge_automatically,,eur,1654239683,1654239683,1654239683,1670050883,1,1670050883,1667178441,1670050883,cancellation_requested,
sub_1hOg2JRBME5j8lAeb4RRzXxx,cus_KEcTY0vb7IfLaP,price_15mHNODG6kmsTAyehOoCotl4,1,canceled,charge_automatically,,eur,1655197827,1655197827,1718356227,1749892227,1,1749892227,1735260341,1749892227,cancellation_requested,unused
sub_1GCa2Y36dMBpeudUub2o3avT,cus_9XExA8Qw1osSxB,price_1PzBpWVBZov7oibPYdDyuoxi,1,canceled,charge_automatically,,eur,1655378530,1655378530,1655378530,1671189730,1,1671189730,1663506819,1671189730,cancellation_requested,unused
sub_1BRRgPjW6SWRKMSDgrjKmvoQ,cus_Q0h0o7PxoVeGBI,price_1PzBpWVBZov7oibPYdDyuoxi,1,canceled,charge_automatically,,eur,1655891939,1655891939,1671703139,1687427939,1,1687427939,1685695664,1687427939,cancellation_requested,unused
sub_1SOcANPybfKT7QtEmFWBEKTo,cus_mZXXs1b0zEu7Cq,price_15mHNODG6kmsTAyehOoCotl4,1,canceled,charge_automatically,,eur,1655934150,1655934150,1655934150,1687470150,1,1687470150,1672667560,1687470150,cancellation_requested,
sub_1Q0APp2SmMCBWxWbBT2TcfIw,cus_w6dStbZIqW9LCL,price_15mHNODG6kmsTAyehOoCotl4,1,active,charge_automatically,,eur,1657523687,1657523687,1783754087,1815290087,0,,,,,
sub_1O0P2kt5XLhAxsNETe9qLqxV,cus_4dBapx1c6dDx4f,price_15mHNODG6kmsTAyehOoCotl4,1,active,charge_automatically,,eur,1657789770,1657789770,1784020170,1815556170,0,,,,,
sub_1eOR2SMwdCswcNx9vqD1ba58,cus_fDaqJ1dWEvLgxq,price_15mHNODG6kmsTAyehOoCotl4,1,canceled,charge_automatically,,eur,1657832867,1657832867,1657832867,1689368867,1,1689368867,1676338983,1689368867,cancellation_requested,
sub_1bgTNsm2tygyoevSrVhnHG3U,cus_TtnVUMZvaDhemA,price_15mHNODG6kmsTAyehOoCotl4,1,active,charge_automatically,,eur,1658853533,1658853533,1785083933,1816619933,0,,,,,
sub_1TFoDYTwxSztqlKBk2ZkGVXC,cus_TH9NR5h8NVGixi,price_15mHNODG6kmsTAyehOoCotl4,1,active,charge_automatically,,eur,1659622167,1659622167,1785852567,1817388567,0,,,,,
sub_16IpgmG4uXGxhrTJUvZeuZi6,cus_MWlcWuvspbqmRy,price_15mHNODG6kmsTAyehOoCotl4,1,canceled,charge_automatically,,eur,1660054206,1660054206,1723212606,1754748606,0,,1723904766,1723904766,payment_failed,
sub_15VUEC4QEjpWtz0QyzSTQb7G,cus_bp4y84vr4e97b6,price_15mHNODG6kmsTAyehOoCotl4,1,active,charge_automatically,,eur,1660104956,1660104956,1770696956,1802232956,0,,,,,
sub_1oOGaQbyvlUyxx44aMUcVHgU,cus_yvSbnEbspV9bOb,price_15mHNODG6kmsTAyehOoCotl4,1,canceled,charge_automatically,,eur,1661429690,1661429690,1692965690,1724588090,1,1724588090,1716204522,1724588090,cancellation_requested,other
sub_1n4WVZ7ZdfEEO6o6kd2TOEBT,cus_AmafAwFujxChlS,price_15mHNODG6kmsTAyehOoCotl4,3,canceled,charge_automatically,,eur,1661532122,1661532122,1693068122,1724690522,1,1724690522,1718825102,1724690522,cancellation_requested,too_expensive
sub_1t278L2U6II59oYUxJegMtbb,cus_FtWbVoDqNaK46r,price_1PzBpWVBZov7oibPYdDyuoxi,2,canceled,charge_automatically,,eur,1662902198,1662902198,1678540598,1694438198,1,1694438198,1684700497,1694438198,cancellation_requested,unused
sub_1xAKo5ccS36jaLIZKd6YPNWb,cus_C6mDYITLNUEkgv,price_1PzBpWVBZov7oibPYdDyuoxi,5,canceled,send_invoice,30,eur,1663079657,1663079657,1678718057,1694615657,1,1694615657,1684315515,1694615657,cancellation_requested,switched_service
sub_11gjanNndJUqVxqVYSoxv83M,cus_bio44q9v4lpUlf,price_1PzBpWVBZov7oibPYdDyuoxi,1,canceled,charge_automatically,,eur,1663478341,1663478341,1663478341,1679116741,1,1679116741,1675365263,1679116741,cancellation_requested,other
sub_1JwJaaqoUZSgAqYPPqSiIVyt,cus_wGOHsJT2Kp5KL7,price_15mHNODG6kmsTAyehOoCotl4,1,canceled,charge_automatically,,eur,1665057434,1665057434,1728215834,1759751834,0,,1728911054,1728911054,payment_failed,
sub_18KTmVOugFkd4rw1PmEraFfm,cus_8VHJfN1x0NXnZ4,price_15mHNODG6kmsTAyehOoCotl4,4,active,charge_automatically,,eur,1665641485,1665641485,1760335885,1791871885,0,,,,,
sub_1lphA8MZzNtFO1HyAyuJBO3L,cus_kXQ7PVRvjtmR2T,price_1PzBpWVBZov7oibPYdDyuoxi,1,canceled,charge_automatically,,eur,1665836122,1665836122,1713183322,1728994522,1,1728994522,1726698338,1728994522,cancellation_requested,
sub_1SPNqfABXC5OBWTtdaFzcOaw,cus_KSxD48wtyNhtuT,price_15mHNODG6kmsTAyehOoCotl4,2,canceled,send_invoice,30,eur,1666203851,1666203851,1729362251,1760898251,1,1760898251,1744474225,1760898251,cancellation_requested,other
sub_1b7rBqVJKbYWiHAaEu3Azi3h,cus_F1XOmstGPaNZej,price_15mHNODG6kmsTAyehOoCotl4,1,active,charge_automatically,,eur,1666597114,1666597114,1761291514,1792827514,0,,,,,
sub_1D6yD24WIv3x1Hh1alfCIhCi,cus_0MepRXZSkkTMs4,price_1PzBpWVBZov7oibPYdDyuoxi,2,active,charge_automatically,,eur,1667197760,1667197760,1777530560,1793428160,0,,,,,
sub_13LJCr5ySx1G0SbZc1fKvZ13,cus_TW0KwLhPrMtfiP,price_15mHNODG6kmsTAyehOoCotl4,1,active,charge_automatically,,eur,1667908166,1667908166,1762602566,1794138566,0,,,,,
sub_1fO6WnNyTJb4ksCwDUH4wxpm,cus_h4FvzhRXrLVVE4,price_15mHNODG6kmsTAyehOoCotl4,1,canceled,charge_automatically,,eur,1667982158,1667982158,1731140558,1762676558,1,1762676558,1759312796,1762676558,cancellation_requested,switched_service
sub_1g0XubLkAUQkrwkrpeapURsz,cus_Oaet0GN59NIa43,price_15mHNODG6kmsTAyehOoCotl4,1,active,charge_automatically,,eur,1668089818,1668089818,1778422618,1809958618,0,,,,,
sub_1cml720QgAUrFjjSVK7n2Co9,cus_TuPV86eLXGsCK6,price_1PzBpWVBZov7oibPYdDyuoxi,5,canceled,charge_automatically,,eur,1668180097,1668180097,1668180097,1683818497,1,1683818497,1674390378,1683818497,cancellation_requested,too_expensive
sub_1RwI4aluAblowGRCpXH9IHZW,cus_GLb9UNJNnh38lJ,price_15mHNODG6kmsTAyehOoCotl4,4,active,charge_automatically,,eur,1668316473,1668316473,1763010873,1794546873,0,,,,,
sub_15ienX88FWUCs4RB3YieZWHR,cus_sP8KSNPwszEOZT,price_15mHNODG6kmsTAyehOoCotl4,1,canceled,charge_automatically,,eur,1668421031,1668421031,1731579431,1763115431,1,1763115431,1746996246,1763115431,cancellation_requested,unused
sub_1wullWaXNfNiZ04PbFllYu6x,cus_2477sHuuAMqNAg,price_15mHNODG6kmsTAyehOoCotl4,1,canceled,charge_automatically,,eur,1668702261,1668702261,1763396661,1794932661,0,,1764090621,1764090621,payment_failed,
sub_1P0ECqiYqIoOirejAEDvKgVf,cus_DtkOsehto9w9B3,price_15mHNODG6kmsTAyehOoCotl4,1,active,charge_automatically,,eur,1669275343,1669275343,1779608143,1811144143,0,,,,,
sub_1VQ9Tqp1mlE8aLmYky77cOV4,cus_l5lGlriGfO81Be,price_1PzBpWVBZov7oibPYdDyuoxi,2,canceled,charge_automatically,,eur,1669710262,1669710262,1669710262,1685348662,1,1685348662,1678546289,1685348662,cancellation_requested,unused
sub_1iS2Xzgc8aQyikhCP8VdJido,cus_jauZDybqY6ogph,price_15mHNODG6kmsTAyehOoCotl4,1,canceled,charge_automatically,,eur,1670392598,1670392598,1701928598,1733550998,1,1733550998,1732007452,1733550998,cancellation_requested,switched_service
sub_1Us1VlHvmZxyxMVA4w1JyinY,cus_zev8gp4gR1fR3X,price_15mHNODG6kmsTAyehOoCotl4,1,active,charge_automatically,,eur,1670405040,1670405040,1765099440,1796635440,0,,,,,
sub_1u3nTTE40pIeyFn6UfnfxOLb,cus_0M7HWYVoi8rjSs,price_15mHNODG6kmsTAyehOoCotl4,1,active,charge_automatically,,eur,1670442920,1670442920,1780862120,1812398120,0,,,,,
sub_1dPyTzYnrtptLSZS7Yk1fK9k,cus_awECscToLjhlvk,price_15mHNODG6kmsTAyehOoCotl4,1,active,charge_automatically,,eur,1670687037,1670687037,1765381437,1796917437,0,,,,,
sub_1UHIHMmEggoiSJuvXcB6YvuX,cus_l4KBvUnBagMAUj,price_15mHNODG6kmsTAyehOoCotl4,1,canceled,charge_automatically,,eur,1670849649,1670849649,1670849649,1702385649,1,1702385649,1695376353,1702385649,cancellation_requested,unused
sub_1PAjH66mZCPm7vK8cURzUZIn,cus_kobV3WDbqC42P6,price_1PzBpWVBZov7oibPYdDyuoxi,1,canceled,charge_automatically,,eur,1671040308,1671040308,1671040308,1686765108,1,1686765108,1676600357,1686765108,cancellation_requested,too_expensive
sub_13CtHnMllOTzo6IjPcOvc9GJ,cus_9ULB87mUvtzyvK,price_1PzBpWVBZov7oibPYdDyuoxi,1,canceled,charge_automatically,,eur,1671094814,1671094814,1671094814,1686819614,1,1686819614,1681423096,1686819614,cancellation_requested,too_expensive
sub_1DfVhfp2aO2w9abunuBKEujI,cus_CNAXSKRsHTQ6jQ,price_15mHNODG6kmsTAyehOoCotl4,2,active,charge_automatically,,eur,1671502863,1671502863,1766197263,1797733263,0,,,,,
sub_10o4kNtAxf4ob61kbYJQ1e8s,cus_aHvgdad0rSLaPo,price_1PzBpWVBZov7oibPYdDyuoxi,1,canceled,charge_automatically,,eur,1671644709,1671644709,1671644709,1687369509,1,1687369509,1677611535,1687369509,cancellation_requested,unused
sub_1IGEyTIjOKjoQYsUhh6ePGnj,cus_Bxx0AGGEEk6HjH,price_15mHNODG6kmsTAyehOoCotl4,1,active,charge_automatically,,eur,1672079319,1672079319,1766773719,1798309719,0,,,,,
sub_1ZyMnNAreCW8eQAi5p6Q8ThB,cus_E1pNrInSdSgNAX,price_1PzBpWVBZov7oibPYdDyuoxi,1,canceled,charge_automatically,,eur,1672379693,1672379693,1672379693,1688104493,1,1688104493,1683705776,1688104493,cancellation_requested,too_expensive
sub_1JyjExWCQXyBfdJlFIw5FAX6,cus_lzJYBJ6k9sH9Kn,price_15mHNODG6kmsTAyehOoCotl4,1,canceled,charge_automatically,,eur,1672787228,1672787228,1704323228,1735945628,1,1735945628,1720121414,1735945628,cancellation_requested,unused
sub_1emS1zjUmRvePeZVZEwXJzb5,cus_ZqxfrvQKIazfVs,price_15mHNODG6kmsTAyehOoCotl4,4,active,charge_automatically,,eur,1672941509,1672941509,1767635909,1799171909,0,,,,,
sub_18sqXgCmdDN6VAJMUFX1XmHu,cus_P5lKyuAWGdLFxR,price_15mHNODG6kmsTAyehOoCotl4,1,canceled,charge_automatically,,eur,1672944964,1672944964,1672944964,1704480964,1,1704480964,1684437611,1704480964,cancellation_requested,unused
sub_1ucofRHp5MLNVZF5YbSF12su,cus_OkTHwPwpdcpubi,price_15mHNODG6kmsTAyehOoCotl4,1,canceled,charge_automatically,,eur,1672987146,1672987146,1704523146,1736145546,1,1736145546,1724953384,1736145546,cancellation_requested,unused
sub_1zIZJNDjJBoXVuRQjmjKpuiY,cus_nHIOQoUfpdw9NT,price_15mHNODG6kmsTAyehOoCotl4,1,active,charge_automatically,,eur,1673448397,1673448397,1768142797,1799678797,0,,,,,
sub_1glZgrCEwVUXhAoQFZPk8eG8,cus_915iwJ7tAyXx2O,price_1PzBpWVBZov7oibPYdDyuoxi,2,canceled,send_invoice,14,eur,1673600250,1673600250,1736758650,1752397050,1,1752397050,1745193617,1752397050,cancellation_requested,missing_features
sub_1CA7hx3J6bourxc47QGBsJKq,cus_wzgy6FZ2rkaSJt,price_1PzBpWVBZov7oibPYdDyuoxi,1,canceled,charge_automatically,,eur,1673613589,1673613589,1673613589,1689251989,1,1689251989,1684162016,1689251989,cancellation_requested,too_expensive
sub_1siy8Xygo0CpTwm6thQv3Qnl,cus_BaXJDkKoI1d0gG,price_1PzBpWVBZov7oibPYdDyuoxi,1,canceled,charge_automatically,,eur,1673768920,1673768920,1689407320,1705304920,1,1705304920,1704970623,1705304920,cancellation_requested,unused
sub_1iRO7PdugkX7GfIvZzh7aw7f,cus_faA1HomPTQ552M,price_15mHNODG6kmsTAyehOoCotl4,1,canceled,charge_automatically,,eur,1673868551,1673868551,1737026951,1768562951,1,1768562951,1756174498,1768562951,cancellation_requested,too_expensive
sub_1dXXjVf9K8kGaO6JqCm7XelG,cus_7QUjGcufpSjsGe,price_15mHNODG6kmsTAyehOoCotl4,2,active,charge_automatically,,eur,1674463349,1674463349,1784796149,1816332149,0,,,,,
sub_1IaSonp41dq2ZXE3PHXPNf0X,cus_W7jDuNX4F7cz0D,price_1PzBpWVBZov7oibPYdDyuoxi,1,active,charge_automatically,,eur,1674795992,1674795992,1785128792,1801026392,0,,,,,
sub_1mwycTP2niiyAl7rP2Dvvy3q,cus_ImD6K4JzIgRlaK,price_15mHNODG6kmsTAyehOoCotl4,1,canceled,charge_automatically,,eur,1674825317,1674825317,1706361317,1737983717,1,1737983717,1718324796,1737983717,cancellation_requested,other
sub_1Yva9T1FMwIPfd3LTecyVOaR,cus_F983kzLqaSqrz4,price_15mHNODG6kmsTAyehOoCotl4,1,active,charge_automatically,,eur,1675100072,1675100072,1769794472,1801330472,0,,,,,
sub_1O42eExk5CH2hPgNCtl1w2up,cus_L1hKx1yQPx1PA4,price_15mHNODG6kmsTAyehOoCotl4,1,active,charge_automatically,,eur,1675501296,1675501296,1785834096,1817370096,0,,,,,
sub_1WZiwVL2sH6qkoekeHoGe4S7,cus_epIZQjeBkV1rhZ,price_15mHNODG6kmsTAyehOoCotl4,1,active,charge_automatically,,eur,1675583032,1675583032,1770277432,1801813432,0,,,,,
sub_1wWfZPRmaL88rBe5v3JUpHr4,cus_pHoRxpXmneLgBg,price_15mHNODG6kmsTAyehOoCotl4,1,active,charge_automatically,,eur,1675610559,1675610559,1785943359,1817479359,0,,,,,
sub_17VrO2zcdK79yZHoiQZH73l6,cus_YpIY9L9R6B1GCq,price_15mHNODG6kmsTAyehOoCotl4,1,canceled,charge_automatically,,eur,1676547683,1676547683,1676547683,1708083683,1,1708083683,1706362735,1708083683,cancellation_requested,missing_features
sub_1sleWvf8JBFGIo7TJwTXv9xO,cus_vG9aykSs587AQe,price_15mHNODG6kmsTAyehOoCotl4,1,active,charge_automatically,,eur,1676623185,1676623185,1771317585,1802853585,0,,,,,
sub_11MjnCSfi55yu4efw4gVOjjX,cus_F4dj0cYJMxJklO,price_15mHNODG6kmsTAyehOoCotl4,2,canceled,charge_automatically,,eur,1676632987,1676632987,1739791387,1771327387,1,1771327387,1770257105,1771327387,cancellation_requested,other
sub_1iSCZa0oD0N3NVRhwGPrgUhg,cus_bqE6HxqMhzPpk5,price_1PzBpWVBZov7oibPYdDyuoxi,1,canceled,charge_automatically,,eur,1677005120,1677005120,1740163520,1755801920,1,1755801920,1753197626,1755801920,cancellation_requested,unused
sub_1wxNI7ku4vpndEAIlLQLqB7M,cus_10tjDHkuMjbMtH,price_15mHNODG6kmsTAyehOoCotl4,1,canceled,charge_automatically,,eur,1677006449,1677006449,1677006449,1708542449,1,1708542449,1695645834,1708542449,cancellation_requested,switched_service
sub_1tramngMkeMxrLEDDAhZPBMo,cus_UiZ3fY6MBONnZN,price_1PzBpWVBZov7oibPYdDyuoxi,1,canceled,charge_automatically,,eur,1677053382,1677053382,1740211782,1755850182,1,1755850182,1753248465,1755850182,cancellation_requested,missing_features
sub_1aoTfOEQDlOZlYx83KPVXwVn,cus_oEW280DQFAXVnk,price_15mHNODG6kmsTAyehOoCotl4,1,canceled,charge_automatically,,eur,1677071794,1677071794,1677071794,1708607794,1,1708607794,1698410180,1708607794,cancellation_requested,too_expensive
sub_1aRpKyMioKXpABDrHtobvDCI,cus_zm3QWUdM3R6hsY,price_15mHNODG6kmsTAyehOoCotl4,2,canceled,send_invoice,14,eur,1677146758,1677146758,1677146758,1708682758,1,1708682758,1692281705,1708682758,cancellation_requested,unused
sub_1vzBI0QFZ0LPDebDJxpGMyMm,cus_JSTAz0WNcUniEL,price_15mHNODG6kmsTAyehOoCotl4,1,canceled,charge_automatically,,eur,1677257822,1677257822,1708793822,1740416222,1,1740416222,1732793793,1740416222,cancellation_requested,other
sub_1G7zzkwRWmGhtaskQaKvQY8H,cus_rSGTt7uuvZcxEx,price_15mHNODG6kmsTAyehOoCotl4,1,active,charge_automatically,,eur,1677267508,1677267508,1771961908,1803497908,0,,,,,
sub_181K1Bui7xw5RLuePrLSR5OS,cus_432x7NoHNZSqbI,price_1PzBpWVBZov7oibPYdDyuoxi,1,canceled,charge_automatically,,eur,1677268704,1677268704,1756065504,1771963104,1,1771963104,1765634527,1771963104,cancellation_requested,too_expensive
sub_1DMOsZY0MQGS4RfN6LUyScRX,cus_r6YAsvGg7H2dtJ,price_15mHNODG6kmsTAyehOoCotl4,3,canceled,charge_automatically,,eur,1677849037,1677849037,1677849037,1709471437,1,1709471437,1704200914,1709471437,cancellation_requested,unused
sub_1YvzYIZfeKgupbTERG3SGzoV,cus_PJAVUuYJfjNwbt,price_1PzBpWVBZov7oibPYdDyuoxi,1,canceled,charge_automatically,,eur,1678197137,1678197137,1709819537,1725717137,1,1725717137,1722853237,1725717137,cancellation_requested,other
sub_1r9K1zQmSvR37ZFO4otTWzj6,cus_Akrubb7dYCpAvn,price_1PzBpWVBZov7oibPYdDyuoxi,3,canceled,charge_automatically,,eur,1678222375,1678222375,1678222375,1694119975,1,1694119975,1693681755,1694119975,cancellation_requested,
sub_1a5GLZOLFYVQ4aA62D2CiHTY,cus_rObx6GpznD7rAf,price_15mHNODG6kmsTAyehOoCotl4,1,canceled,charge_automatically,,eur,1678448206,1678448206,1710070606,1741606606,1,1741606606,1722482557,1741606606,cancellation_requested,
sub_1q1RKOcbyVTb8UiFzzX4KdHz,cus_ZIil6tzf2pISHx,price_1ZmhFJFPY0kq3KkPRWNqnjbX,1,active,send_invoice,30,eur,1678807887,1678807887,1773502287,1805038287,0,,,,,
sub_16M1jAEcekpeWnu5Ii3Rmip6,cus_KezbhquDmFlGoU,price_15mHNODG6kmsTAyehOoCotl4,1,active,charge_automatically,,eur,1678958314,1678958314,1773652714,1805188714,0,,,,,
sub_1vexE16NwMUFBniceylPgxjg,cus_tSidqk6oS9yCj9,price_15mHNODG6kmsTAyehOoCotl4,1,canceled,charge_automatically,,eur,1679488899,1679488899,1711111299,1742647299,0,,1711804899,1711804899,payment_failed,
sub_1eXn6bNFULFkJkGIX1BsuRx1,cus_YuTCUS21WjX8fc,price_15mHNODG6kmsTAyehOoCotl4,2,canceled,charge_automatically,,eur,1679657433,1679657433,1679657433,1711279833,1,1711279833,1703418644,1711279833,cancellation_requested,unused
sub_1Zn4aEMl0GEdJnDgeyE4FktB,cus_KzSYsyWxuaaD9s,price_15mHNODG6kmsTAyehOoCotl4,1,active,charge_automatically,,eur,1680872911,1680872911,1775567311,1807103311,0,,,,,
sub_14BnQIpRGG9Y8BoiJJHGxkTX,cus_DS5DcyZ7EEQ5up,price_1PzBpWVBZov7oibPYdDyuoxi,1,canceled,charge_automatically,,eur,1681253874,1681253874,1697065074,1712876274,1,1712876274,1707151324,1712876274,cancellation_requested,unused
sub_1RZvFQLbqgZjCThBnKyzoDpe,cus_uiBs6rG3zG4hJV,price_1PzBpWVBZov7oibPYdDyuoxi,1,canceled,charge_automatically,,eur,1681389462,1681389462,1697200662,1713011862,1,1713011862,1706392086,1713011862,cancellation_requested,too_expensive
sub_110N0hI9jMLgB1Mf8PjTcMna,cus_9wqFIILmv9RZ6W,price_1PzBpWVBZov7oibPYdDyuoxi,1,canceled,charge_automatically,,eur,1681554911,1681554911,1681554911,1697366111,1,1697366111,1689237814,1697366111,cancellation_requested,other
sub_1JAn3SyPNcCL7FlqrYoUeOtL,cus_X3H4uODa70BhtN,price_1PzBpWVBZov7oibPYdDyuoxi,2,canceled,charge_automatically,,eur,1681573082,1681573082,1681573082,1697384282,1,1697384282,1688643406,1697384282,cancellation_requested,too_expensive
sub_1XeE4fyWnbzm3gJAqZk1WFYk,cus_VYoBhAHjKR8xhk,price_1PzBpWVBZov7oibPYdDyuoxi,1,canceled,charge_automatically,,eur,1681636095,1681636095,1681636095,1697447295,1,1697447295,1696334219,1697447295,cancellation_requested,missing_features
sub_1fqWKxNjMt8JNPqB1TpShxEq,cus_DH1TpKMRfy6NMT,price_15mHNODG6kmsTAyehOoCotl4,2,active,send_invoice,14,eur,1681733610,1681733610,1760703210,1792239210,0,,,,,
sub_17D3h02h3gArDRfqoWcWeRxW,cus_SZjkfVS0anqRiP,price_15mHNODG6kmsTAyehOoCotl4,1,canceled,charge_automatically,,eur,1681986726,1681986726,1713609126,1745145126,1,1745145126,1733567064,1745145126,cancellation_requested,other
sub_1C0mE5vdjmSgJWWRDpKRvjew,cus_exBCmsJV7fNLDU,price_15mHNODG6kmsTAyehOoCotl4,1,canceled,charge_automatically,,eur,1682001047,1682001047,1713623447,1745159447,1,1745159447,1743611809,1745159447,cancellation_requested,unused
sub_1BYsPjeYVbvDM91vJXvVCzdM,cus_MPCMVTE8DO2C6I,price_15mHNODG6kmsTAyehOoCotl4,2,canceled,charge_automatically,,eur,1682001545,1682001545,1745159945,1776695945,1,1776695945,1776234307,1776695945,cancellation_requested,unused
sub_16wEucjB8e71JmfxLuw0Pm0P,cus_dX4trlgb8tPb95,price_15mHNODG6kmsTAyehOoCotl4,1,canceled,charge_automatically,,eur,1682077518,1682077518,1682077518,1713699918,1,1713699918,1708145488,1713699918,cancellation_requested,other
sub_1SVsnv3gimgv35clv4bOM4Lq,cus_Km4WG9TsONQntD,price_1PzBpWVBZov7oibPYdDyuoxi,3,active,charge_automatically,,eur,1682206699,1682206699,1776901099,1792712299,0,,,,,
sub_1fmNTzqmWFrKhQ8uwEceosFd,cus_HLtDflhXBuCGwV,price_15mHNODG6kmsTAyehOoCotl4,2,active,charge_automatically,,eur,1682429198,1682429198,1761398798,1792934798,0,,,,,
sub_1ubt2TcaZexj6bRTdMbmimJ1,cus_ASjFtZq26RjsFm,price_15mHNODG6kmsTAyehOoCotl4,1,active,charge_automatically,,eur,1682434455,1682434455,1777128855,1808664855,0,,,,,
sub_1u3cyTDffmZRwPiDXMOq1WtQ,cus_uVJllMRl2rpcsP,price_1PzBpWVBZov7oibPYdDyuoxi,1,canceled,charge_automatically,,eur,1682575253,1682575253,1682575253,1698386453,1,1698386453,1690442656,1698386453,cancellation_requested,other
sub_1oEGiVCFQwrHQhuA7dPGh3sr,cus_iedf9YX9IcNbYU,price_15mHNODG6kmsTAyehOoCotl4,1,canceled,charge_automatically,,eur,1682983678,1682983678,1714606078,1746142078,1,1746142078,1737144606,1746142078,cancellation_requested,switched_service
sub_1XKqW2v4PtqCH6jQXNLJ6Flk,cus_UKG0BTr69F0BQ3,price_15mHNODG6kmsTAyehOoCotl4,1,canceled,charge_automatically,,eur,1683100494,1683100494,1714722894,1746258894,0,,1715415474,1715415474,payment_failed,
sub_1LhXJXPsGmqIl9m2EgbhFTz7,cus_M4hDWsFdPWMbXk,price_15mHNODG6kmsTAyehOoCotl4,1,canceled,charge_automatically,,eur,1683102179,1683102179,1746260579,1777796579,1,1777796579,1773559829,1777796579,cancellation_requested,too_expensive
sub_1FleSMmP9FfdX02IEtqct0mF,cus_OxYiYyhGxlRHDC,price_15mHNODG6kmsTAyehOoCotl4,2,canceled,charge_automatically,,eur,1683131962,1683131962,1714754362,1746290362,1,1746290362,1726521496,1746290362,cancellation_requested,unused
sub_1Lsv3SETkK17zqrR1SybtmQC,cus_asGOJyVnBTrscs,price_15mHNODG6kmsTAyehOoCotl4,1,active,charge_automatically,,eur,1683198401,1683198401,1777892801,1809428801,0,,,,,
sub_1CrrNrTdwtKefk9RopjdHKyK,cus_vJIlQaDb7Jyiua,price_15mHNODG6kmsTAyehOoCotl4,1,canceled,charge_automatically,,eur,1683538639,1683538639,1683538639,1715161039,1,1715161039,1713442727,1715161039,cancellation_requested,unused
sub_15COuAvReGm3AGgImvexnsmW,cus_0KEtQRjllkrBjY,price_15mHNODG6kmsTAyehOoCotl4,1,canceled,charge_automatically,,eur,1683719536,1683719536,1699617136,1731239536,1,1731239536,1724589170,1731239536,cancellation_requested,too_expensive
sub_1TKBoId1N1uPhaMHdQRaltP2,cus_ViYr7LRu85cVhH,price_1PzBpWVBZov7oibPYdDyuoxi,1,canceled,charge_automatically,,eur,1683798857,1683798857,1683798857,1699696457,1,1699696457,1691624591,1699696457,cancellation_requested,too_expensive
sub_1v4VTIK2a6hSPdfpKBQ17diI,cus_sZiKluGQSx77NP,price_1PzBpWVBZov7oibPYdDyuoxi,1,canceled,charge_automatically,,eur,1684146542,1684146542,1700044142,1715768942,1,1715768942,1715412737,1715768942,cancellation_requested,switched_service
sub_16CbDJC5vCZICqngVUYe9ldz,cus_Cm0Ytx0zHk44Yk,price_1PzBpWVBZov7oibPYdDyuoxi,1,canceled,charge_automatically,,eur,1684417169,1684417169,1684417169,1700314769,1,1700314769,1690354034,1700314769,cancellation_requested,too_expensive
sub_137YpvEvQiM6qI0CvbYeNm27,cus_NRgHCnhcGy8Jav,price_1PzBpWVBZov7oibPYdDyuoxi,2,canceled,charge_automatically,,eur,1684753510,1684753510,1716375910,1732273510,1,1732273510,1728270933,1732273510,cancellation_requested,
sub_1L42j9LSz3BPAu8rpzrFxgEx,cus_1y8qXnr7XZ3j9n,price_1PzBpWVBZov7oibPYdDyuoxi,1,canceled,charge_automatically,,eur,1684913370,1684913370,1684913370,1700810970,1,1700810970,1697779802,1700810970,cancellation_requested,unused
sub_1pKklmTywiApt9AJMQlSrJJJ,cus_cS7og8YBJCPb46,price_15mHNODG6kmsTAyehOoCotl4,1,canceled,charge_automatically,,eur,1685086679,1685086679,1716709079,1748245079,1,1748245079,1735904520,1748245079,cancellation_requested,missing_features
sub_1kXPbd4gx5vXT1rMBE9oS9kP,cus_ryEl2Wh5nB7xsB,price_15mHNODG6kmsTAyehOoCotl4,1,active,charge_automatically,,eur,1685376669,1685376669,1780071069,1811607069,0,,,,,
sub_1BJSLSH2wq5QOhk1UsCdI3Wv,cus_JhDWquHXl8rSK2,price_15mHNODG6kmsTAyehOoCotl4,2,canceled,send_invoice,30,eur,1685443596,1685443596,1685443596,1717065996,1,1717065996,1704713775,1717065996,cancellation_requested,unused
sub_1YHKnKUSRSYqJMJimYTjSph9,cus_hqFnAYUSbBfBRm,price_15mHNODG6kmsTAyehOoCotl4,1,canceled,charge_automatically,,eur,1685585738,1685585738,1685585738,1717208138,1,1717208138,1709153971,1717208138,cancellation_requested,unused
sub_1mSLvyckydZMrF0Y03cvaNlc,cus_r3C3ZPXWf72pXL,price_15mHNODG6kmsTAyehOoCotl4,2,canceled,charge_automatically,,eur,1685619336,1685619336,1717241736,1748777736,1,1748777736,1728670773,1748777736,cancellation_requested,switched_service
sub_1sbe4K3Qohbq9eQjHLWWhkDt,cus_fSuTYE4UzbibuR,price_15mHNODG6kmsTAyehOoCotl4,1,canceled,charge_automatically,,eur,1685885910,1685885910,1685885910,1717508310,1,1717508310,1714282657,1717508310,cancellation_requested,switched_service
sub_1XacGM6p2LoLeh4YQqXt4ZHb,cus_BuFAjA948ZGbp1,price_15mHNODG6kmsTAyehOoCotl4,1,active,charge_automatically,,eur,1685979819,1685979819,1780674219,1812210219,0,,,,,
sub_1KZPFFVZQDyZsTDJHJ0hrrVh,cus_DaVJO7367vGHwa,price_15mHNODG6kmsTAyehOoCotl4,1,canceled,charge_automatically,,eur,1686489558,1686489558,1749647958,1781183958,1,1781183958,1777831739,1781183958,cancellation_requested,too_expensive
sub_1z4Bq0fVImsfFtkpKCxM83lA,cus_sE8SfrDvw8m13n,price_15mHNODG6kmsTAyehOoCotl4,1,canceled,charge_automatically,,eur,1686493343,1686493343,1686493343,1718115743,1,1718115743,1709110775,1718115743,cancellation_requested,other
sub_18LrnoEIyTAPFWQr4f4FB6G5,cus_RcHwUWpOBVrIFg,price_15mHNODG6kmsTAyehOoCotl4,1,active,charge_automatically,,eur,1686586742,1686586742,1781281142,1812817142,0,,,,,
sub_1v43zkJ1vzJWbQhPr362KBrX,cus_WEieqEBWwdy9W0,price_15mHNODG6kmsTAyehOoCotl4,1,canceled,charge_automatically,,eur,1686679334,1686679334,1749837734,1781373734,0,,1750533914,1750533914,payment_failed,
sub_1Iwfn9wQuQWZ2OXVTrnZvQ25,cus_07RlaXYOAoUgw7,price_15mHNODG6kmsTAyehOoCotl4,2,active,charge_automatically,,eur,1686853966,1686853966,1781548366,1813084366,0,,,,,
sub_1brMyQCK74QtwAAF4Cq7Rm5l,cus_3hM5mvNJ3PEPFl,price_15mHNODG6kmsTAyehOoCotl4,1,active,charge_automatically,,eur,1686940182,1686940182,1781634582,1813170582,0,,,,,
sub_13bYTFjJL74Uuaxa32zvbe6n,cus_fW6zn8sLxWssHf,price_1PzBpWVBZov7oibPYdDyuoxi,2,canceled,send_invoice,14,eur,1687252796,1687252796,1687252796,1703063996,1,1703063996,1693419729,1703063996,cancellation_requested,unused
sub_1Nk0hP37XwSs9zUKmBG8VB3E,cus_FMXhqwSbqLaD21,price_15mHNODG6kmsTAyehOoCotl4,1,canceled,charge_automatically,,eur,1687326274,1687326274,1718948674,1750484674,1,1750484674,1738712698,1750484674,cancellation_requested,unused
sub_19B9q0gzLQxlhaEEsQlzBZ0G,cus_SdnkUjYzVOiNvV,price_15mHNODG6kmsTAyehOoCotl4,2,canceled,charge_automatically,,eur,1687344734,1687344734,1750503134,1782039134,0,,1751198954,1751198954,payment_failed,
sub_14qsCmyP6KhXkzDY3jzWBvCC,cus_xw2RDb9rkGFQEi,price_15mHNODG6kmsTAyehOoCotl4,1,canceled,charge_automatically,,eur,1687538897,1687538897,1719161297,1750697297,1,1750697297,1733343768,1750697297,cancellation_requested,unused
sub_1w4xW873azTfGOw7Sp0erKFI,cus_GNHxru43Xgdifc,price_15mHNODG6kmsTAyehOoCotl4,1,canceled,charge_automatically,,eur,1687765135,1687765135,1687765135,1719387535,1,1719387535,1704804224,1719387535,cancellation_requested,unused
sub_1cIkwx9XcXkkNOVlfC2rHPVE,cus_CqAxzY9ZMF2Cvh,price_1PzBpWVBZov7oibPYdDyuoxi,1,canceled,charge_automatically,,eur,1687954947,1687954947,1703766147,1719577347,1,1719577347,1711751312,1719577347,cancellation_requested,switched_service
sub_1NsSSOlIzw1MsQarPgiNKGEM,cus_ft0PZVvawuEn0r,price_15mHNODG6kmsTAyehOoCotl4,1,canceled,charge_automatically,,eur,1687987906,1687987906,1687987906,1719610306,1,1719610306,1704022252,1719610306,cancellation_requested,too_expensive
sub_1VUYfhGrNIoMAiEcmhaCYt6X,cus_gevA4s0yRpDEjk,price_15mHNODG6kmsTAyehOoCotl4,3,active,charge_automatically,,eur,1688204860,1688204860,1782899260,1814435260,0,,,,,
sub_1iaqlsvdBEEYc5oq2xeHCVeK,cus_Ttr8LVIclxhAH4,price_1PzBpWVBZov7oibPYdDyuoxi,1,canceled,charge_automatically,,eur,1688594770,1688594770,1688594770,1704492370,1,1704492370,1695852713,1704492370,cancellation_requested,switched_service
sub_1ekat3GnI1lXyaZ947d272TP,cus_Qc1S8VRGHAAtvg,price_15mHNODG6kmsTAyehOoCotl4,1,canceled,charge_automatically,,eur,1688664271,1688664271,1751822671,1783358671,1,1783358671,1773986968,1783358671,cancellation_requested,unused
sub_1DT3G5qanXtiy48mLoj4MuZw,cus_3sWdp90UOmLIPN,price_15mHNODG6kmsTAyehOoCotl4,1,canceled,charge_automatically,,eur,1688722824,1688722824,1688722824,1720345224,1,1720345224,1719858950,1720345224,cancellation_requested,too_expensive
sub_1l15GamOagcaOPnG8zyt5BRY,cus_081lkHSwMK5fQt,price_15mHNODG6kmsTAyehOoCotl4,1,active,charge_automatically,,eur,1689335750,1689335750,1784030150,1815566150,0,,,,,
sub_1MPcOyKJlpcFSPDpwxTLHNRB,cus_DzlzFmaWq7GAtQ,price_1PzBpWVBZov7oibPYdDyuoxi,1,canceled,charge_automatically,,eur,1689673851,1689673851,1737193851,1752832251,0,,1737888291,1737888291,payment_failed,
sub_1a6QeGxGIoCZW9aVSiiUQ7CD,cus_2Ntut2KhBTjAgV,price_15mHNODG6kmsTAyehOoCotl4,1,canceled,charge_automatically,,eur,1689790139,1689790139,1689790139,1721412539,1,1721412539,1705625115,1721412539,cancellation_requested,
sub_1c4i8AHv43U6oMg2As7ZpbgP,cus_yjw5vXcPOgnMha,price_1PzBpWVBZov7oibPYdDyuoxi,1,canceled,charge_automatically,,eur,1689848370,1689848370,1768904370,1784542770,1,1784542770,1774903013,1784542770,cancellation_requested,too_expensive
sub_1TyjJ0z5hfbnIF17GuZ9wWsm,cus_ZcMco5g8eqe6mp,price_15mHNODG6kmsTAyehOoCotl4,1,canceled,charge_automatically,,eur,1690381894,1690381894,1690381894,1722004294,1,1722004294,1712519851,1722004294,cancellation_requested,unused
sub_1mJoMw3A40NHfnyVpq05ejtQ,cus_mAAyfoHlhEbOdQ,price_1PzBpWVBZov7oibPYdDyuoxi,1,canceled,charge_automatically,,eur,1690408122,1690408122,1706305722,1722030522,1,1722030522,1716541512,1722030522,cancellation_requested,too_expensive
sub_1m8nhmSB8VjC3kRrjZ2mnN6U,cus_FpiD40BuxcaVKb,price_15mHNODG6kmsTAyehOoCotl4,1,active,charge_automatically,,eur,1690459909,1690459909,1785154309,1816690309,0,,,,,
sub_13G1cxn739Q71n0yYYhWr5c2,cus_0YJtMDbriCk7Ao,price_1PzBpWVBZov7oibPYdDyuoxi,1,canceled,charge_automatically,,eur,1690794543,1690794543,1690794543,1706692143,1,1706692143,1704009485,1706692143,cancellation_requested,other
sub_1kcT231hjG0DqGGuOmLvGVnV,cus_UPHvP6qdoVJ3Tr,price_15mHNODG6kmsTAyehOoCotl4,1,canceled,charge_automatically,,eur,1690795220,1690795220,1722417620,1753953620,1,1753953620,1751263159,1753953620,cancellation_requested,missing_features
sub_1LhajcWTI4H4qO1oEe4I7pwc,cus_JURXvkTkGTaIQA,price_15mHNODG6kmsTAyehOoCotl4,2,active,send_invoice,30,eur,1690980688,1690980688,1785675088,1817211088,0,,,,,
sub_1aEFoeOl0gfvbqQlSNSHAYAh,cus_aGOsX3rwPRdIJV,price_15mHNODG6kmsTAyehOoCotl4,3,active,charge_automatically,,eur,1691410338,1691410338,1786104738,1817640738,0,,,,,
sub_1bjpQ4Qxt204SAp7MIR2pO3u,cus_7hUsagHZzDI8Lh,price_15mHNODG6kmsTAyehOoCotl4,1,canceled,charge_automatically,,eur,1691595117,1691595117,1707492717,1739115117,1,1739115117,1726234916,1739115117,cancellation_requested,unused
sub_1HXd6D3WRDtQxqu27QHVxIz5,cus_SodPP333oMTjao,price_15mHNODG6kmsTAyehOoCotl4,1,canceled,charge_automatically,,eur,1693325705,1693325705,1724948105,1756484105,1,1756484105,1748544923,1756484105,cancellation_requested,unused
sub_1NItGGYMXb3qGAqwBlbpq1P1,cus_wnpnnj47Pcmrfd,price_1PzBpWVBZov7oibPYdDyuoxi,5,canceled,charge_automatically,,eur,1693403547,1693403547,1693403547,1709214747,1,1709214747,1700100774,1709214747,cancellation_requested,
sub_1V2ZVDxy438ieXF5ZGQ8lNly,cus_eSqJ7ebb1ioLdt,price_1PzBpWVBZov7oibPYdDyuoxi,1,canceled,charge_automatically,,eur,1693588036,1693588036,1709312836,1725210436,1,1725210436,1723666167,1725210436,cancellation_requested,unused
sub_1kYqbcYZV393IIG1TeOd1q2C,cus_ctsoCCXvmLvBNm,price_15mHNODG6kmsTAyehOoCotl4,1,canceled,charge_automatically,,eur,1693819226,1693819226,1725441626,1756977626,1,1756977626,1747573014,1756977626,cancellation_requested,unused
sub_1PY0lblCJr2LKYC4sFp2DDRM,cus_ToeQpp7vK7SyEx,price_11NXPgeqlW2EMdJUClkB7gM6,1,active,send_invoice,45,eur,1693920655,1693920655,1788615055,1820151055,0,,,,,
sub_1rUh62hPZ96nMJ6xKBSQ2c3v,cus_sXGMvYwGqVjoRJ,price_15mHNODG6kmsTAyehOoCotl4,1,canceled,charge_automatically,,eur,1693929270,1693929270,1693929270,1725551670,1,1725551670,1710091900,1725551670,cancellation_requested,unused
sub_1aMVOzKaZIczw9UOBew43uxW,cus_PouGD33zFajrjo,price_15mHNODG6kmsTAyehOoCotl4,1,canceled,charge_automatically,,eur,1693931292,1693931292,1725553692,1757089692,0,,1726245252,1726245252,payment_failed,
sub_1lxBsE6vQidVJ3GZMpoQQwoW,cus_GTM71nDUMFwhkX,price_15mHNODG6kmsTAyehOoCotl4,1,canceled,charge_automatically,,eur,1693968836,1693968836,1693968836,1725591236,1,1725591236,1713460381,1725591236,cancellation_requested,switched_service
sub_1pM3uq814hin9pqwGHkMx54I,cus_OE7DCHyXo4bw1r,price_15mHNODG6kmsTAyehOoCotl4,2,active,send_invoice,14,eur,1694018820,1694018820,1772815620,1804351620,0,,,,,
sub_1NSZDMWI8U2AZLQqX4Te66CZ,cus_ZZ05VenrLShmHK,price_1PzBpWVBZov7oibPYdDyuoxi,3,active,charge_automatically,,eur,1694020108,1694020108,1788714508,1804352908,0,,,,,
sub_1kgfgisdbv1QYe5vXjm1xzLV,cus_7y5uaf3mnW6dsT,price_1PzBpWVBZov7oibPYdDyuoxi,1,canceled,charge_automatically,,eur,1694068999,1694068999,1694068999,1709793799,1,1709793799,1704004874,1709793799,cancellation_requested,other
sub_1APsQdTaTnCsGGPWgFX5Flmi,cus_vQw1lMVtbEmlgS,price_1PzBpWVBZov7oibPYdDyuoxi,2,canceled,charge_automatically,,eur,1694166192,1694166192,1725788592,1741426992,1,1741426992,1740038309,1741426992,cancellation_requested,unused
sub_1OPKzgoRxJNufl7p5ZcqBbdN,cus_F5boQWGJIPc1eU,price_1PzBpWVBZov7oibPYdDyuoxi,2,canceled,send_invoice,14,eur,1694520341,1694520341,1710245141,1726142741,1,1726142741,1724482679,1726142741,cancellation_requested,
sub_1Y2MFl8fP3wDIb0NUQCRmfrm,cus_8C5Ka4k9rMY8LG,price_15mHNODG6kmsTAyehOoCotl4,1,active,charge_automatically,,eur,1694547972,1694547972,1789242372,1820778372,0,,,,,
sub_1uPoiMJOMO9IqCRk8jb3WNaH,cus_HpKt1sHl9Srit2,price_1PzBpWVBZov7oibPYdDyuoxi,1,canceled,charge_automatically,,eur,1694560506,1694560506,1694560506,1710285306,1,1710285306,1707821492,1710285306,cancellation_requested,too_expensive
sub_14BqBghfOv6OPLjgz7v5nLw3,cus_CFbceIL6bIgaU5,price_15mHNODG6kmsTAyehOoCotl4,1,active,charge_automatically,,eur,1694691693,1694691693,1789386093,1820922093,0,,,,,
sub_17Fy8uv7Ps8ZgsM5DSFexTpE,cus_sZvn4hVYCAZ436,price_15mHNODG6kmsTAyehOoCotl4,1,active,charge_automatically,,eur,1694820887,1694820887,1789515287,1821051287,0,,,,,
sub_1g4w8CDKuGHsE6jc5oW97hRb,cus_iRgSLtdddGrmEd,price_15mHNODG6kmsTAyehOoCotl4,2,canceled,send_invoice,30,eur,1694922376,1694922376,1694922376,1726544776,1,1726544776,1708279112,1726544776,cancellation_requested,unused
sub_1sle74dx4CnIxCh80zBnbb4t,cus_MyZnASb3CTz0sT,price_15mHNODG6kmsTAyehOoCotl4,1,canceled,charge_automatically,,eur,1695030400,1695030400,1695030400,1726652800,1,1726652800,1721149766,1726652800,cancellation_requested,missing_features
sub_1y7akFm6lGTUUrfO2xbdRIDV,cus_WYpAUa2bB5BePB,price_1PzBpWVBZov7oibPYdDyuoxi,1,canceled,charge_automatically,,eur,1695042683,1695042683,1710767483,1726665083,1,1726665083,1723753639,1726665083,cancellation_requested,too_expensive
sub_14fXaaK5ZmdAntqmx24jdLzI,cus_DdZl2AjG1pUZa7,price_15mHNODG6kmsTAyehOoCotl4,1,active,charge_automatically,,eur,1695119235,1695119235,1773916035,1805452035,0,,,,,
sub_1Z4CqkTVb17Vxp3rBJo779yA,cus_Nb5efz71H5Nl3V,price_1PzBpWVBZov7oibPYdDyuoxi,1,active,charge_automatically,,eur,1695195750,1695195750,1789890150,1805528550,0,,,,,
sub_1jCjDHM1dSCI4yhuaOhdvtfd,cus_O4CyU4IHN0jvtK,price_15mHNODG6kmsTAyehOoCotl4,1,active,charge_automatically,,eur,1695219833,1695219833,1789914233,1821450233,0,,,,,
sub_1bHNPMc3In3C8U5bpvEpwIhj,cus_FBstZIZUnvWuTD,price_15mHNODG6kmsTAyehOoCotl4,2,active,charge_automatically,,eur,1695296950,1695296950,1789991350,1821527350,0,,,,,
sub_1tKtHPQSR3fWcnAs6c7f4rFr,cus_fSvHzTmsEVal8P,price_1PzBpWVBZov7oibPYdDyuoxi,1,canceled,charge_automatically,,eur,1695376796,1695376796,1695376796,1711101596,1,1711101596,1708499568,1711101596,cancellation_requested,unused
sub_1fIzl1n8skdNGsFQuW5ukRSG,cus_0drf6EEOGOsSpA,price_1PzBpWVBZov7oibPYdDyuoxi,1,canceled,charge_automatically,,eur,1695388454,1695388454,1727010854,1742649254,1,1742649254,1732811536,1742649254,cancellation_requested,switched_service
sub_1n8ed7Dh93LfjB3dcV5xwn7P,cus_5qG4TymqioTp8B,price_15mHNODG6kmsTAyehOoCotl4,2,active,charge_automatically,,eur,1695393305,1695393305,1790087705,1821623705,0,,,,,
sub_17j5eR3o3GD3HPsI2ywRJ4RY,cus_UouuyapGP73lI3,price_1PzBpWVBZov7oibPYdDyuoxi,1,canceled,charge_automatically,,eur,1695456149,1695456149,1695456149,1711180949,1,1711180949,1704629960,1711180949,cancellation_requested,unused
sub_1MaeHvLzDiNIe3XWrEwV9A9r,cus_zGb999oW93oDkb,price_15mHNODG6kmsTAyehOoCotl4,1,active,charge_automatically,,eur,1695644438,1695644438,1790338838,1821874838,0,,,,,
sub_1sxodmyvjfkWKfErheMFiZq8,cus_G0WiKgYuzzKmTK,price_15mHNODG6kmsTAyehOoCotl4,1,active,charge_automatically,,eur,1695652380,1695652380,1790346780,1821882780,0,,,,,
sub_1uChIEd2L1i6J3g0i8azyNia,cus_NTZXAZ8HA1TdnZ,price_15mHNODG6kmsTAyehOoCotl4,1,past_due,charge_automatically,,eur,1695719632,1695719632,1790414032,1821950032,0,,,,,
sub_1KUsMZvPbyqfnh0KSlxNtOpP,cus_ovhjjDNPVmX6uA,price_15mHNODG6kmsTAyehOoCotl4,1,active,charge_automatically,,eur,1695822120,1695822120,1790516520,1822052520,0,,,,,
sub_1iXMiYyxuGZKZdOXWrreUKkw,cus_QKglI9dhvKbTui,price_1PzBpWVBZov7oibPYdDyuoxi,2,canceled,charge_automatically,,eur,1695887657,1695887657,1695887657,1711612457,1,1711612457,1706810905,1711612457,cancellation_requested,switched_service
sub_1mm7aOsYfBwdoVxrY5cOCVp9,cus_AriopwYMjhaBtD,price_1PzBpWVBZov7oibPYdDyuoxi,1,canceled,charge_automatically,,eur,1695998421,1695998421,1695998421,1711723221,1,1711723221,1711044812,1711723221,cancellation_requested,too_expensive
sub_1KCiZiz34uAbbFOi9ZU65vgK,cus_FYtCTWrDCWGELZ,price_15mHNODG6kmsTAyehOoCotl4,2,active,charge_automatically,,eur,1696596521,1696596521,1759754921,1791290921,0,,,,,
sub_1uHZMuvDEmFVS7Q9iVy8dVYJ,cus_MQxSxjsOR1WHIK,price_15mHNODG6kmsTAyehOoCotl4,1,canceled,charge_automatically,,eur,1697472251,1697472251,1697472251,1729094651,1,1729094651,1712685494,1729094651,cancellation_requested,missing_features
sub_1qaMFX4KpruRZxm6gbfXI9mu,cus_ZHT0VnLtfYlam5,price_15mHNODG6kmsTAyehOoCotl4,1,active,charge_automatically,,eur,1697529169,1697529169,1760687569,1792223569,0,,,,,
sub_1bkzDgQl9VkUyBiWA37lKPNp,cus_hGDaeYyDUAAlQI,price_1PzBpWVBZov7oibPYdDyuoxi,2,canceled,charge_automatically,,eur,1697544981,1697544981,1697544981,1713356181,1,1713356181,1709485193,1713356181,cancellation_requested,unused
sub_1MI5YEl1lUfFvfz8u4Cl0QbO,cus_PABSMnBrP1y81X,price_15mHNODG6kmsTAyehOoCotl4,3,active,charge_automatically,,eur,1697555402,1697555402,1760713802,1792249802,0,,,,,
sub_1voLQyCgbc3mykzPM4pgY73C,cus_yTLe9Ed3o8rY7y,price_1PzBpWVBZov7oibPYdDyuoxi,1,canceled,charge_automatically,,eur,1697827763,1697827763,1729450163,1745174963,0,,1730145263,1730145263,payment_failed,
sub_15rh8054NRFlvkdwWnjCpRRi,cus_55LlfLDwSFUwGh,price_15mHNODG6kmsTAyehOoCotl4,1,active,charge_automatically,,eur,1697957378,1697957378,1761115778,1792651778,0,,,,,
sub_19SRyf9hiKa2kYtbvQXwXmwh,cus_I6qan86bCV7qjj,price_15mHNODG6kmsTAyehOoCotl4,2,active,charge_automatically,,eur,1698235732,1698235732,1761394132,1792930132,0,,,,,
sub_19HECdZCVLzRfoT0FiaJYCXJ,cus_k6ShKNBv72ReYI,price_15mHNODG6kmsTAyehOoCotl4,1,active,charge_automatically,,eur,1698306276,1698306276,1761464676,1793000676,0,,,,,
sub_13CkqkvMjHDHZ0dRVY9p9Cpj,cus_Svw8CZ1cK9GZjA,price_15mHNODG6kmsTAyehOoCotl4,1,canceled,charge_automatically,,eur,1698662560,1698662560,1730284960,1761820960,1,1761820960,1744969099,1761820960,cancellation_requested,switched_service
sub_1B50FK4R8hhoFXLxP6eLc5F1,cus_HtG6ImWHdUNx69,price_1PzBpWVBZov7oibPYdDyuoxi,1,canceled,charge_automatically,,eur,1699021311,1699021311,1730643711,1746282111,1,1746282111,1736425195,1746282111,cancellation_requested,too_expensive
sub_16xhEZ5PIoEXeZIA63IpH28E,cus_KKISPRz6jFCxsO,price_1PzBpWVBZov7oibPYdDyuoxi,1,canceled,charge_automatically,,eur,1699042018,1699042018,1699042018,1714766818,1,1714766818,1706500251,1714766818,cancellation_requested,too_expensive
sub_1ZphU8LZVW5nqDzTjrBwxTgy,cus_jNg4hQKUdNdLeV,price_1PzBpWVBZov7oibPYdDyuoxi,1,canceled,charge_automatically,,eur,1699049458,1699049458,1699049458,1714774258,1,1714774258,1714184331,1714774258,cancellation_requested,unused
sub_1iYR8T9mszBZ6UyVYCKuJNKI,cus_EvpgkM5M0YAZL3,price_15mHNODG6kmsTAyehOoCotl4,3,active,charge_automatically,,eur,1699102151,1699102151,1762260551,1793796551,0,,,,,
sub_1TdYvGb1wFWnVG9AyAlKfRbY,cus_s2KMqWsZinRrt2,price_15mHNODG6kmsTAyehOoCotl4,1,canceled,charge_automatically,,eur,1699183942,1699183942,1730806342,1762342342,1,1762342342,1750633353,1762342342,cancellation_requested,switched_service
sub_1MiDzTUc1nbIgywqjPxHCfh8,cus_S4GryV9ynI3ajE,price_1PzBpWVBZov7oibPYdDyuoxi,1,canceled,charge_automatically,,eur,1699265452,1699265452,1714990252,1730887852,1,1730887852,1723173202,1730887852,cancellation_requested,
sub_1J81XMw0Ikep1dUpwGe8DMtR,cus_N1IC0bRJlLcONc,price_15mHNODG6kmsTAyehOoCotl4,1,active,charge_automatically,,eur,1699269294,1699269294,1778066094,1809602094,0,,,,,
sub_1ZWXoNBIXlYw9l10rnVp7D0K,cus_Nv8Gik95N5NpPB,price_15mHNODG6kmsTAyehOoCotl4,1,active,charge_automatically,,eur,1699273069,1699273069,1762431469,1793967469,0,,,,,
sub_1bLpLQrlB2t2Mp8M627tCGoy,cus_eco6tqi9zVk2Rt,price_15mHNODG6kmsTAyehOoCotl4,2,active,send_invoice,30,eur,1699510882,1699510882,1762669282,1794205282,0,,,,,
sub_1tfAzUyRrepYhgXmb06EGh4i,cus_i9mvuvIX1PIfCe,price_15mHNODG6kmsTAyehOoCotl4,1,active,charge_automatically,,eur,1699536182,1699536182,1762694582,1794230582,0,,,,,
sub_1STn4X8y86n8c72FxK7jFeBU,cus_bjUbnEDtcnB77t,price_15mHNODG6kmsTAyehOoCotl4,1,active,charge_automatically,,eur,1699614429,1699614429,1762772829,1794308829,0,,,,,
sub_1wLrvCZh70WqhK9hZqu62dHD,cus_YqLc2BmHzYnMVB,price_1PzBpWVBZov7oibPYdDyuoxi,1,active,charge_automatically,,eur,1699685280,1699685280,1778482080,1794379680,0,,,,,
sub_1tH30wfzCf8GYurjAZcQjeyW,cus_xGOrlzrOlLa9ji,price_15mHNODG6kmsTAyehOoCotl4,1,canceled,charge_automatically,,eur,1699724237,1699724237,1762882637,1794418637,0,,1763574497,1763574497,payment_failed,
sub_1CwfzNOFDxqIW7mZK2hJDWA7,cus_FNDMjDynT04PzL,price_15mHNODG6kmsTAyehOoCotl4,1,active,charge_automatically,,eur,1699903026,1699903026,1763061426,1794597426,0,,,,,
sub_1ArbNZmX3TLcIAbAQuw5jxcy,cus_cpjdNirPf2u5m6,price_15mHNODG6kmsTAyehOoCotl4,1,active,charge_automatically,,eur,1699929815,1699929815,1763088215,1794624215,0,,,,,
sub_1pmawMUhetK3g2YacJVV6hbv,cus_BwWWfgTUihRm2z,price_15mHNODG6kmsTAyehOoCotl4,1,active,charge_automatically,,eur,1699954549,1699954549,1763112949,1794648949,0,,,,,
sub_1zyzVNuNhCrfDC3mZTjMi25i,cus_QK7Hfmo1yhb3O9,price_15mHNODG6kmsTAyehOoCotl4,3,canceled,charge_automatically,,eur,1700039125,1700039125,1778835925,1810371925,0,,1779531685,1779531685,payment_failed,
sub_1WxNlHHG6s5XgkKF4g5b9iDl,cus_MEcvDS0bSQUrXM,price_15mHNODG6kmsTAyehOoCotl4,1,canceled,charge_automatically,,eur,1700046816,1700046816,1700046816,1731669216,0,,1701028416,1701028416,cancellation_requested,other
sub_1YN2GRmNvb6oJdwW9MT7WRmg,cus_DhQw32jl9aOuN8,price_1PzBpWVBZov7oibPYdDyuoxi,3,canceled,charge_automatically,,eur,1700460201,1700460201,1747721001,1763618601,1,1763618601,1755472351,1763618601,cancellation_requested,too_expensive
sub_1z2Cjab6Y7ZamfTkP2ftNVY8,cus_c6fUqhiNm8q1L0,price_15mHNODG6kmsTAyehOoCotl4,1,active,charge_automatically,,eur,1700475026,1700475026,1763633426,1795169426,0,,,,,
sub_1ogsRT5S1FsGVdZmA9Y00n8I,cus_lxy9cUBB9u1oMB,price_15mHNODG6kmsTAyehOoCotl4,1,canceled,charge_automatically,,eur,1700483813,1700483813,1732106213,1763642213,0,,1732797653,1732797653,payment_failed,
sub_1UIDoC84lWLqvkLDUjcl9edv,cus_jhFE25IwDU6nOX,price_15mHNODG6kmsTAyehOoCotl4,1,canceled,charge_automatically,,eur,1700539487,1700539487,1732161887,1763697887,1,1763697887,1759577798,1763697887,cancellation_requested,unused
sub_1BOFIpYtfGp3B8fDCznYDPlj,cus_ECAnPjTgG60F1c,price_15mHNODG6kmsTAyehOoCotl4,2,active,charge_automatically,,eur,1700591393,1700591393,1763749793,1795285793,0,,,,,
sub_1hIu2Rz3k8zBSgc2zj9sOQdg,cus_i5A9nA6CeAnsfe,price_15mHNODG6kmsTAyehOoCotl4,3,canceled,charge_automatically,,eur,1700726757,1700726757,1700726757,1732349157,1,1732349157,1719181033,1732349157,cancellation_requested,other
sub_1thiz40wNmvtSmh2VXf2mkQ8,cus_oFCueBDs2fgRhc,price_15mHNODG6kmsTAyehOoCotl4,1,active,charge_automatically,,eur,1700745859,1700745859,1763904259,1795440259,0,,,,,
sub_1pKVEeXMpqpDj0VLaQwyrIR8,cus_fA6H9Cnf8kFnTS,price_1PzBpWVBZov7oibPYdDyuoxi,1,canceled,charge_automatically,,eur,1701241069,1701241069,1701241069,1716965869,1,1716965869,1706783760,1716965869,cancellation_requested,missing_features
sub_1nC7j2C7mOTGQjzomv2kMFOr,cus_4RLEhN1Q2R8ech,price_1PzBpWVBZov7oibPYdDyuoxi,2,canceled,charge_automatically,,eur,1701267169,1701267169,1716991969,1732889569,1,1732889569,1729942270,1732889569,cancellation_requested,unused
sub_1NiF1pUWcMITPUowD06NFV7P,cus_LAINMFNy5Q7O5l,price_15mHNODG6kmsTAyehOoCotl4,1,canceled,charge_automatically,,eur,1701305450,1701305450,1701305450,1732927850,1,1732927850,1714150238,1732927850,cancellation_requested,unused
sub_1OPA1wmoBgKtj4b4JnOWDDeH,cus_C8jFTzFMuGe2m0,price_1PzBpWVBZov7oibPYdDyuoxi,1,canceled,charge_automatically,,eur,1701428104,1701428104,1701428104,1717239304,1,1717239304,1712405304,1717239304,cancellation_requested,too_expensive
sub_1mdCrDhhRwUQimV2Z3EJMJgx,cus_rJg4yas33C1Jg0,price_1PzBpWVBZov7oibPYdDyuoxi,1,canceled,charge_automatically,,eur,1701502257,1701502257,1717313457,1733124657,0,,1718006097,1718006097,payment_failed,
sub_1fMZymld4M64TwD50QBObbry,cus_BavUJKpFUQ5Zz2,price_1PzBpWVBZov7oibPYdDyuoxi,1,canceled,charge_automatically,,eur,1701788403,1701788403,1701788403,1717599603,1,1717599603,1712608357,1717599603,cancellation_requested,too_expensive
sub_1uJOoPC7iPIuPZzgH6mmvPAH,cus_MyBsrI5bwmhQqR,price_1PzBpWVBZov7oibPYdDyuoxi,1,canceled,charge_automatically,,eur,1701794086,1701794086,1701794086,1717605286,1,1717605286,1711346171,1717605286,cancellation_requested,unused
sub_1BRAfFtqA3BQysMptSMG8bFu,cus_Qo1UxLmgMd15Lj,price_15mHNODG6kmsTAyehOoCotl4,3,active,charge_automatically,,eur,1702015995,1702015995,1765174395,1796710395,0,,,,,
sub_1hxt8DetZCaTH0GN7XdHHsxl,cus_8RoP1TETbMB90G,price_1PzBpWVBZov7oibPYdDyuoxi,1,canceled,charge_automatically,,eur,1702053502,1702053502,1702053502,1717864702,1,1717864702,1710070357,1717864702,cancellation_requested,switched_service
sub_11Fux6BNLmFBG6XLLzfRZAYs,cus_iojDVlGHxTLSah,price_1PzBpWVBZov7oibPYdDyuoxi,1,canceled,charge_automatically,,eur,1702128469,1702128469,1702128469,1717939669,1,1717939669,1708127465,1717939669,cancellation_requested,too_expensive
sub_1ObacgqlJAqcnNbt0rwduoZD,cus_qA7XRFxH3FgKLO,price_15mHNODG6kmsTAyehOoCotl4,1,canceled,charge_automatically,,eur,1702306311,1702306311,1702306311,1733928711,1,1733928711,1728693673,1733928711,cancellation_requested,missing_features
sub_1hkb9FF0CXARhmNx1pgXBZG9,cus_230JuHmNUC7FVl,price_15mHNODG6kmsTAyehOoCotl4,1,active,charge_automatically,,eur,1702581119,1702581119,1765739519,1797275519,0,,,,,
sub_19HU3GwqVkn0sc0VfuPA5sFk,cus_4CAGuYkGo1zuPs,price_15mHNODG6kmsTAyehOoCotl4,3,active,charge_automatically,,eur,1702883306,1702883306,1766041706,1797577706,0,,,,,
sub_11ZkZZmQOahsQIzDbqUzNbWG,cus_dRGwqmtxCQy8eJ,price_1PzBpWVBZov7oibPYdDyuoxi,2,canceled,charge_automatically,,eur,1702923289,1702923289,1750270489,1766081689,1,1766081689,1761377731,1766081689,cancellation_requested,unused
sub_1jSXQUcYSx7xP8lndZ125l5G,cus_doluE9EJ9YJcIg,price_15mHNODG6kmsTAyehOoCotl4,1,canceled,charge_automatically,,eur,1702938874,1702938874,1734561274,1766097274,1,1766097274,1749468397,1766097274,cancellation_requested,unused
sub_1UjvfutzFdHWlZboQWpj8kA2,cus_nt5dZkQTMU1G1u,price_1PzBpWVBZov7oibPYdDyuoxi,1,canceled,charge_automatically,,eur,1702980104,1702980104,1702980104,1718791304,1,1718791304,1708921175,1718791304,cancellation_requested,other
sub_1ucZkRXxigKgN1t9cjuxZNJv,cus_P3E5K6o1wtl8Qk,price_1PzBpWVBZov7oibPYdDyuoxi,1,canceled,charge_automatically,,eur,1703151212,1703151212,1703151212,1718962412,1,1718962412,1712676247,1718962412,cancellation_requested,other
sub_1VbxIIRi4DJe9tl0h2FmgExS,cus_1y8LzXMbMF0WqZ,price_15mHNODG6kmsTAyehOoCotl4,1,active,charge_automatically,,eur,1703161589,1703161589,1766319989,1797855989,0,,,,,
sub_1wTx2dYjMbHYnKVqPalawKyJ,cus_eSHfCvDIvmT0Vz,price_1PzBpWVBZov7oibPYdDyuoxi,3,canceled,charge_automatically,,eur,1703169457,1703169457,1703169457,1718980657,1,1718980657,1717642494,1718980657,cancellation_requested,too_expensive
sub_1q6eTs6N2ElxQRR5Y1Xedsm9,cus_kJJWkdkiCPOS1T,price_1PzBpWVBZov7oibPYdDyuoxi,1,canceled,charge_automatically,,eur,1703617478,1703617478,1735239878,1750964678,0,,1735934378,1735934378,payment_failed,
sub_12SUxFNW27AVh49GYa0HD7Bp,cus_bpmTMa5c7p2PDt,price_1PzBpWVBZov7oibPYdDyuoxi,1,canceled,charge_automatically,,eur,1703675288,1703675288,1703675288,1719486488,1,1719486488,1717479069,1719486488,cancellation_requested,switched_service
sub_1XOT9wOqWmvgBiropsIbpzTg,cus_fXMVvqjY3XhmXN,price_15mHNODG6kmsTAyehOoCotl4,3,active,charge_automatically,,eur,1703733707,1703733707,1766892107,1798428107,0,,,,,
sub_1hYI06eHc8js0PUMuGpf1vJS,cus_xalKn51erRcp66,price_15mHNODG6kmsTAyehOoCotl4,1,active,charge_automatically,,eur,1703764210,1703764210,1766922610,1798458610,0,,,,,
sub_1iIP44Bz7xDvRkE2EDnlY7hh,cus_rG7lESHMh8sKHm,price_15mHNODG6kmsTAyehOoCotl4,1,canceled,charge_automatically,,eur,1703819583,1703819583,1703819583,1735441983,1,1735441983,1731467460,1735441983,cancellation_requested,unused
sub_1LidjtL3a1Ewna0iYPErvaEH,cus_baPBhZBgXLmXnA,price_15mHNODG6kmsTAyehOoCotl4,1,active,charge_automatically,,eur,1703829807,1703829807,1782713007,1814249007,0,,,,,
sub_1YJfGzYRhdvOmrbLJnZTL82P,cus_N9mpttB2MUMfvi,price_15mHNODG6kmsTAyehOoCotl4,1,active,charge_automatically,,eur,1703871927,1703871927,1767030327,1798566327,0,,,,,
sub_1iL3urYgdCARKJIedKEO3oU7,cus_o03knMX24ZvS6z,price_1PzBpWVBZov7oibPYdDyuoxi,1,active,charge_automatically,,eur,1704123697,1704123697,1782920497,1798818097,1,1798818097,1787939314,,cancellation_requested,unused
sub_1t8YNcHUX6Pz9zQt0jLq0vxD,cus_8gSBd8x3lNzAKo,price_1PzBpWVBZov7oibPYdDyuoxi,3,canceled,charge_automatically,,eur,1704435661,1704435661,1704435661,1720160461,1,1720160461,1719828286,1720160461,cancellation_requested,too_expensive
sub_1qXuHRZJSSarT9OCauZ3fKQx,cus_xWNc9Zdms4XbTG,price_1PzBpWVBZov7oibPYdDyuoxi,1,canceled,charge_automatically,,eur,1704708297,1704708297,1704708297,1720433097,1,1720433097,1715113779,1720433097,cancellation_requested,missing_features
sub_1upLnaeH5HqIQFu2ihwl78Aa,cus_PAZBxLJs5Au4yd,price_1PzBpWVBZov7oibPYdDyuoxi,1,canceled,charge_automatically,,eur,1704711740,1704711740,1736334140,1751972540,1,1751972540,1744404161,1751972540,cancellation_requested,too_expensive
sub_18022cDZ2fYqigkkbOBxz7pl,cus_YD1kYd6gf4q7Sv,price_1PzBpWVBZov7oibPYdDyuoxi,2,canceled,charge_automatically,,eur,1704732019,1704732019,1720456819,1736354419,1,1736354419,1732058001,1736354419,cancellation_requested,switched_service
sub_12rcldRLCGouvr9oikajqzby,cus_kS7UQv3fQeMgcB,price_15mHNODG6kmsTAyehOoCotl4,1,canceled,charge_automatically,,eur,1704808122,1704808122,1736430522,1767966522,0,,1737125562,1737125562,payment_failed,
sub_1jOySWzrGOvwp5zi4JeuHm6z,cus_NDL8mv5pDBT7eH,price_15mHNODG6kmsTAyehOoCotl4,2,canceled,charge_automatically,,eur,1704887485,1704887485,1704887485,1736509885,1,1736509885,1729341162,1736509885,cancellation_requested,switched_service
sub_1vjfZXlIvQoBais9dgWGbnDQ,cus_PQA4jUO1pmqzFl,price_15mHNODG6kmsTAyehOoCotl4,2,canceled,send_invoice,14,eur,1705325012,1705325012,1705325012,1736947412,1,1736947412,1722009100,1736947412,cancellation_requested,switched_service
sub_1XopubAr55jufezo986knEJD,cus_zy6HuKbAGlhYJ4,price_1PzBpWVBZov7oibPYdDyuoxi,1,active,charge_automatically,,eur,1705444081,1705444081,1784240881,1800138481,0,,,,,
sub_1MIyKKJ7POxkX5BgSJHzr2YJ,cus_4AQl4CGiFwfU2L,price_15mHNODG6kmsTAyehOoCotl4,1,canceled,charge_automatically,,eur,1705449007,1705449007,1737071407,1768607407,1,1768607407,1759194035,1768607407,cancellation_requested,missing_features
sub_1ro4QedOnBA50opqsF3cp498,cus_ye6ql8EqUFdgXD,price_15mHNODG6kmsTAyehOoCotl4,1,active,charge_automatically,,eur,1705599048,1705599048,1768757448,1800293448,0,,,,,
sub_16BWlGFJ593v8GpiflU7zsM8,cus_7WDOkcLGKa5pa8,price_1PzBpWVBZov7oibPYdDyuoxi,1,canceled,charge_automatically,,eur,1706259705,1706259705,1721984505,1737882105,1,1737882105,1731236662,1737882105,cancellation_requested,unused
sub_1GYd8pBJ7luGMBec1iMumdKw,cus_yn0nHhKsfNbnL3,price_15mHNODG6kmsTAyehOoCotl4,1,canceled,charge_automatically,,eur,1706795376,1706795376,1706795376,1738417776,1,1738417776,1723017221,1738417776,cancellation_requested,unused
sub_1lVx2Hh0SIX5Of8C24hfQqzk,cus_BOknNNeQuDvAsi,price_1PzBpWVBZov7oibPYdDyuoxi,3,canceled,charge_automatically,,eur,1706891727,1706891727,1738514127,1754152527,1,1754152527,1753177104,1754152527,cancellation_requested,
sub_1PdB35o6jCjyNLVyV7GLrWZR,cus_34b6bW8wpmHPEh,price_1PzBpWVBZov7oibPYdDyuoxi,3,canceled,charge_automatically,,eur,1706932475,1706932475,1738554875,1754193275,0,,1739247395,1739247395,payment_failed,
sub_1CaPliBoixdx398pHO2vwepR,cus_Q6Zm6bDagL3oXI,price_15mHNODG6kmsTAyehOoCotl4,1,canceled,charge_automatically,,eur,1707044507,1707044507,1707044507,1738666907,1,1738666907,1738009000,1738666907,cancellation_requested,switched_service
sub_1JLUADOrpJCjouezjl58ms8z,cus_8eqA20DNWr4UKx,price_15mHNODG6kmsTAyehOoCotl4,1,canceled,charge_automatically,,eur,1707291461,1707291461,1738913861,1770449861,1,1770449861,1757841243,1770449861,cancellation_requested,unused
sub_1IzsDIKDdDEq44w2cEWd22Pk,cus_w27mnDL5MK3DXb,price_15mHNODG6kmsTAyehOoCotl4,2,canceled,charge_automatically,,eur,1707310104,1707310104,1707310104,1738932504,1,1738932504,1723010907,1738932504,cancellation_requested,too_expensive
sub_14CywerAWBcRkrYdKLAn74rg,cus_lonF6X0MrZYdDv,price_1rTMZE40E5ZbibPh9OqKXuUL,1,canceled,send_invoice,30,eur,1707729217,1707729217,1739351617,1770887617,1,1770887617,1765876417,1770887617,cancellation_requested,switched_service
sub_1iTBjWb2gnm9FmlpDNxkQcbB,cus_wX42S2BFcQsEjP,price_15mHNODG6kmsTAyehOoCotl4,2,active,charge_automatically,,eur,1707747969,1707747969,1770906369,1802442369,0,,,,,
sub_1YPjqaxBaIMq8AIRi9eCwfc8,cus_mVGiVoXYI1zPHI,price_1PzBpWVBZov7oibPYdDyuoxi,1,canceled,charge_automatically,,eur,1707824758,1707824758,1723549558,1739447158,1,1739447158,1734733387,1739447158,cancellation_requested,
sub_1NxD7NWu53sGMuixhi9DLztg,cus_htCxChB7654vXQ,price_15mHNODG6kmsTAyehOoCotl4,2,active,charge_automatically,,eur,1707894267,1707894267,1771052667,1802588667,0,,,,,
sub_14Xe4BEv0yQlovSLu4D114ge,cus_u3xR7vh4lfAkOO,price_15mHNODG6kmsTAyehOoCotl4,1,canceled,charge_automatically,,eur,1707926424,1707926424,1739548824,1771084824,1,1771084824,1764085065,1771084824,cancellation_requested,
sub_1CEGoAiRhHDITZ0muB1GVg1q,cus_TH1xWtOQpsGQew,price_15mHNODG6kmsTAyehOoCotl4,1,active,charge_automatically,,eur,1707979155,1707979155,1771137555,1802673555,0,,,,,
sub_1sfQ6Axej5M1hiRrgxLkS55A,cus_t4x2TQoIIXK3Ii,price_1PzBpWVBZov7oibPYdDyuoxi,3,canceled,charge_automatically,,eur,1708346267,1708346267,1755607067,1771504667,1,1771504667,1765885765,1771504667,cancellation_requested,
sub_1u2L2MphsX8qYSvGu4erHzQT,cus_QhydgvN5Ctyeqx,price_15mHNODG6kmsTAyehOoCotl4,1,canceled,charge_automatically,,eur,1708363067,1708363067,1708363067,1739985467,1,1739985467,1729986382,1739985467,cancellation_requested,unused
sub_1jjybRFnMOQS9lnS1hAsNbbx,cus_oZwc7XA1tSGBiH,price_15mHNODG6kmsTAyehOoCotl4,2,canceled,charge_automatically,,eur,1708538945,1708538945,1724263745,1755799745,1,1755799745,1750413750,1755799745,cancellation_requested,
sub_1XM4Tzh6abZLqAjhodDuxPb3,cus_zMqVYZayKTL2iK,price_15mHNODG6kmsTAyehOoCotl4,1,active,charge_automatically,,eur,1708617351,1708617351,1771775751,1803311751,1,1803311751,1777575912,,cancellation_requested,other
sub_1PbZURhn18HzJJIpGQV0uboW,cus_Wfp7gzHtcf8lWW,price_15mHNODG6kmsTAyehOoCotl4,2,canceled,send_invoice,30,eur,1708669701,1708669701,1740292101,1771828101,1,1771828101,1766766643,1771828101,cancellation_requested,other
sub_1ILTGODqMeOLpCI2G4dCF3r6,cus_guVEmEpZr2fDSM,price_15mHNODG6kmsTAyehOoCotl4,2,canceled,send_invoice,14,eur,1708968648,1708968648,1708968648,1740591048,1,1740591048,1728069977,1740591048,cancellation_requested,too_expensive
sub_1IT10uV7a7Caul937mHvZ2Dy,cus_JcHVDOfMmNymvd,price_15mHNODG6kmsTAyehOoCotl4,1,canceled,charge_automatically,,eur,1709185547,1709185547,1740721547,1772257547,1,1772257547,1768067848,1772257547,cancellation_requested,switched_service
sub_13uUgTIJhgFkgMCkZRKWq4vK,cus_QqzdvxmGjOVtgz,price_1PzBpWVBZov7oibPYdDyuoxi,1,canceled,charge_automatically,,eur,1709325153,1709325153,1740861153,1756758753,1,1756758753,1749056939,1756758753,cancellation_requested,unused
sub_1fumLKuX5NaskAPIyu2qPFdF,cus_kuNaoW6UsISkyi,price_15mHNODG6kmsTAyehOoCotl4,3,active,charge_automatically,,eur,1709389932,1709389932,1772461932,1803997932,0,,,,,
sub_1tAqBTw0H4FKnOikMoIUj5cY,cus_IMQ2WlcwxifUqJ,price_1PzBpWVBZov7oibPYdDyuoxi,1,canceled,charge_automatically,,eur,1709465417,1709465417,1709465417,1725363017,1,1725363017,1719709490,1725363017,cancellation_requested,unused
sub_1ex02dNqvgpAvYCH6vimIOxy,cus_6aBJgTreXFXeSi,price_15mHNODG6kmsTAyehOoCotl4,3,active,charge_automatically,,eur,1709555041,1709555041,1788524641,1820060641,0,,,,,
sub_1XqUG55YF4uSU94zlSoTjxro,cus_sKDF0JAnq42Nmx,price_15mHNODG6kmsTAyehOoCotl4,2,active,charge_automatically,,eur,1709650247,1709650247,1788619847,1820155847,0,,,,,
sub_1wKwuyIhHkdg65uM7UNiqojg,cus_OvWXsR4Ba4ihD0,price_1PzBpWVBZov7oibPYdDyuoxi,1,active,charge_automatically,,eur,1709753426,1709753426,1788723026,1804361426,0,,,,,
sub_1zqkZ6ZSefYb27v7sr1dABzO,cus_ytHYemfs57w3yt,price_15mHNODG6kmsTAyehOoCotl4,1,canceled,charge_automatically,,eur,1709900340,1709900340,1709900340,1741436340,0,,1710016560,1710016560,cancellation_requested,other
sub_19Mebw8yBmhlbXfBLTJ7HwV3,cus_DlT1xQ0tqDt2h0,price_1PzBpWVBZov7oibPYdDyuoxi,1,canceled,charge_automatically,,eur,1709928052,1709928052,1725825652,1741464052,1,1741464052,1736710509,1741464052,cancellation_requested,unused
sub_1wztH7V7dPXJooVjCH8b3sV9,cus_2qncUYrgVNHqYl,price_1PzBpWVBZov7oibPYdDyuoxi,1,canceled,charge_automatically,,eur,1710008281,1710008281,1710008281,1725905881,1,1725905881,1723910604,1725905881,cancellation_requested,switched_service
sub_1m4AJzy95VsW3kta4u3k8JEe,cus_1BA4wo8OpFa071,price_15mHNODG6kmsTAyehOoCotl4,3,canceled,charge_automatically,,eur,1710155979,1710155979,1710155979,1741691979,1,1741691979,1730465823,1741691979,cancellation_requested,too_expensive
sub_1H8nKP8r201gfx5O7yTNFHk1,cus_6CLYJIQ7EFDce2,price_15mHNODG6kmsTAyehOoCotl4,1,active,charge_automatically,,eur,1710228247,1710228247,1773300247,1804836247,0,,,,,
sub_1iF9gPNcM51L9RW03HZPaLNm,cus_dlwzZ7SvYWdMTs,price_15mHNODG6kmsTAyehOoCotl4,1,active,charge_automatically,,eur,1710246073,1710246073,1773318073,1804854073,0,,,,,
sub_1wiQKn5XLpBV07VoO0czG49a,cus_KCkxlTkCgcl7FL,price_1PzBpWVBZov7oibPYdDyuoxi,2,active,charge_automatically,,eur,1710295168,1710295168,1789264768,1804903168,0,,,,,
sub_1KotSVGbb0reeYRyQjLASdvk,cus_yI3Gxds18UftyD,price_1PzBpWVBZov7oibPYdDyuoxi,2,canceled,charge_automatically,,eur,1710341870,1710341870,1773413870,1789311470,0,,1774106450,1774106450,payment_failed,
sub_1omXhrIxhVr0zj1a4CKvQAr1,cus_gpbrDwBSZRpUXW,price_15mHNODG6kmsTAyehOoCotl4,2,canceled,charge_automatically,,eur,1710402510,1710402510,1710402510,1741938510,1,1741938510,1735997422,1741938510,cancellation_requested,unused
sub_1hOCxFokK4lRV34eqEi2UhuR,cus_H2fgmrQd6awxNm,price_15mHNODG6kmsTAyehOoCotl4,1,canceled,charge_automatically,,eur,1710767682,1710767682,1710767682,1742303682,1,1742303682,1734771608,1742303682,cancellation_requested,
sub_1hZWbiGTnLBo0yH4Az8cyXIA,cus_lw14HOXviRwsx2,price_15mHNODG6kmsTAyehOoCotl4,2,active,charge_automatically,,eur,1710835669,1710835669,1773907669,1805443669,0,,,,,
sub_1rUqwafehCwfJXIQfUEuepsg,cus_QXRbR8NPH0eZ5D,price_1PzBpWVBZov7oibPYdDyuoxi,1,canceled,charge_automatically,,eur,1710842857,1710842857,1726740457,1742378857,1,1742378857,1736831469,1742378857,cancellation_requested,unused
sub_11yHMMEy9h6zRlfMljy2QloY,cus_HQMgjEQQHUTDKq,price_1PzBpWVBZov7oibPYdDyuoxi,1,active,charge_automatically,,eur,1711083890,1711083890,1790053490,1805691890,0,,,,,
sub_1tlSQzljBkxrbeCkchojDWg5,cus_G09nlv2tURKnlV,price_15mHNODG6kmsTAyehOoCotl4,1,canceled,charge_automatically,,eur,1711106791,1711106791,1711106791,1742642791,1,1742642791,1735069091,1742642791,cancellation_requested,unused
sub_1hlTk1AaiTuwI2hp7iwiL5GV,cus_x6YNaRDIOQeRPZ,price_1PzBpWVBZov7oibPYdDyuoxi,2,active,charge_automatically,,eur,1711109284,1711109284,1790078884,1805717284,0,,,,,
sub_1oGRLDgaICkBASgxfnztBF5w,cus_StowiAuq7qAlrl,price_15mHNODG6kmsTAyehOoCotl4,3,canceled,charge_automatically,,eur,1711203342,1711203342,1711203342,1742739342,1,1742739342,1742388861,1742739342,cancellation_requested,
sub_1jGRIj6FPKXFNz1tR2yWeoHA,cus_WVXKDS6qAWfcsa,price_15mHNODG6kmsTAyehOoCotl4,1,active,charge_automatically,,eur,1711396044,1711396044,1774468044,1806004044,0,,,,,
sub_1U9bAxmgs6wFUfdUcAmCM82u,cus_B5PL2GX1od5LE8,price_15mHNODG6kmsTAyehOoCotl4,2,active,send_invoice,30,eur,1711520398,1711520398,1774592398,1806128398,0,,,,,
sub_1o3TMA1ON8Q5UIIcJHp9qI6L,cus_bBQujBoUZkvnPL,price_1PzBpWVBZov7oibPYdDyuoxi,1,canceled,charge_automatically,,eur,1711601163,1711601163,1727498763,1743137163,1,1743137163,1736440325,1743137163,cancellation_requested,unused
sub_1ycbRBq0AarHdoVBjznlDpbC,cus_YLCBItB1tPgRDi,price_15mHNODG6kmsTAyehOoCotl4,1,active,charge_automatically,,eur,1711647057,1711647057,1774719057,1806255057,0,,,,,
sub_1D5dLi2CyT3cyjcJmW7RpJl9,cus_NAACkjCiPPH4Fe,price_15mHNODG6kmsTAyehOoCotl4,1,active,charge_automatically,,eur,1711888863,1711888863,1774960863,1806496863,0,,,,,
sub_1nFJpbieYfERp5N5EAOh6xvK,cus_4MERMw4gCtPIyQ,price_1PzBpWVBZov7oibPYdDyuoxi,1,canceled,charge_automatically,,eur,1711987510,1711987510,1743523510,1759334710,1,1759334710,1753803783,1759334710,cancellation_requested,other
sub_1geVeEjT7OylYhdLtUMGeYWu,cus_PJ9xcSQSdNmAwy,price_1PzBpWVBZov7oibPYdDyuoxi,1,active,charge_automatically,,eur,1712247348,1712247348,1775319348,1791130548,0,,,,,
sub_16IKRewlWong6cphlPyOvZ7X,cus_4S6jq9WqJfaBZM,price_15mHNODG6kmsTAyehOoCotl4,3,active,send_invoice,30,eur,1712593306,1712593306,1775665306,1807201306,0,,,,,
sub_1cRNGeVQECdGJjFnKHnO9ihl,cus_jniRjpAQXuxYSu,price_15mHNODG6kmsTAyehOoCotl4,3,active,charge_automatically,,eur,1712654100,1712654100,1760001300,1791537300,0,,,,,
sub_1dM8SWmoGoSuOgWCqbc2hwwm,cus_PIzMLGzhlnToQy,price_1PzBpWVBZov7oibPYdDyuoxi,1,canceled,charge_automatically,,eur,1712758094,1712758094,1712758094,1728569294,1,1728569294,1725060881,1728569294,cancellation_requested,unused
sub_1oauynUjOjAgcTkgYRREGqzJ,cus_WNrd314jaw9GWd,price_15mHNODG6kmsTAyehOoCotl4,1,active,charge_automatically,,eur,1712766110,1712766110,1760113310,1791649310,0,,,,,
sub_17mJgyVq3W2FbIjIt3SKJDYk,cus_c0knIzERiKBsuy,price_15mHNODG6kmsTAyehOoCotl4,1,active,charge_automatically,,eur,1712849674,1712849674,1775921674,1807457674,0,,,,,
sub_1s3nm0vzYjWc7b9Ycdj6GwvK,cus_nKhzXg3184V1EJ,price_15mHNODG6kmsTAyehOoCotl4,1,canceled,charge_automatically,,eur,1712996910,1712996910,1712996910,1744532910,1,1744532910,1743166267,1744532910,cancellation_requested,switched_service
sub_1NzLWHHYH3t9ZZUBhRGoVntH,cus_3Z8gs1RLUmjEr8,price_15mHNODG6kmsTAyehOoCotl4,1,canceled,charge_automatically,,eur,1713164213,1713164213,1713164213,1744700213,1,1744700213,1727231367,1744700213,cancellation_requested,unused
sub_1CWFMyfgxWwI3XDSsel3GdzB,cus_vGsK5n4JmkpQuM,price_15mHNODG6kmsTAyehOoCotl4,1,active,charge_automatically,,eur,1713192933,1713192933,1776264933,1807800933,0,,,,,
sub_1BNwSowpXNEAz1UDB5pvrgxk,cus_5gqq2S4W75JfcA,price_1PzBpWVBZov7oibPYdDyuoxi,1,canceled,charge_automatically,,eur,1713379694,1713379694,1729190894,1744915694,1,1744915694,1738174429,1744915694,cancellation_requested,too_expensive
sub_1DrTT7bdU2zmkdYmdSyjOZX3,cus_wolakT16vQSobM,price_1PzBpWVBZov7oibPYdDyuoxi,1,canceled,charge_automatically,,eur,1713441149,1713441149,1729252349,1744977149,1,1744977149,1744419135,1744977149,cancellation_requested,too_expensive
sub_1vs4i24aO0YDaERaz3GuPOc1,cus_skvD6rpeOtTTSE,price_15mHNODG6kmsTAyehOoCotl4,3,canceled,charge_automatically,,eur,1713448808,1713448808,1776520808,1808056808,0,,1777216088,1777216088,payment_failed,
sub_1SlO5LF20ZGP4HM2YFNuodZ4,cus_8CjjIbmjYP6zu2,price_1PzBpWVBZov7oibPYdDyuoxi,1,canceled,charge_automatically,,eur,1713450477,1713450477,1744986477,1760797677,1,1760797677,1759876968,1760797677,cancellation_requested,too_expensive
sub_1IYlacMg2y14NSIZKT9iCZUm,cus_0SpAHsS68o9dMN,price_1PzBpWVBZov7oibPYdDyuoxi,1,canceled,charge_automatically,,eur,1713471248,1713471248,1745007248,1760818448,1,1760818448,1755879383,1760818448,cancellation_requested,switched_service
sub_131bXa0BMYtkNOGPBxDgzSWP,cus_gaASxEK9aSi6fb,price_15mHNODG6kmsTAyehOoCotl4,3,active,charge_automatically,,eur,1713545258,1713545258,1760892458,1792428458,0,,,,,
sub_1Zydtb7hJmS3dBep5Ypnm0Fw,cus_srEqQfzblkW41x,price_15mHNODG6kmsTAyehOoCotl4,1,canceled,charge_automatically,,eur,1713756361,1713756361,1713756361,1745292361,1,1745292361,1732734346,1745292361,cancellation_requested,too_expensive
sub_1MJp6mA6Aq4t4PgaVtOmSw7o,cus_kTWoKQnK4hQ6Y1,price_1PzBpWVBZov7oibPYdDyuoxi,5,canceled,charge_automatically,,eur,1713856293,1713856293,1713856293,1729667493,1,1729667493,1727739795,1729667493,cancellation_requested,
sub_1ymG7wxwNVODofy3JtyIBtVa,cus_B8ZsaI6hxkjDIG,price_1PzBpWVBZov7oibPYdDyuoxi,1,canceled,charge_automatically,,eur,1713953679,1713953679,1713953679,1729764879,1,1729764879,1722310696,1729764879,cancellation_requested,
sub_1scoqngzxqwmtgL9nKVo2Fg8,cus_ftOrorqDDnVCVg,price_1PzBpWVBZov7oibPYdDyuoxi,1,canceled,charge_automatically,,eur,1713963595,1713963595,1729774795,1745499595,1,1745499595,1740861513,1745499595,cancellation_requested,too_expensive
sub_1OQwcnhM4Rz5lB5hy98itMvw,cus_dRaunPAM3G2wvr,price_1PzBpWVBZov7oibPYdDyuoxi,1,canceled,charge_automatically,,eur,1714047825,1714047825,1714047825,1729859025,1,1729859025,1724682084,1729859025,cancellation_requested,
sub_1DDbftzD3YmNGIQwakXS9VTS,cus_1vTkhoxlV22ET9,price_1PzBpWVBZov7oibPYdDyuoxi,1,canceled,charge_automatically,,eur,1714117225,1714117225,1714117225,1729928425,1,1729928425,1719869689,1729928425,cancellation_requested,unused
sub_1SmPKEOXjb2zLVQ4em72j4sd,cus_4U3Y8SGkC9j2nE,price_15mHNODG6kmsTAyehOoCotl4,1,canceled,charge_automatically,,eur,1714143694,1714143694,1714143694,1745679694,1,1745679694,1732002084,1745679694,cancellation_requested,too_expensive
sub_1kEE0LhH7dz6txXqmUTw2geQ,cus_usFobvZnmYnnLE,price_1PzBpWVBZov7oibPYdDyuoxi,1,canceled,charge_automatically,,eur,1714174363,1714174363,1714174363,1729985563,1,1729985563,1727153890,1729985563,cancellation_requested,too_expensive
sub_1CQ3e6Lvc2CP9TSDNAoLr1t8,cus_hb4zqF1Jof48xe,price_15mHNODG6kmsTAyehOoCotl4,1,canceled,charge_automatically,,eur,1714378271,1714378271,1745914271,1777450271,1,1777450271,1760044473,1777450271,cancellation_requested,switched_service
sub_1XH5KOeydfraCkxb9fSIOGQS,cus_0Fh5igBo7wYoEH,price_1PzBpWVBZov7oibPYdDyuoxi,2,canceled,charge_automatically,,eur,1714477282,1714477282,1714477282,1730288482,1,1730288482,1729322248,1730288482,cancellation_requested,unused
sub_1P3M2JjcU9ahk9ylVKx0bG1y,cus_n6qM12eaGNSuu7,price_15mHNODG6kmsTAyehOoCotl4,3,active,charge_automatically,,eur,1714482375,1714482375,1777554375,1809090375,0,,,,,
sub_1MsQll9H0nyFEWGprhpFeLwD,cus_NLEpRd5cTmOwia,price_15mHNODG6kmsTAyehOoCotl4,1,active,charge_automatically,,eur,1714638324,1714638324,1762071924,1793607924,0,,,,,
sub_1p8wy93Glrqnrpl0KnN1TGeH,cus_Zd5xX1Yh4gF3Jr,price_15mHNODG6kmsTAyehOoCotl4,2,active,charge_automatically,,eur,1714738714,1714738714,1777810714,1809346714,0,,,,,
sub_1ZD3uCHMCTC6ICM6kdZkFTR3,cus_bWFOQQTuwgK27w,price_15mHNODG6kmsTAyehOoCotl4,1,active,charge_automatically,,eur,1714779584,1714779584,1777851584,1809387584,0,,,,,
sub_1Vxmb0K2R3IVNv6Rm7ZqGC43,cus_3h3LMSqYDHdY6P,price_15mHNODG6kmsTAyehOoCotl4,1,canceled,charge_automatically,,eur,1715009513,1715009513,1715009513,1746545513,1,1746545513,1734359771,1746545513,cancellation_requested,other
sub_1wqeAbUoeLsNkLzmJyUUR96o,cus_yKC2is8r0nMMGh,price_15mHNODG6kmsTAyehOoCotl4,1,active,charge_automatically,,eur,1715069706,1715069706,1778141706,1809677706,0,,,,,
sub_1mIgjYkJEqgMAE6TiokAm3vI,cus_Js63orNGbMWh4W,price_15mHNODG6kmsTAyehOoCotl4,3,active,charge_automatically,,eur,1715259042,1715259042,1778331042,1809867042,0,,,,,
sub_1WZLfrLIbLQ2yJVMMrHa3IIb,cus_mj2A8J6FCk4X4p,price_15mHNODG6kmsTAyehOoCotl4,1,canceled,charge_automatically,,eur,1715260216,1715260216,1715260216,1746796216,1,1746796216,1744240491,1746796216,cancellation_requested,
sub_10LClZaAeI6p2M2v5ukcrwGy,cus_dEkCghARmkBRfe,price_15mHNODG6kmsTAyehOoCotl4,3,active,charge_automatically,,eur,1715280088,1715280088,1762713688,1794249688,0,,,,,
sub_1PaNKsCQJwbg5smhmsRV5OHx,cus_hNeXqhfPUtrP9n,price_15mHNODG6kmsTAyehOoCotl4,1,canceled,charge_automatically,,eur,1715375944,1715375944,1746911944,1778447944,1,1778447944,1770478320,1778447944,cancellation_requested,missing_features
sub_16TEJqjQQj01NR1di1rWjQgR,cus_C5Ecyi0QqZi9aZ,price_15mHNODG6kmsTAyehOoCotl4,1,active,charge_automatically,,eur,1715592701,1715592701,1778664701,1810200701,0,,,,,
sub_1LTYECAV0IPHvppQeGGkVuAl,cus_Hc0cSYKF6im49h,price_15mHNODG6kmsTAyehOoCotl4,3,active,charge_automatically,,eur,1715853039,1715853039,1778925039,1810461039,0,,,,,
sub_1EYpTqcPhpFvmYLCIM0PCrST,cus_pUKNSs8Le159Jz,price_1PzBpWVBZov7oibPYdDyuoxi,1,canceled,charge_automatically,,eur,1715960299,1715960299,1715960299,1731857899,1,1731857899,1726574224,1731857899,cancellation_requested,too_expensive
sub_1gPDNJHkP6aZlkGz6GWifJaB,cus_GgJsYc9EfdQ087,price_15mHNODG6kmsTAyehOoCotl4,1,active,charge_automatically,,eur,1716294722,1716294722,1779366722,1810902722,0,,,,,
sub_1DXCeeYfxcaEB0ztxgDZCj3B,cus_lRAqxNSaIyUxCy,price_15mHNODG6kmsTAyehOoCotl4,1,canceled,charge_automatically,,eur,1716335886,1716335886,1747871886,1779407886,1,1779407886,1766811970,1779407886,cancellation_requested,unused
sub_1onONlAjxTTTyCSWANeq4Fg5,cus_4dJjOqvslvIusB,price_15mHNODG6kmsTAyehOoCotl4,1,active,charge_automatically,,eur,1716528075,1716528075,1763961675,1795497675,0,,,,,
sub_13oWv9ey72oTiInRvrY9vxN8,cus_l4P12kUY1bEmAd,price_1PzBpWVBZov7oibPYdDyuoxi,1,canceled,charge_automatically,,eur,1716875401,1716875401,1716875401,1732773001,1,1732773001,1727120938,1732773001,cancellation_requested,unused
sub_1xfvO5kSX8MXhKTPwqZfIpas,cus_7UM50WOcLMUjW9,price_15mHNODG6kmsTAyehOoCotl4,1,active,charge_automatically,,eur,1716890521,1716890521,1779962521,1811498521,0,,,,,
sub_1UcAtfp0bUjN2VPMDgJnBZdM,cus_PzDl3QR07GCZLL,price_15mHNODG6kmsTAyehOoCotl4,2,active,charge_automatically,,eur,1717046561,1717046561,1780118561,1811654561,0,,,,,
sub_1srwyqyY79j0beLzVm2zNvQ9,cus_u6i5Uc2OAHWbdJ,price_1PzBpWVBZov7oibPYdDyuoxi,1,canceled,charge_automatically,,eur,1717414863,1717414863,1733226063,1748950863,1,1748950863,1746154018,1748950863,cancellation_requested,unused
sub_1twU5sB9PqwMQ4BFFCkEdr6U,cus_8xhjpADPSlptrk,price_1PzBpWVBZov7oibPYdDyuoxi,2,canceled,charge_automatically,,eur,1717417399,1717417399,1717417399,1733228599,1,1733228599,1731227635,1733228599,cancellation_requested,unused
sub_1EdA2dwL7qLh3XpSHuXDnhd0,cus_p3GMaxcbsbjLKf,price_15mHNODG6kmsTAyehOoCotl4,1,canceled,charge_automatically,,eur,1717418406,1717418406,1748954406,1780490406,0,,1749649146,1749649146,payment_failed,
sub_15DQ0SuPKwZT7PcCDQHe9caa,cus_xmEwXprgCr3QJX,price_1LbL3kHQuQKXYwFdpvIdOKzy,1,canceled,send_invoice,30,eur,1717421879,1717421879,1717421879,1748957879,1,1748957879,1745329079,1748957879,cancellation_requested,too_expensive
sub_1Mz1ytDl299vztbhC4KexJuh,cus_0MAVJkryOBMs67,price_15mHNODG6kmsTAyehOoCotl4,2,active,send_invoice,30,eur,1717494363,1717494363,1780566363,1812102363,0,,,,,
sub_1Gf7IsZIHnKWhA9teLxNM2uo,cus_OCeGfZZsSR0Avl,price_1PzBpWVBZov7oibPYdDyuoxi,2,canceled,charge_automatically,,eur,1717495868,1717495868,1733307068,1749031868,1,1749031868,1747574250,1749031868,cancellation_requested,unused
sub_1XjKstSaolYDYAM1v0LIHNNO,cus_1wfXRyaay6Dlm5,price_15mHNODG6kmsTAyehOoCotl4,1,active,charge_automatically,,eur,1717498998,1717498998,1764846198,1796382198,0,,,,,
sub_12NqaSd6MFAEp5Woax4BF0QV,cus_gIunrPIdcbu0id,price_15mHNODG6kmsTAyehOoCotl4,1,canceled,charge_automatically,,eur,1717534651,1717534651,1749070651,1780606651,1,1780606651,1764746303,1780606651,cancellation_requested,unused
sub_1CDb8zG1hjUg8zVqe93G2n6o,cus_ThB95ndjsM75VI,price_15mHNODG6kmsTAyehOoCotl4,1,canceled,charge_automatically,,eur,1717664568,1717664568,1749200568,1780736568,1,1780736568,1767759191,1780736568,cancellation_requested,too_expensive
sub_1NlgmHBBcpWOzchV3NJ4tPmu,cus_LLsmlozsrL34ff,price_15mHNODG6kmsTAyehOoCotl4,1,canceled,charge_automatically,,eur,1717685999,1717685999,1749221999,1780757999,1,1780757999,1761802156,1780757999,cancellation_requested,missing_features
sub_1qIcdqNpt8NJ0sNvZuCZHd3e,cus_VoffKjsxYq07uc,price_15mHNODG6kmsTAyehOoCotl4,2,canceled,charge_automatically,,eur,1717871193,1717871193,1780943193,1812479193,0,,1781635773,1781635773,payment_failed,
sub_1qwxHH2Oy46e7PtRLo3o8eV5,cus_A1H7jCatgfPfqO,price_15mHNODG6kmsTAyehOoCotl4,5,active,send_invoice,14,eur,1718035480,1718035480,1781107480,1812643480,0,,,,,
sub_1gha3OnBGEa9qgYDk9CrhFRa,cus_XYhnlUKWpRx46u,price_1PzBpWVBZov7oibPYdDyuoxi,1,canceled,charge_automatically,,eur,1718040160,1718040160,1733851360,1749576160,1,1749576160,1745312861,1749576160,cancellation_requested,unused
sub_1QNu5jVWMiuomecnHOMAry8G,cus_7UPmGFfGxKjlvr,price_1PzBpWVBZov7oibPYdDyuoxi,2,canceled,charge_automatically,,eur,1718107079,1718107079,1718107079,1733918279,1,1733918279,1726313922,1733918279,cancellation_requested,
sub_1Bzekk1jm8s4xj7fSgPI8lt2,cus_R74cmq8CbhNHxY,price_1PzBpWVBZov7oibPYdDyuoxi,1,canceled,charge_automatically,,eur,1718179803,1718179803,1718179803,1733991003,1,1733991003,1724081400,1733991003,cancellation_requested,other
sub_1srTsYbiW5Bmlr4hOhDZBJyl,cus_nD1Pjov4vC6zJl,price_15mHNODG6kmsTAyehOoCotl4,1,active,charge_automatically,,eur,1718790443,1718790443,1766137643,1797673643,0,,,,,
sub_1lqmq2xmSjZUP9qxfQxMeUb5,cus_qXM60vxq4SAGbD,price_1PzBpWVBZov7oibPYdDyuoxi,2,canceled,send_invoice,30,eur,1718809981,1718809981,1718809981,1734621181,1,1734621181,1730629596,1734621181,cancellation_requested,
sub_1aoDb446eFW2nBS5Aury8bJf,cus_rpPXCMpy47XL7M,price_15mHNODG6kmsTAyehOoCotl4,1,active,charge_automatically,,eur,1718867880,1718867880,1781939880,1813475880,0,,,,,
sub_10F7jDIG5MzX0I4TS0YPTYW8,cus_MO5rQXFzHf496x,price_15mHNODG6kmsTAyehOoCotl4,1,active,charge_automatically,,eur,1719149069,1719149069,1782221069,1813757069,0,,,,,
sub_1yurq8y0RxP0Mi7jizze9kwE,cus_pH6T2OXWcxRVh0,price_15mHNODG6kmsTAyehOoCotl4,1,active,charge_automatically,,eur,1719236146,1719236146,1782308146,1813844146,1,1813844146,1783152423,,cancellation_requested,
sub_1cZy1J2ZJmcofl3VSfpZwC6g,cus_eJYjLqfd47UEgL,price_15mHNODG6kmsTAyehOoCotl4,1,canceled,charge_automatically,,eur,1719245168,1719245168,1750781168,1782317168,1,1782317168,1767226372,1782317168,cancellation_requested,unused
sub_1dvLZdSOXO5stmk8IHPHWaUD,cus_jJk8KvWRPP5cRi,price_15mHNODG6kmsTAyehOoCotl4,1,canceled,charge_automatically,,eur,1719258571,1719258571,1750794571,1782330571,1,1782330571,1778621416,1782330571,cancellation_requested,
sub_1a0g5hYrpLlMdMkoNsG3iwdE,cus_hVp5cMQFDG1XOB,price_15mHNODG6kmsTAyehOoCotl4,1,active,charge_automatically,,eur,1719494403,1719494403,1782566403,1814102403,0,,,,,
sub_1dfhlDSOeZRflTGibZPhBeHO,cus_cx4HuTMzLqRf5C,price_15mHNODG6kmsTAyehOoCotl4,1,canceled,charge_automatically,,eur,1719589836,1719589836,1719589836,1751125836,1,1751125836,1748709199,1751125836,cancellation_requested,unused
sub_1wPktE0Yg9BFpKHL2XIgbNgg,cus_m7P0RI4NjwiLrj,price_15mHNODG6kmsTAyehOoCotl4,2,active,charge_automatically,,eur,1719808707,1719808707,1782880707,1814416707,0,,,,,
sub_18uqGetbICjM5YolTQMmMLZP,cus_FUpEnC8kKKXjOu,price_15mHNODG6kmsTAyehOoCotl4,2,active,charge_automatically,,eur,1719819424,1719819424,1782891424,1814427424,0,,,,,
sub_1TFqdzkKyu3sFVnlXABmyski,cus_CiKKXuyg5QBnwo,price_1PzBpWVBZov7oibPYdDyuoxi,1,canceled,charge_automatically,,eur,1719852597,1719852597,1719852597,1735750197,1,1735750197,1725617658,1735750197,cancellation_requested,too_expensive
sub_18i6Aeo9JJubTy0SaBBhQRwr,cus_EZJZhTHoVEQUCx,price_15mHNODG6kmsTAyehOoCotl4,1,active,charge_automatically,,eur,1719866671,1719866671,1782938671,1814474671,0,,,,,
sub_1pc9fGkfp0CFaiCIoWjF6Qtm,cus_ZyHkMQGZ2KjA9I,price_15mHNODG6kmsTAyehOoCotl4,1,canceled,charge_automatically,,eur,1719948280,1719948280,1719948280,1751484280,1,1751484280,1736975564,1751484280,cancellation_requested,unused
sub_1dXLNZFMGry7cFYdrpfyPh0a,cus_Me4JyynDJ7k3iP,price_15mHNODG6kmsTAyehOoCotl4,1,canceled,charge_automatically,,eur,1720093900,1720093900,1720093900,1751629900,1,1751629900,1739171587,1751629900,cancellation_requested,switched_service
sub_1ojcQCwHXN8lQq7Llv2Lh8Qt,cus_Lj3TrqLqWjrpWv,price_15mHNODG6kmsTAyehOoCotl4,1,active,charge_automatically,,eur,1720177313,1720177313,1783249313,1814785313,0,,,,,
sub_1xMGlWUit69yGSB9XVgqAlyD,cus_jTvHPkKKRwFEyO,price_15mHNODG6kmsTAyehOoCotl4,1,active,charge_automatically,,eur,1720339212,1720339212,1783411212,1814947212,0,,,,,
sub_1NuDaxD4xmyPIEu6xWx5zwrC,cus_NmTUx6PnLNQXzA,price_15mHNODG6kmsTAyehOoCotl4,1,canceled,charge_automatically,,eur,1720365089,1720365089,1751901089,1783437089,1,1783437089,1772780214,1783437089,cancellation_requested,unused
sub_1D0eCvNLKYSboa0yaEm6ntLT,cus_vuMQJ7I9VQNfGu,price_15mHNODG6kmsTAyehOoCotl4,3,canceled,charge_automatically,,eur,1720531202,1720531202,1720531202,1752067202,1,1752067202,1734234072,1752067202,cancellation_requested,too_expensive
sub_1EKfqQOcvfeZWd4Bv4EZfIKp,cus_rQInNYJ1I38UOu,price_1PzBpWVBZov7oibPYdDyuoxi,1,canceled,charge_automatically,,eur,1720778615,1720778615,1720778615,1736676215,0,,1720875635,1720875635,cancellation_requested,other
sub_14KbWHnp7F4VNEK6rMKeqnjF,cus_YvjUjdBX19Bg09,price_15mHNODG6kmsTAyehOoCotl4,1,canceled,charge_automatically,,eur,1720788357,1720788357,1720788357,1752324357,1,1752324357,1746343822,1752324357,cancellation_requested,missing_features
sub_1J29AMcHT0WmD61YLe9qQ5W2,cus_kXDAiS1GsacOLn,price_15mHNODG6kmsTAyehOoCotl4,1,canceled,charge_automatically,,eur,1720805896,1720805896,1720805896,1752341896,1,1752341896,1747732332,1752341896,cancellation_requested,too_expensive
sub_15F6un06PUpgeJxougOCziZT,cus_pb39soT9D0Hwo9,price_1PzBpWVBZov7oibPYdDyuoxi,1,canceled,charge_automatically,,eur,1720884337,1720884337,1736781937,1752420337,1,1752420337,1744765786,1752420337,cancellation_requested,unused
sub_1wZgjvNBGd1vSpN5YAGlq3bm,cus_c0LZHSLGfY0rqD,price_1PzBpWVBZov7oibPYdDyuoxi,1,active,charge_automatically,,eur,1721044412,1721044412,1784116412,1800014012,0,,,,,
sub_1UKPgH824igzp2FT7Fko4xd1,cus_M4GJZKhGDZcDmM,price_15mHNODG6kmsTAyehOoCotl4,1,canceled,charge_automatically,,eur,1721172723,1721172723,1752708723,1784244723,1,1784244723,1776310176,1784244723,cancellation_requested,unused
sub_1GVJSxsc4fzUYukW57WGvlke,cus_py4Izph3CBcDQp,price_15mHNODG6kmsTAyehOoCotl4,1,canceled,charge_automatically,,eur,1721292076,1721292076,1721292076,1752828076,1,1752828076,1744254199,1752828076,cancellation_requested,unused
sub_1OGmestWZzjhW6GOuh8rnbAD,cus_x03B5JvJvPLGZ0,price_15mHNODG6kmsTAyehOoCotl4,1,active,charge_automatically,,eur,1721308878,1721308878,1784380878,1815916878,0,,,,,
sub_1313MjEB8DKtCDZbN5cIs5Tu,cus_WhJVwQk8JGaIwK,price_1PzBpWVBZov7oibPYdDyuoxi,1,canceled,charge_automatically,,eur,1721379062,1721379062,1737276662,1752915062,1,1752915062,1750675685,1752915062,cancellation_requested,
sub_1m58HVNdYvZ1tWlbwwmhX8Ct,cus_ouOoPSXuPcNIbx,price_1PzBpWVBZov7oibPYdDyuoxi,1,canceled,charge_automatically,,eur,1721388843,1721388843,1768822443,1784460843,1,1784460843,1779842166,1784460843,cancellation_requested,unused
sub_1NP0iljV0noQI7uV06P86W8m,cus_hGBK02A0FPMH2Y,price_15mHNODG6kmsTAyehOoCotl4,1,active,charge_automatically,,eur,1721917887,1721917887,1784989887,1816525887,0,,,,,
sub_1LjsgvjIcoUhMZC3isP2avmL,cus_VD8mjjKUT5Fl5m,price_15mHNODG6kmsTAyehOoCotl4,1,active,charge_automatically,,eur,1722080951,1722080951,1785152951,1816688951,0,,,,,
sub_1oELAQyrrWUZcdjvYsWD9J9r,cus_eh2Jif1WpxNcyN,price_15mHNODG6kmsTAyehOoCotl4,1,canceled,charge_automatically,,eur,1722511697,1722511697,1722511697,1754047697,1,1754047697,1753250842,1754047697,cancellation_requested,unused
sub_1MpwoSAeaDcvuv6T4Bl33dOr,cus_sjWtufXShxHYkf,price_1PzBpWVBZov7oibPYdDyuoxi,1,active,charge_automatically,,eur,1722769906,1722769906,1785841906,1801739506,0,,,,,
sub_1pdPZ3af6eTijsR82OzairH4,cus_DLgds1OAi4vy6F,price_1PzBpWVBZov7oibPYdDyuoxi,1,canceled,charge_automatically,,eur,1722881079,1722881079,1722881079,1738778679,1,1738778679,1731237313,1738778679,cancellation_requested,unused
sub_1YqOWUUnYmMs7SQvrvXK7AFA,cus_57pWztfwVwBLrr,price_15mHNODG6kmsTAyehOoCotl4,1,active,charge_automatically,,eur,1722953840,1722953840,1786025840,1817561840,0,,,,,
sub_1xLtpMf0fu1APxfm3yeR84U6,cus_a5y3L8adwvLfvd,price_1PzBpWVBZov7oibPYdDyuoxi,1,active,charge_automatically,,eur,1723104744,1723104744,1786176744,1802074344,0,,,,,
sub_1EEFOvUIH5grDK68pgsD025T,cus_Mnctr9hf0I0HBo,price_15mHNODG6kmsTAyehOoCotl4,1,canceled,charge_automatically,,eur,1723130737,1723130737,1723130737,1754666737,1,1754666737,1741025694,1754666737,cancellation_requested,unused
sub_1DLvDbpHhjsOQdL6cpoxxtwd,cus_xmDjCT9AHjdUdS,price_15mHNODG6kmsTAyehOoCotl4,1,active,charge_automatically,,eur,1723169222,1723169222,1786241222,1817777222,0,,,,,
sub_1k9ZxSpGq7zjK7W5APr6H927,cus_mgwGfUN2b7cEtX,price_15mHNODG6kmsTAyehOoCotl4,1,canceled,charge_automatically,,eur,1723215362,1723215362,1754751362,1786287362,1,1786287362,1767823870,1786287362,cancellation_requested,unused
sub_1y8bosG2TI4J8q9XcnEjYNuT,cus_JifHdobXtNQslI,price_15mHNODG6kmsTAyehOoCotl4,1,active,charge_automatically,,eur,1723457092,1723457092,1786529092,1818065092,0,,,,,
sub_18Ek3mQuo3xknY4ElmqH7kEI,cus_uPXRKpZhe5GoRG,price_15mHNODG6kmsTAyehOoCotl4,2,active,charge_automatically,,eur,1723727844,1723727844,1786799844,1818335844,0,,,,,
sub_1VaniDBDkU5bUDur9xxgBgrn,cus_nAZNh1i2zLbcmR,price_15mHNODG6kmsTAyehOoCotl4,1,active,charge_automatically,,eur,1723737760,1723737760,1786809760,1818345760,0,,,,,
sub_16SwVj96Rr8QMosqe2WXgucH,cus_asI9GKvhZCUzNY,price_15mHNODG6kmsTAyehOoCotl4,2,active,charge_automatically,,eur,1723820503,1723820503,1786892503,1818428503,1,1818428503,1790291808,,cancellation_requested,unused
sub_1q4k3I751AQDrcw8RnSPiFNY,cus_ai4J50mLNdrUMS,price_15mHNODG6kmsTAyehOoCotl4,4,active,send_invoice,30,eur,1723828088,1723828088,1786900088,1818436088,1,1818436088,1790429084,,cancellation_requested,other
sub_1k9YkQhJkeHQ6IUIUD8HOX9V,cus_FORUi5uuekYQiW,price_1PzBpWVBZov7oibPYdDyuoxi,2,canceled,charge_automatically,,eur,1723893877,1723893877,1723893877,1739791477,1,1739791477,1737351365,1739791477,cancellation_requested,unused
sub_1ApqV2DvvULqmBG7mygSvlj8,cus_FlpKwAkmnQpiZH,price_15mHNODG6kmsTAyehOoCotl4,2,active,charge_automatically,,eur,1724314485,1724314485,1771748085,1803284085,0,,,,,
sub_1HvLzsrcianVBOlR8JVwL4M6,cus_iLrEBlXrFA5EUE,price_15mHNODG6kmsTAyehOoCotl4,1,active,charge_automatically,,eur,1724353592,1724353592,1787425592,1818961592,0,,,,,
sub_1h1pKMBevuRw9AqqWF4OwSrQ,cus_zSZrz4lEXSelgU,price_15mHNODG6kmsTAyehOoCotl4,1,active,charge_automatically,,eur,1724355281,1724355281,1787427281,1818963281,0,,,,,
sub_1dVXQP1rAgmSYozUicqHHHEn,cus_hzump6QrkLDId3,price_15mHNODG6kmsTAyehOoCotl4,1,active,charge_automatically,,eur,1724416217,1724416217,1787488217,1819024217,0,,,,,
sub_1bIGUoUBM1WMxZbv9gHhZvBd,cus_RND23CYTXY27YT,price_15mHNODG6kmsTAyehOoCotl4,1,canceled,charge_automatically,,eur,1724753696,1724753696,1724753696,1756289696,1,1756289696,1750953570,1756289696,cancellation_requested,switched_service
sub_1YKTnkEB7Xqd9iwDstHHc28c,cus_lduoQMPolGN5hM,price_15mHNODG6kmsTAyehOoCotl4,1,canceled,charge_automatically,,eur,1724762234,1724762234,1724762234,1756298234,1,1756298234,1746073597,1756298234,cancellation_requested,too_expensive
sub_16g6INEn5Vbhg78NQHkpnSWO,cus_DgHZXWE06sy4M6,price_15mHNODG6kmsTAyehOoCotl4,3,active,charge_automatically,,eur,1724917423,1724917423,1787989423,1819525423,0,,,,,
sub_1ZfLFhLX4w4jvC5g6cPesxTv,cus_BPLVqA9BLC5nxt,price_1PzBpWVBZov7oibPYdDyuoxi,1,canceled,charge_automatically,,eur,1724922240,1724922240,1724922240,1740733440,1,1740733440,1739195426,1740733440,cancellation_requested,too_expensive
sub_1rw1BLNwsV5lXMpACkERMiQ8,cus_XUeYS4iIHQuyib,price_1PzBpWVBZov7oibPYdDyuoxi,1,active,charge_automatically,,eur,1725202046,1725202046,1788274046,1803912446,1,1803912446,1788618551,,cancellation_requested,too_expensive
sub_15CFmJE0HaEZOsBWolg1umqg,cus_a8MebUP0l5Z9UM,price_1PzBpWVBZov7oibPYdDyuoxi,1,canceled,charge_automatically,,eur,1725250241,1725250241,1725250241,1740888641,1,1740888641,1734277233,1740888641,cancellation_requested,
sub_1DLbCrlkw4GoHmRswNVEsHd3,cus_EOdUP6GbhXESXT,price_15mHNODG6kmsTAyehOoCotl4,1,canceled,charge_automatically,,eur,1725457966,1725457966,1756993966,1788529966,0,,1757689846,1757689846,payment_failed,
sub_1wJ59wKar3b1iVLsYy8ykjyr,cus_ooUiLl9SZYFpRT,price_15mHNODG6kmsTAyehOoCotl4,1,active,charge_automatically,,eur,1725536069,1725536069,1772710469,1804246469,0,,,,,
sub_185LMF2oIgjSmbBoD7tszRZK,cus_VAlSwcmtPok5Q3,price_15mHNODG6kmsTAyehOoCotl4,1,active,charge_automatically,,eur,1725538628,1725538628,1788610628,1820146628,0,,,,,
sub_1k0YU715mJCpevcy7yGespuF,cus_3fuxPQgVghQ9ml,price_1PzBpWVBZov7oibPYdDyuoxi,2,canceled,send_invoice,30,eur,1725617472,1725617472,1741255872,1757153472,1,1757153472,1748935615,1757153472,cancellation_requested,
sub_1fxffWWmuaRlqp84TKkqD2uR,cus_kA9hW5rLA0WRvi,price_15mHNODG6kmsTAyehOoCotl4,2,active,send_invoice,30,eur,1726215075,1726215075,1789287075,1820823075,0,,,,,
sub_1PKKPwCtcdUYfnn2CGDwPFER,cus_6z3kn3weNVeM5m,price_1PzBpWVBZov7oibPYdDyuoxi,2,canceled,send_invoice,14,eur,1726229775,1726229775,1726229775,1741868175,1,1741868175,1736110263,1741868175,cancellation_requested,other
sub_1RFGQIceU6qZNMLqXP7eobS6,cus_ZkUebQN7VlC5w3,price_15mHNODG6kmsTAyehOoCotl4,1,canceled,charge_automatically,,eur,1726494252,1726494252,1726494252,1758030252,1,1758030252,1752658931,1758030252,cancellation_requested,unused
sub_1IgLlV5tcFLzX7BmkTEUPEWz,cus_MhrsUp4hjgTkQU,price_1PzBpWVBZov7oibPYdDyuoxi,1,canceled,charge_automatically,,eur,1726502402,1726502402,1742140802,1758038402,1,1758038402,1750179538,1758038402,cancellation_requested,switched_service
sub_1JeYuWmTN5wTXyjLOjlFdQJ0,cus_5O5hQS3V603zSr,price_15mHNODG6kmsTAyehOoCotl4,1,active,charge_automatically,,eur,1726504110,1726504110,1789576110,1821112110,0,,,,,
sub_1SNK4z9eax3tdIVnHfdQLUhK,cus_UckBeEG9Hm2D1B,price_15mHNODG6kmsTAyehOoCotl4,5,active,charge_automatically,,eur,1726507557,1726507557,1789579557,1821115557,0,,,,,
sub_1IxcM75ZygtrO4Ks2IX9aIdH,cus_FBaNNTNnxxxJG5,price_15mHNODG6kmsTAyehOoCotl4,1,canceled,charge_automatically,,eur,1726544567,1726544567,1726544567,1758080567,1,1758080567,1756867269,1758080567,cancellation_requested,
sub_1Kwsu99n71I8q2DMLpyorozK,cus_weYdzPGowyZVc5,price_15mHNODG6kmsTAyehOoCotl4,1,active,charge_automatically,,eur,1726578270,1726578270,1789650270,1821186270,0,,,,,
sub_1Bzx3eA3ME6mkvfc5RcrDRjM,cus_OB2jFWhy3jbqQw,price_1PzBpWVBZov7oibPYdDyuoxi,1,canceled,charge_automatically,,eur,1726659031,1726659031,1726659031,1742297431,1,1742297431,1739327652,1742297431,cancellation_requested,
sub_1rpqENGPXrEUB8cWewjYgnfw,cus_YIMtrSQXkq88mk,price_15mHNODG6kmsTAyehOoCotl4,2,canceled,charge_automatically,,eur,1726670577,1726670577,1726670577,1758206577,1,1758206577,1757378193,1758206577,cancellation_requested,unused
sub_1LI4HQpJBKOOZSWtO5V1e3Qu,cus_GngUkuaIKppcs7,price_15mHNODG6kmsTAyehOoCotl4,1,active,charge_automatically,,eur,1727095343,1727095343,1790167343,1821703343,0,,,,,
sub_1UPhfpkIPCLCR7BrtZr7QOpY,cus_wkpy8waH6nJpKI,price_1PzBpWVBZov7oibPYdDyuoxi,1,canceled,charge_automatically,,eur,1727171523,1727171523,1727171523,1742809923,1,1742809923,1741570201,1742809923,cancellation_requested,unused
sub_1PgWSFRy25S3ZdNrEqbvO5Kr,cus_0nwXGTc9ahz2II,price_15mHNODG6kmsTAyehOoCotl4,1,canceled,charge_automatically,,eur,1727175892,1727175892,1727175892,1758711892,1,1758711892,1740334531,1758711892,cancellation_requested,
sub_1ZeMix2xo6AtL35MbCK6AqK8,cus_5yFXGJOt9YAAhe,price_15mHNODG6kmsTAyehOoCotl4,4,canceled,charge_automatically,,eur,1727182018,1727182018,1758718018,1790254018,0,,1759410238,1759410238,payment_failed,
sub_1hFMVCn6gLHQm0WH4gAgsl6D,cus_IDnH5hxy8QhYFt,price_15mHNODG6kmsTAyehOoCotl4,1,past_due,charge_automatically,,eur,1727262603,1727262603,1790334603,1821870603,0,,,,,
sub_1AvPLoAVWqrqQGOQVRz4lkAD,cus_kg2Wee3hMTo6vi,price_1PzBpWVBZov7oibPYdDyuoxi,1,active,charge_automatically,,eur,1727282345,1727282345,1790354345,1805992745,1,1805992745,1790789653,,cancellation_requested,
sub_1a9L2QzgFi5JXyFqMVuvj6cM,cus_mwA88r62XGy0t8,price_15mHNODG6kmsTAyehOoCotl4,1,canceled,charge_automatically,,eur,1727533804,1727533804,1727533804,1759069804,1,1759069804,1757638836,1759069804,cancellation_requested,missing_features
sub_1L9IvG7rZiCiInl5ZC9rJntC,cus_b1OiECQNe9Sf5i,price_15mHNODG6kmsTAyehOoCotl4,3,active,charge_automatically,,eur,1727687816,1727687816,1790759816,1822295816,0,,,,,
sub_1X5cnEIsU65smu6cC5iIP6sI,cus_gVKGoErJOI3T51,price_1PzBpWVBZov7oibPYdDyuoxi,2,canceled,charge_automatically,,eur,1727784215,1727784215,1727784215,1743509015,1,1743509015,1740193688,1743509015,cancellation_requested,unused
sub_1y6wkoLCY3SC6WbiULBJwROI,cus_NzOHloisSynP55,price_15mHNODG6kmsTAyehOoCotl4,2,canceled,send_invoice,30,eur,1728048217,1728048217,1728048217,1759584217,1,1759584217,1758257741,1759584217,cancellation_requested,missing_features
sub_1vYygqloj6JDvo5Wp4FdGrOg,cus_ZGs1Dg6Pw6jKkn,price_15mHNODG6kmsTAyehOoCotl4,1,canceled,charge_automatically,,eur,1728306292,1728306292,1728306292,1759842292,1,1759842292,1747721949,1759842292,cancellation_requested,
sub_1kJB0QXINtK5mEBbga2nZ4p6,cus_byXKYVSs6DavQm,price_15mHNODG6kmsTAyehOoCotl4,1,canceled,charge_automatically,,eur,1728318063,1728318063,1728318063,1759854063,1,1759854063,1751283757,1759854063,cancellation_requested,missing_features
sub_1Pa2VUAjkG6EQixPbPeCdVlU,cus_C14nkgnf7NARYY,price_15mHNODG6kmsTAyehOoCotl4,1,canceled,charge_automatically,,eur,1728324676,1728324676,1728324676,1759860676,1,1759860676,1752460461,1759860676,cancellation_requested,too_expensive
sub_1cMY4P9cBqGZ7calmsswVQSH,cus_PSXS4GEeb6Kqlb,price_15mHNODG6kmsTAyehOoCotl4,2,active,charge_automatically,,eur,1728474599,1728474599,1760010599,1791546599,0,,,,,
sub_1kZeifyHUQteQAG34rrklzFE,cus_llXitrjlBvCz3o,price_15mHNODG6kmsTAyehOoCotl4,3,active,charge_automatically,,eur,1728478866,1728478866,1760014866,1791550866,0,,,,,
sub_1n7mbk7lvDD4CBpgNx4EvNcA,cus_o6QozAOOhOxDj3,price_1PzBpWVBZov7oibPYdDyuoxi,1,active,charge_automatically,,eur,1728617826,1728617826,1775878626,1791689826,0,,,,,
sub_1UotgOslbbHg0HGuQKaMjdKu,cus_24fW4oWsEPNlNG,price_1PzBpWVBZov7oibPYdDyuoxi,1,canceled,charge_automatically,,eur,1728993009,1728993009,1728993009,1744717809,1,1744717809,1744348407,1744717809,cancellation_requested,too_expensive
sub_1vdbL3miRin0yCr9RCocSt3M,cus_XX2yxS58cJ0Spc,price_15mHNODG6kmsTAyehOoCotl4,1,canceled,charge_automatically,,eur,1729164176,1729164176,1729164176,1760700176,1,1760700176,1757151525,1760700176,cancellation_requested,
sub_1SlauxVyee5JIUYcwS4RfU5P,cus_l3XEAIe9RzbQxp,price_1PzBpWVBZov7oibPYdDyuoxi,2,canceled,send_invoice,30,eur,1729248700,1729248700,1729248700,1744973500,1,1744973500,1742904647,1744973500,cancellation_requested,switched_service
sub_1CjgcNO3Ee4PAEnmHV5AY0Cb,cus_UxF0F2TYZOQdRF,price_1PzBpWVBZov7oibPYdDyuoxi,2,canceled,send_invoice,30,eur,1729411596,1729411596,1745136396,1760947596,1,1760947596,1751040081,1760947596,cancellation_requested,too_expensive
sub_1ikuVrQiOWvRS5xh1lZ4KPlz,cus_N4HkZT9CDsHx7m,price_15mHNODG6kmsTAyehOoCotl4,1,active,charge_automatically,,eur,1729521626,1729521626,1776782426,1808318426,0,,,,,
sub_1e8BAtr6bMCmMSfAudSzbEM1,cus_ESYSEPBwEQrkJX,price_15mHNODG6kmsTAyehOoCotl4,5,active,send_invoice,14,eur,1729616949,1729616949,1761152949,1792688949,0,,,,,
sub_1Eh9ckRXxHWOEeIDSNcpcCve,cus_BZ6zEpWqoqiMK1,price_1PzBpWVBZov7oibPYdDyuoxi,3,canceled,charge_automatically,,eur,1729768943,1729768943,1729768943,1745493743,1,1745493743,1735732677,1745493743,cancellation_requested,unused
sub_13fRgBPpkdQezAzkpIVpWlOo,cus_M89mZNqjcdqaxl,price_15mHNODG6kmsTAyehOoCotl4,1,canceled,charge_automatically,,eur,1729795061,1729795061,1729795061,1761331061,1,1761331061,1760905201,1761331061,cancellation_requested,switched_service
sub_1emoQ937JygQ3uKeDtYM4QNi,cus_t0qJbeaRWtp85F,price_15mHNODG6kmsTAyehOoCotl4,2,active,charge_automatically,,eur,1730112130,1730112130,1761648130,1793184130,0,,,,,
sub_1Xb6voXyxQhS3BXRjA8e5k5O,cus_pHl9jtaFjfxcdo,price_1PzBpWVBZov7oibPYdDyuoxi,1,canceled,charge_automatically,,eur,1730192656,1730192656,1730192656,1745917456,1,1745917456,1739320062,1745917456,cancellation_requested,unused
sub_1kUFM67Bzarq8emRBRh7r5Wb,cus_CZQ1lVnNEkMpbB,price_15mHNODG6kmsTAyehOoCotl4,1,canceled,charge_automatically,,eur,1730312120,1730312120,1730312120,1761848120,1,1761848120,1759970191,1761848120,cancellation_requested,too_expensive
sub_1tgEi8MjlgdKbmvf26BGX03j,cus_r8UyeQ6glBkyct,price_15mHNODG6kmsTAyehOoCotl4,1,canceled,charge_automatically,,eur,1730590504,1730590504,1730590504,1762126504,1,1762126504,1751678696,1762126504,cancellation_requested,too_expensive
sub_1bhHWCEb36rwht705H3teSjW,cus_sTXy5R8dcVM0Vi,price_15mHNODG6kmsTAyehOoCotl4,1,active,charge_automatically,,eur,1730891220,1730891220,1778065620,1809601620,0,,,,,
sub_1FBvI6hcSKYrUVjeizu86RNW,cus_yJWzqxSlxND4Qt,price_15mHNODG6kmsTAyehOoCotl4,1,active,charge_automatically,,eur,1730894670,1730894670,1778069070,1809605070,0,,,,,
sub_12aARFujj8Hx931gvEwzZBYM,cus_TFVcidCJTYFMiK,price_1PzBpWVBZov7oibPYdDyuoxi,1,active,charge_automatically,,eur,1730958613,1730958613,1778133013,1794030613,0,,,,,
sub_16zgokkDx11R4k9TJGPNbbxh,cus_WDuDuHXFO51Axt,price_15mHNODG6kmsTAyehOoCotl4,1,active,charge_automatically,,eur,1730990381,1730990381,1762526381,1794062381,1,1794062381,1783171648,,cancellation_requested,
sub_1bUnrUOtJCGg0m6ZsRz7ebwd,cus_35xA6AfOKJeqoy,price_15mHNODG6kmsTAyehOoCotl4,1,active,charge_automatically,,eur,1731005459,1731005459,1762541459,1794077459,0,,,,,
sub_11rAbLWojyIZCHsJ7McgmCi2,cus_kcwNXTVfSYi98D,price_15mHNODG6kmsTAyehOoCotl4,1,active,charge_automatically,,eur,1731091306,1731091306,1762627306,1794163306,1,1794163306,1778218772,,cancellation_requested,missing_features
sub_1YC6sQLon0QeegcmlzTq5C0r,cus_9ZTjObZNqJSvma,price_15mHNODG6kmsTAyehOoCotl4,1,active,charge_automatically,,eur,1731410371,1731410371,1762946371,1794482371,0,,,,,
sub_1d1pilbchCuvpYtqIp6AgZWJ,cus_4yAQjXfytiNsLI,price_15mHNODG6kmsTAyehOoCotl4,1,canceled,charge_automatically,,eur,1731511796,1731511796,1731511796,1763047796,1,1763047796,1752409304,1763047796,cancellation_requested,other
sub_1XOg1p4iZN4y003Kt0t9vJci,cus_bYzxwzlu66KCF5,price_15mHNODG6kmsTAyehOoCotl4,2,active,charge_automatically,,eur,1731578279,1731578279,1763114279,1794650279,0,,,,,
sub_1zrX7wfvoDzAjbijenS8cFCh,cus_sI7DIbNDTX0tik,price_15mHNODG6kmsTAyehOoCotl4,1,active,charge_automatically,,eur,1731665506,1731665506,1763201506,1794737506,0,,,,,
sub_1DMBlKLk7vfyLyagcsm9fU28,cus_SkkLpcZ5OhhbY7,price_15mHNODG6kmsTAyehOoCotl4,2,active,charge_automatically,,eur,1731754608,1731754608,1763290608,1794826608,0,,,,,
sub_1VewQWurJzVLlJzMzTny63Go,cus_06X9xNRs3202gE,price_15mHNODG6kmsTAyehOoCotl4,4,active,charge_automatically,,eur,1731937305,1731937305,1779111705,1810647705,0,,,,,
sub_1j6rWgfL0Y5V2jLQiYszZKw5,cus_VFOKax04u40OSu,price_15mHNODG6kmsTAyehOoCotl4,1,active,charge_automatically,,eur,1732022938,1732022938,1763558938,1795094938,0,,,,,
sub_1xdvPJc62rJdbzrlbeFIUdpx,cus_pQy5SX88oOIaTX,price_15mHNODG6kmsTAyehOoCotl4,1,canceled,charge_automatically,,eur,1732026579,1732026579,1732026579,1763562579,1,1763562579,1759470538,1763562579,cancellation_requested,unused
sub_1k0SSaw54smOhqlKbgsNmf5R,cus_SCr1OY49SVjuRL,price_1PzBpWVBZov7oibPYdDyuoxi,1,canceled,charge_automatically,,eur,1732122711,1732122711,1763658711,1779297111,1,1779297111,1770660588,1779297111,cancellation_requested,too_expensive
sub_1cgps0T6zwLP01RX9JKvYom7,cus_Z8EsUL3BGFtLsS,price_1PzBpWVBZov7oibPYdDyuoxi,1,canceled,charge_automatically,,eur,1732261088,1732261088,1732261088,1747899488,1,1747899488,1747121436,1747899488,cancellation_requested,
sub_1iMqz3shklMOyRGHFumnVdB7,cus_SrtPi0nCgZqnYh,price_1PzBpWVBZov7oibPYdDyuoxi,1,canceled,charge_automatically,,eur,1732283344,1732283344,1732283344,1747921744,1,1747921744,1738982725,1747921744,cancellation_requested,unused
sub_1wRfxiX56OFOWA9OQgEqpKoV,cus_yk0VfdLVJv2V04,price_15mHNODG6kmsTAyehOoCotl4,1,active,charge_automatically,,eur,1732308329,1732308329,1763844329,1795380329,0,,,,,
sub_18DknuHjeKN40ytSe4UM7lTX,cus_TO09N5XPUL54yd,price_15mHNODG6kmsTAyehOoCotl4,1,active,charge_automatically,,eur,1732532259,1732532259,1764068259,1795604259,0,,,,,
sub_1aW8B4C6FlhD6np18op3zaP6,cus_kvcYEKMMKfbItu,price_15mHNODG6kmsTAyehOoCotl4,1,canceled,charge_automatically,,eur,1732607955,1732607955,1732607955,1764143955,1,1764143955,1757866165,1764143955,cancellation_requested,unused
sub_1DEvCGAWEev8XTay9UElVfXB,cus_7H5fCIRGeJrePn,price_15mHNODG6kmsTAyehOoCotl4,1,active,charge_automatically,,eur,1732710053,1732710053,1764246053,1795782053,0,,,,,
sub_10V5oc5iO5qRULhm7qZFKKfH,cus_AsaWrJHVhF3SCz,price_15mHNODG6kmsTAyehOoCotl4,2,active,charge_automatically,,eur,1732802307,1732802307,1764338307,1795874307,0,,,,,
sub_1K0TeaeIB2gORW2QihJYv47F,cus_jP3fLMAQmoOBDq,price_15mHNODG6kmsTAyehOoCotl4,5,active,charge_automatically,,eur,1732811277,1732811277,1764347277,1795883277,0,,,,,
sub_1NICoywCXb1F2brG6aF0e3Bq,cus_eKpOMpgdqdNOiY,price_15mHNODG6kmsTAyehOoCotl4,1,active,charge_automatically,,eur,1733140031,1733140031,1764676031,1796212031,0,,,,,
sub_1VQD9XM8WUK9dBcLFymYS1gq,cus_hhDsPN8jBM39pX,price_15mHNODG6kmsTAyehOoCotl4,1,active,charge_automatically,,eur,1733212554,1733212554,1764748554,1796284554,0,,,,,
sub_1DpRNoCB6A0ynY5HnBolP8Gf,cus_kYjMxbeYPE3NRe,price_15mHNODG6kmsTAyehOoCotl4,1,active,charge_automatically,,eur,1733228695,1733228695,1764764695,1796300695,0,,,,,
sub_1ZbdHC8ydjOHoKjLC2JIUBi2,cus_jG5mE4VxEWipc7,price_15mHNODG6kmsTAyehOoCotl4,1,active,charge_automatically,,eur,1733310961,1733310961,1764846961,1796382961,0,,,,,
sub_1qWfQ5uLMcpr6RWqVUCx0t2P,cus_o5sTUZ7x7g9NNL,price_15mHNODG6kmsTAyehOoCotl4,1,active,charge_automatically,,eur,1733389321,1733389321,1764925321,1796461321,0,,,,,
sub_1CjsoII0WpVgU8Iusd4NmHIb,cus_mmz34j22HFSz4K,price_15mHNODG6kmsTAyehOoCotl4,3,active,charge_automatically,,eur,1733415293,1733415293,1780676093,1812212093,0,,,,,
sub_178FNQCrZHSMhWvEG767BeW4,cus_vUOu4zzyujOzjV,price_15mHNODG6kmsTAyehOoCotl4,2,active,charge_automatically,,eur,1733725535,1733725535,1765261535,1796797535,0,,,,,
sub_1mgKrjwrsFaXNyK1RsTZkdJZ,cus_8dMmO4a3SChcQY,price_15mHNODG6kmsTAyehOoCotl4,1,active,charge_automatically,,eur,1733852053,1733852053,1765388053,1796924053,0,,,,,
sub_1GLqRh18GrN6oDQLWS2GfdJZ,cus_5hqhhAx56yuWgX,price_1PzBpWVBZov7oibPYdDyuoxi,1,canceled,charge_automatically,,eur,1734016743,1734016743,1734016743,1749741543,1,1749741543,1743486948,1749741543,cancellation_requested,unused
sub_1Ka7HJh9BbprU1VX7fhosH9N,cus_aoiUKXCjk1pmHu,price_15mHNODG6kmsTAyehOoCotl4,1,active,charge_automatically,,eur,1734088292,1734088292,1781349092,1812885092,1,1812885092,1782568405,,cancellation_requested,
sub_1szWL0dGhJLsqcpgK0sMCGX1,cus_NiiBeI8YrmJGuj,price_15mHNODG6kmsTAyehOoCotl4,2,active,charge_automatically,,eur,1734090127,1734090127,1765626127,1797162127,0,,,,,
sub_1n8s6klogNjMrm11BGrjUrcr,cus_kGTkmiBSl1WilG,price_15mHNODG6kmsTAyehOoCotl4,1,active,charge_automatically,,eur,1734359450,1734359450,1765895450,1797431450,0,,,,,
sub_1PBSnmHBW2Qb4FHbvmUZUD5j,cus_TPaj5ekdo7vW9Y,price_15mHNODG6kmsTAyehOoCotl4,2,canceled,charge_automatically,,eur,1734361507,1734361507,1734361507,1765897507,1,1765897507,1759604728,1765897507,cancellation_requested,unused
sub_1gkzrQE6FnEHMEoTLhX0buTK,cus_K9EPJoaaGXLTwB,price_15mHNODG6kmsTAyehOoCotl4,1,canceled,charge_automatically,,eur,1734385071,1734385071,1765921071,1797457071,0,,1766616591,1766616591,payment_failed,
sub_1qJ40xG4RW02eOZqSGPEJa8C,cus_8FpGBbaw5FTgHh,price_1PzBpWVBZov7oibPYdDyuoxi,2,active,charge_automatically,,eur,1734457031,1734457031,1781717831,1797529031,0,,,,,
sub_1fShiw5q1VYi4NkhseWKM0oN,cus_ZJ1rJxmxiYoKDz,price_15mHNODG6kmsTAyehOoCotl4,1,canceled,charge_automatically,,eur,1734515264,1734515264,1734515264,1766051264,1,1766051264,1760615102,1766051264,cancellation_requested,switched_service
sub_12A8PeYAklHHhlmwEldSSp2M,cus_Qow5FF13rxI7DY,price_15mHNODG6kmsTAyehOoCotl4,1,canceled,charge_automatically,,eur,1734537342,1734537342,1734537342,1766073342,1,1766073342,1755493634,1766073342,cancellation_requested,unused
sub_1itNuATqZ2BtFK9O99IwN2oT,cus_jzllszrTJSvBCu,price_15mHNODG6kmsTAyehOoCotl4,1,active,charge_automatically,,eur,1734689772,1734689772,1781950572,1813486572,0,,,,,
sub_10VS3o92H9FBlTovU5EXk6Nv,cus_KyFDnYgZcs2xSS,price_15mHNODG6kmsTAyehOoCotl4,2,active,send_invoice,30,eur,1734774005,1734774005,1766310005,1797846005,0,,,,,
sub_1osR3MtCFUrrK3hsyRYbxJSy,cus_AaFGiV1maDdzqX,price_15mHNODG6kmsTAyehOoCotl4,1,active,charge_automatically,,eur,1734855978,1734855978,1766391978,1797927978,0,,,,,
sub_1JntGALkBmjPKCDezGt6scSO,cus_Tmmg348x51y6tb,price_15mHNODG6kmsTAyehOoCotl4,1,active,charge_automatically,,eur,1735029435,1735029435,1766565435,1798101435,0,,,,,
sub_1d9hLNJ6JqlvEU36x6nmMmmw,cus_JCu8VqkctJR0ou,price_15mHNODG6kmsTAyehOoCotl4,1,canceled,charge_automatically,,eur,1735134422,1735134422,1735134422,1766670422,1,1766670422,1748087996,1766670422,cancellation_requested,too_expensive
sub_1cwPF68GUI668Q2dhKD1rEI9,cus_7FYsetJlZufQlO,price_15mHNODG6kmsTAyehOoCotl4,1,canceled,charge_automatically,,eur,1735215749,1735215749,1735215749,1766751749,1,1766751749,1760945018,1766751749,cancellation_requested,unused
sub_183JTOjCIk13dEvOovlxC2bo,cus_HVjjwjEAPYGQT9,price_1PzBpWVBZov7oibPYdDyuoxi,1,canceled,charge_automatically,,eur,1735291423,1735291423,1735291423,1751016223,1,1751016223,1748852446,1751016223,cancellation_requested,
sub_1KSjOOCciL5Bp6f8y4S7H7ZB,cus_3DvhlOWcLMOG4p,price_15mHNODG6kmsTAyehOoCotl4,1,active,charge_automatically,,eur,1735311986,1735311986,1766847986,1798383986,0,,,,,
sub_11KGE0paFXtaaR6bTpMTUm3H,cus_wNEaOnN3q9ymGp,price_15mHNODG6kmsTAyehOoCotl4,1,active,charge_automatically,,eur,1735360590,1735360590,1766896590,1798432590,0,,,,,
sub_1whn2til44H4Qa7z5CJZRlcY,cus_r7UDzG8Mbc1zGK,price_15mHNODG6kmsTAyehOoCotl4,1,active,charge_automatically,,eur,1735555528,1735555528,1767091528,1798627528,0,,,,,
sub_1Qwq56T5562rqX40ZhIyCLu4,cus_tSt990X9oCBpP3,price_1PzBpWVBZov7oibPYdDyuoxi,1,active,charge_automatically,,eur,1735647853,1735647853,1782822253,1798719853,0,,,,,
sub_1pW81uVruFFrdtGAsy1A5AtT,cus_49pa0rdLwlhlng,price_1PzBpWVBZov7oibPYdDyuoxi,1,canceled,charge_automatically,,eur,1735665519,1735665519,1735665519,1751303919,1,1751303919,1746159786,1751303919,cancellation_requested,switched_service
sub_16fMQFlt8AJJkEUWzCsWuwMV,cus_3YwCH7MTuTl49i,price_1PzBpWVBZov7oibPYdDyuoxi,2,canceled,charge_automatically,,eur,1735812044,1735812044,1735812044,1751450444,1,1751450444,1744229827,1751450444,cancellation_requested,other
sub_1oRm6wksrTPGdUJhcVtJTAPd,cus_GsjiDKlUhSba8Q,price_15mHNODG6kmsTAyehOoCotl4,1,active,charge_automatically,,eur,1736081374,1736081374,1767617374,1799153374,0,,,,,
sub_1UfxJHzefkK1MCqoDBoLmW9e,cus_XjkZP8gNWotmSU,price_15mHNODG6kmsTAyehOoCotl4,1,active,charge_automatically,,eur,1736243081,1736243081,1767779081,1799315081,0,,,,,
sub_1TqvR5QQF2m2OGm1J9yayPA9,cus_9W6ug7ZdwBpe5l,price_1PzBpWVBZov7oibPYdDyuoxi,2,canceled,charge_automatically,,eur,1736448586,1736448586,1752086986,1767984586,1,1767984586,1759448767,1767984586,cancellation_requested,too_expensive
sub_1PrnJyxn5530MJ4336Tp67Dl,cus_KJiMrtOn0d5qsA,price_15mHNODG6kmsTAyehOoCotl4,4,active,charge_automatically,,eur,1736749243,1736749243,1768285243,1799821243,1,1799821243,1785197270,,cancellation_requested,unused
sub_1ZLVYXHBqcEBfEv3HzLPCtJd,cus_lsFwejXmK6bBhg,price_1PzBpWVBZov7oibPYdDyuoxi,1,canceled,charge_automatically,,eur,1736776622,1736776622,1736776622,1752415022,1,1752415022,1749339093,1752415022,cancellation_requested,too_expensive
sub_1rBL2nOobsKazmhJ4aKxlRYC,cus_1L5mESJ6enTn83,price_15mHNODG6kmsTAyehOoCotl4,1,active,charge_automatically,,eur,1736796903,1736796903,1768332903,1799868903,1,1799868903,1789072013,,cancellation_requested,unused
sub_1SvYC0rp4uDdtZjsQuL3gtG9,cus_Jf633M4gB27BE5,price_15mHNODG6kmsTAyehOoCotl4,1,active,charge_automatically,,eur,1736886237,1736886237,1768422237,1799958237,0,,,,,
sub_1QfjUXeHsYZQjr1KAU1IF2Nt,cus_zTngIcGVyvybJS,price_15mHNODG6kmsTAyehOoCotl4,2,canceled,charge_automatically,,eur,1736925487,1736925487,1736925487,1768461487,1,1768461487,1750896821,1768461487,cancellation_requested,switched_service
sub_1IPto3s9nf7EAr53Bu7iLU10,cus_ifviRjvYCu7sOL,price_1PzBpWVBZov7oibPYdDyuoxi,1,canceled,charge_automatically,,eur,1736933125,1736933125,1736933125,1752571525,1,1752571525,1745929885,1752571525,cancellation_requested,unused
sub_15WffyXzsTg2Te8R1QqQ01GP,cus_CeLa0yc4VZvUJe,price_1PzBpWVBZov7oibPYdDyuoxi,2,canceled,send_invoice,30,eur,1736943104,1736943104,1752581504,1768479104,1,1768479104,1762967635,1768479104,cancellation_requested,unused
sub_1vjpUHGXURHyozufhtyKW73a,cus_ZhcE7pbuCPkTAr,price_15mHNODG6kmsTAyehOoCotl4,3,active,charge_automatically,,eur,1736946628,1736946628,1768482628,1800018628,0,,,,,
sub_18EJD3Xqtky8z0ILYT9TROa5,cus_vZHd963TpuxLYP,price_15mHNODG6kmsTAyehOoCotl4,1,active,charge_automatically,,eur,1736957738,1736957738,1768493738,1800029738,0,,,,,
sub_1lu36NdcVv9QGdgRxZFdKpdi,cus_F34iEyRLJnrkns,price_15mHNODG6kmsTAyehOoCotl4,1,active,charge_automatically,,eur,1737029653,1737029653,1768565653,1800101653,0,,,,,
sub_1OKwQdHLU3Bw32HGTj9jVCVA,cus_F2rRdIux7yfMwC,price_1PzBpWVBZov7oibPYdDyuoxi,1,canceled,charge_automatically,,eur,1737034214,1737034214,1737034214,1752672614,1,1752672614,1742767460,1752672614,cancellation_requested,too_expensive
sub_1Pl0vGGjOoKm3UuXedXJsAqh,cus_i7SSQaUwTvAMef,price_1DDQ0U1Yys27dH20SskZP31T,1,active,send_invoice,45,eur,1737371419,1737371419,1768907419,1800443419,0,,,,,
sub_1pGh17sqDikyNI47F3ZTyLEQ,cus_zsriapTw84HIDU,price_15mHNODG6kmsTAyehOoCotl4,2,active,send_invoice,30,eur,1737378723,1737378723,1768914723,1800450723,0,,,,,
sub_1EjOsy5qYcUAt394xyzdLpoU,cus_87MrFrS3PVcUxh,price_15mHNODG6kmsTAyehOoCotl4,1,active,charge_automatically,,eur,1737562720,1737562720,1769098720,1800634720,1,1800634720,1781363188,,cancellation_requested,
sub_1eSgKyJzT9KA8tdLhBLUgNaS,cus_7lpuq2HeLx4JaG,price_1PzBpWVBZov7oibPYdDyuoxi,1,canceled,charge_automatically,,eur,1737566165,1737566165,1737566165,1753204565,1,1753204565,1743802985,1753204565,cancellation_requested,
sub_1kbleyd9zDY4TEZdGErUKL3b,cus_b8QvPR7Z8SYOun,price_15mHNODG6kmsTAyehOoCotl4,1,active,charge_automatically,,eur,1737755959,1737755959,1769291959,1800827959,0,,,,,
sub_1T9HwCtkiC2iAblCIdNd0UcB,cus_OS5RMcbUSCvVkY,price_15mHNODG6kmsTAyehOoCotl4,1,active,charge_automatically,,eur,1737959307,1737959307,1769495307,1801031307,1,1801031307,1776732698,,cancellation_requested,switched_service
sub_1i05DBWILCktKeNlNsAeMIRt,cus_ggFfJaC5XD7COe,price_1PzBpWVBZov7oibPYdDyuoxi,3,canceled,charge_automatically,,eur,1737977726,1737977726,1753616126,1769513726,1,1769513726,1768646036,1769513726,cancellation_requested,missing_features
sub_1s7D24AVtXbmc7f7t6TDWTND,cus_AgnaN9NZYfUTH3,price_1PzBpWVBZov7oibPYdDyuoxi,5,active,charge_automatically,,eur,1738169828,1738169828,1785344228,1801241828,0,,,,,
sub_1VTz85JWN8NmDeHkK8BeJJpe,cus_CBZ3tdAGY6MEyX,price_15mHNODG6kmsTAyehOoCotl4,3,active,charge_automatically,,eur,1738325803,1738325803,1769861803,1801397803,0,,,,,
sub_1H0xDMSBKzbGndkW4cWVc2Ho,cus_fIiJkHBsOsJIFh,price_15mHNODG6kmsTAyehOoCotl4,1,active,charge_automatically,,eur,1738340810,1738340810,1769876810,1801412810,0,,,,,
sub_1w69rdO0tZQMir1z4f7kWjPJ,cus_J04pGI2Wv8s5Q4,price_1PzBpWVBZov7oibPYdDyuoxi,1,canceled,charge_automatically,,eur,1738594371,1738594371,1738594371,1754232771,1,1754232771,1752199364,1754232771,cancellation_requested,too_expensive
sub_1o9jRjJ03mAWv4mhdisbOadx,cus_2xcx9qmTYKa9vo,price_1PzBpWVBZov7oibPYdDyuoxi,1,canceled,charge_automatically,,eur,1738609325,1738609325,1738609325,1754247725,1,1754247725,1748415745,1754247725,cancellation_requested,
sub_1ordO01kAIQRGgjla5tfZdZO,cus_3l6uRVictKfgMI,price_15mHNODG6kmsTAyehOoCotl4,1,active,charge_automatically,,eur,1738682388,1738682388,1770218388,1801754388,0,,,,,
sub_1K0Tz44CmpIueqUWzTfs5tgx,cus_OoSqL8QXlbFHzo,price_15mHNODG6kmsTAyehOoCotl4,1,active,charge_automatically,,eur,1738734756,1738734756,1770270756,1801806756,0,,,,,
sub_1k0f5WNmrR8EHCVmzs5GbqBk,cus_YlpWMlXHxwvFwY,price_15mHNODG6kmsTAyehOoCotl4,1,canceled,charge_automatically,,eur,1738775867,1738775867,1738775867,1770311867,1,1770311867,1753476160,1770311867,cancellation_requested,
sub_1GToDy9I3Mrb0hOwPeiEsVbw,cus_zcIZi5FjpdKQOr,price_15mHNODG6kmsTAyehOoCotl4,1,active,charge_automatically,,eur,1738925684,1738925684,1770461684,1801997684,0,,,,,
sub_1VgdCZ3gsIZCBboi08sj9jqz,cus_vvBCgLNwJA4hQB,price_15mHNODG6kmsTAyehOoCotl4,1,active,charge_automatically,,eur,1738929221,1738929221,1770465221,1802001221,0,,,,,
sub_1mAv8owdBRsTh5HPt4swVHuY,cus_QcFaaLOqFfx7nR,price_1PzBpWVBZov7oibPYdDyuoxi,3,canceled,charge_automatically,,eur,1739296761,1739296761,1770832761,1786471161,1,1786471161,1778018354,1786471161,cancellation_requested,
sub_1bYt0qP6ZY6aumYoC9ScmtZz,cus_3xRxDHHWx5wO8K,price_1PzBpWVBZov7oibPYdDyuoxi,1,canceled,charge_automatically,,eur,1739361905,1739361905,1739361905,1755000305,1,1755000305,1751509682,1755000305,cancellation_requested,switched_service
sub_1cou24BeK06v20fNNXUFcZHc,cus_liAo5RFbyQfc95,price_1PzBpWVBZov7oibPYdDyuoxi,1,canceled,charge_automatically,,eur,1739363613,1739363613,1770899613,1786538013,1,1786538013,1784986484,1786538013,cancellation_requested,unused
sub_1DD9mAG237l8uSIhKOi8948O,cus_L1iiZkij4vGSjH,price_1PzBpWVBZov7oibPYdDyuoxi,1,canceled,charge_automatically,,eur,1739386480,1739386480,1739386480,1755024880,1,1755024880,1750179198,1755024880,cancellation_requested,unused
sub_1m9OUYDRYELwFHHVkCZzj9kA,cus_1kMp9LsjmFFst4,price_1PzBpWVBZov7oibPYdDyuoxi,1,canceled,charge_automatically,,eur,1739447737,1739447737,1739447737,1755086137,1,1755086137,1746982350,1755086137,cancellation_requested,switched_service
sub_13hL93ZcQ39tTdQpprWqYtqn,cus_rGrpMnlkD0nRbJ,price_15mHNODG6kmsTAyehOoCotl4,1,active,charge_automatically,,eur,1739457507,1739457507,1770993507,1802529507,0,,,,,
sub_1kegjII8OK1hvzSTJT4NQv70,cus_RILW4upj7g9Lu4,price_15mHNODG6kmsTAyehOoCotl4,1,canceled,charge_automatically,,eur,1739476310,1739476310,1739476310,1771012310,1,1771012310,1758142021,1771012310,cancellation_requested,too_expensive
sub_1xdzjuDQV4pIvNORwFPJVEGR,cus_UffKYwlRDPvUwh,price_1PzBpWVBZov7oibPYdDyuoxi,2,canceled,charge_automatically,,eur,1739530626,1739530626,1739530626,1755169026,1,1755169026,1746215488,1755169026,cancellation_requested,missing_features
sub_1rcJNxbMJJFfzxyFmTcI54p4,cus_rYV5nsfoDdd2Vy,price_15mHNODG6kmsTAyehOoCotl4,1,active,charge_automatically,,eur,1739532860,1739532860,1786707260,1818243260,1,1818243260,1790411387,,cancellation_requested,other
sub_1gJFPTkKDaI7S04u7cfBvX8K,cus_EnQdXyPb9AiBjJ,price_15mHNODG6kmsTAyehOoCotl4,1,canceled,charge_automatically,,eur,1739798737,1739798737,1786973137,1818509137,0,,1787665177,1787665177,payment_failed,
sub_1xe4FkLLOwdxgwHW6OytGgmo,cus_2KW2ofTjc7CRLJ,price_15mHNODG6kmsTAyehOoCotl4,1,canceled,charge_automatically,,eur,1739802303,1739802303,1739802303,1771338303,1,1771338303,1758229781,1771338303,cancellation_requested,unused
sub_10gsifS03rtpntlZPkzxGAuc,cus_SCX3NKzDPF8Gn7,price_1PzBpWVBZov7oibPYdDyuoxi,2,canceled,charge_automatically,,eur,1739989413,1739989413,1739989413,1755627813,1,1755627813,1753013707,1755627813,cancellation_requested,unused
sub_1bR4EkIux9OMjMPV2csDTM9Z,cus_VTVK0ehZVhbLjm,price_15mHNODG6kmsTAyehOoCotl4,1,active,charge_automatically,,eur,1740132623,1740132623,1771668623,1803204623,0,,,,,
sub_10y83Ar3nIw43bICCFnwnqJG,cus_RPCLpzWqxZTwbk,price_1PzBpWVBZov7oibPYdDyuoxi,1,canceled,charge_automatically,,eur,1740165870,1740165870,1740165870,1755804270,1,1755804270,1752890883,1755804270,cancellation_requested,too_expensive
sub_1CejEv9rzjYsb8XjaipS2MZ7,cus_GGDX0kPTFxz8y2,price_1PzBpWVBZov7oibPYdDyuoxi,2,active,charge_automatically,,eur,1740306668,1740306668,1787481068,1803378668,0,,,,,
sub_1RkAi47W4vFOu5BK4mB3ge4s,cus_ciIyCYR5oXDBEv,price_1PzBpWVBZov7oibPYdDyuoxi,2,active,send_invoice,14,eur,1740399276,1740399276,1787573676,1803471276,0,,,,,
sub_1zyh8d2ggxSI8R3ZsQqg4GJz,cus_C3Owe0zsQHXRAB,price_15mHNODG6kmsTAyehOoCotl4,1,active,charge_automatically,,eur,1740426171,1740426171,1771962171,1803498171,0,,,,,
sub_1uWhB052XtILuT8SbOrqqeiA,cus_f7yoO2mJJ1h8mv,price_1PzBpWVBZov7oibPYdDyuoxi,1,active,charge_automatically,,eur,1740487535,1740487535,1787661935,1803559535,0,,,,,
sub_1IY03FrxtZFgTbZpYxOACM3F,cus_OcwVzsFPZyn0RX,price_15mHNODG6kmsTAyehOoCotl4,2,active,charge_automatically,,eur,1740518368,1740518368,1772054368,1803590368,0,,,,,
sub_11VSCqClOO5Mza08rVCHeTdG,cus_Bw2tKpHPn9b92c,price_1PzBpWVBZov7oibPYdDyuoxi,1,canceled,charge_automatically,,eur,1740558738,1740558738,1740558738,1756197138,1,1756197138,1747952816,1756197138,cancellation_requested,other
sub_13Wpm9BLt3GGKwjFajzneB43,cus_wJQn2sSDiy5tlw,price_15mHNODG6kmsTAyehOoCotl4,1,active,charge_automatically,,eur,1740656218,1740656218,1772192218,1803728218,0,,,,,
sub_1HxDLCwIybvJLmU7GDeymTdU,cus_fAatossq3D1WXf,price_15mHNODG6kmsTAyehOoCotl4,1,active,charge_automatically,,eur,1740662139,1740662139,1772198139,1803734139,0,,,,,
sub_1QjhM3wEJMKEsCLce3GreTUV,cus_1VIF6faLmDwpCh,price_15mHNODG6kmsTAyehOoCotl4,1,active,charge_automatically,,eur,1740672062,1740672062,1772208062,1803744062,0,,,,,
sub_1CJM71QFy1WZn58ygaTeTFL1,cus_pJamYGd6lJ7aTM,price_1PzBpWVBZov7oibPYdDyuoxi,1,active,charge_automatically,,eur,1740814104,1740814104,1788247704,1803886104,0,,,,,
sub_1KnIu6q8Zas4QO8wKrRw0MsV,cus_AVfe9FTnz9wOQP,price_15mHNODG6kmsTAyehOoCotl4,1,active,charge_automatically,,eur,1740907089,1740907089,1772443089,1803979089,0,,,,,
sub_1s4NwD0GFgQ8WioGpjGNnB5q,cus_cnFt3BbZEny44U,price_15mHNODG6kmsTAyehOoCotl4,2,active,charge_automatically,,eur,1740913010,1740913010,1772449010,1803985010,0,,,,,
sub_12JFWVAAzocs2LFl7PwETfOQ,cus_7DfKQzs1WU1Alh,price_15mHNODG6kmsTAyehOoCotl4,1,active,charge_automatically,,eur,1741011004,1741011004,1772547004,1804083004,1,1804083004,1778114141,,cancellation_requested,too_expensive
sub_1aN4kgHZ1wHbXVLYBMm28swN,cus_M5vuNODM4cKzFl,price_15mHNODG6kmsTAyehOoCotl4,1,active,charge_automatically,,eur,1741011783,1741011783,1772547783,1804083783,0,,,,,
sub_1Eh9elUSZyO07XFdWLszkLlH,cus_jc0svuQZTp0AZ2,price_1PzBpWVBZov7oibPYdDyuoxi,1,active,charge_automatically,,eur,1741172017,1741172017,1788605617,1804244017,0,,,,,
sub_1sBfVnbFp14bDCmlgJOZW0wu,cus_l3jv7gfItxKSe0,price_15mHNODG6kmsTAyehOoCotl4,1,active,charge_automatically,,eur,1741254981,1741254981,1772790981,1804326981,0,,,,,
sub_1UuLrxfxWKw0j2YcN8QV3JTx,cus_OSgoQeMYgsLphg,price_1PzBpWVBZov7oibPYdDyuoxi,1,canceled,charge_automatically,,eur,1741315296,1741315296,1741315296,1757212896,1,1757212896,1753198392,1757212896,cancellation_requested,too_expensive
sub_1WPbls1Pf8O8q47nbX1Zi2PR,cus_5YWSlLdODAuE40,price_15mHNODG6kmsTAyehOoCotl4,1,active,charge_automatically,,eur,1741515419,1741515419,1773051419,1804587419,0,,,,,
sub_1VDppopJr0V6xvfK2yz8CAiI,cus_MqWyzoAoD3Om8i,price_15mHNODG6kmsTAyehOoCotl4,1,active,charge_automatically,,eur,1741613961,1741613961,1773149961,1804685961,0,,,,,
sub_1KpDo8MZ2HnKZrT97NpeVDUw,cus_qFG2eM41pQgvny,price_1PzBpWVBZov7oibPYdDyuoxi,1,active,charge_automatically,,eur,1741675207,1741675207,1789108807,1804747207,0,,,,,
sub_1pQwef11CcTcYUoOS26ChlB2,cus_QLLI1YTt3p4rOG,price_15mHNODG6kmsTAyehOoCotl4,1,active,charge_automatically,,eur,1741704018,1741704018,1773240018,1804776018,0,,,,,
sub_19385dr9baqPNdONpRGBnIoE,cus_jrzNRLk4zePNww,price_15mHNODG6kmsTAyehOoCotl4,1,active,charge_automatically,,eur,1741708986,1741708986,1789142586,1820678586,0,,,,,
sub_1EkTynjZhQtDqX9AnepKqgiD,cus_QQepb6Lkmk8bR1,price_1PzBpWVBZov7oibPYdDyuoxi,1,canceled,charge_automatically,,eur,1741709703,1741709703,1741709703,1757607303,1,1757607303,1753547728,1757607303,cancellation_requested,switched_service
sub_1m7MUHInboMBDGPseTIsO9Kl,cus_eHDBCS3kKYOoZZ,price_15mHNODG6kmsTAyehOoCotl4,1,canceled,charge_automatically,,eur,1741863400,1741863400,1741863400,1773399400,1,1773399400,1755156090,1773399400,cancellation_requested,missing_features
sub_1kUH9IMBnpjCSZJjfxGT9IKL,cus_XSHKDn4Psyp1vC,price_1PzBpWVBZov7oibPYdDyuoxi,1,canceled,charge_automatically,,eur,1741866072,1741866072,1741866072,1757763672,1,1757763672,1752207472,1757763672,cancellation_requested,unused
sub_1RModwM2NO4TRQJaokmle4AW,cus_6wSf59dz6Irroi,price_15mHNODG6kmsTAyehOoCotl4,2,active,charge_automatically,,eur,1741867820,1741867820,1773403820,1804939820,0,,,,,
sub_1GqSEotEjJ9b4xwwhvwYi31H,cus_vZUb9PkceQ2F0Z,price_15mHNODG6kmsTAyehOoCotl4,1,active,charge_automatically,,eur,1741882630,1741882630,1773418630,1804954630,0,,,,,
sub_1w3wNqDxzj4UhcPnShV6e1eU,cus_kXsUOkcYfSW45A,price_15mHNODG6kmsTAyehOoCotl4,1,active,charge_automatically,,eur,1741944257,1741944257,1773480257,1805016257,0,,,,,
sub_1JyeQ8373GSLm2nr1xVa54zv,cus_ysHoz6jtzWvkzg,price_15mHNODG6kmsTAyehOoCotl4,1,active,charge_automatically,,eur,1742211033,1742211033,1773747033,1805283033,0,,,,,
sub_1zlGWkJFf2ORPRSYl0LXqqef,cus_8YAWg06KkUXeuz,price_15mHNODG6kmsTAyehOoCotl4,1,active,charge_automatically,,eur,1742218756,1742218756,1773754756,1805290756,1,1805290756,1789006095,,cancellation_requested,unused
sub_10YAlkSdjKea89NOaPIi6KL3,cus_sJ8x8xtfkHzhFd,price_15mHNODG6kmsTAyehOoCotl4,1,active,charge_automatically,,eur,1742300783,1742300783,1773836783,1805372783,0,,,,,
sub_1t1pLuJZrlsKW1MxUd5lFGQE,cus_qg9kgueco8jsI1,price_15mHNODG6kmsTAyehOoCotl4,3,active,charge_automatically,,eur,1742304261,1742304261,1789737861,1821273861,0,,,,,
sub_1RmCA9BlLVZYSasJsRGGRTaE,cus_5dQAwV5O4PPnMe,price_1PzBpWVBZov7oibPYdDyuoxi,1,canceled,charge_automatically,,eur,1742320801,1742320801,1742320801,1758218401,1,1758218401,1756482332,1758218401,cancellation_requested,switched_service
sub_1rKpXd1ovLUkcdzsJqu0EHAY,cus_8XtKNVqMooT8rw,price_15mHNODG6kmsTAyehOoCotl4,1,canceled,charge_automatically,,eur,1742376898,1742376898,1742376898,1773912898,1,1773912898,1765638230,1773912898,cancellation_requested,too_expensive
sub_1Dl5i6JyRH4qvBANRQZyD0mr,cus_LHpiAxH6h7x90v,price_15mHNODG6kmsTAyehOoCotl4,2,active,charge_automatically,,eur,1742384799,1742384799,1773920799,1805456799,0,,,,,
sub_1PCRZHYukSTlsqhvlJlN9C7G,cus_Vlp3LGxMDCO1OJ,price_1PzBpWVBZov7oibPYdDyuoxi,1,canceled,charge_automatically,,eur,1742459307,1742459307,1742459307,1758356907,1,1758356907,1755551228,1758356907,cancellation_requested,too_expensive
sub_1u9Kr2aC7l6XuNQTb3KQoNNB,cus_QA2pvnXm31h6GZ,price_15mHNODG6kmsTAyehOoCotl4,1,canceled,charge_automatically,,eur,1742490997,1742490997,1742490997,1774026997,1,1774026997,1770770214,1774026997,cancellation_requested,unused
sub_1v9qeyqazOhNea1dZKmcdVQK,cus_fu6v4wsbxyGXU2,price_15mHNODG6kmsTAyehOoCotl4,1,active,charge_automatically,,eur,1742542021,1742542021,1774078021,1805614021,0,,,,,
sub_1PfWnzxqBBEjwyhovej54NIB,cus_JfmIGW2RaN5nlf,price_15mHNODG6kmsTAyehOoCotl4,1,active,charge_automatically,,eur,1742565829,1742565829,1774101829,1805637829,0,,,,,
sub_1Z7ERSiBwJbo08z80Pi9h9gx,cus_bzzdFByp6hqxzR,price_15mHNODG6kmsTAyehOoCotl4,1,canceled,charge_automatically,,eur,1742819361,1742819361,1742819361,1774355361,1,1774355361,1760032502,1774355361,cancellation_requested,switched_service
sub_1XwRWK4bWRzApb4GogyJKBvc,cus_GmZAanfQzp2Uk0,price_15mHNODG6kmsTAyehOoCotl4,1,active,charge_automatically,,eur,1742827675,1742827675,1790261275,1821797275,0,,,,,
sub_1aExaEntPQwKeeg7nHtx2EuA,cus_S3jMCD65CHCjvN,price_15mHNODG6kmsTAyehOoCotl4,1,canceled,charge_automatically,,eur,1742934174,1742934174,1774470174,1806006174,0,,1775162994,1775162994,payment_failed,
sub_19nynB0D6bTHSZpxsLdooN8q,cus_sdHiitvqfCvLpx,price_15mHNODG6kmsTAyehOoCotl4,1,active,charge_automatically,,eur,1742962487,1742962487,1790396087,1821932087,0,,,,,
sub_1iW25BXuN3IQB1OvOk1MWXz8,cus_TJG16cCHPasMrb,price_15mHNODG6kmsTAyehOoCotl4,1,active,charge_automatically,,eur,1743007690,1743007690,1774543690,1806079690,0,,,,,
sub_1nKnagsMf0VgxpQKmX5TQDTA,cus_noUdzrq1su2FQ6,price_15mHNODG6kmsTAyehOoCotl4,2,active,charge_automatically,,eur,1743084297,1743084297,1774620297,1806156297,0,,,,,
sub_1ba6EWZ8KJPvhloZQl7Vnaha,cus_NovWGYRNZyZDDz,price_15mHNODG6kmsTAyehOoCotl4,1,canceled,charge_automatically,,eur,1743101592,1743101592,1743101592,1774637592,1,1774637592,1761270445,1774637592,cancellation_requested,unused
sub_1r2zIbN8mXPlQAC7Whjllvtj,cus_Qjpc1xWrHFBRsh,price_15mHNODG6kmsTAyehOoCotl4,3,active,charge_automatically,,eur,1743154380,1743154380,1774690380,1806226380,0,,,,,
sub_1aheEJiREEYwHnUthM1ZKXip,cus_wjjlbSFGmi5qCA,price_1PzBpWVBZov7oibPYdDyuoxi,1,canceled,charge_automatically,,eur,1743166597,1743166597,1759064197,1774702597,1,1774702597,1766237767,1774702597,cancellation_requested,
sub_1Xe4S1K2kfkDJ6vEVdOaCP3P,cus_Lyyy6L64GAf6lX,price_15mHNODG6kmsTAyehOoCotl4,1,canceled,charge_automatically,,eur,1743283455,1743283455,1743283455,1774819455,0,,1743490755,1743490755,cancellation_requested,other
sub_13ip2LuCg3a4i4HXl1Upl84T,cus_a6BKxYAAfcl5Y5,price_15mHNODG6kmsTAyehOoCotl4,2,active,send_invoice,30,eur,1743494671,1743494671,1759305871,1790841871,0,,,,,
sub_1FpU3rYKWgVv9OS9CUcD7E30,cus_k7GXNSSKhXSCCE,price_15mHNODG6kmsTAyehOoCotl4,3,active,charge_automatically,,eur,1743567148,1743567148,1775103148,1806639148,0,,,,,
sub_19cpWtz0aHKEp7sNRn9JLsuP,cus_8kfqDblhumwMDj,price_15mHNODG6kmsTAyehOoCotl4,1,active,charge_automatically,,eur,1743592253,1743592253,1775128253,1806664253,0,,,,,
sub_1PsespHDESTLCH6DdjdEY31R,cus_YJBM08GsHcoKB8,price_15mHNODG6kmsTAyehOoCotl4,1,active,charge_automatically,,eur,1743693888,1743693888,1775229888,1806765888,0,,,,,
sub_10NqtUNeACntUSVp8uANJTN2,cus_5vuftR6mJoU1eo,price_15mHNODG6kmsTAyehOoCotl4,3,active,charge_automatically,,eur,1743778780,1743778780,1775314780,1806850780,1,1806850780,1788087766,,cancellation_requested,unused
sub_1SD8V4jhdHkcAC0UOhVgkCa5,cus_oRj5dSEBFZsN01,price_1QKFKLZSgO3CN9njJJlJYelB,1,active,send_invoice,30,eur,1744113111,1744113111,1775649111,1807185111,0,,,,,
sub_1gulDUfCwKfp6VjF3EWiQTks,cus_9Uk1kp1tFt1e2F,price_15mHNODG6kmsTAyehOoCotl4,1,canceled,charge_automatically,,eur,1744207186,1744207186,1744207186,1775743186,1,1775743186,1764353669,1775743186,cancellation_requested,unused
sub_1TckcsNRY0QxADhoeOk187Bw,cus_qpusBJVW39W0UN,price_15mHNODG6kmsTAyehOoCotl4,1,active,charge_automatically,,eur,1744349052,1744349052,1775885052,1807421052,0,,,,,
sub_1XxHdKntS2x3CdfbJot8lSeQ,cus_QPj7kfW1ht9q5z,price_15mHNODG6kmsTAyehOoCotl4,1,canceled,charge_automatically,,eur,1744352383,1744352383,1744352383,1775888383,1,1775888383,1769310459,1775888383,cancellation_requested,
sub_1offFjWzOs2BuChII0G26ALU,cus_gO5l3CFaKHZ5Sg,price_15mHNODG6kmsTAyehOoCotl4,2,active,charge_automatically,,eur,1744356060,1744356060,1775892060,1807428060,0,,,,,
sub_1xX9alQH2fKSDGv3CZNyofMl,cus_2eKWeKRGSEcYhC,price_15mHNODG6kmsTAyehOoCotl4,1,active,charge_automatically,,eur,1744379357,1744379357,1775915357,1807451357,0,,,,,
sub_1eU4KYOLJPoC76VkPRRC5L7X,cus_dotgfPF4TjSfcT,price_1PzBpWVBZov7oibPYdDyuoxi,1,canceled,charge_automatically,,eur,1744385322,1744385322,1744385322,1760196522,1,1760196522,1756068171,1760196522,cancellation_requested,other
sub_1lrlPyzB36qsND3JSNBKlBtA,cus_lahAz444KifLeN,price_15mHNODG6kmsTAyehOoCotl4,2,active,send_invoice,30,eur,1744581921,1744581921,1776117921,1807653921,0,,,,,
sub_1wk5HGFl3rPN9ZdkRTTff6FJ,cus_zpVx9eAUDBZSo9,price_15mHNODG6kmsTAyehOoCotl4,1,active,charge_automatically,,eur,1744635452,1744635452,1776171452,1807707452,0,,,,,
sub_1T96yWZiX5EdAZbmX9aFcs18,cus_25DU0stFkNIgcL,price_1PzBpWVBZov7oibPYdDyuoxi,1,canceled,charge_automatically,,eur,1744641475,1744641475,1760452675,1776177475,1,1776177475,1771474056,1776177475,cancellation_requested,unused
sub_1XxlXBhEAQH1yMm4DSnSHS5E,cus_R5i7gItMdi5ZTd,price_15mHNODG6kmsTAyehOoCotl4,2,active,charge_automatically,,eur,1744642600,1744642600,1776178600,1807714600,1,1807714600,1777999264,,cancellation_requested,other
sub_1Dk87Z0oUjZSQzQtyQeQdP05,cus_flyrA56c8CN5RL,price_1PzBpWVBZov7oibPYdDyuoxi,2,active,charge_automatically,,eur,1744768853,1744768853,1776304853,1792116053,1,1792116053,1790615765,,cancellation_requested,missing_features
sub_1efs22EzbariBwps95yUIIEm,cus_GtghBVPIrYOgpi,price_15mHNODG6kmsTAyehOoCotl4,1,canceled,charge_automatically,,eur,1744806959,1744806959,1744806959,1776342959,1,1776342959,1760848525,1776342959,cancellation_requested,too_expensive
sub_1apT8gIGP2nutKmRcUPSPnmd,cus_ketbOaZsbA0S60,price_15mHNODG6kmsTAyehOoCotl4,2,active,charge_automatically,,eur,1744899780,1744899780,1776435780,1807971780,0,,,,,
sub_13FNhjvITYJmppIHPstHRrSe,cus_bNjtKsRxuNhlgO,price_15mHNODG6kmsTAyehOoCotl4,1,canceled,charge_automatically,,eur,1744983518,1744983518,1744983518,1776519518,1,1776519518,1759741373,1776519518,cancellation_requested,other
sub_11GNq4Y7oPomHLXY8poqmc37,cus_za4Riv2WPNlld8,price_15mHNODG6kmsTAyehOoCotl4,1,active,charge_automatically,,eur,1745241184,1745241184,1776777184,1808313184,0,,,,,
sub_1kjg4RqtEJBjNz5QvjPr3ork,cus_W0KhCt6jM9j4GD,price_15mHNODG6kmsTAyehOoCotl4,3,canceled,send_invoice,30,eur,1745318594,1745318594,1745318594,1776854594,1,1776854594,1765147225,1776854594,cancellation_requested,
sub_1QzjChBTZ6sIEQrzIlcJNb55,cus_32sLDHU2DyVO4V,price_1PzBpWVBZov7oibPYdDyuoxi,1,canceled,charge_automatically,,eur,1745507503,1745507503,1745507503,1761318703,1,1761318703,1758738172,1761318703,cancellation_requested,
sub_1K5oh3Xkxan8FqQLoIe357ck,cus_GfaiTR50AlUfr9,price_1PzBpWVBZov7oibPYdDyuoxi,1,canceled,charge_automatically,,eur,1745519111,1745519111,1761330311,1777055111,1,1777055111,1774250858,1777055111,cancellation_requested,
sub_1cg3xIY4OeQyDti95PNAQOmm,cus_bHc313fUHRGLqW,price_1PzBpWVBZov7oibPYdDyuoxi,3,canceled,send_invoice,14,eur,1745828908,1745828908,1761640108,1777364908,1,1777364908,1772883449,1777364908,cancellation_requested,other
sub_1i3c4ChSMGLkl1nmtPgaIpiD,cus_YhnHJUTvBA3YNM,price_1PzBpWVBZov7oibPYdDyuoxi,1,canceled,charge_automatically,,eur,1745829680,1745829680,1745829680,1761640880,1,1761640880,1751610676,1761640880,cancellation_requested,unused
sub_1MWVMXIVBI8hlvjpszFzdJDl,cus_L6I61NfpfEaX2Q,price_15mHNODG6kmsTAyehOoCotl4,1,canceled,charge_automatically,,eur,1745925118,1745925118,1745925118,1777461118,1,1777461118,1759033117,1777461118,cancellation_requested,switched_service
sub_1YESYWHqE8zOWXPXw9Phd5Jq,cus_j1m8LO78rIJKta,price_15mHNODG6kmsTAyehOoCotl4,1,active,charge_automatically,,eur,1746117304,1746117304,1777653304,1809189304,0,,,,,
sub_1MNpi8Tz5l9EnlTeQ577NIxY,cus_SwhQ7tIHwZiNgW,price_1PzBpWVBZov7oibPYdDyuoxi,1,canceled,charge_automatically,,eur,1746195111,1746195111,1746195111,1762092711,1,1762092711,1752482217,1762092711,cancellation_requested,missing_features
sub_1vLujztxCiqHAY8vbZ8wHSPX,cus_g2UcTwG1Y8A4DD,price_1PzBpWVBZov7oibPYdDyuoxi,1,canceled,charge_automatically,,eur,1746458004,1746458004,1746458004,1762355604,1,1762355604,1753620811,1762355604,cancellation_requested,too_expensive
sub_1HM5COa1aQuPRKuX6xuTSNyv,cus_fNKaPTGI2VfA6l,price_15mHNODG6kmsTAyehOoCotl4,2,active,send_invoice,30,eur,1746612296,1746612296,1778148296,1809684296,0,,,,,
sub_1urRIa0RgZsmUoOfjqLJraH9,cus_ueIbXvEM7w1WEN,price_1PzBpWVBZov7oibPYdDyuoxi,1,canceled,charge_automatically,,eur,1746618334,1746618334,1746618334,1762515934,0,,1747661254,1747661254,cancellation_requested,other
sub_1iKMCcnHm0khFLW23ME4WxoU,cus_p9HWck2NEQpFLJ,price_1PzBpWVBZov7oibPYdDyuoxi,1,canceled,charge_automatically,,eur,1746648554,1746648554,1746648554,1762546154,1,1762546154,1752826970,1762546154,cancellation_requested,missing_features
sub_141JIQnvMlGH6D2PBHMFopwI,cus_kFCqfuKemtkeQ3,price_1PzBpWVBZov7oibPYdDyuoxi,2,active,charge_automatically,,eur,1746778110,1746778110,1778314110,1794211710,0,,,,,
sub_1DK8msTBGQeB999blVVw0KFF,cus_3HytlaQHQX7S9b,price_1PzBpWVBZov7oibPYdDyuoxi,2,active,charge_automatically,,eur,1746779819,1746779819,1778315819,1794213419,0,,,,,
sub_1E4ltdsLUVvKBIdN4q0uEf7x,cus_Te7kTRn48O5Xdp,price_15mHNODG6kmsTAyehOoCotl4,1,active,charge_automatically,,eur,1747106543,1747106543,1763004143,1794540143,0,,,,,
sub_1L9PFmDPD3caRfVOEzoBOLXE,cus_TqeeAvonnAt1Oc,price_15mHNODG6kmsTAyehOoCotl4,1,active,charge_automatically,,eur,1747134441,1747134441,1778670441,1810206441,0,,,,,
sub_1O4aLYGqhdyhXzJZTnBEjGMK,cus_c3IPp59B6vua3c,price_15mHNODG6kmsTAyehOoCotl4,1,active,charge_automatically,,eur,1747168647,1747168647,1763066247,1794602247,0,,,,,
sub_1vpVJqT919w45UWN4oMTLX84,cus_JIh9P7CqMW4ak7,price_15mHNODG6kmsTAyehOoCotl4,1,canceled,charge_automatically,,eur,1747255004,1747255004,1747255004,1778791004,0,,1747968944,1747968944,cancellation_requested,other
sub_1JgkPEYD0cU3Ezlzh68UPRi7,cus_3F5YSVahDRj3Bs,price_15mHNODG6kmsTAyehOoCotl4,1,active,charge_automatically,,eur,1747409056,1747409056,1763306656,1794842656,0,,,,,
sub_10tip3d76Z99n1IQ2dFSijvP,cus_UAi01ozCckny2r,price_1PzBpWVBZov7oibPYdDyuoxi,2,canceled,charge_automatically,,eur,1747425468,1747425468,1747425468,1763323068,1,1763323068,1759062442,1763323068,cancellation_requested,
sub_1ffTa4kRHZXEaXdg1bp6ttJw,cus_hCsK6PHm8ThW2v,price_15mHNODG6kmsTAyehOoCotl4,1,canceled,charge_automatically,,eur,1747469804,1747469804,1747469804,1779005804,1,1779005804,1777910921,1779005804,cancellation_requested,too_expensive
sub_19W816xM4wvsliL9f49ZvVDr,cus_I06ZLJFxdRfY1y,price_15mHNODG6kmsTAyehOoCotl4,2,canceled,charge_automatically,,eur,1747645499,1747645499,1779181499,1810717499,0,,1779874919,1779874919,payment_failed,
sub_154bjjBKaM9KduNoWHjI08jP,cus_gnmhXlTrKwpUmz,price_1PzBpWVBZov7oibPYdDyuoxi,2,canceled,charge_automatically,,eur,1747695086,1747695086,1747695086,1763592686,1,1763592686,1757572951,1763592686,cancellation_requested,unused
sub_1Ac0lTP5cqbQGCi0YiNGCE4R,cus_35LYot5icmcn23,price_15mHNODG6kmsTAyehOoCotl4,1,active,charge_automatically,,eur,1747746345,1747746345,1779282345,1810818345,0,,,,,
sub_1Gq7E4y4exSxooyGDVhfmMBp,cus_p5GLt0pX06qgdz,price_15mHNODG6kmsTAyehOoCotl4,1,active,charge_automatically,,eur,1747871258,1747871258,1779407258,1810943258,0,,,,,
sub_1Udc6hndgN1h9oJq8V75cATR,cus_xs910QyPxINwvo,price_15mHNODG6kmsTAyehOoCotl4,1,active,charge_automatically,,eur,1747982730,1747982730,1779518730,1811054730,0,,,,,
sub_1UWvvsFWAPhGC0i39lQJEAAp,cus_BoRQjtKsGDJBgB,price_1PzBpWVBZov7oibPYdDyuoxi,1,active,charge_automatically,,eur,1747986227,1747986227,1779522227,1795419827,0,,,,,
sub_1oxXXXIKI5MkTgZaHXCyrpzN,cus_AX5Jb7wg25uTRz,price_15mHNODG6kmsTAyehOoCotl4,3,active,charge_automatically,,eur,1747996354,1747996354,1779532354,1811068354,0,,,,,
sub_1LgWz9ysBfztA3ocHlo9t74e,cus_VHXpxk6fwr8vBE,price_1PzBpWVBZov7oibPYdDyuoxi,1,canceled,charge_automatically,,eur,1748083368,1748083368,1748083368,1763980968,1,1763980968,1762598565,1763980968,cancellation_requested,missing_features
sub_1IzQVxRvp1KJNLBVV1UUoRBf,cus_9dmkeWZkeG08f2,price_15mHNODG6kmsTAyehOoCotl4,1,canceled,charge_automatically,,eur,1748120628,1748120628,1748120628,1779656628,1,1779656628,1774815295,1779656628,cancellation_requested,other
sub_1zRpahKkhZPLRNvC9nHoSn8m,cus_a3cEzZZ3aSfefu,price_15mHNODG6kmsTAyehOoCotl4,2,active,charge_automatically,,eur,1748186452,1748186452,1779722452,1811258452,0,,,,,
sub_1TALChUWukmpMoFSAUAx3K7W,cus_VCz7JSoHXkrbl4,price_1PzBpWVBZov7oibPYdDyuoxi,2,canceled,charge_automatically,,eur,1748351368,1748351368,1748351368,1764248968,1,1764248968,1761400052,1764248968,cancellation_requested,unused
sub_1AYxyUUsTiBTe7hlIo63Hsu6,cus_H9RJPfSXx0RAAl,price_1PzBpWVBZov7oibPYdDyuoxi,2,active,charge_automatically,,eur,1748529662,1748529662,1780065662,1795963262,0,,,,,
sub_1nbg9Zgo4DmndG3v2SXVktEo,cus_rtfTcQfqHoTQtg,price_1PzBpWVBZov7oibPYdDyuoxi,3,canceled,charge_automatically,,eur,1748557959,1748557959,1748557959,1764455559,1,1764455559,1762715327,1764455559,cancellation_requested,unused
sub_1cThXcO4XIZtCnXPsgYQQeBl,cus_XjxGDHQqa5Ndje,price_1PzBpWVBZov7oibPYdDyuoxi,1,canceled,charge_automatically,,eur,1748605590,1748605590,1748605590,1764503190,1,1764503190,1758088354,1764503190,cancellation_requested,unused
sub_1Cyp6svkxEPZfvhZyoYIPpNw,cus_dmjIIyMFzweR5w,price_15mHNODG6kmsTAyehOoCotl4,1,active,charge_automatically,,eur,1748860068,1748860068,1780396068,1811932068,0,,,,,
sub_1mzqxng7P6TH3a4p55JwdvdB,cus_HAsLU4WTawiOri,price_15mHNODG6kmsTAyehOoCotl4,1,canceled,charge_automatically,,eur,1749471391,1749471391,1749471391,1781007391,1,1781007391,1773160199,1781007391,cancellation_requested,too_expensive
sub_1mJxG0HwHzoXNKaqllgnsLND,cus_MttmoWndtpUpMC,price_15mHNODG6kmsTAyehOoCotl4,3,active,charge_automatically,,eur,1749502702,1749502702,1781038702,1812574702,0,,,,,
sub_1R7YPI9vJ33L1b3g3ZwUuQmr,cus_7qXKrtGBie9pYx,price_1PzBpWVBZov7oibPYdDyuoxi,1,canceled,charge_automatically,,eur,1749582368,1749582368,1749582368,1765393568,1,1765393568,1757878492,1765393568,cancellation_requested,switched_service
sub_1h6qqexda0BzV8Z7irTV2PV7,cus_H019SZ9LBRrU1P,price_15mHNODG6kmsTAyehOoCotl4,3,active,charge_automatically,,eur,1749615231,1749615231,1781151231,1812687231,0,,,,,
sub_1ZBCggCRUGjFlWfDeyVDVlan,cus_kGPU61OzRy1cRT,price_1PzBpWVBZov7oibPYdDyuoxi,1,active,charge_automatically,,eur,1749646642,1749646642,1781182642,1796993842,0,,,,,
sub_1dlKMfm8Os801aRx5Obrfpf4,cus_j1qRI4yuoGiom3,price_15mHNODG6kmsTAyehOoCotl4,2,active,charge_automatically,,eur,1749802327,1749802327,1781338327,1812874327,0,,,,,
sub_1MUG50wDuWlDOsATr9qZHNxB,cus_a6Ie2WoQMAydM0,price_15mHNODG6kmsTAyehOoCotl4,2,active,charge_automatically,,eur,1749808246,1749808246,1781344246,1812880246,0,,,,,
sub_1qKNsoAj1JTde0kPQw26ShOT,cus_4EhVAy6PKPq8GU,price_15mHNODG6kmsTAyehOoCotl4,1,active,charge_automatically,,eur,1749932207,1749932207,1765743407,1797279407,0,,,,,
sub_1whO8bFHXBnfswmqNq2v5y02,cus_gBzZQaYZIhi2xF,price_15mHNODG6kmsTAyehOoCotl4,1,active,charge_automatically,,eur,1750082775,1750082775,1781618775,1813154775,0,,,,,
sub_1VmMq1h8a8t2X3pKN8gejg6v,cus_8tF2NGuG2SqtRk,price_15mHNODG6kmsTAyehOoCotl4,2,active,charge_automatically,,eur,1750092892,1750092892,1781628892,1813164892,0,,,,,
sub_1Hva4aLmDwG4AWNn2d690AeC,cus_bby2qVTxnBJuNR,price_15mHNODG6kmsTAyehOoCotl4,1,active,charge_automatically,,eur,1750115072,1750115072,1781651072,1813187072,0,,,,,
sub_1INU0BQ8izIKbTvGH4Agadmy,cus_TT6IBpiBxFoRN9,price_1PzBpWVBZov7oibPYdDyuoxi,1,active,send_invoice,30,eur,1750263412,1750263412,1781799412,1797610612,0,,,,,
sub_1sEioj2wRub1rvWBKqqIz5nj,cus_0WLVYzUPOHt28Q,price_15mHNODG6kmsTAyehOoCotl4,1,active,charge_automatically,,eur,1750426368,1750426368,1781962368,1813498368,0,,,,,
sub_1yzsJss8eWkjfURMiKJaKaWA,cus_oT0coMH6YYI2Ci,price_1PzBpWVBZov7oibPYdDyuoxi,1,canceled,charge_automatically,,eur,1750555447,1750555447,1766366647,1782091447,0,,1767061267,1767061267,payment_failed,
sub_1HnfObpix1dzqAaAHNm1DAnq,cus_96jzvMe1F2pBA7,price_15mHNODG6kmsTAyehOoCotl4,5,active,charge_automatically,,eur,1750659840,1750659840,1782195840,1813731840,0,,,,,
sub_1lPKva0uik4SLmK7fK03eaKb,cus_oZR6VvASyHQtkQ,price_15mHNODG6kmsTAyehOoCotl4,1,active,charge_automatically,,eur,1750663339,1750663339,1782199339,1813735339,0,,,,,
sub_1FulovdrV4zAObEWFwG3VM2B,cus_yLPkBtLjBmGKst,price_1PzBpWVBZov7oibPYdDyuoxi,2,canceled,charge_automatically,,eur,1750702445,1750702445,1750702445,1766513645,1,1766513645,1758959744,1766513645,cancellation_requested,
sub_16cFpPn4h9fcdpeJgM3RIXAi,cus_6wZQXbJPkGzU3i,price_15mHNODG6kmsTAyehOoCotl4,1,active,charge_automatically,,eur,1750706066,1750706066,1782242066,1813778066,0,,,,,
sub_1XTPoV3j3QfOIJWT6Gvcwegl,cus_hr6Sy80on51Uyn,price_1PzBpWVBZov7oibPYdDyuoxi,3,active,charge_automatically,,eur,1750764169,1750764169,1782300169,1798111369,0,,,,,
sub_1ExKDNaYIlRiQXwvmuCMBkJe,cus_MJTEQCa3yzf3eg,price_15mHNODG6kmsTAyehOoCotl4,2,canceled,charge_automatically,,eur,1750837114,1750837114,1750837114,1782373114,1,1782373114,1767504032,1782373114,cancellation_requested,
sub_1KwRczb2uDLSQYCEUuXkLxEg,cus_0naEWWOMiX2ZWB,price_15mHNODG6kmsTAyehOoCotl4,1,active,charge_automatically,,eur,1750996980,1750996980,1782532980,1814068980,0,,,,,
sub_1jXNzAtHz7rXEoia6ZmwJcKT,cus_TiMZQIC2kLxnN0,price_1PzBpWVBZov7oibPYdDyuoxi,1,active,charge_automatically,,eur,1751211108,1751211108,1782747108,1798558308,1,1798558308,1788100819,,cancellation_requested,other
sub_1svuGMw5RkR8z1sUEdWUTBa1,cus_GV3U4ldSBCco4N,price_1PzBpWVBZov7oibPYdDyuoxi,3,active,send_invoice,30,eur,1751277093,1751277093,1782813093,1798624293,0,,,,,
sub_1lvldG7aaapYTB1FSgnmihz5,cus_TYUgd46TiMP6PM,price_1eyBNOOKV5fLpD5Q9SNMVqKg,1,active,send_invoice,60,eur,1751359444,1751359444,1782895444,1814431444,0,,,,,
sub_1g9GE78gzf7lwCLwyz8phh4W,cus_ljIcqzX0RfCzqW,price_15mHNODG6kmsTAyehOoCotl4,1,canceled,charge_automatically,,eur,1751374284,1751374284,1751374284,1782910284,1,1782910284,1766320406,1782910284,cancellation_requested,unused
sub_1YMhl8Y9qHhuHd5pRTEqA5Vr,cus_4PkHooxs7irENl,price_15mHNODG6kmsTAyehOoCotl4,1,active,charge_automatically,,eur,1751423447,1751423447,1782959447,1814495447,0,,,,,
sub_1lVKhhDpoosjqpWgBluJCIJD,cus_QzDAPxYzCOL5we,price_1PzBpWVBZov7oibPYdDyuoxi,1,active,charge_automatically,,eur,1751605255,1751605255,1783141255,1799038855,1,1799038855,1784993664,,cancellation_requested,unused
sub_1j6wObGZHHKBpTvdOVdhgJLD,cus_LupdFfxq0thXXw,price_15mHNODG6kmsTAyehOoCotl4,1,canceled,charge_automatically,,eur,1751623914,1751623914,1751623914,1783159914,1,1783159914,1766982391,1783159914,cancellation_requested,switched_service
sub_11npVSROgpEVdZB4aHrf9mnw,cus_GeXVSXboQWfaWe,price_1PzBpWVBZov7oibPYdDyuoxi,1,canceled,charge_automatically,,eur,1751909824,1751909824,1751909824,1767807424,1,1767807424,1762188363,1767807424,cancellation_requested,unused
sub_1j3ZibQWzhWxECOtJscnxfRb,cus_9ynU4t63cxt9pE,price_1PzBpWVBZov7oibPYdDyuoxi,1,active,charge_automatically,,eur,1751911445,1751911445,1783447445,1799345045,0,,,,,
sub_1hXX9fYSWbDR4TgxW0MfAmv7,cus_dhnSKGOPxK4tfe,price_1PzBpWVBZov7oibPYdDyuoxi,2,active,charge_automatically,,eur,1751914247,1751914247,1783450247,1799347847,0,,,,,
sub_1UisrUhELFWxSboykyiX5XL0,cus_GZUMfL6dTyNfhk,price_15mHNODG6kmsTAyehOoCotl4,1,active,charge_automatically,,eur,1751952335,1751952335,1783488335,1815024335,0,,,,,
sub_15mkoVMGKMsWLh3EiKi1gpKm,cus_Z0PRdAOUPkW2HO,price_15mHNODG6kmsTAyehOoCotl4,1,active,charge_automatically,,eur,1752072586,1752072586,1783608586,1815144586,0,,,,,
sub_198vbxOZup1XnNCWfH5dxhYw,cus_ygisM3rSE2Y7MR,price_1PzBpWVBZov7oibPYdDyuoxi,1,canceled,charge_automatically,,eur,1752074911,1752074911,1752074911,1767972511,1,1767972511,1767428331,1767972511,cancellation_requested,other
sub_1bf7xFs1ukRYEdWqXvDVXXzC,cus_qUM8W0t7Ea340s,price_1PzBpWVBZov7oibPYdDyuoxi,2,active,charge_automatically,,eur,1752164215,1752164215,1783700215,1799597815,0,,,,,
sub_1cG06BeeaWnDBkbVxQW0arBt,cus_TQJIoyNcb63X64,price_1PzBpWVBZov7oibPYdDyuoxi,1,canceled,charge_automatically,,eur,1752333001,1752333001,1752333001,1768230601,1,1768230601,1761300178,1768230601,cancellation_requested,
sub_1L7MA9nnwVinxwNUjzxntSLF,cus_e5vAkBOGixdxXI,price_15mHNODG6kmsTAyehOoCotl4,2,canceled,send_invoice,30,eur,1752386741,1752386741,1752386741,1783922741,1,1783922741,1769695746,1783922741,cancellation_requested,unused
sub_16NnSekwXQyTzyhR6ThFsW45,cus_4lmpo6NDtanGRQ,price_15mHNODG6kmsTAyehOoCotl4,1,active,charge_automatically,,eur,1752567504,1752567504,1784103504,1815639504,0,,,,,
sub_1iI0D38nWUttnejfP1021ZtZ,cus_2RfkSRpsxz8w30,price_15mHNODG6kmsTAyehOoCotl4,1,active,charge_automatically,,eur,1752654628,1752654628,1768552228,1800088228,0,,,,,
sub_1tB6q3KmQ2ePbi4pXI3gg92r,cus_ZkOpq3oANCSGU0,price_15mHNODG6kmsTAyehOoCotl4,1,canceled,charge_automatically,,eur,1752838648,1752838648,1752838648,1784374648,1,1784374648,1775337808,1784374648,cancellation_requested,unused
sub_1pz7Do5xDjR0W7nE5Co8bsXf,cus_eFZgmF6cpa6nA0,price_1PzBpWVBZov7oibPYdDyuoxi,1,canceled,charge_automatically,,eur,1753043506,1753043506,1753043506,1768941106,1,1768941106,1763230103,1768941106,cancellation_requested,too_expensive
sub_1h8Dg98thSSn5Q32SJ1lXoh5,cus_DfQWruQM69acnj,price_15mHNODG6kmsTAyehOoCotl4,1,canceled,charge_automatically,,eur,1753097267,1753097267,1753097267,1784633267,1,1784633267,1780085013,1784633267,cancellation_requested,missing_features
sub_1nR7tYuPhJ85MSQYa27FPfKg,cus_wThNXmlATd7Mc1,price_15mHNODG6kmsTAyehOoCotl4,1,active,charge_automatically,,eur,1753097546,1753097546,1784633546,1816169546,0,,,,,
sub_1ZlTuoSD3WmRBefCjvbPiSVM,cus_cAjdxolpQOLyEZ,price_1PzBpWVBZov7oibPYdDyuoxi,3,canceled,send_invoice,30,eur,1753134169,1753134169,1753134169,1769031769,1,1769031769,1762769404,1769031769,cancellation_requested,unused
sub_1IXrIbcNVzfkLdJhNJTZOa5H,cus_Ao2sp4MU8I8Hwm,price_15mHNODG6kmsTAyehOoCotl4,1,active,charge_automatically,,eur,1753139233,1753139233,1784675233,1816211233,0,,,,,
sub_1ALkmHaC0iuHPDqKh0ZvNlP7,cus_zwfIUCyvyi0T4P,price_15mHNODG6kmsTAyehOoCotl4,1,active,charge_automatically,,eur,1753445172,1753445172,1784981172,1816517172,1,1816517172,1785546644,,cancellation_requested,too_expensive
sub_1Mm74IZWNENZHvh3pahnUaqg,cus_z8PIOxcUxHuMmO,price_15mHNODG6kmsTAyehOoCotl4,1,canceled,charge_automatically,,eur,1753636547,1753636547,1753636547,1785172547,1,1785172547,1771640740,1785172547,cancellation_requested,unused
sub_13vhpWYcQyN6BuDAjrSWO91H,cus_XeoUXlFt7BVUWi,price_1PzBpWVBZov7oibPYdDyuoxi,1,active,charge_automatically,,eur,1753785344,1753785344,1785321344,1801218944,0,,,,,
sub_1PhUH3dfONLP1DnNEVwCvaf6,cus_FweQBOr2CDOdry,price_15mHNODG6kmsTAyehOoCotl4,2,active,charge_automatically,,eur,1753791267,1753791267,1785327267,1816863267,0,,,,,
sub_19RuiXf3NIDkM0095gdNfHUV,cus_iJ1VGk0VJnhsQp,price_1PzBpWVBZov7oibPYdDyuoxi,1,canceled,charge_automatically,,eur,1753878159,1753878159,1753878159,1769775759,1,1769775759,1759665455,1769775759,cancellation_requested,other
sub_1or2CCeupEPdZ2FmoYLoLiM7,cus_Wpuww6HJBApPVJ,price_15mHNODG6kmsTAyehOoCotl4,1,canceled,charge_automatically,,eur,1753882513,1753882513,1753882513,1785418513,1,1785418513,1766272501,1785418513,cancellation_requested,switched_service
sub_10R6WYZaY45HeMFwA9eEmM3V,cus_zlsZfYyOkE0ek5,price_15mHNODG6kmsTAyehOoCotl4,1,active,charge_automatically,,eur,1754397603,1754397603,1785933603,1817469603,0,,,,,
sub_1YLhingBA5k7IJRpdZ1xOK0J,cus_Zy1tlUa6RlRkB9,price_15mHNODG6kmsTAyehOoCotl4,2,active,send_invoice,30,eur,1754482866,1754482866,1786018866,1817554866,0,,,,,
sub_1iaTBSJrA2Pn72jhsx9gmzXB,cus_anhYF8NWXAXmP6,price_1PzBpWVBZov7oibPYdDyuoxi,1,canceled,charge_automatically,,eur,1754488054,1754488054,1770385654,1786024054,1,1786024054,1776584571,1786024054,cancellation_requested,unused
sub_1frQ8ROIlyKqGeuAmwyZWGJU,cus_bjgwAcpPXUAKP2,price_1PzBpWVBZov7oibPYdDyuoxi,1,canceled,charge_automatically,,eur,1754501889,1754501889,1754501889,1770399489,1,1770399489,1762149970,1770399489,cancellation_requested,
sub_1dEwYGC0mySBRzG32nulO0uU,cus_8luI3aiGRhZErH,price_15mHNODG6kmsTAyehOoCotl4,1,active,charge_automatically,,eur,1754543454,1754543454,1786079454,1817615454,0,,,,,
sub_1Qd0OVRc2JPpNldl6FddHQB1,cus_HrvoYAiJUGFZJU,price_1PzBpWVBZov7oibPYdDyuoxi,1,canceled,charge_automatically,,eur,1754570602,1754570602,1754570602,1770468202,1,1770468202,1766991978,1770468202,cancellation_requested,unused
sub_1YAAbeglByrPSn4UcCkwXyZl,cus_0DZF7vfPce6LFr,price_1PzBpWVBZov7oibPYdDyuoxi,1,canceled,charge_automatically,,eur,1754714918,1754714918,1754714918,1770612518,1,1770612518,1764879206,1770612518,cancellation_requested,too_expensive
sub_1JGrRLiSEsouHOhjXpZKwxhv,cus_qPE3xMn3tfBCr9,price_15mHNODG6kmsTAyehOoCotl4,1,canceled,charge_automatically,,eur,1754753061,1754753061,1754753061,1786289061,1,1786289061,1781830709,1786289061,cancellation_requested,unused
sub_1rhX0vD3zHvO7oFraPj0siJ3,cus_gqg10r1aldfvWP,price_15mHNODG6kmsTAyehOoCotl4,2,canceled,charge_automatically,,eur,1754940157,1754940157,1754940157,1786476157,1,1786476157,1766801190,1786476157,cancellation_requested,unused
sub_1ghRWRQP8dWHXMGiEStyQOru,cus_TkfrLL8rcOyQFi,price_15mHNODG6kmsTAyehOoCotl4,1,active,charge_automatically,,eur,1755012399,1755012399,1786548399,1818084399,1,1818084399,1789852248,,cancellation_requested,unused
sub_1Q2bexTPZBcL4pB0vOnzV6d8,cus_Y2b1UWV8tyE850,price_1PzBpWVBZov7oibPYdDyuoxi,1,canceled,charge_automatically,,eur,1755081743,1755081743,1755081743,1770979343,1,1770979343,1763302338,1770979343,cancellation_requested,too_expensive
sub_1PaMGxRiwvsgpal7eTN6v7Ct,cus_aHhmBSTGVisiL5,price_15mHNODG6kmsTAyehOoCotl4,1,canceled,charge_automatically,,eur,1755177838,1755177838,1755177838,1786713838,1,1786713838,1769327705,1786713838,cancellation_requested,
sub_1OKWlLWqAxPgrcdHXzJ2yGII,cus_EqtDc8iHuWkJB8,price_1PzBpWVBZov7oibPYdDyuoxi,1,canceled,charge_automatically,,eur,1755179079,1755179079,1755179079,1771076679,1,1771076679,1763869277,1771076679,cancellation_requested,
sub_1BTfEr3jstELhBV1hNGaWEwB,cus_THZBmSkDoePosI,price_15mHNODG6kmsTAyehOoCotl4,1,active,charge_automatically,,eur,1755230616,1755230616,1786766616,1818302616,0,,,,,
sub_1udmhJftSD5tPQVExFEP2YhT,cus_2TFntpD4iLJ8RO,price_1PzBpWVBZov7oibPYdDyuoxi,1,canceled,charge_automatically,,eur,1755421678,1755421678,1755421678,1771319278,1,1771319278,1768225571,1771319278,cancellation_requested,too_expensive
sub_13ViS5ZbjeFyocQ5yLzUO676,cus_MvGBF38bjtsJvq,price_1PzBpWVBZov7oibPYdDyuoxi,2,active,charge_automatically,,eur,1755509241,1755509241,1787045241,1802942841,0,,,,,
sub_1MWZGAG9G4VtVoEaiXtwa1bZ,cus_oNruxNfxswPeb1,price_15mHNODG6kmsTAyehOoCotl4,1,active,charge_automatically,,eur,1755521776,1755521776,1787057776,1818593776,0,,,,,
sub_1tMZdnQ5hzjSaMt4k6hModyl,cus_ITXuXMORnnSqML,price_15mHNODG6kmsTAyehOoCotl4,1,canceled,charge_automatically,,eur,1755679682,1755679682,1755679682,1787215682,1,1787215682,1773805894,1787215682,cancellation_requested,too_expensive
sub_1FSKvwaPoCKn2A208NnjOr5K,cus_S9nPVFfaGcthDk,price_15mHNODG6kmsTAyehOoCotl4,1,active,charge_automatically,,eur,1755703460,1755703460,1787239460,1818775460,0,,,,,
sub_1GfWIJNcPfITLs2LIWAwXM2y,cus_WXb6sppoFWvsH0,price_15mHNODG6kmsTAyehOoCotl4,1,active,charge_automatically,,eur,1755776187,1755776187,1787312187,1818848187,0,,,,,
sub_1smPws83k2EnNLF1qUYKj7gF,cus_lWiauowLOQteaB,price_15mHNODG6kmsTAyehOoCotl4,5,active,charge_automatically,,eur,1755858466,1755858466,1787394466,1818930466,0,,,,,
sub_1K1vPGIPqB6jTjwgMfq30mhk,cus_e8CHkBkU0RKPky,price_15mHNODG6kmsTAyehOoCotl4,1,active,charge_automatically,,eur,1756138710,1756138710,1787674710,1819210710,0,,,,,
sub_1mL6WbX3HNfWov4YImxz5aon,cus_phlOiB6nIVuyZi,price_15mHNODG6kmsTAyehOoCotl4,2,active,charge_automatically,,eur,1756173779,1756173779,1787709779,1819245779,0,,,,,
sub_1Va2lxk0ghyOCTYYWqYrex1Z,cus_2hx1mNQwcEe7Uy,price_15mHNODG6kmsTAyehOoCotl4,1,active,charge_automatically,,eur,1756196138,1756196138,1787732138,1819268138,1,1819268138,1789170413,,cancellation_requested,unused
sub_1AryXc6CFyH4q8secznJ91fm,cus_9P3VpPPwpLcMLc,price_15mHNODG6kmsTAyehOoCotl4,1,canceled,charge_automatically,,eur,1756219522,1756219522,1756219522,1787755522,1,1787755522,1781568247,1787755522,cancellation_requested,unused
sub_11m9WJwP99IeVR8lUjSiq2uQ,cus_T5OQSkvaapilMx,price_1PzBpWVBZov7oibPYdDyuoxi,3,active,charge_automatically,,eur,1756236000,1756236000,1787772000,1803669600,1,1803669600,1789497414,,cancellation_requested,unused
sub_10w5thAkld8NolrnpK3UnZ8A,cus_syJsSmsarIpwmW,price_15mHNODG6kmsTAyehOoCotl4,1,active,charge_automatically,,eur,1756278866,1756278866,1787814866,1819350866,0,,,,,
sub_1WgweoM0zvRUquXHDHR9rdy5,cus_Abr5hYWIcMS4bw,price_15mHNODG6kmsTAyehOoCotl4,1,active,charge_automatically,,eur,1756301992,1756301992,1787837992,1819373992,0,,,,,
sub_1tP2L9GvdClFUUseWQ8LuxhQ,cus_DOkEa1GvPXFcZd,price_15mHNODG6kmsTAyehOoCotl4,1,active,charge_automatically,,eur,1756382327,1756382327,1787918327,1819454327,0,,,,,
sub_1zC0I8hkDTwolHvhMSAkyees,cus_bHAnTLyk7THTiT,price_15mHNODG6kmsTAyehOoCotl4,1,active,charge_automatically,,eur,1756453853,1756453853,1787989853,1819525853,0,,,,,
sub_1E2oPnUfhT1tELBGtdiGRdSj,cus_RuJDyFK9SDotTU,price_15mHNODG6kmsTAyehOoCotl4,1,canceled,charge_automatically,,eur,1756914882,1756914882,1756914882,1788450882,1,1788450882,1769853157,1788450882,cancellation_requested,switched_service
sub_1lHe1MInAX5NSyWGWKDR1iRf,cus_PB23tpZJKpfwyv,price_15mHNODG6kmsTAyehOoCotl4,1,active,charge_automatically,,eur,1756928410,1756928410,1788464410,1820000410,0,,,,,
sub_1cMJgLLDRKAR5WuflwNMoWeR,cus_zxaUZyhAmLQjre,price_15mHNODG6kmsTAyehOoCotl4,1,active,charge_automatically,,eur,1757011198,1757011198,1788547198,1820083198,0,,,,,
sub_1g28hMvLhbSsf7FnoecQ7jYr,cus_c97vYpHgOQi707,price_15mHNODG6kmsTAyehOoCotl4,3,canceled,charge_automatically,,eur,1757055487,1757055487,1757055487,1788591487,1,1788591487,1776890425,1788591487,cancellation_requested,
sub_1JZRfBipwJnHgzFJ6KuU5St7,cus_46OpF2XwkGoQmw,price_15mHNODG6kmsTAyehOoCotl4,2,active,charge_automatically,,eur,1757254871,1757254871,1788790871,1820326871,0,,,,,
sub_1QjnrLmNLnggJAsxaWmJBUgX,cus_POaxGcwVJIpQHV,price_1PzBpWVBZov7oibPYdDyuoxi,1,canceled,charge_automatically,,eur,1757316213,1757316213,1757316213,1772954613,1,1772954613,1766078985,1772954613,cancellation_requested,too_expensive
sub_1JRajtijrGmjnuhHl3klve4N,cus_Qt3SQZfbI2WyiN,price_15mHNODG6kmsTAyehOoCotl4,1,canceled,charge_automatically,,eur,1757336481,1757336481,1757336481,1788872481,1,1788872481,1776307094,1788872481,cancellation_requested,unused
sub_1Son1cTgP6hLQ98mufzH3EWn,cus_TZ84gKUdIQPvmH,price_1PzBpWVBZov7oibPYdDyuoxi,1,canceled,charge_automatically,,eur,1757511025,1757511025,1757511025,1773149425,1,1773149425,1769098620,1773149425,cancellation_requested,missing_features
sub_16CkyJujahvSnW7IylcoTRns,cus_N7sYtmRSe3bDlM,price_15mHNODG6kmsTAyehOoCotl4,2,active,charge_automatically,,eur,1757516425,1757516425,1789052425,1820588425,0,,,,,
sub_1f31ZvtHKQWPF5NkMcPmOH0n,cus_spwkXuV140LbbE,price_15mHNODG6kmsTAyehOoCotl4,1,active,charge_automatically,,eur,1757589385,1757589385,1789125385,1820661385,0,,,,,
sub_1RMYWUJMixwiljS2PLXUAwQi,cus_AhaUbQcU27lPQa,price_15mHNODG6kmsTAyehOoCotl4,2,active,charge_automatically,,eur,1757609548,1757609548,1789145548,1820681548,0,,,,,
sub_1kH4ampq1hmO1MvkpntsO0wf,cus_CZVCoHf9iIcVio,price_1PzBpWVBZov7oibPYdDyuoxi,1,active,charge_automatically,,eur,1757688079,1757688079,1789224079,1804862479,0,,,,,
sub_1HReovhFKwXd88HoVoiyWlJy,cus_38n4k9vBeu42kK,price_1PzBpWVBZov7oibPYdDyuoxi,1,canceled,charge_automatically,,eur,1757919965,1757919965,1773558365,1789455965,1,1789455965,1787874121,1789455965,cancellation_requested,too_expensive
sub_1TvQFwxSP0Ocj9VNx4sypqDd,cus_1ow3W9fBi6R9Ke,price_15mHNODG6kmsTAyehOoCotl4,4,active,send_invoice,14,eur,1757930983,1757930983,1789466983,1821002983,0,,,,,
sub_1NEx5C1idMkT3GvI6yZOSly6,cus_k1ZJLokInYyWsP,price_1PzBpWVBZov7oibPYdDyuoxi,1,canceled,charge_automatically,,eur,1757978077,1757978077,1773616477,1789514077,1,1789514077,1783842490,1789514077,cancellation_requested,unused
sub_1gMXGcWwFBNG6GbtQaETkG9P,cus_UqAkHI3iXNkjuI,price_15mHNODG6kmsTAyehOoCotl4,1,active,charge_automatically,,eur,1758108080,1758108080,1789644080,1821180080,0,,,,,
sub_1cVIvZrHcixfsvg4NH7GVc68,cus_TVFeG6yFCX1WBY,price_15mHNODG6kmsTAyehOoCotl4,1,canceled,charge_automatically,,eur,1758276172,1758276172,1758276172,1789812172,1,1789812172,1770195863,1789812172,cancellation_requested,missing_features
sub_16HgvYPqsNSrayxTKd96Dy9m,cus_UcdPVO5mJ4OKDs,price_15mHNODG6kmsTAyehOoCotl4,2,canceled,charge_automatically,,eur,1758364888,1758364888,1789900888,1821436888,0,,1790592568,1790592568,payment_failed,
sub_1xskv6bBjYAbTJLuS1ti9jb3,cus_RNDimkElhz51ii,price_15mHNODG6kmsTAyehOoCotl4,2,active,charge_automatically,,eur,1758638944,1758638944,1790174944,1821710944,0,,,,,
sub_1M19w9yqFfOwYL40VM3O2EXk,cus_1MzewanP8ltXZ5,price_15mHNODG6kmsTAyehOoCotl4,2,active,charge_automatically,,eur,1758730140,1758730140,1790266140,1821802140,0,,,,,
sub_1QxdONpRB4aVwDSIQxGK0u1L,cus_HdW737oT6OoDii,price_15mHNODG6kmsTAyehOoCotl4,2,active,charge_automatically,,eur,1758800953,1758800953,1790336953,1821872953,0,,,,,
sub_1gY8X318LjMWox5FzJOTnJJw,cus_vqRTnqgn0HoP29,price_15mHNODG6kmsTAyehOoCotl4,1,active,charge_automatically,,eur,1758899917,1758899917,1790435917,1821971917,0,,,,,
sub_1jYLuX7rxYWocRylEjLQkycD,cus_YFBlBSebaPRv9j,price_15mHNODG6kmsTAyehOoCotl4,5,active,send_invoice,14,eur,1758911025,1758911025,1790447025,1821983025,0,,,,,
sub_1PlBT9bgCGI87RRLbvsupmHk,cus_zazqovR3BuDQvf,price_15mHNODG6kmsTAyehOoCotl4,1,active,charge_automatically,,eur,1758959033,1758959033,1774597433,1806133433,0,,,,,
sub_1ktjhCD3lU9kmV3lM8vptind,cus_v4KMKb2DXqJvfl,price_15mHNODG6kmsTAyehOoCotl4,2,active,charge_automatically,,eur,1759172956,1759172956,1790708956,1822244956,1,1822244956,1790799957,,cancellation_requested,missing_features
sub_14DHhwWNzoj6ItN9XTLMCpgv,cus_EC261Ah0tvwl4s,price_15mHNODG6kmsTAyehOoCotl4,1,past_due,charge_automatically,,eur,1759221730,1759221730,1790757730,1822293730,0,,,,,
sub_119YG7muug2kKNH7WLOKXSCH,cus_oD0Oo1Q9j5XFeZ,price_15mHNODG6kmsTAyehOoCotl4,1,active,charge_automatically,,eur,1759296939,1759296939,1759296939,1790832939,0,,,,,
sub_1AJcrwpO1PTchCqH8lqp3Etc,cus_rPKFbyczvwz9hg,price_15mHNODG6kmsTAyehOoCotl4,1,active,charge_automatically,,eur,1759335581,1759335581,1759335581,1790871581,0,,,,,
sub_1XmjLOiT8mK2nht0ZZMiqitE,cus_DOO6TpXU3zfdgu,price_15mHNODG6kmsTAyehOoCotl4,1,active,charge_automatically,,eur,1759336393,1759336393,1759336393,1790872393,0,,,,,
sub_1wftkL1eqkONzxVwsbDO1FvK,cus_rsCJY5VkS03Bzz,price_1PzBpWVBZov7oibPYdDyuoxi,1,canceled,charge_automatically,,eur,1759381141,1759381141,1759381141,1775105941,1,1775105941,1771289644,1775105941,cancellation_requested,too_expensive
sub_1oedBZ7uVeQqPjCEyeiVaOQf,cus_zdxkjqamoKeOw2,price_15mHNODG6kmsTAyehOoCotl4,1,active,charge_automatically,,eur,1759441496,1759441496,1759441496,1790977496,0,,,,,
sub_1Fj8ITuV3OtEEcjeRVXlrJxT,cus_Y9RWJFwfqcQRdh,price_1PzBpWVBZov7oibPYdDyuoxi,1,canceled,charge_automatically,,eur,1759584511,1759584511,1759584511,1775309311,1,1775309311,1765671933,1775309311,cancellation_requested,too_expensive
sub_1CAVmeJ1BzHDPHsxdIkqzS78,cus_zbzhvhoGymjdUy,price_1yryD9UhhmGgBr59pXM8uujF,1,active,send_invoice,30,eur,1759761899,1759761899,1759761899,1791297899,0,,,,,
sub_1hc20IpV9KrR6IwT0lkojv2V,cus_HvrVbvpB92dW8S,price_15mHNODG6kmsTAyehOoCotl4,1,active,charge_automatically,,eur,1759807648,1759807648,1759807648,1791343648,0,,,,,
sub_1YUBuJH0jpZ4J3nFSR6omz2q,cus_GtYAHDy4JvrhS3,price_15mHNODG6kmsTAyehOoCotl4,1,active,charge_automatically,,eur,1759845837,1759845837,1759845837,1791381837,0,,,,,
sub_1kW468hPF7Hob2MnawVLut3C,cus_XMffBcTVphANgO,price_15mHNODG6kmsTAyehOoCotl4,1,active,charge_automatically,,eur,1759934515,1759934515,1759934515,1791470515,0,,,,,
sub_11MXko4B0PkLYOuqf9SgRyX2,cus_b0zojIIiV5P3sg,price_15mHNODG6kmsTAyehOoCotl4,5,active,charge_automatically,,eur,1759935912,1759935912,1759935912,1791471912,0,,,,,
sub_1dOmm7Pkn7FhJx95VVBhBU4n,cus_OvR7w9U95yapcq,price_1PzBpWVBZov7oibPYdDyuoxi,1,canceled,charge_automatically,,eur,1760089328,1760089328,1760089328,1775814128,1,1775814128,1774331703,1775814128,cancellation_requested,unused
sub_1taAGXwSQAg2tixJ8QzSTS0A,cus_UxzhwcAwV1L07z,price_15mHNODG6kmsTAyehOoCotl4,3,active,charge_automatically,,eur,1760344798,1760344798,1760344798,1791880798,0,,,,,
sub_1lcJgLEwnzmPOUEkbeO5I8Lz,cus_HNJjz56reORsJP,price_15mHNODG6kmsTAyehOoCotl4,1,active,charge_automatically,,eur,1760358991,1760358991,1760358991,1791894991,0,,,,,
sub_1TKwUV2RmQmul0ZETdrtczze,cus_HGcILVlsnPHgkB,price_1PzBpWVBZov7oibPYdDyuoxi,1,canceled,charge_automatically,,eur,1760368144,1760368144,1760368144,1776092944,1,1776092944,1768989137,1776092944,cancellation_requested,other
sub_1Aa4oVgpLZ1VOFB12yrJhj1Y,cus_i7VEGa9P4PZRrV,price_15mHNODG6kmsTAyehOoCotl4,2,active,charge_automatically,,eur,1760466163,1760466163,1776190963,1807726963,0,,,,,
sub_1A5ORU7GOcXeew5kkLUsdIJg,cus_HrrV9tyM00QiWy,price_1PzBpWVBZov7oibPYdDyuoxi,1,active,charge_automatically,,eur,1760536356,1760536356,1776261156,1792072356,0,,,,,
sub_10kiYPwNeWoBSux7NZ5bX0EM,cus_jbK69URdwAlCZu,price_1PzBpWVBZov7oibPYdDyuoxi,1,active,charge_automatically,,eur,1760539086,1760539086,1776263886,1792075086,0,,,,,
sub_1vqsGkkKZibOYxnitKrPidBQ,cus_GhB4DAhGxJr4Rj,price_15mHNODG6kmsTAyehOoCotl4,3,active,send_invoice,30,eur,1760604264,1760604264,1760604264,1792140264,0,,,,,
sub_1Es6yid6I5tUYB9ksjl74rgX,cus_upKa9Nouk0jBV1,price_1PzBpWVBZov7oibPYdDyuoxi,1,canceled,charge_automatically,,eur,1760711849,1760711849,1760711849,1776436649,1,1776436649,1773317687,1776436649,cancellation_requested,too_expensive
sub_1nN2imLqeTcEr4YGyGKacyzQ,cus_CkWVOPwIIR9G7v,price_1PzBpWVBZov7oibPYdDyuoxi,1,canceled,charge_automatically,,eur,1760718837,1760718837,1760718837,1776443637,1,1776443637,1770471489,1776443637,cancellation_requested,other
sub_1uAa03EoqyTpETPLE0ndEXFQ,cus_yUkzuiexxjxRXf,price_1PzBpWVBZov7oibPYdDyuoxi,1,active,charge_automatically,,eur,1760966930,1760966930,1776691730,1792502930,0,,,,,
sub_1R1itS5P7N4PayJ1yLcoPKnz,cus_QpKLiCd9nrPBIR,price_15mHNODG6kmsTAyehOoCotl4,1,active,charge_automatically,,eur,1760971836,1760971836,1760971836,1792507836,0,,,,,
sub_1EbmUPGgeXsvJOftaLsomJ4d,cus_Oy3mXGr7bRpq7K,price_15mHNODG6kmsTAyehOoCotl4,1,active,charge_automatically,,eur,1760980869,1760980869,1760980869,1792516869,0,,,,,
sub_1MFKNBi28EpmZDd5rS8XWz5S,cus_y76bg3GBp6zUx0,price_15mHNODG6kmsTAyehOoCotl4,3,active,send_invoice,30,eur,1760982501,1760982501,1776707301,1808243301,0,,,,,
sub_1XMEVVqTRpV51D7baLCTGne9,cus_3nAkIlYHpKbfDj,price_15mHNODG6kmsTAyehOoCotl4,1,active,charge_automatically,,eur,1761029824,1761029824,1761029824,1792565824,0,,,,,
sub_1lXaynYmbt06hL8oGxiJURZQ,cus_xcz59pf7bU4ttX,price_15mHNODG6kmsTAyehOoCotl4,1,active,charge_automatically,,eur,1761155243,1761155243,1761155243,1792691243,0,,,,,
sub_1LxNlvBD6rQE8edlPWFRcuCr,cus_lPM6PHY7Dbx68M,price_15mHNODG6kmsTAyehOoCotl4,2,active,send_invoice,14,eur,1761218479,1761218479,1761218479,1792754479,0,,,,,
sub_1wjmZOmvvXvYhjZ6rBhbz7H5,cus_8xPvLnO3QLU1aP,price_15mHNODG6kmsTAyehOoCotl4,1,active,charge_automatically,,eur,1761635546,1761635546,1761635546,1793171546,0,,,,,
sub_1a4T1DQWK64xnVC5JvWnYIUb,cus_6cSc9erLez0jVj,price_15mHNODG6kmsTAyehOoCotl4,1,active,charge_automatically,,eur,1761758891,1761758891,1761758891,1793294891,0,,,,,
sub_1gf2d3mlh7HvX52QemiQAnQK,cus_TgElnG9iuCdzqV,price_15mHNODG6kmsTAyehOoCotl4,1,active,charge_automatically,,eur,1761821534,1761821534,1761821534,1793357534,0,,,,,
sub_1R8GV06aRXC0O7Hi5oFxzQLj,cus_Tj76AoEAUn48ie,price_1PzBpWVBZov7oibPYdDyuoxi,1,active,charge_automatically,,eur,1761895711,1761895711,1777534111,1793431711,0,,,,,
sub_1qx7rnckZ9iIWASAcx1Tjqwp,cus_5FrPBJYiDhqCuk,price_1PzBpWVBZov7oibPYdDyuoxi,1,active,charge_automatically,,eur,1761905253,1761905253,1777543653,1793441253,1,1793441253,1779924445,,cancellation_requested,other
sub_1t4JJkJyKUEacI0zzycBMMGa,cus_u28YULPgyYxj9u,price_15mHNODG6kmsTAyehOoCotl4,1,active,charge_automatically,,eur,1761910830,1761910830,1761910830,1793446830,1,1793446830,1787928482,,cancellation_requested,unused
sub_1DGRUgX2qAFdhemuD9AdWSAH,cus_VFmhYIZHimEeXh,price_15mHNODG6kmsTAyehOoCotl4,1,active,charge_automatically,,eur,1761923015,1761923015,1761923015,1793459015,0,,,,,
sub_19iIQxKEi7mL1G0CXU7e3aVb,cus_HNwTVbUhxgH5Vh,price_15mHNODG6kmsTAyehOoCotl4,1,active,charge_automatically,,eur,1761994274,1761994274,1761994274,1793530274,0,,,,,
sub_1Wg1L3HffY62EV1liAYq3rys,cus_Ct4NBhIS6XWAdo,price_15mHNODG6kmsTAyehOoCotl4,1,active,charge_automatically,,eur,1762106974,1762106974,1777745374,1809281374,1,1809281374,1782696342,,cancellation_requested,too_expensive
sub_1eB1DpLpnhNQE4sBZZD1CGw6,cus_Jp9oP4SlqHwlPa,price_15mHNODG6kmsTAyehOoCotl4,1,active,charge_automatically,,eur,1762165698,1762165698,1762165698,1793701698,0,,,,,
sub_1vj5yO48Ua2oYj29q37vHFPN,cus_AVAXmEx6Xqgabz,price_15mHNODG6kmsTAyehOoCotl4,1,active,charge_automatically,,eur,1762174146,1762174146,1762174146,1793710146,0,,,,,
sub_16Qb33ZTr4E6ezVC46H6MlLI,cus_KFPRzHqwu5zUHv,price_1PzBpWVBZov7oibPYdDyuoxi,1,active,charge_automatically,,eur,1762191778,1762191778,1777830178,1793727778,0,,,,,
sub_17CqLWdOCgctQkkDVREG6AlZ,cus_U2MnvO3APy3E5Y,price_1PzBpWVBZov7oibPYdDyuoxi,1,active,charge_automatically,,eur,1762217597,1762217597,1777855997,1793753597,0,,,,,
sub_1Gb1cKaa7bdOzwWaB69ftCRB,cus_atgFqFXtZu4M9i,price_1PzBpWVBZov7oibPYdDyuoxi,2,active,send_invoice,14,eur,1762251299,1762251299,1777889699,1793787299,0,,,,,
sub_11d9vO4Y9XtMe2Ygsfr5mBTS,cus_3kSxxwSQXpNDXc,price_1PzBpWVBZov7oibPYdDyuoxi,1,active,charge_automatically,,eur,1762256934,1762256934,1777895334,1793792934,0,,,,,
sub_1fo2320NFR80DK3cRFUQCtMc,cus_ILXnbZqzkB4WD5,price_15mHNODG6kmsTAyehOoCotl4,2,active,charge_automatically,,eur,1762337017,1762337017,1762337017,1793873017,0,,,,,
sub_1dgI6Nm3h6al31Ltej8cy1TP,cus_rdyMSrVUYUdHHA,price_1PzBpWVBZov7oibPYdDyuoxi,1,canceled,charge_automatically,,eur,1762424210,1762424210,1762424210,1778062610,1,1778062610,1769854934,1778062610,cancellation_requested,unused
sub_1soSNKxlEnejHFSmyMOqGcvw,cus_2CpF6nTKg1H9to,price_1PzBpWVBZov7oibPYdDyuoxi,1,active,charge_automatically,,eur,1762424637,1762424637,1778063037,1793960637,0,,,,,
sub_1RFqw7YOld00aoujnTH6gzlR,cus_G6a76Hu8fy7L6A,price_15mHNODG6kmsTAyehOoCotl4,1,active,charge_automatically,,eur,1762442069,1762442069,1762442069,1793978069,0,,,,,
sub_1o88bZgvWJAgvY1tHVhBuvsu,cus_Qdgxoju8TvCOxh,price_1PzBpWVBZov7oibPYdDyuoxi,1,active,charge_automatically,,eur,1762466302,1762466302,1778104702,1794002302,0,,,,,
sub_18njvYqqOJc7d1gLjqaVhMVn,cus_JgGp0HCEnnqOSr,price_1PzBpWVBZov7oibPYdDyuoxi,1,active,charge_automatically,,eur,1762517832,1762517832,1778156232,1794053832,0,,,,,
sub_1UNPDIHaWrojgp73lbfOxQgI,cus_avtlDBqKrnC5tB,price_15mHNODG6kmsTAyehOoCotl4,1,active,charge_automatically,,eur,1762694425,1762694425,1762694425,1794230425,0,,,,,
sub_1ociZWX2xufeDmwejwJKjvo1,cus_GqUFU5rFg1Kftr,price_15mHNODG6kmsTAyehOoCotl4,1,active,charge_automatically,,eur,1762789892,1762789892,1762789892,1794325892,1,1794325892,1771978045,,cancellation_requested,unused
sub_1TAJqdkg4gL8k4T7WRXJjsE3,cus_lzSZNU2bld3IQO,price_15mHNODG6kmsTAyehOoCotl4,1,active,charge_automatically,,eur,1762871607,1762871607,1762871607,1794407607,0,,,,,
sub_1Q1WQrd6w4tn9dxB1n9FDpAm,cus_lECK2uRkmv5KDk,price_15mHNODG6kmsTAyehOoCotl4,2,active,charge_automatically,,eur,1762946541,1762946541,1762946541,1794482541,0,,,,,
sub_1jnT7uth5oIoUVHPdtSmviqL,cus_jDLSwgwLBYKPvb,price_15mHNODG6kmsTAyehOoCotl4,1,active,charge_automatically,,eur,1763125500,1763125500,1763125500,1794661500,0,,,,,
sub_1GH490z9oRS2khuW3KJ3XGmv,cus_qiG5vNyP7z1q93,price_15mHNODG6kmsTAyehOoCotl4,1,active,charge_automatically,,eur,1763128549,1763128549,1763128549,1794664549,0,,,,,
sub_1Ul9UtzfgkoAvffGziE4uIlC,cus_d1kKfW6rc0qUOv,price_1PzBpWVBZov7oibPYdDyuoxi,1,canceled,charge_automatically,,eur,1763138285,1763138285,1763138285,1778776685,1,1778776685,1774365637,1778776685,cancellation_requested,too_expensive
sub_1rhvIUGMXRCiauJcgRcf7nKX,cus_ZVSmDOyYijv1G2,price_15mHNODG6kmsTAyehOoCotl4,1,active,charge_automatically,,eur,1763373489,1763373489,1779011889,1810547889,0,,,,,
sub_19yGWP2Lzylykhhx2PJA4Wwf,cus_pbaNTgA0aOeKrQ,price_15mHNODG6kmsTAyehOoCotl4,1,active,charge_automatically,,eur,1763407876,1763407876,1763407876,1794943876,0,,,,,
sub_1OtAjlmXMmBozCONFjSTOfmI,cus_jO1ndpVy5lc8yA,price_15mHNODG6kmsTAyehOoCotl4,1,active,charge_automatically,,eur,1763468399,1763468399,1763468399,1795004399,0,,,,,
sub_1FthBkVnd0ROYsuKGqqDrOjR,cus_cnaflEOpGsHMke,price_1PzBpWVBZov7oibPYdDyuoxi,2,canceled,charge_automatically,,eur,1763494173,1763494173,1763494173,1779132573,1,1779132573,1773333856,1779132573,cancellation_requested,
sub_1cRYScTlkxCfVUc1c7e2juqq,cus_XqN6miAZ1xmEIC,price_15mHNODG6kmsTAyehOoCotl4,1,active,charge_automatically,,eur,1763542058,1763542058,1763542058,1795078058,0,,,,,
sub_1MLhhTrOKcxzeQSyANvijlNH,cus_raH8otIAa6c5oi,price_15mHNODG6kmsTAyehOoCotl4,1,active,charge_automatically,,eur,1763548930,1763548930,1763548930,1795084930,0,,,,,
sub_1KzVL6qee1VXybqUQAh67I6S,cus_u1JD61sizEgpgx,price_15mHNODG6kmsTAyehOoCotl4,1,active,charge_automatically,,eur,1763561137,1763561137,1763561137,1795097137,0,,,,,
sub_1TRqD6YVqrVrT9ktGMdYwW2K,cus_uVGrkFuounyAoi,price_15mHNODG6kmsTAyehOoCotl4,2,active,charge_automatically,,eur,1763561193,1763561193,1763561193,1795097193,0,,,,,
sub_1HWLOBGo4twCnq8YmvcFvLLD,cus_fulC2AZR7bPUxp,price_15mHNODG6kmsTAyehOoCotl4,1,active,charge_automatically,,eur,1763629058,1763629058,1763629058,1795165058,0,,,,,
sub_1ULJ6cKDjxuz1AbtTTiDGOgh,cus_fCjbTaxnDsMZoC,price_15mHNODG6kmsTAyehOoCotl4,1,active,charge_automatically,,eur,1763635235,1763635235,1763635235,1795171235,0,,,,,
sub_1WOWlIpBeUMXOKSgyOz1CsNL,cus_ncLq6VhW7ZF2HF,price_15mHNODG6kmsTAyehOoCotl4,2,active,charge_automatically,,eur,1763638414,1763638414,1763638414,1795174414,0,,,,,
sub_1UMRvSfMlGc6vCCTeqfFw7T7,cus_7XzOgtSxrUQ21h,price_15mHNODG6kmsTAyehOoCotl4,2,active,charge_automatically,,eur,1763669358,1763669358,1763669358,1795205358,1,1795205358,1769407566,,cancellation_requested,unused
sub_17le5gytJnvcaMmlZjTpaLtm,cus_1XM1MJ6ZCNVvwz,price_15mHNODG6kmsTAyehOoCotl4,1,active,charge_automatically,,eur,1764006263,1764006263,1764006263,1795542263,0,,,,,
sub_1COvJITZniTwibohq3osYh0O,cus_SxKHxEWOcA1VJQ,price_1PzBpWVBZov7oibPYdDyuoxi,1,canceled,charge_automatically,,eur,1764144146,1764144146,1764144146,1779782546,1,1779782546,1774928013,1779782546,cancellation_requested,other
sub_1cnLawIB0Fdr934zGQv6CxhY,cus_eJgGxxZi3A8Pa2,price_15mHNODG6kmsTAyehOoCotl4,1,canceled,charge_automatically,,eur,1764227050,1764227050,1764227050,1795763050,0,,1765009510,1765009510,cancellation_requested,other
sub_1i4p9dSfE5gx8URxeNmla0kJ,cus_tYu7TRgz79D6cV,price_1PzBpWVBZov7oibPYdDyuoxi,1,canceled,charge_automatically,,eur,1764245258,1764245258,1779883658,1795781258,0,,1780577318,1780577318,payment_failed,
sub_1UQdzCJGfcqYlJ6s9023lznv,cus_EoY7h8Lr9rqJl8,price_15mHNODG6kmsTAyehOoCotl4,1,active,charge_automatically,,eur,1764268309,1764268309,1779906709,1811442709,0,,,,,
sub_1DvxurdIA9Agd15GZJbno9ce,cus_5LEmaziBBa8Sik,price_1PzBpWVBZov7oibPYdDyuoxi,1,canceled,charge_automatically,,eur,1764579082,1764579082,1764579082,1780303882,1,1780303882,1772690776,1780303882,cancellation_requested,other
sub_1rH3Rm13EVsinGFxzQ8PHGEd,cus_hyrULMUG3Fqxkz,price_1PzBpWVBZov7oibPYdDyuoxi,3,canceled,charge_automatically,,eur,1764615429,1764615429,1764615429,1780340229,1,1780340229,1772529193,1780340229,cancellation_requested,unused
sub_1xaT0NiihtT46Ig0ibRJ0wmH,cus_xXxAvcFdYz8phR,price_1PzBpWVBZov7oibPYdDyuoxi,1,canceled,charge_automatically,,eur,1764658700,1764658700,1764658700,1780383500,1,1780383500,1776679214,1780383500,cancellation_requested,
sub_10m3ZJhRcKlLiQR3ixrzZRbc,cus_12DXzJdhacmAqJ,price_15mHNODG6kmsTAyehOoCotl4,1,active,charge_automatically,,eur,1764668890,1764668890,1764668890,1796204890,0,,,,,
sub_1SuiDEB77cSIGHaUQ9XGeoBN,cus_C8ireBcFBqbyKu,price_1PzBpWVBZov7oibPYdDyuoxi,1,canceled,charge_automatically,,eur,1764691515,1764691515,1764691515,1780416315,1,1780416315,1776547450,1780416315,cancellation_requested,too_expensive
sub_1yrNORZ8klxEu2iwJEpMU6UD,cus_cXCNr9nh1wf84K,price_15mHNODG6kmsTAyehOoCotl4,1,active,charge_automatically,,eur,1764929146,1764929146,1764929146,1796465146,0,,,,,
sub_1LPl8Gtne1job96wCgw3b8jm,cus_D99w1bwrVxaYWW,price_1PzBpWVBZov7oibPYdDyuoxi,1,active,charge_automatically,,eur,1764952324,1764952324,1780677124,1796488324,0,,,,,
sub_1n2iPE6hBqBE9N29k7S8GOh0,cus_6JhNVJjYmjyDVe,price_1PzBpWVBZov7oibPYdDyuoxi,2,active,charge_automatically,,eur,1765120484,1765120484,1780845284,1796656484,0,,,,,
sub_1lZzutbai79yKW7TbMp5Kaw9,cus_aX0r8GgC6YMCfq,price_1PzBpWVBZov7oibPYdDyuoxi,1,canceled,charge_automatically,,eur,1765195273,1765195273,1765195273,1780920073,1,1780920073,1776771478,1780920073,cancellation_requested,other
sub_1l5CECFhn8bdotZ1xlKgHqf6,cus_1zG6ugNwFepoyp,price_15mHNODG6kmsTAyehOoCotl4,1,active,charge_automatically,,eur,1765384752,1765384752,1765384752,1796920752,0,,,,,
sub_17dGkuF9iyWRjLEoEzBRhNYY,cus_PytoTWMyP4Myw9,price_15mHNODG6kmsTAyehOoCotl4,1,active,charge_automatically,,eur,1765464752,1765464752,1765464752,1797000752,0,,,,,
sub_1VQ1Hulu671N5zqNdpLhzDWD,cus_e4YbTBXqGlITGS,price_15mHNODG6kmsTAyehOoCotl4,1,active,charge_automatically,,eur,1765540268,1765540268,1765540268,1797076268,0,,,,,
sub_1daTP22wjONquVeQqNuAv0m7,cus_tvyx1XZ3ObPK4T,price_15mHNODG6kmsTAyehOoCotl4,2,active,charge_automatically,,eur,1765553002,1765553002,1765553002,1797089002,0,,,,,
sub_1eoB2KI9BOxSNCtRnWBKpW05,cus_0UKG39xR3R94Ud,price_1PzBpWVBZov7oibPYdDyuoxi,1,canceled,charge_automatically,,eur,1765721266,1765721266,1765721266,1781446066,1,1781446066,1771372371,1781446066,cancellation_requested,
sub_10WyVSEBlVrDo4F2U3yBnfsn,cus_SgUYxNelqj9QjV,price_15mHNODG6kmsTAyehOoCotl4,1,active,charge_automatically,,eur,1765802738,1765802738,1781527538,1813063538,0,,,,,
sub_1jS4SGsBLHFFuk8Hkc4QcVQj,cus_va1nTbrxoUidhA,price_1PzBpWVBZov7oibPYdDyuoxi,2,active,send_invoice,30,eur,1765880706,1765880706,1781605506,1797416706,0,,,,,
sub_1zv9UwbHy0wYMGsXTEpYahM6,cus_pu7WC0mBj2la99,price_15mHNODG6kmsTAyehOoCotl4,1,active,charge_automatically,,eur,1765886802,1765886802,1781611602,1813147602,0,,,,,
sub_1DOIHzteW6nnZQpLZMffXxKE,cus_xg3objDOMXUfD7,price_15mHNODG6kmsTAyehOoCotl4,1,active,charge_automatically,,eur,1765895818,1765895818,1765895818,1797431818,0,,,,,
sub_1BZMM6RepsEnR0m2u6FkARCq,cus_kIKS9GUqVt0F6E,price_1PzBpWVBZov7oibPYdDyuoxi,1,active,charge_automatically,,eur,1765949902,1765949902,1781674702,1797485902,0,,,,,
sub_162HTMfTyQsPQDPfK7CLVDuA,cus_Mx2mtecmQlpa17,price_1PzBpWVBZov7oibPYdDyuoxi,1,active,charge_automatically,,eur,1765976412,1765976412,1781701212,1797512412,0,,,,,
sub_1gif5qTF1SW8lnVCqNq9XBNf,cus_XCQ1KF8Hz5XVEE,price_1PzBpWVBZov7oibPYdDyuoxi,1,canceled,charge_automatically,,eur,1766049008,1766049008,1766049008,1781773808,1,1781773808,1779173864,1781773808,cancellation_requested,switched_service
sub_1F4z6M1XZBwLEfmDTTuCE5J4,cus_b0RQO9UYfaWmJn,price_15mHNODG6kmsTAyehOoCotl4,1,active,charge_automatically,,eur,1766136093,1766136093,1766136093,1797672093,0,,,,,
sub_1sGQcBOhOJ1JnxPF4uRljglX,cus_kMLBmBQDS5VRLJ,price_1PzBpWVBZov7oibPYdDyuoxi,1,canceled,charge_automatically,,eur,1766240803,1766240803,1766240803,1781965603,1,1781965603,1777329206,1781965603,cancellation_requested,unused
sub_1QypTNTEfm3EEM1Jj1pn0iKu,cus_W0ASzHoVBJ3YIN,price_15mHNODG6kmsTAyehOoCotl4,1,active,charge_automatically,,eur,1766413027,1766413027,1766413027,1797949027,0,,,,,
sub_1slBVQJufs5YiTAa59SjV9Ii,cus_T3Ay5207USD6Ts,price_15mHNODG6kmsTAyehOoCotl4,1,active,charge_automatically,,eur,1766414727,1766414727,1766414727,1797950727,0,,,,,
sub_1fMdEcmCpqa84bpT0WijrbQX,cus_SZP6YRv2KtY8Ug,price_15mHNODG6kmsTAyehOoCotl4,1,active,charge_automatically,,eur,1766488670,1766488670,1766488670,1798024670,0,,,,,
sub_1UQudLf4ECkRvy1bPJmwoJcA,cus_KYsUvVhxRvonjC,price_15mHNODG6kmsTAyehOoCotl4,1,active,charge_automatically,,eur,1766496892,1766496892,1766496892,1798032892,0,,,,,
sub_16w6Xsa4rR2TZW82G2ai5cLr,cus_xyzjsUxmJMePqb,price_15mHNODG6kmsTAyehOoCotl4,1,active,charge_automatically,,eur,1766667822,1766667822,1766667822,1798203822,0,,,,,
sub_1hPTlOVZpAXUzLOGDRvboZOH,cus_2I6C1SMWOhgkWx,price_1PzBpWVBZov7oibPYdDyuoxi,1,active,charge_automatically,,eur,1766677074,1766677074,1782401874,1798213074,1,1798213074,1788730058,,cancellation_requested,
sub_1s7ramRLcp8ulyZWmGHe3Luv,cus_7fN9oFykIhkrIq,price_1PzBpWVBZov7oibPYdDyuoxi,2,active,send_invoice,30,eur,1766754924,1766754924,1782479724,1798290924,1,1798290924,1786243729,,cancellation_requested,missing_features
sub_1iGOnbSPQg9ZWF0QTLnRumdg,cus_NtNYw7v2LsHiTL,price_1PzBpWVBZov7oibPYdDyuoxi,1,canceled,charge_automatically,,eur,1767018354,1767018354,1767018354,1782743154,1,1782743154,1773922823,1782743154,cancellation_requested,too_expensive
sub_1eykuB0T9yMpD7sKTv1EEINP,cus_RCICVBEBlaXiEs,price_15mHNODG6kmsTAyehOoCotl4,2,active,charge_automatically,,eur,1767030829,1767030829,1767030829,1798566829,0,,,,,
sub_1UkEunGu4y5ys1SQS2NJqcWV,cus_Iv8f7gJdxbxlGr,price_15mHNODG6kmsTAyehOoCotl4,1,active,charge_automatically,,eur,1767173633,1767173633,1767173633,1798709633,0,,,,,
sub_14RtU7zAicpxw1HVYZcLA43j,cus_sKvmvBTQr1ESjy,price_15mHNODG6kmsTAyehOoCotl4,1,active,charge_automatically,,eur,1767206632,1767206632,1767206632,1798742632,0,,,,,
sub_1PYwnfNLoU86sJRijxJNl87B,cus_H55KgAET1PQ05C,price_15mHNODG6kmsTAyehOoCotl4,2,active,charge_automatically,,eur,1767209443,1767209443,1767209443,1798745443,1,1798745443,1778227508,,cancellation_requested,
sub_1EL9yVfHLjR4xhbV7bQrmRH3,cus_Urc0eaU5ySYjQM,price_15mHNODG6kmsTAyehOoCotl4,1,active,charge_automatically,,eur,1767280571,1767280571,1767280571,1798816571,0,,,,,
sub_1GWww4sL7ObJmjJfRhBtGnZW,cus_i1AeutESqLjpB7,price_1PzBpWVBZov7oibPYdDyuoxi,1,canceled,charge_automatically,,eur,1767343561,1767343561,1767343561,1782981961,1,1782981961,1772907944,1782981961,cancellation_requested,unused
sub_1cfNH3kZjlvNqRstm88nki8t,cus_jxYIsviweHjL16,price_15mHNODG6kmsTAyehOoCotl4,2,active,charge_automatically,,eur,1767380224,1767380224,1767380224,1798916224,0,,,,,
sub_1Ep35vmIOZ2LkfNR35e139mQ,cus_w1yXH877Gs9gs8,price_15mHNODG6kmsTAyehOoCotl4,2,active,charge_automatically,,eur,1767705242,1767705242,1767705242,1799241242,0,,,,,
sub_18EX2b2bCY5gUAxqMRieNNU6,cus_eIwEs0c1FrXcE4,price_15mHNODG6kmsTAyehOoCotl4,1,active,charge_automatically,,eur,1767738022,1767738022,1767738022,1799274022,1,1799274022,1773301664,,cancellation_requested,unused
sub_1nh8XQTAmE1ROnJsxS2h4N7f,cus_f9AWqtd3LupO10,price_15mHNODG6kmsTAyehOoCotl4,1,active,charge_automatically,,eur,1767878064,1767878064,1767878064,1799414064,0,,,,,
sub_1WwffdE5hr6V7Bf2DNQDcBFw,cus_mhqio72yWyzzz3,price_15mHNODG6kmsTAyehOoCotl4,3,active,send_invoice,14,eur,1767960090,1767960090,1767960090,1799496090,0,,,,,
sub_1ucewKmr6ejstngyxAi6Z65F,cus_MrGzn2NIU7VdD2,price_15mHNODG6kmsTAyehOoCotl4,1,active,charge_automatically,,eur,1767972463,1767972463,1783610863,1815146863,1,1815146863,1790528917,,cancellation_requested,switched_service
sub_12TmWtqj15l5KJ1PyrbZcpBU,cus_BUYyzUyic8fXib,price_1PzBpWVBZov7oibPYdDyuoxi,2,active,charge_automatically,,eur,1767973565,1767973565,1783611965,1799509565,1,1799509565,1784076471,,cancellation_requested,unused
sub_1FtBpGSKNsrVt9GBwLz0xlZT,cus_HzyFljMgiztP9e,price_15mHNODG6kmsTAyehOoCotl4,2,active,send_invoice,14,eur,1768236801,1768236801,1768236801,1799772801,0,,,,,
sub_1VV9rve05D67ZI3H7QD1FKiO,cus_KubJURaYADdeoF,price_15mHNODG6kmsTAyehOoCotl4,1,active,charge_automatically,,eur,1768372419,1768372419,1768372419,1799908419,0,,,,,
sub_1YS7woK5LXSSxi9zM78wzNDP,cus_MgNx0OMclWe2Xl,price_15mHNODG6kmsTAyehOoCotl4,1,active,charge_automatically,,eur,1768389630,1768389630,1768389630,1799925630,0,,,,,
sub_1tvT9MihDrFMF76lBLEqecP2,cus_ON5la0tE502pFf,price_1PzBpWVBZov7oibPYdDyuoxi,2,active,charge_automatically,,eur,1768410681,1768410681,1784049081,1799946681,0,,,,,
sub_1eorLE24vrVKDqi1McWfL1ur,cus_1Y5SUtnggYIHqn,price_15mHNODG6kmsTAyehOoCotl4,1,active,charge_automatically,,eur,1768493824,1768493824,1768493824,1800029824,0,,,,,
sub_1x36nNNdLNBlDAgXRBrO2kDf,cus_tCcxoZTwnnTRZk,price_15mHNODG6kmsTAyehOoCotl4,1,active,charge_automatically,,eur,1768578640,1768578640,1768578640,1800114640,0,,,,,
sub_1Cxj8Ywn7kCQWQjnw9rui9LB,cus_Xq5y74hx31KR1l,price_15mHNODG6kmsTAyehOoCotl4,1,active,charge_automatically,,eur,1768916131,1768916131,1768916131,1800452131,0,,,,,
sub_1mFlDvdLp6F4ohPxN3aSmWbD,cus_hl5Y5qZQveZ1gp,price_1PzBpWVBZov7oibPYdDyuoxi,1,active,charge_automatically,,eur,1768923612,1768923612,1784562012,1800459612,0,,,,,
sub_1PwBITjFwbnGwmcTsAGXuLro,cus_DiLY7Y6pBNAv3U,price_1PzBpWVBZov7oibPYdDyuoxi,1,canceled,charge_automatically,,eur,1768974403,1768974403,1768974403,1784612803,1,1784612803,1783089418,1784612803,cancellation_requested,unused
sub_1Bpo609Eux1DrJP8iTDvnB5M,cus_EnOesyMjrFnPDM,price_15mHNODG6kmsTAyehOoCotl4,1,active,charge_automatically,,eur,1768989678,1768989678,1768989678,1800525678,0,,,,,
sub_1GM8b2oEDoOcj1hxbU2x8F0e,cus_Fo0dYCeC7uzEKP,price_15mHNODG6kmsTAyehOoCotl4,1,active,charge_automatically,,eur,1769082628,1769082628,1769082628,1800618628,0,,,,,
sub_1Mzvq72GJUBNTR0TGWWmuYmx,cus_Ht1NWX1xNSShyD,price_15mHNODG6kmsTAyehOoCotl4,1,active,charge_automatically,,eur,1769096480,1769096480,1769096480,1800632480,0,,,,,
sub_1ztV1xRCvlYbX9EeWN0CEvVK,cus_f3oC0J8dnxpHQ2,price_15mHNODG6kmsTAyehOoCotl4,1,active,charge_automatically,,eur,1769179219,1769179219,1769179219,1800715219,0,,,,,
sub_1YqwOpw9BFbMUy1YltbCGE0g,cus_QpDJrwp74ahBq9,price_1PzBpWVBZov7oibPYdDyuoxi,3,canceled,charge_automatically,,eur,1769429550,1769429550,1769429550,1785067950,1,1785067950,1784775610,1785067950,cancellation_requested,too_expensive
sub_13Lma6gHv2CLzps2syBH0PKB,cus_eJ0Q10vj1H0OOc,price_15mHNODG6kmsTAyehOoCotl4,1,active,charge_automatically,,eur,1769434498,1769434498,1769434498,1800970498,1,1800970498,1773422721,,cancellation_requested,unused
sub_1jE1Fgc51xSeYuI5sHa0NbEK,cus_XazyzuWmKz5t5D,price_15mHNODG6kmsTAyehOoCotl4,2,active,send_invoice,30,eur,1769436246,1769436246,1769436246,1800972246,0,,,,,
sub_1rG4rSyn5sAX25clB2V44hMp,cus_yWoopKfNHcL3EQ,price_15mHNODG6kmsTAyehOoCotl4,1,active,charge_automatically,,eur,1769450727,1769450727,1769450727,1800986727,0,,,,,
sub_1FFs1vEd0tWvcPA3a3W2vhxU,cus_C05YhqzkN8QCZ6,price_15mHNODG6kmsTAyehOoCotl4,1,active,charge_automatically,,eur,1769510344,1769510344,1769510344,1801046344,0,,,,,
sub_1aY1JIE9rU4k6cdlQsZX9s63,cus_xitreqJCh0dvGP,price_15mHNODG6kmsTAyehOoCotl4,3,active,charge_automatically,,eur,1769605731,1769605731,1769605731,1801141731,0,,,,,
sub_1FaVCMej4KaJeefkoZ5Olc3I,cus_LQZI4PTnJwki0P,price_15mHNODG6kmsTAyehOoCotl4,1,active,charge_automatically,,eur,1769676453,1769676453,1769676453,1801212453,0,,,,,
sub_1IHCgEaaADZx5041oZjoyz6R,cus_qJz162aQGrDNcv,price_15mHNODG6kmsTAyehOoCotl4,1,active,charge_automatically,,eur,1769743660,1769743660,1769743660,1801279660,0,,,,,
sub_15yHSOhJs6dx2vM7dCOYIf2W,cus_xSR0T12v2Lr1AQ,price_15mHNODG6kmsTAyehOoCotl4,2,active,send_invoice,30,eur,1769773226,1769773226,1769773226,1801309226,0,,,,,
sub_1sDhRTgiOuq3ASzo6y4ac5If,cus_V10K6QDJI2mrcA,price_1PzBpWVBZov7oibPYdDyuoxi,2,active,charge_automatically,,eur,1769957263,1769957263,1785595663,1801493263,1,1801493263,1786262553,,cancellation_requested,too_expensive
sub_1NicWdwFc4g98554djjzMd1l,cus_g07X7jbR2tno9w,price_15mHNODG6kmsTAyehOoCotl4,2,active,charge_automatically,,eur,1770033973,1770033973,1770033973,1801569973,0,,,,,
sub_1gf0pOx9fTM3rBOwZke19WLA,cus_1Br5p1noeQzzNJ,price_15mHNODG6kmsTAyehOoCotl4,1,active,charge_automatically,,eur,1770107401,1770107401,1785745801,1817281801,0,,,,,
sub_1NqBEGVpWmCvYubhicM4om2V,cus_zaHLhmS703foem,price_15mHNODG6kmsTAyehOoCotl4,1,active,charge_automatically,,eur,1770132778,1770132778,1770132778,1801668778,0,,,,,
sub_1mmp3iVSWgtyB18WNCW64NtG,cus_POXsMiu45w1rvd,price_1PzBpWVBZov7oibPYdDyuoxi,1,canceled,charge_automatically,,eur,1770134934,1770134934,1770134934,1785773334,1,1785773334,1780420242,1785773334,cancellation_requested,switched_service
sub_1Ng9F2IdmRbJRtz1apStu7PH,cus_juXwdbpk5VA0ev,price_15mHNODG6kmsTAyehOoCotl4,1,canceled,charge_automatically,,eur,1770174359,1770174359,1770174359,1801710359,0,,1770978299,1770978299,cancellation_requested,other
sub_1LmnMvCOHf9QlfiNKa7uqVDx,cus_p6GmBhA2czIYCq,price_15mHNODG6kmsTAyehOoCotl4,1,active,charge_automatically,,eur,1770196975,1770196975,1770196975,1801732975,0,,,,,
sub_1naMpzJzOnyh34OJUzqhKHfx,cus_I7G6nTYaRXo6f1,price_15mHNODG6kmsTAyehOoCotl4,3,active,charge_automatically,,eur,1770291685,1770291685,1770291685,1801827685,0,,,,,
sub_102xeMPs2TgHu2ueoywKGeVI,cus_BQCxQjwmgveJno,price_15mHNODG6kmsTAyehOoCotl4,1,active,charge_automatically,,eur,1770374522,1770374522,1770374522,1801910522,0,,,,,
sub_1yytmvDSK3YXOkkEN3mlfkq6,cus_836OPOEZE6kToG,price_15mHNODG6kmsTAyehOoCotl4,2,active,charge_automatically,,eur,1770381258,1770381258,1770381258,1801917258,0,,,,,
sub_1NA7BAltSvyIPoTpK9Eh7oF1,cus_JRCgy7fZEbWJf7,price_15mHNODG6kmsTAyehOoCotl4,1,active,charge_automatically,,eur,1770381296,1770381296,1770381296,1801917296,0,,,,,
sub_1U8Bqmhokwjg2Ohgn1AwBRy0,cus_39pOsxALIbHHZ8,price_15mHNODG6kmsTAyehOoCotl4,1,active,charge_automatically,,eur,1770383886,1770383886,1770383886,1801919886,1,1801919886,1777491787,,cancellation_requested,
sub_1GSsVoqmllb54Z6CWjjfKvdZ,cus_efw0WAnU82fZPD,price_1PzBpWVBZov7oibPYdDyuoxi,1,active,charge_automatically,,eur,1770551845,1770551845,1786190245,1802087845,0,,,,,
sub_1N4P6UUYt8Czq15N8bUQDTns,cus_Q3KetG72KB0D4b,price_15mHNODG6kmsTAyehOoCotl4,1,active,charge_automatically,,eur,1770553017,1770553017,1770553017,1802089017,0,,,,,
sub_1Pm3wx3ed0esiI6Cb0dN7FXA,cus_vowdwz57jrmNxx,price_15mHNODG6kmsTAyehOoCotl4,1,active,charge_automatically,,eur,1770650721,1770650721,1770650721,1802186721,0,,,,,
sub_1HrTn43ciVrddL1bL0996Q9C,cus_NPm3UDdQWcrHxi,price_15mHNODG6kmsTAyehOoCotl4,2,active,send_invoice,30,eur,1770656083,1770656083,1770656083,1802192083,0,,,,,
sub_1daKr71S01GaRjsNJ09v5016,cus_NrCcm1gmTxHYoi,price_1PzBpWVBZov7oibPYdDyuoxi,1,canceled,charge_automatically,,eur,1770702134,1770702134,1770702134,1786340534,1,1786340534,1785521600,1786340534,cancellation_requested,missing_features
sub_1icCwgZ71PPJ32ZXl61bXAnt,cus_D9DqVcVkNMsPWM,price_15mHNODG6kmsTAyehOoCotl4,2,active,charge_automatically,,eur,1770725666,1770725666,1770725666,1802261666,0,,,,,
sub_1BuHiXL7962wJ5BOB4x6lL87,cus_1qAabNTtrV3T4n,price_1PzBpWVBZov7oibPYdDyuoxi,1,canceled,charge_automatically,,eur,1770735093,1770735093,1770735093,1786373493,1,1786373493,1778743003,1786373493,cancellation_requested,unused
sub_1nznh0Z5UHKDNOIjhHZD0Dkp,cus_0nXKrlLlzmE8Mz,price_15mHNODG6kmsTAyehOoCotl4,1,active,charge_automatically,,eur,1770763114,1770763114,1770763114,1802299114,0,,,,,
sub_1jCX0GxVQAEJx1oP0XqNntRi,cus_07fYHfDBnOTkUv,price_1PzBpWVBZov7oibPYdDyuoxi,2,active,charge_automatically,,eur,1770812172,1770812172,1786450572,1802348172,1,1802348172,1786560302,,cancellation_requested,unused
sub_1Dx8up2QtamxIBaWUooUWBUl,cus_xHgKtU9SOhIC68,price_15mHNODG6kmsTAyehOoCotl4,1,active,charge_automatically,,eur,1770813444,1770813444,1786451844,1817987844,0,,,,,
sub_1Q0YDsz2Ava7QwlMYim23G87,cus_NRSBZj1GfXx9Mq,price_15mHNODG6kmsTAyehOoCotl4,1,active,charge_automatically,,eur,1770829356,1770829356,1770829356,1802365356,0,,,,,
sub_1Ok8MMdzi1UlZEdX9KAGDSYb,cus_AeZuS2zKlh4WhO,price_15mHNODG6kmsTAyehOoCotl4,1,active,charge_automatically,,eur,1770876538,1770876538,1786514938,1818050938,0,,,,,
sub_1sd5do1DmTlDZOkOiEcXtyay,cus_X9HfrOyi1ScsDt,price_15mHNODG6kmsTAyehOoCotl4,3,active,charge_automatically,,eur,1770890881,1770890881,1770890881,1802426881,0,,,,,
sub_1xBdQm3PnXWasdrspZiNQ5Mo,cus_vmuvpbIjgpHzSL,price_15mHNODG6kmsTAyehOoCotl4,1,active,charge_automatically,,eur,1770902108,1770902108,1770902108,1802438108,0,,,,,
sub_1AbBLwoTxN8HfcQpqGSUEP8q,cus_LFJUVA24AlJ5is,price_15mHNODG6kmsTAyehOoCotl4,1,active,charge_automatically,,eur,1770977558,1770977558,1770977558,1802513558,0,,,,,
sub_1BaNV1EP2AxE1DaH2aXBMpdW,cus_DXbayD0mZIOr1G,price_1PzBpWVBZov7oibPYdDyuoxi,2,past_due,send_invoice,30,eur,1770983126,1770983126,1786621526,1802519126,0,,,,,
sub_1U3aTVGlfENtusLnKoYQv0I0,cus_fj8vMU1GuHzFoA,price_15mHNODG6kmsTAyehOoCotl4,1,active,charge_automatically,,eur,1771022635,1771022635,1771022635,1802558635,0,,,,,
sub_1nyZCyitPw5b2pXceYsayWUL,cus_yXFENNLSF3FBlo,price_15mHNODG6kmsTAyehOoCotl4,2,active,send_invoice,14,eur,1771232269,1771232269,1771232269,1802768269,0,,,,,
sub_1VfiqWQQir41yJBDFcBpO0SU,cus_yOWpiOEZvPbUqJ,price_1rZNWjoHyFR0curJyiOr9KAW,1,active,send_invoice,30,eur,1771242528,1771242528,1771242528,1802778528,0,,,,,
sub_1U0WtbQHBT6ad5aGLFPoKRcy,cus_YXcBPUlmrIapKW,price_15mHNODG6kmsTAyehOoCotl4,1,active,charge_automatically,,eur,1771280350,1771280350,1771280350,1802816350,1,1802816350,1776528264,,cancellation_requested,
sub_1na7tRKM1tLoKXXRf2Uh8vye,cus_pR7uWSoEw36xdg,price_15mHNODG6kmsTAyehOoCotl4,2,active,send_invoice,30,eur,1771314393,1771314393,1771314393,1802850393,0,,,,,
sub_1lj6XjncXuaWeMgT86FuIToY,cus_jfIYToLBYzC2MT,price_1PzBpWVBZov7oibPYdDyuoxi,1,active,charge_automatically,,eur,1771408981,1771408981,1787047381,1802944981,0,,,,,
sub_1RE1kWGLGPvD0g8DbShZrNgT,cus_ZAdvi4PtG9oitr,price_15mHNODG6kmsTAyehOoCotl4,1,active,charge_automatically,,eur,1771410374,1771410374,1771410374,1802946374,0,,,,,
sub_108TcQXf1pRDR9TcS366C8HT,cus_tTjcvyyA4R1VwK,price_15mHNODG6kmsTAyehOoCotl4,1,active,charge_automatically,,eur,1771484588,1771484588,1771484588,1803020588,0,,,,,
sub_1VvoFDQvj94OGfUl1y1RYzFF,cus_6zMdqHzdhm76Sn,price_15mHNODG6kmsTAyehOoCotl4,1,active,charge_automatically,,eur,1771490989,1771490989,1771490989,1803026989,0,,,,,
sub_1xpjrVQPy01qLHO4TzL5T1dt,cus_RwXFKph8nLBUQw,price_15mHNODG6kmsTAyehOoCotl4,1,active,charge_automatically,,eur,1771589914,1771589914,1771589914,1803125914,1,1803125914,1771847593,,cancellation_requested,missing_features
sub_16kCGngNMSHAg6NEQD7WMEgk,cus_KmE1GDtrvSkXWz,price_15mHNODG6kmsTAyehOoCotl4,1,active,charge_automatically,,eur,1771851566,1771851566,1771851566,1803387566,0,,,,,
sub_1cjag1p6VVqtR5WYRUhVzeq8,cus_OTk2R1fBWFyYz4,price_15mHNODG6kmsTAyehOoCotl4,2,active,charge_automatically,,eur,1771860110,1771860110,1771860110,1803396110,0,,,,,
sub_1FhHEsqiw8a8kTQDtLKChVHU,cus_BYMW4oNF31FaxC,price_1PzBpWVBZov7oibPYdDyuoxi,1,active,charge_automatically,,eur,1771927427,1771927427,1787565827,1803463427,1,1803463427,1787989572,,cancellation_requested,switched_service
sub_1cz7t71YXKe7gFEILg3mcKle,cus_t0l66Ge1fKwlIO,price_15mHNODG6kmsTAyehOoCotl4,2,active,charge_automatically,,eur,1772036576,1772036576,1772036576,1803572576,0,,,,,
sub_1sBrmeaawWZcdbPog5QqpLUn,cus_GQGxe66yMVdpXb,price_1PzBpWVBZov7oibPYdDyuoxi,1,active,charge_automatically,,eur,1772038739,1772038739,1787677139,1803574739,0,,,,,
sub_118qRyhVF2B1fjLD6ldb7jy4,cus_n4cWetdI0LI2iv,price_1PzBpWVBZov7oibPYdDyuoxi,1,active,charge_automatically,,eur,1772096953,1772096953,1787735353,1803632953,0,,,,,
sub_1afleAdplx7pSkI13BRR9r83,cus_LdLUeRzwV0xaWi,price_15mHNODG6kmsTAyehOoCotl4,3,active,charge_automatically,,eur,1772109763,1772109763,1772109763,1803645763,0,,,,,
sub_1adXV4ibuWYRhaE4PtShWRGS,cus_9wfgsULjCp8UbE,price_15mHNODG6kmsTAyehOoCotl4,1,active,charge_automatically,,eur,1772110565,1772110565,1772110565,1803646565,0,,,,,
sub_1S81DmDbrlfQXIOLw8qYrQSp,cus_zs0SCrFvimtGRZ,price_15mHNODG6kmsTAyehOoCotl4,5,active,charge_automatically,,eur,1772170684,1772170684,1772170684,1803706684,0,,,,,
sub_1AnnN9sXmTSpGTVlNhWtXihp,cus_Z37N80Z0Nhi7N3,price_15mHNODG6kmsTAyehOoCotl4,1,active,charge_automatically,,eur,1772180698,1772180698,1772180698,1803716698,1,1803716698,1781153470,,cancellation_requested,unused
sub_1a9Bcxjcz96OSdj2irZM1ZQS,cus_HeD6Aj3o9Bb1GH,price_1PzBpWVBZov7oibPYdDyuoxi,2,active,charge_automatically,,eur,1772180854,1772180854,1787819254,1803716854,0,,,,,
sub_18IAli2xXTPaZJ9k8UTvVkL4,cus_sDUXNkeeiUhAAd,price_15mHNODG6kmsTAyehOoCotl4,1,active,charge_automatically,,eur,1772181196,1772181196,1772181196,1803717196,0,,,,,
sub_1H0GDec5bF2dE9eqbu8Nn8KA,cus_1v1GkqU7XutcZe,price_1PzBpWVBZov7oibPYdDyuoxi,1,active,charge_automatically,,eur,1772182318,1772182318,1787820718,1803718318,0,,,,,
sub_1yuwVSKIIYZmfXYX0upAFTCq,cus_UQ7uKyNg3WjaJI,price_1PzBpWVBZov7oibPYdDyuoxi,1,canceled,charge_automatically,,eur,1772212865,1772212865,1772212865,1787851265,0,,1773105485,1773105485,cancellation_requested,other
sub_1CLiKE6S9BOwKEZtFS9YKkYU,cus_vW3CN8SeWeJ5AW,price_15mHNODG6kmsTAyehOoCotl4,2,active,charge_automatically,,eur,1772448575,1772448575,1788346175,1819882175,0,,,,,
sub_1QgVbg5bl7zGyckh9KmAIHyD,cus_WzLWAxXJmSirvk,price_1PzBpWVBZov7oibPYdDyuoxi,1,active,charge_automatically,,eur,1772521736,1772521736,1788419336,1804057736,0,,,,,
sub_1OxsITpaKk7swyeHFAMvWfct,cus_oy2GHllOCjFkw2,price_15mHNODG6kmsTAyehOoCotl4,1,active,charge_automatically,,eur,1772526027,1772526027,1772526027,1804062027,0,,,,,
sub_1viCYEECt8Y9N8yvGrG3b7BN,cus_Q3X9Y63E9S3ADO,price_1PzBpWVBZov7oibPYdDyuoxi,3,active,charge_automatically,,eur,1772534290,1772534290,1788431890,1804070290,0,,,,,
sub_11qPOeWQXqjvYJ2DZO4w03oY,cus_dg1JxeTL2441FI,price_15mHNODG6kmsTAyehOoCotl4,1,active,charge_automatically,,eur,1772539224,1772539224,1772539224,1804075224,0,,,,,
sub_1bCjPxNz4LAw8E1bqZFiQrtH,cus_KZZae5ykQW7p6e,price_1PzBpWVBZov7oibPYdDyuoxi,1,canceled,charge_automatically,,eur,1772614909,1772614909,1772614909,1788512509,1,1788512509,1787658989,1788512509,cancellation_requested,
sub_1epWJnouZtrTb6L7zga8QwoU,cus_bcse1gYONzwUGE,price_1PzBpWVBZov7oibPYdDyuoxi,1,canceled,charge_automatically,,eur,1772623310,1772623310,1772623310,1788520910,1,1788520910,1787687526,1788520910,cancellation_requested,switched_service
sub_1P7Q78QQlPd5RkiftoGmwUBB,cus_LgEIJHFpyCMqZI,price_1PzBpWVBZov7oibPYdDyuoxi,1,canceled,charge_automatically,,eur,1772635983,1772635983,1772635983,1788533583,1,1788533583,1778464237,1788533583,cancellation_requested,too_expensive
sub_1A3WioDTNKXdQxg5c9gHhedU,cus_uGtl3EB0sMkch6,price_15mHNODG6kmsTAyehOoCotl4,2,active,charge_automatically,,eur,1772800607,1772800607,1772800607,1804336607,0,,,,,
sub_1Ovx87siRtQmdy4wtFIWwK2n,cus_WKemJoNkHrZ2uf,price_15mHNODG6kmsTAyehOoCotl4,1,active,charge_automatically,,eur,1772815310,1772815310,1788712910,1820248910,1,1820248910,1790194885,,cancellation_requested,switched_service
sub_1NGJbFK5f9PrgIwx39cPhhRU,cus_H3BUGd9loxPE2b,price_15mHNODG6kmsTAyehOoCotl4,1,active,charge_automatically,,eur,1772838455,1772838455,1772838455,1804374455,0,,,,,
sub_11cw3VlLD1K5kdwSRv138AKk,cus_UlayBvtdwUPn81,price_15mHNODG6kmsTAyehOoCotl4,1,active,charge_automatically,,eur,1773137363,1773137363,1773137363,1804673363,1,1804673363,1783701642,,cancellation_requested,other
sub_1MZIKadiub2iuaYs8X3xhtsz,cus_Z2LwnG4M1CuJWU,price_1PzBpWVBZov7oibPYdDyuoxi,1,active,charge_automatically,,eur,1773314372,1773314372,1789211972,1804850372,0,,,,,
sub_1bI1uxOKsxlzSpLiBaJuQo0w,cus_4kH0qGy0fnU0MS,price_1PzBpWVBZov7oibPYdDyuoxi,2,canceled,send_invoice,30,eur,1773326747,1773326747,1773326747,1789224347,1,1789224347,1780522941,1789224347,cancellation_requested,
sub_1r328bBKpmIVJLGImgC8viyQ,cus_f9elR1LduysAzy,price_1PzBpWVBZov7oibPYdDyuoxi,1,canceled,charge_automatically,,eur,1773339844,1773339844,1773339844,1789237444,1,1789237444,1783774892,1789237444,cancellation_requested,other
sub_1JoXFIGr3UsyBDKyyK9aWeON,cus_XyTUbWUaNU071R,price_15mHNODG6kmsTAyehOoCotl4,1,active,charge_automatically,,eur,1773416815,1773416815,1773416815,1804952815,0,,,,,
sub_1NblYUk5vFUyCsvGfUuAd1Yg,cus_Oz3Yfscsd2mefC,price_15mHNODG6kmsTAyehOoCotl4,5,active,charge_automatically,,eur,1773482727,1773482727,1773482727,1805018727,0,,,,,
sub_1APsvIqBtElb4TERhNKb8VFO,cus_gquYMHyc0g3xOa,price_15mHNODG6kmsTAyehOoCotl4,1,active,charge_automatically,,eur,1773653981,1773653981,1773653981,1805189981,0,,,,,
sub_1AgTE5LxaC9zCDHRWtF57L2h,cus_GU140zsNB9nypc,price_1PzBpWVBZov7oibPYdDyuoxi,1,canceled,charge_automatically,,eur,1773659082,1773659082,1773659082,1789556682,1,1789556682,1781993460,1789556682,cancellation_requested,switched_service
sub_1VODqkEPEJLEzIC1JjFQzMpa,cus_ceFpuDRCtT66UE,price_15mHNODG6kmsTAyehOoCotl4,2,active,charge_automatically,,eur,1773674912,1773674912,1773674912,1805210912,0,,,,,
sub_1fQkDZBFmks9B3lObyzkqCId,cus_tFCpgjpO6TH9yO,price_15mHNODG6kmsTAyehOoCotl4,2,active,charge_automatically,,eur,1773677742,1773677742,1773677742,1805213742,0,,,,,
sub_1gCD15BbBEZomiGebfkMESDE,cus_p7S5be4b1YGv3u,price_1PzBpWVBZov7oibPYdDyuoxi,2,canceled,charge_automatically,,eur,1773686226,1773686226,1773686226,1789583826,1,1789583826,1785479026,1789583826,cancellation_requested,
sub_12B8d32tODeBJhRoK5PC9n5n,cus_ZhePg70GjokGcW,price_15mHNODG6kmsTAyehOoCotl4,1,active,charge_automatically,,eur,1773729723,1773729723,1789627323,1821163323,0,,,,,
sub_1b4xO4Hllf76xfF6pH7qpm92,cus_VHKfd3pb4hp20o,price_15mHNODG6kmsTAyehOoCotl4,1,active,charge_automatically,,eur,1773755305,1773755305,1773755305,1805291305,1,1805291305,1778436576,,cancellation_requested,
sub_1JVtQRCD2PdZ6Kp9i5jdSD6g,cus_Qx6ysti9qx8zt2,price_15mHNODG6kmsTAyehOoCotl4,2,active,charge_automatically,,eur,1773757252,1773757252,1773757252,1805293252,0,,,,,
sub_1KWayoPGQkyh0rsJGIucSGf6,cus_3VsiukD0Nw7qou,price_1PzBpWVBZov7oibPYdDyuoxi,1,active,charge_automatically,,eur,1773820264,1773820264,1789717864,1805356264,0,,,,,
sub_1X6zD6xYM3AMvxiEdKBg7IYI,cus_6grjz1tzLNhL7e,price_15mHNODG6kmsTAyehOoCotl4,3,active,charge_automatically,,eur,1773835270,1773835270,1789732870,1821268870,0,,,,,
sub_1wexnJ2sAtODISCNyUSA7cRB,cus_eQgjEgLGVSQk4z,price_15mHNODG6kmsTAyehOoCotl4,1,active,charge_automatically,,eur,1773844600,1773844600,1773844600,1805380600,0,,,,,
sub_1Kw5pjCuP1YhLaISknTlhnKH,cus_Eup8Pn2h0XMOWl,price_15mHNODG6kmsTAyehOoCotl4,1,active,charge_automatically,,eur,1774015880,1774015880,1774015880,1805551880,0,,,,,
sub_1y4UQewIVUZfuhumkN0Yfpc2,cus_0oCQrVB5SD5SuG,price_1PzBpWVBZov7oibPYdDyuoxi,1,canceled,charge_automatically,,eur,1774021233,1774021233,1774021233,1789918833,1,1789918833,1786095123,1789918833,cancellation_requested,unused
sub_1j688widfXbRrS0KXRtrDRmG,cus_xnTr699iNlUDrC,price_15mHNODG6kmsTAyehOoCotl4,1,active,charge_automatically,,eur,1774024958,1774024958,1774024958,1805560958,0,,,,,
sub_1utqFOHngkWGIPh5z54hh4if,cus_QO1eJGoZCOMTJD,price_1PzBpWVBZov7oibPYdDyuoxi,1,active,charge_automatically,,eur,1774051065,1774051065,1789948665,1805587065,0,,,,,
sub_1BbTxObEIP2VWrOCwYaMkb8k,cus_EFHc1UIijnB8oJ,price_1PzBpWVBZov7oibPYdDyuoxi,1,active,charge_automatically,,eur,1774088681,1774088681,1789986281,1805624681,0,,,,,
sub_1pdI2TXP3gVJ2qAwttUTqr2H,cus_bVRSScVuVJUksI,price_1PzBpWVBZov7oibPYdDyuoxi,1,canceled,charge_automatically,,eur,1774201103,1774201103,1774201103,1790098703,1,1790098703,1779881137,1790098703,cancellation_requested,switched_service
sub_1l9tB2cjvjAe8yQD2PJPLRKV,cus_T60QsrnrZFD1Vw,price_1PzBpWVBZov7oibPYdDyuoxi,1,active,charge_automatically,,eur,1774254013,1774254013,1790151613,1805790013,0,,,,,
sub_1RrwCZuEQ80uIcmjIaYS2Zlg,cus_ca6NOscm9eIDXt,price_15mHNODG6kmsTAyehOoCotl4,1,active,charge_automatically,,eur,1774288412,1774288412,1774288412,1805824412,0,,,,,
sub_1H5p8W1V4vLfBbhADRZXFa5e,cus_T4Tsb2CfL15RGM,price_15mHNODG6kmsTAyehOoCotl4,5,active,charge_automatically,,eur,1774365760,1774365760,1774365760,1805901760,0,,,,,
sub_1rFvtcC3bMAJ83jhhxxix5vF,cus_0W5971M2Iule0f,price_15mHNODG6kmsTAyehOoCotl4,1,active,charge_automatically,,eur,1774517541,1774517541,1774517541,1806053541,0,,,,,
sub_112c9odF0AKmlm8lGpMo58co,cus_bWpHvduUM2bvEF,price_15mHNODG6kmsTAyehOoCotl4,1,active,charge_automatically,,eur,1774521859,1774521859,1774521859,1806057859,0,,,,,
sub_1a7iK18vYbwUXJTnD5jWhnrA,cus_guCXXckMYIPz5q,price_1PzBpWVBZov7oibPYdDyuoxi,1,canceled,charge_automatically,,eur,1774527233,1774527233,1774527233,1790424833,1,1790424833,1788249039,1790424833,cancellation_requested,too_expensive
sub_1wuMhMlXYvKqGQLJGTO53aoE,cus_uT6z2dph2RQzl5,price_15mHNODG6kmsTAyehOoCotl4,1,active,charge_automatically,,eur,1774528471,1774528471,1790426071,1821962071,0,,,,,
sub_16acc4RJBlptPvq5xmwPbiT0,cus_GzuwI74Pn8xDjj,price_15mHNODG6kmsTAyehOoCotl4,1,active,charge_automatically,,eur,1774582115,1774582115,1774582115,1806118115,0,,,,,
sub_1VfgyTKF6tUkt7EaiKfPE3g5,cus_lHIX8Neep5V7Wf,price_15mHNODG6kmsTAyehOoCotl4,1,active,charge_automatically,,eur,1774800055,1774800055,1774800055,1806336055,1,1806336055,1781078604,,cancellation_requested,too_expensive
sub_1ox0jA1hVW4zwdW9AJb1eUR7,cus_2mT7uMJzqLQ6RQ,price_15mHNODG6kmsTAyehOoCotl4,1,active,charge_automatically,,eur,1774859208,1774859208,1790756808,1822292808,0,,,,,
sub_1q92Vw8kzP15Cpwm1xybHYk8,cus_sEXbpE7OxsTdDX,price_15mHNODG6kmsTAyehOoCotl4,1,active,charge_automatically,,eur,1774917299,1774917299,1774917299,1806453299,0,,,,,
sub_1tNQfECPGs9trQ35eyoVTsAK,cus_y5gaD5zGnrjO4Z,price_1PzBpWVBZov7oibPYdDyuoxi,1,active,charge_automatically,,eur,1775031946,1775031946,1775031946,1790843146,1,1790843146,1788650216,,cancellation_requested,too_expensive
sub_1FyDgcG5u6YzbhxO4UqD0vdT,cus_ZD1BxtHdGw9PZs,price_1PzBpWVBZov7oibPYdDyuoxi,1,active,charge_automatically,,eur,1775065247,1775065247,1775065247,1790876447,0,,,,,
sub_1OcCuywLxh4GGzeM8zGNr0iZ,cus_XVzD64FU0vA3TE,price_1PzBpWVBZov7oibPYdDyuoxi,3,active,charge_automatically,,eur,1775070101,1775070101,1775070101,1790881301,0,,,,,
sub_1Pp7AMFmbZm39KteOBAbgoxO,cus_SoqRNUzO8nu0P4,price_1PzBpWVBZov7oibPYdDyuoxi,3,active,send_invoice,14,eur,1775202998,1775202998,1775202998,1791014198,0,,,,,
sub_1q9RsXZPVtsYN2KBH1CRUqrj,cus_PXr9xsbgrrTrzl,price_15mHNODG6kmsTAyehOoCotl4,1,active,charge_automatically,,eur,1775225681,1775225681,1775225681,1806761681,1,1806761681,1790569645,,cancellation_requested,too_expensive
sub_12lCKWFAVm18H9cIMEAELzOz,cus_yv7JLpQlAZttTw,price_1VFZgTR9dq7pUTahBiDCorju,1,active,send_invoice,30,eur,1775562925,1775562925,1775562925,1807098925,0,,,,,
sub_1xfIIdZIWLq6kStsHXtplQsF,cus_bCBtfQJxsUerp6,price_1PzBpWVBZov7oibPYdDyuoxi,2,active,send_invoice,14,eur,1775570201,1775570201,1775570201,1791381401,1,1791381401,1784655176,,cancellation_requested,unused
sub_1ocneYoT95ocdYTOHfLoRubI,cus_plIZIhZZ4EEOoc,price_15mHNODG6kmsTAyehOoCotl4,1,active,charge_automatically,,eur,1775577321,1775577321,1775577321,1807113321,1,1807113321,1780135597,,cancellation_requested,too_expensive
sub_1nxNcpA4sLWgHIVmvC8rVccJ,cus_mr8unAcjYM7o8k,price_1PzBpWVBZov7oibPYdDyuoxi,3,active,charge_automatically,,eur,1775735414,1775735414,1775735414,1791546614,0,,,,,
sub_1PSlK4xM4oztiqVA4i0R5wx8,cus_DsiymwFrTKr9xr,price_1PzBpWVBZov7oibPYdDyuoxi,1,active,charge_automatically,,eur,1775745493,1775745493,1775745493,1791556693,0,,,,,
sub_1pkEn7vYigPCCRXnyZQss5bp,cus_HIFFFtIpdpHFni,price_1PzBpWVBZov7oibPYdDyuoxi,2,active,charge_automatically,,eur,1775757425,1775757425,1775757425,1791568625,0,,,,,
sub_1nHTBSnn7rK7SlHXGVCgi6Y4,cus_nSVoNTKR5fIVXq,price_15mHNODG6kmsTAyehOoCotl4,1,active,charge_automatically,,eur,1775803981,1775803981,1775803981,1807339981,1,1807339981,1789292189,,cancellation_requested,
sub_1Vt358Gvrg8tdIYx8iy7XyaD,cus_cc1886WJqBomNd,price_1PzBpWVBZov7oibPYdDyuoxi,1,active,charge_automatically,,eur,1775821682,1775821682,1775821682,1791632882,0,,,,,
sub_1CTGRCRdKWW2tU8VU4dfNhfq,cus_2XxgxYOIwzJAug,price_1PzBpWVBZov7oibPYdDyuoxi,1,active,charge_automatically,,eur,1775823710,1775823710,1775823710,1791634910,0,,,,,
sub_1UiYUlnOkQiQAio2gv2DVMEF,cus_bC36gxAqa8JfRA,price_1PzBpWVBZov7oibPYdDyuoxi,1,active,charge_automatically,,eur,1776025256,1776025256,1776025256,1791836456,0,,,,,
sub_1zSG2hXuuEHQEk98zwvt2NOg,cus_2ualkbY383weht,price_15mHNODG6kmsTAyehOoCotl4,3,active,charge_automatically,,eur,1776064290,1776064290,1776064290,1807600290,0,,,,,
sub_1tq9yMXUBnWU76LIjroANjzz,cus_X7ZbhbVmCoeny8,price_15mHNODG6kmsTAyehOoCotl4,1,active,charge_automatically,,eur,1776081110,1776081110,1776081110,1807617110,0,,,,,
sub_1XIfKfRzZ4pahPyMrzrE39sB,cus_noWn18IQKJ7eeX,price_15mHNODG6kmsTAyehOoCotl4,1,active,charge_automatically,,eur,1776191797,1776191797,1776191797,1807727797,0,,,,,
sub_1v4oBcDUj2hmMYMaLue1KlsL,cus_IBo8ag37e6aLtr,price_15mHNODG6kmsTAyehOoCotl4,2,active,charge_automatically,,eur,1776276098,1776276098,1776276098,1807812098,0,,,,,
sub_1yoFhlS0zmHfm0XivJaahREN,cus_7SwVajfyjcrlIs,price_15mHNODG6kmsTAyehOoCotl4,3,active,charge_automatically,,eur,1776343839,1776343839,1776343839,1807879839,0,,,,,
sub_1Ql3K2rYWw9K8e8tIS7dlFLU,cus_b3oefHmWA8weSI,price_1PzBpWVBZov7oibPYdDyuoxi,1,active,charge_automatically,,eur,1776357788,1776357788,1776357788,1792168988,0,,,,,
sub_1rCM64xb3tXdsvqULfuJIRGG,cus_BnoIiPis6R2veR,price_15mHNODG6kmsTAyehOoCotl4,1,active,charge_automatically,,eur,1776358539,1776358539,1776358539,1807894539,0,,,,,
sub_1z6tWUcdcq7VrYhQxUkYyS13,cus_dVAd3I8rHwItNO,price_15mHNODG6kmsTAyehOoCotl4,1,active,charge_automatically,,eur,1776368532,1776368532,1776368532,1807904532,0,,,,,
sub_1OATAzq4OleRzpJh5XChLHjG,cus_XyhDgHlSf69oEz,price_15mHNODG6kmsTAyehOoCotl4,1,active,charge_automatically,,eur,1776369410,1776369410,1776369410,1807905410,0,,,,,
sub_1NMrY5BdZnOuaxrAFmTEhPOn,cus_UKX8sYwNcSaCCu,price_15mHNODG6kmsTAyehOoCotl4,1,active,charge_automatically,,eur,1776451183,1776451183,1776451183,1807987183,0,,,,,
sub_1NdL8wPfqkkv3vAeb5VUOtV9,cus_W7Xclr4ZjUvp3c,price_1PzBpWVBZov7oibPYdDyuoxi,1,active,charge_automatically,,eur,1776452911,1776452911,1776452911,1792264111,0,,,,,
sub_1d8L2GnYyWyVx8NnXyALkL2t,cus_oQfj9TRJg3gI3X,price_1PzBpWVBZov7oibPYdDyuoxi,1,active,charge_automatically,,eur,1776454557,1776454557,1776454557,1792265757,1,1792265757,1778444662,,cancellation_requested,switched_service
sub_1PwjzD7TRv7XDezXcVmVStF4,cus_Za5ax2X7N3d67u,price_15mHNODG6kmsTAyehOoCotl4,1,active,charge_automatically,,eur,1776456395,1776456395,1776456395,1807992395,0,,,,,
sub_1ATwjPtokphQt75FgFIrTca9,cus_jCxszWufBnQeHz,price_1PzBpWVBZov7oibPYdDyuoxi,2,active,charge_automatically,,eur,1776521316,1776521316,1776521316,1792332516,1,1792332516,1784555289,,cancellation_requested,switched_service
sub_14LFulDa5Ax2SmBgPNlyP5hJ,cus_ilNikcC8kFvF31,price_15mHNODG6kmsTAyehOoCotl4,1,active,charge_automatically,,eur,1776684936,1776684936,1776684936,1808220936,1,1808220936,1785704529,,cancellation_requested,unused
sub_1bktBoHeBcxdxw1fuXeuGVr8,cus_w5hazzBLmsjpnP,price_15mHNODG6kmsTAyehOoCotl4,1,active,charge_automatically,,eur,1776687918,1776687918,1776687918,1808223918,0,,,,,
sub_1QFCyn23h1EbtNea6QaimPs0,cus_d2IzUiy2ssHZYJ,price_15mHNODG6kmsTAyehOoCotl4,1,active,charge_automatically,,eur,1776714252,1776714252,1776714252,1808250252,0,,,,,
sub_1YcK5ast2IVKwz06h1J7Jw59,cus_aEZB1HrEbaVh2C,price_1PzBpWVBZov7oibPYdDyuoxi,3,active,charge_automatically,,eur,1776742668,1776742668,1776742668,1792553868,0,,,,,
sub_1JthXtNYoNYr2VDvL8IYglG0,cus_5zrU2MlsCZZ7qh,price_1PzBpWVBZov7oibPYdDyuoxi,1,active,charge_automatically,,eur,1776757043,1776757043,1776757043,1792568243,0,,,,,
sub_1QrL00sA7n9Jn2nxUmNTq5ky,cus_gNPy5VuFB75FGq,price_15mHNODG6kmsTAyehOoCotl4,3,active,charge_automatically,,eur,1776778753,1776778753,1776778753,1808314753,0,,,,,
sub_1ZUQO7XUYVyy6qxkH8qeB12V,cus_5uEG3FjEA6vzDD,price_15mHNODG6kmsTAyehOoCotl4,2,active,charge_automatically,,eur,1776869805,1776869805,1776869805,1808405805,0,,,,,
sub_1Vn5FwwJCZ6dgYH0rLefU5YT,cus_3L6JyapI3eFnHr,price_15mHNODG6kmsTAyehOoCotl4,1,active,charge_automatically,,eur,1776923158,1776923158,1776923158,1808459158,0,,,,,
sub_1tt0yaAczvknktfFUl7vD6vL,cus_GpSRz2KKxVfziq,price_1PzBpWVBZov7oibPYdDyuoxi,2,active,charge_automatically,,eur,1776928181,1776928181,1776928181,1792739381,0,,,,,
sub_1qIo2qU5dIdxPdw196xD2KcY,cus_0ZBLH4tBMR6GoT,price_15mHNODG6kmsTAyehOoCotl4,1,active,charge_automatically,,eur,1776937049,1776937049,1776937049,1808473049,0,,,,,
sub_1K3SxL3RcZHUpePwX5d3AC9I,cus_1lrp6vPUxzHieJ,price_1PzBpWVBZov7oibPYdDyuoxi,1,active,charge_automatically,,eur,1776940457,1776940457,1776940457,1792751657,0,,,,,
sub_1cXOujP0YXuKaiuFG5YbCPBE,cus_JBFXlYOpa7On0F,price_1PzBpWVBZov7oibPYdDyuoxi,1,active,charge_automatically,,eur,1777017797,1777017797,1777017797,1792828997,0,,,,,
sub_1DEZSDbqpekn4YcfTVU7kxKB,cus_bC7Eb8mXwVlWNK,price_15mHNODG6kmsTAyehOoCotl4,1,active,charge_automatically,,eur,1777029231,1777029231,1777029231,1808565231,1,1808565231,1787073044,,cancellation_requested,unused
sub_1szohpM5hw5aMDO7vwfmqZX3,cus_Ii6dAS78sguuYM,price_1PzBpWVBZov7oibPYdDyuoxi,1,active,charge_automatically,,eur,1777123518,1777123518,1777123518,1792934718,0,,,,,
sub_1x0WMvx39SrJScGQ4bmiGld7,cus_Kk0dZw3oNyMWkM,price_1PzBpWVBZov7oibPYdDyuoxi,1,active,charge_automatically,,eur,1777319777,1777319777,1777319777,1793130977,0,,,,,
sub_1e5vUQZBFM39zNr5vWTOlfus,cus_G9FgVEZsnNH4ny,price_15mHNODG6kmsTAyehOoCotl4,1,active,charge_automatically,,eur,1777330482,1777330482,1777330482,1808866482,0,,,,,
sub_1PuhdumviK3BYmUb1BwO6r2A,cus_s3sbCGPpCdEvOT,price_15mHNODG6kmsTAyehOoCotl4,1,active,charge_automatically,,eur,1777364158,1777364158,1777364158,1808900158,0,,,,,
sub_1jEZnjVZeJzLiM7hE7Ag4ncy,cus_KPl8r2rClKN7qL,price_15mHNODG6kmsTAyehOoCotl4,1,active,charge_automatically,,eur,1777396581,1777396581,1777396581,1808932581,0,,,,,
sub_1yCHeQYZXtZq2GqCigepK6y3,cus_ZhVrTe4arDRUg6,price_15mHNODG6kmsTAyehOoCotl4,1,active,charge_automatically,,eur,1777405438,1777405438,1777405438,1808941438,0,,,,,
sub_1AcdCXMcmHQgluSUyn8eyQvZ,cus_ZkvJZGPIcrJtLU,price_1PzBpWVBZov7oibPYdDyuoxi,2,active,charge_automatically,,eur,1777457763,1777457763,1777457763,1793268963,0,,,,,
sub_1Rr8dKEjoD3vrcTMy32UzDLH,cus_oBOrXS66KoPoaR,price_1PzBpWVBZov7oibPYdDyuoxi,1,active,charge_automatically,,eur,1777460429,1777460429,1777460429,1793271629,0,,,,,
sub_1y2RgMUPpAess0hXyOilyK9J,cus_yNvZ8mX92C1t9p,price_15mHNODG6kmsTAyehOoCotl4,2,active,charge_automatically,,eur,1777633068,1777633068,1777633068,1809169068,1,1809169068,1780282365,,cancellation_requested,other
sub_1cYAPwTNwqnDM9pnE8WPksHf,cus_7QlQAJEYYIXw3M,price_15mHNODG6kmsTAyehOoCotl4,1,active,charge_automatically,,eur,1777639290,1777639290,1777639290,1809175290,0,,,,,
sub_1vSsLmy8mUDXROp7eVSngh9h,cus_PbUNKFDhA4oAgF,price_15mHNODG6kmsTAyehOoCotl4,1,active,charge_automatically,,eur,1777647143,1777647143,1777647143,1809183143,0,,,,,
sub_11wmdSRtETt6orXhZpNeCH75,cus_Ka6NQJgCsNjce8,price_1PzBpWVBZov7oibPYdDyuoxi,1,active,charge_automatically,,eur,1777721163,1777721163,1777721163,1793618763,0,,,,,
sub_1GivGLTJp4dKBk4N2WbLvHjw,cus_6jRu6MgBM5jald,price_15mHNODG6kmsTAyehOoCotl4,1,active,charge_automatically,,eur,1777810505,1777810505,1777810505,1809346505,0,,,,,
sub_16wJtidmQjxDJ5zS00xOOXjf,cus_4g3fGRhiW7rUrw,price_15mHNODG6kmsTAyehOoCotl4,1,active,charge_automatically,,eur,1777879409,1777879409,1777879409,1809415409,0,,,,,
sub_1jbvCy4GqJxHQLmQIni9Pdcn,cus_KxG9nHi2PpphUl,price_15mHNODG6kmsTAyehOoCotl4,1,active,charge_automatically,,eur,1777900542,1777900542,1777900542,1809436542,0,,,,,
sub_1gMh540yXOILArysblpd9jEw,cus_Ir6dsLuAnoDrAK,price_15mHNODG6kmsTAyehOoCotl4,1,active,charge_automatically,,eur,1778060904,1778060904,1778060904,1809596904,0,,,,,
sub_1HoT8TBEvH46g5zlvO6XnmSS,cus_AviZpZU5kf4BSD,price_15mHNODG6kmsTAyehOoCotl4,1,canceled,charge_automatically,,eur,1778061881,1778061881,1778061881,1809597881,0,,1778668481,1778668481,cancellation_requested,other
sub_1lkHLWp4sXyayYfyfXFwjZBV,cus_8FADfXayF0fXTg,price_1PzBpWVBZov7oibPYdDyuoxi,1,active,charge_automatically,,eur,1778071042,1778071042,1778071042,1793968642,0,,,,,
sub_1SmRYDWlTkFHadXAvYE6nFtJ,cus_pZajes06YLbV2A,price_1PzBpWVBZov7oibPYdDyuoxi,1,active,charge_automatically,,eur,1778092987,1778092987,1778092987,1793990587,0,,,,,
sub_1dc8OI1pHdipHAfbWHlUJedz,cus_6NqTP0oCcauwEc,price_15mHNODG6kmsTAyehOoCotl4,1,active,charge_automatically,,eur,1778168134,1778168134,1778168134,1809704134,0,,,,,
sub_1wPoY7OwarCiUGcKVdCLeeUK,cus_JDCdjMx3GNnNlf,price_15mHNODG6kmsTAyehOoCotl4,2,active,send_invoice,30,eur,1778258257,1778258257,1778258257,1809794257,0,,,,,
sub_1VgVfadxbnCWuK6G3OYdeFMG,cus_7ytoOnnzwTjgUh,price_15mHNODG6kmsTAyehOoCotl4,5,active,charge_automatically,,eur,1778258885,1778258885,1778258885,1809794885,0,,,,,
sub_1wJnFDzBdAG4wbtu6oiRayVa,cus_6IlWn5AmMcGzBy,price_1PzBpWVBZov7oibPYdDyuoxi,1,active,charge_automatically,,eur,1778344891,1778344891,1778344891,1794242491,1,1794242491,1788545278,,cancellation_requested,switched_service
sub_1ztR8lMfUy5lMYML4t9gfK53,cus_ZFduike4YH50Tg,price_1H2NeAAS7DuM26JCZiDWX5sP,1,active,send_invoice,45,eur,1778510587,1778510587,1778510587,1810046587,0,,,,,
sub_1U0OwUA5J84SPSattW16Qct4,cus_PmGfl1i7spl3dS,price_15mHNODG6kmsTAyehOoCotl4,1,active,charge_automatically,,eur,1778566172,1778566172,1778566172,1810102172,0,,,,,
sub_1lVA89de3qpr6ceM5wxhkfW9,cus_hZUgWKN88QSYki,price_15mHNODG6kmsTAyehOoCotl4,1,active,charge_automatically,,eur,1778570904,1778570904,1778570904,1810106904,0,,,,,
sub_1uQRueoiPVifNe6OGF9TM3l9,cus_3h8NLmrt55daoQ,price_15mHNODG6kmsTAyehOoCotl4,1,active,charge_automatically,,eur,1778592915,1778592915,1778592915,1810128915,0,,,,,
sub_1VieIc3M5Kx7a1ieXVnuL492,cus_vLpO6XRt2C6RTX,price_15mHNODG6kmsTAyehOoCotl4,3,active,charge_automatically,,eur,1778605734,1778605734,1778605734,1810141734,0,,,,,
sub_12XFps1EMSi6HnNVd8eIVt5i,cus_65mnkaOt4Usp6n,price_15mHNODG6kmsTAyehOoCotl4,1,active,charge_automatically,,eur,1778628524,1778628524,1778628524,1810164524,0,,,,,
sub_1NNxX0pnUKoH72Hl7NNB2qUV,cus_lyQVHLRyUNronY,price_1PzBpWVBZov7oibPYdDyuoxi,2,active,charge_automatically,,eur,1778761911,1778761911,1778761911,1794659511,0,,,,,
sub_17WIR2DaVRSB8NqJqMw8spS6,cus_9u5yedCVk9CtAV,price_15mHNODG6kmsTAyehOoCotl4,1,active,charge_automatically,,eur,1778771976,1778771976,1778771976,1810307976,0,,,,,
sub_1SDCcRENVbo40rVGZylxTOu8,cus_zZnR9OZc1WzWiu,price_1PzBpWVBZov7oibPYdDyuoxi,1,active,charge_automatically,,eur,1778799855,1778799855,1778799855,1794697455,0,,,,,
sub_1yyT4FsRm5MbuIGjYL2WNw2x,cus_MK6VmoyHd1dt57,price_15mHNODG6kmsTAyehOoCotl4,1,active,charge_automatically,,eur,1778859027,1778859027,1778859027,1810395027,0,,,,,
sub_1KIbhp3NJInQD4bmAdcOVjiY,cus_eCKjwVA584HNhu,price_15mHNODG6kmsTAyehOoCotl4,3,active,charge_automatically,,eur,1779137578,1779137578,1779137578,1810673578,0,,,,,
sub_1LUMXh7vGzA870rwCA5IRN8O,cus_bzGzMkFGwhbvOM,price_15mHNODG6kmsTAyehOoCotl4,1,active,charge_automatically,,eur,1779228172,1779228172,1779228172,1810764172,1,1810764172,1787774534,,cancellation_requested,unused
sub_1oIEI0gTl0kaJukSTVqYPIsH,cus_HDwXEBbawAPij7,price_15mHNODG6kmsTAyehOoCotl4,5,active,send_invoice,30,eur,1779286177,1779286177,1779286177,1810822177,0,,,,,
sub_1ohO4KwXNKKkbMb372Z9LeWQ,cus_m6Oq2mNIDfIXKI,price_1PzBpWVBZov7oibPYdDyuoxi,1,active,charge_automatically,,eur,1779301863,1779301863,1779301863,1795199463,0,,,,,
sub_1mbGheHeIiNFWTJArNLA4ucq,cus_yLsMsysHAZKZ8b,price_1PzBpWVBZov7oibPYdDyuoxi,2,active,charge_automatically,,eur,1779426957,1779426957,1779426957,1795324557,0,,,,,
sub_1OaRYwcSVAFsyadNAvTYdApW,cus_pGxZ0v7qzpKgf0,price_15mHNODG6kmsTAyehOoCotl4,1,active,charge_automatically,,eur,1779447096,1779447096,1779447096,1810983096,0,,,,,
sub_1FpPtrYJWMgz49C15rimzQMT,cus_l3rHsF9lBTbhoM,price_1PzBpWVBZov7oibPYdDyuoxi,1,active,charge_automatically,,eur,1779450936,1779450936,1779450936,1795348536,0,,,,,
sub_1QX250aKF3q2FnPfvNqAacfO,cus_lZOHjixMsN4okn,price_15mHNODG6kmsTAyehOoCotl4,1,active,charge_automatically,,eur,1779534666,1779534666,1779534666,1811070666,0,,,,,
sub_140jNCdoYJCTWk40xnYh0RhL,cus_yNwQCcx1e7gVo1,price_1PzBpWVBZov7oibPYdDyuoxi,1,active,charge_automatically,,eur,1779596290,1779596290,1779596290,1795493890,0,,,,,
sub_1Dlxtuip54PEIHtofIspOy2R,cus_EN9awFuxt6oxey,price_15mHNODG6kmsTAyehOoCotl4,1,active,charge_automatically,,eur,1779691119,1779691119,1779691119,1811227119,0,,,,,
sub_1D7LH6cvnUp5lrpkjD3cSuZt,cus_koIA2Z5CDc3HKf,price_1PzBpWVBZov7oibPYdDyuoxi,1,active,charge_automatically,,eur,1779713768,1779713768,1779713768,1795611368,0,,,,,
sub_1tXZ6VimBRgFUdfbKUqzzwSk,cus_xoedQ2nWsQ9OYA,price_15mHNODG6kmsTAyehOoCotl4,1,active,charge_automatically,,eur,1779725946,1779725946,1779725946,1811261946,0,,,,,
sub_1dssLLWN3hJwDBIGnexNGTg2,cus_sBDdMxezGiBtd4,price_15mHNODG6kmsTAyehOoCotl4,1,active,charge_automatically,,eur,1779783256,1779783256,1779783256,1811319256,0,,,,,
sub_14UVMoSq3ODfnEPyxqsdzSma,cus_2IzZIyhD5is9ls,price_15mHNODG6kmsTAyehOoCotl4,1,active,charge_automatically,,eur,1779881303,1779881303,1779881303,1811417303,0,,,,,
sub_1Q7GI2uxCoX6KLLmS4X5Hsok,cus_nBb0oN3pY19PL0,price_1PzBpWVBZov7oibPYdDyuoxi,1,active,charge_automatically,,eur,1779888809,1779888809,1779888809,1795786409,0,,,,,
sub_1PQ72JMwBKKDTsPuLhbuHKv9,cus_P3KmOxaKcjVTfB,price_15mHNODG6kmsTAyehOoCotl4,1,active,charge_automatically,,eur,1779911481,1779911481,1779911481,1811447481,0,,,,,
sub_1qpSqgqyPi9HyABNqsf8g0xo,cus_ZapgPGxDPPlHir,price_15mHNODG6kmsTAyehOoCotl4,1,active,charge_automatically,,eur,1779970044,1779970044,1779970044,1811506044,1,1811506044,1788108446,,cancellation_requested,
sub_17BoG5V23wFvkpOrbCwvRCmH,cus_BOODWlXERmvsbm,price_15mHNODG6kmsTAyehOoCotl4,2,active,send_invoice,30,eur,1780004935,1780004935,1780004935,1811540935,0,,,,,
sub_1wo2vhPQEiUnie2DUrUPe0AS,cus_28gmW3KyUWxO74,price_15mHNODG6kmsTAyehOoCotl4,2,active,charge_automatically,,eur,1780064369,1780064369,1780064369,1811600369,0,,,,,
sub_1kGqujXDHuMF10G0xk83u6AF,cus_QsLsltX0mmZh5a,price_1PzBpWVBZov7oibPYdDyuoxi,2,active,charge_automatically,,eur,1780320289,1780320289,1780320289,1796131489,1,1796131489,1780799811,,cancellation_requested,missing_features
sub_18IaKSrGcFTlEYiJIuxQTm0a,cus_YqXMc4gjyLrCew,price_15mHNODG6kmsTAyehOoCotl4,2,active,charge_automatically,,eur,1780320593,1780320593,1780320593,1811856593,0,,,,,
sub_1lLjeFWkQnAgk1gsAMWwsDkY,cus_o3FfzpAL7SEiHi,price_1PzBpWVBZov7oibPYdDyuoxi,1,active,charge_automatically,,eur,1780340216,1780340216,1780340216,1796151416,0,,,,,
sub_1k5shHs5fkzuGkZLDJhxrBDn,cus_NG3mY2TZw2U1WE,price_1PzBpWVBZov7oibPYdDyuoxi,1,canceled,charge_automatically,,eur,1780371829,1780371829,1780371829,1796183029,0,,1780651189,1780651189,cancellation_requested,other
sub_1irQv7pDNrT2gdyvp1ICkgSt,cus_Vn4r2ZEUObHewJ,price_1PzBpWVBZov7oibPYdDyuoxi,1,active,charge_automatically,,eur,1780410034,1780410034,1780410034,1796221234,0,,,,,
sub_1OW2C5TURZA4HeSdOpkgbxqG,cus_wJAvkchfdRemyf,price_15mHNODG6kmsTAyehOoCotl4,1,active,charge_automatically,,eur,1780411284,1780411284,1780411284,1811947284,0,,,,,
sub_13psJr7cyNljWsY4lAujIIff,cus_qpAlgdTpcOQgqC,price_1PzBpWVBZov7oibPYdDyuoxi,1,active,charge_automatically,,eur,1780906879,1780906879,1780906879,1796718079,0,,,,,
sub_1NhvIxrU7GGPxjTcUf8u7PU7,cus_hhg7toLsspWVrc,price_15mHNODG6kmsTAyehOoCotl4,1,active,charge_automatically,,eur,1780918195,1780918195,1780918195,1812454195,0,,,,,
sub_1gtDZVnP371xu7NOCYFYugc2,cus_NIGvx8FS2pEPvL,price_15mHNODG6kmsTAyehOoCotl4,2,active,charge_automatically,,eur,1781075352,1781075352,1781075352,1812611352,0,,,,,
sub_1W6o8IuTZHWWn0ehlQn2hZMr,cus_mLjs0sw8zXwus5,price_15mHNODG6kmsTAyehOoCotl4,1,active,charge_automatically,,eur,1781189084,1781189084,1781189084,1812725084,0,,,,,
sub_19kpSTD3i3pEmxknXWLykmvB,cus_FXsw6XJY6BXbZB,price_1PzBpWVBZov7oibPYdDyuoxi,1,active,charge_automatically,,eur,1781194079,1781194079,1781194079,1797005279,0,,,,,
sub_1AfVDfqJElyUgFVnnypCMVH6,cus_ZFD1WW9aHnyZPJ,price_1PzBpWVBZov7oibPYdDyuoxi,1,active,charge_automatically,,eur,1781252047,1781252047,1781252047,1797063247,0,,,,,
sub_1jLuaG48ul1sB2D7YtIN0Sf0,cus_JlhmKOBpinB4Gv,price_15mHNODG6kmsTAyehOoCotl4,1,active,charge_automatically,,eur,1781298550,1781298550,1781298550,1812834550,0,,,,,
sub_1Y2JjGfw1LDzDmr7sMZv1Y3G,cus_4TPMtnZWGLQlZI,price_1PzBpWVBZov7oibPYdDyuoxi,1,active,charge_automatically,,eur,1781377086,1781377086,1781377086,1797188286,1,1797188286,1789065862,,cancellation_requested,
sub_19ALD0Mv1vtE6URO97bzSg2F,cus_uW78Dye8IDqpgG,price_15mHNODG6kmsTAyehOoCotl4,1,active,charge_automatically,,eur,1781452223,1781452223,1781452223,1812988223,0,,,,,
sub_1Gq2UMw1InfahgWOOJVfW1Ul,cus_QdNXfJF8Xx8czX,price_15mHNODG6kmsTAyehOoCotl4,1,active,charge_automatically,,eur,1781529687,1781529687,1781529687,1813065687,0,,,,,
sub_17w0W2ag1rCT2Js4ab8ueorT,cus_ZUduUx1Gt4W6DW,price_15mHNODG6kmsTAyehOoCotl4,5,active,charge_automatically,,eur,1781797608,1781797608,1781797608,1813333608,0,,,,,
sub_1qc54ZZYe5LkgS9RgUMiCUkZ,cus_oXjsKzILJDE1g6,price_1PzBpWVBZov7oibPYdDyuoxi,1,active,charge_automatically,,eur,1781878375,1781878375,1781878375,1797689575,0,,,,,
sub_1vsIMMVYnT1q5KlfIkpWlN98,cus_TgCchPY2OEKGsd,price_15mHNODG6kmsTAyehOoCotl4,2,active,charge_automatically,,eur,1781884578,1781884578,1781884578,1813420578,0,,,,,
sub_1uNxIhaXi7ERs1jPH5Nhd6Su,cus_C5j0Kproh0V5I8,price_1yY5CQCVPGc5AX1pZyHePghN,1,active,send_invoice,30,eur,1782115270,1782115270,1782115270,1813651270,0,,,,,
sub_1tgXgslJ06lehVOYhxr7lslo,cus_sjLEJYsuoxU1E9,price_1PzBpWVBZov7oibPYdDyuoxi,1,active,charge_automatically,,eur,1782123086,1782123086,1782123086,1797934286,0,,,,,
sub_1KnNHsMOlW5ZKSUToz6J1lER,cus_qyO2x9JclplAWA,price_15mHNODG6kmsTAyehOoCotl4,1,active,charge_automatically,,eur,1782150442,1782150442,1782150442,1813686442,0,,,,,
sub_1WvdqVhI7hUWTwkOUAos4Juh,cus_QcOcXszZe1gwm0,price_15mHNODG6kmsTAyehOoCotl4,1,active,charge_automatically,,eur,1782235465,1782235465,1782235465,1813771465,0,,,,,
sub_18oPj0elEI2HKO7sPNtpUoiS,cus_6NaEy4mb0iSKRJ,price_1PzBpWVBZov7oibPYdDyuoxi,5,active,send_invoice,30,eur,1782278678,1782278678,1782278678,1798089878,0,,,,,
sub_17QpipGKDNRKmpGqOlXFmnLF,cus_naE5h56bBFERnf,price_1PzBpWVBZov7oibPYdDyuoxi,1,active,charge_automatically,,eur,1782300497,1782300497,1782300497,1798111697,0,,,,,
sub_1EBwVRh0lR8lEEUgd6k2teZp,cus_nRTUOl94jnQ2ke,price_15mHNODG6kmsTAyehOoCotl4,1,active,charge_automatically,,eur,1782305463,1782305463,1782305463,1813841463,0,,,,,
sub_1l5jZr0L4WM0FsmtO4ooabjY,cus_1b6hMxVVn7JwB3,price_15mHNODG6kmsTAyehOoCotl4,2,canceled,charge_automatically,,eur,1782307048,1782307048,1782307048,1813843048,0,,1782671343,1782671343,cancellation_requested,other
sub_1pXEGIPBIIiPdCGZdqQzbQcs,cus_j5JQrjy2qMrTS4,price_15mHNODG6kmsTAyehOoCotl4,1,active,charge_automatically,,eur,1782316335,1782316335,1782316335,1813852335,0,,,,,
sub_1T2Av8AScUr1iCO2cLrXF2Mt,cus_yYkekoyOtDyOv5,price_15mHNODG6kmsTAyehOoCotl4,1,active,charge_automatically,,eur,1782329035,1782329035,1782329035,1813865035,0,,,,,
sub_1uc7SugJdX6GAffY6Yduaxtw,cus_wdlqWD4GDrp3H6,price_15mHNODG6kmsTAyehOoCotl4,1,active,charge_automatically,,eur,1782407919,1782407919,1782407919,1813943919,1,1813943919,1782703933,,cancellation_requested,other
sub_12AM87XzYgN69WxeLVgDUIhM,cus_8IWiKKciyae4Pk,price_15mHNODG6kmsTAyehOoCotl4,3,active,charge_automatically,,eur,1782472102,1782472102,1782472102,1814008102,0,,,,,
sub_1LCCRNp2zc5b9WmSNESC62YZ,cus_4K2dIv8Ypudpzg,price_15mHNODG6kmsTAyehOoCotl4,2,active,charge_automatically,,eur,1782488040,1782488040,1782488040,1814024040,0,,,,,
sub_1ci9OmUmPSvPU0Cx2g5u0sFr,cus_7VHRSqHADv0n7r,price_15mHNODG6kmsTAyehOoCotl4,1,active,charge_automatically,,eur,1782715312,1782715312,1782715312,1814251312,0,,,,,
sub_1yBf2lxShLuKhzDALvl4BN2R,cus_HSYFf9q2hvUrwY,price_15mHNODG6kmsTAyehOoCotl4,1,active,charge_automatically,,eur,1782722681,1782722681,1782722681,1814258681,0,,,,,
sub_1f9MaVxvQahlpHoiyJ1JoLfB,cus_UVPWY87GzlzBau,price_15mHNODG6kmsTAyehOoCotl4,1,active,charge_automatically,,eur,1782741129,1782741129,1782741129,1814277129,1,1814277129,1784832440,,cancellation_requested,switched_service
sub_1gl09FsAEphILYPYJSje4yMT,cus_Pdy8RQgn8Nwthz,price_15mHNODG6kmsTAyehOoCotl4,1,active,charge_automatically,,eur,1782813080,1782813080,1782813080,1814349080,0,,,,,
sub_1V9wXOs1cFqCnL3xcNkP3t5U,cus_Crb30KHzuFDLSx,price_1PzBpWVBZov7oibPYdDyuoxi,1,active,charge_automatically,,eur,1782880943,1782880943,1782880943,1798778543,0,,,,,
sub_1fOMMyZRUBfsaPF2inMrdca5,cus_abNCyZRw8Hu7wX,price_15mHNODG6kmsTAyehOoCotl4,1,active,charge_automatically,,eur,1782886223,1782886223,1782886223,1814422223,0,,,,,
sub_1bygLwAKTXNaeV5PeExqlBUg,cus_XeY2Shuwn2zL0D,price_1PzBpWVBZov7oibPYdDyuoxi,1,active,charge_automatically,,eur,1782932690,1782932690,1782932690,1798830290,0,,,,,
sub_118vQT1ZKZwIV55zZG4hSFox,cus_8xV04ops9wO8wM,price_15mHNODG6kmsTAyehOoCotl4,1,active,charge_automatically,,eur,1783078681,1783078681,1783078681,1814614681,0,,,,,
sub_1TJgMCpbOElPFCWB2hZcVbmZ,cus_Nu09XPE6DDe2xu,price_1PzBpWVBZov7oibPYdDyuoxi,1,active,charge_automatically,,eur,1783091836,1783091836,1783091836,1798989436,1,1798989436,1789216913,,cancellation_requested,unused
sub_1tYlE6JR7JZPQN7fRpkFjHzA,cus_BIQ8Hw6YQP3SIA,price_15mHNODG6kmsTAyehOoCotl4,1,active,charge_automatically,,eur,1783095205,1783095205,1783095205,1814631205,0,,,,,
sub_1ASsc2ZvsipJMmqVLIY2Ab3o,cus_MD58RYasUAcRs6,price_15mHNODG6kmsTAyehOoCotl4,1,active,charge_automatically,,eur,1783106778,1783106778,1783106778,1814642778,0,,,,,
sub_14203wYYxYjE8evAHv9vUPix,cus_yJXtGcQabJl1DQ,price_1PzBpWVBZov7oibPYdDyuoxi,5,active,charge_automatically,,eur,1783240693,1783240693,1783240693,1799138293,0,,,,,
sub_1MRcnXKbjlqb0Ekc9wunarbp,cus_pTBtocucGjtRSR,price_15mHNODG6kmsTAyehOoCotl4,2,active,charge_automatically,,eur,1783367558,1783367558,1783367558,1814903558,0,,,,,
sub_15oF7bIAIIixviXT1ytkAGFw,cus_7YOaO6JGi7IkPC,price_1PzBpWVBZov7oibPYdDyuoxi,1,active,charge_automatically,,eur,1783373726,1783373726,1783373726,1799271326,1,1799271326,1787785690,,cancellation_requested,unused
sub_1Z3UknciYh9PEg39FcoRbtTp,cus_QBRhz5ViPRsY5t,price_15mHNODG6kmsTAyehOoCotl4,1,active,charge_automatically,,eur,1783470164,1783470164,1783470164,1815006164,1,1815006164,1790466775,,cancellation_requested,too_expensive
sub_17v7UaYJxQu2I9o0JbKCYSF1,cus_KS748idSz8MwqJ,price_1PzBpWVBZov7oibPYdDyuoxi,1,active,charge_automatically,,eur,1783486169,1783486169,1783486169,1799383769,0,,,,,
sub_1t87CjpvlXriPR0eV4Ed5juq,cus_bJatms8AbNxiBE,price_15mHNODG6kmsTAyehOoCotl4,1,active,charge_automatically,,eur,1783511591,1783511591,1783511591,1815047591,0,,,,,
sub_1czXW3mFRWvKY7BtkUsuJFka,cus_RDtkdTudLQqpuG,price_15mHNODG6kmsTAyehOoCotl4,1,active,charge_automatically,,eur,1783579665,1783579665,1783579665,1815115665,0,,,,,
sub_1EX8lqSdH0pPh6K5rHT5jvB6,cus_HtLdg9293dKJ1L,price_1PzBpWVBZov7oibPYdDyuoxi,1,active,charge_automatically,,eur,1783605080,1783605080,1783605080,1799502680,0,,,,,
sub_1z166NFLBa7wn3g6taxASHC4,cus_tfHPTtYeetHcFw,price_1PzBpWVBZov7oibPYdDyuoxi,1,active,charge_automatically,,eur,1783605088,1783605088,1783605088,1799502688,0,,,,,
sub_1hnJ6BXzeYxHCF1FEHSfgbar,cus_u5vahJHdDerR0c,price_1PzBpWVBZov7oibPYdDyuoxi,1,active,charge_automatically,,eur,1783613932,1783613932,1783613932,1799511532,0,,,,,
sub_1cZmsggloLRTOnmOs1229CES,cus_22rlYxG89A0Lr0,price_1PzBpWVBZov7oibPYdDyuoxi,1,active,charge_automatically,,eur,1783667657,1783667657,1783667657,1799565257,0,,,,,
sub_1gxTwkry5ZUHZUGrIemaKVHs,cus_peQKm0xjD2WtWe,price_1PzBpWVBZov7oibPYdDyuoxi,2,active,charge_automatically,,eur,1783686435,1783686435,1783686435,1799584035,0,,,,,
sub_11ABgT6motzcoGtlEhlFtcHE,cus_dKluB5W2nBYNQ8,price_1PzBpWVBZov7oibPYdDyuoxi,1,active,charge_automatically,,eur,1783688082,1783688082,1783688082,1799585682,0,,,,,
sub_1zA17DCZxUUKM0uma1Ios0zC,cus_SfcRScBn3v6ehf,price_15mHNODG6kmsTAyehOoCotl4,1,active,charge_automatically,,eur,1783691341,1783691341,1783691341,1815227341,1,1815227341,1787887367,,cancellation_requested,unused
sub_1mjEJn1sdmxVTPc11HdG0ORr,cus_zLo3Zm5glDOEbb,price_15mHNODG6kmsTAyehOoCotl4,2,active,charge_automatically,,eur,1783695921,1783695921,1783695921,1815231921,0,,,,,
sub_1dQygIT1h9WPcnCvvZi2yp1a,cus_8jBnhBh1FBpJFp,price_15mHNODG6kmsTAyehOoCotl4,2,active,charge_automatically,,eur,1784010040,1784010040,1784010040,1815546040,0,,,,,
sub_1KAUznSYykYAIOnKwSQyBhSR,cus_HPS9YUfdlcYqdR,price_15mHNODG6kmsTAyehOoCotl4,2,active,send_invoice,30,eur,1784032968,1784032968,1784032968,1815568968,0,,,,,
sub_1KJimtNJIMPy6QZzQmFPoIxW,cus_xI45KJ2pobJQ52,price_15mHNODG6kmsTAyehOoCotl4,1,active,charge_automatically,,eur,1784046282,1784046282,1784046282,1815582282,0,,,,,
sub_1TVOjUtYJE9JdHnOTl6z3trC,cus_3zziIQ9WXKIViK,price_15mHNODG6kmsTAyehOoCotl4,1,active,charge_automatically,,eur,1784103814,1784103814,1784103814,1815639814,0,,,,,
sub_1S4L2QRifMg6K7Bi6PiOyKmT,cus_LsrIHrrCuIW7Hf,price_1PzBpWVBZov7oibPYdDyuoxi,1,active,charge_automatically,,eur,1784116288,1784116288,1784116288,1800013888,0,,,,,
sub_194iYzR6ye4mkviYojMpDj5w,cus_7HVmVe85zbQwDa,price_15mHNODG6kmsTAyehOoCotl4,1,active,charge_automatically,,eur,1784288473,1784288473,1784288473,1815824473,0,,,,,
sub_1JvW7vfSzOUO5UH0BghTOdkB,cus_6B3FPc54TeKzs8,price_15mHNODG6kmsTAyehOoCotl4,1,active,charge_automatically,,eur,1784299191,1784299191,1784299191,1815835191,1,1815835191,1784991087,,cancellation_requested,unused
sub_1PvBfWJgEk6hEtDXEW5DYIxT,cus_pO5Cy7ICEJDPSP,price_15mHNODG6kmsTAyehOoCotl4,1,active,charge_automatically,,eur,1784305657,1784305657,1784305657,1815841657,0,,,,,
sub_13VOQHAZBSluPkXZFPSL1tg8,cus_so3CazbBOYNp9n,price_15mHNODG6kmsTAyehOoCotl4,2,active,charge_automatically,,eur,1784465400,1784465400,1784465400,1816001400,0,,,,,
sub_1YjcpIkLkMAIkQHJ2rrCZL89,cus_uUe3cvFZUoWMk4,price_15mHNODG6kmsTAyehOoCotl4,1,active,charge_automatically,,eur,1784471901,1784471901,1784471901,1816007901,0,,,,,
sub_1soVey5lp545A5WC2v5OsCQ4,cus_mRATL2dgwtk4u0,price_1PzBpWVBZov7oibPYdDyuoxi,1,active,charge_automatically,,eur,1784757701,1784757701,1784757701,1800655301,0,,,,,
sub_1joagJjdM6jTRuORgGvF3PVD,cus_iGLy3Mf3Kn4Jil,price_1PzBpWVBZov7oibPYdDyuoxi,1,active,charge_automatically,,eur,1784794404,1784794404,1784794404,1800692004,0,,,,,
sub_1MpXdQc268Mi2mawaKCCKL84,cus_FsO1JXie6bu0De,price_1PzBpWVBZov7oibPYdDyuoxi,1,active,charge_automatically,,eur,1784810280,1784810280,1784810280,1800707880,0,,,,,
sub_1VC8pWuZgV5ddPVNxbriIeCJ,cus_t0N8WHtROm9EB6,price_15mHNODG6kmsTAyehOoCotl4,2,active,charge_automatically,,eur,1784865907,1784865907,1784865907,1816401907,1,1816401907,1788916924,,cancellation_requested,other
sub_1AFIIQVAk7vsiUboEl0Zv1Su,cus_Ew8GyeHturTG34,price_1PzBpWVBZov7oibPYdDyuoxi,2,active,charge_automatically,,eur,1784886711,1784886711,1784886711,1800784311,0,,,,,
sub_1yeEUtlTPj8Xn2gCnCbkbd3P,cus_ApypBzDgLc30lC,price_15mHNODG6kmsTAyehOoCotl4,2,active,charge_automatically,,eur,1784889264,1784889264,1784889264,1816425264,1,1816425264,1785467307,,cancellation_requested,too_expensive
sub_1bqpXQE8P9bAvXR2tOE7Lygq,cus_jZERX0U2OpDDtS,price_15mHNODG6kmsTAyehOoCotl4,1,active,charge_automatically,,eur,1784924170,1784924170,1784924170,1816460170,0,,,,,
sub_13RE7AL6jHCEI40JYasEeQgh,cus_mjj9OrVzfoOenq,price_15mHNODG6kmsTAyehOoCotl4,1,active,charge_automatically,,eur,1785137992,1785137992,1785137992,1816673992,0,,,,,
sub_18MdoBfe1rpWDd2ihWjWLTso,cus_5Z08PXl3AZPXBN,price_1PzBpWVBZov7oibPYdDyuoxi,1,active,charge_automatically,,eur,1785175662,1785175662,1785175662,1801073262,0,,,,,
sub_1TQVzgDaWYBjjrRdT8XYiVFP,cus_o8XB84f4iyVzWo,price_1PzBpWVBZov7oibPYdDyuoxi,1,active,charge_automatically,,eur,1785231953,1785231953,1785231953,1801129553,0,,,,,
sub_1QFO7PL5ARDknuEThutTYSmW,cus_JTM533sJC9wzXa,price_15mHNODG6kmsTAyehOoCotl4,1,active,charge_automatically,,eur,1785236489,1785236489,1785236489,1816772489,1,1816772489,1787072366,,cancellation_requested,other
sub_1PB0xBUxsKcMCNG5s2pbVQBW,cus_5RlNgijHQMcOel,price_15mHNODG6kmsTAyehOoCotl4,1,active,charge_automatically,,eur,1785317004,1785317004,1785317004,1816853004,0,,,,,
sub_1jvsAs6oqh1i5Kd7ktJW8Jdv,cus_rqYL3RLnORXiNJ,price_1PzBpWVBZov7oibPYdDyuoxi,1,active,charge_automatically,,eur,1785336060,1785336060,1785336060,1801233660,0,,,,,
sub_1M90Mgvp2rk0f4TrtijmBRWV,cus_1xxKZyi75lWETr,price_1PzBpWVBZov7oibPYdDyuoxi,1,active,charge_automatically,,eur,1785498219,1785498219,1785498219,1801395819,0,,,,,
sub_1LV0Zlkad3VFmroQ7Td1tuv0,cus_H8FtIwu6Q1mSVu,price_1PzBpWVBZov7oibPYdDyuoxi,1,active,charge_automatically,,eur,1785748251,1785748251,1785748251,1801645851,0,,,,,
sub_1vpudhAfRP0cIBpC12F3xjKc,cus_r7TOX6e8v3Jqbo,price_1PzBpWVBZov7oibPYdDyuoxi,1,active,charge_automatically,,eur,1785756928,1785756928,1785756928,1801654528,0,,,,,
sub_1C2lHkKQjKe4pILGUX322iVf,cus_mENl1Rq9QooThx,price_1wZemMwqQMUH4bglPawAOQ2U,1,past_due,send_invoice,30,eur,1785769734,1785769734,1785769734,1817305734,0,,,,,
sub_1x5cXCcO1IjYxaOL8ZdcjloL,cus_zpMNbosRFPcAah,price_15mHNODG6kmsTAyehOoCotl4,1,active,charge_automatically,,eur,1785791877,1785791877,1785791877,1817327877,0,,,,,
sub_1WD1JDkEVcE2yjygiEfsJe4R,cus_SIhqim3inEJLbZ,price_1PzBpWVBZov7oibPYdDyuoxi,1,active,charge_automatically,,eur,1785836946,1785836946,1785836946,1801734546,0,,,,,
sub_1TLC7WdRPsDKHNkjdtC6GnbP,cus_Cdt2jeEatpMzXx,price_15mHNODG6kmsTAyehOoCotl4,2,active,charge_automatically,,eur,1785861305,1785861305,1785861305,1817397305,0,,,,,
sub_1K3hlal47d8cX5VCMFVYx9jl,cus_wV38gCNy5Tu6Em,price_1PzBpWVBZov7oibPYdDyuoxi,1,active,charge_automatically,,eur,1785927708,1785927708,1785927708,1801825308,0,,,,,
sub_1VmE0WhCpqEYeciLIMXtjQUx,cus_m5p7yKkEAAmnkn,price_15mHNODG6kmsTAyehOoCotl4,2,active,charge_automatically,,eur,1785947790,1785947790,1785947790,1817483790,0,,,,,
sub_1eun34TUwBSrJdiY5B242mRA,cus_SRpd7BhEeslQeM,price_15mHNODG6kmsTAyehOoCotl4,1,active,charge_automatically,,eur,1785955395,1785955395,1785955395,1817491395,1,1817491395,1789691189,,cancellation_requested,switched_service
sub_1bQx6aCEkxeg1ni9wDHPs3HM,cus_EEPXR8gc2icm7R,price_15mHNODG6kmsTAyehOoCotl4,1,active,charge_automatically,,eur,1786087191,1786087191,1786087191,1817623191,0,,,,,
sub_123XshbuZND7rtEDPuUNsIxP,cus_EhSd5TGdChdMgK,price_15mHNODG6kmsTAyehOoCotl4,2,active,send_invoice,30,eur,1786092853,1786092853,1786092853,1817628853,0,,,,,
sub_1ahftkXdundrTZ7EONYLdSAb,cus_evhUZe5CQvyeDn,price_1PzBpWVBZov7oibPYdDyuoxi,1,active,charge_automatically,,eur,1786114093,1786114093,1786114093,1802011693,0,,,,,
sub_1xpQy6XI2xmW86DETUZYVUI3,cus_sIWfcrjb3WXWsl,price_1PzBpWVBZov7oibPYdDyuoxi,1,active,charge_automatically,,eur,1786352985,1786352985,1786352985,1802250585,0,,,,,
sub_1jLCLZSdgifAqhsHHvt5gKzm,cus_901omTzOzBWPus,price_15mHNODG6kmsTAyehOoCotl4,3,active,charge_automatically,,eur,1786517969,1786517969,1786517969,1818053969,0,,,,,
sub_178sljw5y4Hu5OA9tUjOwo0u,cus_KrVHDvDMZjXk1N,price_15mHNODG6kmsTAyehOoCotl4,1,active,charge_automatically,,eur,1786535400,1786535400,1786535400,1818071400,0,,,,,
sub_11vvbH0UxHtrYLIgmJqeGcdU,cus_bCCuWNhnqzEFDq,price_15mHNODG6kmsTAyehOoCotl4,1,canceled,charge_automatically,,eur,1786619378,1786619378,1786619378,1818155378,0,,1787058098,1787058098,cancellation_requested,other
sub_1tDwk6qkBbMYITnQRe4iMHc7,cus_jAPU0EFwQ80gKV,price_15mHNODG6kmsTAyehOoCotl4,1,active,charge_automatically,,eur,1786659639,1786659639,1786659639,1818195639,0,,,,,
sub_11eLKVdXhijHvNEktaOyMK9H,cus_rgLCzm9Do42NfR,price_1PzBpWVBZov7oibPYdDyuoxi,2,past_due,send_invoice,30,eur,1786693260,1786693260,1786693260,1802590860,0,,,,,
sub_1RiaOdEAhR2bruVL5JTjyLTb,cus_T8N5BaDRturkGl,price_15mHNODG6kmsTAyehOoCotl4,1,active,charge_automatically,,eur,1786860408,1786860408,1786860408,1818396408,0,,,,,
sub_1k5myHKReWVJShuRHL5yFv3F,cus_X3RxFCM5iH3B3Q,price_1PzBpWVBZov7oibPYdDyuoxi,1,active,charge_automatically,,eur,1786961707,1786961707,1786961707,1802859307,0,,,,,
sub_1vnrn4gXWWC0rQWhczMFvFVi,cus_imWKsRnkjwyI5B,price_15mHNODG6kmsTAyehOoCotl4,1,active,charge_automatically,,eur,1786992992,1786992992,1786992992,1818528992,0,,,,,
sub_182bbW4FSlSYQRX1RRXzJzof,cus_T4IyWYY2se9mjY,price_15mHNODG6kmsTAyehOoCotl4,1,active,charge_automatically,,eur,1787050882,1787050882,1787050882,1818586882,0,,,,,
sub_1TJOWeXVewWyCIlaj30Cl2q9,cus_5UoPZVdKMzdFkF,price_1PzBpWVBZov7oibPYdDyuoxi,1,active,charge_automatically,,eur,1787068076,1787068076,1787068076,1802965676,1,1802965676,1790434640,,cancellation_requested,missing_features
sub_1MAwlIAL6dO818AKUQCqOaGz,cus_Pnq68hIPAdyKQO,price_15mHNODG6kmsTAyehOoCotl4,1,active,charge_automatically,,eur,1787074139,1787074139,1787074139,1818610139,0,,,,,
sub_1DNwQTg8QdLdz8G3lSifYXe0,cus_6U5jS2nTKl6yiI,price_15mHNODG6kmsTAyehOoCotl4,1,active,charge_automatically,,eur,1787232395,1787232395,1787232395,1818768395,1,1818768395,1788347388,,cancellation_requested,unused
sub_1Z9lzEqERYYRdxh8JE5BJthH,cus_eERLT0dK6lbWQN,price_1PzBpWVBZov7oibPYdDyuoxi,1,active,charge_automatically,,eur,1787292043,1787292043,1787292043,1803189643,0,,,,,
sub_1NcZEhSOXaTvOKnCrPdXY11r,cus_4wmxPDziuWrwZi,price_1PzBpWVBZov7oibPYdDyuoxi,1,active,charge_automatically,,eur,1787497633,1787497633,1787497633,1803395233,0,,,,,
sub_1ziFBpL61Ieslq6Ri2AdswCb,cus_hg0Iv4YUNS4LVQ,price_1PzBpWVBZov7oibPYdDyuoxi,1,active,charge_automatically,,eur,1787557180,1787557180,1787557180,1803454780,0,,,,,
sub_1EFYya0jDcbgE7k4X5BNqYAX,cus_D7TV94yBH2rdZ2,price_1PzBpWVBZov7oibPYdDyuoxi,1,active,charge_automatically,,eur,1787570739,1787570739,1787570739,1803468339,0,,,,,
sub_1kGVnm9wOQZcNIUzCyCXGOXm,cus_RMv6vkJJnC3Lbg,price_1PzBpWVBZov7oibPYdDyuoxi,1,active,charge_automatically,,eur,1787571102,1787571102,1787571102,1803468702,0,,,,,
sub_12djnFsJWJGeaV9eVfM62tkQ,cus_jr6srdZna6aiV5,price_15mHNODG6kmsTAyehOoCotl4,2,active,charge_automatically,,eur,1787631024,1787631024,1787631024,1819167024,0,,,,,
sub_1IBYtY15etCNz6HgQrpjPayp,cus_7p9hhnuaXv3pGb,price_15mHNODG6kmsTAyehOoCotl4,2,active,charge_automatically,,eur,1787660281,1787660281,1787660281,1819196281,0,,,,,
sub_1nqC6AQsn6WyIx2Hx2UpDqFH,cus_YOUNuIM56mZtDd,price_15mHNODG6kmsTAyehOoCotl4,1,active,charge_automatically,,eur,1787682796,1787682796,1787682796,1819218796,0,,,,,
sub_1ejKzCySKV205gfwNSUnwmmE,cus_TyifW4KZF3zxJN,price_15mHNODG6kmsTAyehOoCotl4,2,active,charge_automatically,,eur,1787695648,1787695648,1787695648,1819231648,0,,,,,
sub_1OOyZm95AYk33TA6VzzA6Mov,cus_x5YiQgBpyRx9Xi,price_1PzBpWVBZov7oibPYdDyuoxi,1,active,charge_automatically,,eur,1787813323,1787813323,1787813323,1803710923,0,,,,,
sub_1PWnbW9oievmmb2GVrIPCFWx,cus_UqLdwv4uiW1dcx,price_1PzBpWVBZov7oibPYdDyuoxi,1,active,charge_automatically,,eur,1787839753,1787839753,1787839753,1803737353,0,,,,,
sub_1ESanXLUEAnOkvalVXlLsZM9,cus_FiOmZsDMlOdbg8,price_1PzBpWVBZov7oibPYdDyuoxi,1,active,charge_automatically,,eur,1787923591,1787923591,1787923591,1803821191,0,,,,,
sub_1eA00DbITB38NmPyRo4kcnKy,cus_KyrP9jJYTiqfa7,price_15mHNODG6kmsTAyehOoCotl4,1,active,charge_automatically,,eur,1787928185,1787928185,1787928185,1819464185,0,,,,,
sub_1PKZE6672avqRC4QJVAlcinJ,cus_Iv9izkeu1egwe0,price_15mHNODG6kmsTAyehOoCotl4,1,active,charge_automatically,,eur,1787931904,1787931904,1787931904,1819467904,1,1819467904,1790555631,,cancellation_requested,other
sub_1nFicQCUlPs9wyJQmYuZ3p87,cus_qvb0SBtISyytLb,price_1PzBpWVBZov7oibPYdDyuoxi,1,active,charge_automatically,,eur,1788187798,1788187798,1788187798,1803826198,1,1803826198,1788671947,,cancellation_requested,other
sub_1czpKiej9FPZsH6Skn0tCAHL,cus_7Z9pOHgIQwZQ9n,price_15mHNODG6kmsTAyehOoCotl4,2,active,charge_automatically,,eur,1788254443,1788254443,1788254443,1819790443,0,,,,,
sub_1hrGxZHQfVXhEYXXxDTYjh1T,cus_cg2dj7W87uDuTv,price_15mHNODG6kmsTAyehOoCotl4,1,active,charge_automatically,,eur,1788273895,1788273895,1788273895,1819809895,0,,,,,
sub_1uVSFKiW7Ee7OLrI0xSeg7UO,cus_wawuUKEYhtLYFd,price_15mHNODG6kmsTAyehOoCotl4,1,active,charge_automatically,,eur,1788347296,1788347296,1788347296,1819883296,0,,,,,
sub_1Sp3PClBzOuFJRqfmXz83Ywt,cus_cAZ29N83FvFXsa,price_15mHNODG6kmsTAyehOoCotl4,1,active,charge_automatically,,eur,1788348064,1788348064,1788348064,1819884064,0,,,,,
sub_1G1t7hlnIALoTH1lRuJxrR8S,cus_1iYcxNIpOwA8ma,price_1PzBpWVBZov7oibPYdDyuoxi,1,active,charge_automatically,,eur,1788371086,1788371086,1788371086,1804009486,0,,,,,
sub_1KaV1dqu6z35nvcJ7tTo0Lkl,cus_y0QZL0qwKzMemO,price_15mHNODG6kmsTAyehOoCotl4,1,active,charge_automatically,,eur,1788380208,1788380208,1788380208,1819916208,0,,,,,
sub_1Fi2UdQO1It69Pedin8BuFcP,cus_b9Svj7io7H2LvT,price_1PzBpWVBZov7oibPYdDyuoxi,1,active,charge_automatically,,eur,1788511624,1788511624,1788511624,1804150024,0,,,,,
sub_10u8ToVIiFeOxpTWAdQa1k9p,cus_2X4bxc2xz2Xm65,price_15mHNODG6kmsTAyehOoCotl4,1,active,charge_automatically,,eur,1788611786,1788611786,1788611786,1820147786,0,,,,,
sub_15HO8ni1y9lSteirgM41pYc3,cus_PxCUza5b7xaZ3K,price_1PzBpWVBZov7oibPYdDyuoxi,1,active,charge_automatically,,eur,1788764796,1788764796,1788764796,1804403196,0,,,,,
sub_1PGFBc0TNw9LQRiL2spkb155,cus_5YQutumumWWvXd,price_1PzBpWVBZov7oibPYdDyuoxi,1,active,charge_automatically,,eur,1788779835,1788779835,1788779835,1804418235,1,1804418235,1789399521,,cancellation_requested,
sub_1eMMHhSqGrg7Jy1AZbD9xIYI,cus_ESunMmfOWRuZyd,price_15mHNODG6kmsTAyehOoCotl4,1,active,charge_automatically,,eur,1788798001,1788798001,1788798001,1820334001,0,,,,,
sub_1tRqLRvmvlQNEuad36vR0Ah4,cus_0xknqpaR0Nn2GK,price_1PzBpWVBZov7oibPYdDyuoxi,1,active,charge_automatically,,eur,1788799771,1788799771,1788799771,1804438171,1,1804438171,1789578727,,cancellation_requested,unused
sub_13VGl5vT2WWA9rjhNZXvTh2v,cus_UtkmPAJ9iBKP9D,price_15mHNODG6kmsTAyehOoCotl4,1,active,charge_automatically,,eur,1788801464,1788801464,1788801464,1820337464,0,,,,,
sub_15acka8OIC68j7eWTQRiNDfw,cus_ixfd9YQU7bIGy3,price_1PzBpWVBZov7oibPYdDyuoxi,2,active,charge_automatically,,eur,1788850412,1788850412,1788850412,1804488812,1,1804488812,1790678380,,cancellation_requested,too_expensive
sub_1fgrXRIF4NDNJS0ub5CcZ1nA,cus_3FQAQFdR4r0Wid,price_1PzBpWVBZov7oibPYdDyuoxi,1,active,charge_automatically,,eur,1788853530,1788853530,1788853530,1804491930,0,,,,,
sub_1q4pf3dFlGChF45wCo0OA8BN,cus_pRfHd7Ikrlm0Cc,price_15mHNODG6kmsTAyehOoCotl4,1,active,charge_automatically,,eur,1788855175,1788855175,1788855175,1820391175,0,,,,,
sub_1cXRa4CYifWIyv1iD1ZNQcxP,cus_2Vz5AWxPqDTr8O,price_15mHNODG6kmsTAyehOoCotl4,1,active,charge_automatically,,eur,1788875722,1788875722,1788875722,1820411722,0,,,,,
sub_1JQHEmN2Ida4dMqTPXAYFwV1,cus_SOD2NOLlZmfuut,price_15mHNODG6kmsTAyehOoCotl4,1,active,charge_automatically,,eur,1788883064,1788883064,1788883064,1820419064,0,,,,,
sub_12IykUKCPSozGfRe1P28NREf,cus_e3MHj89Ey7aFNL,price_1PzBpWVBZov7oibPYdDyuoxi,2,active,charge_automatically,,eur,1788951606,1788951606,1788951606,1804590006,1,1804590006,1790602263,,cancellation_requested,unused
sub_1BMMJb75BVhnjhvbIaI9Kl0H,cus_BDUS7n17OjexcG,price_15mHNODG6kmsTAyehOoCotl4,1,active,charge_automatically,,eur,1788982176,1788982176,1788982176,1820518176,0,,,,,
sub_12aEtLbBIF1nSzhXIPvwJnpJ,cus_Nd3L7D6gWQpElz,price_1PzBpWVBZov7oibPYdDyuoxi,2,active,charge_automatically,,eur,1789065180,1789065180,1789065180,1804703580,0,,,,,
sub_1XJK9IazIDcjwzzV54J8BP1K,cus_AiCUiTA6JtH7He,price_15mHNODG6kmsTAyehOoCotl4,1,active,charge_automatically,,eur,1789113208,1789113208,1789113208,1820649208,0,,,,,
sub_18xyhV8cwzWBfCG2kwqqIayV,cus_gV8LyoWiyHz8wk,price_1PzBpWVBZov7oibPYdDyuoxi,1,active,charge_automatically,,eur,1789123757,1789123757,1789123757,1804762157,0,,,,,
sub_1oqsjkM9hvHV5dYWx0smcO55,cus_OGWizBGHlC1PcC,price_1PzBpWVBZov7oibPYdDyuoxi,2,active,charge_automatically,,eur,1789154556,1789154556,1789154556,1804792956,0,,,,,
sub_1Ctmj1Y7uBmyoWQAU53DKS5p,cus_AXCcyF4hIOlM78,price_1PzBpWVBZov7oibPYdDyuoxi,1,active,charge_automatically,,eur,1789367436,1789367436,1789367436,1805005836,0,,,,,
sub_1UrdGkUvOPCYfwjtokTTdBEQ,cus_hgtI6T0IbOvkNB,price_1GkslpUjMKd9uUSRn8iaKMdO,1,active,send_invoice,30,eur,1789386394,1789386394,1789386394,1820922394,0,,,,,
sub_1Ry0mjd3O2uqFEk8DDcHDlqD,cus_YfJodQIgLtf9Pj,price_1PzBpWVBZov7oibPYdDyuoxi,1,active,charge_automatically,,eur,1789461988,1789461988,1789461988,1805100388,0,,,,,
sub_15JQE5hRI7GsjUQviD5aqnP3,cus_nNbtL2T1vNxfPO,price_15mHNODG6kmsTAyehOoCotl4,1,active,charge_automatically,,eur,1789480648,1789480648,1789480648,1821016648,0,,,,,
sub_15qpuZs46uMOW2aTvWwoRePc,cus_XWm8FZZllQvNAP,price_15mHNODG6kmsTAyehOoCotl4,1,active,charge_automatically,,eur,1789494166,1789494166,1789494166,1821030166,0,,,,,
sub_11sQS9Adwk87nkPsKMHj9y2P,cus_ZxlUfAKyzP19l7,price_15mHNODG6kmsTAyehOoCotl4,1,active,charge_automatically,,eur,1789540794,1789540794,1789540794,1821076794,0,,,,,
sub_17umghiNDKpeoOzqIL9ihx5c,cus_peWVggoVGm90ho,price_15mHNODG6kmsTAyehOoCotl4,1,active,charge_automatically,,eur,1789574468,1789574468,1789574468,1821110468,0,,,,,
sub_1UVCVu0cu6t8ghhCWFKlbPOc,cus_GJqSlkxQQxcfDG,price_1PzBpWVBZov7oibPYdDyuoxi,1,active,charge_automatically,,eur,1789675381,1789675381,1789675381,1805313781,0,,,,,
sub_18bTpySxe2jfWOPcZx3mIIsw,cus_vR8yyTQCw8aSrr,price_1PzBpWVBZov7oibPYdDyuoxi,1,active,charge_automatically,,eur,1789717172,1789717172,1789717172,1805355572,0,,,,,
sub_1YfT3ZBOcvWuoGXQSMg5LPr0,cus_vMSXahBIi5nrKx,price_15mHNODG6kmsTAyehOoCotl4,1,active,charge_automatically,,eur,1789727322,1789727322,1789727322,1821263322,0,,,,,
sub_1VZcQau4s3cFiTgPQKP7WcfP,cus_h3RF6QmIWrhFYh,price_1PzBpWVBZov7oibPYdDyuoxi,1,active,charge_automatically,,eur,1789740736,1789740736,1789740736,1805379136,0,,,,,
sub_1EPnDMsBPZtwFhkDVj6qrpjh,cus_02xklpvmNFj4gV,price_1PzBpWVBZov7oibPYdDyuoxi,1,active,charge_automatically,,eur,1789978756,1789978756,1789978756,1805617156,0,,,,,
sub_1q4rJy4iONb7e347P77qmi21,cus_5da6WWbGzrocoI,price_15mHNODG6kmsTAyehOoCotl4,1,active,charge_automatically,,eur,1789984196,1789984196,1789984196,1821520196,0,,,,,
sub_1d28i9HGjtg1UfTwiU38WtxM,cus_lnohP0Zq8OpTHL,price_1PzBpWVBZov7oibPYdDyuoxi,2,active,charge_automatically,,eur,1790005314,1790005314,1790005314,1805643714,0,,,,,
sub_1UUCnoRQVTjcT4ZMNSS4BA88,cus_96Zo2ETY9Suxtz,price_15mHNODG6kmsTAyehOoCotl4,1,active,charge_automatically,,eur,1790025603,1790025603,1790025603,1821561603,0,,,,,
sub_1kxFhOcLrpmxEpxIv9Qd2d8z,cus_EmqAOrll8JoD8T,price_1PzBpWVBZov7oibPYdDyuoxi,2,active,charge_automatically,,eur,1790095184,1790095184,1790095184,1805733584,1,1805733584,1790336609,,cancellation_requested,
sub_1Cxm5xm0QFd6QupKVEIw3ih2,cus_EjGzlwnQDbDPtW,price_1PzBpWVBZov7oibPYdDyuoxi,1,active,charge_automatically,,eur,1790098908,1790098908,1790098908,1805737308,0,,,,,
sub_1cWFiK6fhRaOAibTEkArAunu,cus_ITGlTwgoMbd1kG,price_15mHNODG6kmsTAyehOoCotl4,1,active,charge_automatically,,eur,1790099097,1790099097,1790099097,1821635097,0,,,,,
sub_1IM7wAlDmP6s40qgAz4t4CMx,cus_DTQhsyHhCegn22,price_15mHNODG6kmsTAyehOoCotl4,2,active,charge_automatically,,eur,1790173829,1790173829,1790173829,1821709829,1,1821709829,1790460535,,cancellation_requested,unused
sub_14HKMV5EJIMOkfJaNB3djYTU,cus_mequED1RFZfWHa,price_15mHNODG6kmsTAyehOoCotl4,1,active,charge_automatically,,eur,1790181775,1790181775,1790181775,1821717775,0,,,,,
sub_10b3aHBvaM3CiSSExNvEqfnc,cus_wpQGfFAVQTOopY,price_1PzBpWVBZov7oibPYdDyuoxi,1,active,charge_automatically,,eur,1790234873,1790234873,1790234873,1805873273,0,,,,,
sub_1QiEeItf0ybqfJ0IgGJZiumO,cus_FWcKwBo8Y1o6u7,price_1PzBpWVBZov7oibPYdDyuoxi,2,active,send_invoice,14,eur,1790260878,1790260878,1790260878,1805899278,1,1805899278,1790772192,,cancellation_requested,switched_service
sub_1BCxbV2nBneEEVoTEOaQMnXJ,cus_mf8iRef3abyzFd,price_15mHNODG6kmsTAyehOoCotl4,1,active,charge_automatically,,eur,1790330441,1790330441,1790330441,1821866441,0,,,,,
sub_12l8WQaWxjg6BWuLiTrruXzN,cus_NoEh7XCaQClqIu,price_15mHNODG6kmsTAyehOoCotl4,1,active,charge_automatically,,eur,1790346932,1790346932,1790346932,1821882932,0,,,,,
sub_11wYoysGWLfFo0FxGzDVnzM1,cus_izsaSpkLNZjjZg,price_15mHNODG6kmsTAyehOoCotl4,1,active,charge_automatically,,eur,1790353662,1790353662,1790353662,1821889662,0,,,,,
sub_1VqFIj2GmRBYJGHFW569Ri6C,cus_9KXaoMfbWNouIA,price_1PzBpWVBZov7oibPYdDyuoxi,2,active,send_invoice,30,eur,1790365626,1790365626,1790365626,1806004026,1,1806004026,1790562358,,cancellation_requested,switched_service
sub_14C10NzYoOkDEcjoZY8NyJZb,cus_KqrBkiLqbqdrs8,price_1PzBpWVBZov7oibPYdDyuoxi,1,active,charge_automatically,,eur,1790502534,1790502534,1790502534,1806140934,0,,,,,
sub_1GcOTKrygny90gsPtW0yJZJv,cus_GxQUGzzHhr5LkS,price_1PzBpWVBZov7oibPYdDyuoxi,1,active,charge_automatically,,eur,1790585396,1790585396,1790585396,1806223796,1,1806223796,1790704725,,cancellation_requested,unused
sub_1qTnDdrykY0n2cMGloJ8sPXy,cus_9Y2IisbpBmpVpp,price_15mHNODG6kmsTAyehOoCotl4,1,active,charge_automatically,,eur,1790590783,1790590783,1790590783,1822126783,0,,,,,
sub_1ylEq5CGDkDyWgdHG32KE9MX,cus_p3rxEowcCw7VGS,price_1PzBpWVBZov7oibPYdDyuoxi,1,active,charge_automatically,,eur,1790639281,1790639281,1790639281,1806277681,0,,,,,
sub_1J3309Ak2LXtgAzexpdr4VrV,cus_op9kRPWBlUkvwa,price_15mHNODG6kmsTAyehOoCotl4,1,active,charge_automatically,,eur,1790696584,1790696584,1790696584,1822232584,0,,,,,
sub_16x3JaI0kQ0ZCCpMQZOiOvRk,cus_2o9lI3FFMoKEmT,price_1PzBpWVBZov7oibPYdDyuoxi,1,active,charge_automatically,,eur,1790699085,1790699085,1790699085,1806337485,1,1806337485,1790785708,,cancellation_requested,missing_features
sub_12eGOYkRvsuv1FITm44x8QOu,cus_VOHiiR9ehqCpZd,price_1PzBpWVBZov7oibPYdDyuoxi,1,active,charge_automatically,,eur,1790713451,1790713451,1790713451,1806351851,1,1806351851,1790802649,,cancellation_requested,unused
