charge_id,charged_at,status,amount_eur,amount_refunded_eur,stripe_fee_eur,net_eur,payment_method_type,failure_code,invoice_number,billing_reason,plan,quantity,customer_id,customer_name,customer_email,company_name,segment,persona,industry,country,subscription_id
ch_3tHUtMi58qW0sSrtzWoon4DH,2022-03-04 08:33:10,succeeded,980.0,0.0,14.95,965.05,card,,X19MFGLG-0001,subscription_create,12_month,1,cus_ak0KsBYUqa9Lu8,Julia Wagner,julia.wagner@polarbridge-wireless.example,Polarbridge Wireless,self_serve,network_consultant,network_consulting,DE,sub_1ZD1qpWIcjQECSVhdnhjh1KS
ch_3j04JSRyZYyYK4y9OUntD5zQ,2022-05-15 16:48:51,succeeded,599.0,0.0,9.23,589.77,card,,5TATBGAV-0001,subscription_create,6_month,1,cus_PSAMNNc5lQMeeu,Anders Pedersen,anders.pedersen@greenmark-clinics.example,Greenmark Clinics AB,self_serve,it_lead,healthcare,SE,sub_1Bj6TyFvgkcN2c54GuxwPPfG
ch_3jmKOCdBBBFdYlkixJidGMW4,2022-05-31 10:27:22,succeeded,599.0,0.0,19.72,579.28,card,,94BKH7WR-0001,subscription_create,6_month,1,cus_RiH4RfeIrolxUG,Josh Scott,josh.scott@orbitwave-foods.example,Orbitwave Foods Pty Ltd,self_serve,it_lead,food_beverage,AU,sub_1V4hJq4RLEGgPXtkt1Vnc76F
ch_3LtmHz65lBq4i38ydKzZDhzL,2022-06-01 15:20:59,succeeded,599.0,0.0,15.23,583.77,card,,HER36YBS-0001,subscription_create,6_month,1,cus_ALbUxC09EAiA1s,Rachel Adams,rachel.adams@alpinestream-foods.example,Alpinestream Foods Ltd,self_serve,it_lead,food_beverage,GB,sub_1FJiGqXMhQZ8IUlisi7NpL6V
ch_3eSY8HwWkKdNPJ1XJGWs0h2d,2022-06-21 21:36:05,succeeded,599.0,0.0,19.72,579.28,card,,PLR98VFU-0001,subscription_create,6_month,1,cus_egBrhew2arJAqI,Andrew Martin,andrew.martin@vertexbridge-partners.example,Vertexbridge Partners,self_serve,it_lead,professional_services,NZ,sub_1LtJ0ndgPB3cwgLFjRvSm7Dl
ch_3y9m16u8u8mH63RsdfQCwyzM,2022-06-26 08:04:27,succeeded,599.0,0.0,9.23,589.77,card,,EN9L6HN9-0001,subscription_create,6_month,1,cus_uaIM5yUmzkfOj7,Anders Holm,anders.holm@holm-wireless-consulting.example,Holm Wireless Consulting,self_serve,network_consultant,network_consulting,NO,sub_1fDMI5neTUoUbKCe0NOrIt7s
ch_33fBUtzp0BXjKPIgzYcCf4B7,2022-07-18 08:06:41,succeeded,1198.0,0.0,18.22,1179.78,card,,A9UYNNJH-0001,subscription_create,6_month,2,cus_oYOrcM13fyhT2E,Tuomas Mäkinen,tuomas.makinen@maplestream-construction.example,Maplestream Construction,self_serve,it_lead,construction,FI,sub_1wW6plveKTROCdLAgBQtN5xw
ch_3NQjEEfm0zo9F5P1K1APE1MW,2022-07-30 15:39:55,succeeded,980.0,0.0,32.1,947.9,card,,21XXH4DG-0001,subscription_create,12_month,1,cus_GnyrlhcWB7ZkYO,Wei Brown,wei.brown@brown-wireless-consulting.example,Brown Wireless Consulting LLC,self_serve,network_consultant,network_consulting,US,sub_18hD0Ngf0DlncAI80cgQHEpP
ch_3UaxvTYjdwE9n8v6gWmNQMbJ,2022-08-07 11:05:00,succeeded,980.0,0.0,32.1,947.9,card,,IOARMF22-0001,subscription_create,12_month,1,cus_WiHDArKdqbaBvu,David Nelson,david.nelson@nelson-wireless-consulting.example,Nelson Wireless Consulting,self_serve,network_consultant,network_consulting,US,sub_1aIxnp3hoWSbV4v1kVRyyKBv
ch_3lO35uhF1dzEoJaTsZ0U36HJ,2022-08-15 11:44:53,succeeded,1960.0,0.0,29.65,1930.35,card,,Z3LX0KX1-0001,subscription_create,12_month,2,cus_Kaby1AmNDwQdT3,Julie Rousseau,julie.rousseau@silvercore-wireless.example,Silvercore Wireless SAS,self_serve,network_consultant,network_consulting,FR,sub_1b4XHk4AWprkdUcVJR929fu6
ch_3b4hxzbY1qS9n8hwV8tBX3H8,2022-08-25 09:12:38,succeeded,599.0,0.0,9.23,589.77,card,,0MJ6K2NS-0001,subscription_create,6_month,1,cus_CWiBUaOMJbihxN,Ruben Bakker,ruben.bakker@bakker-wireless-consulting.example,Bakker Wireless Consulting,self_serve,network_consultant,network_consulting,NL,sub_1tKVqDxBw4AOmwR0w9oxRJb1
ch_3y5Vkj0SBF7KDryms4DFjSlt,2022-08-31 05:16:43,succeeded,980.0,0.0,32.1,947.9,card,,4UM02E6V-0001,subscription_create,12_month,1,cus_BC0hbuiyJJvjwz,Ahmed Young,ahmed.young@westgate-rf-consulting.example,Westgate RF Consulting,self_serve,network_consultant,network_consulting,US,sub_13vcIWiO6FnrBtaRt34XLGdc
ch_3RJjk8klSax3IxCTg030j1Yx,2022-09-07 18:24:49,succeeded,599.0,599.0,19.72,579.28,card,,3SE3TDQA-0001,subscription_create,6_month,1,cus_Ah0ud50t91hlRS,Brian Jones,brian.jones@brightstream-retail-group.example,Brightstream Retail Group LLC,self_serve,it_lead,retail,US,sub_1lFBtqaRgh9Gqef0cO4eOR2S
ch_3I2HeRSVtNarUIu0y1tTrFAO,2022-09-09 06:58:15,failed,980.0,0.0,,,card,card_declined,JVJN1OGA-0001,subscription_create,12_month,1,cus_kt5XLhAxsNETe9,Andrew Moore,andrew.moore@vertexmark-warehousing.example,Vertexmark Warehousing LLC,self_serve,it_lead,logistics,US,sub_1jJD9A6cfsKnBVcNbYr8x9D1
ch_3UaVXWGKtw6dStbZIqW9LCLh,2022-09-09 07:01:12,succeeded,980.0,0.0,32.1,947.9,card,,JVJN1OGA-0001,subscription_create,12_month,1,cus_kt5XLhAxsNETe9,Andrew Moore,andrew.moore@vertexmark-warehousing.example,Vertexmark Warehousing LLC,self_serve,it_lead,logistics,US,sub_1jJD9A6cfsKnBVcNbYr8x9D1
ch_31gVfYZMDUu9vfuEmXCYQY3a,2022-09-13 13:36:58,succeeded,1960.0,0.0,63.95,1896.05,card,,719IH2OO-0001,subscription_create,12_month,2,cus_m3iwHkQNkPuQq7,Kate Nelson,kate.nelson@nelson-network-services.example,Nelson Network Services LLC,self_serve,network_consultant,network_consulting,US,sub_1PxoVeGBI93nw6bH5DcBRRgP
ch_3LoHrjnyvTtnVUMZvaDhemAB,2022-09-15 09:54:46,succeeded,599.0,0.0,19.72,579.28,card,,BUG6J0LI-0001,subscription_create,6_month,1,cus_j7oS8UcPmuAPRk,Matt Martin,matt.martin@atlasview-rf-consulting.example,Atlasview RF Consulting LLC,self_serve,network_consultant,network_consulting,US,sub_185C5LckEvZziVI40olo8p6y
ch_3EFr30HTIO3EO6cUSIwiv10T,2022-09-22 10:59:29,succeeded,599.0,0.0,19.72,579.28,card,,ZYMV3B4X-0001,subscription_create,6_month,1,cus_u2J3hMTRwIxAoi,Eric White,eric.white@crestmark-hotels.example,Crestmark Hotels LLC,self_serve,it_lead,hospitality,US,sub_1A8Qw1osSxBYB8zNcUYD1IsG
ch_3L97AfZ1KsoB9V0xJE2iGHfz,2022-09-22 12:08:58,succeeded,2940.0,0.0,44.35,2895.65,card,,3A4X51DD-0001,subscription_create,12_month,3,cus_roP9MJTFs0Yz8m,Chiara Ferrari,chiara.ferrari@pineworks-wireless.example,Pineworks Wireless S.r.l.,self_serve,network_consultant,network_consulting,IT,sub_1XXs1b0zEu7CqV9HKs2QQHNm
ch_3sGF2iYFALEQbp4y84vr4e97,2022-09-23 14:10:32,succeeded,599.0,0.0,9.23,589.77,card,,SC3JCP0H-0001,subscription_create,6_month,1,cus_TiK9D6OAmKewae,Alessandro Gallo,alessandro.gallo@cedargate-warehousing.example,Cedargate Warehousing S.r.l.,self_serve,it_lead,logistics,IT,sub_1wuDtZG0HNrRMzqjYvmIUIod
ch_3f5qOAUE7tzwAmafAwFujxCh,2022-09-29 13:14:34,succeeded,599.0,0.0,9.23,589.77,card,,NNB5OJSZ-0001,subscription_create,6_month,1,cus_606xWlafugQfbM,Jukka Nieminen,jukka.nieminen@beacongate-warehousing.example,Beacongate Warehousing,self_serve,it_lead,logistics,FI,sub_1vd3whzk5VpjR2fg8GufKyuQ
ch_3uhV0E9tH2MQVPNWMxQrV402,2022-10-03 05:57:08,succeeded,599.0,0.0,5.14,593.86,sepa_debit,,20LBASOB-0001,subscription_create,6_month,1,cus_qVSPNqfABXC5OB,Guillaume Lambert,guillaume.lambert@lambert-network-services.example,Lambert Network Services,self_serve,network_consultant,network_consulting,FR,sub_1wthYTKf2y5OBivChQu2f0Rb
ch_3zj9mA4PVef98qYKiag9DgeW,2022-10-10 10:57:16,succeeded,980.0,980.0,14.95,965.05,card,,XMYG0FTA-0001,subscription_create,12_month,1,cus_KD8xmiQiLYqrmG,Heidi Mäkelä,heidi.makela@signalport-rf-consulting.example,Signalport RF Consulting Oy,self_serve,network_consultant,network_consulting,FI,sub_1eE3ArvD8qLY0B5Qx3xAfxyD
ch_3PNWbihsKCobiIcbMdStBk4U,2022-10-10 16:15:43,succeeded,980.0,0.0,14.95,965.05,card,,04V8IE38-0001,subscription_create,12_month,1,cus_uDRDNCEEucZaSI,María Díaz,maria.diaz@brightport-networks.example,Brightport Networks,self_serve,network_consultant,network_consulting,ES,sub_13THnq8okfV2OTb8tfvdFsr7
ch_3ntNxPt0BdEr9TnKBt73maPV,2022-10-14 09:01:44,succeeded,980.0,0.0,32.1,947.9,card,,TM2KSJ3Q-0001,subscription_create,12_month,1,cus_t09G1juyNdvo9B,Ryan Carter,ryan.carter@silverfield-wireless-engineering.example,Silverfield Wireless Engineering LLC,self_serve,head_of_wireless,network_consulting,US,sub_1pMgBSlpY76bc2F0gh4nzijP
ch_3N200JmeBkuNSa9hdMADzD5H,2022-10-22 06:13:07,succeeded,599.0,0.0,9.23,589.77,card,,TOPOMUPX-0001,subscription_create,6_month,1,cus_rlphA8MZzNtFO1,Andreas Schmidt,andreas.schmidt@apexline-foods.example,Apexline Foods GmbH,self_serve,it_lead,food_beverage,DE,sub_1znWFMJeKXGjcn9Eh8jPaTyA
ch_3p4iqGGgymlalyLyp7ieUL7O,2022-10-24 12:15:05,succeeded,599.0,0.0,15.23,583.77,card,,PTSQTHUM-0001,subscription_create,6_month,1,cus_87TTzBBp2BBWQR,Andrew Lee,andrew.lee@deltafield-wi-fi-solutions.example,Deltafield Wi-Fi Solutions Ltd,self_serve,network_consultant,network_consulting,GB,sub_18EhPMuZMHq1KbD9W1SkGuHv
ch_37OweNqqvNMWlcWuvspbqmRy,2022-10-24 13:41:34,succeeded,1960.0,0.0,63.95,1896.05,card,,8BATTO58-0001,subscription_create,12_month,2,cus_Onhwj49vatyQSW,Raj Thompson,raj.thompson@maplelink-managed-services.example,Maplelink Managed Services LLC,self_serve,head_of_wireless,it_services,US,sub_1gw1Ux4UhBqjl75btKPPCxh6
ch_3gMtbbRV9cBmHUL7jjqw64rX,2022-10-26 11:31:03,succeeded,980.0,0.0,32.1,947.9,card,,S5CXJQ4H-0001,subscription_create,12_month,1,cus_PEXLpEK85KzGP9,Amanda White,amanda.white@silvergate-properties.example,Silvergate Properties Pty Ltd,self_serve,it_lead,real_estate,AU,sub_1VoHfaNcFYJ0FUFbTK8j1CPe
ch_35dprDBlnBauhvXcqhQRFaaF,2022-10-27 15:09:48,succeeded,1960.0,0.0,29.65,1930.35,card,,LDKZOHS4-0001,subscription_create,12_month,2,cus_jXzoFfA3fgqami,Kristian Hansen,kristian.hansen@hansen-network-services.example,Hansen Network Services AS,self_serve,network_consultant,network_consulting,NO,sub_175zRB1J8jyEN7ASbOTDCAIC
ch_3p2XZODUxmEfTaCVjHlGzbnt,2022-11-01 06:06:37,succeeded,980.0,0.0,14.95,965.05,card,,88JB5SQB-0001,subscription_create,12_month,1,cus_0VNUALL5Cv4Zae,Simone Conti,simone.conti@westfield-managed-services.example,Westfield Managed Services S.r.l.,self_serve,head_of_wireless,it_services,IT,sub_16w0DGGA2HUO2imJPjOBkwJ7
ch_32uEQiqQ9nQRS2wXY0E2rt5q,2022-11-08 09:30:39,succeeded,980.0,980.0,14.95,965.05,card,,FGSXNG1T-0001,subscription_create,12_month,1,cus_0LbYLQNwFFVAFD,Matthias Klein,matthias.klein@inbox.example,,self_serve,network_consultant,network_consulting,AT,sub_1vjruoEa1xFIbYK1wJ4vlZDy
py_3xv83M86DgRgB2nKFLyaJFHa,2022-11-09 08:02:36,succeeded,2995.0,0.0,5.0,2990.0,bank_transfer,,ZA293ZE9-0001,subscription_create,6_month,5,cus_5M6W3TYqnpQMmq,Brian Patel,brian.patel@atlasstream-communications.example,Atlasstream Communications,self_serve,head_of_wireless,telecom,IE,sub_1nbH04x4a4z6TVPFOLyyVuIG
ch_3B93xANJc81S0p04yXxB9uar,2022-11-10 08:57:47,succeeded,599.0,0.0,19.72,579.28,card,,E1CN6K51-0001,subscription_create,6_month,1,cus_dWQC1RSi8f9Lhy,Robert King,robert.king@silvergate-logistics.example,Silvergate Logistics LLC,self_serve,it_lead,logistics,US,sub_1bj06TH1TW0KwLhPrMtfiPz0
ch_36OHxh8NOVZyS9gC8gzfBWFg,2022-11-11 08:54:54,succeeded,599.0,0.0,19.72,579.28,card,,GDR7W1X2-0001,subscription_create,6_month,1,cus_p2KYcVnqNuEA81,David Scott,david.scott@greenbridge-technology-group.example,Greenbridge Technology Group,self_serve,head_of_wireless,it_services,US,sub_1d9WqDMwWHOEy9BqVUuNE0Kw
ch_3t7FXUsFp02QuwMPcuuD2M7D,2022-11-11 09:14:04,succeeded,1198.0,0.0,39.19,1158.81,card,,ZG6N32WM-0001,subscription_create,6_month,2,cus_WNGUw9YW7d2i80,Ryan White,ryan.white@northlink-schools.example,Northlink Schools LLC,self_serve,it_lead,education,US,sub_1cat6gLR5EEhTF3M9nMsvatR
ch_3BlukgUOgHjCeuf0oqdc21wu,2022-11-14 17:59:37,succeeded,980.0,0.0,32.1,947.9,card,,GGX0OI8T-0001,subscription_create,12_month,1,cus_xHVGVyyc3CtHnM,Nicole Parker,nicole.parker@signalpoint-industries.example,Signalpoint Industries,self_serve,it_lead,manufacturing,US,sub_1lHGKAJs9lHBZN3G2G7xxadV
ch_3JwxvTZcwCCxtYe9Lo74TL0u,2022-11-15 15:18:42,succeeded,599.0,0.0,15.23,583.77,card,,YOYTRIK9-0001,subscription_create,6_month,1,cus_JNudpHxv4xR8gN,Nicole Mitchell,nicole.mitchell@bluegate-networks.example,Bluegate Networks Ltd,self_serve,network_consultant,network_consulting,GB,sub_1DtkOsehto9w9B3zXNh0EOCr
ch_3CLxKleSK3JTjaa1aPa7eBHi,2022-11-15 16:48:51,failed,599.0,0.0,,,card,card_declined,5TATBGAV-0002,subscription_cycle,6_month,1,cus_PSAMNNc5lQMeeu,Anders Pedersen,anders.pedersen@greenmark-clinics.example,Greenmark Clinics AB,self_serve,it_lead,healthcare,SE,sub_1Bj6TyFvgkcN2c54GuxwPPfG
ch_3TnT45yQEWpo2mgM37gug2Cu,2022-11-16 14:48:14,succeeded,1198.0,0.0,18.22,1179.78,card,,FT79CO6U-0001,subscription_create,6_month,2,cus_8xDFPIRaNpJ276,Sabine Hartmann,sabine.hartmann@apexmark-clinics.example,Apexmark Clinics GmbH,self_serve,it_lead,healthcare,DE,sub_1IOog7pi2KYJLoahh9957U7P
ch_3cYKlSSqJI8JZyN3GjMTEtE0,2022-11-17 07:48:02,succeeded,1960.0,0.0,29.65,1930.35,card,,7LCNHJMR-0001,subscription_create,12_month,2,cus_w6DMwX9tqDdrwU,Mark Williams,mark.williams@greenstream-systems-integration.example,Greenstream Systems Integration,self_serve,head_of_wireless,it_services,IE,sub_1x490h4FvzhRXrLVVE4Xsvdn
ch_3NSLg4yTockIl98Zn45YxlkO,2022-11-17 08:30:07,succeeded,980.0,0.0,24.75,955.25,card,,HGKGQ9U7-0001,subscription_create,12_month,1,cus_YV5ju9uJk5HBL9,Michael Phillips,michael.phillips@pineview-networks.example,Pineview Networks,self_serve,network_consultant,network_consulting,GB,sub_1bMQTXzlkJt0vQJU1KXhxx09
ch_34vfnspMbjJ9YraCYF8lQLD3,2022-11-18 17:11:51,succeeded,599.0,0.0,9.23,589.77,card,,5TATBGAV-0002,subscription_cycle,6_month,1,cus_PSAMNNc5lQMeeu,Anders Pedersen,anders.pedersen@greenmark-clinics.example,Greenmark Clinics AB,self_serve,it_lead,healthcare,SE,sub_1Bj6TyFvgkcN2c54GuxwPPfG
ch_3xPCaxjPyfEj2pmSkk214iLP,2022-11-22 08:03:30,succeeded,599.0,0.0,19.72,579.28,card,,QNLJ57XM-0001,subscription_create,6_month,1,cus_nrrbEYZjqBqFX4,Amanda Martin,amanda.martin@martin-wireless-consulting.example,Martin Wireless Consulting Inc.,self_serve,network_consultant,network_consulting,CA,sub_1O7fG8Gh77crubcemiauIasN
ch_3sWigAFWwzXytbtVkK5EGtsa,2022-11-23 08:07:22,succeeded,1797.0,0.0,58.65,1738.35,card,,3Z92ESNG-0001,subscription_create,6_month,3,cus_EaULaCIkWvkYDw,Ryan Kim,ryan.kim@ironpath-clinics.example,Ironpath Clinics Ltd,self_serve,it_lead,healthcare,NZ,sub_1Y3OGLb9UNJNnh38lJTSrq8m
ch_30IyhMv3QQIsB6YEIiJA1AZN,2022-11-30 10:27:22,succeeded,599.0,0.0,19.72,579.28,card,,94BKH7WR-0002,subscription_cycle,6_month,1,cus_RiH4RfeIrolxUG,Josh Scott,josh.scott@orbitwave-foods.example,Orbitwave Foods Pty Ltd,self_serve,it_lead,food_beverage,AU,sub_1V4hJq4RLEGgPXtkt1Vnc76F
ch_3sPC2WLelswcjzJ3uDaxyAYI,2022-12-01 15:20:59,succeeded,980.0,0.0,24.75,955.25,card,,HER36YBS-0002,subscription_cycle,12_month,1,cus_ALbUxC09EAiA1s,Rachel Adams,rachel.adams@alpinestream-foods.example,Alpinestream Foods Ltd,self_serve,it_lead,food_beverage,GB,sub_1FJiGqXMhQZ8IUlisi7NpL6V
ch_3uh6cSJUCNAXSKRsHTQ6jQ1G,2022-12-06 19:15:27,succeeded,599.0,0.0,19.72,579.28,card,,JITA84UW-0001,subscription_create,6_month,1,cus_1e8ssIYt6if1np,Carlos Patel,carlos.patel@deltamark-rf-consulting.example,Deltamark RF Consulting LLC,self_serve,network_consultant,network_consulting,US,sub_1KvSSMVlFmDguHvcS1dfbEmA
ch_3G7oQemVoixv20AbNY62mBJ3,2022-12-08 04:48:51,succeeded,599.0,0.0,19.72,579.28,card,,OJI1BHBG-0001,subscription_create,6_month,1,cus_i66b1UDlbSBB1a,Andrew Roberts,andrew.roberts@clearport-hotels.example,Clearport Hotels Inc.,self_serve,it_lead,hospitality,CA,sub_1cb7r9DcSyq6Mm4ujWdZ6lwq
ch_3c8o6d0PhpYrDNJq4jCpaS8Q,2022-12-08 12:41:10,succeeded,980.0,0.0,14.95,965.05,card,,2HTLOBXW-0001,subscription_create,12_month,1,cus_CmdDN6VAJMUFX1,Jeroen Visser,jeroen.visser@cedarview-wi-fi-solutions.example,Cedarview Wi-Fi Solutions,self_serve,network_consultant,network_consulting,NL,sub_1S3C5So9kAtNMfOepyA5Jk8m
ch_3O4Wfg5Sqgaj77yZaHvgdad0,2022-12-12 11:31:11,succeeded,599.0,0.0,9.23,589.77,card,,8KDGI6AO-0001,subscription_create,6_month,1,cus_fnfxOLbnVx0O4C,Ola Madsen,ola.madsen@signalbridge-rf-consulting.example,Signalbridge RF Consulting ApS,self_serve,network_consultant,network_consulting,DK,sub_144l6vk7sJTGer37DbEYS1ss
ch_3htbOTrJSvQi9ZnHIOQoUfpd,2022-12-13 13:07:02,succeeded,599.0,0.0,9.23,589.77,card,,4XFNUZYX-0001,subscription_create,6_month,1,cus_JKqahVYaTjoP9R,Alejandro Torres,alejandro.torres@postbox.example,,self_serve,network_consultant,network_consulting,ES,sub_1PIcSjGgF1ELySz8s1Z3DAzT
ch_3x26D6mX7sWcvLNie6pm0PwF,2022-12-16 17:29:19,succeeded,980.0,0.0,32.1,947.9,card,,RASEIQJ9-0001,subscription_create,12_month,1,cus_2XRyOcStZf1JdS,Laura Turner,laura.turner@auroralink-properties.example,Auroralink Properties LLC,self_serve,it_lead,real_estate,US,sub_194ObHmwTMC9N4cAUVr3KUAO
ch_3lzguB0cy6tkZAUUZ0n9QSLo,2022-12-17 11:02:24,succeeded,599.0,0.0,19.72,579.28,card,,4ICRMKYJ-0001,subscription_create,6_month,1,cus_2si9bkwd2IiGu8,Emily Kim,emily.kim@cedarpoint-warehousing.example,Cedarpoint Warehousing,self_serve,it_lead,logistics,US,sub_1RVm1u3l6VUiTChOvnDmMnWz
py_3DqS2hC2x6IHrlfDK5wD7F4m,2022-12-19 05:36:00,succeeded,2995.0,0.0,5.0,2990.0,bank_transfer,,3GIFFFQJ-0001,subscription_create,6_month,5,cus_KOsP1XEHyqqJUD,Uwe Krüger,uwe.kruger@westline-systems-integration.example,Westline Systems Integration,self_serve,head_of_wireless,it_services,DE,sub_1MTh8sP8KSNPwszEOZTRd0lv
ch_3GGEEk6HjH6WiRmMpG5o5m1T,2022-12-21 13:49:02,succeeded,599.0,0.0,19.72,579.28,card,,03FNKCP2-0001,subscription_create,6_month,1,cus_Wq2nYHX7CnS7gH,Michael White,michael.white@postbox.example,,self_serve,network_consultant,network_consulting,US,sub_1oWloriDFRqSwlREUYcem0US
ch_3w3EykbgSAPuwYshxp8YkQQv,2022-12-21 21:36:05,failed,599.0,0.0,,,card,card_declined,PLR98VFU-0002,subscription_cycle,6_month,1,cus_egBrhew2arJAqI,Andrew Martin,andrew.martin@vertexbridge-partners.example,Vertexbridge Partners,self_serve,it_lead,professional_services,NZ,sub_1LtJ0ndgPB3cwgLFjRvSm7Dl
ch_3E7BJawECscToLjhlvkyD98K,2022-12-22 10:13:53,succeeded,599.0,0.0,19.72,579.28,card,,ZBQRLKN6-0001,subscription_create,6_month,1,cus_kBDkPWH8R4GYQW,Raj Walker,raj.walker@summitview-industries.example,Summitview Industries LLC,self_serve,it_lead,manufacturing,US,sub_1dC8ZjJVH2gmKGzKLvJZb3xB
ch_3KqbbuxXJdrRhw1FCUZDz9ic,2022-12-22 18:20:37,succeeded,980.0,0.0,14.95,965.05,card,,A7Y743SB-0001,subscription_create,12_month,1,cus_mRvePeZVZEwXJz,Nicolas Lefebvre,nicolas.lefebvre@apexfield-networks.example,Apexfield Networks,self_serve,network_consultant,network_consulting,FR,sub_1nBJ05at50fz2PSkZsCYPBi8
ch_3JYBJ6k9sH9KnDa70GiQMkGv,2022-12-23 10:01:01,succeeded,599.0,0.0,19.72,579.28,card,,AFK0DPSL-0001,subscription_create,6_month,1,cus_MeI0Scg0ya1VvX,James Edwards,james.edwards@edwards-network-services.example,Edwards Network Services LLC,self_serve,network_consultant,network_consulting,US,sub_1PwXjCWLFnzOPD7yDdpQuVzD
ch_3IrKfHiv5CsM7ACZJEjBaXJD,2022-12-23 14:10:49,succeeded,599.0,0.0,19.72,579.28,card,,U5GHWASS-0001,subscription_create,6_month,1,cus_iALP4UYinbvTyA,Chris Lee,chris.lee@balticport-telecom.example,Balticport Telecom LLC,self_serve,head_of_wireless,telecom,US,sub_1hYAnuuTm8lyHhn33xQX70Mv
ch_3CNmMwrW0HptVzp4Tx9x41je,2022-12-24 21:42:05,succeeded,599.0,0.0,19.72,579.28,card,,PLR98VFU-0002,subscription_cycle,6_month,1,cus_egBrhew2arJAqI,Andrew Martin,andrew.martin@vertexbridge-partners.example,Vertexbridge Partners,self_serve,it_lead,professional_services,NZ,sub_1LtJ0ndgPB3cwgLFjRvSm7Dl
ch_3IG7FxbZ8SmuXFwXzTp3vhGL,2022-12-26 08:04:27,succeeded,599.0,0.0,9.23,589.77,card,,EN9L6HN9-0002,subscription_cycle,6_month,1,cus_uaIM5yUmzkfOj7,Anders Holm,anders.holm@holm-wireless-consulting.example,Holm Wireless Consulting,self_serve,network_consultant,network_consulting,NO,sub_1fDMI5neTUoUbKCe0NOrIt7s
ch_3grkhkfyJOYvnWDPXWkHtPUl,2022-12-28 16:02:05,succeeded,599.0,0.0,9.23,589.77,card,,Z1R15G6H-0001,subscription_create,6_month,1,cus_mviiZw0bl0lPf4,Søren Larsson,soren.larsson@granitemark-managed-services.example,Granitemark Managed Services,self_serve,head_of_wireless,it_services,SE,sub_1YIIqEzmQb8QL7kaAf7AvL1q
ch_3egbwzgy6FZ2rkaSJtQ8h3gA,2022-12-30 09:49:32,succeeded,599.0,0.0,9.23,589.77,card,,ZHGYLD97-0001,subscription_create,6_month,1,cus_xwSI0gRiVPT5Or,Sabine Becker,sabine.becker@aurorastream-wi-fi-solutions.example,Aurorastream Wi-Fi Solutions GmbH,self_serve,network_consultant,network_consulting,DE,sub_15cxvRta6bWk9CbSotr5xhPx
ch_3tramngMkeMxrLEDDAhZPBMo,2023-01-03 08:32:00,succeeded,980.0,0.0,32.1,947.9,card,,W8BFOQMN-0001,subscription_create,12_month,1,cus_T9hOdofdZTfxb0,Priya Patel,priya.patel@crestlink-wireless.example,Crestlink Wireless,self_serve,network_consultant,network_consulting,US,sub_1cywB983vtkEhD51vLCO8ckq
ch_3097WXLiTCmsLNppwdR0oZDM,2023-01-03 15:10:04,succeeded,980.0,0.0,32.1,947.9,card,,IFFBXGDU-0001,subscription_create,12_month,1,cus_Sw4MgUpJWU42xb,Robert Clark,robert.clark@clark-network-services.example,Clark Network Services LLC,self_serve,network_consultant,network_consulting,US,sub_1WoDSoFRSMzzyJByJhKqYFzi
ch_37gOhRGAcgj0H2xtKgPRGqK7,2023-01-06 12:00:16,succeeded,599.0,0.0,19.72,579.28,card,,5HEEOPG8-0001,subscription_create,6_month,1,cus_810L8hs4mwycTP,Megan Carter,megan.carter@bluecore-partners.example,Bluecore Partners LLC,self_serve,it_lead,professional_services,US,sub_1vy3q0eNV2yjOZqrLJgHqNXp
ch_3sNyMmPi5HL2XALIsHt1liPB,2023-01-10 19:07:05,succeeded,599.0,0.0,9.23,589.77,card,,SGWJ7SUD-0001,subscription_create,6_month,1,cus_LOAYNn36h1fsC9,Sabine Fischer,sabine.fischer@alpinepeak-clinics.example,Alpinepeak Clinics,self_serve,it_lead,healthcare,AT,sub_14F983kzLqaSqrz4pIeYONbH
ch_3XdXxShL92S3QcQ0GUklNLVR,2023-01-15 05:30:37,succeeded,980.0,0.0,32.1,947.9,card,,E8M0AUSQ-0001,subscription_create,12_month,1,cus_sZVEsurxDXmklu,Ahmed Kim,ahmed.kim@polarwave-communications.example,Polarwave Communications LLC,self_serve,head_of_wireless,telecom,US,sub_1ggwlod36EHQerlJ8RKfN3IO
ch_3q1bMUzjRqYAUmFBYKaYsVR6,2023-01-15 16:44:49,succeeded,599.0,599.0,9.23,589.77,card,,5MXW9ZOR-0001,subscription_create,6_month,1,cus_BeEgMga0G7O69R,Thomas Klein,thomas.klein@maplegate-wireless.example,Maplegate Wireless,self_serve,network_consultant,network_consulting,DE,sub_1915iwJ7tAyXx2OkeqpitPFd
ch_37uAkaRHY2RV4H6xEvuk056S,2023-01-17 09:46:00,succeeded,599.0,0.0,5.14,593.86,sepa_debit,,V0ZZQ45C-0001,subscription_create,6_month,1,cus_3co8IZALw07t8V,Marko Järvinen,marko.jarvinen@greengate-it-solutions.example,Greengate IT Solutions,self_serve,head_of_wireless,it_services,FI,sub_1p7QUjGcufpSjsGeeMBS6H8s
ch_3M0a3EZlzzpf4QFuYp9cKGqU,2023-01-18 08:06:41,succeeded,599.0,0.0,9.23,589.77,card,,A9UYNNJH-0002,subscription_cycle,6_month,1,cus_oYOrcM13fyhT2E,Tuomas Mäkinen,tuomas.makinen@maplestream-construction.example,Maplestream Construction,self_serve,it_lead,construction,FI,sub_1wW6plveKTROCdLAgBQtN5xw
ch_3KyMioKXpABDrHtobvDCIJXe,2023-01-31 08:47:27,succeeded,1960.0,0.0,29.65,1930.35,card,,ZJ6CZGYL-0001,subscription_create,12_month,2,cus_w5Ug7Y1BtEAIwi,Riikka Salminen,riikka.salminen@greencore-communications.example,Greencore Communications Oy,self_serve,head_of_wireless,telecom,FI,sub_1YmsM1oB4SxKiQGYn51T5Xh9
ch_3kmRgJivz4oTo4rjPaKLj9zV,2023-02-03 12:35:43,succeeded,599.0,0.0,9.23,589.77,card,,VMQ03E5M-0001,subscription_create,6_month,1,cus_3gqUNOuXIbCmMc,Laurent Martin,laurent.martin@northport-schools.example,Northport Schools,self_serve,it_lead,education,FR,sub_1EqLvveRI06hct9cU48hxPkJ
ch_3GAqcPqAOjDrz1neJUFFtS5n,2023-02-03 16:39:16,succeeded,980.0,0.0,32.1,947.9,card,,1XFF2GSS-0001,subscription_create,12_month,1,cus_CSfi55yu4efw4g,Carlos Patel,carlos.patel@mailbox.example,,self_serve,network_consultant,network_consulting,US,sub_1vSS6FLrm9l7JyglZEqBfoUV
ch_3N52iExXrKPMsEvw6b7HEkXN,2023-02-06 17:20:05,succeeded,1198.0,0.0,39.19,1158.81,card,,C608QQ1H-0001,subscription_create,6_month,2,cus_L2sH6qkoekeHoG,Laura Taylor,laura.taylor@deltapoint-managed-services.example,Deltapoint Managed Services LLC,self_serve,head_of_wireless,it_services,US,sub_1cpcdauZvUIhDLW4fWaElqO4
ch_3Noz1NJK08RfrtSQjwgUyZNr,2023-02-09 17:45:58,succeeded,980.0,0.0,14.95,965.05,card,,JQ8WJCLU-0001,subscription_create,12_month,1,cus_ku4vpndEAIlLQL,Ingrid Lindqvist,ingrid.lindqvist@apexpath-wireless.example,Apexpath Wireless,self_serve,network_consultant,network_consulting,NO,sub_1TcPBXbs7cN95POuaSG6Pm0h
ch_3MPh3qpJlPiJxgkNnaCRK39n,2023-02-10 04:08:24,succeeded,980.0,0.0,32.1,947.9,card,,HYDW9NP9-0001,subscription_create,12_month,1,cus_0LPDebDJxpGMyM,Amanda Green,amanda.green@orbitmark-wireless.example,Orbitmark Wireless LLC,self_serve,network_consultant,network_consulting,US,sub_1K2ZszrXxTjZ8cOzpBnSSwuw
ch_3MtnJT1wqzAJAjVN178p8IRT,2023-02-15 15:08:56,succeeded,980.0,0.0,6.35,973.65,sepa_debit,,9DHLPGFA-0001,subscription_create,12_month,1,cus_fBWH2GlIDi8qbV,Lars Eriksson,lars.eriksson@cedarline-telecom.example,Cedarline Telecom,self_serve,head_of_wireless,telecom,SE,sub_1yH3a8dY0jssWdf5HZHvfTIx
py_3P3tgYFktLGPy4C3iW1Y5RBp,2023-02-16 21:47:08,succeeded,1198.0,0.0,5.0,1193.0,bank_transfer,,ZO72O5CW-0001,subscription_create,6_month,2,cus_vC2jcmo6bkXa5j,Brian Jones,brian.jones@westworks-properties.example,Westworks Properties,self_serve,it_lead,real_estate,GB,sub_1vKG6wHx1Yve4J3QYb7OVps0
ch_3ieUpVDMO5wkU0ZV5nztaE9a,2023-02-18 11:02:56,succeeded,599.0,0.0,9.23,589.77,card,,2M9NXLSZ-0001,subscription_create,6_month,1,cus_vf8JBFGIo7TJwT,Pierre Moreau,pierre.moreau@moreau-network-services.example,Moreau Network Services SAS,self_serve,network_consultant,network_consulting,FR,sub_1jZmJlJuiS8Opjt5X5vzMtil
ch_3Jon4BDHW4rAX2BSbX3jxSQP,2023-02-22 20:18:04,succeeded,980.0,0.0,14.95,965.05,card,,G5N5LJBX-0001,subscription_create,12_month,1,cus_eExk5CH2hPgNCt,Tobias Wolf,tobias.wolf@lumenwave-clinics.example,Lumenwave Clinics,self_serve,it_lead,healthcare,DE,sub_1PSVKNJkVOBzMIlmQQMeG1ea
ch_3amWUm6WfLF9MNsqtLTeic8r,2023-02-25 09:12:38,succeeded,980.0,0.0,14.95,965.05,card,,0MJ6K2NS-0002,subscription_cycle,12_month,1,cus_CWiBUaOMJbihxN,Ruben Bakker,ruben.bakker@bakker-wireless-consulting.example,Bakker Wireless Consulting,self_serve,network_consultant,network_consulting,NL,sub_1tKVqDxBw4AOmwR0w9oxRJb1
py_3YKcZts3D6JkhdZvJSompauU,2023-02-25 13:16:42,succeeded,1198.0,0.0,5.0,1193.0,bank_transfer,,YS4LJHZN-0001,subscription_create,6_month,2,cus_kjXYSdnQ9SFMvW,Rachel Edwards,rachel.edwards@maplepoint-communications.example,Maplepoint Communications LLC,self_serve,head_of_wireless,telecom,US,sub_1NY5Einre6PbDEPvND1TAbtX
ch_3ND8uB3k3nR5dUxq4AXUcn6v,2023-02-28 16:17:29,succeeded,599.0,0.0,9.23,589.77,card,,9JX37YI6-0001,subscription_create,6_month,1,cus_KmAiDo9zScPeLZ,Mikkel Madsen,mikkel.madsen@silverfield-rf-consulting.example,Silverfield RF Consulting ApS,self_serve,network_consultant,network_consulting,DK,sub_1ir88YXees0DoCsvKTn5QypK
ch_3zJcUIJDxQB4LkHDf0AdPYpG,2023-03-04 08:33:10,succeeded,980.0,0.0,14.95,965.05,card,,X19MFGLG-0002,subscription_cycle,12_month,1,cus_ak0KsBYUqa9Lu8,Julia Wagner,julia.wagner@polarbridge-wireless.example,Polarbridge Wireless,self_serve,network_consultant,network_consulting,DE,sub_1ZD1qpWIcjQECSVhdnhjh1KS
ch_35zAg1lzoG8XtbvfhOWcy8n3,2023-03-04 08:57:02,succeeded,4900.0,0.0,73.75,4826.25,card,,KJRS83S5-0001,subscription_create,12_month,5,cus_Tf1SL9FvsnMpek,Javier Torres,javier.torres@aurorabridge-managed-services.example,Aurorabridge Managed Services S.L.,self_serve,head_of_wireless,it_services,ES,sub_16aERIrKmF6NpJMrHN79EErp
py_3SSYBgUJAfvNvdKR8ZgVuC9Q,2023-03-09 16:18:34,succeeded,1797.0,0.0,5.0,1792.0,bank_transfer,,86G87XVG-0001,subscription_create,6_month,3,cus_zcdK79yZHoiQZH,Ruben Mulder,ruben.mulder@pinebridge-wireless-engineering.example,Pinebridge Wireless Engineering,self_serve,head_of_wireless,network_consulting,NL,sub_1U8t4hnpmjIdqV54glAJdoqk
ch_3yDTgT2RJpYIfN3d3v7VFX3i,2023-03-10 11:57:58,succeeded,980.0,0.0,14.95,965.05,card,,8EDSIKVN-0001,subscription_create,12_month,1,cus_YtTzwk8CeEccOJ,Stefan Zimmermann,stefan.zimmermann@apexpath-industries.example,Apexpath Industries GmbH,self_serve,it_lead,manufacturing,DE,sub_19MZhf1fLfzIY7wiOi0zqOGy
ch_3djYvzYIZfeKgupbTERG3SGz,2023-03-12 12:23:35,succeeded,2940.0,0.0,44.35,2895.65,card,,IJOWZ53U-0001,subscription_create,12_month,3,cus_fyl8Bdmv13598s,Camille Mercier,camille.mercier@deltagate-networks.example,Deltagate Networks,self_serve,network_consultant,network_consulting,FR,sub_1unACQvyOhNbuivisci7ezf2
ch_3xZyacdxRUAoUF9oHHzGKupB,2023-03-15 09:54:46,succeeded,599.0,0.0,19.72,579.28,card,,BUG6J0LI-0002,subscription_cycle,6_month,1,cus_j7oS8UcPmuAPRk,Matt Martin,matt.martin@atlasview-rf-consulting.example,Atlasview RF Consulting LLC,self_serve,network_consultant,network_consulting,US,sub_185C5LckEvZziVI40olo8p6y
py_35tkJHvOsrwvnmnI8qMdOt3V,2023-03-17 07:48:01,succeeded,1198.0,0.0,5.0,1193.0,bank_transfer,,IERK4MTI-0001,subscription_create,6_month,2,cus_JxkgzLyr4R35z7,Ben Lewis,ben.lewis@crestlink-hotels.example,Crestlink Hotels,self_serve,it_lead,hospitality,US,sub_1OkVrOGNu6LtAk2tETdBko6V
ch_3Gt06kOgfdoswjSyllXIf8cJ,2023-03-17 10:57:51,succeeded,980.0,0.0,14.95,965.05,card,,MQA6TASU-0001,subscription_create,12_month,1,cus_DPqvYe5fTYLx34,Jan Richter,jan.richter@apexworks-networks.example,Apexworks Networks,self_serve,network_consultant,network_consulting,DE,sub_1tQcEgFhbgG3WI5KeMMj7hsR
ch_3vvK55pzZLTlpwBvuTGRXh7s,2023-03-23 14:10:32,failed,599.0,0.0,,,card,expired_card,SC3JCP0H-0002,subscription_cycle,6_month,1,cus_TiK9D6OAmKewae,Alessandro Gallo,alessandro.gallo@cedargate-warehousing.example,Cedargate Warehousing S.r.l.,self_serve,it_lead,logistics,IT,sub_1wuDtZG0HNrRMzqjYvmIUIod
ch_3kaJVxryxRBc4wGmUxYwuogL,2023-03-26 15:40:32,failed,599.0,0.0,,,card,expired_card,SC3JCP0H-0002,subscription_cycle,6_month,1,cus_TiK9D6OAmKewae,Alessandro Gallo,alessandro.gallo@cedargate-warehousing.example,Cedargate Warehousing S.r.l.,self_serve,it_lead,logistics,IT,sub_1wuDtZG0HNrRMzqjYvmIUIod
ch_38u8ynXQ6XLp6M1jAEcekpeW,2023-03-31 15:28:32,succeeded,599.0,0.0,9.23,589.77,card,,SC3JCP0H-0002,subscription_cycle,6_month,1,cus_TiK9D6OAmKewae,Alessandro Gallo,alessandro.gallo@cedargate-warehousing.example,Cedargate Warehousing S.r.l.,self_serve,it_lead,logistics,IT,sub_1wuDtZG0HNrRMzqjYvmIUIod
ch_3VWsvWKdyeXn6bNFULFkJkGI,2023-03-31 18:48:34,succeeded,980.0,0.0,32.1,947.9,card,,YYZDOJN6-0001,subscription_create,12_month,1,cus_uiApHyEvZZNrDP,David Miller,david.miller@signalpoint-telecom.example,Signalpoint Telecom LLC,self_serve,head_of_wireless,telecom,US,sub_1Re28NTR5gdl4J2mRmQIeg0M
py_3JtCbBXmhjMlcN4JmrL4G5q0,2023-04-01 06:47:35,succeeded,1960.0,0.0,5.0,1955.0,bank_transfer,,P5OB6KXM-0001,subscription_create,12_month,2,cus_ghKNb3bfpALKfE,Sami Salonen,sami.salonen@nordicstream-it-solutions.example,Nordicstream IT Solutions,self_serve,head_of_wireless,it_services,FI,sub_1Sa8bLdHJwQeSn25hCjWPNyF
py_3yB5M5PB999Lf6o8RV5kvR1i,2023-04-01 19:40:27,succeeded,110000.0,0.0,5.0,109995.0,bank_transfer,,JYJW87YV-0001,subscription_create,enterprise,1,cus_ZIil6tzf2pISHx,Kaarna University of Technology,accounts.payable@kaarna-university-of-technology.example,Kaarna University of Technology,enterprise,,university,FI,sub_1q1RKOcbyVTb8UiFzzX4KdHz
ch_3IHtXYNd8qdZfwzaVZmIC1xi,2023-04-02 10:43:49,succeeded,1960.0,0.0,63.95,1896.05,card,,73UU3XWJ-0001,subscription_create,12_month,2,cus_KwhyvCY2DacLZS,Ryan Brown,ryan.brown@brightpeak-wireless.example,Brightpeak Wireless LLC,self_serve,network_consultant,network_consulting,US,sub_19RjvmhgynwpO9iOceMYzELU
ch_3JsemJ3qvRhUCiyTHrJDBjWm,2023-04-03 05:57:08,succeeded,599.0,0.0,5.14,593.86,sepa_debit,,20LBASOB-0002,subscription_cycle,6_month,1,cus_qVSPNqfABXC5OB,Guillaume Lambert,guillaume.lambert@lambert-network-services.example,Lambert Network Services,self_serve,network_consultant,network_consulting,FR,sub_1wthYTKf2y5OBivChQu2f0Rb
ch_3nDlkRkHue2QJA9CRrpprqkY,2023-04-04 18:46:38,succeeded,599.0,0.0,19.72,579.28,card,,FXCH3YGZ-0001,subscription_create,6_month,1,cus_Uhzvy4Em6QC9uN,Ahmed Miller,ahmed.miller@northcore-wireless.example,Northcore Wireless LLC,self_serve,network_consultant,network_consulting,US,sub_1z6nz7GN3RttBbDnnZODjjfG
ch_34leYXzf5JoYScNSzNqxixcD,2023-04-07 08:32:18,succeeded,980.0,0.0,14.95,965.05,card,,XKIILUZT-0001,subscription_create,12_month,1,cus_JZbZp141c8mcbC,Juho Heinonen,juho.heinonen@apexbridge-wireless.example,Apexbridge Wireless Oy,self_serve,network_consultant,network_consulting,FI,sub_1fpZD6P9fQ87Vx5fZe0paaxH
ch_3l06XdW5QFin4zMEswTFAvzj,2023-04-16 17:10:30,succeeded,599.0,0.0,9.23,589.77,card,,G63HM4GL-0001,subscription_create,6_month,1,cus_Jl6DHQwAHrLZuC,Daan Bos,daan.bos@bos-network-services.example,Bos Network Services,self_serve,network_consultant,network_consulting,NL,sub_11xM8RYZlcQSNLF51Wt96TcJ
ch_367cE64OFdn9Cb2GO6m1DmyC,2023-04-18 17:54:05,succeeded,980.0,0.0,32.1,947.9,card,,DAVBBSQL-0001,subscription_create,12_month,1,cus_uszGr1yJ5EMARL,Andrew Harris,andrew.harris@mailbox.example,,self_serve,network_consultant,network_consulting,AU,sub_1Uel1vVWmtA69kUo8SRCzdgW
ch_3EXQQJS6Mbeivgt40FOFiv7N,2023-04-18 20:10:32,succeeded,1797.0,0.0,27.21,1769.79,card,,EBKJS189-0001,subscription_create,6_month,3,cus_76LRRp5C8SRWlF,Pierre Laurent,pierre.laurent@lumenlink-retail-group.example,Lumenlink Retail Group,self_serve,it_lead,retail,FR,sub_1fbIMwTrzk6hPgPLFRIpurzn
ch_3vbcbyy475h3WekiDoyHi5zg,2023-04-24 12:15:05,succeeded,599.0,0.0,15.23,583.77,card,,PTSQTHUM-0002,subscription_cycle,6_month,1,cus_87TTzBBp2BBWQR,Andrew Lee,andrew.lee@deltafield-wi-fi-solutions.example,Deltafield Wi-Fi Solutions Ltd,self_serve,network_consultant,network_consulting,GB,sub_18EhPMuZMHq1KbD9W1SkGuHv
ch_3ZKzUyUhsoTlz2huRySk0Cgy,2023-04-24 12:27:25,succeeded,980.0,0.0,14.95,965.05,card,,G33SRJE4-0001,subscription_create,12_month,1,cus_FI0tdCB3XcJMxp,Henrik Madsen,henrik.madsen@nordicfield-wireless.example,Nordicfield Wireless AS,self_serve,network_consultant,network_consulting,NO,sub_1qEuZTMJGc6BxpnWNMMCUqBo
ch_3FImdaYQLxes5LbyZlfIaecC,2023-04-28 09:17:58,succeeded,980.0,0.0,24.75,955.25,card,,040VOXPS-0001,subscription_create,12_month,1,cus_eReO9jItobh4NO,Nicole Wilson,nicole.wilson@brightmark-wireless.example,Brightmark Wireless,self_serve,network_consultant,network_consulting,GB,sub_1sK1N1gA38EOLtBOuLXu2ZGb
ch_35SyeHw6l0HS7JrFduQgRGBz,2023-05-02 09:09:14,succeeded,980.0,0.0,32.1,947.9,card,,5DQG154R-0001,subscription_create,12_month,1,cus_LrD7k3IydgNqbr,Jessica Scott,jessica.scott@bluepoint-retail-group.example,Bluepoint Retail Group Ltd,self_serve,it_lead,retail,NZ,sub_1ft0sdgy7RXlzfVq8BqbFgB8
py_3ArAH4nO4NwSkSn16h8PmUfh,2023-05-07 08:41:36,succeeded,4900.0,0.0,5.0,4895.0,bank_transfer,,ZA293ZE9-0002,subscription_cycle,12_month,5,cus_5M6W3TYqnpQMmq,Brian Patel,brian.patel@atlasstream-communications.example,Atlasstream Communications,self_serve,head_of_wireless,telecom,IE,sub_1nbH04x4a4z6TVPFOLyyVuIG
ch_3a86OpSsR2iuUfgaFpIGAnqG,2023-05-07 11:36:48,succeeded,980.0,0.0,32.1,947.9,card,,OUM55X74-0001,subscription_create,12_month,1,cus_BWede0AgleaXVO,Josh Wilson,josh.wilson@wilson-network-services.example,Wilson Network Services LLC,self_serve,network_consultant,network_consulting,US,sub_1cNj7Zx2CPujNrJ3c4FK9dX4
ch_3sXtZ6KAcVgcVuj4m7lrMTjr,2023-05-10 08:57:47,succeeded,980.0,0.0,32.1,947.9,card,,E1CN6K51-0002,subscription_cycle,12_month,1,cus_dWQC1RSi8f9Lhy,Robert King,robert.king@silvergate-logistics.example,Silvergate Logistics LLC,self_serve,it_lead,logistics,US,sub_1bj06TH1TW0KwLhPrMtfiPz0
ch_33USbHwoKjmjVidARzwBZxKo,2023-05-11 09:14:04,succeeded,1198.0,0.0,39.19,1158.81,card,,ZG6N32WM-0002,subscription_cycle,6_month,2,cus_WNGUw9YW7d2i80,Ryan White,ryan.white@northlink-schools.example,Northlink Schools LLC,self_serve,it_lead,education,US,sub_1cat6gLR5EEhTF3M9nMsvatR
ch_36u23l1hFGcTL4dJSqzy55I3,2023-05-15 08:19:36,succeeded,980.0,0.0,32.1,947.9,card,,45TRLJBL-0001,subscription_create,12_month,1,cus_nNFleSMmP9FfdX,Tom Green,tom.green@summitgate-managed-services.example,Summitgate Managed Services LLC,self_serve,head_of_wireless,it_services,US,sub_1K9RXMLYKspvBxbyg3R1cXlm
ch_3d16eGkUdjAUxT2dUPEFQcma,2023-05-15 12:02:27,succeeded,1960.0,0.0,63.95,1896.05,card,,UHUBVCND-0001,subscription_create,12_month,2,cus_B62saVnRa3Dmju,Matt Patel,matt.patel@orbitgate-schools.example,Orbitgate Schools,self_serve,it_lead,education,US,sub_1LyMlEq0Wmrz05vn7ahgvTLs
ch_3MTWAdvVld4R61NqOOfhGoof,2023-05-15 15:18:42,succeeded,599.0,0.0,15.23,583.77,card,,YOYTRIK9-0002,subscription_cycle,6_month,1,cus_JNudpHxv4xR8gN,Nicole Mitchell,nicole.mitchell@bluegate-networks.example,Bluegate Networks Ltd,self_serve,network_consultant,network_consulting,GB,sub_1DtkOsehto9w9B3zXNh0EOCr
ch_3VJllMRl2rpcsPxL1G8HFhjm,2023-05-15 16:48:51,succeeded,599.0,0.0,9.23,589.77,card,,5TATBGAV-0003,subscription_cycle,6_month,1,cus_PSAMNNc5lQMeeu,Anders Pedersen,anders.pedersen@greenmark-clinics.example,Greenmark Clinics AB,self_serve,it_lead,healthcare,SE,sub_1Bj6TyFvgkcN2c54GuxwPPfG
ch_3w8LPaCqIY6O5jQlqwPQeKvq,2023-05-16 14:48:14,succeeded,1198.0,0.0,18.22,1179.78,card,,FT79CO6U-0002,subscription_cycle,6_month,2,cus_8xDFPIRaNpJ276,Sabine Hartmann,sabine.hartmann@apexmark-clinics.example,Apexmark Clinics GmbH,self_serve,it_lead,healthcare,DE,sub_1IOog7pi2KYJLoahh9957U7P
ch_3U8m17J2xKnk7NMUn36OukTJ,2023-05-17 16:51:17,succeeded,599.0,0.0,19.72,579.28,card,,3G2DUKGW-0001,subscription_create,6_month,1,cus_4mX5KaD3O0j3sM,Steve Collins,steve.collins@ironport-wi-fi-solutions.example,Ironport Wi-Fi Solutions,self_serve,network_consultant,network_consulting,CA,sub_1I1EUS4q2kyPi4Ex0tegJMjU
ch_34oy7TlMiDfPw84RtgYwpEA0,2023-05-19 13:57:35,succeeded,599.0,0.0,15.23,583.77,card,,GHJG3PEH-0001,subscription_create,6_month,1,cus_Va4ytcQimzwbEN,Robert White,robert.white@harborfield-schools.example,Harborfield Schools,self_serve,it_lead,education,GB,sub_1NQpJ3UMOSkdIq34LhsEr2PL
ch_3VB8UA6AVwdRX3obhiWmq12R,2023-05-27 19:06:09,succeeded,599.0,0.0,19.72,579.28,card,,PR9IZ9GY-0001,subscription_create,6_month,1,cus_XPbd4gx5vXT1rM,Tom Clark,tom.clark@clark-network-services.example,Clark Network Services LLC,self_serve,network_consultant,network_consulting,US,sub_1ltd5Qq7vr9F6BJX9Nt0Kh3X
ch_3oQv55PGVlei4h2dPEA4fapx,2023-05-30 09:57:09,succeeded,599.0,599.0,19.72,579.28,card,,KJFYR4JA-0001,subscription_create,6_month,1,cus_n6hKMjx0k2BiTZ,Sarah Green,sarah.green@cedarmark-managed-services.example,Cedarmark Managed Services LLC,self_serve,head_of_wireless,it_services,US,sub_1Y9nXpTu22QiaNuvL7lwfCbE
ch_34vDUye2MvH9oF832c6rYjX3,2023-05-30 12:49:10,succeeded,980.0,0.0,32.1,947.9,card,,Q8GQLUS8-0001,subscription_create,12_month,1,cus_mlfgY8Jx6MAwGi,Jason Patel,jason.patel@polarpoint-rf-consulting.example,Polarpoint RF Consulting Inc.,self_serve,network_consultant,network_consulting,CA,sub_1Z8E6RRsCUsIpDxykemGdJ4h
py_3lHcVV1Kevu9pKsRij5x3jCD,2023-05-31 17:01:01,succeeded,2940.0,0.0,5.0,2935.0,bank_transfer,,BLWZFX9I-0001,subscription_create,12_month,3,cus_6nNUzt5HEiyIPN,Wei Collins,wei.collins@polarfield-properties.example,Polarfield Properties LLC,self_serve,it_lead,real_estate,US,sub_1QxMvxvoXaeOWLDEmAiCk32b
ch_3GymGVRGDQlgROa8iw13nyDV,2023-06-01 05:59:27,succeeded,599.0,0.0,19.72,579.28,card,,O12NEE00-0001,subscription_create,6_month,1,cus_woJFI2bBTO1vDb,Laura Carter,laura.carter@alpinelink-networks.example,Alpinelink Networks,self_serve,network_consultant,network_consulting,CA,sub_1riorQ7lqCwsCLddaq8wrl5U
py_3eW7GIuI6pC5JEc5iDs2Q9GH,2023-06-06 05:28:00,succeeded,2995.0,0.0,5.0,2990.0,bank_transfer,,3GIFFFQJ-0002,subscription_cycle,6_month,5,cus_KOsP1XEHyqqJUD,Uwe Krüger,uwe.kruger@westline-systems-integration.example,Westline Systems Integration,self_serve,head_of_wireless,it_services,DE,sub_1MTh8sP8KSNPwszEOZTRd0lv
ch_3XBRW54sR76013YPprwZxfr7,2023-06-06 08:32:10,succeeded,980.0,0.0,32.1,947.9,card,,JT4QMA3C-0001,subscription_create,12_month,1,cus_A7C37YpvEvQiM6,John Moore,john.moore@orbitpoint-partners.example,Orbitpoint Partners LLC,self_serve,it_lead,professional_services,US,sub_1Y0nOS0tx0K3hZ7E0uskxKFw
ch_3bbSwd945cC4LwmRtVGXEflX,2023-06-06 15:26:37,succeeded,980.0,0.0,14.95,965.05,card,,1164O915-0001,subscription_create,12_month,1,cus_q6C1o6iR8KN1hb,Camille Lambert,camille.lambert@aurorabridge-telecom.example,Aurorabridge Telecom,self_serve,head_of_wireless,telecom,FR,sub_1yTPy8o1xufNeRzBQV3sdZFM
ch_39TaqxrsPwzmPMEmlJnlFcen,2023-06-06 19:15:27,succeeded,599.0,0.0,19.72,579.28,card,,JITA84UW-0002,subscription_cycle,6_month,1,cus_1e8ssIYt6if1np,Carlos Patel,carlos.patel@deltamark-rf-consulting.example,Deltamark RF Consulting LLC,self_serve,network_consultant,network_consulting,US,sub_1KvSSMVlFmDguHvcS1dfbEmA
ch_3OgI1oK24MkFEQqYPJvZnlNe,2023-06-07 07:06:05,succeeded,980.0,0.0,32.1,947.9,card,,CCF9ZIJF-0001,subscription_create,12_month,1,cus_FNXsCrrNrTdwtK,Jessica Young,jessica.young@harborwave-wireless.example,Harborwave Wireless LLC,self_serve,network_consultant,network_consulting,US,sub_14Xh9joepNsXDHI7DRpDEcAx
ch_3AGfgbRppxZDBWBXcQOxVeYn,2023-06-07 11:57:44,succeeded,599.0,0.0,9.23,589.77,card,,YBFDB4IU-0001,subscription_create,6_month,1,cus_aA17Q7Qi0lU6SJ,Magnus Olsen,magnus.olsen@ironcore-media.example,Ironcore Media,self_serve,it_lead,media,NO,sub_1cUQV6hn1LOF8s4SHT4tMBB0
ch_3y90FIvGz5Ek9hW3Mm4SPhLJ,2023-06-07 14:00:04,succeeded,599.0,0.0,19.72,579.28,card,,P87BE18Y-0001,subscription_create,6_month,1,cus_5yg1N7IqBOvBL1,Amanda Baker,amanda.baker@baker-wireless-consulting.example,Baker Wireless Consulting,self_serve,network_consultant,network_consulting,US,sub_1XwJ6q8gTCUTt46ngPTadRcH
ch_3fkGg6nIz44vbTBiBvu71b4a,2023-06-08 15:13:01,succeeded,599.0,0.0,15.23,583.77,card,,5OR5L3W6-0001,subscription_create,6_month,1,cus_vKY7ZT0dINJG6a,Laura Martin,laura.martin@balticpeak-retail-group.example,Balticpeak Retail Group Ltd,self_serve,it_lead,retail,GB,sub_1dkJzC1VrJln1JfcBnxmGEBE
ch_3qfse5GE8k0ubqGsYHOLyZAT,2023-06-08 16:05:14,succeeded,599.0,599.0,9.23,589.77,card,,BX9YHFGG-0001,subscription_create,6_month,1,cus_gQTobX5BIR39gC,Stefan Klein,stefan.klein@silvergate-wireless.example,Silvergate Wireless GmbH,self_serve,network_consultant,network_consulting,DE,sub_1xy9IjHRneDbLADDK4CIHyEq
ch_3DhIHFtPHDUZOxM4QjK4Wcox,2023-06-12 02:53:26,succeeded,599.0,0.0,19.72,579.28,card,,WWQ6WDMV-0001,subscription_create,6_month,1,cus_ROsKma8iIt27kg,Ben Anderson,ben.anderson@deltalink-media.example,Deltalink Media,self_serve,it_lead,media,US,sub_1mmRd9z6CmBvTwHjMgR4EO05
ch_3KsoEGiVCFQwrHQhuA7dPGh3,2023-06-12 11:31:11,succeeded,980.0,0.0,14.95,965.05,card,,8KDGI6AO-0002,subscription_cycle,12_month,1,cus_fnfxOLbnVx0O4C,Ola Madsen,ola.madsen@signalbridge-rf-consulting.example,Signalbridge RF Consulting ApS,self_serve,network_consultant,network_consulting,DK,sub_144l6vk7sJTGer37DbEYS1ss
ch_3xDkncOOpq5EM5tQetVSs89r,2023-06-12 12:02:22,succeeded,1797.0,0.0,58.65,1738.35,card,,ZR0GV48O-0001,subscription_create,6_month,3,cus_cPdPcr6hYVLsv3,David Wright,david.wright@novawave-logistics.example,Novawave Logistics LLC,self_serve,it_lead,logistics,US,sub_10kkjsrlJ83uf3GqkdC1N1in
ch_3og6nSPmUHVLVNKFyAhvrXnd,2023-06-15 08:11:27,succeeded,980.0,0.0,14.95,965.05,card,,Q7MQ3TQJ-0001,subscription_create,12_month,1,cus_C6dbozI9p6CbDJ,Matteo Ferrari,matteo.ferrari@nordicfield-wireless.example,Nordicfield Wireless S.r.l.,self_serve,network_consultant,network_consulting,IT,sub_19ldzhqjcfh9YhSTCq0WMJ8z
ch_3elNjRtUZrphRC3XzfBmjnLz,2023-06-16 07:20:47,succeeded,980.0,0.0,32.1,947.9,card,,AU1E5TEC-0001,subscription_create,12_month,1,cus_qyujwRqBOyqScJ,Brian Kim,brian.kim@mailbox.example,,self_serve,network_consultant,network_consulting,CA,sub_1wXqrzuTHxJWYABxfuDVpRRJ
ch_3HKpt6qDEhd4nLO5gjvdU3CL,2023-06-20 10:45:29,succeeded,1797.0,0.0,58.65,1738.35,card,,UXJWIQUH-0001,subscription_create,6_month,3,cus_neV3dhZqEvMmwP,Olivia Walker,olivia.walker@ironfield-logistics.example,Ironfield Logistics LLC,self_serve,it_lead,logistics,US,sub_1SSIoJEzj02dVLeYvIVLjXZI
ch_3jxbTz4s8nfjd3pyeQgkqIyo,2023-06-20 17:17:39,succeeded,599.0,0.0,9.23,589.77,card,,8NEZN8TQ-0001,subscription_create,6_month,1,cus_RgBs0WInB4Xky5,Uwe Schneider,uwe.schneider@greenbridge-media.example,Greenbridge Media GmbH,self_serve,it_lead,media,DE,sub_1zsOGixVWMtPfsHHXLXHP5aN
ch_3SEgwu4mEOYMpW1anK9D0blw,2023-06-21 21:36:05,succeeded,599.0,0.0,19.72,579.28,card,,PLR98VFU-0003,subscription_cycle,6_month,1,cus_egBrhew2arJAqI,Andrew Martin,andrew.martin@vertexbridge-partners.example,Vertexbridge Partners,self_serve,it_lead,professional_services,NZ,sub_1LtJ0ndgPB3cwgLFjRvSm7Dl
ch_3hVwse53NKb1gZiGJNfYzw2d,2023-06-23 06:32:21,succeeded,599.0,0.0,19.72,579.28,card,,QMDNMTV1-0001,subscription_create,6_month,1,cus_jgtktNJ2z032s3,Robert Scott,robert.scott@summitpeak-networks.example,Summitpeak Networks LLC,self_serve,network_consultant,network_consulting,US,sub_1ZSRQxd32TsRcULlvshZJdKC
ch_3MCWjlCGk7Zf8Brfa2wuMgp3,2023-06-23 10:01:01,succeeded,599.0,0.0,19.72,579.28,card,,AFK0DPSL-0002,subscription_cycle,6_month,1,cus_MeI0Scg0ya1VvX,James Edwards,james.edwards@edwards-network-services.example,Edwards Network Services LLC,self_serve,network_consultant,network_consulting,US,sub_1PwXjCWLFnzOPD7yDdpQuVzD
ch_3pt9AJMQlSrJJJ5GCNoKBL6H,2023-06-23 14:10:49,succeeded,599.0,0.0,19.72,579.28,card,,U5GHWASS-0002,subscription_cycle,6_month,1,cus_iALP4UYinbvTyA,Chris Lee,chris.lee@balticport-telecom.example,Balticport Telecom LLC,self_serve,head_of_wireless,telecom,US,sub_1hYAnuuTm8lyHhn33xQX70Mv
ch_3iFgGnp93qoVuVCur0EVsj6Q,2023-06-26 08:04:27,succeeded,599.0,0.0,9.23,589.77,card,,EN9L6HN9-0003,subscription_cycle,6_month,1,cus_uaIM5yUmzkfOj7,Anders Holm,anders.holm@holm-wireless-consulting.example,Holm Wireless Consulting,self_serve,network_consultant,network_consulting,NO,sub_1fDMI5neTUoUbKCe0NOrIt7s
ch_3OPxKZ7HPfwPRBrImNdCsfyT,2023-06-27 14:10:10,succeeded,599.0,0.0,19.72,579.28,card,,4RG48DOZ-0001,subscription_create,6_month,1,cus_pH9sXOUNJ0ahtn,John King,john.king@brightcore-properties.example,Brightcore Properties,self_serve,it_lead,real_estate,CA,sub_15LMZLlTR7bFAmYpkpSNoQ4q
ch_3gfegtoArnU7xAUGUm2mprXw,2023-06-27 21:59:58,succeeded,980.0,0.0,14.95,965.05,card,,6PSDUHMC-0001,subscription_create,12_month,1,cus_0ZMn5COuAvReGm,Pierre Bernard,pierre.bernard@alpinemark-networks.example,Alpinemark Networks SAS,self_serve,network_consultant,network_consulting,FR,sub_1cvia2GUjI7mhEruv85Tpg5y
ch_3vFYg1mpVFCQb5oR3MypVyma,2023-06-28 16:02:05,succeeded,599.0,0.0,9.23,589.77,card,,Z1R15G6H-0002,subscription_cycle,6_month,1,cus_mviiZw0bl0lPf4,Søren Larsson,soren.larsson@granitemark-managed-services.example,Granitemark Managed Services,self_serve,head_of_wireless,it_services,SE,sub_1YIIqEzmQb8QL7kaAf7AvL1q
ch_3dYsS4WtpkYxAsm9trSeRNlT,2023-06-30 15:47:07,succeeded,599.0,0.0,9.23,589.77,card,,12LVW143-0001,subscription_create,6_month,1,cus_e3TW7ZEwz4jRj8,Julien Fontaine,julien.fontaine@granitepoint-properties.example,Granitepoint Properties SAS,self_serve,it_lead,real_estate,FR,sub_1ltzbVCJWCYjZ8zFEioQJIU0
ch_3Rg8dSRqOcm0dOkO6aHZUrR6,2023-07-04 16:11:27,succeeded,980.0,0.0,14.95,965.05,card,,3JIVA8CJ-0001,subscription_create,12_month,1,cus_mFyGD5Hk3uSY2W,Florian Krüger,florian.kruger@alpinelink-foods.example,Alpinelink Foods GmbH,self_serve,it_lead,food_beverage,DE,sub_1yvKUBkw6yBpKNkX60hu2LRF
ch_3ASxpRgMI0nCOoiA3UPluORg,2023-07-05 03:14:20,succeeded,599.0,0.0,5.14,593.86,sepa_debit,,RR3B7IJ5-0001,subscription_create,6_month,1,cus_p0JeQriaqlsvdB,Mikko Ahonen,mikko.ahonen@pinegate-rf-consulting.example,Pinegate RF Consulting,self_serve,network_consultant,network_consulting,FI,sub_1HCVeKUnOvj4SuHq9nRTV1Qe
ch_3wnVol9ecdvlz9kQjfuuZjVO,2023-07-06 09:40:41,succeeded,599.0,0.0,9.23,589.77,card,,F2TQ24JN-0001,subscription_create,6_month,1,cus_3acmQMUVrGOzx9,Ville Korhonen,ville.korhonen@balticcore-wi-fi-solutions.example,Balticcore Wi-Fi Solutions Oy,self_serve,network_consultant,network_consulting,FI,sub_1rAQUPaD1NzgoRgp4BEtJRnh
ch_3yatVaXZci1zoC5XdaWpNQvx,2023-07-07 14:26:51,succeeded,599.0,0.0,5.14,593.86,sepa_debit,,OA330N19-0001,subscription_create,6_month,1,cus_CPm7KWElG7IU54,Ville Lehtonen,ville.lehtonen@westcore-wi-fi-solutions.example,Westcore Wi-Fi Solutions Oy,self_serve,network_consultant,network_consulting,FI,sub_1ozHJ9AlIiEGBlecPnDJJats
ch_3c7mj0A3Nm32hTzBdHXUzvX3,2023-07-07 16:12:16,succeeded,1797.0,0.0,45.17,1751.83,card,,EANJA3HJ-0001,subscription_create,6_month,3,cus_61qowRjDGWblCm,Chris Walker,chris.walker@ironlink-managed-services.example,Ironlink Managed Services Ltd,self_serve,head_of_wireless,it_services,GB,sub_12rLu9iO4JSzH0VI6Vh2JBCs
ch_385C5ofefzw4T04I762cLYfG,2023-07-13 15:20:26,succeeded,2940.0,0.0,95.8,2844.2,card,,6N66FR0R-0001,subscription_create,12_month,3,cus_E4bTB3oUPwl7Jp,Rachel Baker,rachel.baker@harborview-wireless-engineering.example,Harborview Wireless Engineering,self_serve,head_of_wireless,network_consulting,US,sub_1DGHQhC5glIg1b416R2DJsg8
ch_3KPP3nJqYKr7EIO3bYTFjJL7,2023-07-17 09:46:00,succeeded,599.0,0.0,5.14,593.86,sepa_debit,,V0ZZQ45C-0002,subscription_cycle,6_month,1,cus_3co8IZALw07t8V,Marko Järvinen,marko.jarvinen@greengate-it-solutions.example,Greengate IT Solutions,self_serve,head_of_wireless,it_services,FI,sub_1p7QUjGcufpSjsGeeMBS6H8s
ch_3Dg7UNU7YzukH8Hlpha57SnS,2023-07-18 08:06:41,succeeded,599.0,0.0,9.23,589.77,card,,A9UYNNJH-0003,subscription_cycle,6_month,1,cus_oYOrcM13fyhT2E,Tuomas Mäkinen,tuomas.makinen@maplestream-construction.example,Maplestream Construction,self_serve,it_lead,construction,FI,sub_1wW6plveKTROCdLAgBQtN5xw
ch_39r6rCmUKJ1lHtTm2GWg70v8,2023-07-18 10:04:41,succeeded,599.0,0.0,19.72,579.28,card,,RYPZE2LZ-0001,subscription_create,6_month,1,cus_2xxlOQKalaQcDJ,Chris Lewis,chris.lewis@atlasbridge-wireless.example,Atlasbridge Wireless Inc.,self_serve,network_consultant,network_consulting,CA,sub_1EkoTvV8KC3L86lvkZMfhVlj
ch_3LZDFILragBotM2ZG0Dbd8zk,2023-07-21 11:03:05,succeeded,1960.0,0.0,63.95,1896.05,card,,XM0VKG82-0001,subscription_create,12_month,2,cus_3xqmKLdV3v4WlR,Matt Nguyen,matt.nguyen@summitgate-media.example,Summitgate Media LLC,self_serve,it_lead,media,US,sub_1ZKn7ixTUdd0mDE8x9BsYRsw
ch_3QzriTUAjHvRis5vKZPFFVZQ,2023-07-22 17:24:13,failed,980.0,0.0,,,card,card_declined,AQ4M59GV-0001,subscription_create,12_month,1,cus_xhaolwVvxVMRru,Carlos Phillips,carlos.phillips@novastream-foods.example,Novastream Foods Pty Ltd,self_serve,it_lead,food_beverage,AU,sub_1YRqedqEKJoB1NqQ6mD53rft
ch_3zHi4TGRlMYFfI6nwyrzzYLj,2023-07-22 17:29:15,succeeded,980.0,0.0,32.1,947.9,card,,AQ4M59GV-0001,subscription_create,12_month,1,cus_xhaolwVvxVMRru,Carlos Phillips,carlos.phillips@novastream-foods.example,Novastream Foods Pty Ltd,self_serve,it_lead,food_beverage,AU,sub_1YRqedqEKJoB1NqQ6mD53rft
ch_3OFnNzQFQJuTa8TXQQcLEBuV,2023-07-24 17:38:39,succeeded,599.0,0.0,19.72,579.28,card,,MCPV4NSV-0001,subscription_create,6_month,1,cus_FXk0llBjGpVahm,Raj Jackson,raj.jackson@balticpoint-wi-fi-solutions.example,Balticpoint Wi-Fi Solutions,self_serve,network_consultant,network_consulting,US,sub_19w1pZnx8Z1bgG1uRB7CowoM
ch_3zOhOEmAbQ2qKDYYhZn9d8EW,2023-07-30 15:39:55,succeeded,980.0,0.0,32.1,947.9,card,,21XXH4DG-0002,subscription_cycle,12_month,1,cus_GnyrlhcWB7ZkYO,Wei Brown,wei.brown@brown-wireless-consulting.example,Brown Wireless Consulting LLC,self_serve,network_consultant,network_consulting,US,sub_18hD0Ngf0DlncAI80cgQHEpP
ch_3WFaaYDXbkWluIcPZZbmDQtN,2023-07-31 17:30:14,succeeded,1960.0,0.0,49.25,1910.75,card,,J7M9AS6D-0001,subscription_create,12_month,2,cus_bIjPO7C99sqQh8,Andrew Davis,andrew.davis@balticmark-it-solutions.example,Balticmark IT Solutions Ltd,self_serve,head_of_wireless,it_services,GB,sub_1pF7U9VJs4Fsx72Mu0hjk0Ie
ch_3gLL6qWVo95LC0rTohyMWlOp,2023-08-06 17:20:05,succeeded,1960.0,0.0,63.95,1896.05,card,,C608QQ1H-0002,subscription_cycle,12_month,2,cus_L2sH6qkoekeHoG,Laura Taylor,laura.taylor@deltapoint-managed-services.example,Deltapoint Managed Services LLC,self_serve,head_of_wireless,it_services,US,sub_1cpcdauZvUIhDLW4fWaElqO4
ch_3LMWuAJUEpy4R2vDls0WJRrS,2023-08-07 11:05:00,succeeded,980.0,0.0,32.1,947.9,card,,IOARMF22-0002,subscription_cycle,12_month,1,cus_WiHDArKdqbaBvu,David Nelson,david.nelson@nelson-wireless-consulting.example,Nelson Wireless Consulting,self_serve,network_consultant,network_consulting,US,sub_1aIxnp3hoWSbV4v1kVRyyKBv
py_3WQLEginQxh2hKR6bAg9jQFY,2023-08-08 19:21:08,succeeded,1198.0,0.0,5.0,1193.0,bank_transfer,,ZO72O5CW-0002,subscription_cycle,6_month,2,cus_vC2jcmo6bkXa5j,Brian Jones,brian.jones@westworks-properties.example,Westworks Properties,self_serve,it_lead,real_estate,GB,sub_1vKG6wHx1Yve4J3QYb7OVps0
ch_3HW3NlpbusOvOqIzV7oMQe9S,2023-08-12 06:45:06,succeeded,599.0,0.0,15.23,583.77,card,,F5LZNWS2-0001,subscription_create,6_month,1,cus_5XyDSuHoBSE9Fm,David Nelson,david.nelson@pinebridge-wireless.example,Pinebridge Wireless Ltd,self_serve,network_consultant,network_consulting,GB,sub_1f55Stwqeuo7rN21KuL1zmGd
ch_3L7xyMwslC1LYIM35ah4sZKf,2023-08-14 13:28:51,succeeded,1960.0,0.0,29.65,1930.35,card,,4ZO2TWH5-0001,subscription_create,12_month,2,cus_3XiUAHskGv3oT2,Sanna Hämäläinen,sanna.hamalainen@aurorapoint-properties.example,Aurorapoint Properties,self_serve,it_lead,real_estate,FI,sub_1Mk33EDzAoJI031g3debhkEz
ch_32h5RhZm3tH25joEb34HejRG,2023-08-19 05:26:48,succeeded,980.0,0.0,32.1,947.9,card,,RV56DFRX-0001,subscription_create,12_month,1,cus_HkdK7nj3XpF54q,Ben Phillips,ben.phillips@aurorapoint-wi-fi-solutions.example,Aurorapoint Wi-Fi Solutions Pty Ltd,self_serve,network_consultant,network_consulting,AU,sub_1QYaHv0QcO28bg0VjYU9LoGz
ch_3lrEwe7xSz8iY3xWGxtD8FEs,2023-08-21 14:23:25,succeeded,1198.0,0.0,39.19,1158.81,card,,X7AQV3P3-0001,subscription_create,6_month,2,cus_dSCXn2VvAdJt7x,Wei Campbell,wei.campbell@clearwave-schools.example,Clearwave Schools,self_serve,it_lead,education,US,sub_1L69PQRr0f3uuO8L2IvMw2eG
ch_3Eo6QfqkGA6KcNlwRCXyEfQR,2023-08-23 20:33:34,succeeded,1960.0,0.0,29.65,1930.35,card,,BZQKWL91-0001,subscription_create,12_month,2,cus_ebF30fKJrVwXtf,Nicole Young,nicole.young@nordicline-technology-group.example,Nordicline Technology Group Ltd,self_serve,head_of_wireless,it_services,IE,sub_12mIIUuB9M12vDJ5Qq6RPK9z
ch_3bpOYftkiUT3u5jsllqWk5km,2023-08-24 15:45:04,succeeded,980.0,0.0,32.1,947.9,card,,3TDQQHDR-0001,subscription_create,12_month,1,cus_Woo6SJQqlWRl3x,Rachel Jones,rachel.jones@jones-network-services.example,Jones Network Services Inc.,self_serve,network_consultant,network_consulting,CA,sub_12HTZKRN6y1FZNOni5Jw0Xge
ch_3vDrEkjHgzt042yUH2hwaBxh,2023-08-27 07:55:50,succeeded,599.0,0.0,9.23,589.77,card,,8DCJ35PE-0001,subscription_create,6_month,1,cus_uKXmvwy1ZHbF0g,Mikkel Lindqvist,mikkel.lindqvist@lindqvist-wireless-consulting.example,Lindqvist Wireless Consulting,self_serve,network_consultant,network_consulting,DK,sub_1NII4R3nLB0wcOwbYa1QxKAN
ch_3hxlmJoMw3A40NHfnyVpq05e,2023-08-28 16:17:29,failed,1198.0,0.0,,,card,card_declined,9JX37YI6-0002,subscription_cycle,6_month,2,cus_KmAiDo9zScPeLZ,Mikkel Madsen,mikkel.madsen@silverfield-rf-consulting.example,Silverfield RF Consulting ApS,self_serve,network_consultant,network_consulting,DK,sub_1ir88YXees0DoCsvKTn5QypK
ch_3Qm7svbqq1Tnd18ydvwBNVkf,2023-08-31 17:38:29,succeeded,1198.0,0.0,18.22,1179.78,card,,9JX37YI6-0002,subscription_cycle,6_month,2,cus_KmAiDo9zScPeLZ,Mikkel Madsen,mikkel.madsen@silverfield-rf-consulting.example,Silverfield RF Consulting ApS,self_serve,network_consultant,network_consulting,DK,sub_1ir88YXees0DoCsvKTn5QypK
ch_3n7PFe2v1eYidRdmJiFerBSO,2023-09-04 16:35:06,succeeded,599.0,0.0,19.72,579.28,card,,VKV4ZXBU-0001,subscription_create,6_month,1,cus_gh3xG9bxJM3kQp,Nicole Turner,nicole.turner@mapleworks-telecom.example,Mapleworks Telecom LLC,self_serve,head_of_wireless,telecom,US,sub_17rErMhkDW0y5scQHGkk67Us
ch_3tewq9fXaBzCShkdSkzzpOnb,2023-09-06 11:35:16,succeeded,1198.0,0.0,18.22,1179.78,card,,MBWEELSE-0001,subscription_create,6_month,2,cus_37pd4RALOEu135,Andreas Zimmermann,andreas.zimmermann@clearfield-retail-group.example,Clearfield Retail Group GmbH,self_serve,it_lead,retail,DE,sub_1kEjKF4gVn8t1mvSDrQdcZTA
py_3iHlTXQrnkZZ4m323ZPNA71W,2023-09-07 09:30:23,succeeded,2995.0,0.0,5.0,2990.0,bank_transfer,,JT6NQUIA-0001,subscription_create,6_month,5,cus_9VsNHdidP7qVUj,Josh Scott,josh.scott@polarwave-communications.example,Polarwave Communications Inc.,self_serve,head_of_wireless,telecom,CA,sub_1lFVvqiD4jjeQ1gVZKObbpw3
py_3FtIy06MpCxc5d2LGc8CTgvQ,2023-09-07 11:30:01,succeeded,1198.0,0.0,5.0,1193.0,bank_transfer,,IERK4MTI-0002,subscription_cycle,6_month,2,cus_JxkgzLyr4R35z7,Ben Lewis,ben.lewis@crestlink-hotels.example,Crestlink Hotels,self_serve,it_lead,hospitality,US,sub_1OkVrOGNu6LtAk2tETdBko6V
ch_3rPbaKTPfLpz3YaLQjjtbucI,2023-09-08 09:21:33,succeeded,980.0,0.0,32.1,947.9,card,,9262OU8O-0001,subscription_create,12_month,1,cus_nWSwF1iCbw6NoM,James Nguyen,james.nguyen@blueport-it-solutions.example,Blueport IT Solutions LLC,self_serve,head_of_wireless,it_services,US,sub_1hp2u9z3kGHsIOqXE77o2B52
py_35AVxAJ3gQj4trdY0xRdF11G,2023-09-08 13:12:42,succeeded,1198.0,0.0,5.0,1193.0,bank_transfer,,YS4LJHZN-0002,subscription_cycle,6_month,2,cus_kjXYSdnQ9SFMvW,Rachel Edwards,rachel.edwards@maplepoint-communications.example,Maplepoint Communications LLC,self_serve,head_of_wireless,telecom,US,sub_1NY5Einre6PbDEPvND1TAbtX
ch_3yODYSQS0wTC7i0kYIRkM8Ov,2023-09-11 12:36:24,succeeded,980.0,0.0,32.1,947.9,card,,64DS9WYU-0001,subscription_create,12_month,1,cus_JXCs2eoJFPlFzy,Olivia Jones,olivia.jones@mailbox.example,,self_serve,network_consultant,network_consulting,US,sub_1ntyHQF6LL4235BEX9pZSYwp
ch_3qBbdNJvAiWMm5D1frZyLKYI,2023-09-13 08:29:35,failed,599.0,0.0,,,card,card_declined,1VT08J43-0001,subscription_create,6_month,1,cus_Ovip86pnQ3VbYx,Jason Edwards,jason.edwards@vertexgate-construction.example,Vertexgate Construction Inc.,self_serve,it_lead,construction,CA,sub_1Ll2Af5aAdeukErQqt1kTmZf
ch_3UkUpGwSVtP2RIAPLschqGVl,2023-09-13 08:36:39,succeeded,599.0,0.0,19.72,579.28,card,,1VT08J43-0001,subscription_create,6_month,1,cus_Ovip86pnQ3VbYx,Jason Edwards,jason.edwards@vertexgate-construction.example,Vertexgate Construction Inc.,self_serve,it_lead,construction,CA,sub_1Ll2Af5aAdeukErQqt1kTmZf
ch_3vjQse9u0JURXvkTkGTaIQAF,2023-09-13 08:45:56,succeeded,599.0,0.0,19.72,579.28,card,,XPCHQ758-0001,subscription_create,6_month,1,cus_K19yYOgDRZU3pd,Jessica Martin,jessica.martin@harborport-networks.example,Harborport Networks,self_serve,network_consultant,network_consulting,US,sub_1bVi62uhSC6iwKAkhgyUOkEj
ch_3i5rQsG3VZ3zzZeU1pGI5j4R,2023-09-13 13:22:06,succeeded,980.0,0.0,24.75,955.25,card,,U903I8SR-0001,subscription_create,12_month,1,cus_stSef8y4IGDTQR,John Green,john.green@postbox.example,,self_serve,network_consultant,network_consulting,GB,sub_1A8OqIJoYNl8Wk5l6g9azT6L
ch_3zhwFIycYAdMqLqhBjsxD2jo,2023-09-13 13:36:58,succeeded,1960.0,0.0,63.95,1896.05,card,,719IH2OO-0002,subscription_cycle,12_month,2,cus_m3iwHkQNkPuQq7,Kate Nelson,kate.nelson@nelson-network-services.example,Nelson Network Services LLC,self_serve,network_consultant,network_consulting,US,sub_1PxoVeGBI93nw6bH5DcBRRgP
ch_3RzyAjZCkhZxFcD6676Hje6m,2023-09-15 09:54:46,succeeded,980.0,0.0,32.1,947.9,card,,BUG6J0LI-0003,subscription_cycle,12_month,1,cus_j7oS8UcPmuAPRk,Matt Martin,matt.martin@atlasview-rf-consulting.example,Atlasview RF Consulting LLC,self_serve,network_consultant,network_consulting,US,sub_185C5LckEvZziVI40olo8p6y
ch_3UjNdGhPXV4H8rkTHHTkETH3,2023-09-17 12:00:30,failed,599.0,0.0,,,card,card_declined,J7BX9O0N-0001,subscription_create,6_month,1,cus_V6qflfNQyleE7t,David Young,david.young@young-wireless-consulting.example,Young Wireless Consulting,self_serve,network_consultant,network_consulting,US,sub_1tMVDvlCbgL6RmbF7jMUUmC3
ch_3fS3fvSboW9ogUk8rH1mkd53,2023-09-17 12:03:11,succeeded,599.0,0.0,19.72,579.28,card,,J7BX9O0N-0001,subscription_create,6_month,1,cus_V6qflfNQyleE7t,David Young,david.young@young-wireless-consulting.example,Young Wireless Consulting,self_serve,network_consultant,network_consulting,US,sub_1tMVDvlCbgL6RmbF7jMUUmC3
ch_3hRJftdqjvVApcnloNacleO3,2023-09-18 00:23:55,succeeded,1960.0,0.0,29.65,1930.35,card,,HDK7PHGR-0001,subscription_create,12_month,2,cus_OyQZsM3CtSELp3,Pieter van den Berg,pieter.vandenberg@auroraline-wireless-engineering.example,Auroraline Wireless Engineering,self_serve,head_of_wireless,network_consulting,NL,sub_1eoljeyQRV8Yf59sg5Sw1kPY
ch_3Eq3Zi22vzGUTB8rz3FuL7Cn,2023-09-18 14:34:03,succeeded,980.0,0.0,14.95,965.05,card,,PXOT5FD4-0001,subscription_create,12_month,1,cus_auAwziYTDLU4f1,Marko Koskinen,marko.koskinen@postbox.example,,self_serve,network_consultant,network_consulting,FI,sub_1Cv9uN3C6GyBQ6J3CpKvZx5k
ch_3yoilxqLNoHMTfaP4TJToGM0,2023-09-18 19:26:24,succeeded,1960.0,0.0,29.65,1930.35,card,,62QM6V5N-0001,subscription_create,12_month,2,cus_K0haWRqlHsnwk7,Katharina Meyer,katharina.meyer@westline-construction.example,Westline Construction GmbH,self_serve,it_lead,construction,DE,sub_1iPdxXMB9sCgPVUHWK9yxOdI
ch_3spwGMDu5ZLXfMCwNs4j1Ws6,2023-09-19 18:31:30,succeeded,1960.0,0.0,29.65,1930.35,card,,RK680KRX-0001,subscription_create,12_month,2,cus_VoJ0ZXk4r94yrR,Jeroen Vos,jeroen.vos@nordicpoint-warehousing.example,Nordicpoint Warehousing BV,self_serve,it_lead,logistics,BE,sub_17Kwn9gl4euxLZcJFeoGi6HI
ch_3V89AsgZwMWSodPP333oMTja,2023-09-21 15:40:22,succeeded,599.0,0.0,19.72,579.28,card,,CU7J3KAO-0001,subscription_create,6_month,1,cus_ChUdVmD3Id1SRi,Nicole Baker,nicole.baker@novaline-retail-group.example,Novaline Retail Group,self_serve,it_lead,retail,US,sub_1SgFtb5yfaUGZPsrtqM5oGRI
ch_3QQwoW2z10OBUnL3T97BjofU,2023-09-22 13:38:39,succeeded,980.0,0.0,32.1,947.9,card,,Q80Y8RBI-0001,subscription_create,12_month,1,cus_loVKhdnVuTrGGx,Brian Davis,brian.davis@mailbox.example,,self_serve,network_consultant,network_consulting,US,sub_16KZk4erBPut6fBcOIwAfhHK
ch_3RdmPIK9TKNv6zoaPepV8qLO,2023-09-22 15:01:13,succeeded,980.0,0.0,24.75,955.25,card,,Z8R0ANT7-0001,subscription_create,12_month,1,cus_xenWisK7Hv4w8N,Emily Davis,emily.davis@novaline-industries.example,Novaline Industries Ltd,self_serve,it_lead,manufacturing,GB,sub_1HfZG8yF8npLKVYa0fPUPahh
py_3G8KbfaGOsX3rwPRdIJV8Ylu,2023-09-22 19:48:43,succeeded,4900.0,0.0,5.0,4895.0,bank_transfer,,4X4MPT2A-0001,subscription_create,12_month,5,cus_S1m31swSRs320j,Niels Jansen,niels.jansen@granitepoint-telecom.example,Granitepoint Telecom BV,self_serve,head_of_wireless,telecom,BE,sub_1ayEY8hZBpKERfiemzNQCk9O
ch_3QtCnZ3ElmXdp0RT1KvrJCwj,2023-09-23 14:10:32,succeeded,599.0,0.0,9.23,589.77,card,,SC3JCP0H-0003,subscription_cycle,6_month,1,cus_TiK9D6OAmKewae,Alessandro Gallo,alessandro.gallo@cedargate-warehousing.example,Cedargate Warehousing S.r.l.,self_serve,it_lead,logistics,IT,sub_1wuDtZG0HNrRMzqjYvmIUIod
ch_3uLsYhGmVgLLYaJdrWoGInXX,2023-09-25 14:03:06,succeeded,980.0,0.0,24.75,955.25,card,,YZWJ3BE0-0001,subscription_create,12_month,1,cus_8abpEKoMKKbQg1,Kevin Scott,kevin.scott@mailbox.example,,self_serve,network_consultant,network_consulting,GB,sub_1E87gTvHAEy9gO2U6WEPVamH
ch_3VuSkPaKAAG9hxmrdLc8033r,2023-09-27 04:58:17,succeeded,980.0,0.0,14.95,965.05,card,,L9X7GJBU-0001,subscription_create,12_month,1,cus_lqVfCg4JTkkY5K,Laura Korhonen,laura.korhonen@orbitfield-foods.example,Orbitfield Foods,self_serve,it_lead,food_beverage,FI,sub_1Bndxpe6TlJnCYSLiI8V4Pfa
ch_33uxWt3nZOldqsPh5pjPEW2Y,2023-09-27 16:19:32,succeeded,980.0,0.0,6.35,973.65,sepa_debit,,0FN9Z83Z-0001,subscription_create,12_month,1,cus_IpN5tpUldFEXGJ,Sara Eriksson,sara.eriksson@polargate-wireless.example,Polargate Wireless AB,self_serve,network_consultant,network_consulting,SE,sub_1Xw40MWXYkYIMuHW6nhHw3wG
py_3MQ5Q0fPdikDEU1lrs3CyP6f,2023-10-01 06:20:48,succeeded,1960.0,0.0,5.0,1955.0,bank_transfer,,HS1ZGDPZ-0001,subscription_create,12_month,2,cus_s4vxyAUgZxUDc4,Ben Wright,ben.wright@lumenstream-telecom.example,Lumenstream Telecom,self_serve,head_of_wireless,telecom,CA,sub_1n19iBClvpRykTMiNEXBwgJk
ch_3cUBGDnmaCQ8gnXwmTpWf0v2,2023-10-02 09:51:45,succeeded,599.0,0.0,19.72,579.28,card,,MLZ6EAVD-0001,subscription_create,6_month,1,cus_VtydsIg2EBs9lA,Mark Wright,mark.wright@pinefield-telecom.example,Pinefield Telecom,self_serve,head_of_wireless,telecom,US,sub_1RRjnbmQyM3RZYdnVj7nXPfr
ch_3d0rxhL3P6MS1zLq7QfL3CI1,2023-10-03 05:57:08,succeeded,599.0,0.0,5.14,593.86,sepa_debit,,20LBASOB-0003,subscription_cycle,6_month,1,cus_qVSPNqfABXC5OB,Guillaume Lambert,guillaume.lambert@lambert-network-services.example,Lambert Network Services,self_serve,network_consultant,network_consulting,FR,sub_1wthYTKf2y5OBivChQu2f0Rb
ch_3acmjTe7bCAS98anKJdcQM6a,2023-10-04 18:46:38,succeeded,599.0,0.0,19.72,579.28,card,,FXCH3YGZ-0002,subscription_cycle,6_month,1,cus_Uhzvy4Em6QC9uN,Ahmed Miller,ahmed.miller@northcore-wireless.example,Northcore Wireless LLC,self_serve,network_consultant,network_consulting,US,sub_1z6nz7GN3RttBbDnnZODjjfG
ch_3efeG2e0fFTVUi64ABgNWPQO,2023-10-09 10:26:37,succeeded,2940.0,0.0,95.8,2844.2,card,,HYPFPU2V-0001,subscription_create,12_month,3,cus_OOcyhQJgvoPk0o,Florian Meyer,florian.meyer@graniteport-hotels.example,Graniteport Hotels AG,self_serve,it_lead,hospitality,CH,sub_1Cbs4asB6MaliZ1XJHzPwkYP
ch_3aHW86yTV0LB5AnakB883xV9,2023-10-09 14:25:35,succeeded,980.0,0.0,14.95,965.05,card,,2Q8DMAT9-0001,subscription_create,12_month,1,cus_xVbUOLiRyyq5gd,Matteo Rossi,matteo.rossi@nordicline-partners.example,Nordicline Partners S.r.l.,self_serve,it_lead,professional_services,IT,sub_1xImFaKG9LPos9UIFr3hc9sf
ch_3lv3RF0EBRMFxP6rp89bSe6A,2023-10-10 10:13:51,succeeded,980.0,0.0,32.1,947.9,card,,XX9Y4J6R-0001,subscription_create,12_month,1,cus_f5PDGgxg3w5UuI,Andrew Clark,andrew.clark@mailbox.example,,self_serve,network_consultant,network_consulting,US,sub_1mNI2dnmPKrcnPnpMvVqsq7O
ch_3jDyWaTQvJ95hG7d38rGii0Q,2023-10-10 16:14:41,succeeded,1797.0,0.0,58.65,1738.35,card,,QZ0NPHQI-0001,subscription_create,6_month,3,cus_UkgvgcwdrGk2Qk,Carlos Lee,carlos.lee@greenlink-systems-integration.example,Greenlink Systems Integration Pty Ltd,self_serve,head_of_wireless,it_services,AU,sub_1gdGww4hb8zgXkUYCHz0HiNz
ch_31QYe5vXjm1xzLVY1uZbW0Fj,2023-10-10 17:30:55,succeeded,1198.0,0.0,39.19,1158.81,card,,4TGGPYO8-0001,subscription_create,6_month,2,cus_LTrITJjNjE8fbf,John Thomas,john.thomas@atlasgate-retail-group.example,Atlasgate Retail Group,self_serve,it_lead,retail,US,sub_1QeRK30vwiai94gRiq9NA7PE
py_3cGQl4wfo13mP5MzuvzJ7mB4,2023-10-12 19:41:43,succeeded,1198.0,0.0,5.0,1193.0,bank_transfer,,M25FAHY5-0001,subscription_create,6_month,2,cus_uCkGNSYuOXX97q,Olivia Collins,olivia.collins@orbitpath-wireless-engineering.example,Orbitpath Wireless Engineering LLC,self_serve,head_of_wireless,network_consulting,US,sub_1MwDsGAqckJJQa5rqIsDLVWf
ch_3FRyfUXggYVdZoyyM3ZlKo3G,2023-10-13 00:01:01,succeeded,980.0,0.0,32.1,947.9,card,,LD04P7M0-0001,subscription_create,12_month,1,cus_27XkFLYKFKba1T,Megan Davis,megan.davis@polarbridge-wi-fi-solutions.example,Polarbridge Wi-Fi Solutions LLC,self_serve,network_consultant,network_consulting,US,sub_10AmtKMXbkskSymOraBQw3ZE
ch_3OYdyCRG64awXHuOlKYq1mDw,2023-10-13 08:01:03,succeeded,599.0,0.0,19.72,579.28,card,,87L9N1VJ-0001,subscription_create,6_month,1,cus_BxWmny4xbChwgf,Michael Wright,michael.wright@summitpoint-foods.example,Summitpoint Foods LLC,self_serve,it_lead,food_beverage,US,sub_1PPqkChqu5hq2XBx8P40dOWv
ch_3ALVPzFbDc8jH44PIaNde04X,2023-10-13 13:58:59,succeeded,980.0,0.0,32.1,947.9,card,,89H03V9E-0001,subscription_create,12_month,1,cus_RLS6ComrpQ9F7k,Raj Kim,raj.kim@kim-wireless-consulting.example,Kim Wireless Consulting,self_serve,network_consultant,network_consulting,US,sub_1WB07dNe6ZY7dU0SE25s9DHo
ch_35bhpqCHEKxTqL3hd0drFSYT,2023-10-14 09:01:44,succeeded,980.0,0.0,32.1,947.9,card,,TM2KSJ3Q-0002,subscription_cycle,12_month,1,cus_t09G1juyNdvo9B,Ryan Carter,ryan.carter@silverfield-wireless-engineering.example,Silverfield Wireless Engineering LLC,self_serve,head_of_wireless,network_consulting,US,sub_1pMgBSlpY76bc2F0gh4nzijP
ch_3AOMPyNjuF4DhRgkYPqok9mV,2023-10-14 11:11:10,succeeded,599.0,0.0,9.23,589.77,card,,87GDNGQ1-0001,subscription_create,6_month,1,cus_n1IgkoIycNIzus,Sébastien Martin,sebastien.martin@vertexstream-wireless.example,Vertexstream Wireless,self_serve,network_consultant,network_consulting,FR,sub_1CUO8A5lICe5kDZ8fdcTsgoi
py_3F2fKvI3w5ZFhZV0oOv5g7va,2023-10-16 19:05:55,succeeded,135000.0,0.0,5.0,134995.0,bank_transfer,,0KVOGSE1-0001,subscription_create,enterprise,1,cus_ToeQpp7vK7SyEx,St. Alder Regional Health System,accounts.payable@st-alder-regional-health-system.example,St. Alder Regional Health System,enterprise,,hospital,US,sub_1PY0lblCJr2LKYC4sFp2DDRM
ch_37Fy8uv7Ps8ZgsM5DSFexTpE,2023-10-17 16:51:23,succeeded,599.0,0.0,19.72,579.28,card,,Y48OHBFX-0001,subscription_create,6_month,1,cus_Wqja2LoKzvr0xi,Andrew Patel,andrew.patel@silverlink-schools.example,Silverlink Schools,self_serve,it_lead,education,US,sub_1U1WM35KvGUcRi3v0Grf8MMQ
ch_3aCgMzyHzLPfF25E1wandCVs,2023-10-18 17:42:10,succeeded,2940.0,0.0,95.8,2844.2,card,,EOQ9M1TR-0001,subscription_create,12_month,3,cus_4jmHIX19oMR4bM,Daniel Green,daniel.green@polarport-warehousing.example,Polarport Warehousing LLC,self_serve,it_lead,logistics,US,sub_1k1W6b5OSUlvoPo5mLukpg9T
ch_3JvqZ3A05voVEc5ZEoWoN9qi,2023-10-20 08:54:41,succeeded,599.0,0.0,5.14,593.86,sepa_debit,,D5ADGF4S-0001,subscription_create,6_month,1,cus_Zij2JyNT4hz6iA,Kristian Andersson,kristian.andersson@summitgate-logistics.example,Summitgate Logistics AB,self_serve,it_lead,logistics,SE,sub_1F8zjJugTtcZwaHs8Osh7Xyq
ch_3kYI0qaVxZGHD0tjKdWYzqOs,2023-10-20 15:32:09,succeeded,980.0,0.0,14.95,965.05,card,,LOI95WA8-0001,subscription_create,12_month,1,cus_9p9CpjEYV7Zw81,Laura Mäkelä,laura.makela@brightstream-rf-consulting.example,Brightstream RF Consulting,self_serve,network_consultant,network_consulting,FI,sub_1T4oCuveWempeplYBG21F3M3
ch_3LrrwAQ4yLNXQ96z2v89Fh6I,2023-10-20 21:42:15,succeeded,599.0,0.0,19.72,579.28,card,,J5BVUHG6-0001,subscription_create,6_month,1,cus_lp5eqoNuExQNyL,Ryan Evans,ryan.evans@orbitwave-wi-fi-solutions.example,Orbitwave Wi-Fi Solutions,self_serve,network_consultant,network_consulting,CA,sub_1id33msnykpCjuwbzpvPwrwH
ch_3b0BzPVhQL5nG5h6I06Jc0RG,2023-10-21 15:26:55,succeeded,980.0,0.0,14.95,965.05,card,,VLJ7KMFQ-0001,subscription_create,12_month,1,cus_wNHFzH6HJgLwlb,Antti Hämäläinen,antti.hamalainen@alpinefield-wi-fi-solutions.example,Alpinefield Wi-Fi Solutions,self_serve,network_consultant,network_consulting,FI,sub_1QL11Uf3g4VMAyo7QOgkI7Ha
ch_3pk45iXMiYyxuGZKZdOXWrre,2023-10-24 11:46:04,succeeded,980.0,0.0,14.95,965.05,card,,FNS4A7GO-0001,subscription_create,12_month,1,cus_RTMIu1ZUjkLqwa,Davide Bianchi,davide.bianchi@clearstream-wireless.example,Clearstream Wireless,self_serve,network_consultant,network_consulting,IT,sub_1YTvv3pK5dJR9Gsq4rCxCZmR
ch_3c3In3C8U5bpvEpwIhjFhaDu,2023-10-24 12:15:05,succeeded,980.0,0.0,24.75,955.25,card,,PTSQTHUM-0003,subscription_cycle,12_month,1,cus_87TTzBBp2BBWQR,Andrew Lee,andrew.lee@deltafield-wi-fi-solutions.example,Deltafield Wi-Fi Solutions Ltd,self_serve,network_consultant,network_consulting,GB,sub_18EhPMuZMHq1KbD9W1SkGuHv
ch_3Us3SMf09gt2BsUKSXpQfbJx,2023-10-24 13:41:34,succeeded,1960.0,0.0,63.95,1896.05,card,,8BATTO58-0002,subscription_cycle,12_month,2,cus_Onhwj49vatyQSW,Raj Thompson,raj.thompson@maplelink-managed-services.example,Maplelink Managed Services LLC,self_serve,head_of_wireless,it_services,US,sub_1gw1Ux4UhBqjl75btKPPCxh6
ch_3hin9pqwGHkMx54IVDzY9OTV,2023-10-24 19:14:26,succeeded,980.0,0.0,14.95,965.05,card,,1404LT7L-0001,subscription_create,12_month,1,cus_3oxBq8Q25Cl0aE,Lars Johansson,lars.johansson@northworks-wireless.example,Northworks Wireless,self_serve,network_consultant,network_consulting,DK,sub_1vLQNwsVcqYkzSd4qbq2jd4d
ch_3fjCjDHM1dSCI4yhuaOhdvtf,2023-10-25 06:43:41,succeeded,599.0,0.0,19.72,579.28,card,,HTX7TQNT-0001,subscription_create,6_month,1,cus_4GTmelxn6uBBgz,Andrew White,andrew.white@white-wireless-consulting.example,White Wireless Consulting,self_serve,network_consultant,network_consulting,US,sub_1WqR2qT9nNNHXI3wWLmemy2m
ch_3rn94Uz0ybz4uaY4YrWWZplA,2023-10-26 09:02:33,succeeded,980.0,0.0,32.1,947.9,card,,3R6099ZF-0001,subscription_create,12_month,1,cus_JsaKU2VqUnZYG0,Matt Lee,matt.lee@lee-network-services.example,Lee Network Services Inc.,self_serve,network_consultant,network_consulting,CA,sub_1FD6FGKwRpFXD6lYubiefgmP
ch_3TwbFKPnIEmmUpITApIyVL6D,2023-10-26 11:31:03,failed,980.0,0.0,,,card,expired_card,S5CXJQ4H-0002,subscription_cycle,12_month,1,cus_PEXLpEK85KzGP9,Amanda White,amanda.white@silvergate-properties.example,Silvergate Properties Pty Ltd,self_serve,it_lead,real_estate,AU,sub_1VoHfaNcFYJ0FUFbTK8j1CPe
ch_3XPQ6gTk0VoAyfQPogDJdBHi,2023-10-26 20:09:18,succeeded,980.0,0.0,14.95,965.05,card,,LLVQR7P4-0001,subscription_create,12_month,1,cus_ayf46Y8qT3DB1K,Andrea Conti,andrea.conti@conti-wireless-consulting.example,Conti Wireless Consulting,self_serve,network_consultant,network_consulting,IT,sub_1j3x2mj46GMP8i1sNV5JpITQ
ch_3RG1mVCflspeI0F3fLcD2ZTZ,2023-10-27 05:07:10,failed,980.0,0.0,,,card,card_declined,MR3RKXET-0001,subscription_create,12_month,1,cus_yDnlDoHEGKsGRv,Lotte Hendriks,lotte.hendriks@harborpoint-foods.example,Harborpoint Foods B.V.,self_serve,it_lead,food_beverage,NL,sub_19obnVIwmnQFsZJKaKlwe8ll
ch_3VePyxtpdM5pSOenCIInnLMi,2023-10-27 05:12:25,succeeded,980.0,0.0,14.95,965.05,card,,MR3RKXET-0001,subscription_create,12_month,1,cus_yDnlDoHEGKsGRv,Lotte Hendriks,lotte.hendriks@harborpoint-foods.example,Harborpoint Foods B.V.,self_serve,it_lead,food_beverage,NL,sub_19obnVIwmnQFsZJKaKlwe8ll
ch_317Vxp3rBJo779yAaaa6smwJ,2023-10-27 12:44:17,failed,2940.0,0.0,,,card,card_declined,IYYMPUTO-0001,subscription_create,12_month,3,cus_8Q4UTFXUoiPGEa,Maxime Lambert,maxime.lambert@stonepeak-systems-integration.example,Stonepeak Systems Integration SAS,self_serve,head_of_wireless,it_services,FR,sub_1ceeIHKHTcjrv4Gf6Kh3q247
ch_3V6cLfoJtiMnqsXDtIc3bgFn,2023-10-27 12:47:21,succeeded,2940.0,0.0,44.35,2895.65,card,,IYYMPUTO-0001,subscription_create,12_month,3,cus_8Q4UTFXUoiPGEa,Maxime Lambert,maxime.lambert@stonepeak-systems-integration.example,Stonepeak Systems Integration SAS,self_serve,head_of_wireless,it_services,FR,sub_1ceeIHKHTcjrv4Gf6Kh3q247
ch_3bJl0uRVqCo93ckHIM55qpiB,2023-10-27 15:09:48,succeeded,1960.0,0.0,29.65,1930.35,card,,LDKZOHS4-0002,subscription_cycle,12_month,2,cus_jXzoFfA3fgqami,Kristian Hansen,kristian.hansen@hansen-network-services.example,Hansen Network Services AS,self_serve,network_consultant,network_consulting,NO,sub_175zRB1J8jyEN7ASbOTDCAIC
ch_35D1bHT9ynznrexQW0OZPd9F,2023-10-29 12:58:03,failed,980.0,0.0,,,card,expired_card,S5CXJQ4H-0002,subscription_cycle,12_month,1,cus_PEXLpEK85KzGP9,Amanda White,amanda.white@silvergate-properties.example,Silvergate Properties Pty Ltd,self_serve,it_lead,real_estate,AU,sub_1VoHfaNcFYJ0FUFbTK8j1CPe
ch_3BwdoVxrY5cOCVp9OqEOF7rh,2023-10-30 08:00:39,succeeded,599.0,0.0,9.23,589.77,card,,F5BVJ7AI-0001,subscription_create,6_month,1,cus_k6ziEClSi4C38z,Sander Dekker,sander.dekker@pinestream-clinics.example,Pinestream Clinics,self_serve,it_lead,healthcare,NL,sub_1XuJQWCCM4NdVDwJfm7d0x8J
ch_3RuiMcZx1Ix2qP4VHD3MotQm,2023-11-01 06:06:37,failed,980.0,0.0,,,card,expired_card,88JB5SQB-0002,subscription_cycle,12_month,1,cus_0VNUALL5Cv4Zae,Simone Conti,simone.conti@westfield-managed-services.example,Westfield Managed Services S.r.l.,self_serve,head_of_wireless,it_services,IT,sub_16w0DGGA2HUO2imJPjOBkwJ7
ch_3PAktw9lF75WtbbOyHmaXWYn,2023-11-01 11:55:04,succeeded,599.0,0.0,15.23,583.77,card,,LUXL462I-0001,subscription_create,6_month,1,cus_6CFhezGWLrizfD,Chris Walker,chris.walker@nordicport-hotels.example,Nordicport Hotels Ltd,self_serve,it_lead,hospitality,GB,sub_1HkDb8iK7ZUDJD5NGQsv09Bx
ch_3LGRICpgpKIHvNje0idxxMMv,2023-11-02 10:21:51,succeeded,980.0,0.0,32.1,947.9,card,,HOA7QMWJ-0001,subscription_create,12_month,1,cus_Lahbxx2kpKXied,Chris Carter,chris.carter@nordicgate-wireless-engineering.example,Nordicgate Wireless Engineering LLC,self_serve,head_of_wireless,network_consulting,US,sub_1ouBzYTeg0KpFbD3w6L46Yg3
ch_32oni4fHqtrOsBASrsLkwLCO,2023-11-03 07:47:49,succeeded,980.0,0.0,14.95,965.05,card,,1OSPILYC-0001,subscription_create,12_month,1,cus_Tn8EjVKInyhd21,Jukka Heinonen,jukka.heinonen@heinonen-wireless-consulting.example,Heinonen Wireless Consulting Oy,self_serve,network_consultant,network_consulting,FI,sub_1StzsqblmPTQvVy6vID6RJss
ch_3BCU0IrRDRNM7pIQug5nBDr6,2023-11-03 12:41:03,failed,980.0,0.0,,,card,expired_card,S5CXJQ4H-0002,subscription_cycle,12_month,1,cus_PEXLpEK85KzGP9,Amanda White,amanda.white@silvergate-properties.example,Silvergate Properties Pty Ltd,self_serve,it_lead,real_estate,AU,sub_1VoHfaNcFYJ0FUFbTK8j1CPe
ch_3dR0I4chULnrzMMcw9MGP4x6,2023-11-04 06:52:37,failed,980.0,0.0,,,card,expired_card,88JB5SQB-0002,subscription_cycle,12_month,1,cus_0VNUALL5Cv4Zae,Simone Conti,simone.conti@westfield-managed-services.example,Westfield Managed Services S.r.l.,self_serve,head_of_wireless,it_services,IT,sub_16w0DGGA2HUO2imJPjOBkwJ7
ch_3EeXMpqpDj0VLaQwyrIR8I6f,2023-11-05 19:41:18,succeeded,599.0,0.0,19.72,579.28,card,,L6XET9DQ-0001,subscription_create,6_month,1,cus_Z4V7oWdiohdu4b,Kevin Edwards,kevin.edwards@mailbox.example,,self_serve,network_consultant,network_consulting,NZ,sub_1S70VJvXK77KMA8mwdhxfjGb
ch_3phU8LZVW5nqDzTjrBwxTgy3,2023-11-06 09:13:42,succeeded,599.0,0.0,19.72,579.28,card,,IFK1RGYE-0001,subscription_create,6_month,1,cus_n40Vrwa42iejlQ,Dirk Becker,dirk.becker@balticmark-managed-services.example,Balticmark Managed Services AG,self_serve,head_of_wireless,it_services,CH,sub_1Kp76YwLsWMO4MUS1DiHKwpi
ch_3WXoNBIXlYw9l10rnVp7D0Kd,2023-11-06 16:16:10,succeeded,980.0,0.0,32.1,947.9,card,,FQX9AG0G-0001,subscription_create,12_month,1,cus_GnJG2MU2xOxLDN,Wei Carter,wei.carter@westport-wireless.example,Westport Wireless LLC,self_serve,network_consultant,network_consulting,US,sub_1Y1QThHa7QFNS1HcH7D39w9a
ch_37j2C7mOTGQjzomv2kMFOrMO,2023-11-07 14:06:10,succeeded,980.0,0.0,14.95,965.05,card,,IIKT5LUM-0001,subscription_create,12_month,1,cus_MoYFmijFjPqxPg,Lena Schulz,lena.schulz@polarlink-wi-fi-solutions.example,Polarlink Wi-Fi Solutions GmbH,self_serve,network_consultant,network_consulting,AT,sub_1s2FHmeYS20oMP3OWIFMc2PJ
ch_3AzUyRrepYhgXmb06EGh4i4f,2023-11-08 08:47:17,succeeded,1198.0,0.0,39.19,1158.81,card,,FBY2CQ1K-0001,subscription_create,6_month,2,cus_kKKFbGv5ogQdQQ,Eric Johnson,eric.johnson@ironpeak-foods.example,Ironpeak Foods LLC,self_serve,it_lead,food_beverage,US,sub_1AH5qkRnF8NRRpBic4qyhA1R
ch_3mvEprA7qHs80dYa5ten4xvg,2023-11-09 07:11:37,succeeded,980.0,0.0,14.95,965.05,card,,88JB5SQB-0002,subscription_cycle,12_month,1,cus_0VNUALL5Cv4Zae,Simone Conti,simone.conti@westfield-managed-services.example,Westfield Managed Services S.r.l.,self_serve,head_of_wireless,it_services,IT,sub_16w0DGGA2HUO2imJPjOBkwJ7
ch_3AyAlKfRbYgT7y9W83GFSgfs,2023-11-09 16:54:30,succeeded,599.0,0.0,19.72,579.28,card,,181JXPFK-0001,subscription_create,6_month,1,cus_ZjYjJQvHaAfBNd,Emily Jones,emily.jones@crestline-networks.example,Crestline Networks LLC,self_serve,network_consultant,network_consulting,US,sub_1lALHA5OLMCLZuDsRYYZ9X3H
ch_3OklOkgWnNb5dDFpuVtsEMog,2023-11-10 09:45:31,succeeded,980.0,0.0,6.35,973.65,sepa_debit,,9UVF67Z4-0001,subscription_create,12_month,1,cus_Gx6TaMkbTg0e6b,Tobias Zimmermann,tobias.zimmermann@zimmermann-network-services.example,Zimmermann Network Services,self_serve,network_consultant,network_consulting,CH,sub_12nttp8XKh7etpqFuo01Kmbw
py_3iNIe3XWrEwV9A9rmjkLQDRg,2023-11-10 12:10:18,succeeded,1960.0,0.0,5.0,1955.0,bank_transfer,,41EKGRL1-0001,subscription_create,12_month,2,cus_UwVY06FMGFCFR9,Emma Halvorsen,emma.halvorsen@crestfield-systems-integration.example,Crestfield Systems Integration AB,self_serve,head_of_wireless,it_services,SE,sub_1QZzM88hUkrVuapRzG2F4g5U
ch_35iEi7zzhGQV34l09c9eIjxJ,2023-11-11 09:14:04,succeeded,1198.0,0.0,39.19,1158.81,card,,ZG6N32WM-0003,subscription_cycle,6_month,2,cus_WNGUw9YW7d2i80,Ryan White,ryan.white@northlink-schools.example,Northlink Schools LLC,self_serve,it_lead,education,US,sub_1cat6gLR5EEhTF3M9nMsvatR
ch_3pvrFmvVaeh6BO75nQDGc2U6,2023-11-11 16:53:34,succeeded,980.0,0.0,32.1,947.9,card,,5WGJ9RMB-0001,subscription_create,12_month,1,cus_xH1I8E46BvR1RL,Megan Williams,megan.williams@postbox.example,,self_serve,network_consultant,network_consulting,NZ,sub_17hPH6BGVDidlDxuKu3QJzie
ch_3B50FK4R8hhoFXLxP6eLc5F1,2023-11-13 08:45:54,succeeded,980.0,0.0,14.95,965.05,card,,AGR12C2U-0001,subscription_create,12_month,1,cus_uLFfGJHFhvuiSe,Pierre Fontaine,pierre.fontaine@postbox.example,,self_serve,network_consultant,network_consulting,FR,sub_1hdyaBeblaFbhZAqTtFS5uux
ch_3QhJVUTEK7d1ZDSruq5Qqt1Q,2023-11-13 10:22:02,succeeded,599.0,0.0,9.23,589.77,card,,SO7NPKBW-0001,subscription_create,6_month,1,cus_q3iGvrzoa6j0s7,Bram Visser,bram.visser@stoneview-wireless.example,Stoneview Wireless,self_serve,network_consultant,network_consulting,BE,sub_1vnlqGJI2q3BsCF8fV6pBAnJ
ch_3TxTwMBwI866WsZ15JBk2Ayf,2023-11-13 17:14:49,succeeded,599.0,0.0,9.23,589.77,card,,8MLWG3JN-0001,subscription_create,6_month,1,cus_JdCmFWOMvUDrZ9,Paolo Colombo,paolo.colombo@deltaport-industries.example,Deltaport Industries S.r.l.,self_serve,it_lead,manufacturing,IT,sub_13mtaLlEGOKxhzggkkTvtSNT
ch_3FAhlOxFXz53EF6kPmaFxIBB,2023-11-14 17:59:37,succeeded,980.0,0.0,32.1,947.9,card,,GGX0OI8T-0002,subscription_cycle,12_month,1,cus_xHVGVyyc3CtHnM,Nicole Parker,nicole.parker@signalpoint-industries.example,Signalpoint Industries,self_serve,it_lead,manufacturing,US,sub_1lHGKAJs9lHBZN3G2G7xxadV
ch_3UVkm80gTgYMtnThRpGPhI4v,2023-11-15 14:15:46,succeeded,599.0,0.0,19.72,579.28,card,,MNXRSDZ9-0001,subscription_create,6_month,1,cus_dzUa3KtJ2mG4hO,Megan Hall,megan.hall@polarview-wi-fi-solutions.example,Polarview Wi-Fi Solutions LLC,self_serve,network_consultant,network_consulting,US,sub_15swApNcXez02FCAuwQh2gR3
ch_3lYDZtjaYk4ROxqvHVqhfGcj,2023-11-15 14:42:04,succeeded,599.0,0.0,19.72,579.28,card,,EPCMS0CH-0001,subscription_create,6_month,1,cus_gHDZinFKUJCGnZ,Eric Turner,eric.turner@deltaview-networks.example,Deltaview Networks,self_serve,network_consultant,network_consulting,US,sub_14O9aQkAFKVE6pF2XnN0O2xa
ch_3evycojvns38OYMAIYatkrgs,2023-11-15 15:18:42,succeeded,599.0,0.0,15.23,583.77,card,,YOYTRIK9-0003,subscription_cycle,6_month,1,cus_JNudpHxv4xR8gN,Nicole Mitchell,nicole.mitchell@bluegate-networks.example,Bluegate Networks Ltd,self_serve,network_consultant,network_consulting,GB,sub_1DtkOsehto9w9B3zXNh0EOCr
ch_3jQzrPSsvi3oZbFCibxVqENN,2023-11-15 16:48:51,succeeded,599.0,0.0,9.23,589.77,card,,5TATBGAV-0004,subscription_cycle,6_month,1,cus_PSAMNNc5lQMeeu,Anders Pedersen,anders.pedersen@greenmark-clinics.example,Greenmark Clinics AB,self_serve,it_lead,healthcare,SE,sub_1Bj6TyFvgkcN2c54GuxwPPfG
ch_3QrlB2t2Mp8M627tCGoyzucv,2023-11-16 04:09:23,succeeded,599.0,0.0,9.23,589.77,card,,3RNQXPEL-0001,subscription_create,6_month,1,cus_fFYw3AdYKqMnu7,Søren Johansson,soren.johansson@mailbox.example,,self_serve,network_consultant,network_consulting,NO,sub_1zlHRzUFnR4Fk4x2hqF2c5ue
ch_37y1kFzPbRciCPdaj018qDpV,2023-11-16 14:48:14,failed,1198.0,0.0,,,card,expired_card,FT79CO6U-0003,subscription_cycle,6_month,2,cus_8xDFPIRaNpJ276,Sabine Hartmann,sabine.hartmann@apexmark-clinics.example,Apexmark Clinics GmbH,self_serve,it_lead,healthcare,DE,sub_1IOog7pi2KYJLoahh9957U7P
ch_3AUoECMlmzN0Q9EpXi46s9Ee,2023-11-16 15:48:18,succeeded,599.0,0.0,15.23,583.77,card,,2IOB1V5L-0001,subscription_create,6_month,1,cus_2mKNnkuu8Jsq5J,Andrew Brown,andrew.brown@apexworks-warehousing.example,Apexworks Warehousing Ltd,self_serve,it_lead,logistics,GB,sub_1O4E8uRnVUtssLfWtnpQHFeY
ch_3V6EOz6bkzDgQl9VkUyBiWA3,2023-11-17 07:48:02,succeeded,1960.0,0.0,29.65,1930.35,card,,7LCNHJMR-0002,subscription_cycle,12_month,2,cus_w6DMwX9tqDdrwU,Mark Williams,mark.williams@greenstream-systems-integration.example,Greenstream Systems Integration,self_serve,head_of_wireless,it_services,IE,sub_1x490h4FvzhRXrLVVE4Xsvdn
ch_35eeh1HUUVG65FMrudDnP2fm,2023-11-17 16:51:17,succeeded,599.0,0.0,19.72,579.28,card,,3G2DUKGW-0002,subscription_cycle,6_month,1,cus_4mX5KaD3O0j3sM,Steve Collins,steve.collins@ironport-wi-fi-solutions.example,Ironport Wi-Fi Solutions,self_serve,network_consultant,network_consulting,CA,sub_1I1EUS4q2kyPi4Ex0tegJMjU
ch_3ScJOmPy8X8ejT1HDqe5hMA2,2023-11-17 23:38:50,succeeded,1198.0,0.0,39.19,1158.81,card,,UWUT9PJ8-0001,subscription_create,6_month,2,cus_nE5kZ58JxobF5l,Robert Davis,robert.davis@inbox.example,,self_serve,network_consultant,network_consulting,US,sub_1O0egkQ77yZVDZ2q2hJfOZB7
ch_36hdrJ0d8zM6eegiEHNDn5cN,2023-11-19 13:57:35,succeeded,599.0,0.0,15.23,583.77,card,,GHJG3PEH-0002,subscription_cycle,6_month,1,cus_Va4ytcQimzwbEN,Robert White,robert.white@harborfield-schools.example,Harborfield Schools,self_serve,it_lead,education,GB,sub_1NQpJ3UMOSkdIq34LhsEr2PL
ch_3KIVKsbrNEIEnYYTKkOMdDJp,2023-11-19 16:09:14,failed,1198.0,0.0,,,card,expired_card,FT79CO6U-0003,subscription_cycle,6_month,2,cus_8xDFPIRaNpJ276,Sabine Hartmann,sabine.hartmann@apexmark-clinics.example,Apexmark Clinics GmbH,self_serve,it_lead,healthcare,DE,sub_1IOog7pi2KYJLoahh9957U7P
ch_35PIoEXeZIA63IpH28Exx7oc,2023-11-23 07:16:42,succeeded,599.0,0.0,19.72,579.28,card,,L79B1KBV-0001,subscription_create,6_month,1,cus_CxZFPIAdOnVwgM,Olivia Taylor,olivia.taylor@ironfield-properties.example,Ironfield Properties,self_serve,it_lead,real_estate,US,sub_1l0uqa1ghClUqGlWH3oXXc2c
ch_3OmHZnOfWhNNa2zTKDeNQw2J,2023-11-23 11:05:35,succeeded,599.0,0.0,19.72,579.28,card,,O4PUIQ2I-0001,subscription_create,6_month,1,cus_6nnqhNO3NtJMDP,John Davis,john.davis@postbox.example,,self_serve,network_consultant,network_consulting,AU,sub_1GttIBxOVj5K4oonn9oniGnl
ch_3e7hqp7Z9GeaxyHYPlkOLSWj,2023-11-23 13:44:27,succeeded,599.0,0.0,9.23,589.77,card,,NWK4Y756-0001,subscription_create,6_month,1,cus_yPe3SEpinlbtBb,Florian Zimmermann,florian.zimmermann@zimmermann-wireless-consulting.example,Zimmermann Wireless Consulting GmbH,self_serve,network_consultant,network_consulting,DE,sub_1fv8icOhJBtsXsgcFeUBURH4
ch_3tthiz40wNmvtSmh2VXf2mkQ,2023-11-23 16:52:27,succeeded,599.0,0.0,9.23,589.77,card,,82IWTNLG-0001,subscription_create,6_month,1,cus_LnC2FnvRVXZun7,Erik Karlsson,erik.karlsson@vertexcore-rf-consulting.example,Vertexcore RF Consulting AB,self_serve,network_consultant,network_consulting,SE,sub_1W6O9TkIYEGCviTv1H4A5ZIK
ch_3IlhaP4Di9lkxzzHgNu6ybqz,2023-11-24 08:39:20,succeeded,980.0,0.0,32.1,947.9,card,,3D63YT4O-0001,subscription_create,12_month,1,cus_mCUMeqGZRnkaCH,Andrew Roberts,andrew.roberts@roberts-network-services.example,Roberts Network Services Inc.,self_serve,network_consultant,network_consulting,CA,sub_1ql6jVXCyJ4y1e2FTCoBU4X3
ch_3fChV6MfXFWbg9OOFnFVCVs9,2023-11-24 15:44:14,succeeded,1198.0,0.0,18.22,1179.78,card,,FT79CO6U-0003,subscription_cycle,6_month,2,cus_8xDFPIRaNpJ276,Sabine Hartmann,sabine.hartmann@apexmark-clinics.example,Apexmark Clinics GmbH,self_serve,it_lead,healthcare,DE,sub_1IOog7pi2KYJLoahh9957U7P
py_3JVsdMBU7S6go2xdjPbfuTUB,2023-11-25 16:09:56,succeeded,1198.0,0.0,5.0,1193.0,bank_transfer,,8C8J1OQ5-0001,subscription_create,6_month,2,cus_Zeyx7MJHzfG8k5,Joost Peeters,joost.peeters@crestport-communications.example,Crestport Communications,self_serve,head_of_wireless,telecom,NL,sub_1NjOBQLWv7RWgRsFrRINpPDv
ch_3WLqvkLDUjcl9edvi9tjUUBW,2023-11-27 14:51:08,succeeded,1797.0,0.0,58.65,1738.35,card,,OKJTY1PA-0001,subscription_create,6_month,3,cus_zkvUZE8nWsAnJP,Robert Nelson,robert.nelson@nelson-network-services.example,Nelson Network Services LLC,self_serve,network_consultant,network_consulting,US,sub_1rEULAbjTZ6w28MdlrU1lZpQ
ch_33zbL9s2uMWvtC2yqGxvP3Ei,2023-11-27 19:06:09,succeeded,599.0,0.0,19.72,579.28,card,,PR9IZ9GY-0002,subscription_cycle,6_month,1,cus_XPbd4gx5vXT1rM,Tom Clark,tom.clark@clark-network-services.example,Clark Network Services LLC,self_serve,network_consultant,network_consulting,US,sub_1ltd5Qq7vr9F6BJX9Nt0Kh3X
ch_38cfYgBJknSB7RxIiHwE4REt,2023-11-27 20:42:17,succeeded,980.0,0.0,32.1,947.9,card,,MVFJER6D-0001,subscription_create,12_month,1,cus_1nejtldOaoVVFP,Mark Clark,mark.clark@maplepoint-telecom.example,Maplepoint Telecom LLC,self_serve,head_of_wireless,telecom,US,sub_1NexEfxoHQTBiusem8OzTVHE
ch_34WJ7K3VTje9BK5Y7MGamd5a,2023-12-01 05:59:27,succeeded,599.0,0.0,19.72,579.28,card,,O12NEE00-0002,subscription_cycle,6_month,1,cus_woJFI2bBTO1vDb,Laura Carter,laura.carter@alpinelink-networks.example,Alpinelink Networks,self_serve,network_consultant,network_consulting,CA,sub_1riorQ7lqCwsCLddaq8wrl5U
ch_3baA8Pae0rla6HcXKlFRomse,2023-12-01 15:20:59,succeeded,980.0,0.0,24.75,955.25,card,,HER36YBS-0003,subscription_cycle,12_month,1,cus_ALbUxC09EAiA1s,Rachel Adams,rachel.adams@alpinestream-foods.example,Alpinestream Foods Ltd,self_serve,it_lead,food_beverage,GB,sub_1FJiGqXMhQZ8IUlisi7NpL6V
ch_3I439u7BYUrim3PA75upaPi1,2023-12-01 21:53:47,failed,4900.0,0.0,,,card,card_declined,VX6OSVDV-0001,subscription_create,12_month,5,cus_C6SvHlizDDm7zI,Dirk Krüger,dirk.kruger@summitbridge-wireless-engineering.example,Summitbridge Wireless Engineering GmbH,self_serve,head_of_wireless,network_consulting,DE,sub_1bZycSZA9cRUnU9mhecyGDVB
ch_3Bd5XsLS1SECyyvOtLLnApd1,2023-12-01 21:58:04,succeeded,4900.0,0.0,73.75,4826.25,card,,VX6OSVDV-0001,subscription_create,12_month,5,cus_C6SvHlizDDm7zI,Dirk Krüger,dirk.kruger@summitbridge-wireless-engineering.example,Summitbridge Wireless Engineering GmbH,self_serve,head_of_wireless,network_consulting,DE,sub_1bZycSZA9cRUnU9mhecyGDVB
ch_3kUO7kAvwG1BEQNFpnW9zlLr,2023-12-04 10:39:08,succeeded,1797.0,0.0,58.65,1738.35,card,,R7VI0EF8-0001,subscription_create,6_month,3,cus_0ZK7djkGPu7fQp,Thomas Braun,thomas.braun@signalbridge-wireless.example,Signalbridge Wireless AG,self_serve,network_consultant,network_consulting,CH,sub_1GHozqUPsQVlQBEC4XXGcdrb
ch_3WZEHvvRHIQEEWNvBpWu2Eb5,2023-12-05 08:43:28,succeeded,599.0,0.0,19.72,579.28,card,,6KXT9OAG-0001,subscription_create,6_month,1,cus_0SWkebNmfiXgla,Josh Hall,josh.hall@hall-wireless-consulting.example,Hall Wireless Consulting LLC,self_serve,network_consultant,network_consulting,US,sub_1NHmtBmaCbd0iGY5YnE9NVrp
ch_3jSXQUcYSx7xP8lndZ125l5G,2023-12-05 09:30:04,succeeded,980.0,0.0,6.35,973.65,sepa_debit,,O302Q98Z-0001,subscription_create,12_month,1,cus_4299xqOSElvMkI,Petri Salminen,petri.salminen@orbitgate-schools.example,Orbitgate Schools,self_serve,it_lead,education,FI,sub_1OLnLW7VvTW7bfj9rm2z2aSe
ch_3v6STaX9Rb1J6QGHGqcuCEsL,2023-12-05 18:52:45,succeeded,599.0,0.0,15.23,583.77,card,,GAJ5S6Q0-0001,subscription_create,6_month,1,cus_FPTnfzTEFYpt1Q,Daniel Baker,daniel.baker@brightview-wireless.example,Brightview Wireless Ltd,self_serve,network_consultant,network_consulting,GB,sub_1wAfTIep2p8BOza5pv9h5fW8
ch_3uJNKI5IiHEkNbWlDmEPcpG3,2023-12-06 19:15:27,succeeded,599.0,0.0,19.72,579.28,card,,JITA84UW-0003,subscription_cycle,6_month,1,cus_1e8ssIYt6if1np,Carlos Patel,carlos.patel@deltamark-rf-consulting.example,Deltamark RF Consulting LLC,self_serve,network_consultant,network_consulting,US,sub_1KvSSMVlFmDguHvcS1dfbEmA
ch_3x1qnzQzA7iO8XELEeJQY7Uc,2023-12-07 11:57:44,succeeded,599.0,0.0,9.23,589.77,card,,YBFDB4IU-0002,subscription_cycle,6_month,1,cus_aA17Q7Qi0lU6SJ,Magnus Olsen,magnus.olsen@ironcore-media.example,Ironcore Media,self_serve,it_lead,media,NO,sub_1cUQV6hn1LOF8s4SHT4tMBB0
ch_32f493m4Jc8UH9btLEX0ibhI,2023-12-11 12:31:19,succeeded,1960.0,0.0,29.65,1930.35,card,,C4O43C65-0001,subscription_create,12_month,2,cus_rX36KFtoE3sQ7H,Michael Koch,michael.koch@beaconline-telecom.example,Beaconline Telecom GmbH,self_serve,head_of_wireless,telecom,DE,sub_100cGKZCJ31Ybsfs0ljDJTMe
ch_3O2Nti0WffbXVYn4TDfIlJon,2023-12-11 13:31:28,succeeded,599.0,0.0,19.72,579.28,card,,X2RGFJWN-0001,subscription_create,6_month,1,cus_PSnCi1tdy38Ed6,Josh Mitchell,josh.mitchell@novapoint-telecom.example,Novapoint Telecom,self_serve,head_of_wireless,telecom,CA,sub_1lnJwXzUK0k2anzYVcqn2qIN
ch_3SQuk9RjM018R5yc8SVEv2GM,2023-12-12 12:02:22,succeeded,1797.0,0.0,58.65,1738.35,card,,ZR0GV48O-0002,subscription_cycle,6_month,3,cus_cPdPcr6hYVLsv3,David Wright,david.wright@novawave-logistics.example,Novawave Logistics LLC,self_serve,it_lead,logistics,US,sub_10kkjsrlJ83uf3GqkdC1N1in
ch_3xR8bEN2omHNIPokBtBOCH42,2023-12-12 21:07:35,succeeded,980.0,0.0,32.1,947.9,card,,HUH2K3NY-0001,subscription_create,12_month,1,cus_zT4UAitddmWEZb,Mark Jackson,mark.jackson@clearlink-foods.example,Clearlink Foods Inc.,self_serve,it_lead,food_beverage,CA,sub_17bgnny9gzjqBKf5HEgYoGFT
ch_3OXXXGWlCLfmXycrVuuMNYJY,2023-12-14 15:49:15,succeeded,599.0,0.0,9.23,589.77,card,,DTDDEFCE-0001,subscription_create,6_month,1,cus_rgQ0JTeHBvEsFA,Kari Lehtonen,kari.lehtonen@deltagate-logistics.example,Deltagate Logistics,self_serve,it_lead,logistics,FI,sub_1ilfoQ5uQ428mxCaEGYpR6Te
ch_3Ykd9thxcjE2nMlnmfShOrOD,2023-12-15 08:39:27,succeeded,599.0,0.0,19.72,579.28,card,,340651VQ-0001,subscription_create,6_month,1,cus_b6fEJOZnUEBowd,Jason Moore,jason.moore@clearcore-rf-consulting.example,Clearcore RF Consulting,self_serve,network_consultant,network_consulting,US,sub_1fCoJyi5cBWrxBWmCvmiVFzJ
ch_3w1WqpWol0k935jzotAQJPnw,2023-12-16 17:29:19,succeeded,980.0,0.0,32.1,947.9,card,,RASEIQJ9-0002,subscription_cycle,12_month,1,cus_2XRyOcStZf1JdS,Laura Turner,laura.turner@auroralink-properties.example,Auroralink Properties LLC,self_serve,it_lead,real_estate,US,sub_194ObHmwTMC9N4cAUVr3KUAO
ch_3ZIdchTu8x8OAfYemY5vf82k,2023-12-17 11:15:53,succeeded,1960.0,0.0,29.65,1930.35,card,,L5CLR4FU-0001,subscription_create,12_month,2,cus_RFwSqYViEuIZTr,Tuomas Turunen,tuomas.turunen@turunen-network-services.example,Turunen Network Services Oy,self_serve,network_consultant,network_consulting,FI,sub_16QaxAMar01TRoTFtb5zijHT
ch_3tJ68WianywIj249ybSftjkX,2023-12-19 16:38:36,succeeded,599.0,0.0,9.23,589.77,card,,G27JCHC6-0001,subscription_create,6_month,1,cus_9PGNl0xPy3DiPP,Maxime Moreau,maxime.moreau@westpath-wireless.example,Westpath Wireless,self_serve,network_consultant,network_consulting,FR,sub_1ticavTEgbRFuMAc6cLnJb0d
ch_3ELHOMEcvDS0bSQUrXMABlEi,2023-12-20 10:45:29,succeeded,2940.0,0.0,95.8,2844.2,card,,UXJWIQUH-0002,subscription_cycle,12_month,3,cus_neV3dhZqEvMmwP,Olivia Walker,olivia.walker@ironfield-logistics.example,Ironfield Logistics LLC,self_serve,it_lead,logistics,US,sub_1SSIoJEzj02dVLeYvIVLjXZI
ch_32ElxQRR5Y1Xedsm9BSaUQNA,2023-12-20 13:37:51,succeeded,980.0,0.0,32.1,947.9,card,,277HOT0R-0001,subscription_create,12_month,1,cus_ts56A27kF8TR8S,Daniel Zimmermann,daniel.zimmermann@bluepath-systems-integration.example,Bluepath Systems Integration,self_serve,head_of_wireless,it_services,CH,sub_1xlbNepnfDEe7YX7QFKsJhTJ
ch_3w7SB4Pv1ZmBjY72lWiQt3ib,2023-12-21 21:36:05,succeeded,599.0,0.0,19.72,579.28,card,,PLR98VFU-0004,subscription_cycle,6_month,1,cus_egBrhew2arJAqI,Andrew Martin,andrew.martin@vertexbridge-partners.example,Vertexbridge Partners,self_serve,it_lead,professional_services,NZ,sub_1LtJ0ndgPB3cwgLFjRvSm7Dl
ch_3tSMG8bFuqEJVFdkKPgV5YSX,2023-12-22 09:21:57,succeeded,599.0,0.0,19.72,579.28,card,,CETVJ8RC-0001,subscription_create,6_month,1,cus_kbJ8x3tJJrB0dv,James White,james.white@cedarview-warehousing.example,Cedarview Warehousing LLC,self_serve,it_lead,logistics,US,sub_1K9cltsx133JuAlCYWqAZPBz
ch_3q1L0gByqFMwHd2oQt7spdnD,2023-12-22 18:20:37,succeeded,980.0,0.0,14.95,965.05,card,,A7Y743SB-0002,subscription_cycle,12_month,1,cus_mRvePeZVZEwXJz,Nicolas Lefebvre,nicolas.lefebvre@apexfield-networks.example,Apexfield Networks,self_serve,network_consultant,network_consulting,FR,sub_1nBJ05at50fz2PSkZsCYPBi8
ch_39qGcLz2m60ZOxlvWkaF9FnG,2023-12-23 06:32:21,succeeded,599.0,0.0,19.72,579.28,card,,QMDNMTV1-0002,subscription_cycle,6_month,1,cus_jgtktNJ2z032s3,Robert Scott,robert.scott@summitpeak-networks.example,Summitpeak Networks LLC,self_serve,network_consultant,network_consulting,US,sub_1ZSRQxd32TsRcULlvshZJdKC
py_3jcyL5b9HECdZCVLzRfoT0Fi,2023-12-23 08:22:00,succeeded,2995.0,0.0,5.0,2990.0,bank_transfer,,3GIFFFQJ-0003,subscription_cycle,6_month,5,cus_KOsP1XEHyqqJUD,Uwe Krüger,uwe.kruger@westline-systems-integration.example,Westline Systems Integration,self_serve,head_of_wireless,it_services,DE,sub_1MTh8sP8KSNPwszEOZTRd0lv
ch_3d93bvCT2XOGOwgI0JJJ5BBG,2023-12-23 10:01:01,succeeded,599.0,0.0,19.72,579.28,card,,AFK0DPSL-0003,subscription_cycle,6_month,1,cus_MeI0Scg0ya1VvX,James Edwards,james.edwards@edwards-network-services.example,Edwards Network Services LLC,self_serve,network_consultant,network_consulting,US,sub_1PwXjCWLFnzOPD7yDdpQuVzD
ch_3lfYXPgHlFDCGPRKVRYghIu2,2023-12-26 08:04:27,succeeded,599.0,0.0,9.23,589.77,card,,EN9L6HN9-0004,subscription_cycle,6_month,1,cus_uaIM5yUmzkfOj7,Anders Holm,anders.holm@holm-wireless-consulting.example,Holm Wireless Consulting,self_serve,network_consultant,network_consulting,NO,sub_1fDMI5neTUoUbKCe0NOrIt7s
ch_3gVUjeiYfjYElHEPrxYiu3FD,2023-12-26 15:43:14,succeeded,980.0,0.0,32.1,947.9,card,,CO9ZCB02-0001,subscription_create,12_month,1,cus_nxhejjjnW16Fzb,Rachel Miller,rachel.miller@clearline-logistics.example,Clearline Logistics LLC,self_serve,it_lead,logistics,US,sub_14POTTdmL1uD6g8A8VPCjn61
ch_3MiiIP44Bz7xDvRkE2EDnlY7,2023-12-28 09:12:43,succeeded,980.0,0.0,14.95,965.05,card,,887XL18L-0001,subscription_create,12_month,1,cus_XOL9OI365tnUI6,Eero Heinonen,eero.heinonen@atlasport-wi-fi-solutions.example,Atlasport Wi-Fi Solutions,self_serve,network_consultant,network_consulting,FI,sub_1xlJiKrLfBFQns2wy3BH4IJM
ch_3zioQEVJGdijb5xSLSMH1AEk,2023-12-29 03:38:21,succeeded,1198.0,0.0,18.22,1179.78,card,,K9F5P927-0001,subscription_create,6_month,2,cus_2LO7RTqnZGBnrB,Lauri Virtanen,lauri.virtanen@signalpoint-rf-consulting.example,Signalpoint RF Consulting,self_serve,network_consultant,network_consulting,FI,sub_1Oaa3fuuqUPvkZX78rdzpCXc
ch_33Ur1WaOn6jvqp2VXbVAFoup,2023-12-30 15:47:07,succeeded,599.0,0.0,9.23,589.77,card,,12LVW143-0002,subscription_cycle,6_month,1,cus_e3TW7ZEwz4jRj8,Julien Fontaine,julien.fontaine@granitepoint-properties.example,Granitepoint Properties SAS,self_serve,it_lead,real_estate,FR,sub_1ltzbVCJWCYjZ8zFEioQJIU0
ch_3ehQqUPhVs7KsGbgO8AqwmVR,2024-01-01 14:42:21,succeeded,599.0,0.0,19.72,579.28,card,,JVVAGGNU-0001,subscription_create,6_month,1,cus_Cke1CGofFLiNZm,Rachel Lewis,rachel.lewis@graniteport-rf-consulting.example,Graniteport RF Consulting LLC,self_serve,network_consultant,network_consulting,US,sub_17admXxxxN3z7dai3U9qUIZB
ch_3avts9SbvHUe66vS2Kjdxgv9,2024-01-03 08:32:00,succeeded,599.0,0.0,19.72,579.28,card,,W8BFOQMN-0002,subscription_cycle,6_month,1,cus_T9hOdofdZTfxb0,Priya Patel,priya.patel@crestlink-wireless.example,Crestlink Wireless,self_serve,network_consultant,network_consulting,US,sub_1cywB983vtkEhD51vLCO8ckq
py_3Xw29nA94IMxjQE1zYhoozHE,2024-01-03 12:43:54,succeeded,2940.0,0.0,5.0,2935.0,bank_transfer,,UF4YBF6I-0001,subscription_create,12_month,3,cus_0kyRdruFt6zqgE,Søren Karlsson,soren.karlsson@signalmark-communications.example,Signalmark Communications,self_serve,head_of_wireless,telecom,SE,sub_1TiuV10jbGCCylK24MVdQ8Zo
ch_3Rjpx1CrkPEkjUEdKSEKIyDY,2024-01-03 15:10:04,succeeded,980.0,0.0,32.1,947.9,card,,IFFBXGDU-0002,subscription_cycle,12_month,1,cus_Sw4MgUpJWU42xb,Robert Clark,robert.clark@clark-network-services.example,Clark Network Services LLC,self_serve,network_consultant,network_consulting,US,sub_1WoDSoFRSMzzyJByJhKqYFzi
ch_3fRZAYsGY1e4aUm40fWrDlip,2024-01-04 13:51:17,succeeded,980.0,0.0,14.95,965.05,card,,CTBH8Z71-0001,subscription_create,12_month,1,cus_5rHzOnzzZnQ56J,Daan Jansen,daan.jansen@crestwave-hotels.example,Crestwave Hotels B.V.,self_serve,it_lead,hospitality,NL,sub_1Zm5zd8eAPUqh6NTFLpcGlPp
ch_37i1sTXgIbWVnKCv0v3XXiM5,2024-01-05 04:57:41,succeeded,980.0,0.0,32.1,947.9,card,,R2PMSTAV-0001,subscription_create,12_month,1,cus_DedlewYj8bVJvW,Chris Wilson,chris.wilson@wilson-network-services.example,Wilson Network Services LLC,self_serve,network_consultant,network_consulting,US,sub_1ugxTGxtQm5ANlrSiPx9RH9D
ch_3cOPA1wmoBgKtj4b4JnOWDDe,2024-01-06 09:40:41,succeeded,599.0,0.0,9.23,589.77,card,,F2TQ24JN-0002,subscription_cycle,6_month,1,cus_3acmQMUVrGOzx9,Ville Korhonen,ville.korhonen@balticcore-wi-fi-solutions.example,Balticcore Wi-Fi Solutions Oy,self_serve,network_consultant,network_consulting,FI,sub_1rAQUPaD1NzgoRgp4BEtJRnh
ch_3819a7Cyt0558mmb0uHKexNF,2024-01-07 14:26:51,succeeded,599.0,0.0,5.14,593.86,sepa_debit,,OA330N19-0002,subscription_cycle,6_month,1,cus_CPm7KWElG7IU54,Ville Lehtonen,ville.lehtonen@westcore-wi-fi-solutions.example,Westcore Wi-Fi Solutions Oy,self_serve,network_consultant,network_consulting,FI,sub_1ozHJ9AlIiEGBlecPnDJJats
ch_3y5gxGGu8uowSQtL3AoBZzX2,2024-01-15 05:30:37,succeeded,980.0,0.0,32.1,947.9,card,,E8M0AUSQ-0002,subscription_cycle,12_month,1,cus_sZVEsurxDXmklu,Ahmed Kim,ahmed.kim@polarwave-communications.example,Polarwave Communications LLC,self_serve,head_of_wireless,telecom,US,sub_1ggwlod36EHQerlJ8RKfN3IO
ch_3GUVfYd7LCM5FdRgx8VvWQNr,2024-01-15 12:49:17,succeeded,2940.0,0.0,95.8,2844.2,card,,U7QOZZKC-0001,subscription_create,12_month,3,cus_tSbwQeytqwDNMx,Paul Hall,paul.hall@mapleview-technology-group.example,Mapleview Technology Group,self_serve,head_of_wireless,it_services,CA,sub_1BAs4DpOr1mvIWW5mqQGn16P
ch_3idjtL3a1Ewna0iYPErvaEHh,2024-01-17 09:46:00,succeeded,599.0,0.0,5.14,593.86,sepa_debit,,V0ZZQ45C-0003,subscription_cycle,6_month,1,cus_3co8IZALw07t8V,Marko Järvinen,marko.jarvinen@greengate-it-solutions.example,Greengate IT Solutions,self_serve,head_of_wireless,it_services,FI,sub_1p7QUjGcufpSjsGeeMBS6H8s
ch_3Sm0IJwwLXMtGXvA95rxhlQt,2024-01-17 11:35:48,succeeded,980.0,0.0,14.95,965.05,card,,P6G8EDGY-0001,subscription_create,12_month,1,cus_Mwqk3ZU29NIkXf,Davide Russo,davide.russo@russo-wireless-consulting.example,Russo Wireless Consulting S.r.l.,self_serve,network_consultant,network_consulting,IT,sub_1FgYhiDri4QvuRY9zWcY52iu
ch_3MfjCmEz3hBoNHsnc3KQL04k,2024-01-18 08:06:41,succeeded,980.0,0.0,14.95,965.05,card,,A9UYNNJH-0004,subscription_cycle,12_month,1,cus_oYOrcM13fyhT2E,Tuomas Mäkinen,tuomas.makinen@maplestream-construction.example,Maplestream Construction,self_serve,it_lead,construction,FI,sub_1wW6plveKTROCdLAgBQtN5xw
ch_3EPAZBxLJs5Au4ydDvcTPhDF,2024-01-18 08:10:38,succeeded,980.0,0.0,14.95,965.05,card,,HCWUDDVJ-0001,subscription_create,12_month,1,cus_0pBbUeT5UC9s2s,Mats Madsen,mats.madsen@greenview-wi-fi-solutions.example,Greenview Wi-Fi Solutions AB,self_serve,network_consultant,network_consulting,SE,sub_1mj42GIqz4pOfnFR5sBKoh3r
ch_3KH4uKEugUhB8HslTTlz5ujB,2024-01-18 10:04:41,succeeded,980.0,0.0,32.1,947.9,card,,RYPZE2LZ-0002,subscription_cycle,12_month,1,cus_2xxlOQKalaQcDJ,Chris Lewis,chris.lewis@atlasbridge-wireless.example,Atlasbridge Wireless Inc.,self_serve,network_consultant,network_consulting,CA,sub_1EkoTvV8KC3L86lvkZMfhVlj
ch_38VR72orfCWmbAwOw3irumeS,2024-01-19 20:39:49,succeeded,980.0,0.0,32.1,947.9,card,,W4OM1DOC-0001,subscription_create,12_month,1,cus_utfMj4MUUpqVdJ,Sven Hartmann,sven.hartmann@summitpath-it-solutions.example,Summitpath IT Solutions,self_serve,head_of_wireless,it_services,CH,sub_1IItH6mTG2VoT8N3d54XfwzI
ch_3KY8rp7vZykYmIEIYX2Ma8MN,2024-01-21 15:05:05,succeeded,599.0,0.0,9.23,589.77,card,,SOG546TF-0001,subscription_create,6_month,1,cus_xjFNq9urVyGHgb,Riikka Salminen,riikka.salminen@pineview-schools.example,Pineview Schools,self_serve,it_lead,education,FI,sub_1iGZZVhJAdaNUHAtgKeC7Y1C
ch_3ykzQLZFjDZYYof8YOUtIaae,2024-01-23 10:15:48,succeeded,2940.0,0.0,95.8,2844.2,card,,DKWDP70Q-0001,subscription_create,12_month,3,cus_imYjTKpCwfTqQ0,Emily Adams,emily.adams@cedarwave-rf-consulting.example,Cedarwave RF Consulting Inc.,self_serve,network_consultant,network_consulting,CA,sub_15gPnMvmJUTriJuzzFb58mHV
ch_3HaVqO2pkjvlGRTFlSloesxU,2024-01-26 23:58:51,succeeded,599.0,0.0,19.72,579.28,card,,F844QFJM-0001,subscription_create,6_month,1,cus_W0u9Ixheq7yQF9,Michael Johnson,michael.johnson@polarcore-warehousing.example,Polarcore Warehousing LLC,self_serve,it_lead,logistics,US,sub_1NxNxni7edXyvtmT3YvHFNl8
ch_3RENf5VwQeGgDM0ikf2Hm1Dz,2024-01-30 08:07:37,succeeded,599.0,0.0,9.23,589.77,card,,CRLKWIFE-0001,subscription_create,6_month,1,cus_RxZU2e0jlgyZCN,Anna Salminen,anna.salminen@auroragate-systems-integration.example,Auroragate Systems Integration Oy,self_serve,head_of_wireless,it_services,FI,sub_1jOrFqiuBW6tvbfj0Ksk7STH
ch_3HKtrr9ALbPkjKBsKr10tpw8,2024-01-30 10:33:49,succeeded,599.0,0.0,19.72,579.28,card,,27HBH18E-0001,subscription_create,6_month,1,cus_kSSc6FlbdjNYr6,Josh Collins,josh.collins@greengate-industries.example,Greengate Industries,self_serve,it_lead,manufacturing,AU,sub_1hGn4jOOudSP87QB5iAOoe5r
ch_3c0uhWUV0Sk5BWfIsk8uSw0W,2024-01-30 13:00:52,succeeded,980.0,0.0,14.95,965.05,card,,O8XU5NZ0-0001,subscription_create,12_month,1,cus_1kYnAdEVOyDg5P,Erik Strand,erik.strand@polarlink-partners.example,Polarlink Partners AB,self_serve,it_lead,professional_services,SE,sub_1iGXUV0MKiRz7dUi5LFGpGLI
ch_3KZJ9KAg7nD3acEUcqqiVRBr,2024-01-30 18:01:09,succeeded,980.0,0.0,14.95,965.05,card,,DNXDS9I4-0001,subscription_create,12_month,1,cus_FoIEohHY2eezRI,Thomas Meyer,thomas.meyer@signalworks-industries.example,Signalworks Industries,self_serve,it_lead,manufacturing,DE,sub_1XnxzxdoAh06b5t8Pga8w9ev
ch_3kn2intDCNk9ulFr26Uf6E0s,2024-02-02 13:11:20,succeeded,599.0,0.0,9.23,589.77,card,,BL4YUULS-0001,subscription_create,6_month,1,cus_KTK4dSNedZZEDR,Kristian Strand,kristian.strand@strand-network-services.example,Strand Network Services AB,self_serve,network_consultant,network_consulting,SE,sub_1IC2u8sdLJfpyFEyaEYbOJWt
ch_3hqnxJnaZ1teWsfIHiWPHcWC,2024-02-05 14:14:35,succeeded,980.0,0.0,32.1,947.9,card,,S6EQKJ3I-0001,subscription_create,12_month,1,cus_7Do9YpHjhgseQV,Ahmed Carter,ahmed.carter@orbitmark-rf-consulting.example,Orbitmark RF Consulting,self_serve,network_consultant,network_consulting,US,sub_1pmwbBrcsVAKlsDxsa4AlpiX
py_3IKkQlI5eCsQze88dCEUsDb3,2024-02-05 19:43:08,succeeded,1797.0,0.0,5.0,1792.0,bank_transfer,,ZO72O5CW-0003,subscription_cycle,6_month,3,cus_vC2jcmo6bkXa5j,Brian Jones,brian.jones@westworks-properties.example,Westworks Properties,self_serve,it_lead,real_estate,GB,sub_1vKG6wHx1Yve4J3QYb7OVps0
ch_3zVQndLT1ZhgvahACK12TIi2,2024-02-07 17:10:31,succeeded,599.0,0.0,19.72,579.28,card,,FS8KZ7FJ-0001,subscription_create,6_month,1,cus_dZR4O30jpfFsb7,Megan Clark,megan.clark@orbitline-schools.example,Orbitline Schools Inc.,self_serve,it_lead,education,CA,sub_15vDb7oStciZ8wR2iIoLfZ8n
ch_3bDotipwQwlQh5Qa2TDc4WMI,2024-02-08 12:30:00,succeeded,980.0,0.0,32.1,947.9,card,,U1D2AKN6-0001,subscription_create,12_month,1,cus_lVJkE27ivHrVaw,Florian Wolf,florian.wolf@crestcore-wi-fi-solutions.example,Crestcore Wi-Fi Solutions AG,self_serve,network_consultant,network_consulting,CH,sub_1lJ1oUndT73iERPIMrXqts66
ch_3Fya4SLcKHL43tBXp7LsRIpO,2024-02-10 04:08:24,succeeded,980.0,0.0,32.1,947.9,card,,HYDW9NP9-0002,subscription_cycle,12_month,1,cus_0LPDebDJxpGMyM,Amanda Green,amanda.green@orbitmark-wireless.example,Orbitmark Wireless LLC,self_serve,network_consultant,network_consulting,US,sub_1K2ZszrXxTjZ8cOzpBnSSwuw
ch_3GVOzj0rxL4M7mTQdF0DUdmO,2024-02-11 10:29:03,succeeded,980.0,0.0,14.95,965.05,card,,ROTYDJD6-0001,subscription_create,12_month,1,cus_gBlY6ZkgDOsFEO,Ingrid Pedersen,ingrid.pedersen@northcore-logistics.example,Northcore Logistics AB,self_serve,it_lead,logistics,SE,sub_1SUV5DUp7RCaOHaJYwZHa6BI
ch_39hpDi4gZBx8vu2L2MphsX8q,2024-02-12 03:05:32,succeeded,599.0,0.0,9.23,589.77,card,,UC5Q5759-0001,subscription_create,6_month,1,cus_TcwSUfiXm9HJhK,Olivier Fournier,olivier.fournier@atlasport-wireless.example,Atlasport Wireless SAS,self_serve,network_consultant,network_consulting,FR,sub_1ZXz5WfOG1ay7cAxcnWaxu0k
ch_3SPW0Cs7qXuHRZJSSarT9OCa,2024-02-12 06:57:34,succeeded,980.0,0.0,14.95,965.05,card,,RCQ0T720-0001,subscription_create,12_month,1,cus_tJBSLAvrrQL4io,Tobias Schröder,tobias.schroder@apexwave-clinics.example,Apexwave Clinics GmbH,self_serve,it_lead,healthcare,DE,sub_1m7YksEYHDIjRhQSHFxGx9gD
ch_3Ukx7CRCHrKcsHaryxcHhHNr,2024-02-12 14:54:28,succeeded,980.0,0.0,24.75,955.25,card,,K8V1XN9A-0001,subscription_create,12_month,1,cus_7mIMv5ffynz7wh,Ahmed Wright,ahmed.wright@cedargate-rf-consulting.example,Cedargate RF Consulting,self_serve,network_consultant,network_consulting,GB,sub_1tmxma1dHIqn6dUmbdpdoFNX
ch_3vKJKoFyrqIfmpv1xLJ1Baj5,2024-02-15 05:30:49,succeeded,1960.0,0.0,29.65,1930.35,card,,CS9F4Y69-0001,subscription_create,12_month,2,cus_Gg3hdGMNF9Z6qL,Kari Salminen,kari.salminen@greencore-warehousing.example,Greencore Warehousing Oy,self_serve,it_lead,logistics,FI,sub_1TkNsOUZ8XrIo1NzwpJOOMqU
ch_3tPadmMdLIbT4du43MYU7cRd,2024-02-18 10:35:28,succeeded,4900.0,0.0,159.5,4740.5,card,,8HXQ761A-0001,subscription_create,12_month,5,cus_whdy0pZ9cNQtma,David Brown,david.brown@summitlink-telecom.example,Summitlink Telecom LLC,self_serve,head_of_wireless,telecom,US,sub_1Edg7qo3ZA4oZCvZIlChwM2R
ch_3s6NLxQnvwSohDjjybRFnMOQ,2024-02-19 12:04:34,succeeded,980.0,0.0,32.1,947.9,card,,PI0S9NUR-0001,subscription_create,12_month,1,cus_74byHbW4HYwNR3,Emily Wright,emily.wright@mailbox.example,,self_serve,network_consultant,network_consulting,US,sub_1DHZS25ozukY50N6R7TfMWFh
ch_3FVxOLv49De5Suzuz8OIq5MW,2024-02-19 12:24:35,succeeded,980.0,0.0,32.1,947.9,card,,XRZ3CMI1-0001,subscription_create,12_month,1,cus_7m8yIaX1s3cH5i,Chris Lewis,chris.lewis@deltalink-rf-consulting.example,Deltalink RF Consulting LLC,self_serve,network_consultant,network_consulting,US,sub_1jyRYMGtawK6Zo7hojLA9h74
ch_3qF05qgR2oYgskbZO05R4nTr,2024-02-19 16:44:13,succeeded,599.0,0.0,9.23,589.77,card,,S1M2X23M-0001,subscription_create,6_month,1,cus_a8nDluV3eqci2D,Maxime Lefebvre,maxime.lefebvre@cedarview-foods.example,Cedarview Foods,self_serve,it_lead,food_beverage,FR,sub_1qeOEihUZQ96rJxciIeHRMPp
ch_3aGwRd4XFUTrxJlVx2Hh0SIX,2024-02-21 16:34:43,succeeded,599.0,0.0,15.23,583.77,card,,ESH90Z8W-0001,subscription_create,6_month,1,cus_5ORpdUvK7Bdzji,Nicole Wilson,nicole.wilson@pinepoint-schools.example,Pinepoint Schools,self_serve,it_lead,education,GB,sub_1Vpf6OYF2DWFrpsmJN5heAo9
ch_31D3MFr23UYYPjqaxBaIMq8A,2024-02-22 12:27:31,succeeded,599.0,0.0,9.23,589.77,card,,XM4JM8CN-0001,subscription_create,6_month,1,cus_RKihDMNg7wZALe,Julia Krüger,julia.kruger@bluemark-communications.example,Bluemark Communications,self_serve,head_of_wireless,telecom,DE,sub_115P9E9mwD0wsiQOoFDWXfHp
ch_3gKePRMDbv033a3qFpk8opBp,2024-02-22 13:45:17,succeeded,599.0,0.0,19.72,579.28,card,,P5F9S5UW-0001,subscription_create,6_month,1,cus_F9U5hAPGyeZSg4,Raj Brown,raj.brown@novacore-media.example,Novacore Media,self_serve,it_lead,media,US,sub_1zgbUa620aRUPzWXmZlOZtFx
ch_3laNSrchD2rcldRLCGouvr9o,2024-02-23 03:13:02,succeeded,1198.0,0.0,30.2,1167.8,card,,EYSOXZ1A-0001,subscription_create,6_month,2,cus_QrCr0fvb4BI6R5,Carlos Green,carlos.green@granitepeak-clinics.example,Granitepeak Clinics Ltd,self_serve,it_lead,healthcare,GB,sub_19VQaDl87P0txUl2LkXiKXWS
ch_3e8U72fJdMawO4tDtly1jgcX,2024-02-25 09:12:38,succeeded,980.0,0.0,14.95,965.05,card,,0MJ6K2NS-0003,subscription_cycle,12_month,1,cus_CWiBUaOMJbihxN,Ruben Bakker,ruben.bakker@bakker-wireless-consulting.example,Bakker Wireless Consulting,self_serve,network_consultant,network_consulting,NL,sub_1tKVqDxBw4AOmwR0w9oxRJb1
ch_3SqWTkFzYSg2T6JLUADOrpJC,2024-02-26 09:17:20,succeeded,980.0,0.0,14.95,965.05,card,,DLCGGOTG-0001,subscription_create,12_month,1,cus_jmgbiJKzaSnTLU,Mark Williams,mark.williams@brightpath-rf-consulting.example,Brightpath RF Consulting Ltd,self_serve,network_consultant,network_consulting,IE,sub_1MIIfndkA8eOIOLxLdkw6ThX
ch_3esSVZFUKPoJgIiFunRG02Yg,2024-02-27 07:55:50,succeeded,599.0,0.0,9.23,589.77,card,,8DCJ35PE-0002,subscription_cycle,6_month,1,cus_uKXmvwy1ZHbF0g,Mikkel Lindqvist,mikkel.lindqvist@lindqvist-wireless-consulting.example,Lindqvist Wireless Consulting,self_serve,network_consultant,network_consulting,DK,sub_1NII4R3nLB0wcOwbYa1QxKAN
ch_3UbyYHIF9rbNHjni7hjlkZif,2024-02-28 16:17:29,succeeded,1198.0,0.0,18.22,1179.78,card,,9JX37YI6-0003,subscription_cycle,6_month,2,cus_KmAiDo9zScPeLZ,Mikkel Madsen,mikkel.madsen@silverfield-rf-consulting.example,Silverfield RF Consulting ApS,self_serve,network_consultant,network_consulting,DK,sub_1ir88YXees0DoCsvKTn5QypK
py_366bTA5z4Xe4BEv0yQlovSLu,2024-03-02 01:42:31,succeeded,1797.0,0.0,5.0,1792.0,bank_transfer,,35F7TM8Q-0001,subscription_create,6_month,3,cus_OKA6ZFZQxXeDCJ,Anja Schulz,anja.schulz@apexlink-partners.example,Apexlink Partners AG,self_serve,it_lead,professional_services,CH,sub_13PIZpxNVdyaO7McqEqEqnLv
ch_3cgsDU2vWcPEnvexUF375Z2k,2024-03-03 09:36:49,succeeded,599.0,0.0,9.23,589.77,card,,SVLDBRR9-0001,subscription_create,6_month,1,cus_vtW4rUaEx9xI6c,Ola Dahl,ola.dahl@auroraworks-logistics.example,Auroraworks Logistics,self_serve,it_lead,logistics,DK,sub_1BJdu7bVMDLVWXdjqBdv6hSP
ch_3cFXY3yeYwkfPouXaiTTun9F,2024-03-04 08:33:10,succeeded,980.0,0.0,14.95,965.05,card,,X19MFGLG-0003,subscription_cycle,12_month,1,cus_ak0KsBYUqa9Lu8,Julia Wagner,julia.wagner@polarbridge-wireless.example,Polarbridge Wireless,self_serve,network_consultant,network_consulting,DE,sub_1ZD1qpWIcjQECSVhdnhjh1KS
ch_3mHPEhHbm1gWD75FQCzaiV0v,2024-03-04 08:57:02,succeeded,5880.0,0.0,88.45,5791.55,card,,KJRS83S5-0002,subscription_cycle,12_month,6,cus_Tf1SL9FvsnMpek,Javier Torres,javier.torres@aurorabridge-managed-services.example,Aurorabridge Managed Services S.L.,self_serve,head_of_wireless,it_services,ES,sub_16aERIrKmF6NpJMrHN79EErp
ch_3lPNngfl5ToDAadWfig2zT3K,2024-03-04 16:35:06,succeeded,1797.0,0.0,58.65,1738.35,card,,VKV4ZXBU-0002,subscription_cycle,6_month,3,cus_gh3xG9bxJM3kQp,Nicole Turner,nicole.turner@mapleworks-telecom.example,Mapleworks Telecom LLC,self_serve,head_of_wireless,telecom,US,sub_17rErMhkDW0y5scQHGkk67Us
py_3xvTPb1xEAht01om58GN3GPx,2024-03-05 23:52:36,succeeded,1797.0,0.0,5.0,1792.0,bank_transfer,,BWXNYSHW-0001,subscription_create,6_month,3,cus_9DZyhUAuxNEFrL,Jessica Nguyen,jessica.nguyen@greenpeak-logistics.example,Greenpeak Logistics LLC,self_serve,it_lead,logistics,US,sub_1sry5JVAYXsJwwtG4NCRAIiB
ch_3TZFAQXSboPljeNH64xgwjfX,2024-03-06 11:35:16,succeeded,1198.0,0.0,18.22,1179.78,card,,MBWEELSE-0002,subscription_cycle,6_month,2,cus_37pd4RALOEu135,Andreas Zimmermann,andreas.zimmermann@clearfield-retail-group.example,Clearfield Retail Group GmbH,self_serve,it_lead,retail,DE,sub_1kEjKF4gVn8t1mvSDrQdcZTA
py_3vm5GWiJv9ACid3gd25M3vph,2024-03-08 17:17:44,succeeded,1198.0,0.0,5.0,1193.0,bank_transfer,,EY4SQ0WU-0001,subscription_create,6_month,2,cus_bO7mfA5gesOk54,Chiara Bruno,chiara.bruno@westwave-clinics.example,Westwave Clinics S.r.l.,self_serve,it_lead,healthcare,IT,sub_1w7ofcnCr88FCyfuDkRtw0t5
ch_3msziF68eAF9r5H9qLuV6Ay9,2024-03-08 18:23:08,succeeded,599.0,0.0,9.23,589.77,card,,SIEN7JH6-0001,subscription_create,6_month,1,cus_8R18oFUlFErBir,Lena Wolf,lena.wolf@balticmark-systems-integration.example,Balticmark Systems Integration GmbH,self_serve,head_of_wireless,it_services,DE,sub_1ToPL4OnFPiJ6DhS3cBV6WhI
py_3UKb1XD2Nz8csjHCO6c3e8nW,2024-03-09 14:51:37,succeeded,180000.0,0.0,5.0,179995.0,bank_transfer,,LXFRP4JG-0001,subscription_create,enterprise,1,cus_lonF6X0MrZYdDv,Voltmark Fertigungstechnik GmbH,accounts.payable@voltmark-fertigungstechnik.example,Voltmark Fertigungstechnik GmbH,enterprise,,manufacturing,DE,sub_14CywerAWBcRkrYdKLAn74rg
ch_3rKyfF2icHOo9Y9ImAIT10uV,2024-03-10 11:57:58,succeeded,980.0,0.0,14.95,965.05,card,,8EDSIKVN-0002,subscription_cycle,12_month,1,cus_YtTzwk8CeEccOJ,Stefan Zimmermann,stefan.zimmermann@apexpath-industries.example,Apexpath Industries GmbH,self_serve,it_lead,manufacturing,DE,sub_19MZhf1fLfzIY7wiOi0zqOGy
ch_33Pfmzi4z6s9u7HLaRYXbile,2024-03-12 12:23:35,succeeded,2940.0,0.0,44.35,2895.65,card,,IJOWZ53U-0002,subscription_cycle,12_month,3,cus_fyl8Bdmv13598s,Camille Mercier,camille.mercier@deltagate-networks.example,Deltagate Networks,self_serve,network_consultant,network_consulting,FR,sub_1unACQvyOhNbuivisci7ezf2
ch_3HHzTwDR1WSE5BWZIhotsB5d,2024-03-15 14:19:42,succeeded,980.0,0.0,14.95,965.05,card,,B5G6SMLP-0001,subscription_create,12_month,1,cus_K1AnM5RzlqcwnE,Thomas Braun,thomas.braun@mapleline-retail-group.example,Mapleline Retail Group,self_serve,it_lead,retail,DE,sub_1Jl9Ifn6FVXq0ZKCyuBKlSh5
ch_38pneC4IMTEGYd8pBJ7luGMB,2024-03-17 10:57:51,succeeded,980.0,0.0,14.95,965.05,card,,MQA6TASU-0002,subscription_cycle,12_month,1,cus_DPqvYe5fTYLx34,Jan Richter,jan.richter@apexworks-networks.example,Apexworks Networks,self_serve,network_consultant,network_consulting,DE,sub_1tQcEgFhbgG3WI5KeMMj7hsR
ch_3WFDVfYPPofMAGjB4nRBvHtx,2024-03-18 10:36:03,succeeded,980.0,0.0,14.95,965.05,card,,Z60DM4B2-0001,subscription_create,12_month,1,cus_I3n5rIsXzranBp,Sabine Weber,sabine.weber@weber-wireless-consulting.example,Weber Wireless Consulting GmbH,self_serve,network_consultant,network_consulting,DE,sub_11RXcF0Jw82bzmTfXeLgVun9
ch_3JsbqzW50JHjw1u3NcFyrxyY,2024-03-18 12:19:28,succeeded,980.0,0.0,14.95,965.05,card,,I69TB6E6-0001,subscription_create,12_month,1,cus_rTExD1HOaHhbWc,Thomas Richter,thomas.richter@orbitpoint-construction.example,Orbitpoint Construction,self_serve,it_lead,construction,DE,sub_1ZVXeeaaEf0kQnsoENpfjmml
ch_3EQuvFFdcfmRE8gb5aYEaL08,2024-03-18 20:32:27,succeeded,980.0,0.0,24.75,955.25,card,,G29B4MHT-0001,subscription_create,12_month,1,cus_Qs9BgDKTGwoHcw,Sarah Kelly,sarah.kelly@blueport-hotels.example,Blueport Hotels,self_serve,it_lead,hospitality,GB,sub_15HHBcMaR4G13FNpQ3XouvJO
py_3FHFYgJ0eSY454ksWyitHHHP,2024-03-19 13:34:23,succeeded,2995.0,0.0,5.0,2990.0,bank_transfer,,JT6NQUIA-0002,subscription_cycle,6_month,5,cus_9VsNHdidP7qVUj,Josh Scott,josh.scott@polarwave-communications.example,Polarwave Communications Inc.,self_serve,head_of_wireless,telecom,CA,sub_1lFVvqiD4jjeQ1gVZKObbpw3
ch_3o8H4PjpvUPgvRabu8Umz69J,2024-03-21 08:13:51,succeeded,1960.0,0.0,63.95,1896.05,card,,7BYUH55X-0001,subscription_create,12_month,2,cus_NMc3fmdebzKCkj,James Wilson,james.wilson@apexwave-wireless.example,Apexwave Wireless,self_serve,network_consultant,network_consulting,US,sub_1DdAkerz4A9svSfM2p9c0tRr
ch_3eQ2HRSqgGrIEFiOTaARXtcn,2024-03-21 15:40:22,succeeded,1960.0,0.0,63.95,1896.05,card,,CU7J3KAO-0002,subscription_cycle,12_month,2,cus_ChUdVmD3Id1SRi,Nicole Baker,nicole.baker@novaline-retail-group.example,Novaline Retail Group,self_serve,it_lead,retail,US,sub_1SgFtb5yfaUGZPsrtqM5oGRI
ch_3aXUTyuJRP4U1NpHPdbk8J5i,2024-03-21 15:57:05,succeeded,980.0,0.0,32.1,947.9,card,,APW6ISVT-0001,subscription_create,12_month,1,cus_yjWHugoLRwnzbn,James Baker,james.baker@summitwave-wireless.example,Summitwave Wireless LLC,self_serve,network_consultant,network_consulting,US,sub_1lPszXi4isHCCExjRMkoONxM
ch_3s0iVAsSv9OXa1Gy0B5e2FDN,2024-03-22 14:51:25,succeeded,1198.0,0.0,39.19,1158.81,card,,NDGW2ZTE-0001,subscription_create,6_month,2,cus_o3s9j1UHQy285e,Ahmed Miller,ahmed.miller@signalport-wireless-engineering.example,Signalport Wireless Engineering LLC,self_serve,head_of_wireless,network_consulting,US,sub_1WvAX6sBOOg31zbMcaBQplt3
ch_3DofJOANTSS4hWtRsKnon9ub,2024-03-22 17:14:24,succeeded,980.0,0.0,14.95,965.05,card,,4TGCDMPC-0001,subscription_create,12_month,1,cus_wDrG2fFcgast7a,Heidi Heikkinen,heidi.heikkinen@mailbox.example,,self_serve,network_consultant,network_consulting,FI,sub_1hdXjknFY3v5wGMxZ04s7OL1
ch_3K9oimO0pb6MgHEGxk7LOia8,2024-03-22 17:30:47,succeeded,980.0,0.0,32.1,947.9,card,,CA3VE7HJ-0001,subscription_create,12_month,1,cus_eEBRADAYXlQ5aA,Priya Thompson,priya.thompson@postbox.example,,self_serve,network_consultant,network_consulting,AU,sub_1EBFItEF04OJ7vOZPxDLKFRk
ch_3RTTMVRs51niRBt8hmrplEug,2024-03-23 11:18:06,succeeded,980.0,0.0,32.1,947.9,card,,S0IVQI4O-0001,subscription_create,12_month,1,cus_S6cNrE4gBhZWbi,Matthias Müller,matthias.muller@mailbox.example,,self_serve,network_consultant,network_consulting,CH,sub_1cyXIAE1PrabO1rOYr4IJyUJ
ch_3Zp6ntIrm16GR3pQnjuKJ0D5,2024-03-23 14:10:32,succeeded,1797.0,0.0,27.21,1769.79,card,,SC3JCP0H-0004,subscription_cycle,6_month,3,cus_TiK9D6OAmKewae,Alessandro Gallo,alessandro.gallo@cedargate-warehousing.example,Cedargate Warehousing S.r.l.,self_serve,it_lead,logistics,IT,sub_1wuDtZG0HNrRMzqjYvmIUIod
ch_3t4x2TQoIIXK3IiHc2RtCnuE,2024-03-25 11:09:00,succeeded,980.0,0.0,14.95,965.05,card,,3GJTITFN-0001,subscription_create,12_month,1,cus_SaQ4FFH0Z8gqth,Bjørn Larsson,bjorn.larsson@granitepath-rf-consulting.example,Granitepath RF Consulting ApS,self_serve,network_consultant,network_consulting,DK,sub_1gMoqDD5qXa51udIaxjaVlmj
py_34fPePLreteJfjLZurudvDty,2024-03-27 11:32:26,succeeded,4900.0,0.0,5.0,4895.0,bank_transfer,,K924SCB1-0001,subscription_create,12_month,5,cus_W40wdr6IeqcG6J,Lotte Dekker,lotte.dekker@greengate-communications.example,Greengate Communications,self_serve,head_of_wireless,telecom,NL,sub_1qtEuOyQmmKT1KkoEW9OoQBr
ch_3yhRgMB9iWsLzvnr001MY4Ao,2024-03-27 14:06:48,succeeded,980.0,0.0,14.95,965.05,card,,R621R2YF-0001,subscription_create,12_month,1,cus_AuEmOkvzWY31G6,Janne Järvinen,janne.jarvinen@harborpath-retail-group.example,Harborpath Retail Group Oy,self_serve,it_lead,retail,FI,sub_1YdSUhAPGgY2YERfi4fDDhVU
ch_3ITP4Vo6BXjWCgRzSA1xmGEU,2024-03-28 19:45:12,succeeded,1960.0,0.0,63.95,1896.05,card,,X20VK5Z5-0001,subscription_create,12_month,2,cus_Yn0T1fbH6MvQXt,Priya Martin,priya.martin@nordicpoint-construction.example,Nordicpoint Construction LLC,self_serve,it_lead,construction,US,sub_1t6OOz3eWSU6UisF2BdmWSoA
ch_37gzHtcf8lWWmw007wZglFoi,2024-03-29 10:06:51,succeeded,599.0,0.0,19.72,579.28,card,,RBKF5COT-0001,subscription_create,6_month,1,cus_Z5cLmFHUM0AUzd,Christian Wagner,christian.wagner@wagner-network-services.example,Wagner Network Services AG,self_serve,network_consultant,network_consulting,CH,sub_1cACDoDX6f4vBAIqfTmDhfGK
ch_3jVZEjn721xaX5wd7BsjihTD,2024-03-29 16:46:38,succeeded,980.0,0.0,32.1,947.9,card,,1M3NQ7GL-0001,subscription_create,12_month,1,cus_yjWVsAIqrjCjzh,Ben White,ben.white@silverwave-wi-fi-solutions.example,Silverwave Wi-Fi Solutions,self_serve,network_consultant,network_consulting,US,sub_1MdsbJaH7nfla6iopMMZODWq
ch_3dBxH46F4oT6XD271a7KAnm5,2024-03-30 07:24:28,succeeded,599.0,0.0,5.14,593.86,sepa_debit,,MZX6HMX9-0001,subscription_create,6_month,1,cus_BmcURWJJJkckuL,Julie Fournier,julie.fournier@deltaport-networks.example,Deltaport Networks SAS,self_serve,network_consultant,network_consulting,FR,sub_13fJbw0FlHwcjvjhJAKnfQX0
py_3XS3sCIf32qvwQR6muQzC0Pz,2024-03-31 04:33:35,succeeded,1960.0,0.0,5.0,1955.0,bank_transfer,,P5OB6KXM-0002,subscription_cycle,12_month,2,cus_ghKNb3bfpALKfE,Sami Salonen,sami.salonen@nordicstream-it-solutions.example,Nordicstream IT Solutions,self_serve,head_of_wireless,it_services,FI,sub_1Sa8bLdHJwQeSn25hCjWPNyF
ch_3PCc0xK7ENVUmOnyMiAsWrIS,2024-03-31 18:48:34,succeeded,980.0,0.0,32.1,947.9,card,,YYZDOJN6-0002,subscription_cycle,12_month,1,cus_uiApHyEvZZNrDP,David Miller,david.miller@signalpoint-telecom.example,Signalpoint Telecom LLC,self_serve,head_of_wireless,telecom,US,sub_1Re28NTR5gdl4J2mRmQIeg0M
ch_3CTPsrEqQfzblkW41xP4tWEw,2024-04-01 10:34:38,succeeded,599.0,0.0,9.23,589.77,card,,CJYF39AB-0001,subscription_create,6_month,1,cus_rlaV1k2mz9ow24,Jukka Korhonen,jukka.korhonen@korhonen-wireless-consulting.example,Korhonen Wireless Consulting,self_serve,network_consultant,network_consulting,FI,sub_1ar8tzwdKEn5KvauzGqG8Qbw
ch_3xjbIieeiDaZqzxdMMLJycFO,2024-04-01 17:18:37,succeeded,1960.0,0.0,29.65,1930.35,card,,C6YP8897-0001,subscription_create,12_month,2,cus_XvGoTsu4vfFBGH,Andreas Schmidt,andreas.schmidt@greenport-schools.example,Greenport Schools GmbH,self_serve,it_lead,education,AT,sub_1W0FR16KZEjmq790EUnpue1r
ch_3FjtwLIByk5CValR5P5O32dU,2024-04-02 10:35:28,succeeded,599.0,0.0,19.72,579.28,card,,WI60BHWR-0001,subscription_create,6_month,1,cus_Qfg5JKF1okuLhQ,John King,john.king@brightport-rf-consulting.example,Brightport RF Consulting LLC,self_serve,network_consultant,network_consulting,US,sub_1JV0ZjN1DcNyLUcEbxSLGmKT
ch_32SGn3KBlpfTAoxtLr4uV2JR,2024-04-02 10:43:49,succeeded,1960.0,0.0,63.95,1896.05,card,,73UU3XWJ-0002,subscription_cycle,12_month,2,cus_KwhyvCY2DacLZS,Ryan Brown,ryan.brown@brightpeak-wireless.example,Brightpeak Wireless LLC,self_serve,network_consultant,network_consulting,US,sub_19RjvmhgynwpO9iOceMYzELU
ch_3k6aTx8HjVtlNeb62fOpwrmH,2024-04-03 05:57:08,succeeded,599.0,0.0,5.14,593.86,sepa_debit,,20LBASOB-0004,subscription_cycle,6_month,1,cus_qVSPNqfABXC5OB,Guillaume Lambert,guillaume.lambert@lambert-network-services.example,Lambert Network Services,self_serve,network_consultant,network_consulting,FR,sub_1wthYTKf2y5OBivChQu2f0Rb
ch_3mG3832Okfe5uVEAz7VUF3OS,2024-04-03 14:25:33,succeeded,980.0,0.0,32.1,947.9,card,,M799ZYT2-0001,subscription_create,12_month,1,cus_zm3jGSjDpUcppL,Brian Mitchell,brian.mitchell@bluegate-wi-fi-solutions.example,Bluegate Wi-Fi Solutions,self_serve,network_consultant,network_consulting,US,sub_10CyQ9jv54rj8o7zTANcK7aD
ch_3e1mB3I8MplWWZHUWkSEowMU,2024-04-04 12:59:26,succeeded,599.0,0.0,9.23,589.77,card,,4K327IQN-0001,subscription_create,6_month,1,cus_PfRVbA1nN7SkKO,Lena Schmidt,lena.schmidt@lumencore-rf-consulting.example,Lumencore RF Consulting,self_serve,network_consultant,network_consulting,DE,sub_1WBtI2MkfLsgFVbQPIB6UXJP
ch_3Z8RutAYhbxLKBIktVBX6TV9,2024-04-04 17:32:48,succeeded,1960.0,0.0,49.25,1910.75,card,,0J3R3ODK-0001,subscription_create,12_month,2,cus_KgBCdjUOkv86cw,Chris Nelson,chris.nelson@novacore-partners.example,Novacore Partners,self_serve,it_lead,professional_services,GB,sub_188KCjPAVUwpKSeG119OsDu6
py_3VXXjU7WPavdRL5fG81hy9uH,2024-04-05 19:15:27,succeeded,121000.0,0.0,5.0,120995.0,bank_transfer,,JYJW87YV-0002,subscription_cycle,enterprise,1,cus_ZIil6tzf2pISHx,Kaarna University of Technology,accounts.payable@kaarna-university-of-technology.example,Kaarna University of Technology,enterprise,,university,FI,sub_1q1RKOcbyVTb8UiFzzX4KdHz
py_32mxAfBD9ylTLCYHWTzMNV5W,2024-04-06 01:00:22,succeeded,1797.0,0.0,5.0,1792.0,bank_transfer,,9PBO2TGS-0001,subscription_create,6_month,3,cus_1DnSBFUarRdLWR,Ryan King,ryan.king@bluecore-technology-group.example,Bluecore Technology Group LLC,self_serve,head_of_wireless,it_services,US,sub_1v9IkG8J1E2E6QODdbxSK5Wt
ch_3ZwnGuQSRKZE3KtFl0jdcxuS,2024-04-07 02:37:00,succeeded,2940.0,0.0,95.8,2844.2,card,,5E48PPGC-0001,subscription_create,12_month,3,cus_JV25AE5eyDiphy,Wei Kelly,wei.kelly@northbridge-telecom.example,Northbridge Telecom LLC,self_serve,head_of_wireless,telecom,US,sub_17iUComurm8NLRAw99smekP5
ch_3FRCUiNoamUwxwUmdpDcCmvK,2024-04-07 08:32:18,succeeded,599.0,0.0,9.23,589.77,card,,XKIILUZT-0002,subscription_cycle,6_month,1,cus_JZbZp141c8mcbC,Juho Heinonen,juho.heinonen@apexbridge-wireless.example,Apexbridge Wireless Oy,self_serve,network_consultant,network_consulting,FI,sub_1fpZD6P9fQ87Vx5fZe0paaxH
ch_3IR7xmetNT9xTPJM2fmh48ew,2024-04-09 11:04:39,succeeded,599.0,0.0,19.72,579.28,card,,ZWD7J040-0001,subscription_create,6_month,1,cus_Uahxmi7YMtvZXl,Eric Patel,eric.patel@blueview-systems-integration.example,Blueview Systems Integration LLC,self_serve,head_of_wireless,it_services,US,sub_1uNgIuJPJKtvJ4D85EZQ1BSj
ch_3rZk0TAbwHhPt41DHsmHoz5m,2024-04-09 15:35:32,succeeded,599.0,0.0,19.72,579.28,card,,TW02NK9B-0001,subscription_create,6_month,1,cus_jJwzSEmMMRj2SM,Robert Moore,robert.moore@moore-network-services.example,Moore Network Services LLC,self_serve,network_consultant,network_consulting,US,sub_1IPQF9nbbF4R2qFweYcjScBW
ch_3qSUbhrjzAOAqO9HcoGaRVMj,2024-04-10 09:03:43,succeeded,599.0,0.0,19.72,579.28,card,,VSW9NAP0-0001,subscription_create,6_month,1,cus_q0zTLK54XjQKYf,Kate Lewis,kate.lewis@lewis-wireless-consulting.example,Lewis Wireless Consulting,self_serve,network_consultant,network_consulting,US,sub_1VTjhuWwdB5f5cgvcJcEMT6F
py_3EERPvSR6OyzKgraiAPZLI0j,2024-04-10 14:34:43,succeeded,1960.0,0.0,5.0,1955.0,bank_transfer,,M25FAHY5-0002,subscription_cycle,12_month,2,cus_uCkGNSYuOXX97q,Olivia Collins,olivia.collins@orbitpath-wireless-engineering.example,Orbitpath Wireless Engineering LLC,self_serve,head_of_wireless,network_consulting,US,sub_1MwDsGAqckJJQa5rqIsDLVWf
ch_3BSXGYNcR6mVhMuZXsgnFZz4,2024-04-10 16:14:41,succeeded,1797.0,0.0,58.65,1738.35,card,,QZ0NPHQI-0002,subscription_cycle,6_month,3,cus_UkgvgcwdrGk2Qk,Carlos Lee,carlos.lee@greenlink-systems-integration.example,Greenlink Systems Integration Pty Ltd,self_serve,head_of_wireless,it_services,AU,sub_1gdGww4hb8zgXkUYCHz0HiNz
ch_387wJ7c1oLYUYhgdf9F1bjCZ,2024-04-11 06:00:18,succeeded,599.0,0.0,9.23,589.77,card,,EC1ELLE3-0001,subscription_create,6_month,1,cus_Q8XTBB8hY1W99w,Thijs Jansen,thijs.jansen@lumengate-logistics.example,Lumengate Logistics B.V.,self_serve,it_lead,logistics,NL,sub_1jv1cljcVpIAQ2TZXVshA3O4
ch_3X6jXP0B0R2U9bAxmgs6wFUf,2024-04-14 11:11:10,succeeded,599.0,0.0,9.23,589.77,card,,87GDNGQ1-0002,subscription_cycle,6_month,1,cus_n1IgkoIycNIzus,Sébastien Martin,sebastien.martin@vertexstream-wireless.example,Vertexstream Wireless,self_serve,network_consultant,network_consulting,FR,sub_1CUO8A5lICe5kDZ8fdcTsgoi
ch_3t2M3oQRBu0Ygz51MpDKcvR0,2024-04-16 17:58:20,succeeded,980.0,0.0,32.1,947.9,card,,GNIF1DUA-0001,subscription_create,12_month,1,cus_YGh5OzxQj54EFA,Jessica Thomas,jessica.thomas@postbox.example,,self_serve,network_consultant,network_consulting,US,sub_1RiL6sp5B2d1oZQhfRzjFKHt
ch_3ZbR9qQEfEne0seRuv8ffu1V,2024-04-17 12:34:23,succeeded,980.0,0.0,14.95,965.05,card,,AH6TP98I-0001,subscription_create,12_month,1,cus_1YoZkKWHAfjNMs,Thomas Durand,thomas.durand@atlaspath-properties.example,Atlaspath Properties SAS,self_serve,it_lead,real_estate,FR,sub_1xpvbyFdQnxsrXosdEagruMY
ch_3wMy6zCYrDQT7DcYgsNIcf4p,2024-04-17 12:58:55,succeeded,1960.0,0.0,29.65,1930.35,card,,O84HCD5Z-0001,subscription_create,12_month,2,cus_kjYLx3HSr3SHi7,Johan Nilsson,johan.nilsson@nilsson-network-services.example,Nilsson Network Services,self_serve,network_consultant,network_consulting,SE,sub_1EzkyW44fuq3j6cWLn5Tu3UL
ch_3BAib7c4lK9ov6EueWuPvvlm,2024-04-18 06:24:26,succeeded,980.0,0.0,14.95,965.05,card,,R6L2YYTW-0001,subscription_create,12_month,1,cus_z2LwEAEFkytBpB,Heidi Hämäläinen,heidi.hamalainen@balticmark-wireless.example,Balticmark Wireless,self_serve,network_consultant,network_consulting,FI,sub_1khO2mIk5nGgDV4HX06LN0CZ
ch_3LPxEHZiNd1iMNZ4gWHo06NZ,2024-04-18 17:54:05,succeeded,980.0,0.0,32.1,947.9,card,,DAVBBSQL-0002,subscription_cycle,12_month,1,cus_uszGr1yJ5EMARL,Andrew Harris,andrew.harris@mailbox.example,,self_serve,network_consultant,network_consulting,AU,sub_1Uel1vVWmtA69kUo8SRCzdgW
ch_33QykZr3HI57Hv2cl3xpUprO,2024-04-19 05:44:26,succeeded,599.0,0.0,19.72,579.28,card,,C0UIYT7P-0001,subscription_create,6_month,1,cus_ZxO0NfqpHeHpeR,Paul Johnson,paul.johnson@novapeak-retail-group.example,Novapeak Retail Group,self_serve,it_lead,retail,US,sub_1vXEAYojjlzK5akZfdZLQ7FS
ch_3VpI1NNsO3FqePsYwEC7GkXC,2024-04-19 21:31:42,succeeded,1960.0,0.0,29.65,1930.35,card,,OYZTZHWP-0001,subscription_create,12_month,2,cus_zyeC79QzpYfCvt,Niels Jansen,niels.jansen@apexfield-networks.example,Apexfield Networks B.V.,self_serve,network_consultant,network_consulting,NL,sub_1oknk7Hnq2ghFqlUerZDuAsx
ch_3DYrymxDjnuxXIYZ8kfKGf1w,2024-04-20 21:42:15,succeeded,599.0,0.0,19.72,579.28,card,,J5BVUHG6-0002,subscription_cycle,6_month,1,cus_lp5eqoNuExQNyL,Ryan Evans,ryan.evans@orbitwave-wi-fi-solutions.example,Orbitwave Wi-Fi Solutions,self_serve,network_consultant,network_consulting,CA,sub_1id33msnykpCjuwbzpvPwrwH
ch_33184V1EJSWlXTBlL4uhVrOe,2024-04-21 16:53:52,succeeded,1198.0,0.0,39.19,1158.81,card,,69PPGOAI-0001,subscription_create,6_month,2,cus_MYuZ1FbZYOaYRT,Olivia Jones,olivia.jones@apexpath-schools.example,Apexpath Schools,self_serve,it_lead,education,AU,sub_1a2CLmd0NjZQFZwRN8GnYqv6
ch_3tuXpDpDzJfrCiEMSTx8KuGE,2024-04-23 10:40:40,succeeded,980.0,0.0,24.75,955.25,card,,T3Y8N59A-0001,subscription_create,12_month,1,cus_kQ2J9D2DEQXBCt,Daniel Hall,daniel.hall@signalstream-wireless.example,Signalstream Wireless,self_serve,network_consultant,network_consulting,GB,sub_1d3MsEk4E7hUfUI2cdwqq6Zv
ch_3t4TXwjH5Kc6VaKvhKGjiUIz,2024-04-23 11:47:49,succeeded,599.0,0.0,19.72,579.28,card,,WAFC93LF-0001,subscription_create,6_month,1,cus_oGxS1utSOza5c4,Wei Brown,wei.brown@atlaslink-networks.example,Atlaslink Networks,self_serve,network_consultant,network_consulting,US,sub_189qS21fyFjk0DhximHtqRjb
ch_3mrp4KR1aW2tg6Bii6ra38fm,2024-04-23 12:17:25,succeeded,980.0,0.0,32.1,947.9,card,,R87JAR82-0001,subscription_create,12_month,1,cus_ibIo7GLL4lbqLK,Priya White,priya.white@novafield-networks.example,Novafield Networks LLC,self_serve,network_consultant,network_consulting,US,sub_1X3YUsrmOMV6oxxOyHNMq5TK
ch_32mEhVS82UiYYSvji9VArlGq,2024-04-24 12:27:25,failed,980.0,0.0,,,card,expired_card,G33SRJE4-0002,subscription_cycle,12_month,1,cus_FI0tdCB3XcJMxp,Henrik Madsen,henrik.madsen@nordicfield-wireless.example,Nordicfield Wireless AS,self_serve,network_consultant,network_consulting,NO,sub_1qEuZTMJGc6BxpnWNMMCUqBo
py_3IuH4T0WdAeYDM7oQaebUny6,2024-04-26 06:41:01,succeeded,1198.0,0.0,5.0,1193.0,bank_transfer,,IERK4MTI-0003,subscription_cycle,6_month,2,cus_JxkgzLyr4R35z7,Ben Lewis,ben.lewis@crestlink-hotels.example,Crestlink Hotels,self_serve,it_lead,hospitality,US,sub_1OkVrOGNu6LtAk2tETdBko6V
ch_3DzUedRXQ9HgRSHw1NpQL7SA,2024-04-27 12:47:25,succeeded,980.0,0.0,14.95,965.05,card,,G33SRJE4-0002,subscription_cycle,12_month,1,cus_FI0tdCB3XcJMxp,Henrik Madsen,henrik.madsen@nordicfield-wireless.example,Nordicfield Wireless AS,self_serve,network_consultant,network_consulting,NO,sub_1qEuZTMJGc6BxpnWNMMCUqBo
ch_3DnIQX0cd0Y5UHLjhczcbDPZ,2024-04-28 09:17:58,succeeded,980.0,0.0,24.75,955.25,card,,040VOXPS-0002,subscription_cycle,12_month,1,cus_eReO9jItobh4NO,Nicole Wilson,nicole.wilson@brightmark-wireless.example,Brightmark Wireless,self_serve,network_consultant,network_consulting,GB,sub_1sK1N1gA38EOLtBOuLXu2ZGb
ch_3a35tn6F8bSw01usijdeWLzU,2024-04-29 10:38:59,succeeded,599.0,0.0,19.72,579.28,card,,ISD2JF96-0001,subscription_create,6_month,1,cus_86hQONyp3SN29D,Jessica Martin,jessica.martin@novamark-rf-consulting.example,Novamark RF Consulting,self_serve,network_consultant,network_consulting,US,sub_1qOdyTypM1RMrmFTQ06ksZGi
ch_3tBF5wmUDMTt5T3tMP6HWq5c,2024-04-30 08:00:39,succeeded,599.0,0.0,9.23,589.77,card,,F5BVJ7AI-0002,subscription_cycle,6_month,1,cus_k6ziEClSi4C38z,Sander Dekker,sander.dekker@pinestream-clinics.example,Pinestream Clinics,self_serve,it_lead,healthcare,NL,sub_1XuJQWCCM4NdVDwJfm7d0x8J
ch_3BfeKsQlnnIcuixYu7ORdU9e,2024-04-30 08:22:14,succeeded,980.0,0.0,14.95,965.05,card,,MHRTGPV5-0001,subscription_create,12_month,1,cus_EFntls7fqMFVYn,Rasmus Holm,rasmus.holm@westpoint-schools.example,Westpoint Schools AB,self_serve,it_lead,education,SE,sub_1GxOVCXKBuXypgMhxGx7jAa5
ch_3avTT9LUlPlo2JgMyOHZchmz,2024-05-01 11:55:04,succeeded,599.0,0.0,15.23,583.77,card,,LUXL462I-0002,subscription_cycle,6_month,1,cus_6CFhezGWLrizfD,Chris Walker,chris.walker@nordicport-hotels.example,Nordicport Hotels Ltd,self_serve,it_lead,hospitality,GB,sub_1HkDb8iK7ZUDJD5NGQsv09Bx
ch_3cZvs4i24aO0YDaERaz3GuPO,2024-05-03 19:26:43,succeeded,599.0,0.0,9.23,589.77,card,,8LW71OBF-0001,subscription_create,6_month,1,cus_msFWQ5FvAJb9F6,Ryan Roberts,ryan.roberts@ironpath-media.example,Ironpath Media,self_serve,it_lead,media,IE,sub_1kvj4C4Xz4vRbzW4cyNHGuGl
ch_3uSriIuwaFzdbCdD9WnOXyue,2024-05-04 11:02:21,succeeded,2940.0,0.0,44.35,2895.65,card,,J80Q0INN-0001,subscription_create,12_month,3,cus_hjRXbxf6l2CSmF,Ruben de Boer,ruben.deboer@beaconpath-wi-fi-solutions.example,Beaconpath Wi-Fi Solutions B.V.,self_serve,network_consultant,network_consulting,NL,sub_1bWYnFcVzxq41C2M6wDASDWp
ch_3SWpfWSKC6Z6B31KmEiBFDrX,2024-05-05 19:41:18,succeeded,599.0,0.0,19.72,579.28,card,,L6XET9DQ-0002,subscription_cycle,6_month,1,cus_Z4V7oWdiohdu4b,Kevin Edwards,kevin.edwards@mailbox.example,,self_serve,network_consultant,network_consulting,NZ,sub_1S70VJvXK77KMA8mwdhxfjGb
ch_3ChPGOTdQpo9q82oD99meyUj,2024-05-07 11:36:48,succeeded,980.0,0.0,32.1,947.9,card,,OUM55X74-0002,subscription_cycle,12_month,1,cus_BWede0AgleaXVO,Josh Wilson,josh.wilson@wilson-network-services.example,Wilson Network Services LLC,self_serve,network_consultant,network_consulting,US,sub_1cNj7Zx2CPujNrJ3c4FK9dX4
ch_3tckz87rGdWoD2T1vzjRtrE7,2024-05-08 08:47:17,succeeded,1960.0,0.0,63.95,1896.05,card,,FBY2CQ1K-0002,subscription_cycle,12_month,2,cus_kKKFbGv5ogQdQQ,Eric Johnson,eric.johnson@ironpeak-foods.example,Ironpeak Foods LLC,self_serve,it_lead,food_beverage,US,sub_1AH5qkRnF8NRRpBic4qyhA1R
py_3BN3tkl0X510Dh6liGJADZu4,2024-05-09 08:35:36,succeeded,4900.0,0.0,5.0,4895.0,bank_transfer,,ZA293ZE9-0003,subscription_cycle,12_month,5,cus_5M6W3TYqnpQMmq,Brian Patel,brian.patel@atlasstream-communications.example,Atlasstream Communications,self_serve,head_of_wireless,telecom,IE,sub_1nbH04x4a4z6TVPFOLyyVuIG
ch_3NuF3NyWhrloZrqlK0vr9tHb,2024-05-09 15:26:51,succeeded,980.0,0.0,14.95,965.05,card,,4LYCX92H-0001,subscription_create,12_month,1,cus_y6Vs7VRWN2A1Js,Markus Schneider,markus.schneider@mailbox.example,,self_serve,network_consultant,network_consulting,DE,sub_1vD2rlmco4IBAPiNsoWnj2sQ
ch_3lX8LoMLJgH6cRrbjdyzbLGl,2024-05-09 16:54:30,succeeded,599.0,0.0,19.72,579.28,card,,181JXPFK-0002,subscription_cycle,6_month,1,cus_ZjYjJQvHaAfBNd,Emily Jones,emily.jones@crestline-networks.example,Crestline Networks LLC,self_serve,network_consultant,network_consulting,US,sub_1lALHA5OLMCLZuDsRYYZ9X3H
py_3cBC8TSdtiFsWUUqk8557qLW,2024-05-09 18:06:45,succeeded,1198.0,0.0,5.0,1193.0,bank_transfer,,3F4H9Y5N-0001,subscription_create,6_month,2,cus_YDQ2csVh6lcf3s,Petri Nieminen,petri.nieminen@greenpeak-partners.example,Greenpeak Partners,self_serve,it_lead,professional_services,FI,sub_1qRKMDsFOhQcNGpVtU4ODsjJ
py_3UH7V8XcuVAX5PZP6oZVdgmx,2024-05-10 16:48:11,succeeded,1198.0,0.0,5.0,1193.0,bank_transfer,,G6BHPXQQ-0001,subscription_create,6_month,2,cus_W8OBvlwRhVrXPp,Andrew Jones,andrew.jones@polarbridge-properties.example,Polarbridge Properties LLC,self_serve,it_lead,real_estate,US,sub_12qt6hSkdiAJthsXswjNqN6t
ch_3v1JjTwcAlqjnZq3RalVAA7F,2024-05-11 09:14:04,succeeded,1198.0,0.0,39.19,1158.81,card,,ZG6N32WM-0004,subscription_cycle,6_month,2,cus_WNGUw9YW7d2i80,Ryan White,ryan.white@northlink-schools.example,Northlink Schools LLC,self_serve,it_lead,education,US,sub_1cat6gLR5EEhTF3M9nMsvatR
py_3gAkEE0LhH7dz6txXqmUTw2g,2024-05-11 20:18:30,succeeded,1960.0,0.0,5.0,1955.0,bank_transfer,,ZDQ46OIJ-0001,subscription_create,12_month,2,cus_hnxzZJkkYGBWEO,Lena Neumann,lena.neumann@polarline-it-solutions.example,Polarline IT Solutions GmbH,self_serve,head_of_wireless,it_services,DE,sub_1BVPkv4W0QLqr8DZbaY78ZaK
ch_3TT7bdU2zmkdYmdSyjOZX39v,2024-05-14 07:35:00,succeeded,980.0,0.0,6.35,973.65,sepa_debit,,3CU0CH1A-0001,subscription_create,12_month,1,cus_G9YwGQACPaFxgk,Chiara Bianchi,chiara.bianchi@polarstream-wireless.example,Polarstream Wireless S.r.l.,self_serve,network_consultant,network_consulting,IT,sub_1R3d3UMT0aCTLA6yEPBExRDl
ch_3T7OylYhdLtUMGeYWuT9qNt0,2024-05-14 10:44:36,succeeded,1960.0,0.0,29.65,1930.35,card,,VWB0IBP6-0001,subscription_create,12_month,2,cus_akQ1oJ859b6Bp4,Juho Järvinen,juho.jarvinen@granitemark-wi-fi-solutions.example,Granitemark Wi-Fi Solutions Oy,self_serve,network_consultant,network_consulting,FI,sub_146rCeGSC1zayXxstaRX7Mf7
ch_34x1xUbdYHELDIz7SrZLoXOJ,2024-05-15 08:19:36,succeeded,980.0,0.0,32.1,947.9,card,,45TRLJBL-0002,subscription_cycle,12_month,1,cus_nNFleSMmP9FfdX,Tom Green,tom.green@summitgate-managed-services.example,Summitgate Managed Services LLC,self_serve,head_of_wireless,it_services,US,sub_1K9RXMLYKspvBxbyg3R1cXlm
ch_3k0A9wQY5kDKkS5oSfTxFNAw,2024-05-15 12:02:27,succeeded,1960.0,0.0,63.95,1896.05,card,,UHUBVCND-0002,subscription_cycle,12_month,2,cus_B62saVnRa3Dmju,Matt Patel,matt.patel@orbitgate-schools.example,Orbitgate Schools,self_serve,it_lead,education,US,sub_1LyMlEq0Wmrz05vn7ahgvTLs
ch_37TUWSGKbtVa4assKo9ohkpb,2024-05-15 14:15:46,failed,599.0,0.0,,,card,card_declined,MNXRSDZ9-0002,subscription_cycle,6_month,1,cus_dzUa3KtJ2mG4hO,Megan Hall,megan.hall@polarview-wi-fi-solutions.example,Polarview Wi-Fi Solutions LLC,self_serve,network_consultant,network_consulting,US,sub_15swApNcXez02FCAuwQh2gR3
ch_3XZq6t5znylFTqJ8MdLiKWVl,2024-05-15 15:18:42,succeeded,599.0,0.0,15.23,583.77,card,,YOYTRIK9-0004,subscription_cycle,6_month,1,cus_JNudpHxv4xR8gN,Nicole Mitchell,nicole.mitchell@bluegate-networks.example,Bluegate Networks Ltd,self_serve,network_consultant,network_consulting,GB,sub_1DtkOsehto9w9B3zXNh0EOCr
ch_3y3JU7NJ47oRlgCWFMyfgxWw,2024-05-15 16:48:51,succeeded,599.0,0.0,9.23,589.77,card,,5TATBGAV-0005,subscription_cycle,6_month,1,cus_PSAMNNc5lQMeeu,Anders Pedersen,anders.pedersen@greenmark-clinics.example,Greenmark Clinics AB,self_serve,it_lead,healthcare,SE,sub_1Bj6TyFvgkcN2c54GuxwPPfG
ch_3e2cZs57jc9HYkVepFm6t0aE,2024-05-16 04:09:23,succeeded,980.0,0.0,14.95,965.05,card,,3RNQXPEL-0002,subscription_cycle,12_month,1,cus_fFYw3AdYKqMnu7,Søren Johansson,soren.johansson@mailbox.example,,self_serve,network_consultant,network_consulting,NO,sub_1zlHRzUFnR4Fk4x2hqF2c5ue
ch_3rgdqRiWamTjTAhSoNwkn6wz,2024-05-16 11:05:11,succeeded,1960.0,0.0,63.95,1896.05,card,,UY5W3CD0-0001,subscription_create,12_month,2,cus_A0I2SozU1x3PqJ,Sarah White,sarah.white@blueline-managed-services.example,Blueline Managed Services LLC,self_serve,head_of_wireless,it_services,US,sub_1Ekl5sM8EptWnIBdeMULAGKf
ch_34tnQepc3MxxW4BeFE971KRL,2024-05-16 14:48:14,succeeded,1198.0,0.0,18.22,1179.78,card,,FT79CO6U-0004,subscription_cycle,6_month,2,cus_8xDFPIRaNpJ276,Sabine Hartmann,sabine.hartmann@apexmark-clinics.example,Apexmark Clinics GmbH,self_serve,it_lead,healthcare,DE,sub_1IOog7pi2KYJLoahh9957U7P
ch_3YcPo6bRDymG7wxwNVODofy3,2024-05-17 12:14:42,succeeded,980.0,0.0,6.35,973.65,sepa_debit,,Q1A7DIGX-0001,subscription_create,12_month,1,cus_GvweNkIx4OYW9P,Markus Wagner,markus.wagner@wagner-wireless-consulting.example,Wagner Wireless Consulting AG,self_serve,network_consultant,network_consulting,CH,sub_13MjSkaJcd6FGTNIXhd2IOxi
ch_3IBUMteTE9gOnhrb6RLxiC0r,2024-05-17 16:51:17,succeeded,980.0,0.0,32.1,947.9,card,,3G2DUKGW-0003,subscription_cycle,12_month,1,cus_4mX5KaD3O0j3sM,Steve Collins,steve.collins@ironport-wi-fi-solutions.example,Ironport Wi-Fi Solutions,self_serve,network_consultant,network_consulting,CA,sub_1I1EUS4q2kyPi4Ex0tegJMjU
ch_3PbnaMZKMf3wc44UYX6fAprq,2024-05-17 23:38:50,succeeded,1198.0,0.0,39.19,1158.81,card,,UWUT9PJ8-0002,subscription_cycle,6_month,2,cus_nE5kZ58JxobF5l,Robert Davis,robert.davis@inbox.example,,self_serve,network_consultant,network_consulting,US,sub_1O0egkQ77yZVDZ2q2hJfOZB7
ch_3buR88fdQjmaSQnJZGI4fdCF,2024-05-18 15:05:46,failed,599.0,0.0,,,card,card_declined,MNXRSDZ9-0002,subscription_cycle,6_month,1,cus_dzUa3KtJ2mG4hO,Megan Hall,megan.hall@polarview-wi-fi-solutions.example,Polarview Wi-Fi Solutions LLC,self_serve,network_consultant,network_consulting,US,sub_15swApNcXez02FCAuwQh2gR3
ch_3bMGWWMUVxzmjTU9kfiMEtzA,2024-05-19 13:57:35,succeeded,980.0,0.0,24.75,955.25,card,,GHJG3PEH-0003,subscription_cycle,12_month,1,cus_Va4ytcQimzwbEN,Robert White,robert.white@harborfield-schools.example,Harborfield Schools,self_serve,it_lead,education,GB,sub_1NQpJ3UMOSkdIq34LhsEr2PL
ch_3UiizGGjEEdFjyu98gZVB6Ls,2024-05-21 19:12:00,succeeded,1960.0,0.0,29.65,1930.35,card,,XBQPQ1HF-0001,subscription_create,12_month,2,cus_BslEwUKU4vU8zd,Nicolas Martin,nicolas.martin@mapleport-networks.example,Mapleport Networks SAS,self_serve,network_consultant,network_consulting,FR,sub_1udzFf0bFs1taP8atpf2a2u4
ch_3mvfHqfGIXV5G4KBBinkW4IR,2024-05-21 20:31:37,succeeded,980.0,0.0,32.1,947.9,card,,0HC0VRO2-0001,subscription_create,12_month,1,cus_Q3P8pRL2k54Jvv,Ben Murphy,ben.murphy@northview-partners.example,Northview Partners,self_serve,it_lead,professional_services,US,sub_1H2Nw8ZbrSAdn91W1J1AylmD
ch_3mj04eGTNmxoAiwVGBNHbMpu,2024-05-23 11:05:35,succeeded,599.0,0.0,19.72,579.28,card,,O4PUIQ2I-0002,subscription_cycle,6_month,1,cus_6nnqhNO3NtJMDP,John Davis,john.davis@postbox.example,,self_serve,network_consultant,network_consulting,AU,sub_1GttIBxOVj5K4oonn9oniGnl
ch_35wLTy3wkPhbu6dxSZJsmvrA,2024-05-23 13:44:27,succeeded,599.0,0.0,9.23,589.77,card,,NWK4Y756-0002,subscription_cycle,6_month,1,cus_yPe3SEpinlbtBb,Florian Zimmermann,florian.zimmermann@zimmermann-wireless-consulting.example,Zimmermann Wireless Consulting GmbH,self_serve,network_consultant,network_consulting,DE,sub_1fv8icOhJBtsXsgcFeUBURH4
ch_3rzASpoPBVk0g6AlQ5TQBs3U,2024-05-23 14:58:46,failed,599.0,0.0,,,card,card_declined,MNXRSDZ9-0002,subscription_cycle,6_month,1,cus_dzUa3KtJ2mG4hO,Megan Hall,megan.hall@polarview-wi-fi-solutions.example,Polarview Wi-Fi Solutions LLC,self_serve,network_consultant,network_consulting,US,sub_15swApNcXez02FCAuwQh2gR3
ch_3hESOYTHoGM3ywZ5URPhIfCH,2024-05-23 16:52:27,succeeded,599.0,0.0,9.23,589.77,card,,82IWTNLG-0002,subscription_cycle,6_month,1,cus_LnC2FnvRVXZun7,Erik Karlsson,erik.karlsson@vertexcore-rf-consulting.example,Vertexcore RF Consulting AB,self_serve,network_consultant,network_consulting,SE,sub_1W6O9TkIYEGCviTv1H4A5ZIK
py_3w9GWd5cAD0a92ceDzqPPfEx,2024-05-26 09:03:56,succeeded,1960.0,0.0,5.0,1955.0,bank_transfer,,8C8J1OQ5-0002,subscription_cycle,12_month,2,cus_Zeyx7MJHzfG8k5,Joost Peeters,joost.peeters@crestport-communications.example,Crestport Communications,self_serve,head_of_wireless,telecom,NL,sub_1NjOBQLWv7RWgRsFrRINpPDv
ch_3Jk5BNwSowpXNEAz1UDB5pvr,2024-05-27 23:25:28,succeeded,1797.0,0.0,27.21,1769.79,card,,TJN1VSSE-0001,subscription_create,6_month,3,cus_9VwL0SnJlM3eVJ,David Sánchez,david.sanchez@silvergate-industries.example,Silvergate Industries S.L.,self_serve,it_lead,manufacturing,ES,sub_1zt1krzx9hjtI0KayMeOfy1H
py_3kPyDDbftzD3YmNGIQwakXS9,2024-05-29 16:38:01,succeeded,1198.0,0.0,5.0,1193.0,bank_transfer,,RL1U0AMD-0001,subscription_create,6_month,2,cus_tmfo2DOKPpEe7e,Ryan White,ryan.white@clearbridge-schools.example,Clearbridge Schools LLC,self_serve,it_lead,education,US,sub_19dCnD5t6c1tKhKMEnqadpR3
ch_3eGpqhEQCRgypEK84QsvcXwv,2024-06-01 05:59:27,succeeded,599.0,0.0,19.72,579.28,card,,O12NEE00-0003,subscription_cycle,6_month,1,cus_woJFI2bBTO1vDb,Laura Carter,laura.carter@alpinelink-networks.example,Alpinelink Networks,self_serve,network_consultant,network_consulting,CA,sub_1riorQ7lqCwsCLddaq8wrl5U
ch_3D4XIubypXVcfqgqjjtef8or,2024-06-04 09:36:54,succeeded,2940.0,0.0,44.35,2895.65,card,,2UGGQ5SQ-0001,subscription_create,12_month,3,cus_4L1aw43P7JWXFS,Bas van den Berg,bas.vandenberg@apexline-foods.example,Apexline Foods BV,self_serve,it_lead,food_beverage,BE,sub_1ZIVj3NzJSLRTKuNKBL5eBTG
ch_37zzeuB5poh6fZgiRqOCUi4Q,2024-06-04 10:39:08,failed,2940.0,0.0,,,card,expired_card,R7VI0EF8-0002,subscription_cycle,12_month,3,cus_0ZK7djkGPu7fQp,Thomas Braun,thomas.braun@signalbridge-wireless.example,Signalbridge Wireless AG,self_serve,network_consultant,network_consulting,CH,sub_1GHozqUPsQVlQBEC4XXGcdrb
ch_3LwHNUUiz5QaM2Uqxrtrt3FQ,2024-06-05 08:43:28,succeeded,980.0,0.0,32.1,947.9,card,,6KXT9OAG-0002,subscription_cycle,12_month,1,cus_0SWkebNmfiXgla,Josh Hall,josh.hall@hall-wireless-consulting.example,Hall Wireless Consulting LLC,self_serve,network_consultant,network_consulting,US,sub_1NHmtBmaCbd0iGY5YnE9NVrp
ch_3qgMAE6TiokAm3vI2l2PdGdJ,2024-06-06 08:24:33,succeeded,599.0,0.0,19.72,579.28,card,,0M8S8R8M-0001,subscription_create,6_month,1,cus_VlESEbhwSehzu2,Jessica Young,jessica.young@mailbox.example,,self_serve,network_consultant,network_consulting,CA,sub_1bWxXyPgkhkh9XEyvjwCEWIA
ch_3FkUycpAWb7qr050hZOW9GPa,2024-06-06 08:32:10,succeeded,980.0,0.0,32.1,947.9,card,,JT4QMA3C-0002,subscription_cycle,12_month,1,cus_A7C37YpvEvQiM6,John Moore,john.moore@orbitpoint-partners.example,Orbitpoint Partners LLC,self_serve,it_lead,professional_services,US,sub_1Y0nOS0tx0K3hZ7E0uskxKFw
ch_3mnMi5HfnGa4BX8UAeQiHJ9C,2024-06-06 15:26:37,succeeded,980.0,0.0,14.95,965.05,card,,1164O915-0002,subscription_cycle,12_month,1,cus_q6C1o6iR8KN1hb,Camille Lambert,camille.lambert@aurorabridge-telecom.example,Aurorabridge Telecom,self_serve,head_of_wireless,telecom,FR,sub_1yTPy8o1xufNeRzBQV3sdZFM
ch_3YewbJncDblqEPMZ8IfPQOL7,2024-06-06 19:15:27,succeeded,980.0,0.0,32.1,947.9,card,,JITA84UW-0004,subscription_cycle,12_month,1,cus_1e8ssIYt6if1np,Carlos Patel,carlos.patel@deltamark-rf-consulting.example,Deltamark RF Consulting LLC,self_serve,network_consultant,network_consulting,US,sub_1KvSSMVlFmDguHvcS1dfbEmA
ch_3QG2fLlGO0Cbv367rvzTRM8x,2024-06-07 07:06:05,failed,980.0,0.0,,,card,card_declined,CCF9ZIJF-0002,subscription_cycle,12_month,1,cus_FNXsCrrNrTdwtK,Jessica Young,jessica.young@harborwave-wireless.example,Harborwave Wireless LLC,self_serve,network_consultant,network_consulting,US,sub_14Xh9joepNsXDHI7DRpDEcAx
ch_34nKgFGpZsYxCFY1QXYgh9KK,2024-06-07 11:45:08,succeeded,2940.0,0.0,95.8,2844.2,card,,R7VI0EF8-0002,subscription_cycle,12_month,3,cus_0ZK7djkGPu7fQp,Thomas Braun,thomas.braun@signalbridge-wireless.example,Signalbridge Wireless AG,self_serve,network_consultant,network_consulting,CH,sub_1GHozqUPsQVlQBEC4XXGcdrb
ch_3etvP88kDQCRf4zzUB4b6lmr,2024-06-07 11:57:44,succeeded,980.0,0.0,14.95,965.05,card,,YBFDB4IU-0003,subscription_cycle,12_month,1,cus_aA17Q7Qi0lU6SJ,Magnus Olsen,magnus.olsen@ironcore-media.example,Ironcore Media,self_serve,it_lead,media,NO,sub_1cUQV6hn1LOF8s4SHT4tMBB0
ch_3fFeDUQ8KH7noZnJNyuzMyvA,2024-06-07 12:45:03,succeeded,980.0,0.0,32.1,947.9,card,,UCW7C2VY-0001,subscription_create,12_month,1,cus_P1MwTGDoZgQAbS,James Thompson,james.thompson@apexfield-media.example,Apexfield Media,self_serve,it_lead,media,US,sub_1wSzRAHyg59jNiRRgPyqwEyj
ch_3pP7IG0odJYJp2gbmhQC6roS,2024-06-10 08:01:05,failed,980.0,0.0,,,card,card_declined,CCF9ZIJF-0002,subscription_cycle,12_month,1,cus_FNXsCrrNrTdwtK,Jessica Young,jessica.young@harborwave-wireless.example,Harborwave Wireless LLC,self_serve,network_consultant,network_consulting,US,sub_14Xh9joepNsXDHI7DRpDEcAx
ch_3MzYg6vym5VmvKDu93A41fJG,2024-06-12 11:31:11,succeeded,980.0,0.0,14.95,965.05,card,,8KDGI6AO-0003,subscription_cycle,12_month,1,cus_fnfxOLbnVx0O4C,Ola Madsen,ola.madsen@signalbridge-rf-consulting.example,Signalbridge RF Consulting ApS,self_serve,network_consultant,network_consulting,DK,sub_144l6vk7sJTGer37DbEYS1ss
ch_3SP2NojTYVV4P92FFPKAq0eq,2024-06-12 12:02:22,succeeded,1797.0,0.0,58.65,1738.35,card,,ZR0GV48O-0003,subscription_cycle,6_month,3,cus_cPdPcr6hYVLsv3,David Wright,david.wright@novawave-logistics.example,Novawave Logistics LLC,self_serve,it_lead,logistics,US,sub_10kkjsrlJ83uf3GqkdC1N1in
ch_3C1oLmZldKb7DsNKZaiu4470,2024-06-13 17:18:32,succeeded,980.0,0.0,32.1,947.9,card,,RR5VIZ6H-0001,subscription_create,12_month,1,cus_2M1lNUBLt25Ua6,David Wright,david.wright@novalink-rf-consulting.example,Novalink RF Consulting LLC,self_serve,network_consultant,network_consulting,US,sub_1ZOzivxOlWSXy4d9smTSWEER
ch_3B0ztxgDZCj3BqvPfeveRYr7,2024-06-14 08:49:04,succeeded,599.0,0.0,9.23,589.77,card,,M4XECZ7K-0001,subscription_create,6_month,1,cus_MNjJniePNmknBT,Henrik Andersson,henrik.andersson@cedarpath-schools.example,Cedarpath Schools,self_serve,it_lead,education,DK,sub_1XurLpU4d1XOdAzbOuYChwhH
ch_3kcfvCsEIS1dTj5FN1TpH7o0,2024-06-14 15:49:15,succeeded,599.0,0.0,9.23,589.77,card,,DTDDEFCE-0002,subscription_cycle,6_month,1,cus_rgQ0JTeHBvEsFA,Kari Lehtonen,kari.lehtonen@deltagate-logistics.example,Deltagate Logistics,self_serve,it_lead,logistics,FI,sub_1ilfoQ5uQ428mxCaEGYpR6Te
ch_3gIWad7CvE0iixro8wo9gsze,2024-06-15 07:48:05,failed,980.0,0.0,,,card,card_declined,CCF9ZIJF-0002,subscription_cycle,12_month,1,cus_FNXsCrrNrTdwtK,Jessica Young,jessica.young@harborwave-wireless.example,Harborwave Wireless LLC,self_serve,network_consultant,network_consulting,US,sub_14Xh9joepNsXDHI7DRpDEcAx
ch_3jQ7u58m7spjz2NJY5r9Jpee,2024-06-15 08:11:27,succeeded,980.0,0.0,14.95,965.05,card,,Q7MQ3TQJ-0002,subscription_cycle,12_month,1,cus_C6dbozI9p6CbDJ,Matteo Ferrari,matteo.ferrari@nordicfield-wireless.example,Nordicfield Wireless S.r.l.,self_serve,network_consultant,network_consulting,IT,sub_19ldzhqjcfh9YhSTCq0WMJ8z
ch_3xLtRQ6zGpemSF7XYeTVZ3P1,2024-06-15 08:39:27,failed,599.0,0.0,,,card,card_declined,340651VQ-0002,subscription_cycle,6_month,1,cus_b6fEJOZnUEBowd,Jason Moore,jason.moore@clearcore-rf-consulting.example,Clearcore RF Consulting,self_serve,network_consultant,network_consulting,US,sub_1fCoJyi5cBWrxBWmCvmiVFzJ
ch_3OWUieE6d5St3aOeiGkfnsgK,2024-06-16 07:20:47,succeeded,1960.0,0.0,63.95,1896.05,card,,AU1E5TEC-0002,subscription_cycle,12_month,2,cus_qyujwRqBOyqScJ,Brian Kim,brian.kim@mailbox.example,,self_serve,network_consultant,network_consulting,CA,sub_1wXqrzuTHxJWYABxfuDVpRRJ
ch_31Hf1HREm6tMUGml9qMqBnxJ,2024-06-17 15:49:01,succeeded,980.0,0.0,24.75,955.25,card,,DD9A3K1H-0001,subscription_create,12_month,1,cus_7XcLrz6r69LBKD,Megan Harris,megan.harris@vertexgate-logistics.example,Vertexgate Logistics Ltd,self_serve,it_lead,logistics,GB,sub_1V0b4O6c80lI7UJDuf9qFjch
ch_3TTTyCSWANeq4Fg5PMCZXyOI,2024-06-18 05:31:03,succeeded,980.0,0.0,14.95,965.05,card,,IAZ220OZ-0001,subscription_create,12_month,1,cus_u4kXcajwxvhsX0,Lotte Jansen,lotte.jansen@nordicpeak-media.example,Nordicpeak Media,self_serve,it_lead,media,NL,sub_141cDucQy21rHzSb6b3yLDj5
ch_3eTYUSTL9Ga8eAdsYUR5I0YC,2024-06-18 08:54:27,failed,599.0,0.0,,,card,card_declined,340651VQ-0002,subscription_cycle,6_month,1,cus_b6fEJOZnUEBowd,Jason Moore,jason.moore@clearcore-rf-consulting.example,Clearcore RF Consulting,self_serve,network_consultant,network_consulting,US,sub_1fCoJyi5cBWrxBWmCvmiVFzJ
ch_3hpFvmYLCIM0PCrST6jvmEQ8,2024-06-18 14:56:47,succeeded,980.0,0.0,14.95,965.05,card,,0O3YCHIU-0001,subscription_create,12_month,1,cus_EcJtS5C6O6POUW,Lauri Turunen,lauri.turunen@harborworks-technology-group.example,Harborworks Technology Group Oy,self_serve,head_of_wireless,it_services,FI,sub_1jzmHcW7Kb1nCeeXH8GaD0Xg
ch_3eexX249WGE7umrZD3uCHMCT,2024-06-19 05:49:18,succeeded,980.0,0.0,32.1,947.9,card,,UPDHUNPW-0001,subscription_create,12_month,1,cus_REJQMgB96hqnEn,Eric Parker,eric.parker@parker-wireless-consulting.example,Parker Wireless Consulting LLC,self_serve,network_consultant,network_consulting,US,sub_12OPnwQTswoMwM7ahGTGwOiB
ch_3DmYZH6BqMds4lhSPMrqDZpF,2024-06-20 11:31:00,succeeded,2940.0,0.0,95.8,2844.2,card,,1B4QLRMY-0001,subscription_create,12_month,3,cus_WxWQ2kmxkYhdyn,Megan Murphy,megan.murphy@blueline-it-solutions.example,Blueline IT Solutions Inc.,self_serve,head_of_wireless,it_services,CA,sub_1B8rLyrBBfgUIGA8pDorf4c0
ch_3Zs9wPk4o3TqJtAlvantpoK2,2024-06-21 21:36:05,failed,1797.0,0.0,,,card,expired_card,PLR98VFU-0005,subscription_cycle,6_month,3,cus_egBrhew2arJAqI,Andrew Martin,andrew.martin@vertexbridge-partners.example,Vertexbridge Partners,self_serve,it_lead,professional_services,NZ,sub_1LtJ0ndgPB3cwgLFjRvSm7Dl
ch_3dhJhCBbwvZJDFUk75NjtNWz,2024-06-23 08:55:27,failed,599.0,0.0,,,card,card_declined,340651VQ-0002,subscription_cycle,6_month,1,cus_b6fEJOZnUEBowd,Jason Moore,jason.moore@clearcore-rf-consulting.example,Clearcore RF Consulting,self_serve,network_consultant,network_consulting,US,sub_1fCoJyi5cBWrxBWmCvmiVFzJ
py_37No5bgK0dNeQuQ8ovL2tyKg,2024-06-23 10:24:00,succeeded,2995.0,0.0,5.0,2990.0,bank_transfer,,3GIFFFQJ-0004,subscription_cycle,6_month,5,cus_KOsP1XEHyqqJUD,Uwe Krüger,uwe.kruger@westline-systems-integration.example,Westline Systems Integration,self_serve,head_of_wireless,it_services,DE,sub_1MTh8sP8KSNPwszEOZTRd0lv
py_3GOEJrcegz1ljh2m2u3uIbGV,2024-06-23 14:36:05,succeeded,1198.0,0.0,5.0,1193.0,bank_transfer,,FAU3RV4Y-0001,subscription_create,6_month,2,cus_5DBNpEQ1CzIUwD,Andrea Bianchi,andrea.bianchi@silverfield-warehousing.example,Silverfield Warehousing S.r.l.,self_serve,it_lead,logistics,IT,sub_1U8Z6Fh843I7Ugtt3Hi4jplu
ch_3jgVR7wboeKBhFfGHpC8ixAJ,2024-06-24 16:45:53,succeeded,1960.0,0.0,29.65,1930.35,card,,BRQT7RTW-0001,subscription_create,12_month,2,cus_4ITtCTqX9h7Qmc,Tobias Koch,tobias.koch@balticworks-warehousing.example,Balticworks Warehousing,self_serve,it_lead,logistics,DE,sub_16pu7rBL8Fpkhqb8QEljxLpo
ch_3bHcdtmGspEjo8ZtNa3w1Kud,2024-06-24 22:59:05,failed,1797.0,0.0,,,card,expired_card,PLR98VFU-0005,subscription_cycle,6_month,3,cus_egBrhew2arJAqI,Andrew Martin,andrew.martin@vertexbridge-partners.example,Vertexbridge Partners,self_serve,it_lead,professional_services,NZ,sub_1LtJ0ndgPB3cwgLFjRvSm7Dl
ch_3wwy0E6uVSNxMriP5FO9ej0K,2024-06-26 08:04:27,succeeded,599.0,0.0,9.23,589.77,card,,EN9L6HN9-0005,subscription_cycle,6_month,1,cus_uaIM5yUmzkfOj7,Anders Holm,anders.holm@holm-wireless-consulting.example,Holm Wireless Consulting,self_serve,network_consultant,network_consulting,NO,sub_1fDMI5neTUoUbKCe0NOrIt7s
ch_34aOjxi5TmrQi1Ae1GIHjat4,2024-06-26 13:56:57,succeeded,980.0,0.0,32.1,947.9,card,,36L0GIIS-0001,subscription_create,12_month,1,cus_exAvYfTWrXOSN2,Paul Clark,paul.clark@balticcore-it-solutions.example,Balticcore IT Solutions LLC,self_serve,head_of_wireless,it_services,US,sub_1gca9w7zwIcdjYrH5JrdT6nL
ch_32aVtr4WFu0m0Mv60F3pKbOz,2024-06-26 14:16:08,failed,599.0,0.0,,,card,card_declined,POHNTPW4-0001,subscription_create,6_month,1,cus_Ze6lEYBbq49Ude,Josh Hall,josh.hall@hall-network-services.example,Hall Network Services LLC,self_serve,network_consultant,network_consulting,US,sub_1F8WeaqCU9PM5XVUuscIC0Nk
ch_3zPLPCUuw3R2usbQf1el8s9R,2024-06-26 14:19:35,succeeded,599.0,0.0,19.72,579.28,card,,POHNTPW4-0001,subscription_create,6_month,1,cus_Ze6lEYBbq49Ude,Josh Hall,josh.hall@hall-network-services.example,Hall Network Services LLC,self_serve,network_consultant,network_consulting,US,sub_1F8WeaqCU9PM5XVUuscIC0Nk
ch_3fI5HpCR4nEtQwASgMWRpZL0,2024-06-27 14:52:03,succeeded,980.0,0.0,32.1,947.9,card,,PJYBA6LC-0001,subscription_create,12_month,1,cus_ZFOXZHG7XcWf0h,Sarah Collins,sarah.collins@vertexlink-networks.example,Vertexlink Networks,self_serve,network_consultant,network_consulting,US,sub_1xyHWjB4Zwfdp8yNLzGN6HTV
ch_3D8xOeB50SeaTAsMWQG1WZLf,2024-06-27 15:56:22,succeeded,980.0,0.0,6.35,973.65,sepa_debit,,CWVP79PW-0001,subscription_create,12_month,1,cus_HFKhendynLFl16,Camille Lambert,camille.lambert@deltalink-rf-consulting.example,Deltalink RF Consulting SAS,self_serve,network_consultant,network_consulting,FR,sub_1TRRk6Nxxt9QmVhPLhw8FrMs
ch_3Q9RAhJY2IQf7aIN9btl23YN,2024-06-27 17:41:08,succeeded,599.0,0.0,9.23,589.77,card,,IOHNI6PZ-0001,subscription_create,6_month,1,cus_2Xl6QWYOLNlKCL,Antoine Bonnet,antoine.bonnet@apexpoint-networks.example,Apexpoint Networks SAS,self_serve,network_consultant,network_consulting,FR,sub_1BOFzW0LYlPNkclErSd1VNbA
ch_3wXtpQg07VJQcGLkoNxaiNfc,2024-06-27 21:59:58,succeeded,980.0,0.0,14.95,965.05,card,,6PSDUHMC-0002,subscription_cycle,12_month,1,cus_0ZMn5COuAvReGm,Pierre Bernard,pierre.bernard@alpinemark-networks.example,Alpinemark Networks SAS,self_serve,network_consultant,network_consulting,FR,sub_1cvia2GUjI7mhEruv85Tpg5y
ch_3YlX1EqpSTIQ12OnhYf3Lss2,2024-06-28 12:53:41,succeeded,1198.0,0.0,18.22,1179.78,card,,ZJ505710-0001,subscription_create,6_month,2,cus_FrqXimC1lrAjPF,Stefan Richter,stefan.richter@signalpeak-hotels.example,Signalpeak Hotels,self_serve,it_lead,hospitality,AT,sub_179ZimAewBQjv5JKaCFmURvR
ch_3gHtKpeqdAr9h5llxDJv4dw5,2024-06-28 15:30:39,succeeded,2940.0,0.0,44.35,2895.65,card,,LCS2F46P-0001,subscription_create,12_month,3,cus_95qA5JKVmHRpCD,Nils Dahl,nils.dahl@dahl-wireless-consulting.example,Dahl Wireless Consulting AB,self_serve,network_consultant,network_consulting,SE,sub_1tMroj5urUF0gxkpzeBFuvAA
ch_3iXy5PytUXtylJaQeSA9bgYa,2024-06-29 03:38:21,succeeded,1960.0,0.0,29.65,1930.35,card,,K9F5P927-0002,subscription_cycle,12_month,2,cus_2LO7RTqnZGBnrB,Lauri Virtanen,lauri.virtanen@signalpoint-rf-consulting.example,Signalpoint RF Consulting,self_serve,network_consultant,network_consulting,FI,sub_1Oaa3fuuqUPvkZX78rdzpCXc
ch_3TqglF60DYvBMJDHded24xsF,2024-06-29 23:04:05,failed,1797.0,0.0,,,card,expired_card,PLR98VFU-0005,subscription_cycle,6_month,3,cus_egBrhew2arJAqI,Andrew Martin,andrew.martin@vertexbridge-partners.example,Vertexbridge Partners,self_serve,it_lead,professional_services,NZ,sub_1LtJ0ndgPB3cwgLFjRvSm7Dl
ch_3VMGJKQ0jxrHIqMfT2wFBEIO,2024-07-01 14:42:21,succeeded,599.0,0.0,19.72,579.28,card,,JVVAGGNU-0002,subscription_cycle,6_month,1,cus_Cke1CGofFLiNZm,Rachel Lewis,rachel.lewis@graniteport-rf-consulting.example,Graniteport RF Consulting LLC,self_serve,network_consultant,network_consulting,US,sub_17admXxxxN3z7dai3U9qUIZB
ch_3x74pXCGtF59LDMXHf8aFOAH,2024-07-01 14:59:07,succeeded,1960.0,0.0,63.95,1896.05,card,,CQ80XYOU-0001,subscription_create,12_month,2,cus_yUIBwTxDzkOq6l,Eric Phillips,eric.phillips@pinestream-properties.example,Pinestream Properties,self_serve,it_lead,real_estate,US,sub_1bykG1GHJ1VDftogleGAPouf
ch_3Xh4pdTpA7zDjdguOuWUyDnd,2024-07-01 21:39:20,succeeded,599.0,0.0,9.23,589.77,card,,7XYIA4UV-0001,subscription_create,6_month,1,cus_qdm843aZTPlZ4b,Timo Virtanen,timo.virtanen@balticlink-retail-group.example,Balticlink Retail Group Oy,self_serve,it_lead,retail,FI,sub_1xwLFDGSnC6ZQ8EnO8iwSgBK
ch_33TVwdKS6ga86TX3KEZTOrG0,2024-07-02 15:19:03,succeeded,1960.0,0.0,29.65,1930.35,card,,Q3CFLDHO-0001,subscription_create,12_month,2,cus_qw8L5FbTmAnmqJ,Sanne de Vries,sanne.devries@ironlink-industries.example,Ironlink Industries B.V.,self_serve,it_lead,manufacturing,NL,sub_1GMaxcbsbjLKfOlSo1uZPg0Q
ch_3Se7w8SMjX2lX2I0HTa4DcId,2024-07-04 16:11:27,succeeded,980.0,0.0,14.95,965.05,card,,3JIVA8CJ-0002,subscription_cycle,12_month,1,cus_mFyGD5Hk3uSY2W,Florian Krüger,florian.kruger@alpinelink-foods.example,Alpinelink Foods GmbH,self_serve,it_lead,food_beverage,DE,sub_1yvKUBkw6yBpKNkX60hu2LRF
py_36ZjgBf9bmR0NHmbEsN1OxmV,2024-07-05 17:09:07,succeeded,1198.0,0.0,5.0,1193.0,bank_transfer,,VQUH48MI-0001,subscription_create,6_month,2,cus_62kXi7NRABVmQR,Nicole Mitchell,nicole.mitchell@apexworks-partners.example,Apexworks Partners,self_serve,it_lead,professional_services,US,sub_11Dn1JMQ3QVjLm9zpYgRMmzF
ch_3siyzGFBejwWv9BdrYu6p5rm,2024-07-06 09:40:41,failed,980.0,0.0,,,card,card_declined,F2TQ24JN-0003,subscription_cycle,12_month,1,cus_3acmQMUVrGOzx9,Ville Korhonen,ville.korhonen@balticcore-wi-fi-solutions.example,Balticcore Wi-Fi Solutions Oy,self_serve,network_consultant,network_consulting,FI,sub_1rAQUPaD1NzgoRgp4BEtJRnh
ch_3xyxb04BIETCKQ4KCrLQiD1H,2024-07-06 18:31:12,succeeded,599.0,0.0,19.72,579.28,card,,7K2LWH06-0001,subscription_create,6_month,1,cus_uYyaSLAXEmc67n,Mark Parker,mark.parker@auroralink-warehousing.example,Auroralink Warehousing,self_serve,it_lead,logistics,US,sub_1tGA1H7jCatgfPfqOGXRHVli
ch_337SB8FzHsW1nq7c1SXVTuOs,2024-07-07 14:26:51,succeeded,599.0,0.0,5.14,593.86,sepa_debit,,OA330N19-0003,subscription_cycle,6_month,1,cus_CPm7KWElG7IU54,Ville Lehtonen,ville.lehtonen@westcore-wi-fi-solutions.example,Westcore Wi-Fi Solutions Oy,self_serve,network_consultant,network_consulting,FI,sub_1ozHJ9AlIiEGBlecPnDJJats
ch_38E7NlXM8vKt3A1ID28RT6in,2024-07-09 10:56:41,failed,980.0,0.0,,,card,card_declined,F2TQ24JN-0003,subscription_cycle,12_month,1,cus_3acmQMUVrGOzx9,Ville Korhonen,ville.korhonen@balticcore-wi-fi-solutions.example,Balticcore Wi-Fi Solutions Oy,self_serve,network_consultant,network_consulting,FI,sub_1rAQUPaD1NzgoRgp4BEtJRnh
ch_30Ajq0SUiN6wfUiL2bXcvLoh,2024-07-11 14:18:15,succeeded,980.0,0.0,32.1,947.9,card,,NF46JGNX-0001,subscription_create,12_month,1,cus_m1TTeddE2cxtk4,Raj Lewis,raj.lewis@clearwave-systems-integration.example,Clearwave Systems Integration LLC,self_serve,head_of_wireless,it_services,US,sub_1IdG2nsgM3ctmyUg9CR8E61R
ch_3gkUcbE0ykKnxzBTJO3AqO8S,2024-07-13 15:20:26,succeeded,2940.0,0.0,95.8,2844.2,card,,6N66FR0R-0002,subscription_cycle,12_month,3,cus_E4bTB3oUPwl7Jp,Rachel Baker,rachel.baker@harborview-wireless-engineering.example,Harborview Wireless Engineering,self_serve,head_of_wireless,network_consulting,US,sub_1DGHQhC5glIg1b416R2DJsg8
ch_3jBeinxwtPwlpFrjOgACcShE,2024-07-14 09:41:41,succeeded,980.0,0.0,14.95,965.05,card,,F2TQ24JN-0003,subscription_cycle,12_month,1,cus_3acmQMUVrGOzx9,Ville Korhonen,ville.korhonen@balticcore-wi-fi-solutions.example,Balticcore Wi-Fi Solutions Oy,self_serve,network_consultant,network_consulting,FI,sub_1rAQUPaD1NzgoRgp4BEtJRnh
ch_3ei2BQcUyTNerg1WPJ1L9QdQ,2024-07-17 09:46:00,succeeded,599.0,0.0,5.14,593.86,sepa_debit,,V0ZZQ45C-0004,subscription_cycle,6_month,1,cus_3co8IZALw07t8V,Marko Järvinen,marko.jarvinen@greengate-it-solutions.example,Greengate IT Solutions,self_serve,head_of_wireless,it_services,FI,sub_1p7QUjGcufpSjsGeeMBS6H8s
ch_3zGc1HoWDUPpXJGlVGbEfwX0,2024-07-19 12:13:38,succeeded,4900.0,0.0,159.5,4740.5,card,,MN3NLA92-0001,subscription_create,12_month,5,cus_GFZTdvkqB27498,Jessica Kim,jessica.kim@northworks-telecom.example,Northworks Telecom,self_serve,head_of_wireless,telecom,US,sub_1iguql9n6m8Dz9ByLMX520Ic
ch_3Y3sae18yWejaPxFWegvlT5A,2024-07-21 11:03:05,succeeded,2940.0,0.0,95.8,2844.2,card,,XM0VKG82-0002,subscription_cycle,12_month,3,cus_3xqmKLdV3v4WlR,Matt Nguyen,matt.nguyen@summitgate-media.example,Summitgate Media LLC,self_serve,it_lead,media,US,sub_1ZKn7ixTUdd0mDE8x9BsYRsw
ch_3UOdzAa19V512O5fNwkt5zcA,2024-07-22 14:39:19,succeeded,599.0,0.0,9.23,589.77,card,,KRVB5QUD-0001,subscription_create,6_month,1,cus_mGyLCB6c1sQMtW,Femke Meijer,femke.meijer@bluepeak-clinics.example,Bluepeak Clinics,self_serve,it_lead,healthcare,NL,sub_1XGN9Me0eOcZWkHlIBH2309C
py_3ramgfCnpS0MXB7knhvXBJpm,2024-07-22 15:44:59,succeeded,124000.0,0.0,5.0,123995.0,bank_transfer,,VRMCJ2S1-0001,subscription_create,enterprise,1,cus_xmEwXprgCr3QJX,Costa Lucera Hotels & Resorts,accounts.payable@costa-lucera-hotels--resorts.example,Costa Lucera Hotels & Resorts,enterprise,,hospitality,ES,sub_15DQ0SuPKwZT7PcCDQHe9caa
ch_3Gyxvynw8bMSCFNO67isSj0j,2024-07-23 10:19:56,succeeded,599.0,0.0,19.72,579.28,card,,SSOIFJGI-0001,subscription_create,6_month,1,cus_xdHICIgySSb0Eh,Laura Lee,laura.lee@ironworks-managed-services.example,Ironworks Managed Services LLC,self_serve,head_of_wireless,it_services,US,sub_1xqmLuoTCvShCaskkpH6T2OX
ch_32o6AdHH1d9bFbQ4QH8n6NUM,2024-07-24 15:23:17,succeeded,599.0,0.0,19.72,579.28,card,,UDTNBLFK-0001,subscription_create,6_month,1,cus_EVSw6LJcxiJH62,Amanda Davis,amanda.davis@blueport-rf-consulting.example,Blueport RF Consulting LLC,self_serve,network_consultant,network_consulting,US,sub_1D1Pjov4vC6zJlH72gVMMs01
ch_3V4SQwIDbRYStiHG7oWZNvIH,2024-07-26 10:24:58,succeeded,980.0,0.0,14.95,965.05,card,,MDUMU9PX-0001,subscription_create,12_month,1,cus_ovYYIJzU5xLnNU,Sanne Hendriks,sanne.hendriks@hendriks-wireless-consulting.example,Hendriks Wireless Consulting,self_serve,network_consultant,network_consulting,NL,sub_1YRbef6AG21Y2hiZKKmjLx7L
ch_3ZLP1DNaBrUoG5Loz6C0zz9f,2024-07-26 12:35:25,succeeded,599.0,0.0,9.23,589.77,card,,H0KUQ8OH-0001,subscription_create,6_month,1,cus_EANcUjbQRM9GAE,David Navarro,david.navarro@vertexwave-it-solutions.example,Vertexwave IT Solutions,self_serve,head_of_wireless,it_services,ES,sub_1tGrjLCuwLw4urmlzk5NVMZM
ch_3nNdDtMUC9h7k4LewNNR76z7,2024-07-30 08:07:37,succeeded,599.0,0.0,9.23,589.77,card,,CRLKWIFE-0002,subscription_cycle,6_month,1,cus_RxZU2e0jlgyZCN,Anna Salminen,anna.salminen@auroragate-systems-integration.example,Auroragate Systems Integration Oy,self_serve,head_of_wireless,it_services,FI,sub_1jOrFqiuBW6tvbfj0Ksk7STH
ch_3jwrFObJYVtj81U4CepiNOS6,2024-07-30 10:33:49,succeeded,599.0,0.0,19.72,579.28,card,,27HBH18E-0002,subscription_cycle,6_month,1,cus_kSSc6FlbdjNYr6,Josh Collins,josh.collins@greengate-industries.example,Greengate Industries,self_serve,it_lead,manufacturing,AU,sub_1hGn4jOOudSP87QB5iAOoe5r
ch_3V8vEkgZsOdIg2j5tigSz7VY,2024-07-30 15:39:55,succeeded,980.0,0.0,32.1,947.9,card,,21XXH4DG-0003,subscription_cycle,12_month,1,cus_GnyrlhcWB7ZkYO,Wei Brown,wei.brown@brown-wireless-consulting.example,Brown Wireless Consulting LLC,self_serve,network_consultant,network_consulting,US,sub_18hD0Ngf0DlncAI80cgQHEpP
ch_3cS3LXUO6KnkK7z7hQVHLTzb,2024-07-31 06:12:38,succeeded,980.0,0.0,32.1,947.9,card,,DTVORZUC-0001,subscription_create,12_month,1,cus_VlW6r2pk44Izbs,Steve Edwards,steve.edwards@edwards-network-services.example,Edwards Network Services,self_serve,network_consultant,network_consulting,US,sub_17C5pW70RmwbigzLzX28xhjp
ch_3RuJnu5svLSyCIdYRci1wJyR,2024-07-31 17:30:14,succeeded,1960.0,0.0,49.25,1910.75,card,,J7M9AS6D-0002,subscription_cycle,12_month,2,cus_bIjPO7C99sqQh8,Andrew Davis,andrew.davis@balticmark-it-solutions.example,Balticmark IT Solutions Ltd,self_serve,head_of_wireless,it_services,GB,sub_1pF7U9VJs4Fsx72Mu0hjk0Ie
ch_3QsoEgwmYgCHZYgOSr2EtgOj,2024-08-01 09:17:41,succeeded,980.0,0.0,6.35,973.65,sepa_debit,,3WVBUTV4-0001,subscription_create,12_month,1,cus_Whev082215HQXy,Dirk Fischer,dirk.fischer@fischer-wireless-consulting.example,Fischer Wireless Consulting GmbH,self_serve,network_consultant,network_consulting,DE,sub_1XCuwicaRl9DskpJ8wsaTNME
ch_3vGfSvPsJMAFU2nHYuLtBW1F,2024-08-01 11:42:15,succeeded,599.0,0.0,9.23,589.77,card,,C4F02U3T-0001,subscription_create,6_month,1,cus_2nBS5Aury8bJfL,Thomas Meyer,thomas.meyer@brightgate-rf-consulting.example,Brightgate RF Consulting GmbH,self_serve,network_consultant,network_consulting,DE,sub_1wAFpdmljXX5K7jfW1gMWjz3
ch_3jKstSaolYDYAM1v0LIHNNON,2024-08-06 17:20:05,succeeded,1960.0,0.0,63.95,1896.05,card,,C608QQ1H-0003,subscription_cycle,12_month,2,cus_L2sH6qkoekeHoG,Laura Taylor,laura.taylor@deltapoint-managed-services.example,Deltapoint Managed Services LLC,self_serve,head_of_wireless,it_services,US,sub_1cpcdauZvUIhDLW4fWaElqO4
ch_3lWg5K5JoLtSZ5nx4pwHJQM4,2024-08-07 11:05:00,succeeded,1960.0,0.0,63.95,1896.05,card,,IOARMF22-0003,subscription_cycle,12_month,2,cus_WiHDArKdqbaBvu,David Nelson,david.nelson@nelson-wireless-consulting.example,Nelson Wireless Consulting,self_serve,network_consultant,network_consulting,US,sub_1aIxnp3hoWSbV4v1kVRyyKBv
ch_3qSdvRWBOYzUmJ0tlXNWQjqu,2024-08-07 17:10:31,succeeded,980.0,0.0,32.1,947.9,card,,FS8KZ7FJ-0002,subscription_cycle,12_month,1,cus_dZR4O30jpfFsb7,Megan Clark,megan.clark@orbitline-schools.example,Orbitline Schools Inc.,self_serve,it_lead,education,CA,sub_15vDb7oStciZ8wR2iIoLfZ8n
ch_3EH9pYYj5ddGY6RWryihHg2P,2024-08-08 20:56:31,succeeded,980.0,0.0,14.95,965.05,card,,57473WKI-0001,subscription_create,12_month,1,cus_jlgVTCGbLa2KQQ,Mikkel Olsen,mikkel.olsen@novawave-retail-group.example,Novawave Retail Group,self_serve,it_lead,retail,SE,sub_1zFS9nCFyjjDCdkiRbqH2dIC
ch_3dIOSLYg796cNl45e40qvAHj,2024-08-09 17:21:37,succeeded,599.0,0.0,9.23,589.77,card,,JZAPP8IO-0001,subscription_create,6_month,1,cus_4Q7yLhdMqIk2CL,Tuomas Mäkelä,tuomas.makela@northcore-retail-group.example,Northcore Retail Group,self_serve,it_lead,retail,FI,sub_1cM5thKQgUqhtxq8aTJe1DdZ
ch_37incZQNu5jVWMiuomecnHOM,2024-08-12 03:05:32,succeeded,980.0,0.0,14.95,965.05,card,,UC5Q5759-0002,subscription_cycle,12_month,1,cus_TcwSUfiXm9HJhK,Olivier Fournier,olivier.fournier@atlasport-wireless.example,Atlasport Wireless SAS,self_serve,network_consultant,network_consulting,FR,sub_1ZXz5WfOG1ay7cAxcnWaxu0k
ch_35LBAHZ1N9GhB5sj0FPCch0y,2024-08-13 11:15:36,succeeded,599.0,0.0,19.72,579.28,card,,XSSUNDXY-0001,subscription_create,6_month,1,cus_tuTv4CbhKrR0A5,Robert Wilson,robert.wilson@vertexline-partners.example,Vertexline Partners LLC,self_serve,it_lead,professional_services,US,sub_1NjwXcjlip2PeLarq6VkEXrU
ch_3o46zTUJQ1JWgxvVlF5KVg4t,2024-08-13 16:05:59,succeeded,1960.0,0.0,63.95,1896.05,card,,OJ9MVINI-0001,subscription_create,12_month,2,cus_WQD1PdWom6keHv,Emily Brown,emily.brown@orbitmark-wi-fi-solutions.example,Orbitmark Wi-Fi Solutions Inc.,self_serve,network_consultant,network_consulting,CA,sub_1cJ09SD9WefbiF1zl7DWUBKv
ch_3Yn3N6BtJ9QAmBJQFL3T183q,2024-08-14 04:39:26,succeeded,980.0,0.0,14.95,965.05,card,,NODIT8BD-0001,subscription_create,12_month,1,cus_hN5wraLkY7Etfm,Paolo Greco,paolo.greco@harborpoint-construction.example,Harborpoint Construction,self_serve,it_lead,construction,IT,sub_1AFOtRszEabwHX44SkTp0lp9
ch_3GWX2jrhVjxRdKHmIjfUSJDi,2024-08-14 05:03:47,succeeded,1198.0,0.0,39.19,1158.81,card,,QDK8ITNJ-0001,subscription_create,6_month,2,cus_7FuovNLAYWWjyR,Eric Turner,eric.turner@deltapeak-industries.example,Deltapeak Industries LLC,self_serve,it_lead,manufacturing,US,sub_1jmO4SnasNG8vwijTvHPkKKR
py_3s3xHWie6LRbSFKSkbRTQb76,2024-08-14 23:39:08,succeeded,2940.0,0.0,5.0,2935.0,bank_transfer,,ZO72O5CW-0004,subscription_cycle,12_month,3,cus_vC2jcmo6bkXa5j,Brian Jones,brian.jones@westworks-properties.example,Westworks Properties,self_serve,it_lead,real_estate,GB,sub_1vKG6wHx1Yve4J3QYb7OVps0
ch_3Ys1Nioc8KaIMdwv41Cki0wE,2024-08-16 05:37:09,succeeded,599.0,0.0,15.23,583.77,card,,SW4FQ8Q4-0001,subscription_create,6_month,1,cus_iDIDJAgqU8Cd6c,David Nguyen,david.nguyen@alpinepoint-wi-fi-solutions.example,Alpinepoint Wi-Fi Solutions,self_serve,network_consultant,network_consulting,GB,sub_1LzwIO1U3D8EDkIwmdPDothe
ch_3WXSIeSBGmIhU6a8KPZQaYHD,2024-08-16 09:26:34,succeeded,1960.0,0.0,63.95,1896.05,card,,QL1ZAZDI-0001,subscription_create,12_month,2,cus_e2pg0Q03tQ9Ccy,Olivia Murphy,olivia.murphy@silverpoint-networks.example,Silverpoint Networks Pty Ltd,self_serve,network_consultant,network_consulting,AU,sub_1M6hgOqr3GDjhNguLS5j1AIA
ch_3OwBMhu9n19buDp8A8Cg1JoN,2024-08-19 05:26:48,succeeded,980.0,0.0,32.1,947.9,card,,RV56DFRX-0002,subscription_cycle,12_month,1,cus_HkdK7nj3XpF54q,Ben Phillips,ben.phillips@aurorapoint-wi-fi-solutions.example,Aurorapoint Wi-Fi Solutions Pty Ltd,self_serve,network_consultant,network_consulting,AU,sub_1QYaHv0QcO28bg0VjYU9LoGz
ch_3F7jDIG5MzX0I4TS0YPTYW8F,2024-08-21 16:34:43,succeeded,980.0,0.0,24.75,955.25,card,,ESH90Z8W-0002,subscription_cycle,12_month,1,cus_5ORpdUvK7Bdzji,Nicole Wilson,nicole.wilson@pinepoint-schools.example,Pinepoint Schools,self_serve,it_lead,education,GB,sub_1Vpf6OYF2DWFrpsmJN5heAo9
ch_3jaHLFzOGeOu1R0b7wbgneEu,2024-08-22 12:27:31,succeeded,980.0,0.0,14.95,965.05,card,,XM4JM8CN-0002,subscription_cycle,12_month,1,cus_RKihDMNg7wZALe,Julia Krüger,julia.kruger@bluemark-communications.example,Bluemark Communications,self_serve,head_of_wireless,telecom,DE,sub_115P9E9mwD0wsiQOoFDWXfHp
ch_3q0qjQ9DzbEcmzewuuv31gUe,2024-08-22 13:45:17,succeeded,599.0,0.0,19.72,579.28,card,,P5F9S5UW-0002,subscription_cycle,6_month,1,cus_F9U5hAPGyeZSg4,Raj Brown,raj.brown@novacore-media.example,Novacore Media,self_serve,it_lead,media,US,sub_1zgbUa620aRUPzWXmZlOZtFx
ch_3M1l78Zf1DrKWbqy1hOniHmn,2024-08-23 11:37:45,succeeded,980.0,0.0,32.1,947.9,card,,ZSMWR2T4-0001,subscription_create,12_month,1,cus_i1BQPKFsftejIu,Jason Scott,jason.scott@scott-network-services.example,Scott Network Services LLC,self_serve,network_consultant,network_consulting,US,sub_1ZlNgqVqAMtFtaAkeF5Tm7P0
ch_3SfVs6QykW0dueL1WB08ycBj,2024-08-23 20:33:34,succeeded,1960.0,0.0,29.65,1930.35,card,,BZQKWL91-0002,subscription_cycle,12_month,2,cus_ebF30fKJrVwXtf,Nicole Young,nicole.young@nordicline-technology-group.example,Nordicline Technology Group Ltd,self_serve,head_of_wireless,it_services,IE,sub_12mIIUuB9M12vDJ5Qq6RPK9z
ch_3gW36nzfPLtyPju640YyviGn,2024-08-24 15:45:04,succeeded,980.0,0.0,32.1,947.9,card,,3TDQQHDR-0002,subscription_cycle,12_month,1,cus_Woo6SJQqlWRl3x,Rachel Jones,rachel.jones@jones-network-services.example,Jones Network Services Inc.,self_serve,network_consultant,network_consulting,CA,sub_12HTZKRN6y1FZNOni5Jw0Xge
ch_3AsoAjiCO5xzEhIACqb4MatM,2024-08-26 10:15:24,succeeded,980.0,0.0,32.1,947.9,card,,D64502UG-0001,subscription_create,12_month,1,cus_12ujXmlH99x4EQ,Jan Richter,jan.richter@postbox.example,,self_serve,network_consultant,network_consulting,CH,sub_13oywrvOB07XzpWzYZAn2YJq
ch_3TxTQMhgYBTD2kT7vAEXWI07,2024-08-26 19:52:20,succeeded,599.0,0.0,19.72,579.28,card,,TA4EA8X1-0001,subscription_create,6_month,1,cus_cXRv82YHRtAVug,Kate Jackson,kate.jackson@stonelink-logistics.example,Stonelink Logistics,self_serve,it_lead,logistics,CA,sub_1JdwiDmA4DyvQJO2kEw77pv0
ch_3nYYl1Tv4147V69wYsXTDC4B,2024-08-27 12:03:25,succeeded,980.0,0.0,14.95,965.05,card,,VCBPA9CH-0001,subscription_create,12_month,1,cus_ofl3VSfpZwC6gv,Karin Karlsson,karin.karlsson@summitpeak-rf-consulting.example,Summitpeak RF Consulting ApS,self_serve,network_consultant,network_consulting,DK,sub_1pqjM1Mbhpo6sJortPqkn5TP
ch_3NExltQpSCuS1DKDITummvHw,2024-08-27 12:51:00,succeeded,1960.0,0.0,63.95,1896.05,card,,5JZY5LS2-0001,subscription_create,12_month,2,cus_8sg8CkNDIgUGwl,Thomas Hartmann,thomas.hartmann@brightgate-networks.example,Brightgate Networks AG,self_serve,network_consultant,network_consulting,CH,sub_1uS733am12spMLW1JQPzHLzL
ch_3VZrPPquLAGBM2HxWtnG4ALN,2024-08-28 05:33:53,succeeded,1960.0,0.0,29.65,1930.35,card,,1EHHDBHJ-0001,subscription_create,12_month,2,cus_vYj7wNS662BmVY,Sophie Bernard,sophie.bernard@bernard-wireless-consulting.example,Bernard Wireless Consulting SAS,self_serve,network_consultant,network_consulting,FR,sub_1VwZzlDtsz9ALWhCjDpSkjCr
ch_32wvBDBq37p6t23O7mqvWjB5,2024-08-28 17:36:00,succeeded,980.0,0.0,14.95,965.05,card,,O5V65O87-0001,subscription_create,12_month,1,cus_rX8NR95hApUnx1,Ville Kinnunen,ville.kinnunen@beaconworks-retail-group.example,Beaconworks Retail Group Oy,self_serve,it_lead,retail,FI,sub_1sk8bIdBGGXZbWouOoPSXuPc
ch_3eJOtaBK1yJaCsqCN7uoamf6,2024-08-29 17:22:26,succeeded,1198.0,0.0,39.19,1158.81,card,,F227ASIU-0001,subscription_create,6_month,2,cus_1QVm6ExnbZcMl8,Paul Martin,paul.martin@harborpoint-wireless-engineering.example,Harborpoint Wireless Engineering Pty Ltd,self_serve,head_of_wireless,network_consulting,AU,sub_1aJ9eUQJ1R9jAw98TQTytX1C
ch_32xG6b9VH4jNPqa7yXusR40F,2024-09-01 11:04:49,succeeded,980.0,0.0,32.1,947.9,card,,59RWICEA-0001,subscription_create,12_month,1,cus_3RjYOM09QN6TzO,Paul Collins,paul.collins@irongate-wireless.example,Irongate Wireless LLC,self_serve,network_consultant,network_consulting,US,sub_1iGP2MLWT8C6sk3lwFtk338A
ch_3nzOKHUd4YPwNpyDRIYF6G2V,2024-09-02 10:15:46,succeeded,599.0,0.0,15.23,583.77,card,,HGIJWL8F-0001,subscription_create,6_month,1,cus_jPwSTgZ8mITgAc,Daniel Thomas,daniel.thomas@westworks-schools.example,Westworks Schools,self_serve,it_lead,education,GB,sub_1FxdVzVpwuF4kgryZLLtoU57
ch_3fWL3S8o9AGVJSxsc4fzUYuk,2024-09-03 09:36:49,succeeded,599.0,0.0,9.23,589.77,card,,SVLDBRR9-0002,subscription_cycle,6_month,1,cus_vtW4rUaEx9xI6c,Ola Dahl,ola.dahl@auroraworks-logistics.example,Auroraworks Logistics,self_serve,it_lead,logistics,DK,sub_1BJdu7bVMDLVWXdjqBdv6hSP
ch_3aK0XvpuwxcVKVHvTglGXkMe,2024-09-03 13:53:21,succeeded,599.0,0.0,9.23,589.77,card,,KNBXWVR0-0001,subscription_create,6_month,1,cus_PJSBZf2qtZuUox,Anja Schneider,anja.schneider@westlink-foods.example,Westlink Foods,self_serve,it_lead,food_beverage,DE,sub_1uI7GXPWYIbwADCqW1cm4J2u
ch_3MvZUwFlhPM6Xn66CWfjFsfE,2024-09-03 16:37:38,succeeded,599.0,0.0,9.23,589.77,card,,SCS6MAE4-0001,subscription_create,6_month,1,cus_u20Jk4OCM07RiG,Stefan Müller,stefan.muller@novamark-warehousing.example,Novamark Warehousing GmbH,self_serve,it_lead,logistics,DE,sub_1SiSDXBf4Po7MG96ZXsiWVjY
ch_39F2R9OmkhPUFnoW4as362wI,2024-09-04 07:51:59,succeeded,980.0,0.0,32.1,947.9,card,,W3YCJR9T-0001,subscription_create,12_month,1,cus_Ea6PAkoL3EggM7,Carlos Lewis,carlos.lewis@lewis-network-services.example,Lewis Network Services,self_serve,network_consultant,network_consulting,US,sub_10M1q6xxTXsLgmBi45hjooEY
ch_3sLpU6e3AtcyPgjNCDyifWT9,2024-09-04 16:35:06,succeeded,1797.0,0.0,58.65,1738.35,card,,VKV4ZXBU-0003,subscription_cycle,6_month,3,cus_gh3xG9bxJM3kQp,Nicole Turner,nicole.turner@mapleworks-telecom.example,Mapleworks Telecom LLC,self_serve,head_of_wireless,telecom,US,sub_17rErMhkDW0y5scQHGkk67Us
ch_3h00L59ECQi3nQUp24IdWnfk,2024-09-05 14:15:27,succeeded,599.0,0.0,9.23,589.77,card,,QY21J3XH-0001,subscription_create,6_month,1,cus_tvNI04OAjdJf8R,Alessandro Bruno,alessandro.bruno@bruno-network-services.example,Bruno Network Services,self_serve,network_consultant,network_consulting,IT,sub_11GHVcKEYC7dLYetDS9g2Pf1
ch_3gY3ddAiegp3BzzUZFc0ehpE,2024-09-06 11:35:16,succeeded,1960.0,0.0,29.65,1930.35,card,,MBWEELSE-0003,subscription_cycle,12_month,2,cus_37pd4RALOEu135,Andreas Zimmermann,andreas.zimmermann@clearfield-retail-group.example,Clearfield Retail Group GmbH,self_serve,it_lead,retail,DE,sub_1kEjKF4gVn8t1mvSDrQdcZTA
ch_3ZekQYKXBY9WNjiYqA9eAtHX,2024-09-08 09:21:33,succeeded,980.0,0.0,32.1,947.9,card,,9262OU8O-0002,subscription_cycle,12_month,1,cus_nWSwF1iCbw6NoM,James Nguyen,james.nguyen@blueport-it-solutions.example,Blueport IT Solutions LLC,self_serve,head_of_wireless,it_services,US,sub_1hp2u9z3kGHsIOqXE77o2B52
ch_3Fw68futZQVuXPbhILN5qxKk,2024-09-08 18:23:08,succeeded,599.0,0.0,9.23,589.77,card,,SIEN7JH6-0002,subscription_cycle,6_month,1,cus_8R18oFUlFErBir,Lena Wolf,lena.wolf@balticmark-systems-integration.example,Balticmark Systems Integration GmbH,self_serve,head_of_wireless,it_services,DE,sub_1ToPL4OnFPiJ6DhS3cBV6WhI
ch_35evH4XkH1sCZbXIpUFnw4JI,2024-09-10 08:46:53,succeeded,1797.0,0.0,58.65,1738.35,card,,9US0Q8Q3-0001,subscription_create,6_month,3,cus_IEmvkfVSG8M9kE,John Hall,john.hall@stonemark-networks.example,Stonemark Networks LLC,self_serve,network_consultant,network_consulting,US,sub_1FF6jTiPtl7Ieqrtrgwo31aY
ch_3090IiYWqL1TScOnMjiCahxu,2024-09-10 11:57:35,succeeded,980.0,0.0,14.95,965.05,card,,YS8BP40U-0001,subscription_create,12_month,1,cus_989WoWan9HELxp,Olivier Leroy,olivier.leroy@mailbox.example,,self_serve,network_consultant,network_consulting,FR,sub_1xuqQRurd3uTaLCeVqbGDlBP
py_3Ta2lLCpg2vuKPsLxxx7K9Qk,2024-09-10 13:04:20,succeeded,1960.0,0.0,5.0,1955.0,bank_transfer,,0Q8QW5Z1-0001,subscription_create,12_month,2,cus_CBRItruHIYmcDM,Matt Moore,matt.moore@crestport-warehousing.example,Crestport Warehousing LLC,self_serve,it_lead,logistics,US,sub_1NdFdOCaq8iFkyncMOomJ4K2
ch_368rkvCjaoM5jKcKWrg9No6Q,2024-09-11 12:36:24,succeeded,980.0,0.0,32.1,947.9,card,,64DS9WYU-0002,subscription_cycle,12_month,1,cus_JXCs2eoJFPlFzy,Olivia Jones,olivia.jones@mailbox.example,,self_serve,network_consultant,network_consulting,US,sub_1ntyHQF6LL4235BEX9pZSYwp
ch_3uhxhNsDLL9dY5OOklKb2BPZ,2024-09-11 13:00:39,succeeded,980.0,0.0,14.95,965.05,card,,SE8TX2IN-0001,subscription_create,12_month,1,cus_dD3WLSA0m32m1j,Katja Mäkelä,katja.makela@orbitline-networks.example,Orbitline Networks Oy,self_serve,network_consultant,network_consulting,FI,sub_1iws0Ilak87JPLoV1DwsNnsp
ch_370FpYpsQAGVpQGvKG3F43tZ,2024-09-12 06:32:43,succeeded,980.0,0.0,32.1,947.9,card,,82WMT9YX-0001,subscription_create,12_month,1,cus_jSBLjoXZqNwj9k,John Young,john.young@auroralink-rf-consulting.example,Auroralink RF Consulting,self_serve,network_consultant,network_consulting,AU,sub_1UPAP9IVbrAPbgqpADeLj3Tr
ch_3OEl6jf1tyB4twXWEJDGlXeP,2024-09-13 05:46:18,succeeded,980.0,0.0,32.1,947.9,card,,IEFLW069-0001,subscription_create,12_month,1,cus_RMSny44uYMGYWC,Priya Green,priya.green@green-wireless-consulting.example,Green Wireless Consulting LLC,self_serve,network_consultant,network_consulting,US,sub_1luQelfqLuaNPloCsMEgXHzd
ch_31IAxKzxGKaTFqdzkKyu3sFV,2024-09-13 13:22:06,succeeded,980.0,0.0,24.75,955.25,card,,U903I8SR-0002,subscription_cycle,12_month,1,cus_stSef8y4IGDTQR,John Green,john.green@postbox.example,,self_serve,network_consultant,network_consulting,GB,sub_1A8OqIJoYNl8Wk5l6g9azT6L
ch_3lF1ln3waFI7eIWzfFFSBB27,2024-09-13 13:36:58,failed,1960.0,0.0,,,card,expired_card,719IH2OO-0003,subscription_cycle,12_month,2,cus_m3iwHkQNkPuQq7,Kate Nelson,kate.nelson@nelson-network-services.example,Nelson Network Services LLC,self_serve,network_consultant,network_consulting,US,sub_1PxoVeGBI93nw6bH5DcBRRgP
py_3F2mSdtrpuKWcwwAx0Ao4Rux,2024-09-13 22:11:31,succeeded,2940.0,0.0,5.0,2935.0,bank_transfer,,35F7TM8Q-0002,subscription_cycle,12_month,3,cus_OKA6ZFZQxXeDCJ,Anja Schulz,anja.schulz@apexlink-partners.example,Apexlink Partners AG,self_serve,it_lead,professional_services,CH,sub_13PIZpxNVdyaO7McqEqEqnLv
ch_3lQM4GJZKhGDZcDmMZn7o6TG,2024-09-15 09:54:46,succeeded,980.0,0.0,32.1,947.9,card,,BUG6J0LI-0004,subscription_cycle,12_month,1,cus_j7oS8UcPmuAPRk,Matt Martin,matt.martin@atlasview-rf-consulting.example,Atlasview RF Consulting LLC,self_serve,network_consultant,network_consulting,US,sub_185C5LckEvZziVI40olo8p6y
ch_365FR5ZEINz30qztt6B3nbal,2024-09-16 08:00:41,succeeded,980.0,0.0,32.1,947.9,card,,9YOC1OUR-0001,subscription_create,12_month,1,cus_AIHUqLC59xVbmn,Lena Schröder,lena.schroder@vertexport-wireless.example,Vertexport Wireless AG,self_serve,network_consultant,network_consulting,CH,sub_1GUECTL93nPBwSm7ke1T4FEG
ch_3yvLmYuqSv0QIS7YvjUjdBX1,2024-09-16 14:29:58,failed,1960.0,0.0,,,card,expired_card,719IH2OO-0003,subscription_cycle,12_month,2,cus_m3iwHkQNkPuQq7,Kate Nelson,kate.nelson@nelson-network-services.example,Nelson Network Services LLC,self_serve,network_consultant,network_consulting,US,sub_1PxoVeGBI93nw6bH5DcBRRgP
ch_3enuhDy01jmctAj9oUpOdD0a,2024-09-16 16:38:24,failed,980.0,0.0,,,card,card_declined,AJF6OP16-0001,subscription_create,12_month,1,cus_uOSHtGrjPQC7MY,Steve Thompson,steve.thompson@silverpoint-communications.example,Silverpoint Communications LLC,self_serve,head_of_wireless,telecom,US,sub_16ksra4MWyry1nZhH1VzyiRC
ch_3Yw7RtatdmsiVjNtatI7gSrQ,2024-09-16 16:41:21,succeeded,980.0,0.0,32.1,947.9,card,,AJF6OP16-0001,subscription_create,12_month,1,cus_uOSHtGrjPQC7MY,Steve Thompson,steve.thompson@silverpoint-communications.example,Silverpoint Communications LLC,self_serve,head_of_wireless,telecom,US,sub_16ksra4MWyry1nZhH1VzyiRC
ch_3xISNU7RwqHOsSvjx8ock4TZ,2024-09-17 12:48:27,succeeded,2940.0,0.0,95.8,2844.2,card,,I9POGZK6-0001,subscription_create,12_month,3,cus_LvKaa7bFOikgHr,John Carter,john.carter@blueview-it-solutions.example,Blueview IT Solutions,self_serve,head_of_wireless,it_services,US,sub_1NCdG9m1cBRZGiANM3iboY1R
ch_3EXalVfE9adjiag4aQ9mUFz0,2024-09-18 10:40:57,succeeded,1198.0,0.0,39.19,1158.81,card,,QIW06ZSV-0001,subscription_create,6_month,2,cus_2Tf6iNHiScQQ0h,Amanda Edwards,amanda.edwards@pinebridge-systems-integration.example,Pinebridge Systems Integration LLC,self_serve,head_of_wireless,it_services,US,sub_1SMpzLpwy43CcT1mk9AiOXmd
ch_365fhJGuPnWsIosMxJREZpxJ,2024-09-18 13:48:24,failed,1198.0,0.0,,,card,card_declined,5BW6HENB-0001,subscription_create,6_month,2,cus_wXQ21TsyJzRAC5,Eric Collins,eric.collins@silverlink-media.example,Silverlink Media,self_serve,it_lead,media,US,sub_1Eg9oTUPViTzu82MaenA20J8
ch_3GmDXZJXYs5YyQjC8Y6Sh5lP,2024-09-18 13:51:22,succeeded,1198.0,0.0,39.19,1158.81,card,,5BW6HENB-0001,subscription_create,6_month,2,cus_wXQ21TsyJzRAC5,Eric Collins,eric.collins@silverlink-media.example,Silverlink Media,self_serve,it_lead,media,US,sub_1Eg9oTUPViTzu82MaenA20J8
ch_3sT8864ktPn7MiFQeS6UZNPi,2024-09-19 18:31:30,succeeded,1960.0,0.0,29.65,1930.35,card,,RK680KRX-0002,subscription_cycle,12_month,2,cus_VoJ0ZXk4r94yrR,Jeroen Vos,jeroen.vos@nordicpoint-warehousing.example,Nordicpoint Warehousing BV,self_serve,it_lead,logistics,BE,sub_17Kwn9gl4euxLZcJFeoGi6HI
ch_3tCbFvslDus5OS3YLyhRH6Cl,2024-09-20 05:29:39,succeeded,980.0,0.0,6.35,973.65,sepa_debit,,OS25I73U-0001,subscription_create,12_month,1,cus_871CCpPQntBiEr,Juho Lahtinen,juho.lahtinen@lumenlink-technology-group.example,Lumenlink Technology Group Oy,self_serve,head_of_wireless,it_services,FI,sub_1DCEM3KiitkEAheFzLrihGBK
ch_335E9SGOtGzAyxsOcpkk6iIQ,2024-09-20 19:17:57,failed,980.0,0.0,,,card,card_declined,51YWC60A-0001,subscription_create,12_month,1,cus_ekoJ3votM0Nd30,Antoine Dubois,antoine.dubois@brightport-clinics.example,Brightport Clinics,self_serve,it_lead,healthcare,FR,sub_1wqWLtWfLTyEp2AGWC3WCwPK
ch_3cxLJC9FxDPlCBpgvuZ77kBJ,2024-09-20 19:24:09,succeeded,980.0,0.0,14.95,965.05,card,,51YWC60A-0001,subscription_create,12_month,1,cus_ekoJ3votM0Nd30,Antoine Dubois,antoine.dubois@brightport-clinics.example,Brightport Clinics,self_serve,it_lead,healthcare,FR,sub_1wqWLtWfLTyEp2AGWC3WCwPK
ch_3Bg090W8HTL9Duw90XPkSBQT,2024-09-21 14:17:58,failed,1960.0,0.0,,,card,expired_card,719IH2OO-0003,subscription_cycle,12_month,2,cus_m3iwHkQNkPuQq7,Kate Nelson,kate.nelson@nelson-network-services.example,Nelson Network Services LLC,self_serve,network_consultant,network_consulting,US,sub_1PxoVeGBI93nw6bH5DcBRRgP
ch_3pDeTxbgTsllFBDYdW3WeFcR,2024-09-22 12:45:54,succeeded,980.0,0.0,32.1,947.9,card,,NO42J59H-0001,subscription_create,12_month,1,cus_a0jSZS4ihHWITF,Robert Jackson,robert.jackson@apexlink-schools.example,Apexlink Schools Pty Ltd,self_serve,it_lead,education,AU,sub_1zzM8wduccbYUaUrdlusf9f3
ch_33B5JvJvPLGZ02rTnRdgGWfA,2024-09-22 13:38:39,succeeded,980.0,0.0,32.1,947.9,card,,Q80Y8RBI-0002,subscription_cycle,12_month,1,cus_loVKhdnVuTrGGx,Brian Davis,brian.davis@mailbox.example,,self_serve,network_consultant,network_consulting,US,sub_16KZk4erBPut6fBcOIwAfhHK
py_3V0hL8jaZkpCAeaat9UeE2xl,2024-09-22 14:07:10,succeeded,1198.0,0.0,5.0,1193.0,bank_transfer,,6IZS3FA2-0001,subscription_create,6_month,2,cus_priEE6MV0BCccW,Florian Schröder,florian.schroder@apexfield-technology-group.example,Apexfield Technology Group GmbH,self_serve,head_of_wireless,it_services,DE,sub_1Muwyq25lxQw8Yba1hZZyHkM
ch_3XSyNL3Qee52rkH66mZK43gS,2024-09-22 14:51:25,succeeded,1198.0,0.0,39.19,1158.81,card,,NDGW2ZTE-0002,subscription_cycle,6_month,2,cus_o3s9j1UHQy285e,Ahmed Miller,ahmed.miller@signalport-wireless-engineering.example,Signalport Wireless Engineering LLC,self_serve,head_of_wireless,network_consulting,US,sub_1WvAX6sBOOg31zbMcaBQplt3
ch_3jOSDF07b5eoK1M61HYbSUuB,2024-09-23 14:10:32,succeeded,2940.0,0.0,44.35,2895.65,card,,SC3JCP0H-0005,subscription_cycle,12_month,3,cus_TiK9D6OAmKewae,Alessandro Gallo,alessandro.gallo@cedargate-warehousing.example,Cedargate Warehousing S.r.l.,self_serve,it_lead,logistics,IT,sub_1wuDtZG0HNrRMzqjYvmIUIod
ch_3Eutu3NvZ08MEjSaOMSfGpVE,2024-09-23 16:14:45,succeeded,980.0,0.0,32.1,947.9,card,,MKYQHVDK-0001,subscription_create,12_month,1,cus_LFo8kMqVAkzJZc,Chris Anderson,chris.anderson@atlasworks-managed-services.example,Atlasworks Managed Services,self_serve,head_of_wireless,it_services,US,sub_1stT84ctjuFeLzwFE7JifHdo
ch_3zrTO6QPT16KinAXACWpHFbh,2024-09-24 08:25:22,failed,1960.0,0.0,,,card,card_declined,QU87H2UD-0001,subscription_create,12_month,2,cus_mKqPd3R54gFVgK,Nicolas Fournier,nicolas.fournier@westworks-wi-fi-solutions.example,Westworks Wi-Fi Solutions,self_serve,network_consultant,network_consulting,FR,sub_1wYoGJEJADVDD3HhKUsab3So
ch_3Do2iNVE4A7a6wAgckNgQGQH,2024-09-24 08:32:54,succeeded,1960.0,0.0,29.65,1930.35,card,,QU87H2UD-0001,subscription_create,12_month,2,cus_mKqPd3R54gFVgK,Nicolas Fournier,nicolas.fournier@westworks-wi-fi-solutions.example,Westworks Wi-Fi Solutions,self_serve,network_consultant,network_consulting,FR,sub_1wYoGJEJADVDD3HhKUsab3So
ch_3yBER4fXEjMwsM0twwKgzk4O,2024-09-24 10:01:16,succeeded,599.0,0.0,19.72,579.28,card,,0XZBF1CV-0001,subscription_create,6_month,1,cus_5qcvZQo4WJjhqP,Olivia Taylor,olivia.taylor@taylor-wireless-consulting.example,Taylor Wireless Consulting Inc.,self_serve,network_consultant,network_consulting,CA,sub_1XuV3Ca608OoVkFnT4xcc7Ds
ch_3filny9L7s8BmQlLAX2g2mlR,2024-09-25 11:35:55,succeeded,599.0,0.0,9.23,589.77,card,,FVUKF5QH-0001,subscription_create,6_month,1,cus_rl0VRZGyMYjJ7a,Michael Schulz,michael.schulz@greenfield-logistics.example,Greenfield Logistics,self_serve,it_lead,logistics,DE,sub_17fKEnOPDs52IA2TuSwgXNrE
ch_3VJyn4M3bpdEwnB9me4hc9bE,2024-09-25 14:03:06,succeeded,980.0,0.0,24.75,955.25,card,,YZWJ3BE0-0002,subscription_cycle,12_month,1,cus_8abpEKoMKKbQg1,Kevin Scott,kevin.scott@mailbox.example,,self_serve,network_consultant,network_consulting,GB,sub_1E87gTvHAEy9gO2U6WEPVamH
ch_3AXSHfQJx2Zn5LW0r8KA9dg2,2024-09-26 14:52:15,succeeded,980.0,0.0,32.1,947.9,card,,5VMH3FDF-0001,subscription_create,12_month,1,cus_MBGffLzYn5a6ws,Tom Thomas,tom.thomas@deltagate-wireless-engineering.example,Deltagate Wireless Engineering LLC,self_serve,head_of_wireless,network_consulting,US,sub_1BkBcNrcqnKKKeTaYw691Mnc
ch_3hKlrG0dm8UYF1NkeifBYHxj,2024-09-27 04:58:17,succeeded,1960.0,0.0,29.65,1930.35,card,,L9X7GJBU-0002,subscription_cycle,12_month,2,cus_lqVfCg4JTkkY5K,Laura Korhonen,laura.korhonen@orbitfield-foods.example,Orbitfield Foods,self_serve,it_lead,food_beverage,FI,sub_1Bndxpe6TlJnCYSLiI8V4Pfa
ch_3OaN1e4XUBxdbYJi5B1f59n0,2024-09-27 10:18:06,succeeded,599.0,0.0,9.23,589.77,card,,GMNUKY2S-0001,subscription_create,6_month,1,cus_PRpP4Z97dJbTVe,Mikkel Berg,mikkel.berg@alpineline-telecom.example,Alpineline Telecom,self_serve,head_of_wireless,telecom,SE,sub_1K37GdA921yPBaGL0Kb5DgHZ
ch_3SnST38IPoanKGUL161n6kp4,2024-09-27 16:19:32,succeeded,980.0,0.0,6.35,973.65,sepa_debit,,0FN9Z83Z-0002,subscription_cycle,12_month,1,cus_IpN5tpUldFEXGJ,Sara Eriksson,sara.eriksson@polargate-wireless.example,Polargate Wireless AB,self_serve,network_consultant,network_consulting,SE,sub_1Xw40MWXYkYIMuHW6nhHw3wG
ch_36c7baWZvOogt6ehVdLgWJna,2024-09-29 10:06:51,succeeded,599.0,0.0,19.72,579.28,card,,RBKF5COT-0002,subscription_cycle,6_month,1,cus_Z5cLmFHUM0AUzd,Christian Wagner,christian.wagner@wagner-network-services.example,Wagner Network Services AG,self_serve,network_consultant,network_consulting,CH,sub_1cACDoDX6f4vBAIqfTmDhfGK
ch_3aBX1o4EjOoVvj36NcjOCRuQ,2024-09-30 07:24:28,succeeded,599.0,0.0,5.14,593.86,sepa_debit,,MZX6HMX9-0002,subscription_cycle,6_month,1,cus_BmcURWJJJkckuL,Julie Fournier,julie.fournier@deltaport-networks.example,Deltaport Networks SAS,self_serve,network_consultant,network_consulting,FR,sub_13fJbw0FlHwcjvjhJAKnfQX0
ch_3Y8bvHvLzsrcianVBOlR8JVw,2024-10-02 10:35:28,succeeded,599.0,0.0,19.72,579.28,card,,WI60BHWR-0002,subscription_cycle,6_month,1,cus_Qfg5JKF1okuLhQ,John King,john.king@brightport-rf-consulting.example,Brightport RF Consulting LLC,self_serve,network_consultant,network_consulting,US,sub_1JV0ZjN1DcNyLUcEbxSLGmKT
ch_3RYiJy11h3dCfATCV7KNIoFc,2024-10-03 05:57:08,succeeded,599.0,0.0,5.14,593.86,sepa_debit,,20LBASOB-0005,subscription_cycle,6_month,1,cus_qVSPNqfABXC5OB,Guillaume Lambert,guillaume.lambert@lambert-network-services.example,Lambert Network Services,self_serve,network_consultant,network_consulting,FR,sub_1wthYTKf2y5OBivChQu2f0Rb
ch_3PuSK5IWp2kNYTv8WRGWgOR5,2024-10-04 08:18:32,succeeded,980.0,0.0,6.35,973.65,sepa_debit,,ZJLQ4L0E-0001,subscription_create,12_month,1,cus_0xTSS8OZNrXQhH,Mikkel Sørensen,mikkel.sorensen@lumencore-partners.example,Lumencore Partners ApS,self_serve,it_lead,professional_services,DK,sub_1CyQrkw6sJauId8FOqda6iWe
ch_3QLEM47uYWTYLCU5UvZnpKza,2024-10-04 12:59:26,failed,599.0,0.0,,,card,card_declined,4K327IQN-0002,subscription_cycle,6_month,1,cus_PfRVbA1nN7SkKO,Lena Schmidt,lena.schmidt@lumencore-rf-consulting.example,Lumencore RF Consulting,self_serve,network_consultant,network_consulting,DE,sub_1WBtI2MkfLsgFVbQPIB6UXJP
ch_33WglQtDfqccBx8xCckRPD3S,2024-10-04 17:55:59,succeeded,980.0,0.0,14.95,965.05,card,,HJD4C444-0001,subscription_create,12_month,1,cus_0HaEZOsBWolg1u,Andreas Schröder,andreas.schroder@schroder-network-services.example,Schröder Network Services GmbH,self_serve,network_consultant,network_consulting,DE,sub_1VgjwYQJ4OBwAkbu0wsBY1Zr
ch_3Hc28cgWlJMxdTJPYovIM3hy,2024-10-07 08:32:18,succeeded,599.0,0.0,9.23,589.77,card,,XKIILUZT-0003,subscription_cycle,6_month,1,cus_JZbZp141c8mcbC,Juho Heinonen,juho.heinonen@apexbridge-wireless.example,Apexbridge Wireless Oy,self_serve,network_consultant,network_consulting,FI,sub_1fpZD6P9fQ87Vx5fZe0paaxH
ch_3Q82mNydpOwp71ORR2HZi6Bt,2024-10-07 13:25:26,succeeded,599.0,0.0,9.23,589.77,card,,4K327IQN-0002,subscription_cycle,6_month,1,cus_PfRVbA1nN7SkKO,Lena Schmidt,lena.schmidt@lumencore-rf-consulting.example,Lumencore RF Consulting,self_serve,network_consultant,network_consulting,DE,sub_1WBtI2MkfLsgFVbQPIB6UXJP
ch_3K8WWzOoVkfVIaatHLloWlBi,2024-10-07 15:25:39,succeeded,980.0,0.0,6.35,973.65,sepa_debit,,AQCGNTG6-0001,subscription_create,12_month,1,cus_2oO5V7kf9iygN8,Robert Green,robert.green@pinepoint-retail-group.example,Pinepoint Retail Group Ltd,self_serve,it_lead,retail,IE,sub_1IDjrAnP3mt6pg9lQ9KXSOUn
ch_3oVjlTEfYlrhqIbOmq7EdmSj,2024-10-07 15:46:38,succeeded,599.0,0.0,19.72,579.28,card,,ZV7T8ZYB-0001,subscription_create,6_month,1,cus_JE8ug7fPT7TRUM,Ben Turner,ben.turner@aurorastream-schools.example,Aurorastream Schools Pty Ltd,self_serve,it_lead,education,AU,sub_1bcVImgvebXGMZFJ7PaYQAq6
ch_3VXYJPfFSK9Jv77rPFlpKwAk,2024-10-09 10:26:37,succeeded,2940.0,0.0,95.8,2844.2,card,,HYPFPU2V-0002,subscription_cycle,12_month,3,cus_OOcyhQJgvoPk0o,Florian Meyer,florian.meyer@graniteport-hotels.example,Graniteport Hotels AG,self_serve,it_lead,hospitality,CH,sub_1Cbs4asB6MaliZ1XJHzPwkYP
ch_3ILWuRlzrFgyvistkGZJVMP8,2024-10-09 14:25:35,succeeded,980.0,0.0,14.95,965.05,card,,2Q8DMAT9-0002,subscription_cycle,12_month,1,cus_xVbUOLiRyyq5gd,Matteo Rossi,matteo.rossi@nordicline-partners.example,Nordicline Partners S.r.l.,self_serve,it_lead,professional_services,IT,sub_1xImFaKG9LPos9UIFr3hc9sf
ch_32pM2wdGPvvgpBmmBuhX9KCC,2024-10-09 15:35:32,succeeded,980.0,0.0,32.1,947.9,card,,TW02NK9B-0002,subscription_cycle,12_month,1,cus_jJwzSEmMMRj2SM,Robert Moore,robert.moore@moore-network-services.example,Moore Network Services LLC,self_serve,network_consultant,network_consulting,US,sub_1IPQF9nbbF4R2qFweYcjScBW
ch_3AMVqj5JAWYcMIgyhbK6kgff,2024-10-10 07:42:29,succeeded,980.0,0.0,14.95,965.05,card,,2Z43QVSJ-0001,subscription_create,12_month,1,cus_vIJmsgTOllLg9w,Thomas Klein,thomas.klein@alpinewave-wireless-engineering.example,Alpinewave Wireless Engineering,self_serve,head_of_wireless,network_consulting,AT,sub_19dH7lf7sAD1fXI5JpC7Olbt
ch_3JWtFUtMViCcTAR6K9vTLnIn,2024-10-10 09:03:43,succeeded,599.0,0.0,19.72,579.28,card,,VSW9NAP0-0002,subscription_cycle,6_month,1,cus_q0zTLK54XjQKYf,Kate Lewis,kate.lewis@lewis-wireless-consulting.example,Lewis Wireless Consulting,self_serve,network_consultant,network_consulting,US,sub_1VTjhuWwdB5f5cgvcJcEMT6F
ch_3s95P1bh2fVZXZLFO0zh8QDK,2024-10-10 10:13:51,succeeded,980.0,0.0,32.1,947.9,card,,XX9Y4J6R-0002,subscription_cycle,12_month,1,cus_f5PDGgxg3w5UuI,Andrew Clark,andrew.clark@mailbox.example,,self_serve,network_consultant,network_consulting,US,sub_1mNI2dnmPKrcnPnpMvVqsq7O
ch_3PK2yO2bJRa8AYWkszFVI4hd,2024-10-10 15:04:36,succeeded,980.0,0.0,24.75,955.25,card,,CJ36MGUI-0001,subscription_create,12_month,1,cus_j2oliraDu4ZJ7U,Daniel Scott,daniel.scott@graniteview-warehousing.example,Graniteview Warehousing,self_serve,it_lead,logistics,GB,sub_1xcNbO4m5U34t5kpyzj8NCtr
py_3ivEKk4kyF8UR1V4ZcQOFFS8,2024-10-10 18:58:34,succeeded,1198.0,0.0,5.0,1193.0,bank_transfer,,967AHV85-0001,subscription_create,6_month,2,cus_hxrvJuk09mN5SH,Wouter Hendriks,wouter.hendriks@beaconmark-foods.example,Beaconmark Foods BV,self_serve,it_lead,food_beverage,BE,sub_1RVMRcyoaRICCd3uo0aD8qFR
ch_3eMahJYbEGdl3irW0t7ITN3c,2024-10-11 06:00:18,succeeded,599.0,0.0,9.23,589.77,card,,EC1ELLE3-0002,subscription_cycle,6_month,1,cus_Q8XTBB8hY1W99w,Thijs Jansen,thijs.jansen@lumengate-logistics.example,Lumengate Logistics B.V.,self_serve,it_lead,logistics,NL,sub_1jv1cljcVpIAQ2TZXVshA3O4
ch_3doqC8EUmv6VmVTWJQD84Ddl,2024-10-11 09:35:13,succeeded,980.0,0.0,32.1,947.9,card,,GQZ1LA1Z-0001,subscription_create,12_month,1,cus_djBx9rGokvmQ28,Rachel Collins,rachel.collins@auroraline-wireless.example,Auroraline Wireless LLC,self_serve,network_consultant,network_consulting,US,sub_15cw8NjBc0Dnp1oy5Ef25P71
ch_3UKxcGSlOlDwM4bgXsP3KMfL,2024-10-11 11:45:14,succeeded,599.0,0.0,9.23,589.77,card,,FW5ZZT57-0001,subscription_create,6_month,1,cus_ME6mkvfc5RcrDR,Kari Heikkinen,kari.heikkinen@brightpoint-wi-fi-solutions.example,Brightpoint Wi-Fi Solutions Oy,self_serve,network_consultant,network_consulting,FI,sub_1hTPixCfkUtdDbipzbUrnJ1K
ch_3NjKlKWxzoBpQhwtuZZia4R5,2024-10-11 15:49:33,succeeded,980.0,0.0,32.1,947.9,card,,EQFRGUMU-0001,subscription_create,12_month,1,cus_hFdqfEKZKoTqxe,Carlos Anderson,carlos.anderson@northmark-networks.example,Northmark Networks,self_serve,network_consultant,network_consulting,US,sub_1b7PA9Z3a052iYm6ys1kwoU4
ch_3iS168fWm0WgIT3WeL5GzFKF,2024-10-13 06:22:33,succeeded,980.0,0.0,32.1,947.9,card,,3BC22WRT-0001,subscription_create,12_month,1,cus_PO3XvfhQ1CNiIi,Paul Nelson,paul.nelson@granitelink-networks.example,Granitelink Networks LLC,self_serve,network_consultant,network_consulting,US,sub_1Xae7EuIfENc8BofoChb4HFW
ch_3PzZ1ocxLRTJW9El702L8Bg6,2024-10-13 13:58:59,succeeded,980.0,0.0,32.1,947.9,card,,89H03V9E-0002,subscription_cycle,12_month,1,cus_RLS6ComrpQ9F7k,Raj Kim,raj.kim@kim-wireless-consulting.example,Kim Wireless Consulting,self_serve,network_consultant,network_consulting,US,sub_1WB07dNe6ZY7dU0SE25s9DHo
ch_3YRVedyd3cf4nxfAFqfnFokg,2024-10-14 09:01:44,succeeded,2940.0,0.0,95.8,2844.2,card,,TM2KSJ3Q-0003,subscription_cycle,12_month,3,cus_t09G1juyNdvo9B,Ryan Carter,ryan.carter@silverfield-wireless-engineering.example,Silverfield Wireless Engineering LLC,self_serve,head_of_wireless,network_consulting,US,sub_1pMgBSlpY76bc2F0gh4nzijP
ch_3KryGCXruvfMRoiw6QxlmTuu,2024-10-14 11:11:10,succeeded,599.0,0.0,9.23,589.77,card,,87GDNGQ1-0003,subscription_cycle,6_month,1,cus_n1IgkoIycNIzus,Sébastien Martin,sebastien.martin@vertexstream-wireless.example,Vertexstream Wireless,self_serve,network_consultant,network_consulting,FR,sub_1CUO8A5lICe5kDZ8fdcTsgoi
ch_3f9mYTy4iJkPHKbbyTe6dSUj,2024-10-16 14:36:26,succeeded,980.0,0.0,32.1,947.9,card,,GH7B64GE-0001,subscription_create,12_month,1,cus_2yxwUvSH1jrGHS,Jessica Williams,jessica.williams@polarworks-wi-fi-solutions.example,Polarworks Wi-Fi Solutions Inc.,self_serve,network_consultant,network_consulting,CA,sub_1lXVty5Bmrn2R0SVuEgd8btn
ch_3cEyyzaL9AmUHX4sdNpf26Vn,2024-10-17 10:54:07,succeeded,2940.0,0.0,95.8,2844.2,card,,NOPECQ6T-0001,subscription_create,12_month,3,cus_euZQtopEIAA3r9,Andrew Brown,andrew.brown@brown-wireless-consulting.example,Brown Wireless Consulting,self_serve,network_consultant,network_consulting,AU,sub_1MV4pn7nsQZUcOcQzQyt3kGC
ch_3CDLQT2Vk4FtWxNmHmYgF72D,2024-10-17 16:37:25,succeeded,1198.0,0.0,18.22,1179.78,card,,VK5U29AU-0001,subscription_create,6_month,2,cus_AIxcM75ZygtrO4,Anja Wagner,anja.wagner@bluestream-clinics.example,Bluestream Clinics GmbH,self_serve,it_lead,healthcare,AT,sub_183okC0gxHvIxSGqnK2XwPhu
ch_3fTAFojPf15x8EXnNpiUmsZN,2024-10-17 20:18:04,succeeded,980.0,0.0,14.95,965.05,card,,64SUGVFM-0001,subscription_create,12_month,1,cus_VF1zSJjTX0jwGs,Anja Braun,anja.braun@ironport-foods.example,Ironport Foods GmbH,self_serve,it_lead,food_beverage,DE,sub_19qgpc77Nxs6bI6pZIAY0qqb
ch_31iQzZ8Rjws3jpZFNv4XjHCI,2024-10-18 10:14:44,succeeded,599.0,0.0,19.72,579.28,card,,1RKTC55R-0001,subscription_create,6_month,1,cus_Crlkw4GoHmRswN,Tom Smith,tom.smith@deltapath-hotels.example,Deltapath Hotels LLC,self_serve,it_lead,hospitality,US,sub_1TR8pN6EyB6GWcRIse29H7II
ch_3zIPloCn4TIboXJwI4kLADKR,2024-10-19 05:44:26,succeeded,599.0,0.0,19.72,579.28,card,,C0UIYT7P-0002,subscription_cycle,6_month,1,cus_ZxO0NfqpHeHpeR,Paul Johnson,paul.johnson@novapeak-retail-group.example,Novapeak Retail Group,self_serve,it_lead,retail,US,sub_1vXEAYojjlzK5akZfdZLQ7FS
py_3QYdKtBtvvKREcdPerMDtu0e,2024-10-19 18:11:55,succeeded,150000.0,0.0,5.0,149995.0,bank_transfer,,0KVOGSE1-0002,subscription_cycle,enterprise,1,cus_ToeQpp7vK7SyEx,St. Alder Regional Health System,accounts.payable@st-alder-regional-health-system.example,St. Alder Regional Health System,enterprise,,hospital,US,sub_1PY0lblCJr2LKYC4sFp2DDRM
ch_3u34COPyjhOg98qOT3HwkKXm,2024-10-20 15:32:09,succeeded,1960.0,0.0,29.65,1930.35,card,,LOI95WA8-0002,subscription_cycle,12_month,2,cus_9p9CpjEYV7Zw81,Laura Mäkelä,laura.makela@brightstream-rf-consulting.example,Brightstream RF Consulting,self_serve,network_consultant,network_consulting,FI,sub_1T4oCuveWempeplYBG21F3M3
ch_3iUFbtdUuvgnf5buTVhGH4iX,2024-10-20 21:42:15,succeeded,599.0,0.0,19.72,579.28,card,,J5BVUHG6-0003,subscription_cycle,6_month,1,cus_lp5eqoNuExQNyL,Ryan Evans,ryan.evans@orbitwave-wi-fi-solutions.example,Orbitwave Wi-Fi Solutions,self_serve,network_consultant,network_consulting,CA,sub_1id33msnykpCjuwbzpvPwrwH
ch_3lcgME6JHqY1bBjdiL61L8aH,2024-10-21 15:26:55,failed,980.0,0.0,,,card,card_declined,VLJ7KMFQ-0002,subscription_cycle,12_month,1,cus_wNHFzH6HJgLwlb,Antti Hämäläinen,antti.hamalainen@alpinefield-wi-fi-solutions.example,Alpinefield Wi-Fi Solutions,self_serve,network_consultant,network_consulting,FI,sub_1QL11Uf3g4VMAyo7QOgkI7Ha
ch_39NSSWijWByZN0SjlbEfG44m,2024-10-21 16:53:52,succeeded,599.0,0.0,19.72,579.28,card,,69PPGOAI-0002,subscription_cycle,6_month,1,cus_MYuZ1FbZYOaYRT,Olivia Jones,olivia.jones@apexpath-schools.example,Apexpath Schools,self_serve,it_lead,education,AU,sub_1a2CLmd0NjZQFZwRN8GnYqv6
ch_3X1jFcmxkCn0LnS0L6DejRab,2024-10-21 17:23:48,succeeded,599.0,0.0,9.23,589.77,card,,3NOPCR8S-0001,subscription_create,6_month,1,cus_CLCR7BrtZr7QOp,Miguel Fernández,miguel.fernandez@fernandez-network-services.example,Fernández Network Services,self_serve,network_consultant,network_consulting,ES,sub_19zrLdrLbExrRod6D5MmNDRK
ch_3msryb5xniNu1VZEIzwGCTie,2024-10-21 19:34:50,succeeded,599.0,0.0,9.23,589.77,card,,Y8CIAZ7I-0001,subscription_create,6_month,1,cus_GQIceU6qZNMLqX,Niels Bakker,niels.bakker@ironline-networks.example,Ironline Networks,self_serve,network_consultant,network_consulting,NL,sub_1YtNB6oF4RPUSFxIucDiryyT
ch_30FGVjW0gSBNqeKwAQybg6FE,2024-10-22 06:19:11,succeeded,980.0,0.0,32.1,947.9,card,,35B6HKL9-0001,subscription_create,12_month,1,cus_kNmKmPLBsTtObl,Amanda Clark,amanda.clark@clark-wireless-consulting.example,Clark Wireless Consulting LLC,self_serve,network_consultant,network_consulting,US,sub_15hP5MiZ0gQvt7bQAmp8WNfO
ch_3GruLMxxEKlxNvRCRnvRqdQY,2024-10-23 11:47:49,succeeded,1198.0,0.0,39.19,1158.81,card,,WAFC93LF-0002,subscription_cycle,6_month,2,cus_oGxS1utSOza5c4,Wei Brown,wei.brown@atlaslink-networks.example,Atlaslink Networks,self_serve,network_consultant,network_consulting,US,sub_189qS21fyFjk0DhximHtqRjb
ch_3CBXB0wgjlujVrUumrRLxqIU,2024-10-23 13:48:51,succeeded,1198.0,0.0,18.22,1179.78,card,,V6SE6DG7-0001,subscription_create,6_month,2,cus_ZaS6xTFxITHkoc,Lars Jensen,lars.jensen@jensen-wireless-consulting.example,Jensen Wireless Consulting,self_serve,network_consultant,network_consulting,SE,sub_1uLFxF1lleOc1WL7QjbMjWOB
py_3zCuROLcEjhrU6tPonCBOvIT,2024-10-23 23:26:25,succeeded,1198.0,0.0,5.0,1193.0,bank_transfer,,KEJ5CTXT-0001,subscription_create,6_month,2,cus_Fzp4EUgDnjCoLT,Bram Bos,bram.bos@polarcore-industries.example,Polarcore Industries B.V.,self_serve,it_lead,manufacturing,NL,sub_191yK6AiaXKu35V9ai4J50mL
ch_3WyexBRCgq7fhTAZIjeTfXl2,2024-10-24 11:46:04,succeeded,980.0,0.0,14.95,965.05,card,,FNS4A7GO-0002,subscription_cycle,12_month,1,cus_RTMIu1ZUjkLqwa,Davide Bianchi,davide.bianchi@clearstream-wireless.example,Clearstream Wireless,self_serve,network_consultant,network_consulting,IT,sub_1YTvv3pK5dJR9Gsq4rCxCZmR
ch_3sqOg1zrjTq6V6x3Iiy0oUTg,2024-10-24 12:15:05,succeeded,980.0,0.0,24.75,955.25,card,,PTSQTHUM-0004,subscription_cycle,12_month,1,cus_87TTzBBp2BBWQR,Andrew Lee,andrew.lee@deltafield-wi-fi-solutions.example,Deltafield Wi-Fi Solutions Ltd,self_serve,network_consultant,network_consulting,GB,sub_18EhPMuZMHq1KbD9W1SkGuHv
ch_31nByt8gKBzCq9XgifZCGGtL,2024-10-24 13:41:34,succeeded,1960.0,0.0,63.95,1896.05,card,,8BATTO58-0003,subscription_cycle,12_month,2,cus_Onhwj49vatyQSW,Raj Thompson,raj.thompson@maplelink-managed-services.example,Maplelink Managed Services LLC,self_serve,head_of_wireless,it_services,US,sub_1gw1Ux4UhBqjl75btKPPCxh6
ch_38g2wxnlCXOqEUfYOBrLoMcW,2024-10-24 16:05:55,succeeded,980.0,0.0,14.95,965.05,card,,VLJ7KMFQ-0002,subscription_cycle,12_month,1,cus_wNHFzH6HJgLwlb,Antti Hämäläinen,antti.hamalainen@alpinefield-wi-fi-solutions.example,Alpinefield Wi-Fi Solutions,self_serve,network_consultant,network_consulting,FI,sub_1QL11Uf3g4VMAyo7QOgkI7Ha
ch_3TuOZiGnlrVufTeM8B3tXTbV,2024-10-25 11:56:31,succeeded,980.0,0.0,14.95,965.05,card,,TCKJLS0L-0001,subscription_create,12_month,1,cus_U715mJCpevcy7y,Mikkel Madsen,mikkel.madsen@nordicfield-telecom.example,Nordicfield Telecom AB,self_serve,head_of_wireless,telecom,SE,sub_1l4jZjlsSfw5mA8Nn7TEFiwv
ch_3eEyKkbICftzm33y4M5gpAei,2024-10-25 16:03:54,succeeded,1960.0,0.0,29.65,1930.35,card,,F3F3KOQY-0001,subscription_create,12_month,2,cus_IEQTr28j7vaeNX,Marco Gallo,marco.gallo@nordicstream-partners.example,Nordicstream Partners,self_serve,it_lead,professional_services,IT,sub_1dzTVJ4YeL30phqhWkTjxQCv
ch_3PK4It2vvaTmVt1atIkZyNXq,2024-10-26 09:02:33,succeeded,980.0,0.0,32.1,947.9,card,,3R6099ZF-0002,subscription_cycle,12_month,1,cus_JsaKU2VqUnZYG0,Matt Lee,matt.lee@lee-network-services.example,Lee Network Services Inc.,self_serve,network_consultant,network_consulting,CA,sub_1FD6FGKwRpFXD6lYubiefgmP
ch_3L8F7VI5xahN6O2rGZHd7n7e,2024-10-26 20:09:18,succeeded,980.0,0.0,14.95,965.05,card,,LLVQR7P4-0002,subscription_cycle,12_month,1,cus_ayf46Y8qT3DB1K,Andrea Conti,andrea.conti@conti-wireless-consulting.example,Conti Wireless Consulting,self_serve,network_consultant,network_consulting,IT,sub_1j3x2mj46GMP8i1sNV5JpITQ
ch_37uj5JLWlSJYKMXHTFCTjvl1,2024-10-27 05:07:10,failed,980.0,0.0,,,card,expired_card,MR3RKXET-0002,subscription_cycle,12_month,1,cus_yDnlDoHEGKsGRv,Lotte Hendriks,lotte.hendriks@harborpoint-foods.example,Harborpoint Foods B.V.,self_serve,it_lead,food_beverage,NL,sub_19obnVIwmnQFsZJKaKlwe8ll
ch_3Z05nC18HcvxRtu07Vqe3Cip,2024-10-27 15:09:48,succeeded,1960.0,0.0,29.65,1930.35,card,,LDKZOHS4-0003,subscription_cycle,12_month,2,cus_jXzoFfA3fgqami,Kristian Hansen,kristian.hansen@hansen-network-services.example,Hansen Network Services AS,self_serve,network_consultant,network_consulting,NO,sub_175zRB1J8jyEN7ASbOTDCAIC
ch_3HqA7ahagZMHbcblP1gVU46M,2024-10-29 04:07:16,succeeded,599.0,0.0,19.72,579.28,card,,42T6DPDK-0001,subscription_create,6_month,1,cus_YmhFMVCn6gLHQm,Emily Young,emily.young@young-wireless-consulting.example,Young Wireless Consulting,self_serve,network_consultant,network_consulting,US,sub_1MGKTaOfuDQkPlwJudoXe7xt
ch_3Z90eOWxnDE8RgJg8AZ4df4n,2024-10-29 08:09:10,succeeded,980.0,0.0,24.75,955.25,card,,VGJR5LZX-0001,subscription_create,12_month,1,cus_ffWWmuaRlqp84T,Robert Wilson,robert.wilson@postbox.example,,self_serve,network_consultant,network_consulting,GB,sub_1ZlcTsoYeSc7wx5K1jPplIWa
ch_3aTEmVQJanlXQxNvMAAhHwd1,2024-10-29 10:38:59,succeeded,980.0,0.0,32.1,947.9,card,,ISD2JF96-0002,subscription_cycle,12_month,1,cus_86hQONyp3SN29D,Jessica Martin,jessica.martin@novamark-rf-consulting.example,Novamark RF Consulting,self_serve,network_consultant,network_consulting,US,sub_1qOdyTypM1RMrmFTQ06ksZGi
ch_3PEgAncHevRuid5IoAXNXqbQ,2024-10-29 13:53:37,succeeded,599.0,0.0,19.72,579.28,card,,VK3N9OFF-0001,subscription_create,6_month,1,cus_twJ59wKar3b1iV,Megan Phillips,megan.phillips@stonegate-construction.example,Stonegate Construction Pty Ltd,self_serve,it_lead,construction,AU,sub_1xKkzq7cqFzEHV5uzXMEQ731
py_3ApENdINK8eZVRlHTaOPt2Ns,2024-10-29 20:34:43,succeeded,4900.0,0.0,5.0,4895.0,bank_transfer,,4X4MPT2A-0002,subscription_cycle,12_month,5,cus_S1m31swSRs320j,Niels Jansen,niels.jansen@granitepoint-telecom.example,Granitepoint Telecom BV,self_serve,head_of_wireless,telecom,BE,sub_1ayEY8hZBpKERfiemzNQCk9O
ch_3Mcs8NRs2YcdU2E9hX4eOdKx,2024-10-30 05:08:10,failed,980.0,0.0,,,card,expired_card,MR3RKXET-0002,subscription_cycle,12_month,1,cus_yDnlDoHEGKsGRv,Lotte Hendriks,lotte.hendriks@harborpoint-foods.example,Harborpoint Foods B.V.,self_serve,it_lead,food_beverage,NL,sub_19obnVIwmnQFsZJKaKlwe8ll
ch_31Ax6HhRG89OaZ9gjeHgE6cl,2024-10-30 08:00:39,succeeded,599.0,0.0,9.23,589.77,card,,F5BVJ7AI-0003,subscription_cycle,6_month,1,cus_k6ziEClSi4C38z,Sander Dekker,sander.dekker@pinestream-clinics.example,Pinestream Clinics,self_serve,it_lead,healthcare,NL,sub_1XuJQWCCM4NdVDwJfm7d0x8J
ch_3Zi9CWCR7Fi1rL4kheA7DogZ,2024-10-30 11:56:13,succeeded,599.0,0.0,9.23,589.77,card,,9SAIHMWT-0001,subscription_create,6_month,1,cus_xh4ObnbKeTPiCX,Francesca Russo,francesca.russo@northpath-schools.example,Northpath Schools,self_serve,it_lead,education,IT,sub_1mPwVeOSSpSeGkrtRkEqvqEv
ch_3W9HeU8rah1QXTKWmz1pKVxy,2024-10-31 19:23:37,succeeded,980.0,0.0,14.95,965.05,card,,NML0GFHC-0001,subscription_create,12_month,1,cus_rEUB8cWewjYgnf,Ola Jensen,ola.jensen@cedarworks-rf-consulting.example,Cedarworks RF Consulting AS,self_serve,network_consultant,network_consulting,NO,sub_1tbger5P6YKJFnB8UlBfEfgt
ch_3jXiOcSpYXeDdDUSYwStvcIN,2024-11-01 06:06:37,succeeded,1960.0,0.0,29.65,1930.35,card,,88JB5SQB-0003,subscription_cycle,12_month,2,cus_0VNUALL5Cv4Zae,Simone Conti,simone.conti@westfield-managed-services.example,Westfield Managed Services S.r.l.,self_serve,head_of_wireless,it_services,IT,sub_16w0DGGA2HUO2imJPjOBkwJ7
ch_3NdgC3bkIkFW85JtxUfRzfHl,2024-11-01 10:57:23,succeeded,599.0,0.0,19.72,579.28,card,,02JOMCHD-0001,subscription_create,6_month,1,cus_vlv6888cZ6eG7L,Ben Collins,ben.collins@beaconcore-construction.example,Beaconcore Construction,self_serve,it_lead,construction,AU,sub_108cr6k8uTNNzvrogVo3202L
ch_3CRMsv5UFYYD7AH0JjlweYdz,2024-11-03 19:26:43,succeeded,599.0,0.0,9.23,589.77,card,,8LW71OBF-0002,subscription_cycle,6_month,1,cus_msFWQ5FvAJb9F6,Ryan Roberts,ryan.roberts@ironpath-media.example,Ironpath Media,self_serve,it_lead,media,IE,sub_1kvj4C4Xz4vRbzW4cyNHGuGl
ch_3vBxMhT4AqrMRvZcVHgiR0qS,2024-11-04 05:31:10,succeeded,980.0,0.0,14.95,965.05,card,,MR3RKXET-0002,subscription_cycle,12_month,1,cus_yDnlDoHEGKsGRv,Lotte Hendriks,lotte.hendriks@harborpoint-foods.example,Harborpoint Foods B.V.,self_serve,it_lead,food_beverage,NL,sub_19obnVIwmnQFsZJKaKlwe8ll
ch_3BrIdrnKDBCIORuxGYP8lNBv,2024-11-04 17:14:34,succeeded,599.0,0.0,19.72,579.28,card,,AKU366TN-0001,subscription_create,6_month,1,cus_sNKoJEuhgvlF4Z,David Lee,david.lee@westmark-wi-fi-solutions.example,Westmark Wi-Fi Solutions,self_serve,network_consultant,network_consulting,CA,sub_1MKMzsE0OoNKnUN69eRLFA5s
ch_3Okymdwy5SQvSTUQ53y8nDl4,2024-11-04 18:00:59,succeeded,980.0,0.0,32.1,947.9,card,,QYOGQ3CG-0001,subscription_create,12_month,1,cus_wAZwNk9GGOZNhv,Eric Lewis,eric.lewis@alpinemark-communications.example,Alpinemark Communications Ltd,self_serve,head_of_wireless,telecom,NZ,sub_1qiMK1JNd55j301VrJhbbnyn
ch_3EcY23CH6A5kEKG2p13vNuK0,2024-11-04 19:06:51,succeeded,599.0,0.0,15.23,583.77,card,,Q2J7V4SK-0001,subscription_create,6_month,1,cus_3hyoQ3OmgeT749,Ahmed Wright,ahmed.wright@wright-network-services.example,Wright Network Services Ltd,self_serve,network_consultant,network_consulting,GB,sub_16jKkn3GjR4uUGU56v1ANOEa
ch_3ZDWhCClLTN1qFvO76mtasd4,2024-11-05 15:10:40,succeeded,980.0,980.0,32.1,947.9,card,,5M1NS4S5-0001,subscription_create,12_month,1,cus_LIsqmEvfPCE7Zu,Amanda Thompson,amanda.thompson@polarwave-wireless.example,Polarwave Wireless LLC,self_serve,network_consultant,network_consulting,US,sub_1RF3cgbL5uLmz4jNdCjgcNO3
ch_33sWfJLEZH9Q3OR5M6ct9t6k,2024-11-05 20:59:57,succeeded,980.0,0.0,14.95,965.05,card,,HPMMLV3W-0001,subscription_create,12_month,1,cus_fStAA4DeN32xNK,Sanna Mäkelä,sanna.makela@vertexport-rf-consulting.example,Vertexport RF Consulting,self_serve,network_consultant,network_consulting,FI,sub_15WAuFuz8mY2nce9eZ4IoPZM
ch_3ti2azoC8PZnztHxO0Fnc6mS,2024-11-06 08:26:33,succeeded,2940.0,0.0,44.35,2895.65,card,,9R6OI55E-0001,subscription_create,12_month,3,cus_FueWVDpUJ3sRfa,Petri Virtanen,petri.virtanen@virtanen-network-services.example,Virtanen Network Services Oy,self_serve,network_consultant,network_consulting,FI,sub_1bFmGFcMhlSNI1oZ7gtVDv6w
ch_3Ofx4fZUhyfmefHm2Fohh6CM,2024-11-06 16:16:10,succeeded,980.0,0.0,32.1,947.9,card,,FQX9AG0G-0002,subscription_cycle,12_month,1,cus_GnJG2MU2xOxLDN,Wei Carter,wei.carter@westport-wireless.example,Westport Wireless LLC,self_serve,network_consultant,network_consulting,US,sub_1Y1QThHa7QFNS1HcH7D39w9a
ch_3KMHZ9hdDY0mDrUhNSpQazig,2024-11-06 19:10:07,succeeded,980.0,0.0,14.95,965.05,card,,7I7YIOPX-0001,subscription_create,12_month,1,cus_2thRI5KmdXDDNL,Søren Andersson,soren.andersson@orbitlink-networks.example,Orbitlink Networks,self_serve,network_consultant,network_consulting,NO,sub_1bde3tkuSui5vuDIkHXyNhLY
ch_3dO5wkVVl59utj6LIFUFLyv0,2024-11-06 21:17:28,succeeded,1198.0,0.0,39.19,1158.81,card,,5470BGID-0001,subscription_create,6_month,2,cus_Yv0zKKTHDRYDcz,Priya Baker,priya.baker@baker-wireless-consulting.example,Baker Wireless Consulting,self_serve,network_consultant,network_consulting,CA,sub_1WLtCzeGpeg03PwPJlDXac4D
ch_3HU4DyX2HuBCiQDiQZ3ek3tq,2024-11-07 14:06:10,succeeded,980.0,0.0,14.95,965.05,card,,IIKT5LUM-0002,subscription_cycle,12_month,1,cus_MoYFmijFjPqxPg,Lena Schulz,lena.schulz@polarlink-wi-fi-solutions.example,Polarlink Wi-Fi Solutions GmbH,self_serve,network_consultant,network_consulting,AT,sub_1s2FHmeYS20oMP3OWIFMc2PJ
ch_3NF06DNi04dK0ozJX656UJCa,2024-11-07 14:58:38,succeeded,980.0,0.0,32.1,947.9,card,,8JXRHIVR-0001,subscription_create,12_month,1,cus_ba845SqwGJ9bYc,Dirk Wolf,dirk.wolf@wolf-network-services.example,Wolf Network Services,self_serve,network_consultant,network_consulting,CH,sub_1ZpIutVmTYnFRDO51BpYNAYE
py_3H3qg8guxCqfXYj0Zs5JFl13,2024-11-07 17:25:04,succeeded,2940.0,0.0,5.0,2935.0,bank_transfer,,PIR8LKOZ-0001,subscription_create,12_month,3,cus_585LMF2oIgjSmb,Amanda Evans,amanda.evans@vertexwave-it-solutions.example,Vertexwave IT Solutions LLC,self_serve,head_of_wireless,it_services,US,sub_1hwiSHYjVpAQ61CcqRRbJMm1
ch_3JVnryRqYrMynvHcgFiqZc19,2024-11-07 21:53:55,succeeded,980.0,980.0,32.1,947.9,card,,RBSL0YRE-0001,subscription_create,12_month,1,cus_bIAYfMFUZSGGrn,Josh Brown,josh.brown@granitepath-rf-consulting.example,Granitepath RF Consulting,self_serve,network_consultant,network_consulting,US,sub_1L3LvgQEagSdbXmbyL6HVZbl
ch_3KTuzBoNXQc7XWKGFwCXfTqu,2024-11-08 13:50:34,succeeded,599.0,0.0,9.23,589.77,card,,DPA4MPKV-0001,subscription_create,6_month,1,cus_PTdcV4bVuwEC7k,Pieter Peeters,pieter.peeters@beaconlink-media.example,Beaconlink Media,self_serve,it_lead,media,NL,sub_1tHEqsALvdYvK97fb5BNKAg1
py_3V9W5rclJzWWGsGfPXWWJSkr,2024-11-08 19:42:11,succeeded,1198.0,0.0,5.0,1193.0,bank_transfer,,G6BHPXQQ-0002,subscription_cycle,6_month,2,cus_W8OBvlwRhVrXPp,Andrew Jones,andrew.jones@polarbridge-properties.example,Polarbridge Properties LLC,self_serve,it_lead,real_estate,US,sub_12qt6hSkdiAJthsXswjNqN6t
ch_3RIPGA9DhuKJ6oWNZXwwYvPo,2024-11-09 10:40:20,succeeded,599.0,0.0,19.72,579.28,card,,B1Y3K3QS-0001,subscription_create,6_month,1,cus_hvVAXvWGu0l22F,Kevin Baker,kevin.baker@westcore-wi-fi-solutions.example,Westcore Wi-Fi Solutions,self_serve,network_consultant,network_consulting,CA,sub_1izV6TSoAQXmvQVuW6K8THiH
ch_3ja4Qj3WH5X6M3T7ywDp27uE,2024-11-09 14:15:32,succeeded,980.0,0.0,14.95,965.05,card,,73G8RQ5O-0001,subscription_create,12_month,1,cus_DONCbRJKT53NtX,Karin Hansen,karin.hansen@hansen-network-services.example,Hansen Network Services AS,self_serve,network_consultant,network_consulting,NO,sub_1CHmWumAr0T0mHnQ35r5HvjH
ch_3RqfiWGIU9xp6SQ20NMSJlx9,2024-11-09 16:54:30,succeeded,980.0,0.0,32.1,947.9,card,,181JXPFK-0003,subscription_cycle,12_month,1,cus_ZjYjJQvHaAfBNd,Emily Jones,emily.jones@crestline-networks.example,Crestline Networks LLC,self_serve,network_consultant,network_consulting,US,sub_1lALHA5OLMCLZuDsRYYZ9X3H
ch_3iYBw7EZQEDxwWiji6eLCbUa,2024-11-10 05:41:44,succeeded,980.0,980.0,32.1,947.9,card,,XUGDC6GI-0001,subscription_create,12_month,1,cus_Z17ll2jtCJL5CF,Olivia Jackson,olivia.jackson@inbox.example,,self_serve,network_consultant,network_consulting,US,sub_1gIIkyi6zWItj4Nc5XN7Ob6t
ch_3FYPrtpoKmsjOaySC89Pf1IH,2024-11-11 09:14:04,failed,1198.0,0.0,,,card,expired_card,ZG6N32WM-0005,subscription_cycle,6_month,2,cus_WNGUw9YW7d2i80,Ryan White,ryan.white@northlink-schools.example,Northlink Schools LLC,self_serve,it_lead,education,US,sub_1cat6gLR5EEhTF3M9nMsvatR
ch_3R8hAJKJEh4TKVXrv4QRqmb5,2024-11-12 05:15:14,succeeded,980.0,0.0,24.75,955.25,card,,5H36J82N-0001,subscription_create,12_month,1,cus_0QXINtK5mEBbga,Laura Thomas,laura.thomas@thomas-network-services.example,Thomas Network Services,self_serve,network_consultant,network_consulting,GB,sub_19L2xiTfQK7MXTSEYXstDGya
ch_3E3ZWYW6WoOokxykHUglQFTW,2024-11-12 10:56:36,succeeded,980.0,0.0,14.95,965.05,card,,BFM3GA4H-0001,subscription_create,12_month,1,cus_ORORD69SyHVgKv,Matteo Romano,matteo.romano@romano-wireless-consulting.example,Romano Wireless Consulting S.r.l.,self_serve,network_consultant,network_consulting,IT,sub_1v2KNv7EsAADHlgMDOl2v0eZ
ch_3XWIMSyM6PZSKvyq6egR5ECt,2024-11-13 05:33:02,succeeded,599.0,0.0,15.23,583.77,card,,F48TNZEB-0001,subscription_create,6_month,1,cus_msg7hklyNT9aKN,Amanda Taylor,amanda.taylor@taylor-wireless-consulting.example,Taylor Wireless Consulting,self_serve,network_consultant,network_consulting,GB,sub_1BxZQ42lQI6ewPRLdJP3ms0w
ch_3O1cBZxYDzxmitSLXSm3Zhbn,2024-11-13 08:45:54,succeeded,980.0,0.0,14.95,965.05,card,,AGR12C2U-0002,subscription_cycle,12_month,1,cus_uLFfGJHFhvuiSe,Pierre Fontaine,pierre.fontaine@postbox.example,,self_serve,network_consultant,network_consulting,FR,sub_1hdyaBeblaFbhZAqTtFS5uux
ch_3rhBQ7CCtv1MRuXkSMyWuhW7,2024-11-14 10:20:04,failed,1198.0,0.0,,,card,expired_card,ZG6N32WM-0005,subscription_cycle,6_month,2,cus_WNGUw9YW7d2i80,Ryan White,ryan.white@northlink-schools.example,Northlink Schools LLC,self_serve,it_lead,education,US,sub_1cat6gLR5EEhTF3M9nMsvatR
ch_3wl5WfJpyDi7Z4Ufl81yHNtA,2024-11-14 17:59:37,succeeded,980.0,0.0,32.1,947.9,card,,GGX0OI8T-0003,subscription_cycle,12_month,1,cus_xHVGVyyc3CtHnM,Nicole Parker,nicole.parker@signalpoint-industries.example,Signalpoint Industries,self_serve,it_lead,manufacturing,US,sub_1lHGKAJs9lHBZN3G2G7xxadV
ch_3i2Ceig3XZPLM0tRxVI6dO3h,2024-11-15 13:56:22,succeeded,980.0,0.0,14.95,965.05,card,,9KQILHF0-0001,subscription_create,12_month,1,cus_eM8PAkynLB73sf,Sander Dekker,sander.dekker@brightmark-partners.example,Brightmark Partners,self_serve,it_lead,professional_services,NL,sub_1D8D0Tr9ekBpBqx7p3pC94W0
ch_3Kc3IfR6bNcpTL342lDkgebX,2024-11-15 15:02:08,succeeded,980.0,0.0,14.95,965.05,card,,9592HK2N-0001,subscription_create,12_month,1,cus_Te5n1tWgIk9zsb,Karin Madsen,karin.madsen@novaline-retail-group.example,Novaline Retail Group AS,self_serve,it_lead,retail,NO,sub_1Wy4jpnQglLjJYtcZms1VPaV
ch_36XAqfryQKuxRhnLnCzv8EkL,2024-11-15 15:18:42,succeeded,980.0,0.0,24.75,955.25,card,,YOYTRIK9-0005,subscription_cycle,12_month,1,cus_JNudpHxv4xR8gN,Nicole Mitchell,nicole.mitchell@bluegate-networks.example,Bluegate Networks Ltd,self_serve,network_consultant,network_consulting,GB,sub_1DtkOsehto9w9B3zXNh0EOCr
ch_3NaEq5U9ezdAHwDCOTKmNXNu,2024-11-16 14:48:14,succeeded,1198.0,0.0,18.22,1179.78,card,,FT79CO6U-0005,subscription_cycle,6_month,2,cus_8xDFPIRaNpJ276,Sabine Hartmann,sabine.hartmann@apexmark-clinics.example,Apexmark Clinics GmbH,self_serve,it_lead,healthcare,DE,sub_1IOog7pi2KYJLoahh9957U7P
ch_331ib8LMBTpypPPwqCfdonZK,2024-11-16 15:10:44,succeeded,599.0,0.0,5.14,593.86,sepa_debit,,TXICH8FM-0001,subscription_create,6_month,1,cus_WdWrUajxAG4hon,Joost de Vries,joost.devries@orbitcore-media.example,Orbitcore Media B.V.,self_serve,it_lead,media,NL,sub_1gREgN1NKuVGPRNDd58d2mPS
ch_3NSXqqMnDt1e8BAtr6bMCmMS,2024-11-17 07:36:47,succeeded,599.0,0.0,9.23,589.77,card,,JYJ34KAY-0001,subscription_create,6_month,1,cus_TdpAdc0IUlJpZn,Elena Díaz,elena.diaz@diaz-network-services.example,Díaz Network Services S.L.,self_serve,network_consultant,network_consulting,ES,sub_1GMqxc8Wut8YSDqUYwotBzD0
ch_3Ub3KMzTNqe1IOUCJzh98pyd,2024-11-17 07:48:02,succeeded,2940.0,0.0,44.35,2895.65,card,,7LCNHJMR-0003,subscription_cycle,12_month,3,cus_w6DMwX9tqDdrwU,Mark Williams,mark.williams@greenstream-systems-integration.example,Greenstream Systems Integration,self_serve,head_of_wireless,it_services,IE,sub_1x490h4FvzhRXrLVVE4Xsvdn
ch_3gj6cNZWCgUx9rx5AwoMH9Nm,2024-11-18 04:55:28,succeeded,599.0,0.0,15.23,583.77,card,,0JJTYD1V-0001,subscription_create,6_month,1,cus_uBjOdYBAXwNbd4,Kate Scott,kate.scott@brightpath-retail-group.example,Brightpath Retail Group Ltd,self_serve,it_lead,retail,GB,sub_1luhU1FirgjusgBAVg7X5cnE
ch_3XbIoVZN86cbboSPRdAesHhB,2024-11-18 09:30:38,succeeded,980.0,0.0,14.95,965.05,card,,BHDRPQUK-0001,subscription_create,12_month,1,cus_AvdTmkPIafncyb,Marko Lahtinen,marko.lahtinen@stonestream-partners.example,Stonestream Partners Oy,self_serve,it_lead,professional_services,FI,sub_1l3Xv6Cm9xE9UBtLIGf4VbpJ
ch_3PiN5tvE99lEULbPbCQuQw44,2024-11-18 15:42:15,succeeded,980.0,980.0,32.1,947.9,card,,BAGHKKN1-0001,subscription_create,12_month,1,cus_60cMY4P9cBqGZ7,Priya Roberts,priya.roberts@clearworks-hotels.example,Clearworks Hotels Pty Ltd,self_serve,it_lead,hospitality,AU,sub_1JBgkSXJAk4HiPiyVFXrw7Gi
ch_3W6vSOMcVaTa4B81w6mbjVuA,2024-11-19 09:41:04,failed,1198.0,0.0,,,card,expired_card,ZG6N32WM-0005,subscription_cycle,6_month,2,cus_WNGUw9YW7d2i80,Ryan White,ryan.white@northlink-schools.example,Northlink Schools LLC,self_serve,it_lead,education,US,sub_1cat6gLR5EEhTF3M9nMsvatR
ch_3PM4RoMJVDjmszHQnwya1VXH,2024-11-19 12:02:33,succeeded,599.0,0.0,9.23,589.77,card,,W75Q4Y5G-0001,subscription_create,6_month,1,cus_hIEml562tOFfXa,Marko Nieminen,marko.nieminen@inbox.example,,self_serve,network_consultant,network_consulting,FI,sub_1VbubG2kMntHw8pwZX7KMsa5
ch_3SpcsWcRzejWjl4pEvdbL3mi,2024-11-19 16:18:45,succeeded,980.0,0.0,32.1,947.9,card,,DWE0YJ11-0001,subscription_create,12_month,1,cus_TndBds8p8TrGjP,David Smith,david.smith@smith-wireless-consulting.example,Smith Wireless Consulting LLC,self_serve,network_consultant,network_consulting,US,sub_1Yjuxeia6YQoaknJFyCdInt2
ch_3tK4H499ZDi8spDW1guojQy6,2024-11-19 19:47:37,succeeded,599.0,0.0,19.72,579.28,card,,JUBCAZ2L-0001,subscription_create,6_month,1,cus_67s1PTrEons1t0,Steve Roberts,steve.roberts@auroraworks-rf-consulting.example,Auroraworks RF Consulting,self_serve,network_consultant,network_consulting,US,sub_1wp1u1ZdJQ4iPemoQ937JygQ
ch_3JvrWHG9VXuNIjjgG30tTwAj,2024-11-20 13:03:56,succeeded,599.0,0.0,9.23,589.77,card,,W7TF309Q-0001,subscription_create,6_month,1,cus_0JKQOhwzw8Owdy,Maarten van den Berg,maarten.vandenberg@van-den-berg-wireless-consulting.example,van den Berg Wireless Consulting B.V.,self_serve,network_consultant,network_consulting,NL,sub_1cejrmvxuRLN86yikuVrQiOW
ch_3MWHGS16c8d3gqVyfzYcJiUs,2024-11-20 15:34:27,succeeded,980.0,0.0,32.1,947.9,card,,99NDHGB4-0001,subscription_create,12_month,1,cus_mI27tVvZVClYsl,Stefan Wolf,stefan.wolf@wolf-network-services.example,Wolf Network Services,self_serve,network_consultant,network_consulting,CH,sub_1IBEOKfG3T1nzg8yws2e29Qu
ch_3eIQONWRFVRiSoQbnvAy4tHY,2024-11-20 17:50:06,succeeded,980.0,0.0,14.95,965.05,card,,9XLGKJFN-0001,subscription_create,12_month,1,cus_ubbzLBdWgao1z1,Francesca Greco,francesca.greco@northpeak-it-solutions.example,Northpeak IT Solutions S.r.l.,self_serve,head_of_wireless,it_services,IT,sub_1NG3qzAO2P7fiSvASFtFA5X8
ch_3BHII16yBGdCuZP6x5ce7xzU,2024-11-20 18:39:08,succeeded,1198.0,0.0,18.22,1179.78,card,,EUQ56IGD-0001,subscription_create,6_month,2,cus_Fywysn2dpJ0i7k,Frida Eriksson,frida.eriksson@granitewave-industries.example,Granitewave Industries AS,self_serve,it_lead,manufacturing,NO,sub_1XFAQgwmOQITuF6wt4ETaAyu
ch_3rnxFfwTKk3aYjejZO2xR7pQ,2024-11-21 17:35:28,succeeded,599.0,0.0,19.72,579.28,card,,EKJAL1R2-0001,subscription_create,6_month,1,cus_giPRN5qJCl6EBE,Ryan Adams,ryan.adams@granitestream-networks.example,Granitestream Networks LLC,self_serve,network_consultant,network_consulting,US,sub_1nr0l8g7d7JnpV5V3jmResjz
ch_3veopmOiMI6RQZs6xHibkQM1,2024-11-22 10:41:10,succeeded,980.0,0.0,14.95,965.05,card,,EMA2EA2H-0001,subscription_create,12_month,1,cus_w9vpXSpvzxv33R,Femke Hendriks,femke.hendriks@signalcore-networks.example,Signalcore Networks,self_serve,network_consultant,network_consulting,NL,sub_1gDM2R42lB5Qt6gkwCr4Tl7f
ch_3alrYfd7uwVpyIg3hfjCC0kG,2024-11-22 13:39:44,succeeded,980.0,0.0,24.75,955.25,card,,658OEWHG-0001,subscription_create,12_month,1,cus_xmnfp6liBIbvS9,Kevin Miller,kevin.miller@miller-network-services.example,Miller Network Services Ltd,self_serve,network_consultant,network_consulting,GB,sub_1uWHzWlUctCwdwVQKv0A6U1h
ch_3TsVUJDbuiS1UvjQONbrJSla,2024-11-22 17:00:44,succeeded,599.0,0.0,19.72,579.28,card,,31P7BT6C-0001,subscription_create,6_month,1,cus_JnbSvrZvaDZn2Y,Megan Martin,megan.martin@northpoint-media.example,Northpoint Media LLC,self_serve,it_lead,media,US,sub_1hAes9Qpd48b2kMKhryW6F22
ch_3IMEc6eNzksHZ4m5772SyKzi,2024-11-23 11:05:35,succeeded,599.0,0.0,19.72,579.28,card,,O4PUIQ2I-0003,subscription_cycle,6_month,1,cus_6nnqhNO3NtJMDP,John Davis,john.davis@postbox.example,,self_serve,network_consultant,network_consulting,AU,sub_1GttIBxOVj5K4oonn9oniGnl
ch_3fU7JDoYz7yZjJ17Z2lHPiBo,2024-11-23 13:44:27,succeeded,599.0,0.0,9.23,589.77,card,,NWK4Y756-0003,subscription_cycle,6_month,1,cus_yPe3SEpinlbtBb,Florian Zimmermann,florian.zimmermann@zimmermann-wireless-consulting.example,Zimmermann Wireless Consulting GmbH,self_serve,network_consultant,network_consulting,DE,sub_1fv8icOhJBtsXsgcFeUBURH4
ch_38mlfgJKIdBsgeKoKvKqK2Ua,2024-11-23 16:52:27,succeeded,599.0,0.0,9.23,589.77,card,,82IWTNLG-0003,subscription_cycle,6_month,1,cus_LnC2FnvRVXZun7,Erik Karlsson,erik.karlsson@vertexcore-rf-consulting.example,Vertexcore RF Consulting AB,self_serve,network_consultant,network_consulting,SE,sub_1W6O9TkIYEGCviTv1H4A5ZIK
py_3POQgSOc7lQWgbQd55OL5pQ5,2024-11-23 19:05:14,succeeded,2940.0,0.0,5.0,2935.0,bank_transfer,,8YXD3U58-0001,subscription_create,12_month,3,cus_cxDqEfp60BnAwA,Josh Young,josh.young@beaconcore-systems-integration.example,Beaconcore Systems Integration Pty Ltd,self_serve,head_of_wireless,it_services,AU,sub_1YZIrBjiZtMBcvrSVviqh3uP
ch_3GgQoGMAm3IxtbEWInZbumSO,2024-11-24 08:39:20,succeeded,980.0,0.0,32.1,947.9,card,,3D63YT4O-0002,subscription_cycle,12_month,1,cus_mCUMeqGZRnkaCH,Andrew Roberts,andrew.roberts@roberts-network-services.example,Roberts Network Services Inc.,self_serve,network_consultant,network_consulting,CA,sub_1ql6jVXCyJ4y1e2FTCoBU4X3
ch_3KHxh05pRx1dcN1BAhOHzJLQ,2024-11-25 11:58:01,succeeded,599.0,0.0,9.23,589.77,card,,Q9M08RQH-0001,subscription_create,6_month,1,cus_v0pNzgHxFSUE5o,Nils Karlsson,nils.karlsson@orbitview-properties.example,Orbitview Properties ApS,self_serve,it_lead,real_estate,DK,sub_1lukzKpQEdP14GkZeifyHUQt
ch_3meMpdBXjeRXrVJtYl2g4nbF,2024-11-25 13:16:29,succeeded,599.0,0.0,9.23,589.77,card,,LOITG9FL-0001,subscription_create,6_month,1,cus_HB48Ese1sRQBLh,Laurent Roux,laurent.roux@roux-network-services.example,Roux Network Services SAS,self_serve,network_consultant,network_consulting,FR,sub_1o2uxGXJy4GiGwXb6voXyxQh
ch_3JsvVsWhGRi5SNT5fbhOK1KN,2024-11-25 16:22:36,succeeded,2940.0,0.0,73.75,2866.25,card,,YQIT1BQ6-0001,subscription_create,12_month,3,cus_iJYTMO7DsKJAe2,Paul Hall,paul.hall@orbitpeak-telecom.example,Orbitpeak Telecom,self_serve,head_of_wireless,telecom,GB,sub_1P0L92sHf0dFWZdYB35PAZ0X
ch_3EbSRyE9ZjAaPaPbY13pg2GM,2024-11-26 01:49:11,succeeded,980.0,0.0,32.1,947.9,card,,JFK3SOCG-0001,subscription_create,12_month,1,cus_QsWwGIviF0Bgfh,James Collins,james.collins@cedarworks-warehousing.example,Cedarworks Warehousing LLC,self_serve,it_lead,logistics,US,sub_1MX6YAvBLr4LYR76cjbpaZWC
ch_3QSJb3xZrWeYuIFu7C57PMoS,2024-11-26 07:02:23,succeeded,980.0,0.0,14.95,965.05,card,,3CK0IEEU-0001,subscription_create,12_month,1,cus_4IepPy0qzsGYP3,Dirk Hoffmann,dirk.hoffmann@harborpoint-media.example,Harborpoint Media GmbH,self_serve,it_lead,media,DE,sub_15nxDJ6WdF0iHus4k0G6QzxP
ch_3i3genymm0pJ0SeMB0fx0mZ3,2024-11-26 15:27:12,succeeded,2940.0,0.0,95.8,2844.2,card,,XR6YL9K9-0001,subscription_create,12_month,3,cus_VFuWdyJWzqxSlx,Ben Thomas,ben.thomas@northview-it-solutions.example,Northview IT Solutions,self_serve,head_of_wireless,it_services,US,sub_1R2h1PbHd6FqDjUwIYXmQewr
py_30RnlLA3WkYLfrPOGsvxcLkI,2024-11-26 20:57:01,succeeded,1198.0,0.0,5.0,1193.0,bank_transfer,,RL1U0AMD-0002,subscription_cycle,6_month,2,cus_tmfo2DOKPpEe7e,Ryan White,ryan.white@clearbridge-schools.example,Clearbridge Schools LLC,self_serve,it_lead,education,US,sub_19dCnD5t6c1tKhKMEnqadpR3
ch_3ELEiBYn0QRolisBhGo8GV8o,2024-11-27 14:27:54,succeeded,980.0,0.0,32.1,947.9,card,,DNLEWKVU-0001,subscription_create,12_month,1,cus_4HP7aUZ84yAQjX,Jessica Murphy,jessica.murphy@murphy-wireless-consulting.example,Murphy Wireless Consulting,self_serve,network_consultant,network_consulting,US,sub_1fHrUNSVd1pilbchCuvpYtqI
ch_3rQncrZFuUrWggvWa7R3wDGw,2024-11-27 16:49:04,succeeded,980.0,0.0,32.1,947.9,card,,749YHZQV-0001,subscription_create,12_month,1,cus_pKyy2cgNz2mbbR,Kevin Edwards,kevin.edwards@postbox.example,,self_serve,network_consultant,network_consulting,AU,sub_1r7CyGIK1N5OYExnbbAPGaTw
ch_3mLjblqPHE5GclDEpHUdYoLz,2024-11-27 20:42:17,failed,980.0,0.0,,,card,expired_card,MVFJER6D-0002,subscription_cycle,12_month,1,cus_1nejtldOaoVVFP,Mark Clark,mark.clark@maplepoint-telecom.example,Maplepoint Telecom LLC,self_serve,head_of_wireless,telecom,US,sub_1NexEfxoHQTBiusem8OzTVHE
ch_3DBvO71VyIh2FBJcH8mSArw1,2024-11-28 19:39:41,succeeded,1960.0,0.0,63.95,1896.05,card,,1UICRXVC-0001,subscription_create,12_month,2,cus_LAUYzBhzXcx6mU,Kate Carter,kate.carter@apexbridge-logistics.example,Apexbridge Logistics LLC,self_serve,it_lead,logistics,US,sub_16tbNDWEJkoxD49YaS7rOsXI
ch_3aAfW8ztqwHsVeU56ePeQQt9,2024-11-29 10:56:41,succeeded,980.0,0.0,32.1,947.9,card,,BTNAGK7Z-0001,subscription_create,12_month,1,cus_g6hvBkjjr8ztZG,Laura Martin,laura.martin@lumencore-it-solutions.example,Lumencore IT Solutions LLC,self_serve,head_of_wireless,it_services,US,sub_1OxCWP9l4M4sd1ph3SgWSvOl
ch_30pU3lJyd0OJp6JQFPCQKh4A,2024-11-30 21:33:17,succeeded,980.0,0.0,32.1,947.9,card,,MVFJER6D-0002,subscription_cycle,12_month,1,cus_1nejtldOaoVVFP,Mark Clark,mark.clark@maplepoint-telecom.example,Maplepoint Telecom LLC,self_serve,head_of_wireless,telecom,US,sub_1NexEfxoHQTBiusem8OzTVHE
ch_3cJmpNdGhQLGNxcGdoiR2wgD,2024-12-01 05:59:27,succeeded,980.0,0.0,32.1,947.9,card,,O12NEE00-0004,subscription_cycle,12_month,1,cus_woJFI2bBTO1vDb,Laura Carter,laura.carter@alpinelink-networks.example,Alpinelink Networks,self_serve,network_consultant,network_consulting,CA,sub_1riorQ7lqCwsCLddaq8wrl5U
ch_3Og9U643JnhgvrIxd7RNhfcf,2024-12-01 15:20:59,succeeded,980.0,0.0,24.75,955.25,card,,HER36YBS-0004,subscription_cycle,12_month,1,cus_ALbUxC09EAiA1s,Rachel Adams,rachel.adams@alpinestream-foods.example,Alpinestream Foods Ltd,self_serve,it_lead,food_beverage,GB,sub_1FJiGqXMhQZ8IUlisi7NpL6V
ch_34YG5ZhSjCFG48t50i1cfOl9,2024-12-01 21:53:47,succeeded,4900.0,0.0,73.75,4826.25,card,,VX6OSVDV-0002,subscription_cycle,12_month,5,cus_C6SvHlizDDm7zI,Dirk Krüger,dirk.kruger@summitbridge-wireless-engineering.example,Summitbridge Wireless Engineering GmbH,self_serve,head_of_wireless,network_consulting,DE,sub_1bZycSZA9cRUnU9mhecyGDVB
ch_3RCt20p11dIkpXwEhhDBQwgd,2024-12-02 09:42:31,failed,599.0,0.0,,,card,card_declined,9ZWV5GS8-0001,subscription_create,6_month,1,cus_HY3xKEHGiF6quC,Henrik Olsen,henrik.olsen@summitpoint-wireless.example,Summitpoint Wireless ApS,self_serve,network_consultant,network_consulting,DK,sub_1FmUPhFJWsg6RrjcpHdAAd8w
ch_3QeegcmlzTq5C0rptQiPdWtC,2024-12-02 09:45:39,succeeded,599.0,0.0,9.23,589.77,card,,9ZWV5GS8-0001,subscription_create,6_month,1,cus_HY3xKEHGiF6quC,Henrik Olsen,henrik.olsen@summitpoint-wireless.example,Summitpoint Wireless ApS,self_serve,network_consultant,network_consulting,DK,sub_1FmUPhFJWsg6RrjcpHdAAd8w
ch_3SylLfdBLz1tNY7MBbASeGES,2024-12-02 17:32:17,succeeded,980.0,0.0,14.95,965.05,card,,82Q5P8XC-0001,subscription_create,12_month,1,cus_nuOs06PBdS8ysS,Pablo Romero,pablo.romero@beaconwave-partners.example,Beaconwave Partners,self_serve,it_lead,professional_services,ES,sub_1qWhOQxZhsGDREpXq2bbhKHc
ch_3L0aRqkB8x82jR1s9k0SSaw5,2024-12-04 04:53:50,succeeded,980.0,0.0,14.95,965.05,card,,ZOFQBHM6-0001,subscription_create,12_month,1,cus_yUWs803mNaUXW7,Julien Bernard,julien.bernard@crestfield-networks.example,Crestfield Networks,self_serve,network_consultant,network_consulting,FR,sub_1u1EjEeizMd7ELPwKXTlRVpu
ch_3w4lnej6LLX3F4p5cTGKYffs,2024-12-05 09:55:09,succeeded,980.0,0.0,32.1,947.9,card,,P88XHEQP-0001,subscription_create,12_month,1,cus_aqRzjVKYT2f7R1,Ahmed Davis,ahmed.davis@cedarfield-industries.example,Cedarfield Industries,self_serve,it_lead,manufacturing,US,sub_1GGpgiDGNWNaHNeyULvk5JWl
ch_37ODvO9NvmKkqK2oTQobY3Ut,2024-12-05 14:10:47,succeeded,599.0,0.0,19.72,579.28,card,,AJRY285O-0001,subscription_create,6_month,1,cus_zq3QWJcfeYkojl,Tom Thompson,tom.thompson@cedarview-foods.example,Cedarview Foods Inc.,self_serve,it_lead,food_beverage,CA,sub_1CQ4hB5JknyxUg3EUBZOTo9A
ch_3jADPmmgv6Ov81jKJ6uW4PZr,2024-12-05 17:43:41,succeeded,599.0,0.0,5.14,593.86,sepa_debit,,70NYLZWW-0001,subscription_create,6_month,1,cus_uZS80f1G8FIeyN,Romain Lambert,romain.lambert@vertexwave-warehousing.example,Vertexwave Warehousing,self_serve,it_lead,logistics,FR,sub_1Im2IKQpWWjGf8m7jQF4VIyh
ch_3lvmYhe7JXsft3tBRlHFEOge,2024-12-05 18:35:05,succeeded,599.0,0.0,19.72,579.28,card,,Z90QBE9L-0001,subscription_create,6_month,1,cus_F4t44MbhG4lLWQ,Florian Hartmann,florian.hartmann@pinestream-clinics.example,Pinestream Clinics AG,self_serve,it_lead,healthcare,CH,sub_1XfSjS92gfo4XduVhbmPJHQ2
ch_3mAE2ysIkCM2IlKe0GrplN5E,2024-12-05 19:27:05,succeeded,980.0,0.0,14.95,965.05,card,,WLB31IPY-0001,subscription_create,12_month,1,cus_qNZzi5ngWT1NYg,Rasmus Andersson,rasmus.andersson@brightline-technology-group.example,Brightline Technology Group,self_serve,head_of_wireless,it_services,NO,sub_1NvVAw8leAlmwxvCDd5eaRMg
ch_3i7788IufjLJhZhcNRsjaV48,2024-12-06 08:24:33,succeeded,599.0,0.0,19.72,579.28,card,,0M8S8R8M-0002,subscription_cycle,6_month,1,cus_VlESEbhwSehzu2,Jessica Young,jessica.young@mailbox.example,,self_serve,network_consultant,network_consulting,CA,sub_1bWxXyPgkhkh9XEyvjwCEWIA
ch_3at7lBGYhz6ymJHu3vUaZwNE,2024-12-09 10:38:32,succeeded,599.0,0.0,9.23,589.77,card,,0XTEW882-0001,subscription_create,6_month,1,cus_sjjXtBzNREyyGe,Thomas Schröder,thomas.schroder@deltabridge-partners.example,Deltabridge Partners GmbH,self_serve,it_lead,professional_services,AT,sub_1qS3XiykxVA6SznudzuaWp5U
ch_3lo3tGkBMmrWjx6Lia6udvOb,2024-12-10 05:49:13,succeeded,980.0,0.0,32.1,947.9,card,,ZV9645D4-0001,subscription_create,12_month,1,cus_GSIdVjdOU4mJ9T,Josh Scott,josh.scott@clearpeak-telecom.example,Clearpeak Telecom,self_serve,head_of_wireless,telecom,US,sub_1Ftpg6us9mhb8DIlqm2QnxPZ
ch_3Hcg9tm5WwjGARvQYqhnRwzi,2024-12-11 10:02:52,failed,599.0,0.0,,,card,card_declined,II4S1VMH-0001,subscription_create,6_month,1,cus_yoNA26HQbNes2M,Olivia Adams,olivia.adams@stonefield-rf-consulting.example,Stonefield RF Consulting LLC,self_serve,network_consultant,network_consulting,US,sub_12fN5CqTajapyTSKYBUdwLyW
ch_3MXg080dvWXLZSLII5A9Kvma,2024-12-11 10:09:58,succeeded,599.0,0.0,19.72,579.28,card,,II4S1VMH-0001,subscription_create,6_month,1,cus_yoNA26HQbNes2M,Olivia Adams,olivia.adams@stonefield-rf-consulting.example,Stonefield RF Consulting LLC,self_serve,network_consultant,network_consulting,US,sub_12fN5CqTajapyTSKYBUdwLyW
ch_3EL9W2OrXCCY2F63FttTrpxP,2024-12-11 11:36:19,succeeded,599.0,0.0,9.23,589.77,card,,793AGLPG-0001,subscription_create,6_month,1,cus_Yb5RTvBdDAxPaq,Anna Lehtonen,anna.lehtonen@pinestream-managed-services.example,Pinestream Managed Services,self_serve,head_of_wireless,it_services,FI,sub_15bdhSCO2Gldq5Pstdrd5L8v
ch_3HIRFBlO4oIXhfY2kmNEN2SS,2024-12-11 12:31:19,succeeded,1960.0,0.0,29.65,1930.35,card,,C4O43C65-0002,subscription_cycle,12_month,2,cus_rX36KFtoE3sQ7H,Michael Koch,michael.koch@beaconline-telecom.example,Beaconline Telecom GmbH,self_serve,head_of_wireless,telecom,DE,sub_100cGKZCJ31Ybsfs0ljDJTMe
ch_3sJzb3QqgOLwVLbq611pEbMm,2024-12-11 17:22:01,succeeded,599.0,0.0,15.23,583.77,card,,VLU71NV8-0001,subscription_create,6_month,1,cus_NhKXiTOp1my4tN,Laura Clark,laura.clark@summitgate-retail-group.example,Summitgate Retail Group,self_serve,it_lead,retail,GB,sub_1dpVb6UYHoUT4IIm7w8EpTv3
ch_3rVBt0Lk02yjETdrhaI1Wb2N,2024-12-12 12:02:22,succeeded,1797.0,0.0,58.65,1738.35,card,,ZR0GV48O-0004,subscription_cycle,6_month,3,cus_cPdPcr6hYVLsv3,David Wright,david.wright@novawave-logistics.example,Novawave Logistics LLC,self_serve,it_lead,logistics,US,sub_10kkjsrlJ83uf3GqkdC1N1in
ch_3meBkcu2KtaOQdd3IBSTZSJO,2024-12-12 21:07:35,succeeded,980.0,0.0,32.1,947.9,card,,HUH2K3NY-0002,subscription_cycle,12_month,1,cus_zT4UAitddmWEZb,Mark Jackson,mark.jackson@clearlink-foods.example,Clearlink Foods Inc.,self_serve,it_lead,food_beverage,CA,sub_17bgnny9gzjqBKf5HEgYoGFT
ch_32PM9abyMiCzIrNRLbc5Ul7y,2024-12-14 15:49:15,failed,599.0,0.0,,,card,expired_card,DTDDEFCE-0003,subscription_cycle,6_month,1,cus_rgQ0JTeHBvEsFA,Kari Lehtonen,kari.lehtonen@deltagate-logistics.example,Deltagate Logistics,self_serve,it_lead,logistics,FI,sub_1ilfoQ5uQ428mxCaEGYpR6Te
ch_3ZtoxoRzRqk8wVGML21CWHGU,2024-12-16 17:29:19,succeeded,980.0,0.0,32.1,947.9,card,,RASEIQJ9-0003,subscription_cycle,12_month,1,cus_2XRyOcStZf1JdS,Laura Turner,laura.turner@auroralink-properties.example,Auroralink Properties LLC,self_serve,it_lead,real_estate,US,sub_194ObHmwTMC9N4cAUVr3KUAO
ch_3zJSbW0h9l14spcKdPrinODg,2024-12-16 19:02:10,succeeded,1198.0,0.0,39.19,1158.81,card,,YJ0ZDXV3-0001,subscription_create,6_month,2,cus_yxsbPZy2a3D0tC,Paul Taylor,paul.taylor@aurorapeak-technology-group.example,Aurorapeak Technology Group LLC,self_serve,head_of_wireless,it_services,US,sub_1OC8GC2zxdCTq7i544ztdZ4C
ch_3tcurBlJyyjS9T8ywFWqm4f6,2024-12-17 11:15:53,succeeded,1960.0,0.0,29.65,1930.35,card,,L5CLR4FU-0002,subscription_cycle,12_month,2,cus_RFwSqYViEuIZTr,Tuomas Turunen,tuomas.turunen@turunen-network-services.example,Turunen Network Services Oy,self_serve,network_consultant,network_consulting,FI,sub_16QaxAMar01TRoTFtb5zijHT
ch_3lPnVFlnrKFjespTFe2b7M5J,2024-12-17 11:42:59,succeeded,980.0,0.0,14.95,965.05,card,,05DJD7EB-0001,subscription_create,12_month,1,cus_M8WUK9dBcLFymY,Wouter Bakker,wouter.bakker@vertexport-clinics.example,Vertexport Clinics,self_serve,it_lead,healthcare,BE,sub_130IFWxJYNDEDRlIOqqO0bZX
ch_3sQE4vGDgFCs3zXuTPaj5ekd,2024-12-17 15:41:33,succeeded,599.0,0.0,19.72,579.28,card,,D9Z2TMKB-0001,subscription_create,6_month,1,cus_KhstVaLZGlnKqj,Kevin Kelly,kevin.kelly@kelly-wireless-consulting.example,Kelly Wireless Consulting,self_serve,network_consultant,network_consulting,AU,sub_1pkE5l30Bn0ACwNaddlMNwC3
ch_3IFWADDIXMXbghzzcio2xCEk,2024-12-17 17:14:15,succeeded,599.0,0.0,9.23,589.77,card,,DTDDEFCE-0003,subscription_cycle,6_month,1,cus_rgQ0JTeHBvEsFA,Kari Lehtonen,kari.lehtonen@deltagate-logistics.example,Deltagate Logistics,self_serve,it_lead,logistics,FI,sub_1ilfoQ5uQ428mxCaEGYpR6Te
ch_3aatDQazZ45gPEW7uh3EmSq7,2024-12-20 10:45:29,succeeded,1797.0,0.0,58.65,1738.35,card,,UXJWIQUH-0003,subscription_cycle,6_month,3,cus_neV3dhZqEvMmwP,Olivia Walker,olivia.walker@ironfield-logistics.example,Ironfield Logistics LLC,self_serve,it_lead,logistics,US,sub_1SSIoJEzj02dVLeYvIVLjXZI
ch_3ojyIZCHsJ7McgmCi2XVjbjR,2024-12-20 12:49:03,succeeded,980.0,0.0,14.95,965.05,card,,M78MF6PY-0001,subscription_create,12_month,1,cus_BWMTvRlsM8B0b4,Lukas Fischer,lukas.fischer@mailbox.example,,self_serve,network_consultant,network_consulting,DE,sub_1fzfM90M4rtys7dF3zGUQQjO
ch_3vDGn4GZ9wZNfpfJxUNz8iyI,2024-12-20 13:37:51,succeeded,980.0,0.0,32.1,947.9,card,,277HOT0R-0002,subscription_cycle,12_month,1,cus_ts56A27kF8TR8S,Daniel Zimmermann,daniel.zimmermann@bluepath-systems-integration.example,Bluepath Systems Integration,self_serve,head_of_wireless,it_services,CH,sub_1xlbNepnfDEe7YX7QFKsJhTJ
py_33MX3ENQXAZcVyj1LGtUXPdn,2024-12-21 17:22:05,succeeded,1198.0,0.0,5.0,1193.0,bank_transfer,,FAU3RV4Y-0002,subscription_cycle,6_month,2,cus_5DBNpEQ1CzIUwD,Andrea Bianchi,andrea.bianchi@silverfield-warehousing.example,Silverfield Warehousing S.r.l.,self_serve,it_lead,logistics,IT,sub_1U8Z6Fh843I7Ugtt3Hi4jplu
ch_3lDehjBorS3SL4iK6EfxkJHS,2024-12-22 18:20:37,failed,1960.0,0.0,,,card,expired_card,A7Y743SB-0003,subscription_cycle,12_month,2,cus_mRvePeZVZEwXJz,Nicolas Lefebvre,nicolas.lefebvre@apexfield-networks.example,Apexfield Networks,self_serve,network_consultant,network_consulting,FR,sub_1nBJ05at50fz2PSkZsCYPBi8
ch_3OjGkTG3R71CgOOIBUMk4qfQ,2024-12-23 03:41:44,succeeded,980.0,0.0,32.1,947.9,card,,MMJTCCJ5-0001,subscription_create,12_month,1,cus_SZoedQzWWWTeRD,Jessica Murphy,jessica.murphy@lumenfield-it-solutions.example,Lumenfield IT Solutions LLC,self_serve,head_of_wireless,it_services,US,sub_1fZ7hmqEXbN7evXzHzRv0NEe
ch_3HkB8Pzf19u29qNAf04kIQFh,2024-12-23 15:27:00,succeeded,599.0,0.0,9.23,589.77,card,,ATE9TJSH-0001,subscription_create,6_month,1,cus_taaR6bTpMTUm3H,Mats Lund,mats.lund@orbitwave-schools.example,Orbitwave Schools ApS,self_serve,it_lead,education,DK,sub_1VMmOv0lYkF1AzCuSN0L6dvC
ch_36oMkdDt5vNsLGNdua8JdjHJ,2024-12-23 16:12:00,succeeded,1198.0,0.0,39.19,1158.81,card,,LEVEM3VG-0001,subscription_create,6_month,2,cus_SdmDdeczbRjiLE,James Johnson,james.johnson@clearpeak-schools.example,Clearpeak Schools LLC,self_serve,it_lead,education,US,sub_19A8LEWNJjC2eBKWawMmoaHi
ch_3MpwX63QkhWjyTIQYgpx2SwA,2024-12-24 04:54:35,succeeded,599.0,0.0,9.23,589.77,card,,WBP4JRNR-0001,subscription_create,6_month,1,cus_Dd8diUGRAHLDT9,Daniel Weber,daniel.weber@stonemark-wi-fi-solutions.example,Stonemark Wi-Fi Solutions GmbH,self_serve,network_consultant,network_consulting,DE,sub_1dzmGAuSC5DSIvhHfeQHeM5y
py_3tv80ttGGZGjbBySsoe8fxal,2024-12-24 10:49:00,succeeded,4900.0,0.0,5.0,4895.0,bank_transfer,,3GIFFFQJ-0005,subscription_cycle,12_month,5,cus_KOsP1XEHyqqJUD,Uwe Krüger,uwe.kruger@westline-systems-integration.example,Westline Systems Integration,self_serve,head_of_wireless,it_services,DE,sub_1MTh8sP8KSNPwszEOZTRd0lv
ch_3Qy8g3iYNrn0FW0XDyCmHOFF,2024-12-25 06:01:09,succeeded,599.0,0.0,9.23,589.77,card,,G2E3BGD1-0001,subscription_create,6_month,1,cus_TksqZm7RA9orV6,Christian Weber,christian.weber@brightfield-clinics.example,Brightfield Clinics GmbH,self_serve,it_lead,healthcare,DE,sub_17BDsyASfzaXL2P0YVYemTyX
ch_3J6w4h9bhehO10kffxMYAFFH,2024-12-25 12:45:46,succeeded,980.0,0.0,14.95,965.05,card,,REBT95HL-0001,subscription_create,12_month,1,cus_tmbgxRRAvEUYKp,Bjørn Pedersen,bjorn.pedersen@greenpeak-rf-consulting.example,Greenpeak RF Consulting,self_serve,network_consultant,network_consulting,DK,sub_1Cni6eTEUZmXJxwKDriWrN2y
ch_3LL4WPgRrGXEL0j7PNqvZCAV,2024-12-25 19:29:37,failed,1960.0,0.0,,,card,expired_card,A7Y743SB-0003,subscription_cycle,12_month,2,cus_mRvePeZVZEwXJz,Nicolas Lefebvre,nicolas.lefebvre@apexfield-networks.example,Apexfield Networks,self_serve,network_consultant,network_consulting,FR,sub_1nBJ05at50fz2PSkZsCYPBi8
ch_3AzFx3s3LKdaQBS034dHdeMB,2024-12-25 23:23:38,succeeded,599.0,0.0,19.72,579.28,card,,RLE8LH7A-0001,subscription_create,6_month,1,cus_yqF5m5PYyQexXT,Ryan Jackson,ryan.jackson@jackson-network-services.example,Jackson Network Services,self_serve,network_consultant,network_consulting,US,sub_1JLeJbSsC83pSQIBNWSjDmiR
ch_34OiJvXYNa0m2RZehaKstWMf,2024-12-26 08:04:27,succeeded,599.0,0.0,9.23,589.77,card,,EN9L6HN9-0006,subscription_cycle,6_month,1,cus_uaIM5yUmzkfOj7,Anders Holm,anders.holm@holm-wireless-consulting.example,Holm Wireless Consulting,self_serve,network_consultant,network_consulting,NO,sub_1fDMI5neTUoUbKCe0NOrIt7s
ch_3XWZt3nPtmhs4BMR7RhPPfvb,2024-12-26 13:29:41,succeeded,1797.0,0.0,58.65,1738.35,card,,U9IDNKPM-0001,subscription_create,6_month,3,cus_VVNTaBJjLJVxEW,James Edwards,james.edwards@nordicpeak-media.example,Nordicpeak Media LLC,self_serve,it_lead,media,US,sub_1xEGmR8cslTUU9vMWPnRKozT
py_3441SPoFZ2gynuMG5e46m0dd,2024-12-28 05:53:18,succeeded,1960.0,0.0,5.0,1955.0,bank_transfer,,41EKGRL1-0002,subscription_cycle,12_month,2,cus_UwVY06FMGFCFR9,Emma Halvorsen,emma.halvorsen@crestfield-systems-integration.example,Crestfield Systems Integration AB,self_serve,head_of_wireless,it_services,SE,sub_1QZzM88hUkrVuapRzG2F4g5U
ch_3zSRPlIFStSolDTiSRUS7MH3,2024-12-28 09:12:43,succeeded,980.0,0.0,14.95,965.05,card,,887XL18L-0002,subscription_cycle,12_month,1,cus_XOL9OI365tnUI6,Eero Heinonen,eero.heinonen@atlasport-wi-fi-solutions.example,Atlasport Wi-Fi Solutions,self_serve,network_consultant,network_consulting,FI,sub_1xlJiKrLfBFQns2wy3BH4IJM
ch_3MUDNjK49kfHmXJK7znf25po,2024-12-29 08:35:33,succeeded,980.0,0.0,14.95,965.05,card,,C3OGU58C-0001,subscription_create,12_month,1,cus_0Tmb8ee9ewAOva,Sven Hoffmann,sven.hoffmann@hoffmann-network-services.example,Hoffmann Network Services GmbH,self_serve,network_consultant,network_consulting,DE,sub_17NBG8J1SYGKIA2OHVogoyfY
py_3VHzt9yGq7H5fCIRGeJrePn0,2024-12-29 18:14:07,succeeded,1198.0,0.0,5.0,1193.0,bank_transfer,,VQUH48MI-0002,subscription_cycle,6_month,2,cus_62kXi7NRABVmQR,Nicole Mitchell,nicole.mitchell@apexworks-partners.example,Apexworks Partners,self_serve,it_lead,professional_services,US,sub_11Dn1JMQ3QVjLm9zpYgRMmzF
py_3Aq88x9MEfibgYkwc0niOLdm,2024-12-29 20:08:04,succeeded,1797.0,0.0,5.0,1792.0,bank_transfer,,6ZRFS5JA-0001,subscription_create,6_month,3,cus_mby4hCfMBjQcUi,Josh Johnson,josh.johnson@polarmark-systems-integration.example,Polarmark Systems Integration LLC,self_serve,head_of_wireless,it_services,US,sub_1VWCm75L3KWUTmgrvfqV89LB
ch_3gdKbmvf26BGX03jfwBGvtVF,2024-12-30 09:47:34,succeeded,1198.0,0.0,30.2,1167.8,card,,CGHNIKSC-0001,subscription_create,6_month,2,cus_acHi3YA4cb3Kr8,James Murphy,james.murphy@murphy-wireless-consulting.example,Murphy Wireless Consulting Ltd,self_serve,network_consultant,network_consulting,GB,sub_1GXeTMoLAbiOpyhSKA0G18Lz
ch_3sA5twsK6ivQhyRGePLjD2Ym,2024-12-30 12:13:39,succeeded,599.0,0.0,19.72,579.28,card,,3X4EGBK4-0001,subscription_create,6_month,1,cus_iR6qLCl9N5pV5b,James Kelly,james.kelly@signalline-networks.example,Signalline Networks Inc.,self_serve,network_consultant,network_consulting,CA,sub_1VvOjG7y0dNjXJVj13FtsWzd
ch_3OjGeBwDYpa3RBO6pzmzDdYF,2024-12-30 18:45:37,succeeded,1960.0,0.0,29.65,1930.35,card,,A7Y743SB-0003,subscription_cycle,12_month,2,cus_mRvePeZVZEwXJz,Nicolas Lefebvre,nicolas.lefebvre@apexfield-networks.example,Apexfield Networks,self_serve,network_consultant,network_consulting,FR,sub_1nBJ05at50fz2PSkZsCYPBi8
ch_3DtY43XgQIqMQXR2fiViMrqf,2024-12-30 21:53:20,succeeded,980.0,0.0,14.95,965.05,card,,GEEYHTEO-0001,subscription_create,12_month,1,cus_tBqsmJXZOmq3cY,Claire Lambert,claire.lambert@stonestream-networks.example,Stonestream Networks SAS,self_serve,network_consultant,network_consulting,FR,sub_1sQldgYcB957bL1L5oZ4QJzR
ch_3gouGPqZE2mAj0RZmjjmPcYB,2025-01-01 02:13:55,succeeded,980.0,0.0,32.1,947.9,card,,PX0A33AB-0001,subscription_create,12_month,1,cus_c7qYosAt3XY3gt,Megan Campbell,megan.campbell@polarfield-wireless-engineering.example,Polarfield Wireless Engineering LLC,self_serve,head_of_wireless,network_consulting,US,sub_1djOHoKjLC2JIUBi21Ltt0Nc
ch_3EusdRal0unbuv1EjhquXkx5,2025-01-01 14:42:21,failed,599.0,0.0,,,card,card_declined,JVVAGGNU-0003,subscription_cycle,6_month,1,cus_Cke1CGofFLiNZm,Rachel Lewis,rachel.lewis@graniteport-rf-consulting.example,Graniteport RF Consulting LLC,self_serve,network_consultant,network_consulting,US,sub_17admXxxxN3z7dai3U9qUIZB
ch_3GCjfuFBUzD7scSwG2zDoRvJ,2025-01-01 21:22:55,succeeded,599.0,0.0,19.72,579.28,card,,S4QM8J5L-0001,subscription_create,6_month,1,cus_Ntrb5N8xuW9ysh,Michael Brown,michael.brown@apexgate-clinics.example,Apexgate Clinics LLC,self_serve,it_lead,healthcare,US,sub_1GgoWWgadpdep0szAkfi2cXo
py_3NbLi5CzjZVdfVSfYFkc9Enl,2025-01-02 13:15:26,succeeded,1960.0,0.0,5.0,1955.0,bank_transfer,,G7BJIAE8-0001,subscription_create,12_month,2,cus_ZLRL1qf02h4QVF,Robert Edwards,robert.edwards@stonepoint-systems-integration.example,Stonepoint Systems Integration LLC,self_serve,head_of_wireless,it_services,US,sub_1YzwD6qOzK1TrCNn8ROzgxvC
ch_3760ecvhOKlioOGsyyG5eR2Z,2025-01-03 15:10:04,succeeded,980.0,0.0,32.1,947.9,card,,IFFBXGDU-0003,subscription_cycle,12_month,1,cus_Sw4MgUpJWU42xb,Robert Clark,robert.clark@clark-network-services.example,Clark Network Services LLC,self_serve,network_consultant,network_consulting,US,sub_1WoDSoFRSMzzyJByJhKqYFzi
ch_30IBfNdVDnLDUDVdLN7WCWFI,2025-01-04 15:55:21,succeeded,599.0,0.0,19.72,579.28,card,,JVVAGGNU-0003,subscription_cycle,6_month,1,cus_Cke1CGofFLiNZm,Rachel Lewis,rachel.lewis@graniteport-rf-consulting.example,Graniteport RF Consulting LLC,self_serve,network_consultant,network_consulting,US,sub_17admXxxxN3z7dai3U9qUIZB
ch_36yXGzZAl5HSmRNy8XNREXVK,2025-01-05 04:57:41,succeeded,1960.0,0.0,63.95,1896.05,card,,R2PMSTAV-0002,subscription_cycle,12_month,2,cus_DedlewYj8bVJvW,Chris Wilson,chris.wilson@wilson-network-services.example,Wilson Network Services LLC,self_serve,network_consultant,network_consulting,US,sub_1ugxTGxtQm5ANlrSiPx9RH9D
ch_3uISDfDzd7LP2Cc6WFgKhiiA,2025-01-06 18:31:12,succeeded,599.0,0.0,19.72,579.28,card,,7K2LWH06-0002,subscription_cycle,6_month,1,cus_uYyaSLAXEmc67n,Mark Parker,mark.parker@auroralink-warehousing.example,Auroralink Warehousing,self_serve,it_lead,logistics,US,sub_1tGA1H7jCatgfPfqOGXRHVli
ch_3SMve1d6iDsRIX9lUxamrgjz,2025-01-07 05:17:10,succeeded,599.0,0.0,19.72,579.28,card,,182H4SUR-0001,subscription_create,6_month,1,cus_mlInbkkraigdby,Ben Jackson,ben.jackson@jackson-wireless-consulting.example,Jackson Wireless Consulting Pty Ltd,self_serve,network_consultant,network_consulting,AU,sub_1h02hqJJMRRFow5VUIfqLjrA
ch_3QK1GGgvuwEkNYuKLIwdvRQ7,2025-01-07 13:43:52,succeeded,980.0,0.0,32.1,947.9,card,,J513E6WG-0001,subscription_create,12_month,1,cus_WVHVSaWtfShiw5,Priya Scott,priya.scott@clearlink-wireless.example,Clearlink Wireless,self_serve,network_consultant,network_consulting,US,sub_1lZtAlpEwOgBZ1gfSs9CtOvB
ch_3CjsoII0WpVgU8Iusd4NmHIb,2025-01-07 14:26:51,succeeded,599.0,0.0,5.14,593.86,sepa_debit,,OA330N19-0004,subscription_cycle,6_month,1,cus_CPm7KWElG7IU54,Ville Lehtonen,ville.lehtonen@westcore-wi-fi-solutions.example,Westcore Wi-Fi Solutions Oy,self_serve,network_consultant,network_consulting,FI,sub_1ozHJ9AlIiEGBlecPnDJJats
ch_3e9aAAJ8opkzrEMXs83ZRSp7,2025-01-07 17:32:57,succeeded,980.0,0.0,14.95,965.05,card,,N58OHUTH-0001,subscription_create,12_month,1,cus_cLMOG4pKUozAXH,Matthias Weber,matthias.weber@nordicworks-foods.example,Nordicworks Foods,self_serve,it_lead,food_beverage,DE,sub_1ciL5Bp6f8y4S7H7ZBPXatih
py_34nEwONnzf4UYJK2dZsIjPQk,2025-01-07 18:23:22,succeeded,1198.0,0.0,5.0,1193.0,bank_transfer,,9HDAKDZE-0001,subscription_create,6_month,2,cus_VVTQ3F3IW6Y2wq,John Lewis,john.lewis@westlink-media.example,Westlink Media LLC,self_serve,it_lead,media,US,sub_1pcdcViSaJjoIuI7a0un3Wms
ch_34PeKq1VszFv8wElzaJZDPJk,2025-01-07 21:56:24,succeeded,980.0,0.0,14.95,965.05,card,,HLTPVFQH-0001,subscription_create,12_month,1,cus_7p97nUAHWQXCUJ,Stefano Colombo,stefano.colombo@vertexwave-wi-fi-solutions.example,Vertexwave Wi-Fi Solutions,self_serve,network_consultant,network_consulting,IT,sub_1ezGt6scSOneUzUaJ2NtfYlr
ch_3zQAiYyJqVDDDs5t52pZ1d3O,2025-01-12 09:28:48,succeeded,599.0,0.0,9.23,589.77,card,,CRVICJ3T-0001,subscription_create,6_month,1,cus_c1zGKcdcAUCPVE,Uwe Schneider,uwe.schneider@stoneworks-foods.example,Stoneworks Foods GmbH,self_serve,it_lead,food_beverage,DE,sub_1il44H4Qa7z5CJZRlcYfmtnT
ch_3JGc5Y638mqQTKxRXUtny7Px,2025-01-13 06:37:26,succeeded,980.0,0.0,32.1,947.9,card,,SRKHGYFD-0001,subscription_create,12_month,1,cus_9UYcZ5meFd4T5Y,James Thompson,james.thompson@novaport-rf-consulting.example,Novaport RF Consulting LLC,self_serve,network_consultant,network_consulting,US,sub_1nmu1VdxNi1Ff9dtILWkzUKe
ch_38nfxpyeUKYp30hhtdUzP7vi,2025-01-14 12:13:37,succeeded,980.0,0.0,14.95,965.05,card,,TT67DXUQ-0001,subscription_create,12_month,1,cus_NOiYQNdaEEpcQ2,Niels Visser,niels.visser@northbridge-systems-integration.example,Northbridge Systems Integration,self_serve,head_of_wireless,it_services,NL,sub_11F2brG6aF0e3BqbwMtKmqLC
py_3f6aZQdOHixAcDEVMGR20t7E,2025-01-14 13:53:46,succeeded,1960.0,0.0,5.0,1955.0,bank_transfer,,Z2LX714C-0001,subscription_create,12_month,2,cus_WCLI4HQpJBKOOZ,Steve Young,steve.young@beaconpath-industries.example,Beaconpath Industries Ltd,self_serve,it_lead,manufacturing,GB,sub_1kVBsWUe3Z29rSInP5lJZRMu
ch_3jc45jxzKPuxguVndIYx0lpC,2025-01-15 05:30:37,failed,980.0,0.0,,,card,expired_card,E8M0AUSQ-0003,subscription_cycle,12_month,1,cus_sZVEsurxDXmklu,Ahmed Kim,ahmed.kim@polarwave-communications.example,Polarwave Communications LLC,self_serve,head_of_wireless,telecom,US,sub_1ggwlod36EHQerlJ8RKfN3IO
ch_31TCrh3hpZBA19d9zTa2883S,2025-01-15 08:43:07,succeeded,980.0,0.0,32.1,947.9,card,,77ERJ0E1-0001,subscription_create,12_month,1,cus_TLV3IrANcpyMqm,Paul Thompson,paul.thompson@thompson-wireless-consulting.example,Thompson Wireless Consulting LLC,self_serve,network_consultant,network_consulting,US,sub_1ZAjByA69kYr4uuxZDuO5gRb
ch_3B50SrJc2slG6j1lCZJDtvUA,2025-01-15 12:49:17,succeeded,2940.0,0.0,95.8,2844.2,card,,U7QOZZKC-0002,subscription_cycle,12_month,3,cus_tSbwQeytqwDNMx,Paul Hall,paul.hall@mapleview-technology-group.example,Mapleview Technology Group,self_serve,head_of_wireless,it_services,CA,sub_1BAs4DpOr1mvIWW5mqQGn16P
ch_3LiDh9QJXMu6HLkqSZMmgJAB,2025-01-16 15:40:15,succeeded,980.0,0.0,32.1,947.9,card,,HO653PKD-0001,subscription_create,12_month,1,cus_88g4XaEAwiCcF0,Rachel Young,rachel.young@young-wireless-consulting.example,Young Wireless Consulting LLC,self_serve,network_consultant,network_consulting,US,sub_1XO02YZlfuCXFIjZUFaGVPvy
ch_35kVQsEAA2YKA6OJYIePi8mM,2025-01-17 09:46:00,succeeded,599.0,0.0,5.14,593.86,sepa_debit,,V0ZZQ45C-0005,subscription_cycle,6_month,1,cus_3co8IZALw07t8V,Marko Järvinen,marko.jarvinen@greengate-it-solutions.example,Greengate IT Solutions,self_serve,head_of_wireless,it_services,FI,sub_1p7QUjGcufpSjsGeeMBS6H8s
ch_37eEdH6NI8T2j2jOvRtQw2t7,2025-01-17 09:47:10,succeeded,980.0,0.0,32.1,947.9,card,,GB9YKUBB-0001,subscription_create,12_month,1,cus_teu03EDMllIOWK,Kate Hall,kate.hall@stoneview-wireless.example,Stoneview Wireless,self_serve,network_consultant,network_consulting,US,sub_1vseLNeZm13r10rFin2urvvA
ch_35XzBKT5GIU8gpH5HfWBtfV6,2025-01-17 11:35:48,succeeded,599.0,0.0,9.23,589.77,card,,P6G8EDGY-0002,subscription_cycle,6_month,1,cus_Mwqk3ZU29NIkXf,Davide Russo,davide.russo@russo-wireless-consulting.example,Russo Wireless Consulting S.r.l.,self_serve,network_consultant,network_consulting,IT,sub_1FgYhiDri4QvuRY9zWcY52iu
ch_3OA2NrZ8cBi8pmmvRj4xMZTZ,2025-01-18 05:56:37,failed,980.0,0.0,,,card,expired_card,E8M0AUSQ-0003,subscription_cycle,12_month,1,cus_sZVEsurxDXmklu,Ahmed Kim,ahmed.kim@polarwave-communications.example,Polarwave Communications LLC,self_serve,head_of_wireless,telecom,US,sub_1ggwlod36EHQerlJ8RKfN3IO
ch_3gdO4tN55hNyKFEfiSPPD6Cm,2025-01-18 08:06:41,failed,980.0,0.0,,,card,expired_card,A9UYNNJH-0005,subscription_cycle,12_month,1,cus_oYOrcM13fyhT2E,Tuomas Mäkinen,tuomas.makinen@maplestream-construction.example,Maplestream Construction,self_serve,it_lead,construction,FI,sub_1wW6plveKTROCdLAgBQtN5xw
ch_3KfFz66yq7aMsJQhkRdXw6Qu,2025-01-18 08:10:38,succeeded,980.0,0.0,14.95,965.05,card,,HCWUDDVJ-0002,subscription_cycle,12_month,1,cus_0pBbUeT5UC9s2s,Mats Madsen,mats.madsen@greenview-wi-fi-solutions.example,Greenview Wi-Fi Solutions AB,self_serve,network_consultant,network_consulting,SE,sub_1mj42GIqz4pOfnFR5sBKoh3r
ch_3yCLu4K3XxAlKghJ2O5xpg3e,2025-01-18 10:04:41,failed,980.0,0.0,,,card,expired_card,RYPZE2LZ-0003,subscription_cycle,12_month,1,cus_2xxlOQKalaQcDJ,Chris Lewis,chris.lewis@atlasbridge-wireless.example,Atlasbridge Wireless Inc.,self_serve,network_consultant,network_consulting,CA,sub_1EkoTvV8KC3L86lvkZMfhVlj
ch_3mrzQm5WtoUUa0xYtSB8Nhec,2025-01-19 05:46:57,succeeded,980.0,0.0,24.75,955.25,card,,B12B1G3P-0001,subscription_create,12_month,1,cus_vuNRJEHC2DnghY,James Clark,james.clark@polarport-wi-fi-solutions.example,Polarport Wi-Fi Solutions,self_serve,network_consultant,network_consulting,GB,sub_1knT9l2FH9qaWhWEGY8ZlkdD
ch_3FSLcLSMcijvl7RYqo7rnrJL,2025-01-19 20:39:49,succeeded,599.0,0.0,19.72,579.28,card,,W4OM1DOC-0002,subscription_cycle,6_month,1,cus_utfMj4MUUpqVdJ,Sven Hartmann,sven.hartmann@summitpath-it-solutions.example,Summitpath IT Solutions,self_serve,head_of_wireless,it_services,CH,sub_1IItH6mTG2VoT8N3d54XfwzI
ch_3r8OOnM0DJwwd7OyY3pB4ReF,2025-01-20 08:32:50,succeeded,599.0,0.0,9.23,589.77,card,,ZIK4LRPS-0001,subscription_create,6_month,1,cus_6Jgv4opk488RbB,Anja Meyer,anja.meyer@inbox.example,,self_serve,network_consultant,network_consulting,AT,sub_1b8vetSnvFgGyEEtLVRW0DBR
ch_3mc17NSh8QWwEruzpsVI71M7,2025-01-20 08:41:17,failed,980.0,0.0,,,card,card_declined,8M4NGIR5-0001,subscription_create,12_month,1,cus_ravwODwu7XY1lB,Raj Edwards,raj.edwards@northview-wi-fi-solutions.example,Northview Wi-Fi Solutions LLC,self_serve,network_consultant,network_consulting,US,sub_16TM3xkE79AElkm8TAYcNGWO
ch_35YqZL1DNOb4duCqFON4eIQU,2025-01-20 08:46:49,succeeded,980.0,0.0,32.1,947.9,card,,8M4NGIR5-0001,subscription_create,12_month,1,cus_ravwODwu7XY1lB,Raj Edwards,raj.edwards@northview-wi-fi-solutions.example,Northview Wi-Fi Solutions LLC,self_serve,network_consultant,network_consulting,US,sub_16TM3xkE79AElkm8TAYcNGWO
ch_3EwEPErHoVwkVtAaFGiV1maD,2025-01-21 09:12:41,failed,980.0,0.0,,,card,expired_card,A9UYNNJH-0005,subscription_cycle,12_month,1,cus_oYOrcM13fyhT2E,Tuomas Mäkinen,tuomas.makinen@maplestream-construction.example,Maplestream Construction,self_serve,it_lead,construction,FI,sub_1wW6plveKTROCdLAgBQtN5xw
ch_3CLp5TprLJKkHaeoWcrfhIXJ,2025-01-21 10:40:41,failed,980.0,0.0,,,card,expired_card,RYPZE2LZ-0003,subscription_cycle,12_month,1,cus_2xxlOQKalaQcDJ,Chris Lewis,chris.lewis@atlasbridge-wireless.example,Atlasbridge Wireless Inc.,self_serve,network_consultant,network_consulting,CA,sub_1EkoTvV8KC3L86lvkZMfhVlj
ch_3RwxRVgObs9FOcl4IgIZ72o4,2025-01-21 15:49:07,succeeded,980.0,0.0,14.95,965.05,card,,3RCRDBMM-0001,subscription_create,12_month,1,cus_6OPDxjUsTibzPJ,Antti Hämäläinen,antti.hamalainen@cedarcore-wi-fi-solutions.example,Cedarcore Wi-Fi Solutions Oy,self_serve,network_consultant,network_consulting,FI,sub_1wrPnZrlLY2M8YYjxrTgr77A
ch_3G1tafeiKLg7wLR8D2gL30tf,2025-01-22 14:39:19,succeeded,980.0,0.0,14.95,965.05,card,,KRVB5QUD-0002,subscription_cycle,12_month,1,cus_mGyLCB6c1sQMtW,Femke Meijer,femke.meijer@bluepeak-clinics.example,Bluepeak Clinics,self_serve,it_lead,healthcare,NL,sub_1XGN9Me0eOcZWkHlIBH2309C
ch_3nEYDUbamgKrjwrsFaXNyK1R,2025-01-23 05:37:37,succeeded,980.0,0.0,32.1,947.9,card,,E8M0AUSQ-0003,subscription_cycle,12_month,1,cus_sZVEsurxDXmklu,Ahmed Kim,ahmed.kim@polarwave-communications.example,Polarwave Communications LLC,self_serve,head_of_wireless,telecom,US,sub_1ggwlod36EHQerlJ8RKfN3IO
ch_3NOH7G8pSmKrFgykSI9PAo6c,2025-01-23 10:15:48,succeeded,3920.0,0.0,127.65,3792.35,card,,DKWDP70Q-0002,subscription_cycle,12_month,4,cus_imYjTKpCwfTqQ0,Emily Adams,emily.adams@cedarwave-rf-consulting.example,Cedarwave RF Consulting Inc.,self_serve,network_consultant,network_consulting,CA,sub_15gPnMvmJUTriJuzzFb58mHV
ch_3yuWgXayzHEIryWsxmXFPXGL,2025-01-24 15:23:17,succeeded,599.0,0.0,19.72,579.28,card,,UDTNBLFK-0002,subscription_cycle,6_month,1,cus_EVSw6LJcxiJH62,Amanda Davis,amanda.davis@blueport-rf-consulting.example,Blueport RF Consulting LLC,self_serve,network_consultant,network_consulting,US,sub_1D1Pjov4vC6zJlH72gVMMs01
ch_31b5zMk872JtT7jloH7t5k9X,2025-01-25 12:12:14,succeeded,599.0,0.0,9.23,589.77,card,,JA8ITH1C-0001,subscription_create,6_month,1,cus_LfFkyIFsLQPy3F,Jan Klein,jan.klein@harbormark-retail-group.example,Harbormark Retail Group GmbH,self_serve,it_lead,retail,DE,sub_1dUGfpa5FatFctaPgPyP9uSQ
ch_3312fWUVg34oMbvE5InRDV6h,2025-01-26 08:12:41,failed,980.0,0.0,,,card,expired_card,A9UYNNJH-0005,subscription_cycle,12_month,1,cus_oYOrcM13fyhT2E,Tuomas Mäkinen,tuomas.makinen@maplestream-construction.example,Maplestream Construction,self_serve,it_lead,construction,FI,sub_1wW6plveKTROCdLAgBQtN5xw
ch_3VW1mMPn5KBfzglgPwHWKgIC,2025-01-26 11:18:41,failed,980.0,0.0,,,card,expired_card,RYPZE2LZ-0003,subscription_cycle,12_month,1,cus_2xxlOQKalaQcDJ,Chris Lewis,chris.lewis@atlasbridge-wireless.example,Atlasbridge Wireless Inc.,self_serve,network_consultant,network_consulting,CA,sub_1EkoTvV8KC3L86lvkZMfhVlj
ch_3M3tjhoKuRNBf5dLK0pfL4Go,2025-01-26 12:35:25,succeeded,599.0,0.0,9.23,589.77,card,,H0KUQ8OH-0002,subscription_cycle,6_month,1,cus_EANcUjbQRM9GAE,David Navarro,david.navarro@vertexwave-it-solutions.example,Vertexwave IT Solutions,self_serve,head_of_wireless,it_services,ES,sub_1tGrjLCuwLw4urmlzk5NVMZM
ch_3PXlCzdvU1KXsh2HVscJ2EVJ,2025-01-30 05:15:15,succeeded,980.0,0.0,32.1,947.9,card,,Z9SHRQE5-0001,subscription_create,12_month,1,cus_NOt1WFKAApFHh0,John Lewis,john.lewis@lumenpoint-foods.example,Lumenpoint Foods Inc.,self_serve,it_lead,food_beverage,CA,sub_1XIIVXcbTdu7n9d7sGMjC5CD
ch_3TLsbPzXTD0otAOIVbvd54Md,2025-01-30 08:07:37,succeeded,980.0,0.0,14.95,965.05,card,,CRLKWIFE-0003,subscription_cycle,12_month,1,cus_RxZU2e0jlgyZCN,Anna Salminen,anna.salminen@auroragate-systems-integration.example,Auroragate Systems Integration Oy,self_serve,head_of_wireless,it_services,FI,sub_1jOrFqiuBW6tvbfj0Ksk7STH
ch_3hwstExs1yPdZppO2arS0pDh,2025-01-30 10:33:49,succeeded,599.0,0.0,19.72,579.28,card,,27HBH18E-0003,subscription_cycle,6_month,1,cus_kSSc6FlbdjNYr6,Josh Collins,josh.collins@greengate-industries.example,Greengate Industries,self_serve,it_lead,manufacturing,AU,sub_1hGn4jOOudSP87QB5iAOoe5r
ch_3p4yYERmYnXbtZFf7DjNvIRO,2025-01-30 13:00:52,succeeded,980.0,0.0,14.95,965.05,card,,O8XU5NZ0-0002,subscription_cycle,12_month,1,cus_1kYnAdEVOyDg5P,Erik Strand,erik.strand@polarlink-partners.example,Polarlink Partners AB,self_serve,it_lead,professional_services,SE,sub_1iGXUV0MKiRz7dUi5LFGpGLI
ch_3qlmHtucwOICm08TdhqGfpsh,2025-02-01 11:42:15,succeeded,980.0,0.0,14.95,965.05,card,,C4F02U3T-0002,subscription_cycle,12_month,1,cus_2nBS5Aury8bJfL,Thomas Meyer,thomas.meyer@brightgate-rf-consulting.example,Brightgate RF Consulting GmbH,self_serve,network_consultant,network_consulting,DE,sub_1wAFpdmljXX5K7jfW1gMWjz3
ch_3hCI3mdw59upqfMabQr2PbTa,2025-02-03 14:31:46,succeeded,980.0,0.0,32.1,947.9,card,,4LO4S5KZ-0001,subscription_create,12_month,1,cus_IHIP79VGDnP5Hf,Chris Adams,chris.adams@auroramark-wireless.example,Auroramark Wireless LLC,self_serve,network_consultant,network_consulting,US,sub_12ewweMnNk63shAdA4m958OK
ch_34rxoxl6kyjnEB0gPPlERC6p,2025-02-05 09:54:18,succeeded,599.0,0.0,9.23,589.77,card,,TD1HZ5QP-0001,subscription_create,6_month,1,cus_wzrnJ8U0qjqKEF,Petri Saarinen,petri.saarinen@saarinen-wireless-consulting.example,Saarinen Wireless Consulting Oy,self_serve,network_consultant,network_consulting,FI,sub_1NBdsHvAgO14EOCWUjQPiMKd
ch_3gO5FCd3TE34AdJmW2TkGlVy,2025-02-05 12:20:48,succeeded,980.0,0.0,14.95,965.05,card,,TBJ6UAUI-0001,subscription_create,12_month,1,cus_Prl8Psd0J4pGvT,Koen van den Berg,koen.vandenberg@aurorafield-wireless.example,Aurorafield Wireless,self_serve,network_consultant,network_consulting,NL,sub_1tb4V2YV0K7sNrc7FfdaaGeq
ch_3J7LrMauUBmgUGiW6isKCmy8,2025-02-05 13:16:02,succeeded,980.0,0.0,32.1,947.9,card,,2HBKR9JM-0001,subscription_create,12_month,1,cus_80D6ErMp8U7NbZ,Andrew Carter,andrew.carter@pinestream-telecom.example,Pinestream Telecom Pty Ltd,self_serve,head_of_wireless,telecom,AU,sub_1MHtr1W6qnuzKanF9ErOsH8h
ch_3EzWCmlar4wQzuvmbvewiYCR,2025-02-05 14:14:35,succeeded,980.0,0.0,32.1,947.9,card,,S6EQKJ3I-0002,subscription_cycle,12_month,1,cus_7Do9YpHjhgseQV,Ahmed Carter,ahmed.carter@orbitmark-rf-consulting.example,Orbitmark RF Consulting,self_serve,network_consultant,network_consulting,US,sub_1pmwbBrcsVAKlsDxsa4AlpiX
ch_3tzygei7pj3hwEnISuhQUvlL,2025-02-06 13:34:09,succeeded,1198.0,0.0,18.22,1179.78,card,,8MW2M4TC-0001,subscription_create,6_month,2,cus_5c8OwDbnpYpUEz,Tobias Schneider,tobias.schneider@westmark-construction.example,Westmark Construction,self_serve,it_lead,construction,DE,sub_1dx0hZxk90VXEoR7n8EJD3Xq
ch_34QhEIptCruKkKtNOCpxzJfF,2025-02-08 12:30:00,failed,980.0,0.0,,,card,card_declined,U1D2AKN6-0002,subscription_cycle,12_month,1,cus_lVJkE27ivHrVaw,Florian Wolf,florian.wolf@crestcore-wi-fi-solutions.example,Crestcore Wi-Fi Solutions AG,self_serve,network_consultant,network_consulting,CH,sub_1lJ1oUndT73iERPIMrXqts66
ch_3zYNXGzMzdEJSngX95JvcYfc,2025-02-09 17:21:37,succeeded,599.0,0.0,9.23,589.77,card,,JZAPP8IO-0002,subscription_cycle,6_month,1,cus_4Q7yLhdMqIk2CL,Tuomas Mäkelä,tuomas.makela@northcore-retail-group.example,Northcore Retail Group,self_serve,it_lead,retail,FI,sub_1cM5thKQgUqhtxq8aTJe1DdZ
ch_37DZOW0ATjtFesAbIXNRE2iR,2025-02-10 04:08:24,succeeded,980.0,0.0,32.1,947.9,card,,HYDW9NP9-0003,subscription_cycle,12_month,1,cus_0LPDebDJxpGMyM,Amanda Green,amanda.green@orbitmark-wireless.example,Orbitmark Wireless LLC,self_serve,network_consultant,network_consulting,US,sub_1K2ZszrXxTjZ8cOzpBnSSwuw
ch_3LPtmg6vTRIcvWHRquM1mZdx,2025-02-10 15:51:15,succeeded,1198.0,0.0,39.19,1158.81,card,,0X1RSEXD-0001,subscription_create,6_month,2,cus_sR3pjCO0qQn9fj,Ben Smith,ben.smith@westgate-warehousing.example,Westgate Warehousing LLC,self_serve,it_lead,logistics,US,sub_1x4JaG8cQ2AL8x3J17PQDYxw
ch_3j25o7CilZ6UMqSZoARZlTD7,2025-02-10 16:38:05,succeeded,980.0,0.0,32.1,947.9,card,,04VUT2P0-0001,subscription_create,12_month,1,cus_xKZry2dI2PKNrD,Emily Jackson,emily.jackson@stonewave-construction.example,Stonewave Construction LLC,self_serve,it_lead,construction,US,sub_1GVyvybJSezHUlbnR2AE0UMb
ch_3CY2TwYBmAzffKelCngh31dS,2025-02-11 10:29:03,succeeded,980.0,0.0,14.95,965.05,card,,ROTYDJD6-0002,subscription_cycle,12_month,1,cus_gBlY6ZkgDOsFEO,Ingrid Pedersen,ingrid.pedersen@northcore-logistics.example,Northcore Logistics AB,self_serve,it_lead,logistics,SE,sub_1SUV5DUp7RCaOHaJYwZHa6BI
ch_3lDtWEsZjjISicYx1yhSYylE,2025-02-11 12:53:00,failed,980.0,0.0,,,card,card_declined,U1D2AKN6-0002,subscription_cycle,12_month,1,cus_lVJkE27ivHrVaw,Florian Wolf,florian.wolf@crestcore-wi-fi-solutions.example,Crestcore Wi-Fi Solutions AG,self_serve,network_consultant,network_consulting,CH,sub_1lJ1oUndT73iERPIMrXqts66
ch_3A0t8EPGPnBp0iEBHguTpRNB,2025-02-12 06:57:34,succeeded,980.0,0.0,14.95,965.05,card,,RCQ0T720-0002,subscription_cycle,12_month,1,cus_tJBSLAvrrQL4io,Tobias Schröder,tobias.schroder@apexwave-clinics.example,Apexwave Clinics GmbH,self_serve,it_lead,healthcare,DE,sub_1m7YksEYHDIjRhQSHFxGx9gD
ch_3uLAv5i8ZkhxcF4kkJt41WcC,2025-02-12 11:52:36,succeeded,599.0,0.0,15.23,583.77,card,,AAFCZUD7-0001,subscription_create,6_month,1,cus_xlWCwg8sETAr83,Steve Campbell,steve.campbell@campbell-network-services.example,Campbell Network Services Ltd,self_serve,network_consultant,network_consulting,GB,sub_1B27BE5s57fWw0OCDCp1SvYC
ch_3tpSIi3PmlY38aUp09hviLGm,2025-02-12 20:46:04,succeeded,980.0,0.0,32.1,947.9,card,,J7H4VVUE-0001,subscription_create,12_month,1,cus_BLSp9kXp7xuxQ9,Wei Jones,wei.jones@crestwave-communications.example,Crestwave Communications LLC,self_serve,head_of_wireless,telecom,US,sub_1AypLKUQZgxSc9cxc64xCtpg
ch_3dzYms5vR7LyBw3gicmoj9Cd,2025-02-13 10:27:55,succeeded,980.0,0.0,14.95,965.05,card,,1X8BZPB6-0001,subscription_create,12_month,1,cus_Bu6wvYy8Et64oa,Brian Harris,brian.harris@aurorabridge-schools.example,Aurorabridge Schools,self_serve,it_lead,education,IE,sub_1kypmcZBeT9JVfavyaAL3fEx
ch_34jk8tqVSOdWxgNR3lgDculb,2025-02-13 11:15:36,succeeded,599.0,0.0,19.72,579.28,card,,XSSUNDXY-0002,subscription_cycle,6_month,1,cus_tuTv4CbhKrR0A5,Robert Wilson,robert.wilson@vertexline-partners.example,Vertexline Partners LLC,self_serve,it_lead,professional_services,US,sub_1NjwXcjlip2PeLarq6VkEXrU
ch_3kjUbJ01KNU3yaf6zcYiXvGY,2025-02-14 05:03:47,failed,1198.0,0.0,,,card,card_declined,QDK8ITNJ-0002,subscription_cycle,6_month,2,cus_7FuovNLAYWWjyR,Eric Turner,eric.turner@deltapeak-industries.example,Deltapeak Industries LLC,self_serve,it_lead,manufacturing,US,sub_1jmO4SnasNG8vwijTvHPkKKR
ch_36GCivrqZuhKWlAZuyStGgLl,2025-02-14 12:22:39,succeeded,2995.0,0.0,97.59,2897.41,card,,9WNOP7S6-0001,subscription_create,6_month,5,cus_2OsZlobBdUj7mx,Sarah Martin,sarah.martin@signalworks-it-solutions.example,Signalworks IT Solutions LLC,self_serve,head_of_wireless,it_services,US,sub_1LJnrkns7aZlyLkp4S16Blu3
ch_3nxohZLVYXHBqcEBfEv3HzLP,2025-02-16 05:37:09,succeeded,980.0,0.0,24.75,955.25,card,,SW4FQ8Q4-0002,subscription_cycle,12_month,1,cus_iDIDJAgqU8Cd6c,David Nguyen,david.nguyen@alpinepoint-wi-fi-solutions.example,Alpinepoint Wi-Fi Solutions,self_serve,network_consultant,network_consulting,GB,sub_1LzwIO1U3D8EDkIwmdPDothe
ch_378nCXortgzkmalVXvhOVnxW,2025-02-16 13:11:00,failed,980.0,0.0,,,card,card_declined,U1D2AKN6-0002,subscription_cycle,12_month,1,cus_lVJkE27ivHrVaw,Florian Wolf,florian.wolf@crestcore-wi-fi-solutions.example,Crestcore Wi-Fi Solutions AG,self_serve,network_consultant,network_consulting,CH,sub_1lJ1oUndT73iERPIMrXqts66
py_30YaSKJjVmLjgFOmJTU4DsHV,2025-02-16 16:08:04,succeeded,4900.0,0.0,5.0,4895.0,bank_transfer,,BJZ1JDWB-0001,subscription_create,12_month,5,cus_YIboegviVwh9gx,Steve Johnson,steve.johnson@bluemark-it-solutions.example,Bluemark IT Solutions,self_serve,head_of_wireless,it_services,US,sub_1BADVOFVOeerDQoR04niPxTj
ch_3QWpY8Rn3ALDT9S5DR9Ab2Wt,2025-02-17 05:04:47,succeeded,1198.0,0.0,39.19,1158.81,card,,QDK8ITNJ-0002,subscription_cycle,6_month,2,cus_7FuovNLAYWWjyR,Eric Turner,eric.turner@deltapeak-industries.example,Deltapeak Industries LLC,self_serve,it_lead,manufacturing,US,sub_1jmO4SnasNG8vwijTvHPkKKR
ch_3kPKQNW5Yv44mwrqdAE5DC8f,2025-02-18 10:35:28,succeeded,4900.0,0.0,159.5,4740.5,card,,8HXQ761A-0002,subscription_cycle,12_month,5,cus_whdy0pZ9cNQtma,David Brown,david.brown@summitlink-telecom.example,Summitlink Telecom LLC,self_serve,head_of_wireless,telecom,US,sub_1Edg7qo3ZA4oZCvZIlChwM2R
ch_3xDo0fo5Yl6MqeID3S0zHysC,2025-02-19 12:04:34,failed,980.0,0.0,,,card,expired_card,PI0S9NUR-0002,subscription_cycle,12_month,1,cus_74byHbW4HYwNR3,Emily Wright,emily.wright@mailbox.example,,self_serve,network_consultant,network_consulting,US,sub_1DHZS25ozukY50N6R7TfMWFh
ch_3UZfAY57lBixGabphQsYD1Xp,2025-02-19 12:24:35,succeeded,980.0,0.0,32.1,947.9,card,,XRZ3CMI1-0002,subscription_cycle,12_month,1,cus_7m8yIaX1s3cH5i,Chris Lewis,chris.lewis@deltalink-rf-consulting.example,Deltalink RF Consulting LLC,self_serve,network_consultant,network_consulting,US,sub_1jyRYMGtawK6Zo7hojLA9h74
ch_3dw87iE4h5Pq3eOy2OfsTarV,2025-02-21 14:50:00,succeeded,980.0,0.0,14.95,965.05,card,,LRFB3EBR-0001,subscription_create,12_month,1,cus_OA9vwUBXoB7xL8,Francesca Colombo,francesca.colombo@postbox.example,,self_serve,network_consultant,network_consulting,IT,sub_1PkTArNjmZkIgPCk7g0nZwld
ch_3RvJjyA7ARm4bcaFGMtbodU2,2025-02-22 13:09:34,succeeded,980.0,0.0,32.1,947.9,card,,PI0S9NUR-0002,subscription_cycle,12_month,1,cus_74byHbW4HYwNR3,Emily Wright,emily.wright@mailbox.example,,self_serve,network_consultant,network_consulting,US,sub_1DHZS25ozukY50N6R7TfMWFh
py_39Ffy0YGTL6LYQ2NwNwLIJLJ,2025-02-24 15:10:31,succeeded,1198.0,0.0,5.0,1193.0,bank_transfer,,XTAZR7Y7-0001,subscription_create,6_month,2,cus_dY3G25Ohb891Dj,Priya Williams,priya.williams@novabridge-wireless-engineering.example,Novabridge Wireless Engineering LLC,self_serve,head_of_wireless,network_consulting,US,sub_1PO7ebnlhDYGyuSv5t1zjsly
ch_3W5kgl3xjCRcSQqO8y0VVE82,2025-02-25 09:12:38,succeeded,980.0,0.0,14.95,965.05,card,,0MJ6K2NS-0004,subscription_cycle,12_month,1,cus_CWiBUaOMJbihxN,Ruben Bakker,ruben.bakker@bakker-wireless-consulting.example,Bakker Wireless Consulting,self_serve,network_consultant,network_consulting,NL,sub_1tKVqDxBw4AOmwR0w9oxRJb1
ch_37jviaPTOUEXow5WyPClYRCi,2025-02-26 09:17:20,succeeded,980.0,0.0,14.95,965.05,card,,DLCGGOTG-0002,subscription_cycle,12_month,1,cus_jmgbiJKzaSnTLU,Mark Williams,mark.williams@brightpath-rf-consulting.example,Brightpath RF Consulting Ltd,self_serve,network_consultant,network_consulting,IE,sub_1MIIfndkA8eOIOLxLdkw6ThX
ch_3Lj805IOzrAw4ZJCU1Yy4ped,2025-02-26 19:52:20,succeeded,980.0,0.0,32.1,947.9,card,,TA4EA8X1-0002,subscription_cycle,12_month,1,cus_cXRv82YHRtAVug,Kate Jackson,kate.jackson@stonelink-logistics.example,Stonelink Logistics,self_serve,it_lead,logistics,CA,sub_1JdwiDmA4DyvQJO2kEw77pv0
ch_31li7aWxIxAyxeIgZHPPMXRV,2025-02-26 21:06:43,succeeded,980.0,0.0,14.95,965.05,card,,TTP2A8HE-0001,subscription_create,12_month,1,cus_nGJRVoKmGxyByS,Elena Romero,elena.romero@polarpeak-foods.example,Polarpeak Foods S.L.,self_serve,it_lead,food_beverage,ES,sub_1JaC5XD7COeGJti51Lgq7G9y
ch_3h8nBHV127fEMSqaYeWMH06r,2025-02-27 11:48:44,succeeded,980.0,0.0,32.1,947.9,card,,P8TMPDIA-0001,subscription_create,12_month,1,cus_VZgYe2bhiicYZv,Anja Braun,anja.braun@braun-wireless-consulting.example,Braun Wireless Consulting AG,self_serve,network_consultant,network_consulting,CH,sub_19WNSoYrulGCYPlfCXs7D24A
ch_3CUFCKYK1wzMTc27X10DS1rC,2025-02-28 07:31:39,succeeded,599.0,0.0,19.72,579.28,card,,NVUYVDK5-0001,subscription_create,6_month,1,cus_pSmpgKYszTboZm,Jessica Wright,jessica.wright@clearcore-wi-fi-solutions.example,Clearcore Wi-Fi Solutions Inc.,self_serve,network_consultant,network_consulting,CA,sub_1IEfucXqp2uIam3Hb64DIUsX
ch_3VKng0lUELkCsNgPuwHKAFCn,2025-02-28 13:14:43,succeeded,1960.0,0.0,49.25,1910.75,card,,ZR7XHE3B-0001,subscription_create,12_month,2,cus_VZJGnfEDkwpglw,Ben Patel,ben.patel@brightwave-wi-fi-solutions.example,Brightwave Wi-Fi Solutions Ltd,self_serve,network_consultant,network_consulting,GB,sub_1QeQqbi68CX5SZsbYz5q1MQq
ch_3FyXyoAVDgEd79SHgqvfomFU,2025-02-28 13:54:45,succeeded,980.0,0.0,32.1,947.9,card,,WL4GMCLD-0001,subscription_create,12_month,1,cus_QePxeDvcBqunXp,Ryan Edwards,ryan.edwards@vertexgate-foods.example,Vertexgate Foods,self_serve,it_lead,food_beverage,AU,sub_1WybTUVLzJOaADKU3Xy1pV2B
ch_3bnhV7N4gRlHiewY6vI07H9k,2025-02-28 17:22:26,succeeded,1797.0,0.0,58.65,1738.35,card,,F227ASIU-0002,subscription_cycle,6_month,3,cus_1QVm6ExnbZcMl8,Paul Martin,paul.martin@harborpoint-wireless-engineering.example,Harborpoint Wireless Engineering Pty Ltd,self_serve,head_of_wireless,network_consulting,AU,sub_1aJ9eUQJ1R9jAw98TQTytX1C
ch_3C4YBQp23xRxDHHWx5wO8KnM,2025-03-01 03:08:09,succeeded,980.0,0.0,32.1,947.9,card,,RD137XYL-0001,subscription_create,12_month,1,cus_bGKWRZ0ShFKXHa,Laura Kelly,laura.kelly@cedarpeak-rf-consulting.example,Cedarpeak RF Consulting,self_serve,network_consultant,network_consulting,US,sub_1G0ao5WJOH2EPIbKCz7wIHrY
py_3sbHAdzwpmqPiiwMjVo6BO9o,2025-03-01 14:47:19,succeeded,210000.0,0.0,5.0,209995.0,bank_transfer,,HXUQMLDW-0001,subscription_create,enterprise,1,cus_i7SSQaUwTvAMef,Halden Ridge State University,accounts.payable@halden-ridge-state-university.example,Halden Ridge State University,enterprise,,university,US,sub_1Pl0vGGjOoKm3UuXedXJsAqh
ch_3ZwBuyifI40FeWcs57peYxsx,2025-03-02 10:15:46,succeeded,599.0,0.0,15.23,583.77,card,,HGIJWL8F-0002,subscription_cycle,6_month,1,cus_jPwSTgZ8mITgAc,Daniel Thomas,daniel.thomas@westworks-schools.example,Westworks Schools,self_serve,it_lead,education,GB,sub_1FxdVzVpwuF4kgryZLLtoU57
ch_3rRp2GKfLGwlPirVt19YhPxV,2025-03-03 09:36:49,succeeded,599.0,0.0,9.23,589.77,card,,SVLDBRR9-0003,subscription_cycle,6_month,1,cus_vtW4rUaEx9xI6c,Ola Dahl,ola.dahl@auroraworks-logistics.example,Auroraworks Logistics,self_serve,it_lead,logistics,DK,sub_1BJdu7bVMDLVWXdjqBdv6hSP
ch_3GaE6ozLrVXY8s2aVzmsu9NI,2025-03-03 11:09:46,succeeded,980.0,0.0,32.1,947.9,card,,ESHMDILI-0001,subscription_create,12_month,1,cus_Y5nGKoDkOXyx6k,Priya Roberts,priya.roberts@summitcore-communications.example,Summitcore Communications,self_serve,head_of_wireless,telecom,AU,sub_1qmfNXlusdLG7QChrIIaS39i
ch_3cgggcp8hwXIEprCzbSdwY1v,2025-03-03 13:53:21,succeeded,599.0,0.0,9.23,589.77,card,,KNBXWVR0-0002,subscription_cycle,6_month,1,cus_PJSBZf2qtZuUox,Anja Schneider,anja.schneider@westlink-foods.example,Westlink Foods,self_serve,it_lead,food_beverage,DE,sub_1uI7GXPWYIbwADCqW1cm4J2u
ch_3IecWJbH2MMWJaYvI65qfFpc,2025-03-04 08:33:10,succeeded,980.0,0.0,14.95,965.05,card,,X19MFGLG-0004,subscription_cycle,12_month,1,cus_ak0KsBYUqa9Lu8,Julia Wagner,julia.wagner@polarbridge-wireless.example,Polarbridge Wireless,self_serve,network_consultant,network_consulting,DE,sub_1ZD1qpWIcjQECSVhdnhjh1KS
ch_3d2hQd8ZzXQ4BALu10GCtv5Y,2025-03-04 08:57:02,succeeded,5880.0,0.0,88.45,5791.55,card,,KJRS83S5-0003,subscription_cycle,12_month,6,cus_Tf1SL9FvsnMpek,Javier Torres,javier.torres@aurorabridge-managed-services.example,Aurorabridge Managed Services S.L.,self_serve,head_of_wireless,it_services,ES,sub_16aERIrKmF6NpJMrHN79EErp
ch_3BrSdVnuYwM1am9OUYDRYELw,2025-03-04 13:20:47,succeeded,599.0,0.0,19.72,579.28,card,,XRUADAWJ-0001,subscription_create,6_month,1,cus_mCNxvMpnDhtEkY,Matthias Meyer,matthias.meyer@postbox.example,,self_serve,network_consultant,network_consulting,CH,sub_14OkMxpLPAZpfatzSzw1lXOk
ch_3pThP38jq5AiaXqcJkozxGFM,2025-03-04 14:32:51,succeeded,1797.0,0.0,58.65,1738.35,card,,E7NR7KFI-0001,subscription_create,6_month,3,cus_G85Z4nBrYQLJtK,Steve Green,steve.green@greenfield-telecom.example,Greenfield Telecom LLC,self_serve,head_of_wireless,telecom,US,sub_1qtRCx8bncubhiMbMnQymsNr
ch_3nmyrCRowkxcMjNQgOIDi3CX,2025-03-04 16:35:06,succeeded,3920.0,0.0,127.65,3792.35,card,,VKV4ZXBU-0004,subscription_cycle,12_month,4,cus_gh3xG9bxJM3kQp,Nicole Turner,nicole.turner@mapleworks-telecom.example,Mapleworks Telecom LLC,self_serve,head_of_wireless,telecom,US,sub_17rErMhkDW0y5scQHGkk67Us
ch_3EzDpamftnqaVG1tTuxgeqDs,2025-03-05 10:32:25,succeeded,980.0,0.0,14.95,965.05,card,,TP6U91XR-0001,subscription_create,12_month,1,cus_QJ6BJg6lH3cjK8,Lotte Smit,lotte.smit@smit-wireless-consulting.example,Smit Wireless Consulting,self_serve,network_consultant,network_consulting,NL,sub_1uanm77ZFDMwdRJlKraxkxrB
ch_3mPrpvJOn3MCBSn5xWdzTKVM,2025-03-05 14:15:27,succeeded,599.0,0.0,9.23,589.77,card,,QY21J3XH-0002,subscription_cycle,6_month,1,cus_tvNI04OAjdJf8R,Alessandro Bruno,alessandro.bruno@bruno-network-services.example,Bruno Network Services,self_serve,network_consultant,network_consulting,IT,sub_11GHVcKEYC7dLYetDS9g2Pf1
ch_3P4kFr6Yzeo6aiy9NpEoakxl,2025-03-06 12:59:26,succeeded,1198.0,0.0,39.19,1158.81,card,,L8G0XB3B-0001,subscription_create,6_month,2,cus_WrMCNgiefJDo4G,Paul Nelson,paul.nelson@inbox.example,,self_serve,network_consultant,network_consulting,US,sub_1cvbj2n43EHtzVljsfy8UJuq
ch_3gdo6jdEvvBCgLNwJA4hQBAI,2025-03-06 17:22:26,succeeded,599.0,0.0,15.23,583.77,card,,J1FV10C8-0001,subscription_create,6_month,1,cus_7C6yx3IDN78yAT,Carlos Baker,carlos.baker@atlaswave-wi-fi-solutions.example,Atlaswave Wi-Fi Solutions Ltd,self_serve,network_consultant,network_consulting,GB,sub_1W01aErlILJPnminFxfiSOgv
ch_3JwgFz4TUUSCX3NKzDPF8Gn7,2025-03-07 05:33:48,succeeded,980.0,0.0,32.1,947.9,card,,O5Q1JRF4-0001,subscription_create,12_month,1,cus_SWgScaUYTJgB8W,Ahmed Roberts,ahmed.roberts@vertexport-networks.example,Vertexport Networks,self_serve,network_consultant,network_consulting,US,sub_1dogZvDZaznTZ6ZTCvdqnRqM
py_3gufHkYHzXUVg4UsKW8OG5nd,2025-03-07 11:40:24,succeeded,1960.0,0.0,5.0,1955.0,bank_transfer,,WTUY0F1F-0001,subscription_create,12_month,2,cus_ObhJaghAqH4e5v,Rachel Turner,rachel.turner@clearcore-communications.example,Clearcore Communications,self_serve,head_of_wireless,telecom,GB,sub_1dd4QL7nuzjttJTmCfPHADa4
py_3hqMWbA9UrWShiOTWDa9CsTE,2025-03-08 02:41:23,succeeded,4900.0,0.0,5.0,4895.0,bank_transfer,,5A9I369Y-0001,subscription_create,12_month,5,cus_km1p2MSkPnGNMY,Tom Roberts,tom.roberts@clearpath-wireless-engineering.example,Clearpath Wireless Engineering,self_serve,head_of_wireless,network_consulting,US,sub_1mUV4swpbzVWXVFEcC0uusSL
ch_3XKCyJTe5C3Owe0zsQHXRABX,2025-03-08 15:32:52,succeeded,980.0,0.0,32.1,947.9,card,,4CLU4GGB-0001,subscription_create,12_month,1,cus_JF7OyebJMr8nqX,Amanda Kim,amanda.kim@pinegate-systems-integration.example,Pinegate Systems Integration,self_serve,head_of_wireless,it_services,US,sub_102vN46pOgh4dHdwJuPCzMve
ch_3LQfCzHBKd0rgcvutHgLCiVs,2025-03-08 18:23:08,failed,1960.0,0.0,,,card,expired_card,SIEN7JH6-0003,subscription_cycle,12_month,2,cus_8R18oFUlFErBir,Lena Wolf,lena.wolf@balticmark-systems-integration.example,Balticmark Systems Integration GmbH,self_serve,head_of_wireless,it_services,DE,sub_1ToPL4OnFPiJ6DhS3cBV6WhI
ch_3NOHEtQnq6xdzjuDQV4pIvNO,2025-03-09 10:28:46,succeeded,980.0,0.0,14.95,965.05,card,,GF7ZEGX4-0001,subscription_create,12_month,1,cus_A6kwzPmhdroaHQ,Sanna Nieminen,sanna.nieminen@brightfield-managed-services.example,Brightfield Managed Services,self_serve,head_of_wireless,it_services,FI,sub_1VW0jKtl1U5xewPkSCgmd9Ih
ch_3V5nsfoDdd2Vy08GOpwppr2H,2025-03-10 06:14:09,succeeded,599.0,0.0,9.23,589.77,card,,KLNFEIJU-0001,subscription_create,6_month,1,cus_Y9FKTltz9ksRob,Bjørn Hansen,bjorn.hansen@polarpath-construction.example,Polarpath Construction AB,self_serve,it_lead,construction,SE,sub_1LgNIw5vANw2VZa3w7JPP1lt
ch_3TLEdCT6k3LbteXfoeFeNsKo,2025-03-10 11:57:58,succeeded,980.0,0.0,14.95,965.05,card,,8EDSIKVN-0003,subscription_cycle,12_month,1,cus_YtTzwk8CeEccOJ,Stefan Zimmermann,stefan.zimmermann@apexpath-industries.example,Apexpath Industries GmbH,self_serve,it_lead,manufacturing,DE,sub_19MZhf1fLfzIY7wiOi0zqOGy
py_3hWwzMRHPFPbKBZzOaVaxqDh,2025-03-10 14:00:52,succeeded,1960.0,0.0,5.0,1955.0,bank_transfer,,X2TC8I1S-0001,subscription_create,12_month,2,cus_gQVrvzbPHocQ7C,Raúl Torres,raul.torres@brightbridge-technology-group.example,Brightbridge Technology Group,self_serve,head_of_wireless,it_services,ES,sub_1HBsOsJIFhLd3fQGewXcH0xD
ch_3otTCnJBP8a5XW43ciIyCYR5,2025-03-10 18:12:43,failed,599.0,0.0,,,card,card_declined,INMR9Z8M-0001,subscription_create,6_month,1,cus_OQVVQvdlHQA4p1,Matt Thompson,matt.thompson@vertexline-partners.example,Vertexline Partners LLC,self_serve,it_lead,professional_services,US,sub_1RfGQOjjfhwjE555iAffCQYF
ch_3okCu6KEAWttPFHyV6to1RkA,2025-03-10 18:15:43,succeeded,599.0,0.0,19.72,579.28,card,,INMR9Z8M-0001,subscription_create,6_month,1,cus_OQVVQvdlHQA4p1,Matt Thompson,matt.thompson@vertexline-partners.example,Vertexline Partners LLC,self_serve,it_lead,professional_services,US,sub_1RfGQOjjfhwjE555iAffCQYF
ch_3LUxU6d3zPsigJFPTkKDaI7S,2025-03-10 19:25:36,succeeded,980.0,0.0,32.1,947.9,card,,72I49FRO-0001,subscription_create,12_month,1,cus_JBcCT5DAOV4nL4,Kate White,kate.white@postbox.example,,self_serve,network_consultant,network_consulting,US,sub_1BEq8fpDoPp7h9yBh8kk17I9
ch_3tFgjv4KZ4MW5YXbA71KxQQ3,2025-03-11 18:45:08,succeeded,1960.0,0.0,29.65,1930.35,card,,SIEN7JH6-0003,subscription_cycle,12_month,2,cus_8R18oFUlFErBir,Lena Wolf,lena.wolf@balticmark-systems-integration.example,Balticmark Systems Integration GmbH,self_serve,head_of_wireless,it_services,DE,sub_1ToPL4OnFPiJ6DhS3cBV6WhI
ch_3Oe75vRpyqBcT3eIBFzFeSDW,2025-03-12 12:23:35,succeeded,1960.0,0.0,29.65,1930.35,card,,IJOWZ53U-0003,subscription_cycle,12_month,2,cus_fyl8Bdmv13598s,Camille Mercier,camille.mercier@deltagate-networks.example,Deltagate Networks,self_serve,network_consultant,network_consulting,FR,sub_1unACQvyOhNbuivisci7ezf2
ch_3FPZyn0RXBW0NqbJ9dfyO2d2,2025-03-12 13:50:11,succeeded,980.0,0.0,14.95,965.05,card,,VVKFBR5K-0001,subscription_create,12_month,1,cus_XR7lkK8YUS1i3I,Thomas Richter,thomas.richter@bluepoint-rf-consulting.example,Bluepoint RF Consulting GmbH,self_serve,network_consultant,network_consulting,DE,sub_1i7bU2MmHusIYAiCDV66BVvu
py_3eM6oxCK8ttGrmHl6JTCnj84,2025-03-13 11:25:26,succeeded,4900.0,0.0,5.0,4895.0,bank_transfer,,K924SCB1-0002,subscription_cycle,12_month,5,cus_W40wdr6IeqcG6J,Lotte Dekker,lotte.dekker@greengate-communications.example,Greengate Communications,self_serve,head_of_wireless,telecom,NL,sub_1qtEuOyQmmKT1KkoEW9OoQBr
ch_3kh5VNTR9vqO29GAN5PjjS6f,2025-03-14 09:35:41,succeeded,599.0,0.0,5.14,593.86,sepa_debit,,VIQFY4H6-0001,subscription_create,6_month,1,cus_FkLdUFihWJJ7nb,Rasmus Berg,rasmus.berg@brightfield-managed-services.example,Brightfield Managed Services AB,self_serve,head_of_wireless,it_services,SE,sub_1GwfgQrmC9CIumhvQIWgpdWU
ch_3d1D0tAqRSJrLauJ0SS5N9yH,2025-03-17 10:57:51,succeeded,980.0,0.0,14.95,965.05,card,,MQA6TASU-0003,subscription_cycle,12_month,1,cus_DPqvYe5fTYLx34,Jan Richter,jan.richter@apexworks-networks.example,Apexworks Networks,self_serve,network_consultant,network_consulting,DE,sub_1tQcEgFhbgG3WI5KeMMj7hsR
ch_37Vh4sVisSctHEQEU6DEmpkI,2025-03-17 16:33:27,succeeded,599.0,0.0,9.23,589.77,card,,SQS48V91-0001,subscription_create,6_month,1,cus_k2QvlZFMdjPEHu,Juho Järvinen,juho.jarvinen@jarvinen-network-services.example,Järvinen Network Services Oy,self_serve,network_consultant,network_consulting,FI,sub_1uH33tXz35oOJsmFerXq9Awm
ch_3uIENLXuRs8CKgMsnMioZ2S8,2025-03-18 10:36:03,succeeded,980.0,0.0,14.95,965.05,card,,Z60DM4B2-0002,subscription_cycle,12_month,1,cus_I3n5rIsXzranBp,Sabine Weber,sabine.weber@weber-wireless-consulting.example,Weber Wireless Consulting GmbH,self_serve,network_consultant,network_consulting,DE,sub_11RXcF0Jw82bzmTfXeLgVun9
ch_3ue1AQ55GjEXDfC6HZcYQDgW,2025-03-18 10:40:57,succeeded,1198.0,0.0,39.19,1158.81,card,,QIW06ZSV-0002,subscription_cycle,6_month,2,cus_2Tf6iNHiScQQ0h,Amanda Edwards,amanda.edwards@pinebridge-systems-integration.example,Pinebridge Systems Integration LLC,self_serve,head_of_wireless,it_services,US,sub_1SMpzLpwy43CcT1mk9AiOXmd
ch_31wWCCkkLyRQTXHjx05jFHy7,2025-03-18 12:19:28,succeeded,980.0,0.0,14.95,965.05,card,,I69TB6E6-0002,subscription_cycle,12_month,1,cus_rTExD1HOaHhbWc,Thomas Richter,thomas.richter@orbitpoint-construction.example,Orbitpoint Construction,self_serve,it_lead,construction,DE,sub_1ZVXeeaaEf0kQnsoENpfjmml
ch_3iK70yMXiWzFiEdqfIqUFS7D,2025-03-18 20:32:27,succeeded,980.0,0.0,24.75,955.25,card,,G29B4MHT-0002,subscription_cycle,12_month,1,cus_Qs9BgDKTGwoHcw,Sarah Kelly,sarah.kelly@blueport-hotels.example,Blueport Hotels,self_serve,it_lead,hospitality,GB,sub_15HHBcMaR4G13FNpQ3XouvJO
ch_3ucPRAMwTkDD3hfROkAV0PiK,2025-03-19 12:14:49,succeeded,980.0,0.0,14.95,965.05,card,,D9I2GE0G-0001,subscription_create,12_month,1,cus_HQrlhxmKnLRbq6,Søren Andersson,soren.andersson@westpath-properties.example,Westpath Properties AS,self_serve,it_lead,real_estate,NO,sub_1logciIrxD8IdJuIuYlWRg0v
ch_3OryNjPRPGSowFiGToDy9I3M,2025-03-19 17:19:11,succeeded,980.0,0.0,24.75,955.25,card,,OKFP0G2C-0001,subscription_create,12_month,1,cus_e4Gu7YnNwkBmwF,John Wright,john.wright@postbox.example,,self_serve,network_consultant,network_consulting,GB,sub_1JaR6MgH4UIqgHbVgOQDhVxr
py_3gDl1gRZ4jaJ06ZoKA0ndl25,2025-03-20 08:00:10,succeeded,1797.0,0.0,5.0,1792.0,bank_transfer,,6IZS3FA2-0002,subscription_cycle,6_month,3,cus_priEE6MV0BCccW,Florian Schröder,florian.schroder@apexfield-technology-group.example,Apexfield Technology Group GmbH,self_serve,head_of_wireless,it_services,DE,sub_1Muwyq25lxQw8Yba1hZZyHkM
ch_3jw1KefAwX8yhBd5q5AVh79F,2025-03-21 08:13:51,succeeded,1960.0,0.0,63.95,1896.05,card,,7BYUH55X-0002,subscription_cycle,12_month,2,cus_NMc3fmdebzKCkj,James Wilson,james.wilson@apexwave-wireless.example,Apexwave Wireless,self_serve,network_consultant,network_consulting,US,sub_1DdAkerz4A9svSfM2p9c0tRr
ch_3ofTjc7CRLJfNmXBAaWvhv7u,2025-03-21 12:25:38,succeeded,599.0,0.0,9.23,589.77,card,,BJNF6QUD-0001,subscription_create,6_month,1,cus_cEJqXKcTGQQivR,Dirk Klein,dirk.klein@apexpath-warehousing.example,Apexpath Warehousing GmbH,self_serve,it_lead,logistics,AT,sub_1wq4JbdSe7etaFoYT8VbVoOC
ch_3uVgjpStM1sEOk5HLrmd153u,2025-03-21 12:51:53,succeeded,980.0,0.0,32.1,947.9,card,,LEW7VPZ7-0001,subscription_create,12_month,1,cus_QNIlOFQVgmMhdY,Brian Wilson,brian.wilson@mailbox.example,,self_serve,network_consultant,network_consulting,AU,sub_1vtlCbY6a5kU4HftxxCjeHpw
ch_3YtLF0gdL0BOOhJjbOMCxtiF,2025-03-21 15:40:22,succeeded,1797.0,0.0,58.65,1738.35,card,,CU7J3KAO-0003,subscription_cycle,6_month,3,cus_ChUdVmD3Id1SRi,Nicole Baker,nicole.baker@novaline-retail-group.example,Novaline Retail Group,self_serve,it_lead,retail,US,sub_1SgFtb5yfaUGZPsrtqM5oGRI
ch_3ZXVvwpvZsHZt5vNfXTb2wSD,2025-03-21 17:24:15,succeeded,980.0,0.0,32.1,947.9,card,,468UKP9J-0001,subscription_create,12_month,1,cus_6DtRdKddKp6enA,Matt Carter,matt.carter@lumenview-systems-integration.example,Lumenview Systems Integration,self_serve,head_of_wireless,it_services,US,sub_1yXtlGWIpQcjTsZ5s7CT18Le
ch_3hY4VRyTivOi57yKwrwqEuNi,2025-03-22 14:51:25,succeeded,1198.0,0.0,39.19,1158.81,card,,NDGW2ZTE-0003,subscription_cycle,6_month,2,cus_o3s9j1UHQy285e,Ahmed Miller,ahmed.miller@signalport-wireless-engineering.example,Signalport Wireless Engineering LLC,self_serve,head_of_wireless,network_consulting,US,sub_1WvAX6sBOOg31zbMcaBQplt3
ch_3vmw1SmlQpvd55qrk3aZjyKG,2025-03-22 17:30:47,succeeded,980.0,0.0,32.1,947.9,card,,CA3VE7HJ-0002,subscription_cycle,12_month,1,cus_eEBRADAYXlQ5aA,Priya Thompson,priya.thompson@postbox.example,,self_serve,network_consultant,network_consulting,AU,sub_1EBFItEF04OJ7vOZPxDLKFRk
ch_3DyDzLYlpWMlXHxwvFwYkkSc,2025-03-24 06:02:02,succeeded,980.0,0.0,32.1,947.9,card,,U691B1ZR-0001,subscription_create,12_month,1,cus_ZQIby6wY8qOOu2,Sarah Lee,sarah.lee@pineview-it-solutions.example,Pineview IT Solutions LLC,self_serve,head_of_wireless,it_services,US,sub_1pISbahjI4uc7BHaXMnW9aPF
ch_3EkIux9OMjMPV2csDTM9Z8XK,2025-03-25 11:09:00,succeeded,980.0,0.0,14.95,965.05,card,,3GJTITFN-0002,subscription_cycle,12_month,1,cus_SaQ4FFH0Z8gqth,Bjørn Larsson,bjorn.larsson@granitepath-rf-consulting.example,Granitepath RF Consulting ApS,self_serve,network_consultant,network_consulting,DK,sub_1gMoqDD5qXa51udIaxjaVlmj
ch_3ieGt1VMPhPmz1llqDXswH09,2025-03-25 11:35:55,succeeded,599.0,0.0,9.23,589.77,card,,FVUKF5QH-0002,subscription_cycle,6_month,1,cus_rl0VRZGyMYjJ7a,Michael Schulz,michael.schulz@greenfield-logistics.example,Greenfield Logistics,self_serve,it_lead,logistics,DE,sub_17fKEnOPDs52IA2TuSwgXNrE
py_3NGyh8qOnh4cIn4ev7VbqZAr,2025-03-26 18:12:20,succeeded,1960.0,0.0,5.0,1955.0,bank_transfer,,GBYNB2CN-0001,subscription_create,12_month,2,cus_SfJzZZicjyzeGW,Daan Dekker,daan.dekker@bluepath-it-solutions.example,Bluepath IT Solutions B.V.,self_serve,head_of_wireless,it_services,NL,sub_1ZdwBpe5lidRLdFDKw77DfKT
py_3eJsuKXx8TgKyiXz2DETsfJY,2025-03-26 23:05:35,succeeded,1960.0,0.0,5.0,1955.0,bank_transfer,,P5OB6KXM-0003,subscription_cycle,12_month,2,cus_ghKNb3bfpALKfE,Sami Salonen,sami.salonen@nordicstream-it-solutions.example,Nordicstream IT Solutions,self_serve,head_of_wireless,it_services,FI,sub_1Sa8bLdHJwQeSn25hCjWPNyF
ch_36OoSqL8QXlbFHzo2k5ubF5w,2025-03-27 10:19:38,succeeded,980.0,0.0,14.95,965.05,card,,643X51XG-0001,subscription_create,12_month,1,cus_x0eJ3e5YW4HcoS,Kevin Collins,kevin.collins@signalcore-properties.example,Signalcore Properties,self_serve,it_lead,real_estate,IE,sub_19P6WC95Zk6GZHEokPtYyY3Y
ch_3p6gy7ZIN9o0KWOORHRUi5Qf,2025-03-27 12:56:42,succeeded,980.0,0.0,14.95,965.05,card,,VX4922RR-0001,subscription_create,12_month,1,cus_lSVjacFAjsUO2T,Christian Hartmann,christian.hartmann@westport-wi-fi-solutions.example,Westport Wi-Fi Solutions GmbH,self_serve,network_consultant,network_consulting,DE,sub_1GJBZlEpCPtNFcMWJYhsKWAW
ch_3i5cdYroSJekIZJ2jt6Kefqj,2025-03-27 14:06:48,succeeded,980.0,0.0,14.95,965.05,card,,R621R2YF-0002,subscription_cycle,12_month,1,cus_AuEmOkvzWY31G6,Janne Järvinen,janne.jarvinen@harborpath-retail-group.example,Harborpath Retail Group Oy,self_serve,it_lead,retail,FI,sub_1YdSUhAPGgY2YERfi4fDDhVU
ch_3JJJK28srVZDnpMVTcwPXk4D,2025-03-28 10:00:41,succeeded,599.0,0.0,15.23,583.77,card,,GE8F63Y1-0001,subscription_create,6_month,1,cus_NzLX2hCO09IAck,Brian Roberts,brian.roberts@ironbridge-networks.example,Ironbridge Networks,self_serve,network_consultant,network_consulting,GB,sub_1F0fnUZjjyWW32LOvhV6PYU4
ch_30rSuFEb4DHSeUJLyMaDqP6I,2025-03-28 19:45:12,succeeded,1960.0,0.0,63.95,1896.05,card,,X20VK5Z5-0002,subscription_cycle,12_month,2,cus_Yn0T1fbH6MvQXt,Priya Martin,priya.martin@nordicpoint-construction.example,Nordicpoint Construction LLC,self_serve,it_lead,construction,US,sub_1t6OOz3eWSU6UisF2BdmWSoA
ch_3kMCeZEZF0i3K9w01PyXZHUX,2025-03-29 16:46:38,succeeded,980.0,0.0,32.1,947.9,card,,1M3NQ7GL-0002,subscription_cycle,12_month,1,cus_yjWVsAIqrjCjzh,Ben White,ben.white@silverwave-wi-fi-solutions.example,Silverwave Wi-Fi Solutions,self_serve,network_consultant,network_consulting,US,sub_1MdsbJaH7nfla6iopMMZODWq
ch_3liAo5RFbyQfc9549oIcZjJj,2025-03-31 13:22:20,failed,1198.0,0.0,,,card,card_declined,GENX8WEN-0001,subscription_create,6_month,2,cus_Ka5422RKMin3NL,Laura Hall,laura.hall@brightpoint-retail-group.example,Brightpoint Retail Group,self_serve,it_lead,retail,GB,sub_11YKVBT0VOljjJqhybbtGhSb
ch_3azcou24BeK06v20fNNXUFcZ,2025-03-31 13:24:41,succeeded,1198.0,0.0,30.2,1167.8,card,,GENX8WEN-0001,subscription_create,6_month,2,cus_Ka5422RKMin3NL,Laura Hall,laura.hall@brightpoint-retail-group.example,Brightpoint Retail Group,self_serve,it_lead,retail,GB,sub_11YKVBT0VOljjJqhybbtGhSb
ch_3JQ1R9ehxu2NWLD9C6dHQYzL,2025-03-31 18:48:34,succeeded,980.0,0.0,32.1,947.9,card,,YYZDOJN6-0003,subscription_cycle,12_month,1,cus_uiApHyEvZZNrDP,David Miller,david.miller@signalpoint-telecom.example,Signalpoint Telecom LLC,self_serve,head_of_wireless,telecom,US,sub_1Re28NTR5gdl4J2mRmQIeg0M
py_3tBNslL3MRHDHh71nouaF5jp,2025-03-31 23:18:34,succeeded,1198.0,0.0,5.0,1193.0,bank_transfer,,967AHV85-0002,subscription_cycle,6_month,2,cus_hxrvJuk09mN5SH,Wouter Hendriks,wouter.hendriks@beaconmark-foods.example,Beaconmark Foods BV,self_serve,it_lead,food_beverage,BE,sub_1RVMRcyoaRICCd3uo0aD8qFR
ch_3F51Y8GlI3bNPmQkNm7AIDZp,2025-04-01 17:18:37,succeeded,1960.0,0.0,29.65,1930.35,card,,C6YP8897-0002,subscription_cycle,12_month,2,cus_XvGoTsu4vfFBGH,Andreas Schmidt,andreas.schmidt@greenport-schools.example,Greenport Schools GmbH,self_serve,it_lead,education,AT,sub_1W0FR16KZEjmq790EUnpue1r
ch_36ejhn7DZwz4gZFW6geju2Ui,2025-04-02 10:35:28,succeeded,599.0,0.0,19.72,579.28,card,,WI60BHWR-0003,subscription_cycle,6_month,1,cus_Qfg5JKF1okuLhQ,John King,john.king@brightport-rf-consulting.example,Brightport RF Consulting LLC,self_serve,network_consultant,network_consulting,US,sub_1JV0ZjN1DcNyLUcEbxSLGmKT
ch_3fhjvd6LqzHIYgxfQgar9eDU,2025-04-02 10:43:49,succeeded,1960.0,0.0,63.95,1896.05,card,,73UU3XWJ-0003,subscription_cycle,12_month,2,cus_KwhyvCY2DacLZS,Ryan Brown,ryan.brown@brightpeak-wireless.example,Brightpeak Wireless LLC,self_serve,network_consultant,network_consulting,US,sub_19RjvmhgynwpO9iOceMYzELU
ch_3iTdoGKHfWB1eJl86lG5Lb4N,2025-04-03 05:57:08,succeeded,980.0,0.0,6.35,973.65,sepa_debit,,20LBASOB-0006,subscription_cycle,12_month,1,cus_qVSPNqfABXC5OB,Guillaume Lambert,guillaume.lambert@lambert-network-services.example,Lambert Network Services,self_serve,network_consultant,network_consulting,FR,sub_1wthYTKf2y5OBivChQu2f0Rb
ch_3GBoInJoRFOIVIZJwkWw3VZM,2025-04-03 14:22:27,succeeded,1960.0,0.0,63.95,1896.05,card,,6DE5K6QU-0001,subscription_create,12_month,2,cus_lJ7aTM3qcWFC7F,Sarah Smith,sarah.smith@signalwave-wi-fi-solutions.example,Signalwave Wi-Fi Solutions LLC,self_serve,network_consultant,network_consulting,US,sub_1YDoTKs3Fm65Drw2BHMlkfGI
ch_3egtHyPkiyPOyK4LAmdJaOaG,2025-04-03 14:25:33,succeeded,980.0,0.0,32.1,947.9,card,,M799ZYT2-0002,subscription_cycle,12_month,1,cus_zm3jGSjDpUcppL,Brian Mitchell,brian.mitchell@bluegate-wi-fi-solutions.example,Bluegate Wi-Fi Solutions,self_serve,network_consultant,network_consulting,US,sub_10CyQ9jv54rj8o7zTANcK7aD
ch_3eT4wFL7HzqcbVePLOjU2inB,2025-04-04 07:03:49,succeeded,1960.0,0.0,29.65,1930.35,card,,NU6KRYA1-0001,subscription_create,12_month,2,cus_P5jFWXiZyPBkmx,Daniel Hartmann,daniel.hartmann@stonewave-wireless.example,Stonewave Wireless GmbH,self_serve,network_consultant,network_consulting,AT,sub_1K0SMQr6Ahxe1ReVMwnLB2ts
ch_3tNrLvuut48hHFnHthI9Kl8K,2025-04-04 10:47:23,succeeded,599.0,0.0,19.72,579.28,card,,DF5PIUYK-0001,subscription_create,6_month,1,cus_rq1su2FQ6xbiHH,John Lee,john.lee@maplewave-wireless.example,Maplewave Wireless Pty Ltd,self_serve,network_consultant,network_consulting,AU,sub_10VgxpQKmX5TQDTAsdFViEOB
ch_3F5JkSFZSe06eoqsvzncA2ga,2025-04-04 12:59:26,failed,599.0,0.0,,,card,card_declined,4K327IQN-0003,subscription_cycle,6_month,1,cus_PfRVbA1nN7SkKO,Lena Schmidt,lena.schmidt@lumencore-rf-consulting.example,Lumencore RF Consulting,self_serve,network_consultant,network_consulting,DE,sub_1WBtI2MkfLsgFVbQPIB6UXJP
ch_3hc4jBuDoaIghDFalLmUYJHX,2025-04-04 14:04:02,succeeded,980.0,0.0,32.1,947.9,card,,W0L58VNF-0001,subscription_create,12_month,1,cus_EAPKUUODsU6rwG,Olivia Miller,olivia.miller@northview-warehousing.example,Northview Warehousing Inc.,self_serve,it_lead,logistics,CA,sub_1dqnsmAudiaBPX5ykMWaaLcY
ch_3IpsI0YFs9JNQ9aFYjPQvb2p,2025-04-04 17:32:48,failed,1960.0,0.0,,,card,card_declined,0J3R3ODK-0002,subscription_cycle,12_month,2,cus_KgBCdjUOkv86cw,Chris Nelson,chris.nelson@novacore-partners.example,Novacore Partners,self_serve,it_lead,professional_services,GB,sub_188KCjPAVUwpKSeG119OsDu6
ch_3CzNSAeHxyEHEmle4r5BYCWz,2025-04-07 02:37:00,succeeded,2940.0,0.0,95.8,2844.2,card,,5E48PPGC-0002,subscription_cycle,12_month,3,cus_JV25AE5eyDiphy,Wei Kelly,wei.kelly@northbridge-telecom.example,Northbridge Telecom LLC,self_serve,head_of_wireless,telecom,US,sub_17iUComurm8NLRAw99smekP5
ch_3ybJ7qOynM5jRMllUfP9qzPD,2025-04-07 13:51:26,failed,599.0,0.0,,,card,card_declined,4K327IQN-0003,subscription_cycle,6_month,1,cus_PfRVbA1nN7SkKO,Lena Schmidt,lena.schmidt@lumencore-rf-consulting.example,Lumencore RF Consulting,self_serve,network_consultant,network_consulting,DE,sub_1WBtI2MkfLsgFVbQPIB6UXJP
ch_312ys0kjl6StbomL4o48bYTO,2025-04-07 15:46:38,succeeded,599.0,0.0,19.72,579.28,card,,ZV7T8ZYB-0002,subscription_cycle,6_month,1,cus_JE8ug7fPT7TRUM,Ben Turner,ben.turner@aurorastream-schools.example,Aurorastream Schools Pty Ltd,self_serve,it_lead,education,AU,sub_1bcVImgvebXGMZFJ7PaYQAq6
ch_33S7zhb4i2LoJz01jeRc9Yj3,2025-04-07 18:50:48,failed,1960.0,0.0,,,card,card_declined,0J3R3ODK-0002,subscription_cycle,12_month,2,cus_KgBCdjUOkv86cw,Chris Nelson,chris.nelson@novacore-partners.example,Novacore Partners,self_serve,it_lead,professional_services,GB,sub_188KCjPAVUwpKSeG119OsDu6
ch_3PUY3uFFaJSgaWgjGksCzQFS,2025-04-08 09:49:11,succeeded,1960.0,0.0,63.95,1896.05,card,,6IQL7BS0-0001,subscription_create,12_month,2,cus_GKERfAxs0RlRpI,Rachel Lewis,rachel.lewis@cedarcore-wireless.example,Cedarcore Wireless,self_serve,network_consultant,network_consulting,US,sub_1SXMbo37p5peIZwUcNMbOhWU
ch_3rQgKx79ocJz2NhlVn9Ou82m,2025-04-10 03:45:31,succeeded,980.0,0.0,32.1,947.9,card,,6F5QWQ8P-0001,subscription_create,12_month,1,cus_BzR8yjr4IdpF3e,Kate Lee,kate.lee@silverpath-systems-integration.example,Silverpath Systems Integration,self_serve,head_of_wireless,it_services,US,sub_1TIsO9KlFP8NrX2gSXMGtlC4
ch_3ga4YgDZ9FAsaBhgeZ6l1x2l,2025-04-10 08:43:15,succeeded,599.0,0.0,19.72,579.28,card,,5C7356ES-0001,subscription_create,6_month,1,cus_9dz6IrroiP4Tle,Priya Davis,priya.davis@lumenport-industries.example,Lumenport Industries LLC,self_serve,it_lead,manufacturing,US,sub_1M2NO4TRQJaokmle4AWO0d6M
ch_350alt5F5n5GLRh5dzd7rLds,2025-04-10 09:03:43,succeeded,599.0,0.0,19.72,579.28,card,,VSW9NAP0-0003,subscription_cycle,6_month,1,cus_q0zTLK54XjQKYf,Kate Lewis,kate.lewis@lewis-wireless-consulting.example,Lewis Wireless Consulting,self_serve,network_consultant,network_consulting,US,sub_1VTjhuWwdB5f5cgvcJcEMT6F
ch_3gj0Wc4mFbSwkh0wCOB2FlUK,2025-04-10 09:11:50,succeeded,980.0,0.0,14.95,965.05,card,,8VGYQ5KA-0001,subscription_create,12_month,1,cus_13uXYNLBN1geU1,Heidi Mäkelä,heidi.makela@nordicport-retail-group.example,Nordicport Retail Group,self_serve,it_lead,retail,FI,sub_1yHEInTYtMSNE19bTX7Xyrcf
py_3KUQzuVbRlkUDwpueRAZDcV9,2025-04-10 10:46:37,succeeded,198000.0,0.0,5.0,197995.0,bank_transfer,,LXFRP4JG-0002,subscription_cycle,enterprise,1,cus_lonF6X0MrZYdDv,Voltmark Fertigungstechnik GmbH,accounts.payable@voltmark-fertigungstechnik.example,Voltmark Fertigungstechnik GmbH,enterprise,,manufacturing,DE,sub_14CywerAWBcRkrYdKLAn74rg
py_3PanfmK8dYLkNxGwoLmSeHHI,2025-04-10 22:17:27,succeeded,145000.0,0.0,5.0,144995.0,bank_transfer,,JYJW87YV-0003,subscription_cycle,enterprise,1,cus_ZIil6tzf2pISHx,Kaarna University of Technology,accounts.payable@kaarna-university-of-technology.example,Kaarna University of Technology,enterprise,,university,FI,sub_1q1RKOcbyVTb8UiFzzX4KdHz
ch_3Pb7ejvjFfKN2TRIVwXPVV72,2025-04-11 06:00:18,succeeded,599.0,0.0,9.23,589.77,card,,EC1ELLE3-0003,subscription_cycle,6_month,1,cus_Q8XTBB8hY1W99w,Thijs Jansen,thijs.jansen@lumengate-logistics.example,Lumengate Logistics B.V.,self_serve,it_lead,logistics,NL,sub_1jv1cljcVpIAQ2TZXVshA3O4
ch_3ffRPj9jKeerw8RNggkubI5b,2025-04-11 11:45:14,succeeded,980.0,0.0,14.95,965.05,card,,FW5ZZT57-0002,subscription_cycle,12_month,1,cus_ME6mkvfc5RcrDR,Kari Heikkinen,kari.heikkinen@brightpoint-wi-fi-solutions.example,Brightpoint Wi-Fi Solutions Oy,self_serve,network_consultant,network_consulting,FI,sub_1hTPixCfkUtdDbipzbUrnJ1K
ch_3yJEUciUXacLzuTR0vPZ5ORm,2025-04-11 16:38:12,succeeded,980.0,0.0,32.1,947.9,card,,P4ZCWPV4-0001,subscription_create,12_month,1,cus_N3UkpASnrzuLO7,Tom Thomas,tom.thomas@mailbox.example,,self_serve,network_consultant,network_consulting,US,sub_19hs93emzTabC6lCcP6CO1YK
ch_3Wbzzpe3AyFtTxFpiAiDjzoF,2025-04-12 05:45:06,succeeded,599.0,0.0,19.72,579.28,card,,ZYSZF6LM-0001,subscription_create,6_month,1,cus_e0muDSvnbxHtnk,James Walker,james.walker@postbox.example,,self_serve,network_consultant,network_consulting,US,sub_133tTorjYNQpYxxH8zwz9Oj3
ch_31Jj3e1sLbmHJD9A6ZsZdVkP,2025-04-12 11:29:57,succeeded,1797.0,0.0,45.17,1751.83,card,,RT2T4KAU-0001,subscription_create,6_month,3,cus_jtzWvkzgU3oA0z,Ben Lee,ben.lee@silvermark-properties.example,Silvermark Properties Ltd,self_serve,it_lead,real_estate,GB,sub_1SLm2nr1xVa54zvZZqvmZAEZ
ch_3BoOiDdcp0oKrX3ypN7UJWKj,2025-04-12 13:36:07,succeeded,980.0,0.0,32.1,947.9,card,,FZVIGXW5-0001,subscription_create,12_month,1,cus_s1EnqGESoxon3f,Sabine Wagner,sabine.wagner@beaconline-wireless-engineering.example,Beaconline Wireless Engineering AG,self_serve,head_of_wireless,network_consulting,CH,sub_1npjCSZJjfxGT9IKLpiLsW0D
ch_31pCXPVUzh9H9b0faZDoSEN3,2025-04-12 14:01:26,failed,599.0,0.0,,,card,card_declined,4K327IQN-0003,subscription_cycle,6_month,1,cus_PfRVbA1nN7SkKO,Lena Schmidt,lena.schmidt@lumencore-rf-consulting.example,Lumencore RF Consulting,self_serve,network_consultant,network_consulting,DE,sub_1WBtI2MkfLsgFVbQPIB6UXJP
ch_3NnOEh2CqLiFjZK0UzxqdIm9,2025-04-12 18:10:48,failed,1960.0,0.0,,,card,card_declined,0J3R3ODK-0002,subscription_cycle,12_month,2,cus_KgBCdjUOkv86cw,Chris Nelson,chris.nelson@novacore-partners.example,Novacore Partners,self_serve,it_lead,professional_services,GB,sub_188KCjPAVUwpKSeG119OsDu6
ch_3SyXoMYbZ8mL25AIi3QpMIi3,2025-04-14 10:43:41,succeeded,2940.0,0.0,95.8,2844.2,card,,WD22T6XQ-0001,subscription_create,12_month,3,cus_MDCO1OJGQVnbBB,Kevin Evans,kevin.evans@vertexcore-rf-consulting.example,Vertexcore RF Consulting Inc.,self_serve,network_consultant,network_consulting,CA,sub_1TlsqhvlJlN9C7GK4l6xyeQP
ch_3j3T9jCKsSoMuPMlNudZjETB,2025-04-14 11:11:10,succeeded,599.0,0.0,9.23,589.77,card,,87GDNGQ1-0004,subscription_cycle,6_month,1,cus_n1IgkoIycNIzus,Sébastien Martin,sebastien.martin@vertexstream-wireless.example,Vertexstream Wireless,self_serve,network_consultant,network_consulting,FR,sub_1CUO8A5lICe5kDZ8fdcTsgoi
ch_3tcxuX0km77KTdgRRgOo4sO1,2025-04-17 08:56:29,succeeded,980.0,0.0,14.95,965.05,card,,BWHQ2AE1-0001,subscription_create,12_month,1,cus_ynbV5WZyd8TfV2,Kari Hämäläinen,kari.hamalainen@harborfield-warehousing.example,Harborfield Warehousing Oy,self_serve,it_lead,logistics,FI,sub_11CG38YUuWpU9gNOZQUYTiAQ
ch_3TgaAvL5stl5YlwFQISaZncf,2025-04-17 09:30:30,succeeded,980.0,0.0,14.95,965.05,card,,XAI7NFP4-0001,subscription_create,12_month,1,cus_C3cGCFoo6YTIj0,Søren Holm,soren.holm@holm-network-services.example,Holm Network Services,self_serve,network_consultant,network_consulting,SE,sub_1zsIHoChErcYrF2QfcviEoqg
ch_3V6enwdVFsP0QnAKbyeDqCdH,2025-04-17 12:34:23,succeeded,980.0,0.0,14.95,965.05,card,,AH6TP98I-0002,subscription_cycle,12_month,1,cus_1YoZkKWHAfjNMs,Thomas Durand,thomas.durand@atlaspath-properties.example,Atlaspath Properties SAS,self_serve,it_lead,real_estate,FR,sub_1xpvbyFdQnxsrXosdEagruMY
ch_3MKlfAchH4s5RnWmwV8JHbi5,2025-04-17 12:58:55,succeeded,1960.0,0.0,29.65,1930.35,card,,O84HCD5Z-0002,subscription_cycle,12_month,2,cus_kjYLx3HSr3SHi7,Johan Nilsson,johan.nilsson@nilsson-network-services.example,Nilsson Network Services,self_serve,network_consultant,network_consulting,SE,sub_1EzkyW44fuq3j6cWLn5Tu3UL
ch_3NF8mQRTmHfQUWyZawOW9ZSC,2025-04-17 14:36:22,succeeded,1960.0,0.0,63.95,1896.05,card,,82Y7J1CO-0001,subscription_create,12_month,2,cus_giXydvbcLQCHq3,Robert Kelly,robert.kelly@harborcore-rf-consulting.example,Harborcore RF Consulting,self_serve,network_consultant,network_consulting,US,sub_1EB3fIeeJlB3PcFJ7DfKQzs1
ch_3o1abYg4U9R6wjSqM5ozqW9G,2025-04-17 16:37:25,succeeded,1960.0,0.0,29.65,1930.35,card,,VK5U29AU-0002,subscription_cycle,12_month,2,cus_AIxcM75ZygtrO4,Anja Wagner,anja.wagner@bluestream-clinics.example,Bluestream Clinics GmbH,self_serve,it_lead,healthcare,AT,sub_183okC0gxHvIxSGqnK2XwPhu
ch_3TYAwysXFpqtyPb9yP1GXGoM,2025-04-18 15:28:00,succeeded,980.0,0.0,14.95,965.05,card,,926A57CC-0001,subscription_create,12_month,1,cus_4SdiXLYsHE49k9,Lars Hansen,lars.hansen@lumenworks-wireless.example,Lumenworks Wireless,self_serve,network_consultant,network_consulting,SE,sub_1sATQPhTuh3omTTdXjdeD3Rn
ch_3oBZN9onAlYTtHj8opADbHf4,2025-04-18 15:53:00,succeeded,599.0,0.0,15.23,583.77,card,,3NWONSZS-0001,subscription_create,6_month,1,cus_QlbDHIpCtBocGD,Raj Phillips,raj.phillips@phillips-network-services.example,Phillips Network Services Ltd,self_serve,network_consultant,network_consulting,GB,sub_1bWRzApb4GogyJKBvcn6UCrZ
ch_3vtjWZtDyaG7tq39IS6V969T,2025-04-18 17:54:05,succeeded,980.0,0.0,32.1,947.9,card,,DAVBBSQL-0003,subscription_cycle,12_month,1,cus_uszGr1yJ5EMARL,Andrew Harris,andrew.harris@mailbox.example,,self_serve,network_consultant,network_consulting,AU,sub_1Uel1vVWmtA69kUo8SRCzdgW
ch_3D2ku57gwMWwgMFY3qOIcQkq,2025-04-19 05:44:26,succeeded,1198.0,0.0,39.19,1158.81,card,,C0UIYT7P-0003,subscription_cycle,6_month,2,cus_ZxO0NfqpHeHpeR,Paul Johnson,paul.johnson@novapeak-retail-group.example,Novapeak Retail Group,self_serve,it_lead,retail,US,sub_1vXEAYojjlzK5akZfdZLQ7FS
ch_3c8DPU0sTBi2uchPDcV4qD9K,2025-04-19 21:31:42,failed,1960.0,0.0,,,card,card_declined,OYZTZHWP-0002,subscription_cycle,12_month,2,cus_zyeC79QzpYfCvt,Niels Jansen,niels.jansen@apexfield-networks.example,Apexfield Networks B.V.,self_serve,network_consultant,network_consulting,NL,sub_1oknk7Hnq2ghFqlUerZDuAsx
ch_3w9oYmbPmoxNs7rlPV1ayzqD,2025-04-20 21:42:15,succeeded,1198.0,0.0,39.19,1158.81,card,,J5BVUHG6-0004,subscription_cycle,6_month,2,cus_lp5eqoNuExQNyL,Ryan Evans,ryan.evans@orbitwave-wi-fi-solutions.example,Orbitwave Wi-Fi Solutions,self_serve,network_consultant,network_consulting,CA,sub_1id33msnykpCjuwbzpvPwrwH
ch_3aIcRKI6Lsmp9X2rJ4JQBOlB,2025-04-21 10:28:13,succeeded,980.0,0.0,32.1,947.9,card,,39XDSVJJ-0001,subscription_create,12_month,1,cus_pIYq3lBIuaR2zu,Ben Campbell,ben.campbell@greenwave-retail-group.example,Greenwave Retail Group LLC,self_serve,it_lead,retail,US,sub_1v1nrCkY214OLgLhJFvfLofT
ch_3ApW0f6l6o6CgHk9EFFTAAUL,2025-04-21 16:53:52,succeeded,599.0,0.0,19.72,579.28,card,,69PPGOAI-0003,subscription_cycle,6_month,1,cus_MYuZ1FbZYOaYRT,Olivia Jones,olivia.jones@apexpath-schools.example,Apexpath Schools,self_serve,it_lead,education,AU,sub_1a2CLmd0NjZQFZwRN8GnYqv6
ch_3gMpHE3spXCw7fEzAktT1frr,2025-04-21 17:23:48,failed,599.0,0.0,,,card,card_declined,3NOPCR8S-0002,subscription_cycle,6_month,1,cus_CLCR7BrtZr7QOp,Miguel Fernández,miguel.fernandez@fernandez-network-services.example,Fernández Network Services,self_serve,network_consultant,network_consulting,ES,sub_19zrLdrLbExrRod6D5MmNDRK
ch_31VrEBFklEad35hk8hGefuAr,2025-04-21 19:34:50,succeeded,980.0,0.0,14.95,965.05,card,,Y8CIAZ7I-0002,subscription_cycle,12_month,1,cus_GQIceU6qZNMLqX,Niels Bakker,niels.bakker@ironline-networks.example,Ironline Networks,self_serve,network_consultant,network_consulting,NL,sub_1YtNB6oF4RPUSFxIucDiryyT
ch_3ZDx7NZSJESJgb4aKWndZADl,2025-04-22 13:01:45,succeeded,599.0,0.0,19.72,579.28,card,,D8VXXUKV-0001,subscription_create,6_month,1,cus_tsd8yFddgC3nuv,Olivia Kim,olivia.kim@granitelink-telecom.example,Granitelink Telecom,self_serve,head_of_wireless,telecom,US,sub_1hWzS4rn7DCxGzM35jTnt615
ch_3EtsucMUoHG2pt6aa7lqTIFF,2025-04-22 22:26:42,failed,1960.0,0.0,,,card,card_declined,OYZTZHWP-0002,subscription_cycle,12_month,2,cus_zyeC79QzpYfCvt,Niels Jansen,niels.jansen@apexfield-networks.example,Apexfield Networks B.V.,self_serve,network_consultant,network_consulting,NL,sub_1oknk7Hnq2ghFqlUerZDuAsx
ch_3jh0hPg6yaheEJiREEYwHnUt,2025-04-23 10:40:40,succeeded,980.0,0.0,24.75,955.25,card,,T3Y8N59A-0002,subscription_cycle,12_month,1,cus_kQ2J9D2DEQXBCt,Daniel Hall,daniel.hall@signalstream-wireless.example,Signalstream Wireless,self_serve,network_consultant,network_consulting,GB,sub_1d3MsEk4E7hUfUI2cdwqq6Zv
ch_3P9qwh1sOMAnghJzQyaA0WGc,2025-04-23 11:47:49,succeeded,1198.0,0.0,39.19,1158.81,card,,WAFC93LF-0003,subscription_cycle,6_month,2,cus_oGxS1utSOza5c4,Wei Brown,wei.brown@atlaslink-networks.example,Atlaslink Networks,self_serve,network_consultant,network_consulting,US,sub_189qS21fyFjk0DhximHtqRjb
ch_3mCBZDxt5uO6GWaYjeaBBizF,2025-04-23 12:17:25,succeeded,980.0,0.0,32.1,947.9,card,,R87JAR82-0002,subscription_cycle,12_month,1,cus_ibIo7GLL4lbqLK,Priya White,priya.white@novafield-networks.example,Novafield Networks LLC,self_serve,network_consultant,network_consulting,US,sub_1X3YUsrmOMV6oxxOyHNMq5TK
ch_3Cm35zCarKpXd1ovLUkcdzsJ,2025-04-23 13:48:51,succeeded,1198.0,0.0,18.22,1179.78,card,,V6SE6DG7-0002,subscription_cycle,6_month,2,cus_ZaS6xTFxITHkoc,Lars Jensen,lars.jensen@jensen-wireless-consulting.example,Jensen Wireless Consulting,self_serve,network_consultant,network_consulting,SE,sub_1uLFxF1lleOc1WL7QjbMjWOB
ch_3xL4fBMJDp74r15NSbtgCt0V,2025-04-24 12:27:25,failed,980.0,0.0,,,card,card_declined,G33SRJE4-0003,subscription_cycle,12_month,1,cus_FI0tdCB3XcJMxp,Henrik Madsen,henrik.madsen@nordicfield-wireless.example,Nordicfield Wireless AS,self_serve,network_consultant,network_consulting,NO,sub_1qEuZTMJGc6BxpnWNMMCUqBo
ch_3NQTb3KQoNNB9DgHQnfXzHwn,2025-04-24 14:26:40,succeeded,980.0,0.0,32.1,947.9,card,,21GCK7O0-0001,subscription_create,12_month,1,cus_iXJCp51io5Fp2D,Kevin Hall,kevin.hall@brightgate-industries.example,Brightgate Industries LLC,self_serve,it_lead,manufacturing,US,sub_1QY35SsBEetUyIJSVwZiBas3
ch_31dUia4PMn2cAUNAZqjb9woA,2025-04-24 18:01:48,succeeded,599.0,0.0,9.23,589.77,card,,3NOPCR8S-0002,subscription_cycle,6_month,1,cus_CLCR7BrtZr7QOp,Miguel Fernández,miguel.fernandez@fernandez-network-services.example,Fernández Network Services,self_serve,network_consultant,network_consulting,ES,sub_19zrLdrLbExrRod6D5MmNDRK
py_3XBRqVWblaWgEzf2uz6AEXao,2025-04-25 21:41:14,succeeded,1960.0,0.0,5.0,1955.0,bank_transfer,,ZJFVTK0P-0001,subscription_create,12_month,2,cus_SR7Dwz1sC0X7RK,Maarten de Jong,maarten.dejong@creststream-systems-integration.example,Creststream Systems Integration,self_serve,head_of_wireless,it_services,NL,sub_1cMxf9J8JOJ190fOJiaMeJXP
ch_3lKcbFF6cFWqjzm1FmGAVfe9,2025-04-27 13:48:25,failed,980.0,0.0,,,card,card_declined,G33SRJE4-0003,subscription_cycle,12_month,1,cus_FI0tdCB3XcJMxp,Henrik Madsen,henrik.madsen@nordicfield-wireless.example,Nordicfield Wireless AS,self_serve,network_consultant,network_consulting,NO,sub_1qEuZTMJGc6BxpnWNMMCUqBo
ch_3HvCCroa6g4NBFPe8ugbheYb,2025-04-27 21:58:42,failed,1960.0,0.0,,,card,card_declined,OYZTZHWP-0002,subscription_cycle,12_month,2,cus_zyeC79QzpYfCvt,Niels Jansen,niels.jansen@apexfield-networks.example,Apexfield Networks B.V.,self_serve,network_consultant,network_consulting,NL,sub_1oknk7Hnq2ghFqlUerZDuAsx
ch_3uU6czg2h2ZlKF8o0pOy2fbL,2025-04-29 13:53:37,succeeded,599.0,0.0,19.72,579.28,card,,VK3N9OFF-0002,subscription_cycle,6_month,1,cus_twJ59wKar3b1iV,Megan Phillips,megan.phillips@stonegate-construction.example,Stonegate Construction Pty Ltd,self_serve,it_lead,construction,AU,sub_1xKkzq7cqFzEHV5uzXMEQ731
py_376Y8IfYjzRuV8Pno3I1PxaT,2025-04-29 16:18:51,succeeded,160000.0,0.0,5.0,159995.0,bank_transfer,,N871ZDEH-0001,subscription_create,enterprise,1,cus_oRj5dSEBFZsN01,Kivimet Paper & Packaging Oyj,accounts.payable@kivimet-paper--packaging.example,Kivimet Paper & Packaging Oyj,enterprise,,manufacturing,FI,sub_1SD8V4jhdHkcAC0UOhVgkCa5
ch_30MIs5MzYWKK8pWPbls1Pf8O,2025-04-30 08:00:39,succeeded,599.0,0.0,9.23,589.77,card,,F5BVJ7AI-0004,subscription_cycle,6_month,1,cus_k6ziEClSi4C38z,Sander Dekker,sander.dekker@pinestream-clinics.example,Pinestream Clinics,self_serve,it_lead,healthcare,NL,sub_1XuJQWCCM4NdVDwJfm7d0x8J
ch_3zPoWHoYTyAV0fzvHcrusm9j,2025-04-30 08:22:14,succeeded,980.0,0.0,14.95,965.05,card,,MHRTGPV5-0002,subscription_cycle,12_month,1,cus_EFntls7fqMFVYn,Rasmus Holm,rasmus.holm@westpoint-schools.example,Westpoint Schools AB,self_serve,it_lead,education,SE,sub_1GxOVCXKBuXypgMhxGx7jAa5
ch_3XRVC2ZPyHVJw5VryoMsJ8x8,2025-05-01 10:57:23,succeeded,980.0,0.0,32.1,947.9,card,,02JOMCHD-0002,subscription_cycle,12_month,1,cus_vlv6888cZ6eG7L,Ben Collins,ben.collins@beaconcore-construction.example,Beaconcore Construction,self_serve,it_lead,construction,AU,sub_108cr6k8uTNNzvrogVo3202L
ch_3Bgd13bNjtKsRxuNhlgO3rbt,2025-05-01 10:59:13,succeeded,980.0,0.0,14.95,965.05,card,,NECD0GI9-0001,subscription_create,12_month,1,cus_1k35q0o0v0IA8J,Pierre Bernard,pierre.bernard@clearpoint-wireless.example,Clearpoint Wireless,self_serve,network_consultant,network_consulting,FR,sub_1GcBzTN5mkclzFOKj8Xz9Hlc
ch_32eKWeKRGSEcYhC71r4xu3c1,2025-05-01 18:38:48,succeeded,599.0,0.0,9.23,589.77,card,,8PZB6S07-0001,subscription_create,6_month,1,cus_VqiVnxmPmFWV4Q,Sébastien Bernard,sebastien.bernard@novapath-wireless.example,Novapath Wireless,self_serve,network_consultant,network_consulting,FR,sub_1PcFEX4iurWvrzFw4O9n4k48
ch_3hr7i0imWCZEeb8oHWZefs22,2025-05-02 06:39:59,failed,599.0,0.0,,,card,card_declined,NBF7W2KF-0001,subscription_create,6_month,1,cus_HTduM2V5pRp5OG,Mats Larsson,mats.larsson@summitcore-rf-consulting.example,Summitcore RF Consulting ApS,self_serve,network_consultant,network_consulting,DK,sub_1uhXyJURS931AsOWWsboKMwd
ch_3snvTNP9WJ7e8eELSXcwjmnm,2025-05-02 06:45:07,succeeded,599.0,0.0,9.23,589.77,card,,NBF7W2KF-0001,subscription_create,6_month,1,cus_HTduM2V5pRp5OG,Mats Larsson,mats.larsson@summitcore-rf-consulting.example,Summitcore RF Consulting ApS,self_serve,network_consultant,network_consulting,DK,sub_1uhXyJURS931AsOWWsboKMwd
ch_38LgVzN8Gzk26qyop30IhL5t,2025-05-02 13:31:25,succeeded,980.0,0.0,14.95,965.05,card,,G33SRJE4-0003,subscription_cycle,12_month,1,cus_FI0tdCB3XcJMxp,Henrik Madsen,henrik.madsen@nordicfield-wireless.example,Nordicfield Wireless AS,self_serve,network_consultant,network_consulting,NO,sub_1qEuZTMJGc6BxpnWNMMCUqBo
ch_3ZoSXuoLW11irGvPKEzbrHuf,2025-05-02 14:27:31,succeeded,980.0,0.0,24.75,955.25,card,,6PELRG5Q-0001,subscription_create,12_month,1,cus_HSiX4DJtjTnHML,Ryan Wright,ryan.wright@orbitport-industries.example,Orbitport Industries,self_serve,it_lead,manufacturing,GB,sub_18hsoZYyS9sAyQvxPuVxIlfF
ch_3KKDOM5owcKSGGmsMJdT2dFe,2025-05-02 19:52:28,succeeded,980.0,0.0,32.1,947.9,card,,3G1MH7CK-0001,subscription_create,12_month,1,cus_vQWWZfz3almQ5L,Tom Thompson,tom.thompson@beaconcore-hotels.example,Beaconcore Hotels Inc.,self_serve,it_lead,hospitality,CA,sub_1i8UmoPJNYVDQZ0xajDBncTz
ch_3PbgO0XYTAFmiT0ROliagTgh,2025-05-02 21:48:17,succeeded,599.0,0.0,15.23,583.77,card,,UKW22R9Y-0001,subscription_create,6_month,1,cus_FbiKQUILhXKKKu,Kate Carter,kate.carter@carter-network-services.example,Carter Network Services Ltd,self_serve,network_consultant,network_consulting,GB,sub_1TbuVgTuoO13vE41M1YpreZV
ch_3lGdotgfPF4TjSfcT6FQr1Vl,2025-05-04 10:03:31,succeeded,980.0,0.0,24.75,955.25,card,,DJI2EW3K-0001,subscription_create,12_month,1,cus_pOIgKbDuN2Gmef,Megan Mitchell,megan.mitchell@granitepoint-media.example,Granitepoint Media,self_serve,it_lead,media,GB,sub_1mFD5IJ41g4rhCsFJFYzvqVg
ch_3TK0gqyRrrs0NyZdxyt5o19H,2025-05-04 11:02:21,failed,2940.0,0.0,,,card,card_declined,J80Q0INN-0002,subscription_cycle,12_month,3,cus_hjRXbxf6l2CSmF,Ruben de Boer,ruben.deboer@beaconpath-wi-fi-solutions.example,Beaconpath Wi-Fi Solutions B.V.,self_serve,network_consultant,network_consulting,NL,sub_1bWYnFcVzxq41C2M6wDASDWp
ch_3pXIGVqavJR6Q6ijQQwEkTyn,2025-05-04 19:06:51,succeeded,599.0,0.0,15.23,583.77,card,,Q2J7V4SK-0002,subscription_cycle,6_month,1,cus_3hyoQ3OmgeT749,Ahmed Wright,ahmed.wright@wright-network-services.example,Wright Network Services Ltd,self_serve,network_consultant,network_consulting,GB,sub_16jKkn3GjR4uUGU56v1ANOEa
py_3NYh4OBQ7A1kyXPbeNFliBNW,2025-05-05 13:38:43,succeeded,1960.0,0.0,5.0,1955.0,bank_transfer,,M25FAHY5-0003,subscription_cycle,12_month,2,cus_uCkGNSYuOXX97q,Olivia Collins,olivia.collins@orbitpath-wireless-engineering.example,Orbitpath Wireless Engineering LLC,self_serve,head_of_wireless,network_consulting,US,sub_1MwDsGAqckJJQa5rqIsDLVWf
ch_3Cir2QGj1hdFagfAIrEMd6TJ,2025-05-06 21:17:28,succeeded,1198.0,0.0,39.19,1158.81,card,,5470BGID-0002,subscription_cycle,6_month,2,cus_Yv0zKKTHDRYDcz,Priya Baker,priya.baker@baker-wireless-consulting.example,Baker Wireless Consulting,self_serve,network_consultant,network_consulting,CA,sub_1WLtCzeGpeg03PwPJlDXac4D
ch_3El2auJOxuqOBZ8eQmK4I6yM,2025-05-07 11:36:48,succeeded,980.0,0.0,32.1,947.9,card,,OUM55X74-0003,subscription_cycle,12_month,1,cus_BWede0AgleaXVO,Josh Wilson,josh.wilson@wilson-network-services.example,Wilson Network Services LLC,self_serve,network_consultant,network_consulting,US,sub_1cNj7Zx2CPujNrJ3c4FK9dX4
ch_3iPWT53kTF18P2U7zDwCW8cJ,2025-05-07 11:44:21,succeeded,2940.0,0.0,44.35,2895.65,card,,J80Q0INN-0002,subscription_cycle,12_month,3,cus_hjRXbxf6l2CSmF,Ruben de Boer,ruben.deboer@beaconpath-wi-fi-solutions.example,Beaconpath Wi-Fi Solutions B.V.,self_serve,network_consultant,network_consulting,NL,sub_1bWYnFcVzxq41C2M6wDASDWp
ch_3nlfJsbCB6zqy7Q7ITGS93MQ,2025-05-08 08:47:17,succeeded,2940.0,0.0,95.8,2844.2,card,,FBY2CQ1K-0003,subscription_cycle,12_month,3,cus_kKKFbGv5ogQdQQ,Eric Johnson,eric.johnson@ironpeak-foods.example,Ironpeak Foods LLC,self_serve,it_lead,food_beverage,US,sub_1AH5qkRnF8NRRpBic4qyhA1R
py_36M3s1fmz8nYWSr0QmhI9ADQ,2025-05-08 13:43:30,succeeded,1960.0,0.0,5.0,1955.0,bank_transfer,,ZDQ46OIJ-0002,subscription_cycle,12_month,2,cus_hnxzZJkkYGBWEO,Lena Neumann,lena.neumann@polarline-it-solutions.example,Polarline IT Solutions GmbH,self_serve,head_of_wireless,it_services,DE,sub_1BVPkv4W0QLqr8DZbaY78ZaK
ch_3VdIS1RTqcLJuy3DQWdEPbOb,2025-05-09 15:26:51,succeeded,980.0,0.0,14.95,965.05,card,,4LYCX92H-0002,subscription_cycle,12_month,1,cus_y6Vs7VRWN2A1Js,Markus Schneider,markus.schneider@mailbox.example,,self_serve,network_consultant,network_consulting,DE,sub_1vD2rlmco4IBAPiNsoWnj2sQ
ch_3VCOFARKljkBl4y5kUJfHmkj,2025-05-12 12:35:19,succeeded,1960.0,0.0,63.95,1896.05,card,,3Q51MW3L-0001,subscription_create,12_month,2,cus_m4LDUOMveyNvn9,Rachel Davis,rachel.davis@atlasbridge-telecom.example,Atlasbridge Telecom,self_serve,head_of_wireless,telecom,US,sub_1Jluijy6SKTDnlq6O9iNZls1
ch_351KzU2OP1a1NH2iasS8TZm6,2025-05-14 07:35:00,succeeded,980.0,0.0,6.35,973.65,sepa_debit,,3CU0CH1A-0002,subscription_cycle,12_month,1,cus_G9YwGQACPaFxgk,Chiara Bianchi,chiara.bianchi@polarstream-wireless.example,Polarstream Wireless S.r.l.,self_serve,network_consultant,network_consulting,IT,sub_1R3d3UMT0aCTLA6yEPBExRDl
ch_3IZbAc579fvYjGaMnpDhbr1n,2025-05-14 10:44:36,succeeded,1960.0,0.0,29.65,1930.35,card,,VWB0IBP6-0002,subscription_cycle,12_month,2,cus_akQ1oJ859b6Bp4,Juho Järvinen,juho.jarvinen@granitemark-wi-fi-solutions.example,Granitemark Wi-Fi Solutions Oy,self_serve,network_consultant,network_consulting,FI,sub_146rCeGSC1zayXxstaRX7Mf7
ch_3OxGTuPy2zNptFYmha6Qie4L,2025-05-14 14:15:54,succeeded,599.0,0.0,9.23,589.77,card,,67YVQT4W-0001,subscription_create,6_month,1,cus_hv7NxLZrb5EVm3,Timo Lahtinen,timo.lahtinen@brightmark-industries.example,Brightmark Industries,self_serve,it_lead,manufacturing,FI,sub_1qplBxhkiAOnSWNaOYBZwL9U
ch_3jketbOaZsbA0S60GOpFC0sE,2025-05-14 16:54:20,succeeded,1198.0,0.0,30.2,1167.8,card,,S36LSJTN-0001,subscription_create,6_month,2,cus_ZXI6CwFKi6Leul,Tom Scott,tom.scott@bluebridge-schools.example,Bluebridge Schools Ltd,self_serve,it_lead,education,GB,sub_1t92IXXZi9TMDK6b4givDsbI
ch_3jdRgiTGOmzHsGNyoaV79n9J,2025-05-15 08:19:36,succeeded,980.0,0.0,32.1,947.9,card,,45TRLJBL-0003,subscription_cycle,12_month,1,cus_nNFleSMmP9FfdX,Tom Green,tom.green@summitgate-managed-services.example,Summitgate Managed Services LLC,self_serve,head_of_wireless,it_services,US,sub_1K9RXMLYKspvBxbyg3R1cXlm
ch_39k7GXNSSKhXSCCEFukKIAAj,2025-05-15 14:31:22,succeeded,2995.0,0.0,97.59,2897.41,card,,RFXFBAJB-0001,subscription_create,6_month,5,cus_U5nfAj5ZsQSTg3,Sarah Wright,sarah.wright@greenport-managed-services.example,Greenport Managed Services LLC,self_serve,head_of_wireless,it_services,US,sub_1RPQhle5SEae9cbz68iWulPV
ch_31J7RZUGAu2o5Yd384qc99Hv,2025-05-16 11:05:11,succeeded,1960.0,0.0,63.95,1896.05,card,,UY5W3CD0-0002,subscription_cycle,12_month,2,cus_A0I2SozU1x3PqJ,Sarah White,sarah.white@blueline-managed-services.example,Blueline Managed Services LLC,self_serve,head_of_wireless,it_services,US,sub_1Ekl5sM8EptWnIBdeMULAGKf
ch_3r20NqtUNeACntUSVp8uANJT,2025-05-16 14:31:06,succeeded,1960.0,0.0,29.65,1930.35,card,,8UR0P1KF-0001,subscription_create,12_month,2,cus_WVJJhPIUQ7AA33,Sven Hartmann,sven.hartmann@northmark-wireless.example,Northmark Wireless GmbH,self_serve,network_consultant,network_consulting,DE,sub_1o6QuDRdz17jy89z898CCWVS
ch_3T6eetJnYl8J21GBWU4NejN5,2025-05-16 14:48:14,succeeded,1797.0,0.0,27.21,1769.79,card,,FT79CO6U-0006,subscription_cycle,6_month,3,cus_8xDFPIRaNpJ276,Sabine Hartmann,sabine.hartmann@apexmark-clinics.example,Apexmark Clinics GmbH,self_serve,it_lead,healthcare,DE,sub_1IOog7pi2KYJLoahh9957U7P
ch_3jcgQZf9WNtSvhobJi8oIf4K,2025-05-16 15:10:44,succeeded,599.0,0.0,5.14,593.86,sepa_debit,,TXICH8FM-0002,subscription_cycle,6_month,1,cus_WdWrUajxAG4hon,Joost de Vries,joost.devries@orbitcore-media.example,Orbitcore Media B.V.,self_serve,it_lead,media,NL,sub_1gREgN1NKuVGPRNDd58d2mPS
ch_3qwWVUrWOBs1IDHM5Zko3s1n,2025-05-16 16:42:26,succeeded,599.0,0.0,19.72,579.28,card,,IXDC09ZF-0001,subscription_create,6_month,1,cus_WcEE8FUzvQM31T,Eric Harris,eric.harris@mapleline-systems-integration.example,Mapleline Systems Integration Inc.,self_serve,head_of_wireless,it_services,CA,sub_1dISzQag7momoQi0etW9xlgp
ch_3ufe3mTW469n763DBXglIiiT,2025-05-17 07:36:47,failed,599.0,0.0,,,card,card_declined,JYJ34KAY-0002,subscription_cycle,6_month,1,cus_TdpAdc0IUlJpZn,Elena Díaz,elena.diaz@diaz-network-services.example,Díaz Network Services S.L.,self_serve,network_consultant,network_consulting,ES,sub_1GMqxc8Wut8YSDqUYwotBzD0
ch_3bDyOLy24TFpc3M9fK4HqfnT,2025-05-17 16:51:17,succeeded,980.0,0.0,32.1,947.9,card,,3G2DUKGW-0004,subscription_cycle,12_month,1,cus_4mX5KaD3O0j3sM,Steve Collins,steve.collins@ironport-wi-fi-solutions.example,Ironport Wi-Fi Solutions,self_serve,network_consultant,network_consulting,CA,sub_1I1EUS4q2kyPi4Ex0tegJMjU
ch_31BNUDItkTbRUzxX2cm9koFH,2025-05-18 04:55:28,succeeded,599.0,0.0,15.23,583.77,card,,0JJTYD1V-0002,subscription_cycle,6_month,1,cus_uBjOdYBAXwNbd4,Kate Scott,kate.scott@brightpath-retail-group.example,Brightpath Retail Group Ltd,self_serve,it_lead,retail,GB,sub_1luhU1FirgjusgBAVg7X5cnE
ch_3Uk1kp1tFt1e2FNQYubas4vv,2025-05-19 10:41:35,succeeded,980.0,0.0,14.95,965.05,card,,ADSXUW4F-0001,subscription_create,12_month,1,cus_cOpfTCBKZaYU3P,Ola Andersson,ola.andersson@vertexstream-communications.example,Vertexstream Communications,self_serve,head_of_wireless,telecom,SE,sub_1t5vvnqJnLTnZwvy3rBi7fO2
ch_39U4EbjRodQKkca2L758S0ap,2025-05-19 13:57:35,succeeded,980.0,0.0,24.75,955.25,card,,GHJG3PEH-0004,subscription_cycle,12_month,1,cus_Va4ytcQimzwbEN,Robert White,robert.white@harborfield-schools.example,Harborfield Schools,self_serve,it_lead,education,GB,sub_1NQpJ3UMOSkdIq34LhsEr2PL
ch_3g9De77FDFGMy1jKaoVybFUn,2025-05-19 19:47:37,succeeded,980.0,0.0,32.1,947.9,card,,JUBCAZ2L-0002,subscription_cycle,12_month,1,cus_67s1PTrEons1t0,Steve Roberts,steve.roberts@auroraworks-rf-consulting.example,Auroraworks RF Consulting,self_serve,network_consultant,network_consulting,US,sub_1wp1u1ZdJQ4iPemoQ937JygQ
ch_3IpFzcPkq7BmZDzHzPuOnc2W,2025-05-20 08:21:47,failed,599.0,0.0,,,card,card_declined,JYJ34KAY-0002,subscription_cycle,6_month,1,cus_TdpAdc0IUlJpZn,Elena Díaz,elena.diaz@diaz-network-services.example,Díaz Network Services S.L.,self_serve,network_consultant,network_consulting,ES,sub_1GMqxc8Wut8YSDqUYwotBzD0
ch_335sfwLTL6vStS05e63jEMZB,2025-05-20 13:03:56,succeeded,599.0,0.0,9.23,589.77,card,,W7TF309Q-0002,subscription_cycle,6_month,1,cus_0JKQOhwzw8Owdy,Maarten van den Berg,maarten.vandenberg@van-den-berg-wireless-consulting.example,van den Berg Wireless Consulting B.V.,self_serve,network_consultant,network_consulting,NL,sub_1cejrmvxuRLN86yikuVrQiOW
ch_3k0UblPzWCm1Fne2Wc49jaIG,2025-05-20 18:39:08,succeeded,1960.0,0.0,29.65,1930.35,card,,EUQ56IGD-0002,subscription_cycle,12_month,2,cus_Fywysn2dpJ0i7k,Frida Eriksson,frida.eriksson@granitewave-industries.example,Granitewave Industries AS,self_serve,it_lead,manufacturing,NO,sub_1XFAQgwmOQITuF6wt4ETaAyu
ch_3WIkeMOH5MBM7Qm581kJ5Ok7,2025-05-21 17:35:28,succeeded,599.0,0.0,19.72,579.28,card,,EKJAL1R2-0002,subscription_cycle,6_month,1,cus_giPRN5qJCl6EBE,Ryan Adams,ryan.adams@granitestream-networks.example,Granitestream Networks LLC,self_serve,network_consultant,network_consulting,US,sub_1nr0l8g7d7JnpV5V3jmResjz
ch_3Cx2ThipMwmyxYPJvMdlq1S2,2025-05-21 19:12:00,succeeded,1960.0,0.0,29.65,1930.35,card,,XBQPQ1HF-0002,subscription_cycle,12_month,2,cus_BslEwUKU4vU8zd,Nicolas Martin,nicolas.martin@mapleport-networks.example,Mapleport Networks SAS,self_serve,network_consultant,network_consulting,FR,sub_1udzFf0bFs1taP8atpf2a2u4
ch_3YjddJwbZl2qdx5iB4ZhePxD,2025-05-21 20:31:37,succeeded,599.0,0.0,19.72,579.28,card,,0HC0VRO2-0002,subscription_cycle,6_month,1,cus_Q3P8pRL2k54Jvv,Ben Murphy,ben.murphy@northview-partners.example,Northview Partners,self_serve,it_lead,professional_services,US,sub_1H2Nw8ZbrSAdn91W1J1AylmD
py_3udVr4znzIm9gMgeZTUSXm7z,2025-05-22 11:16:36,succeeded,4900.0,0.0,5.0,4895.0,bank_transfer,,ZA293ZE9-0004,subscription_cycle,12_month,5,cus_5M6W3TYqnpQMmq,Brian Patel,brian.patel@atlasstream-communications.example,Atlasstream Communications,self_serve,head_of_wireless,telecom,IE,sub_1nbH04x4a4z6TVPFOLyyVuIG
ch_3qC7UAeNRURo9RQLUYSyUB28,2025-05-22 17:00:44,succeeded,599.0,0.0,19.72,579.28,card,,31P7BT6C-0002,subscription_cycle,6_month,1,cus_JnbSvrZvaDZn2Y,Megan Martin,megan.martin@northpoint-media.example,Northpoint Media LLC,self_serve,it_lead,media,US,sub_1hAes9Qpd48b2kMKhryW6F22
ch_3t4xnJNKNGNJqF6NJQFXl0MB,2025-05-23 11:05:35,failed,599.0,0.0,,,card,expired_card,O4PUIQ2I-0004,subscription_cycle,6_month,1,cus_6nnqhNO3NtJMDP,John Davis,john.davis@postbox.example,,self_serve,network_consultant,network_consulting,AU,sub_1GttIBxOVj5K4oonn9oniGnl
ch_3l7O2Qf09LmCDJ0SiSvT2chq,2025-05-23 13:44:27,failed,599.0,0.0,,,card,expired_card,NWK4Y756-0004,subscription_cycle,6_month,1,cus_yPe3SEpinlbtBb,Florian Zimmermann,florian.zimmermann@zimmermann-wireless-consulting.example,Zimmermann Wireless Consulting GmbH,self_serve,network_consultant,network_consulting,DE,sub_1fv8icOhJBtsXsgcFeUBURH4
ch_3ilp1wQTjOvA8WutuPAy9D0M,2025-05-23 16:19:57,succeeded,1198.0,0.0,18.22,1179.78,card,,8TEXGCGK-0001,subscription_create,6_month,2,cus_m2QZttiB0mfhnd,Tobias Weber,tobias.weber@granitecore-communications.example,Granitecore Communications GmbH,self_serve,head_of_wireless,telecom,DE,sub_1CaDDsgG6J9YGEWbfCrorLTn
ch_3EDLm72v5hmEPtonjpn1H4q6,2025-05-23 16:52:27,succeeded,599.0,0.0,9.23,589.77,card,,82IWTNLG-0004,subscription_cycle,6_month,1,cus_LnC2FnvRVXZun7,Erik Karlsson,erik.karlsson@vertexcore-rf-consulting.example,Vertexcore RF Consulting AB,self_serve,network_consultant,network_consulting,SE,sub_1W6O9TkIYEGCviTv1H4A5ZIK
ch_3ld8cE2YQOWmKJSnXeaPxQwO,2025-05-23 17:25:33,succeeded,1960.0,0.0,6.35,1953.65,sepa_debit,,GBK7N34R-0001,subscription_create,12_month,2,cus_VkIzBaGOsdw5Gw,Eero Lahtinen,eero.lahtinen@signalwave-systems-integration.example,Signalwave Systems Integration Oy,self_serve,head_of_wireless,it_services,FI,sub_1VkVR2G2rV7MskXW9GLCkGEK
py_3z444KifLeNn67hH2HzzY07S,2025-05-25 02:47:32,succeeded,1198.0,0.0,5.0,1193.0,bank_transfer,,FWHOQGSQ-0001,subscription_create,6_month,2,cus_wJpFLtVWYKAkCf,David Lewis,david.lewis@greenview-properties.example,Greenview Properties LLC,self_serve,it_lead,real_estate,US,sub_1Z9ndH668aSlpJIZYiseAldk
ch_3ShlXfgGMKICk2s3wecDhLLA,2025-05-25 08:16:47,failed,599.0,0.0,,,card,card_declined,JYJ34KAY-0002,subscription_cycle,6_month,1,cus_TdpAdc0IUlJpZn,Elena Díaz,elena.diaz@diaz-network-services.example,Díaz Network Services S.L.,self_serve,network_consultant,network_consulting,ES,sub_1GMqxc8Wut8YSDqUYwotBzD0
py_3qB39PVaSOAxLcsrPqCTVPfU,2025-05-26 12:19:56,succeeded,1960.0,0.0,5.0,1955.0,bank_transfer,,8C8J1OQ5-0003,subscription_cycle,12_month,2,cus_Zeyx7MJHzfG8k5,Joost Peeters,joost.peeters@crestport-communications.example,Crestport Communications,self_serve,head_of_wireless,telecom,NL,sub_1NjOBQLWv7RWgRsFrRINpPDv
ch_3JhZioUd7qinTELDOAhfGjvz,2025-05-26 12:21:35,failed,599.0,0.0,,,card,expired_card,O4PUIQ2I-0004,subscription_cycle,6_month,1,cus_6nnqhNO3NtJMDP,John Davis,john.davis@postbox.example,,self_serve,network_consultant,network_consulting,AU,sub_1GttIBxOVj5K4oonn9oniGnl
ch_3b5O7HW7nWl84RPwIUf5DNtI,2025-05-26 14:33:27,succeeded,599.0,0.0,9.23,589.77,card,,NWK4Y756-0004,subscription_cycle,6_month,1,cus_yPe3SEpinlbtBb,Florian Zimmermann,florian.zimmermann@zimmermann-wireless-consulting.example,Zimmermann Wireless Consulting GmbH,self_serve,network_consultant,network_consulting,DE,sub_1fv8icOhJBtsXsgcFeUBURH4
py_3DvOGaDh271nQzjChBTZ6sIE,2025-05-27 08:26:04,succeeded,2940.0,0.0,5.0,2935.0,bank_transfer,,1N10Z9HD-0001,subscription_create,12_month,3,cus_2aW1c8mjq9BbUz,Frida Nilsson,frida.nilsson@vertexcore-telecom.example,Vertexcore Telecom,self_serve,head_of_wireless,telecom,NO,sub_12GXBUi30A2CxiBdP9YdQyL2
ch_36jM9j4GDRhnGm0VMOqADMPk,2025-05-27 10:17:30,succeeded,599.0,0.0,5.14,593.86,sepa_debit,,ZH7C6E41-0001,subscription_create,6_month,1,cus_rVFeunNG4vBBd5,Wei Smith,wei.smith@polarbridge-properties.example,Polarbridge Properties Ltd,self_serve,it_lead,real_estate,IE,sub_1jF8U6Ky36zN0pw2aRNA7a0f
ch_320qpusBJVW39W0UNkvLZktA,2025-05-28 02:18:02,succeeded,980.0,0.0,32.1,947.9,card,,Q6K5XFS3-0001,subscription_create,12_month,1,cus_YD8rxnPlR5JHRV,Raj Campbell,raj.campbell@brightlink-foods.example,Brightlink Foods,self_serve,it_lead,food_beverage,US,sub_1GTCt6Zz1oEgZwfZ4h6TpnLe
ch_32hJ6tbuxlOvZL6I61NfpfEa,2025-05-28 06:59:14,succeeded,980.0,0.0,14.95,965.05,card,,21U5UKDV-0001,subscription_create,12_month,1,cus_MTaYjhbEJq2fg3,Ville Laine,ville.laine@beaconview-foods.example,Beaconview Foods Oy,self_serve,it_lead,food_beverage,FI,sub_163mjQTBIAX9SWbNAK0vHdJZ
py_3frRkjhmzRPfR7JaYIduzYh9,2025-05-29 00:02:01,succeeded,1198.0,0.0,5.0,1193.0,bank_transfer,,RL1U0AMD-0003,subscription_cycle,6_month,2,cus_tmfo2DOKPpEe7e,Ryan White,ryan.white@clearbridge-schools.example,Clearbridge Schools LLC,self_serve,it_lead,education,US,sub_19dCnD5t6c1tKhKMEnqadpR3
ch_3qI9NJ11QWZ5gK5oh3Xkxan8,2025-05-29 13:20:29,succeeded,599.0,0.0,19.72,579.28,card,,XZODVCKR-0001,subscription_create,6_month,1,cus_kBd4SNZ5xxrkC5,James Smith,james.smith@auroralink-schools.example,Auroralink Schools,self_serve,it_lead,education,US,sub_1ueXJfoO7hphbWVIRhj0p27u
ch_3lJA6ttPP40V25DU0stFkNIg,2025-05-30 16:09:51,succeeded,980.0,0.0,14.95,965.05,card,,TAMD466C-0001,subscription_create,12_month,1,cus_biL3O14hsEht8d,Amanda Roberts,amanda.roberts@apexfield-networks.example,Apexfield Networks Ltd,self_serve,network_consultant,network_consulting,IE,sub_1YEiSABer0JwcyDXQnMESDQp
ch_3NRU7hzBFdCQKL83WmPQYbQu,2025-05-31 11:59:35,failed,599.0,0.0,,,card,expired_card,O4PUIQ2I-0004,subscription_cycle,6_month,1,cus_6nnqhNO3NtJMDP,John Davis,john.davis@postbox.example,,self_serve,network_consultant,network_consulting,AU,sub_1GttIBxOVj5K4oonn9oniGnl
ch_3o9VusvP8Sf034svv6aI7l73,2025-06-02 09:42:31,failed,599.0,0.0,,,card,card_declined,9ZWV5GS8-0002,subscription_cycle,6_month,1,cus_HY3xKEHGiF6quC,Henrik Olsen,henrik.olsen@summitpoint-wireless.example,Summitpoint Wireless ApS,self_serve,network_consultant,network_consulting,DK,sub_1FmUPhFJWsg6RrjcpHdAAd8w
ch_3DqzGWd3viUV1ftK5ODOLbnc,2025-06-02 10:21:17,succeeded,599.0,0.0,19.72,579.28,card,,IBSU0PCR-0001,subscription_create,6_month,1,cus_3cZPezWP4xMZni,Nicole Jackson,nicole.jackson@signalfield-schools.example,Signalfield Schools LLC,self_serve,it_lead,education,US,sub_1KfbYMscfxiR0uhAHUv025RR
py_36ZEnfpHokiAWCNSc5K67cbA,2025-06-03 16:18:38,succeeded,2995.0,0.0,5.0,2990.0,bank_transfer,,GBO6AG1R-0001,subscription_create,6_month,5,cus_9PkceQ2F0Z2qzN,Robert Hall,robert.hall@auroraview-wireless-engineering.example,Auroraview Wireless Engineering Ltd,self_serve,head_of_wireless,network_consulting,GB,sub_14HqfUd46MYY4yoJGAzAhu1f
ch_3krzRtrgS7v4dloQoDIfyGSo,2025-06-04 09:36:54,succeeded,2940.0,0.0,44.35,2895.65,card,,2UGGQ5SQ-0002,subscription_cycle,12_month,3,cus_4L1aw43P7JWXFS,Bas van den Berg,bas.vandenberg@apexline-foods.example,Apexline Foods BV,self_serve,it_lead,food_beverage,BE,sub_1ZIVj3NzJSLRTKuNKBL5eBTG
ch_3GHNNldnOwAMYKj3OYUIclJb,2025-06-04 10:39:08,succeeded,2940.0,0.0,95.8,2844.2,card,,R7VI0EF8-0003,subscription_cycle,12_month,3,cus_0ZK7djkGPu7fQp,Thomas Braun,thomas.braun@signalbridge-wireless.example,Signalbridge Wireless AG,self_serve,network_consultant,network_consulting,CH,sub_1GHozqUPsQVlQBEC4XXGcdrb
ch_34m73UvlUowmDvBULF77kBq3,2025-06-04 13:20:10,succeeded,599.0,0.0,9.23,589.77,card,,V68C8VSL-0001,subscription_create,6_month,1,cus_XjKG0IrhSLHooN,Frida Holm,frida.holm@aurorapoint-construction.example,Aurorapoint Construction,self_serve,it_lead,construction,NO,sub_1jXnbpW0al4kXTWz9qaeozIA
ch_3bsDI1QtkDuhnF2Xs60x0rIv,2025-06-05 10:09:31,failed,599.0,0.0,,,card,card_declined,9ZWV5GS8-0002,subscription_cycle,6_month,1,cus_HY3xKEHGiF6quC,Henrik Olsen,henrik.olsen@summitpoint-wireless.example,Summitpoint Wireless ApS,self_serve,network_consultant,network_consulting,DK,sub_1FmUPhFJWsg6RrjcpHdAAd8w
ch_3snHSb9gs6AO3YxHxxwENa4M,2025-06-05 14:10:47,succeeded,599.0,0.0,19.72,579.28,card,,AJRY285O-0002,subscription_cycle,6_month,1,cus_zq3QWJcfeYkojl,Tom Thompson,tom.thompson@cedarview-foods.example,Cedarview Foods Inc.,self_serve,it_lead,food_beverage,CA,sub_1CQ4hB5JknyxUg3EUBZOTo9A
ch_3TfGJjvJj9Qyy6JUh8AFW98d,2025-06-05 16:35:37,succeeded,599.0,0.0,19.72,579.28,card,,DQF37FFB-0001,subscription_create,6_month,1,cus_PLT9fK373OCGjJ,Paul Baker,paul.baker@nordicpeak-warehousing.example,Nordicpeak Warehousing Inc.,self_serve,it_lead,logistics,CA,sub_1SgO59PDKDZW0s4kTW7jimkh
ch_3WzkzUnrvu9MEk6X5rzg96hP,2025-06-05 17:43:41,succeeded,599.0,0.0,5.14,593.86,sepa_debit,,70NYLZWW-0002,subscription_cycle,6_month,1,cus_uZS80f1G8FIeyN,Romain Lambert,romain.lambert@vertexwave-warehousing.example,Vertexwave Warehousing,self_serve,it_lead,logistics,FR,sub_1Im2IKQpWWjGf8m7jQF4VIyh
ch_3AZZrri6IZpkEW9wnqgUnD4U,2025-06-06 08:24:33,failed,599.0,0.0,,,card,expired_card,0M8S8R8M-0003,subscription_cycle,6_month,1,cus_VlESEbhwSehzu2,Jessica Young,jessica.young@mailbox.example,,self_serve,network_consultant,network_consulting,CA,sub_1bWxXyPgkhkh9XEyvjwCEWIA
ch_3qhhE75QMlmPmzWcPiuh587l,2025-06-06 08:32:10,succeeded,980.0,0.0,32.1,947.9,card,,JT4QMA3C-0003,subscription_cycle,12_month,1,cus_A7C37YpvEvQiM6,John Moore,john.moore@orbitpoint-partners.example,Orbitpoint Partners LLC,self_serve,it_lead,professional_services,US,sub_1Y0nOS0tx0K3hZ7E0uskxKFw
ch_362b0KhtJfmg3dxG0FPDFwll,2025-06-06 19:15:27,failed,980.0,0.0,,,card,expired_card,JITA84UW-0005,subscription_cycle,12_month,1,cus_1e8ssIYt6if1np,Carlos Patel,carlos.patel@deltamark-rf-consulting.example,Deltamark RF Consulting LLC,self_serve,network_consultant,network_consulting,US,sub_1KvSSMVlFmDguHvcS1dfbEmA
ch_3Y7zii4YaBUd0X7vWmJzNDB5,2025-06-07 11:57:44,failed,980.0,0.0,,,card,expired_card,YBFDB4IU-0004,subscription_cycle,12_month,1,cus_aA17Q7Qi0lU6SJ,Magnus Olsen,magnus.olsen@ironcore-media.example,Ironcore Media,self_serve,it_lead,media,NO,sub_1cUQV6hn1LOF8s4SHT4tMBB0
ch_3RHpD68bkkW1iivQQH0Iz0zL,2025-06-07 12:45:03,succeeded,980.0,0.0,32.1,947.9,card,,UCW7C2VY-0002,subscription_cycle,12_month,1,cus_P1MwTGDoZgQAbS,James Thompson,james.thompson@apexfield-media.example,Apexfield Media,self_serve,it_lead,media,US,sub_1wSzRAHyg59jNiRRgPyqwEyj
ch_3OcBTFtzomC2V3L1Mtp5zPvL,2025-06-09 06:42:03,succeeded,599.0,0.0,5.14,593.86,sepa_debit,,0JZ5DRL0-0001,subscription_create,6_month,1,cus_ok3P6l88Vs8YQH,Juho Saarinen,juho.saarinen@mailbox.example,,self_serve,network_consultant,network_consulting,FI,sub_1jrLbvNhhGySMuLjxkaPe8kk
ch_3TNzDxF7YN5LWfII2bI7JE8L,2025-06-09 08:28:33,failed,599.0,0.0,,,card,expired_card,0M8S8R8M-0003,subscription_cycle,6_month,1,cus_VlESEbhwSehzu2,Jessica Young,jessica.young@mailbox.example,,self_serve,network_consultant,network_consulting,CA,sub_1bWxXyPgkhkh9XEyvjwCEWIA
ch_3iJwtovXBEmfgS9LZmwAz2EB,2025-06-09 10:38:32,succeeded,599.0,0.0,9.23,589.77,card,,0XTEW882-0002,subscription_cycle,6_month,1,cus_sjjXtBzNREyyGe,Thomas Schröder,thomas.schroder@deltabridge-partners.example,Deltabridge Partners GmbH,self_serve,it_lead,professional_services,AT,sub_1qS3XiykxVA6SznudzuaWp5U
ch_3Yy1xZsqjlPYkkyZRxvHjtB4,2025-06-09 19:18:27,succeeded,980.0,0.0,32.1,947.9,card,,JITA84UW-0005,subscription_cycle,12_month,1,cus_1e8ssIYt6if1np,Carlos Patel,carlos.patel@deltamark-rf-consulting.example,Deltamark RF Consulting LLC,self_serve,network_consultant,network_consulting,US,sub_1KvSSMVlFmDguHvcS1dfbEmA
ch_3WgutNm719j0EZO5a3Q4ifGK,2025-06-10 10:58:31,failed,599.0,0.0,,,card,card_declined,9ZWV5GS8-0002,subscription_cycle,6_month,1,cus_HY3xKEHGiF6quC,Henrik Olsen,henrik.olsen@summitpoint-wireless.example,Summitpoint Wireless ApS,self_serve,network_consultant,network_consulting,DK,sub_1FmUPhFJWsg6RrjcpHdAAd8w
ch_3DjzMeY9AJAsotIG7pqUUjUb,2025-06-10 12:41:44,succeeded,980.0,0.0,14.95,965.05,card,,YBFDB4IU-0004,subscription_cycle,12_month,1,cus_aA17Q7Qi0lU6SJ,Magnus Olsen,magnus.olsen@ironcore-media.example,Ironcore Media,self_serve,it_lead,media,NO,sub_1cUQV6hn1LOF8s4SHT4tMBB0
ch_3wbkolJ79hYAIBnQ6YBn3XFx,2025-06-10 20:58:58,succeeded,599.0,0.0,19.72,579.28,card,,7WXYKRIS-0001,subscription_create,6_month,1,cus_vb0oIgdeOWitFO,Carlos Jackson,carlos.jackson@vertexport-wi-fi-solutions.example,Vertexport Wi-Fi Solutions,self_serve,network_consultant,network_consulting,US,sub_1EFkSfUFATGcdvxw5IpsLsTO
ch_3xIndz9ahYWtrKWilbO3vcgc,2025-06-11 11:36:19,succeeded,599.0,0.0,9.23,589.77,card,,793AGLPG-0002,subscription_cycle,6_month,1,cus_Yb5RTvBdDAxPaq,Anna Lehtonen,anna.lehtonen@pinestream-managed-services.example,Pinestream Managed Services,self_serve,head_of_wireless,it_services,FI,sub_15bdhSCO2Gldq5Pstdrd5L8v
ch_3IgmaE1CMeqKUhIefyb2VFX2,2025-06-11 17:22:01,succeeded,599.0,0.0,15.23,583.77,card,,VLU71NV8-0002,subscription_cycle,6_month,1,cus_NhKXiTOp1my4tN,Laura Clark,laura.clark@summitgate-retail-group.example,Summitgate Retail Group,self_serve,it_lead,retail,GB,sub_1dpVb6UYHoUT4IIm7w8EpTv3
ch_3QJ3ELwxcuuPbIL8NW7yAc0l,2025-06-11 18:56:51,succeeded,2940.0,0.0,44.35,2895.65,card,,HWDND0MP-0001,subscription_create,12_month,3,cus_QBoaEjbaWcN6gY,Janne Järvinen,janne.jarvinen@cedarwave-wireless-engineering.example,Cedarwave Wireless Engineering Oy,self_serve,head_of_wireless,network_consulting,FI,sub_1KSCg6aGmIICYHvgqlPX7dah
ch_3xYVoPMurVAcrkZsiY1kFB1s,2025-06-12 11:31:11,succeeded,980.0,0.0,14.95,965.05,card,,8KDGI6AO-0004,subscription_cycle,12_month,1,cus_fnfxOLbnVx0O4C,Ola Madsen,ola.madsen@signalbridge-rf-consulting.example,Signalbridge RF Consulting ApS,self_serve,network_consultant,network_consulting,DK,sub_144l6vk7sJTGer37DbEYS1ss
ch_31sD3v7AoasKzBCKJnNx10h4,2025-06-12 12:02:22,succeeded,1797.0,0.0,58.65,1738.35,card,,ZR0GV48O-0005,subscription_cycle,6_month,3,cus_cPdPcr6hYVLsv3,David Wright,david.wright@novawave-logistics.example,Novawave Logistics LLC,self_serve,it_lead,logistics,US,sub_10kkjsrlJ83uf3GqkdC1N1in
ch_3bI2yLM9QUEGLwNlNr8O4io6,2025-06-14 08:31:33,succeeded,599.0,0.0,19.72,579.28,card,,0M8S8R8M-0003,subscription_cycle,6_month,1,cus_VlESEbhwSehzu2,Jessica Young,jessica.young@mailbox.example,,self_serve,network_consultant,network_consulting,CA,sub_1bWxXyPgkhkh9XEyvjwCEWIA
ch_32CsHxFQ6MuVt6wEuyKauFOo,2025-06-15 08:11:27,failed,980.0,0.0,,,card,expired_card,Q7MQ3TQJ-0003,subscription_cycle,12_month,1,cus_C6dbozI9p6CbDJ,Matteo Ferrari,matteo.ferrari@nordicfield-wireless.example,Nordicfield Wireless S.r.l.,self_serve,network_consultant,network_consulting,IT,sub_19ldzhqjcfh9YhSTCq0WMJ8z
ch_3imprzbwiQz5iwls9semQg1U,2025-06-16 07:20:47,succeeded,1960.0,0.0,63.95,1896.05,card,,AU1E5TEC-0003,subscription_cycle,12_month,2,cus_qyujwRqBOyqScJ,Brian Kim,brian.kim@mailbox.example,,self_serve,network_consultant,network_consulting,CA,sub_1wXqrzuTHxJWYABxfuDVpRRJ
ch_3CgY2DV1p2WRZscThXcO4XIZ,2025-06-16 15:42:14,succeeded,1198.0,0.0,39.19,1158.81,card,,3H6H35EC-0001,subscription_create,6_month,2,cus_KC27bJNppX7WgP,Daniel Davis,daniel.davis@ironworks-telecom.example,Ironworks Telecom LLC,self_serve,head_of_wireless,telecom,US,sub_1IeSnP3klz5zXwQE0WOKmgqC
ch_36SY5PpJG6xOFubb0gjcJSLG,2025-06-16 19:02:10,succeeded,1198.0,0.0,39.19,1158.81,card,,YJ0ZDXV3-0002,subscription_cycle,6_month,2,cus_yxsbPZy2a3D0tC,Paul Taylor,paul.taylor@aurorapeak-technology-group.example,Aurorapeak Technology Group LLC,self_serve,head_of_wireless,it_services,US,sub_1OC8GC2zxdCTq7i544ztdZ4C
ch_3GAW69ozqkrG5H3C7ViSh6tt,2025-06-17 15:41:33,failed,599.0,0.0,,,card,expired_card,D9Z2TMKB-0002,subscription_cycle,6_month,1,cus_KhstVaLZGlnKqj,Kevin Kelly,kevin.kelly@kelly-wireless-consulting.example,Kelly Wireless Consulting,self_serve,network_consultant,network_consulting,AU,sub_1pkE5l30Bn0ACwNaddlMNwC3
ch_3eSkvUUIVx2NiHOt2UyabyQ5,2025-06-17 15:49:01,succeeded,980.0,0.0,24.75,955.25,card,,DD9A3K1H-0002,subscription_cycle,12_month,1,cus_7XcLrz6r69LBKD,Megan Harris,megan.harris@vertexgate-logistics.example,Vertexgate Logistics Ltd,self_serve,it_lead,logistics,GB,sub_1V0b4O6c80lI7UJDuf9qFjch
ch_3UYJHuaVLdvfiTSFacD8BTX5,2025-06-18 08:54:27,succeeded,980.0,0.0,14.95,965.05,card,,Q7MQ3TQJ-0003,subscription_cycle,12_month,1,cus_C6dbozI9p6CbDJ,Matteo Ferrari,matteo.ferrari@nordicfield-wireless.example,Nordicfield Wireless S.r.l.,self_serve,network_consultant,network_consulting,IT,sub_19ldzhqjcfh9YhSTCq0WMJ8z
ch_3SQEmA9WslVM6NkJgkPEYD0c,2025-06-18 14:30:26,succeeded,1797.0,0.0,27.21,1769.79,card,,GG0L9KXL-0001,subscription_create,6_month,3,cus_13rryfM6QahqQE,Mats Larsson,mats.larsson@clearpoint-media.example,Clearpoint Media,self_serve,it_lead,media,NO,sub_1O3LEkNAjac9LvwEVu1JQUKb
ch_343TABJ3tvKqO74QqYDFYAy9,2025-06-18 14:56:47,succeeded,980.0,0.0,14.95,965.05,card,,0O3YCHIU-0002,subscription_cycle,12_month,1,cus_EcJtS5C6O6POUW,Lauri Turunen,lauri.turunen@harborworks-technology-group.example,Harborworks Technology Group Oy,self_serve,head_of_wireless,it_services,FI,sub_1jzmHcW7Kb1nCeeXH8GaD0Xg
ch_3kEr7jdmExfaKvzx0gPJPlLf,2025-06-18 15:18:01,succeeded,980.0,0.0,32.1,947.9,card,,8ZMPSUZD-0001,subscription_create,12_month,1,cus_ZauU6PtrxX06mF,Paul Wright,paul.wright@deltaview-wireless.example,Deltaview Wireless,self_serve,network_consultant,network_consulting,CA,sub_1lN6R7nMQWTLgWPrunRNjEjP
ch_3C8u5JzYJkhTzEpgiK6gJGK9,2025-06-19 05:49:18,succeeded,980.0,0.0,32.1,947.9,card,,UPDHUNPW-0002,subscription_cycle,12_month,1,cus_REJQMgB96hqnEn,Eric Parker,eric.parker@parker-wireless-consulting.example,Parker Wireless Consulting LLC,self_serve,network_consultant,network_consulting,US,sub_12OPnwQTswoMwM7ahGTGwOiB
ch_3falL2rKLr8IJFqcZb7CEVQX,2025-06-20 08:23:08,succeeded,599.0,0.0,9.23,589.77,card,,85NY9YSU-0001,subscription_create,6_month,1,cus_c6ZjB5bhx5HVjW,Juho Saarinen,juho.saarinen@saarinen-network-services.example,Saarinen Network Services Oy,self_serve,network_consultant,network_consulting,FI,sub_1Gk8mZ8bUW4rNszZyr0xp1za
ch_315yLIn5jpNNSpazpgJAOQpM,2025-06-20 10:45:29,succeeded,1797.0,0.0,58.65,1738.35,card,,UXJWIQUH-0004,subscription_cycle,6_month,3,cus_neV3dhZqEvMmwP,Olivia Walker,olivia.walker@ironfield-logistics.example,Ironfield Logistics LLC,self_serve,it_lead,logistics,US,sub_1SSIoJEzj02dVLeYvIVLjXZI
ch_36YzbGfZNVJj7luxqxFCOqau,2025-06-20 11:31:00,failed,2940.0,0.0,,,card,expired_card,1B4QLRMY-0002,subscription_cycle,12_month,3,cus_WxWQ2kmxkYhdyn,Megan Murphy,megan.murphy@blueline-it-solutions.example,Blueline IT Solutions Inc.,self_serve,head_of_wireless,it_services,CA,sub_1B8rLyrBBfgUIGA8pDorf4c0
ch_3LhJvdpRVYW3jFq8lqDWnGTu,2025-06-20 16:02:33,succeeded,599.0,0.0,19.72,579.28,card,,D9Z2TMKB-0002,subscription_cycle,6_month,1,cus_KhstVaLZGlnKqj,Kevin Kelly,kevin.kelly@kelly-wireless-consulting.example,Kelly Wireless Consulting,self_serve,network_consultant,network_consulting,AU,sub_1pkE5l30Bn0ACwNaddlMNwC3
ch_3pwi4KxSsY2TznDQ9npukAns,2025-06-23 06:45:08,succeeded,980.0,0.0,14.95,965.05,card,,YN6CJ7ZO-0001,subscription_create,12_month,1,cus_CyrUbwKR6jSgP1,Bjørn Lund,bjorn.lund@graniteport-networks.example,Graniteport Networks ApS,self_serve,network_consultant,network_consulting,DK,sub_1s20ULpnHNdB4fjWJ5YxxuRl
ch_33Qz77q02lQaUwJ4tpAm71Jy,2025-06-23 10:03:00,succeeded,980.0,0.0,14.95,965.05,card,,RTWYGPYC-0001,subscription_create,12_month,1,cus_kjiGAIMp5dSwvk,Dirk Schmidt,dirk.schmidt@alpinestream-wireless.example,Alpinestream Wireless,self_serve,network_consultant,network_consulting,DE,sub_1pBxLaWkbgl0z2Qt3NZ86pR3
ch_3W2vxilbaheZrKWX7fL374b2,2025-06-23 11:39:50,succeeded,599.0,0.0,9.23,589.77,card,,KZNF4BB9-0001,subscription_create,6_month,1,cus_TTHK4NyvSwHVqi,Jonas Karlsson,jonas.karlsson@lumenmark-construction.example,Lumenmark Construction,self_serve,it_lead,construction,DK,sub_1Ions7xSrFXhFryx9Twp24zp
ch_3wHYc7v9Fgpfx6rNLZXdPME6,2025-06-23 12:56:00,succeeded,2940.0,0.0,95.8,2844.2,card,,1B4QLRMY-0002,subscription_cycle,12_month,3,cus_WxWQ2kmxkYhdyn,Megan Murphy,megan.murphy@blueline-it-solutions.example,Blueline IT Solutions Inc.,self_serve,head_of_wireless,it_services,CA,sub_1B8rLyrBBfgUIGA8pDorf4c0
ch_3sTtYiaBNtLJBaCzjH1jOQ8T,2025-06-23 16:12:00,succeeded,1960.0,0.0,63.95,1896.05,card,,LEVEM3VG-0002,subscription_cycle,12_month,2,cus_SdmDdeczbRjiLE,James Johnson,james.johnson@clearpeak-schools.example,Clearpeak Schools LLC,self_serve,it_lead,education,US,sub_19A8LEWNJjC2eBKWawMmoaHi
ch_3qGssMrU9IDJzhbr6ILMNxaI,2025-06-23 16:53:53,succeeded,980.0,0.0,32.1,947.9,card,,KJOWNPD6-0001,subscription_create,12_month,1,cus_IKI5MkTgZaHXCy,Daniel Anderson,daniel.anderson@auroraline-wireless.example,Auroraline Wireless,self_serve,network_consultant,network_consulting,US,sub_14tBtQPeX2TPEFOCf6w0GNo2
ch_383pKVyUqKGrVEgnovlcb81b,2025-06-24 04:54:35,succeeded,599.0,0.0,9.23,589.77,card,,WBP4JRNR-0002,subscription_cycle,6_month,1,cus_Dd8diUGRAHLDT9,Daniel Weber,daniel.weber@stonemark-wi-fi-solutions.example,Stonemark Wi-Fi Solutions GmbH,self_serve,network_consultant,network_consulting,DE,sub_1dzmGAuSC5DSIvhHfeQHeM5y
ch_374fxi7fKELf3C4Uef0SrvZV,2025-06-24 15:08:57,succeeded,980.0,0.0,32.1,947.9,card,,KSO6ZL9F-0001,subscription_create,12_month,1,cus_RJOPrnpeyOAAvE,Andrew Jackson,andrew.jackson@jackson-wireless-consulting.example,Jackson Wireless Consulting Pty Ltd,self_serve,network_consultant,network_consulting,AU,sub_1sHY9qVjyfoURlhk5sjFILSe
ch_32AUdg4cP0pkQ9AST8wFeGpb,2025-06-25 06:01:09,succeeded,599.0,0.0,9.23,589.77,card,,G2E3BGD1-0002,subscription_cycle,6_month,1,cus_TksqZm7RA9orV6,Christian Weber,christian.weber@brightfield-clinics.example,Brightfield Clinics GmbH,self_serve,it_lead,healthcare,DE,sub_17BDsyASfzaXL2P0YVYemTyX
ch_362hPXBPyRvCEmbTbSQwT08X,2025-06-25 13:42:58,succeeded,599.0,0.0,19.72,579.28,card,,ANR15V3N-0001,subscription_create,6_month,1,cus_zWWqW3dpIa7wgH,John Adams,john.adams@alpinestream-clinics.example,Alpinestream Clinics LLC,self_serve,it_lead,healthcare,US,sub_1FbDnE4Kn5CyWWUPxArr9jiA
ch_39juq0QLHLcqmYzDXf5exYmq,2025-06-25 23:23:38,failed,599.0,0.0,,,card,expired_card,RLE8LH7A-0002,subscription_cycle,6_month,1,cus_yqF5m5PYyQexXT,Ryan Jackson,ryan.jackson@jackson-network-services.example,Jackson Network Services,self_serve,network_consultant,network_consulting,US,sub_1JLeJbSsC83pSQIBNWSjDmiR
ch_3DDxzUjvoDAIeJUkQtJICmXL,2025-06-26 07:10:24,succeeded,599.0,0.0,19.72,579.28,card,,86NFZA4M-0001,subscription_create,6_month,1,cus_lgadTEeoZjnIY8,Ben Walker,ben.walker@deltapath-properties.example,Deltapath Properties Pty Ltd,self_serve,it_lead,real_estate,AU,sub_1vWo8o7MUI7sWmxOKWXnPRfc
ch_34aYHyovibwBfvlutBiEePJ5,2025-06-26 08:04:27,succeeded,599.0,0.0,9.23,589.77,card,,EN9L6HN9-0007,subscription_cycle,6_month,1,cus_uaIM5yUmzkfOj7,Anders Holm,anders.holm@holm-wireless-consulting.example,Holm Wireless Consulting,self_serve,network_consultant,network_consulting,NO,sub_1fDMI5neTUoUbKCe0NOrIt7s
ch_34KepeTkVgjOCVIJx53tOAdj,2025-06-26 13:29:41,succeeded,2940.0,0.0,95.8,2844.2,card,,U9IDNKPM-0002,subscription_cycle,12_month,3,cus_VVNTaBJjLJVxEW,James Edwards,james.edwards@nordicpeak-media.example,Nordicpeak Media LLC,self_serve,it_lead,media,US,sub_1xEGmR8cslTUU9vMWPnRKozT
ch_37S9b4l1TEsJWcyg67nEE42g,2025-06-26 13:56:57,succeeded,980.0,0.0,32.1,947.9,card,,36L0GIIS-0002,subscription_cycle,12_month,1,cus_exAvYfTWrXOSN2,Paul Clark,paul.clark@balticcore-it-solutions.example,Balticcore IT Solutions LLC,self_serve,head_of_wireless,it_services,US,sub_1gca9w7zwIcdjYrH5JrdT6nL
py_3zQsTanEQJMVFRLfQtCOOlxL,2025-06-27 12:48:05,succeeded,2396.0,0.0,5.0,2391.0,bank_transfer,,FAU3RV4Y-0003,subscription_cycle,6_month,4,cus_5DBNpEQ1CzIUwD,Andrea Bianchi,andrea.bianchi@silverfield-warehousing.example,Silverfield Warehousing S.r.l.,self_serve,it_lead,logistics,IT,sub_1U8Z6Fh843I7Ugtt3Hi4jplu
py_3GIJcmzdwoH8NeUHtCp0VxiD,2025-06-27 15:53:07,succeeded,1960.0,0.0,5.0,1955.0,bank_transfer,,VQUH48MI-0003,subscription_cycle,12_month,2,cus_62kXi7NRABVmQR,Nicole Mitchell,nicole.mitchell@apexworks-partners.example,Apexworks Partners,self_serve,it_lead,professional_services,US,sub_11Dn1JMQ3QVjLm9zpYgRMmzF
ch_3WglGBgenn6zN0tip3d76Z99,2025-06-27 15:56:22,succeeded,980.0,0.0,6.35,973.65,sepa_debit,,CWVP79PW-0002,subscription_cycle,12_month,1,cus_HFKhendynLFl16,Camille Lambert,camille.lambert@deltalink-rf-consulting.example,Deltalink RF Consulting SAS,self_serve,network_consultant,network_consulting,FR,sub_1TRRk6Nxxt9QmVhPLhw8FrMs
ch_3FODnt7kvpuqAKb5EL0IhrdR,2025-06-27 21:59:58,succeeded,980.0,0.0,14.95,965.05,card,,6PSDUHMC-0003,subscription_cycle,12_month,1,cus_0ZMn5COuAvReGm,Pierre Bernard,pierre.bernard@alpinemark-networks.example,Alpinemark Networks SAS,self_serve,network_consultant,network_consulting,FR,sub_1cvia2GUjI7mhEruv85Tpg5y
ch_3875ANCX2avtva8emBjhkgmu,2025-06-27 23:38:16,succeeded,980.0,0.0,24.75,955.25,card,,O1KQN62B-0001,subscription_create,12_month,1,cus_aBaxskl4DFrRis,Jessica Young,jessica.young@postbox.example,,self_serve,network_consultant,network_consulting,GB,sub_1zdclsuh0xv09iDc9wSqljhv
ch_3ifCwCNGv050jaAYUb7EQl8N,2025-06-28 15:30:39,succeeded,2940.0,0.0,44.35,2895.65,card,,LCS2F46P-0002,subscription_cycle,12_month,3,cus_95qA5JKVmHRpCD,Nils Dahl,nils.dahl@dahl-wireless-consulting.example,Dahl Wireless Consulting AB,self_serve,network_consultant,network_consulting,SE,sub_1tMroj5urUF0gxkpzeBFuvAA
ch_366CSl2JdgR17nq5I3SaOya3,2025-06-29 00:44:38,succeeded,599.0,0.0,19.72,579.28,card,,RLE8LH7A-0002,subscription_cycle,6_month,1,cus_yqF5m5PYyQexXT,Ryan Jackson,ryan.jackson@jackson-network-services.example,Jackson Network Services,self_serve,network_consultant,network_consulting,US,sub_1JLeJbSsC83pSQIBNWSjDmiR
ch_3y8BGhSwh6xRHFsgsoP28Pp6,2025-06-29 03:38:21,succeeded,1960.0,0.0,29.65,1930.35,card,,K9F5P927-0003,subscription_cycle,12_month,2,cus_2LO7RTqnZGBnrB,Lauri Virtanen,lauri.virtanen@signalpoint-rf-consulting.example,Signalpoint RF Consulting,self_serve,network_consultant,network_consulting,FI,sub_1Oaa3fuuqUPvkZX78rdzpCXc
ch_3vBEcTjrPZM7FC0aLgWz9ysB,2025-06-30 18:30:00,succeeded,980.0,0.0,32.1,947.9,card,,WLB98SC9-0001,subscription_create,12_month,1,cus_t7eBFW9QNzrFof,Nicole Collins,nicole.collins@clearpoint-wireless.example,Clearpoint Wireless,self_serve,network_consultant,network_consulting,US,sub_1KR07Va02NouuIs2V3vmlySL
ch_3ka1jGAlekTlHAdG0wQjqRYY,2025-07-01 08:23:00,succeeded,599.0,0.0,9.23,589.77,card,,31FU63FU-0001,subscription_create,6_month,1,cus_F0iJGOBhEglZS0,Luca Greco,luca.greco@clearline-communications.example,Clearline Communications,self_serve,head_of_wireless,telecom,IT,sub_1ae4vBD6qsEpakmBTBQMdNR8
ch_3yQiKi6y2zC5vRb3LI2E4eit,2025-07-01 14:59:07,succeeded,1960.0,0.0,63.95,1896.05,card,,CQ80XYOU-0002,subscription_cycle,12_month,2,cus_yUIBwTxDzkOq6l,Eric Phillips,eric.phillips@pinestream-properties.example,Pinestream Properties,self_serve,it_lead,real_estate,US,sub_1bykG1GHJ1VDftogleGAPouf
ch_3ZPLRNvC9nHoSn8mtMMb48qG,2025-07-02 15:19:03,succeeded,1960.0,0.0,29.65,1930.35,card,,Q3CFLDHO-0002,subscription_cycle,12_month,2,cus_qw8L5FbTmAnmqJ,Sanne de Vries,sanne.devries@ironlink-industries.example,Ironlink Industries B.V.,self_serve,it_lead,manufacturing,NL,sub_1GMaxcbsbjLKfOlSo1uZPg0Q
ch_3rXMvkLdqypuiYlTL83U40JJ,2025-07-04 12:42:25,succeeded,980.0,0.0,14.95,965.05,card,,DGF2JSAF-0001,subscription_create,12_month,1,cus_nc3m9tgtlcgT8r,Katharina Neumann,katharina.neumann@cedarpeak-wi-fi-solutions.example,Cedarpeak Wi-Fi Solutions GmbH,self_serve,network_consultant,network_consulting,DE,sub_1sJBMkV3hrxKzkex0C5it39S
ch_36z1msx0cZDx1gSTvI5KBMLq,2025-07-04 16:11:27,succeeded,980.0,0.0,14.95,965.05,card,,3JIVA8CJ-0003,subscription_cycle,12_month,1,cus_mFyGD5Hk3uSY2W,Florian Krüger,florian.kruger@alpinelink-foods.example,Alpinelink Foods GmbH,self_serve,it_lead,food_beverage,DE,sub_1yvKUBkw6yBpKNkX60hu2LRF
ch_3mhgrmdr3rrY95OMzHp3TPoC,2025-07-06 09:40:41,succeeded,980.0,0.0,14.95,965.05,card,,F2TQ24JN-0004,subscription_cycle,12_month,1,cus_3acmQMUVrGOzx9,Ville Korhonen,ville.korhonen@balticcore-wi-fi-solutions.example,Balticcore Wi-Fi Solutions Oy,self_serve,network_consultant,network_consulting,FI,sub_1rAQUPaD1NzgoRgp4BEtJRnh
ch_39w45UWN4oMTLX84ij6iJgva,2025-07-06 18:31:12,succeeded,1198.0,0.0,39.19,1158.81,card,,7K2LWH06-0003,subscription_cycle,6_month,2,cus_uYyaSLAXEmc67n,Mark Parker,mark.parker@auroralink-warehousing.example,Auroralink Warehousing,self_serve,it_lead,logistics,US,sub_1tGA1H7jCatgfPfqOGXRHVli
ch_3KSJfxm5VyYaBsc5CCXT9p6W,2025-07-07 05:17:10,succeeded,599.0,0.0,19.72,579.28,card,,182H4SUR-0002,subscription_cycle,6_month,1,cus_mlInbkkraigdby,Ben Jackson,ben.jackson@jackson-wireless-consulting.example,Jackson Wireless Consulting Pty Ltd,self_serve,network_consultant,network_consulting,AU,sub_1h02hqJJMRRFow5VUIfqLjrA
ch_37LOGnwtSweCu0Z03mlNHJPE,2025-07-07 09:42:47,succeeded,980.0,0.0,32.1,947.9,card,,59C6N9TU-0001,subscription_create,12_month,1,cus_HVYocX6daq0fSX,Paul Hall,paul.hall@crestwave-telecom.example,Crestwave Telecom LLC,self_serve,head_of_wireless,telecom,US,sub_13X8MEcZQ2B5gb7Vp7AglgsO
ch_3BCe2v9BNJoVYMCWSaylRm2w,2025-07-07 14:26:51,succeeded,980.0,0.0,6.35,973.65,sepa_debit,,OA330N19-0005,subscription_cycle,12_month,1,cus_CPm7KWElG7IU54,Ville Lehtonen,ville.lehtonen@westcore-wi-fi-solutions.example,Westcore Wi-Fi Solutions Oy,self_serve,network_consultant,network_consulting,FI,sub_1ozHJ9AlIiEGBlecPnDJJats
ch_3k0x1vdEi7SpBcFaJnXLI9i8,2025-07-08 16:31:46,succeeded,980.0,0.0,14.95,965.05,card,,D5DRQ3WX-0001,subscription_create,12_month,1,cus_kWwsfyFPpcn4QL,Magnus Lindqvist,magnus.lindqvist@greengate-rf-consulting.example,Greengate RF Consulting AS,self_serve,network_consultant,network_consulting,NO,sub_1QoRC0nS8y9SjovmRJz4FzJu
ch_32WDot4QcWp9QYqlnCs7o5xm,2025-07-10 10:43:25,succeeded,1198.0,0.0,30.2,1167.8,card,,CXYEDUOD-0001,subscription_create,6_month,2,cus_NljSUUxJ60zvvY,Daniel Jones,daniel.jones@northline-wi-fi-solutions.example,Northline Wi-Fi Solutions,self_serve,network_consultant,network_consulting,GB,sub_1m5iHaCFQG1x8B0eg5MUIb9l
ch_3zDEQYHgO7Ea3B0vnBK7FuxD,2025-07-10 12:37:27,succeeded,599.0,0.0,19.72,579.28,card,,AITLG0E5-0001,subscription_create,6_month,1,cus_bxem6hkyMXtv5Y,Emily Nguyen,emily.nguyen@balticbridge-schools.example,Balticbridge Schools,self_serve,it_lead,education,US,sub_1bS2lvhAiPSYuSHIRRprBl5R
ch_3HY4ifEkz6uBPSha9UWR5Z3E,2025-07-11 06:52:30,succeeded,980.0,0.0,24.75,955.25,card,,6EAE0CIY-0001,subscription_create,12_month,1,cus_uTWcgJ54QN7joY,Olivia Parker,olivia.parker@parker-wireless-consulting.example,Parker Wireless Consulting Ltd,self_serve,network_consultant,network_consulting,GB,sub_1jHKJEeGFq7TVqo15TF2Edjc
ch_3aKroMeVsMmKnZ6JsgcEYOUM,2025-07-11 08:14:29,succeeded,1198.0,0.0,39.19,1158.81,card,,8QWNZWD1-0001,subscription_create,6_month,2,cus_26yZ7I3DthRnhp,Megan Mitchell,megan.mitchell@mitchell-network-services.example,Mitchell Network Services,self_serve,network_consultant,network_consulting,US,sub_10hdJs9AUqmMcsbzwBeP7hU7
ch_305NTlczOZwkTYcNkNESoDHx,2025-07-11 13:43:15,succeeded,599.0,0.0,9.23,589.77,card,,OR5KK0VM-0001,subscription_create,6_month,1,cus_0tSvKzJGdsgURe,Sanne Hendriks,sanne.hendriks@aurorapoint-schools.example,Aurorapoint Schools,self_serve,it_lead,education,BE,sub_16LdjYvQaS6EIlJmgqSO6kPp
ch_3vOys1KUovAcSePcNVCRTKFT,2025-07-11 14:18:15,succeeded,980.0,0.0,32.1,947.9,card,,NF46JGNX-0002,subscription_cycle,12_month,1,cus_m1TTeddE2cxtk4,Raj Lewis,raj.lewis@clearwave-systems-integration.example,Clearwave Systems Integration LLC,self_serve,head_of_wireless,it_services,US,sub_1IdG2nsgM3ctmyUg9CR8E61R
ch_3r8O9USKtIx7wOPLI90ukvlf,2025-07-13 15:20:26,succeeded,2940.0,0.0,95.8,2844.2,card,,6N66FR0R-0003,subscription_cycle,12_month,3,cus_E4bTB3oUPwl7Jp,Rachel Baker,rachel.baker@harborview-wireless-engineering.example,Harborview Wireless Engineering,self_serve,head_of_wireless,network_consulting,US,sub_1DGHQhC5glIg1b416R2DJsg8
ch_33UP3ymsqcTGn8FyuDypDdVd,2025-07-14 12:16:42,succeeded,980.0,0.0,14.95,965.05,card,,FTSCLJ3F-0001,subscription_create,12_month,1,cus_uaToPDZjPgMe27,Ingrid Pedersen,ingrid.pedersen@pedersen-wireless-consulting.example,Pedersen Wireless Consulting AB,self_serve,network_consultant,network_consulting,SE,sub_1IsUGGv3ADlpKSpBLseUICSa
ch_37QgkiPvVpG50Ao2sGCgAcaL,2025-07-15 13:07:39,succeeded,599.0,0.0,9.23,589.77,card,,T23DC7HM-0001,subscription_create,6_month,1,cus_1aAHnApvC4KvAl,Guillaume Lambert,guillaume.lambert@pinepeak-wi-fi-solutions.example,Pinepeak Wi-Fi Solutions SAS,self_serve,network_consultant,network_consulting,FR,sub_1gnwmdQROQXBR69ycvh0oU52
ch_3F1jdSl1NAh7WywK4PNWnkJH,2025-07-17 09:46:00,succeeded,599.0,0.0,5.14,593.86,sepa_debit,,V0ZZQ45C-0006,subscription_cycle,6_month,1,cus_3co8IZALw07t8V,Marko Järvinen,marko.jarvinen@greengate-it-solutions.example,Greengate IT Solutions,self_serve,head_of_wireless,it_services,FI,sub_1p7QUjGcufpSjsGeeMBS6H8s
ch_3Yy6Tu2xfLOvVnueisasxhxV,2025-07-17 11:45:54,succeeded,1198.0,0.0,18.22,1179.78,card,,MCID7TJS-0001,subscription_create,6_month,2,cus_NWY7p5p4ydrhnu,Sabine Schneider,sabine.schneider@orbitlink-warehousing.example,Orbitlink Warehousing GmbH,self_serve,it_lead,logistics,DE,sub_1qvm00TYk41Jtfz8dVYfoRqb
ch_3eIJ8mGYomJzJ9oSFVzdYADH,2025-07-17 21:56:22,succeeded,980.0,0.0,14.95,965.05,card,,8ZE4GVIP-0001,subscription_create,12_month,1,cus_HgbhJtjUnpNP7z,Juho Salminen,juho.salminen@salminen-wireless-consulting.example,Salminen Wireless Consulting Oy,self_serve,network_consultant,network_consulting,FI,sub_1AvWVFKKORbO2YcRxTsm0I5p
ch_3EQAg8dkf80Yx1nUzJBuJizo,2025-07-18 06:49:46,succeeded,980.0,0.0,14.95,965.05,card,,HZ3WCUV3-0001,subscription_create,12_month,1,cus_0veDmECwjyMEFz,Mats Madsen,mats.madsen@balticfield-properties.example,Balticfield Properties,self_serve,it_lead,real_estate,NO,sub_16Bk9im0g8qP2Uz2ylVjkf6j
ch_3BIAZi2QVXczgobKJMIldp29,2025-07-19 20:39:49,succeeded,599.0,0.0,19.72,579.28,card,,W4OM1DOC-0003,subscription_cycle,6_month,1,cus_utfMj4MUUpqVdJ,Sven Hartmann,sven.hartmann@summitpath-it-solutions.example,Summitpath IT Solutions,self_serve,head_of_wireless,it_services,CH,sub_1IItH6mTG2VoT8N3d54XfwzI
ch_3rjNjsx1KI9l4nepIfHi0kVc,2025-07-20 20:20:01,succeeded,599.0,0.0,15.23,583.77,card,,7TJXZGVA-0001,subscription_create,6_month,1,cus_poktdm5ae3OLDB,Matt Thompson,matt.thompson@aurorabridge-networks.example,Aurorabridge Networks,self_serve,network_consultant,network_consulting,GB,sub_1T5qaHwZPJP5j2cW8WNqIzlx
ch_3znnSCumOCiCBOOqq4gTenKw,2025-07-21 09:17:50,succeeded,980.0,0.0,24.75,955.25,card,,UDIJOS84-0001,subscription_create,12_month,1,cus_yfYtGm1h1iY0C3,Wei Walker,wei.walker@crestport-wireless.example,Crestport Wireless Ltd,self_serve,network_consultant,network_consulting,GB,sub_1UKUrTrYcxOwbPZLjM2xLrvK
ch_3Nd2CPzFDI1ef353KQ9uP9yA,2025-07-21 11:03:05,succeeded,2940.0,0.0,95.8,2844.2,card,,XM0VKG82-0003,subscription_cycle,12_month,3,cus_3xqmKLdV3v4WlR,Matt Nguyen,matt.nguyen@summitgate-media.example,Summitgate Media LLC,self_serve,it_lead,media,US,sub_1ZKn7ixTUdd0mDE8x9BsYRsw
ch_3y02l788JgK9rMc3F201BF38,2025-07-22 07:14:13,succeeded,599.0,0.0,19.72,579.28,card,,0R36OWIS-0001,subscription_create,6_month,1,cus_Huw57Of3fnoEXB,Nicole Roberts,nicole.roberts@roberts-wireless-consulting.example,Roberts Wireless Consulting LLC,self_serve,network_consultant,network_consulting,US,sub_1GGCZEhfGcZyN3o1JSny8nf5
ch_3oT0coMH6YYI2CiYAgRcmeCz,2025-07-22 15:18:39,succeeded,599.0,599.0,19.72,579.28,card,,V13M8CC6-0001,subscription_create,6_month,1,cus_TKzNGmDWCvSD57,Jessica Johnson,jessica.johnson@apexworks-properties.example,Apexworks Properties,self_serve,it_lead,real_estate,US,sub_1o4oeAWnVURogxzwKOdgdxAu
ch_3sNdsUkQgae3BYSypzKbbdSF,2025-07-23 06:23:12,succeeded,980.0,0.0,14.95,965.05,card,,C6XHL0OI-0001,subscription_create,12_month,1,cus_4WYGyhSzLOaES8,Kari Mäkelä,kari.makela@northpoint-networks.example,Northpoint Networks Oy,self_serve,network_consultant,network_consulting,FI,sub_1gGy0dv12Sjph6wzQRt9IxNG
ch_3bSaBY79XBumNb30EgVcv2oA,2025-07-23 13:53:07,succeeded,980.0,0.0,14.95,965.05,card,,I3JCRHQG-0001,subscription_create,12_month,1,cus_GFvxy8xlGPG4aC,Antti Niemi,antti.niemi@maplegate-rf-consulting.example,Maplegate RF Consulting,self_serve,network_consultant,network_consulting,FI,sub_1VCpwqK8K7Aw4FU82PATddiU
ch_3TzWnZorpdSWQsNk85FFNAql,2025-07-24 11:59:48,succeeded,980.0,0.0,14.95,965.05,card,,3UYPA7FK-0001,subscription_create,12_month,1,cus_s7gK6rywQecQ4P,Mikkel Larsson,mikkel.larsson@mailbox.example,,self_serve,network_consultant,network_consulting,NO,sub_1wFFDpY3NDlodQbYQ55LpO95
ch_3zipwEk0snuq4KoHpsdsI5DA,2025-07-24 16:16:43,succeeded,980.0,0.0,14.95,965.05,card,,N3O7UBPW-0001,subscription_create,12_month,1,cus_z00aOXXyLDWKNF,Katharina Braun,katharina.braun@harborview-industries.example,Harborview Industries GmbH,self_serve,it_lead,manufacturing,DE,sub_1K4NdR21omDJUP4tiGjf5opP
ch_3rs6HyM1pqnKXqnnpGizQzGg,2025-07-25 12:12:14,succeeded,599.0,0.0,9.23,589.77,card,,JA8ITH1C-0002,subscription_cycle,6_month,1,cus_LfFkyIFsLQPy3F,Jan Klein,jan.klein@harbormark-retail-group.example,Harbormark Retail Group GmbH,self_serve,it_lead,retail,DE,sub_1dUGfpa5FatFctaPgPyP9uSQ
ch_39PsfKLva688VkpVskKCkdPH,2025-07-26 10:24:58,succeeded,980.0,0.0,14.95,965.05,card,,MDUMU9PX-0002,subscription_cycle,12_month,1,cus_ovYYIJzU5xLnNU,Sanne Hendriks,sanne.hendriks@hendriks-wireless-consulting.example,Hendriks Wireless Consulting,self_serve,network_consultant,network_consulting,NL,sub_1YRbef6AG21Y2hiZKKmjLx7L
ch_35gVdjq06lPRCoijvFsxDqcJ,2025-07-26 12:35:25,failed,980.0,0.0,,,card,expired_card,H0KUQ8OH-0003,subscription_cycle,12_month,1,cus_EANcUjbQRM9GAE,David Navarro,david.navarro@vertexwave-it-solutions.example,Vertexwave IT Solutions,self_serve,head_of_wireless,it_services,ES,sub_1tGrjLCuwLw4urmlzk5NVMZM
ch_3xvfeZbNxJL0jS2jLhJsnUho,2025-07-29 12:59:25,failed,980.0,0.0,,,card,expired_card,H0KUQ8OH-0003,subscription_cycle,12_month,1,cus_EANcUjbQRM9GAE,David Navarro,david.navarro@vertexwave-it-solutions.example,Vertexwave IT Solutions,self_serve,head_of_wireless,it_services,ES,sub_1tGrjLCuwLw4urmlzk5NVMZM
ch_3Vm5s7td1uC63OvkM79cZCP4,2025-07-29 18:43:02,succeeded,1960.0,0.0,29.65,1930.35,card,,Y3EI4A32-0001,subscription_create,12_month,2,cus_iqstjZxAJVee6I,Stefan Klein,stefan.klein@polarstream-wireless.example,Polarstream Wireless GmbH,self_serve,network_consultant,network_consulting,DE,sub_13T4gO3O4Riy0jfFbUpNXiVr
ch_3qxyjoWHR6oWssogdcobKY4q,2025-07-30 10:33:49,succeeded,980.0,0.0,32.1,947.9,card,,27HBH18E-0004,subscription_cycle,12_month,1,cus_kSSc6FlbdjNYr6,Josh Collins,josh.collins@greengate-industries.example,Greengate Industries,self_serve,it_lead,manufacturing,AU,sub_1hGn4jOOudSP87QB5iAOoe5r
ch_33ShaQ5QrtNKtYwDHVFkhoI6,2025-07-30 15:39:55,succeeded,980.0,0.0,32.1,947.9,card,,21XXH4DG-0004,subscription_cycle,12_month,1,cus_GnyrlhcWB7ZkYO,Wei Brown,wei.brown@brown-wireless-consulting.example,Brown Wireless Consulting LLC,self_serve,network_consultant,network_consulting,US,sub_18hD0Ngf0DlncAI80cgQHEpP
ch_3eVX1U1fbVXSpAc1nGinELVI,2025-07-31 07:06:24,succeeded,1960.0,0.0,29.65,1930.35,card,,7AHC0AWP-0001,subscription_create,12_month,2,cus_YNnM7tu66Qob59,Lauri Mäkinen,lauri.makinen@blueview-retail-group.example,Blueview Retail Group Oy,self_serve,it_lead,retail,FI,sub_1YdKJ9mAMx0ZmIpr31EvlEEF
ch_3mivHxfWalaXpXut1OWkZ7Ny,2025-07-31 08:08:33,succeeded,980.0,0.0,14.95,965.05,card,,IVRH9ILR-0001,subscription_create,12_month,1,cus_QNslKgVhFWD5Sq,Julia Müller,julia.muller@muller-wireless-consulting.example,Müller Wireless Consulting GmbH,self_serve,network_consultant,network_consulting,DE,sub_1AidaiCgLSKoJ1lvvaqRMuMl
ch_3PmCAob9DWBkIaqUY59WYVjO,2025-07-31 17:30:14,succeeded,1960.0,0.0,49.25,1910.75,card,,J7M9AS6D-0003,subscription_cycle,12_month,2,cus_bIjPO7C99sqQh8,Andrew Davis,andrew.davis@balticmark-it-solutions.example,Balticmark IT Solutions Ltd,self_serve,head_of_wireless,it_services,GB,sub_1pF7U9VJs4Fsx72Mu0hjk0Ie
ch_3AsYXsQoxjWPOyu1ygCK0ZAi,2025-08-01 09:17:41,succeeded,980.0,0.0,6.35,973.65,sepa_debit,,3WVBUTV4-0002,subscription_cycle,12_month,1,cus_Whev082215HQXy,Dirk Fischer,dirk.fischer@fischer-wireless-consulting.example,Fischer Wireless Consulting GmbH,self_serve,network_consultant,network_consulting,DE,sub_1XCuwicaRl9DskpJ8wsaTNME
ch_3GwDBbmeD8Mz0cPnX7q6DZKK,2025-08-01 13:49:11,succeeded,980.0,0.0,32.1,947.9,card,,X80I4OCV-0001,subscription_create,12_month,1,cus_nwQZzLdN4XZMFL,Raj Murphy,raj.murphy@silverfield-partners.example,Silverfield Partners,self_serve,it_lead,professional_services,US,sub_1gP69qJZHYzOQwp2siTNMfVF
ch_3cHAIUKOqncpoe2sbcMv7BvK,2025-08-03 10:31:46,succeeded,980.0,0.0,32.1,947.9,card,,9H19BWVW-0001,subscription_create,12_month,1,cus_VJwb5whVR0G7av,Olivia Anderson,olivia.anderson@cedarlink-networks.example,Cedarlink Networks,self_serve,network_consultant,network_consulting,US,sub_11Drr5Dy1Q9K9oPc2Rx7ilZS
ch_33NrQT6yqutGlQOGbW8fCEUe,2025-08-03 13:40:25,failed,980.0,0.0,,,card,expired_card,H0KUQ8OH-0003,subscription_cycle,12_month,1,cus_EANcUjbQRM9GAE,David Navarro,david.navarro@vertexwave-it-solutions.example,Vertexwave IT Solutions,self_serve,head_of_wireless,it_services,ES,sub_1tGrjLCuwLw4urmlzk5NVMZM
ch_3JYYyqI97aRjbYyum9mO1z15,2025-08-04 21:22:59,succeeded,980.0,0.0,24.75,955.25,card,,X4QH5ZZ9-0001,subscription_create,12_month,1,cus_McESARV36Cif7g,Ryan Jones,ryan.jones@jones-network-services.example,Jones Network Services Ltd,self_serve,network_consultant,network_consulting,GB,sub_1SS0Hk9sHxRoBYEMFN1WccIP
ch_3txUVqEz561zSyEWoSIJoc6n,2025-08-06 13:34:09,succeeded,1198.0,0.0,18.22,1179.78,card,,8MW2M4TC-0002,subscription_cycle,6_month,2,cus_5c8OwDbnpYpUEz,Tobias Schneider,tobias.schneider@westmark-construction.example,Westmark Construction,self_serve,it_lead,construction,DE,sub_1dx0hZxk90VXEoR7n8EJD3Xq
ch_3i9wembmpzZdlp4tkFEcurrB,2025-08-06 17:20:05,succeeded,1960.0,0.0,63.95,1896.05,card,,C608QQ1H-0004,subscription_cycle,12_month,2,cus_L2sH6qkoekeHoG,Laura Taylor,laura.taylor@deltapoint-managed-services.example,Deltapoint Managed Services LLC,self_serve,head_of_wireless,it_services,US,sub_1cpcdauZvUIhDLW4fWaElqO4
ch_3MJtVR4wLhf0WLVYzUPOHt28,2025-08-07 11:05:00,failed,1960.0,0.0,,,card,expired_card,IOARMF22-0004,subscription_cycle,12_month,2,cus_WiHDArKdqbaBvu,David Nelson,david.nelson@nelson-wireless-consulting.example,Nelson Wireless Consulting,self_serve,network_consultant,network_consulting,US,sub_1aIxnp3hoWSbV4v1kVRyyKBv
ch_35iNlLHc1mzoJJOLc01NxlPH,2025-08-07 12:59:38,succeeded,980.0,0.0,32.1,947.9,card,,3QMJPZSZ-0001,subscription_create,12_month,1,cus_d6XHJKkKnfRZc6,Chris Clark,chris.clark@harborpath-it-solutions.example,Harborpath IT Solutions LLC,self_serve,head_of_wireless,it_services,US,sub_1nsT80f7jDUQozvfJdjkKlq9
ch_34R9FpeqfQiwpARjsdksKPdh,2025-08-07 17:10:31,succeeded,980.0,0.0,32.1,947.9,card,,FS8KZ7FJ-0003,subscription_cycle,12_month,1,cus_dZR4O30jpfFsb7,Megan Clark,megan.clark@orbitline-schools.example,Orbitline Schools Inc.,self_serve,it_lead,education,CA,sub_15vDb7oStciZ8wR2iIoLfZ8n
ch_3JFEyc7imQfXz4E3U4X0U2Pb,2025-08-08 06:10:49,succeeded,1960.0,0.0,63.95,1896.05,card,,YNYZVLSQ-0001,subscription_create,12_month,2,cus_MRPJ3swgmUN4mC,Ahmed Clark,ahmed.clark@postbox.example,,self_serve,network_consultant,network_consulting,US,sub_1KYiy6BIEWjB2WAurUOWARpe
ch_3UAHm3Yd0XTPoV3j3QfOIJWT,2025-08-08 20:56:31,succeeded,980.0,0.0,14.95,965.05,card,,57473WKI-0002,subscription_cycle,12_month,1,cus_jlgVTCGbLa2KQQ,Mikkel Olsen,mikkel.olsen@novawave-retail-group.example,Novawave Retail Group,self_serve,it_lead,retail,SE,sub_1zFS9nCFyjjDCdkiRbqH2dIC
ch_3EaMLTFOO22grfL7lADZyOky,2025-08-09 17:21:37,failed,980.0,0.0,,,card,card_declined,JZAPP8IO-0003,subscription_cycle,12_month,1,cus_4Q7yLhdMqIk2CL,Tuomas Mäkelä,tuomas.makela@northcore-retail-group.example,Northcore Retail Group,self_serve,it_lead,retail,FI,sub_1cM5thKQgUqhtxq8aTJe1DdZ
ch_3jZ3YuOm1QEn2qtPH168JuRO,2025-08-10 10:55:31,succeeded,980.0,0.0,14.95,965.05,card,,SGN2AD1Z-0001,subscription_create,12_month,1,cus_J5TSwipLLnlfu9,Jan Neumann,jan.neumann@neumann-wireless-consulting.example,Neumann Wireless Consulting GmbH,self_serve,network_consultant,network_consulting,DE,sub_10x1XgZH5ICQ2RCc6O2iVjf5
ch_3thtTCFYxmtXStIVXR7pwOHB,2025-08-10 11:18:00,succeeded,1960.0,0.0,63.95,1896.05,card,,IOARMF22-0004,subscription_cycle,12_month,2,cus_WiHDArKdqbaBvu,David Nelson,david.nelson@nelson-wireless-consulting.example,Nelson Wireless Consulting,self_serve,network_consultant,network_consulting,US,sub_1aIxnp3hoWSbV4v1kVRyyKBv
ch_3FkKidBLIyeW1HACp6NuqdHK,2025-08-10 15:51:15,succeeded,1960.0,0.0,63.95,1896.05,card,,0X1RSEXD-0002,subscription_cycle,12_month,2,cus_sR3pjCO0qQn9fj,Ben Smith,ben.smith@westgate-warehousing.example,Westgate Warehousing LLC,self_serve,it_lead,logistics,US,sub_1x4JaG8cQ2AL8x3J17PQDYxw
ch_3jFlWfDeyVDVlan33jPld437,2025-08-12 03:05:32,succeeded,980.0,0.0,14.95,965.05,card,,UC5Q5759-0003,subscription_cycle,12_month,1,cus_TcwSUfiXm9HJhK,Olivier Fournier,olivier.fournier@atlasport-wireless.example,Atlasport Wireless SAS,self_serve,network_consultant,network_consulting,FR,sub_1ZXz5WfOG1ay7cAxcnWaxu0k
ch_3DnIkYUHyDv2DBHd3atTfq5A,2025-08-12 04:39:50,succeeded,599.0,0.0,19.72,579.28,card,,W6TA7F0N-0001,subscription_create,6_month,1,cus_bccq9iW1rbhOZg,Priya Nguyen,priya.nguyen@apexwave-hotels.example,Apexwave Hotels LLC,self_serve,it_lead,hospitality,US,sub_1AE8JM4jcw9Ol0PY7C351ikF
ch_3TtdmiUwoevO4etiLgVmaIAb,2025-08-12 11:52:36,succeeded,980.0,0.0,24.75,955.25,card,,AAFCZUD7-0002,subscription_cycle,12_month,1,cus_xlWCwg8sETAr83,Steve Campbell,steve.campbell@campbell-network-services.example,Campbell Network Services Ltd,self_serve,network_consultant,network_consulting,GB,sub_1B27BE5s57fWw0OCDCp1SvYC
ch_3Bxcup6mpRly7FTIeESFiXMi,2025-08-12 15:58:02,succeeded,599.0,0.0,5.14,593.86,sepa_debit,,UP2594PP-0001,subscription_create,6_month,1,cus_DBIN2hOyFZiRsn,Maarten van den Berg,maarten.vandenberg@westpoint-retail-group.example,Westpoint Retail Group B.V.,self_serve,it_lead,retail,NL,sub_1nfJ1jhhqvLhEN5xKP1DreRd
ch_3VRb44c8eyh8F5To9v5Lbby2,2025-08-12 18:29:37,succeeded,980.0,0.0,14.95,965.05,card,,JZAPP8IO-0003,subscription_cycle,12_month,1,cus_4Q7yLhdMqIk2CL,Tuomas Mäkelä,tuomas.makela@northcore-retail-group.example,Northcore Retail Group,self_serve,it_lead,retail,FI,sub_1cM5thKQgUqhtxq8aTJe1DdZ
ch_3ftd5yB4ShDY5KanQz405JiM,2025-08-13 11:15:36,succeeded,599.0,0.0,19.72,579.28,card,,XSSUNDXY-0003,subscription_cycle,6_month,1,cus_tuTv4CbhKrR0A5,Robert Wilson,robert.wilson@vertexline-partners.example,Vertexline Partners LLC,self_serve,it_lead,professional_services,US,sub_1NjwXcjlip2PeLarq6VkEXrU
ch_325Qdm3v3VMVGVkcmLs8K7QF,2025-08-13 16:05:59,failed,980.0,0.0,,,card,card_declined,OJ9MVINI-0002,subscription_cycle,12_month,1,cus_WQD1PdWom6keHv,Emily Brown,emily.brown@orbitmark-wi-fi-solutions.example,Orbitmark Wi-Fi Solutions Inc.,self_serve,network_consultant,network_consulting,CA,sub_1cJ09SD9WefbiF1zl7DWUBKv
ch_3JTEQCa3yzf3egG37uCgMLDQ,2025-08-14 04:39:26,succeeded,599.0,0.0,9.23,589.77,card,,NODIT8BD-0002,subscription_cycle,6_month,1,cus_hN5wraLkY7Etfm,Paolo Greco,paolo.greco@harborpoint-construction.example,Harborpoint Construction,self_serve,it_lead,construction,IT,sub_1AFOtRszEabwHX44SkTp0lp9
ch_35rFxXtyiUHpHFZeGzKKQJXe,2025-08-14 05:03:47,succeeded,1797.0,0.0,58.65,1738.35,card,,QDK8ITNJ-0003,subscription_cycle,6_month,3,cus_7FuovNLAYWWjyR,Eric Turner,eric.turner@deltapeak-industries.example,Deltapeak Industries LLC,self_serve,it_lead,manufacturing,US,sub_1jmO4SnasNG8vwijTvHPkKKR
ch_3VdyKB7n6Er7OGK1DNTrsyZo,2025-08-14 15:34:54,failed,599.0,0.0,,,card,card_declined,BF1YVDKK-0001,subscription_create,6_month,1,cus_bVKWKbmjeuYvSw,Stefan Müller,stefan.muller@inbox.example,,self_serve,network_consultant,network_consulting,AT,sub_1EGmggTTNbsb4o4pgiNHMgPj
ch_3au7Qj8pLofUmeDiI8nRqopQ,2025-08-14 15:42:22,succeeded,599.0,599.0,9.23,589.77,card,,BF1YVDKK-0001,subscription_create,6_month,1,cus_bVKWKbmjeuYvSw,Stefan Müller,stefan.muller@inbox.example,,self_serve,network_consultant,network_consulting,AT,sub_1EGmggTTNbsb4o4pgiNHMgPj
ch_3sFztjjpm4w2Kv8TEnxYtbfU,2025-08-15 12:59:58,succeeded,980.0,0.0,32.1,947.9,card,,7AS8JIY7-0001,subscription_create,12_month,1,cus_RhRaabeP4qgr95,Daniel Patel,daniel.patel@silvercore-properties.example,Silvercore Properties,self_serve,it_lead,real_estate,US,sub_1csviylBtzOMUlWEDFNQznFx
ch_35uEkhV9zkN13H9vicxO4Yph,2025-08-15 15:58:56,succeeded,980.0,0.0,14.95,965.05,card,,6GJLE33O-0001,subscription_create,12_month,1,cus_7wI9nAXW0t1WrC,Alessandro Rossi,alessandro.rossi@clearpoint-rf-consulting.example,Clearpoint RF Consulting S.r.l.,self_serve,network_consultant,network_consulting,IT,sub_17YiTRo106Fry0pDzf0W9mMm
ch_37gM6P2e43Mg1BMcRcjkWgWr,2025-08-15 20:02:56,succeeded,980.0,0.0,14.95,965.05,card,,XHJA44MF-0001,subscription_create,12_month,1,cus_6WZZ7zXUrlfHVH,Karin Berg,karin.berg@crestworks-it-solutions.example,Crestworks IT Solutions AS,self_serve,head_of_wireless,it_services,NO,sub_16tLHTAwNQHmGAqLkwZmADkf
ch_3ox2bWxwWrSnchtAvOTcvjif,2025-08-15 23:08:11,succeeded,980.0,0.0,24.75,955.25,card,,6EYP5GQN-0001,subscription_create,12_month,1,cus_RT3DSXJYvQm6xj,Andrew Clark,andrew.clark@aurorabridge-systems-integration.example,Aurorabridge Systems Integration Ltd,self_serve,head_of_wireless,it_services,GB,sub_1J38lAVsc8zb82bXgBvcm09B
ch_3v4ko5YHXADqI16Gwsdi7b1a,2025-08-16 16:05:59,succeeded,980.0,0.0,32.1,947.9,card,,OJ9MVINI-0002,subscription_cycle,12_month,1,cus_WQD1PdWom6keHv,Emily Brown,emily.brown@orbitmark-wi-fi-solutions.example,Orbitmark Wi-Fi Solutions Inc.,self_serve,network_consultant,network_consulting,CA,sub_1cJ09SD9WefbiF1zl7DWUBKv
ch_3fEpaWC5C5BdkjOYDqLXx7Do,2025-08-18 12:20:48,succeeded,599.0,0.0,19.72,579.28,card,,VGVKXFXS-0001,subscription_create,6_month,1,cus_DAlTyPZya3O1aY,Robert Johnson,robert.johnson@harborpeak-rf-consulting.example,Harborpeak RF Consulting,self_serve,network_consultant,network_consulting,US,sub_1Lyd8sbNJb4oeOHP3XCMqOoT
ch_3I4yuoGiom3bFgui4ADZPBUt,2025-08-19 05:26:48,succeeded,980.0,0.0,32.1,947.9,card,,RV56DFRX-0003,subscription_cycle,12_month,1,cus_HkdK7nj3XpF54q,Ben Phillips,ben.phillips@aurorapoint-wi-fi-solutions.example,Aurorapoint Wi-Fi Solutions Pty Ltd,self_serve,network_consultant,network_consulting,AU,sub_1QYaHv0QcO28bg0VjYU9LoGz
ch_3LHMEm4BoUSgEx0klM2dk4jf,2025-08-21 14:07:42,succeeded,980.0,0.0,14.95,965.05,card,,Z9JTPFX2-0001,subscription_create,12_month,1,cus_6uAEHjO2VIIsxy,Mikko Laine,mikko.laine@greenpeak-hotels.example,Greenpeak Hotels,self_serve,it_lead,hospitality,FI,sub_1XvZos6qsQCxxlVQOg0Vi7Cg
ch_32qnpmZQ1onRUSKIOEIaYreL,2025-08-21 16:34:43,failed,980.0,0.0,,,card,expired_card,ESH90Z8W-0003,subscription_cycle,12_month,1,cus_5ORpdUvK7Bdzji,Nicole Wilson,nicole.wilson@pinepoint-schools.example,Pinepoint Schools,self_serve,it_lead,education,GB,sub_1Vpf6OYF2DWFrpsmJN5heAo9
ch_3vkphQovxf3rDcyi5C29pvBt,2025-08-22 08:08:30,succeeded,599.0,0.0,19.72,579.28,card,,4OQ8GQJO-0001,subscription_create,6_month,1,cus_k1NwxC8IFbUM6d,Brian Young,brian.young@auroramark-retail-group.example,Auroramark Retail Group,self_serve,it_lead,retail,CA,sub_19GcFWHp71OCu0UDjGoRABZx
ch_3tfgDh4n4qIAG1v8gqhkkuoT,2025-08-22 12:27:31,succeeded,980.0,0.0,14.95,965.05,card,,XM4JM8CN-0003,subscription_cycle,12_month,1,cus_RKihDMNg7wZALe,Julia Krüger,julia.kruger@bluemark-communications.example,Bluemark Communications,self_serve,head_of_wireless,telecom,DE,sub_115P9E9mwD0wsiQOoFDWXfHp
py_3WHM1ma0baFboGkXeXL7JE1f,2025-08-22 20:07:08,succeeded,2940.0,0.0,5.0,2935.0,bank_transfer,,ZO72O5CW-0005,subscription_cycle,12_month,3,cus_vC2jcmo6bkXa5j,Brian Jones,brian.jones@westworks-properties.example,Westworks Properties,self_serve,it_lead,real_estate,GB,sub_1vKG6wHx1Yve4J3QYb7OVps0
ch_3HEVOv6yd3nuoHoMXxz2nZjU,2025-08-23 11:37:45,succeeded,980.0,0.0,32.1,947.9,card,,ZSMWR2T4-0002,subscription_cycle,12_month,1,cus_i1BQPKFsftejIu,Jason Scott,jason.scott@scott-network-services.example,Scott Network Services LLC,self_serve,network_consultant,network_consulting,US,sub_1ZlNgqVqAMtFtaAkeF5Tm7P0
ch_3Xx8NegxyqPxnSOHpXzXvSIx,2025-08-23 20:33:34,succeeded,2940.0,0.0,44.35,2895.65,card,,BZQKWL91-0003,subscription_cycle,12_month,3,cus_ebF30fKJrVwXtf,Nicole Young,nicole.young@nordicline-technology-group.example,Nordicline Technology Group Ltd,self_serve,head_of_wireless,it_services,IE,sub_12mIIUuB9M12vDJ5Qq6RPK9z
ch_3HVLjrDZm3t5tgVAI362g9FK,2025-08-24 15:10:00,succeeded,599.0,0.0,9.23,589.77,card,,BKVVOLNP-0001,subscription_create,6_month,1,cus_R8t5Bd0S2TnsJK,Katharina Meyer,katharina.meyer@northpeak-foods.example,Northpeak Foods,self_serve,it_lead,food_beverage,DE,sub_10yULFffk5LZurdNl1J3gZGn
ch_3euTKAqKejhJMzEV0nN5MvcO,2025-08-24 15:45:04,succeeded,980.0,0.0,32.1,947.9,card,,3TDQQHDR-0003,subscription_cycle,12_month,1,cus_Woo6SJQqlWRl3x,Rachel Jones,rachel.jones@jones-network-services.example,Jones Network Services Inc.,self_serve,network_consultant,network_consulting,CA,sub_12HTZKRN6y1FZNOni5Jw0Xge
ch_3aKxHFaMoDrtk9SQzgkhoj9q,2025-08-24 17:08:43,succeeded,980.0,0.0,24.75,955.25,card,,ESH90Z8W-0003,subscription_cycle,12_month,1,cus_5ORpdUvK7Bdzji,Nicole Wilson,nicole.wilson@pinepoint-schools.example,Pinepoint Schools,self_serve,it_lead,education,GB,sub_1Vpf6OYF2DWFrpsmJN5heAo9
py_3Ft1FxdYHJUtxOijT2hXz0Je,2025-08-25 10:49:04,succeeded,285000.0,0.0,5.0,284995.0,bank_transfer,,VDJ4BZ1Y-0001,subscription_create,enterprise,1,cus_TYUgd46TiMP6PM,Marlowe Valley University Hospital,accounts.payable@marlowe-valley-university-hospital.example,Marlowe Valley University Hospital,enterprise,,hospital,GB,sub_1lvldG7aaapYTB1FSgnmihz5
ch_39W3RGyvcBX5gfM59slasZ7B,2025-08-26 10:15:24,succeeded,980.0,0.0,32.1,947.9,card,,D64502UG-0002,subscription_cycle,12_month,1,cus_12ujXmlH99x4EQ,Jan Richter,jan.richter@postbox.example,,self_serve,network_consultant,network_consulting,CH,sub_13oywrvOB07XzpWzYZAn2YJq
ch_3LK8P8chxrr5bg1gBEqwmDLc,2025-08-26 15:35:02,succeeded,980.0,0.0,32.1,947.9,card,,TTJTXA87-0001,subscription_create,12_month,1,cus_huC5B0cd09hHKZ,Paul Wright,paul.wright@signalgate-hotels.example,Signalgate Hotels,self_serve,it_lead,hospitality,US,sub_1gkLpHw0gPjpcKrcbOIofneC
ch_3TikHBtR2IsRUfAUsbl0PP5u,2025-08-27 12:51:00,succeeded,1960.0,0.0,63.95,1896.05,card,,5JZY5LS2-0002,subscription_cycle,12_month,2,cus_8sg8CkNDIgUGwl,Thomas Hartmann,thomas.hartmann@brightgate-networks.example,Brightgate Networks AG,self_serve,network_consultant,network_consulting,CH,sub_1uS733am12spMLW1JQPzHLzL
ch_3eab5Bw5KBZH1djisUTVxeV2,2025-08-28 05:33:53,succeeded,1960.0,0.0,29.65,1930.35,card,,1EHHDBHJ-0002,subscription_cycle,12_month,2,cus_vYj7wNS662BmVY,Sophie Bernard,sophie.bernard@bernard-wireless-consulting.example,Bernard Wireless Consulting SAS,self_serve,network_consultant,network_consulting,FR,sub_1VwZzlDtsz9ALWhCjDpSkjCr
ch_32qLSs9jI0I6e1u7dpQrEMgi,2025-08-28 17:14:12,succeeded,980.0,0.0,14.95,965.05,card,,8YPZJWM3-0001,subscription_create,12_month,1,cus_L02aAE3HjdetPm,Sanna Salminen,sanna.salminen@silverview-foods.example,Silverview Foods,self_serve,it_lead,food_beverage,FI,sub_10SE7DHNtF5uZm5oxvnckBju
ch_3bBDE1NzqFCQ9LpBocy711JD,2025-08-28 17:36:00,succeeded,980.0,0.0,14.95,965.05,card,,O5V65O87-0002,subscription_cycle,12_month,1,cus_rX8NR95hApUnx1,Ville Kinnunen,ville.kinnunen@beaconworks-retail-group.example,Beaconworks Retail Group Oy,self_serve,it_lead,retail,FI,sub_1sk8bIdBGGXZbWouOoPSXuPc
ch_3wPulX6j5pu1QDQW6cj71rAp,2025-08-28 17:55:39,succeeded,599.0,0.0,19.72,579.28,card,,NNLRW0ZB-0001,subscription_create,6_month,1,cus_aHvdSIOnqiccXi,Robert Moore,robert.moore@bluebridge-hotels.example,Bluebridge Hotels Pty Ltd,self_serve,it_lead,hospitality,AU,sub_1WXHgXkkmwl56R6N8gcrafiD
ch_3Z2YTZoVJKf7bqJqixJnBPEh,2025-09-01 11:04:49,succeeded,980.0,0.0,32.1,947.9,card,,59RWICEA-0002,subscription_cycle,12_month,1,cus_3RjYOM09QN6TzO,Paul Collins,paul.collins@irongate-wireless.example,Irongate Wireless LLC,self_serve,network_consultant,network_consulting,US,sub_1iGP2MLWT8C6sk3lwFtk338A
ch_3dVUSjxHU9fJ5hy7vc5w5IdO,2025-09-01 19:13:55,succeeded,980.0,0.0,32.1,947.9,card,,85KR6I4O-0001,subscription_create,12_month,1,cus_kFbH6YHp8xq7ui,Priya Clark,priya.clark@apexcore-partners.example,Apexcore Partners,self_serve,it_lead,professional_services,US,sub_1nUlIjzzxWAdDbPPlUlcs2ul
ch_3s3l2zkeyyuOqOJJSgvztcl9,2025-09-01 21:25:15,succeeded,1198.0,0.0,39.19,1158.81,card,,K0QLN5EN-0001,subscription_create,6_month,2,cus_9MmdKrKBY89L99,Daniel Johnson,daniel.johnson@greengate-rf-consulting.example,Greengate RF Consulting LLC,self_serve,network_consultant,network_consulting,US,sub_1DxK9Q6z3m7bk7RQq9kxrw5Y
ch_3hThn59us8XePHdtKGXoo4fU,2025-09-02 10:15:46,succeeded,980.0,0.0,24.75,955.25,card,,HGIJWL8F-0003,subscription_cycle,12_month,1,cus_jPwSTgZ8mITgAc,Daniel Thomas,daniel.thomas@westworks-schools.example,Westworks Schools,self_serve,it_lead,education,GB,sub_1FxdVzVpwuF4kgryZLLtoU57
ch_3qXPBuUVzGWoit470bZbe21Q,2025-09-02 16:49:21,succeeded,980.0,0.0,14.95,965.05,card,,3KEZCCGF-0001,subscription_create,12_month,1,cus_dC7qZZwLVcnWx4,Daan van Dijk,daan.vandijk@crestpath-systems-integration.example,Crestpath Systems Integration,self_serve,head_of_wireless,it_services,BE,sub_1ziQzedRlDajbYGtMZ06iel6
ch_3klQ5AlkzwfIUCyvyi0T4P5W,2025-09-03 09:36:49,succeeded,599.0,0.0,9.23,589.77,card,,SVLDBRR9-0004,subscription_cycle,6_month,1,cus_vtW4rUaEx9xI6c,Ola Dahl,ola.dahl@auroraworks-logistics.example,Auroraworks Logistics,self_serve,it_lead,logistics,DK,sub_1BJdu7bVMDLVWXdjqBdv6hSP
ch_3h0yjfh4TNPm2V4PeY7mJvos,2025-09-03 13:53:21,succeeded,599.0,0.0,9.23,589.77,card,,KNBXWVR0-0003,subscription_cycle,6_month,1,cus_PJSBZf2qtZuUox,Anja Schneider,anja.schneider@westlink-foods.example,Westlink Foods,self_serve,it_lead,food_beverage,DE,sub_1uI7GXPWYIbwADCqW1cm4J2u
ch_3IDXlNqLVsW5kVUMJLugFdkM,2025-09-03 14:52:17,succeeded,980.0,0.0,24.75,955.25,card,,LNWDNKNY-0001,subscription_create,12_month,1,cus_Izrg2uXZo10oNr,Ahmed Nelson,ahmed.nelson@nelson-network-services.example,Nelson Network Services,self_serve,network_consultant,network_consulting,GB,sub_1f90mpnYDBMWZGAG9G4VtVoE
ch_38w8J2FZG8g5uFOQ3siApHud,2025-09-03 18:15:24,failed,2940.0,0.0,,,card,card_declined,WVD4M4DO-0001,subscription_create,12_month,3,cus_YGP9Y3IXqdeGPJ,Sara Larsson,sara.larsson@granitepoint-communications.example,Granitepoint Communications ApS,self_serve,head_of_wireless,telecom,DK,sub_1dhyEVNpf6iJgvsXWZ8FUhw1
ch_3XwBhnmFx5F4ZqI2r7qVJQVb,2025-09-03 18:18:54,succeeded,2940.0,0.0,44.35,2895.65,card,,WVD4M4DO-0001,subscription_create,12_month,3,cus_YGP9Y3IXqdeGPJ,Sara Larsson,sara.larsson@granitepoint-communications.example,Granitepoint Communications ApS,self_serve,head_of_wireless,telecom,DK,sub_1dhyEVNpf6iJgvsXWZ8FUhw1
ch_30keRVDou1GoyASVHAhLLaGF,2025-09-04 07:51:59,failed,1960.0,0.0,,,card,expired_card,W3YCJR9T-0002,subscription_cycle,12_month,2,cus_Ea6PAkoL3EggM7,Carlos Lewis,carlos.lewis@lewis-network-services.example,Lewis Network Services,self_serve,network_consultant,network_consulting,US,sub_10M1q6xxTXsLgmBi45hjooEY
ch_34d95SxIap6oBhopXUUrMTN8,2025-09-04 10:19:43,succeeded,980.0,0.0,14.95,965.05,card,,ZKMW47WQ-0001,subscription_create,12_month,1,cus_B8ORW9c66v0D8a,Laurent Mercier,laurent.mercier@beaconview-partners.example,Beaconview Partners,self_serve,it_lead,professional_services,FR,sub_1jrvpRY1nFIOcRKoPGrq7II0
ch_3kOhTvnJsSyPhUH3dfONLP1D,2025-09-04 13:20:47,succeeded,599.0,0.0,19.72,579.28,card,,XRUADAWJ-0002,subscription_cycle,6_month,1,cus_mCNxvMpnDhtEkY,Matthias Meyer,matthias.meyer@postbox.example,,self_serve,network_consultant,network_consulting,CH,sub_14OkMxpLPAZpfatzSzw1lXOk
ch_3DWSxu6bmEsUiVHlejGuyoAM,2025-09-04 14:32:51,succeeded,2940.0,0.0,95.8,2844.2,card,,E7NR7KFI-0002,subscription_cycle,12_month,3,cus_G85Z4nBrYQLJtK,Steve Green,steve.green@greenfield-telecom.example,Greenfield Telecom LLC,self_serve,head_of_wireless,telecom,US,sub_1qtRCx8bncubhiMbMnQymsNr
py_3NzAaCEwDhQ2o7sdNRD3f7WP,2025-09-04 16:21:31,succeeded,1198.0,0.0,5.0,1193.0,bank_transfer,,XTAZR7Y7-0002,subscription_cycle,6_month,2,cus_dY3G25Ohb891Dj,Priya Williams,priya.williams@novabridge-wireless-engineering.example,Novabridge Wireless Engineering LLC,self_serve,head_of_wireless,network_consulting,US,sub_1PO7ebnlhDYGyuSv5t1zjsly
ch_3qFwbeGXjp6tAMypdToaUA11,2025-09-04 17:39:11,succeeded,980.0,0.0,14.95,965.05,card,,QEOCGAND-0001,subscription_create,12_month,1,cus_kS6OwUathPLhEU,Jeroen van Dijk,jeroen.vandijk@vertexworks-schools.example,Vertexworks Schools,self_serve,it_lead,education,NL,sub_1LJ8ROXGlQzjdWA9UlkudmhJ
ch_3eoloTnDiw8DRPY61B6ATQ9E,2025-09-04 17:44:14,succeeded,980.0,0.0,32.1,947.9,card,,E9322A8K-0001,subscription_create,12_month,1,cus_hjafFf5QsCJvAx,Anja Krüger,anja.kruger@clearpoint-technology-group.example,Clearpoint Technology Group AG,self_serve,head_of_wireless,it_services,CH,sub_1H03TBJrVdVWcGfWIJNcPfIT
ch_3TmLOjOwcr2Qjgtaxvt2swoG,2025-09-05 05:45:32,succeeded,599.0,0.0,19.72,579.28,card,,I6QXER0D-0001,subscription_create,6_month,1,cus_PbKFCSUwsESvq4,Tom Green,tom.green@lumencore-schools.example,Lumencore Schools LLC,self_serve,it_lead,education,US,sub_1IhGeXgPctHZrH2V0gXqMdWB
ch_3LwcdM06rXfyrIjPRv9JjiIU,2025-09-05 14:11:46,succeeded,599.0,0.0,19.72,579.28,card,,2965A9OA-0001,subscription_create,6_month,1,cus_LQ6VWKVezBmTZI,Brian Phillips,brian.phillips@blueline-partners.example,Blueline Partners,self_serve,it_lead,professional_services,US,sub_1z1VAu28WTWnBtMZdnQ5hzjS
ch_38J4NXJeVWp8jiHmpGEO6fgJ,2025-09-05 14:15:27,failed,599.0,0.0,,,card,card_declined,QY21J3XH-0003,subscription_cycle,6_month,1,cus_tvNI04OAjdJf8R,Alessandro Bruno,alessandro.bruno@bruno-network-services.example,Bruno Network Services,self_serve,network_consultant,network_consulting,IT,sub_11GHVcKEYC7dLYetDS9g2Pf1
ch_3hmYx0Zp0109767UakvVoLQB,2025-09-05 18:00:21,succeeded,1198.0,0.0,39.19,1158.81,card,,T1D9R000-0001,subscription_create,6_month,2,cus_7lTyugNfJIZqtZ,John Walker,john.walker@westview-technology-group.example,Westview Technology Group LLC,self_serve,head_of_wireless,it_services,US,sub_1IcMS4bwxtA567ND70LucdhP
ch_3BluJCIJDuewnUQj4wasb2g4,2025-09-06 11:35:16,succeeded,1960.0,0.0,29.65,1930.35,card,,MBWEELSE-0004,subscription_cycle,12_month,2,cus_37pd4RALOEu135,Andreas Zimmermann,andreas.zimmermann@clearfield-retail-group.example,Clearfield Retail Group GmbH,self_serve,it_lead,retail,DE,sub_1kEjKF4gVn8t1mvSDrQdcZTA
ch_3vhe40tJm8gGdBwtfsAo2sp4,2025-09-06 12:59:26,succeeded,1797.0,0.0,58.65,1738.35,card,,L8G0XB3B-0002,subscription_cycle,6_month,3,cus_WrMCNgiefJDo4G,Paul Nelson,paul.nelson@inbox.example,,self_serve,network_consultant,network_consulting,US,sub_1cvbj2n43EHtzVljsfy8UJuq
ch_3Z5VEMmZutWigRJue4O8EXQN,2025-09-06 17:22:26,succeeded,599.0,0.0,15.23,583.77,card,,J1FV10C8-0002,subscription_cycle,6_month,1,cus_7C6yx3IDN78yAT,Carlos Baker,carlos.baker@atlaswave-wi-fi-solutions.example,Atlaswave Wi-Fi Solutions Ltd,self_serve,network_consultant,network_consulting,GB,sub_1W01aErlILJPnminFxfiSOgv
ch_3mXGPA06OAbSb1SAShrpydd8,2025-09-07 08:45:59,failed,1960.0,0.0,,,card,expired_card,W3YCJR9T-0002,subscription_cycle,12_month,2,cus_Ea6PAkoL3EggM7,Carlos Lewis,carlos.lewis@lewis-network-services.example,Lewis Network Services,self_serve,network_consultant,network_consulting,US,sub_10M1q6xxTXsLgmBi45hjooEY
ch_3mQ2ePbi4pXI3gg92rGR3vWs,2025-09-08 09:21:33,failed,980.0,0.0,,,card,expired_card,9262OU8O-0003,subscription_cycle,12_month,1,cus_nWSwF1iCbw6NoM,James Nguyen,james.nguyen@blueport-it-solutions.example,Blueport IT Solutions LLC,self_serve,head_of_wireless,it_services,US,sub_1hp2u9z3kGHsIOqXE77o2B52
ch_3WwBBQHfMdK6XZ6k0AYF4dNC,2025-09-08 15:13:04,succeeded,599.0,0.0,9.23,589.77,card,,FSGS0C9Q-0001,subscription_create,6_month,1,cus_7WvnOJEnq4qrJT,Henrik Johansson,henrik.johansson@johansson-wireless-consulting.example,Johansson Wireless Consulting,self_serve,network_consultant,network_consulting,SE,sub_1GBFCJDnKf4Q95GxXK1vPGIP
ch_3qUPpB4rh3MV7HHzT7Ey3vWW,2025-09-08 15:36:27,failed,599.0,0.0,,,card,card_declined,QY21J3XH-0003,subscription_cycle,6_month,1,cus_tvNI04OAjdJf8R,Alessandro Bruno,alessandro.bruno@bruno-network-services.example,Bruno Network Services,self_serve,network_consultant,network_consulting,IT,sub_11GHVcKEYC7dLYetDS9g2Pf1
py_34qtxdxmwqQumz4cpM1fXywd,2025-09-08 18:27:31,succeeded,2940.0,0.0,5.0,2935.0,bank_transfer,,35F7TM8Q-0003,subscription_cycle,12_month,3,cus_OKA6ZFZQxXeDCJ,Anja Schulz,anja.schulz@apexlink-partners.example,Apexlink Partners AG,self_serve,it_lead,professional_services,CH,sub_13PIZpxNVdyaO7McqEqEqnLv
ch_3kDdxBilDdYnvWUUZirCOtK9,2025-09-10 06:14:09,succeeded,599.0,0.0,9.23,589.77,card,,KLNFEIJU-0002,subscription_cycle,6_month,1,cus_Y9FKTltz9ksRob,Bjørn Hansen,bjorn.hansen@polarpath-construction.example,Polarpath Construction AB,self_serve,it_lead,construction,SE,sub_1LgNIw5vANw2VZa3w7JPP1lt
ch_3hhUFus3SNtU11TFxlwoy70l,2025-09-10 11:57:35,failed,1960.0,0.0,,,card,expired_card,YS8BP40U-0002,subscription_cycle,12_month,2,cus_989WoWan9HELxp,Olivier Leroy,olivier.leroy@mailbox.example,,self_serve,network_consultant,network_consulting,FR,sub_1xuqQRurd3uTaLCeVqbGDlBP
ch_3Qjd314VFIVcPQrADoRktkql,2025-09-10 15:20:20,succeeded,1198.0,0.0,18.22,1179.78,card,,TCQDBAAH-0001,subscription_create,6_month,2,cus_KhzWMai1F7C1a8,Anders Sørensen,anders.sorensen@summitpoint-foods.example,Summitpoint Foods AB,self_serve,it_lead,food_beverage,SE,sub_16cxS1e341bHpvON1gAyvP3s
ch_3dKUOP2PaRIkW8O2G5KyEzx3,2025-09-11 09:54:33,succeeded,980.0,0.0,32.1,947.9,card,,9262OU8O-0003,subscription_cycle,12_month,1,cus_nWSwF1iCbw6NoM,James Nguyen,james.nguyen@blueport-it-solutions.example,Blueport IT Solutions LLC,self_serve,head_of_wireless,it_services,US,sub_1hp2u9z3kGHsIOqXE77o2B52
ch_3NzahwLJgWGBDarlFQyvKMeZ,2025-09-11 10:36:10,succeeded,599.0,0.0,9.23,589.77,card,,3LBU4UIM-0001,subscription_create,6_month,1,cus_dtxeZFDn09mylT,Emma Andersson,emma.andersson@pinegate-logistics.example,Pinegate Logistics AB,self_serve,it_lead,logistics,SE,sub_1zbcgu9K8qa6bL3MCQAo9Phi
ch_3w3DwVcSPTS4syjeNXi29Tcf,2025-09-11 12:36:24,succeeded,980.0,0.0,32.1,947.9,card,,64DS9WYU-0003,subscription_cycle,12_month,1,cus_JXCs2eoJFPlFzy,Olivia Jones,olivia.jones@mailbox.example,,self_serve,network_consultant,network_consulting,US,sub_1ntyHQF6LL4235BEX9pZSYwp
ch_32CCeupEPdZ2FmoYLoLiM76N,2025-09-11 13:00:39,succeeded,980.0,0.0,14.95,965.05,card,,SE8TX2IN-0002,subscription_cycle,12_month,1,cus_dD3WLSA0m32m1j,Katja Mäkelä,katja.makela@orbitline-networks.example,Orbitline Networks Oy,self_serve,network_consultant,network_consulting,FI,sub_1iws0Ilak87JPLoV1DwsNnsp
ch_3pCpwGzbZhcBPbCX8UmM44vV,2025-09-11 16:55:11,succeeded,980.0,0.0,32.1,947.9,card,,LD5TLRM4-0001,subscription_create,12_month,1,cus_yKbsOBpxxxOL04,Tom Brown,tom.brown@greenlink-media.example,Greenlink Media LLC,self_serve,it_lead,media,US,sub_1MyiU8eIKjMb6wen6E4qFSKv
ch_3TBp4wZ9Nb8mE2gdeX2FMlJo,2025-09-12 06:32:43,succeeded,980.0,0.0,32.1,947.9,card,,82WMT9YX-0002,subscription_cycle,12_month,1,cus_jSBLjoXZqNwj9k,John Young,john.young@auroralink-rf-consulting.example,Auroralink RF Consulting,self_serve,network_consultant,network_consulting,AU,sub_1UPAP9IVbrAPbgqpADeLj3Tr
ch_3thgWso9dm1QDr0o5OpR8nN6,2025-09-12 08:34:59,failed,1960.0,0.0,,,card,expired_card,W3YCJR9T-0002,subscription_cycle,12_month,2,cus_Ea6PAkoL3EggM7,Carlos Lewis,carlos.lewis@lewis-network-services.example,Lewis Network Services,self_serve,network_consultant,network_consulting,US,sub_10M1q6xxTXsLgmBi45hjooEY
ch_3qCOfEKwFNE1UpxTb2Qn36lB,2025-09-12 09:13:57,succeeded,980.0,0.0,14.95,965.05,card,,PE9JCG7B-0001,subscription_create,12_month,1,cus_erflUSj6IrlTB8,Daniel Schulz,daniel.schulz@balticlink-wireless-engineering.example,Balticlink Wireless Engineering GmbH,self_serve,head_of_wireless,network_consulting,DE,sub_1zBtOcYkgkE1ZVbdu8K7g04U
ch_3HRZ6h6lrd7xBkItQVX495Ch,2025-09-12 10:55:54,succeeded,599.0,0.0,9.23,589.77,card,,LZT6HEOS-0001,subscription_create,6_month,1,cus_0t1X4jyZOw0Wlv,Alejandro Díaz,alejandro.diaz@westfield-wi-fi-solutions.example,Westfield Wi-Fi Solutions S.L.,self_serve,network_consultant,network_consulting,ES,sub_10K6p9v36WgJzhvfezJTv9Pv
ch_3zoPTB0nummCL48zlkZdP9nT,2025-09-13 12:05:35,succeeded,1960.0,0.0,29.65,1930.35,card,,YS8BP40U-0002,subscription_cycle,12_month,2,cus_989WoWan9HELxp,Olivier Leroy,olivier.leroy@mailbox.example,,self_serve,network_consultant,network_consulting,FR,sub_1xuqQRurd3uTaLCeVqbGDlBP
ch_3binOKnI0Sbg3aOURfQeYeYi,2025-09-13 13:22:06,succeeded,980.0,0.0,24.75,955.25,card,,U903I8SR-0003,subscription_cycle,12_month,1,cus_stSef8y4IGDTQR,John Green,john.green@postbox.example,,self_serve,network_consultant,network_consulting,GB,sub_1A8OqIJoYNl8Wk5l6g9azT6L
ch_3V8G6G8lCsaGyB8sAwSIVQqo,2025-09-13 15:38:27,failed,599.0,0.0,,,card,card_declined,QY21J3XH-0003,subscription_cycle,6_month,1,cus_tvNI04OAjdJf8R,Alessandro Bruno,alessandro.bruno@bruno-network-services.example,Bruno Network Services,self_serve,network_consultant,network_consulting,IT,sub_11GHVcKEYC7dLYetDS9g2Pf1
ch_3QTjTGR9PM2GdHmLvhSKgzm7,2025-09-14 08:51:10,succeeded,599.0,599.0,5.14,593.86,sepa_debit,,G0C25HBI-0001,subscription_create,6_month,1,cus_YCjr1WvvvEF8bs,Lars Madsen,lars.madsen@madsen-wireless-consulting.example,Madsen Wireless Consulting ApS,self_serve,network_consultant,network_consulting,DK,sub_1qcPHxbFZM3dVQ0tUWKGRj6r
ch_3WqQnj6wObGZHHKBpTvdOVdh,2025-09-14 09:35:41,succeeded,599.0,0.0,5.14,593.86,sepa_debit,,VIQFY4H6-0002,subscription_cycle,6_month,1,cus_FkLdUFihWJJ7nb,Rasmus Berg,rasmus.berg@brightfield-managed-services.example,Brightfield Managed Services AB,self_serve,head_of_wireless,it_services,SE,sub_1GwfgQrmC9CIumhvQIWgpdWU
ch_3BXgrPNinXlMxtX2KpkHxBnb,2025-09-15 09:54:46,succeeded,980.0,0.0,32.1,947.9,card,,BUG6J0LI-0005,subscription_cycle,12_month,1,cus_j7oS8UcPmuAPRk,Matt Martin,matt.martin@atlasview-rf-consulting.example,Atlasview RF Consulting LLC,self_serve,network_consultant,network_consulting,US,sub_185C5LckEvZziVI40olo8p6y
ch_3eutT6MyVdT2SUAZ3zPqtrvR,2025-09-15 10:14:15,succeeded,980.0,0.0,6.35,973.65,sepa_debit,,0FDXWMTP-0001,subscription_create,12_month,1,cus_WhNFPWE5HpEufj,Laura Moreno,laura.moreno@postbox.example,,self_serve,network_consultant,network_consulting,ES,sub_1jtsJvqxfUWTBI8Ux6e73ViS
ch_31IErBNMgGNaIRREOWQrQKVk,2025-09-15 23:35:57,succeeded,980.0,0.0,14.95,965.05,card,,VN0ATPH0-0001,subscription_create,12_month,1,cus_T8LyFL3asZUNoQ,Maxime Fontaine,maxime.fontaine@beaconview-rf-consulting.example,Beaconview RF Consulting,self_serve,network_consultant,network_consulting,FR,sub_14X2dzOvo8UW9fCewm4piHbz
ch_3JoI8B6AwjbGAHBym1alsxVx,2025-09-17 08:43:50,succeeded,599.0,0.0,9.23,589.77,card,,AZXEH4ES-0001,subscription_create,6_month,1,cus_nqyR5wtBuuwdxk,Mikkel Pedersen,mikkel.pedersen@westpath-it-solutions.example,Westpath IT Solutions,self_serve,head_of_wireless,it_services,DK,sub_1c7cp9lf6SpEimJ984oVfW5F
ch_3esu61Uv95iasDLNTreJRAdw,2025-09-17 12:48:27,failed,2940.0,0.0,,,card,expired_card,I9POGZK6-0002,subscription_cycle,12_month,3,cus_LvKaa7bFOikgHr,John Carter,john.carter@blueview-it-solutions.example,Blueview IT Solutions,self_serve,head_of_wireless,it_services,US,sub_1NCdG9m1cBRZGiANM3iboY1R
ch_3eh2qG5IFLmISyuRPFbNGiyX,2025-09-17 16:10:59,succeeded,980.0,0.0,32.1,947.9,card,,DKXKOUKZ-0001,subscription_create,12_month,1,cus_ilg03QzIhGOfhs,Ahmed Hall,ahmed.hall@granitestream-communications.example,Granitestream Communications,self_serve,head_of_wireless,telecom,US,sub_1YZKxGuXWzoVZCXRc0w5thAk
ch_31TXSpNkaxk0ffhyYkWy682x,2025-09-17 16:33:27,succeeded,599.0,0.0,9.23,589.77,card,,SQS48V91-0002,subscription_cycle,6_month,1,cus_k2QvlZFMdjPEHu,Juho Järvinen,juho.jarvinen@jarvinen-network-services.example,Järvinen Network Services Oy,self_serve,network_consultant,network_consulting,FI,sub_1uH33tXz35oOJsmFerXq9Awm
ch_3mknGCculfIYa7rFxxfKvN8B,2025-09-19 11:50:03,succeeded,980.0,0.0,6.35,973.65,sepa_debit,,P3R4Q4S8-0001,subscription_create,12_month,1,cus_tQ5EwmJ2VpkUkQ,Thomas Lambert,thomas.lambert@blueport-hotels.example,Blueport Hotels,self_serve,it_lead,hospitality,FR,sub_1e6LFrEcMrA7vGSJkzzQaH2d
ch_36YFAWDN0mq9x1AxHHpoQOHo,2025-09-19 12:46:40,succeeded,980.0,0.0,32.1,947.9,card,,X8J51B2K-0001,subscription_create,12_month,1,cus_w8fBblHHuzwQkQ,Matt Parker,matt.parker@crestgate-systems-integration.example,Crestgate Systems Integration LLC,self_serve,head_of_wireless,it_services,US,sub_1iJUGFZJUDKHSYnSrFQvqhQd
ch_3kJSWyyM0lsbKDRn3FiCBZ65,2025-09-19 12:55:45,succeeded,980.0,0.0,32.1,947.9,card,,G9W305TU-0001,subscription_create,12_month,1,cus_ilPcR6u7za1xli,Josh Campbell,josh.campbell@granitecore-it-solutions.example,Granitecore IT Solutions LLC,self_serve,head_of_wireless,it_services,US,sub_161ivvXocRXoREJjfdC1lyrh
ch_3sUWwThNXmlATd7Mc14QZVwr,2025-09-19 18:31:30,succeeded,1960.0,0.0,29.65,1930.35,card,,RK680KRX-0003,subscription_cycle,12_month,2,cus_VoJ0ZXk4r94yrR,Jeroen Vos,jeroen.vos@nordicpoint-warehousing.example,Nordicpoint Warehousing BV,self_serve,it_lead,logistics,BE,sub_17Kwn9gl4euxLZcJFeoGi6HI
ch_3QKBlh3yuRSlu34laUcmfi3e,2025-09-20 05:29:39,succeeded,1960.0,0.0,6.35,1953.65,sepa_debit,,OS25I73U-0002,subscription_cycle,12_month,2,cus_871CCpPQntBiEr,Juho Lahtinen,juho.lahtinen@lumenlink-technology-group.example,Lumenlink Technology Group Oy,self_serve,head_of_wireless,it_services,FI,sub_1DCEM3KiitkEAheFzLrihGBK
ch_3dyAF8fvIkVd1XijX3q8ZgmI,2025-09-20 13:22:27,failed,2940.0,0.0,,,card,expired_card,I9POGZK6-0002,subscription_cycle,12_month,3,cus_LvKaa7bFOikgHr,John Carter,john.carter@blueview-it-solutions.example,Blueview IT Solutions,self_serve,head_of_wireless,it_services,US,sub_1NCdG9m1cBRZGiANM3iboY1R
ch_3EfNfk6m09ge6xzozCNFjIbB,2025-09-20 19:17:57,succeeded,980.0,0.0,14.95,965.05,card,,51YWC60A-0002,subscription_cycle,12_month,1,cus_ekoJ3votM0Nd30,Antoine Dubois,antoine.dubois@brightport-clinics.example,Brightport Clinics,self_serve,it_lead,healthcare,FR,sub_1wqWLtWfLTyEp2AGWC3WCwPK
ch_3ffNC9gvTC9a3feG7GuBF1T7,2025-09-21 12:25:38,succeeded,599.0,0.0,9.23,589.77,card,,BJNF6QUD-0002,subscription_cycle,6_month,1,cus_cEJqXKcTGQQivR,Dirk Klein,dirk.klein@apexpath-warehousing.example,Apexpath Warehousing GmbH,self_serve,it_lead,logistics,AT,sub_1wq4JbdSe7etaFoYT8VbVoOC
ch_3XwyJVjUGBSWR80FZ2NhGouy,2025-09-21 14:02:22,succeeded,599.0,0.0,19.72,579.28,card,,E8M46DKQ-0001,subscription_create,6_month,1,cus_rjBjiWMtCz70o1,Sarah Edwards,sarah.edwards@alpinewave-logistics.example,Alpinewave Logistics LLC,self_serve,it_lead,logistics,US,sub_1NXn9bexAgnzyOtFBYAN5e2m
ch_3lZOSjekb8RKWWWvvfXMmfUC,2025-09-21 15:40:22,succeeded,1797.0,0.0,58.65,1738.35,card,,CU7J3KAO-0004,subscription_cycle,6_month,3,cus_ChUdVmD3Id1SRi,Nicole Baker,nicole.baker@novaline-retail-group.example,Novaline Retail Group,self_serve,it_lead,retail,US,sub_1SgFtb5yfaUGZPsrtqM5oGRI
py_3yiWoGy0Yqm1wMm3yRWJNg8q,2025-09-21 21:42:45,succeeded,1198.0,0.0,5.0,1193.0,bank_transfer,,4YIIMK3D-0001,subscription_create,6_month,2,cus_NVxru6Li1T15vP,Laura Walker,laura.walker@blueline-communications.example,Blueline Communications LLC,self_serve,head_of_wireless,telecom,US,sub_1L1isuW7rOsGBVD4XZC2GrhX
ch_3c49FYsHZkh4ehnvaKvjODtE,2025-09-22 12:45:54,succeeded,980.0,0.0,32.1,947.9,card,,NO42J59H-0002,subscription_cycle,12_month,1,cus_a0jSZS4ihHWITF,Robert Jackson,robert.jackson@apexlink-schools.example,Apexlink Schools Pty Ltd,self_serve,it_lead,education,AU,sub_1zzM8wduccbYUaUrdlusf9f3
ch_3aLAzmcAjdxolpQOLyEZFlby,2025-09-22 13:38:39,succeeded,980.0,0.0,32.1,947.9,card,,Q80Y8RBI-0003,subscription_cycle,12_month,1,cus_loVKhdnVuTrGGx,Brian Davis,brian.davis@mailbox.example,,self_serve,network_consultant,network_consulting,US,sub_16KZk4erBPut6fBcOIwAfhHK
ch_3Q2pvIBtJePZFMDUGPNZ7rF2,2025-09-22 14:51:25,succeeded,1198.0,0.0,39.19,1158.81,card,,NDGW2ZTE-0004,subscription_cycle,6_month,2,cus_o3s9j1UHQy285e,Ahmed Miller,ahmed.miller@signalport-wireless-engineering.example,Signalport Wireless Engineering LLC,self_serve,head_of_wireless,network_consulting,US,sub_1WvAX6sBOOg31zbMcaBQplt3
ch_35zhgtiMV29u5m3jpa762iS2,2025-09-23 04:15:39,succeeded,1198.0,0.0,18.22,1179.78,card,,73GDJFP3-0001,subscription_create,6_month,2,cus_035bUKA134uTch,Daan de Jong,daan.dejong@polarworks-communications.example,Polarworks Communications B.V.,self_serve,head_of_wireless,telecom,NL,sub_1koj0YOzdVlsL6ny8ZFP4N59
ch_3LZjs7VnKnPI05fZmWXhTVQj,2025-09-23 14:10:32,succeeded,2940.0,0.0,44.35,2895.65,card,,SC3JCP0H-0006,subscription_cycle,12_month,3,cus_TiK9D6OAmKewae,Alessandro Gallo,alessandro.gallo@cedargate-warehousing.example,Cedargate Warehousing S.r.l.,self_serve,it_lead,logistics,IT,sub_1wuDtZG0HNrRMzqjYvmIUIod
ch_3ITxwLbjSasSGzHH3l5QHAC2,2025-09-23 16:14:45,succeeded,980.0,0.0,32.1,947.9,card,,MKYQHVDK-0002,subscription_cycle,12_month,1,cus_LFo8kMqVAkzJZc,Chris Anderson,chris.anderson@atlasworks-managed-services.example,Atlasworks Managed Services,self_serve,head_of_wireless,it_services,US,sub_1stT84ctjuFeLzwFE7JifHdo
ch_3mvq77GiuqiMRXxV93PIFpDC,2025-09-24 08:05:22,succeeded,980.0,0.0,24.75,955.25,card,,AAY29F98-0001,subscription_create,12_month,1,cus_vqS7C9547MNnVI,Mark Phillips,mark.phillips@deltapoint-wireless-engineering.example,Deltapoint Wireless Engineering Ltd,self_serve,head_of_wireless,network_consulting,GB,sub_19wxhv9szaskrNZ6CRVsVTZJ
ch_3kzhWDr6Udcarj7AMd6pSxg4,2025-09-24 16:29:48,succeeded,1960.0,0.0,29.65,1930.35,card,,JX4XVFF8-0001,subscription_create,12_month,2,cus_9PYDRazbrqXSL2,Sami Niemi,sami.niemi@niemi-wireless-consulting.example,Niemi Wireless Consulting Oy,self_serve,network_consultant,network_consulting,FI,sub_1mDC3TwPQJW4h0r8fZcifovr
ch_3wyUcFMNiniiFk6rg8x1GQCQ,2025-09-25 11:35:55,failed,980.0,0.0,,,card,expired_card,FVUKF5QH-0003,subscription_cycle,12_month,1,cus_rl0VRZGyMYjJ7a,Michael Schulz,michael.schulz@greenfield-logistics.example,Greenfield Logistics,self_serve,it_lead,logistics,DE,sub_17fKEnOPDs52IA2TuSwgXNrE
ch_3cC1HPER5lS5CMnFsmLli1Dw,2025-09-25 13:48:27,failed,2940.0,0.0,,,card,expired_card,I9POGZK6-0002,subscription_cycle,12_month,3,cus_LvKaa7bFOikgHr,John Carter,john.carter@blueview-it-solutions.example,Blueview IT Solutions,self_serve,head_of_wireless,it_services,US,sub_1NCdG9m1cBRZGiANM3iboY1R
ch_3q7bK6t8CNyUfqFHuuosFUhv,2025-09-25 14:03:06,succeeded,980.0,0.0,24.75,955.25,card,,YZWJ3BE0-0003,subscription_cycle,12_month,1,cus_8abpEKoMKKbQg1,Kevin Scott,kevin.scott@mailbox.example,,self_serve,network_consultant,network_consulting,GB,sub_1E87gTvHAEy9gO2U6WEPVamH
py_3uleP64MJwR5PMYwEqJ7XrAC,2025-09-26 12:41:50,succeeded,1960.0,0.0,5.0,1955.0,bank_transfer,,GLT6AESZ-0001,subscription_create,12_month,2,cus_0Mrnuq0zOGdOm8,Raj Jones,raj.jones@harborport-technology-group.example,Harborport Technology Group LLC,self_serve,head_of_wireless,it_services,US,sub_1lfAZuMN5qmsvzkpjTedbCk0
ch_3RbGSSlhJnq6BcqLIuBV5c3Q,2025-09-26 14:52:15,succeeded,980.0,0.0,32.1,947.9,card,,5VMH3FDF-0002,subscription_cycle,12_month,1,cus_MBGffLzYn5a6ws,Tom Thomas,tom.thomas@deltagate-wireless-engineering.example,Deltagate Wireless Engineering LLC,self_serve,head_of_wireless,network_consulting,US,sub_1BkBcNrcqnKKKeTaYw691Mnc
ch_3GwwdjEwsKN0lbRW6YjAIBBv,2025-09-27 16:19:32,succeeded,980.0,0.0,6.35,973.65,sepa_debit,,0FN9Z83Z-0003,subscription_cycle,12_month,1,cus_IpN5tpUldFEXGJ,Sara Eriksson,sara.eriksson@polargate-wireless.example,Polargate Wireless AB,self_serve,network_consultant,network_consulting,SE,sub_1Xw40MWXYkYIMuHW6nhHw3wG
ch_34tn3QkNCf64BRkRWxbwDjpC,2025-09-28 10:00:41,succeeded,599.0,0.0,15.23,583.77,card,,GE8F63Y1-0002,subscription_cycle,6_month,1,cus_NzLX2hCO09IAck,Brian Roberts,brian.roberts@ironbridge-networks.example,Ironbridge Networks,self_serve,network_consultant,network_consulting,GB,sub_1F0fnUZjjyWW32LOvhV6PYU4
ch_36Yfa0ATbHawWJXaBLfrIXpd,2025-09-28 12:51:55,succeeded,980.0,0.0,14.95,965.05,card,,FVUKF5QH-0003,subscription_cycle,12_month,1,cus_rl0VRZGyMYjJ7a,Michael Schulz,michael.schulz@greenfield-logistics.example,Greenfield Logistics,self_serve,it_lead,logistics,DE,sub_17fKEnOPDs52IA2TuSwgXNrE
ch_3lrZZYBqb6Bo4zC8ePwnn0bV,2025-09-28 15:31:11,succeeded,980.0,0.0,14.95,965.05,card,,SZLRPDB5-0001,subscription_create,12_month,1,cus_ZT6cEAKb5rtL6d,Florian Meyer,florian.meyer@mailbox.example,,self_serve,network_consultant,network_consulting,DE,sub_1Qrjdjk20hK8M7CoW4EHGTSG
ch_3sKThLHaRyCrmXbExVqcU2R6,2025-09-28 16:01:15,succeeded,980.0,0.0,32.1,947.9,card,,65A3A4L0-0001,subscription_create,12_month,1,cus_mNIaUh01fVfXvl,Tom Lee,tom.lee@lee-network-services.example,Lee Network Services LLC,self_serve,network_consultant,network_consulting,US,sub_19prxPo7ObS36v1nKG77XOqD
ch_3mXqyvXU5sZu6hYmotxMsoEW,2025-09-30 09:09:58,succeeded,980.0,0.0,24.75,955.25,card,,2NG2970N-0001,subscription_create,12_month,1,cus_Wxb0kzRlaWtZKV,Megan Evans,megan.evans@orbitgate-wireless-engineering.example,Orbitgate Wireless Engineering Ltd,self_serve,head_of_wireless,network_consulting,GB,sub_1ecfYt3a5ISGJswIJmWVGJjR
ch_3h8FMBBJDcqJj553dOnw8vAP,2025-09-30 13:08:10,succeeded,980.0,0.0,14.95,965.05,card,,NNDSI4IE-0001,subscription_create,12_month,1,cus_r7AiqnTbG6c8vH,María Ruiz,maria.ruiz@pinepeak-hotels.example,Pinepeak Hotels S.L.,self_serve,it_lead,hospitality,ES,sub_1mut6mocdkNq90vHaiSlv6CL
ch_3726sYU6RJdVjJ9CBzFhn7qj,2025-09-30 13:22:20,succeeded,1198.0,0.0,30.2,1167.8,card,,GENX8WEN-0002,subscription_cycle,6_month,2,cus_Ka5422RKMin3NL,Laura Hall,laura.hall@brightpoint-retail-group.example,Brightpoint Retail Group,self_serve,it_lead,retail,GB,sub_11YKVBT0VOljjJqhybbtGhSb
ch_3RgxEQ6kRTB07ULFmoSg0f4p,2025-10-01 10:45:50,succeeded,980.0,0.0,32.1,947.9,card,,90DC8H7K-0001,subscription_create,12_month,1,cus_oCfJq0SuR1HR7E,Laura Williams,laura.williams@postbox.example,,self_serve,network_consultant,network_consulting,US,sub_1ptApvI3XaQxOWujAYTJYJaQ
ch_3e9MgvX6ya9tNKEWeN6atuFA,2025-10-01 11:56:18,succeeded,980.0,0.0,14.95,965.05,card,,8JCC0LIY-0001,subscription_create,12_month,1,cus_fnvrvE4GpiZgG3,Elena Gómez,elena.gomez@mapleline-networks.example,Mapleline Networks,self_serve,network_consultant,network_consulting,ES,sub_1KJcsfEC261Ah0tvwl4ssci2
ch_3iKyB6HrgLuCb2M1zAbueVcs,2025-10-04 08:18:32,succeeded,980.0,0.0,6.35,973.65,sepa_debit,,ZJLQ4L0E-0002,subscription_cycle,12_month,1,cus_0xTSS8OZNrXQhH,Mikkel Sørensen,mikkel.sorensen@lumencore-partners.example,Lumencore Partners ApS,self_serve,it_lead,professional_services,DK,sub_1CyQrkw6sJauId8FOqda6iWe
ch_36sB5ZhPq7e9t6Rxw9be7Mbb,2025-10-04 17:55:59,succeeded,980.0,0.0,14.95,965.05,card,,HJD4C444-0002,subscription_cycle,12_month,1,cus_0HaEZOsBWolg1u,Andreas Schröder,andreas.schroder@schroder-network-services.example,Schröder Network Services GmbH,self_serve,network_consultant,network_consulting,DE,sub_1VgjwYQJ4OBwAkbu0wsBY1Zr
py_3KaZwoCCpdrECyCjJcT4Td2x,2025-10-04 20:51:34,succeeded,1960.0,0.0,5.0,1955.0,bank_transfer,,967AHV85-0003,subscription_cycle,12_month,2,cus_hxrvJuk09mN5SH,Wouter Hendriks,wouter.hendriks@beaconmark-foods.example,Beaconmark Foods BV,self_serve,it_lead,food_beverage,BE,sub_1RVMRcyoaRICCd3uo0aD8qFR
py_3fk4uRcZ6OQb6ufGukZaWR2n,2025-10-05 14:35:31,succeeded,1960.0,0.0,5.0,1955.0,bank_transfer,,JKJ2M0PF-0001,subscription_create,12_month,2,cus_iQMyeN83C4fU2h,Mikkel Pedersen,mikkel.pedersen@stonelink-managed-services.example,Stonelink Managed Services AS,self_serve,head_of_wireless,it_services,NO,sub_1gUIMaV3tkCK7awVCDwYrKDI
ch_3GnMoYYQDaOJQhS7q7Ggur95,2025-10-07 15:25:39,succeeded,980.0,0.0,6.35,973.65,sepa_debit,,AQCGNTG6-0002,subscription_cycle,12_month,1,cus_2oO5V7kf9iygN8,Robert Green,robert.green@pinepoint-retail-group.example,Pinepoint Retail Group Ltd,self_serve,it_lead,retail,IE,sub_1IDjrAnP3mt6pg9lQ9KXSOUn
py_32XdPLNZGtOK9B0xRx52L7Xf,2025-10-07 17:05:14,succeeded,1960.0,0.0,5.0,1955.0,bank_transfer,,8YXD3U58-0002,subscription_cycle,12_month,2,cus_cxDqEfp60BnAwA,Josh Young,josh.young@beaconcore-systems-integration.example,Beaconcore Systems Integration Pty Ltd,self_serve,head_of_wireless,it_services,AU,sub_1YZIrBjiZtMBcvrSVviqh3uP
ch_32HMmeQKOx5lWpy2wMCZ8W0c,2025-10-08 06:13:00,succeeded,599.0,0.0,15.23,583.77,card,,DWYHKGLI-0001,subscription_create,6_month,1,cus_cvOWxMDfMfBEX4,Daniel Anderson,daniel.anderson@clearpeak-partners.example,Clearpeak Partners Ltd,self_serve,it_lead,professional_services,GB,sub_1jS5WiZOxLQKQLliscfAcSxk
ch_3cHc2cfMi02AFPUeED57lmRI,2025-10-08 09:52:04,succeeded,980.0,0.0,32.1,947.9,card,,F4V5BGK8-0001,subscription_create,12_month,1,cus_TvP3J53bTsRrq7,Olivia Thomas,olivia.thomas@crestcore-networks.example,Crestcore Networks,self_serve,network_consultant,network_consulting,US,sub_18B4UYIzYU6u6PL4CeOuyWD3
ch_3NFI57fUnYjw1m9WJwP99IeV,2025-10-09 10:26:37,succeeded,2940.0,0.0,95.8,2844.2,card,,HYPFPU2V-0003,subscription_cycle,12_month,3,cus_OOcyhQJgvoPk0o,Florian Meyer,florian.meyer@graniteport-hotels.example,Graniteport Hotels AG,self_serve,it_lead,hospitality,CH,sub_1Cbs4asB6MaliZ1XJHzPwkYP
ch_3DEd64NPtX87FqvhbmumQjou,2025-10-09 14:25:35,succeeded,980.0,0.0,14.95,965.05,card,,2Q8DMAT9-0003,subscription_cycle,12_month,1,cus_xVbUOLiRyyq5gd,Matteo Rossi,matteo.rossi@nordicline-partners.example,Nordicline Partners S.r.l.,self_serve,it_lead,professional_services,IT,sub_1xImFaKG9LPos9UIFr3hc9sf
ch_35jN0yicA8GtH6Nwn8eEf1iq,2025-10-09 15:35:32,succeeded,980.0,0.0,32.1,947.9,card,,TW02NK9B-0003,subscription_cycle,12_month,1,cus_jJwzSEmMMRj2SM,Robert Moore,robert.moore@moore-network-services.example,Moore Network Services LLC,self_serve,network_consultant,network_consulting,US,sub_1IPQF9nbbF4R2qFweYcjScBW
ch_3LZPLRkOQDCwNMnw31vNRSgY,2025-10-09 21:30:14,succeeded,599.0,0.0,19.72,579.28,card,,2EWFG9RJ-0001,subscription_create,6_month,1,cus_29VqwdrWP6N8US,Matt Martin,matt.martin@orbitpeak-rf-consulting.example,Orbitpeak RF Consulting,self_serve,network_consultant,network_consulting,US,sub_1MWox5FzJOTnJJw9ehIWHUsw
ch_32p3VwS9BbSL2z45eBzyEfot,2025-10-10 07:42:29,succeeded,980.0,0.0,14.95,965.05,card,,2Z43QVSJ-0002,subscription_cycle,12_month,1,cus_vIJmsgTOllLg9w,Thomas Klein,thomas.klein@alpinewave-wireless-engineering.example,Alpinewave Wireless Engineering,self_serve,head_of_wireless,network_consulting,AT,sub_19dH7lf7sAD1fXI5JpC7Olbt
ch_3xWLP7szpTp7AJKdNJA76c6Y,2025-10-10 09:03:43,succeeded,980.0,0.0,32.1,947.9,card,,VSW9NAP0-0004,subscription_cycle,12_month,1,cus_q0zTLK54XjQKYf,Kate Lewis,kate.lewis@lewis-wireless-consulting.example,Lewis Wireless Consulting,self_serve,network_consultant,network_consulting,US,sub_1VTjhuWwdB5f5cgvcJcEMT6F
ch_3Fo3qjvNDd9fvCAesBkvd5Ke,2025-10-10 10:13:51,failed,980.0,0.0,,,card,card_declined,XX9Y4J6R-0003,subscription_cycle,12_month,1,cus_f5PDGgxg3w5UuI,Andrew Clark,andrew.clark@mailbox.example,,self_serve,network_consultant,network_consulting,US,sub_1mNI2dnmPKrcnPnpMvVqsq7O
ch_3OCFQDwYkl7GS8Ewc8HVmIo4,2025-10-11 15:49:33,succeeded,1960.0,0.0,63.95,1896.05,card,,EQFRGUMU-0002,subscription_cycle,12_month,2,cus_hFdqfEKZKoTqxe,Carlos Anderson,carlos.anderson@northmark-networks.example,Northmark Networks,self_serve,network_consultant,network_consulting,US,sub_1b7PA9Z3a052iYm6ys1kwoU4
ch_3khXZwjrwbbL4FsXax0J5tSh,2025-10-12 05:45:06,succeeded,599.0,0.0,19.72,579.28,card,,ZYSZF6LM-0002,subscription_cycle,6_month,1,cus_e0muDSvnbxHtnk,James Walker,james.walker@postbox.example,,self_serve,network_consultant,network_consulting,US,sub_133tTorjYNQpYxxH8zwz9Oj3
ch_3Vp4ZT16EuZdn7kSojj73eUL,2025-10-12 11:29:57,succeeded,1797.0,0.0,45.17,1751.83,card,,RT2T4KAU-0002,subscription_cycle,6_month,3,cus_jtzWvkzgU3oA0z,Ben Lee,ben.lee@silvermark-properties.example,Silvermark Properties Ltd,self_serve,it_lead,real_estate,GB,sub_1SLm2nr1xVa54zvZZqvmZAEZ
ch_3JWzVdSSiiD25uIqFBPCH4t1,2025-10-13 06:22:33,succeeded,980.0,0.0,32.1,947.9,card,,3BC22WRT-0002,subscription_cycle,12_month,1,cus_PO3XvfhQ1CNiIi,Paul Nelson,paul.nelson@granitelink-networks.example,Granitelink Networks LLC,self_serve,network_consultant,network_consulting,US,sub_1Xae7EuIfENc8BofoChb4HFW
ch_3hImsIzzTanlm1OnJbnXF1sE,2025-10-13 11:26:51,failed,980.0,0.0,,,card,card_declined,XX9Y4J6R-0003,subscription_cycle,12_month,1,cus_f5PDGgxg3w5UuI,Andrew Clark,andrew.clark@mailbox.example,,self_serve,network_consultant,network_consulting,US,sub_1mNI2dnmPKrcnPnpMvVqsq7O
ch_3GgdsUORO2dRRgBo4arSrrHp,2025-10-13 13:58:59,succeeded,980.0,0.0,32.1,947.9,card,,89H03V9E-0003,subscription_cycle,12_month,1,cus_RLS6ComrpQ9F7k,Raj Kim,raj.kim@kim-wireless-consulting.example,Kim Wireless Consulting,self_serve,network_consultant,network_consulting,US,sub_1WB07dNe6ZY7dU0SE25s9DHo
ch_3YyeydHLAG2HJLFELwClwp6Z,2025-10-13 15:24:31,succeeded,599.0,0.0,9.23,589.77,card,,AISX48EZ-0001,subscription_create,6_month,1,cus_LXnKthx0zVTEUp,Lena Krüger,lena.kruger@nordicbridge-foods.example,Nordicbridge Foods GmbH,self_serve,it_lead,food_beverage,DE,sub_1SNcOEIw24jS3ab5U7uM2DE2
ch_3zcaM9xZuTlsPz9cKbNAVMBV,2025-10-14 09:01:44,succeeded,2940.0,0.0,95.8,2844.2,card,,TM2KSJ3Q-0004,subscription_cycle,12_month,3,cus_t09G1juyNdvo9B,Ryan Carter,ryan.carter@silverfield-wireless-engineering.example,Silverfield Wireless Engineering LLC,self_serve,head_of_wireless,network_consulting,US,sub_1pMgBSlpY76bc2F0gh4nzijP
ch_3mXHsuugvGXjwJGF04AbqHLn,2025-10-14 11:11:10,succeeded,599.0,0.0,9.23,589.77,card,,87GDNGQ1-0005,subscription_cycle,6_month,1,cus_n1IgkoIycNIzus,Sébastien Martin,sebastien.martin@vertexstream-wireless.example,Vertexstream Wireless,self_serve,network_consultant,network_consulting,FR,sub_1CUO8A5lICe5kDZ8fdcTsgoi
ch_3HdtNIPnRnmyPbKjebLPdwmZ,2025-10-14 12:42:10,succeeded,980.0,0.0,14.95,965.05,card,,9B6D34RM-0001,subscription_create,12_month,1,cus_Z6GsYheSb7SFoN,Thomas Roux,thomas.roux@silvercore-networks.example,Silvercore Networks,self_serve,network_consultant,network_consulting,FR,sub_1NYQjEnP6xFbZ3Poqu4HEFgP
ch_31q9CnexudY0TKIrr9bTmw9r,2025-10-14 13:05:10,succeeded,2940.0,0.0,6.35,2933.65,sepa_debit,,2EOLM6UW-0001,subscription_create,12_month,3,cus_tNiL2u5T76zsTm,Miguel García,miguel.garcia@aurorawave-communications.example,Aurorawave Communications S.L.,self_serve,head_of_wireless,telecom,ES,sub_1DXqJvfll7Hg5xvSJkf0WBKk
ch_3WaefWeB1W5rhiWey2mxhoQX,2025-10-16 08:00:43,succeeded,980.0,0.0,32.1,947.9,card,,HSHV605T-0001,subscription_create,12_month,1,cus_Ub3u9POMQ5NC4u,James Lee,james.lee@lee-wireless-consulting.example,Lee Wireless Consulting,self_serve,network_consultant,network_consulting,CA,sub_115BOLxQ4mrEUc6Fml5e2TSl
ch_3LyYewrSXnuGC5Oo4nlt8dD9,2025-10-16 13:16:28,succeeded,980.0,0.0,14.95,965.05,card,,Y29L452U-0001,subscription_create,12_month,1,cus_UoperDA2DWvBr4,Camille Martin,camille.martin@martin-network-services.example,Martin Network Services SAS,self_serve,network_consultant,network_consulting,FR,sub_1fBi6R9KeL72hDwXxZ5Gi482
ch_32RBHI29vCyvXkBaFsW3fvCq,2025-10-16 14:36:26,succeeded,980.0,0.0,32.1,947.9,card,,GH7B64GE-0002,subscription_cycle,12_month,1,cus_2yxwUvSH1jrGHS,Jessica Williams,jessica.williams@polarworks-wi-fi-solutions.example,Polarworks Wi-Fi Solutions Inc.,self_serve,network_consultant,network_consulting,CA,sub_1lXVty5Bmrn2R0SVuEgd8btn
ch_390gAPLXKtXpbm0exfLtmKhP,2025-10-16 20:19:34,succeeded,980.0,0.0,14.95,965.05,card,,AOAOJIMZ-0001,subscription_create,12_month,1,cus_CDiPkZKAs0Vwie,Nicolas Moreau,nicolas.moreau@novacore-communications.example,Novacore Communications SAS,self_serve,head_of_wireless,telecom,FR,sub_10UXKhOsTpQEj557YyPlBT9b
py_340QG3WzRUiLWQYjMFyZWJnV,2025-10-16 21:04:45,succeeded,4900.0,0.0,5.0,4895.0,bank_transfer,,ZBHEXBFD-0001,subscription_create,12_month,5,cus_JW92xQIvjoxiny,Lauri Heikkinen,lauri.heikkinen@mapleview-wireless-engineering.example,Mapleview Wireless Engineering,self_serve,head_of_wireless,network_consulting,FI,sub_1MoD5fdra5EvMUNvfrQ8ROIl
ch_3uZ612kPpd5kcxZmVQmm3wTx,2025-10-17 10:54:07,succeeded,2940.0,0.0,95.8,2844.2,card,,NOPECQ6T-0002,subscription_cycle,12_month,3,cus_euZQtopEIAA3r9,Andrew Brown,andrew.brown@brown-wireless-consulting.example,Brown Wireless Consulting,self_serve,network_consultant,network_consulting,AU,sub_1MV4pn7nsQZUcOcQzQyt3kGC
ch_3UgmrRMZYFzyro99wtQ9zDpd,2025-10-17 13:10:41,failed,1960.0,0.0,,,card,card_declined,TS43U8XL-0001,subscription_create,12_month,2,cus_jq4oH8wXiv7nbq,Carlos Carter,carlos.carter@greenview-retail-group.example,Greenview Retail Group Ltd,self_serve,it_lead,retail,GB,sub_1FqOsLxpcWEPNnd8HBFkXT7z
ch_3bnNlMYm2V4pdryDP4ouIR75,2025-10-17 13:17:22,succeeded,1960.0,0.0,49.25,1910.75,card,,TS43U8XL-0001,subscription_create,12_month,2,cus_jq4oH8wXiv7nbq,Carlos Carter,carlos.carter@greenview-retail-group.example,Greenview Retail Group Ltd,self_serve,it_lead,retail,GB,sub_1FqOsLxpcWEPNnd8HBFkXT7z
ch_36SoUmtquWkpYPe0EgRQi6kf,2025-10-17 15:45:19,succeeded,1960.0,0.0,29.65,1930.35,card,,G352RCTS-0001,subscription_create,12_month,2,cus_bSikQ7Usf4yDIn,Daan Visser,daan.visser@beaconpoint-networks.example,Beaconpoint Networks B.V.,self_serve,network_consultant,network_consulting,NL,sub_11WojrxClzN7YSYZuCPveMs1
ch_3JbzTSwswa7r74459x6mETt7,2025-10-17 20:18:04,succeeded,980.0,0.0,14.95,965.05,card,,64SUGVFM-0002,subscription_cycle,12_month,1,cus_VF1zSJjTX0jwGs,Anja Braun,anja.braun@ironport-foods.example,Ironport Foods GmbH,self_serve,it_lead,food_beverage,DE,sub_19qgpc77Nxs6bI6pZIAY0qqb
ch_3t0UuIKAAoQ9L6PcMUOW9lyG,2025-10-18 11:42:51,succeeded,980.0,0.0,32.1,947.9,card,,XX9Y4J6R-0003,subscription_cycle,12_month,1,cus_f5PDGgxg3w5UuI,Andrew Clark,andrew.clark@mailbox.example,,self_serve,network_consultant,network_consulting,US,sub_1mNI2dnmPKrcnPnpMvVqsq7O
ch_311aRtCIxIeqgxfIM841sscB,2025-10-18 15:53:00,succeeded,599.0,0.0,15.23,583.77,card,,3NWONSZS-0002,subscription_cycle,6_month,1,cus_QlbDHIpCtBocGD,Raj Phillips,raj.phillips@phillips-network-services.example,Phillips Network Services Ltd,self_serve,network_consultant,network_consulting,GB,sub_1bWRzApb4GogyJKBvcn6UCrZ
ch_3oys8t0qzjr6HNhwsuHH0vHo,2025-10-18 18:39:52,succeeded,980.0,0.0,14.95,965.05,card,,S7UU3V5D-0001,subscription_create,12_month,1,cus_V42QGgNy4GeW4p,Florian Meyer,florian.meyer@stonecore-foods.example,Stonecore Foods,self_serve,it_lead,food_beverage,DE,sub_1njtcqNGDbKwn4Cp6yJ9jzNg
ch_3WVKWJf70sQPhblqs0G5NAUW,2025-10-19 05:44:26,succeeded,1960.0,0.0,63.95,1896.05,card,,C0UIYT7P-0004,subscription_cycle,12_month,2,cus_ZxO0NfqpHeHpeR,Paul Johnson,paul.johnson@novapeak-retail-group.example,Novapeak Retail Group,self_serve,it_lead,retail,US,sub_1vXEAYojjlzK5akZfdZLQ7FS
ch_3o8aJBYqkQCnuGamdBz7ouxq,2025-10-19 13:27:06,succeeded,2940.0,0.0,44.35,2895.65,card,,6LZ2B5ZW-0001,subscription_create,12_month,3,cus_7lPQaeDaEp01zT,Heidi Virtanen,heidi.virtanen@polarview-wireless-engineering.example,Polarview Wireless Engineering,self_serve,head_of_wireless,network_consulting,FI,sub_1Fp5UiBO24Dwmud6u3yVyNyF
ch_3ZeKVIcod76d224CtakY04PP,2025-10-20 15:32:09,succeeded,1960.0,0.0,29.65,1930.35,card,,LOI95WA8-0003,subscription_cycle,12_month,2,cus_9p9CpjEYV7Zw81,Laura Mäkelä,laura.makela@brightstream-rf-consulting.example,Brightstream RF Consulting,self_serve,network_consultant,network_consulting,FI,sub_1T4oCuveWempeplYBG21F3M3
ch_3Lv2mSNjG5lHJfFOFOhyaKer,2025-10-20 16:40:08,succeeded,2940.0,0.0,73.75,2866.25,card,,GNY4CJDF-0001,subscription_create,12_month,3,cus_sydmIuifXbVzw4,Steve Edwards,steve.edwards@maplefield-networks.example,Maplefield Networks Ltd,self_serve,network_consultant,network_consulting,GB,sub_1mwle6ffch65qvEeJA1LWbIs
ch_34cg5lQPWiTyo4smq1iFwhIH,2025-10-21 14:39:48,succeeded,1960.0,0.0,63.95,1896.05,card,,OYC8WDYM-0001,subscription_create,12_month,2,cus_iXNkjuIIissHpq,Amanda Thomas,amanda.thomas@northcore-construction.example,Northcore Construction LLC,self_serve,it_lead,construction,US,sub_1M6fUlCY2RJLxwkkLH80g04Q
ch_3VKk4uSe7cMzblR6lLtQ7lLw,2025-10-21 17:23:48,succeeded,599.0,0.0,9.23,589.77,card,,3NOPCR8S-0003,subscription_cycle,6_month,1,cus_CLCR7BrtZr7QOp,Miguel Fernández,miguel.fernandez@fernandez-network-services.example,Fernández Network Services,self_serve,network_consultant,network_consulting,ES,sub_19zrLdrLbExrRod6D5MmNDRK
ch_3e8Xc28gwgMrR5u4jEfKIwz8,2025-10-21 23:38:26,succeeded,980.0,0.0,32.1,947.9,card,,8BZX4ZTI-0001,subscription_create,12_month,1,cus_VvFpIXuhBioc3Q,Ryan Carter,ryan.carter@aurorapoint-networks.example,Aurorapoint Networks,self_serve,network_consultant,network_consulting,US,sub_12udttKOGcNOZqwksa2BczL4
ch_3uYenebtcgZSN59rfVy60cUM,2025-10-22 06:19:11,succeeded,980.0,0.0,32.1,947.9,card,,35B6HKL9-0002,subscription_cycle,12_month,1,cus_kNmKmPLBsTtObl,Amanda Clark,amanda.clark@clark-wireless-consulting.example,Clark Wireless Consulting LLC,self_serve,network_consultant,network_consulting,US,sub_15hP5MiZ0gQvt7bQAmp8WNfO
ch_3pZWgtWLViC4wkpIZOtZ4cQk,2025-10-22 13:01:45,succeeded,1198.0,0.0,39.19,1158.81,card,,D8VXXUKV-0002,subscription_cycle,6_month,2,cus_tsd8yFddgC3nuv,Olivia Kim,olivia.kim@granitelink-telecom.example,Granitelink Telecom,self_serve,head_of_wireless,telecom,US,sub_1hWzS4rn7DCxGzM35jTnt615
py_3SOzqMTNyxp9QFjT9XPdERTr,2025-10-22 14:50:55,succeeded,165000.0,0.0,5.0,164995.0,bank_transfer,,0KVOGSE1-0003,subscription_cycle,enterprise,1,cus_ToeQpp7vK7SyEx,St. Alder Regional Health System,accounts.payable@st-alder-regional-health-system.example,St. Alder Regional Health System,enterprise,,hospital,US,sub_1PY0lblCJr2LKYC4sFp2DDRM
ch_3fjMPwIwMqbjWwvlfgKOeKe0,2025-10-23 11:11:05,succeeded,980.0,0.0,32.1,947.9,card,,RJETC9EC-0001,subscription_create,12_month,1,cus_0T5CsCjDD1Zqh9,Priya Kim,priya.kim@northwave-warehousing.example,Northwave Warehousing,self_serve,it_lead,logistics,US,sub_1u79tMtbPC5DzWWxSon1cTgP
ch_3zbcPVqbBcCLOd6n5kfoCAIf,2025-10-23 11:47:49,succeeded,1198.0,0.0,39.19,1158.81,card,,WAFC93LF-0004,subscription_cycle,6_month,2,cus_oGxS1utSOza5c4,Wei Brown,wei.brown@atlaslink-networks.example,Atlaslink Networks,self_serve,network_consultant,network_consulting,US,sub_189qS21fyFjk0DhximHtqRjb
ch_3gG8jCKCVOsGPIa7esT3TSc4,2025-10-24 03:54:49,succeeded,980.0,0.0,24.75,955.25,card,,8K3LHZZC-0001,subscription_create,12_month,1,cus_AghiwakueXJLZN,Kevin Jones,kevin.jones@greengate-managed-services.example,Greengate Managed Services Ltd,self_serve,head_of_wireless,it_services,GB,sub_1zkSijpwHuyLMzX76CkyJuja
ch_3DZKSaFkQajSdCYoWEfjrcb9,2025-10-24 10:36:51,succeeded,980.0,0.0,32.1,947.9,card,,0169MP0S-0001,subscription_create,12_month,1,cus_x4naxESwK9PjJ2,David Wright,david.wright@harborview-wi-fi-solutions.example,Harborview Wi-Fi Solutions,self_serve,network_consultant,network_consulting,CA,sub_16WSFnFdfiujogH2VS5vKWwh
py_3mG2jiUxU2htJYVrD3AlSgVV,2025-10-24 12:10:05,succeeded,2940.0,0.0,5.0,2935.0,bank_transfer,,AEM471NK-0001,subscription_create,12_month,3,cus_BWCmBIgVyN33mk,Laura Laine,laura.laine@stonelink-communications.example,Stonelink Communications,self_serve,head_of_wireless,telecom,FI,sub_1cPMLePkzC6lO8jg1eRl7MgQ
ch_3ivtyvMpyY9w34MqUbKbonRw,2025-10-24 12:15:05,succeeded,980.0,0.0,24.75,955.25,card,,PTSQTHUM-0005,subscription_cycle,12_month,1,cus_87TTzBBp2BBWQR,Andrew Lee,andrew.lee@deltafield-wi-fi-solutions.example,Deltafield Wi-Fi Solutions Ltd,self_serve,network_consultant,network_consulting,GB,sub_18EhPMuZMHq1KbD9W1SkGuHv
ch_3DR5LntLfKEv3i4EC2r5nkjm,2025-10-24 13:41:34,succeeded,1960.0,0.0,63.95,1896.05,card,,8BATTO58-0004,subscription_cycle,12_month,2,cus_Onhwj49vatyQSW,Raj Thompson,raj.thompson@maplelink-managed-services.example,Maplelink Managed Services LLC,self_serve,head_of_wireless,it_services,US,sub_1gw1Ux4UhBqjl75btKPPCxh6
ch_33mU8KeDZobcxDugkNDw0Pw0,2025-10-24 13:52:14,succeeded,599.0,0.0,19.72,579.28,card,,6TGXWOUQ-0001,subscription_create,6_month,1,cus_uLUxNaMpq2FFx0,Uwe Hartmann,uwe.hartmann@polarwave-clinics.example,Polarwave Clinics AG,self_serve,it_lead,healthcare,CH,sub_1CTYuYI5e7M4Y3tZM19w9yqF
ch_3OOYJH3kULNAmitLRFHHS9aa,2025-10-24 20:29:17,succeeded,599.0,0.0,15.23,583.77,card,,SZXZXQEH-0001,subscription_create,6_month,1,cus_DJGrf5QujdMycw,Laura Smith,laura.smith@smith-wireless-consulting.example,Smith Wireless Consulting Ltd,self_serve,network_consultant,network_consulting,GB,sub_1nC1U8mWESkfcNsbmxxKmmfw
ch_30cPYMPU92DalY7G1WUCLHoO,2025-10-25 11:56:31,failed,1960.0,0.0,,,card,expired_card,TCKJLS0L-0002,subscription_cycle,12_month,2,cus_U715mJCpevcy7y,Mikkel Madsen,mikkel.madsen@nordicfield-telecom.example,Nordicfield Telecom AB,self_serve,head_of_wireless,telecom,SE,sub_1l4jZjlsSfw5mA8Nn7TEFiwv
ch_3cfFXW52NxKSvwoyitPHGg4j,2025-10-25 16:03:54,failed,1960.0,0.0,,,card,expired_card,F3F3KOQY-0002,subscription_cycle,12_month,2,cus_IEQTr28j7vaeNX,Marco Gallo,marco.gallo@nordicstream-partners.example,Nordicstream Partners,self_serve,it_lead,professional_services,IT,sub_1dzTVJ4YeL30phqhWkTjxQCv
ch_3fHFJuYD0lLprdvju2nq0XB4,2025-10-26 06:44:34,succeeded,599.0,0.0,19.72,579.28,card,,WXGKJZXD-0001,subscription_create,6_month,1,cus_lfV4s6ZomM0eu3,Sarah Evans,sarah.evans@stoneport-rf-consulting.example,Stoneport RF Consulting Pty Ltd,self_serve,network_consultant,network_consulting,AU,sub_1tMlJxVTdPUu6ppMjiaevUzu
ch_3YXFJpeqAIqGVn8sTNDMRont,2025-10-26 09:02:33,succeeded,980.0,0.0,32.1,947.9,card,,3R6099ZF-0003,subscription_cycle,12_month,1,cus_JsaKU2VqUnZYG0,Matt Lee,matt.lee@lee-network-services.example,Lee Network Services Inc.,self_serve,network_consultant,network_consulting,CA,sub_1FD6FGKwRpFXD6lYubiefgmP
ch_3rtJG0OjAreCvY0ndr6lRJZ2,2025-10-26 20:09:18,succeeded,599.0,0.0,9.23,589.77,card,,LLVQR7P4-0003,subscription_cycle,6_month,1,cus_ayf46Y8qT3DB1K,Andrea Conti,andrea.conti@conti-wireless-consulting.example,Conti Wireless Consulting,self_serve,network_consultant,network_consulting,IT,sub_1j3x2mj46GMP8i1sNV5JpITQ
ch_3cAP2ydb8eJOlLlxC14t0xxJ,2025-10-27 09:31:49,succeeded,980.0,0.0,32.1,947.9,card,,45CCBTW7-0001,subscription_create,12_month,1,cus_6sWZvRRA9t63d0,Andrew White,andrew.white2@white-wireless-consulting.example,White Wireless Consulting,self_serve,network_consultant,network_consulting,CA,sub_1oxp4xWr79RJNUvKceKhiUSd
ch_3lFhPMP0dVrqEqFrdvHN51iD,2025-10-27 09:34:34,succeeded,980.0,0.0,24.75,955.25,card,,CC5K6259-0001,subscription_create,12_month,1,cus_bgvIJWrxrRjna3,Brian Nelson,brian.nelson@polarline-wireless.example,Polarline Wireless Ltd,self_serve,network_consultant,network_consulting,GB,sub_1qlnPOl7lgZOtUrvQxIJb9iN
ch_331ZtQ30wpDqkujdKtbLEtGu,2025-10-27 10:17:05,succeeded,599.0,0.0,15.23,583.77,card,,MB3WL5TS-0001,subscription_create,6_month,1,cus_37oT6OoDiiDEM2,Ahmed Phillips,ahmed.phillips@orbitview-systems-integration.example,Orbitview Systems Integration,self_serve,head_of_wireless,it_services,GB,sub_1jXUwzkR8XiI2pxvbM7UGJey
ch_3KZ8SKdHCgKRrj9eH3cJaa6O,2025-10-27 15:09:48,succeeded,1960.0,0.0,29.65,1930.35,card,,LDKZOHS4-0004,subscription_cycle,12_month,2,cus_jXzoFfA3fgqami,Kristian Hansen,kristian.hansen@hansen-network-services.example,Hansen Network Services AS,self_serve,network_consultant,network_consulting,NO,sub_175zRB1J8jyEN7ASbOTDCAIC
ch_3yVLlGktUm1nSZUsY14J8iz1,2025-10-28 13:26:31,succeeded,1960.0,0.0,29.65,1930.35,card,,TCKJLS0L-0002,subscription_cycle,12_month,2,cus_U715mJCpevcy7y,Mikkel Madsen,mikkel.madsen@nordicfield-telecom.example,Nordicfield Telecom AB,self_serve,head_of_wireless,telecom,SE,sub_1l4jZjlsSfw5mA8Nn7TEFiwv
ch_3SwijmJ0yv4UVaLbdgmNvE9K,2025-10-28 16:30:54,failed,1960.0,0.0,,,card,expired_card,F3F3KOQY-0002,subscription_cycle,12_month,2,cus_IEQTr28j7vaeNX,Marco Gallo,marco.gallo@nordicstream-partners.example,Nordicstream Partners,self_serve,it_lead,professional_services,IT,sub_1dzTVJ4YeL30phqhWkTjxQCv
ch_3LLDH5kmuCkIqNgQH8XkNpBi,2025-10-28 17:29:16,failed,1198.0,0.0,,,card,card_declined,NA93JUIM-0001,subscription_create,6_month,2,cus_Q874LVFsmMAv6v,Sander Vos,sander.vos@balticmark-logistics.example,Balticmark Logistics B.V.,self_serve,it_lead,logistics,NL,sub_1Xq1FQxF5POaxGcwVJIpQHV9
ch_3Ypo5NbAlCRVMfR8dZkzHah6,2025-10-28 17:31:59,succeeded,1198.0,0.0,18.22,1179.78,card,,NA93JUIM-0001,subscription_create,6_month,2,cus_Q874LVFsmMAv6v,Sander Vos,sander.vos@balticmark-logistics.example,Balticmark Logistics B.V.,self_serve,it_lead,logistics,NL,sub_1Xq1FQxF5POaxGcwVJIpQHV9
ch_3m7fRMppKWZDmIftnBIB3LaX,2025-10-28 19:57:03,succeeded,1960.0,0.0,29.65,1930.35,card,,RKYO5CPP-0001,subscription_create,12_month,2,cus_AipLGWEL5zlYFi,Simone Bianchi,simone.bianchi@maplebridge-logistics.example,Maplebridge Logistics S.r.l.,self_serve,it_lead,logistics,IT,sub_17BK5WR4Ax6bemMg28hMvLhb
ch_3H31urRLutqjvSKXXMWabNUa,2025-10-29 08:09:10,succeeded,980.0,0.0,24.75,955.25,card,,VGJR5LZX-0002,subscription_cycle,12_month,1,cus_ffWWmuaRlqp84T,Robert Wilson,robert.wilson@postbox.example,,self_serve,network_consultant,network_consulting,GB,sub_1ZlcTsoYeSc7wx5K1jPplIWa
ch_3qtbx9Z2T3Hnjz4Z4FcvgtGP,2025-10-29 10:38:59,succeeded,1960.0,0.0,63.95,1896.05,card,,ISD2JF96-0003,subscription_cycle,12_month,2,cus_86hQONyp3SN29D,Jessica Martin,jessica.martin@novamark-rf-consulting.example,Novamark RF Consulting,self_serve,network_consultant,network_consulting,US,sub_1qOdyTypM1RMrmFTQ06ksZGi
ch_3BrQE2yXuVnxo9nZojdlJJn5,2025-10-29 13:53:37,succeeded,980.0,0.0,32.1,947.9,card,,VK3N9OFF-0003,subscription_cycle,12_month,1,cus_twJ59wKar3b1iV,Megan Phillips,megan.phillips@stonegate-construction.example,Stonegate Construction Pty Ltd,self_serve,it_lead,construction,AU,sub_1xKkzq7cqFzEHV5uzXMEQ731
py_3I7CfJ5LDGm6HN7HRcLDjo7s,2025-10-30 06:26:18,succeeded,2940.0,0.0,5.0,2935.0,bank_transfer,,41EKGRL1-0003,subscription_cycle,12_month,3,cus_UwVY06FMGFCFR9,Emma Halvorsen,emma.halvorsen@crestfield-systems-integration.example,Crestfield Systems Integration AB,self_serve,head_of_wireless,it_services,SE,sub_1QZzM88hUkrVuapRzG2F4g5U
ch_3mVkDPYTGb8fWteQMNDIlT1P,2025-10-30 08:00:39,succeeded,599.0,0.0,9.23,589.77,card,,F5BVJ7AI-0005,subscription_cycle,6_month,1,cus_k6ziEClSi4C38z,Sander Dekker,sander.dekker@pinestream-clinics.example,Pinestream Clinics,self_serve,it_lead,healthcare,NL,sub_1XuJQWCCM4NdVDwJfm7d0x8J
ch_3nThvqJWmKMEZdmdY6lf20p8,2025-10-30 08:16:07,succeeded,599.0,0.0,19.72,579.28,card,,JDKSUBD3-0001,subscription_create,6_month,1,cus_mFs7c7vWFUZbn6,Wei Evans,wei.evans@vertexgate-managed-services.example,Vertexgate Managed Services,self_serve,head_of_wireless,it_services,US,sub_1KWcd1Tq7DE5iFvB2z47xsY4
ch_3VQMyMtV9kgm26K2hIyn70aS,2025-10-30 09:53:35,succeeded,1797.0,0.0,58.65,1738.35,card,,SREZJDY5-0001,subscription_create,6_month,3,cus_odzVoppwYNqcyL,Eric Adams,eric.adams@northworks-it-solutions.example,Northworks IT Solutions,self_serve,head_of_wireless,it_services,US,sub_1J7o5DI4yOexH3p3lV9QWVa0
ch_37WWlwEbXwmxHQo3C8ncEUfq,2025-10-31 16:39:11,failed,980.0,0.0,,,card,card_declined,1QITD9FU-0001,subscription_create,12_month,1,cus_wejtiKIlAR49CZ,Megan Miller,megan.miller@miller-network-services.example,Miller Network Services LLC,self_serve,network_consultant,network_consulting,US,sub_1UaUmj9Z1aSTVkH4ampq1hmO
ch_3SPzmFnLmxLoRxPRpnMcTb4k,2025-10-31 16:44:53,succeeded,980.0,0.0,32.1,947.9,card,,1QITD9FU-0001,subscription_create,12_month,1,cus_wejtiKIlAR49CZ,Megan Miller,megan.miller@miller-network-services.example,Miller Network Services LLC,self_serve,network_consultant,network_consulting,US,sub_1UaUmj9Z1aSTVkH4ampq1hmO
ch_34jGQqbhUvhhi6c9I0dJRB70,2025-11-01 06:06:37,succeeded,1960.0,0.0,29.65,1930.35,card,,88JB5SQB-0004,subscription_cycle,12_month,2,cus_0VNUALL5Cv4Zae,Simone Conti,simone.conti@westfield-managed-services.example,Westfield Managed Services S.r.l.,self_serve,head_of_wireless,it_services,IT,sub_16w0DGGA2HUO2imJPjOBkwJ7
py_3YKTL6KOo4N41nI7DAFnDEWa,2025-11-01 12:33:38,succeeded,2995.0,0.0,5.0,2990.0,bank_transfer,,GBO6AG1R-0002,subscription_cycle,6_month,5,cus_9PkceQ2F0Z2qzN,Robert Hall,robert.hall@auroraview-wireless-engineering.example,Auroraview Wireless Engineering Ltd,self_serve,head_of_wireless,network_consulting,GB,sub_14HqfUd46MYY4yoJGAzAhu1f
ch_3sWO1ILw0ltTVmc3iPELgR6B,2025-11-02 13:07:43,succeeded,599.0,0.0,19.72,579.28,card,,JWYKFGXV-0001,subscription_create,6_month,1,cus_l6BVmpvL4Sg5Qp,Amanda White,amanda.white@ironline-wireless-engineering.example,Ironline Wireless Engineering,self_serve,head_of_wireless,network_consulting,CA,sub_17XSbURhKdUY4htLVEvw0LYV
ch_3KVFBLdk884thfOlV76suIyj,2025-11-02 16:54:54,failed,1960.0,0.0,,,card,expired_card,F3F3KOQY-0002,subscription_cycle,12_month,2,cus_IEQTr28j7vaeNX,Marco Gallo,marco.gallo@nordicstream-partners.example,Nordicstream Partners,self_serve,it_lead,professional_services,IT,sub_1dzTVJ4YeL30phqhWkTjxQCv
ch_3H7kmMmET5Fye509eFdCf6cN,2025-11-02 21:48:17,succeeded,599.0,0.0,15.23,583.77,card,,UKW22R9Y-0002,subscription_cycle,6_month,1,cus_FbiKQUILhXKKKu,Kate Carter,kate.carter@carter-network-services.example,Carter Network Services Ltd,self_serve,network_consultant,network_consulting,GB,sub_1TbuVgTuoO13vE41M1YpreZV
ch_3geHbUFmfGkjku7YLh66opx1,2025-11-03 07:29:42,succeeded,980.0,0.0,32.1,947.9,card,,0NW83S2R-0001,subscription_create,12_month,1,cus_K9PvYjZRWSjAZJ,Michael Johnson,michael.johnson@stonemark-networks.example,Stonemark Networks,self_serve,network_consultant,network_consulting,US,sub_12oQS8r51Im71ADPi4SIuCAO
ch_3nYlYkfQ0TGYSyw904NqIJLo,2025-11-03 12:03:56,succeeded,980.0,0.0,32.1,947.9,card,,BFQG813Z-0001,subscription_create,12_month,1,cus_rVNyGOHLhuCLlY,Kate Jones,kate.jones@clearpeak-telecom.example,Clearpeak Telecom LLC,self_serve,head_of_wireless,telecom,US,sub_1sXJlTgCtTuD5YNEqQVuCo5Q
ch_3N5qKcE6a9SjUvfxIu5qNBL9,2025-11-03 13:38:42,succeeded,2940.0,0.0,44.35,2895.65,card,,6XED2XVD-0001,subscription_create,12_month,3,cus_ARx6tUTQyaZCZs,Raj Brown,raj.brown@harborlink-wireless.example,Harborlink Wireless Ltd,self_serve,network_consultant,network_consulting,IE,sub_1FIdpUGOxzsueeYZZj5VEM2J
ch_3LAKRLoDq3Dd4fTBHuIi8HMY,2025-11-04 19:06:51,succeeded,599.0,0.0,15.23,583.77,card,,Q2J7V4SK-0003,subscription_cycle,6_month,1,cus_3hyoQ3OmgeT749,Ahmed Wright,ahmed.wright@wright-network-services.example,Wright Network Services Ltd,self_serve,network_consultant,network_consulting,GB,sub_16jKkn3GjR4uUGU56v1ANOEa
ch_3G6vQ6I6OY1I7Z0L9dbKqR23,2025-11-05 05:04:27,succeeded,980.0,0.0,14.95,965.05,card,,O0XO1R6J-0001,subscription_create,12_month,1,cus_agE3CKjTu0yku3,Andreas Weber,andreas.weber@silverworks-rf-consulting.example,Silverworks RF Consulting GmbH,self_serve,network_consultant,network_consulting,AT,sub_1kGMZGNHqy0f9VnkZ0LDAc5s
ch_3XM3GsWQLz9zjj2gZ8IwaNM6,2025-11-05 10:21:40,succeeded,980.0,0.0,14.95,965.05,card,,T858M0C8-0001,subscription_create,12_month,1,cus_KFSXAjiXKKOIqU,Lotte Meijer,lotte.meijer@ironbridge-wireless.example,Ironbridge Wireless B.V.,self_serve,network_consultant,network_consulting,NL,sub_1s7QkSNzcb1ODl3VaYS2zQF1
ch_3zrGx2oxjfeTAQGisRRLXVYx,2025-11-05 13:08:32,succeeded,980.0,0.0,14.95,965.05,card,,EHBD7OB9-0001,subscription_create,12_month,1,cus_BVIbKXadMb6mdD,Anders Madsen,anders.madsen@alpinewave-rf-consulting.example,Alpinewave RF Consulting AB,self_serve,network_consultant,network_consulting,SE,sub_1T27lyP0yx1c8pEuoRoRvFrs
ch_3HgqFqQMFOoEdlNLUGkhDdFh,2025-11-05 20:59:57,succeeded,980.0,0.0,14.95,965.05,card,,HPMMLV3W-0002,subscription_cycle,12_month,1,cus_fStAA4DeN32xNK,Sanna Mäkelä,sanna.makela@vertexport-rf-consulting.example,Vertexport RF Consulting,self_serve,network_consultant,network_consulting,FI,sub_15WAuFuz8mY2nce9eZ4IoPZM
ch_38NqmbPo92aBKjgCO15cQ7Pi,2025-11-06 08:26:33,succeeded,2940.0,0.0,44.35,2895.65,card,,9R6OI55E-0002,subscription_cycle,12_month,3,cus_FueWVDpUJ3sRfa,Petri Virtanen,petri.virtanen@virtanen-network-services.example,Virtanen Network Services Oy,self_serve,network_consultant,network_consulting,FI,sub_1bFmGFcMhlSNI1oZ7gtVDv6w
ch_3g8SVXFhcTL8tpwJ8SEl9lgk,2025-11-06 14:35:53,succeeded,599.0,0.0,9.23,589.77,card,,W69EVXA5-0001,subscription_create,6_month,1,cus_5MmGu0vHFF5Nrn,Thomas Schmidt,thomas.schmidt@clearmark-networks.example,Clearmark Networks GmbH,self_serve,network_consultant,network_consulting,AT,sub_1x5IPdOSB6mD98uHeKETpmc8
ch_3k8cr0azUbd3UPNvTHHB6nQj,2025-11-06 16:16:10,succeeded,980.0,0.0,32.1,947.9,card,,FQX9AG0G-0003,subscription_cycle,12_month,1,cus_GnJG2MU2xOxLDN,Wei Carter,wei.carter@westport-wireless.example,Westport Wireless LLC,self_serve,network_consultant,network_consulting,US,sub_1Y1QThHa7QFNS1HcH7D39w9a
ch_3IPfXXjjQ3wHwzEPi8owUQdM,2025-11-06 19:10:07,succeeded,980.0,0.0,14.95,965.05,card,,7I7YIOPX-0002,subscription_cycle,12_month,1,cus_2thRI5KmdXDDNL,Søren Andersson,soren.andersson@orbitlink-networks.example,Orbitlink Networks,self_serve,network_consultant,network_consulting,NO,sub_1bde3tkuSui5vuDIkHXyNhLY
ch_3ZqqoOw1IvMdFBjQcUUedSWg,2025-11-07 13:52:11,succeeded,980.0,0.0,14.95,965.05,card,,6PM3HVG7-0001,subscription_create,12_month,1,cus_3Luet7fYdpkQyV,Erik Holm,erik.holm@holm-network-services.example,Holm Network Services ApS,self_serve,network_consultant,network_consulting,DK,sub_1wJ4hbJr0SCRI17EFuDRxh8x
ch_3V3ilAKijJ07IGken5qnZ6IN,2025-11-07 14:06:10,succeeded,980.0,0.0,14.95,965.05,card,,IIKT5LUM-0003,subscription_cycle,12_month,1,cus_MoYFmijFjPqxPg,Lena Schulz,lena.schulz@polarlink-wi-fi-solutions.example,Polarlink Wi-Fi Solutions GmbH,self_serve,network_consultant,network_consulting,AT,sub_1s2FHmeYS20oMP3OWIFMc2PJ
ch_33CR8KLXlokfLGIT2M50PPGU,2025-11-07 14:58:38,succeeded,980.0,0.0,32.1,947.9,card,,8JXRHIVR-0002,subscription_cycle,12_month,1,cus_ba845SqwGJ9bYc,Dirk Wolf,dirk.wolf@wolf-network-services.example,Wolf Network Services,self_serve,network_consultant,network_consulting,CH,sub_1ZpIutVmTYnFRDO51BpYNAYE
ch_3u3jb9oyiBC4ODPMrvUOvKXV,2025-11-07 16:19:43,succeeded,1198.0,0.0,39.19,1158.81,card,,QVRXJ74N-0001,subscription_create,6_month,2,cus_FJcYzxubTQJiV1,Michael Harris,michael.harris@lumenfield-wi-fi-solutions.example,Lumenfield Wi-Fi Solutions,self_serve,network_consultant,network_consulting,US,sub_1zPMpmHMol3pZN7Zfy1ObmCr
ch_3msXH31BWYosbhbZ88xzSKrc,2025-11-07 22:14:05,succeeded,599.0,0.0,19.72,579.28,card,,UBEJK6C9-0001,subscription_create,6_month,1,cus_XRKiOJ0896psmu,Mark Brown,mark.brown@cedarpeak-foods.example,Cedarpeak Foods LLC,self_serve,it_lead,food_beverage,US,sub_1WCSXlt5Z9p0LNTLk2E7UvRX
py_3M85liC3ZwjwWQewataNxgis,2025-11-09 05:24:46,succeeded,1960.0,0.0,5.0,1955.0,bank_transfer,,Z2LX714C-0002,subscription_cycle,12_month,2,cus_WCLI4HQpJBKOOZ,Steve Young,steve.young@beaconpath-industries.example,Beaconpath Industries Ltd,self_serve,it_lead,manufacturing,GB,sub_1kVBsWUe3Z29rSInP5lJZRMu
ch_363P83tY8yybvxAUn2gmvtdh,2025-11-09 14:15:32,succeeded,980.0,0.0,14.95,965.05,card,,73G8RQ5O-0002,subscription_cycle,12_month,1,cus_DONCbRJKT53NtX,Karin Hansen,karin.hansen@hansen-network-services.example,Hansen Network Services AS,self_serve,network_consultant,network_consulting,NO,sub_1CHmWumAr0T0mHnQ35r5HvjH
ch_3QFjZCKCpiJGpYt03vBILZHc,2025-11-09 16:54:30,succeeded,980.0,0.0,32.1,947.9,card,,181JXPFK-0004,subscription_cycle,12_month,1,cus_ZjYjJQvHaAfBNd,Emily Jones,emily.jones@crestline-networks.example,Crestline Networks LLC,self_serve,network_consultant,network_consulting,US,sub_1lALHA5OLMCLZuDsRYYZ9X3H
ch_36SI9Y7zRSYFtxzqAc9Z7Vcc,2025-11-10 11:36:22,succeeded,599.0,0.0,9.23,589.77,card,,AWZ9A7FI-0001,subscription_create,6_month,1,cus_zbu8wuu1Bgg2H3,Johan Madsen,johan.madsen@westbridge-networks.example,Westbridge Networks AB,self_serve,network_consultant,network_consulting,SE,sub_1CYGcVtmsmQjqka79ii0Px22
py_3dB3glh46aNZGP0yIbq4Yt6g,2025-11-10 19:50:04,succeeded,2940.0,0.0,5.0,2935.0,bank_transfer,,PIR8LKOZ-0002,subscription_cycle,12_month,3,cus_585LMF2oIgjSmb,Amanda Evans,amanda.evans@vertexwave-it-solutions.example,Vertexwave IT Solutions LLC,self_serve,head_of_wireless,it_services,US,sub_1hwiSHYjVpAQ61CcqRRbJMm1
ch_3cK3oVszbzxhy2WtQX6LCHgG,2025-11-11 12:27:33,succeeded,980.0,0.0,32.1,947.9,card,,YEZMJ9C0-0001,subscription_create,12_month,1,cus_uBqs6OkBH3cZjn,Jason Martin,jason.martin@stonefield-it-solutions.example,Stonefield IT Solutions,self_serve,head_of_wireless,it_services,US,sub_1RUHA7Lexgj0XgYVQSJHsEiG
ch_37PnjEhV8HZBpg9uvvmGmjmk,2025-11-12 10:45:54,succeeded,980.0,0.0,6.35,973.65,sepa_debit,,J3MXVXEZ-0001,subscription_create,12_month,1,cus_vTOLwbvERz1SpF,Katharina Wagner,katharina.wagner@balticgate-wi-fi-solutions.example,Balticgate Wi-Fi Solutions,self_serve,network_consultant,network_consulting,DE,sub_1ZomI0yNh4KQNBNyK2liYFoz
ch_38Gd9LLDvekDwMBkdHugvdYD,2025-11-12 10:56:36,failed,980.0,0.0,,,card,expired_card,BFM3GA4H-0002,subscription_cycle,12_month,1,cus_ORORD69SyHVgKv,Matteo Romano,matteo.romano@romano-wireless-consulting.example,Romano Wireless Consulting S.r.l.,self_serve,network_consultant,network_consulting,IT,sub_1v2KNv7EsAADHlgMDOl2v0eZ
ch_3QuzrjseTQtpIBAsO81d9vO4,2025-11-12 13:16:07,succeeded,980.0,0.0,14.95,965.05,card,,FQMXWVKA-0001,subscription_create,12_month,1,cus_kpsBgqN4qoJFKH,Frida Johansson,frida.johansson@inbox.example,,self_serve,network_consultant,network_consulting,NO,sub_1FsKnK2kvtZ3slhzBGLPCveA
ch_3NR07jnLqw9xEaW09zvDyfpa,2025-11-12 18:35:44,succeeded,1198.0,0.0,6.35,1191.65,sepa_debit,,V6XN11NS-0001,subscription_create,6_month,2,cus_FSWtAMZmnSjQar,Mikkel Pedersen,mikkel.pedersen@pedersen-network-services.example,Pedersen Network Services,self_serve,network_consultant,network_consulting,NO,sub_1a5Yv6ckFr8fAooyZ4gXy8mF
ch_3BswikiaQs7PNZE5SukzxDBc,2025-11-14 10:46:38,succeeded,599.0,0.0,19.72,579.28,card,,TSYFTBGS-0001,subscription_create,6_month,1,cus_MWJTEKpfy6Sr79,Brian Roberts,brian.roberts@orbitfield-construction.example,Orbitfield Construction,self_serve,it_lead,construction,US,sub_1OVsb2XddkKel63IXZgsWoDk
py_3wOMf2FFp3ZHs8Rge6bJ5Wnd,2025-11-14 13:07:19,succeeded,1797.0,0.0,5.0,1792.0,bank_transfer,,R6XQ55LJ-0001,subscription_create,6_month,3,cus_vxDes2kIX8UTiY,Kevin Patel,kevin.patel@stonefield-hotels.example,Stonefield Hotels LLC,self_serve,it_lead,hospitality,US,sub_1gvJVYoONdvqiBXwqlHe1MIn
py_3a2oNDFRH8q1RBp7le5gytJn,2025-11-14 14:10:35,succeeded,2940.0,0.0,5.0,2935.0,bank_transfer,,IAMVR2QD-0001,subscription_create,12_month,3,cus_z14k3UAArhDKbs,Ben Lewis,ben.lewis@ironview-wireless-engineering.example,Ironview Wireless Engineering Ltd,self_serve,head_of_wireless,network_consulting,GB,sub_1INuZhJP8PTqei69XnFjJwhz
ch_3KxtYmFt7VuxILYGBZrfKKeF,2025-11-14 14:15:54,succeeded,980.0,0.0,14.95,965.05,card,,67YVQT4W-0002,subscription_cycle,12_month,1,cus_hv7NxLZrb5EVm3,Timo Lahtinen,timo.lahtinen@brightmark-industries.example,Brightmark Industries,self_serve,it_lead,manufacturing,FI,sub_1qplBxhkiAOnSWNaOYBZwL9U
ch_32F5stMeyxwZV5cNn5RHkEqT,2025-11-14 16:54:20,succeeded,1960.0,0.0,49.25,1910.75,card,,S36LSJTN-0002,subscription_cycle,12_month,2,cus_ZXI6CwFKi6Leul,Tom Scott,tom.scott@bluebridge-schools.example,Bluebridge Schools Ltd,self_serve,it_lead,education,GB,sub_1t92IXXZi9TMDK6b4givDsbI
ch_3vufOKc59ibkhHRhJZvcSsOy,2025-11-14 17:59:37,failed,980.0,0.0,,,card,card_declined,GGX0OI8T-0004,subscription_cycle,12_month,1,cus_xHVGVyyc3CtHnM,Nicole Parker,nicole.parker@signalpoint-industries.example,Signalpoint Industries,self_serve,it_lead,manufacturing,US,sub_1lHGKAJs9lHBZN3G2G7xxadV
ch_3RC06cm0OKs3a2Et2h7iCJvV,2025-11-15 11:33:54,succeeded,980.0,0.0,32.1,947.9,card,,NVJV5OQE-0001,subscription_create,12_month,1,cus_8eyidaxONKX2iQ,Tom Thompson,tom.thompson@lumenfield-logistics.example,Lumenfield Logistics LLC,self_serve,it_lead,logistics,US,sub_1IpJnuhMYPt2FyzgBtwSajMe
ch_3KuzheoGjB9xV3wK4XWn5YPh,2025-11-15 12:00:36,failed,980.0,0.0,,,card,expired_card,BFM3GA4H-0002,subscription_cycle,12_month,1,cus_ORORD69SyHVgKv,Matteo Romano,matteo.romano@romano-wireless-consulting.example,Romano Wireless Consulting S.r.l.,self_serve,network_consultant,network_consulting,IT,sub_1v2KNv7EsAADHlgMDOl2v0eZ
ch_3PYcfUBRofsPcHV7IAwftkL1,2025-11-15 13:56:22,succeeded,980.0,0.0,14.95,965.05,card,,9KQILHF0-0002,subscription_cycle,12_month,1,cus_eM8PAkynLB73sf,Sander Dekker,sander.dekker@brightmark-partners.example,Brightmark Partners,self_serve,it_lead,professional_services,NL,sub_1D8D0Tr9ekBpBqx7p3pC94W0
ch_3S8MzI8KtAKLxi1nyx0KspvN,2025-11-15 14:31:22,succeeded,2995.0,0.0,97.59,2897.41,card,,RFXFBAJB-0002,subscription_cycle,6_month,5,cus_U5nfAj5ZsQSTg3,Sarah Wright,sarah.wright@greenport-managed-services.example,Greenport Managed Services LLC,self_serve,head_of_wireless,it_services,US,sub_1RPQhle5SEae9cbz68iWulPV
ch_3O4TsJ1GnIxJ6o7D9VCj1mbe,2025-11-15 15:02:08,succeeded,980.0,0.0,14.95,965.05,card,,9592HK2N-0002,subscription_cycle,12_month,1,cus_Te5n1tWgIk9zsb,Karin Madsen,karin.madsen@novaline-retail-group.example,Novaline Retail Group AS,self_serve,it_lead,retail,NO,sub_1Wy4jpnQglLjJYtcZms1VPaV
ch_3reORsJPNTi6lrsOkxKnlcJg,2025-11-15 15:18:42,succeeded,980.0,0.0,24.75,955.25,card,,YOYTRIK9-0006,subscription_cycle,12_month,1,cus_JNudpHxv4xR8gN,Nicole Mitchell,nicole.mitchell@bluegate-networks.example,Bluegate Networks Ltd,self_serve,network_consultant,network_consulting,GB,sub_1DtkOsehto9w9B3zXNh0EOCr
ch_3ER4XfMZa6GB8IhCJ9TcKN6S,2025-11-16 14:48:14,failed,1797.0,0.0,,,card,expired_card,FT79CO6U-0007,subscription_cycle,6_month,3,cus_8xDFPIRaNpJ276,Sabine Hartmann,sabine.hartmann@apexmark-clinics.example,Apexmark Clinics GmbH,self_serve,it_lead,healthcare,DE,sub_1IOog7pi2KYJLoahh9957U7P
ch_3VGCHIf6hGfW8jW13y7lQfAr,2025-11-16 15:10:44,succeeded,980.0,0.0,6.35,973.65,sepa_debit,,TXICH8FM-0003,subscription_cycle,12_month,1,cus_WdWrUajxAG4hon,Joost de Vries,joost.devries@orbitcore-media.example,Orbitcore Media B.V.,self_serve,it_lead,media,NL,sub_1gREgN1NKuVGPRNDd58d2mPS
ch_3elRd6p6eU5upFAsD9adIFBw,2025-11-16 15:39:23,succeeded,599.0,0.0,9.23,589.77,card,,3V0B0N8E-0001,subscription_create,6_month,1,cus_ZvY3NGiTswhh2y,Frida Jensen,frida.jensen@silverfield-retail-group.example,Silverfield Retail Group ApS,self_serve,it_lead,retail,DK,sub_1MhHEm9HZafhQ5fIazhRMZNe
ch_3leXU1JUMGsvcgojXdEnjrYV,2025-11-16 16:42:26,succeeded,599.0,0.0,19.72,579.28,card,,IXDC09ZF-0002,subscription_cycle,6_month,1,cus_WcEE8FUzvQM31T,Eric Harris,eric.harris@mapleline-systems-integration.example,Mapleline Systems Integration Inc.,self_serve,head_of_wireless,it_services,CA,sub_1dISzQag7momoQi0etW9xlgp
ch_3ywGL3CS4T18LCaYCY3TcQUU,2025-11-17 07:48:02,succeeded,1960.0,0.0,29.65,1930.35,card,,7LCNHJMR-0004,subscription_cycle,12_month,2,cus_w6DMwX9tqDdrwU,Mark Williams,mark.williams@greenstream-systems-integration.example,Greenstream Systems Integration,self_serve,head_of_wireless,it_services,IE,sub_1x490h4FvzhRXrLVVE4Xsvdn
ch_3BTd4hSJX2dS7PcmU3vt3VcI,2025-11-17 18:53:37,failed,980.0,0.0,,,card,card_declined,GGX0OI8T-0004,subscription_cycle,12_month,1,cus_xHVGVyyc3CtHnM,Nicole Parker,nicole.parker@signalpoint-industries.example,Signalpoint Industries,self_serve,it_lead,manufacturing,US,sub_1lHGKAJs9lHBZN3G2G7xxadV
ch_3LE6x0PR4QBZiBcEBlPTASoo,2025-11-18 09:30:38,succeeded,980.0,0.0,14.95,965.05,card,,BHDRPQUK-0002,subscription_cycle,12_month,1,cus_AvdTmkPIafncyb,Marko Lahtinen,marko.lahtinen@stonestream-partners.example,Stonestream Partners Oy,self_serve,it_lead,professional_services,FI,sub_1l3Xv6Cm9xE9UBtLIGf4VbpJ
ch_3DqA8HF3rFcucvuFQ8Q2WqOu,2025-11-18 09:52:30,succeeded,980.0,0.0,14.95,965.05,card,,WFR1KXHZ-0001,subscription_create,12_month,1,cus_kLE7xSIiNEOXvA,Rasmus Strand,rasmus.strand@greencore-partners.example,Greencore Partners AB,self_serve,it_lead,professional_services,SE,sub_12OVEVHBjj928T4EXePbCHGH
ch_3wEmsVdpEuxwOpwZ0TpW1Gxr,2025-11-18 23:20:43,succeeded,980.0,0.0,32.1,947.9,card,,SSKNOCJ4-0001,subscription_create,12_month,1,cus_JYiEPys8Tc3f71,Olivia Carter,olivia.carter@brightmark-systems-integration.example,Brightmark Systems Integration Pty Ltd,self_serve,head_of_wireless,it_services,AU,sub_1Rfta917SwRIGk9w8ir5gEME
ch_3Qt7CtBY7a1HH7YGrssy0ozQ,2025-11-19 07:03:05,succeeded,980.0,0.0,32.1,947.9,card,,STE5WQ92-0001,subscription_create,12_month,1,cus_YGEWuX6GRDZxx9,Carlos Hall,carlos.hall@brightlink-it-solutions.example,Brightlink IT Solutions LLC,self_serve,head_of_wireless,it_services,US,sub_1X8ZiXIdlwvPJ98pImp6tzmT
ch_3UxO6CW2NzHSN6pGTyiL4psB,2025-11-19 11:27:31,succeeded,599.0,0.0,9.23,589.77,card,,LSMK43O0-0001,subscription_create,6_month,1,cus_BCyFk7TkJZ6Du2,Daan Dekker,daan.dekker@greenpath-rf-consulting.example,Greenpath RF Consulting,self_serve,network_consultant,network_consulting,BE,sub_1AQ5cjkj0s2iHf4alGTGpnmn
ch_3srkOZec6OIUvENc08uD4Au9,2025-11-19 15:17:14,failed,1797.0,0.0,,,card,expired_card,FT79CO6U-0007,subscription_cycle,6_month,3,cus_8xDFPIRaNpJ276,Sabine Hartmann,sabine.hartmann@apexmark-clinics.example,Apexmark Clinics GmbH,self_serve,it_lead,healthcare,DE,sub_1IOog7pi2KYJLoahh9957U7P
ch_3ODONtsmYGGO89zjKusJXH6R,2025-11-19 16:18:45,succeeded,980.0,0.0,32.1,947.9,card,,DWE0YJ11-0002,subscription_cycle,12_month,1,cus_TndBds8p8TrGjP,David Smith,david.smith@smith-wireless-consulting.example,Smith Wireless Consulting LLC,self_serve,network_consultant,network_consulting,US,sub_1Yjuxeia6YQoaknJFyCdInt2
ch_3k93Vore5msR8zHSZkDSxjH6,2025-11-19 18:05:32,succeeded,599.0,0.0,19.72,579.28,card,,QB10MKSM-0001,subscription_create,6_month,1,cus_UmyxoruZpT3Q6x,Amanda Davis,amanda.davis@silverport-wi-fi-solutions.example,Silverport Wi-Fi Solutions Inc.,self_serve,network_consultant,network_consulting,CA,sub_1NGYJiv9x7zyWlqGV2vjSH2T
py_3YgCCxlxzNwUIEggjiMQ4pSf,2025-11-20 10:05:58,succeeded,1198.0,0.0,5.0,1193.0,bank_transfer,,I8RZM0AY-0001,subscription_create,6_month,2,cus_phF3OvhyW5oknV,Rasmus Larsson,rasmus.larsson@vertexwave-schools.example,Vertexwave Schools,self_serve,it_lead,education,SE,sub_123orKPj5MdcBNKAdzVeWU29
ch_3HJGbWTQEERrKys6B25oyVRF,2025-11-20 12:18:36,succeeded,980.0,0.0,14.95,965.05,card,,BFM3GA4H-0002,subscription_cycle,12_month,1,cus_ORORD69SyHVgKv,Matteo Romano,matteo.romano@romano-wireless-consulting.example,Romano Wireless Consulting S.r.l.,self_serve,network_consultant,network_consulting,IT,sub_1v2KNv7EsAADHlgMDOl2v0eZ
ch_3QYZmgKh6Lu6fKfMXBP98tTE,2025-11-20 15:12:13,succeeded,980.0,0.0,6.35,973.65,sepa_debit,,1MVUESF3-0001,subscription_create,12_month,1,cus_tFSju2xDjuQU7l,Michael Wolf,michael.wolf@atlasstream-it-solutions.example,Atlasstream IT Solutions,self_serve,head_of_wireless,it_services,AT,sub_1Y7Hvf6hC8R5DJ31FFeuOpFc
ch_3x1VHlc9BZnZeamp90wTzJJX,2025-11-20 15:31:30,succeeded,1960.0,0.0,49.25,1910.75,card,,TVB8QKU4-0001,subscription_create,12_month,2,cus_19ismiL3eQ7Gjo,Priya Parker,priya.parker@aurorabridge-warehousing.example,Aurorabridge Warehousing Ltd,self_serve,it_lead,logistics,GB,sub_1wp9OUQ94hvAT0zJuWmu5kQ9
ch_3JKgzEHAFamxSffmzmGrzqUz,2025-11-20 16:30:08,succeeded,980.0,0.0,32.1,947.9,card,,CK4S7QW9-0001,subscription_create,12_month,1,cus_QIBnBEUQApIs3p,Amanda Williams,amanda.williams@signalgate-media.example,Signalgate Media,self_serve,it_lead,media,NZ,sub_1QAakQE1pCBNRPxeUQjohxCW
ch_3UkzuiexxjxRXfo8VoRvlKbz,2025-11-20 17:50:06,succeeded,980.0,0.0,14.95,965.05,card,,9XLGKJFN-0002,subscription_cycle,12_month,1,cus_ubbzLBdWgao1z1,Francesca Greco,francesca.greco@northpeak-it-solutions.example,Northpeak IT Solutions S.r.l.,self_serve,head_of_wireless,it_services,IT,sub_1NG3qzAO2P7fiSvASFtFA5X8
ch_3mLslg82KfqAo88bZgvWJAgv,2025-11-21 14:14:33,succeeded,599.0,0.0,19.72,579.28,card,,IZ42TYSQ-0001,subscription_create,6_month,1,cus_yAkV81VSvJEuTt,Amanda Murphy,amanda.murphy@maplepeak-rf-consulting.example,Maplepeak RF Consulting,self_serve,network_consultant,network_consulting,US,sub_1qgnhSt3oHv4krhdkseLvJ10
ch_3oCn9qZqJKHxORsanoGcy3Zj,2025-11-21 17:35:28,succeeded,599.0,0.0,19.72,579.28,card,,EKJAL1R2-0003,subscription_cycle,6_month,1,cus_giPRN5qJCl6EBE,Ryan Adams,ryan.adams@granitestream-networks.example,Granitestream Networks LLC,self_serve,network_consultant,network_consulting,US,sub_1nr0l8g7d7JnpV5V3jmResjz
ch_3oNLF4js5GgZcQm9vCGj7al3,2025-11-21 20:31:37,succeeded,599.0,0.0,19.72,579.28,card,,0HC0VRO2-0003,subscription_cycle,6_month,1,cus_Q3P8pRL2k54Jvv,Ben Murphy,ben.murphy@northview-partners.example,Northview Partners,self_serve,it_lead,professional_services,US,sub_1H2Nw8ZbrSAdn91W1J1AylmD
ch_34ilYjXMffBcTVphANgO21oJ,2025-11-22 10:41:10,succeeded,980.0,0.0,14.95,965.05,card,,EMA2EA2H-0002,subscription_cycle,12_month,1,cus_w9vpXSpvzxv33R,Femke Hendriks,femke.hendriks@signalcore-networks.example,Signalcore Networks,self_serve,network_consultant,network_consulting,NL,sub_1gDM2R42lB5Qt6gkwCr4Tl7f
ch_3s548A9L5AY1GRU4IDx8L8FM,2025-11-22 13:39:44,succeeded,1960.0,0.0,49.25,1910.75,card,,658OEWHG-0002,subscription_cycle,12_month,2,cus_xmnfp6liBIbvS9,Kevin Miller,kevin.miller@miller-network-services.example,Miller Network Services Ltd,self_serve,network_consultant,network_consulting,GB,sub_1uWHzWlUctCwdwVQKv0A6U1h
ch_3ioDnL2zj8xcz59pf7bU4ttX,2025-11-22 17:00:44,succeeded,980.0,0.0,32.1,947.9,card,,31P7BT6C-0003,subscription_cycle,12_month,1,cus_JnbSvrZvaDZn2Y,Megan Martin,megan.martin@northpoint-media.example,Northpoint Media LLC,self_serve,it_lead,media,US,sub_1hAes9Qpd48b2kMKhryW6F22
ch_33N1zpnvUOUg11n5bshnkigX,2025-11-22 19:21:37,failed,980.0,0.0,,,card,card_declined,GGX0OI8T-0004,subscription_cycle,12_month,1,cus_xHVGVyyc3CtHnM,Nicole Parker,nicole.parker@signalpoint-industries.example,Signalpoint Industries,self_serve,it_lead,manufacturing,US,sub_1lHGKAJs9lHBZN3G2G7xxadV
ch_3wJGBFaBluKIcXzizGp2YqbN,2025-11-23 09:45:53,succeeded,599.0,0.0,9.23,589.77,card,,5GDF6QA3-0001,subscription_create,6_month,1,cus_hK3c7zrmaGirWF,Lauri Koskinen,lauri.koskinen@postbox.example,,self_serve,network_consultant,network_consulting,FI,sub_15bqYJ7gk3jGXQQSceneGul4
ch_3GFfoMHuT0Z1FRPqdxJAXNAF,2025-11-23 10:02:42,succeeded,599.0,0.0,9.23,589.77,card,,AB2QFVW2-0001,subscription_create,6_month,1,cus_QBGLraAqeemiYC,Daniel Becker,daniel.becker@maplecore-wireless.example,Maplecore Wireless GmbH,self_serve,network_consultant,network_consulting,DE,sub_1vhu2SEBLNtZNamHc3lxNQz4
ch_3YyvEfq6eHDh7vEYB9pMtP7G,2025-11-23 13:44:27,succeeded,599.0,0.0,9.23,589.77,card,,NWK4Y756-0005,subscription_cycle,6_month,1,cus_yPe3SEpinlbtBb,Florian Zimmermann,florian.zimmermann@zimmermann-wireless-consulting.example,Zimmermann Wireless Consulting GmbH,self_serve,network_consultant,network_consulting,DE,sub_1fv8icOhJBtsXsgcFeUBURH4
ch_3PoB7p29IZ6TpFP8RvTywIDI,2025-11-23 16:52:27,succeeded,599.0,0.0,9.23,589.77,card,,82IWTNLG-0005,subscription_cycle,6_month,1,cus_LnC2FnvRVXZun7,Erik Karlsson,erik.karlsson@vertexcore-rf-consulting.example,Vertexcore RF Consulting AB,self_serve,network_consultant,network_consulting,SE,sub_1W6O9TkIYEGCviTv1H4A5ZIK
ch_3G2yCxOKc2xqssLlHWVdsDSa,2025-11-23 20:55:12,succeeded,980.0,0.0,14.95,965.05,card,,Q2HE59E3-0001,subscription_create,12_month,1,cus_gUPZOtzKQMMwgq,Julia Fischer,julia.fischer@fischer-network-services.example,Fischer Network Services GmbH,self_serve,network_consultant,network_consulting,AT,sub_1pA9gcMNqIi44ewHUHCch3Rp
ch_3sHUGwn6q0WFqB89rJMJhgmJ,2025-11-24 08:39:20,failed,980.0,0.0,,,card,expired_card,3D63YT4O-0003,subscription_cycle,12_month,1,cus_mCUMeqGZRnkaCH,Andrew Roberts,andrew.roberts@roberts-network-services.example,Roberts Network Services Inc.,self_serve,network_consultant,network_consulting,CA,sub_1ql6jVXCyJ4y1e2FTCoBU4X3
ch_30V9vURDAgbu89wELoQZdK8V,2025-11-24 14:00:17,succeeded,4900.0,0.0,159.5,4740.5,card,,HBD5MXZA-0001,subscription_create,12_month,5,cus_1djJCzBxJ1X8fy,Mark Smith,mark.smith@harborport-systems-integration.example,Harborport Systems Integration LLC,self_serve,head_of_wireless,it_services,US,sub_1w1I0PtUpZn2x3ufv0b8u0Z6
ch_32HvrVbvpB92dW8SE48w091d,2025-11-24 15:36:14,succeeded,1797.0,0.0,27.21,1769.79,card,,FT79CO6U-0007,subscription_cycle,6_month,3,cus_8xDFPIRaNpJ276,Sabine Hartmann,sabine.hartmann@apexmark-clinics.example,Apexmark Clinics GmbH,self_serve,it_lead,healthcare,DE,sub_1IOog7pi2KYJLoahh9957U7P
ch_3cGb3qS02KOh8cwsAyPva8Ji,2025-11-25 15:03:09,succeeded,980.0,0.0,32.1,947.9,card,,P2PRQJ61-0001,subscription_create,12_month,1,cus_EZ1zHB1dXFX6Nd,Brian Kelly,brian.kelly@maplewave-wireless.example,Maplewave Wireless LLC,self_serve,network_consultant,network_consulting,US,sub_1BcSYmLytDeoCGkQWr5i7kSn
ch_3MSv9GoIjLd4oCvmHE7EQRQ8,2025-11-25 15:14:38,succeeded,980.0,0.0,32.1,947.9,card,,1DK9MS1P-0001,subscription_create,12_month,1,cus_4G7bx4laTEpD7m,Tobias Braun,tobias.braun@inbox.example,,self_serve,network_consultant,network_consulting,CH,sub_1UR3D06qDXv4PZffHIgwDnQ4
ch_3bWi7UccD3qPXur9P5Mx2qvf,2025-11-25 16:22:36,failed,2940.0,0.0,,,card,card_declined,YQIT1BQ6-0002,subscription_cycle,12_month,3,cus_iJYTMO7DsKJAe2,Paul Hall,paul.hall@orbitpeak-telecom.example,Orbitpeak Telecom,self_serve,head_of_wireless,telecom,GB,sub_1P0L92sHf0dFWZdYB35PAZ0X
ch_37AZuMxZGdGQfRVvRSGkzbyF,2025-11-26 01:49:11,succeeded,980.0,0.0,32.1,947.9,card,,JFK3SOCG-0002,subscription_cycle,12_month,1,cus_QsWwGIviF0Bgfh,James Collins,james.collins@cedarworks-warehousing.example,Cedarworks Warehousing LLC,self_serve,it_lead,logistics,US,sub_1MX6YAvBLr4LYR76cjbpaZWC
ch_3yH9d1otxdUR3hp2R5BYtkeA,2025-11-26 11:09:26,succeeded,980.0,0.0,14.95,965.05,card,,QY6EZ76Q-0001,subscription_create,12_month,1,cus_k5kcCnNeUq9CCa,Christian Müller,christian.muller@silvermark-rf-consulting.example,Silvermark RF Consulting GmbH,self_serve,network_consultant,network_consulting,DE,sub_18xRLh5LfKWLNZFv7xujmP7j
ch_3bRC0dVd5NQpKLiCd9nrPBIR,2025-11-26 15:27:12,succeeded,2940.0,0.0,95.8,2844.2,card,,XR6YL9K9-0002,subscription_cycle,12_month,3,cus_VFuWdyJWzqxSlx,Ben Thomas,ben.thomas@northview-it-solutions.example,Northview IT Solutions,self_serve,head_of_wireless,it_services,US,sub_1R2h1PbHd6FqDjUwIYXmQewr
ch_3NSIh70SKRjM75SjOv4kjACV,2025-11-26 15:45:51,succeeded,1960.0,0.0,29.65,1930.35,card,,KJ1830US-0001,subscription_create,12_month,2,cus_1E4ntVlqh4vrqr,Sanna Heikkinen,sanna.heikkinen@beaconpoint-wireless-engineering.example,Beaconpoint Wireless Engineering Oy,self_serve,head_of_wireless,network_consulting,FI,sub_1slNW65rClVeXproP6JaHwGm
ch_38KDt4JJkJyKUEacI0zzycBM,2025-11-27 09:48:20,succeeded,980.0,0.0,32.1,947.9,card,,3D63YT4O-0003,subscription_cycle,12_month,1,cus_mCUMeqGZRnkaCH,Andrew Roberts,andrew.roberts@roberts-network-services.example,Roberts Network Services Inc.,self_serve,network_consultant,network_consulting,CA,sub_1ql6jVXCyJ4y1e2FTCoBU4X3
ch_313mxgcKPEi7XurSFxOMgyR8,2025-11-27 10:17:30,succeeded,599.0,0.0,5.14,593.86,sepa_debit,,ZH7C6E41-0002,subscription_cycle,6_month,1,cus_rVFeunNG4vBBd5,Wei Smith,wei.smith@polarbridge-properties.example,Polarbridge Properties Ltd,self_serve,it_lead,real_estate,IE,sub_1jF8U6Ky36zN0pw2aRNA7a0f
ch_3EZEJngvlO4fYq8IXZoiAGEg,2025-11-27 14:27:54,succeeded,980.0,0.0,32.1,947.9,card,,DNLEWKVU-0002,subscription_cycle,12_month,1,cus_4HP7aUZ84yAQjX,Jessica Murphy,jessica.murphy@murphy-wireless-consulting.example,Murphy Wireless Consulting,self_serve,network_consultant,network_consulting,US,sub_1fHrUNSVd1pilbchCuvpYtqI
ch_3GK7nFvaKjs9EAiDHIWIALCR,2025-11-27 16:49:04,succeeded,980.0,0.0,32.1,947.9,card,,749YHZQV-0002,subscription_cycle,12_month,1,cus_pKyy2cgNz2mbbR,Kevin Edwards,kevin.edwards@postbox.example,,self_serve,network_consultant,network_consulting,AU,sub_1r7CyGIK1N5OYExnbbAPGaTw
ch_3Bcsf40p4BPUCo6PpYTsxHqw,2025-11-28 05:43:24,succeeded,980.0,0.0,32.1,947.9,card,,B7UZWBMH-0001,subscription_create,12_month,1,cus_gzhlGWbI7y720Y,Josh Moore,josh.moore@maplecore-wi-fi-solutions.example,Maplecore Wi-Fi Solutions LLC,self_serve,network_consultant,network_consulting,US,sub_19Qwba7wHcbVh2okdK9uOiRe
ch_3pcjgeoUwcmRefhLYhpEGb3O,2025-11-28 09:16:38,succeeded,599.0,0.0,9.23,589.77,card,,2ROQDEJG-0001,subscription_create,6_month,1,cus_rt2dWl7QRg6i8X,Thomas Zimmermann,thomas.zimmermann@orbitpath-networks.example,Orbitpath Networks,self_serve,network_consultant,network_consulting,DE,sub_1EBCCBCarrhA5RZwaRvzipIi
py_3zzRNuUwfjmvOiVVbzZB21hv,2025-11-28 16:37:01,succeeded,1198.0,0.0,5.0,1193.0,bank_transfer,,RL1U0AMD-0004,subscription_cycle,6_month,2,cus_tmfo2DOKPpEe7e,Ryan White,ryan.white@clearbridge-schools.example,Clearbridge Schools LLC,self_serve,it_lead,education,US,sub_19dCnD5t6c1tKhKMEnqadpR3
ch_3jhusVcbRSLjerLN1NDKCo6s,2025-11-28 17:13:27,succeeded,980.0,0.0,32.1,947.9,card,,4GLBPIG6-0001,subscription_create,12_month,1,cus_xoyOxiQwckU3zX,Tom Evans,tom.evans@pineline-networks.example,Pineline Networks LLC,self_serve,network_consultant,network_consulting,US,sub_10KILGXrGp0dhtu5KOGqXWfW
ch_3bc5Ay7Unb3uc01q4jCwEV0D,2025-11-28 17:17:36,failed,2940.0,0.0,,,card,card_declined,YQIT1BQ6-0002,subscription_cycle,12_month,3,cus_iJYTMO7DsKJAe2,Paul Hall,paul.hall@orbitpeak-telecom.example,Orbitpeak Telecom,self_serve,head_of_wireless,telecom,GB,sub_1P0L92sHf0dFWZdYB35PAZ0X
ch_3zuCDaOPSqQTwk1az4hJS4mK,2025-11-28 19:39:41,succeeded,1960.0,0.0,63.95,1896.05,card,,1UICRXVC-0002,subscription_cycle,12_month,2,cus_LAUYzBhzXcx6mU,Kate Carter,kate.carter@apexbridge-logistics.example,Apexbridge Logistics LLC,self_serve,it_lead,logistics,US,sub_16tbNDWEJkoxD49YaS7rOsXI
ch_3IoT2ABTUtgvB6kZEAJKr75N,2025-11-29 10:56:41,succeeded,980.0,0.0,32.1,947.9,card,,BTNAGK7Z-0002,subscription_cycle,12_month,1,cus_g6hvBkjjr8ztZG,Laura Martin,laura.martin@lumencore-it-solutions.example,Lumencore IT Solutions LLC,self_serve,head_of_wireless,it_services,US,sub_1OxCWP9l4M4sd1ph3SgWSvOl
py_3GqnWzEIpHsMHYj51izpt6Jo,2025-11-30 00:04:32,succeeded,599.0,0.0,3.0,596.0,bank_transfer,,FWHOQGSQ-0002,subscription_cycle,6_month,1,cus_wJpFLtVWYKAkCf,David Lewis,david.lewis@greenview-properties.example,Greenview Properties LLC,self_serve,it_lead,real_estate,US,sub_1Z9ndH668aSlpJIZYiseAldk
ch_3EzeU8UiaGu6C5cw8EUCjQDJ,2025-11-30 11:16:09,succeeded,599.0,0.0,19.72,579.28,card,,R9ATLQ5S-0001,subscription_create,6_month,1,cus_kNcRNFDnhzh1PD,David Evans,david.evans@alpineline-clinics.example,Alpineline Clinics,self_serve,it_lead,healthcare,US,sub_1adwCCGQgDBKMjTAiOxYQrmr
ch_3VuYa01HMdMuVLQRJSoL2AVn,2025-12-01 05:59:27,succeeded,980.0,0.0,32.1,947.9,card,,O12NEE00-0005,subscription_cycle,12_month,1,cus_woJFI2bBTO1vDb,Laura Carter,laura.carter@alpinelink-networks.example,Alpinelink Networks,self_serve,network_consultant,network_consulting,CA,sub_1riorQ7lqCwsCLddaq8wrl5U
ch_3pye0wENvQxkWsNXEfNOogmm,2025-12-01 06:49:54,succeeded,980.0,0.0,14.95,965.05,card,,PLXYBNJA-0001,subscription_create,12_month,1,cus_tva1nTbrxoUidh,Daniel Richter,daniel.richter@richter-network-services.example,Richter Network Services,self_serve,network_consultant,network_consulting,DE,sub_1rfYjS4SGsBLHFFuk8Hkc4Qc
ch_3fEngzeKKoTYXYQFOuhXLZTO,2025-12-01 15:20:59,succeeded,980.0,0.0,24.75,955.25,card,,HER36YBS-0005,subscription_cycle,12_month,1,cus_ALbUxC09EAiA1s,Rachel Adams,rachel.adams@alpinestream-foods.example,Alpinestream Foods Ltd,self_serve,it_lead,food_beverage,GB,sub_1FJiGqXMhQZ8IUlisi7NpL6V
ch_3sLmFNhFZQhSwQAwOt4H2Giy,2025-12-01 21:53:47,succeeded,4900.0,0.0,73.75,4826.25,card,,VX6OSVDV-0003,subscription_cycle,12_month,5,cus_C6SvHlizDDm7zI,Dirk Krüger,dirk.kruger@summitbridge-wireless-engineering.example,Summitbridge Wireless Engineering GmbH,self_serve,head_of_wireless,network_consulting,DE,sub_1bZycSZA9cRUnU9mhecyGDVB
ch_3numvVxzz8Az41mlyDiUwCfx,2025-12-02 07:54:27,succeeded,980.0,0.0,14.95,965.05,card,,PXJXDHS5-0001,subscription_create,12_month,1,cus_879Ehni6pHyeTW,Pieter Meijer,pieter.meijer@deltapath-rf-consulting.example,Deltapath RF Consulting,self_serve,network_consultant,network_consulting,BE,sub_1cAC9RPpmQ70cjSPaGC8E6O2
ch_37z1q93zOQdjFTMQ3o7avFYY,2025-12-02 09:43:40,succeeded,980.0,0.0,14.95,965.05,card,,K90KETD5-0001,subscription_create,12_month,1,cus_GBMjDIxSK3MERU,Julie Bernard,julie.bernard@balticline-rf-consulting.example,Balticline RF Consulting SAS,self_serve,network_consultant,network_consulting,FR,sub_10R1jj2varQleM49hDH2hJdB
ch_3RvSx3w7REnnnCwMsM6WxBJ8,2025-12-02 17:32:17,succeeded,980.0,0.0,14.95,965.05,card,,82Q5P8XC-0002,subscription_cycle,12_month,1,cus_nuOs06PBdS8ysS,Pablo Romero,pablo.romero@beaconwave-partners.example,Beaconwave Partners,self_serve,it_lead,professional_services,ES,sub_1qWhOQxZhsGDREpXq2bbhKHc
ch_3d3IQOdx6Ffsi4FKF5UUmTAJ,2025-12-03 05:10:32,succeeded,980.0,0.0,32.1,947.9,card,,FDLM6U7U-0001,subscription_create,12_month,1,cus_0zLcGkihNeb7dx,Olivia Thomas,olivia.thomas@atlasstream-schools.example,Atlasstream Schools LLC,self_serve,it_lead,education,US,sub_1MjXoZnaJ4SbHPDXFLPYua0U
ch_3cJPnv8g5THk9GSR44PaIqkL,2025-12-03 07:44:59,succeeded,980.0,0.0,14.95,965.05,card,,YHRIN8SW-0001,subscription_create,12_month,1,cus_1UBrAEX4gXJAJB,Markus Fischer,markus.fischer@mailbox.example,,self_serve,network_consultant,network_consulting,DE,sub_19LKLW9TNwP3h8OMGd1Uy35f
ch_3r7xg1nArTESD6McEps85n9C,2025-12-03 10:35:26,succeeded,980.0,0.0,32.1,947.9,card,,03UHIZVZ-0001,subscription_create,12_month,1,cus_CNsoizRkJIY2ks,Emily Moore,emily.moore@orbitworks-industries.example,Orbitworks Industries LLC,self_serve,it_lead,manufacturing,US,sub_1A3jkXd3CRcEDJflYDYco37u
ch_3dhHulXwkWpmxzni7NlRNfs5,2025-12-03 12:53:42,succeeded,599.0,0.0,9.23,589.77,card,,0NXBOS9Y-0001,subscription_create,6_month,1,cus_RLVe3nq16PJnhC,Lotte Smit,lotte.smit@smit-network-services.example,Smit Network Services BV,self_serve,network_consultant,network_consulting,BE,sub_19wAlJo7LfK13HABihNJ1iCP
ch_3jAkInOtKEoBmwudjeAQKA2k,2025-12-03 14:58:18,succeeded,980.0,0.0,14.95,965.05,card,,YLYGBVQ7-0001,subscription_create,12_month,1,cus_a48F7J9WhLlXS4,Henrik Berg,henrik.berg@berg-network-services.example,Berg Network Services AS,self_serve,network_consultant,network_consulting,NO,sub_18IplPD01kVdVQfleXlVGWfw
ch_30HFEUUUVbiFbELCzjnA5Kh2,2025-12-03 17:49:36,failed,2940.0,0.0,,,card,card_declined,YQIT1BQ6-0002,subscription_cycle,12_month,3,cus_iJYTMO7DsKJAe2,Paul Hall,paul.hall@orbitpeak-telecom.example,Orbitpeak Telecom,self_serve,head_of_wireless,telecom,GB,sub_1P0L92sHf0dFWZdYB35PAZ0X
ch_3pkFw451Gb8KOGXzPVvqcWUX,2025-12-04 04:53:50,succeeded,980.0,0.0,14.95,965.05,card,,ZOFQBHM6-0002,subscription_cycle,12_month,1,cus_yUWs803mNaUXW7,Julien Bernard,julien.bernard@crestfield-networks.example,Crestfield Networks,self_serve,network_consultant,network_consulting,FR,sub_1u1EjEeizMd7ELPwKXTlRVpu
py_3aT2bSBRbDbORjog4xATUoou,2025-12-04 12:29:15,succeeded,1960.0,0.0,5.0,1955.0,bank_transfer,,34QJA8ST-0001,subscription_create,12_month,2,cus_NtKihjjwBkkLfa,Lars Hansen,lars.hansen@balticport-systems-integration.example,Balticport Systems Integration AS,self_serve,head_of_wireless,it_services,NO,sub_1QDtUqvf3oPJXiVHlzGTT9bF
py_3MS8M31ytt80KfaAucdctf4a,2025-12-04 21:24:48,succeeded,1960.0,0.0,5.0,1955.0,bank_transfer,,LVYOO2JX-0001,subscription_create,12_month,2,cus_7qJW5Pw6N6QIuS,Steve Miller,steve.miller@pinegate-communications.example,Pinegate Communications Pty Ltd,self_serve,head_of_wireless,telecom,AU,sub_1BO6XdPMEVxNGRtnlypbYqfN
py_38FDiUIfSzjgImsqdGCj7Lls,2025-12-05 07:36:00,succeeded,4900.0,0.0,5.0,4895.0,bank_transfer,,3GIFFFQJ-0006,subscription_cycle,12_month,5,cus_KOsP1XEHyqqJUD,Uwe Krüger,uwe.kruger@westline-systems-integration.example,Westline Systems Integration,self_serve,head_of_wireless,it_services,DE,sub_1MTh8sP8KSNPwszEOZTRd0lv
ch_3yVR870TFthBkVnd0ROYsuKG,2025-12-05 09:55:09,succeeded,980.0,0.0,32.1,947.9,card,,P88XHEQP-0002,subscription_cycle,12_month,1,cus_aqRzjVKYT2f7R1,Ahmed Davis,ahmed.davis@cedarfield-industries.example,Cedarfield Industries,self_serve,it_lead,manufacturing,US,sub_1GGpgiDGNWNaHNeyULvk5JWl
ch_3TfO3zguc4LoFhm84IUhmG0R,2025-12-05 14:10:47,failed,599.0,0.0,,,card,expired_card,AJRY285O-0003,subscription_cycle,6_month,1,cus_zq3QWJcfeYkojl,Tom Thompson,tom.thompson@cedarview-foods.example,Cedarview Foods Inc.,self_serve,it_lead,food_beverage,CA,sub_1CQ4hB5JknyxUg3EUBZOTo9A
ch_3UOQ7ogPnxpke41ZhXSkAjvC,2025-12-05 16:35:37,succeeded,599.0,0.0,19.72,579.28,card,,DQF37FFB-0002,subscription_cycle,6_month,1,cus_PLT9fK373OCGjJ,Paul Baker,paul.baker@nordicpeak-warehousing.example,Nordicpeak Warehousing Inc.,self_serve,it_lead,logistics,CA,sub_1SgO59PDKDZW0s4kTW7jimkh
ch_3pXUhTozmRbofGNk8JFaycoj,2025-12-05 17:18:39,succeeded,599.0,0.0,19.72,579.28,card,,QN75CMMK-0001,subscription_create,6_month,1,cus_jrGuIEBMzt2mps,Chris Murphy,chris.murphy@murphy-network-services.example,Murphy Network Services LLC,self_serve,network_consultant,network_consulting,US,sub_1tnqWF4PVqZUAOFwWhjR1UuU
ch_3UUS1qQ1dVqMtLKDFURHfIhr,2025-12-05 17:43:41,succeeded,599.0,0.0,5.14,593.86,sepa_debit,,70NYLZWW-0003,subscription_cycle,6_month,1,cus_uZS80f1G8FIeyN,Romain Lambert,romain.lambert@vertexwave-warehousing.example,Vertexwave Warehousing,self_serve,it_lead,logistics,FR,sub_1Im2IKQpWWjGf8m7jQF4VIyh
py_3alguArzNUGUZKZh99NA9Yxr,2025-12-05 18:31:17,succeeded,1198.0,0.0,5.0,1193.0,bank_transfer,,T2J4AQ0Y-0001,subscription_create,6_month,2,cus_yzW457FeKevEzy,Priya Nelson,priya.nelson@beaconwave-warehousing.example,Beaconwave Warehousing Ltd,self_serve,it_lead,logistics,GB,sub_1rHOg02tJVaBMWAd66xqL2P6
ch_36byKv8IeM6gAEePVGmy9MJX,2025-12-06 08:24:33,succeeded,599.0,0.0,19.72,579.28,card,,0M8S8R8M-0004,subscription_cycle,6_month,1,cus_VlESEbhwSehzu2,Jessica Young,jessica.young@mailbox.example,,self_serve,network_consultant,network_consulting,CA,sub_1bWxXyPgkhkh9XEyvjwCEWIA
ch_3YpsW8viZvJ8Y6wmLtGXFqGa,2025-12-06 15:18:25,succeeded,599.0,0.0,9.23,589.77,card,,Q7SDBTKV-0001,subscription_create,6_month,1,cus_CfqE8MSxUDmFO4,Ville Mäkelä,ville.makela@harbormark-managed-services.example,Harbormark Managed Services Oy,self_serve,head_of_wireless,it_services,FI,sub_1KW7TbMp5Kaw9viR4TGMTRMz
py_3RuwRbrDfghwVV7nNLfDUkVy,2025-12-06 21:03:59,succeeded,115000.0,0.0,5.0,114995.0,bank_transfer,,7CJ8VQ75-0001,subscription_create,enterprise,1,cus_zbzhvhoGymjdUy,Aurelia Grand Hotels Group,accounts.payable@aurelia-grand-hotels-group.example,Aurelia Grand Hotels Group,enterprise,,hospitality,NL,sub_1CAVmeJ1BzHDPHsxdIkqzS78
ch_3RCtF4DLOpkjJ8X3115paeoH,2025-12-08 05:37:50,failed,980.0,0.0,,,card,card_declined,K3A9J2PZ-0001,subscription_create,12_month,1,cus_ptbWnmCymd5iHq,Kevin Baker,kevin.baker@baker-wireless-consulting.example,Baker Wireless Consulting LLC,self_serve,network_consultant,network_consulting,US,sub_129I887KQepvtmUpU7lcgu8S
ch_3Y8RxvAq2HfIpka9ofFacLPo,2025-12-08 05:39:37,succeeded,980.0,0.0,32.1,947.9,card,,K3A9J2PZ-0001,subscription_create,12_month,1,cus_ptbWnmCymd5iHq,Kevin Baker,kevin.baker@baker-wireless-consulting.example,Baker Wireless Consulting LLC,self_serve,network_consultant,network_consulting,US,sub_129I887KQepvtmUpU7lcgu8S
ch_3LvA7O95LwkjjDLSwgwLBYKP,2025-12-08 14:25:47,succeeded,599.0,0.0,19.72,579.28,card,,AJRY285O-0003,subscription_cycle,6_month,1,cus_zq3QWJcfeYkojl,Tom Thompson,tom.thompson@cedarview-foods.example,Cedarview Foods Inc.,self_serve,it_lead,food_beverage,CA,sub_1CQ4hB5JknyxUg3EUBZOTo9A
ch_3kBvhnFZw0XAnAvMfp3jR1Dr,2025-12-09 06:42:03,succeeded,599.0,0.0,5.14,593.86,sepa_debit,,0JZ5DRL0-0002,subscription_cycle,6_month,1,cus_ok3P6l88Vs8YQH,Juho Saarinen,juho.saarinen@mailbox.example,,self_serve,network_consultant,network_consulting,FI,sub_1jrLbvNhhGySMuLjxkaPe8kk
ch_3wivLY0VHaflbpLaANRQWe9K,2025-12-09 12:07:49,succeeded,599.0,0.0,19.72,579.28,card,,K3NUVSDJ-0001,subscription_create,6_month,1,cus_TDvmbdE9uWqrtf,Paul Thompson,paul.thompson@clearcore-warehousing.example,Clearcore Warehousing Inc.,self_serve,it_lead,logistics,CA,sub_1FAgyVADpovmg6dIZyp13pYw
ch_3Si1yfvApSChXbvuONZouSnD,2025-12-09 12:49:34,succeeded,599.0,0.0,15.23,583.77,card,,FK6HB28U-0001,subscription_create,6_month,1,cus_wY1ph1Mz1x26Fo,Olivia Green,olivia.green@atlaswave-communications.example,Atlaswave Communications Ltd,self_serve,head_of_wireless,telecom,GB,sub_11lXmrNYWJUWe8PyrhDYOzTV
ch_3LmgfPZGq6HAwbVH3EQ1Lnee,2025-12-09 16:11:30,succeeded,599.0,0.0,19.72,579.28,card,,0R142RTO-0001,subscription_create,6_month,1,cus_xixNLkXZR1VAqX,Eric Wright,eric.wright@postbox.example,,self_serve,network_consultant,network_consulting,AU,sub_1psEnR0m2u6FkARCqEnQkMV1
ch_3vQXVpfM4kl6ePLHUa9Vp9lX,2025-12-10 05:49:13,succeeded,980.0,0.0,32.1,947.9,card,,ZV9645D4-0002,subscription_cycle,12_month,1,cus_GSIdVjdOU4mJ9T,Josh Scott,josh.scott@clearpeak-telecom.example,Clearpeak Telecom,self_serve,head_of_wireless,telecom,US,sub_1Ftpg6us9mhb8DIlqm2QnxPZ
ch_3jKUnJSN3tocfjxSxNegfQYn,2025-12-10 20:58:58,succeeded,980.0,0.0,32.1,947.9,card,,7WXYKRIS-0002,subscription_cycle,12_month,1,cus_vb0oIgdeOWitFO,Carlos Jackson,carlos.jackson@vertexport-wi-fi-solutions.example,Vertexport Wi-Fi Solutions,self_serve,network_consultant,network_consulting,US,sub_1EFkSfUFATGcdvxw5IpsLsTO
ch_3rhV72myhchhmzDjkifPNxDh,2025-12-11 12:31:19,succeeded,1960.0,0.0,29.65,1930.35,card,,C4O43C65-0003,subscription_cycle,12_month,2,cus_rX36KFtoE3sQ7H,Michael Koch,michael.koch@beaconline-telecom.example,Beaconline Telecom GmbH,self_serve,head_of_wireless,telecom,DE,sub_100cGKZCJ31Ybsfs0ljDJTMe
ch_34HB6ZJdnMn2WJE78Mv0lWSy,2025-12-11 16:11:16,succeeded,599.0,0.0,19.72,579.28,card,,UXKFQSO4-0001,subscription_create,6_month,1,cus_Su3iIXUyigdM6A,Eric Roberts,eric.roberts@northfield-wireless.example,Northfield Wireless Inc.,self_serve,network_consultant,network_consulting,CA,sub_1PPRSMpUsZkepPSRVDB5Hg5u
ch_3Syl41OOh0Sj5m2CpF6nTKg1,2025-12-12 12:02:22,succeeded,1198.0,0.0,39.19,1158.81,card,,ZR0GV48O-0006,subscription_cycle,6_month,2,cus_cPdPcr6hYVLsv3,David Wright,david.wright@novawave-logistics.example,Novawave Logistics LLC,self_serve,it_lead,logistics,US,sub_10kkjsrlJ83uf3GqkdC1N1in
ch_3gocuCzu2qDHuX7gdyDot2Lv,2025-12-12 20:36:24,succeeded,599.0,0.0,19.72,579.28,card,,7K992GQE-0001,subscription_create,6_month,1,cus_R2LyIeHjnOsVUG,Matthias Hoffmann,matthias.hoffmann@blueview-rf-consulting.example,Blueview RF Consulting AG,self_serve,network_consultant,network_consulting,CH,sub_1uMlDsT7XwwiPHa7r7QtJnP2
ch_3AluQ8yCW93FHNABPz9WqRf7,2025-12-12 21:07:35,succeeded,980.0,0.0,32.1,947.9,card,,HUH2K3NY-0003,subscription_cycle,12_month,1,cus_zT4UAitddmWEZb,Mark Jackson,mark.jackson@clearlink-foods.example,Clearlink Foods Inc.,self_serve,it_lead,food_beverage,CA,sub_17bgnny9gzjqBKf5HEgYoGFT
ch_3BdYYflQDLpYEFzbTVyHdQDr,2025-12-15 22:04:13,succeeded,599.0,0.0,19.72,579.28,card,,L612DYZL-0001,subscription_create,6_month,1,cus_bZQDML4EgN4liY,Chris Thomas,chris.thomas@lumenlink-media.example,Lumenlink Media LLC,self_serve,it_lead,media,US,sub_1LSdlZe968HaVaVTv6gxKiLh
ch_3otLeUcuI0umOUTrOFJ6rukV,2025-12-16 07:29:08,succeeded,980.0,0.0,14.95,965.05,card,,6M7E1HBJ-0001,subscription_create,12_month,1,cus_9tWMwDAhS4G4FF,Michael Weber,michael.weber@lumenworks-construction.example,Lumenworks Construction GmbH,self_serve,it_lead,construction,DE,sub_1AGbdlLSHdSoAUjMvkt7cruK
ch_3Z1jqdk4foNFtO3yAKgfCkqh,2025-12-16 10:22:21,succeeded,980.0,0.0,32.1,947.9,card,,9SW8FCMC-0001,subscription_create,12_month,1,cus_SIVMgOtRfAWFJb,Kevin Williams,kevin.williams@brightwave-retail-group.example,Brightwave Retail Group LLC,self_serve,it_lead,retail,US,sub_1J7oxNte74vtxefoqYmH2oNm
ch_3LglxNrRH5Z7hdSrtnswpLW5,2025-12-16 11:00:55,succeeded,1960.0,0.0,29.65,1930.35,card,,O0ZPXQS4-0001,subscription_create,12_month,2,cus_gugZVwB51US9iQ,Wouter Dekker,wouter.dekker@dekker-wireless-consulting.example,Dekker Wireless Consulting,self_serve,network_consultant,network_consulting,NL,sub_1s0YXegnoVUuGwYgh81SYj1D
ch_3OSrn173mz3kmMwME7UWY8nj,2025-12-16 11:54:20,succeeded,980.0,0.0,14.95,965.05,card,,4ORVIBRY-0001,subscription_create,12_month,1,cus_ZwiXgAaKrUk7iY,Pieter Smit,pieter.smit@greenstream-it-solutions.example,Greenstream IT Solutions B.V.,self_serve,head_of_wireless,it_services,NL,sub_1iCDEJi88nXV8Vi4qlGjE3CG
ch_3pDsFabaFZW2RFaUCZuqnLN6,2025-12-16 13:13:45,succeeded,980.0,0.0,32.1,947.9,card,,J7RPN85K-0001,subscription_create,12_month,1,cus_nh1wf84KjZbN2Z,Nicole Williams,nicole.williams@northworks-hotels.example,Northworks Hotels LLC,self_serve,it_lead,hospitality,US,sub_18klxEu2iwJEpMU6UDx1uy0D
ch_3l7xc4PWWZanWwDKMxnnjFeh,2025-12-16 15:42:14,succeeded,1198.0,0.0,39.19,1158.81,card,,3H6H35EC-0002,subscription_cycle,6_month,2,cus_KC27bJNppX7WgP,Daniel Davis,daniel.davis@ironworks-telecom.example,Ironworks Telecom LLC,self_serve,head_of_wireless,telecom,US,sub_1IeSnP3klz5zXwQE0WOKmgqC
ch_3UmGXpEEE5ncLq6VhW7ZF2HF,2025-12-16 17:29:19,succeeded,980.0,0.0,32.1,947.9,card,,RASEIQJ9-0004,subscription_cycle,12_month,1,cus_2XRyOcStZf1JdS,Laura Turner,laura.turner@auroralink-properties.example,Auroralink Properties LLC,self_serve,it_lead,real_estate,US,sub_194ObHmwTMC9N4cAUVr3KUAO
ch_3VwmwbEr6Bjxjd4wAgdxM6DW,2025-12-16 19:02:10,succeeded,1198.0,0.0,39.19,1158.81,card,,YJ0ZDXV3-0003,subscription_cycle,6_month,2,cus_yxsbPZy2a3D0tC,Paul Taylor,paul.taylor@aurorapeak-technology-group.example,Aurorapeak Technology Group LLC,self_serve,head_of_wireless,it_services,US,sub_1OC8GC2zxdCTq7i544ztdZ4C
ch_3zbJVbI4ST42onrgNsSJZeaI,2025-12-17 10:09:40,succeeded,980.0,0.0,32.1,947.9,card,,9OKIJ2ZK-0001,subscription_create,12_month,1,cus_NWBCxmfHBCcIoq,Tom Anderson,tom.anderson@anderson-wireless-consulting.example,Anderson Wireless Consulting LLC,self_serve,network_consultant,network_consulting,US,sub_1O5mLjApywz5bzHDbnnMrYNS
ch_3lC33Yrl0HhiKCjcVb6abiXI,2025-12-17 11:15:53,succeeded,1960.0,0.0,29.65,1930.35,card,,L5CLR4FU-0003,subscription_cycle,12_month,2,cus_RFwSqYViEuIZTr,Tuomas Turunen,tuomas.turunen@turunen-network-services.example,Turunen Network Services Oy,self_serve,network_consultant,network_consulting,FI,sub_16QaxAMar01TRoTFtb5zijHT
ch_33zU3DnzzP4z7Polef677E5L,2025-12-17 11:46:34,succeeded,980.0,0.0,14.95,965.05,card,,XYBO26NG-0001,subscription_create,12_month,1,cus_nF5Y5qmBXVUiat,Sabine Neumann,sabine.neumann@neumann-wireless-consulting.example,Neumann Wireless Consulting GmbH,self_serve,network_consultant,network_consulting,DE,sub_1DG3M1EMSyouhOZEOICVFYuO
ch_3lCk48sbYG6a76Hu8fy7L6AR,2025-12-17 15:41:33,succeeded,599.0,0.0,19.72,579.28,card,,D9Z2TMKB-0003,subscription_cycle,6_month,1,cus_KhstVaLZGlnKqj,Kevin Kelly,kevin.kelly@kelly-wireless-consulting.example,Kelly Wireless Consulting,self_serve,network_consultant,network_consulting,AU,sub_1pkE5l30Bn0ACwNaddlMNwC3
ch_3xUx4WtKarfWO0MCGtLw9kgS,2025-12-17 20:57:23,succeeded,599.0,0.0,19.72,579.28,card,,IOCTE6D5-0001,subscription_create,6_month,1,cus_13RazRIQgnQKCu,Olivia Hall,olivia.hall@alpinemark-media.example,Alpinemark Media Inc.,self_serve,it_lead,media,CA,sub_1BHQVHFQaCofZOHJG9f5S5Yx
ch_3nD47rJ3plStwOWWG9v88Fok,2025-12-18 11:22:17,succeeded,980.0,0.0,14.95,965.05,card,,NQOGC94U-0001,subscription_create,12_month,1,cus_o4GFjJLvZpjJP0,Jason Murphy,jason.murphy@murphy-network-services.example,Murphy Network Services,self_serve,network_consultant,network_consulting,IE,sub_1utMIGlD3d58jFKrOZpaioit
ch_3iybjrRkOKigOfcdW3YyPQ6F,2025-12-18 14:30:26,succeeded,1797.0,0.0,27.21,1769.79,card,,GG0L9KXL-0002,subscription_cycle,6_month,3,cus_13rryfM6QahqQE,Mats Larsson,mats.larsson@clearpoint-media.example,Clearpoint Media,self_serve,it_lead,media,NO,sub_1O3LEkNAjac9LvwEVu1JQUKb
ch_3kTjYBWCICyaj0XiiCFFHQlw,2025-12-19 12:31:37,succeeded,599.0,0.0,19.72,579.28,card,,I6SYZD34-0001,subscription_create,6_month,1,cus_Sz78NpjhlMcNKF,Mark Kim,mark.kim@harborpath-clinics.example,Harborpath Clinics,self_serve,it_lead,healthcare,US,sub_1INitZv6gNChBpNqJmuTArFw
ch_3gpgxAJANnLu6XThpdwGCToj,2025-12-19 13:18:52,succeeded,980.0,0.0,24.75,955.25,card,,JPQZW4OM-0001,subscription_create,12_month,1,cus_TbsVq25XCfvPPe,David Campbell,david.campbell@campbell-network-services.example,Campbell Network Services Ltd,self_serve,network_consultant,network_consulting,GB,sub_1SG0W5cPfDolnoA5HDVLh9v2
ch_3nbn6LyEap3X1r8WHUWw9e5g,2025-12-19 16:29:46,succeeded,980.0,0.0,14.95,965.05,card,,ANIRXPZO-0001,subscription_create,12_month,1,cus_6TqIpeZXdSzdtB,Julie Dubois,julie.dubois@crestfield-properties.example,Crestfield Properties SAS,self_serve,it_lead,real_estate,FR,sub_1N2rfMEvch8lHRDwTNzGFVVw
ch_3Tj4PcOQY1ekC5Rj7v5sSskD,2025-12-20 08:23:08,succeeded,599.0,0.0,9.23,589.77,card,,85NY9YSU-0002,subscription_cycle,6_month,1,cus_c6ZjB5bhx5HVjW,Juho Saarinen,juho.saarinen@saarinen-network-services.example,Saarinen Network Services Oy,self_serve,network_consultant,network_consulting,FI,sub_1Gk8mZ8bUW4rNszZyr0xp1za
ch_3bjqImzlWuDnG9EAAKBxIeYR,2025-12-20 10:45:29,succeeded,1797.0,0.0,58.65,1738.35,card,,UXJWIQUH-0005,subscription_cycle,6_month,3,cus_neV3dhZqEvMmwP,Olivia Walker,olivia.walker@ironfield-logistics.example,Ironfield Logistics LLC,self_serve,it_lead,logistics,US,sub_1SSIoJEzj02dVLeYvIVLjXZI
ch_3PWDGHTabNB8hptBXfpH7glw,2025-12-20 13:37:51,failed,980.0,0.0,,,card,expired_card,277HOT0R-0003,subscription_cycle,12_month,1,cus_ts56A27kF8TR8S,Daniel Zimmermann,daniel.zimmermann@bluepath-systems-integration.example,Bluepath Systems Integration,self_serve,head_of_wireless,it_services,CH,sub_1xlbNepnfDEe7YX7QFKsJhTJ
py_3Ejlm0Kyq7YOWSzrolq9sYuo,2025-12-21 13:29:06,succeeded,1960.0,0.0,5.0,1955.0,bank_transfer,,468H7G9M-0001,subscription_create,12_month,2,cus_jG1IChRfaw67G0,Megan Thomas,megan.thomas@greenport-media.example,Greenport Media LLC,self_serve,it_lead,media,US,sub_19OBP5hM59frREHReovhFKwX
ch_3EbD9mt8hxOGLJJj6xkqt4JR,2025-12-23 03:41:44,succeeded,980.0,0.0,32.1,947.9,card,,MMJTCCJ5-0002,subscription_cycle,12_month,1,cus_SZoedQzWWWTeRD,Jessica Murphy,jessica.murphy@lumenfield-it-solutions.example,Lumenfield IT Solutions LLC,self_serve,head_of_wireless,it_services,US,sub_1fZ7hmqEXbN7evXzHzRv0NEe
ch_3tYu7TRgz79D6cVOVgRzfcha,2025-12-23 11:39:50,succeeded,980.0,0.0,14.95,965.05,card,,KZNF4BB9-0002,subscription_cycle,12_month,1,cus_TTHK4NyvSwHVqi,Jonas Karlsson,jonas.karlsson@lumenmark-construction.example,Lumenmark Construction,self_serve,it_lead,construction,DK,sub_1Ions7xSrFXhFryx9Twp24zp
ch_3DwSx0r1roRzRxwUsFLJH01N,2025-12-23 14:57:51,succeeded,980.0,0.0,32.1,947.9,card,,277HOT0R-0003,subscription_cycle,12_month,1,cus_ts56A27kF8TR8S,Daniel Zimmermann,daniel.zimmermann@bluepath-systems-integration.example,Bluepath Systems Integration,self_serve,head_of_wireless,it_services,CH,sub_1xlbNepnfDEe7YX7QFKsJhTJ
ch_3hj4ylW2AuTTHKBjRlIvz1ln,2025-12-23 20:23:55,succeeded,599.0,0.0,19.72,579.28,card,,5GXYH241-0001,subscription_create,6_month,1,cus_12zDvesDal3Vl2,Wei Scott,wei.scott@cedarlink-rf-consulting.example,Cedarlink RF Consulting LLC,self_serve,network_consultant,network_consulting,US,sub_1FSnr0U2YmvFVxUVAniApovb
ch_3ztlYj7yxDZEMdV1em6eO5H6,2025-12-24 04:54:35,succeeded,980.0,0.0,14.95,965.05,card,,WBP4JRNR-0003,subscription_cycle,12_month,1,cus_Dd8diUGRAHLDT9,Daniel Weber,daniel.weber@stonemark-wi-fi-solutions.example,Stonemark Wi-Fi Solutions GmbH,self_serve,network_consultant,network_consulting,DE,sub_1dzmGAuSC5DSIvhHfeQHeM5y
ch_3j4X8E3lith2DIUJADsdL6ey,2025-12-24 07:38:50,succeeded,980.0,0.0,32.1,947.9,card,,HSND356S-0001,subscription_create,12_month,1,cus_NfvXQF4yIEXHYI,John Wright,john.wright@atlasmark-networks.example,Atlasmark Networks,self_serve,network_consultant,network_consulting,US,sub_1nrrRKu25txpfCwKw7q1t78Z
ch_30Zwgfwjg8FZmjXRqEyNObCc,2025-12-24 14:45:22,succeeded,599.0,0.0,9.23,589.77,card,,L8ABF3M6-0001,subscription_create,6_month,1,cus_k48s9MRv0IEXHN,Claire Mercier,claire.mercier@alpinemark-systems-integration.example,Alpinemark Systems Integration,self_serve,head_of_wireless,it_services,FR,sub_10RJgXVIGxuBsbhD6GuC2lcM
ch_3GxnbLtWZ45c9zMJS3dgKggH,2025-12-24 15:25:21,succeeded,980.0,0.0,32.1,947.9,card,,3CK09LKC-0001,subscription_create,12_month,1,cus_NhoVUMSwTkEBtx,Paul Hall,paul.hall@pinepath-wi-fi-solutions.example,Pinepath Wi-Fi Solutions LLC,self_serve,network_consultant,network_consulting,US,sub_1bvARHR4INTm1u1Mhznz5uEM
ch_3VR9oZKJiyfGnDhDHwYGhL9X,2025-12-25 06:01:09,succeeded,599.0,0.0,9.23,589.77,card,,G2E3BGD1-0003,subscription_cycle,6_month,1,cus_TksqZm7RA9orV6,Christian Weber,christian.weber@brightfield-clinics.example,Brightfield Clinics GmbH,self_serve,it_lead,healthcare,DE,sub_17BDsyASfzaXL2P0YVYemTyX
ch_30TqrmKj9K3ssOKU7AeB1DpL,2025-12-25 07:09:54,succeeded,980.0,0.0,14.95,965.05,card,,TXFEG44T-0001,subscription_create,12_month,1,cus_LdKS3S8bWGVvBC,Sanne de Vries,sanne.devries@balticport-hotels.example,Balticport Hotels B.V.,self_serve,it_lead,hospitality,NL,sub_1YXctqKr5LVUvpC4le4Afnoh
ch_3xKHxEWOcA1VJQVAowg51psz,2025-12-25 12:45:46,succeeded,980.0,0.0,14.95,965.05,card,,REBT95HL-0002,subscription_cycle,12_month,1,cus_tmbgxRRAvEUYKp,Bjørn Pedersen,bjorn.pedersen@greenpeak-rf-consulting.example,Greenpeak RF Consulting,self_serve,network_consultant,network_consulting,DK,sub_1Cni6eTEUZmXJxwKDriWrN2y
ch_36pI7ONeXJ6RjMEwvQPNIkhA,2025-12-25 13:38:56,succeeded,599.0,0.0,9.23,589.77,card,,LQXQL11F-0001,subscription_create,6_month,1,cus_2pZezBk4aWBhlE,Kari Koskinen,kari.koskinen@balticpeak-media.example,Balticpeak Media,self_serve,it_lead,media,FI,sub_1e5sZAsgejr4nvaGXJTTBtU7
ch_3dUmvces72utLoJnfMhkjxCb,2025-12-25 13:42:58,succeeded,599.0,0.0,19.72,579.28,card,,ANR15V3N-0002,subscription_cycle,6_month,1,cus_zWWqW3dpIa7wgH,John Adams,john.adams@alpinestream-clinics.example,Alpinestream Clinics LLC,self_serve,it_lead,healthcare,US,sub_1FbDnE4Kn5CyWWUPxArr9jiA
ch_3w4rNixmzLYEgJMTtrQINw5g,2025-12-25 23:23:38,succeeded,599.0,0.0,19.72,579.28,card,,RLE8LH7A-0003,subscription_cycle,6_month,1,cus_yqF5m5PYyQexXT,Ryan Jackson,ryan.jackson@jackson-network-services.example,Jackson Network Services,self_serve,network_consultant,network_consulting,US,sub_1JLeJbSsC83pSQIBNWSjDmiR
ch_331a8CyZX0U0xCxUf5YDvF5j,2025-12-26 08:04:27,succeeded,599.0,0.0,9.23,589.77,card,,EN9L6HN9-0008,subscription_cycle,6_month,1,cus_uaIM5yUmzkfOj7,Anders Holm,anders.holm@holm-wireless-consulting.example,Holm Wireless Consulting,self_serve,network_consultant,network_consulting,NO,sub_1fDMI5neTUoUbKCe0NOrIt7s
ch_3s5SHQDR5VsufFz466r2O0fc,2025-12-26 11:06:18,succeeded,599.0,0.0,15.23,583.77,card,,TWJ0RSE7-0001,subscription_create,6_month,1,cus_Y6qU71znvMM9FX,Olivia King,olivia.king@nordicport-properties.example,Nordicport Properties,self_serve,it_lead,real_estate,GB,sub_1UKW7oUGjpBBMn8cauEBBbyO
py_3iBKJ8vmIzkhazVpQzqSuNPZ,2025-12-26 19:50:00,succeeded,1960.0,0.0,5.0,1955.0,bank_transfer,,U7QQSOW5-0001,subscription_create,12_month,2,cus_LyM86VxS7EdCKM,Priya Lewis,priya.lewis@greencore-industries.example,Greencore Industries LLC,self_serve,it_lead,manufacturing,US,sub_1Uodry0DKo7ArfiQu4e1xUZq
ch_3HW4lBeGDUog2hQqPn7qkfgJ,2025-12-28 09:12:43,succeeded,980.0,0.0,14.95,965.05,card,,887XL18L-0003,subscription_cycle,12_month,1,cus_XOL9OI365tnUI6,Eero Heinonen,eero.heinonen@atlasport-wi-fi-solutions.example,Atlasport Wi-Fi Solutions,self_serve,network_consultant,network_consulting,FI,sub_1xlJiKrLfBFQns2wy3BH4IJM
ch_3TVtkoCaP4BpX4pkNRjUxJ7o,2025-12-29 04:38:39,succeeded,980.0,0.0,32.1,947.9,card,,GW23ZDOZ-0001,subscription_create,12_month,1,cus_gxs5ZMAB49JljA,Wei Brown,wei.brown@harborpath-technology-group.example,Harborpath Technology Group LLC,self_serve,head_of_wireless,it_services,US,sub_12oeyI2txJaawIrY4f6Th3XF
ch_37jtv5cYZvWrBBKxQhITyJpi,2025-12-29 08:35:33,succeeded,980.0,0.0,14.95,965.05,card,,C3OGU58C-0002,subscription_cycle,12_month,1,cus_0Tmb8ee9ewAOva,Sven Hoffmann,sven.hoffmann@hoffmann-network-services.example,Hoffmann Network Services GmbH,self_serve,network_consultant,network_consulting,DE,sub_17NBG8J1SYGKIA2OHVogoyfY
ch_3t7nWsLVrIjyPpqlAjEau3KO,2025-12-29 19:23:32,succeeded,599.0,0.0,19.72,579.28,card,,AIXD4Z86-0001,subscription_create,6_month,1,cus_HTIkFAEwDxIExB,Andrew King,andrew.king@cedarworks-media.example,Cedarworks Media,self_serve,it_lead,media,US,sub_1i7kQpR3Iv5SeXVtI0OL4tDl
ch_3tbn9fzAPVrUL4qW25jk7npl,2025-12-30 06:14:17,succeeded,980.0,0.0,32.1,947.9,card,,3T0WBHW3-0001,subscription_create,12_month,1,cus_zp2inILdLYy2Hg,David Parker,david.parker@auroraworks-clinics.example,Auroraworks Clinics LLC,self_serve,it_lead,healthcare,US,sub_1HEtGIic6OWReor8HesHXW4k
ch_3b1cbzaphBc4Mski1INuEVMx,2025-12-30 12:45:17,succeeded,2940.0,0.0,95.8,2844.2,card,,91ASTWFU-0001,subscription_create,12_month,3,cus_KaSXPKmRLyLcYH,Laura Phillips,laura.phillips@bluefield-rf-consulting.example,Bluefield RF Consulting,self_serve,network_consultant,network_consulting,US,sub_1QZHWAY2IyLqvZtulYjbLlcf
ch_3cuqPR44kSA8avtlDBqKrnC5,2025-12-30 21:53:20,failed,980.0,0.0,,,card,card_declined,GEEYHTEO-0002,subscription_cycle,12_month,1,cus_tBqsmJXZOmq3cY,Claire Lambert,claire.lambert@stonestream-networks.example,Stonestream Networks SAS,self_serve,network_consultant,network_consulting,FR,sub_1sQldgYcB957bL1L5oZ4QJzR
ch_3viGm41td5l6Qa9fQcd29PBL,2025-12-31 10:12:09,succeeded,1960.0,0.0,49.25,1910.75,card,,Z5DZ2GWE-0001,subscription_create,12_month,2,cus_uyndQVr5uefPpE,Emily Williams,emily.williams@novapeak-telecom.example,Novapeak Telecom Ltd,self_serve,head_of_wireless,telecom,GB,sub_1okEVhupvcNk1Sji8y0wkkmO
py_37Lo4k3cr9KDcE7UxjKXn5sc,2025-12-31 18:27:19,succeeded,1960.0,0.0,5.0,1955.0,bank_transfer,,ETKAKWX1-0001,subscription_create,12_month,2,cus_6VuwpsFhIan386,Kari Hämäläinen,kari.hamalainen@pinepeak-telecom.example,Pinepeak Telecom Oy,self_serve,head_of_wireless,telecom,FI,sub_1fVHhepm8qtoxjeWnelRhR49
ch_3ptd89pVEtOuYCl2yIHLALk6,2026-01-01 08:23:00,succeeded,599.0,0.0,9.23,589.77,card,,31FU63FU-0002,subscription_cycle,6_month,1,cus_F0iJGOBhEglZS0,Luca Greco,luca.greco@clearline-communications.example,Clearline Communications,self_serve,head_of_wireless,telecom,IT,sub_1ae4vBD6qsEpakmBTBQMdNR8
py_3978FF7tIzXqSI4tf2JlXixI,2026-01-01 12:01:24,succeeded,1960.0,0.0,5.0,1955.0,bank_transfer,,BAK5XLTZ-0001,subscription_create,12_month,2,cus_jB5rfyvP1W7jNK,Sven Braun,sven.braun@nordicwave-retail-group.example,Nordicwave Retail Group GmbH,self_serve,it_lead,retail,DE,sub_1Q7FcCTMNckuXtoIFA7eA3Tk
ch_3gmJKMNzSMP3Vh2HMZsW2sqE,2026-01-02 13:37:14,succeeded,980.0,0.0,14.95,965.05,card,,U68UQ7V6-0001,subscription_create,12_month,1,cus_Kie9zlcVg8b6M4,Ruben Bos,ruben.bos@postbox.example,,self_serve,network_consultant,network_consulting,NL,sub_146ugDZ8dhfzK4efLAeoFB3b
ch_3COcgXwefFE9lklhbo5Hin2a,2026-01-02 23:02:20,succeeded,980.0,0.0,14.95,965.05,card,,GEEYHTEO-0002,subscription_cycle,12_month,1,cus_tBqsmJXZOmq3cY,Claire Lambert,claire.lambert@stonestream-networks.example,Stonestream Networks SAS,self_serve,network_consultant,network_consulting,FR,sub_1sQldgYcB957bL1L5oZ4QJzR
ch_3SuBzLb0RQO9UYfaWmJnngWo,2026-01-03 15:10:04,succeeded,980.0,0.0,32.1,947.9,card,,IFFBXGDU-0004,subscription_cycle,12_month,1,cus_Sw4MgUpJWU42xb,Robert Clark,robert.clark@clark-network-services.example,Clark Network Services LLC,self_serve,network_consultant,network_consulting,US,sub_1WoDSoFRSMzzyJByJhKqYFzi
ch_32y6njt0PzrL3ewIrgmf2EzI,2026-01-05 04:57:41,succeeded,1960.0,0.0,63.95,1896.05,card,,R2PMSTAV-0003,subscription_cycle,12_month,2,cus_DedlewYj8bVJvW,Chris Wilson,chris.wilson@wilson-network-services.example,Wilson Network Services LLC,self_serve,network_consultant,network_consulting,US,sub_1ugxTGxtQm5ANlrSiPx9RH9D
ch_3kYT85G48ISGNeHGiDRxB5qI,2026-01-05 06:10:16,succeeded,980.0,0.0,32.1,947.9,card,,KY821WGG-0001,subscription_create,12_month,1,cus_Y5zXrpX4UxFS5g,Amanda Martin,amanda.martin@alpinepoint-wi-fi-solutions.example,Alpinepoint Wi-Fi Solutions LLC,self_serve,network_consultant,network_consulting,US,sub_1IRl3JLshFpUxudToFvHWkVX
ch_3M0R17vZHqZUT2l16s19Ra9Y,2026-01-05 10:19:40,succeeded,1797.0,0.0,58.65,1738.35,card,,R9IMGC2H-0001,subscription_create,6_month,3,cus_ufQDfdjm2ilhx7,Sarah Taylor,sarah.taylor@polarfield-properties.example,Polarfield Properties,self_serve,it_lead,real_estate,US,sub_1vRYtlWmhhLuDxqMFpbQOQjg
ch_3b7hZbimBzYDTsYFfX07A1ya,2026-01-05 11:41:29,succeeded,1797.0,0.0,27.21,1769.79,card,,HREV3838-0001,subscription_create,6_month,3,cus_1PNShRN7XP7pjc,Johan Nilsson,johan.nilsson@brightpeak-systems-integration.example,Brightpeak Systems Integration,self_serve,head_of_wireless,it_services,SE,sub_1Eg1zGnQfjnUy54ZQTfPwBIT
ch_3m3ufQZaBEtxqRQrEiW1bkCc,2026-01-05 13:16:01,succeeded,980.0,0.0,32.1,947.9,card,,U6X0HUMG-0001,subscription_create,12_month,1,cus_HsDxUwWFgEpLQZ,Raj Patel,raj.patel@greenpeak-rf-consulting.example,Greenpeak RF Consulting Inc.,self_serve,network_consultant,network_consulting,CA,sub_1ujaKVI11G0FaVCMej4KaJee
ch_3aO6dx7tEupUdKE2gUHu5EdP,2026-01-06 04:49:54,succeeded,2940.0,0.0,95.8,2844.2,card,,1X8BPLT5-0001,subscription_create,12_month,3,cus_JzVkXy4NP8YfX9,Wei Turner,wei.turner@pinepoint-wireless.example,Pinepoint Wireless,self_serve,network_consultant,network_consulting,US,sub_1q1AxhlH437x1kJPTspUK0E8
ch_3M28M3rJYf76vMHinqbRpSsl,2026-01-06 15:45:15,succeeded,599.0,0.0,19.72,579.28,card,,4OGK0UQJ-0001,subscription_create,6_month,1,cus_LqlnOJdNjQIny0,Sarah Baker,sarah.baker@postbox.example,,self_serve,network_consultant,network_consulting,US,sub_1AZq8VaObGl1FQuRdcmmJbSw
ch_34pFvhMHQKTRFQR6kiLpSti8,2026-01-06 18:31:12,succeeded,1198.0,0.0,39.19,1158.81,card,,7K2LWH06-0004,subscription_cycle,6_month,2,cus_uYyaSLAXEmc67n,Mark Parker,mark.parker@auroralink-warehousing.example,Auroralink Warehousing,self_serve,it_lead,logistics,US,sub_1tGA1H7jCatgfPfqOGXRHVli
ch_3NJQmRlJ7XrrvRbHkmRuV0eM,2026-01-07 05:17:10,succeeded,980.0,0.0,32.1,947.9,card,,182H4SUR-0003,subscription_cycle,12_month,1,cus_mlInbkkraigdby,Ben Jackson,ben.jackson@jackson-wireless-consulting.example,Jackson Wireless Consulting Pty Ltd,self_serve,network_consultant,network_consulting,AU,sub_1h02hqJJMRRFow5VUIfqLjrA
ch_32krfuHIOg1reI2kI5wnpALs,2026-01-07 13:43:52,failed,980.0,0.0,,,card,card_declined,J513E6WG-0002,subscription_cycle,12_month,1,cus_WVHVSaWtfShiw5,Priya Scott,priya.scott@clearlink-wireless.example,Clearlink Wireless,self_serve,network_consultant,network_consulting,US,sub_1lZtAlpEwOgBZ1gfSs9CtOvB
ch_3G84qAFAeBa5kVU0l9BbbvUC,2026-01-07 17:32:57,succeeded,980.0,0.0,14.95,965.05,card,,N58OHUTH-0002,subscription_cycle,12_month,1,cus_cLMOG4pKUozAXH,Matthias Weber,matthias.weber@nordicworks-foods.example,Nordicworks Foods,self_serve,it_lead,food_beverage,DE,sub_1ciL5Bp6f8y4S7H7ZBPXatih
py_3S0dp7GXAcGScd3umb7ON3Qr,2026-01-07 20:06:05,succeeded,2396.0,0.0,5.0,2391.0,bank_transfer,,FAU3RV4Y-0004,subscription_cycle,6_month,4,cus_5DBNpEQ1CzIUwD,Andrea Bianchi,andrea.bianchi@silverfield-warehousing.example,Silverfield Warehousing S.r.l.,self_serve,it_lead,logistics,IT,sub_1U8Z6Fh843I7Ugtt3Hi4jplu
ch_3GDytsYDngyVuOYPJvHsi2Xy,2026-01-08 12:16:56,succeeded,599.0,0.0,15.23,583.77,card,,EPNWXJ2U-0001,subscription_create,6_month,1,cus_la99UaG034rc4v,Steve Nelson,steve.nelson@nelson-network-services.example,Nelson Network Services,self_serve,network_consultant,network_consulting,GB,sub_10wYMGsXTEpYahM6A7tcGFrz
ch_3VLHEm6TjLlqBn6dIEcJlQxe,2026-01-09 08:19:25,succeeded,980.0,0.0,14.95,965.05,card,,SK9MSEGQ-0001,subscription_create,12_month,1,cus_PEKa2jdkelYgWW,Josh Taylor,josh.taylor@lumenpath-clinics.example,Lumenpath Clinics Ltd,self_serve,it_lead,healthcare,IE,sub_1OScvYX1DLq5kl4Xs30l2KWN
ch_3T6EgeH0rCMQEoQxGh2MPWAw,2026-01-09 12:28:40,succeeded,599.0,0.0,19.72,579.28,card,,AL06PLTL-0001,subscription_create,6_month,1,cus_aDzVN7m0eqUB3g,Ryan Williams,ryan.williams@polarview-networks.example,Polarview Networks,self_serve,network_consultant,network_consulting,US,sub_138TgcWEzehiQNH9bNVqT70g
ch_3po1x0hTtiYe8zhIy0BZWbs9,2026-01-09 18:14:31,succeeded,4900.0,0.0,159.5,4740.5,card,,1ZPTJF6V-0001,subscription_create,12_month,5,cus_AUDKeEYEVcNnqf,John Campbell,john.campbell@vertexstream-systems-integration.example,Vertexstream Systems Integration,self_serve,head_of_wireless,it_services,US,sub_1astPQhR48mGmiDjEPO3wmSm
ch_39voaxdyxhZHQ49U6XiQUsf0,2026-01-09 20:30:14,succeeded,599.0,0.0,19.72,579.28,card,,J2V0W838-0001,subscription_create,6_month,1,cus_NUfnkp8xBMlJps,Jessica Kim,jessica.kim@lumengate-hotels.example,Lumengate Hotels Pty Ltd,self_serve,it_lead,hospitality,AU,sub_1gAwlh8BYf5gr3PaOInMf1Bn
ch_3dFtqDiD5w3K1rC7GsdRPzj9,2026-01-10 04:57:47,succeeded,599.0,0.0,9.23,589.77,card,,TCS3U8KR-0001,subscription_create,6_month,1,cus_IqpqVinUeTIqUq,Johan Johansson,johan.johansson@ironcore-properties.example,Ironcore Properties AB,self_serve,it_lead,real_estate,SE,sub_1A2FmGPdYdDq82teDRkIm7bC
ch_3MUD00dtD0096WTpErtNJbh0,2026-01-10 10:43:25,succeeded,1960.0,0.0,49.25,1910.75,card,,CXYEDUOD-0002,subscription_cycle,12_month,2,cus_NljSUUxJ60zvvY,Daniel Jones,daniel.jones@northline-wi-fi-solutions.example,Northline Wi-Fi Solutions,self_serve,network_consultant,network_consulting,GB,sub_1m5iHaCFQG1x8B0eg5MUIb9l
ch_3Vc7jJUeSUXeGP3iWJQRfIlT,2026-01-10 12:37:27,succeeded,599.0,0.0,19.72,579.28,card,,AITLG0E5-0002,subscription_cycle,6_month,1,cus_bxem6hkyMXtv5Y,Emily Nguyen,emily.nguyen@balticbridge-schools.example,Balticbridge Schools,self_serve,it_lead,education,US,sub_1bS2lvhAiPSYuSHIRRprBl5R
ch_3ECTF3pFSO26lF1gPk2mNCGu,2026-01-10 15:06:52,succeeded,980.0,0.0,32.1,947.9,card,,J513E6WG-0002,subscription_cycle,12_month,1,cus_WVHVSaWtfShiw5,Priya Scott,priya.scott@clearlink-wireless.example,Clearlink Wireless,self_serve,network_consultant,network_consulting,US,sub_1lZtAlpEwOgBZ1gfSs9CtOvB
ch_335HByeRaY9DgWz2tv2NLhJg,2026-01-10 19:36:21,succeeded,980.0,0.0,14.95,965.05,card,,U5E19TSS-0001,subscription_create,12_month,1,cus_abYBdyD18mQUB4,Sara Dahl,sara.dahl@dahl-wireless-consulting.example,Dahl Wireless Consulting ApS,self_serve,network_consultant,network_consulting,DK,sub_16G5TkZUFpuVI6iGkIB3ed94
ch_3RmWz4qUtRq0rUPK63b2QXm5,2026-01-11 08:14:29,succeeded,1198.0,0.0,39.19,1158.81,card,,8QWNZWD1-0002,subscription_cycle,6_month,2,cus_26yZ7I3DthRnhp,Megan Mitchell,megan.mitchell@mitchell-network-services.example,Mitchell Network Services,self_serve,network_consultant,network_consulting,US,sub_10hdJs9AUqmMcsbzwBeP7hU7
ch_3wfgS22frS21O6f0zvTdZY41,2026-01-12 12:57:41,succeeded,599.0,0.0,19.72,579.28,card,,Z4045M5V-0001,subscription_create,6_month,1,cus_15XEzRFLLl13xS,Priya King,priya.king@stonecore-rf-consulting.example,Stonecore RF Consulting Inc.,self_serve,network_consultant,network_consulting,CA,sub_1qVK0qerq7fmPI5yHSOhJs6d
ch_3fcTbM38MPko1pEELXFNRUL4,2026-01-12 16:58:11,succeeded,599.0,0.0,19.72,579.28,card,,888SK9DK-0001,subscription_create,6_month,1,cus_csRyOKiZ9w1yXH,David Martin,david.martin@martin-network-services.example,Martin Network Services LLC,self_serve,network_consultant,network_consulting,US,sub_17LqzmXT4GVmEp35vmIOZ2Lk
ch_3tmoTGOaKsNvp6w6Xsa4rR2T,2026-01-13 06:37:26,succeeded,980.0,0.0,32.1,947.9,card,,SRKHGYFD-0002,subscription_cycle,12_month,1,cus_9UYcZ5meFd4T5Y,James Thompson,james.thompson@novaport-rf-consulting.example,Novaport RF Consulting LLC,self_serve,network_consultant,network_consulting,US,sub_1nmu1VdxNi1Ff9dtILWkzUKe
ch_3hg3OltE9OGYNUUPBvjGF5m6,2026-01-15 05:30:37,succeeded,980.0,0.0,32.1,947.9,card,,E8M0AUSQ-0004,subscription_cycle,12_month,1,cus_sZVEsurxDXmklu,Ahmed Kim,ahmed.kim@polarwave-communications.example,Polarwave Communications LLC,self_serve,head_of_wireless,telecom,US,sub_1ggwlod36EHQerlJ8RKfN3IO
ch_3NZAAAL8icEwIdh25wNDyG0R,2026-01-15 08:43:07,succeeded,980.0,0.0,32.1,947.9,card,,77ERJ0E1-0002,subscription_cycle,12_month,1,cus_TLV3IrANcpyMqm,Paul Thompson,paul.thompson@thompson-wireless-consulting.example,Thompson Wireless Consulting LLC,self_serve,network_consultant,network_consulting,US,sub_1ZAjByA69kYr4uuxZDuO5gRb
ch_3xkzJr6V9MCU6iN32hYs93Rs,2026-01-15 12:49:17,succeeded,2940.0,0.0,95.8,2844.2,card,,U7QOZZKC-0003,subscription_cycle,12_month,3,cus_tSbwQeytqwDNMx,Paul Hall,paul.hall@mapleview-technology-group.example,Mapleview Technology Group,self_serve,head_of_wireless,it_services,CA,sub_1BAs4DpOr1mvIWW5mqQGn16P
ch_3CYtX2kxRkirzVPzhV4BheHF,2026-01-15 13:07:39,succeeded,599.0,0.0,9.23,589.77,card,,T23DC7HM-0002,subscription_cycle,6_month,1,cus_1aAHnApvC4KvAl,Guillaume Lambert,guillaume.lambert@pinepeak-wi-fi-solutions.example,Pinepeak Wi-Fi Solutions SAS,self_serve,network_consultant,network_consulting,FR,sub_1gnwmdQROQXBR69ycvh0oU52
ch_3AOAmsh6kMchhAsXMVySTsnK,2026-01-15 14:17:11,succeeded,1960.0,0.0,49.25,1910.75,card,,T5Z9DDHQ-0001,subscription_create,12_month,2,cus_CnHs0Pyodt3ONM,Paul Kelly,paul.kelly@ironpoint-networks.example,Ironpoint Networks Ltd,self_serve,network_consultant,network_consulting,GB,sub_1tkXa0xvnkD1m3MyfK5bWOzK
ch_3KAXKSgytAC3wWFpNtFetyhg,2026-01-15 16:28:50,succeeded,1198.0,0.0,18.22,1179.78,card,,A312H8IT-0001,subscription_create,6_month,2,cus_FcG8D99w1bwrVx,Nicolas Bernard,nicolas.bernard@bernard-wireless-consulting.example,Bernard Wireless Consulting,self_serve,network_consultant,network_consulting,FR,sub_1ZmyNJ47G4wybmiGaZWsiuSg
ch_3wSmcH9nK3bhZ7j6bE7Hwhwm,2026-01-16 15:40:15,succeeded,980.0,0.0,32.1,947.9,card,,HO653PKD-0002,subscription_cycle,12_month,1,cus_88g4XaEAwiCcF0,Rachel Young,rachel.young@young-wireless-consulting.example,Young Wireless Consulting LLC,self_serve,network_consultant,network_consulting,US,sub_1XO02YZlfuCXFIjZUFaGVPvy
ch_3vDQf29OVJFA3fxCxhmxb0un,2026-01-16 16:32:44,succeeded,599.0,0.0,19.72,579.28,card,,LPOV2OWC-0001,subscription_create,6_month,1,cus_mBQDS5VRLJq6za,Emily Moore,emily.moore@northpath-technology-group.example,Northpath Technology Group Pty Ltd,self_serve,head_of_wireless,it_services,AU,sub_1hODb2gSVaEiVM1GPEoRZ7Vg
ch_3eVc5qgr5ddgeZGbjqXkn6lN,2026-01-16 20:11:32,failed,2940.0,0.0,,,card,card_declined,RGFJ32XJ-0001,subscription_create,12_month,3,cus_uaTg86sszjqMx3,Rasmus Halvorsen,rasmus.halvorsen@northpeak-communications.example,Northpeak Communications AB,self_serve,head_of_wireless,telecom,SE,sub_19WhiMczAVLIOpOMUycEvnrM
ch_3E0i224N3ZvaLqa7r5ZiAXff,2026-01-16 20:15:17,succeeded,2940.0,0.0,44.35,2895.65,card,,RGFJ32XJ-0001,subscription_create,12_month,3,cus_uaTg86sszjqMx3,Rasmus Halvorsen,rasmus.halvorsen@northpeak-communications.example,Northpeak Communications AB,self_serve,head_of_wireless,telecom,SE,sub_19WhiMczAVLIOpOMUycEvnrM
ch_3aqXy5GN2gEsC4PWm9NBj48P,2026-01-17 09:46:00,succeeded,599.0,0.0,5.14,593.86,sepa_debit,,V0ZZQ45C-0007,subscription_cycle,6_month,1,cus_3co8IZALw07t8V,Marko Järvinen,marko.jarvinen@greengate-it-solutions.example,Greengate IT Solutions,self_serve,head_of_wireless,it_services,FI,sub_1p7QUjGcufpSjsGeeMBS6H8s
ch_3bXKYgWDWEE6XgINLEPN4v4y,2026-01-17 09:47:10,succeeded,599.0,0.0,19.72,579.28,card,,GB9YKUBB-0002,subscription_cycle,6_month,1,cus_teu03EDMllIOWK,Kate Hall,kate.hall@stoneview-wireless.example,Stoneview Wireless,self_serve,network_consultant,network_consulting,US,sub_1vseLNeZm13r10rFin2urvvA
ch_3fyydEt9vJfJoyKeTbVj6Hka,2026-01-17 11:45:54,succeeded,1198.0,0.0,18.22,1179.78,card,,MCID7TJS-0002,subscription_cycle,6_month,2,cus_NWY7p5p4ydrhnu,Sabine Schneider,sabine.schneider@orbitlink-warehousing.example,Orbitlink Warehousing GmbH,self_serve,it_lead,logistics,DE,sub_1qvm00TYk41Jtfz8dVYfoRqb
ch_3AqVB3Oy5jHkt2NpoauPHHc0,2026-01-17 16:18:51,succeeded,980.0,0.0,14.95,965.05,card,,GUDTJD80-0001,subscription_create,12_month,1,cus_CECFhn8bdotZ1x,Ville Salonen,ville.salonen@polargate-rf-consulting.example,Polargate RF Consulting Oy,self_serve,network_consultant,network_consulting,FI,sub_1LW5uqrsoLYSjA2ir5J7kMYg
ch_3gNQLEvtRZPnszyviefGDkXv,2026-01-18 08:10:38,succeeded,980.0,0.0,14.95,965.05,card,,HCWUDDVJ-0003,subscription_cycle,12_month,1,cus_0pBbUeT5UC9s2s,Mats Madsen,mats.madsen@greenview-wi-fi-solutions.example,Greenview Wi-Fi Solutions AB,self_serve,network_consultant,network_consulting,SE,sub_1mj42GIqz4pOfnFR5sBKoh3r
ch_3cLknmYdQwSiq0CpefJf45tR,2026-01-19 10:06:30,succeeded,599.0,599.0,9.23,589.77,card,,AOJS66FY-0001,subscription_create,6_month,1,cus_p8voOl8VXv0UuE,Eero Nieminen,eero.nieminen@greenworks-rf-consulting.example,Greenworks RF Consulting Oy,self_serve,network_consultant,network_consulting,FI,sub_1YGeEShv1Ue214Rn4wbvSCUo
ch_3IydmIx3gb4gHRTlUyBp1NuA,2026-01-19 10:21:37,succeeded,980.0,0.0,14.95,965.05,card,,FXFET2Q8-0001,subscription_create,12_month,1,cus_ug8wVtDL8lmZv2,Søren Larsson,soren.larsson@larsson-wireless-consulting.example,Larsson Wireless Consulting AS,self_serve,network_consultant,network_consulting,NO,sub_13kUUSHssqv8ATt6rhr5QYMj
ch_3oi1oDl8k7OwUydJ62lQXNc6,2026-01-19 14:57:45,succeeded,599.0,0.0,9.23,589.77,card,,BGYUFNIO-0001,subscription_create,6_month,1,cus_8qkJ8QsK6sDbrT,Jonas Pedersen,jonas.pedersen@alpinepoint-rf-consulting.example,Alpinepoint RF Consulting,self_serve,network_consultant,network_consulting,DK,sub_1fISo1FrfyJDdqzt9tb705xf
py_39bycbkYM8Isqrsgxaf58wjb,2026-01-19 15:17:04,succeeded,1960.0,0.0,5.0,1955.0,bank_transfer,,CFS3JYV9-0001,subscription_create,12_month,2,cus_hlydOSSXk980S7,Jessica Lee,jessica.lee@clearwave-it-solutions.example,Clearwave IT Solutions,self_serve,head_of_wireless,it_services,CA,sub_1HgOzgQk0KBcgpRTlU9rB8wA
ch_3Cj40HAsTFX6vx5sa56ksRku,2026-01-19 15:35:48,succeeded,599.0,0.0,9.23,589.77,card,,DH6RRW5U-0001,subscription_create,6_month,1,cus_dptgvAEQypTNTE,Mikkel Hansen,mikkel.hansen@orbitfield-rf-consulting.example,Orbitfield RF Consulting AB,self_serve,network_consultant,network_consulting,SE,sub_1Ku07Q2weSyOqHiEfBUQyPqJ
ch_3WAJsd2vdVus2UX4RE9lD9rd,2026-01-19 20:39:49,succeeded,599.0,0.0,19.72,579.28,card,,W4OM1DOC-0004,subscription_cycle,6_month,1,cus_utfMj4MUUpqVdJ,Sven Hartmann,sven.hartmann@summitpath-it-solutions.example,Summitpath IT Solutions,self_serve,head_of_wireless,it_services,CH,sub_1IItH6mTG2VoT8N3d54XfwzI
ch_3ufs5YiTAa59SjV9IiZDPoN4,2026-01-20 20:20:01,succeeded,599.0,0.0,15.23,583.77,card,,7TJXZGVA-0002,subscription_cycle,6_month,1,cus_poktdm5ae3OLDB,Matt Thompson,matt.thompson@aurorabridge-networks.example,Aurorabridge Networks,self_serve,network_consultant,network_consulting,GB,sub_1T5qaHwZPJP5j2cW8WNqIzlx
ch_38qb6UJb6bTm0SUb5iwVyUh5,2026-01-21 07:37:34,succeeded,599.0,0.0,19.72,579.28,card,,2UIESRPP-0001,subscription_create,6_month,1,cus_XI84Rdhk7EAWbh,Brian Thomas,brian.thomas@thomas-network-services.example,Thomas Network Services LLC,self_serve,network_consultant,network_consulting,US,sub_1SZ4VyEtG4NOzTM7D7vhuO7D
ch_3NaFWqrtaN886QkvgzEQ0aX0,2026-01-21 09:55:33,succeeded,980.0,0.0,32.1,947.9,card,,7LQK3EW0-0001,subscription_create,12_month,1,cus_dgSJdsgPe3cfK9,Kate Collins,kate.collins@collins-network-services.example,Collins Network Services Inc.,self_serve,network_consultant,network_consulting,CA,sub_1urdIA9Agd15GZJbno9ceVYP
ch_3TvVWvPHYGy9y5NBLsjwdwjl,2026-01-22 07:14:13,failed,599.0,0.0,,,card,card_declined,0R36OWIS-0002,subscription_cycle,6_month,1,cus_Huw57Of3fnoEXB,Nicole Roberts,nicole.roberts@roberts-wireless-consulting.example,Roberts Wireless Consulting LLC,self_serve,network_consultant,network_consulting,US,sub_1GGCZEhfGcZyN3o1JSny8nf5
ch_3bkCIO3auEwmzIIYBXtjvJW3,2026-01-22 09:06:39,succeeded,599.0,0.0,19.72,579.28,card,,S5552DO3-0001,subscription_create,6_month,1,cus_SYfuqDRtsXEggf,Robert Walker,robert.walker@deltapeak-systems-integration.example,Deltapeak Systems Integration,self_serve,head_of_wireless,it_services,US,sub_1f8ZY3sxaT0NiihtT46Ig0ib
ch_3JdNnr6suvB8Eimv0qISEQkn,2026-01-22 14:39:19,succeeded,980.0,0.0,14.95,965.05,card,,KRVB5QUD-0003,subscription_cycle,12_month,1,cus_mGyLCB6c1sQMtW,Femke Meijer,femke.meijer@bluepeak-clinics.example,Bluepeak Clinics,self_serve,it_lead,healthcare,NL,sub_1XGN9Me0eOcZWkHlIBH2309C
ch_35xtzEJD2eWQKwMJvXRym9jH,2026-01-22 15:28:51,succeeded,980.0,0.0,32.1,947.9,card,,7O2MVAW6-0001,subscription_create,12_month,1,cus_up8yrFfyABKmFO,Tom Clark,tom.clark@clark-wireless-consulting.example,Clark Wireless Consulting,self_serve,network_consultant,network_consulting,US,sub_1nDLBUEVRn6g0oacNA8Kolg4
ch_3fByIgJW6EP59u5AsRXAW3dY,2026-01-24 13:13:33,succeeded,1198.0,0.0,18.22,1179.78,card,,XKYD1FW0-0001,subscription_create,6_month,2,cus_jD8uzLLalurQJ2,Bram Jansen,bram.jansen@mailbox.example,,self_serve,network_consultant,network_consulting,BE,sub_17h2tCi6LK9vtfitiqhcdhhh
ch_3xNelqj9QjVIcZeVgBnnlQcR,2026-01-25 08:38:13,failed,599.0,0.0,,,card,card_declined,0R36OWIS-0002,subscription_cycle,6_month,1,cus_Huw57Of3fnoEXB,Nicole Roberts,nicole.roberts@roberts-wireless-consulting.example,Roberts Wireless Consulting LLC,self_serve,network_consultant,network_consulting,US,sub_1GGCZEhfGcZyN3o1JSny8nf5
ch_39hyCZgtwrOftzPhofPlt150,2026-01-25 12:12:14,succeeded,599.0,0.0,9.23,589.77,card,,JA8ITH1C-0003,subscription_cycle,6_month,1,cus_LfFkyIFsLQPy3F,Jan Klein,jan.klein@harbormark-retail-group.example,Harbormark Retail Group GmbH,self_serve,it_lead,retail,DE,sub_1dUGfpa5FatFctaPgPyP9uSQ
ch_3DA84RAyVBj12XKDwSmbPF7x,2026-01-26 09:07:41,succeeded,4900.0,0.0,159.5,4740.5,card,,XQHKMCXS-0001,subscription_create,12_month,5,cus_DkuHlR8XrcDXZV,Laura Miller,laura.miller@westgate-systems-integration.example,Westgate Systems Integration,self_serve,head_of_wireless,it_services,US,sub_1SBrTgfqLYQWDALi6U8lWFol
ch_3JSuq9z8cIIx9IiUfXfRkkdJ,2026-01-26 09:48:12,succeeded,980.0,0.0,14.95,965.05,card,,R5P1KQPK-0001,subscription_create,12_month,1,cus_S2JregfOrhUFsj,Marko Heinonen,marko.heinonen@alpinepath-communications.example,Alpinepath Communications,self_serve,head_of_wireless,telecom,FI,sub_1hYbhQ3iOewRIsBKYj4ixYk3
ch_3b7zUPuu8qHhY87wkYCJPK89,2026-01-26 10:58:45,succeeded,980.0,0.0,14.95,965.05,card,,LN6UJ71B-0001,subscription_create,12_month,1,cus_l6eidD3EJitOre,Dirk Wolf,dirk.wolf@brightview-managed-services.example,Brightview Managed Services,self_serve,head_of_wireless,it_services,DE,sub_1j6KvbCvPsQk4xd6TxeDiHG6
ch_3lgWIvJrMigJJwykyfmrS3G8,2026-01-26 15:57:02,succeeded,980.0,0.0,14.95,965.05,card,,3L04SHTS-0001,subscription_create,12_month,1,cus_dO0oltEf8rVyvK,Dirk Wagner,dirk.wagner@vertexfield-logistics.example,Vertexfield Logistics GmbH,self_serve,it_lead,logistics,DE,sub_1ENCnDgDldXEGe58wzPoqWqo
py_3gkSSpAwy8h0xHOIjBofvFmp,2026-01-27 10:04:09,succeeded,1960.0,0.0,5.0,1955.0,bank_transfer,,IW052JEN-0001,subscription_create,12_month,2,cus_hyGh0dfFYRDTUK,Katharina Meyer,katharina.meyer@northstream-foods.example,Northstream Foods GmbH,self_serve,it_lead,food_beverage,DE,sub_1C9nW7woFYPFztEwuvTqTiiJ
ch_3XMAhE55IHKXJSDhLuHqa4WM,2026-01-29 14:44:46,succeeded,980.0,0.0,32.1,947.9,card,,OVJG1XHA-0001,subscription_create,12_month,1,cus_6DXPSqxynNnU7Y,Wei Wright,wei.wright@wright-network-services.example,Wright Network Services,self_serve,network_consultant,network_consulting,US,sub_1ubteW3QwdPgd7Rcqe4cNJBM
ch_3vxalYcd6mCTynjk60pBJ5Ds,2026-01-29 17:18:09,succeeded,980.0,0.0,14.95,965.05,card,,0QP1RNRC-0001,subscription_create,12_month,1,cus_jLlA3NHpeykcfg,Jan Schröder,jan.schroder@alpinegate-systems-integration.example,Alpinegate Systems Integration,self_serve,head_of_wireless,it_services,DE,sub_1uNZO1EXERcbuFGNZOHGxrSc
ch_3fMdEcmCpqa84bpT0WijrbQX,2026-01-30 05:15:15,failed,980.0,0.0,,,card,card_declined,Z9SHRQE5-0002,subscription_cycle,12_month,1,cus_NOt1WFKAApFHh0,John Lewis,john.lewis@lumenpoint-foods.example,Lumenpoint Foods Inc.,self_serve,it_lead,food_beverage,CA,sub_1XIIVXcbTdu7n9d7sGMjC5CD
ch_3bXk22ZxjLDVleR2a319e4IT,2026-01-30 07:24:13,succeeded,599.0,0.0,19.72,579.28,card,,0R36OWIS-0002,subscription_cycle,6_month,1,cus_Huw57Of3fnoEXB,Nicole Roberts,nicole.roberts@roberts-wireless-consulting.example,Roberts Wireless Consulting LLC,self_serve,network_consultant,network_consulting,US,sub_1GGCZEhfGcZyN3o1JSny8nf5
ch_3ASeS5P8jFIPFbSzQsHryslY,2026-01-30 08:07:37,succeeded,980.0,0.0,14.95,965.05,card,,CRLKWIFE-0004,subscription_cycle,12_month,1,cus_RxZU2e0jlgyZCN,Anna Salminen,anna.salminen@auroragate-systems-integration.example,Auroragate Systems Integration Oy,self_serve,head_of_wireless,it_services,FI,sub_1jOrFqiuBW6tvbfj0Ksk7STH
ch_3BdsULVJVepCHTB6i4MFRMaW,2026-01-30 11:40:12,succeeded,980.0,0.0,32.1,947.9,card,,07DTLM46-0001,subscription_create,12_month,1,cus_cFBqbyKugHjgsw,Robert Taylor,robert.taylor@nordiclink-clinics.example,Nordiclink Clinics LLC,self_serve,it_lead,healthcare,US,sub_1iDEB77cSIGHaUQ9XGeoBNco
ch_3PvC8vjwnSXTWuEixOENIysq,2026-01-30 13:00:52,succeeded,980.0,0.0,14.95,965.05,card,,O8XU5NZ0-0003,subscription_cycle,12_month,1,cus_1kYnAdEVOyDg5P,Erik Strand,erik.strand@polarlink-partners.example,Polarlink Partners AB,self_serve,it_lead,professional_services,SE,sub_1iGXUV0MKiRz7dUi5LFGpGLI
ch_3AQ1RYXYfRsuAoCg2BFXZfBN,2026-01-30 14:04:22,succeeded,599.0,0.0,19.72,579.28,card,,Q0D1P06B-0001,subscription_create,6_month,1,cus_v2LsHiTLp0YJIn,Sarah Wright,sarah.wright@aurorafield-managed-services.example,Aurorafield Managed Services LLC,self_serve,head_of_wireless,it_services,US,sub_14PGVa4bZqzEJWGMXObWf0hB
ch_3cLd2iwdcNYbDQ6FG7YeRWnW,2026-01-31 06:25:08,succeeded,980.0,0.0,14.95,965.05,card,,LW3JYIPV-0001,subscription_create,12_month,1,cus_B7BHl5jVTMdXMs,Michael Neumann,michael.neumann@auroraport-communications.example,Auroraport Communications GmbH,self_serve,head_of_wireless,telecom,DE,sub_1EcryFZt72E35TyPTywWYtlS
ch_3ugNPBaZFXPnsq3xNalzjWO7,2026-02-01 11:42:15,failed,980.0,0.0,,,card,expired_card,C4F02U3T-0003,subscription_cycle,12_month,1,cus_2nBS5Aury8bJfL,Thomas Meyer,thomas.meyer@brightgate-rf-consulting.example,Brightgate RF Consulting GmbH,self_serve,network_consultant,network_consulting,DE,sub_1wAFpdmljXX5K7jfW1gMWjz3
ch_3vKV5aYf5jQR7YFzW0ZxLQJ6,2026-02-02 05:51:15,succeeded,980.0,0.0,32.1,947.9,card,,Z9SHRQE5-0002,subscription_cycle,12_month,1,cus_NOt1WFKAApFHh0,John Lewis,john.lewis@lumenpoint-foods.example,Lumenpoint Foods Inc.,self_serve,it_lead,food_beverage,CA,sub_1XIIVXcbTdu7n9d7sGMjC5CD
ch_3CE6R2HulmqbPFvG06pdmODw,2026-02-02 06:49:11,succeeded,980.0,0.0,32.1,947.9,card,,E3TNG9LN-0001,subscription_create,12_month,1,cus_EB4h0qArQ9jCTl,Emily Campbell,emily.campbell@ironpath-technology-group.example,Ironpath Technology Group,self_serve,head_of_wireless,it_services,US,sub_1zvUZT5BAT5TLAc3ZotgQXYf
ch_38t41aHQ5H3yJVrBjFYaXuhp,2026-02-02 11:36:47,succeeded,980.0,0.0,14.95,965.05,card,,T6TDFK7A-0001,subscription_create,12_month,1,cus_anGHGCQhEc1eUv,Sara Berg,sara.berg@vertexbridge-partners.example,Vertexbridge Partners ApS,self_serve,it_lead,professional_services,DK,sub_1p6RY8taF9LAyQN7supuKyCE
ch_37INbfh6sqv8mLTp5OZVGAoD,2026-02-02 13:06:34,succeeded,599.0,0.0,9.23,589.77,card,,X3RRUDY7-0001,subscription_create,6_month,1,cus_e1F7dD9sTqEc59,Claire Dubois,claire.dubois@cedarpoint-retail-group.example,Cedarpoint Retail Group SAS,self_serve,it_lead,retail,FR,sub_1xsn4Je4CRe376KIY1HIV2bY
ch_3ZIOMJ8047LUniZy5X10s2t6,2026-02-02 15:47:56,succeeded,980.0,0.0,32.1,947.9,card,,3RAVXJNL-0001,subscription_create,12_month,1,cus_OzMnKlgk9Zfyo2,Tom Carter,tom.carter@signalwave-media.example,Signalwave Media LLC,self_serve,it_lead,media,US,sub_1evWX4fejlu2feO35ZnZ5CR7
ch_3sN7gVR7YDPz8MBbocRuFZAg,2026-02-03 12:09:41,succeeded,599.0,0.0,9.23,589.77,card,,DZPB17BL-0001,subscription_create,6_month,1,cus_WJc2Ow8PBFVuuX,Julien Rousseau,julien.rousseau@westport-hotels.example,Westport Hotels,self_serve,it_lead,hospitality,FR,sub_1r1Zog1vB0lm4DlktMAW3zeb
ch_32qQGA7d4P9okiptVYdZsQFl,2026-02-03 14:45:27,succeeded,599.0,0.0,19.72,579.28,card,,D7IF2WGF-0001,subscription_create,6_month,1,cus_agHFFokejL7LH2,Jessica Hall,jessica.hall@alpineview-partners.example,Alpineview Partners,self_serve,it_lead,professional_services,US,sub_1tQItx0oHsfMYzpBpDkb1ccf
ch_3waTWRMJbLee7dY3GMP9vJqc,2026-02-03 16:50:36,failed,2940.0,0.0,,,card,card_declined,MJ23TDXZ-0001,subscription_create,12_month,3,cus_4UEms82zwAkQ6s,Frida Madsen,frida.madsen@summitline-systems-integration.example,Summitline Systems Integration ApS,self_serve,head_of_wireless,it_services,DK,sub_1D6ldb7jy4KXuaBKGWNOx5d8
ch_39b7h4ntJfY86asNPak4vF24,2026-02-03 16:55:01,succeeded,2940.0,0.0,44.35,2895.65,card,,MJ23TDXZ-0001,subscription_create,12_month,3,cus_4UEms82zwAkQ6s,Frida Madsen,frida.madsen@summitline-systems-integration.example,Summitline Systems Integration ApS,self_serve,head_of_wireless,it_services,DK,sub_1D6ldb7jy4KXuaBKGWNOx5d8
ch_354emn3MVBC1YLNZP2rucwoF,2026-02-04 12:36:15,succeeded,980.0,0.0,14.95,965.05,card,,C4F02U3T-0003,subscription_cycle,12_month,1,cus_2nBS5Aury8bJfL,Thomas Meyer,thomas.meyer@brightgate-rf-consulting.example,Brightgate RF Consulting GmbH,self_serve,network_consultant,network_consulting,DE,sub_1wAFpdmljXX5K7jfW1gMWjz3
ch_3im3gMUFQaBju4J6nTkFabdm,2026-02-04 14:56:42,succeeded,599.0,0.0,9.23,589.77,card,,CCB6F6QM-0001,subscription_create,6_month,1,cus_E9UdHGjeeDG7Kp,Emma Lund,emma.lund@lund-network-services.example,Lund Network Services,self_serve,network_consultant,network_consulting,NO,sub_1d1gTtj5vOadwzEEL0nSy6VX
ch_3lqXZ28urb2BjmWoQTKQOheu,2026-02-04 16:21:43,succeeded,599.0,0.0,19.72,579.28,card,,L26M2XZF-0001,subscription_create,6_month,1,cus_tTCuaOndmTiO9J,Wei King,wei.king@king-network-services.example,King Network Services,self_serve,network_consultant,network_consulting,US,sub_17gpg31Ta1UNJBwJ1sFEmvoI
ch_3yL7JdOPuQGu9J1y4zc0mhLq,2026-02-05 11:33:53,succeeded,980.0,0.0,32.1,947.9,card,,ELHBFKR0-0001,subscription_create,12_month,1,cus_rwg0TL7T212dcH,Megan Thomas,megan.thomas@alpinepeak-technology-group.example,Alpinepeak Technology Group,self_serve,head_of_wireless,it_services,AU,sub_1TDLafxAWmiXvh9qjGgbuCl4
ch_3SgEoPr7JVWvub2HeJarOGkG,2026-02-05 13:16:02,succeeded,980.0,0.0,32.1,947.9,card,,2HBKR9JM-0002,subscription_cycle,12_month,1,cus_80D6ErMp8U7NbZ,Andrew Carter,andrew.carter@pinestream-telecom.example,Pinestream Telecom Pty Ltd,self_serve,head_of_wireless,telecom,AU,sub_1MHtr1W6qnuzKanF9ErOsH8h
ch_33VjIXlp3raKX5kCwhFsVxXI,2026-02-05 14:12:53,succeeded,1960.0,0.0,63.95,1896.05,card,,CXUVK5G3-0001,subscription_create,12_month,2,cus_CgJg2Z3PGtIt7B,Tom King,tom.king@king-network-services.example,King Network Services LLC,self_serve,network_consultant,network_consulting,US,sub_1i0pBC6ngIicbXP6MChBGXtG
ch_3b80GEkGBH19i5VDqcAPTOyS,2026-02-05 14:14:35,failed,980.0,0.0,,,card,expired_card,S6EQKJ3I-0003,subscription_cycle,12_month,1,cus_7Do9YpHjhgseQV,Ahmed Carter,ahmed.carter@orbitmark-rf-consulting.example,Orbitmark RF Consulting,self_serve,network_consultant,network_consulting,US,sub_1pmwbBrcsVAKlsDxsa4AlpiX
ch_3lJKBkdxlO8Lfu7hQNzqi0vn,2026-02-05 14:40:02,succeeded,599.0,0.0,15.23,583.77,card,,TJGTPEOK-0001,subscription_create,6_month,1,cus_wsi6UiSoxkp0VC,Priya Lewis,priya.lewis@lewis-network-services.example,Lewis Network Services Ltd,self_serve,network_consultant,network_consulting,GB,sub_1yQUvQrimFRS3KWd8dgaE9BK
ch_3JqbqpL3qUlq6XpNkiXTsb0g,2026-02-05 14:44:36,succeeded,980.0,0.0,14.95,965.05,card,,2M2U5YWE-0001,subscription_create,12_month,1,cus_BzAkQDlzaTHv7t,Emma Holm,emma.holm@apexline-rf-consulting.example,Apexline RF Consulting AS,self_serve,network_consultant,network_consulting,NO,sub_1XWz2jWlPFTaFHyZ66kCGngN
ch_3BZhQ1Xa9XsLLKGzy7tA4huD,2026-02-06 10:50:44,succeeded,599.0,0.0,15.23,583.77,card,,4XYU6542-0001,subscription_create,6_month,1,cus_7Xe11dQicCwgZ7,Chris Smith,chris.smith@smith-network-services.example,Smith Network Services Ltd,self_serve,network_consultant,network_consulting,GB,sub_1XAnt2egq2G0DETqX7tkB5X1
ch_3SYC26BNWsYvlCWUh0ZL7lgj,2026-02-06 12:46:31,succeeded,599.0,0.0,9.23,589.77,card,,YLAHNUQA-0001,subscription_create,6_month,1,cus_ah6r7WtZDx8up2,Olivia Taylor,olivia.taylor@maplemark-clinics.example,Maplemark Clinics Ltd,self_serve,it_lead,healthcare,IE,sub_1WBUlrqUz7wZP85hodydGBux
ch_37wHmyrDf3iztQvwNga2mp7h,2026-02-06 13:34:09,succeeded,3920.0,0.0,59.05,3860.95,card,,8MW2M4TC-0003,subscription_cycle,12_month,4,cus_5c8OwDbnpYpUEz,Tobias Schneider,tobias.schneider@westmark-construction.example,Westmark Construction,self_serve,it_lead,construction,DE,sub_1dx0hZxk90VXEoR7n8EJD3Xq
py_39DpF2hjU8Y7HIa7wwa6R3Mm,2026-02-08 13:03:29,succeeded,1198.0,0.0,5.0,1193.0,bank_transfer,,YJ3GTWHK-0001,subscription_create,6_month,2,cus_fWKanxm8ojQAXO,Kate Turner,kate.turner@bluewave-it-solutions.example,Bluewave IT Solutions Inc.,self_serve,head_of_wireless,it_services,CA,sub_1WxyHqCM5BZiuMCB6anETPoA
ch_3sb0V5RYZ5e9r4fnRYb29pEg,2026-02-08 14:22:35,succeeded,980.0,0.0,32.1,947.9,card,,S6EQKJ3I-0003,subscription_cycle,12_month,1,cus_7Do9YpHjhgseQV,Ahmed Carter,ahmed.carter@orbitmark-rf-consulting.example,Orbitmark RF Consulting,self_serve,network_consultant,network_consulting,US,sub_1pmwbBrcsVAKlsDxsa4AlpiX
ch_3bhaZWCgK7RPpvkzVahAhYyn,2026-02-08 20:50:59,succeeded,980.0,0.0,14.95,965.05,card,,UUTBLKUU-0001,subscription_create,12_month,1,cus_d7fF83Qywmv9XE,Bjørn Johansson,bjorn.johansson@stonecore-rf-consulting.example,Stonecore RF Consulting AS,self_serve,network_consultant,network_consulting,NO,sub_1bDIc7vkYgNYOwblVK6gPir5
ch_3rmRH37wujB8BkuLJEiYsF62,2026-02-10 04:08:24,succeeded,980.0,0.0,32.1,947.9,card,,HYDW9NP9-0004,subscription_cycle,12_month,1,cus_0LPDebDJxpGMyM,Amanda Green,amanda.green@orbitmark-wireless.example,Orbitmark Wireless LLC,self_serve,network_consultant,network_consulting,US,sub_1K2ZszrXxTjZ8cOzpBnSSwuw
ch_3HEuOBE6cvBoPiKTyVRDcst8,2026-02-10 12:40:51,succeeded,599.0,0.0,15.23,583.77,card,,SQCB7AS5-0001,subscription_create,6_month,1,cus_nh0TM0pwXaG3H0,Sarah Williams,sarah.williams@harborpath-retail-group.example,Harborpath Retail Group,self_serve,it_lead,retail,GB,sub_1qbu8Nn8KA46iTDyVINi2ITW
ch_3BEjEhZbR2xdkGbbdJZgEGJL,2026-02-10 16:38:05,succeeded,599.0,0.0,19.72,579.28,card,,04VUT2P0-0002,subscription_cycle,6_month,1,cus_xKZry2dI2PKNrD,Emily Jackson,emily.jackson@stonewave-construction.example,Stonewave Construction LLC,self_serve,it_lead,construction,US,sub_1GVyvybJSezHUlbnR2AE0UMb
ch_3DAgXRBrO2kDfkvg5G564l3d,2026-02-11 10:29:03,succeeded,599.0,0.0,9.23,589.77,card,,ROTYDJD6-0003,subscription_cycle,6_month,1,cus_gBlY6ZkgDOsFEO,Ingrid Pedersen,ingrid.pedersen@northcore-logistics.example,Northcore Logistics AB,self_serve,it_lead,logistics,SE,sub_1SUV5DUp7RCaOHaJYwZHa6BI
ch_311PyxN0PUvcpRWXVACEiI9N,2026-02-11 15:05:15,succeeded,599.0,0.0,9.23,589.77,card,,75Z00ASA-0001,subscription_create,6_month,1,cus_5IHYFr6JUq8nq0,Marta Díaz,marta.diaz@postbox.example,,self_serve,network_consultant,network_consulting,ES,sub_11uPz8yPqpBvTwv6VZGcZdFw
ch_3AcVFAvuXXthIbH7xpU1xSHt,2026-02-12 04:39:50,succeeded,599.0,0.0,19.72,579.28,card,,W6TA7F0N-0002,subscription_cycle,6_month,1,cus_bccq9iW1rbhOZg,Priya Nguyen,priya.nguyen@apexwave-hotels.example,Apexwave Hotels LLC,self_serve,it_lead,hospitality,US,sub_1AE8JM4jcw9Ol0PY7C351ikF
ch_3EPevvN6duGahyzsTHrNTr7z,2026-02-12 05:37:18,failed,599.0,0.0,,,card,card_declined,BMJ0WDD3-0001,subscription_create,6_month,1,cus_4M0IsCVQqYsb9V,Carlos Young,carlos.young@maplebridge-wireless.example,Maplebridge Wireless Pty Ltd,self_serve,network_consultant,network_consulting,AU,sub_14C0VkD5so9UVHYQ6gRs4skI
ch_3vdkRNs3SxpzynwhoIYUjSmy,2026-02-12 05:39:45,succeeded,599.0,0.0,19.72,579.28,card,,BMJ0WDD3-0001,subscription_create,6_month,1,cus_4M0IsCVQqYsb9V,Carlos Young,carlos.young@maplebridge-wireless.example,Maplebridge Wireless Pty Ltd,self_serve,network_consultant,network_consulting,AU,sub_14C0VkD5so9UVHYQ6gRs4skI
ch_3HSCKDuC6akDcAbkbTzlYGvO,2026-02-12 06:57:34,succeeded,1960.0,0.0,29.65,1930.35,card,,RCQ0T720-0003,subscription_cycle,12_month,2,cus_tJBSLAvrrQL4io,Tobias Schröder,tobias.schroder@apexwave-clinics.example,Apexwave Clinics GmbH,self_serve,it_lead,healthcare,DE,sub_1m7YksEYHDIjRhQSHFxGx9gD
ch_32d9Xo4Lk7VmQPQHo24GjgGS,2026-02-12 07:15:48,succeeded,599.0,0.0,9.23,589.77,card,,4KEZRVRB-0001,subscription_create,6_month,1,cus_QwGUqV6FYvo5fB,Henrik Hansen,henrik.hansen@brightgate-partners.example,Brightgate Partners ApS,self_serve,it_lead,professional_services,DK,sub_1TogzzzANeqCBeDXEGgRF5rf
ch_3oVJGMxeZoDRZTlFsZOSJwyg,2026-02-12 20:46:04,succeeded,980.0,0.0,32.1,947.9,card,,J7H4VVUE-0002,subscription_cycle,12_month,1,cus_BLSp9kXp7xuxQ9,Wei Jones,wei.jones@crestwave-communications.example,Crestwave Communications LLC,self_serve,head_of_wireless,telecom,US,sub_1AypLKUQZgxSc9cxc64xCtpg
ch_3BcpQVuWY7mme2wdYtvgY2Tq,2026-02-12 21:57:36,succeeded,1198.0,0.0,39.19,1158.81,card,,VIV32ZC5-0001,subscription_create,6_month,2,cus_QB9j6na7tRKM1t,Tom Scott,tom.scott@silverview-rf-consulting.example,Silverview RF Consulting LLC,self_serve,network_consultant,network_consulting,US,sub_19Nk0KlirrPo4fI7RfFYu3sy
ch_34nbWxZE6hLA5auZBthQNciv,2026-02-13 09:02:33,failed,599.0,0.0,,,card,card_declined,SA1HSA0A-0001,subscription_create,6_month,1,cus_RECOfBOth2N7QR,Camille Lambert,camille.lambert@postbox.example,,self_serve,network_consultant,network_consulting,FR,sub_1Nh1oS4UNeAfAwJfYNq3yW8J
ch_3b8IC0QKabG1yjaKXza6q7Qb,2026-02-13 09:05:54,succeeded,599.0,0.0,9.23,589.77,card,,SA1HSA0A-0001,subscription_create,6_month,1,cus_RECOfBOth2N7QR,Camille Lambert,camille.lambert@postbox.example,,self_serve,network_consultant,network_consulting,FR,sub_1Nh1oS4UNeAfAwJfYNq3yW8J
ch_3k18s9A7586mNbzC8fdJhl5Y,2026-02-13 11:15:36,succeeded,980.0,0.0,32.1,947.9,card,,XSSUNDXY-0004,subscription_cycle,12_month,1,cus_tuTv4CbhKrR0A5,Robert Wilson,robert.wilson@vertexline-partners.example,Vertexline Partners LLC,self_serve,it_lead,professional_services,US,sub_1NjwXcjlip2PeLarq6VkEXrU
ch_3p3dhMOkKQABmUD6l3zCBhex,2026-02-13 11:41:50,succeeded,1960.0,0.0,29.65,1930.35,card,,NZ2RJD28-0001,subscription_create,12_month,2,cus_wzucR8ob9dNI60,Nicolas Lefebvre,nicolas.lefebvre@granitefield-wireless.example,Granitefield Wireless SAS,self_serve,network_consultant,network_consulting,FR,sub_1LXsq4XS4UDfYDyrTXebIoQM
ch_3fjyhZhVu97HtBlbuacFpehF,2026-02-13 14:00:58,succeeded,599.0,0.0,9.23,589.77,card,,SOFBVOHY-0001,subscription_create,6_month,1,cus_5VSV9q5K2R10Zx,Markus Becker,markus.becker@auroralink-media.example,Auroralink Media GmbH,self_serve,it_lead,media,DE,sub_1WE6jB7WQNo5cUbQdOIXWZZR
ch_3z69jI5PAtjITgS2aP4L9N3N,2026-02-13 16:49:14,succeeded,980.0,0.0,32.1,947.9,card,,WYRS9I0M-0001,subscription_create,12_month,1,cus_fW3A0WgJIhNzpE,Eric Kim,eric.kim@granitepeak-rf-consulting.example,Granitepeak RF Consulting LLC,self_serve,network_consultant,network_consulting,US,sub_15016UjKjRWXD4tFXrXwk9zf
ch_3Oxd8JEliZjZzaBTv31vQ1Up,2026-02-14 04:39:26,succeeded,599.0,0.0,9.23,589.77,card,,NODIT8BD-0003,subscription_cycle,6_month,1,cus_hN5wraLkY7Etfm,Paolo Greco,paolo.greco@harborpoint-construction.example,Harborpoint Construction,self_serve,it_lead,construction,IT,sub_1AFOtRszEabwHX44SkTp0lp9
ch_3QD1FKiOfZTztknSfWgMn7Ec,2026-02-14 05:03:47,succeeded,1797.0,0.0,58.65,1738.35,card,,QDK8ITNJ-0004,subscription_cycle,6_month,3,cus_7FuovNLAYWWjyR,Eric Turner,eric.turner@deltapeak-industries.example,Deltapeak Industries LLC,self_serve,it_lead,manufacturing,US,sub_1jmO4SnasNG8vwijTvHPkKKR
py_3YJWTpbGaBFVFY4Vgix15ERd,2026-02-16 00:47:14,succeeded,1960.0,0.0,5.0,1955.0,bank_transfer,,YQBONU1Z-0001,subscription_create,12_month,2,cus_pQAdoWsVikI5NC,Laura Anderson,laura.anderson@deltaline-wireless-engineering.example,Deltaline Wireless Engineering LLC,self_serve,head_of_wireless,network_consulting,US,sub_1rvSDCDJFeHNqvWIhyr1x6hR
ch_3Y4zlDGi0rierZiwKaoDHzyF,2026-02-16 05:37:09,succeeded,980.0,0.0,24.75,955.25,card,,SW4FQ8Q4-0003,subscription_cycle,12_month,1,cus_iDIDJAgqU8Cd6c,David Nguyen,david.nguyen@alpinepoint-wi-fi-solutions.example,Alpinepoint Wi-Fi Solutions,self_serve,network_consultant,network_consulting,GB,sub_1LzwIO1U3D8EDkIwmdPDothe
ch_3LMcDGTgaGvJCRhObmTYvXLk,2026-02-16 07:52:41,succeeded,980.0,0.0,32.1,947.9,card,,SN1YPRUN-0001,subscription_create,12_month,1,cus_CjSVLh4UVijCX0,Kevin Thompson,kevin.thompson@irongate-managed-services.example,Irongate Managed Services Pty Ltd,self_serve,head_of_wireless,it_services,AU,sub_1qNntRi8M0fGTYOZCcUE7gC1
ch_3iPz2p4L9EFzUW5XOOz5EgvO,2026-02-17 03:28:05,succeeded,1198.0,0.0,18.22,1179.78,card,,9Q26ICW4-0001,subscription_create,6_month,2,cus_GyjXKMxI0PGKI0,Søren Jensen,soren.jensen@westpeak-wireless.example,Westpeak Wireless AB,self_serve,network_consultant,network_consulting,SE,sub_1QNN6Mw4naaa7RYQhpKBopFu
ch_3OgcngilEqIZHnIt4spOTCmc,2026-02-17 10:28:06,succeeded,980.0,0.0,24.75,955.25,card,,R4DHGVQU-0001,subscription_create,12_month,1,cus_Y070FEdkkkaum2,Ben Jackson,ben.jackson2@jackson-wireless-consulting.example,Jackson Wireless Consulting Ltd,self_serve,network_consultant,network_consulting,GB,sub_1rsAk6crtBNaJNxvFNyihwhc
ch_3ksyiuHjdnp1sYdTLeA3rSWs,2026-02-18 10:35:28,succeeded,4900.0,0.0,159.5,4740.5,card,,8HXQ761A-0003,subscription_cycle,12_month,5,cus_whdy0pZ9cNQtma,David Brown,david.brown@summitlink-telecom.example,Summitlink Telecom LLC,self_serve,head_of_wireless,telecom,US,sub_1Edg7qo3ZA4oZCvZIlChwM2R
ch_3V1wNJHhQ8YScADUxgsX0Hnw,2026-02-18 13:17:37,succeeded,599.0,0.0,9.23,589.77,card,,P2WEOVQF-0001,subscription_create,6_month,1,cus_2yWyzzz3yvHY31,Andreas Wagner,andreas.wagner@wagner-network-services.example,Wagner Network Services GmbH,self_serve,network_consultant,network_consulting,DE,sub_1YqHuYRs3LR3BH8WgWRPKr8Q
ch_3yqBVCDSPpQzV5hIZnIaCMZ9,2026-02-19 08:35:35,succeeded,599.0,0.0,19.72,579.28,card,,FRNV9G3L-0001,subscription_create,6_month,1,cus_w2xe3OTvz5RqKH,Kate Roberts,kate.roberts@crestmark-schools.example,Crestmark Schools Pty Ltd,self_serve,it_lead,education,AU,sub_1VG6ogQjvm96KBfQ7h6Z6JH8
ch_33SkFlsc3vze51yLjm1hAEeE,2026-02-19 12:13:44,succeeded,1960.0,0.0,29.65,1930.35,card,,F18F60DP-0001,subscription_create,12_month,2,cus_KaqeE46ySOCXPi,Sanne Jansen,sanne.jansen@orbitlink-schools.example,Orbitlink Schools,self_serve,it_lead,education,NL,sub_1mbNb5g8PHVpxBTCpqYMS8aw
ch_3d7xXjVXJZKMjpFJTbPgBe1h,2026-02-19 12:24:35,succeeded,980.0,0.0,32.1,947.9,card,,XRZ3CMI1-0003,subscription_cycle,12_month,1,cus_7m8yIaX1s3cH5i,Chris Lewis,chris.lewis@deltalink-rf-consulting.example,Deltalink RF Consulting LLC,self_serve,network_consultant,network_consulting,US,sub_1jyRYMGtawK6Zo7hojLA9h74
py_3i992fEwVteXNzC28sKln9wy,2026-02-19 13:23:04,succeeded,4900.0,0.0,5.0,4895.0,bank_transfer,,BJZ1JDWB-0002,subscription_cycle,12_month,5,cus_YIboegviVwh9gx,Steve Johnson,steve.johnson@bluemark-it-solutions.example,Bluemark IT Solutions,self_serve,head_of_wireless,it_services,US,sub_1BADVOFVOeerDQoR04niPxTj
ch_3pe8PNQJxxfKZJ8Npe9DhQuH,2026-02-19 14:47:12,failed,980.0,0.0,,,card,card_declined,OO7X8Q9H-0001,subscription_create,12_month,1,cus_X0bbdkJIU03IMi,John Patel,john.patel@postbox.example,,self_serve,network_consultant,network_consulting,US,sub_1ACXb48wCV8d4kW8m2T6jvC5
ch_3m0wpanJXI9EmLTsXHFzSFr0,2026-02-19 14:51:14,succeeded,980.0,0.0,32.1,947.9,card,,OO7X8Q9H-0001,subscription_create,12_month,1,cus_X0bbdkJIU03IMi,John Patel,john.patel@postbox.example,,self_serve,network_consultant,network_consulting,US,sub_1ACXb48wCV8d4kW8m2T6jvC5
ch_3MjhxMuDwy1FLbdcINgSdSZn,2026-02-20 09:52:34,succeeded,599.0,0.0,9.23,589.77,card,,F1MISRYM-0001,subscription_create,6_month,1,cus_SCIFnhs2N5G1DX,Michael Fischer,michael.fischer@ironworks-warehousing.example,Ironworks Warehousing,self_serve,it_lead,logistics,DE,sub_1vro08hQA7ZW0oh081ftZ5bL
ch_3aQ5FO0J5CURoypVboIPXp4D,2026-02-20 13:30:30,succeeded,1198.0,0.0,18.22,1179.78,card,,13L8QPJ4-0001,subscription_create,6_month,2,cus_EzveqZyqZN4P6U,Marco Bruno,marco.bruno@brightpath-schools.example,Brightpath Schools S.r.l.,self_serve,it_lead,education,IT,sub_1fSv9kmX5zoi7QYNalupaWyP
ch_3tLci8O7JgJCHpuIBDCqxPFB,2026-02-20 22:30:53,succeeded,980.0,0.0,32.1,947.9,card,,NQDAA769-0001,subscription_create,12_month,1,cus_zQq95VT6pV4cDw,Matt Turner,matt.turner@mailbox.example,,self_serve,network_consultant,network_consulting,US,sub_19NBkzrHSyqMXlJ8NUuVmwjC
ch_3FchYyjTNW29qudVnvQHrUuF,2026-02-21 09:48:22,succeeded,599.0,0.0,9.23,589.77,card,,QGQ31LS4-0001,subscription_create,6_month,1,cus_VAGXSALXb14Sp4,Matteo Bianchi,matteo.bianchi@lumenlink-networks.example,Lumenlink Networks S.r.l.,self_serve,network_consultant,network_consulting,IT,sub_1uJwFRIlfLwxNslYWezRwFWo
ch_3JTpKvrwtLXr6eyga8C05Yhq,2026-02-21 14:50:00,succeeded,980.0,0.0,14.95,965.05,card,,LRFB3EBR-0002,subscription_cycle,12_month,1,cus_OA9vwUBXoB7xL8,Francesca Colombo,francesca.colombo@postbox.example,,self_serve,network_consultant,network_consulting,IT,sub_1PkTArNjmZkIgPCk7g0nZwld
ch_3KWrDiMLS1fqgLZWknfPgmdS,2026-02-22 08:08:30,succeeded,599.0,0.0,19.72,579.28,card,,4OQ8GQJO-0002,subscription_cycle,6_month,1,cus_k1NwxC8IFbUM6d,Brian Young,brian.young@auroramark-retail-group.example,Auroramark Retail Group,self_serve,it_lead,retail,CA,sub_19GcFWHp71OCu0UDjGoRABZx
ch_3ZkozLLucsqJHsIUqKmzGJod,2026-02-22 09:12:02,succeeded,980.0,0.0,24.75,955.25,card,,P2A4O7WX-0001,subscription_create,12_month,1,cus_7uNCp4uSMvZqM4,Ahmed Carter,ahmed.carter@harborlink-properties.example,Harborlink Properties Ltd,self_serve,it_lead,real_estate,GB,sub_1v75N6wqoc0xhpUV59ByvFfe
py_3LxX7EK1UsChXo8Wd3aQfoWh,2026-02-22 13:09:16,succeeded,1960.0,0.0,5.0,1955.0,bank_transfer,,T2UX154V-0001,subscription_create,12_month,2,cus_VvMImEkmrTJPUH,Rachel Lee,rachel.lee@deltagate-telecom.example,Deltagate Telecom LLC,self_serve,head_of_wireless,telecom,US,sub_1UeGbuxMHZHiFQTJasDhRTgi
ch_374gaYsSRajcsjnIPEwKj3ll,2026-02-23 06:02:45,succeeded,599.0,0.0,19.72,579.28,card,,4BDV1WAT-0001,subscription_create,6_month,1,cus_ZCdoMLFgm5CxLs,Emily Adams,emily.adams@polarlink-wireless.example,Polarlink Wireless LLC,self_serve,network_consultant,network_consulting,US,sub_1J1p2I6I69ex4VfdDoG0vSZq
ch_30ya60tVbohE4sZEc8pFkbUi,2026-02-23 09:52:50,succeeded,980.0,0.0,14.95,965.05,card,,3O4TMS69-0001,subscription_create,12_month,1,cus_2bFZkaGBA2bKsP,Thijs van den Berg,thijs.vandenberg@postbox.example,,self_serve,network_consultant,network_consulting,BE,sub_1J7eh1vx5wLcXRWOglC95W7D
py_3SSl5cobtNN74BZPqF3GYYik,2026-02-23 15:25:55,succeeded,1960.0,0.0,5.0,1955.0,bank_transfer,,QEAP9MHL-0001,subscription_create,12_month,2,cus_vXoJzm3ozpbl73,Emily Edwards,emily.edwards@cedarline-managed-services.example,Cedarline Managed Services,self_serve,head_of_wireless,it_services,US,sub_1pHzSLM3EYsmcGvaqHBivUVC
ch_3U4Orw8Aq1mkYgJXXnpdSJAv,2026-02-23 15:37:07,succeeded,599.0,0.0,9.23,589.77,card,,QDWA08FY-0001,subscription_create,6_month,1,cus_2L2WaWBJh72TSB,Sergio Gómez,sergio.gomez@apexbridge-wireless.example,Apexbridge Wireless,self_serve,network_consultant,network_consulting,ES,sub_1Di5QwGZ8D6K0UJm0RybB2Ji
ch_35N1wbcNQvY06aR8Gq3XNUnT,2026-02-23 17:12:13,succeeded,1960.0,0.0,49.25,1910.75,card,,K1RTJL1A-0001,subscription_create,12_month,2,cus_H3rbJsT2wbs7sH,Priya Moore,priya.moore@auroraport-hotels.example,Auroraport Hotels Ltd,self_serve,it_lead,hospitality,GB,sub_1lWOUK0KWvSdHKm5NueIzwpf
ch_3T53HsIK3hLwUePY9IH4N2X3,2026-02-24 12:55:23,succeeded,599.0,0.0,9.23,589.77,card,,S2QK0YQE-0001,subscription_create,6_month,1,cus_NquILgEQfseL3N,Lukas Meyer,lukas.meyer@beaconline-clinics.example,Beaconline Clinics GmbH,self_serve,it_lead,healthcare,DE,sub_12wD5qFe3EbWJHOxAH8axKLR
ch_39Z7ljih6fo0DoR6xklG8uGg,2026-02-24 17:22:32,succeeded,599.0,0.0,9.23,589.77,card,,OELYM7A5-0001,subscription_create,6_month,1,cus_DwZfwoQcJSnyZC,Christian Wagner,christian.wagner@beaconport-warehousing.example,Beaconport Warehousing,self_serve,it_lead,logistics,DE,sub_1sayWULtmBNLFQnSzZfv0LBd
ch_3vcfyYYNLChO3YVD0y67ogKQ,2026-02-24 18:43:47,succeeded,1960.0,0.0,49.25,1910.75,card,,WNPU76V2-0001,subscription_create,12_month,2,cus_VEx2wibNHFL0Tr,David Brown,david.brown@granitegate-communications.example,Granitegate Communications,self_serve,head_of_wireless,telecom,GB,sub_1AJuT4IwCotw3Xz47eYnRPbl
ch_3QC1JGcrst2oHQ8PbGha1iaZ,2026-02-25 09:12:38,failed,980.0,0.0,,,card,expired_card,0MJ6K2NS-0005,subscription_cycle,12_month,1,cus_CWiBUaOMJbihxN,Ruben Bakker,ruben.bakker@bakker-wireless-consulting.example,Bakker Wireless Consulting,self_serve,network_consultant,network_consulting,NL,sub_1tKVqDxBw4AOmwR0w9oxRJb1
ch_3bayD0mZIOr1GnRWb9ecGDRp,2026-02-25 11:24:47,succeeded,599.0,0.0,19.72,579.28,card,,GFRO29KK-0001,subscription_create,6_month,1,cus_u1kPcfVaqwwFpN,John Mitchell,john.mitchell@lumenpoint-wi-fi-solutions.example,Lumenpoint Wi-Fi Solutions LLC,self_serve,network_consultant,network_consulting,US,sub_1KtfyDMt3hMKAe7XcS3Y7RTI
ch_3nggYIHqnd38CFeMwAVJnTOm,2026-02-26 09:17:20,succeeded,980.0,0.0,14.95,965.05,card,,DLCGGOTG-0003,subscription_cycle,12_month,1,cus_jmgbiJKzaSnTLU,Mark Williams,mark.williams@brightpath-rf-consulting.example,Brightpath RF Consulting Ltd,self_serve,network_consultant,network_consulting,IE,sub_1MIIfndkA8eOIOLxLdkw6ThX
ch_38508bziQ5CPwrdGKKrXkZma,2026-02-26 14:24:45,succeeded,980.0,0.0,32.1,947.9,card,,6GJPNRV8-0001,subscription_create,12_month,1,cus_N7AyB4A7b53vxh,Nicole Campbell,nicole.campbell@westwave-construction.example,Westwave Construction Inc.,self_serve,it_lead,construction,CA,sub_1g1ASj9iZkRmCAcYVkEQVWA5
ch_33lrhYvzhC0SPThCnosyGmPI,2026-02-26 16:04:06,failed,2940.0,0.0,,,card,card_declined,ZV3OKZ3C-0001,subscription_create,12_month,3,cus_pL8v79yOkVHoS4,Amanda Kelly,amanda.kelly@stonemark-wireless-engineering.example,Stonemark Wireless Engineering LLC,self_serve,head_of_wireless,network_consulting,US,sub_1qqFPYmqes2NPm3UDdQWcrHx
ch_3dtXpECtn3Dq9ZwAudBwNFx8,2026-02-26 16:07:14,succeeded,2940.0,0.0,95.8,2844.2,card,,ZV3OKZ3C-0001,subscription_create,12_month,3,cus_pL8v79yOkVHoS4,Amanda Kelly,amanda.kelly@stonemark-wireless-engineering.example,Stonemark Wireless Engineering LLC,self_serve,head_of_wireless,network_consulting,US,sub_1qqFPYmqes2NPm3UDdQWcrHx
ch_3YYu3EIhlZOoaMXyBY9yqwBn,2026-02-26 21:06:43,succeeded,980.0,0.0,14.95,965.05,card,,TTP2A8HE-0002,subscription_cycle,12_month,1,cus_nGJRVoKmGxyByS,Elena Romero,elena.romero@polarpeak-foods.example,Polarpeak Foods S.L.,self_serve,it_lead,food_beverage,ES,sub_1JaC5XD7COeGJti51Lgq7G9y
ch_3i38hqPo8inDeylCCPy6OP3t,2026-02-27 01:45:35,succeeded,980.0,0.0,14.95,965.05,card,,HD2324LJ-0001,subscription_create,12_month,1,cus_ZgyeyuwVSKIIYZ,Eero Mäkinen,eero.makinen@maplecore-construction.example,Maplecore Construction Oy,self_serve,it_lead,construction,FI,sub_1YkDG4OTguY4vZBdrXVdWEoA
ch_3zn2NIU7VdD2Qi80fHWeF1rN,2026-02-27 11:48:44,succeeded,980.0,0.0,32.1,947.9,card,,P8TMPDIA-0002,subscription_cycle,12_month,1,cus_VZgYe2bhiicYZv,Anja Braun,anja.braun@braun-wireless-consulting.example,Braun Wireless Consulting AG,self_serve,network_consultant,network_consulting,CH,sub_19WNSoYrulGCYPlfCXs7D24A
ch_3Om59jVxdlEtKd3QOFKrsV5a,2026-02-27 12:33:32,succeeded,980.0,0.0,14.95,965.05,card,,KCSTP82R-0001,subscription_create,12_month,1,cus_OSd6lyHAySGEfv,Femke Bakker,femke.bakker@bakker-wireless-consulting.example,Bakker Wireless Consulting,self_serve,network_consultant,network_consulting,NL,sub_1SGYDrm4az58BKi5tyz4OM6y
ch_31PQh3nLUJ2QHm4AAtKVDii5,2026-02-27 14:08:50,succeeded,980.0,0.0,32.1,947.9,card,,6HHF8UTX-0001,subscription_create,12_month,1,cus_m2JVvhGNmC7HMr,Kate Thompson,kate.thompson@lumenstream-wi-fi-solutions.example,Lumenstream Wi-Fi Solutions LLC,self_serve,network_consultant,network_consulting,US,sub_1r83QcgJ8y9TXMQveGIPQPgb
ch_3tlkR3gCtWJh5uSnhUTNbsaf,2026-02-27 16:54:35,failed,1960.0,0.0,,,card,card_declined,ANG2Z3U8-0001,subscription_create,12_month,2,cus_gHu2ueoywKGeVI,David Edwards,david.edwards@polarstream-wi-fi-solutions.example,Polarstream Wi-Fi Solutions,self_serve,network_consultant,network_consulting,GB,sub_1htoPtnRgQ5FgZfqzW5MMfEU
ch_3jdSES4GH72mb3fbfTarQzFi,2026-02-27 17:02:21,succeeded,1960.0,0.0,49.25,1910.75,card,,ANG2Z3U8-0001,subscription_create,12_month,2,cus_gHu2ueoywKGeVI,David Edwards,david.edwards@polarstream-wi-fi-solutions.example,Polarstream Wi-Fi Solutions,self_serve,network_consultant,network_consulting,GB,sub_1htoPtnRgQ5FgZfqzW5MMfEU
ch_3VZ7x7x0llFJbIjp9U05OJuG,2026-02-27 18:14:05,succeeded,599.0,0.0,19.72,579.28,card,,B3L3WEA6-0001,subscription_create,6_month,1,cus_dnxpHQ2xgXjJTN,Brian Thompson,brian.thompson@deltaview-clinics.example,Deltaview Clinics LLC,self_serve,it_lead,healthcare,US,sub_1cla8wTJQhYY9POybtFSgixW
ch_3mrYBkc7zkawTp8QDEeOFpa6,2026-02-28 10:39:38,succeeded,980.0,0.0,14.95,965.05,card,,0MJ6K2NS-0005,subscription_cycle,12_month,1,cus_CWiBUaOMJbihxN,Ruben Bakker,ruben.bakker@bakker-wireless-consulting.example,Bakker Wireless Consulting,self_serve,network_consultant,network_consulting,NL,sub_1tKVqDxBw4AOmwR0w9oxRJb1
ch_3EySlCNlM5cqAzXsKBRrTY6j,2026-02-28 12:00:13,succeeded,599.0,0.0,19.72,579.28,card,,YTQ07AB7-0001,subscription_create,6_month,1,cus_dXSU0kVJXU0Wtb,Carlos Campbell,carlos.campbell@brightpeak-technology-group.example,Brightpeak Technology Group LLC,self_serve,head_of_wireless,it_services,US,sub_1ovkF0e4O3kzlURnqQHwWms7
ch_3lvfAJE4cjAxACURA4JlHnUE,2026-02-28 13:14:43,succeeded,1960.0,0.0,49.25,1910.75,card,,ZR7XHE3B-0002,subscription_cycle,12_month,2,cus_VZJGnfEDkwpglw,Ben Patel,ben.patel@brightwave-wi-fi-solutions.example,Brightwave Wi-Fi Solutions Ltd,self_serve,network_consultant,network_consulting,GB,sub_1QeQqbi68CX5SZsbYz5q1MQq
ch_3a0tE502pFfti0t38IiHwRnE,2026-02-28 13:54:45,succeeded,980.0,0.0,32.1,947.9,card,,WL4GMCLD-0002,subscription_cycle,12_month,1,cus_QePxeDvcBqunXp,Ryan Edwards,ryan.edwards@vertexgate-foods.example,Vertexgate Foods,self_serve,it_lead,food_beverage,AU,sub_1WybTUVLzJOaADKU3Xy1pV2B
ch_34fTzcDu5v1c161wlnWcWpDD,2026-03-01 03:08:09,succeeded,980.0,0.0,32.1,947.9,card,,RD137XYL-0002,subscription_cycle,12_month,1,cus_bGKWRZ0ShFKXHa,Laura Kelly,laura.kelly@cedarpeak-rf-consulting.example,Cedarpeak RF Consulting,self_serve,network_consultant,network_consulting,US,sub_1G0ao5WJOH2EPIbKCz7wIHrY
ch_31O7uNtuR1rqDPsaf887z5kn,2026-03-01 13:07:24,succeeded,599.0,0.0,19.72,579.28,card,,7QP88QAG-0001,subscription_create,6_month,1,cus_D5eDZTDsRQVtYX,Rachel Miller,rachel.miller@miller-wireless-consulting.example,Miller Wireless Consulting LLC,self_serve,network_consultant,network_consulting,US,sub_1I7017BhhZ3ntwAHmfxzgQS4
ch_36qbuVUIZceNUFGZ2LmXMb87,2026-03-01 15:28:04,succeeded,599.0,0.0,19.72,579.28,card,,YQ9H7H3X-0001,subscription_create,6_month,1,cus_d32tODeBJhRoK5,Andrew Brown,andrew.brown2@brown-wireless-consulting.example,Brown Wireless Consulting LLC,self_serve,network_consultant,network_consulting,US,sub_16AUTcGoxca1rE5H6uVYw1h4
py_3nKFZ27Z9p2YZNwi7AFGhvMg,2026-03-01 20:33:24,succeeded,1960.0,0.0,5.0,1955.0,bank_transfer,,WTUY0F1F-0002,subscription_cycle,12_month,2,cus_ObhJaghAqH4e5v,Rachel Turner,rachel.turner@clearcore-communications.example,Clearcore Communications,self_serve,head_of_wireless,telecom,GB,sub_1dd4QL7nuzjttJTmCfPHADa4
ch_3m5ozDNv8AqSo88ibs5alvcB,2026-03-01 21:25:15,succeeded,1960.0,0.0,63.95,1896.05,card,,K0QLN5EN-0002,subscription_cycle,12_month,2,cus_9MmdKrKBY89L99,Daniel Johnson,daniel.johnson@greengate-rf-consulting.example,Greengate RF Consulting LLC,self_serve,network_consultant,network_consulting,US,sub_1DxK9Q6z3m7bk7RQq9kxrw5Y
py_3edNnrAgkNRDRcpttEBISmx5,2026-03-02 03:36:18,succeeded,1960.0,0.0,5.0,1955.0,bank_transfer,,Q2PMME18-0001,subscription_create,12_month,2,cus_imXvZDbii2g49f,Lars Larsson,lars.larsson@clearwave-wireless-engineering.example,Clearwave Wireless Engineering AB,self_serve,head_of_wireless,network_consulting,SE,sub_1a7AyOSoS5YOBGdzGzglRKtT
ch_3kNBqaWM92LRvnV6z0C2bQ30,2026-03-02 06:09:54,succeeded,980.0,0.0,32.1,947.9,card,,GPO8B2NZ-0001,subscription_create,12_month,1,cus_zQawfRJd3FPst9,James Thomas,james.thomas@nordicstream-wireless.example,Nordicstream Wireless,self_serve,network_consultant,network_consulting,US,sub_16HDIpVCtjPHiGcyUTO2FVNE
ch_3XMB6jIjtBXrvzrqVkDZIb3L,2026-03-02 07:30:59,succeeded,980.0,0.0,14.95,965.05,card,,LF9JN9OL-0001,subscription_create,12_month,1,cus_tozG2Ji48Qx6ys,Brian Kim,brian.kim@kim-wireless-consulting.example,Kim Wireless Consulting Ltd,self_serve,network_consultant,network_consulting,IE,sub_1SstyrQu4Oug8gBpRhBMpN4p
ch_3Ek961UXyrAjj1XjP9M2i4dI,2026-03-02 09:16:12,succeeded,599.0,0.0,19.72,579.28,card,,QYYDQDEQ-0001,subscription_create,6_month,1,cus_LzQOJRMLpwCaeu,Steve Martin,steve.martin@inbox.example,,self_serve,network_consultant,network_consulting,US,sub_1Q2mjJWr4f45Ti2dsfNp69cv
ch_3iTuMSOvJm89oMLlVjfqE9Q4,2026-03-02 10:33:33,succeeded,599.0,0.0,9.23,589.77,card,,60KA5QDW-0001,subscription_create,6_month,1,cus_8UAewWl34wlzdT,Anna Laine,anna.laine@laine-network-services.example,Laine Network Services Oy,self_serve,network_consultant,network_consulting,FI,sub_1KW7hdqu6R2jfLH5p8W1V4vL
ch_3BaYGkwBh50K9T0iMSaCLV3w,2026-03-02 17:45:36,succeeded,599.0,0.0,19.72,579.28,card,,R2AIR8XN-0001,subscription_create,6_month,1,cus_S8sH8HhqkXtH6s,Megan Phillips,megan.phillips@lumenlink-construction.example,Lumenlink Construction,self_serve,it_lead,construction,US,sub_1QkGAjR5S7WVPtsCU7Asbo1A
ch_3YzLssvg4K2lTZHuIf6w51UC,2026-03-03 00:20:21,succeeded,1960.0,0.0,29.65,1930.35,card,,ZLYHBO6N-0001,subscription_create,12_month,2,cus_gwLnoujOvx87si,Thomas Richter,thomas.richter@orbitpeak-clinics.example,Orbitpeak Clinics GmbH,self_serve,it_lead,healthcare,DE,sub_1qTqswYOWo00vdLFR9y6ERGp
ch_3Rmw9IUlVL8DXDv6lUxy5YJE,2026-03-03 06:16:19,failed,2940.0,0.0,,,card,card_declined,O8YT8J0K-0001,subscription_create,12_month,3,cus_dg1JxeTL2441FI,Megan Murphy,megan.murphy@summitlink-wi-fi-solutions.example,Summitlink Wi-Fi Solutions LLC,self_serve,network_consultant,network_consulting,US,sub_1OeWQXqjvYJ2DZO4w03oY92l
ch_3p4AbLlc6GZBdvTJf0vlcFV5,2026-03-03 06:21:14,succeeded,2940.0,0.0,95.8,2844.2,card,,O8YT8J0K-0001,subscription_create,12_month,3,cus_dg1JxeTL2441FI,Megan Murphy,megan.murphy@summitlink-wi-fi-solutions.example,Summitlink Wi-Fi Solutions LLC,self_serve,network_consultant,network_consulting,US,sub_1OeWQXqjvYJ2DZO4w03oY92l
ch_33mdV608oszu24CcWl4AkKeu,2026-03-03 07:23:40,succeeded,599.0,0.0,15.23,583.77,card,,KMGC3FRV-0001,subscription_create,6_month,1,cus_KIzWzLWAxXJmSi,Megan Carter,megan.carter@maplebridge-wireless.example,Maplebridge Wireless Ltd,self_serve,network_consultant,network_consulting,GB,sub_1kQgVbg5bl7zGyckh9KmAIHy
ch_3mWDM2j1la7NAlfYMRecsItt,2026-03-03 11:09:46,succeeded,1960.0,0.0,63.95,1896.05,card,,ESHMDILI-0002,subscription_cycle,12_month,2,cus_Y5nGKoDkOXyx6k,Priya Roberts,priya.roberts@summitcore-communications.example,Summitcore Communications,self_serve,head_of_wireless,telecom,AU,sub_1qmfNXlusdLG7QChrIIaS39i
ch_3QxXDD00bwvYHwlAotViKDyR,2026-03-03 12:09:07,succeeded,599.0,0.0,9.23,589.77,card,,0EPMSSO9-0001,subscription_create,6_month,1,cus_LbGAJS8eDZxisP,Thomas Fischer,thomas.fischer@fischer-network-services.example,Fischer Network Services,self_serve,network_consultant,network_consulting,DE,sub_1uzbbma76dZPM1uajNhb0020
ch_36ISVsCzRk6eMQUcP6C7c9D5,2026-03-03 13:53:21,succeeded,2940.0,0.0,44.35,2895.65,card,,KNBXWVR0-0004,subscription_cycle,12_month,3,cus_PJSBZf2qtZuUox,Anja Schneider,anja.schneider@westlink-foods.example,Westlink Foods,self_serve,it_lead,food_beverage,DE,sub_1uI7GXPWYIbwADCqW1cm4J2u
ch_3HEKQ5vDKhiGHlwx44h63jmi,2026-03-04 08:33:10,succeeded,980.0,0.0,14.95,965.05,card,,X19MFGLG-0005,subscription_cycle,12_month,1,cus_ak0KsBYUqa9Lu8,Julia Wagner,julia.wagner@polarbridge-wireless.example,Polarbridge Wireless,self_serve,network_consultant,network_consulting,DE,sub_1ZD1qpWIcjQECSVhdnhjh1KS
ch_3GKmOE7LyetgfSvdfsH0PJIz,2026-03-04 08:57:02,succeeded,5880.0,0.0,88.45,5791.55,card,,KJRS83S5-0004,subscription_cycle,12_month,6,cus_Tf1SL9FvsnMpek,Javier Torres,javier.torres@aurorabridge-managed-services.example,Aurorabridge Managed Services S.L.,self_serve,head_of_wireless,it_services,ES,sub_16aERIrKmF6NpJMrHN79EErp
ch_3sFiJiaq4SyF0XxMbflGCEoI,2026-03-04 12:23:35,succeeded,980.0,0.0,32.1,947.9,card,,SIOQWJ4U-0001,subscription_create,12_month,1,cus_fZy1KEjsLgEIJH,Megan Wright,megan.wright@orbitfield-retail-group.example,Orbitfield Retail Group LLC,self_serve,it_lead,retail,US,sub_1E2pJnMEj8rKzrNK3gKt0TGZ
ch_3U6LPpO1E37mUWWy47ywvRJ3,2026-03-04 16:35:06,succeeded,3920.0,0.0,127.65,3792.35,card,,VKV4ZXBU-0005,subscription_cycle,12_month,4,cus_gh3xG9bxJM3kQp,Nicole Turner,nicole.turner@mapleworks-telecom.example,Mapleworks Telecom LLC,self_serve,head_of_wireless,telecom,US,sub_17rErMhkDW0y5scQHGkk67Us
ch_3cpUZdwgMWLadsWtFShGcL0r,2026-03-05 10:32:25,succeeded,980.0,0.0,14.95,965.05,card,,TP6U91XR-0002,subscription_cycle,12_month,1,cus_QJ6BJg6lH3cjK8,Lotte Smit,lotte.smit@smit-wireless-consulting.example,Smit Wireless Consulting,self_serve,network_consultant,network_consulting,NL,sub_1uanm77ZFDMwdRJlKraxkxrB
ch_3aZHnRrad1k7L3gD6sCDbpqx,2026-03-05 14:11:46,succeeded,980.0,0.0,32.1,947.9,card,,2965A9OA-0002,subscription_cycle,12_month,1,cus_LQ6VWKVezBmTZI,Brian Phillips,brian.phillips@blueline-partners.example,Blueline Partners,self_serve,it_lead,professional_services,US,sub_1z1VAu28WTWnBtMZdnQ5hzjS
ch_3Aoprf2CTmGk4f8iTqHulxWL,2026-03-05 16:23:54,succeeded,1198.0,0.0,18.22,1179.78,card,,53Y51BSL-0001,subscription_create,6_month,2,cus_QUlayBvtdwUPn8,Marko Saarinen,marko.saarinen@postbox.example,,self_serve,network_consultant,network_consulting,FI,sub_1cw3VlLD1K5kdwSRv138AKk7
py_3UP8MQ2aU6IQAEuwaSvEjKWH,2026-03-05 17:18:19,succeeded,231000.0,0.0,5.0,230995.0,bank_transfer,,HXUQMLDW-0002,subscription_cycle,enterprise,1,cus_i7SSQaUwTvAMef,Halden Ridge State University,accounts.payable@halden-ridge-state-university.example,Halden Ridge State University,enterprise,,university,US,sub_1Pl0vGGjOoKm3UuXedXJsAqh
ch_3BwTfarK48B92ZjxBU2JfZva,2026-03-05 18:00:21,succeeded,1198.0,0.0,39.19,1158.81,card,,T1D9R000-0002,subscription_cycle,6_month,2,cus_7lTyugNfJIZqtZ,John Walker,john.walker@westview-technology-group.example,Westview Technology Group LLC,self_serve,head_of_wireless,it_services,US,sub_1IcMS4bwxtA567ND70LucdhP
ch_3wnZLAoxy7H76VU7uPXXZONX,2026-03-06 12:59:26,succeeded,1198.0,0.0,39.19,1158.81,card,,L8G0XB3B-0003,subscription_cycle,6_month,2,cus_WrMCNgiefJDo4G,Paul Nelson,paul.nelson@inbox.example,,self_serve,network_consultant,network_consulting,US,sub_1cvbj2n43EHtzVljsfy8UJuq
ch_39wIABETMZ37N80Z0Nhi7N3q,2026-03-06 17:22:26,succeeded,980.0,0.0,24.75,955.25,card,,J1FV10C8-0003,subscription_cycle,12_month,1,cus_7C6yx3IDN78yAT,Carlos Baker,carlos.baker@atlaswave-wi-fi-solutions.example,Atlaswave Wi-Fi Solutions Ltd,self_serve,network_consultant,network_consulting,GB,sub_1W01aErlILJPnminFxfiSOgv
py_3M2qhaDjIMB9VMUxPiQPNt4D,2026-03-06 18:41:30,succeeded,1198.0,0.0,5.0,1193.0,bank_transfer,,RZNLFXLL-0001,subscription_create,6_month,2,cus_J41Xtm5v63QOKP,Laura Thomas,laura.thomas@deltaview-industries.example,Deltaview Industries,self_serve,it_lead,manufacturing,IE,sub_1mIffQZ3y4k7lcBUnKTGt2Je
ch_326liel8IPo3vUrdEt1YYTKJ,2026-03-07 05:33:48,succeeded,980.0,0.0,32.1,947.9,card,,O5Q1JRF4-0002,subscription_cycle,12_month,1,cus_SWgScaUYTJgB8W,Ahmed Roberts,ahmed.roberts@vertexport-networks.example,Vertexport Networks,self_serve,network_consultant,network_consulting,US,sub_1dogZvDZaznTZ6ZTCvdqnRqM
ch_3Vvx9lZSyPiSvPVMcNCOw4U4,2026-03-07 07:43:28,failed,980.0,0.0,,,card,card_declined,WON1SR92-0001,subscription_create,12_month,1,cus_hxINhDbcse1gYO,Lars Lund,lars.lund@lund-network-services.example,Lund Network Services,self_serve,network_consultant,network_consulting,SE,sub_162JstDT5CWUZM5kLAHtlK7F
ch_33YPJW4d7q8Ypp3JGFT9QfhX,2026-03-07 07:48:02,succeeded,980.0,0.0,14.95,965.05,card,,WON1SR92-0001,subscription_create,12_month,1,cus_hxINhDbcse1gYO,Lars Lund,lars.lund@lund-network-services.example,Lund Network Services,self_serve,network_consultant,network_consulting,SE,sub_162JstDT5CWUZM5kLAHtlK7F
ch_3i2xXTPaZJ9k8UTvVkL44jHs,2026-03-08 18:23:08,succeeded,1960.0,0.0,29.65,1930.35,card,,SIEN7JH6-0004,subscription_cycle,12_month,2,cus_8R18oFUlFErBir,Lena Wolf,lena.wolf@balticmark-systems-integration.example,Balticmark Systems Integration GmbH,self_serve,head_of_wireless,it_services,DE,sub_1ToPL4OnFPiJ6DhS3cBV6WhI
py_38KfRvzInKYoc6kx7Jyy7fUp,2026-03-09 05:48:50,succeeded,1960.0,0.0,5.0,1955.0,bank_transfer,,PUOXIOE6-0001,subscription_create,12_month,2,cus_an5sESdlZVnaMp,Chris Nguyen,chris.nguyen@pineport-communications.example,Pineport Communications LLC,self_serve,head_of_wireless,telecom,US,sub_105WiVn7qWTDgzfWQisuhiG9
ch_3UrNHRumWHkdhJq8lZFmSBAg,2026-03-09 12:51:29,succeeded,980.0,0.0,14.95,965.05,card,,9X9OMSKS-0001,subscription_create,12_month,1,cus_cJECviCYEECt8Y,Florian Wagner,florian.wagner@greenbridge-telecom.example,Greenbridge Telecom GmbH,self_serve,head_of_wireless,telecom,DE,sub_19hxCTWFSU9EyuaG1fmXrm8Y
ch_3vUP1Mtopt8Tbav6mCDm4Dra,2026-03-10 09:04:02,succeeded,1198.0,0.0,30.2,1167.8,card,,DKFO5LOV-0001,subscription_create,6_month,2,cus_MmqK6jsDmxVVP6,Robert Thompson,robert.thompson@silverline-schools.example,Silverline Schools Ltd,self_serve,it_lead,education,GB,sub_1EU0TDawzwOsFX6zD6xYM3AM
ch_3yQgCAlQjd6OwIATOLQPIJId,2026-03-10 11:18:30,succeeded,1198.0,0.0,18.22,1179.78,card,,I5E42WX1-0001,subscription_create,6_month,2,cus_FjQgSq8bZEup8P,Eero Ahonen,eero.ahonen@polarmark-clinics.example,Polarmark Clinics Oy,self_serve,it_lead,healthcare,FI,sub_1ZmzsYKtKw5pjCuP1YhLaISk
ch_3A2JQazN7X7fstPuH2xrgALM,2026-03-10 11:57:58,succeeded,980.0,0.0,14.95,965.05,card,,8EDSIKVN-0004,subscription_cycle,12_month,1,cus_YtTzwk8CeEccOJ,Stefan Zimmermann,stefan.zimmermann@apexpath-industries.example,Apexpath Industries GmbH,self_serve,it_lead,manufacturing,DE,sub_19MZhf1fLfzIY7wiOi0zqOGy
ch_3tCRDWwPaGPpykcicW3x7skK,2026-03-10 15:20:20,succeeded,1198.0,0.0,18.22,1179.78,card,,TCQDBAAH-0002,subscription_cycle,6_month,2,cus_KhzWMai1F7C1a8,Anders Sørensen,anders.sorensen@summitpoint-foods.example,Summitpoint Foods AB,self_serve,it_lead,food_beverage,SE,sub_16cxS1e341bHpvON1gAyvP3s
py_3rzDO7hoz8guU5NbirzMObSH,2026-03-10 17:48:26,succeeded,4900.0,0.0,5.0,4895.0,bank_transfer,,K924SCB1-0003,subscription_cycle,12_month,5,cus_W40wdr6IeqcG6J,Lotte Dekker,lotte.dekker@greengate-communications.example,Greengate Communications,self_serve,head_of_wireless,telecom,NL,sub_1qtEuOyQmmKT1KkoEW9OoQBr
ch_3fsYo5Sc3a7Y0SgUPZXSGW6X,2026-03-10 19:25:36,succeeded,980.0,0.0,32.1,947.9,card,,72I49FRO-0002,subscription_cycle,12_month,1,cus_JBcCT5DAOV4nL4,Kate White,kate.white@postbox.example,,self_serve,network_consultant,network_consulting,US,sub_1BEq8fpDoPp7h9yBh8kk17I9
ch_3ldBgDvl9K68yC2jCi70hcmW,2026-03-11 06:58:08,succeeded,599.0,0.0,9.23,589.77,card,,JM1L9U9I-0001,subscription_create,6_month,1,cus_oSbrRjLOjOvCFw,Camille Lambert,camille.lambert@polarlink-schools.example,Polarlink Schools SAS,self_serve,it_lead,education,FR,sub_1EPEJLEzIC1JjFQzMpaEw9OH
ch_3DHrmPiOfwpPsP8nvoKiliZA,2026-03-11 10:36:10,succeeded,599.0,0.0,9.23,589.77,card,,3LBU4UIM-0002,subscription_cycle,6_month,1,cus_dtxeZFDn09mylT,Emma Andersson,emma.andersson@pinegate-logistics.example,Pinegate Logistics AB,self_serve,it_lead,logistics,SE,sub_1zbcgu9K8qa6bL3MCQAo9Phi
ch_3wJBteRAyiSjf37Otlcu3Fyo,2026-03-11 11:58:10,succeeded,599.0,0.0,19.72,579.28,card,,99EXG1RJ-0001,subscription_create,6_month,1,cus_HLUJeSNAxxnTr6,Rachel Green,rachel.green@green-wireless-consulting.example,Green Wireless Consulting,self_serve,network_consultant,network_consulting,US,sub_1O3JA9C7Gpufu0C3xX1j54KP
ch_3YjZ9Uz9yYhsOXcJIbjvFAmR,2026-03-11 19:51:54,succeeded,980.0,0.0,14.95,965.05,card,,RMRRQIBX-0001,subscription_create,12_month,1,cus_FosH3Rf9YLyqtL,Sami Kinnunen,sami.kinnunen@northline-wireless.example,Northline Wireless Oy,self_serve,network_consultant,network_consulting,FI,sub_13nuqOjgZbp4UEY7wjN2UTBT
ch_3vTQ8RHabtU1t8dEM7fwXjC7,2026-03-12 09:05:00,succeeded,980.0,0.0,14.95,965.05,card,,KPOO0GUO-0001,subscription_create,12_month,1,cus_swaof9elR1Lduy,Pierre Bonnet,pierre.bonnet@brightbridge-networks.example,Brightbridge Networks,self_serve,network_consultant,network_consulting,FR,sub_1r328bBKpmIVJLGImgC8viyQ
ch_3N7Yu2ywQd5A4DuGwDhtHzLL,2026-03-12 10:33:07,succeeded,980.0,0.0,14.95,965.05,card,,UM9IU9XB-0001,subscription_create,12_month,1,cus_l4NIOs2kRSbkQg,Sara Sørensen,sara.sorensen@stonebridge-properties.example,Stonebridge Properties,self_serve,it_lead,real_estate,SE,sub_111L1l6tg10It36uA2VzyFYi
ch_3pfOZ5e77ZCZuDkksm571OLK,2026-03-12 12:23:35,succeeded,1960.0,0.0,29.65,1930.35,card,,IJOWZ53U-0004,subscription_cycle,12_month,2,cus_fyl8Bdmv13598s,Camille Mercier,camille.mercier@deltagate-networks.example,Deltagate Networks,self_serve,network_consultant,network_consulting,FR,sub_1unACQvyOhNbuivisci7ezf2
ch_3Z3GSg48nuZDEMfXnmg3QJxf,2026-03-12 13:50:11,succeeded,980.0,0.0,14.95,965.05,card,,VVKFBR5K-0002,subscription_cycle,12_month,1,cus_XR7lkK8YUS1i3I,Thomas Richter,thomas.richter@bluepoint-rf-consulting.example,Bluepoint RF Consulting GmbH,self_serve,network_consultant,network_consulting,DE,sub_1i7bU2MmHusIYAiCDV66BVvu
ch_3xIn4hgi7LMtMtlvzCpjtyt1,2026-03-12 14:00:51,succeeded,2940.0,0.0,73.75,2866.25,card,,EKI5J5SH-0001,subscription_create,12_month,3,cus_wwHCtoiDuI0DqU,Priya Hall,priya.hall@balticcore-logistics.example,Balticcore Logistics,self_serve,it_lead,logistics,GB,sub_1VAiBt7pEGkOmIdr6gg0ni20
py_3M6CbRB7fjQlIZ69GBqGlz7P,2026-03-12 17:08:48,succeeded,95000.0,0.0,5.0,94995.0,bank_transfer,,DO536WDP-0001,subscription_create,enterprise,1,cus_yOWpiOEZvPbUqJ,Nordhavn Port Authority,accounts.payable@nordhavn-port-authority.example,Nordhavn Port Authority,enterprise,,logistics,DK,sub_1VfiqWQQir41yJBDFcBpO0SU
py_3kWh5ODLjNxJ60NgqI6WF6sN,2026-03-12 17:38:50,succeeded,1960.0,0.0,5.0,1955.0,bank_transfer,,I3G1G1B9-0001,subscription_create,12_month,2,cus_oKQAcORS4Uj1Mr,Raj Parker,raj.parker@westworks-warehousing.example,Westworks Warehousing LLC,self_serve,it_lead,logistics,US,sub_15C7ZWKeWn1kmiNzs0SCrFvi
py_35utBcd3FziN6aIDHZ1EnrPS,2026-03-13 02:00:35,succeeded,1960.0,0.0,5.0,1955.0,bank_transfer,,P5OB6KXM-0004,subscription_cycle,12_month,2,cus_ghKNb3bfpALKfE,Sami Salonen,sami.salonen@nordicstream-it-solutions.example,Nordicstream IT Solutions,self_serve,head_of_wireless,it_services,FI,sub_1Sa8bLdHJwQeSn25hCjWPNyF
ch_3iBRBexbTYc4JOHwGtxc3lme,2026-03-13 14:48:19,succeeded,980.0,0.0,14.95,965.05,card,,RZEXVA91-0001,subscription_create,12_month,1,cus_eAPsvIqBtElb4T,Pieter Smit,pieter.smit@aurorastream-hotels.example,Aurorastream Hotels BV,self_serve,it_lead,hospitality,BE,sub_1ycZgqGv90vPDsg2mUIw1fp3
ch_3wySllg1kjwBVKSpuWCPH4r4,2026-03-14 09:35:41,succeeded,599.0,0.0,5.14,593.86,sepa_debit,,VIQFY4H6-0003,subscription_cycle,6_month,1,cus_FkLdUFihWJJ7nb,Rasmus Berg,rasmus.berg@brightfield-managed-services.example,Brightfield Managed Services AB,self_serve,head_of_wireless,it_services,SE,sub_1GwfgQrmC9CIumhvQIWgpdWU
ch_3qacsRE2u8kOZuTwxPn00d5u,2026-03-16 10:28:59,succeeded,1198.0,0.0,18.22,1179.78,card,,NFHEKZO9-0001,subscription_create,6_month,2,cus_HbLLPuaOWPBFCF,Rasmus Dahl,rasmus.dahl@dahl-network-services.example,Dahl Network Services,self_serve,network_consultant,network_consulting,DK,sub_1JEz5655fbafKR2F0ffmFtSv
ch_3UsQpsCjEcqh7e7OXPD6B0vQ,2026-03-16 11:36:22,succeeded,1797.0,0.0,58.65,1738.35,card,,DC6IA7EI-0001,subscription_create,6_month,3,cus_hUDUvQNelURVHK,Chris Wright,chris.wright@nordicfield-clinics.example,Nordicfield Clinics LLC,self_serve,it_lead,healthcare,US,sub_1txPvOHqGcnb4xO4Hllf76xf
ch_3SYvA6E9QlNbSRImCjqyy01j,2026-03-16 14:08:48,succeeded,980.0,0.0,24.75,955.25,card,,QXW0UQ6M-0001,subscription_create,12_month,1,cus_3KsoaDQO1eJGoZ,Robert Wilson,robert.wilson@ironpath-networks.example,Ironpath Networks Ltd,self_serve,network_consultant,network_consulting,GB,sub_1pb3mkhTpEojV1VuXtIOPALX
ch_3Le2KSD1VMCRhrJzR0ayS3yS,2026-03-17 08:43:50,failed,599.0,0.0,,,card,card_declined,AZXEH4ES-0002,subscription_cycle,6_month,1,cus_nqyR5wtBuuwdxk,Mikkel Pedersen,mikkel.pedersen@westpath-it-solutions.example,Westpath IT Solutions,self_serve,head_of_wireless,it_services,DK,sub_1c7cp9lf6SpEimJ984oVfW5F
ch_3eCnEbfdHs1MoSkNigQ376Bg,2026-03-17 10:18:58,failed,980.0,0.0,,,card,card_declined,E2P178G5-0001,subscription_create,12_month,1,cus_8BoSV2XiJty3O7,Petri Mäkinen,petri.makinen@beaconpeak-foods.example,Beaconpeak Foods,self_serve,it_lead,food_beverage,FI,sub_1I5ycNBoc0UZZk37OIZTa9Sz
ch_30mv5rZMBQ12yWOYHoTJtNpV,2026-03-17 10:25:23,succeeded,980.0,0.0,14.95,965.05,card,,E2P178G5-0001,subscription_create,12_month,1,cus_8BoSV2XiJty3O7,Petri Mäkinen,petri.makinen@beaconpeak-foods.example,Beaconpeak Foods,self_serve,it_lead,food_beverage,FI,sub_1I5ycNBoc0UZZk37OIZTa9Sz
ch_3gLNeYytYd4w9zaNOYrcZDQk,2026-03-17 10:57:51,failed,980.0,0.0,,,card,expired_card,MQA6TASU-0004,subscription_cycle,12_month,1,cus_DPqvYe5fTYLx34,Jan Richter,jan.richter@apexworks-networks.example,Apexworks Networks,self_serve,network_consultant,network_consulting,DE,sub_1tQcEgFhbgG3WI5KeMMj7hsR
ch_3pa1cN53ccA6iMmkusMmaeNg,2026-03-17 14:08:24,succeeded,980.0,0.0,24.75,955.25,card,,EGRTIBVG-0001,subscription_create,12_month,1,cus_4syqZ4PqamFUmK,Kevin Jones,kevin.jones@jones-network-services.example,Jones Network Services Ltd,self_serve,network_consultant,network_consulting,GB,sub_1bTrTRoFY9BYtYK88sByB5Ld
ch_3sNtoZ0ZjbtKJ4Xa3zzZPHCj,2026-03-17 16:31:18,succeeded,599.0,0.0,19.72,579.28,card,,64OKWQ9I-0001,subscription_create,6_month,1,cus_sr6eZOqIWz8GU1,Tobias Schmidt,tobias.schmidt@beaconwave-industries.example,Beaconwave Industries AG,self_serve,it_lead,manufacturing,CH,sub_1k84ESdauAgTE5LxaC9zCDHR
ch_3tpV42AQwM7M558SMupbJfWX,2026-03-17 16:33:27,succeeded,599.0,0.0,9.23,589.77,card,,SQS48V91-0003,subscription_cycle,6_month,1,cus_k2QvlZFMdjPEHu,Juho Järvinen,juho.jarvinen@jarvinen-network-services.example,Järvinen Network Services Oy,self_serve,network_consultant,network_consulting,FI,sub_1uH33tXz35oOJsmFerXq9Awm
ch_3m8hPp9JHKpmZCTqLhMq69mV,2026-03-18 10:36:03,succeeded,1960.0,0.0,29.65,1930.35,card,,Z60DM4B2-0003,subscription_cycle,12_month,2,cus_I3n5rIsXzranBp,Sabine Weber,sabine.weber@weber-wireless-consulting.example,Weber Wireless Consulting GmbH,self_serve,network_consultant,network_consulting,DE,sub_11RXcF0Jw82bzmTfXeLgVun9
ch_34FZ95G7wCxDmPoKVzCxSNYo,2026-03-18 11:36:36,succeeded,980.0,0.0,32.1,947.9,card,,VPB512WE-0001,subscription_create,12_month,1,cus_xdesjFX5IudBlm,Mark Hall,mark.hall@signalbridge-networks.example,Signalbridge Networks,self_serve,network_consultant,network_consulting,US,sub_19wuaM5Vflha35ZYFisqnefH
ch_3keJN19Dda8PiyROQFhTERsD,2026-03-18 11:49:14,succeeded,980.0,0.0,24.75,955.25,card,,ZPEJ8R8P-0001,subscription_create,12_month,1,cus_vlSHijo116Jti9,Priya Phillips,priya.phillips@summitstream-networks.example,Summitstream Networks Ltd,self_serve,network_consultant,network_consulting,GB,sub_1D6bP1sHcBEU4bruIUzmY1We
ch_3xnyWIRm99H8iI5TYezi0CJk,2026-03-18 12:31:20,succeeded,980.0,0.0,14.95,965.05,card,,13J394Y8-0001,subscription_create,12_month,1,cus_dZz9HTQ5Ys1gWj,Matthias Schulz,matthias.schulz@harborstream-managed-services.example,Harborstream Managed Services,self_serve,head_of_wireless,it_services,DE,sub_1jPxNz4LAw8E1bqZFiQrtHDY
ch_3Hna29OsFk5CW6uK6ZNtNmXU,2026-03-18 20:32:27,succeeded,1960.0,0.0,49.25,1910.75,card,,G29B4MHT-0003,subscription_cycle,12_month,2,cus_Qs9BgDKTGwoHcw,Sarah Kelly,sarah.kelly@blueport-hotels.example,Blueport Hotels,self_serve,it_lead,hospitality,GB,sub_15HHBcMaR4G13FNpQ3XouvJO
ch_34DDcfmXdMcY4cgRjk4wUuEF,2026-03-19 07:29:56,succeeded,980.0,0.0,14.95,965.05,card,,GHCLDXTU-0001,subscription_create,12_month,1,cus_wcyb7mQmOrLyqr,Karin Strand,karin.strand@strand-wireless-consulting.example,Strand Wireless Consulting AB,self_serve,network_consultant,network_consulting,SE,sub_1nx0J2jiruG058TQFm6xnFBc
ch_3UXmo4unoJCrCuzeDuw3s4GE,2026-03-19 12:14:49,failed,980.0,0.0,,,card,card_declined,D9I2GE0G-0002,subscription_cycle,12_month,1,cus_HQrlhxmKnLRbq6,Søren Andersson,soren.andersson@westpath-properties.example,Westpath Properties AS,self_serve,it_lead,real_estate,NO,sub_1logciIrxD8IdJuIuYlWRg0v
ch_3nsEWifcW6AGLQntMzLxxYiB,2026-03-19 17:19:11,succeeded,980.0,0.0,24.75,955.25,card,,OKFP0G2C-0002,subscription_cycle,12_month,1,cus_e4Gu7YnNwkBmwF,John Wright,john.wright@postbox.example,,self_serve,network_consultant,network_consulting,GB,sub_1JaR6MgH4UIqgHbVgOQDhVxr
ch_3OuoSGQpjfVZslFIiQHfTv0H,2026-03-19 19:11:59,succeeded,599.0,0.0,9.23,589.77,card,,9QXMVR4L-0001,subscription_create,6_month,1,cus_hS2KLs8CLiKE6S,Daniel Fischer,daniel.fischer@harborfield-networks.example,Harborfield Networks GmbH,self_serve,network_consultant,network_consulting,DE,sub_1oUq8IbCkaejhmnkDBqrTwlv
ch_3uiFwJeLSnZtT8uYO2fL3tVV,2026-03-20 05:59:50,succeeded,1198.0,0.0,39.19,1158.81,card,,2YEPDO3K-0001,subscription_create,6_month,2,cus_MVp6IqqFACzIMk,Matt Martin,matt.martin@clearcore-wi-fi-solutions.example,Clearcore Wi-Fi Solutions LLC,self_serve,network_consultant,network_consulting,US,sub_1qokgh99XCdIQC0YAqwTn14W
ch_3SzWuUtHWJg07LEVqc5dN04g,2026-03-20 09:44:50,failed,599.0,0.0,,,card,card_declined,AZXEH4ES-0002,subscription_cycle,6_month,1,cus_nqyR5wtBuuwdxk,Mikkel Pedersen,mikkel.pedersen@westpath-it-solutions.example,Westpath IT Solutions,self_serve,head_of_wireless,it_services,DK,sub_1c7cp9lf6SpEimJ984oVfW5F
ch_3xM2lDsVMsJnUmVaIK3djueN,2026-03-20 10:15:55,succeeded,980.0,0.0,14.95,965.05,card,,SWQV4Q5V-0001,subscription_create,12_month,1,cus_YWEA9VCsOSWR3U,Joost Mulder,joost.mulder@aurorapoint-wireless-engineering.example,Aurorapoint Wireless Engineering,self_serve,head_of_wireless,network_consulting,NL,sub_1W3NAV4lokwuMhMlXYvKqGQL
ch_3Lg85rSPoNoOiY2l4BWCZYcc,2026-03-20 11:40:51,succeeded,980.0,0.0,14.95,965.05,card,,MQA6TASU-0004,subscription_cycle,12_month,1,cus_DPqvYe5fTYLx34,Jan Richter,jan.richter@apexworks-networks.example,Apexworks Networks,self_serve,network_consultant,network_consulting,DE,sub_1tQcEgFhbgG3WI5KeMMj7hsR
ch_3fM6VvlSkMrpJvqG6xyOqiu1,2026-03-20 13:21:51,succeeded,980.0,0.0,24.75,955.25,card,,LIJLFXWE-0001,subscription_create,12_month,1,cus_UOmRzhXCljlXDi,Brian Davis,brian.davis@davis-network-services.example,Davis Network Services Ltd,self_serve,network_consultant,network_consulting,GB,sub_1LcR3Cirl9tB2cjvjAe8yQD2
ch_3PGpyEIkOCETDOIhdAw1kjEA,2026-03-20 15:23:11,succeeded,599.0,0.0,9.23,589.77,card,,ASW95WAM-0001,subscription_create,6_month,1,cus_7jIiS8xjV0sQSG,Johan Lindqvist,johan.lindqvist@inbox.example,,self_serve,network_consultant,network_consulting,SE,sub_1vGt5THfHxTOltqFZAqWb0xh
ch_3703hrL0w9f180ZhuTBu7fGP,2026-03-21 08:13:51,succeeded,1960.0,0.0,63.95,1896.05,card,,7BYUH55X-0003,subscription_cycle,12_month,2,cus_NMc3fmdebzKCkj,James Wilson,james.wilson@apexwave-wireless.example,Apexwave Wireless,self_serve,network_consultant,network_consulting,US,sub_1DdAkerz4A9svSfM2p9c0tRr
ch_3MD7aBWGVUEjEDHIOagrSni8,2026-03-21 12:25:38,succeeded,599.0,0.0,9.23,589.77,card,,BJNF6QUD-0003,subscription_cycle,6_month,1,cus_cEJqXKcTGQQivR,Dirk Klein,dirk.klein@apexpath-warehousing.example,Apexpath Warehousing GmbH,self_serve,it_lead,logistics,AT,sub_1wq4JbdSe7etaFoYT8VbVoOC
ch_3wJd0bZZtpedtgrHmJcJa8MJ,2026-03-21 12:51:53,succeeded,980.0,0.0,32.1,947.9,card,,LEW7VPZ7-0002,subscription_cycle,12_month,1,cus_QNIlOFQVgmMhdY,Brian Wilson,brian.wilson@mailbox.example,,self_serve,network_consultant,network_consulting,AU,sub_1vtlCbY6a5kU4HftxxCjeHpw
ch_3FVg0PX4RkK4m8PI0TuYJppk,2026-03-21 14:02:22,succeeded,599.0,0.0,19.72,579.28,card,,E8M46DKQ-0002,subscription_cycle,6_month,1,cus_rjBjiWMtCz70o1,Sarah Edwards,sarah.edwards@alpinewave-logistics.example,Alpinewave Logistics LLC,self_serve,it_lead,logistics,US,sub_1NXn9bexAgnzyOtFBYAN5e2m
ch_3D5spwnK2CVQPQ7tekV1UODI,2026-03-21 15:40:22,succeeded,2995.0,0.0,97.59,2897.41,card,,CU7J3KAO-0005,subscription_cycle,6_month,5,cus_ChUdVmD3Id1SRi,Nicole Baker,nicole.baker@novaline-retail-group.example,Novaline Retail Group,self_serve,it_lead,retail,US,sub_1SgFtb5yfaUGZPsrtqM5oGRI
ch_3wpDTU1IYTx0Kz0hppkxmOJF,2026-03-21 16:34:16,succeeded,980.0,0.0,14.95,965.05,card,,Z1DB6Q90-0001,subscription_create,12_month,1,cus_ObUjdzcR1eW8rc,Christian Klein,christian.klein@klein-wireless-consulting.example,Klein Wireless Consulting,self_serve,network_consultant,network_consulting,DE,sub_1SamAcACrk6Kwizw0QUGC8J7
ch_3vqkXvbWG9vh9h5sMSuwvbHE,2026-03-22 12:26:49,failed,980.0,0.0,,,card,card_declined,D9I2GE0G-0002,subscription_cycle,12_month,1,cus_HQrlhxmKnLRbq6,Søren Andersson,soren.andersson@westpath-properties.example,Westpath Properties AS,self_serve,it_lead,real_estate,NO,sub_1logciIrxD8IdJuIuYlWRg0v
ch_3m0KiXlg4CUiz4d31KTxRVNH,2026-03-22 14:51:25,succeeded,1198.0,0.0,39.19,1158.81,card,,NDGW2ZTE-0005,subscription_cycle,6_month,2,cus_o3s9j1UHQy285e,Ahmed Miller,ahmed.miller@signalport-wireless-engineering.example,Signalport Wireless Engineering LLC,self_serve,head_of_wireless,network_consulting,US,sub_1WvAX6sBOOg31zbMcaBQplt3
ch_3ZJR6gsdp8ghdAlYGTz4Z9LA,2026-03-23 04:15:39,succeeded,1960.0,0.0,29.65,1930.35,card,,73GDJFP3-0002,subscription_cycle,12_month,2,cus_035bUKA134uTch,Daan de Jong,daan.dejong@polarworks-communications.example,Polarworks Communications B.V.,self_serve,head_of_wireless,telecom,NL,sub_1koj0YOzdVlsL6ny8ZFP4N59
ch_35JkPdQ8guXDJ1U8M7JJ4bM8,2026-03-23 13:32:47,succeeded,980.0,0.0,14.95,965.05,card,,BEBP58PH-0001,subscription_create,12_month,1,cus_LwnG4M1CuJWUV5,Ingrid Lund,ingrid.lund@crestwave-wireless.example,Crestwave Wireless,self_serve,network_consultant,network_consulting,DK,sub_1lNT0OZaoli2X4TUhzOqUi89
ch_3Od4lEfebpLRP6zHxdsfjUAx,2026-03-23 13:57:18,succeeded,980.0,0.0,24.75,955.25,card,,X2XYYZN8-0001,subscription_create,12_month,1,cus_ULXhqAxYLUM8mY,Chris Murphy,chris.murphy@polarmark-wi-fi-solutions.example,Polarmark Wi-Fi Solutions,self_serve,network_consultant,network_consulting,GB,sub_1OSTOR2C2H3e49ag0tBSNPk0
py_3JXF0O1X3G9sKnck6jhib66n,2026-03-23 21:12:35,succeeded,1960.0,0.0,5.0,1955.0,bank_transfer,,TUN045I2-0001,subscription_create,12_month,2,cus_FCpgjpO6TH9yOD,Robert Brown,robert.brown@orbitcore-technology-group.example,Orbitcore Technology Group Inc.,self_serve,head_of_wireless,it_services,CA,sub_1ne020YmHLWdMDyADZgKvdWU
ch_3luTzcB3I1TGxHrmDvCDsFbW,2026-03-24 06:02:02,succeeded,980.0,0.0,32.1,947.9,card,,U691B1ZR-0002,subscription_cycle,12_month,1,cus_ZQIby6wY8qOOu2,Sarah Lee,sarah.lee@pineview-it-solutions.example,Pineview IT Solutions LLC,self_serve,head_of_wireless,it_services,US,sub_1pISbahjI4uc7BHaXMnW9aPF
ch_33KV8603MzxIFHBzgkwin9eN,2026-03-24 09:15:34,succeeded,980.0,0.0,32.1,947.9,card,,J9Z3GFBN-0001,subscription_create,12_month,1,cus_lSi7GDYwDLi6TD,Ahmed Jones,ahmed.jones@crestpoint-communications.example,Crestpoint Communications,self_serve,head_of_wireless,telecom,US,sub_1FLVNNR4gqnVqTxB18us98tY
ch_38yKeKc3cwwhQREo1n0a1SwM,2026-03-24 12:03:53,succeeded,599.0,0.0,9.23,589.77,card,,X4V83Y9L-0001,subscription_create,6_month,1,cus_0Opekp7FgGlmza,Sophie Laurent,sophie.laurent@summitworks-warehousing.example,Summitworks Warehousing SAS,self_serve,it_lead,logistics,FR,sub_1A0uxg4cBbTxObEIP2VWrOCw
ch_3frJ1DK9qBSjDx1MTXSIf8Qx,2026-03-24 17:58:44,succeeded,980.0,0.0,6.35,973.65,sepa_debit,,MLM90T7B-0001,subscription_create,12_month,1,cus_tmFwHsRub4LfwU,Emily Smith,emily.smith@novabridge-rf-consulting.example,Novabridge RF Consulting,self_serve,network_consultant,network_consulting,IE,sub_1URaHCEyWNTUUj0YXq1Hechq
ch_3ZBPaADjtcuT5pFhI5tQS9sf,2026-03-24 23:16:31,succeeded,980.0,0.0,32.1,947.9,card,,RAETC2T4-0001,subscription_create,12_month,1,cus_IwKjMZSedPmpNH,Emily Martin,emily.martin@ironpoint-wi-fi-solutions.example,Ironpoint Wi-Fi Solutions LLC,self_serve,network_consultant,network_consulting,US,sub_1KGSFWkyEoM5ix0E2iaf1lUz
ch_3czAci7ctcJD8KZPUoGNH87f,2026-03-25 08:55:50,failed,599.0,0.0,,,card,card_declined,AZXEH4ES-0002,subscription_cycle,6_month,1,cus_nqyR5wtBuuwdxk,Mikkel Pedersen,mikkel.pedersen@westpath-it-solutions.example,Westpath IT Solutions,self_serve,head_of_wireless,it_services,DK,sub_1c7cp9lf6SpEimJ984oVfW5F
ch_3JJVDyKShbFsIM89XkcQPfKL,2026-03-25 12:05:23,succeeded,980.0,0.0,14.95,965.05,card,,T032TVB3-0001,subscription_create,12_month,1,cus_HlBxaBEZOcePB2,Andreas Schulz,andreas.schulz@schulz-network-services.example,Schulz Network Services GmbH,self_serve,network_consultant,network_consulting,DE,sub_1suD7Fe9K2Az276Wk92kEnjs
ch_3PJISvsmoZn1LhHEXt5Rz4WC,2026-03-26 03:04:44,succeeded,980.0,0.0,32.1,947.9,card,,ZGDUDQPK-0001,subscription_create,12_month,1,cus_VsiukD0Nw7qous,Olivia Carter,olivia.carter@silverpath-rf-consulting.example,Silverpath RF Consulting Inc.,self_serve,network_consultant,network_consulting,CA,sub_1DuBnng5G1P0OIuu5DtSaZA5
py_3HjMlVE4873tY8rspWqDqFX4,2026-03-26 16:14:43,succeeded,1960.0,0.0,5.0,1955.0,bank_transfer,,M25FAHY5-0004,subscription_cycle,12_month,2,cus_uCkGNSYuOXX97q,Olivia Collins,olivia.collins@orbitpath-wireless-engineering.example,Orbitpath Wireless Engineering LLC,self_serve,head_of_wireless,network_consulting,US,sub_1MwDsGAqckJJQa5rqIsDLVWf
ch_39nWgQk5w5t50gbWQPjelPiW,2026-03-26 19:22:12,succeeded,1797.0,0.0,58.65,1738.35,card,,MORPU1D1-0001,subscription_create,6_month,3,cus_bWpHvduUM2bvEF,Ben Johnson,ben.johnson@ironlink-wireless.example,Ironlink Wireless LLC,self_serve,network_consultant,network_consulting,US,sub_1fmxFM5RjcFour7oNdKZ06G5
ch_3AE6YbAQPqgrqDKwl4mA5o86,2026-03-27 12:18:02,succeeded,980.0,0.0,14.95,965.05,card,,M9VFJTPN-0001,subscription_create,12_month,1,cus_JblNMdu0RNn7G9,Andreas Wolf,andreas.wolf@beaconstream-wireless.example,Beaconstream Wireless,self_serve,network_consultant,network_consulting,DE,sub_18kwICB8SyQJnVkVRXvjj1BJ
ch_3peU2w3oknqeWoIRnLWccZqH,2026-03-27 12:26:49,failed,980.0,0.0,,,card,card_declined,D9I2GE0G-0002,subscription_cycle,12_month,1,cus_HQrlhxmKnLRbq6,Søren Andersson,soren.andersson@westpath-properties.example,Westpath Properties AS,self_serve,it_lead,real_estate,NO,sub_1logciIrxD8IdJuIuYlWRg0v
ch_3hiLNrigtjwL1Tj0WSNeWLY1,2026-03-27 12:56:42,succeeded,980.0,0.0,14.95,965.05,card,,VX4922RR-0002,subscription_cycle,12_month,1,cus_lSVjacFAjsUO2T,Christian Hartmann,christian.hartmann@westport-wi-fi-solutions.example,Westport Wi-Fi Solutions GmbH,self_serve,network_consultant,network_consulting,DE,sub_1GJBZlEpCPtNFcMWJYhsKWAW
ch_3BsgJq2bbDPejO7LusHTZZvM,2026-03-27 14:06:48,succeeded,980.0,0.0,14.95,965.05,card,,R621R2YF-0003,subscription_cycle,12_month,1,cus_AuEmOkvzWY31G6,Janne Järvinen,janne.jarvinen@harborpath-retail-group.example,Harborpath Retail Group Oy,self_serve,it_lead,retail,FI,sub_1YdSUhAPGgY2YERfi4fDDhVU
ch_3kdBOCJoADWrWB0Irhsh0WEf,2026-03-27 15:43:39,succeeded,980.0,0.0,14.95,965.05,card,,DHB8CY72-0001,subscription_create,12_month,1,cus_pzaDLNGgvmxAMe,Mikkel Andersson,mikkel.andersson@granitewave-wi-fi-solutions.example,Granitewave Wi-Fi Solutions,self_serve,network_consultant,network_consulting,SE,sub_1pO4MhxpqQqelWAk6yAsWEzL
ch_3GRX32EG68XKQUdMHEY24p0G,2026-03-27 18:32:23,succeeded,2940.0,0.0,95.8,2844.2,card,,AK91HR7P-0001,subscription_create,12_month,3,cus_NOscm9eIDXtmxt,Jessica Phillips,jessica.phillips@signalwave-logistics.example,Signalwave Logistics Pty Ltd,self_serve,it_lead,logistics,AU,sub_1uEQ80uIcmjIaYS2ZlgkUbFW
py_3TNuActaI6zvgCa2dwW01BI0,2026-03-28 00:12:20,succeeded,1960.0,0.0,5.0,1955.0,bank_transfer,,GBYNB2CN-0002,subscription_cycle,12_month,2,cus_SfJzZZicjyzeGW,Daan Dekker,daan.dekker@bluepath-it-solutions.example,Bluepath IT Solutions B.V.,self_serve,head_of_wireless,it_services,NL,sub_1ZdwBpe5lidRLdFDKw77DfKT
ch_3bfyN9Y1Kz0zlon8SDGiSUVc,2026-03-28 19:45:12,succeeded,1960.0,0.0,63.95,1896.05,card,,X20VK5Z5-0003,subscription_cycle,12_month,2,cus_Yn0T1fbH6MvQXt,Priya Martin,priya.martin@nordicpoint-construction.example,Nordicpoint Construction LLC,self_serve,it_lead,construction,US,sub_1t6OOz3eWSU6UisF2BdmWSoA
ch_3mqCYmSojrEGuaB5WEj3IiTL,2026-03-29 10:27:10,succeeded,980.0,0.0,14.95,965.05,card,,REWM1PXX-0001,subscription_create,12_month,1,cus_OZqZrGSTG1oXEa,Juho Mäkinen,juho.makinen@orbitport-rf-consulting.example,Orbitport RF Consulting,self_serve,network_consultant,network_consulting,FI,sub_1FQgkc9JoXFIGr3UsyBDKyyK
ch_3qlHR2cluzj0HiuYcOer4XUB,2026-03-29 16:46:38,succeeded,980.0,0.0,32.1,947.9,card,,1M3NQ7GL-0003,subscription_cycle,12_month,1,cus_yjWVsAIqrjCjzh,Ben White,ben.white@silverwave-wi-fi-solutions.example,Silverwave Wi-Fi Solutions,self_serve,network_consultant,network_consulting,US,sub_1MdsbJaH7nfla6iopMMZODWq
ch_3MPAdOahXl26o6fTSDCvVfg4,2026-03-30 08:48:13,succeeded,599.0,0.0,19.72,579.28,card,,1Q70R70L-0001,subscription_create,6_month,1,cus_gGqmZdfPi0oCQr,Brian Lee,brian.lee@novapeak-media.example,Novapeak Media,self_serve,it_lead,media,US,sub_19IUKAcIuBp8VYpOrzpYcY28
ch_3wYDn661dQspCWGVTGBp4G3A,2026-03-31 12:24:14,succeeded,1198.0,0.0,18.22,1179.78,card,,GGXQFSGN-0001,subscription_create,6_month,2,cus_NTtYEfcVYoy2GH,Eric Carter,eric.carter@summitworks-communications.example,Summitworks Communications Ltd,self_serve,head_of_wireless,telecom,IE,sub_1D48paI19fgrdAOymhIRupLS
ch_3Xk5QY6pyxTtjtdXA7EuQ4pe,2026-03-31 13:53:53,succeeded,599.0,0.0,9.23,589.77,card,,Q70NUIJ6-0001,subscription_create,6_month,1,cus_2mT7uMJzqLQ6RQ,Bas de Jong,bas.dejong@apexlink-wi-fi-solutions.example,Apexlink Wi-Fi Solutions B.V.,self_serve,network_consultant,network_consulting,NL,sub_1x0jA1hVW4zwdW9AJb1eUR7D
ch_39QaluvNftPmAQqZ3XaEgUdI,2026-03-31 16:51:11,succeeded,1960.0,0.0,63.95,1896.05,card,,SXWKYMW5-0001,subscription_create,12_month,2,cus_QWB3pXkKuaG5cl,Matt Walker,matt.walker@postbox.example,,self_serve,network_consultant,network_consulting,US,sub_1VaY7yzjyM0mI2Sbn1QoAqcF
ch_3Y9AYSNyDu8men65rfpFWnNw,2026-03-31 18:48:34,succeeded,980.0,0.0,32.1,947.9,card,,YYZDOJN6-0004,subscription_cycle,12_month,1,cus_uiApHyEvZZNrDP,David Miller,david.miller@signalpoint-telecom.example,Signalpoint Telecom LLC,self_serve,head_of_wireless,telecom,US,sub_1Re28NTR5gdl4J2mRmQIeg0M
ch_3Lf6bXTL3V3oZgd63wxuFjro,2026-04-01 14:08:11,succeeded,599.0,0.0,19.72,579.28,card,,NPV2OCVN-0001,subscription_create,6_month,1,cus_6j8qhSwm65PPds,Daniel Wright,daniel.wright@graniteworks-clinics.example,Graniteworks Clinics,self_serve,it_lead,healthcare,US,sub_1Wn18IQKJ7eeXz13KxKTbLH5
ch_3czpK8u2ANmHrX7ZHAfAN9DR,2026-04-01 16:54:46,succeeded,1198.0,0.0,18.22,1179.78,card,,20B95APH-0001,subscription_create,6_month,2,cus_AZgLMwbmj4tb2I,Jukka Niemi,jukka.niemi@lumenstream-foods.example,Lumenstream Foods Oy,self_serve,it_lead,food_beverage,FI,sub_1KR60sAOt0oCfpu5bSrb7A2P
ch_39Zi0tNjMoWUHjJnUW8HykWB,2026-04-01 17:18:37,succeeded,1960.0,0.0,29.65,1930.35,card,,C6YP8897-0003,subscription_cycle,12_month,2,cus_XvGoTsu4vfFBGH,Andreas Schmidt,andreas.schmidt@greenport-schools.example,Greenport Schools GmbH,self_serve,it_lead,education,AT,sub_1W0FR16KZEjmq790EUnpue1r
ch_36jEFFLTqHwOnpId00Vunfvr,2026-04-02 10:43:49,succeeded,1960.0,0.0,63.95,1896.05,card,,73UU3XWJ-0004,subscription_cycle,12_month,2,cus_KwhyvCY2DacLZS,Ryan Brown,ryan.brown@brightpeak-wireless.example,Brightpeak Wireless LLC,self_serve,network_consultant,network_consulting,US,sub_19RjvmhgynwpO9iOceMYzELU
ch_38IYglG06nm1QKg84iYlnG3X,2026-04-02 15:26:28,succeeded,599.0,0.0,9.23,589.77,card,,RTH3BIXC-0001,subscription_create,6_month,1,cus_2R65mNlFSIaDP3,Mikkel Holm,mikkel.holm@novaview-warehousing.example,Novaview Warehousing,self_serve,it_lead,logistics,SE,sub_15Gcsa9640rTYgaIMLHms3ZN
ch_3uJIRGGHF243IpDUA9eTPNrH,2026-04-03 05:34:03,succeeded,980.0,0.0,32.1,947.9,card,,LXGZDWL4-0001,subscription_create,12_month,1,cus_J79fuOsVofxaqq,Ryan Williams,ryan.williams@aurorapath-rf-consulting.example,Aurorapath RF Consulting LLC,self_serve,network_consultant,network_consulting,US,sub_19cqZqMJwY5UmTtotA0TSInV
ch_3BTUgusnVgNDob9ejRciJIn4,2026-04-03 05:57:08,succeeded,1960.0,0.0,6.35,1953.65,sepa_debit,,20LBASOB-0007,subscription_cycle,12_month,2,cus_qVSPNqfABXC5OB,Guillaume Lambert,guillaume.lambert@lambert-network-services.example,Lambert Network Services,self_serve,network_consultant,network_consulting,FR,sub_1wthYTKf2y5OBivChQu2f0Rb
ch_3vPdu2NtnX74uHxfIIdZIWLq,2026-04-03 10:40:35,succeeded,599.0,0.0,19.72,579.28,card,,L7BPL6ZV-0001,subscription_create,6_month,1,cus_C9KPnKDqv1kM9V,Brian Clark,brian.clark@silvermark-logistics.example,Silvermark Logistics LLC,self_serve,it_lead,logistics,US,sub_1k7VArB8CBij4Wc3Xq3iHDdI
ch_3hrk63F5SrFSYDQfRSwlz6ao,2026-04-03 11:32:36,succeeded,599.0,0.0,15.23,583.77,card,,XB70BOCI-0001,subscription_create,6_month,1,cus_CyqeDdsvqI0TwE,Ryan Murphy,ryan.murphy@balticmark-wireless.example,Balticmark Wireless,self_serve,network_consultant,network_consulting,GB,sub_1R25DCcBGNLJQ7LoPQx9NvB3
ch_3PgbLdxDZDakJDXd0VzeuMmA,2026-04-03 14:22:27,succeeded,1960.0,0.0,63.95,1896.05,card,,6DE5K6QU-0002,subscription_cycle,12_month,2,cus_lJ7aTM3qcWFC7F,Sarah Smith,sarah.smith@signalwave-wi-fi-solutions.example,Signalwave Wi-Fi Solutions LLC,self_serve,network_consultant,network_consulting,US,sub_1YDoTKs3Fm65Drw2BHMlkfGI
ch_3ZeLBWObOslW0BZ8BgUJQAis,2026-04-03 14:25:33,succeeded,980.0,0.0,32.1,947.9,card,,M799ZYT2-0003,subscription_cycle,12_month,1,cus_zm3jGSjDpUcppL,Brian Mitchell,brian.mitchell@bluegate-wi-fi-solutions.example,Bluegate Wi-Fi Solutions,self_serve,network_consultant,network_consulting,US,sub_10CyQ9jv54rj8o7zTANcK7aD
py_3B7iZN51usbni9o7pUfM9N7G,2026-04-03 16:40:55,succeeded,1198.0,0.0,5.0,1193.0,bank_transfer,,7AC6A43S-0001,subscription_create,6_month,2,cus_EuNgX7QhrGbp7S,Bjørn Olsen,bjorn.olsen@cedarpath-properties.example,Cedarpath Properties,self_serve,it_lead,real_estate,NO,sub_1o3qM3A0UgCD15BbBEZomiGe
ch_3qgu3TSJ57YEiVyiT6j4LeyF,2026-04-03 21:29:38,succeeded,599.0,0.0,9.23,589.77,card,,MJI0MAOE-0001,subscription_create,6_month,1,cus_fJXC4o6J2Dcofv,Mathieu Bernard,mathieu.bernard@bernard-network-services.example,Bernard Network Services SAS,self_serve,network_consultant,network_consulting,FR,sub_1rvkg4v4XNVdsGLsehCFEe6a
ch_3zxyI2oLB8oPEhqSOCBhZATC,2026-04-04 07:03:49,succeeded,1960.0,0.0,29.65,1930.35,card,,NU6KRYA1-0002,subscription_cycle,12_month,2,cus_P5jFWXiZyPBkmx,Daniel Hartmann,daniel.hartmann@stonewave-wireless.example,Stonewave Wireless GmbH,self_serve,network_consultant,network_consulting,AT,sub_1K0SMQr6Ahxe1ReVMwnLB2ts
ch_35FgFIrTca9qjWnUJYZnKMVq,2026-04-04 10:55:08,succeeded,980.0,0.0,14.95,965.05,card,,7B6E3393-0001,subscription_create,12_month,1,cus_mw7W5ZyZlAqZqp,Markus Zimmermann,markus.zimmermann@harborfield-warehousing.example,Harborfield Warehousing,self_serve,it_lead,logistics,DE,sub_1T91zNxIdRa7ss8LBsROnCq0
ch_3WVKYCQRmqXjecrCjvQBykrH,2026-04-04 14:04:02,failed,980.0,0.0,,,card,expired_card,W0L58VNF-0002,subscription_cycle,12_month,1,cus_EAPKUUODsU6rwG,Olivia Miller,olivia.miller@northview-warehousing.example,Northview Warehousing Inc.,self_serve,it_lead,logistics,CA,sub_1dqnsmAudiaBPX5ykMWaaLcY
ch_3HK8xDhxWskNNjs8Jq8Qt3Zw,2026-04-06 13:09:36,succeeded,599.0,0.0,9.23,589.77,card,,MFSWN4SA-0001,subscription_create,6_month,1,cus_lsPooG7RZeo0Vu,Lena Schmidt,lena.schmidt@aurorabridge-media.example,Aurorabridge Media GmbH,self_serve,it_lead,media,DE,sub_1stgkwI4zvRy4Bj9oKxLHn7w
ch_3a6QaimPs0mPUO9HXDWwziZ4,2026-04-06 13:19:31,failed,599.0,0.0,,,card,card_declined,NXRFRHMG-0001,subscription_create,6_month,1,cus_LSebI0lyYpTJCg,Markus Richter,markus.richter@alpineworks-partners.example,Alpineworks Partners,self_serve,it_lead,professional_services,DE,sub_1qcY34LzRPGymgFNyCEyNkgS
ch_3UVojZyDkt9leKZz1MrE5m6t,2026-04-06 13:21:20,succeeded,599.0,0.0,9.23,589.77,card,,NXRFRHMG-0001,subscription_create,6_month,1,cus_LSebI0lyYpTJCg,Markus Richter,markus.richter@alpineworks-partners.example,Alpineworks Partners,self_serve,it_lead,professional_services,DE,sub_1qcY34LzRPGymgFNyCEyNkgS
ch_3O2Xzjji9g51zhDmqMpjcw3x,2026-04-06 13:45:52,succeeded,2940.0,0.0,44.35,2895.65,card,,EX4C6QRV-0001,subscription_create,12_month,3,cus_wWuQNg9pDoYffl,Erik Nilsson,erik.nilsson@mapleworks-retail-group.example,Mapleworks Retail Group,self_serve,it_lead,retail,SE,sub_1OrXS66KoPoaRrVyfdaYu1nG
ch_3J5SpIuafoxObCcUqbPMrQBu,2026-04-06 15:57:09,succeeded,980.0,0.0,32.1,947.9,card,,HRFNL18C-0001,subscription_create,12_month,1,cus_XA0klWEjdk94os,Brian Wilson,brian.wilson@wilson-wireless-consulting.example,Wilson Wireless Consulting Pty Ltd,self_serve,network_consultant,network_consulting,AU,sub_1aBPJ2aWzA66DYCTfDgqJVxy
ch_3sAuX2HgKCmDbzJuDXjpAu3v,2026-04-06 21:14:31,succeeded,980.0,0.0,32.1,947.9,card,,FWSIBO07-0001,subscription_create,12_month,1,cus_YQNxGuZHE7qxfb,Amanda Patel,amanda.patel@alpineview-rf-consulting.example,Alpineview RF Consulting LLC,self_serve,network_consultant,network_consulting,US,sub_1OZEInXf6ktA8JJv3Wz814Z1
ch_37hfqSF7jKR5pK81JnE2KbuU,2026-04-06 21:56:46,succeeded,980.0,0.0,32.1,947.9,card,,DV5VVFRR-0001,subscription_create,12_month,1,cus_R55PgbyKMIpPUX,Rachel Martin,rachel.martin@novapoint-wi-fi-solutions.example,Novapoint Wi-Fi Solutions Inc.,self_serve,network_consultant,network_consulting,CA,sub_1L6s5CxKBWo9TqfnuBxKOAeY
ch_3GdzQV4HmTcG8cQwj9ZgCOmr,2026-04-07 02:37:00,succeeded,2940.0,0.0,95.8,2844.2,card,,5E48PPGC-0003,subscription_cycle,12_month,3,cus_JV25AE5eyDiphy,Wei Kelly,wei.kelly@northbridge-telecom.example,Northbridge Telecom LLC,self_serve,head_of_wireless,telecom,US,sub_17iUComurm8NLRAw99smekP5
ch_3m8NFr9y0QEMk3M41SUTEFup,2026-04-07 06:17:28,succeeded,980.0,0.0,32.1,947.9,card,,SY26MBXP-0001,subscription_create,12_month,1,cus_ExPrOBhbsCJqSF,Chris Wilson,chris.wilson@cleargate-foods.example,Cleargate Foods LLC,self_serve,it_lead,food_beverage,US,sub_1UUVzQinAAXituXIY2URttux
ch_3hnxTPCOTstE9fZBsQMYjLkR,2026-04-07 11:46:24,succeeded,1797.0,0.0,58.65,1738.35,card,,CCC89FGT-0001,subscription_create,6_month,3,cus_OIscxJ0PsFpHx7,Eric Nguyen,eric.nguyen@nordicworks-rf-consulting.example,Nordicworks RF Consulting LLC,self_serve,network_consultant,network_consulting,US,sub_1eWWdZ2cnygBypc6XsOWnpkP
ch_3KFx4IqaV5sSR9yePnYQg39g,2026-04-07 14:28:02,failed,980.0,0.0,,,card,expired_card,W0L58VNF-0002,subscription_cycle,12_month,1,cus_EAPKUUODsU6rwG,Olivia Miller,olivia.miller@northview-warehousing.example,Northview Warehousing Inc.,self_serve,it_lead,logistics,CA,sub_1dqnsmAudiaBPX5ykMWaaLcY
py_3HADoDAPRTb0KJL6KGPEBKUg,2026-04-07 17:38:27,succeeded,160000.0,0.0,5.0,159995.0,bank_transfer,,JYJW87YV-0004,subscription_cycle,enterprise,1,cus_ZIil6tzf2pISHx,Kaarna University of Technology,accounts.payable@kaarna-university-of-technology.example,Kaarna University of Technology,enterprise,,university,FI,sub_1q1RKOcbyVTb8UiFzzX4KdHz
py_3ZqNexFdyZxZWxVDRlRCWqjH,2026-04-07 18:46:55,succeeded,1198.0,0.0,5.0,1193.0,bank_transfer,,50ZG6XQ4-0001,subscription_create,6_month,2,cus_23teLO2f2X3wZd,John Roberts,john.roberts@lumenmark-communications.example,Lumenmark Communications LLC,self_serve,head_of_wireless,telecom,US,sub_1vREjoyOr59uKgdOlqcwDOwx
ch_37bQC2KCqbBsy4H3ScChaP4l,2026-04-08 06:13:00,succeeded,980.0,0.0,24.75,955.25,card,,DWYHKGLI-0002,subscription_cycle,12_month,1,cus_cvOWxMDfMfBEX4,Daniel Anderson,daniel.anderson@clearpeak-partners.example,Clearpeak Partners Ltd,self_serve,it_lead,professional_services,GB,sub_1jS5WiZOxLQKQLliscfAcSxk
ch_32KPS14uV7fSDI6JGDv1M0iV,2026-04-08 11:14:12,succeeded,980.0,0.0,32.1,947.9,card,,3K3VOUPO-0001,subscription_create,12_month,1,cus_2DqnSAaesmfWXN,Megan Johnson,megan.johnson@mailbox.example,,self_serve,network_consultant,network_consulting,AU,sub_1R8utfHFNvDetGThUMLnuDpp
ch_3ESlcItei5v8iPmG8zKUZ3nc,2026-04-08 16:05:51,succeeded,980.0,0.0,14.95,965.05,card,,GX3OPW1V-0001,subscription_create,12_month,1,cus_sUtkPsXNMN3Kuy,Markus Klein,markus.klein@balticworks-media.example,Balticworks Media,self_serve,it_lead,media,AT,sub_1yJpUdbMs10BLC44TkeWskAg
ch_3YqNXtdEseGAKBRlj3NG7lKJ,2026-04-09 11:35:50,succeeded,1797.0,0.0,58.65,1738.35,card,,PK9RC44F-0001,subscription_create,6_month,3,cus_48cjpTg4TNqBys,Andrew Edwards,andrew.edwards@novaworks-schools.example,Novaworks Schools,self_serve,it_lead,education,US,sub_12oMf7LwBnCrPXmb0gGQM4QK
ch_3GfvltxrwpnfUK7t8OpC4Mf8,2026-04-09 13:53:59,succeeded,980.0,0.0,32.1,947.9,card,,0XA2TGCG-0001,subscription_create,12_month,1,cus_13yzztC2Gy81On,Kevin Hall,kevin.hall@stonemark-rf-consulting.example,Stonemark RF Consulting Inc.,self_serve,network_consultant,network_consulting,CA,sub_1vyJL6NNleAkiBHXfOxIEntI
ch_3pkEn7vYigPCCRXnyZQss5bp,2026-04-09 14:56:47,succeeded,1198.0,0.0,39.19,1158.81,card,,KC0OBVH2-0001,subscription_create,6_month,2,cus_kIYtjw3QtxOO1B,Steve Murphy,steve.murphy@harborwave-retail-group.example,Harborwave Retail Group LLC,self_serve,it_lead,retail,US,sub_1BlUVLx2NxNoPTr0e8gl8X1B
ch_3tqjjabbvSvpaJwehitH2KXc,2026-04-09 21:30:14,succeeded,599.0,0.0,19.72,579.28,card,,2EWFG9RJ-0002,subscription_cycle,6_month,1,cus_29VqwdrWP6N8US,Matt Martin,matt.martin@orbitpeak-rf-consulting.example,Orbitpeak RF Consulting,self_serve,network_consultant,network_consulting,US,sub_1MWox5FzJOTnJJw9ehIWHUsw
ch_3O6hhYXJuOKtae5sfh8Lt3v2,2026-04-10 09:11:50,succeeded,980.0,0.0,14.95,965.05,card,,8VGYQ5KA-0002,subscription_cycle,12_month,1,cus_13uXYNLBN1geU1,Heidi Mäkelä,heidi.makela@nordicport-retail-group.example,Nordicport Retail Group,self_serve,it_lead,retail,FI,sub_1yHEInTYtMSNE19bTX7Xyrcf
ch_3Vk0XeijsVQasCY25Xagdzro,2026-04-10 14:47:01,succeeded,599.0,0.0,9.23,589.77,card,,DL7RQ0J9-0001,subscription_create,6_month,1,cus_eCafz8IU3G5dcG,Katharina Wolf,katharina.wolf@crestwave-industries.example,Crestwave Industries GmbH,self_serve,it_lead,manufacturing,AT,sub_1VmE7jlnxI6XzKtVj5FY2rqk
ch_3ZZjlKDK0XloYKz6ANn9rhYy,2026-04-11 01:57:09,succeeded,599.0,0.0,19.72,579.28,card,,LBP71QVE-0001,subscription_create,6_month,1,cus_NLgHEPu704FrKf,Nicole Wright,nicole.wright@polarpeak-networks.example,Polarpeak Networks LLC,self_serve,network_consultant,network_consulting,US,sub_1xaYDK8SPHIfVk6Dqixph1A9
ch_3ST0GO8Zwl7pXpHaM4IqIov0,2026-04-11 11:45:14,succeeded,980.0,0.0,14.95,965.05,card,,FW5ZZT57-0003,subscription_cycle,12_month,1,cus_ME6mkvfc5RcrDR,Kari Heikkinen,kari.heikkinen@brightpoint-wi-fi-solutions.example,Brightpoint Wi-Fi Solutions Oy,self_serve,network_consultant,network_consulting,FI,sub_1hTPixCfkUtdDbipzbUrnJ1K
ch_3nrY6rZLHZXfzmxffCjhxAGJ,2026-04-11 16:38:12,succeeded,980.0,0.0,32.1,947.9,card,,P4ZCWPV4-0002,subscription_cycle,12_month,1,cus_N3UkpASnrzuLO7,Tom Thomas,tom.thomas@mailbox.example,,self_serve,network_consultant,network_consulting,US,sub_19hs93emzTabC6lCcP6CO1YK
ch_3M2cvnpiMeQbqHToWT4OeEEr,2026-04-12 05:45:06,failed,599.0,0.0,,,card,card_declined,ZYSZF6LM-0003,subscription_cycle,6_month,1,cus_e0muDSvnbxHtnk,James Walker,james.walker@postbox.example,,self_serve,network_consultant,network_consulting,US,sub_133tTorjYNQpYxxH8zwz9Oj3
ch_3lyQJGd1Z7OpGR3S6utMnvAg,2026-04-12 11:29:57,succeeded,1797.0,0.0,45.17,1751.83,card,,RT2T4KAU-0003,subscription_cycle,6_month,3,cus_jtzWvkzgU3oA0z,Ben Lee,ben.lee@silvermark-properties.example,Silvermark Properties Ltd,self_serve,it_lead,real_estate,GB,sub_1SLm2nr1xVa54zvZZqvmZAEZ
ch_3JOa9S7ilomdgoOvPC3bRf8T,2026-04-12 15:06:02,failed,980.0,0.0,,,card,expired_card,W0L58VNF-0002,subscription_cycle,12_month,1,cus_EAPKUUODsU6rwG,Olivia Miller,olivia.miller@northview-warehousing.example,Northview Warehousing Inc.,self_serve,it_lead,logistics,CA,sub_1dqnsmAudiaBPX5ykMWaaLcY
ch_3uSUyn8eyQvZLrLlcEYC8MO1,2026-04-13 09:00:36,succeeded,599.0,0.0,19.72,579.28,card,,ODAFRLR4-0001,subscription_create,6_month,1,cus_6Vlcaqw8GlruGt,Olivia Patel,olivia.patel@bluemark-rf-consulting.example,Bluemark RF Consulting LLC,self_serve,network_consultant,network_consulting,US,sub_1KThO8MYUUduDxa8X0whQ65C
ch_3Id40XlXIjRchAv4oBcDUj2h,2026-04-13 11:29:12,succeeded,599.0,0.0,9.23,589.77,card,,L84TBN8G-0001,subscription_create,6_month,1,cus_5DLKGNERowxifp,Lauri Lahtinen,lauri.lahtinen@northpoint-wireless.example,Northpoint Wireless Oy,self_serve,network_consultant,network_consulting,FI,sub_1JJgDRu6VWp3jtYZbIRLJkLM
ch_3n7IeCOfKg4E3TB9GhZdhmRj,2026-04-13 14:09:49,succeeded,599.0,0.0,9.23,589.77,card,,VUS604M3-0001,subscription_create,6_month,1,cus_DaksmVAe0akLZo,Guillaume Bernard,guillaume.bernard@silverview-partners.example,Silverview Partners,self_serve,it_lead,professional_services,FR,sub_1VDtAPhhbjCKW9UgIXC6bRxy
ch_3KDoHtAdxjDvVGjYqAKZDMtv,2026-04-14 10:06:40,succeeded,599.0,0.0,19.72,579.28,card,,9MZN6PEW-0001,subscription_create,6_month,1,cus_WxhnfDi1iKLq5T,Jessica Anderson,jessica.anderson@stonepoint-networks.example,Stonepoint Networks,self_serve,network_consultant,network_consulting,US,sub_1RrfMIhiKKH9Y8Ypeb5tWVFf
ch_3KuwBv9suDoRPpWNuJto8ItF,2026-04-14 10:43:41,succeeded,2940.0,0.0,95.8,2844.2,card,,WD22T6XQ-0002,subscription_cycle,12_month,3,cus_MDCO1OJGQVnbBB,Kevin Evans,kevin.evans@vertexcore-rf-consulting.example,Vertexcore RF Consulting Inc.,self_serve,network_consultant,network_consulting,CA,sub_1TlsqhvlJlN9C7GK4l6xyeQP
ch_3sa9osXeevCMBW1pAk5WL4ds,2026-04-14 11:11:10,succeeded,599.0,0.0,9.23,589.77,card,,87GDNGQ1-0006,subscription_cycle,6_month,1,cus_n1IgkoIycNIzus,Sébastien Martin,sebastien.martin@vertexstream-wireless.example,Vertexstream Wireless,self_serve,network_consultant,network_consulting,FR,sub_1CUO8A5lICe5kDZ8fdcTsgoi
ch_3I92f7MGB58RVAl1sneMri74,2026-04-15 06:30:06,succeeded,599.0,0.0,19.72,579.28,card,,ZYSZF6LM-0003,subscription_cycle,6_month,1,cus_e0muDSvnbxHtnk,James Walker,james.walker@postbox.example,,self_serve,network_consultant,network_consulting,US,sub_133tTorjYNQpYxxH8zwz9Oj3
ch_3sx3GBrC951pk8zokoZF65iz,2026-04-15 19:09:44,succeeded,599.0,0.0,19.72,579.28,card,,IEP7CG7W-0001,subscription_create,6_month,1,cus_y6fn86DtGeTsa0,Chris Williams,chris.williams@vertexworks-foods.example,Vertexworks Foods Inc.,self_serve,it_lead,food_beverage,CA,sub_1iZ1F1qIQG4rcmnIqUt6F2Vf
py_3L8eQsuBkBPAE9nOQV2nHCOl,2026-04-16 12:35:52,succeeded,2940.0,0.0,5.0,2935.0,bank_transfer,,X2TC8I1S-0002,subscription_cycle,12_month,3,cus_gQVrvzbPHocQ7C,Raúl Torres,raul.torres@brightbridge-technology-group.example,Brightbridge Technology Group,self_serve,head_of_wireless,it_services,ES,sub_1HBsOsJIFhLd3fQGewXcH0xD
ch_3hIUO3oOdzMr8ftOU7N7krlx,2026-04-16 13:22:09,succeeded,599.0,0.0,15.23,583.77,card,,OGT52M0C-0001,subscription_create,6_month,1,cus_ojn7JuPPjINpw5,Daniel Moore,daniel.moore@summitport-logistics.example,Summitport Logistics Ltd,self_serve,it_lead,logistics,GB,sub_1b2zzjSrUEXBIRA721gLluvk
ch_3xCyTyQiZgOvm89F93WPH93l,2026-04-16 23:32:18,succeeded,980.0,0.0,24.75,955.25,card,,E5SKAXJI-0001,subscription_create,12_month,1,cus_ex49BtZcnPNCMk,Amanda Brown,amanda.brown@novafield-warehousing.example,Novafield Warehousing Ltd,self_serve,it_lead,logistics,GB,sub_14DEpNyfYPWrIEUEWB3r0oUn
ch_32mliDih8mRHoDJUOG8uB3jK,2026-04-17 08:56:29,succeeded,1960.0,0.0,29.65,1930.35,card,,BWHQ2AE1-0002,subscription_cycle,12_month,2,cus_ynbV5WZyd8TfV2,Kari Hämäläinen,kari.hamalainen@harborfield-warehousing.example,Harborfield Warehousing Oy,self_serve,it_lead,logistics,FI,sub_11CG38YUuWpU9gNOZQUYTiAQ
ch_3lTXvOV9OH3lO12ZvUqKFbjh,2026-04-17 09:30:30,succeeded,980.0,0.0,14.95,965.05,card,,XAI7NFP4-0002,subscription_cycle,12_month,1,cus_C3cGCFoo6YTIj0,Søren Holm,soren.holm@holm-network-services.example,Holm Network Services,self_serve,network_consultant,network_consulting,SE,sub_1zsIHoChErcYrF2QfcviEoqg
ch_3dd0tYiJ4MYGeFqbDEEPwK8R,2026-04-17 11:16:17,succeeded,980.0,0.0,32.1,947.9,card,,TQGQU55C-0001,subscription_create,12_month,1,cus_aavuxN8Fx5Hd7Y,James Campbell,james.campbell@vertexwave-wireless.example,Vertexwave Wireless Pty Ltd,self_serve,network_consultant,network_consulting,AU,sub_1Ji0vVJRi4ZoCsRPeeKtEgQo
ch_3jQU80cY2Jl1GMuGNEFy25HL,2026-04-17 12:34:23,succeeded,980.0,0.0,14.95,965.05,card,,AH6TP98I-0003,subscription_cycle,12_month,1,cus_1YoZkKWHAfjNMs,Thomas Durand,thomas.durand@atlaspath-properties.example,Atlaspath Properties SAS,self_serve,it_lead,real_estate,FR,sub_1xpvbyFdQnxsrXosdEagruMY
ch_3rPBzqu2lFdIJwzkmrsMvevn,2026-04-17 14:36:22,succeeded,1960.0,0.0,63.95,1896.05,card,,82Y7J1CO-0002,subscription_cycle,12_month,2,cus_giXydvbcLQCHq3,Robert Kelly,robert.kelly@harborcore-rf-consulting.example,Harborcore RF Consulting,self_serve,network_consultant,network_consulting,US,sub_1EB3fIeeJlB3PcFJ7DfKQzs1
ch_3hhWOw0S1x2qYigEFYVZn7Ss,2026-04-17 16:37:25,succeeded,1960.0,0.0,29.65,1930.35,card,,VK5U29AU-0003,subscription_cycle,12_month,2,cus_AIxcM75ZygtrO4,Anja Wagner,anja.wagner@bluestream-clinics.example,Bluestream Clinics GmbH,self_serve,it_lead,healthcare,AT,sub_183okC0gxHvIxSGqnK2XwPhu
ch_3aivwFFgH5zw5yfssrhw8N08,2026-04-18 15:28:00,succeeded,980.0,0.0,14.95,965.05,card,,926A57CC-0002,subscription_cycle,12_month,1,cus_4SdiXLYsHE49k9,Lars Hansen,lars.hansen@lumenworks-wireless.example,Lumenworks Wireless,self_serve,network_consultant,network_consulting,SE,sub_1sATQPhTuh3omTTdXjdeD3Rn
ch_3uPGFN0vPOZyyDyuOC2lO5BE,2026-04-18 15:53:00,succeeded,599.0,0.0,15.23,583.77,card,,3NWONSZS-0003,subscription_cycle,6_month,1,cus_QlbDHIpCtBocGD,Raj Phillips,raj.phillips@phillips-network-services.example,Phillips Network Services Ltd,self_serve,network_consultant,network_consulting,GB,sub_1bWRzApb4GogyJKBvcn6UCrZ
ch_3oIM4rvOW5q4hujRqTLqT0GM,2026-04-18 17:54:05,succeeded,980.0,0.0,32.1,947.9,card,,DAVBBSQL-0004,subscription_cycle,12_month,1,cus_uszGr1yJ5EMARL,Andrew Harris,andrew.harris@mailbox.example,,self_serve,network_consultant,network_consulting,AU,sub_1Uel1vVWmtA69kUo8SRCzdgW
ch_3pHajbuEqvW82hEYqiO8veUn,2026-04-20 09:13:30,succeeded,599.0,0.0,19.72,579.28,card,,NELJKC2T-0001,subscription_create,6_month,1,cus_kHyfKfSlP1Ey2Y,David Nelson,david.nelson@inbox.example,,self_serve,network_consultant,network_consulting,US,sub_1NLpd3GwGoqsDSjx8FBrA6GC
py_3CnIsxPHSZ67Jeoaj8mSYGJh,2026-04-20 13:24:43,succeeded,1198.0,0.0,5.0,1193.0,bank_transfer,,VF5IFH4E-0001,subscription_create,6_month,2,cus_MxvkgYOPal04pl,Karin Andersson,karin.andersson@pineview-technology-group.example,Pineview Technology Group AB,self_serve,head_of_wireless,it_services,SE,sub_1MSSGD4DmEspF4aLl18XLz7v
ch_3uCEXX74YSMvLgCvKrdz2JxY,2026-04-21 10:28:13,succeeded,980.0,0.0,32.1,947.9,card,,39XDSVJJ-0002,subscription_cycle,12_month,1,cus_pIYq3lBIuaR2zu,Ben Campbell,ben.campbell@greenwave-retail-group.example,Greenwave Retail Group LLC,self_serve,it_lead,retail,US,sub_1v1nrCkY214OLgLhJFvfLofT
ch_3YiMzdZllIVm2oTBWpYRBb6c,2026-04-21 10:46:17,succeeded,980.0,0.0,32.1,947.9,card,,001R14R8-0001,subscription_create,12_month,1,cus_LRIz4Mcd6H9Shb,Chris Turner,chris.turner@westlink-wireless.example,Westlink Wireless,self_serve,network_consultant,network_consulting,CA,sub_1rvXMOFK4lGG1V3yrY7YoEiC
ch_3hLHjGnCnXWGphBGEwIpMcER,2026-04-21 11:34:37,succeeded,980.0,0.0,32.1,947.9,card,,ZBUDK13H-0001,subscription_create,12_month,1,cus_TYU0Deg0kaIyx6,Chris Martin,chris.martin@brightpeak-wireless.example,Brightpeak Wireless Inc.,self_serve,network_consultant,network_consulting,CA,sub_1NUl1M7Y7bHIiEofUmU3Vd58
ch_3h38EnCtVqd8bCInQ9YfZNIy,2026-04-21 16:01:16,succeeded,980.0,0.0,14.95,965.05,card,,FA6CJC43-0001,subscription_create,12_month,1,cus_arnAHaJru642Cm,Tuomas Turunen,tuomas.turunen@nordicpeak-foods.example,Nordicpeak Foods Oy,self_serve,it_lead,food_beverage,FI,sub_1cSKtXOiDPY3c86NnZ7AwYK3
ch_3sARHUd5pqzfq1peXmMkFi7J,2026-04-21 17:23:48,succeeded,980.0,0.0,14.95,965.05,card,,3NOPCR8S-0004,subscription_cycle,12_month,1,cus_CLCR7BrtZr7QOp,Miguel Fernández,miguel.fernandez@fernandez-network-services.example,Fernández Network Services,self_serve,network_consultant,network_consulting,ES,sub_19zrLdrLbExrRod6D5MmNDRK
ch_3g8EoD8wnVGcAQZ6TQgnTB3i,2026-04-21 19:34:50,succeeded,980.0,0.0,14.95,965.05,card,,Y8CIAZ7I-0003,subscription_cycle,12_month,1,cus_GQIceU6qZNMLqX,Niels Bakker,niels.bakker@ironline-networks.example,Ironline Networks,self_serve,network_consultant,network_consulting,NL,sub_1YtNB6oF4RPUSFxIucDiryyT
ch_3cyPJk6rpPr15Jv7Cv8sl0lu,2026-04-22 06:22:59,succeeded,980.0,0.0,14.95,965.05,card,,4S8XHY8V-0001,subscription_create,12_month,1,cus_8JSY0FzspjWrKp,Lukas Koch,lukas.koch@brightbridge-industries.example,Brightbridge Industries GmbH,self_serve,it_lead,manufacturing,DE,sub_1QsDlnBtkBCBcQYdOjVRUPvt
ch_3zJG9XbsNG6RjGmOW1jbWFn4,2026-04-22 08:09:49,succeeded,980.0,0.0,32.1,947.9,card,,YJ81TA7Y-0001,subscription_create,12_month,1,cus_ZY87TFeP7FU5Rf,Paul Anderson,paul.anderson@lumenstream-industries.example,Lumenstream Industries LLC,self_serve,it_lead,manufacturing,US,sub_1fKA4tuSoRgX82PIGE8mUsWg
ch_3Edl3vuWrRGKe1nMoQYTqJ4x,2026-04-22 13:01:45,failed,1198.0,0.0,,,card,expired_card,D8VXXUKV-0003,subscription_cycle,6_month,2,cus_tsd8yFddgC3nuv,Olivia Kim,olivia.kim@granitelink-telecom.example,Granitelink Telecom,self_serve,head_of_wireless,telecom,US,sub_1hWzS4rn7DCxGzM35jTnt615
ch_3qCGUIbwYWLUJPdliSS8pqk5,2026-04-22 14:39:22,succeeded,980.0,0.0,14.95,965.05,card,,OZQ1RRU1-0001,subscription_create,12_month,1,cus_wm1WK1vCKpqs0l,Riikka Mäkelä,riikka.makela@maplepoint-warehousing.example,Maplepoint Warehousing Oy,self_serve,it_lead,logistics,FI,sub_1zdfWBRcSAY92ilFyqAzfSjR
ch_3fV1j6GhbyvvyOkpMGTC0euA,2026-04-22 16:20:11,succeeded,599.0,0.0,19.72,579.28,card,,KP2YH4JI-0001,subscription_create,6_month,1,cus_SpSVHf6nAjLN1s,Daniel Thompson,daniel.thompson@atlasview-rf-consulting.example,Atlasview RF Consulting,self_serve,network_consultant,network_consulting,AU,sub_1mW4xxMxb6OjpWrpZvcKJjKH
ch_3zJAugzKAjMuMExHuxPDQw4R,2026-04-22 16:21:29,succeeded,980.0,0.0,32.1,947.9,card,,4QT1PZ3U-0001,subscription_create,12_month,1,cus_TFRI5HMEEvb6rQ,Sarah Carter,sarah.carter@orbitwave-networks.example,Orbitwave Networks LLC,self_serve,network_consultant,network_consulting,US,sub_1xlcJlmckRyFMbS9SiiZdqfa
ch_302BjyJq1OBj9d0seRkoaj29,2026-04-23 09:20:43,succeeded,980.0,0.0,14.95,965.05,card,,6E8ERSGS-0001,subscription_create,12_month,1,cus_ma1Uz7t6VoGRI5,Sabine Schneider,sabine.schneider@aurorawave-managed-services.example,Aurorawave Managed Services,self_serve,head_of_wireless,it_services,DE,sub_1Xclr4ZjUvp3cdH6t01ru22h
ch_33PBRFmfzK3zgk2bJYiNB8gf,2026-04-23 10:40:40,succeeded,980.0,0.0,24.75,955.25,card,,T3Y8N59A-0003,subscription_cycle,12_month,1,cus_kQ2J9D2DEQXBCt,Daniel Hall,daniel.hall@signalstream-wireless.example,Signalstream Wireless,self_serve,network_consultant,network_consulting,GB,sub_1d3MsEk4E7hUfUI2cdwqq6Zv
ch_3bWUzrGWRd6fI5iRcHL4L8yy,2026-04-23 11:47:49,succeeded,1198.0,0.0,39.19,1158.81,card,,WAFC93LF-0005,subscription_cycle,6_month,2,cus_oGxS1utSOza5c4,Wei Brown,wei.brown@atlaslink-networks.example,Atlaslink Networks,self_serve,network_consultant,network_consulting,US,sub_189qS21fyFjk0DhximHtqRjb
ch_356QQG7u3YOqJQOw0KpiuhDj,2026-04-24 12:27:25,succeeded,980.0,0.0,14.95,965.05,card,,G33SRJE4-0004,subscription_cycle,12_month,1,cus_FI0tdCB3XcJMxp,Henrik Madsen,henrik.madsen@nordicfield-wireless.example,Nordicfield Wireless AS,self_serve,network_consultant,network_consulting,NO,sub_1qEuZTMJGc6BxpnWNMMCUqBo
ch_3lL3HoNtshStSRTw7kF4Ni8v,2026-04-24 12:49:31,succeeded,599.0,0.0,19.72,579.28,card,,Z8WSC8AV-0001,subscription_create,6_month,1,cus_m7bF20NI5LaP4Z,Mark Smith,mark.smith@smith-wireless-consulting.example,Smith Wireless Consulting Pty Ltd,self_serve,network_consultant,network_consulting,AU,sub_1VHXAXwXpd0Cr2h8xPNJDccX
ch_3i7WRkrSYYmE26qEbth65sJk,2026-04-24 13:52:14,failed,599.0,0.0,,,card,card_declined,6TGXWOUQ-0002,subscription_cycle,6_month,1,cus_uLUxNaMpq2FFx0,Uwe Hartmann,uwe.hartmann@polarwave-clinics.example,Polarwave Clinics AG,self_serve,it_lead,healthcare,CH,sub_1CTYuYI5e7M4Y3tZM19w9yqF
ch_3xXq9cD2ogZP4m8OaREfGKdW,2026-04-24 14:26:40,succeeded,980.0,0.0,32.1,947.9,card,,21GCK7O0-0002,subscription_cycle,12_month,1,cus_iXJCp51io5Fp2D,Kevin Hall,kevin.hall@brightgate-industries.example,Brightgate Industries LLC,self_serve,it_lead,manufacturing,US,sub_1QY35SsBEetUyIJSVwZiBas3
ch_3pGXVS53kv8g3stWIsN4pzAB,2026-04-24 20:38:44,succeeded,599.0,0.0,19.72,579.28,card,,2VTIPPXO-0001,subscription_create,6_month,1,cus_QAC4CAVolLCLmK,Carlos Roberts,carlos.roberts@granitepeak-rf-consulting.example,Granitepeak RF Consulting LLC,self_serve,network_consultant,network_consulting,US,sub_1hxmyRUFt2YEphGQ7uvazvgq
ch_3Egp0WrVx8YL6fiUp5tpLbMx,2026-04-25 14:02:45,failed,1198.0,0.0,,,card,expired_card,D8VXXUKV-0003,subscription_cycle,6_month,2,cus_tsd8yFddgC3nuv,Olivia Kim,olivia.kim@granitelink-telecom.example,Granitelink Telecom,self_serve,head_of_wireless,telecom,US,sub_1hWzS4rn7DCxGzM35jTnt615
ch_3wN9Q5Vn5FwwJCZ6dgYH0rLe,2026-04-25 16:45:46,succeeded,599.0,0.0,5.14,593.86,sepa_debit,,844THFTP-0001,subscription_create,6_month,1,cus_OlA9Sw8yNNo2ja,Søren Johansson,soren.johansson@johansson-network-services.example,Johansson Network Services AS,self_serve,network_consultant,network_consulting,NO,sub_1isk7wgdBQ6LlCmKMLSSwaKM
ch_3wwjUAGFmB6wAsnJ98XDpS3c,2026-04-26 06:44:34,succeeded,599.0,0.0,19.72,579.28,card,,WXGKJZXD-0002,subscription_cycle,6_month,1,cus_lfV4s6ZomM0eu3,Sarah Evans,sarah.evans@stoneport-rf-consulting.example,Stoneport RF Consulting Pty Ltd,self_serve,network_consultant,network_consulting,AU,sub_1tMlJxVTdPUu6ppMjiaevUzu
ch_3Bdx8oLJeJ7fq6pcMAzCqaHb,2026-04-26 09:26:09,succeeded,980.0,0.0,32.1,947.9,card,,63XXNWIN-0001,subscription_create,12_month,1,cus_HvJEyQt552em8L,Josh Harris,josh.harris@postbox.example,,self_serve,network_consultant,network_consulting,US,sub_1t2Cx6JnTLK9iwy00jLlEEnc
ch_3N9yoRmNxr10uzPkM4rGT6Ah,2026-04-26 20:09:18,succeeded,599.0,0.0,9.23,589.77,card,,LLVQR7P4-0004,subscription_cycle,6_month,1,cus_ayf46Y8qT3DB1K,Andrea Conti,andrea.conti@conti-wireless-consulting.example,Conti Wireless Consulting,self_serve,network_consultant,network_consulting,IT,sub_1j3x2mj46GMP8i1sNV5JpITQ
ch_37pufveJVpWdMYgc7o7D4121,2026-04-27 06:08:46,succeeded,980.0,0.0,32.1,947.9,card,,N781GXV5-0001,subscription_create,12_month,1,cus_I3HqVFtfHZlCwP,Robert Thompson,robert.thompson@mailbox.example,,self_serve,network_consultant,network_consulting,US,sub_1L2qkdFVrGHe7ecav2VdWO7k
ch_3NK4t6XZriaiQ4JmuBUQyzyl,2026-04-27 14:52:14,failed,599.0,0.0,,,card,card_declined,6TGXWOUQ-0002,subscription_cycle,6_month,1,cus_uLUxNaMpq2FFx0,Uwe Hartmann,uwe.hartmann@polarwave-clinics.example,Polarwave Clinics AG,self_serve,it_lead,healthcare,CH,sub_1CTYuYI5e7M4Y3tZM19w9yqF
py_3E8UkG7NuYZ41YKWs0cjCzjQ,2026-04-27 15:39:51,succeeded,176000.0,0.0,5.0,175995.0,bank_transfer,,N871ZDEH-0002,subscription_cycle,enterprise,1,cus_oRj5dSEBFZsN01,Kivimet Paper & Packaging Oyj,accounts.payable@kivimet-paper--packaging.example,Kivimet Paper & Packaging Oyj,enterprise,,manufacturing,FI,sub_1SD8V4jhdHkcAC0UOhVgkCa5
ch_3IXwBgz6tWUcdcq7VrYhQxUk,2026-04-28 08:13:36,succeeded,980.0,0.0,24.75,955.25,card,,7RXGJ0MJ-0001,subscription_create,12_month,1,cus_fwP6br7mkdOxvX,Chris Thompson,chris.thompson@polarworks-industries.example,Polarworks Industries Ltd,self_serve,it_lead,manufacturing,GB,sub_137XrerKXrMwHq2oCElOKytN
ch_3QdSQRohG8SDK89nn007F0iI,2026-04-28 08:52:49,succeeded,599.0,0.0,9.23,589.77,card,,G5PN7QML-0001,subscription_create,6_month,1,cus_p9z8f3O9NoSM96,Riikka Ahonen,riikka.ahonen@silverbridge-hotels.example,Silverbridge Hotels Oy,self_serve,it_lead,hospitality,FI,sub_1SuRygnC9QxXzXbpeSM7E1hN
ch_3bgrrTrzlciHhsjsYXIwZCST,2026-04-28 17:29:16,failed,1198.0,0.0,,,card,card_declined,NA93JUIM-0002,subscription_cycle,6_month,2,cus_Q874LVFsmMAv6v,Sander Vos,sander.vos@balticmark-logistics.example,Balticmark Logistics B.V.,self_serve,it_lead,logistics,NL,sub_1Xq1FQxF5POaxGcwVJIpQHV9
py_3L8qQGhzTskW75Lf9CG4KKYP,2026-04-28 18:33:18,succeeded,1960.0,0.0,5.0,1955.0,bank_transfer,,ONG2TTSX-0001,subscription_create,12_month,2,cus_pMKKOrG2pqOfnx,Paul Murphy,paul.murphy@cedarpath-technology-group.example,Cedarpath Technology Group Inc.,self_serve,head_of_wireless,it_services,CA,sub_1AU1rD4nifv77sQW3G1wPfyK
ch_3OK3r3dg5Q5S4Lr92bWOJzsw,2026-04-30 08:00:39,succeeded,980.0,0.0,14.95,965.05,card,,F5BVJ7AI-0006,subscription_cycle,12_month,1,cus_k6ziEClSi4C38z,Sander Dekker,sander.dekker@pinestream-clinics.example,Pinestream Clinics,self_serve,it_lead,healthcare,NL,sub_1XuJQWCCM4NdVDwJfm7d0x8J
ch_3dXZCgnL0C6wIQJZyl31Z3F4,2026-04-30 08:16:07,succeeded,599.0,0.0,19.72,579.28,card,,JDKSUBD3-0002,subscription_cycle,6_month,1,cus_mFs7c7vWFUZbn6,Wei Evans,wei.evans@vertexgate-managed-services.example,Vertexgate Managed Services,self_serve,head_of_wireless,it_services,US,sub_1KWcd1Tq7DE5iFvB2z47xsY4
ch_3bo4FZFIAHpBEFZreAAPDsl5,2026-04-30 08:22:14,succeeded,980.0,0.0,14.95,965.05,card,,MHRTGPV5-0003,subscription_cycle,12_month,1,cus_EFntls7fqMFVYn,Rasmus Holm,rasmus.holm@westpoint-schools.example,Westpoint Schools AB,self_serve,it_lead,education,SE,sub_1GxOVCXKBuXypgMhxGx7jAa5
ch_3Bykv0d67dKM5ZLePLMCwmsd,2026-04-30 09:53:35,succeeded,1797.0,0.0,58.65,1738.35,card,,SREZJDY5-0002,subscription_cycle,6_month,3,cus_odzVoppwYNqcyL,Eric Adams,eric.adams@northworks-it-solutions.example,Northworks IT Solutions,self_serve,head_of_wireless,it_services,US,sub_1J7o5DI4yOexH3p3lV9QWVa0
ch_3ONRhBTG7srHFKWtRzVPcNNV,2026-04-30 13:59:45,failed,1198.0,0.0,,,card,expired_card,D8VXXUKV-0003,subscription_cycle,6_month,2,cus_tsd8yFddgC3nuv,Olivia Kim,olivia.kim@granitelink-telecom.example,Granitelink Telecom,self_serve,head_of_wireless,telecom,US,sub_1hWzS4rn7DCxGzM35jTnt615
ch_3CuPM3vgR532yakRQiyXU8YV,2026-04-30 14:17:02,succeeded,980.0,0.0,24.75,955.25,card,,OV5Y91ZM-0001,subscription_create,12_month,1,cus_SreKcFvi6aYa6X,Kevin Wright,kevin.wright@clearworks-systems-integration.example,Clearworks Systems Integration Ltd,self_serve,head_of_wireless,it_services,GB,sub_1AXoau5HHmlke7RuMeqz38Rb
ch_31fuXeuGVr8lT1VLiNd14I4W,2026-04-30 18:14:51,succeeded,980.0,0.0,14.95,965.05,card,,AGICOY0S-0001,subscription_create,12_month,1,cus_Dez7Exv2AXW8eM,Katharina Meyer,katharina.meyer@vertexworks-wireless.example,Vertexworks Wireless GmbH,self_serve,network_consultant,network_consulting,AT,sub_1Jy7Zgnt3gGikYoxdhwfo0Ni
ch_3JHpGVe9yH8y23qmxGo9hlYm,2026-05-01 10:57:23,failed,980.0,0.0,,,card,expired_card,02JOMCHD-0003,subscription_cycle,12_month,1,cus_vlv6888cZ6eG7L,Ben Collins,ben.collins@beaconcore-construction.example,Beaconcore Construction,self_serve,it_lead,construction,AU,sub_108cr6k8uTNNzvrogVo3202L
ch_3y4gSmRotliNa6D7JnbBVUtN,2026-05-01 12:43:34,succeeded,980.0,0.0,32.1,947.9,card,,63IP9BZE-0001,subscription_create,12_month,1,cus_P2dE7Dv46iHigc,Nicole Evans,nicole.evans@evans-wireless-consulting.example,Evans Wireless Consulting LLC,self_serve,network_consultant,network_consulting,US,sub_12J0xBinFI3wuiQ2eKMd3fo6
ch_39q9RsXZPVtsYN2KBH1CRUqr,2026-05-01 18:23:16,failed,1198.0,0.0,,,card,card_declined,NA93JUIM-0002,subscription_cycle,6_month,2,cus_Q874LVFsmMAv6v,Sander Vos,sander.vos@balticmark-logistics.example,Balticmark Logistics B.V.,self_serve,it_lead,logistics,NL,sub_1Xq1FQxF5POaxGcwVJIpQHV9
ch_3pekn4YcfTVU7kxKBkC8Mk52,2026-05-02 14:24:14,failed,599.0,0.0,,,card,card_declined,6TGXWOUQ-0002,subscription_cycle,6_month,1,cus_uLUxNaMpq2FFx0,Uwe Hartmann,uwe.hartmann@polarwave-clinics.example,Polarwave Clinics AG,self_serve,it_lead,healthcare,CH,sub_1CTYuYI5e7M4Y3tZM19w9yqF
ch_3on6bd0dHXUKZWOwqTFApFE3,2026-05-02 14:27:31,succeeded,980.0,0.0,24.75,955.25,card,,6PELRG5Q-0002,subscription_cycle,12_month,1,cus_HSiX4DJtjTnHML,Ryan Wright,ryan.wright@orbitport-industries.example,Orbitport Industries,self_serve,it_lead,manufacturing,GB,sub_18hsoZYyS9sAyQvxPuVxIlfF
ch_3AxcuHy0euB95FdZq9OBJIo5,2026-05-02 19:52:28,succeeded,980.0,0.0,32.1,947.9,card,,3G1MH7CK-0002,subscription_cycle,12_month,1,cus_vQWWZfz3almQ5L,Tom Thompson,tom.thompson@beaconcore-hotels.example,Beaconcore Hotels Inc.,self_serve,it_lead,hospitality,CA,sub_1i8UmoPJNYVDQZ0xajDBncTz
ch_3HyBYtDaiO51ozZUtI7ku6yk,2026-05-03 16:16:22,succeeded,1797.0,0.0,27.21,1769.79,card,,OXOTUUM1-0001,subscription_create,6_month,3,cus_My7qvdX5SjwkF1,Guillaume Girard,guillaume.girard@northlink-wireless.example,Northlink Wireless,self_serve,network_consultant,network_consulting,FR,sub_13Q2OxKApZajes06YLbV2AOX
ch_3A1McTAVfYoxl7KWPDxSBxRZ,2026-05-04 11:02:21,succeeded,2940.0,0.0,44.35,2895.65,card,,J80Q0INN-0003,subscription_cycle,12_month,3,cus_hjRXbxf6l2CSmF,Ruben de Boer,ruben.deboer@beaconpath-wi-fi-solutions.example,Beaconpath Wi-Fi Solutions B.V.,self_serve,network_consultant,network_consulting,NL,sub_1bWYnFcVzxq41C2M6wDASDWp
ch_3RvKPWKcjpCBZ04tL5eXsCJp,2026-05-04 11:47:23,failed,980.0,0.0,,,card,expired_card,02JOMCHD-0003,subscription_cycle,12_month,1,cus_vlv6888cZ6eG7L,Ben Collins,ben.collins@beaconcore-construction.example,Beaconcore Construction,self_serve,it_lead,construction,AU,sub_108cr6k8uTNNzvrogVo3202L
py_3Jf7mkQddW8lokZqWlS5wRS6,2026-05-05 00:05:21,succeeded,1960.0,0.0,5.0,1955.0,bank_transfer,,8AAQ5PF0-0001,subscription_create,12_month,2,cus_Y5u68p5R1SCGrM,Nils Berg,nils.berg@ironmark-telecom.example,Ironmark Telecom,self_serve,head_of_wireless,telecom,DK,sub_1Psx6rP4jp6YrZXsCCa9sGF6
ch_3LSKYrzfV0ghTCE1rChzSSBJ,2026-05-05 12:01:36,succeeded,599.0,0.0,19.72,579.28,card,,X67AFVQ6-0001,subscription_create,6_month,1,cus_zFPMjSm85fmZVU,Nicole Carter,nicole.carter@mailbox.example,,self_serve,network_consultant,network_consulting,US,sub_1FAZqBr8kPwoDkK66pNaL3u7
ch_3SiHuxfYoMa1qJVieIc3M5Kx,2026-05-06 13:52:29,succeeded,980.0,0.0,14.95,965.05,card,,H5X54VH1-0001,subscription_create,12_month,1,cus_TYZESIxG0I49Sx,Emma Karlsson,emma.karlsson@apexgate-wireless-engineering.example,Apexgate Wireless Engineering AS,self_serve,head_of_wireless,network_consulting,NO,sub_1zRZIH6sSTZyNHjPzVfw7ofF
ch_3jSyOplyRjaNzvk7YkNjudnh,2026-05-06 17:49:16,failed,1198.0,0.0,,,card,card_declined,NA93JUIM-0002,subscription_cycle,6_month,2,cus_Q874LVFsmMAv6v,Sander Vos,sander.vos@balticmark-logistics.example,Balticmark Logistics B.V.,self_serve,it_lead,logistics,NL,sub_1Xq1FQxF5POaxGcwVJIpQHV9
ch_3Uicv5IK7JOFBuHoDq6dddL2,2026-05-07 07:42:12,succeeded,980.0,0.0,24.75,955.25,card,,1JNVTVX8-0001,subscription_create,12_month,1,cus_ON8WGZEY90gDZd,Andrew Adams,andrew.adams@pineworks-rf-consulting.example,Pineworks RF Consulting Ltd,self_serve,network_consultant,network_consulting,GB,sub_1wa9pIULhtk9QDuIccQx69sY
ch_3qmWQf1PyhySsu7UZSZ9YSe8,2026-05-07 08:41:47,succeeded,1198.0,0.0,39.19,1158.81,card,,8VTVB71W-0001,subscription_create,6_month,2,cus_B1BIHTE40cYe4y,Emily Brown,emily.brown@brown-network-services.example,Brown Network Services LLC,self_serve,network_consultant,network_consulting,US,sub_1ak7gXI7P1IToBcxJ8UWOIGF
ch_3Yghp3oQBOnCojOsZyq2swcy,2026-05-07 09:25:58,succeeded,980.0,0.0,32.1,947.9,card,,IPC1EHM5-0001,subscription_create,12_month,1,cus_YLC3HHuQvsjWIz,Olivia Campbell,olivia.campbell@postbox.example,,self_serve,network_consultant,network_consulting,US,sub_12LpbeID3ypjbpOpxj2Gz2TW
ch_3YPSrKy1vbdoIEI0gTl0kaJu,2026-05-07 10:12:21,succeeded,1198.0,0.0,18.22,1179.78,card,,TICI2XBI-0001,subscription_create,6_month,2,cus_xWLKGN73JsYSU7,Janne Kinnunen,janne.kinnunen@westcore-wireless.example,Westcore Wireless,self_serve,network_consultant,network_consulting,FI,sub_1up5iOQNhiYgTOzYNxAmc9KQ
ch_3yMZbGLwvW8NsBmN0qIf8NBm,2026-05-07 11:36:48,succeeded,1960.0,0.0,63.95,1896.05,card,,OUM55X74-0004,subscription_cycle,12_month,2,cus_BWede0AgleaXVO,Josh Wilson,josh.wilson@wilson-network-services.example,Wilson Network Services LLC,self_serve,network_consultant,network_consulting,US,sub_1cNj7Zx2CPujNrJ3c4FK9dX4
ch_3B29unOjNv5iSDAvOvNEZMzl,2026-05-07 16:19:43,succeeded,1198.0,0.0,39.19,1158.81,card,,QVRXJ74N-0002,subscription_cycle,6_month,2,cus_FJcYzxubTQJiV1,Michael Harris,michael.harris@lumenfield-wi-fi-solutions.example,Lumenfield Wi-Fi Solutions,self_serve,network_consultant,network_consulting,US,sub_1zPMpmHMol3pZN7Zfy1ObmCr
ch_35o7IIvPWX1mvVcByZm1E3Zx,2026-05-07 16:30:50,succeeded,980.0,0.0,32.1,947.9,card,,1YR5HNBD-0001,subscription_create,12_month,1,cus_69lJEef1HblVaC,Rachel Green,rachel.green@cedarstream-properties.example,Cedarstream Properties,self_serve,it_lead,real_estate,AU,sub_1P5GGi1WpiIEFSQIi30q4wCq
ch_37NAGY8yafoZWSdxuJsAAdlP,2026-05-08 08:47:17,succeeded,2940.0,0.0,95.8,2844.2,card,,FBY2CQ1K-0004,subscription_cycle,12_month,3,cus_kKKFbGv5ogQdQQ,Eric Johnson,eric.johnson@ironpeak-foods.example,Ironpeak Foods LLC,self_serve,it_lead,food_beverage,US,sub_1AH5qkRnF8NRRpBic4qyhA1R
ch_3g3A4MyVMr9kD4sljwNStG5P,2026-05-09 12:16:23,failed,980.0,0.0,,,card,expired_card,02JOMCHD-0003,subscription_cycle,12_month,1,cus_vlv6888cZ6eG7L,Ben Collins,ben.collins@beaconcore-construction.example,Beaconcore Construction,self_serve,it_lead,construction,AU,sub_108cr6k8uTNNzvrogVo3202L
ch_32hIsm8ALCfL00mGcSCvoO9M,2026-05-09 15:26:51,succeeded,980.0,0.0,14.95,965.05,card,,4LYCX92H-0003,subscription_cycle,12_month,1,cus_y6Vs7VRWN2A1Js,Markus Schneider,markus.schneider@mailbox.example,,self_serve,network_consultant,network_consulting,DE,sub_1vD2rlmco4IBAPiNsoWnj2sQ
ch_37DMb5ifxaGm83cHKCSXhlMc,2026-05-10 11:36:22,succeeded,599.0,0.0,9.23,589.77,card,,AWZ9A7FI-0002,subscription_cycle,6_month,1,cus_zbu8wuu1Bgg2H3,Johan Madsen,johan.madsen@westbridge-networks.example,Westbridge Networks AB,self_serve,network_consultant,network_consulting,SE,sub_1CYGcVtmsmQjqka79ii0Px22
py_33gCNXL7ID8IFZbJawyOlm7E,2026-05-10 13:13:25,succeeded,140000.0,0.0,5.0,139995.0,bank_transfer,,F0O5EJQ9-0001,subscription_create,enterprise,1,cus_yv7JLpQlAZttTw,Rheinfeld Automotive Systems GmbH,accounts.payable@rheinfeld-automotive-systems.example,Rheinfeld Automotive Systems GmbH,enterprise,,manufacturing,DE,sub_12lCKWFAVm18H9cIMEAELzOz
py_3WpvkGbMd0rF6V1wuObHmMuR,2026-05-10 13:25:38,succeeded,2995.0,0.0,5.0,2990.0,bank_transfer,,GBO6AG1R-0003,subscription_cycle,6_month,5,cus_9PkceQ2F0Z2qzN,Robert Hall,robert.hall@auroraview-wireless-engineering.example,Auroraview Wireless Engineering Ltd,self_serve,head_of_wireless,network_consulting,GB,sub_14HqfUd46MYY4yoJGAzAhu1f
ch_3ME9XBlTdqplxzhfGFEe9eOQ,2026-05-11 14:51:35,succeeded,599.0,0.0,19.72,579.28,card,,O67PFTIK-0001,subscription_create,6_month,1,cus_gFUdfbKUqzzwSk,David Johnson,david.johnson@crestgate-schools.example,Crestgate Schools LLC,self_serve,it_lead,education,US,sub_1HNNV2TYU910DuZeYv2vDcYC
ch_3TX7CvT13aQEAEF5sj9vqfje,2026-05-11 16:16:22,succeeded,980.0,0.0,24.75,955.25,card,,E14U8Q92-0001,subscription_create,12_month,1,cus_hBJJlIk06H5rsx,Ryan Jackson,ryan.jackson@lumenmark-industries.example,Lumenmark Industries,self_serve,it_lead,manufacturing,GB,sub_1ovZfLq1DgB7bRU7b5z4DnZY
ch_3jG6wE5x06xgIkoHwDOYhR9Z,2026-05-12 12:35:19,succeeded,1960.0,0.0,63.95,1896.05,card,,3Q51MW3L-0002,subscription_cycle,12_month,2,cus_m4LDUOMveyNvn9,Rachel Davis,rachel.davis@atlasbridge-telecom.example,Atlasbridge Telecom,self_serve,head_of_wireless,telecom,US,sub_1Jluijy6SKTDnlq6O9iNZls1
ch_3Uw9rYdc8OI1pHdipHAfbWHl,2026-05-12 12:49:29,succeeded,599.0,0.0,19.72,579.28,card,,25ID5431-0001,subscription_create,6_month,1,cus_4H7ATkAYHBZ58i,John Patel,john.patel@novabridge-systems-integration.example,Novabridge Systems Integration LLC,self_serve,head_of_wireless,it_services,US,sub_1J32WXTEskIxohw4m9pjnaaq
ch_3Up15gNx82cC0sL48f4ueMS8,2026-05-12 16:30:50,succeeded,980.0,0.0,14.95,965.05,card,,CXDR55RF-0001,subscription_create,12_month,1,cus_xUooxgBZQnD9tl,Wouter Mulder,wouter.mulder@greenmark-rf-consulting.example,Greenmark RF Consulting BV,self_serve,network_consultant,network_consulting,BE,sub_1LAZ5HOMd6wMDVvvCmNhEQXT
ch_3vXrAfBWg4ks6sSeKV7bgQ2z,2026-05-12 17:51:31,succeeded,980.0,0.0,32.1,947.9,card,,CBHB7PZE-0001,subscription_create,12_month,1,cus_GqJxHQLmQIni9P,Paul Johnson,paul.johnson@summitline-networks.example,Summitline Networks,self_serve,network_consultant,network_consulting,US,sub_1sqOf7ags2BO0K3SmYo7aS11
ch_3KjBB7pcaC8XDZKH1U8HGI8m,2026-05-12 18:35:44,succeeded,1198.0,0.0,6.35,1191.65,sepa_debit,,V6XN11NS-0002,subscription_cycle,6_month,2,cus_FSWtAMZmnSjQar,Mikkel Pedersen,mikkel.pedersen@pedersen-network-services.example,Pedersen Network Services,self_serve,network_consultant,network_consulting,NO,sub_1a5Yv6ckFr8fAooyZ4gXy8mF
ch_3AbMpxZ6aV7B21PMlPl306YB,2026-05-13 07:33:02,succeeded,980.0,0.0,14.95,965.05,card,,5H8QR1DP-0001,subscription_create,12_month,1,cus_g0H43ymfALi9R2,Ingrid Hansen,ingrid.hansen@lumenbridge-wi-fi-solutions.example,Lumenbridge Wi-Fi Solutions,self_serve,network_consultant,network_consulting,NO,sub_1o4OjsT7oUdaqg1N7ytoOnnz
py_3z9s32Sx2s8Ip9MBNwsTB7aJ,2026-05-13 17:19:25,succeeded,1960.0,0.0,5.0,1955.0,bank_transfer,,0Q6NW7SI-0001,subscription_create,12_month,2,cus_EVg7Lla0YOEgp2,Nicole Taylor,nicole.taylor@brightpeak-managed-services.example,Brightpeak Managed Services LLC,self_serve,head_of_wireless,it_services,US,sub_13HR92DDOCFY5LGHeqBT8DLp
ch_3jhKus7IO9m3vpW1Wg1xV5H7,2026-05-14 07:35:00,succeeded,1960.0,0.0,6.35,1953.65,sepa_debit,,3CU0CH1A-0003,subscription_cycle,12_month,2,cus_G9YwGQACPaFxgk,Chiara Bianchi,chiara.bianchi@polarstream-wireless.example,Polarstream Wireless S.r.l.,self_serve,network_consultant,network_consulting,IT,sub_1R3d3UMT0aCTLA6yEPBExRDl
ch_3cWozPu7nyMWgC8OuOaGp85I,2026-05-14 10:46:38,succeeded,599.0,0.0,19.72,579.28,card,,TSYFTBGS-0002,subscription_cycle,6_month,1,cus_MWJTEKpfy6Sr79,Brian Roberts,brian.roberts@orbitfield-construction.example,Orbitfield Construction,self_serve,it_lead,construction,US,sub_1OVsb2XddkKel63IXZgsWoDk
ch_3N83TBOlHBl3Vxkb0vdikbNk,2026-05-15 08:19:36,succeeded,980.0,0.0,32.1,947.9,card,,45TRLJBL-0004,subscription_cycle,12_month,1,cus_nNFleSMmP9FfdX,Tom Green,tom.green@summitgate-managed-services.example,Summitgate Managed Services LLC,self_serve,head_of_wireless,it_services,US,sub_1K9RXMLYKspvBxbyg3R1cXlm
ch_34gTwElL3dwAOzh5lDOZ5xri,2026-05-15 14:31:22,succeeded,4900.0,0.0,159.5,4740.5,card,,RFXFBAJB-0003,subscription_cycle,12_month,5,cus_U5nfAj5ZsQSTg3,Sarah Wright,sarah.wright@greenport-managed-services.example,Greenport Managed Services LLC,self_serve,head_of_wireless,it_services,US,sub_1RPQhle5SEae9cbz68iWulPV
ch_3A6BIYi9zT7gqbFK7nroK682,2026-05-16 11:05:11,succeeded,1960.0,0.0,63.95,1896.05,card,,UY5W3CD0-0003,subscription_cycle,12_month,2,cus_A0I2SozU1x3PqJ,Sarah White,sarah.white@blueline-managed-services.example,Blueline Managed Services LLC,self_serve,head_of_wireless,it_services,US,sub_1Ekl5sM8EptWnIBdeMULAGKf
ch_3ArPHawaYTQohANiE1G8mxyK,2026-05-16 14:31:06,succeeded,1960.0,0.0,29.65,1930.35,card,,8UR0P1KF-0002,subscription_cycle,12_month,2,cus_WVJJhPIUQ7AA33,Sven Hartmann,sven.hartmann@northmark-wireless.example,Northmark Wireless GmbH,self_serve,network_consultant,network_consulting,DE,sub_1o6QuDRdz17jy89z898CCWVS
ch_3eDkKJOqO75yd1QHYeKpcl1i,2026-05-16 14:48:14,succeeded,1797.0,0.0,27.21,1769.79,card,,FT79CO6U-0008,subscription_cycle,6_month,3,cus_8xDFPIRaNpJ276,Sabine Hartmann,sabine.hartmann@apexmark-clinics.example,Apexmark Clinics GmbH,self_serve,it_lead,healthcare,DE,sub_1IOog7pi2KYJLoahh9957U7P
ch_3oItc655okARAEU7gb2gPDa8,2026-05-16 16:42:26,succeeded,980.0,0.0,32.1,947.9,card,,IXDC09ZF-0003,subscription_cycle,12_month,1,cus_WcEE8FUzvQM31T,Eric Harris,eric.harris@mapleline-systems-integration.example,Mapleline Systems Integration Inc.,self_serve,head_of_wireless,it_services,CA,sub_1dISzQag7momoQi0etW9xlgp
py_3StsYJ7VwgCZUXC1fMylwnlF,2026-05-17 11:28:30,succeeded,4900.0,0.0,5.0,4895.0,bank_transfer,,0Q5136DY-0001,subscription_create,12_month,5,cus_YGe0K8lzOcke42,Kari Saarinen,kari.saarinen@lumenpath-telecom.example,Lumenpath Telecom Oy,self_serve,head_of_wireless,telecom,FI,sub_1u5PMUlO4Bg1mMg1BMKvuIET
ch_3aLp1ld3ZVyCv3CJfIQRWKXE,2026-05-17 16:51:17,succeeded,980.0,0.0,32.1,947.9,card,,3G2DUKGW-0005,subscription_cycle,12_month,1,cus_4mX5KaD3O0j3sM,Steve Collins,steve.collins@ironport-wi-fi-solutions.example,Ironport Wi-Fi Solutions,self_serve,network_consultant,network_consulting,CA,sub_1I1EUS4q2kyPi4Ex0tegJMjU
py_3NG5gu3ta209ukV8JsMTJ7Qy,2026-05-18 06:40:36,succeeded,4900.0,0.0,5.0,4895.0,bank_transfer,,ZA293ZE9-0005,subscription_cycle,12_month,5,cus_5M6W3TYqnpQMmq,Brian Patel,brian.patel@atlasstream-communications.example,Atlasstream Communications,self_serve,head_of_wireless,telecom,IE,sub_1nbH04x4a4z6TVPFOLyyVuIG
ch_3s0B7O1GZzPQ72JMwBKKDTsP,2026-05-19 09:57:33,succeeded,599.0,0.0,9.23,589.77,card,,DUY8QJDA-0001,subscription_create,6_month,1,cus_AHCECoOhvPAvga,Sara Eriksson,sara.eriksson@eriksson-network-services.example,Eriksson Network Services AB,self_serve,network_consultant,network_consulting,SE,sub_1Epj3zALOPDbouoaabX3g0Gr
ch_3RMUw8nqye9ci8WUFEcWSIuy,2026-05-19 10:41:35,succeeded,980.0,0.0,14.95,965.05,card,,ADSXUW4F-0002,subscription_cycle,12_month,1,cus_cOpfTCBKZaYU3P,Ola Andersson,ola.andersson@vertexstream-communications.example,Vertexstream Communications,self_serve,head_of_wireless,telecom,SE,sub_1t5vvnqJnLTnZwvy3rBi7fO2
ch_373RMMrVVWOlonneJAd4lcL7,2026-05-19 11:20:50,succeeded,599.0,0.0,9.23,589.77,card,,0BJA4FMR-0001,subscription_create,6_month,1,cus_6wzjugSziqeplC,Rasmus Olsen,rasmus.olsen@orbitpath-logistics.example,Orbitpath Logistics ApS,self_serve,it_lead,logistics,DK,sub_17XyUGumMFULOQVxTSvsGUAG
py_3JZfxtDC0DcgY7hMSB30SFlS,2026-05-19 12:10:22,succeeded,1960.0,0.0,5.0,1955.0,bank_transfer,,G4TRSA93-0001,subscription_create,12_month,2,cus_Ibdp1CcTvuk0UR,Ryan Mitchell,ryan.mitchell@alpineport-technology-group.example,Alpineport Technology Group Ltd,self_serve,head_of_wireless,it_services,GB,sub_1oRlxyhmlzNF4ZB33tYPQ7fE
ch_33iat3YQRAOSfoMWkLWsyWl8,2026-05-19 13:57:35,succeeded,980.0,0.0,24.75,955.25,card,,GHJG3PEH-0005,subscription_cycle,12_month,1,cus_Va4ytcQimzwbEN,Robert White,robert.white@harborfield-schools.example,Harborfield Schools,self_serve,it_lead,education,GB,sub_1NQpJ3UMOSkdIq34LhsEr2PL
ch_36nmxE8G2F8DYK501gXbjuGo,2026-05-19 16:33:17,succeeded,599.0,0.0,19.72,579.28,card,,137NWVUI-0001,subscription_create,6_month,1,cus_PgznIjmaMFaJ2d,Kate Jones,kate.jones@greenline-it-solutions.example,Greenline IT Solutions LLC,self_serve,head_of_wireless,it_services,US,sub_1kmp1bCxHzIfQUYhrMVdvUmM
ch_3WPgZtaGJoIr4AGcHQLWuEJl,2026-05-19 19:47:37,succeeded,980.0,0.0,32.1,947.9,card,,JUBCAZ2L-0003,subscription_cycle,12_month,1,cus_67s1PTrEons1t0,Steve Roberts,steve.roberts@auroraworks-rf-consulting.example,Auroraworks RF Consulting,self_serve,network_consultant,network_consulting,US,sub_1wp1u1ZdJQ4iPemoQ937JygQ
ch_3CORivKGVowS9Zvl4BPLPSqj,2026-05-19 23:38:17,succeeded,980.0,0.0,24.75,955.25,card,,1C17JZNT-0001,subscription_create,12_month,1,cus_ZMU0GZDPS4k8xr,Tom Adams,tom.adams@irongate-wireless-engineering.example,Irongate Wireless Engineering Ltd,self_serve,head_of_wireless,network_consulting,GB,sub_1Csm9M6n3nBb0oN3pY19PL0B
ch_3O5kXZpavWovCz316iptwWYs,2026-05-20 18:39:08,succeeded,1960.0,0.0,29.65,1930.35,card,,EUQ56IGD-0003,subscription_cycle,12_month,2,cus_Fywysn2dpJ0i7k,Frida Eriksson,frida.eriksson@granitewave-industries.example,Granitewave Industries AS,self_serve,it_lead,manufacturing,NO,sub_1XFAQgwmOQITuF6wt4ETaAyu
py_38pw18y4tX61BkUDpNvw8fAE,2026-05-20 19:30:14,succeeded,980.0,0.0,4.9,975.1,bank_transfer,,ZJFVTK0P-0002,subscription_cycle,12_month,1,cus_SR7Dwz1sC0X7RK,Maarten de Jong,maarten.dejong@creststream-systems-integration.example,Creststream Systems Integration,self_serve,head_of_wireless,it_services,NL,sub_1cMxf9J8JOJ190fOJiaMeJXP
ch_3U3zVH5mCu3idFuJ2AONOxWG,2026-05-21 10:38:16,succeeded,599.0,0.0,19.72,579.28,card,,O5GKE06R-0001,subscription_create,6_month,1,cus_wbokSlRMDmcgmO,Emily Phillips,emily.phillips@novaport-schools.example,Novaport Schools LLC,self_serve,it_lead,education,US,sub_1NntEIJDXwd0DYBq4kzdUNs3
ch_3hoyDQzBCa1d4Sdu7Qpdzuzs,2026-05-21 10:42:42,succeeded,599.0,0.0,9.23,589.77,card,,DWVVUQXL-0001,subscription_create,6_month,1,cus_saJ3G4XBkqFsQR,Ola Madsen,ola.madsen@cedarstream-clinics.example,Cedarstream Clinics AS,self_serve,it_lead,healthcare,NO,sub_1VAgi0UMbXBpuuNLYB0sDz22
ch_33J5i7dssLLWN3hJwDBIGnex,2026-05-21 14:09:40,succeeded,599.0,0.0,9.23,589.77,card,,OZV6RXCK-0001,subscription_create,6_month,1,cus_kxoKJAJ9o3LIgx,Wouter van den Berg,wouter.vandenberg@beaconstream-properties.example,Beaconstream Properties B.V.,self_serve,it_lead,real_estate,NL,sub_1jvICG5yAsoL7W3aCQ5hW8Sx
ch_3SMZLjlmBXG2e0t80DcydzEW,2026-05-21 15:47:43,succeeded,599.0,0.0,9.23,589.77,card,,8VETNSUR-0001,subscription_create,6_month,1,cus_R1oaYe2yBx6LxP,Magnus Madsen,magnus.madsen@auroraport-schools.example,Auroraport Schools AB,self_serve,it_lead,education,SE,sub_1YbTRQ4YHgDkMBfGihdrPbnh
ch_3hSQAr4I4y9cMgvrH96nkHnM,2026-05-21 19:12:00,failed,1960.0,0.0,,,card,expired_card,XBQPQ1HF-0003,subscription_cycle,12_month,2,cus_BslEwUKU4vU8zd,Nicolas Martin,nicolas.martin@mapleport-networks.example,Mapleport Networks SAS,self_serve,network_consultant,network_consulting,FR,sub_1udzFf0bFs1taP8atpf2a2u4
ch_3nhtH1YJM8AgXOxkAmft79tm,2026-05-22 06:19:11,succeeded,599.0,0.0,9.23,589.77,card,,ZXVP8LA8-0001,subscription_create,6_month,1,cus_PeUBFSgIzRA5yV,David Vega,david.vega@vega-wireless-consulting.example,Vega Wireless Consulting S.L.,self_serve,network_consultant,network_consulting,ES,sub_1PnQLTuFjYXzfj9wiFYBe9hG
ch_30n0t6vkZFvQbeiGMgaBSnej,2026-05-22 12:10:50,succeeded,980.0,0.0,32.1,947.9,card,,4V4KSIWV-0001,subscription_create,12_month,1,cus_OOr1arS2AkBm7A,Raj Baker,raj.baker@baker-wireless-consulting.example,Baker Wireless Consulting Pty Ltd,self_serve,network_consultant,network_consulting,AU,sub_1yHd1dt570ne6vdb1lSEXdad
ch_3cnP3UdrQvxGO7ClEjztcyod,2026-05-23 04:42:45,succeeded,1960.0,0.0,29.65,1930.35,card,,XBE3ECCA-0001,subscription_create,12_month,2,cus_yWPlZJ6XZfnXUl,Matthias Hartmann,matthias.hartmann@orbitstream-properties.example,Orbitstream Properties,self_serve,it_lead,real_estate,DE,sub_1FQF3oiRb25ZYxLrxZ9HQ1R3
ch_30XGHo3kwk8XWgj7PDTQ7NWK,2026-05-23 09:45:53,succeeded,980.0,0.0,14.95,965.05,card,,5GDF6QA3-0002,subscription_cycle,12_month,1,cus_hK3c7zrmaGirWF,Lauri Koskinen,lauri.koskinen@postbox.example,,self_serve,network_consultant,network_consulting,FI,sub_15bqYJ7gk3jGXQQSceneGul4
ch_3Pi9HyABNqsf8g0xopN8VNt5,2026-05-23 10:02:42,succeeded,599.0,0.0,9.23,589.77,card,,AB2QFVW2-0002,subscription_cycle,6_month,1,cus_QBGLraAqeemiYC,Daniel Becker,daniel.becker@maplecore-wireless.example,Maplecore Wireless GmbH,self_serve,network_consultant,network_consulting,DE,sub_1vhu2SEBLNtZNamHc3lxNQz4
ch_3Dms0saRk1JHBY4ASbk5EM5M,2026-05-23 13:44:27,succeeded,599.0,0.0,9.23,589.77,card,,NWK4Y756-0006,subscription_cycle,6_month,1,cus_yPe3SEpinlbtBb,Florian Zimmermann,florian.zimmermann@zimmermann-wireless-consulting.example,Zimmermann Wireless Consulting GmbH,self_serve,network_consultant,network_consulting,DE,sub_1fv8icOhJBtsXsgcFeUBURH4
ch_3uG7V5eV2ZCptQtUo7ALJNfj,2026-05-23 16:52:27,succeeded,599.0,0.0,9.23,589.77,card,,82IWTNLG-0006,subscription_cycle,6_month,1,cus_LnC2FnvRVXZun7,Erik Karlsson,erik.karlsson@vertexcore-rf-consulting.example,Vertexcore RF Consulting AB,self_serve,network_consultant,network_consulting,SE,sub_1W6O9TkIYEGCviTv1H4A5ZIK
ch_3BdAG4wbtu6oiRayVaX9DnsI,2026-05-23 17:25:33,succeeded,1960.0,0.0,6.35,1953.65,sepa_debit,,GBK7N34R-0002,subscription_cycle,12_month,2,cus_VkIzBaGOsdw5Gw,Eero Lahtinen,eero.lahtinen@signalwave-systems-integration.example,Signalwave Systems Integration Oy,self_serve,head_of_wireless,it_services,FI,sub_1VkVR2G2rV7MskXW9GLCkGEK
ch_3GD8jZgMh540yXOILArysblp,2026-05-24 10:53:12,succeeded,599.0,0.0,9.23,589.77,card,,3H0QOJWC-0001,subscription_create,6_month,1,cus_0INLCftd5G3OmI,Sanna Järvinen,sanna.jarvinen@jarvinen-wireless-consulting.example,Järvinen Wireless Consulting Oy,self_serve,network_consultant,network_consulting,FI,sub_1yaGBJwakwRBTf6g1iHPHWy6
ch_3loWZzmYqc0Yb4aBkcW4nHqs,2026-05-24 19:58:00,failed,1960.0,0.0,,,card,expired_card,XBQPQ1HF-0003,subscription_cycle,12_month,2,cus_BslEwUKU4vU8zd,Nicolas Martin,nicolas.martin@mapleport-networks.example,Mapleport Networks SAS,self_serve,network_consultant,network_consulting,FR,sub_1udzFf0bFs1taP8atpf2a2u4
ch_3hadR4UgThKCzkpgVVdbqsdn,2026-05-25 10:10:16,succeeded,599.0,0.0,9.23,589.77,card,,FJ1LMM9V-0001,subscription_create,6_month,1,cus_oCZpHE9K02DeqK,Sander Visser,sander.visser@mailbox.example,,self_serve,network_consultant,network_consulting,NL,sub_1gtN2OPLz9gkltFEV2G9TDfw
ch_3RBj4bEvE0voNGvpUDd9tQYR,2026-05-26 16:10:05,succeeded,980.0,0.0,14.95,965.05,card,,L2D825KE-0001,subscription_create,12_month,1,cus_oYRKJslU0VyBhf,Sara Nilsson,sara.nilsson@nilsson-network-services.example,Nilsson Network Services ApS,self_serve,network_consultant,network_consulting,DK,sub_1tlVmA97aoSNbvx7PMG8Ugl0
ch_3uaD99J7LsWE40jNCdoYJCTW,2026-05-27 11:23:32,succeeded,1960.0,0.0,63.95,1896.05,card,,RNU71J73-0001,subscription_create,12_month,2,cus_H5s8R8Kn4OouKW,Thomas Müller,thomas.muller@bluecore-rf-consulting.example,Bluecore RF Consulting AG,self_serve,network_consultant,network_consulting,CH,sub_1LkZ4kUZKsBupWs8cHxe2EvC
ch_3QLcVHDxG1bJLBaX6TUiDcFo,2026-05-27 14:02:43,succeeded,599.0,0.0,9.23,589.77,card,,1OEZGQEN-0001,subscription_create,6_month,1,cus_QXluxAqsEJc2IT,Christian Müller,christian.muller@lumenstream-clinics.example,Lumenstream Clinics GmbH,self_serve,it_lead,healthcare,AT,sub_1bSMpvMFwEMLQHIEfgGiu2Y3
py_3PDh1hcYAPwTNwqnDM9pnE8W,2026-05-27 15:03:50,succeeded,1960.0,0.0,5.0,1955.0,bank_transfer,,1AH8JEDV-0001,subscription_create,12_month,2,cus_hHHayCL2Z7Iped,Andrea Colombo,andrea.colombo@brightpath-technology-group.example,Brightpath Technology Group S.r.l.,self_serve,head_of_wireless,it_services,IT,sub_1pYShvZ9gGVgLYKw19Y1zpwX
ch_35OIUo1wmdSRtETt6orXhZpN,2026-05-27 17:57:45,succeeded,1198.0,0.0,39.19,1158.81,card,,9D0TNPZQ-0001,subscription_create,6_month,2,cus_gYtm5naEHxgjm0,Sarah Adams,sarah.adams@deltacore-managed-services.example,Deltacore Managed Services LLC,self_serve,head_of_wireless,it_services,US,sub_1tyIOfsf4Gq7l4QtVhHdsYzO
ch_3Sd5r4TRpW9cfCBUQIMw8zCO,2026-05-28 02:18:02,succeeded,980.0,0.0,32.1,947.9,card,,Q6K5XFS3-0002,subscription_cycle,12_month,1,cus_YD8rxnPlR5JHRV,Raj Campbell,raj.campbell@brightlink-foods.example,Brightlink Foods,self_serve,it_lead,food_beverage,US,sub_1GTCt6Zz1oEgZwfZ4h6TpnLe
ch_3JfDlxtuip54PEIHtofIspOy,2026-05-28 04:57:44,succeeded,599.0,0.0,5.14,593.86,sepa_debit,,JANI9MTQ-0001,subscription_create,6_month,1,cus_Smsivg6QbtaWnA,Mathieu Rousseau,mathieu.rousseau@deltafield-telecom.example,Deltafield Telecom SAS,self_serve,head_of_wireless,telecom,FR,sub_1JHg7evETVxlPHXMCisS3vMk
ch_3R4JmQ4w1hkCWYwRgfJ2C0Fn,2026-05-28 06:59:14,succeeded,980.0,0.0,14.95,965.05,card,,21U5UKDV-0002,subscription_cycle,12_month,1,cus_MTaYjhbEJq2fg3,Ville Laine,ville.laine@beaconview-foods.example,Beaconview Foods Oy,self_serve,it_lead,food_beverage,FI,sub_163mjQTBIAX9SWbNAK0vHdJZ
ch_3ZDvd8ERxlRS21JxIP4QmoAG,2026-05-28 09:16:38,succeeded,980.0,0.0,14.95,965.05,card,,2ROQDEJG-0002,subscription_cycle,12_month,1,cus_rt2dWl7QRg6i8X,Thomas Zimmermann,thomas.zimmermann@orbitpath-networks.example,Orbitpath Networks,self_serve,network_consultant,network_consulting,DE,sub_1EBCCBCarrhA5RZwaRvzipIi
ch_364j3SGnMMy9Pjc6wPoY7Owa,2026-05-28 14:46:10,succeeded,599.0,0.0,19.72,579.28,card,,32TSC2VC-0001,subscription_create,6_month,1,cus_FbkftS5Qed5uIV,Carlos Turner,carlos.turner@pinelink-technology-group.example,Pinelink Technology Group Pty Ltd,self_serve,head_of_wireless,it_services,AU,sub_1Rdmnh2mXBqoUJ69l8kyC0xD
ch_322wGhpO3hjZsBkR5Rz1eC0j,2026-05-28 16:35:43,succeeded,599.0,0.0,5.14,593.86,sepa_debit,,XMG437KX-0001,subscription_create,6_month,1,cus_HQVf2Xq4jxAp59,Uwe Becker,uwe.becker@cedarpoint-logistics.example,Cedarpoint Logistics AG,self_serve,it_lead,logistics,CH,sub_1MU0bvf1ZwCZlRjmBv0KgbWI
ch_3x6VzufKqWv6CONnxLUMXh7v,2026-05-29 08:18:32,succeeded,980.0,0.0,14.95,965.05,card,,J1DFWGXF-0001,subscription_create,12_month,1,cus_aaCHIDpye1kP5o,Tobias Meyer,tobias.meyer@beaconpeak-communications.example,Beaconpeak Communications GmbH,self_serve,head_of_wireless,telecom,AT,sub_13H47vKg5pi0yNsJEnwTEbIs
ch_3nzxT6JO7IqNJD0xbq8W2NNy,2026-05-29 14:03:54,succeeded,980.0,0.0,24.75,955.25,card,,KQEZN679-0001,subscription_create,12_month,1,cus_VG4cX7XksXw8yH,Brian Collins,brian.collins@orbitview-telecom.example,Orbitview Telecom,self_serve,head_of_wireless,telecom,GB,sub_1B7wxk7QQpSRZL3mdgbNq88a
py_3vbc8Az6Vsv0ac0jrwUsUb1s,2026-05-29 17:06:56,succeeded,1960.0,0.0,5.0,1955.0,bank_transfer,,8C8J1OQ5-0004,subscription_cycle,12_month,2,cus_Zeyx7MJHzfG8k5,Joost Peeters,joost.peeters@crestport-communications.example,Crestport Communications,self_serve,head_of_wireless,telecom,NL,sub_1NjOBQLWv7RWgRsFrRINpPDv
ch_3VaLRnWUzG7XXkRpizIlJI0W,2026-05-29 19:32:00,succeeded,1960.0,0.0,29.65,1930.35,card,,XBQPQ1HF-0003,subscription_cycle,12_month,2,cus_BslEwUKU4vU8zd,Nicolas Martin,nicolas.martin@mapleport-networks.example,Mapleport Networks SAS,self_serve,network_consultant,network_consulting,FR,sub_1udzFf0bFs1taP8atpf2a2u4
ch_3HzttsgVFMB2RWuweaoPyXx4,2026-05-30 16:09:51,succeeded,980.0,0.0,14.95,965.05,card,,TAMD466C-0002,subscription_cycle,12_month,1,cus_biL3O14hsEht8d,Amanda Roberts,amanda.roberts@apexfield-networks.example,Apexfield Networks Ltd,self_serve,network_consultant,network_consulting,IE,sub_1YEiSABer0JwcyDXQnMESDQp
py_3AhlKJCKcgcXdO0UcR1yDGL0,2026-05-31 17:45:30,succeeded,1960.0,0.0,5.0,1955.0,bank_transfer,,ZDQ46OIJ-0003,subscription_cycle,12_month,2,cus_hnxzZJkkYGBWEO,Lena Neumann,lena.neumann@polarline-it-solutions.example,Polarline IT Solutions GmbH,self_serve,head_of_wireless,it_services,DE,sub_1BVPkv4W0QLqr8DZbaY78ZaK
ch_3hOUuRmLMIHInroUrLh549sU,2026-06-03 12:53:42,succeeded,1198.0,0.0,18.22,1179.78,card,,0NXBOS9Y-0002,subscription_cycle,6_month,2,cus_RLVe3nq16PJnhC,Lotte Smit,lotte.smit@smit-network-services.example,Smit Network Services BV,self_serve,network_consultant,network_consulting,BE,sub_19wAlJo7LfK13HABihNJ1iCP
ch_3eo3vZ5SZHTLstEkg0JKa2Vj,2026-06-03 14:08:50,succeeded,980.0,0.0,14.95,965.05,card,,6ORV1T5J-0001,subscription_create,12_month,1,cus_neyyWgWj81eY0r,Kate Hall,kate.hall@silverworks-warehousing.example,Silverworks Warehousing,self_serve,it_lead,logistics,IE,sub_1BwVRh0lR8lEEUgd6k2teZp1
ch_3JGTNJYa09yNStpwXBwQgF97,2026-06-04 09:36:54,succeeded,2940.0,0.0,44.35,2895.65,card,,2UGGQ5SQ-0003,subscription_cycle,12_month,3,cus_4L1aw43P7JWXFS,Bas van den Berg,bas.vandenberg@apexline-foods.example,Apexline Foods BV,self_serve,it_lead,food_beverage,BE,sub_1ZIVj3NzJSLRTKuNKBL5eBTG
ch_3MvrDKE4Pd7DyUTQDEwh4hul,2026-06-04 10:39:08,succeeded,3920.0,0.0,127.65,3792.35,card,,R7VI0EF8-0004,subscription_cycle,12_month,4,cus_0ZK7djkGPu7fQp,Thomas Braun,thomas.braun@signalbridge-wireless.example,Signalbridge Wireless AG,self_serve,network_consultant,network_consulting,CH,sub_1GHozqUPsQVlQBEC4XXGcdrb
ch_3PIm6kWa4sPYIuP2reT8AdRE,2026-06-04 11:40:24,succeeded,1198.0,0.0,39.19,1158.81,card,,AMEZE8HM-0001,subscription_create,6_month,2,cus_jGdFOaUsMFXREO,Daniel Green,daniel.green@orbitgate-partners.example,Orbitgate Partners LLC,self_serve,it_lead,professional_services,US,sub_1Sje4yMT8IFhgXkqd1SyfOxS
ch_3vXTZRR56JyxYmvY6Q3YiQLL,2026-06-04 14:56:41,succeeded,599.0,0.0,9.23,589.77,card,,6ZTQ9324-0001,subscription_create,6_month,1,cus_56bBFERnfd3VKz,Mats Lindqvist,mats.lindqvist@vertexstream-foods.example,Vertexstream Foods ApS,self_serve,it_lead,food_beverage,DK,sub_1ipGKDNRKmpGqOlXFmnLFS8U
ch_3EXGJ1MlXbZUgiPVFG4lGHO5,2026-06-04 15:23:38,succeeded,1960.0,0.0,63.95,1896.05,card,,9TAVZJTB-0001,subscription_create,12_month,2,cus_zSr6xJ5ra08jb3,Olivia Wright,olivia.wright@westpath-retail-group.example,Westpath Retail Group LLC,self_serve,it_lead,retail,US,sub_1uNqruOG19zJPdclpRvg1pPR
ch_3nmYgn03bjqZu6cVPAn0evqV,2026-06-05 14:10:47,succeeded,599.0,0.0,19.72,579.28,card,,AJRY285O-0004,subscription_cycle,6_month,1,cus_zq3QWJcfeYkojl,Tom Thompson,tom.thompson@cedarview-foods.example,Cedarview Foods Inc.,self_serve,it_lead,food_beverage,CA,sub_1CQ4hB5JknyxUg3EUBZOTo9A
ch_3CgY2ItB6oZeOIRMhNzFbfeA,2026-06-05 16:35:37,succeeded,599.0,0.0,19.72,579.28,card,,DQF37FFB-0003,subscription_cycle,6_month,1,cus_PLT9fK373OCGjJ,Paul Baker,paul.baker@nordicpeak-warehousing.example,Nordicpeak Warehousing Inc.,self_serve,it_lead,logistics,CA,sub_1SgO59PDKDZW0s4kTW7jimkh
ch_32ar4SbA2mRinML3bjy2Dw5o,2026-06-05 17:18:39,succeeded,980.0,0.0,32.1,947.9,card,,QN75CMMK-0002,subscription_cycle,12_month,1,cus_jrGuIEBMzt2mps,Chris Murphy,chris.murphy@murphy-network-services.example,Murphy Network Services LLC,self_serve,network_consultant,network_consulting,US,sub_1tnqWF4PVqZUAOFwWhjR1UuU
ch_3zpj3ow58ynn5GuOFXVjEufq,2026-06-06 08:24:33,succeeded,599.0,0.0,19.72,579.28,card,,0M8S8R8M-0005,subscription_cycle,6_month,1,cus_VlESEbhwSehzu2,Jessica Young,jessica.young@mailbox.example,,self_serve,network_consultant,network_consulting,CA,sub_1bWxXyPgkhkh9XEyvjwCEWIA
ch_3PkVqkpyOIBZ8mnH51boJalp,2026-06-06 08:32:10,succeeded,980.0,0.0,32.1,947.9,card,,JT4QMA3C-0004,subscription_cycle,12_month,1,cus_A7C37YpvEvQiM6,John Moore,john.moore@orbitpoint-partners.example,Orbitpoint Partners LLC,self_serve,it_lead,professional_services,US,sub_1Y0nOS0tx0K3hZ7E0uskxKFw
ch_35IeftU0J1ZIJElIzrZMNDPP,2026-06-06 09:52:55,succeeded,980.0,0.0,14.95,965.05,card,,ZHMJCZGS-0001,subscription_create,12_month,1,cus_mKOBpinB4Gvz79,Camille Mercier,camille.mercier@beaconfield-rf-consulting.example,Beaconfield RF Consulting,self_serve,network_consultant,network_consulting,FR,sub_1Z4RkTJiGHFyeTy8zNLtyXLf
ch_3me6EQ9JIPH5ndkAd3wsaJSp,2026-06-06 19:15:27,succeeded,980.0,0.0,32.1,947.9,card,,JITA84UW-0006,subscription_cycle,12_month,1,cus_1e8ssIYt6if1np,Carlos Patel,carlos.patel@deltamark-rf-consulting.example,Deltamark RF Consulting LLC,self_serve,network_consultant,network_consulting,US,sub_1KvSSMVlFmDguHvcS1dfbEmA
ch_3MCg4cfnRNC1gJKOpK1hV4cz,2026-06-07 11:57:44,succeeded,980.0,0.0,14.95,965.05,card,,YBFDB4IU-0005,subscription_cycle,12_month,1,cus_aA17Q7Qi0lU6SJ,Magnus Olsen,magnus.olsen@ironcore-media.example,Ironcore Media,self_serve,it_lead,media,NO,sub_1cUQV6hn1LOF8s4SHT4tMBB0
ch_3yaoGGUmbhEBSZa8amEQ6zOp,2026-06-07 12:45:03,succeeded,980.0,0.0,32.1,947.9,card,,UCW7C2VY-0003,subscription_cycle,12_month,1,cus_P1MwTGDoZgQAbS,James Thompson,james.thompson@apexfield-media.example,Apexfield Media,self_serve,it_lead,media,US,sub_1wSzRAHyg59jNiRRgPyqwEyj
ch_3fAmrDd8NArJKJJtto29XUlZ,2026-06-08 10:18:01,succeeded,980.0,0.0,14.95,965.05,card,,GG0T8CV7-0001,subscription_create,12_month,1,cus_g7toLsspWVrcJM,Bas de Vries,bas.devries@mailbox.example,,self_serve,network_consultant,network_consulting,BE,sub_1NhvIxrU7GGPxjTcUf8u7PU7
ch_3kyb48Rm2V2BJShQNwBs3UHC,2026-06-08 14:58:48,succeeded,980.0,0.0,14.95,965.05,card,,TMWS54S4-0001,subscription_create,12_month,1,cus_xdAz54zkGqujXD,Magnus Lund,magnus.lund@summitpeak-systems-integration.example,Summitpeak Systems Integration AB,self_serve,head_of_wireless,it_services,SE,sub_1fxZOEIDtmP9yK00ZEnCbRdr
ch_3QFbOsWC6dh9HE4g10QvfG9U,2026-06-09 06:42:03,succeeded,599.0,0.0,5.14,593.86,sepa_debit,,0JZ5DRL0-0003,subscription_cycle,6_month,1,cus_ok3P6l88Vs8YQH,Juho Saarinen,juho.saarinen@mailbox.example,,self_serve,network_consultant,network_consulting,FI,sub_1jrLbvNhhGySMuLjxkaPe8kk
ch_3sbx0h3s75Ufw7sVM5NtAqGv,2026-06-09 12:49:34,succeeded,599.0,0.0,15.23,583.77,card,,FK6HB28U-0002,subscription_cycle,6_month,1,cus_wY1ph1Mz1x26Fo,Olivia Green,olivia.green@atlaswave-communications.example,Atlaswave Communications Ltd,self_serve,head_of_wireless,telecom,GB,sub_11lXmrNYWJUWe8PyrhDYOzTV
ch_3NhwEp571tEdCmlNhBd8Wysl,2026-06-09 14:24:02,succeeded,2940.0,0.0,95.8,2844.2,card,,AIXZNR3K-0001,subscription_create,12_month,3,cus_EPRPJ1DIIIGAO2,Kate Kelly,kate.kelly@balticpath-communications.example,Balticpath Communications,self_serve,head_of_wireless,telecom,AU,sub_1jbJmGm2trYDu2Xvqc54ZZYe
ch_3Kme1ffONwMY6FTkKN8d4KNr,2026-06-09 20:00:03,succeeded,1960.0,0.0,63.95,1896.05,card,,UVDFQWMK-0001,subscription_create,12_month,2,cus_dIv8YpudpzgzVD,Amanda Kim,amanda.kim@kim-wireless-consulting.example,Kim Wireless Consulting,self_serve,network_consultant,network_consulting,AU,sub_1LCCRNp2zc5b9WmSNESC62YZ
ch_3SBAJjUW0XYnMQJuRsecIs9u,2026-06-09 23:46:01,succeeded,599.0,0.0,19.72,579.28,card,,SKT12A43-0001,subscription_create,6_month,1,cus_Z8pFc7H8D7TnZX,Andrew Hall,andrew.hall@postbox.example,,self_serve,network_consultant,network_consulting,US,sub_1a6dg9FCQKfFO4j4w7eTayvt
ch_3m4dh5B7x15B6CVHL1pZxCfs,2026-06-11 16:11:16,succeeded,599.0,0.0,19.72,579.28,card,,UXKFQSO4-0002,subscription_cycle,6_month,1,cus_Su3iIXUyigdM6A,Eric Roberts,eric.roberts@northfield-wireless.example,Northfield Wireless Inc.,self_serve,network_consultant,network_consulting,CA,sub_1PPRSMpUsZkepPSRVDB5Hg5u
ch_32wcsgTJth4XyxCjcNpZZprA,2026-06-11 18:56:51,succeeded,2940.0,0.0,44.35,2895.65,card,,HWDND0MP-0002,subscription_cycle,12_month,3,cus_QBoaEjbaWcN6gY,Janne Järvinen,janne.jarvinen@cedarwave-wireless-engineering.example,Cedarwave Wireless Engineering Oy,self_serve,head_of_wireless,network_consulting,FI,sub_1KSCg6aGmIICYHvgqlPX7dah
py_3ODxXiqENYRk9IMRyLZXwYu5,2026-06-11 21:47:39,succeeded,1198.0,0.0,5.0,1193.0,bank_transfer,,LJLTQL9K-0001,subscription_create,6_month,2,cus_vE41caDXfQg1qY,Chris White,chris.white@harborcore-construction.example,Harborcore Construction LLC,self_serve,it_lead,construction,US,sub_14KCo1mrALQsUot7qCuVy2gn
ch_3vEZo4wBzPXiaZ7GdRCyIMyy,2026-06-12 09:03:10,succeeded,980.0,0.0,32.1,947.9,card,,IBEPBNQB-0001,subscription_create,12_month,1,cus_e2eBLDfvIE4z4R,Robert Miller,robert.miller@beaconlink-telecom.example,Beaconlink Telecom Inc.,self_serve,head_of_wireless,telecom,CA,sub_1UmPSvPU0Cx2g5u0sFryMTe6
ch_3pzZuq4l3MiGpzoXFGEGNhXX,2026-06-12 11:31:11,succeeded,980.0,0.0,14.95,965.05,card,,8KDGI6AO-0005,subscription_cycle,12_month,1,cus_fnfxOLbnVx0O4C,Ola Madsen,ola.madsen@signalbridge-rf-consulting.example,Signalbridge RF Consulting ApS,self_serve,network_consultant,network_consulting,DK,sub_144l6vk7sJTGer37DbEYS1ss
ch_38deA4Vnm5WnMYGREAOheFEf,2026-06-12 12:02:22,succeeded,1797.0,0.0,58.65,1738.35,card,,ZR0GV48O-0007,subscription_cycle,6_month,3,cus_cPdPcr6hYVLsv3,David Wright,david.wright@novawave-logistics.example,Novawave Logistics LLC,self_serve,it_lead,logistics,US,sub_10kkjsrlJ83uf3GqkdC1N1in
ch_3uOxmqotsoz1kb1mmMAHq7mG,2026-06-12 18:27:48,succeeded,980.0,0.0,14.95,965.05,card,,VDOD9JB0-0001,subscription_create,12_month,1,cus_aZGTlNpe9apLJq,Ingrid Pedersen,ingrid.pedersen@polarpoint-wi-fi-solutions.example,Polarpoint Wi-Fi Solutions AS,self_serve,network_consultant,network_consulting,NO,sub_1IyIwdmVVAdDWMpjP3Fg0vNc
ch_3dy6f4aBolbGjq98dBrjtjWI,2026-06-12 20:36:24,succeeded,599.0,0.0,19.72,579.28,card,,7K992GQE-0002,subscription_cycle,6_month,1,cus_R2LyIeHjnOsVUG,Matthias Hoffmann,matthias.hoffmann@blueview-rf-consulting.example,Blueview RF Consulting AG,self_serve,network_consultant,network_consulting,CH,sub_1uMlDsT7XwwiPHa7r7QtJnP2
ch_3v4NsrKLIqcRixRQuH3nbOAa,2026-06-14 14:59:04,succeeded,980.0,0.0,14.95,965.05,card,,KH4KF04N-0001,subscription_create,12_month,1,cus_RyHiWYSEeWh0ti,Henrik Hansen,henrik.hansen@weststream-wi-fi-solutions.example,Weststream Wi-Fi Solutions,self_serve,network_consultant,network_consulting,DK,sub_1v9ALD0Mv1vtE6URO97bzSg2
ch_3BNGz7crIbOuDQ7tFv860gJ2,2026-06-14 16:22:53,succeeded,980.0,0.0,32.1,947.9,card,,7UYJFO5J-0001,subscription_create,12_month,1,cus_Y6uToc1oqclztj,Ahmed Jackson,ahmed.jackson@lumengate-wi-fi-solutions.example,Lumengate Wi-Fi Solutions Inc.,self_serve,network_consultant,network_consulting,CA,sub_1tfnIRjbW2h9dw5CpIFPf1T0
ch_3edRfajlcCPkhHt50ESiTw7P,2026-06-15 08:11:27,succeeded,980.0,0.0,14.95,965.05,card,,Q7MQ3TQJ-0004,subscription_cycle,12_month,1,cus_C6dbozI9p6CbDJ,Matteo Ferrari,matteo.ferrari@nordicfield-wireless.example,Nordicfield Wireless S.r.l.,self_serve,network_consultant,network_consulting,IT,sub_19ldzhqjcfh9YhSTCq0WMJ8z
ch_3ejYyvRdc9UoWrhgawiUdMZk,2026-06-15 22:04:13,succeeded,1960.0,0.0,63.95,1896.05,card,,L612DYZL-0002,subscription_cycle,12_month,2,cus_bZQDML4EgN4liY,Chris Thomas,chris.thomas@lumenlink-media.example,Lumenlink Media LLC,self_serve,it_lead,media,US,sub_1LSdlZe968HaVaVTv6gxKiLh
ch_3O6kNvQsJNoRtyanAYXShiZm,2026-06-16 07:20:47,succeeded,1960.0,0.0,63.95,1896.05,card,,AU1E5TEC-0004,subscription_cycle,12_month,2,cus_qyujwRqBOyqScJ,Brian Kim,brian.kim@mailbox.example,,self_serve,network_consultant,network_consulting,CA,sub_1wXqrzuTHxJWYABxfuDVpRRJ
py_36RBdEWsoF8yCAfDWVt5nL1W,2026-06-16 14:12:19,succeeded,1797.0,0.0,5.0,1792.0,bank_transfer,,R6XQ55LJ-0002,subscription_cycle,6_month,3,cus_vxDes2kIX8UTiY,Kevin Patel,kevin.patel@stonefield-hotels.example,Stonefield Hotels LLC,self_serve,it_lead,hospitality,US,sub_1gvJVYoONdvqiBXwqlHe1MIn
ch_3QgKEJ5xxZPW3l8oC5DBPS73,2026-06-16 19:02:10,succeeded,1198.0,0.0,39.19,1158.81,card,,YJ0ZDXV3-0004,subscription_cycle,6_month,2,cus_yxsbPZy2a3D0tC,Paul Taylor,paul.taylor@aurorapeak-technology-group.example,Aurorapeak Technology Group LLC,self_serve,head_of_wireless,it_services,US,sub_1OC8GC2zxdCTq7i544ztdZ4C
ch_3dwiRtReWSrcYES0HEEhzvuA,2026-06-17 12:06:12,succeeded,980.0,980.0,32.1,947.9,card,,UEW6AQF4-0001,subscription_create,12_month,1,cus_iTdmGLctJxYb4x,Michael Kim,michael.kim@crestpoint-rf-consulting.example,Crestpoint RF Consulting Pty Ltd,self_serve,network_consultant,network_consulting,AU,sub_12iLkbHa3kWSYF2nhYODZFkm
ch_3EaAB8rZn4F0oeo2Yr6YKAEe,2026-06-17 15:41:33,succeeded,599.0,0.0,19.72,579.28,card,,D9Z2TMKB-0004,subscription_cycle,6_month,1,cus_KhstVaLZGlnKqj,Kevin Kelly,kevin.kelly@kelly-wireless-consulting.example,Kelly Wireless Consulting,self_serve,network_consultant,network_consulting,AU,sub_1pkE5l30Bn0ACwNaddlMNwC3
ch_3ooyXurj9ItasZ23qryztW2j,2026-06-17 15:49:01,succeeded,980.0,0.0,24.75,955.25,card,,DD9A3K1H-0003,subscription_cycle,12_month,1,cus_7XcLrz6r69LBKD,Megan Harris,megan.harris@vertexgate-logistics.example,Vertexgate Logistics Ltd,self_serve,it_lead,logistics,GB,sub_1V0b4O6c80lI7UJDuf9qFjch
ch_3hNmNHXeZd60X2I9q2efcI7w,2026-06-18 09:24:05,succeeded,980.0,0.0,14.95,965.05,card,,MVCTJ0T8-0001,subscription_create,12_month,1,cus_5vNCFWBLzuzOdI,Katharina Neumann,katharina.neumann@brightview-networks.example,Brightview Networks GmbH,self_serve,network_consultant,network_consulting,AT,sub_1T2Js4ab8ueorTt349a9gWHH
ch_3pOclmwPE81RmqchY7xESAvl,2026-06-18 14:56:47,succeeded,1960.0,0.0,29.65,1930.35,card,,0O3YCHIU-0003,subscription_cycle,12_month,2,cus_EcJtS5C6O6POUW,Lauri Turunen,lauri.turunen@harborworks-technology-group.example,Harborworks Technology Group Oy,self_serve,head_of_wireless,it_services,FI,sub_1jzmHcW7Kb1nCeeXH8GaD0Xg
ch_3748FsIUo1b6hMxVVn7JwB3Q,2026-06-18 19:16:46,failed,1198.0,0.0,,,card,card_declined,XKS5Q2WA-0001,subscription_create,6_month,2,cus_t2hmnTJseAloyH,Tom Johnson,tom.johnson@beaconstream-wireless.example,Beaconstream Wireless,self_serve,network_consultant,network_consulting,AU,sub_1EIcXdQTvs7XDAcuoZes9abA
ch_3Lp2QhBtjgBLa0l5jZr0L4WM,2026-06-18 19:20:47,succeeded,1198.0,0.0,39.19,1158.81,card,,XKS5Q2WA-0001,subscription_create,6_month,2,cus_t2hmnTJseAloyH,Tom Johnson,tom.johnson@beaconstream-wireless.example,Beaconstream Wireless,self_serve,network_consultant,network_consulting,AU,sub_1EIcXdQTvs7XDAcuoZes9abA
ch_350twdE1A236oTGxaBY4H3Pt,2026-06-18 20:43:25,succeeded,980.0,0.0,32.1,947.9,card,,DNT18UY0-0001,subscription_create,12_month,1,cus_QdNXfJF8Xx8czX,Amanda Parker,amanda.parker@nordicstream-communications.example,Nordicstream Communications LLC,self_serve,head_of_wireless,telecom,US,sub_1Gq2UMw1InfahgWOOJVfW1Ul
ch_3cgTc0xN7pJIWQJhnRWojjmT,2026-06-19 05:49:18,succeeded,980.0,0.0,32.1,947.9,card,,UPDHUNPW-0003,subscription_cycle,12_month,1,cus_REJQMgB96hqnEn,Eric Parker,eric.parker@parker-wireless-consulting.example,Parker Wireless Consulting LLC,self_serve,network_consultant,network_consulting,US,sub_12OPnwQTswoMwM7ahGTGwOiB
ch_364wj6YSfQHEsedwWyGgHYyC,2026-06-19 17:51:55,succeeded,1960.0,0.0,29.65,1930.35,card,,U61IEA0A-0001,subscription_create,12_month,2,cus_chPY2OEKGsdBfV,Laurent Fontaine,laurent.fontaine@westlink-technology-group.example,Westlink Technology Group SAS,self_serve,head_of_wireless,it_services,FR,sub_1vsIMMVYnT1q5KlfIkpWlN98
ch_3gEyG475o6gfMXSKeHX93WHz,2026-06-20 08:23:08,succeeded,599.0,0.0,9.23,589.77,card,,85NY9YSU-0003,subscription_cycle,6_month,1,cus_c6ZjB5bhx5HVjW,Juho Saarinen,juho.saarinen@saarinen-network-services.example,Saarinen Network Services Oy,self_serve,network_consultant,network_consulting,FI,sub_1Gk8mZ8bUW4rNszZyr0xp1za
ch_3t7aLLqBTIqytInZ3X1BunGJ,2026-06-20 10:45:29,succeeded,1797.0,0.0,58.65,1738.35,card,,UXJWIQUH-0006,subscription_cycle,6_month,3,cus_neV3dhZqEvMmwP,Olivia Walker,olivia.walker@ironfield-logistics.example,Ironfield Logistics LLC,self_serve,it_lead,logistics,US,sub_1SSIoJEzj02dVLeYvIVLjXZI
ch_363IC5jjumwAcLM9RWgwBx7e,2026-06-20 11:31:00,succeeded,1960.0,0.0,63.95,1896.05,card,,1B4QLRMY-0003,subscription_cycle,12_month,2,cus_WxWQ2kmxkYhdyn,Megan Murphy,megan.murphy@blueline-it-solutions.example,Blueline IT Solutions Inc.,self_serve,head_of_wireless,it_services,CA,sub_1B8rLyrBBfgUIGA8pDorf4c0
ch_3YUz1mD7DY53K7SG1lBWRryc,2026-06-21 10:52:03,succeeded,599.0,0.0,9.23,589.77,card,,LG5YF1NH-0001,subscription_create,6_month,1,cus_4Ia4b7E50Xlsz1,Maarten de Vries,maarten.devries@silverpath-rf-consulting.example,Silverpath RF Consulting,self_serve,network_consultant,network_consulting,NL,sub_1npzZg3PfmYkw1jui145X0BN
py_3nuYCO5RVXcpMhdG59PNVBs6,2026-06-21 15:45:18,succeeded,2940.0,0.0,5.0,2935.0,bank_transfer,,UL8M9YY1-0001,subscription_create,12_month,3,cus_WD4GDrp3H6ExCy,Emily King,emily.king@pinefield-systems-integration.example,Pinefield Systems Integration Pty Ltd,self_serve,head_of_wireless,it_services,AU,sub_1oIoGPHtGzPezmpXsNaxnbTy
ch_3dXh9NgUc9UNRHkDRS7QoD0x,2026-06-22 14:25:51,succeeded,599.0,0.0,5.14,593.86,sepa_debit,,3FP4NHXE-0001,subscription_create,6_month,1,cus_LEJYsuoxU1E95J,Markus Koch,markus.koch@greenbridge-media.example,Greenbridge Media GmbH,self_serve,it_lead,media,DE,sub_1tgXgslJ06lehVOYhxr7lslo
ch_3tyuklHYZIVVoaP8kXJFrdja,2026-06-23 06:45:08,succeeded,980.0,0.0,14.95,965.05,card,,YN6CJ7ZO-0002,subscription_cycle,12_month,1,cus_CyrUbwKR6jSgP1,Bjørn Lund,bjorn.lund@graniteport-networks.example,Graniteport Networks ApS,self_serve,network_consultant,network_consulting,DK,sub_1s20ULpnHNdB4fjWJ5YxxuRl
ch_35INfGXsRdomVeUIgawzJ3jO,2026-06-23 09:38:18,succeeded,980.0,0.0,32.1,947.9,card,,8EC79UL6-0001,subscription_create,12_month,1,cus_iweWQQ0r3pfF5J,Jan Müller,jan.muller@postbox.example,,self_serve,network_consultant,network_consulting,CH,sub_1vdqVhI7hUWTwkOUAos4Juh8
ch_30MB6pP4qF2RFHgoMgz5gNex,2026-06-23 10:03:00,succeeded,2940.0,0.0,44.35,2895.65,card,,RTWYGPYC-0002,subscription_cycle,12_month,3,cus_kjiGAIMp5dSwvk,Dirk Schmidt,dirk.schmidt@alpinestream-wireless.example,Alpinestream Wireless,self_serve,network_consultant,network_consulting,DE,sub_1pBxLaWkbgl0z2Qt3NZ86pR3
py_3wSzBYYKcRWULT3BB0MJMaAb,2026-06-23 15:58:07,succeeded,70000.0,0.0,5.0,69995.0,bank_transfer,,1IK2VR24-0001,subscription_create,enterprise,1,cus_ZFduike4YH50Tg,Lakeshore Community College District,accounts.payable@lakeshore-community-college-district.example,Lakeshore Community College District,enterprise,,university,US,sub_1ztR8lMfUy5lMYML4t9gfK53
ch_30s0LSmDhimOsIyDbhkiX8WY,2026-06-23 16:12:00,failed,1960.0,0.0,,,card,expired_card,LEVEM3VG-0003,subscription_cycle,12_month,2,cus_SdmDdeczbRjiLE,James Johnson,james.johnson@clearpeak-schools.example,Clearpeak Schools LLC,self_serve,it_lead,education,US,sub_19A8LEWNJjC2eBKWawMmoaHi
ch_36JIugZt5aV7cuiYnqBX8BKS,2026-06-23 16:53:53,succeeded,599.0,0.0,19.72,579.28,card,,KJOWNPD6-0002,subscription_cycle,6_month,1,cus_IKI5MkTgZaHXCy,Daniel Anderson,daniel.anderson@auroraline-wireless.example,Auroraline Wireless,self_serve,network_consultant,network_consulting,US,sub_14tBtQPeX2TPEFOCf6w0GNo2
ch_3MTPxwqI4ITV5SGMB8QXlUEW,2026-06-23 20:23:55,succeeded,599.0,0.0,19.72,579.28,card,,5GXYH241-0002,subscription_cycle,6_month,1,cus_12zDvesDal3Vl2,Wei Scott,wei.scott@cedarlink-rf-consulting.example,Cedarlink RF Consulting LLC,self_serve,network_consultant,network_consulting,US,sub_1FSnr0U2YmvFVxUVAniApovb
ch_3aWDfJOCcIVOlYhB69aH7oDI,2026-06-24 12:20:41,succeeded,980.0,0.0,32.1,947.9,card,,8BOWGF2K-0001,subscription_create,12_month,1,cus_DsouqUxMe3psJr,Daniel Nelson,daniel.nelson@beaconstream-wireless.example,Beaconstream Wireless Inc.,self_serve,network_consultant,network_consulting,CA,sub_1ujIIff8ud5qv0Z7zg3eryKG
ch_3k4eQKx17UJiwoihD5p8Ac90,2026-06-24 14:45:22,succeeded,599.0,0.0,9.23,589.77,card,,L8ABF3M6-0002,subscription_cycle,6_month,1,cus_k48s9MRv0IEXHN,Claire Mercier,claire.mercier@alpinemark-systems-integration.example,Alpinemark Systems Integration,self_serve,head_of_wireless,it_services,FR,sub_10RJgXVIGxuBsbhD6GuC2lcM
ch_3YHulxmdcouaFv5IEAdFJS2U,2026-06-24 15:08:57,succeeded,599.0,0.0,19.72,579.28,card,,KSO6ZL9F-0002,subscription_cycle,6_month,1,cus_RJOPrnpeyOAAvE,Andrew Jackson,andrew.jackson@jackson-wireless-consulting.example,Jackson Wireless Consulting Pty Ltd,self_serve,network_consultant,network_consulting,AU,sub_1sHY9qVjyfoURlhk5sjFILSe
ch_3WrgBwm5SSp1cqJA1NiuWyUx,2026-06-25 05:56:36,succeeded,980.0,0.0,14.95,965.05,card,,5PT36EZ2-0001,subscription_create,12_month,1,cus_dsxCngty4PHNDn,Sabine Richter,sabine.richter@novafield-partners.example,Novafield Partners GmbH,self_serve,it_lead,professional_services,AT,sub_1RxNW4hUu5Ut4SORA1iiRM0D
ch_3DmN7B1kaNwpMupedBvRtml9,2026-06-25 06:01:09,succeeded,980.0,0.0,14.95,965.05,card,,G2E3BGD1-0004,subscription_cycle,12_month,1,cus_TksqZm7RA9orV6,Christian Weber,christian.weber@brightfield-clinics.example,Brightfield Clinics GmbH,self_serve,it_lead,healthcare,DE,sub_17BDsyASfzaXL2P0YVYemTyX
ch_3l0mDeEez83B7SrSZoGuNvqd,2026-06-25 09:28:15,succeeded,2940.0,0.0,95.8,2844.2,card,,KPIQWAMK-0001,subscription_create,12_month,3,cus_FD1WW9aHnyZPJL,Matt Phillips,matt.phillips@inbox.example,,self_serve,network_consultant,network_consulting,US,sub_1fVDfqJElyUgFVnnypCMVH6y
py_33624gZ3cRjRgaKgNbGECGdO,2026-06-25 15:51:05,succeeded,2396.0,0.0,5.0,2391.0,bank_transfer,,FAU3RV4Y-0005,subscription_cycle,6_month,4,cus_5DBNpEQ1CzIUwD,Andrea Bianchi,andrea.bianchi@silverfield-warehousing.example,Silverfield Warehousing S.r.l.,self_serve,it_lead,logistics,IT,sub_1U8Z6Fh843I7Ugtt3Hi4jplu
ch_3vMwl3TvGtLDjXkTA0XuvZIC,2026-06-25 23:23:38,succeeded,599.0,0.0,19.72,579.28,card,,RLE8LH7A-0004,subscription_cycle,6_month,1,cus_yqF5m5PYyQexXT,Ryan Jackson,ryan.jackson@jackson-network-services.example,Jackson Network Services,self_serve,network_consultant,network_consulting,US,sub_1JLeJbSsC83pSQIBNWSjDmiR
ch_3jo59kG9aM9svFy372PcCTeJ,2026-06-26 11:06:18,failed,599.0,0.0,,,card,card_declined,TWJ0RSE7-0002,subscription_cycle,6_month,1,cus_Y6qU71znvMM9FX,Olivia King,olivia.king@nordicport-properties.example,Nordicport Properties,self_serve,it_lead,real_estate,GB,sub_1UKW7oUGjpBBMn8cauEBBbyO
ch_3sy0wJDa8B7bTbb0ewXKlbYS,2026-06-26 13:29:41,succeeded,2940.0,0.0,95.8,2844.2,card,,U9IDNKPM-0003,subscription_cycle,12_month,3,cus_VVNTaBJjLJVxEW,James Edwards,james.edwards@nordicpeak-media.example,Nordicpeak Media LLC,self_serve,it_lead,media,US,sub_1xEGmR8cslTUU9vMWPnRKozT
ch_3ChJdlLjeFWkQnAgk1gsAMWw,2026-06-26 13:56:57,succeeded,980.0,0.0,32.1,947.9,card,,36L0GIIS-0003,subscription_cycle,12_month,1,cus_exAvYfTWrXOSN2,Paul Clark,paul.clark@balticcore-it-solutions.example,Balticcore IT Solutions LLC,self_serve,head_of_wireless,it_services,US,sub_1gca9w7zwIcdjYrH5JrdT6nL
ch_3yK2cUuxzqepOC6Ec5DhgmXp,2026-06-26 16:25:00,succeeded,1960.0,0.0,63.95,1896.05,card,,LEVEM3VG-0003,subscription_cycle,12_month,2,cus_SdmDdeczbRjiLE,James Johnson,james.johnson@clearpeak-schools.example,Clearpeak Schools LLC,self_serve,it_lead,education,US,sub_19A8LEWNJjC2eBKWawMmoaHi
ch_3bvCRBoBTMuNlhtOXEkZvqjX,2026-06-27 12:19:17,succeeded,980.0,0.0,6.35,973.65,sepa_debit,,R7KG0D2G-0001,subscription_create,12_month,1,cus_SHEj7f5sOAV6jI,Koen Bakker,koen.bakker@maplewave-technology-group.example,Maplewave Technology Group BV,self_serve,head_of_wireless,it_services,BE,sub_10Zmn0sSR1HWJQZAjtNPPTxP
ch_3HjDSXa4egFzkBiJMTzxt1CB,2026-06-27 15:56:22,succeeded,980.0,0.0,6.35,973.65,sepa_debit,,CWVP79PW-0003,subscription_cycle,12_month,1,cus_HFKhendynLFl16,Camille Lambert,camille.lambert@deltalink-rf-consulting.example,Deltalink RF Consulting SAS,self_serve,network_consultant,network_consulting,FR,sub_1TRRk6Nxxt9QmVhPLhw8FrMs
ch_3NrKO8OIV8ZE11QNFNzn9BT4,2026-06-27 21:59:58,failed,980.0,0.0,,,card,expired_card,6PSDUHMC-0004,subscription_cycle,12_month,1,cus_0ZMn5COuAvReGm,Pierre Bernard,pierre.bernard@alpinemark-networks.example,Alpinemark Networks SAS,self_serve,network_consultant,network_consulting,FR,sub_1cvia2GUjI7mhEruv85Tpg5y
ch_3AS3pdAKHcd4TfD5sxrWquOW,2026-06-27 23:38:16,failed,980.0,0.0,,,card,card_declined,O1KQN62B-0002,subscription_cycle,12_month,1,cus_aBaxskl4DFrRis,Jessica Young,jessica.young@postbox.example,,self_serve,network_consultant,network_consulting,GB,sub_1zdclsuh0xv09iDc9wSqljhv
ch_3gN69WxeLVgDUIhMKXhwk4pH,2026-06-28 15:30:39,succeeded,2940.0,0.0,44.35,2895.65,card,,LCS2F46P-0003,subscription_cycle,12_month,3,cus_95qA5JKVmHRpCD,Nils Dahl,nils.dahl@dahl-wireless-consulting.example,Dahl Wireless Consulting AB,self_serve,network_consultant,network_consulting,SE,sub_1tMroj5urUF0gxkpzeBFuvAA
ch_3Xx8tv4bOuG83adVbh3dd1NG,2026-06-29 03:38:21,succeeded,1960.0,0.0,29.65,1930.35,card,,K9F5P927-0004,subscription_cycle,12_month,2,cus_2LO7RTqnZGBnrB,Lauri Virtanen,lauri.virtanen@signalpoint-rf-consulting.example,Signalpoint RF Consulting,self_serve,network_consultant,network_consulting,FI,sub_1Oaa3fuuqUPvkZX78rdzpCXc
ch_3RLWXUnx0cjkr2b08bcMh56M,2026-06-29 10:26:48,succeeded,599.0,0.0,9.23,589.77,card,,953U8EH0-0001,subscription_create,6_month,1,cus_yCT5VQ0rbZaIdi,Jeroen Jansen,jeroen.jansen@greenpath-wi-fi-solutions.example,Greenpath Wi-Fi Solutions B.V.,self_serve,network_consultant,network_consulting,NL,sub_1yvp1ICkgStaGwWTeIL7KOya
ch_3069615MRsfobRbdy5T2GyRS,2026-06-29 10:53:22,succeeded,980.0,0.0,32.1,947.9,card,,YZJT7SOJ-0001,subscription_create,12_month,1,cus_GU3yXZ7GK0icHv,Raj Wright,raj.wright@nordicfield-foods.example,Nordicfield Foods,self_serve,it_lead,food_beverage,US,sub_1sw8zXwus5qExh0sVXM14rhJ
ch_3FbazGFLai0xH6vz0VLDdbfA,2026-06-29 11:50:18,succeeded,599.0,0.0,15.23,583.77,card,,TWJ0RSE7-0002,subscription_cycle,6_month,1,cus_Y6qU71znvMM9FX,Olivia King,olivia.king@nordicport-properties.example,Nordicport Properties,self_serve,it_lead,real_estate,GB,sub_1UKW7oUGjpBBMn8cauEBBbyO
ch_38prmEt7bjlliXPFMLrDIQgp,2026-06-29 15:25:08,succeeded,1960.0,0.0,29.65,1930.35,card,,Y1N697YP-0001,subscription_create,12_month,2,cus_UUnDrR6YHHcKGS,Timo Salminen,timo.salminen@alpinecore-telecom.example,Alpinecore Telecom,self_serve,head_of_wireless,telecom,FI,sub_1f9q2hvUrwYB2iBHH4fymby9
ch_3OiQlo3LZqNoQVpwWZSgTGVI,2026-06-29 19:23:32,succeeded,599.0,0.0,19.72,579.28,card,,AIXD4Z86-0002,subscription_cycle,6_month,1,cus_HTIkFAEwDxIExB,Andrew King,andrew.king@cedarworks-media.example,Cedarworks Media,self_serve,it_lead,media,US,sub_1i7kQpR3Iv5SeXVtI0OL4tDl
ch_3xsOZdN5euBR2ebMkzOayuHU,2026-06-30 18:30:00,succeeded,980.0,0.0,32.1,947.9,card,,WLB98SC9-0002,subscription_cycle,12_month,1,cus_t7eBFW9QNzrFof,Nicole Collins,nicole.collins@clearpoint-wireless.example,Clearpoint Wireless,self_serve,network_consultant,network_consulting,US,sub_1KR07Va02NouuIs2V3vmlySL
ch_3dDljpvJV2agNau0Y0gyJk9M,2026-06-30 19:09:34,succeeded,980.0,0.0,32.1,947.9,card,,XIMXUXS7-0001,subscription_create,12_month,1,cus_6XJY6BXbZBpJJq,Michael Baker,michael.baker@ironbridge-wireless-engineering.example,Ironbridge Wireless Engineering,self_serve,head_of_wireless,network_consulting,AU,sub_19kpSTD3i3pEmxknXWLykmvB
ch_3empXP5hylsEWtYgOLJZc2Mp,2026-06-30 23:00:58,failed,980.0,0.0,,,card,expired_card,6PSDUHMC-0004,subscription_cycle,12_month,1,cus_0ZMn5COuAvReGm,Pierre Bernard,pierre.bernard@alpinemark-networks.example,Alpinemark Networks SAS,self_serve,network_consultant,network_consulting,FR,sub_1cvia2GUjI7mhEruv85Tpg5y
ch_3U7WKm8EHPnXzLxsNW3w4MZj,2026-06-30 23:53:16,succeeded,980.0,0.0,24.75,955.25,card,,O1KQN62B-0002,subscription_cycle,12_month,1,cus_aBaxskl4DFrRis,Jessica Young,jessica.young@postbox.example,,self_serve,network_consultant,network_consulting,GB,sub_1zdclsuh0xv09iDc9wSqljhv
ch_3eBkqM7toDhroV03p3M4KmkQ,2026-07-01 08:23:00,failed,599.0,0.0,,,card,card_declined,31FU63FU-0003,subscription_cycle,6_month,1,cus_F0iJGOBhEglZS0,Luca Greco,luca.greco@clearline-communications.example,Clearline Communications,self_serve,head_of_wireless,telecom,IT,sub_1ae4vBD6qsEpakmBTBQMdNR8
ch_3uWCfNGwVJlc4lH9xuogBwIr,2026-07-01 14:59:07,succeeded,1960.0,0.0,63.95,1896.05,card,,CQ80XYOU-0003,subscription_cycle,12_month,2,cus_yUIBwTxDzkOq6l,Eric Phillips,eric.phillips@pinestream-properties.example,Pinestream Properties,self_serve,it_lead,real_estate,US,sub_1bykG1GHJ1VDftogleGAPouf
ch_3ZzQmFPoIxWb5p30Hu8T5z0u,2026-07-01 16:23:01,succeeded,980.0,980.0,32.1,947.9,card,,BEKO0ZMW-0001,subscription_create,12_month,1,cus_nG0WjHSSRgdbtG,Tom Edwards,tom.edwards@bluegate-hotels.example,Bluegate Hotels LLC,self_serve,it_lead,hospitality,US,sub_14rJojeXZPauE9zQSS7C3poJ
ch_34O1cYs87iAJPTcI3HgqBhrp,2026-07-02 15:29:05,failed,599.0,0.0,,,card,card_declined,GZP51B62-0001,subscription_create,6_month,1,cus_tGTLs7edXqGeOi,Ruben Bakker,ruben.bakker@inbox.example,,self_serve,network_consultant,network_consulting,NL,sub_17TVLXnyfkZWso3CazbBOYNp
ch_3ZPKFUVyXZYMv2z0LYf4uuj4,2026-07-02 15:35:05,succeeded,599.0,0.0,9.23,589.77,card,,GZP51B62-0001,subscription_create,6_month,1,cus_tGTLs7edXqGeOi,Ruben Bakker,ruben.bakker@inbox.example,,self_serve,network_consultant,network_consulting,NL,sub_17TVLXnyfkZWso3CazbBOYNp
py_319NG7YI1LWn7zKiytl5oP3K,2026-07-02 19:20:07,succeeded,1960.0,0.0,5.0,1955.0,bank_transfer,,VQUH48MI-0004,subscription_cycle,12_month,2,cus_62kXi7NRABVmQR,Nicole Mitchell,nicole.mitchell@apexworks-partners.example,Apexworks Partners,self_serve,it_lead,professional_services,US,sub_11Dn1JMQ3QVjLm9zpYgRMmzF
ch_3wCCMiMUFzyMTA18U2gBM4K9,2026-07-03 08:38:38,succeeded,599.0,0.0,19.72,579.28,card,,B2THV4KZ-0001,subscription_create,6_month,1,cus_BrtVHJv6V5Csc7,Sarah Davis,sarah.davis@harborfield-retail-group.example,Harborfield Retail Group LLC,self_serve,it_lead,retail,US,sub_1RRmhSEwGxTRRRoNeKAUznSY
py_36PiykaWg4yTD7hnyMp3o1D8,2026-07-03 18:41:01,succeeded,1198.0,0.0,5.0,1193.0,bank_transfer,,RL1U0AMD-0005,subscription_cycle,6_month,2,cus_tmfo2DOKPpEe7e,Ryan White,ryan.white@clearbridge-schools.example,Clearbridge Schools LLC,self_serve,it_lead,education,US,sub_19dCnD5t6c1tKhKMEnqadpR3
ch_3Bs4lOVKFQ068GGseytNedHv,2026-07-03 18:42:54,succeeded,980.0,0.0,14.95,965.05,card,,5TW7XOMI-0001,subscription_create,12_month,1,cus_v7PaRwRWcSLbEY,Andreas Schulz,andreas.schulz@alpinewave-systems-integration.example,Alpinewave Systems Integration,self_serve,head_of_wireless,it_services,DE,sub_1JC9wzXahlfwbIvhfhxnQFO7
ch_3jwhCsp6MNwJjcIBkrZGZkwZ,2026-07-04 09:06:00,failed,599.0,0.0,,,card,card_declined,31FU63FU-0003,subscription_cycle,6_month,1,cus_F0iJGOBhEglZS0,Luca Greco,luca.greco@clearline-communications.example,Clearline Communications,self_serve,head_of_wireless,telecom,IT,sub_1ae4vBD6qsEpakmBTBQMdNR8
ch_3wdynmFAYkCh7EOnBubgGOMx,2026-07-04 12:42:25,succeeded,980.0,0.0,14.95,965.05,card,,DGF2JSAF-0002,subscription_cycle,12_month,1,cus_nc3m9tgtlcgT8r,Katharina Neumann,katharina.neumann@cedarpeak-wi-fi-solutions.example,Cedarpeak Wi-Fi Solutions GmbH,self_serve,network_consultant,network_consulting,DE,sub_1sJBMkV3hrxKzkex0C5it39S
ch_3OFKaOmjuCe2j3iXE4VMjbRF,2026-07-04 16:11:27,failed,980.0,0.0,,,card,card_declined,3JIVA8CJ-0004,subscription_cycle,12_month,1,cus_mFyGD5Hk3uSY2W,Florian Krüger,florian.kruger@alpinelink-foods.example,Alpinelink Foods GmbH,self_serve,it_lead,food_beverage,DE,sub_1yvKUBkw6yBpKNkX60hu2LRF
ch_3a17b0oecYLckaeB7SZnIcFd,2026-07-05 11:41:29,succeeded,2940.0,0.0,44.35,2895.65,card,,HREV3838-0002,subscription_cycle,12_month,3,cus_1PNShRN7XP7pjc,Johan Nilsson,johan.nilsson@brightpeak-systems-integration.example,Brightpeak Systems Integration,self_serve,head_of_wireless,it_services,SE,sub_1Eg1zGnQfjnUy54ZQTfPwBIT
ch_3VbkwYxPtDUM4hhkuImIm670,2026-07-05 23:06:58,succeeded,980.0,0.0,14.95,965.05,card,,6PSDUHMC-0004,subscription_cycle,12_month,1,cus_0ZMn5COuAvReGm,Pierre Bernard,pierre.bernard@alpinemark-networks.example,Alpinemark Networks SAS,self_serve,network_consultant,network_consulting,FR,sub_1cvia2GUjI7mhEruv85Tpg5y
ch_3F8jipBguO4xlbxpao5f65Ic,2026-07-06 09:40:41,succeeded,980.0,0.0,14.95,965.05,card,,F2TQ24JN-0005,subscription_cycle,12_month,1,cus_3acmQMUVrGOzx9,Ville Korhonen,ville.korhonen@balticcore-wi-fi-solutions.example,Balticcore Wi-Fi Solutions Oy,self_serve,network_consultant,network_consulting,FI,sub_1rAQUPaD1NzgoRgp4BEtJRnh
ch_3h4QodnyRpvIuejKDsdB08Ec,2026-07-06 18:31:12,failed,1198.0,0.0,,,card,expired_card,7K2LWH06-0005,subscription_cycle,6_month,2,cus_uYyaSLAXEmc67n,Mark Parker,mark.parker@auroralink-warehousing.example,Auroralink Warehousing,self_serve,it_lead,logistics,US,sub_1tGA1H7jCatgfPfqOGXRHVli
ch_3Edkk5Bp67yhxoTTMBltCOJc,2026-07-07 14:26:22,succeeded,599.0,0.0,9.23,589.77,card,,ZKKMS0O5-0001,subscription_create,6_month,1,cus_OAgdtNYsIt3YKq,David Nguyen,david.nguyen@nguyen-network-services.example,Nguyen Network Services,self_serve,network_consultant,network_consulting,IE,sub_1696pTeD5VOuJ76MOt37csKc
ch_31V0JUcRNgFisA83DMXU7TdK,2026-07-07 14:26:51,succeeded,980.0,0.0,6.35,973.65,sepa_debit,,OA330N19-0006,subscription_cycle,12_month,1,cus_CPm7KWElG7IU54,Ville Lehtonen,ville.lehtonen@westcore-wi-fi-solutions.example,Westcore Wi-Fi Solutions Oy,self_serve,network_consultant,network_consulting,FI,sub_1ozHJ9AlIiEGBlecPnDJJats
ch_3Tb2e1ZXyur85toDX7fEA8RR,2026-07-07 16:51:27,failed,980.0,0.0,,,card,card_declined,3JIVA8CJ-0004,subscription_cycle,12_month,1,cus_mFyGD5Hk3uSY2W,Florian Krüger,florian.kruger@alpinelink-foods.example,Alpinelink Foods GmbH,self_serve,it_lead,food_beverage,DE,sub_1yvKUBkw6yBpKNkX60hu2LRF
ch_302ELv2RPwoZNBVenUUicbVH,2026-07-08 16:31:46,succeeded,980.0,0.0,14.95,965.05,card,,D5DRQ3WX-0002,subscription_cycle,12_month,1,cus_kWwsfyFPpcn4QL,Magnus Lindqvist,magnus.lindqvist@greengate-rf-consulting.example,Greengate RF Consulting AS,self_serve,network_consultant,network_consulting,NO,sub_1QoRC0nS8y9SjovmRJz4FzJu
ch_3RsKktRdU951e3WZL57DYz9R,2026-07-08 16:48:38,succeeded,599.0,0.0,9.23,589.77,card,,ICYVH4NF-0001,subscription_create,6_month,1,cus_lBqqNA9aND7P60,Sander Meijer,sander.meijer@novalink-media.example,Novalink Media B.V.,self_serve,it_lead,media,NL,sub_1eYZSZymxjK9AMuleMyo5JTo
ch_3KE0nO0wAnlKvoleBB9Evwum,2026-07-09 08:26:28,succeeded,980.0,0.0,14.95,965.05,card,,VLF3PEX8-0001,subscription_create,12_month,1,cus_stf2bsFjTi1jJ2,Jan Wolf,jan.wolf@ironpath-technology-group.example,Ironpath Technology Group GmbH,self_serve,head_of_wireless,it_services,AT,sub_161Pcyj8AQ6RE5KTOUmaa1yC
ch_3ZrbirxVo4oIpqTn3q0YTMYM,2026-07-09 09:13:00,succeeded,599.0,0.0,9.23,589.77,card,,31FU63FU-0003,subscription_cycle,6_month,1,cus_F0iJGOBhEglZS0,Luca Greco,luca.greco@clearline-communications.example,Clearline Communications,self_serve,head_of_wireless,telecom,IT,sub_1ae4vBD6qsEpakmBTBQMdNR8
py_3hqwO5M1ySX9Uis6WcCEGFOF,2026-07-09 12:25:04,succeeded,2940.0,0.0,5.0,2935.0,bank_transfer,,1N10Z9HD-0002,subscription_cycle,12_month,3,cus_2aW1c8mjq9BbUz,Frida Nilsson,frida.nilsson@vertexcore-telecom.example,Vertexcore Telecom,self_serve,head_of_wireless,telecom,NO,sub_12GXBUi30A2CxiBdP9YdQyL2
ch_3yYE0Ak7VjaDfWhu6QwVst8c,2026-07-09 12:28:40,succeeded,599.0,0.0,19.72,579.28,card,,AL06PLTL-0002,subscription_cycle,6_month,1,cus_aDzVN7m0eqUB3g,Ryan Williams,ryan.williams@polarview-networks.example,Polarview Networks,self_serve,network_consultant,network_consulting,US,sub_138TgcWEzehiQNH9bNVqT70g
ch_3HAVhAbxCE8HWWQmtc3FvWUq,2026-07-09 19:17:12,failed,1198.0,0.0,,,card,expired_card,7K2LWH06-0005,subscription_cycle,6_month,2,cus_uYyaSLAXEmc67n,Mark Parker,mark.parker@auroralink-warehousing.example,Auroralink Warehousing,self_serve,it_lead,logistics,US,sub_1tGA1H7jCatgfPfqOGXRHVli
ch_3YJZYZ3efZUfF9TPr1u6YEB6,2026-07-10 12:37:27,succeeded,599.0,0.0,19.72,579.28,card,,AITLG0E5-0003,subscription_cycle,6_month,1,cus_bxem6hkyMXtv5Y,Emily Nguyen,emily.nguyen@balticbridge-schools.example,Balticbridge Schools,self_serve,it_lead,education,US,sub_1bS2lvhAiPSYuSHIRRprBl5R
ch_3fGi1rhE0MIALXkopc5AcmB3,2026-07-10 13:54:14,succeeded,980.0,0.0,32.1,947.9,card,,9J0OZXS3-0001,subscription_create,12_month,1,cus_lqyoqXwRSVPMoX,John Walker,john.walker@walker-wireless-consulting.example,Walker Wireless Consulting,self_serve,network_consultant,network_consulting,CA,sub_1KZyi75lWETrFagKb31KNaLU
ch_3BNN8twZsvEXo7vJDGcYYDvi,2026-07-11 06:52:30,succeeded,599.0,0.0,15.23,583.77,card,,6EAE0CIY-0002,subscription_cycle,6_month,1,cus_uTWcgJ54QN7joY,Olivia Parker,olivia.parker@parker-wireless-consulting.example,Parker Wireless Consulting Ltd,self_serve,network_consultant,network_consulting,GB,sub_1jHKJEeGFq7TVqo15TF2Edjc
ch_3wjLjJ5JpaDtYJeMHsLFwgVB,2026-07-11 14:18:15,succeeded,1960.0,0.0,63.95,1896.05,card,,NF46JGNX-0003,subscription_cycle,12_month,2,cus_m1TTeddE2cxtk4,Raj Lewis,raj.lewis@clearwave-systems-integration.example,Clearwave Systems Integration LLC,self_serve,head_of_wireless,it_services,US,sub_1IdG2nsgM3ctmyUg9CR8E61R
ch_3nw5EDlxItR8QUkKnDVKFyjg,2026-07-12 12:57:41,succeeded,599.0,0.0,19.72,579.28,card,,Z4045M5V-0002,subscription_cycle,6_month,1,cus_15XEzRFLLl13xS,Priya King,priya.king@stonecore-rf-consulting.example,Stonecore RF Consulting Inc.,self_serve,network_consultant,network_consulting,CA,sub_1qVK0qerq7fmPI5yHSOhJs6d
ch_3JRCyeQYBOsT2xM1iR0wGWzQ,2026-07-12 16:58:11,succeeded,980.0,0.0,32.1,947.9,card,,888SK9DK-0002,subscription_cycle,12_month,1,cus_csRyOKiZ9w1yXH,David Martin,david.martin@martin-network-services.example,Martin Network Services LLC,self_serve,network_consultant,network_consulting,US,sub_17LqzmXT4GVmEp35vmIOZ2Lk
ch_3xzOGbr4ExUiPh50PYOajjI9,2026-07-12 17:41:27,succeeded,980.0,0.0,14.95,965.05,card,,3JIVA8CJ-0004,subscription_cycle,12_month,1,cus_mFyGD5Hk3uSY2W,Florian Krüger,florian.kruger@alpinelink-foods.example,Alpinelink Foods GmbH,self_serve,it_lead,food_beverage,DE,sub_1yvKUBkw6yBpKNkX60hu2LRF
ch_3AGy1BTW4L81BVhPyvtynFNt,2026-07-13 07:58:01,succeeded,980.0,0.0,14.95,965.05,card,,2903MLSR-0001,subscription_create,12_month,1,cus_Zq9PMIqhqQPn5q,Megan Kim,megan.kim@polarport-networks.example,Polarport Networks Ltd,self_serve,network_consultant,network_consulting,IE,sub_10tQJR4xwyodbt2xn0vMYggJ
ch_3k9wJW0DIO3v0XEZEtvtkBJB,2026-07-13 11:20:32,succeeded,599.0,0.0,9.23,589.77,card,,YWBXCG9W-0001,subscription_create,6_month,1,cus_OEJ4JW5RlNgijH,Sanna Heikkinen,sanna.heikkinen@heikkinen-network-services.example,Heikkinen Network Services Oy,self_serve,network_consultant,network_consulting,FI,sub_10UDGcg4kHZeWPIOSZ9dRO8G
ch_35ypUCASsObjtL5MwQ0Y3y7d,2026-07-13 15:20:26,succeeded,2940.0,0.0,95.8,2844.2,card,,6N66FR0R-0004,subscription_cycle,12_month,3,cus_E4bTB3oUPwl7Jp,Rachel Baker,rachel.baker@harborview-wireless-engineering.example,Harborview Wireless Engineering,self_serve,head_of_wireless,network_consulting,US,sub_1DGHQhC5glIg1b416R2DJsg8
ch_3aCUmo2fGEDzN8aKNGXHoFf2,2026-07-14 12:16:42,succeeded,599.0,0.0,9.23,589.77,card,,FTSCLJ3F-0002,subscription_cycle,6_month,1,cus_uaToPDZjPgMe27,Ingrid Pedersen,ingrid.pedersen@pedersen-wireless-consulting.example,Pedersen Wireless Consulting AB,self_serve,network_consultant,network_consulting,SE,sub_1IsUGGv3ADlpKSpBLseUICSa
ch_3LMeB9cI29j9eC2U4ErcwdV8,2026-07-14 18:42:12,succeeded,1198.0,0.0,39.19,1158.81,card,,7K2LWH06-0005,subscription_cycle,6_month,2,cus_uYyaSLAXEmc67n,Mark Parker,mark.parker@auroralink-warehousing.example,Auroralink Warehousing,self_serve,it_lead,logistics,US,sub_1tGA1H7jCatgfPfqOGXRHVli
ch_3o7JCG6osj6VsI8rVDu4EK9w,2026-07-15 13:07:39,succeeded,599.0,0.0,9.23,589.77,card,,T23DC7HM-0003,subscription_cycle,6_month,1,cus_1aAHnApvC4KvAl,Guillaume Lambert,guillaume.lambert@pinepeak-wi-fi-solutions.example,Pinepeak Wi-Fi Solutions SAS,self_serve,network_consultant,network_consulting,FR,sub_1gnwmdQROQXBR69ycvh0oU52
ch_3Vi0CaBmLOgNcoVfJCMDARpi,2026-07-15 16:28:50,succeeded,1198.0,0.0,18.22,1179.78,card,,A312H8IT-0002,subscription_cycle,6_month,2,cus_FcG8D99w1bwrVx,Nicolas Bernard,nicolas.bernard@bernard-wireless-consulting.example,Bernard Wireless Consulting,self_serve,network_consultant,network_consulting,FR,sub_1ZmyNJ47G4wybmiGaZWsiuSg
ch_38cLRq21Fw8wLb4YRacxBHgs,2026-07-17 09:46:00,failed,599.0,0.0,,,sepa_debit,payment_failed,V0ZZQ45C-0008,subscription_cycle,6_month,1,cus_3co8IZALw07t8V,Marko Järvinen,marko.jarvinen@greengate-it-solutions.example,Greengate IT Solutions,self_serve,head_of_wireless,it_services,FI,sub_1p7QUjGcufpSjsGeeMBS6H8s
ch_35cysq8i0gXMd1Jp3nQhPGK1,2026-07-17 09:47:10,succeeded,599.0,0.0,19.72,579.28,card,,GB9YKUBB-0003,subscription_cycle,6_month,1,cus_teu03EDMllIOWK,Kate Hall,kate.hall@stoneview-wireless.example,Stoneview Wireless,self_serve,network_consultant,network_consulting,US,sub_1vseLNeZm13r10rFin2urvvA
ch_3J5a4NwSXLL43DHZnF8JcdYO,2026-07-17 11:20:02,succeeded,980.0,0.0,32.1,947.9,card,,PCTI82Q9-0001,subscription_create,12_month,1,cus_Q6EzkaCMxRtrRO,Ahmed Johnson,ahmed.johnson@inbox.example,,self_serve,network_consultant,network_consulting,US,sub_1VzWoS0gcQDpAcWmGMkGywGe
ch_3se98eoBb5LwmMPEwUg2mjZY,2026-07-17 11:45:54,succeeded,1960.0,0.0,29.65,1930.35,card,,MCID7TJS-0003,subscription_cycle,12_month,2,cus_NWY7p5p4ydrhnu,Sabine Schneider,sabine.schneider@orbitlink-warehousing.example,Orbitlink Warehousing GmbH,self_serve,it_lead,logistics,DE,sub_1qvm00TYk41Jtfz8dVYfoRqb
ch_3M4jSY3G703c53MLoBJsslzr,2026-07-17 21:56:22,succeeded,980.0,0.0,14.95,965.05,card,,8ZE4GVIP-0002,subscription_cycle,12_month,1,cus_HgbhJtjUnpNP7z,Juho Salminen,juho.salminen@salminen-wireless-consulting.example,Salminen Wireless Consulting Oy,self_serve,network_consultant,network_consulting,FI,sub_1AvWVFKKORbO2YcRxTsm0I5p
ch_3JTNXmT7KXZVoUrIFZ5IVvZB,2026-07-18 06:49:46,succeeded,980.0,0.0,14.95,965.05,card,,HZ3WCUV3-0002,subscription_cycle,12_month,1,cus_0veDmECwjyMEFz,Mats Madsen,mats.madsen@balticfield-properties.example,Balticfield Properties,self_serve,it_lead,real_estate,NO,sub_16Bk9im0g8qP2Uz2ylVjkf6j
ch_3ITEudcmAc1hckFM6Km80OTP,2026-07-19 15:35:48,succeeded,980.0,0.0,14.95,965.05,card,,DH6RRW5U-0002,subscription_cycle,12_month,1,cus_dptgvAEQypTNTE,Mikkel Hansen,mikkel.hansen@orbitfield-rf-consulting.example,Orbitfield RF Consulting AB,self_serve,network_consultant,network_consulting,SE,sub_1Ku07Q2weSyOqHiEfBUQyPqJ
ch_3UkySGk3IzPLSNwmjEwvLeiu,2026-07-19 20:39:49,succeeded,980.0,0.0,32.1,947.9,card,,W4OM1DOC-0005,subscription_cycle,12_month,1,cus_utfMj4MUUpqVdJ,Sven Hartmann,sven.hartmann@summitpath-it-solutions.example,Summitpath IT Solutions,self_serve,head_of_wireless,it_services,CH,sub_1IItH6mTG2VoT8N3d54XfwzI
ch_3mjLHsFtgQJ4988MDDe6LJFI,2026-07-20 10:32:00,succeeded,599.0,0.0,5.14,593.86,sepa_debit,,V0ZZQ45C-0008,subscription_cycle,6_month,1,cus_3co8IZALw07t8V,Marko Järvinen,marko.jarvinen@greengate-it-solutions.example,Greengate IT Solutions,self_serve,head_of_wireless,it_services,FI,sub_1p7QUjGcufpSjsGeeMBS6H8s
ch_31t5gUY2V8RH5B7YRBMzCYtA,2026-07-20 17:15:53,succeeded,980.0,0.0,14.95,965.05,card,,3PJ4A6CX-0001,subscription_create,12_month,1,cus_Cbr6TxTnAp0VjP,Henrik Nygaard,henrik.nygaard@novafield-wi-fi-solutions.example,Novafield Wi-Fi Solutions AS,self_serve,network_consultant,network_consulting,NO,sub_1Lr0pQP0xtxYg2cywuf4eYML
ch_32yxjpQkLrQJsz05XpRWHdwK,2026-07-20 20:20:01,succeeded,599.0,0.0,15.23,583.77,card,,7TJXZGVA-0003,subscription_cycle,6_month,1,cus_poktdm5ae3OLDB,Matt Thompson,matt.thompson@aurorabridge-networks.example,Aurorabridge Networks,self_serve,network_consultant,network_consulting,GB,sub_1T5qaHwZPJP5j2cW8WNqIzlx
ch_31fxHVGbDuF9oXv8PoanbTaZ,2026-07-21 07:37:34,succeeded,599.0,0.0,19.72,579.28,card,,2UIESRPP-0002,subscription_cycle,6_month,1,cus_XI84Rdhk7EAWbh,Brian Thomas,brian.thomas@thomas-network-services.example,Thomas Network Services LLC,self_serve,network_consultant,network_consulting,US,sub_1SZ4VyEtG4NOzTM7D7vhuO7D
py_3UjfpGfvzWAzyANYjdpsRIV4,2026-07-21 09:13:10,succeeded,220000.0,0.0,5.0,219995.0,bank_transfer,,7UO3IAG1-0001,subscription_create,enterprise,1,cus_C5j0Kproh0V5I8,Northgate Retail Holdings plc,accounts.payable@northgate-retail-holdings-plc.example,Northgate Retail Holdings plc,enterprise,,retail,GB,sub_1uNxIhaXi7ERs1jPH5Nhd6Su
ch_3c7zYxJC17Sl6JQbXq887d5T,2026-07-21 11:03:05,succeeded,2940.0,0.0,95.8,2844.2,card,,XM0VKG82-0004,subscription_cycle,12_month,3,cus_3xqmKLdV3v4WlR,Matt Nguyen,matt.nguyen@summitgate-media.example,Summitgate Media LLC,self_serve,it_lead,media,US,sub_1ZKn7ixTUdd0mDE8x9BsYRsw
ch_3XNs6mnA9KICGnEG0TYBweZW,2026-07-22 07:14:13,succeeded,1797.0,0.0,58.65,1738.35,card,,0R36OWIS-0003,subscription_cycle,6_month,3,cus_Huw57Of3fnoEXB,Nicole Roberts,nicole.roberts@roberts-wireless-consulting.example,Roberts Wireless Consulting LLC,self_serve,network_consultant,network_consulting,US,sub_1GGCZEhfGcZyN3o1JSny8nf5
ch_3O8WeAxd3rsAAFA0ivSyJnvD,2026-07-22 09:06:39,succeeded,599.0,0.0,19.72,579.28,card,,S5552DO3-0002,subscription_cycle,6_month,1,cus_SYfuqDRtsXEggf,Robert Walker,robert.walker@deltapeak-systems-integration.example,Deltapeak Systems Integration,self_serve,head_of_wireless,it_services,US,sub_1f8ZY3sxaT0NiihtT46Ig0ib
ch_3fn5XQ6S1b3A3McacLK50HGo,2026-07-22 12:12:07,failed,599.0,0.0,,,card,card_declined,GOWNUH1S-0001,subscription_create,6_month,1,cus_t7Kz1qup1742KJ,Emily Carter,emily.carter@carter-wireless-consulting.example,Carter Wireless Consulting,self_serve,network_consultant,network_consulting,US,sub_1OMdUAnKpI22NHhTucorzHbw
ch_3XfvaJqDXcc23GjvLGxgs2NW,2026-07-22 12:19:45,succeeded,599.0,0.0,19.72,579.28,card,,GOWNUH1S-0001,subscription_create,6_month,1,cus_t7Kz1qup1742KJ,Emily Carter,emily.carter@carter-wireless-consulting.example,Carter Wireless Consulting,self_serve,network_consultant,network_consulting,US,sub_1OMdUAnKpI22NHhTucorzHbw
ch_3vaonUEVQ4tQe2x9NrGJ8EKR,2026-07-22 13:57:24,succeeded,980.0,0.0,14.95,965.05,card,,TVFN7UVW-0001,subscription_create,12_month,1,cus_6IMk71aKA6zOZQ,Lotte van den Berg,lotte.vandenberg@aurorafield-rf-consulting.example,Aurorafield RF Consulting BV,self_serve,network_consultant,network_consulting,BE,sub_1unYTM2fCGVoICkRxRqHIkMx
py_3ghWAMXfPf8EN5JJQLlqP4nM,2026-07-23 12:16:19,succeeded,4900.0,0.0,5.0,4895.0,bank_transfer,,P6K2EW4J-0001,subscription_create,12_month,5,cus_aguecNa3Vb1DXx,Olivia Carter,olivia.carter@brightport-communications.example,Brightport Communications LLC,self_serve,head_of_wireless,telecom,US,sub_1UOxiWAe9fFviRo1SQlZqbyg
ch_3mm2qFFQ7v53QBYLqB6vi3YO,2026-07-23 13:53:07,succeeded,980.0,0.0,14.95,965.05,card,,I3JCRHQG-0002,subscription_cycle,12_month,1,cus_GFvxy8xlGPG4aC,Antti Niemi,antti.niemi@maplegate-rf-consulting.example,Maplegate RF Consulting,self_serve,network_consultant,network_consulting,FI,sub_1VCpwqK8K7Aw4FU82PATddiU
ch_33UUtoCAPzO2Q1C5RNLwM7Ei,2026-07-23 15:04:37,succeeded,980.0,0.0,14.95,965.05,card,,TV5ARD34-0001,subscription_create,12_month,1,cus_cREjafCtmrHi8K,Anna Lahtinen,anna.lahtinen@beaconpeak-wi-fi-solutions.example,Beaconpeak Wi-Fi Solutions Oy,self_serve,network_consultant,network_consulting,FI,sub_1iTqg8bTVOjUtYJE9JdHnOTl
ch_35dh0HW3wN1GnO8U3uYhMuOR,2026-07-24 11:59:48,succeeded,980.0,0.0,14.95,965.05,card,,3UYPA7FK-0002,subscription_cycle,12_month,1,cus_s7gK6rywQecQ4P,Mikkel Larsson,mikkel.larsson@mailbox.example,,self_serve,network_consultant,network_consulting,NO,sub_1wFFDpY3NDlodQbYQ55LpO95
ch_391w92KiYzxXyEy3EjJwIj5E,2026-07-24 13:13:33,failed,1198.0,0.0,,,card,card_declined,XKYD1FW0-0002,subscription_cycle,6_month,2,cus_jD8uzLLalurQJ2,Bram Jansen,bram.jansen@mailbox.example,,self_serve,network_consultant,network_consulting,BE,sub_17h2tCi6LK9vtfitiqhcdhhh
ch_37ZCe7oOKPwKzGS5A9T54LXN,2026-07-24 14:35:14,succeeded,980.0,0.0,32.1,947.9,card,,TJCDOO75-0001,subscription_create,12_month,1,cus_pKUmP56xBJWRGp,Raj Patel,raj.patel@maplecore-systems-integration.example,Maplecore Systems Integration LLC,self_serve,head_of_wireless,it_services,US,sub_104XBIQ8Hw6YQP3SIAIPGxtf
ch_3ggQBZrAj1wMNFd4fOOifMIO,2026-07-24 16:16:43,succeeded,980.0,0.0,14.95,965.05,card,,N3O7UBPW-0002,subscription_cycle,12_month,1,cus_z00aOXXyLDWKNF,Katharina Braun,katharina.braun@harborview-industries.example,Harborview Industries GmbH,self_serve,it_lead,manufacturing,DE,sub_1K4NdR21omDJUP4tiGjf5opP
ch_32o4REIZNPMnsc07VJ2N0wWQ,2026-07-24 21:16:41,succeeded,980.0,0.0,32.1,947.9,card,,QX6VL1DR-0001,subscription_create,12_month,1,cus_KNdkPJeQ4NJuPX,Chris Taylor,chris.taylor@novapath-logistics.example,Novapath Logistics,self_serve,it_lead,logistics,US,sub_1z5FVCIPXPTO23ciJ1L3ekTj
ch_3EgQJ2RxkL5ZOVOIeOl7SDrk,2026-07-25 12:12:14,succeeded,980.0,0.0,14.95,965.05,card,,JA8ITH1C-0004,subscription_cycle,12_month,1,cus_LfFkyIFsLQPy3F,Jan Klein,jan.klein@harbormark-retail-group.example,Harbormark Retail Group GmbH,self_serve,it_lead,retail,DE,sub_1dUGfpa5FatFctaPgPyP9uSQ
ch_3pqsVly9pvmh8W5BtTTaFbUP,2026-07-26 14:42:58,succeeded,980.0,0.0,32.1,947.9,card,,EZU2WQ50-0001,subscription_create,12_month,1,cus_WQiLm1nNwk3T7J,Matt Lee,matt.lee@bluelink-networks.example,Bluelink Networks LLC,self_serve,network_consultant,network_consulting,US,sub_1ftfg4b5pPCRtRFwEcMrL0mz
ch_3riMArbnPAYYzIl07gwlzrxv,2026-07-27 13:59:18,succeeded,599.0,0.0,19.72,579.28,card,,4K035DQ5-0001,subscription_create,6_month,1,cus_fMEAnd3lWO4Me4,Daniel Lee,daniel.lee@greenstream-media.example,Greenstream Media LLC,self_serve,it_lead,media,US,sub_1AbPRnqiewcXRn9T0o4Jhpml
ch_3tZkApyAbdrtmJ0VI69qQ6nt,2026-07-27 14:24:33,failed,1198.0,0.0,,,card,card_declined,XKYD1FW0-0002,subscription_cycle,6_month,2,cus_jD8uzLLalurQJ2,Bram Jansen,bram.jansen@mailbox.example,,self_serve,network_consultant,network_consulting,BE,sub_17h2tCi6LK9vtfitiqhcdhhh
ch_3QrBNrN8dVMrnaAM75onfSuj,2026-07-27 18:29:38,succeeded,980.0,0.0,32.1,947.9,card,,HNJ8UFBA-0001,subscription_create,12_month,1,cus_u1E9QrvDju80Pl,Christian Krüger,christian.kruger@ironmark-media.example,Ironmark Media AG,self_serve,it_lead,media,CH,sub_1dWW2LsrIHrrCuIW7Hfvr1Fh
ch_3gbarDfpAngc8pfY8REvHRsj,2026-07-27 19:24:48,succeeded,599.0,0.0,9.23,589.77,card,,8A7M04WX-0001,subscription_create,6_month,1,cus_lBFVnBHwzD3KIY,Henrik Eriksson,henrik.eriksson@eriksson-network-services.example,Eriksson Network Services AS,self_serve,network_consultant,network_consulting,NO,sub_1BMcPOG175r7UNfgmxAeToLS
ch_3O42eiHC2Cjbxkil4sJiXwz5,2026-07-29 18:43:02,succeeded,980.0,0.0,14.95,965.05,card,,Y3EI4A32-0002,subscription_cycle,12_month,1,cus_iqstjZxAJVee6I,Stefan Klein,stefan.klein@polarstream-wireless.example,Polarstream Wireless GmbH,self_serve,network_consultant,network_consulting,DE,sub_13T4gO3O4Riy0jfFbUpNXiVr
ch_3ihVQ44dPdxJrmORNLvOUwhM,2026-07-30 10:33:49,succeeded,980.0,0.0,32.1,947.9,card,,27HBH18E-0005,subscription_cycle,12_month,1,cus_kSSc6FlbdjNYr6,Josh Collins,josh.collins@greengate-industries.example,Greengate Industries,self_serve,it_lead,manufacturing,AU,sub_1hGn4jOOudSP87QB5iAOoe5r
ch_36DwrFKyB7SfWUbanSJFvoyh,2026-07-30 14:04:22,succeeded,599.0,0.0,19.72,579.28,card,,Q0D1P06B-0002,subscription_cycle,6_month,1,cus_v2LsHiTLp0YJIn,Sarah Wright,sarah.wright@aurorafield-managed-services.example,Aurorafield Managed Services LLC,self_serve,head_of_wireless,it_services,US,sub_14PGVa4bZqzEJWGMXObWf0hB
ch_3YhiP3gGXYSBLrmUVFyICmqS,2026-07-30 16:44:07,succeeded,980.0,0.0,32.1,947.9,card,,9CMTKVVC-0001,subscription_create,12_month,1,cus_mWB9mDfNwuEnYg,Laura King,laura.king@pinepeak-wi-fi-solutions.example,Pinepeak Wi-Fi Solutions LLC,self_serve,network_consultant,network_consulting,US,sub_1DUtHbMNGwfrNhj7KSwTK7Zf
ch_3I1b7Xta6z5GYXA7tG9uZVpo,2026-07-31 08:08:33,succeeded,980.0,0.0,14.95,965.05,card,,IVRH9ILR-0002,subscription_cycle,12_month,1,cus_QNslKgVhFWD5Sq,Julia Müller,julia.muller@muller-wireless-consulting.example,Müller Wireless Consulting GmbH,self_serve,network_consultant,network_consulting,DE,sub_1AidaiCgLSKoJ1lvvaqRMuMl
ch_3Inq3fIiDY1p401Pu2YC9vUy,2026-07-31 10:00:44,succeeded,599.0,0.0,9.23,589.77,card,,NTSZX5WF-0001,subscription_create,6_month,1,cus_amD1SHUa5cvZjS,Daan de Jong,daan.dejong@polarstream-wi-fi-solutions.example,Polarstream Wi-Fi Solutions,self_serve,network_consultant,network_consulting,BE,sub_1IeT57uPt4U8gPz6YqpTBgYY
ch_3pO0QbQMaZ15afEvc6tss7VX,2026-07-31 10:14:37,succeeded,599.0,0.0,19.72,579.28,card,,U4V46YCF-0001,subscription_create,6_month,1,cus_rSaHtLdg9293dK,Sarah Baker,sarah.baker@deltamark-properties.example,Deltamark Properties Pty Ltd,self_serve,it_lead,real_estate,AU,sub_1GE4uEX8lqSdH0pPh6K5rHT5
ch_3efCUiHqsPkBl4dULPYcqR0t,2026-07-31 14:47:24,succeeded,980.0,0.0,32.1,947.9,card,,EQE99FPH-0001,subscription_create,12_month,1,cus_Wuz8uztSME6OEL,Paul Adams,paul.adams@inbox.example,,self_serve,network_consultant,network_consulting,US,sub_1JMdQ3rKJFmuBhXdatS0Rumr
ch_3OutN5cb8c2drTGLr6eKd2GP,2026-07-31 14:49:10,succeeded,1960.0,0.0,29.65,1930.35,card,,CZZC389H-0001,subscription_create,12_month,2,cus_8xGorPgvUWIony,Ola Dahl,ola.dahl@ironmark-wireless.example,Ironmark Wireless,self_serve,network_consultant,network_consulting,SE,sub_1Pf7f6HDJK7TKJYGvRRUhHgv
ch_3s0zCQHHmszSMXSM7JaoM1Sc,2026-07-31 17:30:14,succeeded,1960.0,0.0,49.25,1910.75,card,,J7M9AS6D-0004,subscription_cycle,12_month,2,cus_bIjPO7C99sqQh8,Andrew Davis,andrew.davis@balticmark-it-solutions.example,Balticmark IT Solutions Ltd,self_serve,head_of_wireless,it_services,GB,sub_1pF7U9VJs4Fsx72Mu0hjk0Ie
ch_38C57yox4fXVqrceZ0GoNWg7,2026-08-01 09:17:41,succeeded,980.0,0.0,6.35,973.65,sepa_debit,,3WVBUTV4-0003,subscription_cycle,12_month,1,cus_Whev082215HQXy,Dirk Fischer,dirk.fischer@fischer-wireless-consulting.example,Fischer Wireless Consulting GmbH,self_serve,network_consultant,network_consulting,DE,sub_1XCuwicaRl9DskpJ8wsaTNME
ch_3WgEaUQBRhz5ViPRsY5tz7mg,2026-08-01 13:49:11,succeeded,980.0,0.0,32.1,947.9,card,,X80I4OCV-0002,subscription_cycle,12_month,1,cus_nwQZzLdN4XZMFL,Raj Murphy,raj.murphy@silverfield-partners.example,Silverfield Partners,self_serve,it_lead,professional_services,US,sub_1gP69qJZHYzOQwp2siTNMfVF
ch_3CuLhxOPr8L9TzmuG0G5lsBu,2026-08-01 13:59:33,failed,1198.0,0.0,,,card,card_declined,XKYD1FW0-0002,subscription_cycle,6_month,2,cus_jD8uzLLalurQJ2,Bram Jansen,bram.jansen@mailbox.example,,self_serve,network_consultant,network_consulting,BE,sub_17h2tCi6LK9vtfitiqhcdhhh
ch_3eR7cdvWYjwcrQMS41nTth2i,2026-08-03 06:15:16,succeeded,1960.0,0.0,63.95,1896.05,card,,J7MYRGCB-0001,subscription_create,12_month,2,cus_GVxs58ukie2NCp,Rachel Martin,rachel.martin@crestworks-wi-fi-solutions.example,Crestworks Wi-Fi Solutions,self_serve,network_consultant,network_consulting,US,sub_1c7CrBjMA7GVypiwlgKvFyYt
ch_3hBKXf8eHc3dTrmaMVtETA0D,2026-08-03 10:31:46,succeeded,1960.0,0.0,63.95,1896.05,card,,9H19BWVW-0002,subscription_cycle,12_month,2,cus_VJwb5whVR0G7av,Olivia Anderson,olivia.anderson@cedarlink-networks.example,Cedarlink Networks,self_serve,network_consultant,network_consulting,US,sub_11Drr5Dy1Q9K9oPc2Rx7ilZS
ch_3xwuvP4DFYj4nqYiVpbcq99y,2026-08-03 14:45:27,succeeded,980.0,0.0,32.1,947.9,card,,D7IF2WGF-0002,subscription_cycle,12_month,1,cus_agHFFokejL7LH2,Jessica Hall,jessica.hall@alpineview-partners.example,Alpineview Partners,self_serve,it_lead,professional_services,US,sub_1tQItx0oHsfMYzpBpDkb1ccf
ch_3ye1ukqgxedZbO4EmUo6hYyi,2026-08-03 17:32:10,succeeded,1797.0,0.0,27.21,1769.79,card,,H444U9FT-0001,subscription_create,6_month,3,cus_H75jkGmH6FFOE4,Francesca Rossi,francesca.rossi@harborcore-construction.example,Harborcore Construction S.r.l.,self_serve,it_lead,construction,IT,sub_16qNAPwSUIJ8jIMcEac2wEzq
ch_3HbfSAChSdKKFYXNXvXuLugE,2026-08-04 14:56:42,failed,1960.0,0.0,,,card,card_declined,CCB6F6QM-0002,subscription_cycle,12_month,2,cus_E9UdHGjeeDG7Kp,Emma Lund,emma.lund@lund-network-services.example,Lund Network Services,self_serve,network_consultant,network_consulting,NO,sub_1d1gTtj5vOadwzEEL0nSy6VX
ch_3YkjcFAvQMgDy2vpYgVoHI5F,2026-08-04 16:21:43,failed,599.0,0.0,,,card,card_declined,L26M2XZF-0002,subscription_cycle,6_month,1,cus_tTCuaOndmTiO9J,Wei King,wei.king@king-network-services.example,King Network Services,self_serve,network_consultant,network_consulting,US,sub_17gpg31Ta1UNJBwJ1sFEmvoI
ch_3ns1xkPzoIxR9NEGRL5JYClI,2026-08-04 17:26:35,succeeded,599.0,0.0,9.23,589.77,card,,G4N0QR7S-0001,subscription_create,6_month,1,cus_03zfAnmDh8Z9b8,Thomas Weber,thomas.weber@stonepeak-networks.example,Stonepeak Networks,self_serve,network_consultant,network_consulting,DE,sub_1zhQLmMQr4wmxPDziuWrwZid
ch_33hvMS3MEwABIt2MdB1IpX3G,2026-08-04 21:22:59,succeeded,980.0,0.0,24.75,955.25,card,,X4QH5ZZ9-0002,subscription_cycle,12_month,1,cus_McESARV36Cif7g,Ryan Jones,ryan.jones@jones-network-services.example,Jones Network Services Ltd,self_serve,network_consultant,network_consulting,GB,sub_1SS0Hk9sHxRoBYEMFN1WccIP
ch_34P0K7hgvXysutZLLV2hibbg,2026-08-06 10:50:44,succeeded,599.0,0.0,15.23,583.77,card,,4XYU6542-0002,subscription_cycle,6_month,1,cus_7Xe11dQicCwgZ7,Chris Smith,chris.smith@smith-network-services.example,Smith Network Services Ltd,self_serve,network_consultant,network_consulting,GB,sub_1XAnt2egq2G0DETqX7tkB5X1
ch_3MjYnD89rDOYoDSEVzaPpUYW,2026-08-06 17:20:05,succeeded,1960.0,0.0,63.95,1896.05,card,,C608QQ1H-0005,subscription_cycle,12_month,2,cus_L2sH6qkoekeHoG,Laura Taylor,laura.taylor@deltapoint-managed-services.example,Deltapoint Managed Services LLC,self_serve,head_of_wireless,it_services,US,sub_1cpcdauZvUIhDLW4fWaElqO4
ch_3OxwWKyrP9jJYTiqfa7o5TJl,2026-08-06 21:27:09,succeeded,980.0,0.0,14.95,965.05,card,,9LJY9AJC-0001,subscription_create,12_month,1,cus_ODZgGK3MvyIS7N,Katharina Richter,katharina.richter@stonebridge-technology-group.example,Stonebridge Technology Group GmbH,self_serve,head_of_wireless,it_services,DE,sub_1lUGbo4UBcjxHFbnxMmlekNx
ch_3VneNPnq68hIPAdyKQOPIaVk,2026-08-07 06:37:27,succeeded,1960.0,0.0,63.95,1896.05,card,,W6I9TMO8-0001,subscription_create,12_month,2,cus_M3doYMm9kRv8rw,John Anderson,john.anderson@silverlink-partners.example,Silverlink Partners LLC,self_serve,it_lead,professional_services,US,sub_1lziCxZaFDhRUCUkVqwp3R1S
ch_3NhdXUuMLxkbo8kmu0JpX3Dt,2026-08-07 11:05:00,succeeded,1960.0,0.0,63.95,1896.05,card,,IOARMF22-0005,subscription_cycle,12_month,2,cus_WiHDArKdqbaBvu,David Nelson,david.nelson@nelson-wireless-consulting.example,Nelson Wireless Consulting,self_serve,network_consultant,network_consulting,US,sub_1aIxnp3hoWSbV4v1kVRyyKBv
ch_3HvNEktaOyMK9HAAAfG1GRWL,2026-08-07 11:26:24,succeeded,1960.0,0.0,63.95,1896.05,card,,S3H4JT1Z-0001,subscription_create,12_month,2,cus_suffmQEFS4i6ge,Josh Campbell,josh.campbell@ironpath-retail-group.example,Ironpath Retail Group,self_serve,it_lead,retail,US,sub_1TngDf4amCGgbjWBVXUr8wc8
ch_3F9FEkc0JeDUf71vBpFRI0xd,2026-08-07 16:06:42,succeeded,1960.0,0.0,29.65,1930.35,card,,CCB6F6QM-0002,subscription_cycle,12_month,2,cus_E9UdHGjeeDG7Kp,Emma Lund,emma.lund@lund-network-services.example,Lund Network Services,self_serve,network_consultant,network_consulting,NO,sub_1d1gTtj5vOadwzEEL0nSy6VX
ch_3k5mHWNZp1dZsbfNvQZuvSOA,2026-08-07 16:27:43,succeeded,599.0,0.0,19.72,579.28,card,,L26M2XZF-0002,subscription_cycle,6_month,1,cus_tTCuaOndmTiO9J,Wei King,wei.king@king-network-services.example,King Network Services,self_serve,network_consultant,network_consulting,US,sub_17gpg31Ta1UNJBwJ1sFEmvoI
ch_3HpWZIqvou7ZuuCndkTIBIaE,2026-08-07 17:10:31,failed,980.0,0.0,,,card,card_declined,FS8KZ7FJ-0004,subscription_cycle,12_month,1,cus_dZR4O30jpfFsb7,Megan Clark,megan.clark@orbitline-schools.example,Orbitline Schools Inc.,self_serve,it_lead,education,CA,sub_15vDb7oStciZ8wR2iIoLfZ8n
ch_32qYUwUlZu0v3qaYlklVTPOy,2026-08-08 06:10:49,succeeded,1960.0,0.0,63.95,1896.05,card,,YNYZVLSQ-0002,subscription_cycle,12_month,2,cus_MRPJ3swgmUN4mC,Ahmed Clark,ahmed.clark@postbox.example,,self_serve,network_consultant,network_consulting,US,sub_1KYiy6BIEWjB2WAurUOWARpe
ch_3rT1ElWyVSOYuJzp9TcKNPqM,2026-08-08 20:56:31,succeeded,980.0,0.0,14.95,965.05,card,,57473WKI-0003,subscription_cycle,12_month,1,cus_jlgVTCGbLa2KQQ,Mikkel Olsen,mikkel.olsen@novawave-retail-group.example,Novawave Retail Group,self_serve,it_lead,retail,SE,sub_1zFS9nCFyjjDCdkiRbqH2dIC
ch_3nF2pzpMNbosRFPcAahOdXKj,2026-08-09 07:13:00,succeeded,599.0,0.0,9.23,589.77,card,,Z22WZP9X-0001,subscription_create,6_month,1,cus_7TSI4N5vFguM1k,Kari Kinnunen,kari.kinnunen@balticwave-media.example,Balticwave Media,self_serve,it_lead,media,FI,sub_1L3hCgV8Nt4hJkUUDnn34Mpv
ch_3mkTdriXRKuZIeE52kZtuhKK,2026-08-10 10:55:31,succeeded,980.0,0.0,14.95,965.05,card,,SGN2AD1Z-0002,subscription_cycle,12_month,1,cus_J5TSwipLLnlfu9,Jan Neumann,jan.neumann@neumann-wireless-consulting.example,Neumann Wireless Consulting GmbH,self_serve,network_consultant,network_consulting,DE,sub_10x1XgZH5ICQ2RCc6O2iVjf5
ch_3Sf09JMYxwFmmgIbEnJnprzK,2026-08-10 12:40:51,succeeded,599.0,0.0,15.23,583.77,card,,SQCB7AS5-0002,subscription_cycle,6_month,1,cus_nh0TM0pwXaG3H0,Sarah Williams,sarah.williams@harborpath-retail-group.example,Harborpath Retail Group,self_serve,it_lead,retail,GB,sub_1qbu8Nn8KA46iTDyVINi2ITW
ch_3sQy6Ip7sLaK0A3AeRUO2br5,2026-08-10 14:05:45,succeeded,599.0,0.0,9.23,589.77,card,,0IA0FT7T-0001,subscription_create,6_month,1,cus_F4DX895Zlp77I6,Matteo Gallo,matteo.gallo@balticworks-clinics.example,Balticworks Clinics,self_serve,it_lead,healthcare,IT,sub_1d8nMv6kDDzV4X1hSAFzT9CY
ch_3y7LTXQ528c1wUjiPNnzZnP6,2026-08-10 15:51:15,failed,2940.0,0.0,,,card,expired_card,0X1RSEXD-0003,subscription_cycle,12_month,3,cus_sR3pjCO0qQn9fj,Ben Smith,ben.smith@westgate-warehousing.example,Westgate Warehousing LLC,self_serve,it_lead,logistics,US,sub_1x4JaG8cQ2AL8x3J17PQDYxw
ch_3X1pvoB3IfAaHseT8OI0MENE,2026-08-10 16:38:05,failed,599.0,0.0,,,card,expired_card,04VUT2P0-0003,subscription_cycle,6_month,1,cus_xKZry2dI2PKNrD,Emily Jackson,emily.jackson@stonewave-construction.example,Stonewave Construction LLC,self_serve,it_lead,construction,US,sub_1GVyvybJSezHUlbnR2AE0UMb
ch_3A7zv28VjIGkJ4DnYliCa7Fh,2026-08-10 17:32:31,failed,980.0,0.0,,,card,card_declined,FS8KZ7FJ-0004,subscription_cycle,12_month,1,cus_dZR4O30jpfFsb7,Megan Clark,megan.clark@orbitline-schools.example,Orbitline Schools Inc.,self_serve,it_lead,education,CA,sub_15vDb7oStciZ8wR2iIoLfZ8n
ch_3H3uZgjXStIct1tGw1m8Qjk0,2026-08-11 08:19:23,succeeded,599.0,0.0,19.72,579.28,card,,2Y45SQBK-0001,subscription_create,6_month,1,cus_xWAJjv9jHlRlUV,Raj Williams,raj.williams@novacore-foods.example,Novacore Foods Ltd,self_serve,it_lead,food_beverage,NZ,sub_1uVXuh5oMYwADsqMWgkCgEa1
ch_3sQBBBKl6FPbh0jV11FhKohb,2026-08-11 10:29:03,succeeded,599.0,0.0,9.23,589.77,card,,ROTYDJD6-0004,subscription_cycle,6_month,1,cus_gBlY6ZkgDOsFEO,Ingrid Pedersen,ingrid.pedersen@northcore-logistics.example,Northcore Logistics AB,self_serve,it_lead,logistics,SE,sub_1SUV5DUp7RCaOHaJYwZHa6BI
ch_3HSGsNcgIod00CabfMYcS2dq,2026-08-11 17:43:23,succeeded,980.0,0.0,24.75,955.25,card,,E0XR866U-0001,subscription_create,12_month,1,cus_dVwf6irGp1coXd,Kevin Murphy,kevin.murphy@murphy-network-services.example,Murphy Network Services Ltd,self_serve,network_consultant,network_consulting,GB,sub_1FEzIGQee7WgjXSE3nS4OoXk
ch_3gXWWC0rQWhczMFvFViV0kjt,2026-08-11 19:35:48,succeeded,980.0,0.0,32.1,947.9,card,,AK6QCQVX-0001,subscription_create,12_month,1,cus_3juCUediFFlYd5,Amanda Campbell,amanda.campbell@beaconworks-logistics.example,Beaconworks Logistics Pty Ltd,self_serve,it_lead,logistics,AU,sub_15eNFH3WV9PH1vWKApg6KR3S
py_3JBMna9rxQnE2CB4UAGkJ8Dk,2026-08-11 19:56:08,succeeded,2940.0,0.0,5.0,2935.0,bank_transfer,,ZO72O5CW-0006,subscription_cycle,12_month,3,cus_vC2jcmo6bkXa5j,Brian Jones,brian.jones@westworks-properties.example,Westworks Properties,self_serve,it_lead,real_estate,GB,sub_1vKG6wHx1Yve4J3QYb7OVps0
ch_3JN7Cn1yrTXeHGE3kN6iLWOm,2026-08-12 03:05:32,succeeded,980.0,0.0,14.95,965.05,card,,UC5Q5759-0004,subscription_cycle,12_month,1,cus_TcwSUfiXm9HJhK,Olivier Fournier,olivier.fournier@atlasport-wireless.example,Atlasport Wireless SAS,self_serve,network_consultant,network_consulting,FR,sub_1ZXz5WfOG1ay7cAxcnWaxu0k
ch_3jcjhS8DLbQGYBR35fvdtBcc,2026-08-12 04:39:50,succeeded,599.0,0.0,19.72,579.28,card,,W6TA7F0N-0003,subscription_cycle,6_month,1,cus_bccq9iW1rbhOZg,Priya Nguyen,priya.nguyen@apexwave-hotels.example,Apexwave Hotels LLC,self_serve,it_lead,hospitality,US,sub_1AE8JM4jcw9Ol0PY7C351ikF
ch_31OEe9k1hgarUR7kM7SFahKz,2026-08-12 07:15:48,succeeded,599.0,0.0,9.23,589.77,card,,4KEZRVRB-0002,subscription_cycle,6_month,1,cus_QwGUqV6FYvo5fB,Henrik Hansen,henrik.hansen@brightgate-partners.example,Brightgate Partners ApS,self_serve,it_lead,professional_services,DK,sub_1TogzzzANeqCBeDXEGgRF5rf
ch_3uYtNFY4rg0v9iK7cIj0L1y2,2026-08-12 09:09:12,succeeded,980.0,0.0,24.75,955.25,card,,WONTZ4SO-0001,subscription_create,12_month,1,cus_9qmNL31ubTU2Je,Ahmed Jones,ahmed.jones@maplepath-managed-services.example,Maplepath Managed Services Ltd,self_serve,head_of_wireless,it_services,GB,sub_186UELSPpvabKT4Ez1EDE6Mk
ch_3vNrlShvsUM0lZwGitLsDPVV,2026-08-12 11:52:36,failed,980.0,0.0,,,card,expired_card,AAFCZUD7-0003,subscription_cycle,12_month,1,cus_xlWCwg8sETAr83,Steve Campbell,steve.campbell@campbell-network-services.example,Campbell Network Services Ltd,self_serve,network_consultant,network_consulting,GB,sub_1B27BE5s57fWw0OCDCp1SvYC
ch_3DZlZXxMl1K6VXqdwBxcHpsu,2026-08-12 14:54:44,succeeded,980.0,0.0,6.35,973.65,sepa_debit,,CM1EYREN-0001,subscription_create,12_month,1,cus_MFrXtet80qx6MF,Lauri Niemi,lauri.niemi@northworks-telecom.example,Northworks Telecom Oy,self_serve,head_of_wireless,telecom,FI,sub_1A49NIuS5q5wbMsj01mMFxp6
ch_3FqaYh1SQ0wwm7uEjxeog2zj,2026-08-12 21:25:45,succeeded,1198.0,0.0,6.35,1191.65,sepa_debit,,NL41EFH8-0001,subscription_create,6_month,2,cus_YiGy3AqTGuBdMY,Andreas Schmidt,andreas.schmidt@polarpeak-it-solutions.example,Polarpeak IT Solutions,self_serve,head_of_wireless,it_services,DE,sub_1C0wzTbg5FC5D4jAPBItHZav
ch_380uLkTRUo4w1ObVHd0lXU65,2026-08-13 14:00:58,succeeded,599.0,0.0,9.23,589.77,card,,SOFBVOHY-0002,subscription_cycle,6_month,1,cus_5VSV9q5K2R10Zx,Markus Becker,markus.becker@auroralink-media.example,Auroralink Media GmbH,self_serve,it_lead,media,DE,sub_1WE6jB7WQNo5cUbQdOIXWZZR
ch_3Uup3JbBfBctaXbvKHnJ3kBh,2026-08-13 16:13:15,failed,2940.0,0.0,,,card,expired_card,0X1RSEXD-0003,subscription_cycle,12_month,3,cus_sR3pjCO0qQn9fj,Ben Smith,ben.smith@westgate-warehousing.example,Westgate Warehousing LLC,self_serve,it_lead,logistics,US,sub_1x4JaG8cQ2AL8x3J17PQDYxw
ch_3stGT6xT0mdswWjbG9tmoQkV,2026-08-13 17:29:22,succeeded,599.0,0.0,19.72,579.28,card,,W5J11CZL-0001,subscription_create,6_month,1,cus_zwNmtCkcrGxmsh,Megan Adams,megan.adams@crestcore-construction.example,Crestcore Construction LLC,self_serve,it_lead,construction,US,sub_1fj8P2rglcO7YWLGYiIoJMB6
ch_3KOBazdvTHNL4I7QGVjEAMWe,2026-08-13 18:02:05,failed,599.0,0.0,,,card,expired_card,04VUT2P0-0003,subscription_cycle,6_month,1,cus_xKZry2dI2PKNrD,Emily Jackson,emily.jackson@stonewave-construction.example,Stonewave Construction LLC,self_serve,it_lead,construction,US,sub_1GVyvybJSezHUlbnR2AE0UMb
ch_3WTqZ5gw4OpL2BELtk0C1fZx,2026-08-14 05:03:47,succeeded,2396.0,0.0,78.12,2317.88,card,,QDK8ITNJ-0005,subscription_cycle,6_month,4,cus_7FuovNLAYWWjyR,Eric Turner,eric.turner@deltapeak-industries.example,Deltapeak Industries LLC,self_serve,it_lead,manufacturing,US,sub_1jmO4SnasNG8vwijTvHPkKKR
py_3utTV7z9LscA2lDUSYQvBklS,2026-08-14 11:48:29,succeeded,1198.0,0.0,5.0,1193.0,bank_transfer,,YJ3GTWHK-0002,subscription_cycle,6_month,2,cus_fWKanxm8ojQAXO,Kate Turner,kate.turner@bluewave-it-solutions.example,Bluewave IT Solutions Inc.,self_serve,head_of_wireless,it_services,CA,sub_1WxyHqCM5BZiuMCB6anETPoA
ch_3JVAlcinJBmLmG7rCM1rvVd9,2026-08-14 14:32:35,succeeded,599.0,0.0,9.23,589.77,card,,14XB5A5I-0001,subscription_create,6_month,1,cus_KD2GNn3NgO517N,Katja Salminen,katja.salminen@salminen-wireless-consulting.example,Salminen Wireless Consulting Oy,self_serve,network_consultant,network_consulting,FI,sub_1aLVBptslPNYF1SbUvcrXOHo
py_3fhxHkUmgNb2prqdSGhIWgON,2026-08-14 22:30:31,succeeded,1960.0,0.0,5.0,1955.0,bank_transfer,,JKJ2M0PF-0002,subscription_cycle,12_month,2,cus_iQMyeN83C4fU2h,Mikkel Pedersen,mikkel.pedersen@stonelink-managed-services.example,Stonelink Managed Services AS,self_serve,head_of_wireless,it_services,NO,sub_1gUIMaV3tkCK7awVCDwYrKDI
ch_3EL0sazH90udtSOIGnnjzEgf,2026-08-15 11:57:36,succeeded,980.0,0.0,24.75,955.25,card,,AAFCZUD7-0003,subscription_cycle,12_month,1,cus_xlWCwg8sETAr83,Steve Campbell,steve.campbell@campbell-network-services.example,Campbell Network Services Ltd,self_serve,network_consultant,network_consulting,GB,sub_1B27BE5s57fWw0OCDCp1SvYC
ch_3JVQm87x4AVTIsOb6SGdLoSU,2026-08-15 12:59:58,succeeded,980.0,0.0,32.1,947.9,card,,7AS8JIY7-0002,subscription_cycle,12_month,1,cus_RhRaabeP4qgr95,Daniel Patel,daniel.patel@silvercore-properties.example,Silvercore Properties,self_serve,it_lead,real_estate,US,sub_1csviylBtzOMUlWEDFNQznFx
ch_3TBOjX42ffGJbgxzTVYeioUj,2026-08-15 15:58:56,succeeded,980.0,0.0,14.95,965.05,card,,6GJLE33O-0002,subscription_cycle,12_month,1,cus_7wI9nAXW0t1WrC,Alessandro Rossi,alessandro.rossi@clearpoint-rf-consulting.example,Clearpoint RF Consulting S.r.l.,self_serve,network_consultant,network_consulting,IT,sub_17YiTRo106Fry0pDzf0W9mMm
ch_3Ezu008LC5Z08PXl3AZPXBNZ,2026-08-15 17:43:31,failed,980.0,0.0,,,card,card_declined,FS8KZ7FJ-0004,subscription_cycle,12_month,1,cus_dZR4O30jpfFsb7,Megan Clark,megan.clark@orbitline-schools.example,Orbitline Schools Inc.,self_serve,it_lead,education,CA,sub_15vDb7oStciZ8wR2iIoLfZ8n
ch_3TYLTLGrSlS1bqhgOUIMoU05,2026-08-15 20:02:56,succeeded,980.0,0.0,14.95,965.05,card,,XHJA44MF-0002,subscription_cycle,12_month,1,cus_6WZZ7zXUrlfHVH,Karin Berg,karin.berg@crestworks-it-solutions.example,Crestworks IT Solutions AS,self_serve,head_of_wireless,it_services,NO,sub_16tLHTAwNQHmGAqLkwZmADkf
ch_3qYWMV8wdebWJIxkSgCUIKOR,2026-08-17 03:28:05,succeeded,1960.0,0.0,29.65,1930.35,card,,9Q26ICW4-0002,subscription_cycle,12_month,2,cus_GyjXKMxI0PGKI0,Søren Jensen,soren.jensen@westpeak-wireless.example,Westpeak Wireless AB,self_serve,network_consultant,network_consulting,SE,sub_1QNN6Mw4naaa7RYQhpKBopFu
ch_3jfD5cYQzmTgXIEPBxhrp0U5,2026-08-18 11:56:45,succeeded,599.0,0.0,9.23,589.77,card,,H7NIJE9F-0001,subscription_create,6_month,1,cus_CWHiCh4zkPH1ba,Jan Weber,jan.weber@lumenlink-networks.example,Lumenlink Networks GmbH,self_serve,network_consultant,network_consulting,DE,sub_1EFEYQolsxgFgm7BpSPajj0i
ch_3LqSoxOzEZTwZ0WtHHf6tBqB,2026-08-18 12:48:59,succeeded,980.0,0.0,32.1,947.9,card,,JQSH4NVG-0001,subscription_create,12_month,1,cus_atksaPOCLrxwpi,Amanda Parker,amanda.parker@balticline-hotels.example,Balticline Hotels,self_serve,it_lead,hospitality,US,sub_1xAdGtjMEzBMzQZ8zbFGLJjj
ch_3OzJQGFEgPgC484ZlODxU55K,2026-08-18 13:44:51,succeeded,980.0,0.0,14.95,965.05,card,,P1JQ4GIN-0001,subscription_create,12_month,1,cus_6cTw1nCxtzrQAx,Ruben Bakker,ruben.bakker@maplewave-rf-consulting.example,Maplewave RF Consulting B.V.,self_serve,network_consultant,network_consulting,NL,sub_1OGLj57IaXpYOUNuIM56mZtD
ch_30EjzINBhpG4203wYYxYjE8e,2026-08-18 16:42:15,failed,2940.0,0.0,,,card,expired_card,0X1RSEXD-0003,subscription_cycle,12_month,3,cus_sR3pjCO0qQn9fj,Ben Smith,ben.smith@westgate-warehousing.example,Westgate Warehousing LLC,self_serve,it_lead,logistics,US,sub_1x4JaG8cQ2AL8x3J17PQDYxw
ch_3WczFqgj3FgcfDmVTQRdAaZG,2026-08-18 17:55:05,succeeded,599.0,0.0,19.72,579.28,card,,04VUT2P0-0003,subscription_cycle,6_month,1,cus_xKZry2dI2PKNrD,Emily Jackson,emily.jackson@stonewave-construction.example,Stonewave Construction LLC,self_serve,it_lead,construction,US,sub_1GVyvybJSezHUlbnR2AE0UMb
ch_3j7iYFvZlUPAAJTqeHpATtC3,2026-08-18 19:13:04,succeeded,1960.0,0.0,63.95,1896.05,card,,V3G5UASO-0001,subscription_create,12_month,2,cus_60HVtCOMozYQXi,Lukas Richter,lukas.richter@richter-wireless-consulting.example,Richter Wireless Consulting,self_serve,network_consultant,network_consulting,CH,sub_1SnK93b4eqazwaJKta16bxBv
ch_3wVRbV51YxyoVvdRZH5yRgSh,2026-08-19 05:26:48,succeeded,980.0,0.0,32.1,947.9,card,,RV56DFRX-0004,subscription_cycle,12_month,1,cus_HkdK7nj3XpF54q,Ben Phillips,ben.phillips@aurorapoint-wi-fi-solutions.example,Aurorapoint Wi-Fi Solutions Pty Ltd,self_serve,network_consultant,network_consulting,AU,sub_1QYaHv0QcO28bg0VjYU9LoGz
ch_35YXbKymnmcHDvi5yT6ADnZF,2026-08-19 08:35:35,succeeded,599.0,0.0,19.72,579.28,card,,FRNV9G3L-0002,subscription_cycle,6_month,1,cus_w2xe3OTvz5RqKH,Kate Roberts,kate.roberts@crestmark-schools.example,Crestmark Schools Pty Ltd,self_serve,it_lead,education,AU,sub_1VG6ogQjvm96KBfQ7h6Z6JH8
ch_3Wktw1ldje2nApHmhqvliswT,2026-08-19 11:49:14,succeeded,599.0,0.0,19.72,579.28,card,,Z1CPHC0L-0001,subscription_create,6_month,1,cus_1lGn70WwucNBlm,Ben Brown,ben.brown@apexstream-hotels.example,Apexstream Hotels LLC,self_serve,it_lead,hospitality,US,sub_1dznAD5X31ylkq3wE7fXZIUM
py_3fFyxYGhT3rSXyOoObd7MZxj,2026-08-19 16:32:34,succeeded,1797.0,0.0,5.0,1792.0,bank_transfer,,4DF1NRAR-0001,subscription_create,6_month,3,cus_D1iASpxYOEaotE,Kevin Martin,kevin.martin@crestwave-partners.example,Crestwave Partners,self_serve,it_lead,professional_services,GB,sub_1u6TLFAeoCDADdXbm6wENcXF
ch_3weUKCYvkcwlRNoTwUNdkQu1,2026-08-21 09:48:22,succeeded,599.0,0.0,9.23,589.77,card,,QGQ31LS4-0002,subscription_cycle,6_month,1,cus_VAGXSALXb14Sp4,Matteo Bianchi,matteo.bianchi@lumenlink-networks.example,Lumenlink Networks S.r.l.,self_serve,network_consultant,network_consulting,IT,sub_1uJwFRIlfLwxNslYWezRwFWo
ch_30DgWzdLvSCjTJgGzfhEoPYj,2026-08-21 12:14:59,succeeded,599.0,0.0,19.72,579.28,card,,J9QZ44JI-0001,subscription_create,6_month,1,cus_NGvZdCQzUZM3am,Michael Becker,michael.becker@westlink-technology-group.example,Westlink Technology Group AG,self_serve,head_of_wireless,it_services,CH,sub_1LWmLhYrCfJZDU5Uf7tcQGuD
ch_3cEc9JX3c9wcolsQE3mwWUh1,2026-08-21 15:50:55,succeeded,599.0,0.0,19.72,579.28,card,,WGOH7WIJ-0001,subscription_create,6_month,1,cus_eO9U3DRy01WUhI,Jason Clark,jason.clark@beaconwave-hotels.example,Beaconwave Hotels LLC,self_serve,it_lead,hospitality,US,sub_1ZjLptWXDMAGRJe467dr0ms6
ch_3bK0uOwUfVWDxG8RiLs3BkwG,2026-08-21 16:34:43,succeeded,980.0,0.0,24.75,955.25,card,,ESH90Z8W-0004,subscription_cycle,12_month,1,cus_5ORpdUvK7Bdzji,Nicole Wilson,nicole.wilson@pinepoint-schools.example,Pinepoint Schools,self_serve,it_lead,education,GB,sub_1Vpf6OYF2DWFrpsmJN5heAo9
ch_3MIG9S4K9gIDGgHPEz9pEOSL,2026-08-21 16:37:08,succeeded,980.0,0.0,32.1,947.9,card,,NJK1OVI6-0001,subscription_create,12_month,1,cus_q5xZFICJEru9w6,Kate Brown,kate.brown@greencore-wireless.example,Greencore Wireless,self_serve,network_consultant,network_consulting,US,sub_1fhMwykTDQIVRMZdeo2iUdxN
ch_3OBA1a5AaGAMK9GxTc5KtsEC,2026-08-22 08:08:30,succeeded,599.0,0.0,19.72,579.28,card,,4OQ8GQJO-0003,subscription_cycle,6_month,1,cus_k1NwxC8IFbUM6d,Brian Young,brian.young@auroramark-retail-group.example,Auroramark Retail Group,self_serve,it_lead,retail,CA,sub_19GcFWHp71OCu0UDjGoRABZx
ch_3rnOZedBFddHTcmeLuX32Neu,2026-08-22 12:27:31,succeeded,599.0,0.0,9.23,589.77,card,,XM4JM8CN-0004,subscription_cycle,6_month,1,cus_RKihDMNg7wZALe,Julia Krüger,julia.kruger@bluemark-communications.example,Bluemark Communications,self_serve,head_of_wireless,telecom,DE,sub_115P9E9mwD0wsiQOoFDWXfHp
ch_39Gyqij6HZQ4WsgJE6Agqtw9,2026-08-23 06:02:45,succeeded,599.0,0.0,19.72,579.28,card,,4BDV1WAT-0002,subscription_cycle,6_month,1,cus_ZCdoMLFgm5CxLs,Emily Adams,emily.adams@polarlink-wireless.example,Polarlink Wireless LLC,self_serve,network_consultant,network_consulting,US,sub_1J1p2I6I69ex4VfdDoG0vSZq
ch_3NQnzGiDMNa74DaR3m2Yj7of,2026-08-23 11:37:45,succeeded,980.0,0.0,32.1,947.9,card,,ZSMWR2T4-0003,subscription_cycle,12_month,1,cus_i1BQPKFsftejIu,Jason Scott,jason.scott@scott-network-services.example,Scott Network Services LLC,self_serve,network_consultant,network_consulting,US,sub_1ZlNgqVqAMtFtaAkeF5Tm7P0
ch_3BwkXH3LliLbeqt3cIPKVQI9,2026-08-23 15:37:07,succeeded,599.0,0.0,9.23,589.77,card,,QDWA08FY-0002,subscription_cycle,6_month,1,cus_2L2WaWBJh72TSB,Sergio Gómez,sergio.gomez@apexbridge-wireless.example,Apexbridge Wireless,self_serve,network_consultant,network_consulting,ES,sub_1Di5QwGZ8D6K0UJm0RybB2Ji
ch_3WqgvjE31GqqsZfEWDLu2SlK,2026-08-23 20:06:09,succeeded,980.0,0.0,14.95,965.05,card,,X3O0KA6V-0001,subscription_create,12_month,1,cus_7hKWvnkTGmoPkd,Mathieu Lambert,mathieu.lambert@mailbox.example,,self_serve,network_consultant,network_consulting,FR,sub_17VNDSMSqJIo0SC8bin2Hcw0
ch_3GMpqce1axDJpk75GaxmwPP1,2026-08-23 20:33:34,succeeded,2940.0,0.0,44.35,2895.65,card,,BZQKWL91-0004,subscription_cycle,12_month,3,cus_ebF30fKJrVwXtf,Nicole Young,nicole.young@nordicline-technology-group.example,Nordicline Technology Group Ltd,self_serve,head_of_wireless,it_services,IE,sub_12mIIUuB9M12vDJ5Qq6RPK9z
ch_3n1Sd9MLkNFQuMtDPJV43AMS,2026-08-24 12:55:23,succeeded,599.0,0.0,9.23,589.77,card,,S2QK0YQE-0002,subscription_cycle,6_month,1,cus_NquILgEQfseL3N,Lukas Meyer,lukas.meyer@beaconline-clinics.example,Beaconline Clinics GmbH,self_serve,it_lead,healthcare,DE,sub_12wD5qFe3EbWJHOxAH8axKLR
ch_35qpAttw14WAcQoG0QV8Hspb,2026-08-24 15:45:04,succeeded,980.0,0.0,32.1,947.9,card,,3TDQQHDR-0004,subscription_cycle,12_month,1,cus_Woo6SJQqlWRl3x,Rachel Jones,rachel.jones@jones-network-services.example,Jones Network Services Inc.,self_serve,network_consultant,network_consulting,CA,sub_12HTZKRN6y1FZNOni5Jw0Xge
ch_3A9Q5v5s5VUUTriVxTts0U3w,2026-08-24 17:22:32,succeeded,599.0,0.0,9.23,589.77,card,,OELYM7A5-0002,subscription_cycle,6_month,1,cus_DwZfwoQcJSnyZC,Christian Wagner,christian.wagner@beaconport-warehousing.example,Beaconport Warehousing,self_serve,it_lead,logistics,DE,sub_1sayWULtmBNLFQnSzZfv0LBd
ch_33r7watZE029eaHIoycl1f8N,2026-08-25 09:03:00,succeeded,980.0,980.0,24.75,955.25,card,,7PNBMFTB-0001,subscription_create,12_month,1,cus_U852YyJpFBhMOT,Steve King,steve.king@king-wireless-consulting.example,King Wireless Consulting Ltd,self_serve,network_consultant,network_consulting,GB,sub_1NkcFnQDxCJGVx676oNAVPU6
ch_3rXBpyw7q41LN24THVU8W2ZD,2026-08-25 11:24:47,succeeded,599.0,0.0,19.72,579.28,card,,GFRO29KK-0002,subscription_cycle,6_month,1,cus_u1kPcfVaqwwFpN,John Mitchell,john.mitchell@lumenpoint-wi-fi-solutions.example,Lumenpoint Wi-Fi Solutions LLC,self_serve,network_consultant,network_consulting,US,sub_1KtfyDMt3hMKAe7XcS3Y7RTI
ch_3xBR1vXdUPZKfHeM7mPzy5N3,2026-08-25 11:27:08,succeeded,980.0,0.0,14.95,965.05,card,,VAEWVFJD-0001,subscription_create,12_month,1,cus_52GHIDdMeUCuvd,Christian Schröder,christian.schroder@maplebridge-rf-consulting.example,Maplebridge RF Consulting,self_serve,network_consultant,network_consulting,DE,sub_1VESOWYGyq6PAQZXLNb4tL5j
ch_3mDy85SBcpLNdOsxeSajCVEh,2026-08-25 16:48:10,succeeded,980.0,0.0,14.95,965.05,card,,Q7VHB2PV-0001,subscription_create,12_month,1,cus_efu4mzTpnXQbbZ,Andreas Hoffmann,andreas.hoffmann@blueport-rf-consulting.example,Blueport RF Consulting GmbH,self_serve,network_consultant,network_consulting,DE,sub_1TKUL8k7IKqKfsN5JBOGoJEp
ch_3u6G8oztIbiTfm5ZJiDk2zay,2026-08-26 08:37:13,succeeded,599.0,0.0,19.72,579.28,card,,0Z2SFQN4-0001,subscription_create,6_month,1,cus_XoJZlKjeUehkz3,Raj Clark,raj.clark@granitepoint-hotels.example,Granitepoint Hotels,self_serve,it_lead,hospitality,US,sub_1UWTMXG6sx5XZMn2Oe0yRzqH
ch_3FGqPiAvuCxG4ZNTSaig1IPW,2026-08-26 15:35:02,failed,980.0,0.0,,,card,card_declined,TTJTXA87-0002,subscription_cycle,12_month,1,cus_huC5B0cd09hHKZ,Paul Wright,paul.wright@signalgate-hotels.example,Signalgate Hotels,self_serve,it_lead,hospitality,US,sub_1gkLpHw0gPjpcKrcbOIofneC
ch_3FsG3Pfmfglar5FvB9j3psOk,2026-08-27 12:51:00,succeeded,1960.0,0.0,63.95,1896.05,card,,5JZY5LS2-0003,subscription_cycle,12_month,2,cus_8sg8CkNDIgUGwl,Thomas Hartmann,thomas.hartmann@brightgate-networks.example,Brightgate Networks AG,self_serve,network_consultant,network_consulting,CH,sub_1uS733am12spMLW1JQPzHLzL
ch_3HpWZCWTJ9lyKQdE0DjaWfFN,2026-08-27 18:14:05,succeeded,599.0,0.0,19.72,579.28,card,,B3L3WEA6-0002,subscription_cycle,6_month,1,cus_dnxpHQ2xgXjJTN,Brian Thompson,brian.thompson@deltaview-clinics.example,Deltaview Clinics LLC,self_serve,it_lead,healthcare,US,sub_1cla8wTJQhYY9POybtFSgixW
ch_3sjuHLW1XYl0sjed9JO9yy1k,2026-08-28 05:33:53,succeeded,2940.0,0.0,44.35,2895.65,card,,1EHHDBHJ-0003,subscription_cycle,12_month,3,cus_vYj7wNS662BmVY,Sophie Bernard,sophie.bernard@bernard-wireless-consulting.example,Bernard Wireless Consulting SAS,self_serve,network_consultant,network_consulting,FR,sub_1VwZzlDtsz9ALWhCjDpSkjCr
ch_3HOibBpRyfKnoHKoke6ini0E,2026-08-28 12:00:13,succeeded,599.0,0.0,19.72,579.28,card,,YTQ07AB7-0002,subscription_cycle,6_month,1,cus_dXSU0kVJXU0Wtb,Carlos Campbell,carlos.campbell@brightpeak-technology-group.example,Brightpeak Technology Group LLC,self_serve,head_of_wireless,it_services,US,sub_1ovkF0e4O3kzlURnqQHwWms7
ch_3P8pZOCmsyVm6r1AmhOi5Ueq,2026-08-28 13:28:03,succeeded,599.0,0.0,9.23,589.77,card,,VDL5W6KM-0001,subscription_create,6_month,1,cus_ypP2P3lnuilYNX,Lukas Hoffmann,lukas.hoffmann@orbitcore-hotels.example,Orbitcore Hotels,self_serve,it_lead,hospitality,DE,sub_1DC64nLnTaPIYxC3LnTjZx8C
ch_3cJGk3qcsCWki1fLL943Axro,2026-08-28 17:14:12,succeeded,980.0,0.0,14.95,965.05,card,,8YPZJWM3-0002,subscription_cycle,12_month,1,cus_L02aAE3HjdetPm,Sanna Salminen,sanna.salminen@silverview-foods.example,Silverview Foods,self_serve,it_lead,food_beverage,FI,sub_10SE7DHNtF5uZm5oxvnckBju
ch_30QHKNrUJwPXbHCRoSAWmMJH,2026-08-28 17:36:00,succeeded,980.0,0.0,14.95,965.05,card,,O5V65O87-0003,subscription_cycle,12_month,1,cus_rX8NR95hApUnx1,Ville Kinnunen,ville.kinnunen@beaconworks-retail-group.example,Beaconworks Retail Group Oy,self_serve,it_lead,retail,FI,sub_1sk8bIdBGGXZbWouOoPSXuPc
ch_3wgWJJoNYSWs2YQhOFAa5I9N,2026-08-29 13:21:14,succeeded,599.0,0.0,9.23,589.77,card,,W7CY8X9K-0001,subscription_create,6_month,1,cus_TdP1Rz5X4RosDL,Sara Eriksson,sara.eriksson@lumengate-media.example,Lumengate Media AS,self_serve,it_lead,media,NO,sub_1cggEmKOLyR6V6YOdc4aKAV2
ch_3YgJIYVzxCQaXridVe0PLAIG,2026-08-29 16:14:02,failed,980.0,0.0,,,card,card_declined,TTJTXA87-0002,subscription_cycle,12_month,1,cus_huC5B0cd09hHKZ,Paul Wright,paul.wright@signalgate-hotels.example,Signalgate Hotels,self_serve,it_lead,hospitality,US,sub_1gkLpHw0gPjpcKrcbOIofneC
ch_3MEsfAmXUs4kifIQIYO4uEt2,2026-08-30 12:57:53,succeeded,599.0,0.0,9.23,589.77,card,,Q5IHWY9I-0001,subscription_create,6_month,1,cus_DFNZ8KqL7lG92K,Kari Virtanen,kari.virtanen@brightpath-networks.example,Brightpath Networks,self_serve,network_consultant,network_consulting,FI,sub_10RG33ZSKWx9trYcLZKBqTq6
py_3OQAsNnX0cjP53uH9qSi4rAK,2026-08-30 14:59:30,succeeded,599.0,0.0,3.0,596.0,bank_transfer,,RZNLFXLL-0002,subscription_cycle,6_month,1,cus_J41Xtm5v63QOKP,Laura Thomas,laura.thomas@deltaview-industries.example,Deltaview Industries,self_serve,it_lead,manufacturing,IE,sub_1mIffQZ3y4k7lcBUnKTGt2Je
py_3N3JTbOwBbAUIFhiSTuM0Ahx,2026-08-31 17:18:12,succeeded,1198.0,0.0,5.0,1193.0,bank_transfer,,6AGIL29U-0001,subscription_create,6_month,2,cus_bczkwzlUVvaiG6,James King,james.king@polarstream-hotels.example,Polarstream Hotels,self_serve,it_lead,hospitality,GB,sub_1GTJaVarvVCFF7SB8GZt80VU
ch_3xaYE4HETKRzRH50XBCqaiUz,2026-09-01 10:02:36,succeeded,980.0,0.0,32.1,947.9,card,,3QKBKPJ7-0001,subscription_create,12_month,1,cus_uxlAihE8rxYijn,Andrew Edwards,andrew.edwards@greenstream-rf-consulting.example,Greenstream RF Consulting LLC,self_serve,network_consultant,network_consulting,US,sub_1TWZwuJ82vrNnmQtb52zqDlp
ch_3NCOJCcQC1r3nIVSUTTiizcv,2026-09-01 11:04:49,succeeded,980.0,0.0,32.1,947.9,card,,59RWICEA-0003,subscription_cycle,12_month,1,cus_3RjYOM09QN6TzO,Paul Collins,paul.collins@irongate-wireless.example,Irongate Wireless LLC,self_serve,network_consultant,network_consulting,US,sub_1iGP2MLWT8C6sk3lwFtk338A
ch_3yQwBIYhluPLjWRF9U1KH0qR,2026-09-01 11:10:16,succeeded,980.0,0.0,32.1,947.9,card,,O3IXGRRB-0001,subscription_create,12_month,1,cus_fobbiOMKp4C10N,Ben Jones,ben.jones@summitgate-wireless.example,Summitgate Wireless,self_serve,network_consultant,network_consulting,US,sub_1wMbdcUISVJUpf2YZY3BqDvZ
ch_3LBjcb3j7qymcpCjBekxFhOc,2026-09-01 11:46:43,succeeded,599.0,0.0,9.23,589.77,card,,6UWT6C6I-0001,subscription_create,6_month,1,cus_RHN4EI4vN4agU2,Ola Karlsson,ola.karlsson@balticgate-properties.example,Balticgate Properties AB,self_serve,it_lead,real_estate,SE,sub_15Jw3kPaXoWuGN7TBOBsTGPh
ch_3bvwExOltLVprRaR7eTfdM2l,2026-09-01 12:09:53,succeeded,599.0,0.0,19.72,579.28,card,,I3Z4DQN0-0001,subscription_create,6_month,1,cus_6VVyFS4CDUD5JC,Kate Campbell,kate.campbell@campbell-network-services.example,Campbell Network Services LLC,self_serve,network_consultant,network_consulting,US,sub_1cT4ZMNSS4BA88kNK3YLV9AJ
ch_35ANPbkZeSb0CtM37ELNXaiM,2026-09-01 13:07:24,succeeded,599.0,0.0,19.72,579.28,card,,7QP88QAG-0002,subscription_cycle,6_month,1,cus_D5eDZTDsRQVtYX,Rachel Miller,rachel.miller@miller-wireless-consulting.example,Miller Wireless Consulting LLC,self_serve,network_consultant,network_consulting,US,sub_1I7017BhhZ3ntwAHmfxzgQS4
ch_365rjaGEKaQGYf8TB9JQlrQJ,2026-09-01 13:08:20,succeeded,599.0,0.0,9.23,589.77,card,,J8SVIGPA-0001,subscription_create,6_month,1,cus_5WEUHNndL8mpGJ,Maxime Rousseau,maxime.rousseau@crestline-schools.example,Crestline Schools SAS,self_serve,it_lead,education,FR,sub_1eFTlf0jrx1lHoaTl4Pzj10W
py_30Arodu9n3kAJ2qTHYgx4DnY,2026-09-01 13:14:04,succeeded,299000.0,0.0,5.0,298995.0,bank_transfer,,VDJ4BZ1Y-0002,subscription_cycle,enterprise,1,cus_TYUgd46TiMP6PM,Marlowe Valley University Hospital,accounts.payable@marlowe-valley-university-hospital.example,Marlowe Valley University Hospital,enterprise,,hospital,GB,sub_1lvldG7aaapYTB1FSgnmihz5
ch_386DETUZYVUI3sa3Sv6irQdO,2026-09-01 15:28:04,succeeded,599.0,0.0,19.72,579.28,card,,YQ9H7H3X-0002,subscription_cycle,6_month,1,cus_d32tODeBJhRoK5,Andrew Brown,andrew.brown2@brown-wireless-consulting.example,Brown Wireless Consulting LLC,self_serve,network_consultant,network_consulting,US,sub_16AUTcGoxca1rE5H6uVYw1h4
ch_30cO366DBOaeGBOEdiJBtdsY,2026-09-01 16:35:49,succeeded,2940.0,0.0,95.8,2844.2,card,,BYAM6K6B-0001,subscription_create,12_month,3,cus_REyiAk9OArmkVZ,Andrew Scott,andrew.scott@harborline-wireless.example,Harborline Wireless LLC,self_serve,network_consultant,network_consulting,US,sub_1o0XpTk6pC0C8JctPSHKxsOF
ch_3g3zWU7GeiD5Z5DRyKaQzXdf,2026-09-01 18:11:30,failed,980.0,0.0,,,card,card_declined,HYLSNVXP-0001,subscription_create,12_month,1,cus_cpsNaABBdyy5be,Carlos Scott,carlos.scott@apexpeak-schools.example,Apexpeak Schools Ltd,self_serve,it_lead,education,GB,sub_1dNhfQM98OBunbTIaPzZSwoR
ch_3hs7IMnOWqNn6hHGupOua7uw,2026-09-01 18:18:23,succeeded,980.0,0.0,24.75,955.25,card,,HYLSNVXP-0001,subscription_create,12_month,1,cus_cpsNaABBdyy5be,Carlos Scott,carlos.scott@apexpeak-schools.example,Apexpeak Schools Ltd,self_serve,it_lead,education,GB,sub_1dNhfQM98OBunbTIaPzZSwoR
ch_3Qxp7iepDiGOo9vnhCNDb3Hv,2026-09-01 19:13:55,succeeded,980.0,0.0,32.1,947.9,card,,85KR6I4O-0002,subscription_cycle,12_month,1,cus_kFbH6YHp8xq7ui,Priya Clark,priya.clark@apexcore-partners.example,Apexcore Partners,self_serve,it_lead,professional_services,US,sub_1nUlIjzzxWAdDbPPlUlcs2ul
ch_3twC315qkymJftYct4Rqmv5J,2026-09-02 09:16:12,succeeded,599.0,0.0,19.72,579.28,card,,QYYDQDEQ-0002,subscription_cycle,6_month,1,cus_LzQOJRMLpwCaeu,Steve Martin,steve.martin@inbox.example,,self_serve,network_consultant,network_consulting,US,sub_1Q2mjJWr4f45Ti2dsfNp69cv
ch_3yVTZBTl1c5JPXn285FWZBwi,2026-09-02 10:15:46,succeeded,980.0,0.0,24.75,955.25,card,,HGIJWL8F-0004,subscription_cycle,12_month,1,cus_jPwSTgZ8mITgAc,Daniel Thomas,daniel.thomas@westworks-schools.example,Westworks Schools,self_serve,it_lead,education,GB,sub_1FxdVzVpwuF4kgryZLLtoU57
ch_3nDqEEoJkTOgEbSL9sJXncm1,2026-09-02 16:49:21,succeeded,980.0,0.0,14.95,965.05,card,,3KEZCCGF-0002,subscription_cycle,12_month,1,cus_dC7qZZwLVcnWx4,Daan van Dijk,daan.vandijk@crestpath-systems-integration.example,Crestpath Systems Integration,self_serve,head_of_wireless,it_services,BE,sub_1ziQzedRlDajbYGtMZ06iel6
ch_3w9ogJMhm0hukViQIqeLfvgb,2026-09-02 17:45:36,succeeded,599.0,0.0,19.72,579.28,card,,R2AIR8XN-0002,subscription_cycle,6_month,1,cus_S8sH8HhqkXtH6s,Megan Phillips,megan.phillips@lumenlink-construction.example,Lumenlink Construction,self_serve,it_lead,construction,US,sub_1QkGAjR5S7WVPtsCU7Asbo1A
ch_32o20plK4HD0zPnLedkyuqnF,2026-09-02 20:05:07,succeeded,599.0,0.0,19.72,579.28,card,,E21XJF5B-0001,subscription_create,6_month,1,cus_t3XIp0tVZAw8co,Brian Baker,brian.baker@lumenpoint-wireless.example,Lumenpoint Wireless LLC,self_serve,network_consultant,network_consulting,US,sub_1qQuyGxPDxNBdx3e9h86PmNN
ch_3X5BNqYAXig2zTIBnQcuqrRZ,2026-09-03 12:09:07,succeeded,599.0,0.0,9.23,589.77,card,,0EPMSSO9-0002,subscription_cycle,6_month,1,cus_LbGAJS8eDZxisP,Thomas Fischer,thomas.fischer@fischer-network-services.example,Fischer Network Services,self_serve,network_consultant,network_consulting,DE,sub_1uzbbma76dZPM1uajNhb0020
ch_3n0idbSOJEGFgh58ecVjN0hD,2026-09-03 14:52:17,succeeded,980.0,0.0,24.75,955.25,card,,LNWDNKNY-0002,subscription_cycle,12_month,1,cus_Izrg2uXZo10oNr,Ahmed Nelson,ahmed.nelson@nelson-network-services.example,Nelson Network Services,self_serve,network_consultant,network_consulting,GB,sub_1f90mpnYDBMWZGAG9G4VtVoE
ch_3aU50PPaLZG0lpmg5uYOVF7y,2026-09-03 15:57:02,failed,980.0,0.0,,,card,card_declined,TTJTXA87-0002,subscription_cycle,12_month,1,cus_huC5B0cd09hHKZ,Paul Wright,paul.wright@signalgate-hotels.example,Signalgate Hotels,self_serve,it_lead,hospitality,US,sub_1gkLpHw0gPjpcKrcbOIofneC
ch_3zYs8dW2sHHzjWlgzJXyM6Dz,2026-09-03 18:15:24,succeeded,2940.0,0.0,44.35,2895.65,card,,WVD4M4DO-0002,subscription_cycle,12_month,3,cus_YGP9Y3IXqdeGPJ,Sara Larsson,sara.larsson@granitepoint-communications.example,Granitepoint Communications ApS,self_serve,head_of_wireless,telecom,DK,sub_1dhyEVNpf6iJgvsXWZ8FUhw1
ch_3eq1UHCMG6JToN1pI8d5OLWn,2026-09-04 07:46:00,succeeded,599.0,0.0,9.23,589.77,card,,7OR2TRIA-0001,subscription_create,6_month,1,cus_jBw9yzfKoNJIK7,Uwe Schröder,uwe.schroder@northpoint-technology-group.example,Northpoint Technology Group GmbH,self_serve,head_of_wireless,it_services,DE,sub_1ZHyG9nqJXKjmsuIsBhrESun
ch_3eciLIMXtjQUxpkd9Yv1pCiE,2026-09-04 14:32:51,succeeded,2940.0,0.0,95.8,2844.2,card,,E7NR7KFI-0003,subscription_cycle,12_month,3,cus_G85Z4nBrYQLJtK,Steve Green,steve.green@greenfield-telecom.example,Greenfield Telecom LLC,self_serve,head_of_wireless,telecom,US,sub_1qtRCx8bncubhiMbMnQymsNr
ch_3Derj3XRgypCLKhdoEvQlB6k,2026-09-04 17:44:14,succeeded,980.0,0.0,32.1,947.9,card,,E9322A8K-0002,subscription_cycle,12_month,1,cus_hjafFf5QsCJvAx,Anja Krüger,anja.kruger@clearpoint-technology-group.example,Clearpoint Technology Group AG,self_serve,head_of_wireless,it_services,CH,sub_1H03TBJrVdVWcGfWIJNcPfIT
ch_3ZKM8xbWOraNzl6vVcouDtur,2026-09-04 21:37:42,succeeded,980.0,0.0,32.1,947.9,card,,72E0W8JD-0001,subscription_create,12_month,1,cus_HheuBohQCaOTMy,Megan Williams,megan.williams@deltaport-communications.example,Deltaport Communications LLC,self_serve,head_of_wireless,telecom,US,sub_1utTsX355niXd0zCsPWOKw5w
ch_3XRQHwUfWWmc0Avh99IdujbO,2026-09-05 14:32:08,succeeded,599.0,599.0,9.23,589.77,card,,3O4CJISD-0001,subscription_create,6_month,1,cus_khXSQ8R5SaBpq9,Jan Hoffmann,jan.hoffmann@greenstream-partners.example,Greenstream Partners,self_serve,it_lead,professional_services,DE,sub_1Kpf7bNdNtvf46v397p1fxEA
py_3LwdFqTxVVnOiPICm1o9dSm7,2026-09-05 21:42:31,succeeded,2940.0,0.0,5.0,2935.0,bank_transfer,,35F7TM8Q-0004,subscription_cycle,12_month,3,cus_OKA6ZFZQxXeDCJ,Anja Schulz,anja.schulz@apexlink-partners.example,Apexlink Partners AG,self_serve,it_lead,professional_services,CH,sub_13PIZpxNVdyaO7McqEqEqnLv
ch_3eO9eBzMFKVbxU2qZE5qtxoL,2026-09-06 11:35:16,failed,1960.0,0.0,,,card,expired_card,MBWEELSE-0005,subscription_cycle,12_month,2,cus_37pd4RALOEu135,Andreas Zimmermann,andreas.zimmermann@clearfield-retail-group.example,Clearfield Retail Group GmbH,self_serve,it_lead,retail,DE,sub_1kEjKF4gVn8t1mvSDrQdcZTA
ch_3maPQIuzgOLPAnQju30QmyEC,2026-09-06 12:28:04,succeeded,1198.0,0.0,30.2,1167.8,card,,6EXIQEZF-0001,subscription_create,6_month,2,cus_rkI2ovGMML1XMT,Paul Parker,paul.parker@inbox.example,,self_serve,network_consultant,network_consulting,GB,sub_1YiiUNQUX0rDYJGOEjGzlwnQ
ch_3cS9HyYhCmJz3bQAYfUMXSZU,2026-09-06 12:59:26,succeeded,1797.0,0.0,58.65,1738.35,card,,L8G0XB3B-0004,subscription_cycle,6_month,3,cus_WrMCNgiefJDo4G,Paul Nelson,paul.nelson@inbox.example,,self_serve,network_consultant,network_consulting,US,sub_1cvbj2n43EHtzVljsfy8UJuq
ch_3rgvCsf0O7MzJpVvb6UkGauw,2026-09-07 18:25:16,succeeded,980.0,0.0,14.95,965.05,card,,9GD259A5-0001,subscription_create,12_month,1,cus_VtL8AtobMTgTu4,Olivier Leroy,olivier.leroy@harborport-wi-fi-solutions.example,Harborport Wi-Fi Solutions,self_serve,network_consultant,network_consulting,FR,sub_1sPXyFMLXEKnJHxl4bTMumP1
ch_37RKmfGgxX717RMayJCJU10v,2026-09-08 09:21:33,succeeded,980.0,0.0,32.1,947.9,card,,9262OU8O-0004,subscription_cycle,12_month,1,cus_nWSwF1iCbw6NoM,James Nguyen,james.nguyen@blueport-it-solutions.example,Blueport IT Solutions LLC,self_serve,head_of_wireless,it_services,US,sub_1hp2u9z3kGHsIOqXE77o2B52
ch_3qdj7DGDvxdEV50De7aF8kmm,2026-09-08 11:47:32,succeeded,980.0,0.0,14.95,965.05,card,,G833GR4Q-0001,subscription_create,12_month,1,cus_sJCT6ZEXX8ea7E,Nicolas Bernard,nicolas.bernard@clearworks-networks.example,Clearworks Networks,self_serve,network_consultant,network_consulting,FR,sub_1c9hZoZqh1kAIO5VQmXTn3mX
ch_3ARJLoURpSXN0X31hq4pf3dF,2026-09-09 06:34:57,succeeded,980.0,0.0,14.95,965.05,card,,YZJ0MJO1-0001,subscription_create,12_month,1,cus_LlRGWgHi1X61mS,Wei Patel,wei.patel@nordicpath-warehousing.example,Nordicpath Warehousing,self_serve,it_lead,logistics,IE,sub_18tiTHmc7BfJPHHtkdA1FjoP
ch_3XWPoOTUGuOe7bdhzFnWjD1V,2026-09-09 12:11:16,succeeded,1960.0,0.0,29.65,1930.35,card,,MBWEELSE-0005,subscription_cycle,12_month,2,cus_37pd4RALOEu135,Andreas Zimmermann,andreas.zimmermann@clearfield-retail-group.example,Clearfield Retail Group GmbH,self_serve,it_lead,retail,DE,sub_1kEjKF4gVn8t1mvSDrQdcZTA
ch_3tNFVJJr6Z2KyIukzCqOdDUX,2026-09-10 09:04:02,succeeded,1198.0,0.0,30.2,1167.8,card,,DKFO5LOV-0002,subscription_cycle,6_month,2,cus_MmqK6jsDmxVVP6,Robert Thompson,robert.thompson@silverline-schools.example,Silverline Schools Ltd,self_serve,it_lead,education,GB,sub_1EU0TDawzwOsFX6zD6xYM3AM
ch_31TdfGDyf9pBV3yYKUxDZ19p,2026-09-10 09:30:54,succeeded,980.0,0.0,24.75,955.25,card,,RUPPQ9IY-0001,subscription_create,12_month,1,cus_BBpJAvwwtxVYq3,Ryan Martin,ryan.martin@silverworks-media.example,Silverworks Media Ltd,self_serve,it_lead,media,GB,sub_1oHtZ3uiJWw1cY9HzHFg7GnG
ch_3ErtMrKw5oIPyKKzgGWjpJkS,2026-09-10 11:18:30,succeeded,599.0,0.0,9.23,589.77,card,,I5E42WX1-0002,subscription_cycle,6_month,1,cus_FjQgSq8bZEup8P,Eero Ahonen,eero.ahonen@polarmark-clinics.example,Polarmark Clinics Oy,self_serve,it_lead,healthcare,FI,sub_1ZmzsYKtKw5pjCuP1YhLaISk
ch_3dcxVDs0skFmdtOnWr8XsKfV,2026-09-10 11:57:35,succeeded,1960.0,0.0,29.65,1930.35,card,,YS8BP40U-0003,subscription_cycle,12_month,2,cus_989WoWan9HELxp,Olivier Leroy,olivier.leroy@mailbox.example,,self_serve,network_consultant,network_consulting,FR,sub_1xuqQRurd3uTaLCeVqbGDlBP
ch_3vCd9fhGLl0IOJBUYnHtcxPn,2026-09-10 15:20:20,succeeded,1198.0,0.0,18.22,1179.78,card,,TCQDBAAH-0003,subscription_cycle,6_month,2,cus_KhzWMai1F7C1a8,Anders Sørensen,anders.sorensen@summitpoint-foods.example,Summitpoint Foods AB,self_serve,it_lead,food_beverage,SE,sub_16cxS1e341bHpvON1gAyvP3s
ch_33p5KdKDgzbM6sKmX2OkPGGe,2026-09-10 17:25:06,succeeded,980.0,0.0,32.1,947.9,card,,9OZVCJ29-0001,subscription_create,12_month,1,cus_n8SdxnHU9jmv6z,Sarah Smith,sarah.smith@smith-wireless-consulting.example,Smith Wireless Consulting,self_serve,network_consultant,network_consulting,US,sub_1t7iRs7GKy82feHdPTnHGxnf
ch_3yIuMOLJJXn5tVEywcQLwQit,2026-09-11 05:36:53,succeeded,1960.0,0.0,29.65,1930.35,card,,PVJO3NQB-0001,subscription_create,12_month,2,cus_PsgpOnmGqBhgeA,Anja Braun,anja.braun@inbox.example,,self_serve,network_consultant,network_consulting,DE,sub_1mOITeo2B98nVxbpaujCqWjP
ch_3jmf7WPy9M653VKjkGWSgOOg,2026-09-11 06:58:08,succeeded,599.0,0.0,9.23,589.77,card,,JM1L9U9I-0002,subscription_cycle,6_month,1,cus_oSbrRjLOjOvCFw,Camille Lambert,camille.lambert@polarlink-schools.example,Polarlink Schools SAS,self_serve,it_lead,education,FR,sub_1EPEJLEzIC1JjFQzMpaEw9OH
ch_3m3inEJLbZAq8d3N0oylSnbM,2026-09-11 10:36:10,succeeded,599.0,0.0,9.23,589.77,card,,3LBU4UIM-0003,subscription_cycle,6_month,1,cus_dtxeZFDn09mylT,Emma Andersson,emma.andersson@pinegate-logistics.example,Pinegate Logistics AB,self_serve,it_lead,logistics,SE,sub_1zbcgu9K8qa6bL3MCQAo9Phi
ch_3OjjT9p5yWi0zF3MSgxP2TDs,2026-09-11 12:36:24,succeeded,980.0,0.0,32.1,947.9,card,,64DS9WYU-0004,subscription_cycle,12_month,1,cus_JXCs2eoJFPlFzy,Olivia Jones,olivia.jones@mailbox.example,,self_serve,network_consultant,network_consulting,US,sub_1ntyHQF6LL4235BEX9pZSYwp
ch_3Y2n49uKvNgYFJKh6cQxDNxj,2026-09-11 13:00:39,succeeded,980.0,0.0,14.95,965.05,card,,SE8TX2IN-0003,subscription_cycle,12_month,1,cus_dD3WLSA0m32m1j,Katja Mäkelä,katja.makela@orbitline-networks.example,Orbitline Networks Oy,self_serve,network_consultant,network_consulting,FI,sub_1iws0Ilak87JPLoV1DwsNnsp
ch_3UNS4LVQFnHL7RvhJcziFBpL,2026-09-11 16:55:11,succeeded,980.0,0.0,32.1,947.9,card,,LD5TLRM4-0002,subscription_cycle,12_month,1,cus_yKbsOBpxxxOL04,Tom Brown,tom.brown@greenlink-media.example,Greenlink Media LLC,self_serve,it_lead,media,US,sub_1MyiU8eIKjMb6wen6E4qFSKv
ch_38W8wNiKT6ZVnLlHDfPRyHUg,2026-09-12 06:32:43,succeeded,980.0,0.0,32.1,947.9,card,,82WMT9YX-0003,subscription_cycle,12_month,1,cus_jSBLjoXZqNwj9k,John Young,john.young@auroralink-rf-consulting.example,Auroralink RF Consulting,self_serve,network_consultant,network_consulting,AU,sub_1UPAP9IVbrAPbgqpADeLj3Tr
ch_36sEA27aJ8XBStV7RFq3YVK3,2026-09-12 09:13:57,succeeded,980.0,0.0,14.95,965.05,card,,PE9JCG7B-0002,subscription_cycle,12_month,1,cus_erflUSj6IrlTB8,Daniel Schulz,daniel.schulz@balticlink-wireless-engineering.example,Balticlink Wireless Engineering GmbH,self_serve,head_of_wireless,network_consulting,DE,sub_1zBtOcYkgkE1ZVbdu8K7g04U
ch_3X0MNOW4LyDjaBFveZDcFR75,2026-09-13 09:44:45,succeeded,599.0,0.0,19.72,579.28,card,,WH7KKWSV-0001,subscription_create,6_month,1,cus_yHINv0S1Cc2Htc,Emily Taylor,emily.taylor@signalstream-rf-consulting.example,Signalstream RF Consulting Pty Ltd,self_serve,network_consultant,network_consulting,AU,sub_1ooRRNNTyEW0iQzAgMFAWPGU
py_3OtowAQpFTwFKTnjyg7R7123,2026-09-13 11:41:13,succeeded,1198.0,0.0,5.0,1193.0,bank_transfer,,2REPN4TN-0001,subscription_create,6_month,2,cus_bYLU5CTL4gs4H1,Chris Wilson,chris.wilson@cedarwave-logistics.example,Cedarwave Logistics LLC,self_serve,it_lead,logistics,US,sub_1t54ILImW9WtS5gU4g0zoogI
ch_3F4OfN79WKtlR0LyTQDr2wUP,2026-09-13 13:22:06,failed,980.0,0.0,,,card,expired_card,U903I8SR-0004,subscription_cycle,12_month,1,cus_stSef8y4IGDTQR,John Green,john.green@postbox.example,,self_serve,network_consultant,network_consulting,GB,sub_1A8OqIJoYNl8Wk5l6g9azT6L
ch_3EjCH4aiM4ptlzJnSDUcepZe,2026-09-14 04:56:02,succeeded,1198.0,0.0,39.19,1158.81,card,,JMMFVYWX-0001,subscription_create,6_month,2,cus_AoaflrsduFXqmv,Emily Roberts,emily.roberts@blueworks-media.example,Blueworks Media LLC,self_serve,it_lead,media,US,sub_15SX8sCj6hCfmsKT4eZvRp8j
ch_37RhDX305thOQlNhQn600T5I,2026-09-14 09:35:41,succeeded,1960.0,0.0,6.35,1953.65,sepa_debit,,VIQFY4H6-0004,subscription_cycle,12_month,2,cus_FkLdUFihWJJ7nb,Rasmus Berg,rasmus.berg@brightfield-managed-services.example,Brightfield Managed Services AB,self_serve,head_of_wireless,it_services,SE,sub_1GwfgQrmC9CIumhvQIWgpdWU
ch_3xafP9gZ8dFpyGJH452NlnI7,2026-09-14 10:41:04,succeeded,980.0,0.0,32.1,947.9,card,,PPBHEKAN-0001,subscription_create,12_month,1,cus_Wid06pBgAGl8j2,Laura Wright,laura.wright@atlaspath-foods.example,Atlaspath Foods Inc.,self_serve,it_lead,food_beverage,CA,sub_1GZLhnoNreOd4v9Un01GVNvF
ch_3oMIAkNYbJORBOXdKQA7xeIK,2026-09-14 16:39:21,succeeded,1960.0,0.0,29.65,1930.35,card,,7U7U2912-0001,subscription_create,12_month,2,cus_7b8PS3eYUKm5J2,Uwe Braun,uwe.braun@braun-wireless-consulting.example,Braun Wireless Consulting GmbH,self_serve,network_consultant,network_consulting,DE,sub_1Pn5HlgdGoKD73YcsZ7kNXSO
ch_3QNxGo67F6JeyGDGcOTKrygn,2026-09-14 17:10:44,succeeded,980.0,0.0,6.35,973.65,sepa_debit,,X30FJHUB-0001,subscription_create,12_month,1,cus_mLwu6zhmGqWWUi,Janne Korhonen,janne.korhonen@northpath-networks.example,Northpath Networks Oy,self_serve,network_consultant,network_consulting,FI,sub_1mxI0npyQ7wv2xGLWjaB3sRl
ch_3rL9fMQ5Hi5AAm6GTex6ktkl,2026-09-14 20:41:23,succeeded,980.0,0.0,14.95,965.05,card,,HQ2CMQAK-0001,subscription_create,12_month,1,cus_4jlaC3AoQqRiA5,Ola Pedersen,ola.pedersen@balticstream-managed-services.example,Balticstream Managed Services AB,self_serve,head_of_wireless,it_services,SE,sub_17bud8b3fs31kBvDFtW4jl6y
ch_3KmfNa7a949C1DCY6NDTNAnm,2026-09-15 07:14:11,succeeded,980.0,0.0,32.1,947.9,card,,VZUBZVGT-0001,subscription_create,12_month,1,cus_iL2SDn1RRyHJbi,Michael Turner,michael.turner@polarworks-wi-fi-solutions.example,Polarworks Wi-Fi Solutions Pty Ltd,self_serve,network_consultant,network_consulting,AU,sub_1UVuXXg12bzdhnnWnswmFZti
ch_3j52H1a2j92yobYJfKrb8oAK,2026-09-15 09:54:46,failed,980.0,0.0,,,card,expired_card,BUG6J0LI-0006,subscription_cycle,12_month,1,cus_j7oS8UcPmuAPRk,Matt Martin,matt.martin@atlasview-rf-consulting.example,Atlasview RF Consulting LLC,self_serve,network_consultant,network_consulting,US,sub_185C5LckEvZziVI40olo8p6y
ch_3EaKxXsNqpvGSIXBEuAREnmQ,2026-09-15 10:13:50,succeeded,980.0,0.0,32.1,947.9,card,,ECTQKVG0-0001,subscription_create,12_month,1,cus_n5aIgqfKvaPHJF,Ahmed Nelson,ahmed.nelson@granitefield-rf-consulting.example,Granitefield RF Consulting,self_serve,network_consultant,network_consulting,CA,sub_1p9jSIA75nrB22LZqu8rSf8X
ch_3yrqDHcLcIm1ALVDn1ZEvIEN,2026-09-15 10:14:15,succeeded,980.0,0.0,6.35,973.65,sepa_debit,,0FDXWMTP-0002,subscription_cycle,12_month,1,cus_WhNFPWE5HpEufj,Laura Moreno,laura.moreno@postbox.example,,self_serve,network_consultant,network_consulting,ES,sub_1jtsJvqxfUWTBI8Ux6e73ViS
ch_38EdbsgTbME2pPaxHnx79AzL,2026-09-15 12:33:16,succeeded,2940.0,0.0,44.35,2895.65,card,,PIR2Z22I-0001,subscription_create,12_month,3,cus_RdHARJEpwzpSQb,Mikkel Eriksson,mikkel.eriksson@cedarbridge-telecom.example,Cedarbridge Telecom ApS,self_serve,head_of_wireless,telecom,DK,sub_1yiZs7iCMw8aZVfsmAQ4idQl
ch_3sb36zLKMzX4gMPUDr1QFf30,2026-09-15 18:22:18,succeeded,599.0,0.0,9.23,589.77,card,,9W8OUT58-0001,subscription_create,6_month,1,cus_xNWq1n9fAPhRe7,Mikkel Nygaard,mikkel.nygaard@granitepeak-wireless.example,Granitepeak Wireless,self_serve,network_consultant,network_consulting,SE,sub_1tTubsktrrLZd0nTFYTW1sj1
ch_3QERVzdBE2SxxfWzmJTvXgLi,2026-09-15 23:35:57,succeeded,980.0,0.0,14.95,965.05,card,,VN0ATPH0-0002,subscription_cycle,12_month,1,cus_T8LyFL3asZUNoQ,Maxime Fontaine,maxime.fontaine@beaconview-rf-consulting.example,Beaconview RF Consulting,self_serve,network_consultant,network_consulting,FR,sub_14X2dzOvo8UW9fCewm4piHbz
py_3zoHbEQs0RiIW1Cfvyfp41Db,2026-09-15 23:50:03,succeeded,1960.0,0.0,5.0,1955.0,bank_transfer,,8NTLKGTT-0001,subscription_create,12_month,2,cus_EmTRTTJr0ZO5zo,Raj Taylor,raj.taylor@greenlink-wireless-engineering.example,Greenlink Wireless Engineering,self_serve,head_of_wireless,network_consulting,GB,sub_14D10shnIqQP7jTU6MYMDJBh
ch_3p4fDd5ZPnZB4nIFNxJlFLLg,2026-09-16 08:21:48,succeeded,980.0,0.0,14.95,965.05,card,,ZPO74H3Y-0001,subscription_create,12_month,1,cus_0qjJ4bWSVCqGaD,Kristian Sørensen,kristian.sorensen@silverlink-construction.example,Silverlink Construction,self_serve,it_lead,construction,NO,sub_1wGe2fdUYgaIk3VHSj2FCPKE
ch_3meWFllrmYjfQMo8lIEuFbOU,2026-09-16 10:24:59,succeeded,599.0,0.0,15.23,583.77,card,,F8XYXCS4-0001,subscription_create,6_month,1,cus_B5N7zR24jx3Hti,Sarah Kelly,sarah.kelly@northlink-retail-group.example,Northlink Retail Group,self_serve,it_lead,retail,GB,sub_1Fj95RBQgagZl29Gt8l8U0WA
ch_3KSMID6Api8obrq37buYUpLb,2026-09-16 10:28:59,succeeded,1198.0,0.0,18.22,1179.78,card,,NFHEKZO9-0002,subscription_cycle,6_month,2,cus_HbLLPuaOWPBFCF,Rasmus Dahl,rasmus.dahl@dahl-network-services.example,Dahl Network Services,self_serve,network_consultant,network_consulting,DK,sub_1JEz5655fbafKR2F0ffmFtSv
ch_3syP4sV9hEtpMb8TNQWZdYAm,2026-09-16 10:57:08,succeeded,599.0,0.0,9.23,589.77,card,,CLQOEI8A-0001,subscription_create,6_month,1,cus_lqIuVtL8Mboev0,Bram Hendriks,bram.hendriks@blueworks-logistics.example,Blueworks Logistics BV,self_serve,it_lead,logistics,BE,sub_1WuLiTrruXzNolwfSoIVDvDL
ch_3B7Ci301lUZ8tKkly18CGzCs,2026-09-16 11:36:22,succeeded,1797.0,0.0,58.65,1738.35,card,,DC6IA7EI-0002,subscription_cycle,6_month,3,cus_hUDUvQNelURVHK,Chris Wright,chris.wright@nordicfield-clinics.example,Nordicfield Clinics LLC,self_serve,it_lead,healthcare,US,sub_1txPvOHqGcnb4xO4Hllf76xf
ch_3s4a52jDQgoifbJi8JVC7th5,2026-09-16 14:34:06,succeeded,980.0,0.0,24.75,955.25,card,,U903I8SR-0004,subscription_cycle,12_month,1,cus_stSef8y4IGDTQR,John Green,john.green@postbox.example,,self_serve,network_consultant,network_consulting,GB,sub_1A8OqIJoYNl8Wk5l6g9azT6L
ch_3o47w0RuPrWlmIKbMPanRMAO,2026-09-17 07:07:29,succeeded,980.0,0.0,32.1,947.9,card,,EC5WXZGU-0001,subscription_create,12_month,1,cus_R8RMvzKoNXbInu,Eric Mitchell,eric.mitchell@beaconpeak-rf-consulting.example,Beaconpeak RF Consulting LLC,self_serve,network_consultant,network_consulting,US,sub_1CTYom2YgXXWm8FZZllQvNAP
ch_3CTxKidKTbNo693IQ2HVNqtv,2026-09-17 16:10:59,succeeded,980.0,0.0,32.1,947.9,card,,DKXKOUKZ-0002,subscription_cycle,12_month,1,cus_ilg03QzIhGOfhs,Ahmed Hall,ahmed.hall@granitestream-communications.example,Granitestream Communications,self_serve,head_of_wireless,telecom,US,sub_1YZKxGuXWzoVZCXRc0w5thAk
ch_3c8G02SgeKZV0Srq2vI9BsX9,2026-09-17 16:31:18,succeeded,599.0,0.0,19.72,579.28,card,,64OKWQ9I-0002,subscription_cycle,6_month,1,cus_sr6eZOqIWz8GU1,Tobias Schmidt,tobias.schmidt@beaconwave-industries.example,Beaconwave Industries AG,self_serve,it_lead,manufacturing,CH,sub_1k84ESdauAgTE5LxaC9zCDHR
ch_3vGBNaqXKx9yRrDzlL9nV25m,2026-09-17 21:34:26,succeeded,980.0,0.0,32.1,947.9,card,,U6P4N807-0001,subscription_create,12_month,1,cus_R6XONlvL7esqyj,Ben Moore,ben.moore@maplestream-warehousing.example,Maplestream Warehousing,self_serve,it_lead,logistics,US,sub_15tfABQBWicwfIs3pZnDoCFM
ch_3G7ryMYvDTQhsyHhCegn22jU,2026-09-17 22:27:36,succeeded,599.0,0.0,9.23,589.77,card,,724FDFOB-0001,subscription_create,6_month,1,cus_zIYCU5Oqvss06K,Anna Lehtonen,anna.lehtonen@blueport-it-solutions.example,Blueport IT Solutions,self_serve,head_of_wireless,it_services,FI,sub_1NGHwgZuxD3ila7QDkPpM6eG
ch_3lr1YSahgZGWr2P9FKoBOkzF,2026-09-18 05:02:49,succeeded,1198.0,0.0,39.19,1158.81,card,,L2GEVCL4-0001,subscription_create,6_month,2,cus_ta0nZH5qNUwwfY,Rachel Jones,rachel.jones@granitepeak-wireless.example,Granitepeak Wireless LLC,self_serve,network_consultant,network_consulting,US,sub_187hGu50xknqpaR0Nn2GKzla
ch_3jILVsaIYZdKF9wutHL6c7sk,2026-09-18 09:55:37,succeeded,599.0,0.0,19.72,579.28,card,,7CSCNYT5-0001,subscription_create,6_month,1,cus_ZXVUQYRp9ckyTH,Raj Carter,raj.carter@nordiclink-properties.example,Nordiclink Properties LLC,self_serve,it_lead,real_estate,US,sub_1MV2kyYVvrD8tWwSa3PY7Z9g
ch_3yeLz0pBQe1brYBkUC4LdntF,2026-09-18 10:06:46,succeeded,980.0,0.0,32.1,947.9,card,,BUG6J0LI-0006,subscription_cycle,12_month,1,cus_j7oS8UcPmuAPRk,Matt Martin,matt.martin@atlasview-rf-consulting.example,Atlasview RF Consulting LLC,self_serve,network_consultant,network_consulting,US,sub_185C5LckEvZziVI40olo8p6y
ch_38FYgb3rrxN8sweEftYCIB5m,2026-09-18 13:05:41,succeeded,599.0,0.0,9.23,589.77,card,,I7JLNJ8P-0001,subscription_create,6_month,1,cus_hRhOBB9tW8bPtQ,Raúl López,raul.lopez@crestcore-wireless-engineering.example,Crestcore Wireless Engineering S.L.,self_serve,head_of_wireless,network_consulting,ES,sub_1nkggH4D0ZsMwdi8RCyaCJok
ch_3WukrgJlwtrlnqyXKhSIpGCV,2026-09-18 18:07:40,succeeded,980.0,0.0,6.35,973.65,sepa_debit,,6LJ0MKCT-0001,subscription_create,12_month,1,cus_V3XGIlhhAT2ERz,Tobias Hoffmann,tobias.hoffmann@greengate-hotels.example,Greengate Hotels,self_serve,it_lead,hospitality,DE,sub_1K0CvFBfSdzOjIwzh85yYKVr
ch_3rdZ1PhiXbxniFINQpKWVbEd,2026-09-18 20:13:58,succeeded,599.0,0.0,19.72,579.28,card,,83F1ULP8-0001,subscription_create,6_month,1,cus_aWeF5wlxtp9Url,Emily Anderson,emily.anderson@summitpeak-networks.example,Summitpeak Networks Inc.,self_serve,network_consultant,network_consulting,CA,sub_1Amm408vgKwNwjr8daOYxD8U
ch_3YtyUpoWQv1hfdlqNgmc2Ca1,2026-09-19 10:45:21,succeeded,599.0,0.0,19.72,579.28,card,,COHTBOP5-0001,subscription_create,6_month,1,cus_2T07iqM1tqd7E0,Robert Lee,robert.lee@lumenlink-managed-services.example,Lumenlink Managed Services LLC,self_serve,head_of_wireless,it_services,US,sub_1T7vGL5OsopqFfV1mLb3Gay0
ch_3P1IOOU7FqAp7kMxAmJNIxrE,2026-09-19 11:50:03,succeeded,980.0,0.0,6.35,973.65,sepa_debit,,P3R4Q4S8-0002,subscription_cycle,12_month,1,cus_tQ5EwmJ2VpkUkQ,Thomas Lambert,thomas.lambert@blueport-hotels.example,Blueport Hotels,self_serve,it_lead,hospitality,FR,sub_1e6LFrEcMrA7vGSJkzzQaH2d
ch_3zpyBi19rUChDWKthrGxZHQf,2026-09-19 12:29:14,succeeded,599.0,0.0,9.23,589.77,card,,XR4T4FLB-0001,subscription_create,6_month,1,cus_xsP6CKytQ9IM6U,Lars Strand,lars.strand@brightcore-construction.example,Brightcore Construction AS,self_serve,it_lead,construction,NO,sub_1IhaCq1apF1mzPQEvqXoGtmP
ch_3G5E2BRWHRXvdLGBr409yBC9,2026-09-19 12:46:40,succeeded,980.0,0.0,32.1,947.9,card,,X8J51B2K-0002,subscription_cycle,12_month,1,cus_w8fBblHHuzwQkQ,Matt Parker,matt.parker@crestgate-systems-integration.example,Crestgate Systems Integration LLC,self_serve,head_of_wireless,it_services,US,sub_1iJUGFZJUDKHSYnSrFQvqhQd
ch_3doLG0AsOLDUIx0GSK6VMYtw,2026-09-19 12:55:45,succeeded,980.0,0.0,32.1,947.9,card,,G9W305TU-0002,subscription_cycle,12_month,1,cus_ilPcR6u7za1xli,Josh Campbell,josh.campbell@granitecore-it-solutions.example,Granitecore IT Solutions LLC,self_serve,head_of_wireless,it_services,US,sub_161ivvXocRXoREJjfdC1lyrh
ch_3gZFGWhoVFwObkFkACdgoiIJ,2026-09-19 18:31:30,succeeded,2940.0,0.0,44.35,2895.65,card,,RK680KRX-0004,subscription_cycle,12_month,3,cus_VoJ0ZXk4r94yrR,Jeroen Vos,jeroen.vos@nordicpoint-warehousing.example,Nordicpoint Warehousing BV,self_serve,it_lead,logistics,BE,sub_17Kwn9gl4euxLZcJFeoGi6HI
ch_3c6ilAkLjmJ6jm0kz9Nl6NBF,2026-09-19 19:11:59,succeeded,599.0,0.0,9.23,589.77,card,,9QXMVR4L-0002,subscription_cycle,6_month,1,cus_hS2KLs8CLiKE6S,Daniel Fischer,daniel.fischer@harborfield-networks.example,Harborfield Networks GmbH,self_serve,network_consultant,network_consulting,DE,sub_1oUq8IbCkaejhmnkDBqrTwlv
ch_3OOJEC9zMPAFFlHzFZvmb6mB,2026-09-20 05:29:39,succeeded,1960.0,0.0,6.35,1953.65,sepa_debit,,OS25I73U-0003,subscription_cycle,12_month,2,cus_871CCpPQntBiEr,Juho Lahtinen,juho.lahtinen@lumenlink-technology-group.example,Lumenlink Technology Group Oy,self_serve,head_of_wireless,it_services,FI,sub_1DCEM3KiitkEAheFzLrihGBK
ch_3i7ycGlkjsW5ER4XDOTIAFQS,2026-09-20 15:23:11,succeeded,599.0,0.0,9.23,589.77,card,,ASW95WAM-0002,subscription_cycle,6_month,1,cus_7jIiS8xjV0sQSG,Johan Lindqvist,johan.lindqvist@inbox.example,,self_serve,network_consultant,network_consulting,SE,sub_1vGt5THfHxTOltqFZAqWb0xh
ch_3SiTWxnClJPGCK9q8gn6c151,2026-09-21 14:02:22,succeeded,1797.0,0.0,58.65,1738.35,card,,E8M46DKQ-0003,subscription_cycle,6_month,3,cus_rjBjiWMtCz70o1,Sarah Edwards,sarah.edwards@alpinewave-logistics.example,Alpinewave Logistics LLC,self_serve,it_lead,logistics,US,sub_1NXn9bexAgnzyOtFBYAN5e2m
ch_3vdCTN4T8fc4wZX3xmNEs09h,2026-09-21 15:40:22,succeeded,3594.0,0.0,117.05,3476.95,card,,CU7J3KAO-0006,subscription_cycle,6_month,6,cus_ChUdVmD3Id1SRi,Nicole Baker,nicole.baker@novaline-retail-group.example,Novaline Retail Group,self_serve,it_lead,retail,US,sub_1SgFtb5yfaUGZPsrtqM5oGRI
ch_3qQRWO6yB8WDIrEB0DlAF6AT,2026-09-22 12:45:54,succeeded,599.0,0.0,19.72,579.28,card,,NO42J59H-0003,subscription_cycle,6_month,1,cus_a0jSZS4ihHWITF,Robert Jackson,robert.jackson@apexlink-schools.example,Apexlink Schools Pty Ltd,self_serve,it_lead,education,AU,sub_1zzM8wduccbYUaUrdlusf9f3
ch_3W0ML1PxUFbIjeDrIuqccNpw,2026-09-22 13:38:39,succeeded,980.0,0.0,32.1,947.9,card,,Q80Y8RBI-0004,subscription_cycle,12_month,1,cus_loVKhdnVuTrGGx,Brian Davis,brian.davis@mailbox.example,,self_serve,network_consultant,network_consulting,US,sub_16KZk4erBPut6fBcOIwAfhHK
ch_3r32TZGYvOnHkazsG76LxUmg,2026-09-22 14:07:04,succeeded,980.0,0.0,14.95,965.05,card,,LU3G5T3V-0001,subscription_create,12_month,1,cus_6VW2dfGO4F9eek,Ola Andersson,ola.andersson@deltabridge-networks.example,Deltabridge Networks AB,self_serve,network_consultant,network_consulting,SE,sub_1RjJHWWbypvcA4nzs2Vz5AWx
ch_3lOLwYz3JM9FPNXvg7ccprne,2026-09-22 14:51:25,succeeded,1960.0,0.0,63.95,1896.05,card,,NDGW2ZTE-0006,subscription_cycle,12_month,2,cus_o3s9j1UHQy285e,Ahmed Miller,ahmed.miller@signalport-wireless-engineering.example,Signalport Wireless Engineering LLC,self_serve,head_of_wireless,network_consulting,US,sub_1WvAX6sBOOg31zbMcaBQplt3
ch_3Z02136rPRCpFu7HVShbkwJO,2026-09-23 14:10:32,succeeded,2940.0,0.0,44.35,2895.65,card,,SC3JCP0H-0007,subscription_cycle,12_month,3,cus_TiK9D6OAmKewae,Alessandro Gallo,alessandro.gallo@cedargate-warehousing.example,Cedargate Warehousing S.r.l.,self_serve,it_lead,logistics,IT,sub_1wuDtZG0HNrRMzqjYvmIUIod
ch_3tZHDmmf1lwcIpVTorg39HkS,2026-09-23 16:14:45,succeeded,2940.0,0.0,95.8,2844.2,card,,MKYQHVDK-0003,subscription_cycle,12_month,3,cus_LFo8kMqVAkzJZc,Chris Anderson,chris.anderson@atlasworks-managed-services.example,Atlasworks Managed Services,self_serve,head_of_wireless,it_services,US,sub_1stT84ctjuFeLzwFE7JifHdo
ch_3kq8JQ7hbzrwXBSWdnkG0HQA,2026-09-24 12:03:53,succeeded,599.0,0.0,9.23,589.77,card,,X4V83Y9L-0002,subscription_cycle,6_month,1,cus_0Opekp7FgGlmza,Sophie Laurent,sophie.laurent@summitworks-warehousing.example,Summitworks Warehousing SAS,self_serve,it_lead,logistics,FR,sub_1A0uxg4cBbTxObEIP2VWrOCw
ch_3Xdbff2OZpDroh7uvpWWhwpc,2026-09-24 16:29:48,succeeded,1960.0,0.0,29.65,1930.35,card,,JX4XVFF8-0002,subscription_cycle,12_month,2,cus_9PYDRazbrqXSL2,Sami Niemi,sami.niemi@niemi-wireless-consulting.example,Niemi Wireless Consulting Oy,self_serve,network_consultant,network_consulting,FI,sub_1mDC3TwPQJW4h0r8fZcifovr
ch_3UCx6suHW6v5F2QYZLoiOHqT,2026-09-25 11:35:55,succeeded,980.0,0.0,14.95,965.05,card,,FVUKF5QH-0004,subscription_cycle,12_month,1,cus_rl0VRZGyMYjJ7a,Michael Schulz,michael.schulz@greenfield-logistics.example,Greenfield Logistics,self_serve,it_lead,logistics,DE,sub_17fKEnOPDs52IA2TuSwgXNrE
ch_3NQjdTWi7P7PHCOjiJSwhSs5,2026-09-25 11:38:02,succeeded,599.0,0.0,19.72,579.28,card,,FDL7AI3N-0001,subscription_create,6_month,1,cus_KuiIJ0GlRL5jQ6,Raj Edwards,raj.edwards@postbox.example,,self_serve,network_consultant,network_consulting,CA,sub_1YR30vxyGLO8JhrHpLp2kU6F
ch_3anT7iLLXB1c2qOvSY1oEoj6,2026-09-25 13:03:12,succeeded,980.0,0.0,24.75,955.25,card,,8J44AJ56-0001,subscription_create,12_month,1,cus_NvWNtvoptaUllG,Raj Wright,raj.wright@polarwave-it-solutions.example,Polarwave IT Solutions,self_serve,head_of_wireless,it_services,GB,sub_1OrxfVWtbqaCM9taRhQNaWX0
ch_31vNxfPOs0rBaW155RDb5JQE,2026-09-25 14:03:50,succeeded,599.0,0.0,19.72,579.28,card,,1UP65G1T-0001,subscription_create,6_month,1,cus_K4siUnXqf8btfY,Jessica Scott,jessica.scott@brightpoint-managed-services.example,Brightpoint Managed Services LLC,self_serve,head_of_wireless,it_services,US,sub_1cEEolLV3s6HLoEGEvDvsXZf
ch_38Y0p6bdRanicHBxecJyLvai,2026-09-25 15:23:21,succeeded,980.0,0.0,32.1,947.9,card,,RJWK97ZR-0001,subscription_create,12_month,1,cus_r6n5jMThTx1RR2,Ryan Lee,ryan.lee@greencore-warehousing.example,Greencore Warehousing,self_serve,it_lead,logistics,US,sub_1oqX4memRI2e0ZupqpICwkqb
ch_3tFewr8XgDZDOqSIts9DJTJH,2026-09-26 10:02:12,succeeded,980.0,0.0,32.1,947.9,card,,X9FUR32J-0001,subscription_create,12_month,1,cus_uOv2Dbt0pwp0Cl,Olivia Martin,olivia.martin@nordiclink-hotels.example,Nordiclink Hotels,self_serve,it_lead,hospitality,US,sub_1KemZqaMiH9yaDoWqX0r1nB7
ch_3qma8ayiZAn2asLQmEasOkpF,2026-09-26 14:52:15,succeeded,980.0,0.0,32.1,947.9,card,,5VMH3FDF-0003,subscription_cycle,12_month,1,cus_MBGffLzYn5a6ws,Tom Thomas,tom.thomas@deltagate-wireless-engineering.example,Deltagate Wireless Engineering LLC,self_serve,head_of_wireless,network_consulting,US,sub_1BkBcNrcqnKKKeTaYw691Mnc
ch_3IJfyAAqqbMOzDCqT7StaXee,2026-09-27 16:19:32,succeeded,980.0,0.0,6.35,973.65,sepa_debit,,0FN9Z83Z-0004,subscription_cycle,12_month,1,cus_IpN5tpUldFEXGJ,Sara Eriksson,sara.eriksson@polargate-wireless.example,Polargate Wireless AB,self_serve,network_consultant,network_consulting,SE,sub_1Xw40MWXYkYIMuHW6nhHw3wG
ch_39Vg1cM7UOpxrNghPBH9jroT,2026-09-28 13:05:54,succeeded,980.0,0.0,14.95,965.05,card,,YC5CU4WQ-0001,subscription_create,12_month,1,cus_aX9It19vGGg2yd,Andrea Gallo,andrea.gallo@pinemark-rf-consulting.example,Pinemark RF Consulting S.r.l.,self_serve,network_consultant,network_consulting,IT,sub_1Zmd1CIHXl4cil2mFpo0EIqx
ch_3sInbmqzhfDW7wjyxhMBAukA,2026-09-28 16:01:15,succeeded,980.0,0.0,32.1,947.9,card,,65A3A4L0-0002,subscription_cycle,12_month,1,cus_mNIaUh01fVfXvl,Tom Lee,tom.lee@lee-network-services.example,Lee Network Services LLC,self_serve,network_consultant,network_consulting,US,sub_19prxPo7ObS36v1nKG77XOqD
ch_3OVYlEjB6Q069rBXD4MwDTqx,2026-09-29 06:01:18,succeeded,599.0,0.0,15.23,583.77,card,,9BAOGRJ7-0001,subscription_create,6_month,1,cus_VGSgV5KQbRN5oY,Raj Kim,raj.kim2@kim-wireless-consulting.example,Kim Wireless Consulting,self_serve,network_consultant,network_consulting,GB,sub_1WgdHG32KE9MXQdWgUrb2s4h
py_3A8js6jJPPyRLpqFp2b7zu3O,2026-09-29 19:00:55,succeeded,1198.0,0.0,5.0,1193.0,bank_transfer,,7AC6A43S-0002,subscription_cycle,6_month,2,cus_EuNgX7QhrGbp7S,Bjørn Olsen,bjorn.olsen@cedarpath-properties.example,Cedarpath Properties,self_serve,it_lead,real_estate,NO,sub_1o3qM3A0UgCD15BbBEZomiGe
ch_388UGecHZKkPJK5S3zsD8Tib,2026-09-29 23:57:32,succeeded,980.0,0.0,32.1,947.9,card,,G827S9DD-0001,subscription_create,12_month,1,cus_r0Wid07XO9P4bS,Nicole Kim,nicole.kim@kim-network-services.example,Kim Network Services,self_serve,network_consultant,network_consulting,CA,sub_1NDNJS0ub5CcZ1nAvYTHsxYd
ch_3tZPK486OLUliUra7umghiND,2026-09-30 07:02:15,succeeded,980.0,0.0,14.95,965.05,card,,3EPPSRW3-0001,subscription_create,12_month,1,cus_iw0TJTpZX472gk,David Torres,david.torres@summitline-rf-consulting.example,Summitline RF Consulting,self_serve,network_consultant,network_consulting,ES,sub_1JY1kqkmkSd6h5oOajpDB2zU
ch_3cKVku75hgnvlSF2DEqk5DLS,2026-09-30 07:45:38,succeeded,980.0,0.0,14.95,965.05,card,,EHUJ937O-0001,subscription_create,12_month,1,cus_7ltZaT0cmbFyrK,Bjørn Pedersen,bjorn.pedersen@clearline-logistics.example,Clearline Logistics,self_serve,it_lead,logistics,NO,sub_1BbU79hOnxZRALaUoklVbIyX
ch_3j9BgT0OFyfvtPQeuj0o5WGT,2026-09-30 08:48:13,succeeded,599.0,0.0,19.72,579.28,card,,1Q70R70L-0002,subscription_cycle,6_month,1,cus_gGqmZdfPi0oCQr,Brian Lee,brian.lee@novapeak-media.example,Novapeak Media,self_serve,it_lead,media,US,sub_19IUKAcIuBp8VYpOrzpYcY28
ch_3njO8maQLUxNiNpDbsEtGAoj,2026-09-30 09:09:58,succeeded,980.0,0.0,24.75,955.25,card,,2NG2970N-0002,subscription_cycle,12_month,1,cus_Wxb0kzRlaWtZKV,Megan Evans,megan.evans@orbitgate-wireless-engineering.example,Orbitgate Wireless Engineering Ltd,self_serve,head_of_wireless,network_consulting,GB,sub_1ecfYt3a5ISGJswIJmWVGJjR
ch_3OVC2QuUsG4OjJFPIif8EeG5,2026-09-30 11:09:11,succeeded,980.0,0.0,14.95,965.05,card,,KCW5WUDU-0001,subscription_create,12_month,1,cus_slw6woDUFK1KcG,Marko Virtanen,marko.virtanen@lumenstream-rf-consulting.example,Lumenstream RF Consulting,self_serve,network_consultant,network_consulting,FI,sub_18NREfTZQyBXZBO7MDRoqXnr
ch_3R9loG7LlST8mMOasmEjGHwA,2026-09-30 13:08:10,succeeded,980.0,0.0,14.95,965.05,card,,NNDSI4IE-0002,subscription_cycle,12_month,1,cus_r7AiqnTbG6c8vH,María Ruiz,maria.ruiz@pinepeak-hotels.example,Pinepeak Hotels S.L.,self_serve,it_lead,hospitality,ES,sub_1mut6mocdkNq90vHaiSlv6CL
